ISO-10303-21;
HEADER;
FILE_DESCRIPTION(('FreeCAD Model'),'2;1');
FILE_NAME('Open CASCADE Shape Model','2026-09-30T13:01:25',('FreeCAD'),(
    'FreeCAD'),'Open CASCADE STEP processor 7.8','FreeCAD','Unknown');
FILE_SCHEMA(('AUTOMOTIVE_DESIGN { 1 0 10303 214 1 1 1 1 }'));
ENDSEC;
DATA;
#1 = APPLICATION_PROTOCOL_DEFINITION('international standard',
  'automotive_design',2000,#2);
#2 = APPLICATION_CONTEXT(
  'core data for automotive mechanical design processes');
#3 = SHAPE_DEFINITION_REPRESENTATION(#4,#10);
#4 = PRODUCT_DEFINITION_SHAPE('','',#5);
#5 = PRODUCT_DEFINITION('design','',#6,#9);
#6 = PRODUCT_DEFINITION_FORMATION('','',#7);
#7 = PRODUCT('Open CASCADE STEP translator 7.8 47',
  'Open CASCADE STEP translator 7.8 47','',(#8));
#8 = PRODUCT_CONTEXT('',#2,'mechanical');
#9 = PRODUCT_DEFINITION_CONTEXT('part definition',#2,'design');
#10 = ADVANCED_BREP_SHAPE_REPRESENTATION('',(#11,#15),#4581);
#11 = AXIS2_PLACEMENT_3D('',#12,#13,#14);
#12 = CARTESIAN_POINT('',(0.,0.,0.));
#13 = DIRECTION('',(0.,0.,1.));
#14 = DIRECTION('',(1.,0.,-0.));
#15 = MANIFOLD_SOLID_BREP('',#16);
#16 = CLOSED_SHELL('',(#17,#59,#574,#599,#624,#1123,#1140,#1157,#1258,
    #1275,#1339,#1356,#1436,#1453,#1541,#1558,#1575,#1676,#1693,#1755,
    #1772,#1821,#1847,#1932,#1957,#2045,#2069,#2086,#2111,#2128,#2163,
    #2180,#2229,#2254,#2289,#2313,#2338,#2363,#2388,#2412,#2437,#2462,
    #2509,#2544,#2561,#2578,#2603,#2620,#2644,#2661,#2686,#2703,#2728,
    #2777,#2795,#2857,#2924,#2988,#3050,#3085,#3111,#3136,#3160,#3185,
    #3210,#3234,#3269,#3294,#3329,#3354,#3378,#3403,#3428,#3452,#3477,
    #3502,#3520,#3545,#3563,#3619,#3654,#3718,#3737,#3774,#3818,#3869,
    #3903,#3917,#3968,#4002,#4062,#4079,#4116,#4162,#4187,#4225,#4274,
    #4295,#4361,#4380,#4427,#4452,#4491,#4508,#4525,#4541,#4557,#4569));
#17 = ADVANCED_FACE('',(#18),#54,.T.);
#18 = FACE_BOUND('',#19,.F.);
#19 = EDGE_LOOP('',(#20,#31,#39,#48));
#20 = ORIENTED_EDGE('',*,*,#21,.F.);
#21 = EDGE_CURVE('',#22,#24,#26,.T.);
#22 = VERTEX_POINT('',#23);
#23 = CARTESIAN_POINT('',(-16.,13.377671379323,-5.833333333333));
#24 = VERTEX_POINT('',#25);
#25 = CARTESIAN_POINT('',(-16.,13.676470588235,-6.228353517845));
#26 = CIRCLE('',#27,10.);
#27 = AXIS2_PLACEMENT_3D('',#28,#29,#30);
#28 = CARTESIAN_POINT('',(-16.,21.5,-2.48689957516E-14));
#29 = DIRECTION('',(1.,1.998401444325E-15,4.996003610813E-15));
#30 = DIRECTION('',(-1.998401444325E-15,1.,-4.996003610813E-15));
#31 = ORIENTED_EDGE('',*,*,#32,.T.);
#32 = EDGE_CURVE('',#22,#33,#35,.T.);
#33 = VERTEX_POINT('',#34);
#34 = CARTESIAN_POINT('',(16.,13.377671379323,-5.833333333333));
#35 = LINE('',#36,#37);
#36 = CARTESIAN_POINT('',(-16.,13.377671379323,-5.833333333333));
#37 = VECTOR('',#38,1.);
#38 = DIRECTION('',(1.,-2.886579864025E-15,-5.551115123126E-16));
#39 = ORIENTED_EDGE('',*,*,#40,.T.);
#40 = EDGE_CURVE('',#33,#41,#43,.T.);
#41 = VERTEX_POINT('',#42);
#42 = CARTESIAN_POINT('',(16.,13.676470588235,-6.228353517845));
#43 = CIRCLE('',#44,10.);
#44 = AXIS2_PLACEMENT_3D('',#45,#46,#47);
#45 = CARTESIAN_POINT('',(16.,21.5,-1.882938249764E-13));
#46 = DIRECTION('',(1.,1.998401444325E-15,4.996003610813E-15));
#47 = DIRECTION('',(-1.998401444325E-15,1.,-4.996003610813E-15));
#48 = ORIENTED_EDGE('',*,*,#49,.T.);
#49 = EDGE_CURVE('',#41,#24,#50,.T.);
#50 = LINE('',#51,#52);
#51 = CARTESIAN_POINT('',(16.,13.676470588235,-6.228353517845));
#52 = VECTOR('',#53,1.);
#53 = DIRECTION('',(-1.,1.7763568394E-15,-1.221245327088E-15));
#54 = CYLINDRICAL_SURFACE('',#55,10.);
#55 = AXIS2_PLACEMENT_3D('',#56,#57,#58);
#56 = CARTESIAN_POINT('',(-16.,21.5,-9.020562075079E-14));
#57 = DIRECTION('',(-1.,3.552713678801E-15,5.551115123126E-16));
#58 = DIRECTION('',(-1.7763568394E-15,1.,-4.773959005888E-15));
#59 = ADVANCED_FACE('',(#60),#569,.T.);
#60 = FACE_BOUND('',#61,.T.);
#61 = EDGE_LOOP('',(#62,#63,#72,#80,#89,#98,#107,#115,#124,#133,#142,
    #151,#160,#169,#178,#186,#195,#204,#212,#221,#230,#239,#247,#256,
    #265,#274,#283,#291,#300,#309,#318,#326,#335,#344,#352,#361,#370,
    #378,#387,#396,#405,#413,#422,#431,#440,#449,#457,#466,#475,#484,
    #492,#501,#510,#518,#527,#536,#545,#554,#562));
#62 = ORIENTED_EDGE('',*,*,#21,.F.);
#63 = ORIENTED_EDGE('',*,*,#64,.T.);
#64 = EDGE_CURVE('',#22,#65,#67,.T.);
#65 = VERTEX_POINT('',#66);
#66 = CARTESIAN_POINT('',(-16.,11.753205655189,-5.));
#67 = CIRCLE('',#68,2.);
#68 = AXIS2_PLACEMENT_3D('',#69,#70,#71);
#69 = CARTESIAN_POINT('',(-16.,11.753205655189,-7.));
#70 = DIRECTION('',(1.,1.554312234475E-15,3.885780586188E-15));
#71 = DIRECTION('',(-1.554312234475E-15,1.,-3.885780586188E-15));
#72 = ORIENTED_EDGE('',*,*,#73,.T.);
#73 = EDGE_CURVE('',#65,#74,#76,.T.);
#74 = VERTEX_POINT('',#75);
#75 = CARTESIAN_POINT('',(-16.,-11.75320565518,-5.));
#76 = LINE('',#77,#78);
#77 = CARTESIAN_POINT('',(-16.,1.,-5.));
#78 = VECTOR('',#79,1.);
#79 = DIRECTION('',(3.330669073875E-16,-1.,8.881784197001E-16));
#80 = ORIENTED_EDGE('',*,*,#81,.F.);
#81 = EDGE_CURVE('',#82,#74,#84,.T.);
#82 = VERTEX_POINT('',#83);
#83 = CARTESIAN_POINT('',(-16.,-13.37767137932,-5.833333333333));
#84 = CIRCLE('',#85,2.);
#85 = AXIS2_PLACEMENT_3D('',#86,#87,#88);
#86 = CARTESIAN_POINT('',(-16.,-11.75320565518,-7.));
#87 = DIRECTION('',(-1.,-7.771561172376E-16,-1.665334536938E-15));
#88 = DIRECTION('',(7.771561172376E-16,-1.,1.33226762955E-15));
#89 = ORIENTED_EDGE('',*,*,#90,.T.);
#90 = EDGE_CURVE('',#82,#91,#93,.T.);
#91 = VERTEX_POINT('',#92);
#92 = CARTESIAN_POINT('',(-16.,-13.67647058823,-6.228353517845));
#93 = CIRCLE('',#94,10.);
#94 = AXIS2_PLACEMENT_3D('',#95,#96,#97);
#95 = CARTESIAN_POINT('',(-16.,-21.5,6.039613253961E-14));
#96 = DIRECTION('',(-1.,-7.771561172376E-16,-1.665334536938E-15));
#97 = DIRECTION('',(7.771561172376E-16,-1.,1.33226762955E-15));
#98 = ORIENTED_EDGE('',*,*,#99,.F.);
#99 = EDGE_CURVE('',#100,#91,#102,.T.);
#100 = VERTEX_POINT('',#101);
#101 = CARTESIAN_POINT('',(-16.,-16.35,-5.294100490168));
#102 = CIRCLE('',#103,1.5);
#103 = AXIS2_PLACEMENT_3D('',#104,#105,#106);
#104 = CARTESIAN_POINT('',(-16.,-14.85,-5.294100490168));
#105 = DIRECTION('',(1.,-5.551115123126E-16,-1.110223024625E-16));
#106 = DIRECTION('',(5.551115123126E-16,1.,-1.110223024625E-16));
#107 = ORIENTED_EDGE('',*,*,#108,.F.);
#108 = EDGE_CURVE('',#109,#100,#111,.T.);
#109 = VERTEX_POINT('',#110);
#110 = CARTESIAN_POINT('',(-16.,-16.35,-2.965905292183));
#111 = LINE('',#112,#113);
#112 = CARTESIAN_POINT('',(-16.,-16.35,2.225075424328));
#113 = VECTOR('',#114,1.);
#114 = DIRECTION('',(1.498261335132E-15,-1.110223024625E-16,-1.));
#115 = ORIENTED_EDGE('',*,*,#116,.T.);
#116 = EDGE_CURVE('',#109,#117,#119,.T.);
#117 = VERTEX_POINT('',#118);
#118 = CARTESIAN_POINT('',(-16.,-16.40222571996,-2.743423395969));
#119 = CIRCLE('',#120,0.5);
#120 = AXIS2_PLACEMENT_3D('',#121,#122,#123);
#121 = CARTESIAN_POINT('',(-16.,-16.85,-2.965905292183));
#122 = DIRECTION('',(1.,8.628166150855E-32,3.330669073875E-16));
#123 = DIRECTION('',(2.465190328816E-32,1.,-3.330669073875E-16));
#124 = ORIENTED_EDGE('',*,*,#125,.T.);
#125 = EDGE_CURVE('',#117,#126,#128,.T.);
#126 = VERTEX_POINT('',#127);
#127 = CARTESIAN_POINT('',(-16.,-18.17468788925,4.738773460065));
#128 = CIRCLE('',#129,5.789099631177);
#129 = AXIS2_PLACEMENT_3D('',#130,#131,#132);
#130 = CARTESIAN_POINT('',(-16.,-21.5,1.842970220878E-14));
#131 = DIRECTION('',(1.,1.110223024625E-16,1.110223024625E-16));
#132 = DIRECTION('',(-1.110223024625E-16,-1.972152263053E-31,1.));
#133 = ORIENTED_EDGE('',*,*,#134,.T.);
#134 = EDGE_CURVE('',#126,#135,#137,.T.);
#135 = VERTEX_POINT('',#136);
#136 = CARTESIAN_POINT('',(-16.,-18.58217983081,5.));
#137 = CIRCLE('',#138,5.789099631177);
#138 = AXIS2_PLACEMENT_3D('',#139,#140,#141);
#139 = CARTESIAN_POINT('',(-16.,-21.5,1.842970220878E-14));
#140 = DIRECTION('',(1.,1.110223024625E-16,1.110223024625E-16));
#141 = DIRECTION('',(-1.110223024625E-16,-1.972152263053E-31,1.));
#142 = ORIENTED_EDGE('',*,*,#143,.T.);
#143 = EDGE_CURVE('',#135,#144,#146,.T.);
#144 = VERTEX_POINT('',#145);
#145 = CARTESIAN_POINT('',(-16.,-21.5,5.789099631177));
#146 = CIRCLE('',#147,5.789099631177);
#147 = AXIS2_PLACEMENT_3D('',#148,#149,#150);
#148 = CARTESIAN_POINT('',(-16.,-21.5,1.842970220878E-14));
#149 = DIRECTION('',(1.,1.110223024625E-16,1.110223024625E-16));
#150 = DIRECTION('',(-1.110223024625E-16,-1.972152263053E-31,1.));
#151 = ORIENTED_EDGE('',*,*,#152,.T.);
#152 = EDGE_CURVE('',#144,#153,#155,.T.);
#153 = VERTEX_POINT('',#154);
#154 = CARTESIAN_POINT('',(-16.,-27.25649411481,-0.613555250832));
#155 = CIRCLE('',#156,5.789099631177);
#156 = AXIS2_PLACEMENT_3D('',#157,#158,#159);
#157 = CARTESIAN_POINT('',(-16.,-21.5,1.842970220878E-14));
#158 = DIRECTION('',(1.,1.110223024625E-16,1.110223024625E-16));
#159 = DIRECTION('',(-1.110223024625E-16,-1.972152263053E-31,1.));
#160 = ORIENTED_EDGE('',*,*,#161,.T.);
#161 = EDGE_CURVE('',#153,#162,#164,.T.);
#162 = VERTEX_POINT('',#163);
#163 = CARTESIAN_POINT('',(-16.,-26.59777428003,-2.743423395969));
#164 = CIRCLE('',#165,5.789099631177);
#165 = AXIS2_PLACEMENT_3D('',#166,#167,#168);
#166 = CARTESIAN_POINT('',(-16.,-21.5,1.842970220878E-14));
#167 = DIRECTION('',(1.,1.110223024625E-16,1.110223024625E-16));
#168 = DIRECTION('',(-1.110223024625E-16,-1.972152263053E-31,1.));
#169 = ORIENTED_EDGE('',*,*,#170,.T.);
#170 = EDGE_CURVE('',#162,#171,#173,.T.);
#171 = VERTEX_POINT('',#172);
#172 = CARTESIAN_POINT('',(-16.,-26.65,-2.965905292183));
#173 = CIRCLE('',#174,0.5);
#174 = AXIS2_PLACEMENT_3D('',#175,#176,#177);
#175 = CARTESIAN_POINT('',(-16.,-26.15,-2.965905292183));
#176 = DIRECTION('',(1.,8.628166150855E-32,3.330669073875E-16));
#177 = DIRECTION('',(2.465190328816E-32,1.,-3.330669073875E-16));
#178 = ORIENTED_EDGE('',*,*,#179,.F.);
#179 = EDGE_CURVE('',#180,#171,#182,.T.);
#180 = VERTEX_POINT('',#181);
#181 = CARTESIAN_POINT('',(-16.,-26.65,-5.294100490168));
#182 = LINE('',#183,#184);
#183 = CARTESIAN_POINT('',(-16.,-26.65,2.225075424328));
#184 = VECTOR('',#185,1.);
#185 = DIRECTION('',(-1.498261335132E-15,1.110223024625E-16,1.));
#186 = ORIENTED_EDGE('',*,*,#187,.F.);
#187 = EDGE_CURVE('',#188,#180,#190,.T.);
#188 = VERTEX_POINT('',#189);
#189 = CARTESIAN_POINT('',(-16.,-29.32352941176,-6.228353517845));
#190 = CIRCLE('',#191,1.5);
#191 = AXIS2_PLACEMENT_3D('',#192,#193,#194);
#192 = CARTESIAN_POINT('',(-16.,-28.15,-5.294100490168));
#193 = DIRECTION('',(1.,-5.551115123126E-16,-1.110223024625E-16));
#194 = DIRECTION('',(5.551115123126E-16,1.,-1.110223024625E-16));
#195 = ORIENTED_EDGE('',*,*,#196,.T.);
#196 = EDGE_CURVE('',#188,#197,#199,.T.);
#197 = VERTEX_POINT('',#198);
#198 = CARTESIAN_POINT('',(-16.,-31.08019279596,-2.867037842804));
#199 = CIRCLE('',#200,10.);
#200 = AXIS2_PLACEMENT_3D('',#201,#202,#203);
#201 = CARTESIAN_POINT('',(-16.,-21.5,6.039613253961E-14));
#202 = DIRECTION('',(-1.,-7.771561172376E-16,-1.665334536938E-15));
#203 = DIRECTION('',(7.771561172376E-16,-1.,1.33226762955E-15));
#204 = ORIENTED_EDGE('',*,*,#205,.F.);
#205 = EDGE_CURVE('',#206,#197,#208,.T.);
#206 = VERTEX_POINT('',#207);
#207 = CARTESIAN_POINT('',(-16.,-39.68678004736,25.89183096342));
#208 = LINE('',#209,#210);
#209 = CARTESIAN_POINT('',(-16.,-39.68678004736,25.89183096342));
#210 = VECTOR('',#211,1.);
#211 = DIRECTION('',(1.372608993576E-15,0.28670378428,-0.958019279597));
#212 = ORIENTED_EDGE('',*,*,#213,.T.);
#213 = EDGE_CURVE('',#206,#214,#216,.T.);
#214 = VERTEX_POINT('',#215);
#215 = CARTESIAN_POINT('',(-16.,-39.98064509018,27.898757453383));
#216 = CIRCLE('',#217,7.);
#217 = AXIS2_PLACEMENT_3D('',#218,#219,#220);
#218 = CARTESIAN_POINT('',(-16.,-32.98064509018,27.898757453383));
#219 = DIRECTION('',(-1.,-7.771561172376E-16,-1.665334536938E-15));
#220 = DIRECTION('',(7.771561172376E-16,-1.,1.33226762955E-15));
#221 = ORIENTED_EDGE('',*,*,#222,.T.);
#222 = EDGE_CURVE('',#214,#223,#225,.T.);
#223 = VERTEX_POINT('',#224);
#224 = CARTESIAN_POINT('',(-16.,-32.50562562725,34.882621463359));
#225 = CIRCLE('',#226,7.);
#226 = AXIS2_PLACEMENT_3D('',#227,#228,#229);
#227 = CARTESIAN_POINT('',(-16.,-32.98064509018,27.898757453383));
#228 = DIRECTION('',(-1.,-7.771561172376E-16,-1.665334536938E-15));
#229 = DIRECTION('',(7.771561172376E-16,-1.,1.33226762955E-15));
#230 = ORIENTED_EDGE('',*,*,#231,.F.);
#231 = EDGE_CURVE('',#232,#223,#234,.T.);
#232 = VERTEX_POINT('',#233);
#233 = CARTESIAN_POINT('',(-16.,-31.75433350624,33.31135016844));
#234 = CIRCLE('',#235,1.);
#235 = AXIS2_PLACEMENT_3D('',#236,#237,#238);
#236 = CARTESIAN_POINT('',(-16.,-32.57348555053,33.884926604791));
#237 = DIRECTION('',(1.,-1.110223024625E-16,3.330669073875E-16));
#238 = DIRECTION('',(-1.110223024625E-16,-1.,6.661338147751E-16));
#239 = ORIENTED_EDGE('',*,*,#240,.T.);
#240 = EDGE_CURVE('',#232,#241,#243,.T.);
#241 = VERTEX_POINT('',#242);
#242 = CARTESIAN_POINT('',(-16.,-33.44422137262,30.897940180454));
#243 = LINE('',#244,#245);
#244 = CARTESIAN_POINT('',(-16.,-36.39451551382,26.684483483394));
#245 = VECTOR('',#246,1.);
#246 = DIRECTION('',(-1.546239226258E-16,-0.573576436351,-0.819152044289
    ));
#247 = ORIENTED_EDGE('',*,*,#248,.F.);
#248 = EDGE_CURVE('',#249,#241,#251,.T.);
#249 = VERTEX_POINT('',#250);
#250 = CARTESIAN_POINT('',(-16.,-33.72539264409,30.70149737727));
#251 = CIRCLE('',#252,0.5);
#252 = AXIS2_PLACEMENT_3D('',#253,#254,#255);
#253 = CARTESIAN_POINT('',(-16.,-33.85379739476,31.18472839863));
#254 = DIRECTION('',(1.,-1.110223024625E-16,3.330669073875E-16));
#255 = DIRECTION('',(-1.110223024625E-16,-1.,6.661338147751E-16));
#256 = ORIENTED_EDGE('',*,*,#257,.T.);
#257 = EDGE_CURVE('',#249,#258,#260,.T.);
#258 = VERTEX_POINT('',#259);
#259 = CARTESIAN_POINT('',(-16.,-35.77236089102,28.683819799523));
#260 = CIRCLE('',#261,2.9);
#261 = AXIS2_PLACEMENT_3D('',#262,#263,#264);
#262 = CARTESIAN_POINT('',(-16.,-32.98064509018,27.898757453383));
#263 = DIRECTION('',(1.,-1.110223024625E-16,3.330669073875E-16));
#264 = DIRECTION('',(-1.970417254365E-16,-0.96266062098,0.270711153841)
  );
#265 = ORIENTED_EDGE('',*,*,#266,.T.);
#266 = EDGE_CURVE('',#258,#267,#269,.T.);
#267 = VERTEX_POINT('',#268);
#268 = CARTESIAN_POINT('',(-16.,-30.09221240059,28.157517183101));
#269 = CIRCLE('',#270,2.9);
#270 = AXIS2_PLACEMENT_3D('',#271,#272,#273);
#271 = CARTESIAN_POINT('',(-16.,-32.98064509018,27.898757453383));
#272 = DIRECTION('',(1.,-1.110223024625E-16,3.330669073875E-16));
#273 = DIRECTION('',(-1.970417254365E-16,-0.96266062098,0.270711153841)
  );
#274 = ORIENTED_EDGE('',*,*,#275,.F.);
#275 = EDGE_CURVE('',#276,#267,#278,.T.);
#276 = VERTEX_POINT('',#277);
#277 = CARTESIAN_POINT('',(-16.,-30.0037827866,28.48891914778));
#278 = CIRCLE('',#279,0.5);
#279 = AXIS2_PLACEMENT_3D('',#280,#281,#282);
#280 = CARTESIAN_POINT('',(-16.,-29.59420676446,28.202130929605));
#281 = DIRECTION('',(1.,-1.110223024625E-16,3.330669073875E-16));
#282 = DIRECTION('',(-1.110223024625E-16,-1.,6.661338147751E-16));
#283 = ORIENTED_EDGE('',*,*,#284,.T.);
#284 = EDGE_CURVE('',#276,#285,#287,.T.);
#285 = VERTEX_POINT('',#286);
#286 = CARTESIAN_POINT('',(-16.,-28.31389492022,30.902329135766));
#287 = LINE('',#288,#289);
#288 = CARTESIAN_POINT('',(-16.,-32.9540769278,24.27546245072));
#289 = VECTOR('',#290,1.);
#290 = DIRECTION('',(1.546239226258E-16,0.573576436351,0.819152044289));
#291 = ORIENTED_EDGE('',*,*,#292,.F.);
#292 = EDGE_CURVE('',#293,#285,#295,.T.);
#293 = VERTEX_POINT('',#294);
#294 = CARTESIAN_POINT('',(-16.,-26.58042584023,30.733751907086));
#295 = CIRCLE('',#296,1.);
#296 = AXIS2_PLACEMENT_3D('',#297,#298,#299);
#297 = CARTESIAN_POINT('',(-16.,-27.49474287594,30.328752699415));
#298 = DIRECTION('',(1.,-1.110223024625E-16,3.330669073875E-16));
#299 = DIRECTION('',(-1.110223024625E-16,-1.,6.661338147751E-16));
#300 = ORIENTED_EDGE('',*,*,#301,.T.);
#301 = EDGE_CURVE('',#293,#302,#304,.T.);
#302 = VERTEX_POINT('',#303);
#303 = CARTESIAN_POINT('',(-16.,-27.30657875976,23.799370758039));
#304 = CIRCLE('',#305,7.);
#305 = AXIS2_PLACEMENT_3D('',#306,#307,#308);
#306 = CARTESIAN_POINT('',(-16.,-32.98064509018,27.898757453383));
#307 = DIRECTION('',(-1.,-7.771561172376E-16,-1.665334536938E-15));
#308 = DIRECTION('',(7.771561172376E-16,-1.,1.33226762955E-15));
#309 = ORIENTED_EDGE('',*,*,#310,.F.);
#310 = EDGE_CURVE('',#311,#302,#313,.T.);
#311 = VERTEX_POINT('',#312);
#312 = CARTESIAN_POINT('',(-16.,-27.01953928429,19.944813930137));
#313 = CIRCLE('',#314,3.);
#314 = AXIS2_PLACEMENT_3D('',#315,#316,#317);
#315 = CARTESIAN_POINT('',(-16.,-24.87483604672,22.042490745748));
#316 = DIRECTION('',(-1.,-7.771561172376E-16,-1.665334536938E-15));
#317 = DIRECTION('',(7.771561172376E-16,-1.,1.33226762955E-15));
#318 = ORIENTED_EDGE('',*,*,#319,.F.);
#319 = EDGE_CURVE('',#320,#311,#322,.T.);
#320 = VERTEX_POINT('',#321);
#321 = CARTESIAN_POINT('',(-16.,-14.35098920809,6.992256052037));
#322 = LINE('',#323,#324);
#323 = CARTESIAN_POINT('',(-16.,-14.35098920809,6.992256052038));
#324 = VECTOR('',#325,1.);
#325 = DIRECTION('',(-6.471420012564E-16,-0.699225605204,0.71490107919)
  );
#326 = ORIENTED_EDGE('',*,*,#327,.T.);
#327 = EDGE_CURVE('',#320,#328,#330,.T.);
#328 = VERTEX_POINT('',#329);
#329 = CARTESIAN_POINT('',(-16.,-13.37767137932,5.833333333333));
#330 = CIRCLE('',#331,10.);
#331 = AXIS2_PLACEMENT_3D('',#332,#333,#334);
#332 = CARTESIAN_POINT('',(-16.,-21.5,6.039613253961E-14));
#333 = DIRECTION('',(-1.,-7.771561172376E-16,-1.665334536938E-15));
#334 = DIRECTION('',(7.771561172376E-16,-1.,1.33226762955E-15));
#335 = ORIENTED_EDGE('',*,*,#336,.F.);
#336 = EDGE_CURVE('',#337,#328,#339,.T.);
#337 = VERTEX_POINT('',#338);
#338 = CARTESIAN_POINT('',(-16.,-11.75320565518,5.));
#339 = CIRCLE('',#340,2.);
#340 = AXIS2_PLACEMENT_3D('',#341,#342,#343);
#341 = CARTESIAN_POINT('',(-16.,-11.75320565518,7.));
#342 = DIRECTION('',(-1.,-7.771561172376E-16,-1.665334536938E-15));
#343 = DIRECTION('',(7.771561172376E-16,-1.,1.33226762955E-15));
#344 = ORIENTED_EDGE('',*,*,#345,.T.);
#345 = EDGE_CURVE('',#337,#346,#348,.T.);
#346 = VERTEX_POINT('',#347);
#347 = CARTESIAN_POINT('',(-16.,11.753205655189,5.));
#348 = LINE('',#349,#350);
#349 = CARTESIAN_POINT('',(-16.,-21.5,5.));
#350 = VECTOR('',#351,1.);
#351 = DIRECTION('',(-3.330669073875E-16,1.,-8.881784197001E-16));
#352 = ORIENTED_EDGE('',*,*,#353,.T.);
#353 = EDGE_CURVE('',#346,#354,#356,.T.);
#354 = VERTEX_POINT('',#355);
#355 = CARTESIAN_POINT('',(-16.,13.377671379323,5.833333333333));
#356 = CIRCLE('',#357,2.);
#357 = AXIS2_PLACEMENT_3D('',#358,#359,#360);
#358 = CARTESIAN_POINT('',(-16.,11.753205655189,7.));
#359 = DIRECTION('',(1.,1.554312234475E-15,3.885780586188E-15));
#360 = DIRECTION('',(-1.554312234475E-15,1.,-3.885780586188E-15));
#361 = ORIENTED_EDGE('',*,*,#362,.F.);
#362 = EDGE_CURVE('',#363,#354,#365,.T.);
#363 = VERTEX_POINT('',#364);
#364 = CARTESIAN_POINT('',(-16.,14.350989208097,6.992256052037));
#365 = CIRCLE('',#366,10.);
#366 = AXIS2_PLACEMENT_3D('',#367,#368,#369);
#367 = CARTESIAN_POINT('',(-16.,21.5,-2.48689957516E-14));
#368 = DIRECTION('',(1.,1.998401444325E-15,4.996003610813E-15));
#369 = DIRECTION('',(-1.998401444325E-15,1.,-4.996003610813E-15));
#370 = ORIENTED_EDGE('',*,*,#371,.T.);
#371 = EDGE_CURVE('',#363,#372,#374,.T.);
#372 = VERTEX_POINT('',#373);
#373 = CARTESIAN_POINT('',(-16.,27.019539284296,19.944813930137));
#374 = LINE('',#375,#376);
#375 = CARTESIAN_POINT('',(-16.,14.350989208097,6.992256052037));
#376 = VECTOR('',#377,1.);
#377 = DIRECTION('',(-4.416872739873E-15,0.699225605204,0.71490107919));
#378 = ORIENTED_EDGE('',*,*,#379,.T.);
#379 = EDGE_CURVE('',#372,#380,#382,.T.);
#380 = VERTEX_POINT('',#381);
#381 = CARTESIAN_POINT('',(-16.,27.306578759763,23.799370758039));
#382 = CIRCLE('',#383,3.);
#383 = AXIS2_PLACEMENT_3D('',#384,#385,#386);
#384 = CARTESIAN_POINT('',(-16.,24.874836046725,22.042490745748));
#385 = DIRECTION('',(1.,1.7763568394E-15,4.440892098501E-15));
#386 = DIRECTION('',(-1.7763568394E-15,1.,-4.440892098501E-15));
#387 = ORIENTED_EDGE('',*,*,#388,.F.);
#388 = EDGE_CURVE('',#389,#380,#391,.T.);
#389 = VERTEX_POINT('',#390);
#390 = CARTESIAN_POINT('',(-16.,26.580425840232,30.733751907086));
#391 = CIRCLE('',#392,7.);
#392 = AXIS2_PLACEMENT_3D('',#393,#394,#395);
#393 = CARTESIAN_POINT('',(-16.,32.980645090185,27.898757453383));
#394 = DIRECTION('',(1.,1.998401444325E-15,4.996003610813E-15));
#395 = DIRECTION('',(-1.998401444325E-15,1.,-4.996003610813E-15));
#396 = ORIENTED_EDGE('',*,*,#397,.F.);
#397 = EDGE_CURVE('',#398,#389,#400,.T.);
#398 = VERTEX_POINT('',#399);
#399 = CARTESIAN_POINT('',(-16.,28.313894920229,30.902329135766));
#400 = CIRCLE('',#401,1.);
#401 = AXIS2_PLACEMENT_3D('',#402,#403,#404);
#402 = CARTESIAN_POINT('',(-16.,27.49474287594,30.328752699415));
#403 = DIRECTION('',(1.,6.661338147751E-16,1.998401444325E-15));
#404 = DIRECTION('',(-6.661338147751E-16,1.,-1.998401444325E-15));
#405 = ORIENTED_EDGE('',*,*,#406,.F.);
#406 = EDGE_CURVE('',#407,#398,#409,.T.);
#407 = VERTEX_POINT('',#408);
#408 = CARTESIAN_POINT('',(-16.,30.003782786607,28.48891914778));
#409 = LINE('',#410,#411);
#410 = CARTESIAN_POINT('',(-16.,32.733970618072,24.589806838242));
#411 = VECTOR('',#412,1.);
#412 = DIRECTION('',(-2.417677757873E-15,-0.573576436351,0.819152044289)
  );
#413 = ORIENTED_EDGE('',*,*,#414,.F.);
#414 = EDGE_CURVE('',#415,#407,#417,.T.);
#415 = VERTEX_POINT('',#416);
#416 = CARTESIAN_POINT('',(-16.,30.092212400598,28.157517183101));
#417 = CIRCLE('',#418,0.5);
#418 = AXIS2_PLACEMENT_3D('',#419,#420,#421);
#419 = CARTESIAN_POINT('',(-16.,29.594206764462,28.202130929604));
#420 = DIRECTION('',(1.,6.661338147751E-16,1.998401444325E-15));
#421 = DIRECTION('',(-6.661338147751E-16,1.,-1.998401444325E-15));
#422 = ORIENTED_EDGE('',*,*,#423,.T.);
#423 = EDGE_CURVE('',#415,#424,#426,.T.);
#424 = VERTEX_POINT('',#425);
#425 = CARTESIAN_POINT('',(-16.,35.772360891028,28.683819799523));
#426 = CIRCLE('',#427,2.9);
#427 = AXIS2_PLACEMENT_3D('',#428,#429,#430);
#428 = CARTESIAN_POINT('',(-16.,32.980645090185,27.898757453383));
#429 = DIRECTION('',(1.,1.110223024625E-15,3.10862446895E-15));
#430 = DIRECTION('',(-1.910307303161E-15,0.96266062098,0.270711153841));
#431 = ORIENTED_EDGE('',*,*,#432,.T.);
#432 = EDGE_CURVE('',#424,#433,#435,.T.);
#433 = VERTEX_POINT('',#434);
#434 = CARTESIAN_POINT('',(-16.,33.725392644092,30.70149737727));
#435 = CIRCLE('',#436,2.9);
#436 = AXIS2_PLACEMENT_3D('',#437,#438,#439);
#437 = CARTESIAN_POINT('',(-16.,32.980645090185,27.898757453383));
#438 = DIRECTION('',(1.,1.110223024625E-15,3.10862446895E-15));
#439 = DIRECTION('',(-1.910307303161E-15,0.96266062098,0.270711153841));
#440 = ORIENTED_EDGE('',*,*,#441,.F.);
#441 = EDGE_CURVE('',#442,#433,#444,.T.);
#442 = VERTEX_POINT('',#443);
#443 = CARTESIAN_POINT('',(-16.,33.444221372621,30.897940180454));
#444 = CIRCLE('',#445,0.5);
#445 = AXIS2_PLACEMENT_3D('',#446,#447,#448);
#446 = CARTESIAN_POINT('',(-16.,33.853797394765,31.18472839863));
#447 = DIRECTION('',(1.,6.661338147751E-16,1.998401444325E-15));
#448 = DIRECTION('',(-6.661338147751E-16,1.,-1.998401444325E-15));
#449 = ORIENTED_EDGE('',*,*,#450,.F.);
#450 = EDGE_CURVE('',#451,#442,#453,.T.);
#451 = VERTEX_POINT('',#452);
#452 = CARTESIAN_POINT('',(-16.,31.754333506242,33.31135016844));
#453 = LINE('',#454,#455);
#454 = CARTESIAN_POINT('',(-16.,36.174409204086,26.998827870916));
#455 = VECTOR('',#456,1.);
#456 = DIRECTION('',(2.417677757873E-15,0.573576436351,-0.819152044289)
  );
#457 = ORIENTED_EDGE('',*,*,#458,.F.);
#458 = EDGE_CURVE('',#459,#451,#461,.T.);
#459 = VERTEX_POINT('',#460);
#460 = CARTESIAN_POINT('',(-16.,32.505625627256,34.882621463359));
#461 = CIRCLE('',#462,1.);
#462 = AXIS2_PLACEMENT_3D('',#463,#464,#465);
#463 = CARTESIAN_POINT('',(-16.,32.573485550531,33.884926604791));
#464 = DIRECTION('',(1.,6.661338147751E-16,1.998401444325E-15));
#465 = DIRECTION('',(-6.661338147751E-16,1.,-1.998401444325E-15));
#466 = ORIENTED_EDGE('',*,*,#467,.F.);
#467 = EDGE_CURVE('',#468,#459,#470,.T.);
#468 = VERTEX_POINT('',#469);
#469 = CARTESIAN_POINT('',(-16.,39.980645090185,27.898757453383));
#470 = CIRCLE('',#471,7.);
#471 = AXIS2_PLACEMENT_3D('',#472,#473,#474);
#472 = CARTESIAN_POINT('',(-16.,32.980645090185,27.898757453383));
#473 = DIRECTION('',(1.,1.998401444325E-15,4.996003610813E-15));
#474 = DIRECTION('',(-1.998401444325E-15,1.,-4.996003610813E-15));
#475 = ORIENTED_EDGE('',*,*,#476,.F.);
#476 = EDGE_CURVE('',#477,#468,#479,.T.);
#477 = VERTEX_POINT('',#478);
#478 = CARTESIAN_POINT('',(-16.,39.686780047363,25.89183096342));
#479 = CIRCLE('',#480,7.);
#480 = AXIS2_PLACEMENT_3D('',#481,#482,#483);
#481 = CARTESIAN_POINT('',(-16.,32.980645090185,27.898757453383));
#482 = DIRECTION('',(1.,1.998401444325E-15,4.996003610813E-15));
#483 = DIRECTION('',(-1.998401444325E-15,1.,-4.996003610813E-15));
#484 = ORIENTED_EDGE('',*,*,#485,.T.);
#485 = EDGE_CURVE('',#477,#486,#488,.T.);
#486 = VERTEX_POINT('',#487);
#487 = CARTESIAN_POINT('',(-16.,31.080192795969,-2.867037842804));
#488 = LINE('',#489,#490);
#489 = CARTESIAN_POINT('',(-16.,39.686780047363,25.89183096342));
#490 = VECTOR('',#491,1.);
#491 = DIRECTION('',(4.763748477061E-15,-0.28670378428,-0.958019279597)
  );
#492 = ORIENTED_EDGE('',*,*,#493,.F.);
#493 = EDGE_CURVE('',#494,#486,#496,.T.);
#494 = VERTEX_POINT('',#495);
#495 = CARTESIAN_POINT('',(-16.,29.323529411765,-6.228353517845));
#496 = CIRCLE('',#497,10.);
#497 = AXIS2_PLACEMENT_3D('',#498,#499,#500);
#498 = CARTESIAN_POINT('',(-16.,21.5,-2.48689957516E-14));
#499 = DIRECTION('',(1.,1.998401444325E-15,4.996003610813E-15));
#500 = DIRECTION('',(-1.998401444325E-15,1.,-4.996003610813E-15));
#501 = ORIENTED_EDGE('',*,*,#502,.F.);
#502 = EDGE_CURVE('',#503,#494,#505,.T.);
#503 = VERTEX_POINT('',#504);
#504 = CARTESIAN_POINT('',(-16.,26.65,-5.294100490168));
#505 = CIRCLE('',#506,1.5);
#506 = AXIS2_PLACEMENT_3D('',#507,#508,#509);
#507 = CARTESIAN_POINT('',(-16.,28.15,-5.294100490168));
#508 = DIRECTION('',(1.,-1.7763568394E-15,1.221245327088E-15));
#509 = DIRECTION('',(1.7763568394E-15,1.,-1.110223024625E-16));
#510 = ORIENTED_EDGE('',*,*,#511,.F.);
#511 = EDGE_CURVE('',#512,#503,#514,.T.);
#512 = VERTEX_POINT('',#513);
#513 = CARTESIAN_POINT('',(-16.,26.65,-2.965905292183));
#514 = LINE('',#515,#516);
#515 = CARTESIAN_POINT('',(-16.,26.65,2.225075424328));
#516 = VECTOR('',#517,1.);
#517 = DIRECTION('',(1.498261335132E-15,-1.110223024625E-16,-1.));
#518 = ORIENTED_EDGE('',*,*,#519,.T.);
#519 = EDGE_CURVE('',#512,#520,#522,.T.);
#520 = VERTEX_POINT('',#521);
#521 = CARTESIAN_POINT('',(-16.,26.597774280031,-2.743423395969));
#522 = CIRCLE('',#523,0.5);
#523 = AXIS2_PLACEMENT_3D('',#524,#525,#526);
#524 = CARTESIAN_POINT('',(-16.,26.15,-2.965905292183));
#525 = DIRECTION('',(1.,8.628166150855E-32,3.330669073875E-16));
#526 = DIRECTION('',(2.465190328816E-32,1.,-3.330669073875E-16));
#527 = ORIENTED_EDGE('',*,*,#528,.T.);
#528 = EDGE_CURVE('',#520,#529,#531,.T.);
#529 = VERTEX_POINT('',#530);
#530 = CARTESIAN_POINT('',(-16.,21.5,5.789099631177));
#531 = CIRCLE('',#532,5.789099631177);
#532 = AXIS2_PLACEMENT_3D('',#533,#534,#535);
#533 = CARTESIAN_POINT('',(-16.,21.5,-2.386979502944E-14));
#534 = DIRECTION('',(1.,2.958228394579E-31,6.661338147751E-16));
#535 = DIRECTION('',(-6.661338147751E-16,2.218671295934E-31,1.));
#536 = ORIENTED_EDGE('',*,*,#537,.T.);
#537 = EDGE_CURVE('',#529,#538,#540,.T.);
#538 = VERTEX_POINT('',#539);
#539 = CARTESIAN_POINT('',(-16.,16.402225719969,-2.743423395969));
#540 = CIRCLE('',#541,5.789099631177);
#541 = AXIS2_PLACEMENT_3D('',#542,#543,#544);
#542 = CARTESIAN_POINT('',(-16.,21.5,-2.386979502944E-14));
#543 = DIRECTION('',(1.,2.958228394579E-31,6.661338147751E-16));
#544 = DIRECTION('',(-6.661338147751E-16,2.218671295934E-31,1.));
#545 = ORIENTED_EDGE('',*,*,#546,.T.);
#546 = EDGE_CURVE('',#538,#547,#549,.T.);
#547 = VERTEX_POINT('',#548);
#548 = CARTESIAN_POINT('',(-16.,16.35,-2.965905292183));
#549 = CIRCLE('',#550,0.5);
#550 = AXIS2_PLACEMENT_3D('',#551,#552,#553);
#551 = CARTESIAN_POINT('',(-16.,16.85,-2.965905292183));
#552 = DIRECTION('',(1.,8.628166150855E-32,3.330669073875E-16));
#553 = DIRECTION('',(2.465190328816E-32,1.,-3.330669073875E-16));
#554 = ORIENTED_EDGE('',*,*,#555,.F.);
#555 = EDGE_CURVE('',#556,#547,#558,.T.);
#556 = VERTEX_POINT('',#557);
#557 = CARTESIAN_POINT('',(-16.,16.35,-5.294100490168));
#558 = LINE('',#559,#560);
#559 = CARTESIAN_POINT('',(-16.,16.35,2.225075424328));
#560 = VECTOR('',#561,1.);
#561 = DIRECTION('',(-1.498261335132E-15,1.110223024625E-16,1.));
#562 = ORIENTED_EDGE('',*,*,#563,.F.);
#563 = EDGE_CURVE('',#24,#556,#564,.T.);
#564 = CIRCLE('',#565,1.5);
#565 = AXIS2_PLACEMENT_3D('',#566,#567,#568);
#566 = CARTESIAN_POINT('',(-16.,14.85,-5.294100490168));
#567 = DIRECTION('',(1.,-1.7763568394E-15,1.221245327088E-15));
#568 = DIRECTION('',(1.7763568394E-15,1.,-1.110223024625E-16));
#569 = PLANE('',#570);
#570 = AXIS2_PLACEMENT_3D('',#571,#572,#573);
#571 = CARTESIAN_POINT('',(-16.,3.747503953058E-14,12.433103494747));
#572 = DIRECTION('',(-1.,-4.809185852938E-16,-1.276216730207E-15));
#573 = DIRECTION('',(1.942350544982E-15,-7.765349535769E-31,-1.));
#574 = ADVANCED_FACE('',(#575),#594,.T.);
#575 = FACE_BOUND('',#576,.F.);
#576 = EDGE_LOOP('',(#577,#586,#592,#593));
#577 = ORIENTED_EDGE('',*,*,#578,.T.);
#578 = EDGE_CURVE('',#41,#579,#581,.T.);
#579 = VERTEX_POINT('',#580);
#580 = CARTESIAN_POINT('',(16.,16.35,-5.294100490168));
#581 = CIRCLE('',#582,1.5);
#582 = AXIS2_PLACEMENT_3D('',#583,#584,#585);
#583 = CARTESIAN_POINT('',(16.,14.85,-5.294100490168));
#584 = DIRECTION('',(1.,-1.7763568394E-15,1.221245327088E-15));
#585 = DIRECTION('',(1.7763568394E-15,1.,-1.110223024625E-16));
#586 = ORIENTED_EDGE('',*,*,#587,.T.);
#587 = EDGE_CURVE('',#579,#556,#588,.T.);
#588 = LINE('',#589,#590);
#589 = CARTESIAN_POINT('',(16.,16.35,-5.294100490168));
#590 = VECTOR('',#591,1.);
#591 = DIRECTION('',(-1.,1.7763568394E-15,-1.221245327088E-15));
#592 = ORIENTED_EDGE('',*,*,#563,.F.);
#593 = ORIENTED_EDGE('',*,*,#49,.F.);
#594 = CYLINDRICAL_SURFACE('',#595,1.5);
#595 = AXIS2_PLACEMENT_3D('',#596,#597,#598);
#596 = CARTESIAN_POINT('',(16.,14.85,-5.294100490168));
#597 = DIRECTION('',(-1.,1.7763568394E-15,-1.221245327088E-15));
#598 = DIRECTION('',(-6.291032349719E-16,-0.782352941176,-0.622835351784
    ));
#599 = ADVANCED_FACE('',(#600),#619,.F.);
#600 = FACE_BOUND('',#601,.T.);
#601 = EDGE_LOOP('',(#602,#603,#612,#618));
#602 = ORIENTED_EDGE('',*,*,#32,.T.);
#603 = ORIENTED_EDGE('',*,*,#604,.T.);
#604 = EDGE_CURVE('',#33,#605,#607,.T.);
#605 = VERTEX_POINT('',#606);
#606 = CARTESIAN_POINT('',(16.,11.753205655188,-5.));
#607 = CIRCLE('',#608,2.);
#608 = AXIS2_PLACEMENT_3D('',#609,#610,#611);
#609 = CARTESIAN_POINT('',(16.,11.753205655189,-7.));
#610 = DIRECTION('',(1.,1.554312234475E-15,3.885780586188E-15));
#611 = DIRECTION('',(-1.554312234475E-15,1.,-3.885780586188E-15));
#612 = ORIENTED_EDGE('',*,*,#613,.F.);
#613 = EDGE_CURVE('',#65,#605,#614,.T.);
#614 = LINE('',#615,#616);
#615 = CARTESIAN_POINT('',(-16.,11.753205655189,-5.));
#616 = VECTOR('',#617,1.);
#617 = DIRECTION('',(1.,-2.886579864025E-15,-5.551115123126E-16));
#618 = ORIENTED_EDGE('',*,*,#64,.F.);
#619 = CYLINDRICAL_SURFACE('',#620,2.);
#620 = AXIS2_PLACEMENT_3D('',#621,#622,#623);
#621 = CARTESIAN_POINT('',(-16.,11.753205655189,-7.));
#622 = DIRECTION('',(-1.,2.6645352591E-15,3.330669073875E-16));
#623 = DIRECTION('',(-1.33226762955E-15,1.,-3.663735981263E-15));
#624 = ADVANCED_FACE('',(#625),#1118,.T.);
#625 = FACE_BOUND('',#626,.T.);
#626 = EDGE_LOOP('',(#627,#638,#647,#653,#654,#655,#656,#664,#673,#682,
    #691,#700,#708,#717,#726,#734,#743,#752,#761,#769,#778,#787,#796,
    #805,#813,#822,#831,#840,#848,#857,#866,#874,#883,#892,#900,#909,
    #918,#927,#935,#944,#953,#962,#971,#979,#988,#997,#1006,#1014,#1023,
    #1032,#1040,#1049,#1058,#1067,#1076,#1085,#1094,#1103,#1111));
#627 = ORIENTED_EDGE('',*,*,#628,.F.);
#628 = EDGE_CURVE('',#629,#631,#633,.T.);
#629 = VERTEX_POINT('',#630);
#630 = CARTESIAN_POINT('',(16.,-13.37767137932,-5.833333333333));
#631 = VERTEX_POINT('',#632);
#632 = CARTESIAN_POINT('',(16.,-13.67647058823,-6.228353517845));
#633 = CIRCLE('',#634,10.);
#634 = AXIS2_PLACEMENT_3D('',#635,#636,#637);
#635 = CARTESIAN_POINT('',(16.,-21.5,-7.105427357601E-15));
#636 = DIRECTION('',(-1.,-7.771561172376E-16,-1.665334536938E-15));
#637 = DIRECTION('',(7.771561172376E-16,-1.,1.33226762955E-15));
#638 = ORIENTED_EDGE('',*,*,#639,.T.);
#639 = EDGE_CURVE('',#629,#640,#642,.T.);
#640 = VERTEX_POINT('',#641);
#641 = CARTESIAN_POINT('',(16.,-11.75320565518,-5.));
#642 = CIRCLE('',#643,2.);
#643 = AXIS2_PLACEMENT_3D('',#644,#645,#646);
#644 = CARTESIAN_POINT('',(16.,-11.75320565518,-7.));
#645 = DIRECTION('',(-1.,-7.771561172376E-16,-1.665334536938E-15));
#646 = DIRECTION('',(7.771561172376E-16,-1.,1.33226762955E-15));
#647 = ORIENTED_EDGE('',*,*,#648,.T.);
#648 = EDGE_CURVE('',#640,#605,#649,.T.);
#649 = LINE('',#650,#651);
#650 = CARTESIAN_POINT('',(16.,-1.,-5.));
#651 = VECTOR('',#652,1.);
#652 = DIRECTION('',(-2.22044604925E-16,1.,-3.5527136788E-15));
#653 = ORIENTED_EDGE('',*,*,#604,.F.);
#654 = ORIENTED_EDGE('',*,*,#40,.T.);
#655 = ORIENTED_EDGE('',*,*,#578,.T.);
#656 = ORIENTED_EDGE('',*,*,#657,.F.);
#657 = EDGE_CURVE('',#658,#579,#660,.T.);
#658 = VERTEX_POINT('',#659);
#659 = CARTESIAN_POINT('',(16.,16.35,-2.965905292183));
#660 = LINE('',#661,#662);
#661 = CARTESIAN_POINT('',(16.,16.35,2.225075424328));
#662 = VECTOR('',#663,1.);
#663 = DIRECTION('',(1.502769191856E-15,-1.110223024625E-16,-1.));
#664 = ORIENTED_EDGE('',*,*,#665,.F.);
#665 = EDGE_CURVE('',#666,#658,#668,.T.);
#666 = VERTEX_POINT('',#667);
#667 = CARTESIAN_POINT('',(16.,16.402225719969,-2.743423395969));
#668 = CIRCLE('',#669,0.5);
#669 = AXIS2_PLACEMENT_3D('',#670,#671,#672);
#670 = CARTESIAN_POINT('',(16.,16.85,-2.965905292183));
#671 = DIRECTION('',(1.,8.628166150855E-32,3.330669073875E-16));
#672 = DIRECTION('',(2.465190328816E-32,1.,-3.330669073875E-16));
#673 = ORIENTED_EDGE('',*,*,#674,.F.);
#674 = EDGE_CURVE('',#675,#666,#677,.T.);
#675 = VERTEX_POINT('',#676);
#676 = CARTESIAN_POINT('',(16.,21.5,5.789099631177));
#677 = CIRCLE('',#678,5.789099631177);
#678 = AXIS2_PLACEMENT_3D('',#679,#680,#681);
#679 = CARTESIAN_POINT('',(16.,21.5,-2.386979502944E-14));
#680 = DIRECTION('',(1.,2.958228394579E-31,6.661338147751E-16));
#681 = DIRECTION('',(-6.661338147751E-16,2.218671295934E-31,1.));
#682 = ORIENTED_EDGE('',*,*,#683,.F.);
#683 = EDGE_CURVE('',#684,#675,#686,.T.);
#684 = VERTEX_POINT('',#685);
#685 = CARTESIAN_POINT('',(16.,26.597774280031,-2.743423395969));
#686 = CIRCLE('',#687,5.789099631177);
#687 = AXIS2_PLACEMENT_3D('',#688,#689,#690);
#688 = CARTESIAN_POINT('',(16.,21.5,-2.386979502944E-14));
#689 = DIRECTION('',(1.,2.958228394579E-31,6.661338147751E-16));
#690 = DIRECTION('',(-6.661338147751E-16,2.218671295934E-31,1.));
#691 = ORIENTED_EDGE('',*,*,#692,.F.);
#692 = EDGE_CURVE('',#693,#684,#695,.T.);
#693 = VERTEX_POINT('',#694);
#694 = CARTESIAN_POINT('',(16.,26.65,-2.965905292183));
#695 = CIRCLE('',#696,0.5);
#696 = AXIS2_PLACEMENT_3D('',#697,#698,#699);
#697 = CARTESIAN_POINT('',(16.,26.15,-2.965905292183));
#698 = DIRECTION('',(1.,8.628166150855E-32,3.330669073875E-16));
#699 = DIRECTION('',(2.465190328816E-32,1.,-3.330669073875E-16));
#700 = ORIENTED_EDGE('',*,*,#701,.F.);
#701 = EDGE_CURVE('',#702,#693,#704,.T.);
#702 = VERTEX_POINT('',#703);
#703 = CARTESIAN_POINT('',(16.,26.65,-5.294100490168));
#704 = LINE('',#705,#706);
#705 = CARTESIAN_POINT('',(16.,26.65,2.225075424328));
#706 = VECTOR('',#707,1.);
#707 = DIRECTION('',(-1.502769191856E-15,1.110223024625E-16,1.));
#708 = ORIENTED_EDGE('',*,*,#709,.T.);
#709 = EDGE_CURVE('',#702,#710,#712,.T.);
#710 = VERTEX_POINT('',#711);
#711 = CARTESIAN_POINT('',(16.,29.323529411765,-6.228353517845));
#712 = CIRCLE('',#713,1.5);
#713 = AXIS2_PLACEMENT_3D('',#714,#715,#716);
#714 = CARTESIAN_POINT('',(16.,28.15,-5.294100490168));
#715 = DIRECTION('',(1.,-1.7763568394E-15,1.221245327088E-15));
#716 = DIRECTION('',(1.7763568394E-15,1.,-1.110223024625E-16));
#717 = ORIENTED_EDGE('',*,*,#718,.T.);
#718 = EDGE_CURVE('',#710,#719,#721,.T.);
#719 = VERTEX_POINT('',#720);
#720 = CARTESIAN_POINT('',(16.,31.080192795969,-2.867037842804));
#721 = CIRCLE('',#722,10.);
#722 = AXIS2_PLACEMENT_3D('',#723,#724,#725);
#723 = CARTESIAN_POINT('',(16.,21.5,-1.882938249764E-13));
#724 = DIRECTION('',(1.,1.998401444325E-15,4.996003610813E-15));
#725 = DIRECTION('',(-1.998401444325E-15,1.,-4.996003610813E-15));
#726 = ORIENTED_EDGE('',*,*,#727,.F.);
#727 = EDGE_CURVE('',#728,#719,#730,.T.);
#728 = VERTEX_POINT('',#729);
#729 = CARTESIAN_POINT('',(16.,39.686780047363,25.89183096342));
#730 = LINE('',#731,#732);
#731 = CARTESIAN_POINT('',(16.,39.686780047363,25.89183096342));
#732 = VECTOR('',#733,1.);
#733 = DIRECTION('',(4.763748477061E-15,-0.28670378428,-0.958019279597)
  );
#734 = ORIENTED_EDGE('',*,*,#735,.T.);
#735 = EDGE_CURVE('',#728,#736,#738,.T.);
#736 = VERTEX_POINT('',#737);
#737 = CARTESIAN_POINT('',(16.,39.980645090185,27.898757453383));
#738 = CIRCLE('',#739,7.);
#739 = AXIS2_PLACEMENT_3D('',#740,#741,#742);
#740 = CARTESIAN_POINT('',(16.,32.980645090185,27.898757453383));
#741 = DIRECTION('',(1.,1.998401444325E-15,4.996003610813E-15));
#742 = DIRECTION('',(-1.998401444325E-15,1.,-4.996003610813E-15));
#743 = ORIENTED_EDGE('',*,*,#744,.T.);
#744 = EDGE_CURVE('',#736,#745,#747,.T.);
#745 = VERTEX_POINT('',#746);
#746 = CARTESIAN_POINT('',(16.,32.505625627256,34.882621463359));
#747 = CIRCLE('',#748,7.);
#748 = AXIS2_PLACEMENT_3D('',#749,#750,#751);
#749 = CARTESIAN_POINT('',(16.,32.980645090185,27.898757453383));
#750 = DIRECTION('',(1.,1.998401444325E-15,4.996003610813E-15));
#751 = DIRECTION('',(-1.998401444325E-15,1.,-4.996003610813E-15));
#752 = ORIENTED_EDGE('',*,*,#753,.T.);
#753 = EDGE_CURVE('',#745,#754,#756,.T.);
#754 = VERTEX_POINT('',#755);
#755 = CARTESIAN_POINT('',(16.,31.754333506242,33.31135016844));
#756 = CIRCLE('',#757,1.);
#757 = AXIS2_PLACEMENT_3D('',#758,#759,#760);
#758 = CARTESIAN_POINT('',(16.,32.573485550531,33.884926604791));
#759 = DIRECTION('',(1.,6.661338147751E-16,1.998401444325E-15));
#760 = DIRECTION('',(-6.661338147751E-16,1.,-1.998401444325E-15));
#761 = ORIENTED_EDGE('',*,*,#762,.F.);
#762 = EDGE_CURVE('',#763,#754,#765,.T.);
#763 = VERTEX_POINT('',#764);
#764 = CARTESIAN_POINT('',(16.,33.44422137262,30.897940180454));
#765 = LINE('',#766,#767);
#766 = CARTESIAN_POINT('',(16.,36.174409204085,26.998827870916));
#767 = VECTOR('',#768,1.);
#768 = DIRECTION('',(-2.348772975013E-15,-0.573576436351,0.819152044289)
  );
#769 = ORIENTED_EDGE('',*,*,#770,.T.);
#770 = EDGE_CURVE('',#763,#771,#773,.T.);
#771 = VERTEX_POINT('',#772);
#772 = CARTESIAN_POINT('',(16.,33.725392644092,30.70149737727));
#773 = CIRCLE('',#774,0.5);
#774 = AXIS2_PLACEMENT_3D('',#775,#776,#777);
#775 = CARTESIAN_POINT('',(16.,33.853797394765,31.18472839863));
#776 = DIRECTION('',(1.,6.661338147751E-16,1.998401444325E-15));
#777 = DIRECTION('',(-6.661338147751E-16,1.,-1.998401444325E-15));
#778 = ORIENTED_EDGE('',*,*,#779,.F.);
#779 = EDGE_CURVE('',#780,#771,#782,.T.);
#780 = VERTEX_POINT('',#781);
#781 = CARTESIAN_POINT('',(16.,35.772360891028,28.683819799523));
#782 = CIRCLE('',#783,2.9);
#783 = AXIS2_PLACEMENT_3D('',#784,#785,#786);
#784 = CARTESIAN_POINT('',(16.,32.980645090185,27.898757453383));
#785 = DIRECTION('',(1.,1.110223024625E-15,3.10862446895E-15));
#786 = DIRECTION('',(-1.910307303161E-15,0.96266062098,0.270711153841));
#787 = ORIENTED_EDGE('',*,*,#788,.F.);
#788 = EDGE_CURVE('',#789,#780,#791,.T.);
#789 = VERTEX_POINT('',#790);
#790 = CARTESIAN_POINT('',(16.,30.092212400598,28.157517183101));
#791 = CIRCLE('',#792,2.9);
#792 = AXIS2_PLACEMENT_3D('',#793,#794,#795);
#793 = CARTESIAN_POINT('',(16.,32.980645090185,27.898757453383));
#794 = DIRECTION('',(1.,1.110223024625E-15,3.10862446895E-15));
#795 = DIRECTION('',(-1.910307303161E-15,0.96266062098,0.270711153841));
#796 = ORIENTED_EDGE('',*,*,#797,.T.);
#797 = EDGE_CURVE('',#789,#798,#800,.T.);
#798 = VERTEX_POINT('',#799);
#799 = CARTESIAN_POINT('',(16.,30.003782786607,28.48891914778));
#800 = CIRCLE('',#801,0.5);
#801 = AXIS2_PLACEMENT_3D('',#802,#803,#804);
#802 = CARTESIAN_POINT('',(16.,29.594206764462,28.202130929604));
#803 = DIRECTION('',(1.,6.661338147751E-16,1.998401444325E-15));
#804 = DIRECTION('',(-6.661338147751E-16,1.,-1.998401444325E-15));
#805 = ORIENTED_EDGE('',*,*,#806,.F.);
#806 = EDGE_CURVE('',#807,#798,#809,.T.);
#807 = VERTEX_POINT('',#808);
#808 = CARTESIAN_POINT('',(16.,28.313894920229,30.902329135766));
#809 = LINE('',#810,#811);
#810 = CARTESIAN_POINT('',(16.,32.733970618072,24.589806838242));
#811 = VECTOR('',#812,1.);
#812 = DIRECTION('',(2.348772975013E-15,0.573576436351,-0.819152044289)
  );
#813 = ORIENTED_EDGE('',*,*,#814,.T.);
#814 = EDGE_CURVE('',#807,#815,#817,.T.);
#815 = VERTEX_POINT('',#816);
#816 = CARTESIAN_POINT('',(16.,26.580425840232,30.733751907086));
#817 = CIRCLE('',#818,1.);
#818 = AXIS2_PLACEMENT_3D('',#819,#820,#821);
#819 = CARTESIAN_POINT('',(16.,27.49474287594,30.328752699415));
#820 = DIRECTION('',(1.,6.661338147751E-16,1.998401444325E-15));
#821 = DIRECTION('',(-6.661338147751E-16,1.,-1.998401444325E-15));
#822 = ORIENTED_EDGE('',*,*,#823,.T.);
#823 = EDGE_CURVE('',#815,#824,#826,.T.);
#824 = VERTEX_POINT('',#825);
#825 = CARTESIAN_POINT('',(16.,27.306578759763,23.799370758039));
#826 = CIRCLE('',#827,7.);
#827 = AXIS2_PLACEMENT_3D('',#828,#829,#830);
#828 = CARTESIAN_POINT('',(16.,32.980645090185,27.898757453383));
#829 = DIRECTION('',(1.,1.998401444325E-15,4.996003610813E-15));
#830 = DIRECTION('',(-1.998401444325E-15,1.,-4.996003610813E-15));
#831 = ORIENTED_EDGE('',*,*,#832,.F.);
#832 = EDGE_CURVE('',#833,#824,#835,.T.);
#833 = VERTEX_POINT('',#834);
#834 = CARTESIAN_POINT('',(16.,27.019539284295,19.944813930137));
#835 = CIRCLE('',#836,3.);
#836 = AXIS2_PLACEMENT_3D('',#837,#838,#839);
#837 = CARTESIAN_POINT('',(16.,24.874836046725,22.042490745748));
#838 = DIRECTION('',(1.,1.7763568394E-15,4.440892098501E-15));
#839 = DIRECTION('',(-1.7763568394E-15,1.,-4.440892098501E-15));
#840 = ORIENTED_EDGE('',*,*,#841,.F.);
#841 = EDGE_CURVE('',#842,#833,#844,.T.);
#842 = VERTEX_POINT('',#843);
#843 = CARTESIAN_POINT('',(16.,14.350989208097,6.992256052037));
#844 = LINE('',#845,#846);
#845 = CARTESIAN_POINT('',(16.,14.350989208097,6.992256052037));
#846 = VECTOR('',#847,1.);
#847 = DIRECTION('',(-4.416872739873E-15,0.699225605204,0.71490107919));
#848 = ORIENTED_EDGE('',*,*,#849,.T.);
#849 = EDGE_CURVE('',#842,#850,#852,.T.);
#850 = VERTEX_POINT('',#851);
#851 = CARTESIAN_POINT('',(16.,13.377671379323,5.833333333333));
#852 = CIRCLE('',#853,10.);
#853 = AXIS2_PLACEMENT_3D('',#854,#855,#856);
#854 = CARTESIAN_POINT('',(16.,21.5,-1.882938249764E-13));
#855 = DIRECTION('',(1.,1.998401444325E-15,4.996003610813E-15));
#856 = DIRECTION('',(-1.998401444325E-15,1.,-4.996003610813E-15));
#857 = ORIENTED_EDGE('',*,*,#858,.F.);
#858 = EDGE_CURVE('',#859,#850,#861,.T.);
#859 = VERTEX_POINT('',#860);
#860 = CARTESIAN_POINT('',(16.,11.753205655188,5.));
#861 = CIRCLE('',#862,2.);
#862 = AXIS2_PLACEMENT_3D('',#863,#864,#865);
#863 = CARTESIAN_POINT('',(16.,11.753205655189,7.));
#864 = DIRECTION('',(1.,1.554312234475E-15,3.885780586188E-15));
#865 = DIRECTION('',(-1.554312234475E-15,1.,-3.885780586188E-15));
#866 = ORIENTED_EDGE('',*,*,#867,.T.);
#867 = EDGE_CURVE('',#859,#868,#870,.T.);
#868 = VERTEX_POINT('',#869);
#869 = CARTESIAN_POINT('',(16.,-11.75320565518,5.));
#870 = LINE('',#871,#872);
#871 = CARTESIAN_POINT('',(16.,21.5,5.));
#872 = VECTOR('',#873,1.);
#873 = DIRECTION('',(2.22044604925E-16,-1.,3.5527136788E-15));
#874 = ORIENTED_EDGE('',*,*,#875,.T.);
#875 = EDGE_CURVE('',#868,#876,#878,.T.);
#876 = VERTEX_POINT('',#877);
#877 = CARTESIAN_POINT('',(16.,-13.37767137932,5.833333333333));
#878 = CIRCLE('',#879,2.);
#879 = AXIS2_PLACEMENT_3D('',#880,#881,#882);
#880 = CARTESIAN_POINT('',(16.,-11.75320565518,7.));
#881 = DIRECTION('',(-1.,-7.771561172376E-16,-1.665334536938E-15));
#882 = DIRECTION('',(7.771561172376E-16,-1.,1.33226762955E-15));
#883 = ORIENTED_EDGE('',*,*,#884,.F.);
#884 = EDGE_CURVE('',#885,#876,#887,.T.);
#885 = VERTEX_POINT('',#886);
#886 = CARTESIAN_POINT('',(16.,-14.35098920809,6.992256052037));
#887 = CIRCLE('',#888,10.);
#888 = AXIS2_PLACEMENT_3D('',#889,#890,#891);
#889 = CARTESIAN_POINT('',(16.,-21.5,-7.105427357601E-15));
#890 = DIRECTION('',(-1.,-7.771561172376E-16,-1.665334536938E-15));
#891 = DIRECTION('',(7.771561172376E-16,-1.,1.33226762955E-15));
#892 = ORIENTED_EDGE('',*,*,#893,.T.);
#893 = EDGE_CURVE('',#885,#894,#896,.T.);
#894 = VERTEX_POINT('',#895);
#895 = CARTESIAN_POINT('',(16.,-27.01953928429,19.944813930137));
#896 = LINE('',#897,#898);
#897 = CARTESIAN_POINT('',(16.,-14.35098920809,6.992256052037));
#898 = VECTOR('',#899,1.);
#899 = DIRECTION('',(-6.471420012564E-16,-0.699225605204,0.71490107919)
  );
#900 = ORIENTED_EDGE('',*,*,#901,.T.);
#901 = EDGE_CURVE('',#894,#902,#904,.T.);
#902 = VERTEX_POINT('',#903);
#903 = CARTESIAN_POINT('',(16.,-27.30657875976,23.799370758039));
#904 = CIRCLE('',#905,3.);
#905 = AXIS2_PLACEMENT_3D('',#906,#907,#908);
#906 = CARTESIAN_POINT('',(16.,-24.87483604672,22.042490745748));
#907 = DIRECTION('',(-1.,-7.771561172376E-16,-1.665334536938E-15));
#908 = DIRECTION('',(7.771561172376E-16,-1.,1.33226762955E-15));
#909 = ORIENTED_EDGE('',*,*,#910,.F.);
#910 = EDGE_CURVE('',#911,#902,#913,.T.);
#911 = VERTEX_POINT('',#912);
#912 = CARTESIAN_POINT('',(16.,-26.58042584023,30.733751907086));
#913 = CIRCLE('',#914,7.);
#914 = AXIS2_PLACEMENT_3D('',#915,#916,#917);
#915 = CARTESIAN_POINT('',(16.,-32.98064509018,27.898757453383));
#916 = DIRECTION('',(-1.,-7.771561172376E-16,-1.665334536938E-15));
#917 = DIRECTION('',(7.771561172376E-16,-1.,1.33226762955E-15));
#918 = ORIENTED_EDGE('',*,*,#919,.T.);
#919 = EDGE_CURVE('',#911,#920,#922,.T.);
#920 = VERTEX_POINT('',#921);
#921 = CARTESIAN_POINT('',(16.,-28.31389492022,30.902329135766));
#922 = CIRCLE('',#923,1.);
#923 = AXIS2_PLACEMENT_3D('',#924,#925,#926);
#924 = CARTESIAN_POINT('',(16.,-27.49474287594,30.328752699415));
#925 = DIRECTION('',(1.,-1.110223024625E-16,3.330669073875E-16));
#926 = DIRECTION('',(-1.110223024625E-16,-1.,6.661338147751E-16));
#927 = ORIENTED_EDGE('',*,*,#928,.F.);
#928 = EDGE_CURVE('',#929,#920,#931,.T.);
#929 = VERTEX_POINT('',#930);
#930 = CARTESIAN_POINT('',(16.,-30.0037827866,28.48891914778));
#931 = LINE('',#932,#933);
#932 = CARTESIAN_POINT('',(16.,-32.9540769278,24.27546245072));
#933 = VECTOR('',#934,1.);
#934 = DIRECTION('',(1.546239226258E-16,0.573576436351,0.819152044289));
#935 = ORIENTED_EDGE('',*,*,#936,.T.);
#936 = EDGE_CURVE('',#929,#937,#939,.T.);
#937 = VERTEX_POINT('',#938);
#938 = CARTESIAN_POINT('',(16.,-30.09221240059,28.157517183101));
#939 = CIRCLE('',#940,0.5);
#940 = AXIS2_PLACEMENT_3D('',#941,#942,#943);
#941 = CARTESIAN_POINT('',(16.,-29.59420676446,28.202130929605));
#942 = DIRECTION('',(1.,-1.110223024625E-16,3.330669073875E-16));
#943 = DIRECTION('',(-1.110223024625E-16,-1.,6.661338147751E-16));
#944 = ORIENTED_EDGE('',*,*,#945,.F.);
#945 = EDGE_CURVE('',#946,#937,#948,.T.);
#946 = VERTEX_POINT('',#947);
#947 = CARTESIAN_POINT('',(16.,-35.77236089102,28.683819799523));
#948 = CIRCLE('',#949,2.9);
#949 = AXIS2_PLACEMENT_3D('',#950,#951,#952);
#950 = CARTESIAN_POINT('',(16.,-32.98064509018,27.898757453383));
#951 = DIRECTION('',(1.,-1.110223024625E-16,3.330669073875E-16));
#952 = DIRECTION('',(-1.970417254365E-16,-0.96266062098,0.270711153841)
  );
#953 = ORIENTED_EDGE('',*,*,#954,.F.);
#954 = EDGE_CURVE('',#955,#946,#957,.T.);
#955 = VERTEX_POINT('',#956);
#956 = CARTESIAN_POINT('',(16.,-33.72539264409,30.70149737727));
#957 = CIRCLE('',#958,2.9);
#958 = AXIS2_PLACEMENT_3D('',#959,#960,#961);
#959 = CARTESIAN_POINT('',(16.,-32.98064509018,27.898757453383));
#960 = DIRECTION('',(1.,-1.110223024625E-16,3.330669073875E-16));
#961 = DIRECTION('',(-1.970417254365E-16,-0.96266062098,0.270711153841)
  );
#962 = ORIENTED_EDGE('',*,*,#963,.T.);
#963 = EDGE_CURVE('',#955,#964,#966,.T.);
#964 = VERTEX_POINT('',#965);
#965 = CARTESIAN_POINT('',(16.,-33.44422137262,30.897940180454));
#966 = CIRCLE('',#967,0.5);
#967 = AXIS2_PLACEMENT_3D('',#968,#969,#970);
#968 = CARTESIAN_POINT('',(16.,-33.85379739476,31.18472839863));
#969 = DIRECTION('',(1.,-1.110223024625E-16,3.330669073875E-16));
#970 = DIRECTION('',(-1.110223024625E-16,-1.,6.661338147751E-16));
#971 = ORIENTED_EDGE('',*,*,#972,.F.);
#972 = EDGE_CURVE('',#973,#964,#975,.T.);
#973 = VERTEX_POINT('',#974);
#974 = CARTESIAN_POINT('',(16.,-31.75433350624,33.31135016844));
#975 = LINE('',#976,#977);
#976 = CARTESIAN_POINT('',(16.,-36.39451551382,26.684483483394));
#977 = VECTOR('',#978,1.);
#978 = DIRECTION('',(-1.546239226258E-16,-0.573576436351,-0.819152044289
    ));
#979 = ORIENTED_EDGE('',*,*,#980,.T.);
#980 = EDGE_CURVE('',#973,#981,#983,.T.);
#981 = VERTEX_POINT('',#982);
#982 = CARTESIAN_POINT('',(16.,-32.50562562725,34.882621463359));
#983 = CIRCLE('',#984,1.);
#984 = AXIS2_PLACEMENT_3D('',#985,#986,#987);
#985 = CARTESIAN_POINT('',(16.,-32.57348555053,33.884926604791));
#986 = DIRECTION('',(1.,-1.110223024625E-16,3.330669073875E-16));
#987 = DIRECTION('',(-1.110223024625E-16,-1.,6.661338147751E-16));
#988 = ORIENTED_EDGE('',*,*,#989,.F.);
#989 = EDGE_CURVE('',#990,#981,#992,.T.);
#990 = VERTEX_POINT('',#991);
#991 = CARTESIAN_POINT('',(16.,-39.98064509018,27.898757453383));
#992 = CIRCLE('',#993,7.);
#993 = AXIS2_PLACEMENT_3D('',#994,#995,#996);
#994 = CARTESIAN_POINT('',(16.,-32.98064509018,27.898757453383));
#995 = DIRECTION('',(-1.,-7.771561172376E-16,-1.665334536938E-15));
#996 = DIRECTION('',(7.771561172376E-16,-1.,1.33226762955E-15));
#997 = ORIENTED_EDGE('',*,*,#998,.F.);
#998 = EDGE_CURVE('',#999,#990,#1001,.T.);
#999 = VERTEX_POINT('',#1000);
#1000 = CARTESIAN_POINT('',(16.,-39.68678004736,25.89183096342));
#1001 = CIRCLE('',#1002,7.);
#1002 = AXIS2_PLACEMENT_3D('',#1003,#1004,#1005);
#1003 = CARTESIAN_POINT('',(16.,-32.98064509018,27.898757453383));
#1004 = DIRECTION('',(-1.,-7.771561172376E-16,-1.665334536938E-15));
#1005 = DIRECTION('',(7.771561172376E-16,-1.,1.33226762955E-15));
#1006 = ORIENTED_EDGE('',*,*,#1007,.T.);
#1007 = EDGE_CURVE('',#999,#1008,#1010,.T.);
#1008 = VERTEX_POINT('',#1009);
#1009 = CARTESIAN_POINT('',(16.,-31.08019279596,-2.867037842804));
#1010 = LINE('',#1011,#1012);
#1011 = CARTESIAN_POINT('',(16.,-39.68678004736,25.89183096342));
#1012 = VECTOR('',#1013,1.);
#1013 = DIRECTION('',(1.372608993576E-15,0.28670378428,-0.958019279597)
  );
#1014 = ORIENTED_EDGE('',*,*,#1015,.F.);
#1015 = EDGE_CURVE('',#1016,#1008,#1018,.T.);
#1016 = VERTEX_POINT('',#1017);
#1017 = CARTESIAN_POINT('',(16.,-29.32352941176,-6.228353517845));
#1018 = CIRCLE('',#1019,10.);
#1019 = AXIS2_PLACEMENT_3D('',#1020,#1021,#1022);
#1020 = CARTESIAN_POINT('',(16.,-21.5,-7.105427357601E-15));
#1021 = DIRECTION('',(-1.,-7.771561172376E-16,-1.665334536938E-15));
#1022 = DIRECTION('',(7.771561172376E-16,-1.,1.33226762955E-15));
#1023 = ORIENTED_EDGE('',*,*,#1024,.T.);
#1024 = EDGE_CURVE('',#1016,#1025,#1027,.T.);
#1025 = VERTEX_POINT('',#1026);
#1026 = CARTESIAN_POINT('',(16.,-26.65,-5.294100490168));
#1027 = CIRCLE('',#1028,1.5);
#1028 = AXIS2_PLACEMENT_3D('',#1029,#1030,#1031);
#1029 = CARTESIAN_POINT('',(16.,-28.15,-5.294100490168));
#1030 = DIRECTION('',(1.,-5.551115123126E-16,-1.110223024625E-16));
#1031 = DIRECTION('',(5.551115123126E-16,1.,-1.110223024625E-16));
#1032 = ORIENTED_EDGE('',*,*,#1033,.F.);
#1033 = EDGE_CURVE('',#1034,#1025,#1036,.T.);
#1034 = VERTEX_POINT('',#1035);
#1035 = CARTESIAN_POINT('',(16.,-26.65,-2.965905292183));
#1036 = LINE('',#1037,#1038);
#1037 = CARTESIAN_POINT('',(16.,-26.65,2.225075424328));
#1038 = VECTOR('',#1039,1.);
#1039 = DIRECTION('',(1.502769191856E-15,-1.110223024625E-16,-1.));
#1040 = ORIENTED_EDGE('',*,*,#1041,.F.);
#1041 = EDGE_CURVE('',#1042,#1034,#1044,.T.);
#1042 = VERTEX_POINT('',#1043);
#1043 = CARTESIAN_POINT('',(16.,-26.59777428003,-2.74342339597));
#1044 = CIRCLE('',#1045,0.5);
#1045 = AXIS2_PLACEMENT_3D('',#1046,#1047,#1048);
#1046 = CARTESIAN_POINT('',(16.,-26.15,-2.965905292183));
#1047 = DIRECTION('',(1.,8.628166150855E-32,3.330669073875E-16));
#1048 = DIRECTION('',(2.465190328816E-32,1.,-3.330669073875E-16));
#1049 = ORIENTED_EDGE('',*,*,#1050,.F.);
#1050 = EDGE_CURVE('',#1051,#1042,#1053,.T.);
#1051 = VERTEX_POINT('',#1052);
#1052 = CARTESIAN_POINT('',(16.,-27.25649411481,-0.613555250832));
#1053 = CIRCLE('',#1054,5.789099631177);
#1054 = AXIS2_PLACEMENT_3D('',#1055,#1056,#1057);
#1055 = CARTESIAN_POINT('',(16.,-21.5,6.661338147751E-16));
#1056 = DIRECTION('',(1.,1.110223024625E-16,1.110223024625E-16));
#1057 = DIRECTION('',(-1.110223024625E-16,-1.972152263053E-31,1.));
#1058 = ORIENTED_EDGE('',*,*,#1059,.F.);
#1059 = EDGE_CURVE('',#1060,#1051,#1062,.T.);
#1060 = VERTEX_POINT('',#1061);
#1061 = CARTESIAN_POINT('',(16.,-21.5,5.789099631177));
#1062 = CIRCLE('',#1063,5.789099631177);
#1063 = AXIS2_PLACEMENT_3D('',#1064,#1065,#1066);
#1064 = CARTESIAN_POINT('',(16.,-21.5,6.661338147751E-16));
#1065 = DIRECTION('',(1.,1.110223024625E-16,1.110223024625E-16));
#1066 = DIRECTION('',(-1.110223024625E-16,-1.972152263053E-31,1.));
#1067 = ORIENTED_EDGE('',*,*,#1068,.F.);
#1068 = EDGE_CURVE('',#1069,#1060,#1071,.T.);
#1069 = VERTEX_POINT('',#1070);
#1070 = CARTESIAN_POINT('',(16.,-18.58217983081,5.));
#1071 = CIRCLE('',#1072,5.789099631177);
#1072 = AXIS2_PLACEMENT_3D('',#1073,#1074,#1075);
#1073 = CARTESIAN_POINT('',(16.,-21.5,6.661338147751E-16));
#1074 = DIRECTION('',(1.,1.110223024625E-16,1.110223024625E-16));
#1075 = DIRECTION('',(-1.110223024625E-16,-1.972152263053E-31,1.));
#1076 = ORIENTED_EDGE('',*,*,#1077,.F.);
#1077 = EDGE_CURVE('',#1078,#1069,#1080,.T.);
#1078 = VERTEX_POINT('',#1079);
#1079 = CARTESIAN_POINT('',(16.,-18.17468788925,4.738773460065));
#1080 = CIRCLE('',#1081,5.789099631177);
#1081 = AXIS2_PLACEMENT_3D('',#1082,#1083,#1084);
#1082 = CARTESIAN_POINT('',(16.,-21.5,6.661338147751E-16));
#1083 = DIRECTION('',(1.,1.110223024625E-16,1.110223024625E-16));
#1084 = DIRECTION('',(-1.110223024625E-16,-1.972152263053E-31,1.));
#1085 = ORIENTED_EDGE('',*,*,#1086,.F.);
#1086 = EDGE_CURVE('',#1087,#1078,#1089,.T.);
#1087 = VERTEX_POINT('',#1088);
#1088 = CARTESIAN_POINT('',(16.,-16.40222571996,-2.743423395969));
#1089 = CIRCLE('',#1090,5.789099631177);
#1090 = AXIS2_PLACEMENT_3D('',#1091,#1092,#1093);
#1091 = CARTESIAN_POINT('',(16.,-21.5,6.661338147751E-16));
#1092 = DIRECTION('',(1.,1.110223024625E-16,1.110223024625E-16));
#1093 = DIRECTION('',(-1.110223024625E-16,-1.972152263053E-31,1.));
#1094 = ORIENTED_EDGE('',*,*,#1095,.F.);
#1095 = EDGE_CURVE('',#1096,#1087,#1098,.T.);
#1096 = VERTEX_POINT('',#1097);
#1097 = CARTESIAN_POINT('',(16.,-16.35,-2.965905292183));
#1098 = CIRCLE('',#1099,0.5);
#1099 = AXIS2_PLACEMENT_3D('',#1100,#1101,#1102);
#1100 = CARTESIAN_POINT('',(16.,-16.85,-2.965905292183));
#1101 = DIRECTION('',(1.,8.628166150855E-32,3.330669073875E-16));
#1102 = DIRECTION('',(2.465190328816E-32,1.,-3.330669073875E-16));
#1103 = ORIENTED_EDGE('',*,*,#1104,.F.);
#1104 = EDGE_CURVE('',#1105,#1096,#1107,.T.);
#1105 = VERTEX_POINT('',#1106);
#1106 = CARTESIAN_POINT('',(16.,-16.35,-5.294100490168));
#1107 = LINE('',#1108,#1109);
#1108 = CARTESIAN_POINT('',(16.,-16.35,2.225075424328));
#1109 = VECTOR('',#1110,1.);
#1110 = DIRECTION('',(-1.502769191856E-15,1.110223024625E-16,1.));
#1111 = ORIENTED_EDGE('',*,*,#1112,.T.);
#1112 = EDGE_CURVE('',#1105,#631,#1113,.T.);
#1113 = CIRCLE('',#1114,1.5);
#1114 = AXIS2_PLACEMENT_3D('',#1115,#1116,#1117);
#1115 = CARTESIAN_POINT('',(16.,-14.85,-5.294100490168));
#1116 = DIRECTION('',(1.,-5.551115123126E-16,-1.110223024625E-16));
#1117 = DIRECTION('',(5.551115123126E-16,1.,-1.110223024625E-16));
#1118 = PLANE('',#1119);
#1119 = AXIS2_PLACEMENT_3D('',#1120,#1121,#1122);
#1120 = CARTESIAN_POINT('',(16.,-7.686200817483E-15,12.433103494747));
#1121 = DIRECTION('',(1.,-1.952308495547E-16,1.280724586931E-15));
#1122 = DIRECTION('',(-1.946858401706E-15,8.011868568651E-31,1.));
#1123 = ADVANCED_FACE('',(#1124),#1135,.F.);
#1124 = FACE_BOUND('',#1125,.F.);
#1125 = EDGE_LOOP('',(#1126,#1127,#1133,#1134));
#1126 = ORIENTED_EDGE('',*,*,#657,.F.);
#1127 = ORIENTED_EDGE('',*,*,#1128,.F.);
#1128 = EDGE_CURVE('',#547,#658,#1129,.T.);
#1129 = LINE('',#1130,#1131);
#1130 = CARTESIAN_POINT('',(1.02314645782E-14,16.35,-2.965905292183));
#1131 = VECTOR('',#1132,1.);
#1132 = DIRECTION('',(1.,-2.22044604925E-16,1.110223024625E-16));
#1133 = ORIENTED_EDGE('',*,*,#555,.F.);
#1134 = ORIENTED_EDGE('',*,*,#587,.F.);
#1135 = PLANE('',#1136);
#1136 = AXIS2_PLACEMENT_3D('',#1137,#1138,#1139);
#1137 = CARTESIAN_POINT('',(9.799055328598E-15,16.35,-7.982952646092));
#1138 = DIRECTION('',(-2.2422007433E-16,-1.,1.110223024625E-16));
#1139 = DIRECTION('',(-1.,2.2422007433E-16,-1.110223024625E-16));
#1140 = ADVANCED_FACE('',(#1141),#1152,.T.);
#1141 = FACE_BOUND('',#1142,.T.);
#1142 = EDGE_LOOP('',(#1143,#1144,#1145,#1151));
#1143 = ORIENTED_EDGE('',*,*,#613,.T.);
#1144 = ORIENTED_EDGE('',*,*,#648,.F.);
#1145 = ORIENTED_EDGE('',*,*,#1146,.F.);
#1146 = EDGE_CURVE('',#74,#640,#1147,.T.);
#1147 = LINE('',#1148,#1149);
#1148 = CARTESIAN_POINT('',(-16.,-11.75320565518,-5.));
#1149 = VECTOR('',#1150,1.);
#1150 = DIRECTION('',(1.,-7.771561172376E-16,-7.771561172376E-16));
#1151 = ORIENTED_EDGE('',*,*,#73,.F.);
#1152 = PLANE('',#1153);
#1153 = AXIS2_PLACEMENT_3D('',#1154,#1155,#1156);
#1154 = CARTESIAN_POINT('',(1.538516047621E-15,5.376459078763E-15,-5.));
#1155 = DIRECTION('',(6.661338147751E-16,-1.184936407818E-15,-1.));
#1156 = DIRECTION('',(2.22044604925E-16,-1.,1.851070222593E-15));
#1157 = ADVANCED_FACE('',(#1158),#1253,.F.);
#1158 = FACE_BOUND('',#1159,.F.);
#1159 = EDGE_LOOP('',(#1160,#1179,#1187,#1206,#1225,#1233,#1250,#1251,
    #1252));
#1160 = ORIENTED_EDGE('',*,*,#1161,.F.);
#1161 = EDGE_CURVE('',#1162,#666,#1164,.T.);
#1162 = VERTEX_POINT('',#1163);
#1163 = CARTESIAN_POINT('',(15.607706707306,16.65,-2.507647722688));
#1164 = B_SPLINE_CURVE_WITH_KNOTS('',7,(#1165,#1166,#1167,#1168,#1169,
    #1170,#1171,#1172,#1173,#1174,#1175,#1176,#1177,#1178),
  .UNSPECIFIED.,.F.,.F.,(8,6,8),(0.,9.86999148215E-02,1.),
  .UNSPECIFIED.);
#1165 = CARTESIAN_POINT('',(15.607706707306,16.65,-2.507647722688));
#1166 = CARTESIAN_POINT('',(15.613401897589,16.645610666786,
    -2.509563384755));
#1167 = CARTESIAN_POINT('',(15.619099157462,16.641244390494,
    -2.511527376036));
#1168 = CARTESIAN_POINT('',(15.624798057105,16.636901457302,
    -2.513539492956));
#1169 = CARTESIAN_POINT('',(15.630498169946,16.632582159754,
    -2.515599542954));
#1170 = CARTESIAN_POINT('',(15.636199072663,16.628286796766,
    -2.517707344482));
#1171 = CARTESIAN_POINT('',(15.641900345184,16.624015673623,
    -2.519862727008));
#1172 = CARTESIAN_POINT('',(15.699663571361,16.580990594518,
    -2.542180922596));
#1173 = CARTESIAN_POINT('',(15.751694249051,16.544279758868,
    -2.566240062959));
#1174 = CARTESIAN_POINT('',(15.803418159735,16.509838979208,
    -2.594130461652));
#1175 = CARTESIAN_POINT('',(15.854531542276,16.477960286362,
    -2.625812721761));
#1176 = CARTESIAN_POINT('',(15.904660406354,16.449036981479,
    -2.661268096533));
#1177 = CARTESIAN_POINT('',(15.953353304437,16.423563561287,
    -2.700478164487));
#1178 = CARTESIAN_POINT('',(16.,16.402225719969,-2.743423395969));
#1179 = ORIENTED_EDGE('',*,*,#1180,.T.);
#1180 = EDGE_CURVE('',#1162,#1181,#1183,.T.);
#1181 = VERTEX_POINT('',#1182);
#1182 = CARTESIAN_POINT('',(0.392293292694,16.65,-2.507647722688));
#1183 = LINE('',#1184,#1185);
#1184 = CARTESIAN_POINT('',(8.35214471813E-16,16.65,-2.507647722688));
#1185 = VECTOR('',#1186,1.);
#1186 = DIRECTION('',(-1.,2.22044604925E-16,-1.110223024625E-16));
#1187 = ORIENTED_EDGE('',*,*,#1188,.T.);
#1188 = EDGE_CURVE('',#1181,#1189,#1191,.T.);
#1189 = VERTEX_POINT('',#1190);
#1190 = CARTESIAN_POINT('',(0.,16.402225719969,-2.743423395969));
#1191 = B_SPLINE_CURVE_WITH_KNOTS('',7,(#1192,#1193,#1194,#1195,#1196,
    #1197,#1198,#1199,#1200,#1201,#1202,#1203,#1204,#1205),
  .UNSPECIFIED.,.F.,.F.,(8,6,8),(0.,9.86999148216E-02,1.),
  .UNSPECIFIED.);
#1192 = CARTESIAN_POINT('',(0.392293292694,16.65,-2.507647722688));
#1193 = CARTESIAN_POINT('',(0.386598102411,16.645610666786,
    -2.509563384755));
#1194 = CARTESIAN_POINT('',(0.380900842538,16.641244390494,
    -2.511527376036));
#1195 = CARTESIAN_POINT('',(0.375201942895,16.636901457302,
    -2.513539492956));
#1196 = CARTESIAN_POINT('',(0.369501830054,16.632582159754,
    -2.515599542954));
#1197 = CARTESIAN_POINT('',(0.363800927337,16.628286796766,
    -2.517707344482));
#1198 = CARTESIAN_POINT('',(0.358099654816,16.624015673623,
    -2.519862727008));
#1199 = CARTESIAN_POINT('',(0.300336428639,16.580990594518,
    -2.542180922596));
#1200 = CARTESIAN_POINT('',(0.248305750948,16.544279758868,
    -2.566240062959));
#1201 = CARTESIAN_POINT('',(0.196581840266,16.509838979208,
    -2.594130461652));
#1202 = CARTESIAN_POINT('',(0.145468457724,16.477960286362,
    -2.625812721761));
#1203 = CARTESIAN_POINT('',(9.533959364666E-02,16.449036981479,
    -2.661268096534));
#1204 = CARTESIAN_POINT('',(4.664669556298E-02,16.423563561287,
    -2.700478164487));
#1205 = CARTESIAN_POINT('',(-5.835972376501E-16,16.402225719969,
    -2.743423395969));
#1206 = ORIENTED_EDGE('',*,*,#1207,.F.);
#1207 = EDGE_CURVE('',#1208,#1189,#1210,.T.);
#1208 = VERTEX_POINT('',#1209);
#1209 = CARTESIAN_POINT('',(-0.392293292694,16.65,-2.507647722688));
#1210 = B_SPLINE_CURVE_WITH_KNOTS('',7,(#1211,#1212,#1213,#1214,#1215,
    #1216,#1217,#1218,#1219,#1220,#1221,#1222,#1223,#1224),
  .UNSPECIFIED.,.F.,.F.,(8,6,8),(0.,9.869991482158E-02,1.),
  .UNSPECIFIED.);
#1211 = CARTESIAN_POINT('',(-0.392293292694,16.65,-2.507647722688));
#1212 = CARTESIAN_POINT('',(-0.386598102411,16.645610666786,
    -2.509563384755));
#1213 = CARTESIAN_POINT('',(-0.380900842538,16.641244390494,
    -2.511527376036));
#1214 = CARTESIAN_POINT('',(-0.375201942895,16.636901457302,
    -2.513539492956));
#1215 = CARTESIAN_POINT('',(-0.369501830054,16.632582159754,
    -2.515599542954));
#1216 = CARTESIAN_POINT('',(-0.363800927337,16.628286796766,
    -2.517707344482));
#1217 = CARTESIAN_POINT('',(-0.358099654816,16.624015673623,
    -2.519862727008));
#1218 = CARTESIAN_POINT('',(-0.300336428639,16.580990594518,
    -2.542180922596));
#1219 = CARTESIAN_POINT('',(-0.248305750948,16.544279758868,
    -2.566240062958));
#1220 = CARTESIAN_POINT('',(-0.196581840265,16.509838979208,
    -2.594130461652));
#1221 = CARTESIAN_POINT('',(-0.145468457724,16.477960286362,
    -2.625812721761));
#1222 = CARTESIAN_POINT('',(-9.533959364654E-02,16.449036981479,
    -2.661268096533));
#1223 = CARTESIAN_POINT('',(-4.664669556299E-02,16.423563561287,
    -2.700478164487));
#1224 = CARTESIAN_POINT('',(-9.166641450376E-16,16.402225719969,
    -2.743423395969));
#1225 = ORIENTED_EDGE('',*,*,#1226,.T.);
#1226 = EDGE_CURVE('',#1208,#1227,#1229,.T.);
#1227 = VERTEX_POINT('',#1228);
#1228 = CARTESIAN_POINT('',(-15.6077067073,16.65,-2.507647722688));
#1229 = LINE('',#1230,#1231);
#1230 = CARTESIAN_POINT('',(8.35214471813E-16,16.65,-2.507647722688));
#1231 = VECTOR('',#1232,1.);
#1232 = DIRECTION('',(-1.,2.22044604925E-16,-1.110223024625E-16));
#1233 = ORIENTED_EDGE('',*,*,#1234,.T.);
#1234 = EDGE_CURVE('',#1227,#538,#1235,.T.);
#1235 = B_SPLINE_CURVE_WITH_KNOTS('',7,(#1236,#1237,#1238,#1239,#1240,
    #1241,#1242,#1243,#1244,#1245,#1246,#1247,#1248,#1249),
  .UNSPECIFIED.,.F.,.F.,(8,6,8),(0.,9.86999148215E-02,1.),
  .UNSPECIFIED.);
#1236 = CARTESIAN_POINT('',(-15.6077067073,16.65,-2.507647722688));
#1237 = CARTESIAN_POINT('',(-15.61340189758,16.645610666786,
    -2.509563384755));
#1238 = CARTESIAN_POINT('',(-15.61909915746,16.641244390494,
    -2.511527376036));
#1239 = CARTESIAN_POINT('',(-15.6247980571,16.636901457302,
    -2.513539492956));
#1240 = CARTESIAN_POINT('',(-15.63049816994,16.632582159754,
    -2.515599542954));
#1241 = CARTESIAN_POINT('',(-15.63619907266,16.628286796766,
    -2.517707344482));
#1242 = CARTESIAN_POINT('',(-15.64190034518,16.624015673623,
    -2.519862727008));
#1243 = CARTESIAN_POINT('',(-15.69966357136,16.580990594518,
    -2.542180922596));
#1244 = CARTESIAN_POINT('',(-15.75169424905,16.544279758868,
    -2.566240062959));
#1245 = CARTESIAN_POINT('',(-15.80341815973,16.509838979207,
    -2.594130461652));
#1246 = CARTESIAN_POINT('',(-15.85453154227,16.477960286363,
    -2.625812721762));
#1247 = CARTESIAN_POINT('',(-15.90466040635,16.449036981479,
    -2.661268096533));
#1248 = CARTESIAN_POINT('',(-15.95335330443,16.423563561287,
    -2.700478164487));
#1249 = CARTESIAN_POINT('',(-16.,16.402225719969,-2.74342339597));
#1250 = ORIENTED_EDGE('',*,*,#546,.T.);
#1251 = ORIENTED_EDGE('',*,*,#1128,.T.);
#1252 = ORIENTED_EDGE('',*,*,#665,.F.);
#1253 = CYLINDRICAL_SURFACE('',#1254,0.5);
#1254 = AXIS2_PLACEMENT_3D('',#1255,#1256,#1257);
#1255 = CARTESIAN_POINT('',(9.878449032718E-16,16.85,-2.965905292183));
#1256 = DIRECTION('',(1.,8.628166150855E-32,3.330669073875E-16));
#1257 = DIRECTION('',(2.465190328816E-32,1.,-3.330669073875E-16));
#1258 = ADVANCED_FACE('',(#1259),#1270,.F.);
#1259 = FACE_BOUND('',#1260,.F.);
#1260 = EDGE_LOOP('',(#1261,#1267,#1268,#1269));
#1261 = ORIENTED_EDGE('',*,*,#1262,.T.);
#1262 = EDGE_CURVE('',#82,#629,#1263,.T.);
#1263 = LINE('',#1264,#1265);
#1264 = CARTESIAN_POINT('',(-16.,-13.37767137932,-5.833333333333));
#1265 = VECTOR('',#1266,1.);
#1266 = DIRECTION('',(1.,-7.771561172376E-16,-7.771561172376E-16));
#1267 = ORIENTED_EDGE('',*,*,#639,.T.);
#1268 = ORIENTED_EDGE('',*,*,#1146,.F.);
#1269 = ORIENTED_EDGE('',*,*,#81,.F.);
#1270 = CYLINDRICAL_SURFACE('',#1271,2.);
#1271 = AXIS2_PLACEMENT_3D('',#1272,#1273,#1274);
#1272 = CARTESIAN_POINT('',(-16.,-11.75320565518,-7.));
#1273 = DIRECTION('',(-1.,9.992007221626E-16,5.551115123126E-16));
#1274 = DIRECTION('',(3.330669073875E-16,-1.,8.881784197001E-16));
#1275 = ADVANCED_FACE('',(#1276),#1334,.F.);
#1276 = FACE_BOUND('',#1277,.F.);
#1277 = EDGE_LOOP('',(#1278,#1286,#1287,#1288,#1315,#1327));
#1278 = ORIENTED_EDGE('',*,*,#1279,.F.);
#1279 = EDGE_CURVE('',#529,#1280,#1282,.T.);
#1280 = VERTEX_POINT('',#1281);
#1281 = CARTESIAN_POINT('',(-15.,21.5,4.95));
#1282 = LINE('',#1283,#1284);
#1283 = CARTESIAN_POINT('',(-16.5,21.5,6.208649446766));
#1284 = VECTOR('',#1285,1.);
#1285 = DIRECTION('',(0.766044443119,-6.803841429095E-16,-0.642787609687
    ));
#1286 = ORIENTED_EDGE('',*,*,#537,.T.);
#1287 = ORIENTED_EDGE('',*,*,#1234,.F.);
#1288 = ORIENTED_EDGE('',*,*,#1289,.T.);
#1289 = EDGE_CURVE('',#1227,#1290,#1292,.T.);
#1290 = VERTEX_POINT('',#1291);
#1291 = CARTESIAN_POINT('',(-15.04795673084,16.95,-2.049390153192));
#1292 = B_SPLINE_CURVE_WITH_KNOTS('',6,(#1293,#1294,#1295,#1296,#1297,
    #1298,#1299,#1300,#1301,#1302,#1303,#1304,#1305,#1306,#1307,#1308,
    #1309,#1310,#1311,#1312,#1313,#1314),.UNSPECIFIED.,.F.,.F.,(7,5,5,5,
    7),(0.,5.921584347505E-02,0.492593205095,0.868788343077,1.),
  .UNSPECIFIED.);
#1293 = CARTESIAN_POINT('',(-15.6077067073,16.65,-2.507647722688));
#1294 = CARTESIAN_POINT('',(-15.60148039561,16.654798673151,
    -2.505553410026));
#1295 = CARTESIAN_POINT('',(-15.5952515701,16.659569025078,
    -2.503399672535));
#1296 = CARTESIAN_POINT('',(-15.58902082791,16.664310626033,
    -2.501186810392));
#1297 = CARTESIAN_POINT('',(-15.58278876723,16.669023040651,
    -2.498915102053));
#1298 = CARTESIAN_POINT('',(-15.57655598735,16.673705827947,
    -2.49658480426));
#1299 = CARTESIAN_POINT('',(-15.52470696532,16.712409912149,
    -2.476714550184));
#1300 = CARTESIAN_POINT('',(-15.47909481988,16.74484270923,
    -2.456111236205));
#1301 = CARTESIAN_POINT('',(-15.43370175563,16.775498485805,
    -2.432473711512));
#1302 = CARTESIAN_POINT('',(-15.38878223838,16.804169642675,
    -2.405828339754));
#1303 = CARTESIAN_POINT('',(-15.34464665308,16.830598800871,
    -2.376168627331));
#1304 = CARTESIAN_POINT('',(-15.26447830318,16.875080248752,
    -2.314988091611));
#1305 = CARTESIAN_POINT('',(-15.22818021975,16.893757965184,
    -2.284256082636));
#1306 = CARTESIAN_POINT('',(-15.19308159028,16.910225584865,
    -2.251150162086));
#1307 = CARTESIAN_POINT('',(-15.15960493739,16.924127621803,
    -2.21561815661));
#1308 = CARTESIAN_POINT('',(-15.12836878661,16.93498883669,
    -2.177673005922));
#1309 = CARTESIAN_POINT('',(-15.09043351338,16.944696979591,
    -2.123404593667));
#1310 = CARTESIAN_POINT('',(-15.08100540958,16.946760905233,
    -2.109097236474));
#1311 = CARTESIAN_POINT('',(-15.07199742577,16.948351955606,
    -2.094524493373));
#1312 = CARTESIAN_POINT('',(-15.06345394208,16.949441392385,
    -2.079700503195));
#1313 = CARTESIAN_POINT('',(-15.05542345089,16.95,-2.064646137306));
#1314 = CARTESIAN_POINT('',(-15.04795673084,16.95,-2.049390153192));
#1315 = ORIENTED_EDGE('',*,*,#1316,.T.);
#1316 = EDGE_CURVE('',#1290,#1317,#1319,.T.);
#1317 = VERTEX_POINT('',#1318);
#1318 = CARTESIAN_POINT('',(-15.,16.913302752294,-1.861372707945));
#1319 = B_SPLINE_CURVE_WITH_KNOTS('',6,(#1320,#1321,#1322,#1323,#1324,
    #1325,#1326),.UNSPECIFIED.,.F.,.F.,(7,7),(0.,1.),
  .PIECEWISE_BEZIER_KNOTS.);
#1320 = CARTESIAN_POINT('',(-15.04795673084,16.95,-2.049390153192));
#1321 = CARTESIAN_POINT('',(-15.03303241716,16.95,-2.018896832019));
#1322 = CARTESIAN_POINT('',(-15.0203446116,16.947768311918,
    -1.987565640167));
#1323 = CARTESIAN_POINT('',(-15.01033287866,16.943075437374,
    -1.955678354477));
#1324 = CARTESIAN_POINT('',(-15.00344224712,16.935742119318,
    -1.923643225837));
#1325 = CARTESIAN_POINT('',(-14.99999999946,16.925735383482,
    -1.892008546208));
#1326 = CARTESIAN_POINT('',(-15.,16.913302749966,-1.861372702209));
#1327 = ORIENTED_EDGE('',*,*,#1328,.F.);
#1328 = EDGE_CURVE('',#1280,#1317,#1329,.T.);
#1329 = CIRCLE('',#1330,4.95);
#1330 = AXIS2_PLACEMENT_3D('',#1331,#1332,#1333);
#1331 = CARTESIAN_POINT('',(-15.,21.5,-2.386979502944E-14));
#1332 = DIRECTION('',(1.,2.958228394579E-31,6.661338147751E-16));
#1333 = DIRECTION('',(-6.661338147751E-16,2.218671295934E-31,1.));
#1334 = CONICAL_SURFACE('',#1335,6.208649446766,0.698131700798);
#1335 = AXIS2_PLACEMENT_3D('',#1336,#1337,#1338);
#1336 = CARTESIAN_POINT('',(-16.5,21.5,-2.386979502944E-14));
#1337 = DIRECTION('',(-1.,6.661338147751E-16,-3.574525976783E-31));
#1338 = DIRECTION('',(-6.661338147751E-16,2.218671295934E-31,1.));
#1339 = ADVANCED_FACE('',(#1340),#1351,.T.);
#1340 = FACE_BOUND('',#1341,.T.);
#1341 = EDGE_LOOP('',(#1342,#1343,#1349,#1350));
#1342 = ORIENTED_EDGE('',*,*,#628,.T.);
#1343 = ORIENTED_EDGE('',*,*,#1344,.T.);
#1344 = EDGE_CURVE('',#631,#91,#1345,.T.);
#1345 = LINE('',#1346,#1347);
#1346 = CARTESIAN_POINT('',(16.,-13.67647058823,-6.228353517845));
#1347 = VECTOR('',#1348,1.);
#1348 = DIRECTION('',(-1.,5.551115123126E-16,1.110223024625E-16));
#1349 = ORIENTED_EDGE('',*,*,#90,.F.);
#1350 = ORIENTED_EDGE('',*,*,#1262,.T.);
#1351 = CYLINDRICAL_SURFACE('',#1352,10.);
#1352 = AXIS2_PLACEMENT_3D('',#1353,#1354,#1355);
#1353 = CARTESIAN_POINT('',(-16.,-21.5,3.153033389935E-14));
#1354 = DIRECTION('',(-1.,9.992007221626E-16,5.551115123126E-16));
#1355 = DIRECTION('',(3.330669073875E-16,-1.,8.881784197001E-16));
#1356 = ADVANCED_FACE('',(#1357),#1431,.F.);
#1357 = FACE_BOUND('',#1358,.F.);
#1358 = EDGE_LOOP('',(#1359,#1360,#1361,#1370,#1379,#1414));
#1359 = ORIENTED_EDGE('',*,*,#528,.T.);
#1360 = ORIENTED_EDGE('',*,*,#1279,.T.);
#1361 = ORIENTED_EDGE('',*,*,#1362,.F.);
#1362 = EDGE_CURVE('',#1363,#1280,#1365,.T.);
#1363 = VERTEX_POINT('',#1364);
#1364 = CARTESIAN_POINT('',(-15.,26.45,-3.514747270332E-14));
#1365 = CIRCLE('',#1366,4.95);
#1366 = AXIS2_PLACEMENT_3D('',#1367,#1368,#1369);
#1367 = CARTESIAN_POINT('',(-15.,21.5,-2.386979502944E-14));
#1368 = DIRECTION('',(1.,2.958228394579E-31,6.661338147751E-16));
#1369 = DIRECTION('',(-6.661338147751E-16,2.218671295934E-31,1.));
#1370 = ORIENTED_EDGE('',*,*,#1371,.F.);
#1371 = EDGE_CURVE('',#1372,#1363,#1374,.T.);
#1372 = VERTEX_POINT('',#1373);
#1373 = CARTESIAN_POINT('',(-15.,26.086697247707,-1.861372707945));
#1374 = CIRCLE('',#1375,4.95);
#1375 = AXIS2_PLACEMENT_3D('',#1376,#1377,#1378);
#1376 = CARTESIAN_POINT('',(-15.,21.5,-2.386979502944E-14));
#1377 = DIRECTION('',(1.,2.958228394579E-31,6.661338147751E-16));
#1378 = DIRECTION('',(-6.661338147751E-16,2.218671295934E-31,1.));
#1379 = ORIENTED_EDGE('',*,*,#1380,.T.);
#1380 = EDGE_CURVE('',#1372,#1381,#1383,.T.);
#1381 = VERTEX_POINT('',#1382);
#1382 = CARTESIAN_POINT('',(-15.6077067073,26.35,-2.507647722688));
#1383 = B_SPLINE_CURVE_WITH_KNOTS('',8,(#1384,#1385,#1386,#1387,#1388,
    #1389,#1390,#1391,#1392,#1393,#1394,#1395,#1396,#1397,#1398,#1399,
    #1400,#1401,#1402,#1403,#1404,#1405,#1406,#1407,#1408,#1409,#1410,
    #1411,#1412,#1413),.UNSPECIFIED.,.F.,.F.,(9,7,7,7,9),(0.,
    0.286434866829,0.805071744089,0.952907878501,1.),.UNSPECIFIED.);
#1384 = CARTESIAN_POINT('',(-15.,26.086697251303,-1.861372699082));
#1385 = CARTESIAN_POINT('',(-14.99999999914,26.073823375578,
    -1.893095828396));
#1386 = CARTESIAN_POINT('',(-15.00351526944,26.063432621515,
    -1.925825120485));
#1387 = CARTESIAN_POINT('',(-15.01054544684,26.055755344933,
    -1.958989951427));
#1388 = CARTESIAN_POINT('',(-15.02082962267,26.050795007371,
    -1.992081041267));
#1389 = CARTESIAN_POINT('',(-15.03397520549,26.048415131223,
    -2.024683167479));
#1390 = CARTESIAN_POINT('',(-15.04955308292,26.048407246153,
    -2.056488935911));
#1391 = CARTESIAN_POINT('',(-15.06715908347,26.050539826788,
    -2.087293609251));
#1392 = CARTESIAN_POINT('',(-15.1213561188,26.061918498585,
    -2.170706719346));
#1393 = CARTESIAN_POINT('',(-15.16174793059,26.07552566206,
    -2.22071778801));
#1394 = CARTESIAN_POINT('',(-15.20591067373,26.094147933107,
    -2.26686705096));
#1395 = CARTESIAN_POINT('',(-15.25268758083,26.116915518779,
    -2.309107978108));
#1396 = CARTESIAN_POINT('',(-15.30120921217,26.143123651088,
    -2.347483748194));
#1397 = CARTESIAN_POINT('',(-15.35090360488,26.172273591482,
    -2.382087568055));
#1398 = CARTESIAN_POINT('',(-15.40142411489,26.204040422072,
    -2.413027165688));
#1399 = CARTESIAN_POINT('',(-15.46722339401,26.248066799794,
    -2.448128587476));
#1400 = CARTESIAN_POINT('',(-15.48186134997,26.258026540757,
    -2.455613291827));
#1401 = CARTESIAN_POINT('',(-15.49653392415,26.268173753085,
    -2.462796077408));
#1402 = CARTESIAN_POINT('',(-15.51123362113,26.278502411781,
    -2.46967603921));
#1403 = CARTESIAN_POINT('',(-15.52595323031,26.289006822507,
    -2.476251844235));
#1404 = CARTESIAN_POINT('',(-15.54068577471,26.299681578704,
    -2.482521734883));
#1405 = CARTESIAN_POINT('',(-15.55542445985,26.310521518705,
    -2.488483532356));
#1406 = CARTESIAN_POINT('',(-15.5748573567,26.325025704846,
    -2.49593475916));
#1407 = CARTESIAN_POINT('',(-15.57955203219,26.328545980574,
    -2.497703350293));
#1408 = CARTESIAN_POINT('',(-15.58424643184,26.332082348446,
    -2.499440328533));
#1409 = CARTESIAN_POINT('',(-15.5889403387,26.335634648093,
    -2.501145604223));
#1410 = CARTESIAN_POINT('',(-15.59363353605,26.339202720376,
    -2.502819082974));
#1411 = CARTESIAN_POINT('',(-15.59832580739,26.342786407377,
    -2.504460665663));
#1412 = CARTESIAN_POINT('',(-15.60301693649,26.346385552407,
    -2.506070248431));
#1413 = CARTESIAN_POINT('',(-15.6077067073,26.35,-2.507647722688));
#1414 = ORIENTED_EDGE('',*,*,#1415,.F.);
#1415 = EDGE_CURVE('',#520,#1381,#1416,.T.);
#1416 = B_SPLINE_CURVE_WITH_KNOTS('',7,(#1417,#1418,#1419,#1420,#1421,
    #1422,#1423,#1424,#1425,#1426,#1427,#1428,#1429,#1430),
  .UNSPECIFIED.,.F.,.F.,(8,6,8),(0.,0.898158614574,1.),.UNSPECIFIED.);
#1417 = CARTESIAN_POINT('',(-16.,26.597774280031,-2.743423395969));
#1418 = CARTESIAN_POINT('',(-15.95351599111,26.57651085733,
    -2.700627941808));
#1419 = CARTESIAN_POINT('',(-15.90499981487,26.551140553699,
    -2.661541448674));
#1420 = CARTESIAN_POINT('',(-15.85505558714,26.522341980236,
    -2.626183545827));
#1421 = CARTESIAN_POINT('',(-15.80413072776,26.490605249828,
    -2.594572495595));
#1422 = CARTESIAN_POINT('',(-15.75259583294,26.456320300575,
    -2.566726725084));
#1423 = CARTESIAN_POINT('',(-15.70075196114,26.419776972203,
    -2.542684891377));
#1424 = CARTESIAN_POINT('',(-15.64298903842,26.376799551249,
    -2.520275031425));
#1425 = CARTESIAN_POINT('',(-15.63710626157,26.372396479098,
    -2.518043241227));
#1426 = CARTESIAN_POINT('',(-15.63122382149,26.367967558201,
    -2.515862085773));
#1427 = CARTESIAN_POINT('',(-15.62534217936,26.363513124629,
    -2.51373175128));
#1428 = CARTESIAN_POINT('',(-15.61946180002,26.359033507216,
    -2.511652436429));
#1429 = CARTESIAN_POINT('',(-15.61358315196,26.354529027554,
    -2.509624352363));
#1430 = CARTESIAN_POINT('',(-15.6077067073,26.35,-2.507647722688));
#1431 = CONICAL_SURFACE('',#1432,6.208649446766,0.698131700798);
#1432 = AXIS2_PLACEMENT_3D('',#1433,#1434,#1435);
#1433 = CARTESIAN_POINT('',(-16.5,21.5,-2.386979502944E-14));
#1434 = DIRECTION('',(-1.,6.661338147751E-16,-3.574525976783E-31));
#1435 = DIRECTION('',(-6.661338147751E-16,2.218671295934E-31,1.));
#1436 = ADVANCED_FACE('',(#1437),#1448,.T.);
#1437 = FACE_BOUND('',#1438,.F.);
#1438 = EDGE_LOOP('',(#1439,#1440,#1441,#1442));
#1439 = ORIENTED_EDGE('',*,*,#1112,.T.);
#1440 = ORIENTED_EDGE('',*,*,#1344,.T.);
#1441 = ORIENTED_EDGE('',*,*,#99,.F.);
#1442 = ORIENTED_EDGE('',*,*,#1443,.F.);
#1443 = EDGE_CURVE('',#1105,#100,#1444,.T.);
#1444 = LINE('',#1445,#1446);
#1445 = CARTESIAN_POINT('',(16.,-16.35,-5.294100490168));
#1446 = VECTOR('',#1447,1.);
#1447 = DIRECTION('',(-1.,5.551115123126E-16,1.110223024625E-16));
#1448 = CYLINDRICAL_SURFACE('',#1449,1.5);
#1449 = AXIS2_PLACEMENT_3D('',#1450,#1451,#1452);
#1450 = CARTESIAN_POINT('',(16.,-14.85,-5.294100490168));
#1451 = DIRECTION('',(-1.,5.551115123126E-16,1.110223024625E-16));
#1452 = DIRECTION('',(-5.551115123126E-16,-1.,1.110223024625E-16));
#1453 = ADVANCED_FACE('',(#1454),#1536,.F.);
#1454 = FACE_BOUND('',#1455,.F.);
#1455 = EDGE_LOOP('',(#1456,#1457,#1463,#1464,#1465,#1473,#1492,#1511,
    #1519));
#1456 = ORIENTED_EDGE('',*,*,#692,.F.);
#1457 = ORIENTED_EDGE('',*,*,#1458,.T.);
#1458 = EDGE_CURVE('',#693,#512,#1459,.T.);
#1459 = LINE('',#1460,#1461);
#1460 = CARTESIAN_POINT('',(9.878449032718E-16,26.65,-2.965905292183));
#1461 = VECTOR('',#1462,1.);
#1462 = DIRECTION('',(-1.,2.22044604925E-16,-1.110223024625E-16));
#1463 = ORIENTED_EDGE('',*,*,#519,.T.);
#1464 = ORIENTED_EDGE('',*,*,#1415,.T.);
#1465 = ORIENTED_EDGE('',*,*,#1466,.T.);
#1466 = EDGE_CURVE('',#1381,#1467,#1469,.T.);
#1467 = VERTEX_POINT('',#1468);
#1468 = CARTESIAN_POINT('',(-0.392293292694,26.35,-2.507647722688));
#1469 = LINE('',#1470,#1471);
#1470 = CARTESIAN_POINT('',(1.472323348719E-14,26.35,-2.507647722688));
#1471 = VECTOR('',#1472,1.);
#1472 = DIRECTION('',(1.,-2.22044604925E-16,1.110223024625E-16));
#1473 = ORIENTED_EDGE('',*,*,#1474,.F.);
#1474 = EDGE_CURVE('',#1475,#1467,#1477,.T.);
#1475 = VERTEX_POINT('',#1476);
#1476 = CARTESIAN_POINT('',(0.,26.597774280031,-2.74342339597));
#1477 = B_SPLINE_CURVE_WITH_KNOTS('',7,(#1478,#1479,#1480,#1481,#1482,
    #1483,#1484,#1485,#1486,#1487,#1488,#1489,#1490,#1491),
  .UNSPECIFIED.,.F.,.F.,(8,6,8),(0.,0.898158614574,1.),.UNSPECIFIED.);
#1478 = CARTESIAN_POINT('',(5.387284212021E-14,26.597774280031,
    -2.743423395969));
#1479 = CARTESIAN_POINT('',(-4.648400888297E-02,26.57651085733,
    -2.700627941809));
#1480 = CARTESIAN_POINT('',(-9.50001851292E-02,26.551140553699,
    -2.661541448674));
#1481 = CARTESIAN_POINT('',(-0.144944412855,26.522341980236,
    -2.626183545827));
#1482 = CARTESIAN_POINT('',(-0.195869272233,26.490605249828,
    -2.594572495595));
#1483 = CARTESIAN_POINT('',(-0.247404167052,26.456320300575,
    -2.566726725084));
#1484 = CARTESIAN_POINT('',(-0.299248038851,26.419776972203,
    -2.542684891377));
#1485 = CARTESIAN_POINT('',(-0.357010961577,26.376799551249,
    -2.520275031425));
#1486 = CARTESIAN_POINT('',(-0.362893738426,26.372396479098,
    -2.518043241227));
#1487 = CARTESIAN_POINT('',(-0.368776178507,26.367967558201,
    -2.515862085773));
#1488 = CARTESIAN_POINT('',(-0.374657820635,26.363513124629,
    -2.51373175128));
#1489 = CARTESIAN_POINT('',(-0.380538199973,26.359033507216,
    -2.511652436429));
#1490 = CARTESIAN_POINT('',(-0.386416848037,26.354529027554,
    -2.509624352363));
#1491 = CARTESIAN_POINT('',(-0.392293292694,26.35,-2.507647722688));
#1492 = ORIENTED_EDGE('',*,*,#1493,.T.);
#1493 = EDGE_CURVE('',#1475,#1494,#1496,.T.);
#1494 = VERTEX_POINT('',#1495);
#1495 = CARTESIAN_POINT('',(0.392293292694,26.35,-2.507647722688));
#1496 = B_SPLINE_CURVE_WITH_KNOTS('',7,(#1497,#1498,#1499,#1500,#1501,
    #1502,#1503,#1504,#1505,#1506,#1507,#1508,#1509,#1510),
  .UNSPECIFIED.,.F.,.F.,(8,6,8),(0.,0.898158614574,1.),.UNSPECIFIED.);
#1497 = CARTESIAN_POINT('',(-3.566856886729E-14,26.597774280031,
    -2.74342339597));
#1498 = CARTESIAN_POINT('',(4.648400888298E-02,26.57651085733,
    -2.700627941809));
#1499 = CARTESIAN_POINT('',(9.500018512928E-02,26.551140553699,
    -2.661541448674));
#1500 = CARTESIAN_POINT('',(0.144944412855,26.522341980236,
    -2.626183545827));
#1501 = CARTESIAN_POINT('',(0.195869272233,26.490605249828,
    -2.594572495595));
#1502 = CARTESIAN_POINT('',(0.247404167052,26.456320300575,
    -2.566726725084));
#1503 = CARTESIAN_POINT('',(0.299248038851,26.419776972203,
    -2.542684891377));
#1504 = CARTESIAN_POINT('',(0.357010961577,26.376799551249,
    -2.520275031425));
#1505 = CARTESIAN_POINT('',(0.362893738426,26.372396479098,
    -2.518043241227));
#1506 = CARTESIAN_POINT('',(0.368776178507,26.367967558201,
    -2.515862085773));
#1507 = CARTESIAN_POINT('',(0.374657820635,26.363513124629,
    -2.51373175128));
#1508 = CARTESIAN_POINT('',(0.380538199973,26.359033507216,
    -2.511652436429));
#1509 = CARTESIAN_POINT('',(0.386416848037,26.354529027554,
    -2.509624352363));
#1510 = CARTESIAN_POINT('',(0.392293292694,26.35,-2.507647722688));
#1511 = ORIENTED_EDGE('',*,*,#1512,.T.);
#1512 = EDGE_CURVE('',#1494,#1513,#1515,.T.);
#1513 = VERTEX_POINT('',#1514);
#1514 = CARTESIAN_POINT('',(15.607706707306,26.35,-2.507647722688));
#1515 = LINE('',#1516,#1517);
#1516 = CARTESIAN_POINT('',(1.472323348719E-14,26.35,-2.507647722688));
#1517 = VECTOR('',#1518,1.);
#1518 = DIRECTION('',(1.,-2.22044604925E-16,1.110223024625E-16));
#1519 = ORIENTED_EDGE('',*,*,#1520,.F.);
#1520 = EDGE_CURVE('',#684,#1513,#1521,.T.);
#1521 = B_SPLINE_CURVE_WITH_KNOTS('',7,(#1522,#1523,#1524,#1525,#1526,
    #1527,#1528,#1529,#1530,#1531,#1532,#1533,#1534,#1535),
  .UNSPECIFIED.,.F.,.F.,(8,6,8),(0.,0.898158614574,1.),.UNSPECIFIED.);
#1522 = CARTESIAN_POINT('',(16.,26.597774280031,-2.743423395969));
#1523 = CARTESIAN_POINT('',(15.953515991117,26.57651085733,
    -2.700627941809));
#1524 = CARTESIAN_POINT('',(15.904999814871,26.551140553699,
    -2.661541448674));
#1525 = CARTESIAN_POINT('',(15.855055587145,26.522341980236,
    -2.626183545827));
#1526 = CARTESIAN_POINT('',(15.804130727767,26.490605249828,
    -2.594572495595));
#1527 = CARTESIAN_POINT('',(15.752595832948,26.456320300575,
    -2.566726725084));
#1528 = CARTESIAN_POINT('',(15.700751961149,26.419776972203,
    -2.542684891377));
#1529 = CARTESIAN_POINT('',(15.642989038423,26.376799551249,
    -2.520275031425));
#1530 = CARTESIAN_POINT('',(15.637106261574,26.372396479098,
    -2.518043241227));
#1531 = CARTESIAN_POINT('',(15.631223821493,26.367967558201,
    -2.515862085773));
#1532 = CARTESIAN_POINT('',(15.625342179365,26.363513124629,
    -2.51373175128));
#1533 = CARTESIAN_POINT('',(15.619461800027,26.359033507216,
    -2.511652436429));
#1534 = CARTESIAN_POINT('',(15.613583151963,26.354529027554,
    -2.509624352363));
#1535 = CARTESIAN_POINT('',(15.607706707306,26.35,-2.507647722687));
#1536 = CYLINDRICAL_SURFACE('',#1537,0.5);
#1537 = AXIS2_PLACEMENT_3D('',#1538,#1539,#1540);
#1538 = CARTESIAN_POINT('',(9.878449032718E-16,26.15,-2.965905292183));
#1539 = DIRECTION('',(1.,8.628166150855E-32,3.330669073875E-16));
#1540 = DIRECTION('',(2.465190328816E-32,1.,-3.330669073875E-16));
#1541 = ADVANCED_FACE('',(#1542),#1553,.F.);
#1542 = FACE_BOUND('',#1543,.F.);
#1543 = EDGE_LOOP('',(#1544,#1545,#1551,#1552));
#1544 = ORIENTED_EDGE('',*,*,#108,.F.);
#1545 = ORIENTED_EDGE('',*,*,#1546,.F.);
#1546 = EDGE_CURVE('',#1096,#109,#1547,.T.);
#1547 = LINE('',#1548,#1549);
#1548 = CARTESIAN_POINT('',(9.878449032718E-16,-16.35,-2.965905292183));
#1549 = VECTOR('',#1550,1.);
#1550 = DIRECTION('',(-1.,2.22044604925E-16,-1.110223024625E-16));
#1551 = ORIENTED_EDGE('',*,*,#1104,.F.);
#1552 = ORIENTED_EDGE('',*,*,#1443,.T.);
#1553 = PLANE('',#1554);
#1554 = AXIS2_PLACEMENT_3D('',#1555,#1556,#1557);
#1555 = CARTESIAN_POINT('',(2.000381976391E-15,-16.35,-7.982952646092));
#1556 = DIRECTION('',(2.259328320936E-16,1.,-1.110223024625E-16));
#1557 = DIRECTION('',(1.,-2.259328320936E-16,1.110223024625E-16));
#1558 = ADVANCED_FACE('',(#1559),#1570,.F.);
#1559 = FACE_BOUND('',#1560,.F.);
#1560 = EDGE_LOOP('',(#1561,#1562,#1563,#1564));
#1561 = ORIENTED_EDGE('',*,*,#511,.F.);
#1562 = ORIENTED_EDGE('',*,*,#1458,.F.);
#1563 = ORIENTED_EDGE('',*,*,#701,.F.);
#1564 = ORIENTED_EDGE('',*,*,#1565,.T.);
#1565 = EDGE_CURVE('',#702,#503,#1566,.T.);
#1566 = LINE('',#1567,#1568);
#1567 = CARTESIAN_POINT('',(16.,26.65,-5.294100490168));
#1568 = VECTOR('',#1569,1.);
#1569 = DIRECTION('',(-1.,1.7763568394E-15,-1.221245327088E-15));
#1570 = PLANE('',#1571);
#1571 = AXIS2_PLACEMENT_3D('',#1572,#1573,#1574);
#1572 = CARTESIAN_POINT('',(1.091315152177E-14,26.65,-7.982952646092));
#1573 = DIRECTION('',(2.233636954483E-16,1.,-1.110223024625E-16));
#1574 = DIRECTION('',(1.,-2.233636954483E-16,1.110223024625E-16));
#1575 = ADVANCED_FACE('',(#1576),#1671,.F.);
#1576 = FACE_BOUND('',#1577,.F.);
#1577 = EDGE_LOOP('',(#1578,#1579,#1580,#1581,#1600,#1608,#1627,#1646,
    #1654));
#1578 = ORIENTED_EDGE('',*,*,#1095,.F.);
#1579 = ORIENTED_EDGE('',*,*,#1546,.T.);
#1580 = ORIENTED_EDGE('',*,*,#116,.T.);
#1581 = ORIENTED_EDGE('',*,*,#1582,.T.);
#1582 = EDGE_CURVE('',#117,#1583,#1585,.T.);
#1583 = VERTEX_POINT('',#1584);
#1584 = CARTESIAN_POINT('',(-15.6077067073,-16.65,-2.507647722688));
#1585 = B_SPLINE_CURVE_WITH_KNOTS('',7,(#1586,#1587,#1588,#1589,#1590,
    #1591,#1592,#1593,#1594,#1595,#1596,#1597,#1598,#1599),
  .UNSPECIFIED.,.F.,.F.,(8,6,8),(0.,0.898158614574,1.),.UNSPECIFIED.);
#1586 = CARTESIAN_POINT('',(-16.,-16.40222571996,-2.743423395969));
#1587 = CARTESIAN_POINT('',(-15.95351599111,-16.42348914267,
    -2.700627941808));
#1588 = CARTESIAN_POINT('',(-15.90499981487,-16.4488594463,
    -2.661541448674));
#1589 = CARTESIAN_POINT('',(-15.85505558714,-16.47765801976,
    -2.626183545827));
#1590 = CARTESIAN_POINT('',(-15.80413072776,-16.50939475017,
    -2.594572495595));
#1591 = CARTESIAN_POINT('',(-15.75259583294,-16.54367969942,
    -2.566726725084));
#1592 = CARTESIAN_POINT('',(-15.70075196114,-16.58022302779,
    -2.542684891377));
#1593 = CARTESIAN_POINT('',(-15.64298903842,-16.62320044875,
    -2.520275031425));
#1594 = CARTESIAN_POINT('',(-15.63710626157,-16.6276035209,
    -2.518043241227));
#1595 = CARTESIAN_POINT('',(-15.63122382149,-16.63203244179,
    -2.515862085773));
#1596 = CARTESIAN_POINT('',(-15.62534217936,-16.63648687537,
    -2.51373175128));
#1597 = CARTESIAN_POINT('',(-15.61946180002,-16.64096649278,
    -2.511652436429));
#1598 = CARTESIAN_POINT('',(-15.61358315196,-16.64547097244,
    -2.509624352363));
#1599 = CARTESIAN_POINT('',(-15.6077067073,-16.65,-2.507647722687));
#1600 = ORIENTED_EDGE('',*,*,#1601,.T.);
#1601 = EDGE_CURVE('',#1583,#1602,#1604,.T.);
#1602 = VERTEX_POINT('',#1603);
#1603 = CARTESIAN_POINT('',(-0.392293292694,-16.65,-2.507647722687));
#1604 = LINE('',#1605,#1606);
#1605 = CARTESIAN_POINT('',(-4.372602536362E-15,-16.65,-2.507647722687)
  );
#1606 = VECTOR('',#1607,1.);
#1607 = DIRECTION('',(1.,-2.22044604925E-16,1.110223024625E-16));
#1608 = ORIENTED_EDGE('',*,*,#1609,.F.);
#1609 = EDGE_CURVE('',#1610,#1602,#1612,.T.);
#1610 = VERTEX_POINT('',#1611);
#1611 = CARTESIAN_POINT('',(0.,-16.40222571996,-2.74342339597));
#1612 = B_SPLINE_CURVE_WITH_KNOTS('',7,(#1613,#1614,#1615,#1616,#1617,
    #1618,#1619,#1620,#1621,#1622,#1623,#1624,#1625,#1626),
  .UNSPECIFIED.,.F.,.F.,(8,6,8),(0.,0.898158614574,1.),.UNSPECIFIED.);
#1613 = CARTESIAN_POINT('',(3.499905070159E-14,-16.40222571996,
    -2.743423395969));
#1614 = CARTESIAN_POINT('',(-4.648400888299E-02,-16.42348914267,
    -2.700627941808));
#1615 = CARTESIAN_POINT('',(-9.500018512921E-02,-16.4488594463,
    -2.661541448674));
#1616 = CARTESIAN_POINT('',(-0.144944412855,-16.47765801976,
    -2.626183545827));
#1617 = CARTESIAN_POINT('',(-0.195869272233,-16.50939475017,
    -2.594572495595));
#1618 = CARTESIAN_POINT('',(-0.247404167052,-16.54367969942,
    -2.566726725084));
#1619 = CARTESIAN_POINT('',(-0.299248038851,-16.58022302779,
    -2.542684891377));
#1620 = CARTESIAN_POINT('',(-0.357010961577,-16.62320044875,
    -2.520275031425));
#1621 = CARTESIAN_POINT('',(-0.362893738426,-16.6276035209,
    -2.518043241227));
#1622 = CARTESIAN_POINT('',(-0.368776178507,-16.63203244179,
    -2.515862085773));
#1623 = CARTESIAN_POINT('',(-0.374657820635,-16.63648687537,
    -2.51373175128));
#1624 = CARTESIAN_POINT('',(-0.380538199973,-16.64096649278,
    -2.511652436429));
#1625 = CARTESIAN_POINT('',(-0.386416848036,-16.64547097244,
    -2.509624352363));
#1626 = CARTESIAN_POINT('',(-0.392293292694,-16.65,-2.507647722687));
#1627 = ORIENTED_EDGE('',*,*,#1628,.T.);
#1628 = EDGE_CURVE('',#1610,#1629,#1631,.T.);
#1629 = VERTEX_POINT('',#1630);
#1630 = CARTESIAN_POINT('',(0.392293292694,-16.65,-2.507647722687));
#1631 = B_SPLINE_CURVE_WITH_KNOTS('',7,(#1632,#1633,#1634,#1635,#1636,
    #1637,#1638,#1639,#1640,#1641,#1642,#1643,#1644,#1645),
  .UNSPECIFIED.,.F.,.F.,(8,6,8),(0.,0.898158614574,1.),.UNSPECIFIED.);
#1632 = CARTESIAN_POINT('',(-3.566856886729E-14,-16.40222571996,
    -2.743423395969));
#1633 = CARTESIAN_POINT('',(4.648400888299E-02,-16.42348914267,
    -2.700627941808));
#1634 = CARTESIAN_POINT('',(9.500018512925E-02,-16.4488594463,
    -2.661541448674));
#1635 = CARTESIAN_POINT('',(0.144944412855,-16.47765801976,
    -2.626183545827));
#1636 = CARTESIAN_POINT('',(0.195869272233,-16.50939475017,
    -2.594572495595));
#1637 = CARTESIAN_POINT('',(0.247404167052,-16.54367969942,
    -2.566726725084));
#1638 = CARTESIAN_POINT('',(0.299248038851,-16.58022302779,
    -2.542684891377));
#1639 = CARTESIAN_POINT('',(0.357010961577,-16.62320044875,
    -2.520275031425));
#1640 = CARTESIAN_POINT('',(0.362893738426,-16.6276035209,
    -2.518043241227));
#1641 = CARTESIAN_POINT('',(0.368776178507,-16.63203244179,
    -2.515862085773));
#1642 = CARTESIAN_POINT('',(0.374657820635,-16.63648687537,
    -2.51373175128));
#1643 = CARTESIAN_POINT('',(0.380538199973,-16.64096649278,
    -2.511652436429));
#1644 = CARTESIAN_POINT('',(0.386416848036,-16.64547097244,
    -2.509624352363));
#1645 = CARTESIAN_POINT('',(0.392293292694,-16.65,-2.507647722687));
#1646 = ORIENTED_EDGE('',*,*,#1647,.T.);
#1647 = EDGE_CURVE('',#1629,#1648,#1650,.T.);
#1648 = VERTEX_POINT('',#1649);
#1649 = CARTESIAN_POINT('',(15.607706707306,-16.65,-2.507647722687));
#1650 = LINE('',#1651,#1652);
#1651 = CARTESIAN_POINT('',(-4.372602536362E-15,-16.65,-2.507647722687)
  );
#1652 = VECTOR('',#1653,1.);
#1653 = DIRECTION('',(1.,-2.22044604925E-16,1.110223024625E-16));
#1654 = ORIENTED_EDGE('',*,*,#1655,.F.);
#1655 = EDGE_CURVE('',#1087,#1648,#1656,.T.);
#1656 = B_SPLINE_CURVE_WITH_KNOTS('',7,(#1657,#1658,#1659,#1660,#1661,
    #1662,#1663,#1664,#1665,#1666,#1667,#1668,#1669,#1670),
  .UNSPECIFIED.,.F.,.F.,(8,6,8),(0.,0.898158614574,1.),.UNSPECIFIED.);
#1657 = CARTESIAN_POINT('',(16.,-16.40222571996,-2.743423395969));
#1658 = CARTESIAN_POINT('',(15.953515991117,-16.42348914267,
    -2.700627941808));
#1659 = CARTESIAN_POINT('',(15.904999814871,-16.4488594463,
    -2.661541448674));
#1660 = CARTESIAN_POINT('',(15.855055587145,-16.47765801976,
    -2.626183545827));
#1661 = CARTESIAN_POINT('',(15.804130727767,-16.50939475017,
    -2.594572495595));
#1662 = CARTESIAN_POINT('',(15.752595832948,-16.54367969942,
    -2.566726725084));
#1663 = CARTESIAN_POINT('',(15.700751961149,-16.58022302779,
    -2.542684891377));
#1664 = CARTESIAN_POINT('',(15.642989038423,-16.62320044875,
    -2.520275031425));
#1665 = CARTESIAN_POINT('',(15.637106261574,-16.6276035209,
    -2.518043241227));
#1666 = CARTESIAN_POINT('',(15.631223821493,-16.63203244179,
    -2.515862085773));
#1667 = CARTESIAN_POINT('',(15.625342179365,-16.63648687537,
    -2.51373175128));
#1668 = CARTESIAN_POINT('',(15.619461800027,-16.64096649278,
    -2.511652436429));
#1669 = CARTESIAN_POINT('',(15.613583151964,-16.64547097244,
    -2.509624352363));
#1670 = CARTESIAN_POINT('',(15.607706707306,-16.65,-2.507647722687));
#1671 = CYLINDRICAL_SURFACE('',#1672,0.5);
#1672 = AXIS2_PLACEMENT_3D('',#1673,#1674,#1675);
#1673 = CARTESIAN_POINT('',(9.878449032718E-16,-16.85,-2.965905292183));
#1674 = DIRECTION('',(1.,8.628166150855E-32,3.330669073875E-16));
#1675 = DIRECTION('',(2.465190328816E-32,1.,-3.330669073875E-16));
#1676 = ADVANCED_FACE('',(#1677),#1688,.T.);
#1677 = FACE_BOUND('',#1678,.F.);
#1678 = EDGE_LOOP('',(#1679,#1680,#1686,#1687));
#1679 = ORIENTED_EDGE('',*,*,#709,.T.);
#1680 = ORIENTED_EDGE('',*,*,#1681,.T.);
#1681 = EDGE_CURVE('',#710,#494,#1682,.T.);
#1682 = LINE('',#1683,#1684);
#1683 = CARTESIAN_POINT('',(16.,29.323529411765,-6.228353517845));
#1684 = VECTOR('',#1685,1.);
#1685 = DIRECTION('',(-1.,1.7763568394E-15,-1.221245327088E-15));
#1686 = ORIENTED_EDGE('',*,*,#502,.F.);
#1687 = ORIENTED_EDGE('',*,*,#1565,.F.);
#1688 = CYLINDRICAL_SURFACE('',#1689,1.5);
#1689 = AXIS2_PLACEMENT_3D('',#1690,#1691,#1692);
#1690 = CARTESIAN_POINT('',(16.,28.15,-5.294100490168));
#1691 = DIRECTION('',(-1.,1.7763568394E-15,-1.221245327088E-15));
#1692 = DIRECTION('',(-1.7763568394E-15,-1.,1.110223024625E-16));
#1693 = ADVANCED_FACE('',(#1694),#1750,.F.);
#1694 = FACE_BOUND('',#1695,.T.);
#1695 = EDGE_LOOP('',(#1696,#1704,#1705,#1706,#1707,#1708,#1743));
#1696 = ORIENTED_EDGE('',*,*,#1697,.F.);
#1697 = EDGE_CURVE('',#144,#1698,#1700,.T.);
#1698 = VERTEX_POINT('',#1699);
#1699 = CARTESIAN_POINT('',(-15.,-21.5,4.95));
#1700 = LINE('',#1701,#1702);
#1701 = CARTESIAN_POINT('',(-16.5,-21.5,6.208649446766));
#1702 = VECTOR('',#1703,1.);
#1703 = DIRECTION('',(0.766044443119,-3.646181131263E-16,-0.642787609687
    ));
#1704 = ORIENTED_EDGE('',*,*,#143,.F.);
#1705 = ORIENTED_EDGE('',*,*,#134,.F.);
#1706 = ORIENTED_EDGE('',*,*,#125,.F.);
#1707 = ORIENTED_EDGE('',*,*,#1582,.T.);
#1708 = ORIENTED_EDGE('',*,*,#1709,.F.);
#1709 = EDGE_CURVE('',#1710,#1583,#1712,.T.);
#1710 = VERTEX_POINT('',#1711);
#1711 = CARTESIAN_POINT('',(-15.,-16.91330275229,-1.861372707945));
#1712 = B_SPLINE_CURVE_WITH_KNOTS('',8,(#1713,#1714,#1715,#1716,#1717,
    #1718,#1719,#1720,#1721,#1722,#1723,#1724,#1725,#1726,#1727,#1728,
    #1729,#1730,#1731,#1732,#1733,#1734,#1735,#1736,#1737,#1738,#1739,
    #1740,#1741,#1742),.UNSPECIFIED.,.F.,.F.,(9,7,7,7,9),(0.,
    0.286434869558,0.805071751389,0.952907886593,1.),.UNSPECIFIED.);
#1713 = CARTESIAN_POINT('',(-15.,-16.91330275242,-1.861372708258));
#1714 = CARTESIAN_POINT('',(-15.00000000003,-16.9261766275,
    -1.893095837797));
#1715 = CARTESIAN_POINT('',(-15.00351527121,-16.93656738088,
    -1.925825129992));
#1716 = CARTESIAN_POINT('',(-15.01054544945,-16.94424465677,
    -1.95898996092));
#1717 = CARTESIAN_POINT('',(-15.02082962602,-16.94920499367,
    -1.992081050645));
#1718 = CARTESIAN_POINT('',(-15.0339752095,-16.95158486919,
    -2.024683176661));
#1719 = CARTESIAN_POINT('',(-15.04955308748,-16.95159275369,
    -2.056488944843));
#1720 = CARTESIAN_POINT('',(-15.0671590885,-16.94946017254,
    -2.087293617903));
#1721 = CARTESIAN_POINT('',(-15.12135612495,-16.93808149942,
    -2.170706727145));
#1722 = CARTESIAN_POINT('',(-15.16174793721,-16.92447433527,
    -2.220717795206));
#1723 = CARTESIAN_POINT('',(-15.20591068066,-16.90585206367,
    -2.266867057558));
#1724 = CARTESIAN_POINT('',(-15.25268758797,-16.88308447754,
    -2.30910798413));
#1725 = CARTESIAN_POINT('',(-15.30120921943,-16.85687634485,
    -2.347483753667));
#1726 = CARTESIAN_POINT('',(-15.35090361222,-16.82772640413,
    -2.382087573003));
#1727 = CARTESIAN_POINT('',(-15.40142412227,-16.79595957324,
    -2.413027170124));
#1728 = CARTESIAN_POINT('',(-15.46722340132,-16.75193319524,
    -2.448128591231));
#1729 = CARTESIAN_POINT('',(-15.48186135722,-16.74197345424,
    -2.455613295413));
#1730 = CARTESIAN_POINT('',(-15.49653393134,-16.73182624189,
    -2.462796080827));
#1731 = CARTESIAN_POINT('',(-15.51123362826,-16.72149758317,
    -2.469676042466));
#1732 = CARTESIAN_POINT('',(-15.52595323737,-16.71099317242,
    -2.476251847329));
#1733 = CARTESIAN_POINT('',(-15.5406857817,-16.70031841621,
    -2.482521737818));
#1734 = CARTESIAN_POINT('',(-15.55542446677,-16.68947847619,
    -2.488483535135));
#1735 = CARTESIAN_POINT('',(-15.57485736268,-16.67497429066,
    -2.495934761415));
#1736 = CARTESIAN_POINT('',(-15.57955203732,-16.67145401555,
    -2.497703352192));
#1737 = CARTESIAN_POINT('',(-15.58424643612,-16.66791764831,
    -2.499440330086));
#1738 = CARTESIAN_POINT('',(-15.58894034212,-16.6643653493,
    -2.501145605443));
#1739 = CARTESIAN_POINT('',(-15.59363353861,-16.66079727766,
    -2.502819083871));
#1740 = CARTESIAN_POINT('',(-15.5983258091,-16.65721359131,
    -2.504460666249));
#1741 = CARTESIAN_POINT('',(-15.60301693734,-16.65361444693,
    -2.506070248719));
#1742 = CARTESIAN_POINT('',(-15.6077067073,-16.65,-2.507647722688));
#1743 = ORIENTED_EDGE('',*,*,#1744,.F.);
#1744 = EDGE_CURVE('',#1698,#1710,#1745,.T.);
#1745 = CIRCLE('',#1746,4.95);
#1746 = AXIS2_PLACEMENT_3D('',#1747,#1748,#1749);
#1747 = CARTESIAN_POINT('',(-15.,-21.5,2.597921877623E-14));
#1748 = DIRECTION('',(-1.,-5.551115123126E-16,-9.992007221626E-16));
#1749 = DIRECTION('',(-9.992007221626E-16,-2.22044604925E-16,1.));
#1750 = CONICAL_SURFACE('',#1751,6.208649446766,0.698131700798);
#1751 = AXIS2_PLACEMENT_3D('',#1752,#1753,#1754);
#1752 = CARTESIAN_POINT('',(-16.5,-21.5,2.714495295209E-14));
#1753 = DIRECTION('',(-1.,7.771561172376E-16,7.771561172376E-16));
#1754 = DIRECTION('',(-9.992007221626E-16,-2.22044604925E-16,1.));
#1755 = ADVANCED_FACE('',(#1756),#1767,.T.);
#1756 = FACE_BOUND('',#1757,.F.);
#1757 = EDGE_LOOP('',(#1758,#1759,#1760,#1761));
#1758 = ORIENTED_EDGE('',*,*,#493,.F.);
#1759 = ORIENTED_EDGE('',*,*,#1681,.F.);
#1760 = ORIENTED_EDGE('',*,*,#718,.T.);
#1761 = ORIENTED_EDGE('',*,*,#1762,.F.);
#1762 = EDGE_CURVE('',#486,#719,#1763,.T.);
#1763 = LINE('',#1764,#1765);
#1764 = CARTESIAN_POINT('',(-16.,31.080192795969,-2.867037842804));
#1765 = VECTOR('',#1766,1.);
#1766 = DIRECTION('',(1.,-3.330669073875E-15,-6.661338147751E-16));
#1767 = CYLINDRICAL_SURFACE('',#1768,10.);
#1768 = AXIS2_PLACEMENT_3D('',#1769,#1770,#1771);
#1769 = CARTESIAN_POINT('',(-16.,21.5,-9.020562075079E-14));
#1770 = DIRECTION('',(-1.,3.552713678801E-15,5.551115123126E-16));
#1771 = DIRECTION('',(-1.7763568394E-15,1.,-4.773959005888E-15));
#1772 = ADVANCED_FACE('',(#1773),#1816,.T.);
#1773 = FACE_BOUND('',#1774,.T.);
#1774 = EDGE_LOOP('',(#1775,#1776,#1784,#1792,#1800,#1808,#1814,#1815));
#1775 = ORIENTED_EDGE('',*,*,#485,.F.);
#1776 = ORIENTED_EDGE('',*,*,#1777,.T.);
#1777 = EDGE_CURVE('',#477,#1778,#1780,.T.);
#1778 = VERTEX_POINT('',#1779);
#1779 = CARTESIAN_POINT('',(-11.,39.686780047363,25.89183096342));
#1780 = LINE('',#1781,#1782);
#1781 = CARTESIAN_POINT('',(-16.,39.686780047363,25.89183096342));
#1782 = VECTOR('',#1783,1.);
#1783 = DIRECTION('',(1.,-3.330669073875E-15,-6.661338147751E-16));
#1784 = ORIENTED_EDGE('',*,*,#1785,.T.);
#1785 = EDGE_CURVE('',#1778,#1786,#1788,.T.);
#1786 = VERTEX_POINT('',#1787);
#1787 = CARTESIAN_POINT('',(-11.,35.982217782774,13.513054447263));
#1788 = LINE('',#1789,#1790);
#1789 = CARTESIAN_POINT('',(-11.,40.742593322436,29.419825809084));
#1790 = VECTOR('',#1791,1.);
#1791 = DIRECTION('',(2.424574716244E-15,-0.28670378428,-0.958019279597)
  );
#1792 = ORIENTED_EDGE('',*,*,#1793,.F.);
#1793 = EDGE_CURVE('',#1794,#1786,#1796,.T.);
#1794 = VERTEX_POINT('',#1795);
#1795 = CARTESIAN_POINT('',(11.,35.982217782774,13.513054447263));
#1796 = LINE('',#1797,#1798);
#1797 = CARTESIAN_POINT('',(11.,35.982217782774,13.513054447263));
#1798 = VECTOR('',#1799,1.);
#1799 = DIRECTION('',(-1.,1.998401444325E-15,3.330669073875E-16));
#1800 = ORIENTED_EDGE('',*,*,#1801,.F.);
#1801 = EDGE_CURVE('',#1802,#1794,#1804,.T.);
#1802 = VERTEX_POINT('',#1803);
#1803 = CARTESIAN_POINT('',(11.,39.686780047363,25.89183096342));
#1804 = LINE('',#1805,#1806);
#1805 = CARTESIAN_POINT('',(11.,40.742593322436,29.419825809084));
#1806 = VECTOR('',#1807,1.);
#1807 = DIRECTION('',(2.424574716244E-15,-0.28670378428,-0.958019279597)
  );
#1808 = ORIENTED_EDGE('',*,*,#1809,.T.);
#1809 = EDGE_CURVE('',#1802,#728,#1810,.T.);
#1810 = LINE('',#1811,#1812);
#1811 = CARTESIAN_POINT('',(-16.,39.686780047363,25.89183096342));
#1812 = VECTOR('',#1813,1.);
#1813 = DIRECTION('',(1.,-3.330669073875E-15,-6.661338147751E-16));
#1814 = ORIENTED_EDGE('',*,*,#727,.T.);
#1815 = ORIENTED_EDGE('',*,*,#1762,.F.);
#1816 = PLANE('',#1817);
#1817 = AXIS2_PLACEMENT_3D('',#1818,#1819,#1820);
#1818 = CARTESIAN_POINT('',(-16.,39.686780047363,25.89183096342));
#1819 = DIRECTION('',(-1.304395614929E-16,0.958019279597,-0.28670378428)
  );
#1820 = DIRECTION('',(4.487364436102E-15,-0.28670378428,-0.958019279597)
  );
#1821 = ADVANCED_FACE('',(#1822),#1842,.T.);
#1822 = FACE_BOUND('',#1823,.F.);
#1823 = EDGE_LOOP('',(#1824,#1832,#1833,#1834,#1835));
#1824 = ORIENTED_EDGE('',*,*,#1825,.F.);
#1825 = EDGE_CURVE('',#459,#1826,#1828,.T.);
#1826 = VERTEX_POINT('',#1827);
#1827 = CARTESIAN_POINT('',(-11.,32.505625627256,34.882621463359));
#1828 = LINE('',#1829,#1830);
#1829 = CARTESIAN_POINT('',(-8.873926070336E-14,32.505625627256,
    34.882621463359));
#1830 = VECTOR('',#1831,1.);
#1831 = DIRECTION('',(1.,-1.554312234475E-15,-2.22044604925E-16));
#1832 = ORIENTED_EDGE('',*,*,#467,.F.);
#1833 = ORIENTED_EDGE('',*,*,#476,.F.);
#1834 = ORIENTED_EDGE('',*,*,#1777,.T.);
#1835 = ORIENTED_EDGE('',*,*,#1836,.F.);
#1836 = EDGE_CURVE('',#1826,#1778,#1837,.T.);
#1837 = CIRCLE('',#1838,7.);
#1838 = AXIS2_PLACEMENT_3D('',#1839,#1840,#1841);
#1839 = CARTESIAN_POINT('',(-11.,32.980645090185,27.898757453383));
#1840 = DIRECTION('',(-1.,-4.646883769818E-30,-2.997602166488E-15));
#1841 = DIRECTION('',(7.001140533836E-30,1.,-3.885780586188E-15));
#1842 = CYLINDRICAL_SURFACE('',#1843,7.);
#1843 = AXIS2_PLACEMENT_3D('',#1844,#1845,#1846);
#1844 = CARTESIAN_POINT('',(-16.,32.980645090185,27.898757453383));
#1845 = DIRECTION('',(-1.,3.330669073875E-15,3.330669073875E-16));
#1846 = DIRECTION('',(-1.554312234475E-15,1.,-4.551914400963E-15));
#1847 = ADVANCED_FACE('',(#1848),#1927,.F.);
#1848 = FACE_BOUND('',#1849,.T.);
#1849 = EDGE_LOOP('',(#1850,#1851,#1852,#1861,#1870,#1882,#1909,#1926));
#1850 = ORIENTED_EDGE('',*,*,#152,.F.);
#1851 = ORIENTED_EDGE('',*,*,#1697,.T.);
#1852 = ORIENTED_EDGE('',*,*,#1853,.F.);
#1853 = EDGE_CURVE('',#1854,#1698,#1856,.T.);
#1854 = VERTEX_POINT('',#1855);
#1855 = CARTESIAN_POINT('',(-15.,-26.45,1.217855927889E-14));
#1856 = CIRCLE('',#1857,4.95);
#1857 = AXIS2_PLACEMENT_3D('',#1858,#1859,#1860);
#1858 = CARTESIAN_POINT('',(-15.,-21.5,2.597921877623E-14));
#1859 = DIRECTION('',(-1.,-5.551115123126E-16,-9.992007221626E-16));
#1860 = DIRECTION('',(-9.992007221626E-16,-2.22044604925E-16,1.));
#1861 = ORIENTED_EDGE('',*,*,#1862,.F.);
#1862 = EDGE_CURVE('',#1863,#1854,#1865,.T.);
#1863 = VERTEX_POINT('',#1864);
#1864 = CARTESIAN_POINT('',(-15.,-26.0866972477,-1.861372707945));
#1865 = CIRCLE('',#1866,4.95);
#1866 = AXIS2_PLACEMENT_3D('',#1867,#1868,#1869);
#1867 = CARTESIAN_POINT('',(-15.,-21.5,2.597921877623E-14));
#1868 = DIRECTION('',(-1.,-5.551115123126E-16,-9.992007221626E-16));
#1869 = DIRECTION('',(-9.992007221626E-16,-2.22044604925E-16,1.));
#1870 = ORIENTED_EDGE('',*,*,#1871,.F.);
#1871 = EDGE_CURVE('',#1872,#1863,#1874,.T.);
#1872 = VERTEX_POINT('',#1873);
#1873 = CARTESIAN_POINT('',(-15.04795673084,-26.05,-2.049390153192));
#1874 = B_SPLINE_CURVE_WITH_KNOTS('',6,(#1875,#1876,#1877,#1878,#1879,
    #1880,#1881),.UNSPECIFIED.,.F.,.F.,(7,7),(0.,1.),
  .PIECEWISE_BEZIER_KNOTS.);
#1875 = CARTESIAN_POINT('',(-15.04795673084,-26.05,-2.049390153192));
#1876 = CARTESIAN_POINT('',(-15.0330324176,-26.05,-2.01889683292));
#1877 = CARTESIAN_POINT('',(-15.02034461235,-26.05223168795,
    -1.987565642023));
#1878 = CARTESIAN_POINT('',(-15.01033287955,-26.0569245622,
    -1.955678357312));
#1879 = CARTESIAN_POINT('',(-15.00344224794,-26.06425787981,
    -1.923643229633));
#1880 = CARTESIAN_POINT('',(-14.99999999997,-26.07426461503,
    -1.892008550891));
#1881 = CARTESIAN_POINT('',(-15.,-26.08669724782,-1.861372707653));
#1882 = ORIENTED_EDGE('',*,*,#1883,.F.);
#1883 = EDGE_CURVE('',#1884,#1872,#1886,.T.);
#1884 = VERTEX_POINT('',#1885);
#1885 = CARTESIAN_POINT('',(-15.6077067073,-26.35,-2.507647722687));
#1886 = B_SPLINE_CURVE_WITH_KNOTS('',6,(#1887,#1888,#1889,#1890,#1891,
    #1892,#1893,#1894,#1895,#1896,#1897,#1898,#1899,#1900,#1901,#1902,
    #1903,#1904,#1905,#1906,#1907,#1908),.UNSPECIFIED.,.F.,.F.,(7,5,5,5,
    7),(0.,5.921584347706E-02,0.492593205099,0.868788343079,1.),
  .UNSPECIFIED.);
#1887 = CARTESIAN_POINT('',(-15.6077067073,-26.35,-2.507647722688));
#1888 = CARTESIAN_POINT('',(-15.60148039561,-26.34520132684,
    -2.505553410026));
#1889 = CARTESIAN_POINT('',(-15.5952515701,-26.34043097492,
    -2.503399672535));
#1890 = CARTESIAN_POINT('',(-15.58902082791,-26.33568937396,
    -2.501186810392));
#1891 = CARTESIAN_POINT('',(-15.58278876723,-26.33097695934,
    -2.498915102053));
#1892 = CARTESIAN_POINT('',(-15.57655598735,-26.32629417205,
    -2.496584804259));
#1893 = CARTESIAN_POINT('',(-15.52470696532,-26.28759008785,
    -2.476714550183));
#1894 = CARTESIAN_POINT('',(-15.47909481987,-26.25515729076,
    -2.456111236204));
#1895 = CARTESIAN_POINT('',(-15.43370175563,-26.22450151419,
    -2.432473711511));
#1896 = CARTESIAN_POINT('',(-15.38878223838,-26.19583035732,
    -2.405828339753));
#1897 = CARTESIAN_POINT('',(-15.34464665308,-26.16940119912,
    -2.376168627329));
#1898 = CARTESIAN_POINT('',(-15.26447830317,-26.12491975124,
    -2.314988091609));
#1899 = CARTESIAN_POINT('',(-15.22818021974,-26.10624203481,
    -2.284256082634));
#1900 = CARTESIAN_POINT('',(-15.19308159027,-26.08977441513,
    -2.251150162084));
#1901 = CARTESIAN_POINT('',(-15.15960493738,-26.07587237819,
    -2.215618156609));
#1902 = CARTESIAN_POINT('',(-15.12836878661,-26.06501116331,
    -2.17767300592));
#1903 = CARTESIAN_POINT('',(-15.09043351338,-26.0553030204,
    -2.123404593666));
#1904 = CARTESIAN_POINT('',(-15.08100540958,-26.05323909476,
    -2.109097236473));
#1905 = CARTESIAN_POINT('',(-15.07199742577,-26.05164804439,
    -2.094524493372));
#1906 = CARTESIAN_POINT('',(-15.06345394208,-26.05055860761,
    -2.079700503195));
#1907 = CARTESIAN_POINT('',(-15.05542345089,-26.05,-2.064646137305));
#1908 = CARTESIAN_POINT('',(-15.04795673084,-26.05,-2.049390153192));
#1909 = ORIENTED_EDGE('',*,*,#1910,.T.);
#1910 = EDGE_CURVE('',#1884,#162,#1911,.T.);
#1911 = B_SPLINE_CURVE_WITH_KNOTS('',7,(#1912,#1913,#1914,#1915,#1916,
    #1917,#1918,#1919,#1920,#1921,#1922,#1923,#1924,#1925),
  .UNSPECIFIED.,.F.,.F.,(8,6,8),(0.,9.86999148216E-02,1.),
  .UNSPECIFIED.);
#1912 = CARTESIAN_POINT('',(-15.6077067073,-26.35,-2.507647722688));
#1913 = CARTESIAN_POINT('',(-15.61340189758,-26.35438933321,
    -2.509563384755));
#1914 = CARTESIAN_POINT('',(-15.61909915746,-26.3587556095,
    -2.511527376036));
#1915 = CARTESIAN_POINT('',(-15.6247980571,-26.36309854269,
    -2.513539492956));
#1916 = CARTESIAN_POINT('',(-15.63049816994,-26.36741784024,
    -2.515599542954));
#1917 = CARTESIAN_POINT('',(-15.63619907266,-26.37171320323,
    -2.517707344482));
#1918 = CARTESIAN_POINT('',(-15.64190034518,-26.37598432637,
    -2.519862727008));
#1919 = CARTESIAN_POINT('',(-15.69966357136,-26.41900940548,
    -2.542180922596));
#1920 = CARTESIAN_POINT('',(-15.75169424905,-26.45572024113,
    -2.566240062958));
#1921 = CARTESIAN_POINT('',(-15.80341815973,-26.49016102079,
    -2.594130461652));
#1922 = CARTESIAN_POINT('',(-15.85453154227,-26.52203971363,
    -2.625812721761));
#1923 = CARTESIAN_POINT('',(-15.90466040635,-26.55096301852,
    -2.661268096534));
#1924 = CARTESIAN_POINT('',(-15.95335330443,-26.57643643871,
    -2.700478164487));
#1925 = CARTESIAN_POINT('',(-16.,-26.59777428003,-2.743423395969));
#1926 = ORIENTED_EDGE('',*,*,#161,.F.);
#1927 = CONICAL_SURFACE('',#1928,6.208649446766,0.698131700798);
#1928 = AXIS2_PLACEMENT_3D('',#1929,#1930,#1931);
#1929 = CARTESIAN_POINT('',(-16.5,-21.5,2.714495295209E-14));
#1930 = DIRECTION('',(-1.,7.771561172376E-16,7.771561172376E-16));
#1931 = DIRECTION('',(-9.992007221626E-16,-2.22044604925E-16,1.));
#1932 = ADVANCED_FACE('',(#1933),#1952,.T.);
#1933 = FACE_BOUND('',#1934,.T.);
#1934 = EDGE_LOOP('',(#1935,#1936,#1937,#1945));
#1935 = ORIENTED_EDGE('',*,*,#1825,.F.);
#1936 = ORIENTED_EDGE('',*,*,#458,.T.);
#1937 = ORIENTED_EDGE('',*,*,#1938,.F.);
#1938 = EDGE_CURVE('',#1939,#451,#1941,.T.);
#1939 = VERTEX_POINT('',#1940);
#1940 = CARTESIAN_POINT('',(-11.,31.754333506242,33.31135016844));
#1941 = LINE('',#1942,#1943);
#1942 = CARTESIAN_POINT('',(-8.772208560319E-14,31.754333506242,
    33.31135016844));
#1943 = VECTOR('',#1944,1.);
#1944 = DIRECTION('',(-1.,1.554312234475E-15,2.22044604925E-16));
#1945 = ORIENTED_EDGE('',*,*,#1946,.F.);
#1946 = EDGE_CURVE('',#1826,#1939,#1947,.T.);
#1947 = CIRCLE('',#1948,1.);
#1948 = AXIS2_PLACEMENT_3D('',#1949,#1950,#1951);
#1949 = CARTESIAN_POINT('',(-11.,32.573485550531,33.884926604791));
#1950 = DIRECTION('',(1.,6.661338147751E-16,1.998401444325E-15));
#1951 = DIRECTION('',(-6.661338147751E-16,1.,-1.998401444325E-15));
#1952 = CYLINDRICAL_SURFACE('',#1953,1.);
#1953 = AXIS2_PLACEMENT_3D('',#1954,#1955,#1956);
#1954 = CARTESIAN_POINT('',(-8.941398645817E-14,32.573485550531,
    33.884926604791));
#1955 = DIRECTION('',(1.,-1.33226762955E-15,9.860761315263E-31));
#1956 = DIRECTION('',(-6.661338147751E-16,1.,-1.998401444325E-15));
#1957 = ADVANCED_FACE('',(#1958),#2040,.F.);
#1958 = FACE_BOUND('',#1959,.F.);
#1959 = EDGE_LOOP('',(#1960,#1979,#1987,#2006,#2025,#2031,#2032,#2033,
    #2039));
#1960 = ORIENTED_EDGE('',*,*,#1961,.F.);
#1961 = EDGE_CURVE('',#1962,#1042,#1964,.T.);
#1962 = VERTEX_POINT('',#1963);
#1963 = CARTESIAN_POINT('',(15.607706707306,-26.35,-2.507647722687));
#1964 = B_SPLINE_CURVE_WITH_KNOTS('',7,(#1965,#1966,#1967,#1968,#1969,
    #1970,#1971,#1972,#1973,#1974,#1975,#1976,#1977,#1978),
  .UNSPECIFIED.,.F.,.F.,(8,6,8),(0.,9.869991482154E-02,1.),
  .UNSPECIFIED.);
#1965 = CARTESIAN_POINT('',(15.607706707306,-26.35,-2.507647722687));
#1966 = CARTESIAN_POINT('',(15.613401897589,-26.35438933321,
    -2.509563384755));
#1967 = CARTESIAN_POINT('',(15.619099157462,-26.3587556095,
    -2.511527376036));
#1968 = CARTESIAN_POINT('',(15.624798057105,-26.36309854269,
    -2.513539492956));
#1969 = CARTESIAN_POINT('',(15.630498169946,-26.36741784024,
    -2.515599542954));
#1970 = CARTESIAN_POINT('',(15.636199072663,-26.37171320323,
    -2.517707344482));
#1971 = CARTESIAN_POINT('',(15.641900345184,-26.37598432637,
    -2.519862727008));
#1972 = CARTESIAN_POINT('',(15.699663571361,-26.41900940548,
    -2.542180922596));
#1973 = CARTESIAN_POINT('',(15.751694249052,-26.45572024113,
    -2.566240062959));
#1974 = CARTESIAN_POINT('',(15.803418159735,-26.49016102079,
    -2.594130461652));
#1975 = CARTESIAN_POINT('',(15.854531542276,-26.52203971363,
    -2.625812721762));
#1976 = CARTESIAN_POINT('',(15.904660406354,-26.55096301852,
    -2.661268096533));
#1977 = CARTESIAN_POINT('',(15.953353304437,-26.57643643871,
    -2.700478164487));
#1978 = CARTESIAN_POINT('',(16.,-26.59777428003,-2.74342339597));
#1979 = ORIENTED_EDGE('',*,*,#1980,.T.);
#1980 = EDGE_CURVE('',#1962,#1981,#1983,.T.);
#1981 = VERTEX_POINT('',#1982);
#1982 = CARTESIAN_POINT('',(0.392293292694,-26.35,-2.507647722687));
#1983 = LINE('',#1984,#1985);
#1984 = CARTESIAN_POINT('',(8.35214471813E-16,-26.35,-2.507647722687));
#1985 = VECTOR('',#1986,1.);
#1986 = DIRECTION('',(-1.,2.22044604925E-16,-1.110223024625E-16));
#1987 = ORIENTED_EDGE('',*,*,#1988,.T.);
#1988 = EDGE_CURVE('',#1981,#1989,#1991,.T.);
#1989 = VERTEX_POINT('',#1990);
#1990 = CARTESIAN_POINT('',(0.,-26.59777428003,-2.74342339597));
#1991 = B_SPLINE_CURVE_WITH_KNOTS('',7,(#1992,#1993,#1994,#1995,#1996,
    #1997,#1998,#1999,#2000,#2001,#2002,#2003,#2004,#2005),
  .UNSPECIFIED.,.F.,.F.,(8,6,8),(0.,9.869991482153E-02,1.),
  .UNSPECIFIED.);
#1992 = CARTESIAN_POINT('',(0.392293292694,-26.35,-2.507647722687));
#1993 = CARTESIAN_POINT('',(0.386598102411,-26.35438933321,
    -2.509563384755));
#1994 = CARTESIAN_POINT('',(0.380900842538,-26.3587556095,
    -2.511527376036));
#1995 = CARTESIAN_POINT('',(0.375201942895,-26.36309854269,
    -2.513539492956));
#1996 = CARTESIAN_POINT('',(0.369501830054,-26.36741784024,
    -2.515599542954));
#1997 = CARTESIAN_POINT('',(0.363800927337,-26.37171320323,
    -2.517707344482));
#1998 = CARTESIAN_POINT('',(0.358099654816,-26.37598432637,
    -2.519862727008));
#1999 = CARTESIAN_POINT('',(0.300336428639,-26.41900940548,
    -2.542180922596));
#2000 = CARTESIAN_POINT('',(0.248305750948,-26.45572024113,
    -2.566240062959));
#2001 = CARTESIAN_POINT('',(0.196581840265,-26.49016102079,
    -2.594130461652));
#2002 = CARTESIAN_POINT('',(0.145468457724,-26.52203971363,
    -2.625812721761));
#2003 = CARTESIAN_POINT('',(9.53395936464E-02,-26.55096301852,
    -2.661268096533));
#2004 = CARTESIAN_POINT('',(4.664669556301E-02,-26.57643643871,
    -2.700478164487));
#2005 = CARTESIAN_POINT('',(8.253657712503E-17,-26.59777428003,
    -2.743423395969));
#2006 = ORIENTED_EDGE('',*,*,#2007,.F.);
#2007 = EDGE_CURVE('',#2008,#1989,#2010,.T.);
#2008 = VERTEX_POINT('',#2009);
#2009 = CARTESIAN_POINT('',(-0.392293292694,-26.35,-2.507647722687));
#2010 = B_SPLINE_CURVE_WITH_KNOTS('',7,(#2011,#2012,#2013,#2014,#2015,
    #2016,#2017,#2018,#2019,#2020,#2021,#2022,#2023,#2024),
  .UNSPECIFIED.,.F.,.F.,(8,6,8),(0.,9.869991482152E-02,1.),
  .UNSPECIFIED.);
#2011 = CARTESIAN_POINT('',(-0.392293292694,-26.35,-2.507647722687));
#2012 = CARTESIAN_POINT('',(-0.386598102411,-26.35438933321,
    -2.509563384755));
#2013 = CARTESIAN_POINT('',(-0.380900842538,-26.3587556095,
    -2.511527376036));
#2014 = CARTESIAN_POINT('',(-0.375201942895,-26.36309854269,
    -2.513539492956));
#2015 = CARTESIAN_POINT('',(-0.369501830054,-26.36741784024,
    -2.515599542954));
#2016 = CARTESIAN_POINT('',(-0.363800927337,-26.37171320323,
    -2.517707344482));
#2017 = CARTESIAN_POINT('',(-0.358099654816,-26.37598432637,
    -2.519862727008));
#2018 = CARTESIAN_POINT('',(-0.300336428639,-26.41900940548,
    -2.542180922596));
#2019 = CARTESIAN_POINT('',(-0.248305750948,-26.45572024113,
    -2.566240062958));
#2020 = CARTESIAN_POINT('',(-0.196581840265,-26.49016102079,
    -2.594130461652));
#2021 = CARTESIAN_POINT('',(-0.145468457724,-26.52203971363,
    -2.625812721761));
#2022 = CARTESIAN_POINT('',(-9.533959364636E-02,-26.55096301852,
    -2.661268096533));
#2023 = CARTESIAN_POINT('',(-4.664669556302E-02,-26.57643643871,
    -2.700478164487));
#2024 = CARTESIAN_POINT('',(-1.305242203656E-15,-26.59777428003,
    -2.743423395969));
#2025 = ORIENTED_EDGE('',*,*,#2026,.T.);
#2026 = EDGE_CURVE('',#2008,#1884,#2027,.T.);
#2027 = LINE('',#2028,#2029);
#2028 = CARTESIAN_POINT('',(8.35214471813E-16,-26.35,-2.507647722687));
#2029 = VECTOR('',#2030,1.);
#2030 = DIRECTION('',(-1.,2.22044604925E-16,-1.110223024625E-16));
#2031 = ORIENTED_EDGE('',*,*,#1910,.T.);
#2032 = ORIENTED_EDGE('',*,*,#170,.T.);
#2033 = ORIENTED_EDGE('',*,*,#2034,.T.);
#2034 = EDGE_CURVE('',#171,#1034,#2035,.T.);
#2035 = LINE('',#2036,#2037);
#2036 = CARTESIAN_POINT('',(-8.864371445349E-15,-26.65,-2.965905292183)
  );
#2037 = VECTOR('',#2038,1.);
#2038 = DIRECTION('',(1.,-2.22044604925E-16,1.110223024625E-16));
#2039 = ORIENTED_EDGE('',*,*,#1041,.F.);
#2040 = CYLINDRICAL_SURFACE('',#2041,0.5);
#2041 = AXIS2_PLACEMENT_3D('',#2042,#2043,#2044);
#2042 = CARTESIAN_POINT('',(9.878449032718E-16,-26.15,-2.965905292183));
#2043 = DIRECTION('',(1.,8.628166150855E-32,3.330669073875E-16));
#2044 = DIRECTION('',(2.465190328816E-32,1.,-3.330669073875E-16));
#2045 = ADVANCED_FACE('',(#2046),#2064,.F.);
#2046 = FACE_BOUND('',#2047,.F.);
#2047 = EDGE_LOOP('',(#2048,#2056,#2057,#2058));
#2048 = ORIENTED_EDGE('',*,*,#2049,.F.);
#2049 = EDGE_CURVE('',#442,#2050,#2052,.T.);
#2050 = VERTEX_POINT('',#2051);
#2051 = CARTESIAN_POINT('',(-11.,33.444221372621,30.897940180454));
#2052 = LINE('',#2053,#2054);
#2053 = CARTESIAN_POINT('',(-8.275423195632E-14,33.444221372621,
    30.897940180454));
#2054 = VECTOR('',#2055,1.);
#2055 = DIRECTION('',(1.,-1.554312234475E-15,-2.22044604925E-16));
#2056 = ORIENTED_EDGE('',*,*,#450,.F.);
#2057 = ORIENTED_EDGE('',*,*,#1938,.F.);
#2058 = ORIENTED_EDGE('',*,*,#2059,.F.);
#2059 = EDGE_CURVE('',#2050,#1939,#2060,.T.);
#2060 = LINE('',#2061,#2062);
#2061 = CARTESIAN_POINT('',(-11.,32.882977042739,31.699480151471));
#2062 = VECTOR('',#2063,1.);
#2063 = DIRECTION('',(-1.418690929201E-15,-0.573576436351,0.819152044289
    ));
#2064 = PLANE('',#2065);
#2065 = AXIS2_PLACEMENT_3D('',#2066,#2067,#2068);
#2066 = CARTESIAN_POINT('',(-7.874478707179E-14,32.599277439431,
    32.104645174447));
#2067 = DIRECTION('',(-1.367965777386E-15,0.819152044289,0.573576436351)
  );
#2068 = DIRECTION('',(-1.07302767677E-15,-0.573576436351,0.819152044289)
  );
#2069 = ADVANCED_FACE('',(#2070),#2081,.F.);
#2070 = FACE_BOUND('',#2071,.F.);
#2071 = EDGE_LOOP('',(#2072,#2073,#2074,#2075));
#2072 = ORIENTED_EDGE('',*,*,#1033,.F.);
#2073 = ORIENTED_EDGE('',*,*,#2034,.F.);
#2074 = ORIENTED_EDGE('',*,*,#179,.F.);
#2075 = ORIENTED_EDGE('',*,*,#2076,.F.);
#2076 = EDGE_CURVE('',#1025,#180,#2077,.T.);
#2077 = LINE('',#2078,#2079);
#2078 = CARTESIAN_POINT('',(16.,-26.65,-5.294100490168));
#2079 = VECTOR('',#2080,1.);
#2080 = DIRECTION('',(-1.,5.551115123126E-16,1.110223024625E-16));
#2081 = PLANE('',#2082);
#2082 = AXIS2_PLACEMENT_3D('',#2083,#2084,#2085);
#2083 = CARTESIAN_POINT('',(9.799055328598E-15,-26.65,-7.982952646092));
#2084 = DIRECTION('',(-2.263610215345E-16,-1.,1.110223024625E-16));
#2085 = DIRECTION('',(-1.,2.263610215345E-16,-1.110223024625E-16));
#2086 = ADVANCED_FACE('',(#2087),#2106,.T.);
#2087 = FACE_BOUND('',#2088,.T.);
#2088 = EDGE_LOOP('',(#2089,#2090,#2091,#2099));
#2089 = ORIENTED_EDGE('',*,*,#2049,.F.);
#2090 = ORIENTED_EDGE('',*,*,#441,.T.);
#2091 = ORIENTED_EDGE('',*,*,#2092,.F.);
#2092 = EDGE_CURVE('',#2093,#433,#2095,.T.);
#2093 = VERTEX_POINT('',#2094);
#2094 = CARTESIAN_POINT('',(-11.,33.725392644092,30.70149737727));
#2095 = LINE('',#2096,#2097);
#2096 = CARTESIAN_POINT('',(-8.381954115848E-14,33.725392644092,
    30.70149737727));
#2097 = VECTOR('',#2098,1.);
#2098 = DIRECTION('',(-1.,1.554312234475E-15,2.22044604925E-16));
#2099 = ORIENTED_EDGE('',*,*,#2100,.F.);
#2100 = EDGE_CURVE('',#2050,#2093,#2101,.T.);
#2101 = CIRCLE('',#2102,0.5);
#2102 = AXIS2_PLACEMENT_3D('',#2103,#2104,#2105);
#2103 = CARTESIAN_POINT('',(-11.,33.853797394765,31.18472839863));
#2104 = DIRECTION('',(1.,6.661338147751E-16,1.998401444325E-15));
#2105 = DIRECTION('',(-6.661338147751E-16,1.,-1.998401444325E-15));
#2106 = CYLINDRICAL_SURFACE('',#2107,0.5);
#2107 = AXIS2_PLACEMENT_3D('',#2108,#2109,#2110);
#2108 = CARTESIAN_POINT('',(-8.487076547591E-14,33.853797394765,
    31.18472839863));
#2109 = DIRECTION('',(1.,-1.33226762955E-15,9.860761315263E-31));
#2110 = DIRECTION('',(-6.661338147751E-16,1.,-1.998401444325E-15));
#2111 = ADVANCED_FACE('',(#2112),#2123,.T.);
#2112 = FACE_BOUND('',#2113,.F.);
#2113 = EDGE_LOOP('',(#2114,#2115,#2116,#2117));
#2114 = ORIENTED_EDGE('',*,*,#1024,.T.);
#2115 = ORIENTED_EDGE('',*,*,#2076,.T.);
#2116 = ORIENTED_EDGE('',*,*,#187,.F.);
#2117 = ORIENTED_EDGE('',*,*,#2118,.F.);
#2118 = EDGE_CURVE('',#1016,#188,#2119,.T.);
#2119 = LINE('',#2120,#2121);
#2120 = CARTESIAN_POINT('',(16.,-29.32352941176,-6.228353517845));
#2121 = VECTOR('',#2122,1.);
#2122 = DIRECTION('',(-1.,5.551115123126E-16,1.110223024625E-16));
#2123 = CYLINDRICAL_SURFACE('',#2124,1.5);
#2124 = AXIS2_PLACEMENT_3D('',#2125,#2126,#2127);
#2125 = CARTESIAN_POINT('',(16.,-28.15,-5.294100490168));
#2126 = DIRECTION('',(-1.,5.551115123126E-16,1.110223024625E-16));
#2127 = DIRECTION('',(-5.034417391488E-16,-0.782352941176,
    -0.622835351785));
#2128 = ADVANCED_FACE('',(#2129),#2158,.F.);
#2129 = FACE_BOUND('',#2130,.F.);
#2130 = EDGE_LOOP('',(#2131,#2139,#2140,#2141,#2142,#2151));
#2131 = ORIENTED_EDGE('',*,*,#2132,.F.);
#2132 = EDGE_CURVE('',#415,#2133,#2135,.T.);
#2133 = VERTEX_POINT('',#2134);
#2134 = CARTESIAN_POINT('',(-11.,30.092212400598,28.157517183101));
#2135 = LINE('',#2136,#2137);
#2136 = CARTESIAN_POINT('',(-7.7750463456E-14,30.092212400598,
    28.157517183101));
#2137 = VECTOR('',#2138,1.);
#2138 = DIRECTION('',(1.,-1.554312234475E-15,-2.22044604925E-16));
#2139 = ORIENTED_EDGE('',*,*,#423,.T.);
#2140 = ORIENTED_EDGE('',*,*,#432,.T.);
#2141 = ORIENTED_EDGE('',*,*,#2092,.F.);
#2142 = ORIENTED_EDGE('',*,*,#2143,.F.);
#2143 = EDGE_CURVE('',#2144,#2093,#2146,.T.);
#2144 = VERTEX_POINT('',#2145);
#2145 = CARTESIAN_POINT('',(-11.,35.772360891028,28.683819799523));
#2146 = CIRCLE('',#2147,2.9);
#2147 = AXIS2_PLACEMENT_3D('',#2148,#2149,#2150);
#2148 = CARTESIAN_POINT('',(-11.,32.980645090185,27.898757453383));
#2149 = DIRECTION('',(1.,6.661338147751E-16,2.6645352591E-15));
#2150 = DIRECTION('',(-1.362580206229E-15,0.96266062098,0.270711153841)
  );
#2151 = ORIENTED_EDGE('',*,*,#2152,.F.);
#2152 = EDGE_CURVE('',#2133,#2144,#2153,.T.);
#2153 = CIRCLE('',#2154,2.9);
#2154 = AXIS2_PLACEMENT_3D('',#2155,#2156,#2157);
#2155 = CARTESIAN_POINT('',(-11.,32.980645090185,27.898757453383));
#2156 = DIRECTION('',(1.,6.661338147751E-16,2.6645352591E-15));
#2157 = DIRECTION('',(-1.362580206229E-15,0.96266062098,0.270711153841)
  );
#2158 = CYLINDRICAL_SURFACE('',#2159,2.9);
#2159 = AXIS2_PLACEMENT_3D('',#2160,#2161,#2162);
#2160 = CARTESIAN_POINT('',(-9.63067458473E-14,32.980645090185,
    27.898757453383));
#2161 = DIRECTION('',(1.,-1.7763568394E-15,2.22044604925E-16));
#2162 = DIRECTION('',(-1.362580206229E-15,0.96266062098,0.270711153841)
  );
#2163 = ADVANCED_FACE('',(#2164),#2175,.T.);
#2164 = FACE_BOUND('',#2165,.T.);
#2165 = EDGE_LOOP('',(#2166,#2167,#2173,#2174));
#2166 = ORIENTED_EDGE('',*,*,#1015,.T.);
#2167 = ORIENTED_EDGE('',*,*,#2168,.F.);
#2168 = EDGE_CURVE('',#197,#1008,#2169,.T.);
#2169 = LINE('',#2170,#2171);
#2170 = CARTESIAN_POINT('',(-16.,-31.08019279596,-2.867037842804));
#2171 = VECTOR('',#2172,1.);
#2172 = DIRECTION('',(1.,-7.771561172376E-16,-7.771561172376E-16));
#2173 = ORIENTED_EDGE('',*,*,#196,.F.);
#2174 = ORIENTED_EDGE('',*,*,#2118,.F.);
#2175 = CYLINDRICAL_SURFACE('',#2176,10.);
#2176 = AXIS2_PLACEMENT_3D('',#2177,#2178,#2179);
#2177 = CARTESIAN_POINT('',(-16.,-21.5,3.153033389935E-14));
#2178 = DIRECTION('',(-1.,9.992007221626E-16,5.551115123126E-16));
#2179 = DIRECTION('',(3.330669073875E-16,-1.,8.881784197001E-16));
#2180 = ADVANCED_FACE('',(#2181),#2224,.T.);
#2181 = FACE_BOUND('',#2182,.F.);
#2182 = EDGE_LOOP('',(#2183,#2184,#2192,#2200,#2208,#2216,#2222,#2223));
#2183 = ORIENTED_EDGE('',*,*,#205,.F.);
#2184 = ORIENTED_EDGE('',*,*,#2185,.T.);
#2185 = EDGE_CURVE('',#206,#2186,#2188,.T.);
#2186 = VERTEX_POINT('',#2187);
#2187 = CARTESIAN_POINT('',(-11.,-39.68678004736,25.89183096342));
#2188 = LINE('',#2189,#2190);
#2189 = CARTESIAN_POINT('',(-16.,-39.68678004736,25.89183096342));
#2190 = VECTOR('',#2191,1.);
#2191 = DIRECTION('',(1.,-7.771561172376E-16,-7.771561172376E-16));
#2192 = ORIENTED_EDGE('',*,*,#2193,.F.);
#2193 = EDGE_CURVE('',#2194,#2186,#2196,.T.);
#2194 = VERTEX_POINT('',#2195);
#2195 = CARTESIAN_POINT('',(-11.,-35.98221778277,13.513054447263));
#2196 = LINE('',#2197,#2198);
#2197 = CARTESIAN_POINT('',(-11.,-40.74259332243,29.419825809085));
#2198 = VECTOR('',#2199,1.);
#2199 = DIRECTION('',(7.45309919688E-17,-0.28670378428,0.958019279597));
#2200 = ORIENTED_EDGE('',*,*,#2201,.F.);
#2201 = EDGE_CURVE('',#2202,#2194,#2204,.T.);
#2202 = VERTEX_POINT('',#2203);
#2203 = CARTESIAN_POINT('',(11.,-35.98221778277,13.513054447263));
#2204 = LINE('',#2205,#2206);
#2205 = CARTESIAN_POINT('',(11.,-35.98221778277,13.513054447263));
#2206 = VECTOR('',#2207,1.);
#2207 = DIRECTION('',(-1.,7.771561172376E-16,7.771561172376E-16));
#2208 = ORIENTED_EDGE('',*,*,#2209,.T.);
#2209 = EDGE_CURVE('',#2202,#2210,#2212,.T.);
#2210 = VERTEX_POINT('',#2211);
#2211 = CARTESIAN_POINT('',(11.,-39.68678004736,25.89183096342));
#2212 = LINE('',#2213,#2214);
#2213 = CARTESIAN_POINT('',(11.,-40.74259332243,29.419825809085));
#2214 = VECTOR('',#2215,1.);
#2215 = DIRECTION('',(7.45309919688E-17,-0.28670378428,0.958019279597));
#2216 = ORIENTED_EDGE('',*,*,#2217,.T.);
#2217 = EDGE_CURVE('',#2210,#999,#2218,.T.);
#2218 = LINE('',#2219,#2220);
#2219 = CARTESIAN_POINT('',(-16.,-39.68678004736,25.89183096342));
#2220 = VECTOR('',#2221,1.);
#2221 = DIRECTION('',(1.,-7.771561172376E-16,-7.771561172376E-16));
#2222 = ORIENTED_EDGE('',*,*,#1007,.T.);
#2223 = ORIENTED_EDGE('',*,*,#2168,.F.);
#2224 = PLANE('',#2225);
#2225 = AXIS2_PLACEMENT_3D('',#2226,#2227,#2228);
#2226 = CARTESIAN_POINT('',(-16.,-39.68678004736,25.89183096342));
#2227 = DIRECTION('',(8.182821594214E-16,-0.958019279597,-0.28670378428)
  );
#2228 = DIRECTION('',(-1.074485025701E-15,-0.28670378428,0.958019279597)
  );
#2229 = ADVANCED_FACE('',(#2230),#2249,.T.);
#2230 = FACE_BOUND('',#2231,.T.);
#2231 = EDGE_LOOP('',(#2232,#2233,#2234,#2242));
#2232 = ORIENTED_EDGE('',*,*,#2132,.F.);
#2233 = ORIENTED_EDGE('',*,*,#414,.T.);
#2234 = ORIENTED_EDGE('',*,*,#2235,.F.);
#2235 = EDGE_CURVE('',#2236,#407,#2238,.T.);
#2236 = VERTEX_POINT('',#2237);
#2237 = CARTESIAN_POINT('',(-11.,30.003782786607,28.48891914778));
#2238 = LINE('',#2239,#2240);
#2239 = CARTESIAN_POINT('',(-7.691883145752E-14,30.003782786607,
    28.48891914778));
#2240 = VECTOR('',#2241,1.);
#2241 = DIRECTION('',(-1.,1.554312234475E-15,2.22044604925E-16));
#2242 = ORIENTED_EDGE('',*,*,#2243,.F.);
#2243 = EDGE_CURVE('',#2133,#2236,#2244,.T.);
#2244 = CIRCLE('',#2245,0.5);
#2245 = AXIS2_PLACEMENT_3D('',#2246,#2247,#2248);
#2246 = CARTESIAN_POINT('',(-11.,29.594206764462,28.202130929604));
#2247 = DIRECTION('',(1.,6.661338147751E-16,1.998401444325E-15));
#2248 = DIRECTION('',(-6.661338147751E-16,1.,-1.998401444325E-15));
#2249 = CYLINDRICAL_SURFACE('',#2250,0.5);
#2250 = AXIS2_PLACEMENT_3D('',#2251,#2252,#2253);
#2251 = CARTESIAN_POINT('',(-7.607288103003E-14,29.594206764462,
    28.202130929604));
#2252 = DIRECTION('',(1.,-1.33226762955E-15,9.860761315263E-31));
#2253 = DIRECTION('',(-6.661338147751E-16,1.,-1.998401444325E-15));
#2254 = ADVANCED_FACE('',(#2255),#2284,.T.);
#2255 = FACE_BOUND('',#2256,.T.);
#2256 = EDGE_LOOP('',(#2257,#2268,#2274,#2275,#2276,#2277));
#2257 = ORIENTED_EDGE('',*,*,#2258,.T.);
#2258 = EDGE_CURVE('',#2259,#2261,#2263,.T.);
#2259 = VERTEX_POINT('',#2260);
#2260 = CARTESIAN_POINT('',(-11.,-39.98064509018,27.898757453383));
#2261 = VERTEX_POINT('',#2262);
#2262 = CARTESIAN_POINT('',(-11.,-32.50562562725,34.882621463359));
#2263 = CIRCLE('',#2264,7.);
#2264 = AXIS2_PLACEMENT_3D('',#2265,#2266,#2267);
#2265 = CARTESIAN_POINT('',(-11.,-32.98064509018,27.898757453383));
#2266 = DIRECTION('',(-1.,1.110223024625E-16,-3.330669073875E-16));
#2267 = DIRECTION('',(-1.110223024625E-16,-1.,6.661338147751E-16));
#2268 = ORIENTED_EDGE('',*,*,#2269,.F.);
#2269 = EDGE_CURVE('',#223,#2261,#2270,.T.);
#2270 = LINE('',#2271,#2272);
#2271 = CARTESIAN_POINT('',(-2.915037344673E-14,-32.50562562725,
    34.882621463359));
#2272 = VECTOR('',#2273,1.);
#2273 = DIRECTION('',(1.,-7.771561172376E-16,-7.771561172376E-16));
#2274 = ORIENTED_EDGE('',*,*,#222,.F.);
#2275 = ORIENTED_EDGE('',*,*,#213,.F.);
#2276 = ORIENTED_EDGE('',*,*,#2185,.T.);
#2277 = ORIENTED_EDGE('',*,*,#2278,.T.);
#2278 = EDGE_CURVE('',#2186,#2259,#2279,.T.);
#2279 = CIRCLE('',#2280,7.);
#2280 = AXIS2_PLACEMENT_3D('',#2281,#2282,#2283);
#2281 = CARTESIAN_POINT('',(-11.,-32.98064509018,27.898757453383));
#2282 = DIRECTION('',(-1.,1.110223024625E-16,-3.330669073875E-16));
#2283 = DIRECTION('',(-1.110223024625E-16,-1.,6.661338147751E-16));
#2284 = CYLINDRICAL_SURFACE('',#2285,7.);
#2285 = AXIS2_PLACEMENT_3D('',#2286,#2287,#2288);
#2286 = CARTESIAN_POINT('',(-16.,-32.98064509018,27.898757453383));
#2287 = DIRECTION('',(-1.,7.771561172376E-16,3.330669073875E-16));
#2288 = DIRECTION('',(1.110223024625E-16,-1.,6.661338147751E-16));
#2289 = ADVANCED_FACE('',(#2290),#2308,.F.);
#2290 = FACE_BOUND('',#2291,.F.);
#2291 = EDGE_LOOP('',(#2292,#2300,#2301,#2302));
#2292 = ORIENTED_EDGE('',*,*,#2293,.F.);
#2293 = EDGE_CURVE('',#398,#2294,#2296,.T.);
#2294 = VERTEX_POINT('',#2295);
#2295 = CARTESIAN_POINT('',(-11.,28.313894920229,30.902329135766));
#2296 = LINE('',#2297,#2298);
#2297 = CARTESIAN_POINT('',(-8.1621892453E-14,28.313894920229,
    30.902329135766));
#2298 = VECTOR('',#2299,1.);
#2299 = DIRECTION('',(1.,-1.554312234475E-15,-2.22044604925E-16));
#2300 = ORIENTED_EDGE('',*,*,#406,.F.);
#2301 = ORIENTED_EDGE('',*,*,#2235,.F.);
#2302 = ORIENTED_EDGE('',*,*,#2303,.F.);
#2303 = EDGE_CURVE('',#2294,#2236,#2304,.T.);
#2304 = LINE('',#2305,#2306);
#2305 = CARTESIAN_POINT('',(-11.,29.442538456725,29.290459118796));
#2306 = VECTOR('',#2307,1.);
#2307 = DIRECTION('',(1.418690929201E-15,0.573576436351,-0.819152044289)
  );
#2308 = PLANE('',#2309);
#2309 = AXIS2_PLACEMENT_3D('',#2310,#2311,#2312);
#2310 = CARTESIAN_POINT('',(-7.217371360434E-14,29.158838853418,
    29.695624141773));
#2311 = DIRECTION('',(1.377500967956E-15,-0.819152044289,-0.573576436351
    ));
#2312 = DIRECTION('',(1.07302767677E-15,0.573576436351,-0.819152044289)
  );
#2313 = ADVANCED_FACE('',(#2314),#2333,.T.);
#2314 = FACE_BOUND('',#2315,.T.);
#2315 = EDGE_LOOP('',(#2316,#2317,#2318,#2326));
#2316 = ORIENTED_EDGE('',*,*,#2293,.F.);
#2317 = ORIENTED_EDGE('',*,*,#397,.T.);
#2318 = ORIENTED_EDGE('',*,*,#2319,.F.);
#2319 = EDGE_CURVE('',#2320,#389,#2322,.T.);
#2320 = VERTEX_POINT('',#2321);
#2321 = CARTESIAN_POINT('',(-11.,26.580425840232,30.733751907087));
#2322 = LINE('',#2323,#2324);
#2323 = CARTESIAN_POINT('',(-7.912449466396E-14,26.580425840232,
    30.733751907086));
#2324 = VECTOR('',#2325,1.);
#2325 = DIRECTION('',(-1.,1.554312234475E-15,2.22044604925E-16));
#2326 = ORIENTED_EDGE('',*,*,#2327,.F.);
#2327 = EDGE_CURVE('',#2294,#2320,#2328,.T.);
#2328 = CIRCLE('',#2329,1.);
#2329 = AXIS2_PLACEMENT_3D('',#2330,#2331,#2332);
#2330 = CARTESIAN_POINT('',(-11.,27.49474287594,30.328752699415));
#2331 = DIRECTION('',(1.,6.661338147751E-16,1.998401444325E-15));
#2332 = DIRECTION('',(-6.661338147751E-16,1.,-1.998401444325E-15));
#2333 = CYLINDRICAL_SURFACE('',#2334,1.);
#2334 = AXIS2_PLACEMENT_3D('',#2335,#2336,#2337);
#2335 = CARTESIAN_POINT('',(-7.89242011573E-14,27.49474287594,
    30.328752699415));
#2336 = DIRECTION('',(1.,-1.33226762955E-15,9.860761315263E-31));
#2337 = DIRECTION('',(-6.661338147751E-16,1.,-1.998401444325E-15));
#2338 = ADVANCED_FACE('',(#2339),#2358,.T.);
#2339 = FACE_BOUND('',#2340,.F.);
#2340 = EDGE_LOOP('',(#2341,#2342,#2343,#2351));
#2341 = ORIENTED_EDGE('',*,*,#2269,.F.);
#2342 = ORIENTED_EDGE('',*,*,#231,.F.);
#2343 = ORIENTED_EDGE('',*,*,#2344,.F.);
#2344 = EDGE_CURVE('',#2345,#232,#2347,.T.);
#2345 = VERTEX_POINT('',#2346);
#2346 = CARTESIAN_POINT('',(-11.,-31.75433350624,33.31135016844));
#2347 = LINE('',#2348,#2349);
#2348 = CARTESIAN_POINT('',(-3.010501307511E-14,-31.75433350624,
    33.31135016844));
#2349 = VECTOR('',#2350,1.);
#2350 = DIRECTION('',(-1.,7.771561172376E-16,7.771561172376E-16));
#2351 = ORIENTED_EDGE('',*,*,#2352,.T.);
#2352 = EDGE_CURVE('',#2345,#2261,#2353,.T.);
#2353 = CIRCLE('',#2354,1.);
#2354 = AXIS2_PLACEMENT_3D('',#2355,#2356,#2357);
#2355 = CARTESIAN_POINT('',(-11.,-32.57348555053,33.884926604791));
#2356 = DIRECTION('',(1.,-1.110223024625E-16,3.330669073875E-16));
#2357 = DIRECTION('',(-1.110223024625E-16,-1.,6.661338147751E-16));
#2358 = CYLINDRICAL_SURFACE('',#2359,1.);
#2359 = AXIS2_PLACEMENT_3D('',#2360,#2361,#2362);
#2360 = CARTESIAN_POINT('',(-3.053265817966E-14,-32.57348555053,
    33.884926604791));
#2361 = DIRECTION('',(1.,-9.992007221626E-16,-5.551115123126E-16));
#2362 = DIRECTION('',(3.330669073875E-16,-1.,8.881784197001E-16));
#2363 = ADVANCED_FACE('',(#2364),#2383,.T.);
#2364 = FACE_BOUND('',#2365,.F.);
#2365 = EDGE_LOOP('',(#2366,#2374,#2375,#2376));
#2366 = ORIENTED_EDGE('',*,*,#2367,.F.);
#2367 = EDGE_CURVE('',#380,#2368,#2370,.T.);
#2368 = VERTEX_POINT('',#2369);
#2369 = CARTESIAN_POINT('',(-11.,27.306578759763,23.799370758039));
#2370 = LINE('',#2371,#2372);
#2371 = CARTESIAN_POINT('',(-16.,27.306578759763,23.799370758039));
#2372 = VECTOR('',#2373,1.);
#2373 = DIRECTION('',(1.,-3.330669073875E-15,-6.661338147751E-16));
#2374 = ORIENTED_EDGE('',*,*,#388,.F.);
#2375 = ORIENTED_EDGE('',*,*,#2319,.F.);
#2376 = ORIENTED_EDGE('',*,*,#2377,.F.);
#2377 = EDGE_CURVE('',#2368,#2320,#2378,.T.);
#2378 = CIRCLE('',#2379,7.);
#2379 = AXIS2_PLACEMENT_3D('',#2380,#2381,#2382);
#2380 = CARTESIAN_POINT('',(-11.,32.980645090185,27.898757453383));
#2381 = DIRECTION('',(-1.,-4.646883769818E-30,-2.997602166488E-15));
#2382 = DIRECTION('',(7.001140533836E-30,1.,-3.885780586188E-15));
#2383 = CYLINDRICAL_SURFACE('',#2384,7.);
#2384 = AXIS2_PLACEMENT_3D('',#2385,#2386,#2387);
#2385 = CARTESIAN_POINT('',(-16.,32.980645090185,27.898757453383));
#2386 = DIRECTION('',(-1.,3.330669073875E-15,3.330669073875E-16));
#2387 = DIRECTION('',(-1.554312234475E-15,1.,-4.551914400963E-15));
#2388 = ADVANCED_FACE('',(#2389),#2407,.F.);
#2389 = FACE_BOUND('',#2390,.T.);
#2390 = EDGE_LOOP('',(#2391,#2399,#2400,#2401));
#2391 = ORIENTED_EDGE('',*,*,#2392,.F.);
#2392 = EDGE_CURVE('',#241,#2393,#2395,.T.);
#2393 = VERTEX_POINT('',#2394);
#2394 = CARTESIAN_POINT('',(-11.,-33.44422137262,30.897940180454));
#2395 = LINE('',#2396,#2397);
#2396 = CARTESIAN_POINT('',(-2.532421858735E-14,-33.44422137262,
    30.897940180454));
#2397 = VECTOR('',#2398,1.);
#2398 = DIRECTION('',(1.,-7.771561172376E-16,-7.771561172376E-16));
#2399 = ORIENTED_EDGE('',*,*,#240,.F.);
#2400 = ORIENTED_EDGE('',*,*,#2344,.F.);
#2401 = ORIENTED_EDGE('',*,*,#2402,.T.);
#2402 = EDGE_CURVE('',#2345,#2393,#2403,.T.);
#2403 = LINE('',#2404,#2405);
#2404 = CARTESIAN_POINT('',(-11.,-32.88297704273,31.699480151471));
#2405 = VECTOR('',#2406,1.);
#2406 = DIRECTION('',(-1.546239226258E-16,-0.573576436351,
    -0.819152044289));
#2407 = PLANE('',#2408);
#2408 = AXIS2_PLACEMENT_3D('',#2409,#2410,#2411);
#2409 = CARTESIAN_POINT('',(-2.122124412326E-14,-32.59927743943,
    32.104645174447));
#2410 = DIRECTION('',(-1.037100269577E-16,-0.819152044289,0.573576436351
    ));
#2411 = DIRECTION('',(1.00953664402E-15,-0.573576436351,-0.819152044289)
  );
#2412 = ADVANCED_FACE('',(#2413),#2432,.F.);
#2413 = FACE_BOUND('',#2414,.T.);
#2414 = EDGE_LOOP('',(#2415,#2416,#2424,#2431));
#2415 = ORIENTED_EDGE('',*,*,#379,.F.);
#2416 = ORIENTED_EDGE('',*,*,#2417,.T.);
#2417 = EDGE_CURVE('',#372,#2418,#2420,.T.);
#2418 = VERTEX_POINT('',#2419);
#2419 = CARTESIAN_POINT('',(-11.,27.019539284296,19.944813930137));
#2420 = LINE('',#2421,#2422);
#2421 = CARTESIAN_POINT('',(-16.,27.019539284296,19.944813930137));
#2422 = VECTOR('',#2423,1.);
#2423 = DIRECTION('',(1.,-3.330669073875E-15,-6.661338147751E-16));
#2424 = ORIENTED_EDGE('',*,*,#2425,.F.);
#2425 = EDGE_CURVE('',#2368,#2418,#2426,.T.);
#2426 = CIRCLE('',#2427,3.);
#2427 = AXIS2_PLACEMENT_3D('',#2428,#2429,#2430);
#2428 = CARTESIAN_POINT('',(-11.,24.874836046725,22.042490745748));
#2429 = DIRECTION('',(-1.,-2.22044604925E-16,-2.886579864025E-15));
#2430 = DIRECTION('',(-2.22044604925E-16,1.,-3.5527136788E-15));
#2431 = ORIENTED_EDGE('',*,*,#2367,.F.);
#2432 = CYLINDRICAL_SURFACE('',#2433,3.);
#2433 = AXIS2_PLACEMENT_3D('',#2434,#2435,#2436);
#2434 = CARTESIAN_POINT('',(-16.,24.874836046725,22.042490745748));
#2435 = DIRECTION('',(-1.,3.10862446895E-15,4.440892098501E-16));
#2436 = DIRECTION('',(-1.554312234475E-15,1.,-4.218847493576E-15));
#2437 = ADVANCED_FACE('',(#2438),#2457,.T.);
#2438 = FACE_BOUND('',#2439,.F.);
#2439 = EDGE_LOOP('',(#2440,#2441,#2442,#2450));
#2440 = ORIENTED_EDGE('',*,*,#2392,.F.);
#2441 = ORIENTED_EDGE('',*,*,#248,.F.);
#2442 = ORIENTED_EDGE('',*,*,#2443,.F.);
#2443 = EDGE_CURVE('',#2444,#249,#2446,.T.);
#2444 = VERTEX_POINT('',#2445);
#2445 = CARTESIAN_POINT('',(-11.,-33.72539264409,30.70149737727));
#2446 = LINE('',#2447,#2448);
#2447 = CARTESIAN_POINT('',(-2.626124797819E-14,-33.72539264409,
    30.70149737727));
#2448 = VECTOR('',#2449,1.);
#2449 = DIRECTION('',(-1.,7.771561172376E-16,7.771561172376E-16));
#2450 = ORIENTED_EDGE('',*,*,#2451,.T.);
#2451 = EDGE_CURVE('',#2444,#2393,#2452,.T.);
#2452 = CIRCLE('',#2453,0.5);
#2453 = AXIS2_PLACEMENT_3D('',#2454,#2455,#2456);
#2454 = CARTESIAN_POINT('',(-11.,-33.85379739476,31.18472839863));
#2455 = DIRECTION('',(1.,-1.110223024625E-16,3.330669073875E-16));
#2456 = DIRECTION('',(-1.110223024625E-16,-1.,6.661338147751E-16));
#2457 = CYLINDRICAL_SURFACE('',#2458,0.5);
#2458 = AXIS2_PLACEMENT_3D('',#2459,#2460,#2461);
#2459 = CARTESIAN_POINT('',(-2.680862423173E-14,-33.85379739476,
    31.18472839863));
#2460 = DIRECTION('',(1.,-9.992007221626E-16,-5.551115123126E-16));
#2461 = DIRECTION('',(3.330669073875E-16,-1.,8.881784197001E-16));
#2462 = ADVANCED_FACE('',(#2463),#2504,.T.);
#2463 = FACE_BOUND('',#2464,.T.);
#2464 = EDGE_LOOP('',(#2465,#2466,#2472,#2473,#2481,#2489,#2497,#2503));
#2465 = ORIENTED_EDGE('',*,*,#371,.F.);
#2466 = ORIENTED_EDGE('',*,*,#2467,.T.);
#2467 = EDGE_CURVE('',#363,#842,#2468,.T.);
#2468 = LINE('',#2469,#2470);
#2469 = CARTESIAN_POINT('',(-16.,14.350989208097,6.992256052037));
#2470 = VECTOR('',#2471,1.);
#2471 = DIRECTION('',(1.,-2.6645352591E-15,4.511298301733E-30));
#2472 = ORIENTED_EDGE('',*,*,#841,.T.);
#2473 = ORIENTED_EDGE('',*,*,#2474,.F.);
#2474 = EDGE_CURVE('',#2475,#833,#2477,.T.);
#2475 = VERTEX_POINT('',#2476);
#2476 = CARTESIAN_POINT('',(11.,27.019539284295,19.944813930137));
#2477 = LINE('',#2478,#2479);
#2478 = CARTESIAN_POINT('',(-16.,27.019539284296,19.944813930137));
#2479 = VECTOR('',#2480,1.);
#2480 = DIRECTION('',(1.,-3.330669073875E-15,-6.661338147751E-16));
#2481 = ORIENTED_EDGE('',*,*,#2482,.F.);
#2482 = EDGE_CURVE('',#2483,#2475,#2485,.T.);
#2483 = VERTEX_POINT('',#2484);
#2484 = CARTESIAN_POINT('',(11.,24.224082633382,17.086687795031));
#2485 = LINE('',#2486,#2487);
#2486 = CARTESIAN_POINT('',(11.,26.802750551308,19.723165154669));
#2487 = VECTOR('',#2488,1.);
#2488 = DIRECTION('',(-2.13254706052E-15,0.699225605204,0.71490107919));
#2489 = ORIENTED_EDGE('',*,*,#2490,.T.);
#2490 = EDGE_CURVE('',#2483,#2491,#2493,.T.);
#2491 = VERTEX_POINT('',#2492);
#2492 = CARTESIAN_POINT('',(-11.,24.224082633382,17.086687795031));
#2493 = LINE('',#2494,#2495);
#2494 = CARTESIAN_POINT('',(11.,24.224082633382,17.086687795031));
#2495 = VECTOR('',#2496,1.);
#2496 = DIRECTION('',(-1.,1.998401444325E-15,3.330669073875E-16));
#2497 = ORIENTED_EDGE('',*,*,#2498,.T.);
#2498 = EDGE_CURVE('',#2491,#2418,#2499,.T.);
#2499 = LINE('',#2500,#2501);
#2500 = CARTESIAN_POINT('',(-11.,26.802750551308,19.723165154669));
#2501 = VECTOR('',#2502,1.);
#2502 = DIRECTION('',(-2.13254706052E-15,0.699225605204,0.71490107919));
#2503 = ORIENTED_EDGE('',*,*,#2417,.F.);
#2504 = PLANE('',#2505);
#2505 = AXIS2_PLACEMENT_3D('',#2506,#2507,#2508);
#2506 = CARTESIAN_POINT('',(-6.33538139479E-14,20.481737324302,
    13.260445334439));
#2507 = DIRECTION('',(-1.76684461505E-15,-0.71490107919,0.699225605204)
  );
#2508 = DIRECTION('',(2.287806333781E-15,-0.699225605204,-0.71490107919)
  );
#2509 = ADVANCED_FACE('',(#2510),#2539,.F.);
#2510 = FACE_BOUND('',#2511,.T.);
#2511 = EDGE_LOOP('',(#2512,#2513,#2514,#2523,#2532,#2538));
#2512 = ORIENTED_EDGE('',*,*,#257,.F.);
#2513 = ORIENTED_EDGE('',*,*,#2443,.F.);
#2514 = ORIENTED_EDGE('',*,*,#2515,.T.);
#2515 = EDGE_CURVE('',#2444,#2516,#2518,.T.);
#2516 = VERTEX_POINT('',#2517);
#2517 = CARTESIAN_POINT('',(-11.,-35.77236089102,28.683819799523));
#2518 = CIRCLE('',#2519,2.9);
#2519 = AXIS2_PLACEMENT_3D('',#2520,#2521,#2522);
#2520 = CARTESIAN_POINT('',(-11.,-32.98064509018,27.898757453383));
#2521 = DIRECTION('',(1.,-1.110223024625E-16,3.330669073875E-16));
#2522 = DIRECTION('',(-1.970417254365E-16,-0.96266062098,0.270711153841)
  );
#2523 = ORIENTED_EDGE('',*,*,#2524,.T.);
#2524 = EDGE_CURVE('',#2516,#2525,#2527,.T.);
#2525 = VERTEX_POINT('',#2526);
#2526 = CARTESIAN_POINT('',(-11.,-30.09221240059,28.157517183101));
#2527 = CIRCLE('',#2528,2.9);
#2528 = AXIS2_PLACEMENT_3D('',#2529,#2530,#2531);
#2529 = CARTESIAN_POINT('',(-11.,-32.98064509018,27.898757453383));
#2530 = DIRECTION('',(1.,-1.110223024625E-16,3.330669073875E-16));
#2531 = DIRECTION('',(-1.970417254365E-16,-0.96266062098,0.270711153841)
  );
#2532 = ORIENTED_EDGE('',*,*,#2533,.F.);
#2533 = EDGE_CURVE('',#267,#2525,#2534,.T.);
#2534 = LINE('',#2535,#2536);
#2535 = CARTESIAN_POINT('',(-2.579951636878E-14,-30.09221240059,
    28.157517183101));
#2536 = VECTOR('',#2537,1.);
#2537 = DIRECTION('',(1.,-7.771561172376E-16,-7.771561172376E-16));
#2538 = ORIENTED_EDGE('',*,*,#266,.F.);
#2539 = CYLINDRICAL_SURFACE('',#2540,2.9);
#2540 = AXIS2_PLACEMENT_3D('',#2541,#2542,#2543);
#2541 = CARTESIAN_POINT('',(-2.421487144025E-14,-32.98064509018,
    27.898757453383));
#2542 = DIRECTION('',(1.,-7.771561172376E-16,-3.330669073875E-16));
#2543 = DIRECTION('',(-1.636179817846E-16,-0.96266062098,0.270711153841)
  );
#2544 = ADVANCED_FACE('',(#2545),#2556,.T.);
#2545 = FACE_BOUND('',#2546,.F.);
#2546 = EDGE_LOOP('',(#2547,#2548,#2549,#2555));
#2547 = ORIENTED_EDGE('',*,*,#2467,.T.);
#2548 = ORIENTED_EDGE('',*,*,#849,.T.);
#2549 = ORIENTED_EDGE('',*,*,#2550,.F.);
#2550 = EDGE_CURVE('',#354,#850,#2551,.T.);
#2551 = LINE('',#2552,#2553);
#2552 = CARTESIAN_POINT('',(-16.,13.377671379323,5.833333333333));
#2553 = VECTOR('',#2554,1.);
#2554 = DIRECTION('',(1.,-2.886579864025E-15,-5.551115123126E-16));
#2555 = ORIENTED_EDGE('',*,*,#362,.F.);
#2556 = CYLINDRICAL_SURFACE('',#2557,10.);
#2557 = AXIS2_PLACEMENT_3D('',#2558,#2559,#2560);
#2558 = CARTESIAN_POINT('',(-16.,21.5,-9.020562075079E-14));
#2559 = DIRECTION('',(-1.,3.552713678801E-15,5.551115123126E-16));
#2560 = DIRECTION('',(-1.7763568394E-15,1.,-4.773959005888E-15));
#2561 = ADVANCED_FACE('',(#2562),#2573,.F.);
#2562 = FACE_BOUND('',#2563,.T.);
#2563 = EDGE_LOOP('',(#2564,#2570,#2571,#2572));
#2564 = ORIENTED_EDGE('',*,*,#2565,.T.);
#2565 = EDGE_CURVE('',#346,#859,#2566,.T.);
#2566 = LINE('',#2567,#2568);
#2567 = CARTESIAN_POINT('',(-16.,11.753205655189,5.));
#2568 = VECTOR('',#2569,1.);
#2569 = DIRECTION('',(1.,-2.886579864025E-15,-5.551115123126E-16));
#2570 = ORIENTED_EDGE('',*,*,#858,.T.);
#2571 = ORIENTED_EDGE('',*,*,#2550,.F.);
#2572 = ORIENTED_EDGE('',*,*,#353,.F.);
#2573 = CYLINDRICAL_SURFACE('',#2574,2.);
#2574 = AXIS2_PLACEMENT_3D('',#2575,#2576,#2577);
#2575 = CARTESIAN_POINT('',(-16.,11.753205655189,7.));
#2576 = DIRECTION('',(-1.,2.6645352591E-15,3.330669073875E-16));
#2577 = DIRECTION('',(-1.33226762955E-15,1.,-3.663735981263E-15));
#2578 = ADVANCED_FACE('',(#2579),#2598,.T.);
#2579 = FACE_BOUND('',#2580,.F.);
#2580 = EDGE_LOOP('',(#2581,#2582,#2583,#2591));
#2581 = ORIENTED_EDGE('',*,*,#2533,.F.);
#2582 = ORIENTED_EDGE('',*,*,#275,.F.);
#2583 = ORIENTED_EDGE('',*,*,#2584,.F.);
#2584 = EDGE_CURVE('',#2585,#276,#2587,.T.);
#2585 = VERTEX_POINT('',#2586);
#2586 = CARTESIAN_POINT('',(-11.,-30.0037827866,28.48891914778));
#2587 = LINE('',#2588,#2589);
#2588 = CARTESIAN_POINT('',(-2.479869224034E-14,-30.0037827866,
    28.48891914778));
#2589 = VECTOR('',#2590,1.);
#2590 = DIRECTION('',(-1.,7.771561172376E-16,7.771561172376E-16));
#2591 = ORIENTED_EDGE('',*,*,#2592,.T.);
#2592 = EDGE_CURVE('',#2585,#2525,#2593,.T.);
#2593 = CIRCLE('',#2594,0.5);
#2594 = AXIS2_PLACEMENT_3D('',#2595,#2596,#2597);
#2595 = CARTESIAN_POINT('',(-11.,-29.59420676446,28.202130929605));
#2596 = DIRECTION('',(1.,-1.110223024625E-16,3.330669073875E-16));
#2597 = DIRECTION('',(-1.110223024625E-16,-1.,6.661338147751E-16));
#2598 = CYLINDRICAL_SURFACE('',#2599,0.5);
#2599 = AXIS2_PLACEMENT_3D('',#2600,#2601,#2602);
#2600 = CARTESIAN_POINT('',(-2.458486968807E-14,-29.59420676446,
    28.202130929605));
#2601 = DIRECTION('',(1.,-9.992007221626E-16,-5.551115123126E-16));
#2602 = DIRECTION('',(3.330669073875E-16,-1.,8.881784197001E-16));
#2603 = ADVANCED_FACE('',(#2604),#2615,.T.);
#2604 = FACE_BOUND('',#2605,.T.);
#2605 = EDGE_LOOP('',(#2606,#2607,#2613,#2614));
#2606 = ORIENTED_EDGE('',*,*,#345,.F.);
#2607 = ORIENTED_EDGE('',*,*,#2608,.T.);
#2608 = EDGE_CURVE('',#337,#868,#2609,.T.);
#2609 = LINE('',#2610,#2611);
#2610 = CARTESIAN_POINT('',(-16.,-11.75320565518,5.));
#2611 = VECTOR('',#2612,1.);
#2612 = DIRECTION('',(1.,-7.771561172376E-16,-7.771561172376E-16));
#2613 = ORIENTED_EDGE('',*,*,#867,.F.);
#2614 = ORIENTED_EDGE('',*,*,#2565,.F.);
#2615 = PLANE('',#2616);
#2616 = AXIS2_PLACEMENT_3D('',#2617,#2618,#2619);
#2617 = CARTESIAN_POINT('',(-1.869198072748E-14,7.58464762897E-15,5.));
#2618 = DIRECTION('',(-6.661338147751E-16,9.820968215091E-16,1.));
#2619 = DIRECTION('',(-2.22044604925E-16,1.,-1.648230636284E-15));
#2620 = ADVANCED_FACE('',(#2621),#2639,.F.);
#2621 = FACE_BOUND('',#2622,.T.);
#2622 = EDGE_LOOP('',(#2623,#2631,#2632,#2633));
#2623 = ORIENTED_EDGE('',*,*,#2624,.F.);
#2624 = EDGE_CURVE('',#285,#2625,#2627,.T.);
#2625 = VERTEX_POINT('',#2626);
#2626 = CARTESIAN_POINT('',(-11.,-28.31389492022,30.902329135766));
#2627 = LINE('',#2628,#2629);
#2628 = CARTESIAN_POINT('',(-2.931469407672E-14,-28.31389492022,
    30.902329135766));
#2629 = VECTOR('',#2630,1.);
#2630 = DIRECTION('',(1.,-7.771561172376E-16,-7.771561172376E-16));
#2631 = ORIENTED_EDGE('',*,*,#284,.F.);
#2632 = ORIENTED_EDGE('',*,*,#2584,.F.);
#2633 = ORIENTED_EDGE('',*,*,#2634,.T.);
#2634 = EDGE_CURVE('',#2585,#2625,#2635,.T.);
#2635 = LINE('',#2636,#2637);
#2636 = CARTESIAN_POINT('',(-11.,-29.44253845672,29.290459118796));
#2637 = VECTOR('',#2638,1.);
#2638 = DIRECTION('',(1.546239226258E-16,0.573576436351,0.819152044289)
  );
#2639 = PLANE('',#2640);
#2640 = AXIS2_PLACEMENT_3D('',#2641,#2642,#2643);
#2641 = CARTESIAN_POINT('',(-1.996004480761E-14,-29.15883885341,
    29.695624141773));
#2642 = DIRECTION('',(1.132452175281E-16,0.819152044289,-0.573576436351)
  );
#2643 = DIRECTION('',(-1.00953664402E-15,0.573576436351,0.819152044289)
  );
#2644 = ADVANCED_FACE('',(#2645),#2656,.F.);
#2645 = FACE_BOUND('',#2646,.F.);
#2646 = EDGE_LOOP('',(#2647,#2648,#2649,#2655));
#2647 = ORIENTED_EDGE('',*,*,#2608,.T.);
#2648 = ORIENTED_EDGE('',*,*,#875,.T.);
#2649 = ORIENTED_EDGE('',*,*,#2650,.F.);
#2650 = EDGE_CURVE('',#328,#876,#2651,.T.);
#2651 = LINE('',#2652,#2653);
#2652 = CARTESIAN_POINT('',(-16.,-13.37767137932,5.833333333333));
#2653 = VECTOR('',#2654,1.);
#2654 = DIRECTION('',(1.,-7.771561172376E-16,-7.771561172376E-16));
#2655 = ORIENTED_EDGE('',*,*,#336,.F.);
#2656 = CYLINDRICAL_SURFACE('',#2657,2.);
#2657 = AXIS2_PLACEMENT_3D('',#2658,#2659,#2660);
#2658 = CARTESIAN_POINT('',(-16.,-11.75320565518,7.));
#2659 = DIRECTION('',(-1.,9.992007221626E-16,5.551115123126E-16));
#2660 = DIRECTION('',(3.330669073875E-16,-1.,8.881784197001E-16));
#2661 = ADVANCED_FACE('',(#2662),#2681,.T.);
#2662 = FACE_BOUND('',#2663,.F.);
#2663 = EDGE_LOOP('',(#2664,#2665,#2666,#2674));
#2664 = ORIENTED_EDGE('',*,*,#2624,.F.);
#2665 = ORIENTED_EDGE('',*,*,#292,.F.);
#2666 = ORIENTED_EDGE('',*,*,#2667,.F.);
#2667 = EDGE_CURVE('',#2668,#293,#2670,.T.);
#2668 = VERTEX_POINT('',#2669);
#2669 = CARTESIAN_POINT('',(-11.,-26.58042584023,30.733751907086));
#2670 = LINE('',#2671,#2672);
#2671 = CARTESIAN_POINT('',(-2.868039066875E-14,-26.58042584023,
    30.733751907087));
#2672 = VECTOR('',#2673,1.);
#2673 = DIRECTION('',(-1.,7.771561172376E-16,7.771561172376E-16));
#2674 = ORIENTED_EDGE('',*,*,#2675,.T.);
#2675 = EDGE_CURVE('',#2668,#2625,#2676,.T.);
#2676 = CIRCLE('',#2677,1.);
#2677 = AXIS2_PLACEMENT_3D('',#2678,#2679,#2680);
#2678 = CARTESIAN_POINT('',(-11.,-27.49474287594,30.328752699415));
#2679 = DIRECTION('',(1.,-1.110223024625E-16,3.330669073875E-16));
#2680 = DIRECTION('',(-1.110223024625E-16,-1.,6.661338147751E-16));
#2681 = CYLINDRICAL_SURFACE('',#2682,1.);
#2682 = AXIS2_PLACEMENT_3D('',#2683,#2684,#2685);
#2683 = CARTESIAN_POINT('',(-2.788125853145E-14,-27.49474287594,
    30.328752699415));
#2684 = DIRECTION('',(1.,-9.992007221626E-16,-5.551115123126E-16));
#2685 = DIRECTION('',(3.330669073875E-16,-1.,8.881784197001E-16));
#2686 = ADVANCED_FACE('',(#2687),#2698,.T.);
#2687 = FACE_BOUND('',#2688,.T.);
#2688 = EDGE_LOOP('',(#2689,#2690,#2696,#2697));
#2689 = ORIENTED_EDGE('',*,*,#327,.F.);
#2690 = ORIENTED_EDGE('',*,*,#2691,.T.);
#2691 = EDGE_CURVE('',#320,#885,#2692,.T.);
#2692 = LINE('',#2693,#2694);
#2693 = CARTESIAN_POINT('',(-16.,-14.35098920809,6.992256052037));
#2694 = VECTOR('',#2695,1.);
#2695 = DIRECTION('',(1.,-5.551115123126E-16,-5.551115123126E-16));
#2696 = ORIENTED_EDGE('',*,*,#884,.T.);
#2697 = ORIENTED_EDGE('',*,*,#2650,.F.);
#2698 = CYLINDRICAL_SURFACE('',#2699,10.);
#2699 = AXIS2_PLACEMENT_3D('',#2700,#2701,#2702);
#2700 = CARTESIAN_POINT('',(-16.,-21.5,3.153033389935E-14));
#2701 = DIRECTION('',(-1.,9.992007221626E-16,5.551115123126E-16));
#2702 = DIRECTION('',(3.330669073875E-16,-1.,8.881784197001E-16));
#2703 = ADVANCED_FACE('',(#2704),#2723,.T.);
#2704 = FACE_BOUND('',#2705,.T.);
#2705 = EDGE_LOOP('',(#2706,#2707,#2708,#2717));
#2706 = ORIENTED_EDGE('',*,*,#301,.F.);
#2707 = ORIENTED_EDGE('',*,*,#2667,.F.);
#2708 = ORIENTED_EDGE('',*,*,#2709,.T.);
#2709 = EDGE_CURVE('',#2668,#2710,#2712,.T.);
#2710 = VERTEX_POINT('',#2711);
#2711 = CARTESIAN_POINT('',(-11.,-27.30657875976,23.799370758039));
#2712 = CIRCLE('',#2713,7.);
#2713 = AXIS2_PLACEMENT_3D('',#2714,#2715,#2716);
#2714 = CARTESIAN_POINT('',(-11.,-32.98064509018,27.898757453383));
#2715 = DIRECTION('',(-1.,1.110223024625E-16,-3.330669073875E-16));
#2716 = DIRECTION('',(-1.110223024625E-16,-1.,6.661338147751E-16));
#2717 = ORIENTED_EDGE('',*,*,#2718,.F.);
#2718 = EDGE_CURVE('',#302,#2710,#2719,.T.);
#2719 = LINE('',#2720,#2721);
#2720 = CARTESIAN_POINT('',(-16.,-27.30657875976,23.799370758039));
#2721 = VECTOR('',#2722,1.);
#2722 = DIRECTION('',(1.,-7.771561172376E-16,-7.771561172376E-16));
#2723 = CYLINDRICAL_SURFACE('',#2724,7.);
#2724 = AXIS2_PLACEMENT_3D('',#2725,#2726,#2727);
#2725 = CARTESIAN_POINT('',(-16.,-32.98064509018,27.898757453383));
#2726 = DIRECTION('',(-1.,9.992007221626E-16,5.551115123126E-16));
#2727 = DIRECTION('',(3.330669073875E-16,-1.,8.881784197001E-16));
#2728 = ADVANCED_FACE('',(#2729),#2772,.T.);
#2729 = FACE_BOUND('',#2730,.T.);
#2730 = EDGE_LOOP('',(#2731,#2732,#2740,#2748,#2756,#2764,#2770,#2771));
#2731 = ORIENTED_EDGE('',*,*,#319,.T.);
#2732 = ORIENTED_EDGE('',*,*,#2733,.T.);
#2733 = EDGE_CURVE('',#311,#2734,#2736,.T.);
#2734 = VERTEX_POINT('',#2735);
#2735 = CARTESIAN_POINT('',(-11.,-27.01953928429,19.944813930137));
#2736 = LINE('',#2737,#2738);
#2737 = CARTESIAN_POINT('',(-16.,-27.01953928429,19.944813930137));
#2738 = VECTOR('',#2739,1.);
#2739 = DIRECTION('',(1.,-7.771561172376E-16,-7.771561172376E-16));
#2740 = ORIENTED_EDGE('',*,*,#2741,.T.);
#2741 = EDGE_CURVE('',#2734,#2742,#2744,.T.);
#2742 = VERTEX_POINT('',#2743);
#2743 = CARTESIAN_POINT('',(-11.,-24.22408263338,17.086687795031));
#2744 = LINE('',#2745,#2746);
#2745 = CARTESIAN_POINT('',(-11.,-26.8027505513,19.723165154669));
#2746 = VECTOR('',#2747,1.);
#2747 = DIRECTION('',(-1.740327214179E-18,0.699225605204,-0.71490107919)
  );
#2748 = ORIENTED_EDGE('',*,*,#2749,.F.);
#2749 = EDGE_CURVE('',#2750,#2742,#2752,.T.);
#2750 = VERTEX_POINT('',#2751);
#2751 = CARTESIAN_POINT('',(11.,-24.22408263338,17.086687795031));
#2752 = LINE('',#2753,#2754);
#2753 = CARTESIAN_POINT('',(11.,-24.22408263338,17.086687795031));
#2754 = VECTOR('',#2755,1.);
#2755 = DIRECTION('',(-1.,7.771561172376E-16,7.771561172376E-16));
#2756 = ORIENTED_EDGE('',*,*,#2757,.F.);
#2757 = EDGE_CURVE('',#2758,#2750,#2760,.T.);
#2758 = VERTEX_POINT('',#2759);
#2759 = CARTESIAN_POINT('',(11.,-27.01953928429,19.944813930137));
#2760 = LINE('',#2761,#2762);
#2761 = CARTESIAN_POINT('',(11.,-26.8027505513,19.723165154669));
#2762 = VECTOR('',#2763,1.);
#2763 = DIRECTION('',(-1.740327214179E-18,0.699225605204,-0.71490107919)
  );
#2764 = ORIENTED_EDGE('',*,*,#2765,.T.);
#2765 = EDGE_CURVE('',#2758,#894,#2766,.T.);
#2766 = LINE('',#2767,#2768);
#2767 = CARTESIAN_POINT('',(-16.,-27.01953928429,19.944813930137));
#2768 = VECTOR('',#2769,1.);
#2769 = DIRECTION('',(1.,-7.771561172376E-16,-7.771561172376E-16));
#2770 = ORIENTED_EDGE('',*,*,#893,.F.);
#2771 = ORIENTED_EDGE('',*,*,#2691,.F.);
#2772 = PLANE('',#2773);
#2773 = AXIS2_PLACEMENT_3D('',#2774,#2775,#2776);
#2774 = CARTESIAN_POINT('',(-1.199925663586E-14,-20.4817373243,
    13.260445334439));
#2775 = DIRECTION('',(-3.960210139524E-16,0.71490107919,0.699225605204)
  );
#2776 = DIRECTION('',(-3.209605098069E-16,-0.699225605204,0.71490107919)
  );
#2777 = ADVANCED_FACE('',(#2778),#2790,.F.);
#2778 = FACE_BOUND('',#2779,.F.);
#2779 = EDGE_LOOP('',(#2780,#2781,#2782,#2789));
#2780 = ORIENTED_EDGE('',*,*,#310,.F.);
#2781 = ORIENTED_EDGE('',*,*,#2733,.T.);
#2782 = ORIENTED_EDGE('',*,*,#2783,.T.);
#2783 = EDGE_CURVE('',#2734,#2710,#2784,.T.);
#2784 = CIRCLE('',#2785,3.);
#2785 = AXIS2_PLACEMENT_3D('',#2786,#2787,#2788);
#2786 = CARTESIAN_POINT('',(-11.,-24.87483604672,22.042490745748));
#2787 = DIRECTION('',(-1.,1.110223024625E-16,-3.330669073875E-16));
#2788 = DIRECTION('',(-1.110223024625E-16,-1.,6.661338147751E-16));
#2789 = ORIENTED_EDGE('',*,*,#2718,.F.);
#2790 = CYLINDRICAL_SURFACE('',#2791,3.);
#2791 = AXIS2_PLACEMENT_3D('',#2792,#2793,#2794);
#2792 = CARTESIAN_POINT('',(-16.,-24.87483604672,22.042490745748));
#2793 = DIRECTION('',(-1.,9.992007221626E-16,5.551115123126E-16));
#2794 = DIRECTION('',(3.330669073875E-16,-1.,8.881784197001E-16));
#2795 = ADVANCED_FACE('',(#2796),#2852,.F.);
#2796 = FACE_BOUND('',#2797,.T.);
#2797 = EDGE_LOOP('',(#2798,#2806,#2815,#2848,#2849,#2850,#2851));
#2798 = ORIENTED_EDGE('',*,*,#2799,.F.);
#2799 = EDGE_CURVE('',#2800,#1060,#2802,.T.);
#2800 = VERTEX_POINT('',#2801);
#2801 = CARTESIAN_POINT('',(15.,-21.5,4.95));
#2802 = LINE('',#2803,#2804);
#2803 = CARTESIAN_POINT('',(15.,-21.5,4.95));
#2804 = VECTOR('',#2805,1.);
#2805 = DIRECTION('',(0.766044443119,-1.506438279875E-15,0.642787609687)
  );
#2806 = ORIENTED_EDGE('',*,*,#2807,.T.);
#2807 = EDGE_CURVE('',#2800,#2808,#2810,.T.);
#2808 = VERTEX_POINT('',#2809);
#2809 = CARTESIAN_POINT('',(15.,-16.91330275229,-1.861372707945));
#2810 = CIRCLE('',#2811,4.95);
#2811 = AXIS2_PLACEMENT_3D('',#2812,#2813,#2814);
#2812 = CARTESIAN_POINT('',(15.,-21.5,2.6645352591E-15));
#2813 = DIRECTION('',(-1.,-5.551115123126E-16,-9.992007221626E-16));
#2814 = DIRECTION('',(-9.992007221626E-16,-2.22044604925E-16,1.));
#2815 = ORIENTED_EDGE('',*,*,#2816,.T.);
#2816 = EDGE_CURVE('',#2808,#1648,#2817,.T.);
#2817 = B_SPLINE_CURVE_WITH_KNOTS('',8,(#2818,#2819,#2820,#2821,#2822,
    #2823,#2824,#2825,#2826,#2827,#2828,#2829,#2830,#2831,#2832,#2833,
    #2834,#2835,#2836,#2837,#2838,#2839,#2840,#2841,#2842,#2843,#2844,
    #2845,#2846,#2847),.UNSPECIFIED.,.F.,.F.,(9,7,7,7,9),(0.,
    0.286434869537,0.805071751336,0.952907886535,1.),.UNSPECIFIED.);
#2818 = CARTESIAN_POINT('',(15.,-16.91330275239,-1.861372708192));
#2819 = CARTESIAN_POINT('',(15.000000000024,-16.92617662748,
    -1.89309583773));
#2820 = CARTESIAN_POINT('',(15.003515271204,-16.93656738086,
    -1.925825129924));
#2821 = CARTESIAN_POINT('',(15.010545449431,-16.94424465676,
    -1.958989960852));
#2822 = CARTESIAN_POINT('',(15.020829626005,-16.94920499366,
    -1.992081050578));
#2823 = CARTESIAN_POINT('',(15.033975209472,-16.95158486919,
    -2.024683176596));
#2824 = CARTESIAN_POINT('',(15.049553087452,-16.95159275369,
    -2.05648894478));
#2825 = CARTESIAN_POINT('',(15.067159088468,-16.94946017254,
    -2.087293617842));
#2826 = CARTESIAN_POINT('',(15.121356124908,-16.93808149944,
    -2.170706727089));
#2827 = CARTESIAN_POINT('',(15.161747937163,-16.92447433528,
    -2.220717795154));
#2828 = CARTESIAN_POINT('',(15.205910680618,-16.90585206369,
    -2.266867057513));
#2829 = CARTESIAN_POINT('',(15.252687587923,-16.88308447757,
    -2.309107984086));
#2830 = CARTESIAN_POINT('',(15.301209219384,-16.85687634488,
    -2.347483753629));
#2831 = CARTESIAN_POINT('',(15.350903612171,-16.82772640416,
    -2.382087572968));
#2832 = CARTESIAN_POINT('',(15.401424122219,-16.79595957328,
    -2.413027170093));
#2833 = CARTESIAN_POINT('',(15.46722340127,-16.75193319527,
    -2.448128591204));
#2834 = CARTESIAN_POINT('',(15.48186135717,-16.74197345428,
    -2.455613295387));
#2835 = CARTESIAN_POINT('',(15.49653393129,-16.73182624192,
    -2.462796080803));
#2836 = CARTESIAN_POINT('',(15.511233628212,-16.7214975832,
    -2.469676042443));
#2837 = CARTESIAN_POINT('',(15.525953237324,-16.71099317246,
    -2.476251847307));
#2838 = CARTESIAN_POINT('',(15.540685781657,-16.70031841624,
    -2.482521737797));
#2839 = CARTESIAN_POINT('',(15.555424466722,-16.68947847623,
    -2.488483535115));
#2840 = CARTESIAN_POINT('',(15.574857362646,-16.67497429069,
    -2.495934761399));
#2841 = CARTESIAN_POINT('',(15.57955203729,-16.67145401558,
    -2.497703352179));
#2842 = CARTESIAN_POINT('',(15.584246436093,-16.66791764834,
    -2.499440330075));
#2843 = CARTESIAN_POINT('',(15.588940342103,-16.66436534932,
    -2.501145605434));
#2844 = CARTESIAN_POINT('',(15.5936335386,-16.66079727767,
    -2.502819083865));
#2845 = CARTESIAN_POINT('',(15.598325809097,-16.65721359132,
    -2.504460666245));
#2846 = CARTESIAN_POINT('',(15.603016937339,-16.65361444693,
    -2.506070248717));
#2847 = CARTESIAN_POINT('',(15.607706707307,-16.65,-2.507647722688));
#2848 = ORIENTED_EDGE('',*,*,#1655,.F.);
#2849 = ORIENTED_EDGE('',*,*,#1086,.T.);
#2850 = ORIENTED_EDGE('',*,*,#1077,.T.);
#2851 = ORIENTED_EDGE('',*,*,#1068,.T.);
#2852 = CONICAL_SURFACE('',#2853,4.95,0.698131700798);
#2853 = AXIS2_PLACEMENT_3D('',#2854,#2855,#2856);
#2854 = CARTESIAN_POINT('',(15.,-21.5,2.6645352591E-15));
#2855 = DIRECTION('',(1.,-7.771561172376E-16,-7.771561172376E-16));
#2856 = DIRECTION('',(-9.992007221626E-16,-2.22044604925E-16,1.));
#2857 = ADVANCED_FACE('',(#2858),#2919,.F.);
#2858 = FACE_BOUND('',#2859,.T.);
#2859 = EDGE_LOOP('',(#2860,#2869,#2870,#2871,#2872,#2873,#2900,#2912));
#2860 = ORIENTED_EDGE('',*,*,#2861,.T.);
#2861 = EDGE_CURVE('',#2862,#2800,#2864,.T.);
#2862 = VERTEX_POINT('',#2863);
#2863 = CARTESIAN_POINT('',(15.,-26.45,5.517221131143E-15));
#2864 = CIRCLE('',#2865,4.95);
#2865 = AXIS2_PLACEMENT_3D('',#2866,#2867,#2868);
#2866 = CARTESIAN_POINT('',(15.,-21.5,2.6645352591E-15));
#2867 = DIRECTION('',(-1.,-5.551115123126E-16,-9.992007221626E-16));
#2868 = DIRECTION('',(-9.992007221626E-16,-2.22044604925E-16,1.));
#2869 = ORIENTED_EDGE('',*,*,#2799,.T.);
#2870 = ORIENTED_EDGE('',*,*,#1059,.T.);
#2871 = ORIENTED_EDGE('',*,*,#1050,.T.);
#2872 = ORIENTED_EDGE('',*,*,#1961,.F.);
#2873 = ORIENTED_EDGE('',*,*,#2874,.T.);
#2874 = EDGE_CURVE('',#1962,#2875,#2877,.T.);
#2875 = VERTEX_POINT('',#2876);
#2876 = CARTESIAN_POINT('',(15.047956730849,-26.05,-2.049390153192));
#2877 = B_SPLINE_CURVE_WITH_KNOTS('',6,(#2878,#2879,#2880,#2881,#2882,
    #2883,#2884,#2885,#2886,#2887,#2888,#2889,#2890,#2891,#2892,#2893,
    #2894,#2895,#2896,#2897,#2898,#2899),.UNSPECIFIED.,.F.,.F.,(7,5,5,5,
    7),(0.,5.921584347496E-02,0.492593205093,0.868788343076,1.),
  .UNSPECIFIED.);
#2878 = CARTESIAN_POINT('',(15.607706707306,-26.35,-2.507647722688));
#2879 = CARTESIAN_POINT('',(15.601480395618,-26.34520132684,
    -2.505553410026));
#2880 = CARTESIAN_POINT('',(15.595251570106,-26.34043097492,
    -2.503399672535));
#2881 = CARTESIAN_POINT('',(15.58902082791,-26.33568937396,
    -2.501186810392));
#2882 = CARTESIAN_POINT('',(15.582788767236,-26.33097695934,
    -2.498915102053));
#2883 = CARTESIAN_POINT('',(15.576555987355,-26.32629417205,
    -2.49658480426));
#2884 = CARTESIAN_POINT('',(15.524706965326,-26.28759008785,
    -2.476714550184));
#2885 = CARTESIAN_POINT('',(15.479094819881,-26.25515729077,
    -2.456111236205));
#2886 = CARTESIAN_POINT('',(15.433701755635,-26.22450151419,
    -2.432473711512));
#2887 = CARTESIAN_POINT('',(15.388782238386,-26.19583035732,
    -2.405828339754));
#2888 = CARTESIAN_POINT('',(15.344646653087,-26.16940119912,
    -2.376168627331));
#2889 = CARTESIAN_POINT('',(15.264478303182,-26.12491975124,
    -2.314988091612));
#2890 = CARTESIAN_POINT('',(15.228180219751,-26.10624203481,
    -2.284256082637));
#2891 = CARTESIAN_POINT('',(15.193081590282,-26.08977441513,
    -2.251150162087));
#2892 = CARTESIAN_POINT('',(15.159604937392,-26.07587237819,
    -2.215618156611));
#2893 = CARTESIAN_POINT('',(15.128368786613,-26.06501116331,
    -2.177673005923));
#2894 = CARTESIAN_POINT('',(15.090433513381,-26.0553030204,
    -2.123404593668));
#2895 = CARTESIAN_POINT('',(15.081005409582,-26.05323909476,
    -2.109097236475));
#2896 = CARTESIAN_POINT('',(15.071997425779,-26.05164804439,
    -2.094524493373));
#2897 = CARTESIAN_POINT('',(15.063453942084,-26.05055860761,
    -2.079700503196));
#2898 = CARTESIAN_POINT('',(15.055423450895,-26.05,-2.064646137306));
#2899 = CARTESIAN_POINT('',(15.047956730849,-26.05,-2.049390153192));
#2900 = ORIENTED_EDGE('',*,*,#2901,.T.);
#2901 = EDGE_CURVE('',#2875,#2902,#2904,.T.);
#2902 = VERTEX_POINT('',#2903);
#2903 = CARTESIAN_POINT('',(15.,-26.0866972477,-1.861372707945));
#2904 = B_SPLINE_CURVE_WITH_KNOTS('',6,(#2905,#2906,#2907,#2908,#2909,
    #2910,#2911),.UNSPECIFIED.,.F.,.F.,(7,7),(0.,1.),
  .PIECEWISE_BEZIER_KNOTS.);
#2905 = CARTESIAN_POINT('',(15.047956730849,-26.05,-2.049390153192));
#2906 = CARTESIAN_POINT('',(15.033032428547,-26.05,-2.018896855277));
#2907 = CARTESIAN_POINT('',(15.020344631011,-26.05223168467,
    -1.987565688076));
#2908 = CARTESIAN_POINT('',(15.010332901647,-26.05692455185,
    -1.955678427661));
#2909 = CARTESIAN_POINT('',(15.003442268187,-26.06425785824,
    -1.923643323821));
#2910 = CARTESIAN_POINT('',(15.000000012621,-26.07426457828,
    -1.892008667085));
#2911 = CARTESIAN_POINT('',(15.,-26.086697193,-1.861372842729));
#2912 = ORIENTED_EDGE('',*,*,#2913,.T.);
#2913 = EDGE_CURVE('',#2902,#2862,#2914,.T.);
#2914 = CIRCLE('',#2915,4.95);
#2915 = AXIS2_PLACEMENT_3D('',#2916,#2917,#2918);
#2916 = CARTESIAN_POINT('',(15.,-21.5,2.6645352591E-15));
#2917 = DIRECTION('',(-1.,-5.551115123126E-16,-9.992007221626E-16));
#2918 = DIRECTION('',(-9.992007221626E-16,-2.22044604925E-16,1.));
#2919 = CONICAL_SURFACE('',#2920,4.95,0.698131700798);
#2920 = AXIS2_PLACEMENT_3D('',#2921,#2922,#2923);
#2921 = CARTESIAN_POINT('',(15.,-21.5,2.6645352591E-15));
#2922 = DIRECTION('',(1.,-7.771561172376E-16,-7.771561172376E-16));
#2923 = DIRECTION('',(-9.992007221626E-16,-2.22044604925E-16,1.));
#2924 = ADVANCED_FACE('',(#2925),#2983,.F.);
#2925 = FACE_BOUND('',#2926,.F.);
#2926 = EDGE_LOOP('',(#2927,#2935,#2944,#2956,#2981,#2982));
#2927 = ORIENTED_EDGE('',*,*,#2928,.F.);
#2928 = EDGE_CURVE('',#2929,#675,#2931,.T.);
#2929 = VERTEX_POINT('',#2930);
#2930 = CARTESIAN_POINT('',(15.,21.5,4.95));
#2931 = LINE('',#2932,#2933);
#2932 = CARTESIAN_POINT('',(15.,21.5,4.95));
#2933 = VECTOR('',#2934,1.);
#2934 = DIRECTION('',(0.766044443119,-6.803841429095E-16,0.642787609687)
  );
#2935 = ORIENTED_EDGE('',*,*,#2936,.T.);
#2936 = EDGE_CURVE('',#2929,#2937,#2939,.T.);
#2937 = VERTEX_POINT('',#2938);
#2938 = CARTESIAN_POINT('',(15.,16.913302752294,-1.861372707945));
#2939 = CIRCLE('',#2940,4.95);
#2940 = AXIS2_PLACEMENT_3D('',#2941,#2942,#2943);
#2941 = CARTESIAN_POINT('',(15.,21.5,-2.386979502944E-14));
#2942 = DIRECTION('',(1.,2.958228394579E-31,6.661338147751E-16));
#2943 = DIRECTION('',(-6.661338147751E-16,2.218671295934E-31,1.));
#2944 = ORIENTED_EDGE('',*,*,#2945,.F.);
#2945 = EDGE_CURVE('',#2946,#2937,#2948,.T.);
#2946 = VERTEX_POINT('',#2947);
#2947 = CARTESIAN_POINT('',(15.047956730849,16.95,-2.049390153192));
#2948 = B_SPLINE_CURVE_WITH_KNOTS('',6,(#2949,#2950,#2951,#2952,#2953,
    #2954,#2955),.UNSPECIFIED.,.F.,.F.,(7,7),(0.,1.),
  .PIECEWISE_BEZIER_KNOTS.);
#2949 = CARTESIAN_POINT('',(15.047956730849,16.95,-2.049390153192));
#2950 = CARTESIAN_POINT('',(15.033032410646,16.95,-2.018896818702));
#2951 = CARTESIAN_POINT('',(15.020344600487,16.947768309969,
    -1.987565612736));
#2952 = CARTESIAN_POINT('',(15.010332865509,16.943075431208,
    -1.955678312575));
#2953 = CARTESIAN_POINT('',(15.003442235069,16.935742106468,
    -1.923643169736));
#2954 = CARTESIAN_POINT('',(14.999999991929,16.925735361592,-1.892008477
    ));
#2955 = CARTESIAN_POINT('',(15.,16.913302717315,-1.861372621753));
#2956 = ORIENTED_EDGE('',*,*,#2957,.F.);
#2957 = EDGE_CURVE('',#1162,#2946,#2958,.T.);
#2958 = B_SPLINE_CURVE_WITH_KNOTS('',6,(#2959,#2960,#2961,#2962,#2963,
    #2964,#2965,#2966,#2967,#2968,#2969,#2970,#2971,#2972,#2973,#2974,
    #2975,#2976,#2977,#2978,#2979,#2980),.UNSPECIFIED.,.F.,.F.,(7,5,5,5,
    7),(0.,5.921584347497E-02,0.4925932051,0.868788343082,1.),
  .UNSPECIFIED.);
#2959 = CARTESIAN_POINT('',(15.607706707306,16.65,-2.507647722688));
#2960 = CARTESIAN_POINT('',(15.601480395618,16.654798673151,
    -2.505553410026));
#2961 = CARTESIAN_POINT('',(15.595251570106,16.659569025078,
    -2.503399672535));
#2962 = CARTESIAN_POINT('',(15.58902082791,16.664310626033,
    -2.501186810392));
#2963 = CARTESIAN_POINT('',(15.582788767236,16.669023040651,
    -2.498915102053));
#2964 = CARTESIAN_POINT('',(15.576555987355,16.673705827947,
    -2.49658480426));
#2965 = CARTESIAN_POINT('',(15.524706965325,16.712409912149,
    -2.476714550184));
#2966 = CARTESIAN_POINT('',(15.47909481988,16.744842709231,
    -2.456111236204));
#2967 = CARTESIAN_POINT('',(15.433701755633,16.775498485805,
    -2.432473711511));
#2968 = CARTESIAN_POINT('',(15.388782238383,16.804169642676,
    -2.405828339753));
#2969 = CARTESIAN_POINT('',(15.344646653084,16.830598800873,
    -2.376168627329));
#2970 = CARTESIAN_POINT('',(15.264478303178,16.875080248753,
    -2.314988091609));
#2971 = CARTESIAN_POINT('',(15.228180219748,16.893757965185,
    -2.284256082633));
#2972 = CARTESIAN_POINT('',(15.193081590279,16.910225584866,
    -2.251150162084));
#2973 = CARTESIAN_POINT('',(15.159604937388,16.924127621804,
    -2.215618156608));
#2974 = CARTESIAN_POINT('',(15.12836878661,16.93498883669,
    -2.177673005919));
#2975 = CARTESIAN_POINT('',(15.090433513379,16.944696979591,
    -2.123404593665));
#2976 = CARTESIAN_POINT('',(15.08100540958,16.946760905233,
    -2.109097236472));
#2977 = CARTESIAN_POINT('',(15.071997425778,16.948351955606,
    -2.094524493371));
#2978 = CARTESIAN_POINT('',(15.063453942083,16.949441392385,
    -2.079700503194));
#2979 = CARTESIAN_POINT('',(15.055423450895,16.95,-2.064646137305));
#2980 = CARTESIAN_POINT('',(15.047956730849,16.95,-2.049390153192));
#2981 = ORIENTED_EDGE('',*,*,#1161,.T.);
#2982 = ORIENTED_EDGE('',*,*,#674,.F.);
#2983 = CONICAL_SURFACE('',#2984,4.95,0.698131700798);
#2984 = AXIS2_PLACEMENT_3D('',#2985,#2986,#2987);
#2985 = CARTESIAN_POINT('',(15.,21.5,-2.386979502944E-14));
#2986 = DIRECTION('',(1.,-6.661338147751E-16,3.574525976783E-31));
#2987 = DIRECTION('',(-6.661338147751E-16,2.218671295934E-31,1.));
#2988 = ADVANCED_FACE('',(#2989),#3045,.F.);
#2989 = FACE_BOUND('',#2990,.F.);
#2990 = EDGE_LOOP('',(#2991,#3000,#3001,#3002,#3003,#3038));
#2991 = ORIENTED_EDGE('',*,*,#2992,.T.);
#2992 = EDGE_CURVE('',#2993,#2929,#2995,.T.);
#2993 = VERTEX_POINT('',#2994);
#2994 = CARTESIAN_POINT('',(15.,26.45,-1.689540617848E-14));
#2995 = CIRCLE('',#2996,4.95);
#2996 = AXIS2_PLACEMENT_3D('',#2997,#2998,#2999);
#2997 = CARTESIAN_POINT('',(15.,21.5,-2.386979502944E-14));
#2998 = DIRECTION('',(1.,2.958228394579E-31,6.661338147751E-16));
#2999 = DIRECTION('',(-6.661338147751E-16,2.218671295934E-31,1.));
#3000 = ORIENTED_EDGE('',*,*,#2928,.T.);
#3001 = ORIENTED_EDGE('',*,*,#683,.F.);
#3002 = ORIENTED_EDGE('',*,*,#1520,.T.);
#3003 = ORIENTED_EDGE('',*,*,#3004,.F.);
#3004 = EDGE_CURVE('',#3005,#1513,#3007,.T.);
#3005 = VERTEX_POINT('',#3006);
#3006 = CARTESIAN_POINT('',(15.,26.086697247706,-1.861372707945));
#3007 = B_SPLINE_CURVE_WITH_KNOTS('',8,(#3008,#3009,#3010,#3011,#3012,
    #3013,#3014,#3015,#3016,#3017,#3018,#3019,#3020,#3021,#3022,#3023,
    #3024,#3025,#3026,#3027,#3028,#3029,#3030,#3031,#3032,#3033,#3034,
    #3035,#3036,#3037),.UNSPECIFIED.,.F.,.F.,(9,7,7,7,9),(0.,
    0.286434869535,0.805071751328,0.952907886525,1.),.UNSPECIFIED.);
#3008 = CARTESIAN_POINT('',(15.,26.086697247611,-1.86137270818));
#3009 = CARTESIAN_POINT('',(15.000000000023,26.07382337252,
    -1.893095837718));
#3010 = CARTESIAN_POINT('',(15.003515271202,26.063432619136,
    -1.925825129912));
#3011 = CARTESIAN_POINT('',(15.010545449428,26.055755343239,
    -1.95898996084));
#3012 = CARTESIAN_POINT('',(15.020829626001,26.050795006338,
    -1.992081050566));
#3013 = CARTESIAN_POINT('',(15.033975209466,26.048415130808,
    -2.024683176584));
#3014 = CARTESIAN_POINT('',(15.049553087446,26.048407246304,
    -2.056488944768));
#3015 = CARTESIAN_POINT('',(15.067159088461,26.050539827452,
    -2.08729361783));
#3016 = CARTESIAN_POINT('',(15.1213561249,26.061918500556,
    -2.170706727079));
#3017 = CARTESIAN_POINT('',(15.161747937155,26.075525664708,
    -2.220717795146));
#3018 = CARTESIAN_POINT('',(15.205910680607,26.094147936301,
    -2.266867057503));
#3019 = CARTESIAN_POINT('',(15.252687587915,26.116915522423,
    -2.309107984079));
#3020 = CARTESIAN_POINT('',(15.301209219372,26.143123655111,
    -2.347483753621));
#3021 = CARTESIAN_POINT('',(15.350903612162,26.172273595834,
    -2.382087572962));
#3022 = CARTESIAN_POINT('',(15.401424122209,26.204040426711,
    -2.413027170087));
#3023 = CARTESIAN_POINT('',(15.46722340126,26.248066804715,
    -2.448128591199));
#3024 = CARTESIAN_POINT('',(15.48186135716,26.25802654571,
    -2.455613295383));
#3025 = CARTESIAN_POINT('',(15.49653393128,26.268173758066,
    -2.462796080798));
#3026 = CARTESIAN_POINT('',(15.511233628202,26.278502416785,
    -2.469676042439));
#3027 = CARTESIAN_POINT('',(15.525953237314,26.289006827532,
    -2.476251847303));
#3028 = CARTESIAN_POINT('',(15.540685781647,26.299681583745,
    -2.482521737793));
#3029 = CARTESIAN_POINT('',(15.555424466713,26.31052152376,
    -2.488483535111));
#3030 = CARTESIAN_POINT('',(15.574857362638,26.325025709298,
    -2.495934761396));
#3031 = CARTESIAN_POINT('',(15.579552037283,26.328545984408,
    -2.497703352176));
#3032 = CARTESIAN_POINT('',(15.584246436087,26.332082351655,
    -2.499440330073));
#3033 = CARTESIAN_POINT('',(15.588940342099,26.335634650672,
    -2.501145605432));
#3034 = CARTESIAN_POINT('',(15.593633538597,26.339202722318,
    -2.502819083864));
#3035 = CARTESIAN_POINT('',(15.598325809095,26.342786408678,
    -2.504460666244));
#3036 = CARTESIAN_POINT('',(15.603016937338,26.34638555306,
    -2.506070248716));
#3037 = CARTESIAN_POINT('',(15.607706707306,26.35,-2.507647722688));
#3038 = ORIENTED_EDGE('',*,*,#3039,.T.);
#3039 = EDGE_CURVE('',#3005,#2993,#3040,.T.);
#3040 = CIRCLE('',#3041,4.95);
#3041 = AXIS2_PLACEMENT_3D('',#3042,#3043,#3044);
#3042 = CARTESIAN_POINT('',(15.,21.5,-2.386979502944E-14));
#3043 = DIRECTION('',(1.,2.958228394579E-31,6.661338147751E-16));
#3044 = DIRECTION('',(-6.661338147751E-16,2.218671295934E-31,1.));
#3045 = CONICAL_SURFACE('',#3046,4.95,0.698131700798);
#3046 = AXIS2_PLACEMENT_3D('',#3047,#3048,#3049);
#3047 = CARTESIAN_POINT('',(15.,21.5,-2.386979502944E-14));
#3048 = DIRECTION('',(1.,-6.661338147751E-16,3.574525976783E-31));
#3049 = DIRECTION('',(-6.661338147751E-16,2.218671295934E-31,1.));
#3050 = ADVANCED_FACE('',(#3051),#3080,.T.);
#3051 = FACE_BOUND('',#3052,.T.);
#3052 = EDGE_LOOP('',(#3053,#3054,#3062,#3071,#3078,#3079));
#3053 = ORIENTED_EDGE('',*,*,#989,.T.);
#3054 = ORIENTED_EDGE('',*,*,#3055,.F.);
#3055 = EDGE_CURVE('',#3056,#981,#3058,.T.);
#3056 = VERTEX_POINT('',#3057);
#3057 = CARTESIAN_POINT('',(11.,-32.50562562725,34.882621463359));
#3058 = LINE('',#3059,#3060);
#3059 = CARTESIAN_POINT('',(-2.915037344673E-14,-32.50562562725,
    34.882621463359));
#3060 = VECTOR('',#3061,1.);
#3061 = DIRECTION('',(1.,-7.771561172376E-16,-7.771561172376E-16));
#3062 = ORIENTED_EDGE('',*,*,#3063,.F.);
#3063 = EDGE_CURVE('',#3064,#3056,#3066,.T.);
#3064 = VERTEX_POINT('',#3065);
#3065 = CARTESIAN_POINT('',(11.,-39.98064509018,27.898757453383));
#3066 = CIRCLE('',#3067,7.);
#3067 = AXIS2_PLACEMENT_3D('',#3068,#3069,#3070);
#3068 = CARTESIAN_POINT('',(11.,-32.98064509018,27.898757453383));
#3069 = DIRECTION('',(-1.,1.110223024625E-16,-3.330669073875E-16));
#3070 = DIRECTION('',(-1.110223024625E-16,-1.,6.661338147751E-16));
#3071 = ORIENTED_EDGE('',*,*,#3072,.F.);
#3072 = EDGE_CURVE('',#2210,#3064,#3073,.T.);
#3073 = CIRCLE('',#3074,7.);
#3074 = AXIS2_PLACEMENT_3D('',#3075,#3076,#3077);
#3075 = CARTESIAN_POINT('',(11.,-32.98064509018,27.898757453383));
#3076 = DIRECTION('',(-1.,1.110223024625E-16,-3.330669073875E-16));
#3077 = DIRECTION('',(-1.110223024625E-16,-1.,6.661338147751E-16));
#3078 = ORIENTED_EDGE('',*,*,#2217,.T.);
#3079 = ORIENTED_EDGE('',*,*,#998,.T.);
#3080 = CYLINDRICAL_SURFACE('',#3081,7.);
#3081 = AXIS2_PLACEMENT_3D('',#3082,#3083,#3084);
#3082 = CARTESIAN_POINT('',(-16.,-32.98064509018,27.898757453383));
#3083 = DIRECTION('',(-1.,7.771561172376E-16,3.330669073875E-16));
#3084 = DIRECTION('',(1.110223024625E-16,-1.,6.661338147751E-16));
#3085 = ADVANCED_FACE('',(#3086),#3106,.T.);
#3086 = FACE_BOUND('',#3087,.F.);
#3087 = EDGE_LOOP('',(#3088,#3096,#3103,#3104,#3105));
#3088 = ORIENTED_EDGE('',*,*,#3089,.F.);
#3089 = EDGE_CURVE('',#3090,#745,#3092,.T.);
#3090 = VERTEX_POINT('',#3091);
#3091 = CARTESIAN_POINT('',(11.,32.505625627256,34.882621463359));
#3092 = LINE('',#3093,#3094);
#3093 = CARTESIAN_POINT('',(-8.873926070336E-14,32.505625627256,
    34.882621463359));
#3094 = VECTOR('',#3095,1.);
#3095 = DIRECTION('',(1.,-1.554312234475E-15,-2.22044604925E-16));
#3096 = ORIENTED_EDGE('',*,*,#3097,.T.);
#3097 = EDGE_CURVE('',#3090,#1802,#3098,.T.);
#3098 = CIRCLE('',#3099,7.);
#3099 = AXIS2_PLACEMENT_3D('',#3100,#3101,#3102);
#3100 = CARTESIAN_POINT('',(11.,32.980645090185,27.898757453383));
#3101 = DIRECTION('',(-1.,-4.646883769818E-30,-2.997602166488E-15));
#3102 = DIRECTION('',(7.001140533836E-30,1.,-3.885780586188E-15));
#3103 = ORIENTED_EDGE('',*,*,#1809,.T.);
#3104 = ORIENTED_EDGE('',*,*,#735,.T.);
#3105 = ORIENTED_EDGE('',*,*,#744,.T.);
#3106 = CYLINDRICAL_SURFACE('',#3107,7.);
#3107 = AXIS2_PLACEMENT_3D('',#3108,#3109,#3110);
#3108 = CARTESIAN_POINT('',(-16.,32.980645090185,27.898757453383));
#3109 = DIRECTION('',(-1.,3.330669073875E-15,3.330669073875E-16));
#3110 = DIRECTION('',(-1.554312234475E-15,1.,-4.551914400963E-15));
#3111 = ADVANCED_FACE('',(#3112),#3131,.T.);
#3112 = FACE_BOUND('',#3113,.F.);
#3113 = EDGE_LOOP('',(#3114,#3115,#3124,#3130));
#3114 = ORIENTED_EDGE('',*,*,#3055,.F.);
#3115 = ORIENTED_EDGE('',*,*,#3116,.F.);
#3116 = EDGE_CURVE('',#3117,#3056,#3119,.T.);
#3117 = VERTEX_POINT('',#3118);
#3118 = CARTESIAN_POINT('',(11.,-31.75433350624,33.31135016844));
#3119 = CIRCLE('',#3120,1.);
#3120 = AXIS2_PLACEMENT_3D('',#3121,#3122,#3123);
#3121 = CARTESIAN_POINT('',(11.,-32.57348555053,33.884926604791));
#3122 = DIRECTION('',(1.,-1.110223024625E-16,3.330669073875E-16));
#3123 = DIRECTION('',(-1.110223024625E-16,-1.,6.661338147751E-16));
#3124 = ORIENTED_EDGE('',*,*,#3125,.F.);
#3125 = EDGE_CURVE('',#973,#3117,#3126,.T.);
#3126 = LINE('',#3127,#3128);
#3127 = CARTESIAN_POINT('',(-3.010501307511E-14,-31.75433350624,
    33.31135016844));
#3128 = VECTOR('',#3129,1.);
#3129 = DIRECTION('',(-1.,7.771561172376E-16,7.771561172376E-16));
#3130 = ORIENTED_EDGE('',*,*,#980,.T.);
#3131 = CYLINDRICAL_SURFACE('',#3132,1.);
#3132 = AXIS2_PLACEMENT_3D('',#3133,#3134,#3135);
#3133 = CARTESIAN_POINT('',(-3.053265817966E-14,-32.57348555053,
    33.884926604791));
#3134 = DIRECTION('',(1.,-9.992007221626E-16,-5.551115123126E-16));
#3135 = DIRECTION('',(3.330669073875E-16,-1.,8.881784197001E-16));
#3136 = ADVANCED_FACE('',(#3137),#3155,.F.);
#3137 = FACE_BOUND('',#3138,.T.);
#3138 = EDGE_LOOP('',(#3139,#3147,#3153,#3154));
#3139 = ORIENTED_EDGE('',*,*,#3140,.F.);
#3140 = EDGE_CURVE('',#3141,#964,#3143,.T.);
#3141 = VERTEX_POINT('',#3142);
#3142 = CARTESIAN_POINT('',(11.,-33.44422137262,30.897940180454));
#3143 = LINE('',#3144,#3145);
#3144 = CARTESIAN_POINT('',(-2.532421858735E-14,-33.44422137262,
    30.897940180454));
#3145 = VECTOR('',#3146,1.);
#3146 = DIRECTION('',(1.,-7.771561172376E-16,-7.771561172376E-16));
#3147 = ORIENTED_EDGE('',*,*,#3148,.F.);
#3148 = EDGE_CURVE('',#3117,#3141,#3149,.T.);
#3149 = LINE('',#3150,#3151);
#3150 = CARTESIAN_POINT('',(11.,-32.88297704273,31.699480151471));
#3151 = VECTOR('',#3152,1.);
#3152 = DIRECTION('',(-1.546239226258E-16,-0.573576436351,
    -0.819152044289));
#3153 = ORIENTED_EDGE('',*,*,#3125,.F.);
#3154 = ORIENTED_EDGE('',*,*,#972,.T.);
#3155 = PLANE('',#3156);
#3156 = AXIS2_PLACEMENT_3D('',#3157,#3158,#3159);
#3157 = CARTESIAN_POINT('',(-2.122124412326E-14,-32.59927743943,
    32.104645174447));
#3158 = DIRECTION('',(-1.037100269577E-16,-0.819152044289,0.573576436351
    ));
#3159 = DIRECTION('',(1.00953664402E-15,-0.573576436351,-0.819152044289)
  );
#3160 = ADVANCED_FACE('',(#3161),#3180,.T.);
#3161 = FACE_BOUND('',#3162,.T.);
#3162 = EDGE_LOOP('',(#3163,#3164,#3173,#3179));
#3163 = ORIENTED_EDGE('',*,*,#3089,.F.);
#3164 = ORIENTED_EDGE('',*,*,#3165,.T.);
#3165 = EDGE_CURVE('',#3090,#3166,#3168,.T.);
#3166 = VERTEX_POINT('',#3167);
#3167 = CARTESIAN_POINT('',(11.,31.754333506242,33.31135016844));
#3168 = CIRCLE('',#3169,1.);
#3169 = AXIS2_PLACEMENT_3D('',#3170,#3171,#3172);
#3170 = CARTESIAN_POINT('',(11.,32.573485550531,33.884926604791));
#3171 = DIRECTION('',(1.,6.661338147751E-16,1.998401444325E-15));
#3172 = DIRECTION('',(-6.661338147751E-16,1.,-1.998401444325E-15));
#3173 = ORIENTED_EDGE('',*,*,#3174,.F.);
#3174 = EDGE_CURVE('',#754,#3166,#3175,.T.);
#3175 = LINE('',#3176,#3177);
#3176 = CARTESIAN_POINT('',(-8.772208560319E-14,31.754333506242,
    33.31135016844));
#3177 = VECTOR('',#3178,1.);
#3178 = DIRECTION('',(-1.,1.554312234475E-15,2.22044604925E-16));
#3179 = ORIENTED_EDGE('',*,*,#753,.F.);
#3180 = CYLINDRICAL_SURFACE('',#3181,1.);
#3181 = AXIS2_PLACEMENT_3D('',#3182,#3183,#3184);
#3182 = CARTESIAN_POINT('',(-8.941398645817E-14,32.573485550531,
    33.884926604791));
#3183 = DIRECTION('',(1.,-1.33226762955E-15,9.860761315263E-31));
#3184 = DIRECTION('',(-6.661338147751E-16,1.,-1.998401444325E-15));
#3185 = ADVANCED_FACE('',(#3186),#3205,.T.);
#3186 = FACE_BOUND('',#3187,.F.);
#3187 = EDGE_LOOP('',(#3188,#3189,#3198,#3204));
#3188 = ORIENTED_EDGE('',*,*,#3140,.F.);
#3189 = ORIENTED_EDGE('',*,*,#3190,.F.);
#3190 = EDGE_CURVE('',#3191,#3141,#3193,.T.);
#3191 = VERTEX_POINT('',#3192);
#3192 = CARTESIAN_POINT('',(11.,-33.72539264409,30.70149737727));
#3193 = CIRCLE('',#3194,0.5);
#3194 = AXIS2_PLACEMENT_3D('',#3195,#3196,#3197);
#3195 = CARTESIAN_POINT('',(11.,-33.85379739476,31.18472839863));
#3196 = DIRECTION('',(1.,-1.110223024625E-16,3.330669073875E-16));
#3197 = DIRECTION('',(-1.110223024625E-16,-1.,6.661338147751E-16));
#3198 = ORIENTED_EDGE('',*,*,#3199,.F.);
#3199 = EDGE_CURVE('',#955,#3191,#3200,.T.);
#3200 = LINE('',#3201,#3202);
#3201 = CARTESIAN_POINT('',(-2.626124797819E-14,-33.72539264409,
    30.70149737727));
#3202 = VECTOR('',#3203,1.);
#3203 = DIRECTION('',(-1.,7.771561172376E-16,7.771561172376E-16));
#3204 = ORIENTED_EDGE('',*,*,#963,.T.);
#3205 = CYLINDRICAL_SURFACE('',#3206,0.5);
#3206 = AXIS2_PLACEMENT_3D('',#3207,#3208,#3209);
#3207 = CARTESIAN_POINT('',(-2.680862423173E-14,-33.85379739476,
    31.18472839863));
#3208 = DIRECTION('',(1.,-9.992007221626E-16,-5.551115123126E-16));
#3209 = DIRECTION('',(3.330669073875E-16,-1.,8.881784197001E-16));
#3210 = ADVANCED_FACE('',(#3211),#3229,.F.);
#3211 = FACE_BOUND('',#3212,.F.);
#3212 = EDGE_LOOP('',(#3213,#3221,#3227,#3228));
#3213 = ORIENTED_EDGE('',*,*,#3214,.F.);
#3214 = EDGE_CURVE('',#3215,#763,#3217,.T.);
#3215 = VERTEX_POINT('',#3216);
#3216 = CARTESIAN_POINT('',(11.,33.44422137262,30.897940180454));
#3217 = LINE('',#3218,#3219);
#3218 = CARTESIAN_POINT('',(-8.275423195632E-14,33.444221372621,
    30.897940180454));
#3219 = VECTOR('',#3220,1.);
#3220 = DIRECTION('',(1.,-1.554312234475E-15,-2.22044604925E-16));
#3221 = ORIENTED_EDGE('',*,*,#3222,.T.);
#3222 = EDGE_CURVE('',#3215,#3166,#3223,.T.);
#3223 = LINE('',#3224,#3225);
#3224 = CARTESIAN_POINT('',(11.,32.882977042739,31.699480151471));
#3225 = VECTOR('',#3226,1.);
#3226 = DIRECTION('',(-1.418690929201E-15,-0.573576436351,0.819152044289
    ));
#3227 = ORIENTED_EDGE('',*,*,#3174,.F.);
#3228 = ORIENTED_EDGE('',*,*,#762,.F.);
#3229 = PLANE('',#3230);
#3230 = AXIS2_PLACEMENT_3D('',#3231,#3232,#3233);
#3231 = CARTESIAN_POINT('',(-7.874478707179E-14,32.599277439431,
    32.104645174447));
#3232 = DIRECTION('',(-1.367965777386E-15,0.819152044289,0.573576436351)
  );
#3233 = DIRECTION('',(-1.07302767677E-15,-0.573576436351,0.819152044289)
  );
#3234 = ADVANCED_FACE('',(#3235),#3264,.F.);
#3235 = FACE_BOUND('',#3236,.T.);
#3236 = EDGE_LOOP('',(#3237,#3246,#3247,#3248,#3249,#3257));
#3237 = ORIENTED_EDGE('',*,*,#3238,.F.);
#3238 = EDGE_CURVE('',#3191,#3239,#3241,.T.);
#3239 = VERTEX_POINT('',#3240);
#3240 = CARTESIAN_POINT('',(11.,-35.77236089102,28.683819799523));
#3241 = CIRCLE('',#3242,2.9);
#3242 = AXIS2_PLACEMENT_3D('',#3243,#3244,#3245);
#3243 = CARTESIAN_POINT('',(11.,-32.98064509018,27.898757453383));
#3244 = DIRECTION('',(1.,-1.110223024625E-16,3.330669073875E-16));
#3245 = DIRECTION('',(-1.970417254365E-16,-0.96266062098,0.270711153841)
  );
#3246 = ORIENTED_EDGE('',*,*,#3199,.F.);
#3247 = ORIENTED_EDGE('',*,*,#954,.T.);
#3248 = ORIENTED_EDGE('',*,*,#945,.T.);
#3249 = ORIENTED_EDGE('',*,*,#3250,.F.);
#3250 = EDGE_CURVE('',#3251,#937,#3253,.T.);
#3251 = VERTEX_POINT('',#3252);
#3252 = CARTESIAN_POINT('',(11.,-30.09221240059,28.157517183101));
#3253 = LINE('',#3254,#3255);
#3254 = CARTESIAN_POINT('',(-2.579951636878E-14,-30.09221240059,
    28.157517183101));
#3255 = VECTOR('',#3256,1.);
#3256 = DIRECTION('',(1.,-7.771561172376E-16,-7.771561172376E-16));
#3257 = ORIENTED_EDGE('',*,*,#3258,.F.);
#3258 = EDGE_CURVE('',#3239,#3251,#3259,.T.);
#3259 = CIRCLE('',#3260,2.9);
#3260 = AXIS2_PLACEMENT_3D('',#3261,#3262,#3263);
#3261 = CARTESIAN_POINT('',(11.,-32.98064509018,27.898757453383));
#3262 = DIRECTION('',(1.,-1.110223024625E-16,3.330669073875E-16));
#3263 = DIRECTION('',(-1.970417254365E-16,-0.96266062098,0.270711153841)
  );
#3264 = CYLINDRICAL_SURFACE('',#3265,2.9);
#3265 = AXIS2_PLACEMENT_3D('',#3266,#3267,#3268);
#3266 = CARTESIAN_POINT('',(-2.421487144025E-14,-32.98064509018,
    27.898757453383));
#3267 = DIRECTION('',(1.,-7.771561172376E-16,-3.330669073875E-16));
#3268 = DIRECTION('',(-1.636179817846E-16,-0.96266062098,0.270711153841)
  );
#3269 = ADVANCED_FACE('',(#3270),#3289,.T.);
#3270 = FACE_BOUND('',#3271,.T.);
#3271 = EDGE_LOOP('',(#3272,#3273,#3282,#3288));
#3272 = ORIENTED_EDGE('',*,*,#3214,.F.);
#3273 = ORIENTED_EDGE('',*,*,#3274,.T.);
#3274 = EDGE_CURVE('',#3215,#3275,#3277,.T.);
#3275 = VERTEX_POINT('',#3276);
#3276 = CARTESIAN_POINT('',(11.,33.725392644092,30.70149737727));
#3277 = CIRCLE('',#3278,0.5);
#3278 = AXIS2_PLACEMENT_3D('',#3279,#3280,#3281);
#3279 = CARTESIAN_POINT('',(11.,33.853797394765,31.18472839863));
#3280 = DIRECTION('',(1.,6.661338147751E-16,1.998401444325E-15));
#3281 = DIRECTION('',(-6.661338147751E-16,1.,-1.998401444325E-15));
#3282 = ORIENTED_EDGE('',*,*,#3283,.F.);
#3283 = EDGE_CURVE('',#771,#3275,#3284,.T.);
#3284 = LINE('',#3285,#3286);
#3285 = CARTESIAN_POINT('',(-8.381954115848E-14,33.725392644092,
    30.70149737727));
#3286 = VECTOR('',#3287,1.);
#3287 = DIRECTION('',(-1.,1.554312234475E-15,2.22044604925E-16));
#3288 = ORIENTED_EDGE('',*,*,#770,.F.);
#3289 = CYLINDRICAL_SURFACE('',#3290,0.5);
#3290 = AXIS2_PLACEMENT_3D('',#3291,#3292,#3293);
#3291 = CARTESIAN_POINT('',(-8.487076547591E-14,33.853797394765,
    31.18472839863));
#3292 = DIRECTION('',(1.,-1.33226762955E-15,9.860761315263E-31));
#3293 = DIRECTION('',(-6.661338147751E-16,1.,-1.998401444325E-15));
#3294 = ADVANCED_FACE('',(#3295),#3324,.F.);
#3295 = FACE_BOUND('',#3296,.F.);
#3296 = EDGE_LOOP('',(#3297,#3298,#3299,#3300,#3308,#3317));
#3297 = ORIENTED_EDGE('',*,*,#3283,.F.);
#3298 = ORIENTED_EDGE('',*,*,#779,.F.);
#3299 = ORIENTED_EDGE('',*,*,#788,.F.);
#3300 = ORIENTED_EDGE('',*,*,#3301,.F.);
#3301 = EDGE_CURVE('',#3302,#789,#3304,.T.);
#3302 = VERTEX_POINT('',#3303);
#3303 = CARTESIAN_POINT('',(11.,30.092212400598,28.157517183101));
#3304 = LINE('',#3305,#3306);
#3305 = CARTESIAN_POINT('',(-7.7750463456E-14,30.092212400598,
    28.157517183101));
#3306 = VECTOR('',#3307,1.);
#3307 = DIRECTION('',(1.,-1.554312234475E-15,-2.22044604925E-16));
#3308 = ORIENTED_EDGE('',*,*,#3309,.T.);
#3309 = EDGE_CURVE('',#3302,#3310,#3312,.T.);
#3310 = VERTEX_POINT('',#3311);
#3311 = CARTESIAN_POINT('',(11.,35.772360891028,28.683819799523));
#3312 = CIRCLE('',#3313,2.9);
#3313 = AXIS2_PLACEMENT_3D('',#3314,#3315,#3316);
#3314 = CARTESIAN_POINT('',(11.,32.980645090185,27.898757453383));
#3315 = DIRECTION('',(1.,6.661338147751E-16,2.6645352591E-15));
#3316 = DIRECTION('',(-1.362580206229E-15,0.96266062098,0.270711153841)
  );
#3317 = ORIENTED_EDGE('',*,*,#3318,.T.);
#3318 = EDGE_CURVE('',#3310,#3275,#3319,.T.);
#3319 = CIRCLE('',#3320,2.9);
#3320 = AXIS2_PLACEMENT_3D('',#3321,#3322,#3323);
#3321 = CARTESIAN_POINT('',(11.,32.980645090185,27.898757453383));
#3322 = DIRECTION('',(1.,6.661338147751E-16,2.6645352591E-15));
#3323 = DIRECTION('',(-1.362580206229E-15,0.96266062098,0.270711153841)
  );
#3324 = CYLINDRICAL_SURFACE('',#3325,2.9);
#3325 = AXIS2_PLACEMENT_3D('',#3326,#3327,#3328);
#3326 = CARTESIAN_POINT('',(-9.63067458473E-14,32.980645090185,
    27.898757453383));
#3327 = DIRECTION('',(1.,-1.7763568394E-15,2.22044604925E-16));
#3328 = DIRECTION('',(-1.362580206229E-15,0.96266062098,0.270711153841)
  );
#3329 = ADVANCED_FACE('',(#3330),#3349,.T.);
#3330 = FACE_BOUND('',#3331,.F.);
#3331 = EDGE_LOOP('',(#3332,#3333,#3342,#3348));
#3332 = ORIENTED_EDGE('',*,*,#3250,.F.);
#3333 = ORIENTED_EDGE('',*,*,#3334,.F.);
#3334 = EDGE_CURVE('',#3335,#3251,#3337,.T.);
#3335 = VERTEX_POINT('',#3336);
#3336 = CARTESIAN_POINT('',(11.,-30.0037827866,28.48891914778));
#3337 = CIRCLE('',#3338,0.5);
#3338 = AXIS2_PLACEMENT_3D('',#3339,#3340,#3341);
#3339 = CARTESIAN_POINT('',(11.,-29.59420676446,28.202130929605));
#3340 = DIRECTION('',(1.,-1.110223024625E-16,3.330669073875E-16));
#3341 = DIRECTION('',(-1.110223024625E-16,-1.,6.661338147751E-16));
#3342 = ORIENTED_EDGE('',*,*,#3343,.F.);
#3343 = EDGE_CURVE('',#929,#3335,#3344,.T.);
#3344 = LINE('',#3345,#3346);
#3345 = CARTESIAN_POINT('',(-2.479869224034E-14,-30.0037827866,
    28.48891914778));
#3346 = VECTOR('',#3347,1.);
#3347 = DIRECTION('',(-1.,7.771561172376E-16,7.771561172376E-16));
#3348 = ORIENTED_EDGE('',*,*,#936,.T.);
#3349 = CYLINDRICAL_SURFACE('',#3350,0.5);
#3350 = AXIS2_PLACEMENT_3D('',#3351,#3352,#3353);
#3351 = CARTESIAN_POINT('',(-2.458486968807E-14,-29.59420676446,
    28.202130929605));
#3352 = DIRECTION('',(1.,-9.992007221626E-16,-5.551115123126E-16));
#3353 = DIRECTION('',(3.330669073875E-16,-1.,8.881784197001E-16));
#3354 = ADVANCED_FACE('',(#3355),#3373,.F.);
#3355 = FACE_BOUND('',#3356,.T.);
#3356 = EDGE_LOOP('',(#3357,#3365,#3371,#3372));
#3357 = ORIENTED_EDGE('',*,*,#3358,.F.);
#3358 = EDGE_CURVE('',#3359,#920,#3361,.T.);
#3359 = VERTEX_POINT('',#3360);
#3360 = CARTESIAN_POINT('',(11.,-28.31389492022,30.902329135766));
#3361 = LINE('',#3362,#3363);
#3362 = CARTESIAN_POINT('',(-2.931469407672E-14,-28.31389492022,
    30.902329135766));
#3363 = VECTOR('',#3364,1.);
#3364 = DIRECTION('',(1.,-7.771561172376E-16,-7.771561172376E-16));
#3365 = ORIENTED_EDGE('',*,*,#3366,.F.);
#3366 = EDGE_CURVE('',#3335,#3359,#3367,.T.);
#3367 = LINE('',#3368,#3369);
#3368 = CARTESIAN_POINT('',(11.,-29.44253845672,29.290459118796));
#3369 = VECTOR('',#3370,1.);
#3370 = DIRECTION('',(1.546239226258E-16,0.573576436351,0.819152044289)
  );
#3371 = ORIENTED_EDGE('',*,*,#3343,.F.);
#3372 = ORIENTED_EDGE('',*,*,#928,.T.);
#3373 = PLANE('',#3374);
#3374 = AXIS2_PLACEMENT_3D('',#3375,#3376,#3377);
#3375 = CARTESIAN_POINT('',(-1.996004480761E-14,-29.15883885341,
    29.695624141773));
#3376 = DIRECTION('',(1.132452175281E-16,0.819152044289,-0.573576436351)
  );
#3377 = DIRECTION('',(-1.00953664402E-15,0.573576436351,0.819152044289)
  );
#3378 = ADVANCED_FACE('',(#3379),#3398,.T.);
#3379 = FACE_BOUND('',#3380,.T.);
#3380 = EDGE_LOOP('',(#3381,#3382,#3391,#3397));
#3381 = ORIENTED_EDGE('',*,*,#3301,.F.);
#3382 = ORIENTED_EDGE('',*,*,#3383,.T.);
#3383 = EDGE_CURVE('',#3302,#3384,#3386,.T.);
#3384 = VERTEX_POINT('',#3385);
#3385 = CARTESIAN_POINT('',(11.,30.003782786607,28.48891914778));
#3386 = CIRCLE('',#3387,0.5);
#3387 = AXIS2_PLACEMENT_3D('',#3388,#3389,#3390);
#3388 = CARTESIAN_POINT('',(11.,29.594206764462,28.202130929604));
#3389 = DIRECTION('',(1.,6.661338147751E-16,1.998401444325E-15));
#3390 = DIRECTION('',(-6.661338147751E-16,1.,-1.998401444325E-15));
#3391 = ORIENTED_EDGE('',*,*,#3392,.F.);
#3392 = EDGE_CURVE('',#798,#3384,#3393,.T.);
#3393 = LINE('',#3394,#3395);
#3394 = CARTESIAN_POINT('',(-7.691883145752E-14,30.003782786607,
    28.48891914778));
#3395 = VECTOR('',#3396,1.);
#3396 = DIRECTION('',(-1.,1.554312234475E-15,2.22044604925E-16));
#3397 = ORIENTED_EDGE('',*,*,#797,.F.);
#3398 = CYLINDRICAL_SURFACE('',#3399,0.5);
#3399 = AXIS2_PLACEMENT_3D('',#3400,#3401,#3402);
#3400 = CARTESIAN_POINT('',(-7.607288103003E-14,29.594206764462,
    28.202130929604));
#3401 = DIRECTION('',(1.,-1.33226762955E-15,9.860761315263E-31));
#3402 = DIRECTION('',(-6.661338147751E-16,1.,-1.998401444325E-15));
#3403 = ADVANCED_FACE('',(#3404),#3423,.T.);
#3404 = FACE_BOUND('',#3405,.F.);
#3405 = EDGE_LOOP('',(#3406,#3407,#3416,#3422));
#3406 = ORIENTED_EDGE('',*,*,#3358,.F.);
#3407 = ORIENTED_EDGE('',*,*,#3408,.F.);
#3408 = EDGE_CURVE('',#3409,#3359,#3411,.T.);
#3409 = VERTEX_POINT('',#3410);
#3410 = CARTESIAN_POINT('',(11.,-26.58042584023,30.733751907086));
#3411 = CIRCLE('',#3412,1.);
#3412 = AXIS2_PLACEMENT_3D('',#3413,#3414,#3415);
#3413 = CARTESIAN_POINT('',(11.,-27.49474287594,30.328752699415));
#3414 = DIRECTION('',(1.,-1.110223024625E-16,3.330669073875E-16));
#3415 = DIRECTION('',(-1.110223024625E-16,-1.,6.661338147751E-16));
#3416 = ORIENTED_EDGE('',*,*,#3417,.F.);
#3417 = EDGE_CURVE('',#911,#3409,#3418,.T.);
#3418 = LINE('',#3419,#3420);
#3419 = CARTESIAN_POINT('',(-2.868039066875E-14,-26.58042584023,
    30.733751907087));
#3420 = VECTOR('',#3421,1.);
#3421 = DIRECTION('',(-1.,7.771561172376E-16,7.771561172376E-16));
#3422 = ORIENTED_EDGE('',*,*,#919,.T.);
#3423 = CYLINDRICAL_SURFACE('',#3424,1.);
#3424 = AXIS2_PLACEMENT_3D('',#3425,#3426,#3427);
#3425 = CARTESIAN_POINT('',(-2.788125853145E-14,-27.49474287594,
    30.328752699415));
#3426 = DIRECTION('',(1.,-9.992007221626E-16,-5.551115123126E-16));
#3427 = DIRECTION('',(3.330669073875E-16,-1.,8.881784197001E-16));
#3428 = ADVANCED_FACE('',(#3429),#3447,.F.);
#3429 = FACE_BOUND('',#3430,.F.);
#3430 = EDGE_LOOP('',(#3431,#3439,#3445,#3446));
#3431 = ORIENTED_EDGE('',*,*,#3432,.F.);
#3432 = EDGE_CURVE('',#3433,#807,#3435,.T.);
#3433 = VERTEX_POINT('',#3434);
#3434 = CARTESIAN_POINT('',(11.,28.313894920229,30.902329135766));
#3435 = LINE('',#3436,#3437);
#3436 = CARTESIAN_POINT('',(-8.1621892453E-14,28.313894920229,
    30.902329135766));
#3437 = VECTOR('',#3438,1.);
#3438 = DIRECTION('',(1.,-1.554312234475E-15,-2.22044604925E-16));
#3439 = ORIENTED_EDGE('',*,*,#3440,.T.);
#3440 = EDGE_CURVE('',#3433,#3384,#3441,.T.);
#3441 = LINE('',#3442,#3443);
#3442 = CARTESIAN_POINT('',(11.,29.442538456725,29.290459118796));
#3443 = VECTOR('',#3444,1.);
#3444 = DIRECTION('',(1.418690929201E-15,0.573576436351,-0.819152044289)
  );
#3445 = ORIENTED_EDGE('',*,*,#3392,.F.);
#3446 = ORIENTED_EDGE('',*,*,#806,.F.);
#3447 = PLANE('',#3448);
#3448 = AXIS2_PLACEMENT_3D('',#3449,#3450,#3451);
#3449 = CARTESIAN_POINT('',(-7.217371360434E-14,29.158838853418,
    29.695624141773));
#3450 = DIRECTION('',(1.377500967956E-15,-0.819152044289,-0.573576436351
    ));
#3451 = DIRECTION('',(1.07302767677E-15,0.573576436351,-0.819152044289)
  );
#3452 = ADVANCED_FACE('',(#3453),#3472,.T.);
#3453 = FACE_BOUND('',#3454,.T.);
#3454 = EDGE_LOOP('',(#3455,#3464,#3465,#3466));
#3455 = ORIENTED_EDGE('',*,*,#3456,.F.);
#3456 = EDGE_CURVE('',#3409,#3457,#3459,.T.);
#3457 = VERTEX_POINT('',#3458);
#3458 = CARTESIAN_POINT('',(11.,-27.30657875976,23.799370758039));
#3459 = CIRCLE('',#3460,7.);
#3460 = AXIS2_PLACEMENT_3D('',#3461,#3462,#3463);
#3461 = CARTESIAN_POINT('',(11.,-32.98064509018,27.898757453383));
#3462 = DIRECTION('',(-1.,1.110223024625E-16,-3.330669073875E-16));
#3463 = DIRECTION('',(-1.110223024625E-16,-1.,6.661338147751E-16));
#3464 = ORIENTED_EDGE('',*,*,#3417,.F.);
#3465 = ORIENTED_EDGE('',*,*,#910,.T.);
#3466 = ORIENTED_EDGE('',*,*,#3467,.F.);
#3467 = EDGE_CURVE('',#3457,#902,#3468,.T.);
#3468 = LINE('',#3469,#3470);
#3469 = CARTESIAN_POINT('',(-16.,-27.30657875976,23.799370758039));
#3470 = VECTOR('',#3471,1.);
#3471 = DIRECTION('',(1.,-7.771561172376E-16,-7.771561172376E-16));
#3472 = CYLINDRICAL_SURFACE('',#3473,7.);
#3473 = AXIS2_PLACEMENT_3D('',#3474,#3475,#3476);
#3474 = CARTESIAN_POINT('',(-16.,-32.98064509018,27.898757453383));
#3475 = DIRECTION('',(-1.,9.992007221626E-16,5.551115123126E-16));
#3476 = DIRECTION('',(3.330669073875E-16,-1.,8.881784197001E-16));
#3477 = ADVANCED_FACE('',(#3478),#3497,.T.);
#3478 = FACE_BOUND('',#3479,.T.);
#3479 = EDGE_LOOP('',(#3480,#3481,#3490,#3496));
#3480 = ORIENTED_EDGE('',*,*,#3432,.F.);
#3481 = ORIENTED_EDGE('',*,*,#3482,.T.);
#3482 = EDGE_CURVE('',#3433,#3483,#3485,.T.);
#3483 = VERTEX_POINT('',#3484);
#3484 = CARTESIAN_POINT('',(11.,26.580425840232,30.733751907087));
#3485 = CIRCLE('',#3486,1.);
#3486 = AXIS2_PLACEMENT_3D('',#3487,#3488,#3489);
#3487 = CARTESIAN_POINT('',(11.,27.49474287594,30.328752699415));
#3488 = DIRECTION('',(1.,6.661338147751E-16,1.998401444325E-15));
#3489 = DIRECTION('',(-6.661338147751E-16,1.,-1.998401444325E-15));
#3490 = ORIENTED_EDGE('',*,*,#3491,.F.);
#3491 = EDGE_CURVE('',#815,#3483,#3492,.T.);
#3492 = LINE('',#3493,#3494);
#3493 = CARTESIAN_POINT('',(-7.912449466396E-14,26.580425840232,
    30.733751907086));
#3494 = VECTOR('',#3495,1.);
#3495 = DIRECTION('',(-1.,1.554312234475E-15,2.22044604925E-16));
#3496 = ORIENTED_EDGE('',*,*,#814,.F.);
#3497 = CYLINDRICAL_SURFACE('',#3498,1.);
#3498 = AXIS2_PLACEMENT_3D('',#3499,#3500,#3501);
#3499 = CARTESIAN_POINT('',(-7.89242011573E-14,27.49474287594,
    30.328752699415));
#3500 = DIRECTION('',(1.,-1.33226762955E-15,9.860761315263E-31));
#3501 = DIRECTION('',(-6.661338147751E-16,1.,-1.998401444325E-15));
#3502 = ADVANCED_FACE('',(#3503),#3515,.F.);
#3503 = FACE_BOUND('',#3504,.F.);
#3504 = EDGE_LOOP('',(#3505,#3512,#3513,#3514));
#3505 = ORIENTED_EDGE('',*,*,#3506,.F.);
#3506 = EDGE_CURVE('',#2758,#3457,#3507,.T.);
#3507 = CIRCLE('',#3508,3.);
#3508 = AXIS2_PLACEMENT_3D('',#3509,#3510,#3511);
#3509 = CARTESIAN_POINT('',(11.,-24.87483604672,22.042490745748));
#3510 = DIRECTION('',(-1.,1.110223024625E-16,-3.330669073875E-16));
#3511 = DIRECTION('',(-1.110223024625E-16,-1.,6.661338147751E-16));
#3512 = ORIENTED_EDGE('',*,*,#2765,.T.);
#3513 = ORIENTED_EDGE('',*,*,#901,.T.);
#3514 = ORIENTED_EDGE('',*,*,#3467,.F.);
#3515 = CYLINDRICAL_SURFACE('',#3516,3.);
#3516 = AXIS2_PLACEMENT_3D('',#3517,#3518,#3519);
#3517 = CARTESIAN_POINT('',(-16.,-24.87483604672,22.042490745748));
#3518 = DIRECTION('',(-1.,9.992007221626E-16,5.551115123126E-16));
#3519 = DIRECTION('',(3.330669073875E-16,-1.,8.881784197001E-16));
#3520 = ADVANCED_FACE('',(#3521),#3540,.T.);
#3521 = FACE_BOUND('',#3522,.F.);
#3522 = EDGE_LOOP('',(#3523,#3531,#3538,#3539));
#3523 = ORIENTED_EDGE('',*,*,#3524,.F.);
#3524 = EDGE_CURVE('',#3525,#824,#3527,.T.);
#3525 = VERTEX_POINT('',#3526);
#3526 = CARTESIAN_POINT('',(11.,27.306578759763,23.799370758039));
#3527 = LINE('',#3528,#3529);
#3528 = CARTESIAN_POINT('',(-16.,27.306578759763,23.799370758039));
#3529 = VECTOR('',#3530,1.);
#3530 = DIRECTION('',(1.,-3.330669073875E-15,-6.661338147751E-16));
#3531 = ORIENTED_EDGE('',*,*,#3532,.T.);
#3532 = EDGE_CURVE('',#3525,#3483,#3533,.T.);
#3533 = CIRCLE('',#3534,7.);
#3534 = AXIS2_PLACEMENT_3D('',#3535,#3536,#3537);
#3535 = CARTESIAN_POINT('',(11.,32.980645090185,27.898757453383));
#3536 = DIRECTION('',(-1.,-4.646883769818E-30,-2.997602166488E-15));
#3537 = DIRECTION('',(7.001140533836E-30,1.,-3.885780586188E-15));
#3538 = ORIENTED_EDGE('',*,*,#3491,.F.);
#3539 = ORIENTED_EDGE('',*,*,#823,.T.);
#3540 = CYLINDRICAL_SURFACE('',#3541,7.);
#3541 = AXIS2_PLACEMENT_3D('',#3542,#3543,#3544);
#3542 = CARTESIAN_POINT('',(-16.,32.980645090185,27.898757453383));
#3543 = DIRECTION('',(-1.,3.330669073875E-15,3.330669073875E-16));
#3544 = DIRECTION('',(-1.554312234475E-15,1.,-4.551914400963E-15));
#3545 = ADVANCED_FACE('',(#3546),#3558,.F.);
#3546 = FACE_BOUND('',#3547,.T.);
#3547 = EDGE_LOOP('',(#3548,#3555,#3556,#3557));
#3548 = ORIENTED_EDGE('',*,*,#3549,.T.);
#3549 = EDGE_CURVE('',#3525,#2475,#3550,.T.);
#3550 = CIRCLE('',#3551,3.);
#3551 = AXIS2_PLACEMENT_3D('',#3552,#3553,#3554);
#3552 = CARTESIAN_POINT('',(11.,24.874836046725,22.042490745748));
#3553 = DIRECTION('',(-1.,-2.22044604925E-16,-2.886579864025E-15));
#3554 = DIRECTION('',(-2.22044604925E-16,1.,-3.5527136788E-15));
#3555 = ORIENTED_EDGE('',*,*,#2474,.T.);
#3556 = ORIENTED_EDGE('',*,*,#832,.T.);
#3557 = ORIENTED_EDGE('',*,*,#3524,.F.);
#3558 = CYLINDRICAL_SURFACE('',#3559,3.);
#3559 = AXIS2_PLACEMENT_3D('',#3560,#3561,#3562);
#3560 = CARTESIAN_POINT('',(-16.,24.874836046725,22.042490745748));
#3561 = DIRECTION('',(-1.,3.10862446895E-15,4.440892098501E-16));
#3562 = DIRECTION('',(-1.554312234475E-15,1.,-4.218847493576E-15));
#3563 = ADVANCED_FACE('',(#3564),#3614,.T.);
#3564 = FACE_BOUND('',#3565,.T.);
#3565 = EDGE_LOOP('',(#3566,#3593,#3594,#3595,#3596,#3604));
#3566 = ORIENTED_EDGE('',*,*,#3567,.F.);
#3567 = EDGE_CURVE('',#1208,#3568,#3570,.T.);
#3568 = VERTEX_POINT('',#3569);
#3569 = CARTESIAN_POINT('',(-0.952043269151,16.95,-2.049390153192));
#3570 = B_SPLINE_CURVE_WITH_KNOTS('',6,(#3571,#3572,#3573,#3574,#3575,
    #3576,#3577,#3578,#3579,#3580,#3581,#3582,#3583,#3584,#3585,#3586,
    #3587,#3588,#3589,#3590,#3591,#3592),.UNSPECIFIED.,.F.,.F.,(7,5,5,5,
    7),(0.,5.921584347594E-02,0.492593205101,0.868788343083,1.),
  .UNSPECIFIED.);
#3571 = CARTESIAN_POINT('',(-0.392293292694,16.65,-2.507647722688));
#3572 = CARTESIAN_POINT('',(-0.398519604383,16.654798673151,
    -2.505553410026));
#3573 = CARTESIAN_POINT('',(-0.404748429894,16.659569025078,
    -2.503399672535));
#3574 = CARTESIAN_POINT('',(-0.41097917209,16.664310626033,
    -2.501186810392));
#3575 = CARTESIAN_POINT('',(-0.417211232764,16.669023040652,
    -2.498915102053));
#3576 = CARTESIAN_POINT('',(-0.423444012646,16.673705827948,
    -2.496584804259));
#3577 = CARTESIAN_POINT('',(-0.475293034675,16.71240991215,
    -2.476714550184));
#3578 = CARTESIAN_POINT('',(-0.520905180121,16.744842709231,
    -2.456111236204));
#3579 = CARTESIAN_POINT('',(-0.566298244368,16.775498485806,
    -2.432473711511));
#3580 = CARTESIAN_POINT('',(-0.611217761618,16.804169642676,
    -2.405828339752));
#3581 = CARTESIAN_POINT('',(-0.655353346917,16.830598800873,
    -2.376168627329));
#3582 = CARTESIAN_POINT('',(-0.735521696823,16.875080248753,
    -2.314988091608));
#3583 = CARTESIAN_POINT('',(-0.771819780253,16.893757965185,
    -2.284256082633));
#3584 = CARTESIAN_POINT('',(-0.806918409722,16.910225584866,
    -2.251150162083));
#3585 = CARTESIAN_POINT('',(-0.840395062612,16.924127621804,
    -2.215618156607));
#3586 = CARTESIAN_POINT('',(-0.87163121339,16.93498883669,
    -2.177673005918));
#3587 = CARTESIAN_POINT('',(-0.909566486622,16.944696979591,
    -2.123404593664));
#3588 = CARTESIAN_POINT('',(-0.91899459042,16.946760905233,
    -2.109097236472));
#3589 = CARTESIAN_POINT('',(-0.928002574222,16.948351955606,
    -2.09452449337));
#3590 = CARTESIAN_POINT('',(-0.936546057917,16.949441392385,
    -2.079700503194));
#3591 = CARTESIAN_POINT('',(-0.944576549105,16.95,-2.064646137305));
#3592 = CARTESIAN_POINT('',(-0.952043269151,16.95,-2.049390153192));
#3593 = ORIENTED_EDGE('',*,*,#1226,.T.);
#3594 = ORIENTED_EDGE('',*,*,#1289,.T.);
#3595 = ORIENTED_EDGE('',*,*,#1316,.T.);
#3596 = ORIENTED_EDGE('',*,*,#3597,.F.);
#3597 = EDGE_CURVE('',#3598,#1317,#3600,.T.);
#3598 = VERTEX_POINT('',#3599);
#3599 = CARTESIAN_POINT('',(-1.,16.913302752294,-1.861372707945));
#3600 = LINE('',#3601,#3602);
#3601 = CARTESIAN_POINT('',(6.199616513308E-16,16.913302752294,
    -1.861372707945));
#3602 = VECTOR('',#3603,1.);
#3603 = DIRECTION('',(-1.,2.22044604925E-16,-1.110223024625E-16));
#3604 = ORIENTED_EDGE('',*,*,#3605,.F.);
#3605 = EDGE_CURVE('',#3568,#3598,#3606,.T.);
#3606 = B_SPLINE_CURVE_WITH_KNOTS('',6,(#3607,#3608,#3609,#3610,#3611,
    #3612,#3613),.UNSPECIFIED.,.F.,.F.,(7,7),(0.,1.),
  .PIECEWISE_BEZIER_KNOTS.);
#3607 = CARTESIAN_POINT('',(-0.952043269151,16.95,-2.049390153192));
#3608 = CARTESIAN_POINT('',(-0.966967582372,16.95,-2.018896832968));
#3609 = CARTESIAN_POINT('',(-0.979655387607,16.947768312057,
    -1.987565642122));
#3610 = CARTESIAN_POINT('',(-0.989667120395,16.943075437813,
    -1.955678357464));
#3611 = CARTESIAN_POINT('',(-0.996557752013,16.935742120234,
    -1.923643229836));
#3612 = CARTESIAN_POINT('',(-1.,16.925735385043,-1.892008551143));
#3613 = CARTESIAN_POINT('',(-1.,16.913302752294,-1.861372707945));
#3614 = CYLINDRICAL_SURFACE('',#3615,0.5);
#3615 = AXIS2_PLACEMENT_3D('',#3616,#3617,#3618);
#3616 = CARTESIAN_POINT('',(6.825840403541E-16,16.45,-2.049390153192));
#3617 = DIRECTION('',(1.,8.628166150855E-32,3.330669073875E-16));
#3618 = DIRECTION('',(2.465190328816E-32,1.,-3.330669073875E-16));
#3619 = ADVANCED_FACE('',(#3620),#3649,.F.);
#3620 = FACE_BOUND('',#3621,.T.);
#3621 = EDGE_LOOP('',(#3622,#3632,#3639,#3640,#3641,#3642));
#3622 = ORIENTED_EDGE('',*,*,#3623,.F.);
#3623 = EDGE_CURVE('',#3624,#3626,#3628,.T.);
#3624 = VERTEX_POINT('',#3625);
#3625 = CARTESIAN_POINT('',(0.,21.5,5.789099631177));
#3626 = VERTEX_POINT('',#3627);
#3627 = CARTESIAN_POINT('',(-1.,21.5,4.95));
#3628 = LINE('',#3629,#3630);
#3629 = CARTESIAN_POINT('',(-3.552713678801E-14,21.5,5.789099631177));
#3630 = VECTOR('',#3631,1.);
#3631 = DIRECTION('',(-0.766044443119,6.803841429095E-16,-0.642787609687
    ));
#3632 = ORIENTED_EDGE('',*,*,#3633,.T.);
#3633 = EDGE_CURVE('',#3624,#1189,#3634,.T.);
#3634 = CIRCLE('',#3635,5.789099631177);
#3635 = AXIS2_PLACEMENT_3D('',#3636,#3637,#3638);
#3636 = CARTESIAN_POINT('',(-5.771967550593E-15,21.5,-2.386979502944E-14
    ));
#3637 = DIRECTION('',(1.,2.958228394579E-31,6.661338147751E-16));
#3638 = DIRECTION('',(-6.661338147751E-16,2.218671295934E-31,1.));
#3639 = ORIENTED_EDGE('',*,*,#1207,.F.);
#3640 = ORIENTED_EDGE('',*,*,#3567,.T.);
#3641 = ORIENTED_EDGE('',*,*,#3605,.T.);
#3642 = ORIENTED_EDGE('',*,*,#3643,.F.);
#3643 = EDGE_CURVE('',#3626,#3598,#3644,.T.);
#3644 = CIRCLE('',#3645,4.95);
#3645 = AXIS2_PLACEMENT_3D('',#3646,#3647,#3648);
#3646 = CARTESIAN_POINT('',(-1.,21.5,-2.190497329635E-14));
#3647 = DIRECTION('',(1.,6.162975822039E-31,9.992007221626E-16));
#3648 = DIRECTION('',(9.992007221626E-16,-3.697785493223E-31,-1.));
#3649 = CONICAL_SURFACE('',#3650,5.789099631177,0.698131700798);
#3650 = AXIS2_PLACEMENT_3D('',#3651,#3652,#3653);
#3651 = CARTESIAN_POINT('',(-5.797941829155E-15,21.5,-2.386979502944E-14
    ));
#3652 = DIRECTION('',(1.,-6.661338147751E-16,3.574525976783E-31));
#3653 = DIRECTION('',(-6.661338147751E-16,2.218671295934E-31,1.));
#3654 = ADVANCED_FACE('',(#3655),#3713,.F.);
#3655 = FACE_BOUND('',#3656,.T.);
#3656 = EDGE_LOOP('',(#3657,#3665,#3674,#3686,#3711,#3712));
#3657 = ORIENTED_EDGE('',*,*,#3658,.F.);
#3658 = EDGE_CURVE('',#3659,#3624,#3661,.T.);
#3659 = VERTEX_POINT('',#3660);
#3660 = CARTESIAN_POINT('',(1.,21.5,4.95));
#3661 = LINE('',#3662,#3663);
#3662 = CARTESIAN_POINT('',(1.357526077778,21.5,4.65));
#3663 = VECTOR('',#3664,1.);
#3664 = DIRECTION('',(-0.766044443119,6.803841429095E-16,0.642787609687)
  );
#3665 = ORIENTED_EDGE('',*,*,#3666,.T.);
#3666 = EDGE_CURVE('',#3659,#3667,#3669,.T.);
#3667 = VERTEX_POINT('',#3668);
#3668 = CARTESIAN_POINT('',(1.,16.913302752294,-1.861372707945));
#3669 = CIRCLE('',#3670,4.95);
#3670 = AXIS2_PLACEMENT_3D('',#3671,#3672,#3673);
#3671 = CARTESIAN_POINT('',(1.,21.5,-2.583461676253E-14));
#3672 = DIRECTION('',(1.,6.162975822039E-31,9.992007221626E-16));
#3673 = DIRECTION('',(9.992007221626E-16,-3.697785493223E-31,-1.));
#3674 = ORIENTED_EDGE('',*,*,#3675,.F.);
#3675 = EDGE_CURVE('',#3676,#3667,#3678,.T.);
#3676 = VERTEX_POINT('',#3677);
#3677 = CARTESIAN_POINT('',(0.952043269151,16.95,-2.049390153192));
#3678 = B_SPLINE_CURVE_WITH_KNOTS('',6,(#3679,#3680,#3681,#3682,#3683,
    #3684,#3685),.UNSPECIFIED.,.F.,.F.,(7,7),(0.,1.),
  .PIECEWISE_BEZIER_KNOTS.);
#3679 = CARTESIAN_POINT('',(0.952043269151,16.95,-2.049390153192));
#3680 = CARTESIAN_POINT('',(0.966967582372,16.95,-2.018896832968));
#3681 = CARTESIAN_POINT('',(0.979655387607,16.947768312057,
    -1.987565642122));
#3682 = CARTESIAN_POINT('',(0.989667120395,16.943075437813,
    -1.955678357464));
#3683 = CARTESIAN_POINT('',(0.996557752013,16.935742120234,
    -1.923643229836));
#3684 = CARTESIAN_POINT('',(1.,16.925735385043,-1.892008551143));
#3685 = CARTESIAN_POINT('',(1.,16.913302752294,-1.861372707945));
#3686 = ORIENTED_EDGE('',*,*,#3687,.F.);
#3687 = EDGE_CURVE('',#1181,#3676,#3688,.T.);
#3688 = B_SPLINE_CURVE_WITH_KNOTS('',6,(#3689,#3690,#3691,#3692,#3693,
    #3694,#3695,#3696,#3697,#3698,#3699,#3700,#3701,#3702,#3703,#3704,
    #3705,#3706,#3707,#3708,#3709,#3710),.UNSPECIFIED.,.F.,.F.,(7,5,5,5,
    7),(0.,5.921584347465E-02,0.4925932051,0.868788343082,1.),
  .UNSPECIFIED.);
#3689 = CARTESIAN_POINT('',(0.392293292694,16.65,-2.507647722688));
#3690 = CARTESIAN_POINT('',(0.398519604382,16.654798673151,
    -2.505553410026));
#3691 = CARTESIAN_POINT('',(0.404748429894,16.659569025078,
    -2.503399672536));
#3692 = CARTESIAN_POINT('',(0.41097917209,16.664310626033,
    -2.501186810392));
#3693 = CARTESIAN_POINT('',(0.417211232764,16.669023040651,
    -2.498915102053));
#3694 = CARTESIAN_POINT('',(0.423444012645,16.673705827947,
    -2.49658480426));
#3695 = CARTESIAN_POINT('',(0.475293034674,16.712409912149,
    -2.476714550184));
#3696 = CARTESIAN_POINT('',(0.52090518012,16.744842709231,
    -2.456111236204));
#3697 = CARTESIAN_POINT('',(0.566298244367,16.775498485805,
    -2.432473711511));
#3698 = CARTESIAN_POINT('',(0.611217761617,16.804169642676,
    -2.405828339753));
#3699 = CARTESIAN_POINT('',(0.655353346917,16.830598800873,
    -2.376168627329));
#3700 = CARTESIAN_POINT('',(0.735521696822,16.875080248753,
    -2.314988091608));
#3701 = CARTESIAN_POINT('',(0.771819780253,16.893757965185,
    -2.284256082633));
#3702 = CARTESIAN_POINT('',(0.806918409721,16.910225584866,
    -2.251150162084));
#3703 = CARTESIAN_POINT('',(0.840395062612,16.924127621804,
    -2.215618156608));
#3704 = CARTESIAN_POINT('',(0.87163121339,16.93498883669,-2.177673005919
    ));
#3705 = CARTESIAN_POINT('',(0.909566486621,16.944696979591,
    -2.123404593665));
#3706 = CARTESIAN_POINT('',(0.91899459042,16.946760905233,
    -2.109097236472));
#3707 = CARTESIAN_POINT('',(0.928002574222,16.948351955606,
    -2.094524493371));
#3708 = CARTESIAN_POINT('',(0.936546057916,16.949441392385,
    -2.079700503194));
#3709 = CARTESIAN_POINT('',(0.944576549105,16.95,-2.064646137305));
#3710 = CARTESIAN_POINT('',(0.952043269151,16.95,-2.049390153192));
#3711 = ORIENTED_EDGE('',*,*,#1188,.T.);
#3712 = ORIENTED_EDGE('',*,*,#3633,.F.);
#3713 = CONICAL_SURFACE('',#3714,4.65,0.698131700798);
#3714 = AXIS2_PLACEMENT_3D('',#3715,#3716,#3717);
#3715 = CARTESIAN_POINT('',(1.357526077778,21.5,-2.386979502944E-14));
#3716 = DIRECTION('',(-1.,6.661338147751E-16,-3.574525976783E-31));
#3717 = DIRECTION('',(-6.661338147751E-16,2.218671295934E-31,1.));
#3718 = ADVANCED_FACE('',(#3719),#3732,.T.);
#3719 = FACE_BOUND('',#3720,.T.);
#3720 = EDGE_LOOP('',(#3721,#3722,#3723,#3724,#3725,#3731));
#3721 = ORIENTED_EDGE('',*,*,#2957,.F.);
#3722 = ORIENTED_EDGE('',*,*,#1180,.T.);
#3723 = ORIENTED_EDGE('',*,*,#3687,.T.);
#3724 = ORIENTED_EDGE('',*,*,#3675,.T.);
#3725 = ORIENTED_EDGE('',*,*,#3726,.F.);
#3726 = EDGE_CURVE('',#2937,#3667,#3727,.T.);
#3727 = LINE('',#3728,#3729);
#3728 = CARTESIAN_POINT('',(6.199616513308E-16,16.913302752294,
    -1.861372707945));
#3729 = VECTOR('',#3730,1.);
#3730 = DIRECTION('',(-1.,2.22044604925E-16,-1.110223024625E-16));
#3731 = ORIENTED_EDGE('',*,*,#2945,.F.);
#3732 = CYLINDRICAL_SURFACE('',#3733,0.5);
#3733 = AXIS2_PLACEMENT_3D('',#3734,#3735,#3736);
#3734 = CARTESIAN_POINT('',(6.825840403541E-16,16.45,-2.049390153192));
#3735 = DIRECTION('',(1.,8.628166150855E-32,3.330669073875E-16));
#3736 = DIRECTION('',(2.465190328816E-32,1.,-3.330669073875E-16));
#3737 = ADVANCED_FACE('',(#3738),#3769,.F.);
#3738 = FACE_BOUND('',#3739,.F.);
#3739 = EDGE_LOOP('',(#3740,#3748,#3749,#3750,#3751,#3752,#3753,#3762));
#3740 = ORIENTED_EDGE('',*,*,#3741,.F.);
#3741 = EDGE_CURVE('',#1372,#3742,#3744,.T.);
#3742 = VERTEX_POINT('',#3743);
#3743 = CARTESIAN_POINT('',(-1.,26.086697247706,-1.861372707945));
#3744 = LINE('',#3745,#3746);
#3745 = CARTESIAN_POINT('',(1.467805451613E-14,26.086697247706,
    -1.861372707945));
#3746 = VECTOR('',#3747,1.);
#3747 = DIRECTION('',(1.,-2.22044604925E-16,1.110223024625E-16));
#3748 = ORIENTED_EDGE('',*,*,#1371,.T.);
#3749 = ORIENTED_EDGE('',*,*,#1362,.T.);
#3750 = ORIENTED_EDGE('',*,*,#1328,.T.);
#3751 = ORIENTED_EDGE('',*,*,#3597,.F.);
#3752 = ORIENTED_EDGE('',*,*,#3643,.F.);
#3753 = ORIENTED_EDGE('',*,*,#3754,.F.);
#3754 = EDGE_CURVE('',#3755,#3626,#3757,.T.);
#3755 = VERTEX_POINT('',#3756);
#3756 = CARTESIAN_POINT('',(-1.,26.45,-2.819637094467E-14));
#3757 = CIRCLE('',#3758,4.95);
#3758 = AXIS2_PLACEMENT_3D('',#3759,#3760,#3761);
#3759 = CARTESIAN_POINT('',(-1.,21.5,-2.190497329635E-14));
#3760 = DIRECTION('',(1.,6.162975822039E-31,9.992007221626E-16));
#3761 = DIRECTION('',(9.992007221626E-16,-3.697785493223E-31,-1.));
#3762 = ORIENTED_EDGE('',*,*,#3763,.F.);
#3763 = EDGE_CURVE('',#3742,#3755,#3764,.T.);
#3764 = CIRCLE('',#3765,4.95);
#3765 = AXIS2_PLACEMENT_3D('',#3766,#3767,#3768);
#3766 = CARTESIAN_POINT('',(-1.,21.5,-2.190497329635E-14));
#3767 = DIRECTION('',(1.,6.162975822039E-31,9.992007221626E-16));
#3768 = DIRECTION('',(9.992007221626E-16,-3.697785493223E-31,-1.));
#3769 = CYLINDRICAL_SURFACE('',#3770,4.95);
#3770 = AXIS2_PLACEMENT_3D('',#3771,#3772,#3773);
#3771 = CARTESIAN_POINT('',(8.745262691474E-30,21.5,-2.14828155265E-14)
  );
#3772 = DIRECTION('',(1.,-4.440892098501E-16,5.551115123126E-16));
#3773 = DIRECTION('',(4.067564042546E-31,1.,-9.992007221626E-16));
#3774 = ADVANCED_FACE('',(#3775),#3813,.T.);
#3775 = FACE_BOUND('',#3776,.T.);
#3776 = EDGE_LOOP('',(#3777,#3778,#3779,#3780));
#3777 = ORIENTED_EDGE('',*,*,#3741,.F.);
#3778 = ORIENTED_EDGE('',*,*,#1380,.T.);
#3779 = ORIENTED_EDGE('',*,*,#1466,.T.);
#3780 = ORIENTED_EDGE('',*,*,#3781,.F.);
#3781 = EDGE_CURVE('',#3742,#1467,#3782,.T.);
#3782 = B_SPLINE_CURVE_WITH_KNOTS('',8,(#3783,#3784,#3785,#3786,#3787,
    #3788,#3789,#3790,#3791,#3792,#3793,#3794,#3795,#3796,#3797,#3798,
    #3799,#3800,#3801,#3802,#3803,#3804,#3805,#3806,#3807,#3808,#3809,
    #3810,#3811,#3812),.UNSPECIFIED.,.F.,.F.,(9,7,7,7,9),(0.,
    0.28643486947,0.805071751151,0.952907886328,1.),.UNSPECIFIED.);
#3783 = CARTESIAN_POINT('',(-1.,26.086697247702,-1.861372707956));
#3784 = CARTESIAN_POINT('',(-0.999999999999,26.073823372595,
    -1.893095837489));
#3785 = CARTESIAN_POINT('',(-0.996484728841,26.063432619195,
    -1.92582512968));
#3786 = CARTESIAN_POINT('',(-0.989454550636,26.055755343281,
    -1.958989960608));
#3787 = CARTESIAN_POINT('',(-0.979170374081,26.050795006364,
    -1.992081050337));
#3788 = CARTESIAN_POINT('',(-0.966024790631,26.048415130819,
    -2.02468317636));
#3789 = CARTESIAN_POINT('',(-0.950446912665,26.048407246301,
    -2.05648894455));
#3790 = CARTESIAN_POINT('',(-0.932840911662,26.050539827436,
    -2.087293617619));
#3791 = CARTESIAN_POINT('',(-0.87864387525,26.061918500507,
    -2.170706726888));
#3792 = CARTESIAN_POINT('',(-0.838252063005,26.075525664643,
    -2.220717794972));
#3793 = CARTESIAN_POINT('',(-0.794089319565,26.094147936221,
    -2.266867057338));
#3794 = CARTESIAN_POINT('',(-0.747312412255,26.116915522336,
    -2.309107983937));
#3795 = CARTESIAN_POINT('',(-0.698790780808,26.14312365501,
    -2.347483753485));
#3796 = CARTESIAN_POINT('',(-0.649096388015,26.172273595728,
    -2.382087572842));
#3797 = CARTESIAN_POINT('',(-0.598575877971,26.204040426597,
    -2.413027169978));
#3798 = CARTESIAN_POINT('',(-0.532776598918,26.248066804594,
    -2.448128591108));
#3799 = CARTESIAN_POINT('',(-0.518138643017,26.258026545588,
    -2.455613295295));
#3800 = CARTESIAN_POINT('',(-0.503466068895,26.268173757943,
    -2.462796080715));
#3801 = CARTESIAN_POINT('',(-0.488766371971,26.278502416662,
    -2.469676042359));
#3802 = CARTESIAN_POINT('',(-0.474046762858,26.289006827408,
    -2.476251847227));
#3803 = CARTESIAN_POINT('',(-0.459314218523,26.299681583621,
    -2.482521737722));
#3804 = CARTESIAN_POINT('',(-0.444575533456,26.310521523635,
    -2.488483535044));
#3805 = CARTESIAN_POINT('',(-0.425142637508,26.325025709189,
    -2.495934761341));
#3806 = CARTESIAN_POINT('',(-0.420447962842,26.328545984314,
    -2.49770335213));
#3807 = CARTESIAN_POINT('',(-0.415753564017,26.332082351576,
    -2.499440330035));
#3808 = CARTESIAN_POINT('',(-0.411059657985,26.335634650608,
    -2.501145605403));
#3809 = CARTESIAN_POINT('',(-0.406366461466,26.33920272227,
    -2.502819083842));
#3810 = CARTESIAN_POINT('',(-0.401674190947,26.342786408646,
    -2.50446066623));
#3811 = CARTESIAN_POINT('',(-0.396983062683,26.346385553044,
    -2.506070248709));
#3812 = CARTESIAN_POINT('',(-0.392293292694,26.35,-2.507647722688));
#3813 = CYLINDRICAL_SURFACE('',#3814,0.5);
#3814 = AXIS2_PLACEMENT_3D('',#3815,#3816,#3817);
#3815 = CARTESIAN_POINT('',(6.825840403541E-16,26.55,-2.049390153192));
#3816 = DIRECTION('',(1.,8.628166150855E-32,3.330669073875E-16));
#3817 = DIRECTION('',(2.465190328816E-32,1.,-3.330669073875E-16));
#3818 = ADVANCED_FACE('',(#3819),#3864,.T.);
#3819 = FACE_BOUND('',#3820,.T.);
#3820 = EDGE_LOOP('',(#3821,#3829,#3862,#3863));
#3821 = ORIENTED_EDGE('',*,*,#3822,.F.);
#3822 = EDGE_CURVE('',#3823,#3005,#3825,.T.);
#3823 = VERTEX_POINT('',#3824);
#3824 = CARTESIAN_POINT('',(1.,26.086697247706,-1.861372707945));
#3825 = LINE('',#3826,#3827);
#3826 = CARTESIAN_POINT('',(1.467805451613E-14,26.086697247706,
    -1.861372707945));
#3827 = VECTOR('',#3828,1.);
#3828 = DIRECTION('',(1.,-2.22044604925E-16,1.110223024625E-16));
#3829 = ORIENTED_EDGE('',*,*,#3830,.T.);
#3830 = EDGE_CURVE('',#3823,#1494,#3831,.T.);
#3831 = B_SPLINE_CURVE_WITH_KNOTS('',8,(#3832,#3833,#3834,#3835,#3836,
    #3837,#3838,#3839,#3840,#3841,#3842,#3843,#3844,#3845,#3846,#3847,
    #3848,#3849,#3850,#3851,#3852,#3853,#3854,#3855,#3856,#3857,#3858,
    #3859,#3860,#3861),.UNSPECIFIED.,.F.,.F.,(9,7,7,7,9),(0.,
    0.286434869464,0.80507175114,0.952907886318,1.),.UNSPECIFIED.);
#3832 = CARTESIAN_POINT('',(1.,26.086697247706,-1.861372707945));
#3833 = CARTESIAN_POINT('',(1.,26.073823372599,-1.893095837477));
#3834 = CARTESIAN_POINT('',(0.996484728844,26.063432619197,
    -1.925825129668));
#3835 = CARTESIAN_POINT('',(0.989454550639,26.055755343283,
    -1.958989960596));
#3836 = CARTESIAN_POINT('',(0.979170374085,26.050795006365,
    -1.992081050326));
#3837 = CARTESIAN_POINT('',(0.966024790636,26.048415130819,
    -2.024683176348));
#3838 = CARTESIAN_POINT('',(0.950446912671,26.048407246301,
    -2.056488944539));
#3839 = CARTESIAN_POINT('',(0.932840911668,26.050539827435,
    -2.087293617608));
#3840 = CARTESIAN_POINT('',(0.878643875258,26.061918500505,
    -2.170706726879));
#3841 = CARTESIAN_POINT('',(0.838252063015,26.075525664639,
    -2.220717794961));
#3842 = CARTESIAN_POINT('',(0.79408931957,26.094147936218,
    -2.266867057334));
#3843 = CARTESIAN_POINT('',(0.747312412268,26.116915522329,
    -2.309107983924));
#3844 = CARTESIAN_POINT('',(0.698790780813,26.143123655007,
    -2.347483753481));
#3845 = CARTESIAN_POINT('',(0.649096388026,26.172273595721,
    -2.382087572834));
#3846 = CARTESIAN_POINT('',(0.59857587798,26.204040426592,
    -2.413027169973));
#3847 = CARTESIAN_POINT('',(0.532776598927,26.248066804588,
    -2.448128591103));
#3848 = CARTESIAN_POINT('',(0.518138643026,26.258026545582,
    -2.455613295291));
#3849 = CARTESIAN_POINT('',(0.503466068904,26.268173757937,
    -2.462796080711));
#3850 = CARTESIAN_POINT('',(0.48876637198,26.278502416656,
    -2.469676042355));
#3851 = CARTESIAN_POINT('',(0.474046762867,26.289006827402,
    -2.476251847224));
#3852 = CARTESIAN_POINT('',(0.459314218532,26.299681583615,
    -2.482521737718));
#3853 = CARTESIAN_POINT('',(0.444575533464,26.310521523629,
    -2.48848353504));
#3854 = CARTESIAN_POINT('',(0.425142637515,26.325025709183,
    -2.495934761339));
#3855 = CARTESIAN_POINT('',(0.420447962848,26.328545984309,
    -2.497703352128));
#3856 = CARTESIAN_POINT('',(0.415753564022,26.332082351572,
    -2.499440330033));
#3857 = CARTESIAN_POINT('',(0.411059657989,26.335634650605,
    -2.501145605401));
#3858 = CARTESIAN_POINT('',(0.406366461469,26.339202722268,
    -2.502819083841));
#3859 = CARTESIAN_POINT('',(0.401674190949,26.342786408644,
    -2.504460666229));
#3860 = CARTESIAN_POINT('',(0.396983062684,26.346385553043,
    -2.506070248709));
#3861 = CARTESIAN_POINT('',(0.392293292694,26.35,-2.507647722688));
#3862 = ORIENTED_EDGE('',*,*,#1512,.T.);
#3863 = ORIENTED_EDGE('',*,*,#3004,.F.);
#3864 = CYLINDRICAL_SURFACE('',#3865,0.5);
#3865 = AXIS2_PLACEMENT_3D('',#3866,#3867,#3868);
#3866 = CARTESIAN_POINT('',(6.825840403541E-16,26.55,-2.049390153192));
#3867 = DIRECTION('',(1.,8.628166150855E-32,3.330669073875E-16));
#3868 = DIRECTION('',(2.465190328816E-32,1.,-3.330669073875E-16));
#3869 = ADVANCED_FACE('',(#3870),#3898,.F.);
#3870 = FACE_BOUND('',#3871,.T.);
#3871 = EDGE_LOOP('',(#3872,#3881,#3888,#3889,#3896,#3897));
#3872 = ORIENTED_EDGE('',*,*,#3873,.T.);
#3873 = EDGE_CURVE('',#3823,#3874,#3876,.T.);
#3874 = VERTEX_POINT('',#3875);
#3875 = CARTESIAN_POINT('',(1.,26.45,-2.708614792005E-14));
#3876 = CIRCLE('',#3877,4.95);
#3877 = AXIS2_PLACEMENT_3D('',#3878,#3879,#3880);
#3878 = CARTESIAN_POINT('',(1.,21.5,-2.583461676253E-14));
#3879 = DIRECTION('',(1.,6.162975822039E-31,9.992007221626E-16));
#3880 = DIRECTION('',(9.992007221626E-16,-3.697785493223E-31,-1.));
#3881 = ORIENTED_EDGE('',*,*,#3882,.T.);
#3882 = EDGE_CURVE('',#3874,#3659,#3883,.T.);
#3883 = CIRCLE('',#3884,4.95);
#3884 = AXIS2_PLACEMENT_3D('',#3885,#3886,#3887);
#3885 = CARTESIAN_POINT('',(1.,21.5,-2.583461676253E-14));
#3886 = DIRECTION('',(1.,6.162975822039E-31,9.992007221626E-16));
#3887 = DIRECTION('',(9.992007221626E-16,-3.697785493223E-31,-1.));
#3888 = ORIENTED_EDGE('',*,*,#3658,.T.);
#3889 = ORIENTED_EDGE('',*,*,#3890,.F.);
#3890 = EDGE_CURVE('',#1475,#3624,#3891,.T.);
#3891 = CIRCLE('',#3892,5.789099631177);
#3892 = AXIS2_PLACEMENT_3D('',#3893,#3894,#3895);
#3893 = CARTESIAN_POINT('',(-5.771967550593E-15,21.5,-2.386979502944E-14
    ));
#3894 = DIRECTION('',(1.,2.958228394579E-31,6.661338147751E-16));
#3895 = DIRECTION('',(-6.661338147751E-16,2.218671295934E-31,1.));
#3896 = ORIENTED_EDGE('',*,*,#1493,.T.);
#3897 = ORIENTED_EDGE('',*,*,#3830,.F.);
#3898 = CONICAL_SURFACE('',#3899,4.65,0.698131700798);
#3899 = AXIS2_PLACEMENT_3D('',#3900,#3901,#3902);
#3900 = CARTESIAN_POINT('',(1.357526077778,21.5,-2.386979502944E-14));
#3901 = DIRECTION('',(-1.,6.661338147751E-16,-3.574525976783E-31));
#3902 = DIRECTION('',(-6.661338147751E-16,2.218671295934E-31,1.));
#3903 = ADVANCED_FACE('',(#3904),#3912,.F.);
#3904 = FACE_BOUND('',#3905,.T.);
#3905 = EDGE_LOOP('',(#3906,#3907,#3908,#3909,#3910,#3911));
#3906 = ORIENTED_EDGE('',*,*,#3890,.T.);
#3907 = ORIENTED_EDGE('',*,*,#3623,.T.);
#3908 = ORIENTED_EDGE('',*,*,#3754,.F.);
#3909 = ORIENTED_EDGE('',*,*,#3763,.F.);
#3910 = ORIENTED_EDGE('',*,*,#3781,.T.);
#3911 = ORIENTED_EDGE('',*,*,#1474,.F.);
#3912 = CONICAL_SURFACE('',#3913,5.789099631177,0.698131700798);
#3913 = AXIS2_PLACEMENT_3D('',#3914,#3915,#3916);
#3914 = CARTESIAN_POINT('',(-5.797941829155E-15,21.5,-2.386979502944E-14
    ));
#3915 = DIRECTION('',(1.,-6.661338147751E-16,3.574525976783E-31));
#3916 = DIRECTION('',(-6.661338147751E-16,2.218671295934E-31,1.));
#3917 = ADVANCED_FACE('',(#3918),#3963,.T.);
#3918 = FACE_BOUND('',#3919,.T.);
#3919 = EDGE_LOOP('',(#3920,#3928,#3961,#3962));
#3920 = ORIENTED_EDGE('',*,*,#3921,.F.);
#3921 = EDGE_CURVE('',#3922,#2808,#3924,.T.);
#3922 = VERTEX_POINT('',#3923);
#3923 = CARTESIAN_POINT('',(1.,-16.91330275229,-1.861372707945));
#3924 = LINE('',#3925,#3926);
#3925 = CARTESIAN_POINT('',(-4.417781507419E-15,-16.91330275229,
    -1.861372707945));
#3926 = VECTOR('',#3927,1.);
#3927 = DIRECTION('',(1.,-2.22044604925E-16,1.110223024625E-16));
#3928 = ORIENTED_EDGE('',*,*,#3929,.T.);
#3929 = EDGE_CURVE('',#3922,#1629,#3930,.T.);
#3930 = B_SPLINE_CURVE_WITH_KNOTS('',8,(#3931,#3932,#3933,#3934,#3935,
    #3936,#3937,#3938,#3939,#3940,#3941,#3942,#3943,#3944,#3945,#3946,
    #3947,#3948,#3949,#3950,#3951,#3952,#3953,#3954,#3955,#3956,#3957,
    #3958,#3959,#3960),.UNSPECIFIED.,.F.,.F.,(9,7,7,7,9),(0.,
    0.286434869465,0.805071751141,0.952907886318,1.),.UNSPECIFIED.);
#3931 = CARTESIAN_POINT('',(1.,-16.91330275229,-1.861372707945));
#3932 = CARTESIAN_POINT('',(1.,-16.9261766274,-1.893095837477));
#3933 = CARTESIAN_POINT('',(0.996484728844,-16.9365673808,
    -1.925825129668));
#3934 = CARTESIAN_POINT('',(0.989454550639,-16.94424465671,
    -1.958989960596));
#3935 = CARTESIAN_POINT('',(0.979170374085,-16.94920499363,
    -1.992081050326));
#3936 = CARTESIAN_POINT('',(0.966024790636,-16.95158486918,
    -2.024683176348));
#3937 = CARTESIAN_POINT('',(0.950446912671,-16.95159275369,
    -2.056488944539));
#3938 = CARTESIAN_POINT('',(0.932840911668,-16.94946017256,
    -2.087293617608));
#3939 = CARTESIAN_POINT('',(0.878643875258,-16.93808149949,
    -2.170706726879));
#3940 = CARTESIAN_POINT('',(0.838252063015,-16.92447433536,
    -2.220717794962));
#3941 = CARTESIAN_POINT('',(0.794089319571,-16.90585206378,
    -2.266867057333));
#3942 = CARTESIAN_POINT('',(0.747312412268,-16.88308447767,
    -2.309107983926));
#3943 = CARTESIAN_POINT('',(0.698790780813,-16.85687634499,
    -2.34748375348));
#3944 = CARTESIAN_POINT('',(0.649096388026,-16.82772640427,
    -2.382087572835));
#3945 = CARTESIAN_POINT('',(0.59857587798,-16.7959595734,-2.413027169973
    ));
#3946 = CARTESIAN_POINT('',(0.532776598927,-16.75193319541,
    -2.448128591103));
#3947 = CARTESIAN_POINT('',(0.518138643026,-16.74197345441,
    -2.455613295291));
#3948 = CARTESIAN_POINT('',(0.503466068904,-16.73182624206,
    -2.462796080711));
#3949 = CARTESIAN_POINT('',(0.48876637198,-16.72149758334,
    -2.469676042355));
#3950 = CARTESIAN_POINT('',(0.474046762867,-16.71099317259,
    -2.476251847223));
#3951 = CARTESIAN_POINT('',(0.459314218532,-16.70031841638,
    -2.482521737718));
#3952 = CARTESIAN_POINT('',(0.444575533464,-16.68947847637,
    -2.48848353504));
#3953 = CARTESIAN_POINT('',(0.425142637515,-16.67497429081,
    -2.495934761339));
#3954 = CARTESIAN_POINT('',(0.420447962848,-16.67145401569,
    -2.497703352128));
#3955 = CARTESIAN_POINT('',(0.415753564022,-16.66791764842,
    -2.499440330033));
#3956 = CARTESIAN_POINT('',(0.411059657989,-16.66436534939,
    -2.501145605401));
#3957 = CARTESIAN_POINT('',(0.406366461469,-16.66079727773,
    -2.502819083841));
#3958 = CARTESIAN_POINT('',(0.401674190949,-16.65721359135,
    -2.504460666229));
#3959 = CARTESIAN_POINT('',(0.396983062684,-16.65361444695,
    -2.506070248709));
#3960 = CARTESIAN_POINT('',(0.392293292694,-16.65,-2.507647722688));
#3961 = ORIENTED_EDGE('',*,*,#1647,.T.);
#3962 = ORIENTED_EDGE('',*,*,#2816,.F.);
#3963 = CYLINDRICAL_SURFACE('',#3964,0.5);
#3964 = AXIS2_PLACEMENT_3D('',#3965,#3966,#3967);
#3965 = CARTESIAN_POINT('',(6.825840403541E-16,-16.45,-2.049390153192));
#3966 = DIRECTION('',(1.,8.628166150855E-32,3.330669073875E-16));
#3967 = DIRECTION('',(2.465190328816E-32,1.,-3.330669073875E-16));
#3968 = ADVANCED_FACE('',(#3969),#3997,.F.);
#3969 = FACE_BOUND('',#3970,.F.);
#3970 = EDGE_LOOP('',(#3971,#3981,#3988,#3989,#3990));
#3971 = ORIENTED_EDGE('',*,*,#3972,.F.);
#3972 = EDGE_CURVE('',#3973,#3975,#3977,.T.);
#3973 = VERTEX_POINT('',#3974);
#3974 = CARTESIAN_POINT('',(1.,-21.5,4.95));
#3975 = VERTEX_POINT('',#3976);
#3976 = CARTESIAN_POINT('',(0.,-21.5,5.789099631177));
#3977 = LINE('',#3978,#3979);
#3978 = CARTESIAN_POINT('',(1.357526077778,-21.5,4.65));
#3979 = VECTOR('',#3980,1.);
#3980 = DIRECTION('',(-0.766044443119,3.646181131263E-16,0.642787609687)
  );
#3981 = ORIENTED_EDGE('',*,*,#3982,.F.);
#3982 = EDGE_CURVE('',#3922,#3973,#3983,.T.);
#3983 = CIRCLE('',#3984,4.95);
#3984 = AXIS2_PLACEMENT_3D('',#3985,#3986,#3987);
#3985 = CARTESIAN_POINT('',(1.,-21.5,7.682925344068E-15));
#3986 = DIRECTION('',(1.,-1.110223024625E-16,3.330669073875E-16));
#3987 = DIRECTION('',(3.330669073875E-16,-8.628166150855E-32,-1.));
#3988 = ORIENTED_EDGE('',*,*,#3929,.T.);
#3989 = ORIENTED_EDGE('',*,*,#1628,.F.);
#3990 = ORIENTED_EDGE('',*,*,#3991,.F.);
#3991 = EDGE_CURVE('',#3975,#1610,#3992,.T.);
#3992 = CIRCLE('',#3993,5.789099631177);
#3993 = AXIS2_PLACEMENT_3D('',#3994,#3995,#3996);
#3994 = CARTESIAN_POINT('',(6.162929964127E-15,-21.5,1.432187701766E-14)
  );
#3995 = DIRECTION('',(-1.,-5.551115123126E-16,-9.992007221626E-16));
#3996 = DIRECTION('',(-9.992007221626E-16,-2.22044604925E-16,1.));
#3997 = CONICAL_SURFACE('',#3998,4.65,0.698131700798);
#3998 = AXIS2_PLACEMENT_3D('',#3999,#4000,#4001);
#3999 = CARTESIAN_POINT('',(1.357526077778,-21.5,1.326686732201E-14));
#4000 = DIRECTION('',(-1.,7.771561172376E-16,7.771561172376E-16));
#4001 = DIRECTION('',(-9.992007221626E-16,-2.22044604925E-16,1.));
#4002 = ADVANCED_FACE('',(#4003),#4057,.F.);
#4003 = FACE_BOUND('',#4004,.F.);
#4004 = EDGE_LOOP('',(#4005,#4013,#4014,#4015,#4050));
#4005 = ORIENTED_EDGE('',*,*,#4006,.F.);
#4006 = EDGE_CURVE('',#3975,#4007,#4009,.T.);
#4007 = VERTEX_POINT('',#4008);
#4008 = CARTESIAN_POINT('',(-1.,-21.5,4.95));
#4009 = LINE('',#4010,#4011);
#4010 = CARTESIAN_POINT('',(-1.06581410364E-14,-21.5,5.789099631177));
#4011 = VECTOR('',#4012,1.);
#4012 = DIRECTION('',(-0.766044443119,1.506438279875E-15,-0.642787609687
    ));
#4013 = ORIENTED_EDGE('',*,*,#3991,.T.);
#4014 = ORIENTED_EDGE('',*,*,#1609,.T.);
#4015 = ORIENTED_EDGE('',*,*,#4016,.F.);
#4016 = EDGE_CURVE('',#4017,#1602,#4019,.T.);
#4017 = VERTEX_POINT('',#4018);
#4018 = CARTESIAN_POINT('',(-1.,-16.91330275229,-1.861372707945));
#4019 = B_SPLINE_CURVE_WITH_KNOTS('',8,(#4020,#4021,#4022,#4023,#4024,
    #4025,#4026,#4027,#4028,#4029,#4030,#4031,#4032,#4033,#4034,#4035,
    #4036,#4037,#4038,#4039,#4040,#4041,#4042,#4043,#4044,#4045,#4046,
    #4047,#4048,#4049),.UNSPECIFIED.,.F.,.F.,(9,7,7,7,9),(0.,
    0.286434869528,0.80507175131,0.952907886506,1.),.UNSPECIFIED.);
#4020 = CARTESIAN_POINT('',(-1.,-16.91330275238,-1.861372708158));
#4021 = CARTESIAN_POINT('',(-0.999999999979,-16.92617662747,
    -1.893095837696));
#4022 = CARTESIAN_POINT('',(-0.996484728802,-16.93656738085,
    -1.925825129889));
#4023 = CARTESIAN_POINT('',(-0.989454550578,-16.94424465675,
    -1.958989960817));
#4024 = CARTESIAN_POINT('',(-0.979170374007,-16.94920499365,
    -1.992081050544));
#4025 = CARTESIAN_POINT('',(-0.966024790543,-16.95158486919,
    -2.024683176562));
#4026 = CARTESIAN_POINT('',(-0.950446912565,-16.95159275369,
    -2.056488944747));
#4027 = CARTESIAN_POINT('',(-0.932840911551,-16.94946017255,
    -2.08729361781));
#4028 = CARTESIAN_POINT('',(-0.878643875115,-16.93808149944,
    -2.17070672706));
#4029 = CARTESIAN_POINT('',(-0.838252062861,-16.92447433529,
    -2.220717795128));
#4030 = CARTESIAN_POINT('',(-0.794089319409,-16.9058520637,
    -2.266867057487));
#4031 = CARTESIAN_POINT('',(-0.747312412102,-16.88308447758,
    -2.309107984065));
#4032 = CARTESIAN_POINT('',(-0.698790780645,-16.85687634489,
    -2.347483753608));
#4033 = CARTESIAN_POINT('',(-0.649096387855,-16.82772640417,
    -2.38208757295));
#4034 = CARTESIAN_POINT('',(-0.598575877808,-16.7959595733,
    -2.413027170076));
#4035 = CARTESIAN_POINT('',(-0.532776598758,-16.75193319529,
    -2.44812859119));
#4036 = CARTESIAN_POINT('',(-0.518138642857,-16.7419734543,
    -2.455613295374));
#4037 = CARTESIAN_POINT('',(-0.503466068737,-16.73182624194,
    -2.46279608079));
#4038 = CARTESIAN_POINT('',(-0.488766371815,-16.72149758322,
    -2.469676042431));
#4039 = CARTESIAN_POINT('',(-0.474046762702,-16.71099317248,
    -2.476251847295));
#4040 = CARTESIAN_POINT('',(-0.459314218369,-16.70031841626,
    -2.482521737786));
#4041 = CARTESIAN_POINT('',(-0.444575533303,-16.68947847625,
    -2.488483535105));
#4042 = CARTESIAN_POINT('',(-0.425142637376,-16.67497429071,
    -2.495934761391));
#4043 = CARTESIAN_POINT('',(-0.420447962729,-16.6714540156,
    -2.497703352172));
#4044 = CARTESIAN_POINT('',(-0.415753563923,-16.66791764835,
    -2.49944033007));
#4045 = CARTESIAN_POINT('',(-0.41105965791,-16.66436534933,
    -2.501145605429));
#4046 = CARTESIAN_POINT('',(-0.406366461409,-16.66079727768,
    -2.502819083862));
#4047 = CARTESIAN_POINT('',(-0.401674190909,-16.65721359132,
    -2.504460666243));
#4048 = CARTESIAN_POINT('',(-0.396983062664,-16.65361444694,
    -2.506070248716));
#4049 = CARTESIAN_POINT('',(-0.392293292694,-16.65,-2.507647722688));
#4050 = ORIENTED_EDGE('',*,*,#4051,.T.);
#4051 = EDGE_CURVE('',#4017,#4007,#4052,.T.);
#4052 = CIRCLE('',#4053,4.95);
#4053 = AXIS2_PLACEMENT_3D('',#4054,#4055,#4056);
#4054 = CARTESIAN_POINT('',(-1.,-21.5,1.141291067948E-14));
#4055 = DIRECTION('',(1.,-1.110223024625E-16,3.330669073875E-16));
#4056 = DIRECTION('',(3.330669073875E-16,-8.628166150855E-32,-1.));
#4057 = CONICAL_SURFACE('',#4058,5.789099631177,0.698131700798);
#4058 = AXIS2_PLACEMENT_3D('',#4059,#4060,#4061);
#4059 = CARTESIAN_POINT('',(6.136955685565E-15,-21.5,1.432187701766E-14)
  );
#4060 = DIRECTION('',(1.,-7.771561172376E-16,-7.771561172376E-16));
#4061 = DIRECTION('',(-9.992007221626E-16,-2.22044604925E-16,1.));
#4062 = ADVANCED_FACE('',(#4063),#4074,.T.);
#4063 = FACE_BOUND('',#4064,.T.);
#4064 = EDGE_LOOP('',(#4065,#4071,#4072,#4073));
#4065 = ORIENTED_EDGE('',*,*,#4066,.F.);
#4066 = EDGE_CURVE('',#1710,#4017,#4067,.T.);
#4067 = LINE('',#4068,#4069);
#4068 = CARTESIAN_POINT('',(-4.417781507419E-15,-16.91330275229,
    -1.861372707945));
#4069 = VECTOR('',#4070,1.);
#4070 = DIRECTION('',(1.,-2.22044604925E-16,1.110223024625E-16));
#4071 = ORIENTED_EDGE('',*,*,#1709,.T.);
#4072 = ORIENTED_EDGE('',*,*,#1601,.T.);
#4073 = ORIENTED_EDGE('',*,*,#4016,.F.);
#4074 = CYLINDRICAL_SURFACE('',#4075,0.5);
#4075 = AXIS2_PLACEMENT_3D('',#4076,#4077,#4078);
#4076 = CARTESIAN_POINT('',(6.825840403541E-16,-16.45,-2.049390153192));
#4077 = DIRECTION('',(1.,8.628166150855E-32,3.330669073875E-16));
#4078 = DIRECTION('',(2.465190328816E-32,1.,-3.330669073875E-16));
#4079 = ADVANCED_FACE('',(#4080),#4111,.F.);
#4080 = FACE_BOUND('',#4081,.T.);
#4081 = EDGE_LOOP('',(#4082,#4091,#4100,#4106,#4107,#4108,#4109,#4110));
#4082 = ORIENTED_EDGE('',*,*,#4083,.T.);
#4083 = EDGE_CURVE('',#4007,#4084,#4086,.T.);
#4084 = VERTEX_POINT('',#4085);
#4085 = CARTESIAN_POINT('',(-1.,-26.45,1.064478157184E-14));
#4086 = CIRCLE('',#4087,4.95);
#4087 = AXIS2_PLACEMENT_3D('',#4088,#4089,#4090);
#4088 = CARTESIAN_POINT('',(-1.,-21.5,1.141291067948E-14));
#4089 = DIRECTION('',(1.,-1.110223024625E-16,3.330669073875E-16));
#4090 = DIRECTION('',(3.330669073875E-16,-8.628166150855E-32,-1.));
#4091 = ORIENTED_EDGE('',*,*,#4092,.T.);
#4092 = EDGE_CURVE('',#4084,#4093,#4095,.T.);
#4093 = VERTEX_POINT('',#4094);
#4094 = CARTESIAN_POINT('',(-1.,-26.0866972477,-1.861372707945));
#4095 = CIRCLE('',#4096,4.95);
#4096 = AXIS2_PLACEMENT_3D('',#4097,#4098,#4099);
#4097 = CARTESIAN_POINT('',(-1.,-21.5,1.141291067948E-14));
#4098 = DIRECTION('',(1.,-1.110223024625E-16,3.330669073875E-16));
#4099 = DIRECTION('',(3.330669073875E-16,-8.628166150855E-32,-1.));
#4100 = ORIENTED_EDGE('',*,*,#4101,.T.);
#4101 = EDGE_CURVE('',#4093,#1863,#4102,.T.);
#4102 = LINE('',#4103,#4104);
#4103 = CARTESIAN_POINT('',(6.199616513308E-16,-26.0866972477,
    -1.861372707945));
#4104 = VECTOR('',#4105,1.);
#4105 = DIRECTION('',(-1.,2.22044604925E-16,-1.110223024625E-16));
#4106 = ORIENTED_EDGE('',*,*,#1862,.T.);
#4107 = ORIENTED_EDGE('',*,*,#1853,.T.);
#4108 = ORIENTED_EDGE('',*,*,#1744,.T.);
#4109 = ORIENTED_EDGE('',*,*,#4066,.T.);
#4110 = ORIENTED_EDGE('',*,*,#4051,.T.);
#4111 = CYLINDRICAL_SURFACE('',#4112,4.95);
#4112 = AXIS2_PLACEMENT_3D('',#4113,#4114,#4115);
#4113 = CARTESIAN_POINT('',(-2.386979502944E-15,-21.5,9.547918011776E-15
    ));
#4114 = DIRECTION('',(1.,-5.551115123126E-16,-1.110223024625E-16));
#4115 = DIRECTION('',(-1.110223024625E-16,-1.,4.440892098501E-16));
#4116 = ADVANCED_FACE('',(#4117),#4157,.F.);
#4117 = FACE_BOUND('',#4118,.F.);
#4118 = EDGE_LOOP('',(#4119,#4128,#4137,#4144,#4145,#4146,#4147,#4148,
    #4149,#4150,#4151,#4152,#4153,#4154,#4155,#4156));
#4119 = ORIENTED_EDGE('',*,*,#4120,.F.);
#4120 = EDGE_CURVE('',#4121,#2483,#4123,.T.);
#4121 = VERTEX_POINT('',#4122);
#4122 = CARTESIAN_POINT('',(11.,25.489156195896,17.222513229341));
#4123 = CIRCLE('',#4124,1.);
#4124 = AXIS2_PLACEMENT_3D('',#4125,#4126,#4127);
#4125 = CARTESIAN_POINT('',(11.,24.938983712572,16.387462189827));
#4126 = DIRECTION('',(1.,1.110223024625E-15,2.775557561563E-15));
#4127 = DIRECTION('',(-1.110223024625E-15,1.,-2.775557561563E-15));
#4128 = ORIENTED_EDGE('',*,*,#4129,.T.);
#4129 = EDGE_CURVE('',#4121,#4130,#4132,.T.);
#4130 = VERTEX_POINT('',#4131);
#4131 = CARTESIAN_POINT('',(11.,34.944045062088,14.796540768449));
#4132 = CIRCLE('',#4133,15.);
#4133 = AXIS2_PLACEMENT_3D('',#4134,#4135,#4136);
#4134 = CARTESIAN_POINT('',(11.,33.74174344576,29.748278822046));
#4135 = DIRECTION('',(1.,1.110223024625E-15,2.775557561563E-15));
#4136 = DIRECTION('',(-1.110223024625E-15,1.,-2.775557561563E-15));
#4137 = ORIENTED_EDGE('',*,*,#4138,.F.);
#4138 = EDGE_CURVE('',#1794,#4130,#4139,.T.);
#4139 = CIRCLE('',#4140,1.);
#4140 = AXIS2_PLACEMENT_3D('',#4141,#4142,#4143);
#4141 = CARTESIAN_POINT('',(11.,35.024198503177,13.799758231543));
#4142 = DIRECTION('',(1.,1.110223024625E-15,2.775557561563E-15));
#4143 = DIRECTION('',(-1.110223024625E-15,1.,-2.775557561563E-15));
#4144 = ORIENTED_EDGE('',*,*,#1801,.F.);
#4145 = ORIENTED_EDGE('',*,*,#3097,.F.);
#4146 = ORIENTED_EDGE('',*,*,#3165,.T.);
#4147 = ORIENTED_EDGE('',*,*,#3222,.F.);
#4148 = ORIENTED_EDGE('',*,*,#3274,.T.);
#4149 = ORIENTED_EDGE('',*,*,#3318,.F.);
#4150 = ORIENTED_EDGE('',*,*,#3309,.F.);
#4151 = ORIENTED_EDGE('',*,*,#3383,.T.);
#4152 = ORIENTED_EDGE('',*,*,#3440,.F.);
#4153 = ORIENTED_EDGE('',*,*,#3482,.T.);
#4154 = ORIENTED_EDGE('',*,*,#3532,.F.);
#4155 = ORIENTED_EDGE('',*,*,#3549,.T.);
#4156 = ORIENTED_EDGE('',*,*,#2482,.F.);
#4157 = PLANE('',#4158);
#4158 = AXIS2_PLACEMENT_3D('',#4159,#4160,#4161);
#4159 = CARTESIAN_POINT('',(11.,37.405602541168,34.262442994171));
#4160 = DIRECTION('',(1.,-2.22044604925E-15,-5.551115123126E-16));
#4161 = DIRECTION('',(-2.775557561563E-15,-5.551115123126E-16,1.));
#4162 = ADVANCED_FACE('',(#4163),#4182,.T.);
#4163 = FACE_BOUND('',#4164,.T.);
#4164 = EDGE_LOOP('',(#4165,#4166,#4175,#4181));
#4165 = ORIENTED_EDGE('',*,*,#1793,.T.);
#4166 = ORIENTED_EDGE('',*,*,#4167,.T.);
#4167 = EDGE_CURVE('',#1786,#4168,#4170,.T.);
#4168 = VERTEX_POINT('',#4169);
#4169 = CARTESIAN_POINT('',(-11.,34.944045062088,14.796540768449));
#4170 = CIRCLE('',#4171,1.);
#4171 = AXIS2_PLACEMENT_3D('',#4172,#4173,#4174);
#4172 = CARTESIAN_POINT('',(-11.,35.024198503177,13.799758231543));
#4173 = DIRECTION('',(1.,1.110223024625E-15,2.775557561563E-15));
#4174 = DIRECTION('',(-1.110223024625E-15,1.,-2.775557561563E-15));
#4175 = ORIENTED_EDGE('',*,*,#4176,.F.);
#4176 = EDGE_CURVE('',#4130,#4168,#4177,.T.);
#4177 = LINE('',#4178,#4179);
#4178 = CARTESIAN_POINT('',(11.,34.944045062088,14.796540768449));
#4179 = VECTOR('',#4180,1.);
#4180 = DIRECTION('',(-1.,1.998401444325E-15,3.330669073875E-16));
#4181 = ORIENTED_EDGE('',*,*,#4138,.F.);
#4182 = CYLINDRICAL_SURFACE('',#4183,1.);
#4183 = AXIS2_PLACEMENT_3D('',#4184,#4185,#4186);
#4184 = CARTESIAN_POINT('',(11.,35.024198503177,13.799758231543));
#4185 = DIRECTION('',(1.,-1.7763568394E-15,-1.110223024625E-16));
#4186 = DIRECTION('',(-8.881784197001E-16,1.,-2.553512956638E-15));
#4187 = ADVANCED_FACE('',(#4188),#4220,.T.);
#4188 = FACE_BOUND('',#4189,.T.);
#4189 = EDGE_LOOP('',(#4190,#4199,#4206,#4207,#4208,#4209,#4210,#4211,
    #4212,#4213,#4214,#4215,#4216,#4217,#4218,#4219));
#4190 = ORIENTED_EDGE('',*,*,#4191,.F.);
#4191 = EDGE_CURVE('',#4192,#2491,#4194,.T.);
#4192 = VERTEX_POINT('',#4193);
#4193 = CARTESIAN_POINT('',(-11.,25.489156195896,17.222513229341));
#4194 = CIRCLE('',#4195,1.);
#4195 = AXIS2_PLACEMENT_3D('',#4196,#4197,#4198);
#4196 = CARTESIAN_POINT('',(-11.,24.938983712572,16.387462189827));
#4197 = DIRECTION('',(1.,1.110223024625E-15,2.775557561563E-15));
#4198 = DIRECTION('',(-1.110223024625E-15,1.,-2.775557561563E-15));
#4199 = ORIENTED_EDGE('',*,*,#4200,.T.);
#4200 = EDGE_CURVE('',#4192,#4168,#4201,.T.);
#4201 = CIRCLE('',#4202,15.);
#4202 = AXIS2_PLACEMENT_3D('',#4203,#4204,#4205);
#4203 = CARTESIAN_POINT('',(-11.,33.74174344576,29.748278822046));
#4204 = DIRECTION('',(1.,1.110223024625E-15,2.775557561563E-15));
#4205 = DIRECTION('',(-1.110223024625E-15,1.,-2.775557561563E-15));
#4206 = ORIENTED_EDGE('',*,*,#4167,.F.);
#4207 = ORIENTED_EDGE('',*,*,#1785,.F.);
#4208 = ORIENTED_EDGE('',*,*,#1836,.F.);
#4209 = ORIENTED_EDGE('',*,*,#1946,.T.);
#4210 = ORIENTED_EDGE('',*,*,#2059,.F.);
#4211 = ORIENTED_EDGE('',*,*,#2100,.T.);
#4212 = ORIENTED_EDGE('',*,*,#2143,.F.);
#4213 = ORIENTED_EDGE('',*,*,#2152,.F.);
#4214 = ORIENTED_EDGE('',*,*,#2243,.T.);
#4215 = ORIENTED_EDGE('',*,*,#2303,.F.);
#4216 = ORIENTED_EDGE('',*,*,#2327,.T.);
#4217 = ORIENTED_EDGE('',*,*,#2377,.F.);
#4218 = ORIENTED_EDGE('',*,*,#2425,.T.);
#4219 = ORIENTED_EDGE('',*,*,#2498,.F.);
#4220 = PLANE('',#4221);
#4221 = AXIS2_PLACEMENT_3D('',#4222,#4223,#4224);
#4222 = CARTESIAN_POINT('',(-11.,37.405602541168,34.262442994171));
#4223 = DIRECTION('',(1.,-2.22044604925E-15,-5.551115123126E-16));
#4224 = DIRECTION('',(-2.775557561563E-15,-5.551115123126E-16,1.));
#4225 = ADVANCED_FACE('',(#4226),#4269,.T.);
#4226 = FACE_BOUND('',#4227,.T.);
#4227 = EDGE_LOOP('',(#4228,#4255,#4256,#4257,#4258,#4259));
#4228 = ORIENTED_EDGE('',*,*,#4229,.F.);
#4229 = EDGE_CURVE('',#2008,#4230,#4232,.T.);
#4230 = VERTEX_POINT('',#4231);
#4231 = CARTESIAN_POINT('',(-0.952043269151,-26.05,-2.049390153192));
#4232 = B_SPLINE_CURVE_WITH_KNOTS('',6,(#4233,#4234,#4235,#4236,#4237,
    #4238,#4239,#4240,#4241,#4242,#4243,#4244,#4245,#4246,#4247,#4248,
    #4249,#4250,#4251,#4252,#4253,#4254),.UNSPECIFIED.,.F.,.F.,(7,5,5,5,
    7),(0.,5.921584347379E-02,0.492593205097,0.86878834308,1.),
  .UNSPECIFIED.);
#4233 = CARTESIAN_POINT('',(-0.392293292694,-26.35,-2.507647722688));
#4234 = CARTESIAN_POINT('',(-0.398519604382,-26.34520132684,
    -2.505553410026));
#4235 = CARTESIAN_POINT('',(-0.404748429894,-26.34043097492,
    -2.503399672536));
#4236 = CARTESIAN_POINT('',(-0.410979172089,-26.33568937396,
    -2.501186810392));
#4237 = CARTESIAN_POINT('',(-0.417211232763,-26.33097695934,
    -2.498915102053));
#4238 = CARTESIAN_POINT('',(-0.423444012645,-26.32629417205,
    -2.49658480426));
#4239 = CARTESIAN_POINT('',(-0.475293034674,-26.28759008785,
    -2.476714550184));
#4240 = CARTESIAN_POINT('',(-0.520905180119,-26.25515729077,
    -2.456111236205));
#4241 = CARTESIAN_POINT('',(-0.566298244366,-26.22450151419,
    -2.432473711512));
#4242 = CARTESIAN_POINT('',(-0.611217761616,-26.19583035732,
    -2.405828339754));
#4243 = CARTESIAN_POINT('',(-0.655353346915,-26.16940119912,
    -2.37616862733));
#4244 = CARTESIAN_POINT('',(-0.73552169682,-26.12491975124,
    -2.31498809161));
#4245 = CARTESIAN_POINT('',(-0.771819780251,-26.10624203481,
    -2.284256082635));
#4246 = CARTESIAN_POINT('',(-0.80691840972,-26.08977441513,
    -2.251150162085));
#4247 = CARTESIAN_POINT('',(-0.840395062611,-26.07587237819,
    -2.215618156609));
#4248 = CARTESIAN_POINT('',(-0.871631213389,-26.06501116331,
    -2.17767300592));
#4249 = CARTESIAN_POINT('',(-0.909566486621,-26.0553030204,
    -2.123404593666));
#4250 = CARTESIAN_POINT('',(-0.91899459042,-26.05323909476,
    -2.109097236473));
#4251 = CARTESIAN_POINT('',(-0.928002574222,-26.05164804439,
    -2.094524493371));
#4252 = CARTESIAN_POINT('',(-0.936546057916,-26.05055860761,
    -2.079700503195));
#4253 = CARTESIAN_POINT('',(-0.944576549105,-26.05,-2.064646137305));
#4254 = CARTESIAN_POINT('',(-0.952043269151,-26.05,-2.049390153192));
#4255 = ORIENTED_EDGE('',*,*,#2026,.T.);
#4256 = ORIENTED_EDGE('',*,*,#1883,.T.);
#4257 = ORIENTED_EDGE('',*,*,#1871,.T.);
#4258 = ORIENTED_EDGE('',*,*,#4101,.F.);
#4259 = ORIENTED_EDGE('',*,*,#4260,.F.);
#4260 = EDGE_CURVE('',#4230,#4093,#4261,.T.);
#4261 = B_SPLINE_CURVE_WITH_KNOTS('',6,(#4262,#4263,#4264,#4265,#4266,
    #4267,#4268),.UNSPECIFIED.,.F.,.F.,(7,7),(0.,1.),
  .PIECEWISE_BEZIER_KNOTS.);
#4262 = CARTESIAN_POINT('',(-0.952043269151,-26.05,-2.049390153192));
#4263 = CARTESIAN_POINT('',(-0.966967585031,-26.05,-2.018896827535));
#4264 = CARTESIAN_POINT('',(-0.979655392141,-26.05223168873,
    -1.987565630931));
#4265 = CARTESIAN_POINT('',(-0.989667125763,-26.0569245647,
    -1.955678340369));
#4266 = CARTESIAN_POINT('',(-0.996557756933,-26.064257885,
    -1.923643206949));
#4267 = CARTESIAN_POINT('',(-1.000000003074,-26.07426462388,
    -1.892008522907));
#4268 = CARTESIAN_POINT('',(-1.,-26.08669726102,-1.861372675121));
#4269 = CYLINDRICAL_SURFACE('',#4270,0.5);
#4270 = AXIS2_PLACEMENT_3D('',#4271,#4272,#4273);
#4271 = CARTESIAN_POINT('',(6.825840403541E-16,-26.55,-2.049390153192));
#4272 = DIRECTION('',(1.,8.628166150855E-32,3.330669073875E-16));
#4273 = DIRECTION('',(2.465190328816E-32,1.,-3.330669073875E-16));
#4274 = ADVANCED_FACE('',(#4275),#4290,.F.);
#4275 = FACE_BOUND('',#4276,.F.);
#4276 = EDGE_LOOP('',(#4277,#4284,#4285,#4286,#4287,#4288,#4289));
#4277 = ORIENTED_EDGE('',*,*,#4278,.T.);
#4278 = EDGE_CURVE('',#1989,#3975,#4279,.T.);
#4279 = CIRCLE('',#4280,5.789099631177);
#4280 = AXIS2_PLACEMENT_3D('',#4281,#4282,#4283);
#4281 = CARTESIAN_POINT('',(6.162929964127E-15,-21.5,1.432187701766E-14)
  );
#4282 = DIRECTION('',(-1.,-5.551115123126E-16,-9.992007221626E-16));
#4283 = DIRECTION('',(-9.992007221626E-16,-2.22044604925E-16,1.));
#4284 = ORIENTED_EDGE('',*,*,#4006,.T.);
#4285 = ORIENTED_EDGE('',*,*,#4083,.T.);
#4286 = ORIENTED_EDGE('',*,*,#4092,.T.);
#4287 = ORIENTED_EDGE('',*,*,#4260,.F.);
#4288 = ORIENTED_EDGE('',*,*,#4229,.F.);
#4289 = ORIENTED_EDGE('',*,*,#2007,.T.);
#4290 = CONICAL_SURFACE('',#4291,5.789099631177,0.698131700798);
#4291 = AXIS2_PLACEMENT_3D('',#4292,#4293,#4294);
#4292 = CARTESIAN_POINT('',(6.136955685565E-15,-21.5,1.432187701766E-14)
  );
#4293 = DIRECTION('',(1.,-7.771561172376E-16,-7.771561172376E-16));
#4294 = DIRECTION('',(-9.992007221626E-16,-2.22044604925E-16,1.));
#4295 = ADVANCED_FACE('',(#4296),#4356,.F.);
#4296 = FACE_BOUND('',#4297,.F.);
#4297 = EDGE_LOOP('',(#4298,#4307,#4308,#4309,#4310,#4337,#4349));
#4298 = ORIENTED_EDGE('',*,*,#4299,.F.);
#4299 = EDGE_CURVE('',#3973,#4300,#4302,.T.);
#4300 = VERTEX_POINT('',#4301);
#4301 = CARTESIAN_POINT('',(1.,-26.45,1.042273696692E-14));
#4302 = CIRCLE('',#4303,4.95);
#4303 = AXIS2_PLACEMENT_3D('',#4304,#4305,#4306);
#4304 = CARTESIAN_POINT('',(1.,-21.5,7.682925344068E-15));
#4305 = DIRECTION('',(1.,-1.110223024625E-16,3.330669073875E-16));
#4306 = DIRECTION('',(3.330669073875E-16,-8.628166150855E-32,-1.));
#4307 = ORIENTED_EDGE('',*,*,#3972,.T.);
#4308 = ORIENTED_EDGE('',*,*,#4278,.F.);
#4309 = ORIENTED_EDGE('',*,*,#1988,.F.);
#4310 = ORIENTED_EDGE('',*,*,#4311,.T.);
#4311 = EDGE_CURVE('',#1981,#4312,#4314,.T.);
#4312 = VERTEX_POINT('',#4313);
#4313 = CARTESIAN_POINT('',(0.952043269151,-26.05,-2.049390153192));
#4314 = B_SPLINE_CURVE_WITH_KNOTS('',6,(#4315,#4316,#4317,#4318,#4319,
    #4320,#4321,#4322,#4323,#4324,#4325,#4326,#4327,#4328,#4329,#4330,
    #4331,#4332,#4333,#4334,#4335,#4336),.UNSPECIFIED.,.F.,.F.,(7,5,5,5,
    7),(0.,5.92158434746E-02,0.492593205096,0.868788343078,1.),
  .UNSPECIFIED.);
#4315 = CARTESIAN_POINT('',(0.392293292694,-26.35,-2.507647722688));
#4316 = CARTESIAN_POINT('',(0.398519604382,-26.34520132684,
    -2.505553410026));
#4317 = CARTESIAN_POINT('',(0.404748429894,-26.34043097492,
    -2.503399672536));
#4318 = CARTESIAN_POINT('',(0.41097917209,-26.33568937396,
    -2.501186810392));
#4319 = CARTESIAN_POINT('',(0.417211232764,-26.33097695934,
    -2.498915102053));
#4320 = CARTESIAN_POINT('',(0.423444012645,-26.32629417205,
    -2.49658480426));
#4321 = CARTESIAN_POINT('',(0.475293034674,-26.28759008785,
    -2.476714550184));
#4322 = CARTESIAN_POINT('',(0.52090518012,-26.25515729077,
    -2.456111236205));
#4323 = CARTESIAN_POINT('',(0.566298244366,-26.22450151419,
    -2.432473711512));
#4324 = CARTESIAN_POINT('',(0.611217761616,-26.19583035732,
    -2.405828339754));
#4325 = CARTESIAN_POINT('',(0.655353346914,-26.16940119912,
    -2.37616862733));
#4326 = CARTESIAN_POINT('',(0.73552169682,-26.12491975124,-2.31498809161
    ));
#4327 = CARTESIAN_POINT('',(0.77181978025,-26.10624203481,
    -2.284256082635));
#4328 = CARTESIAN_POINT('',(0.806918409719,-26.08977441513,
    -2.251150162086));
#4329 = CARTESIAN_POINT('',(0.84039506261,-26.07587237819,-2.21561815661
    ));
#4330 = CARTESIAN_POINT('',(0.871631213388,-26.06501116331,
    -2.177673005922));
#4331 = CARTESIAN_POINT('',(0.90956648662,-26.0553030204,-2.123404593667
    ));
#4332 = CARTESIAN_POINT('',(0.918994590419,-26.05323909476,
    -2.109097236474));
#4333 = CARTESIAN_POINT('',(0.928002574221,-26.05164804439,
    -2.094524493372));
#4334 = CARTESIAN_POINT('',(0.936546057916,-26.05055860761,
    -2.079700503195));
#4335 = CARTESIAN_POINT('',(0.944576549105,-26.05,-2.064646137306));
#4336 = CARTESIAN_POINT('',(0.952043269151,-26.05,-2.049390153192));
#4337 = ORIENTED_EDGE('',*,*,#4338,.T.);
#4338 = EDGE_CURVE('',#4312,#4339,#4341,.T.);
#4339 = VERTEX_POINT('',#4340);
#4340 = CARTESIAN_POINT('',(1.,-26.0866972477,-1.861372707945));
#4341 = B_SPLINE_CURVE_WITH_KNOTS('',6,(#4342,#4343,#4344,#4345,#4346,
    #4347,#4348),.UNSPECIFIED.,.F.,.F.,(7,7),(0.,1.),
  .PIECEWISE_BEZIER_KNOTS.);
#4342 = CARTESIAN_POINT('',(0.952043269151,-26.05,-2.049390153192));
#4343 = CARTESIAN_POINT('',(0.966967578046,-26.05,-2.018896841807));
#4344 = CARTESIAN_POINT('',(0.979655380231,-26.05223168664,
    -1.98756566033));
#4345 = CARTESIAN_POINT('',(0.989667111662,-26.05692455809,
    -1.955678385277));
#4346 = CARTESIAN_POINT('',(0.99655774401,-26.06425787123,
    -1.923643267074));
#4347 = CARTESIAN_POINT('',(0.999999995,-26.07426460042,-1.89200859708)
  );
#4348 = CARTESIAN_POINT('',(1.,-26.08669722603,-1.861372761347));
#4349 = ORIENTED_EDGE('',*,*,#4350,.F.);
#4350 = EDGE_CURVE('',#4300,#4339,#4351,.T.);
#4351 = CIRCLE('',#4352,4.95);
#4352 = AXIS2_PLACEMENT_3D('',#4353,#4354,#4355);
#4353 = CARTESIAN_POINT('',(1.,-21.5,7.682925344068E-15));
#4354 = DIRECTION('',(1.,-1.110223024625E-16,3.330669073875E-16));
#4355 = DIRECTION('',(3.330669073875E-16,-8.628166150855E-32,-1.));
#4356 = CONICAL_SURFACE('',#4357,4.65,0.698131700798);
#4357 = AXIS2_PLACEMENT_3D('',#4358,#4359,#4360);
#4358 = CARTESIAN_POINT('',(1.357526077778,-21.5,1.326686732201E-14));
#4359 = DIRECTION('',(-1.,7.771561172376E-16,7.771561172376E-16));
#4360 = DIRECTION('',(-9.992007221626E-16,-2.22044604925E-16,1.));
#4361 = ADVANCED_FACE('',(#4362),#4375,.T.);
#4362 = FACE_BOUND('',#4363,.T.);
#4363 = EDGE_LOOP('',(#4364,#4365,#4366,#4367,#4368,#4374));
#4364 = ORIENTED_EDGE('',*,*,#2874,.F.);
#4365 = ORIENTED_EDGE('',*,*,#1980,.T.);
#4366 = ORIENTED_EDGE('',*,*,#4311,.T.);
#4367 = ORIENTED_EDGE('',*,*,#4338,.T.);
#4368 = ORIENTED_EDGE('',*,*,#4369,.F.);
#4369 = EDGE_CURVE('',#2902,#4339,#4370,.T.);
#4370 = LINE('',#4371,#4372);
#4371 = CARTESIAN_POINT('',(6.199616513308E-16,-26.0866972477,
    -1.861372707945));
#4372 = VECTOR('',#4373,1.);
#4373 = DIRECTION('',(-1.,2.22044604925E-16,-1.110223024625E-16));
#4374 = ORIENTED_EDGE('',*,*,#2901,.F.);
#4375 = CYLINDRICAL_SURFACE('',#4376,0.5);
#4376 = AXIS2_PLACEMENT_3D('',#4377,#4378,#4379);
#4377 = CARTESIAN_POINT('',(6.825840403541E-16,-26.55,-2.049390153192));
#4378 = DIRECTION('',(1.,8.628166150855E-32,3.330669073875E-16));
#4379 = DIRECTION('',(2.465190328816E-32,1.,-3.330669073875E-16));
#4380 = ADVANCED_FACE('',(#4381),#4422,.F.);
#4381 = FACE_BOUND('',#4382,.T.);
#4382 = EDGE_LOOP('',(#4383,#4392,#4401,#4408,#4409,#4410,#4411,#4412,
    #4413,#4414,#4415,#4416,#4417,#4418,#4419,#4420,#4421));
#4383 = ORIENTED_EDGE('',*,*,#4384,.F.);
#4384 = EDGE_CURVE('',#4385,#2750,#4387,.T.);
#4385 = VERTEX_POINT('',#4386);
#4386 = CARTESIAN_POINT('',(11.,-25.48915619589,17.222513229341));
#4387 = CIRCLE('',#4388,1.);
#4388 = AXIS2_PLACEMENT_3D('',#4389,#4390,#4391);
#4389 = CARTESIAN_POINT('',(11.,-24.93898371257,16.387462189828));
#4390 = DIRECTION('',(-1.,-7.771561172376E-16,-1.665334536938E-15));
#4391 = DIRECTION('',(7.771561172376E-16,-1.,1.33226762955E-15));
#4392 = ORIENTED_EDGE('',*,*,#4393,.T.);
#4393 = EDGE_CURVE('',#4385,#4394,#4396,.T.);
#4394 = VERTEX_POINT('',#4395);
#4395 = CARTESIAN_POINT('',(11.,-34.94404506208,14.796540768449));
#4396 = CIRCLE('',#4397,15.);
#4397 = AXIS2_PLACEMENT_3D('',#4398,#4399,#4400);
#4398 = CARTESIAN_POINT('',(11.,-33.74174344576,29.748278822046));
#4399 = DIRECTION('',(-1.,-7.771561172376E-16,-1.665334536938E-15));
#4400 = DIRECTION('',(7.771561172376E-16,-1.,1.33226762955E-15));
#4401 = ORIENTED_EDGE('',*,*,#4402,.F.);
#4402 = EDGE_CURVE('',#2202,#4394,#4403,.T.);
#4403 = CIRCLE('',#4404,1.);
#4404 = AXIS2_PLACEMENT_3D('',#4405,#4406,#4407);
#4405 = CARTESIAN_POINT('',(11.,-35.02419850317,13.799758231543));
#4406 = DIRECTION('',(-1.,-7.771561172376E-16,-1.665334536938E-15));
#4407 = DIRECTION('',(7.771561172376E-16,-1.,1.33226762955E-15));
#4408 = ORIENTED_EDGE('',*,*,#2209,.T.);
#4409 = ORIENTED_EDGE('',*,*,#3072,.T.);
#4410 = ORIENTED_EDGE('',*,*,#3063,.T.);
#4411 = ORIENTED_EDGE('',*,*,#3116,.F.);
#4412 = ORIENTED_EDGE('',*,*,#3148,.T.);
#4413 = ORIENTED_EDGE('',*,*,#3190,.F.);
#4414 = ORIENTED_EDGE('',*,*,#3238,.T.);
#4415 = ORIENTED_EDGE('',*,*,#3258,.T.);
#4416 = ORIENTED_EDGE('',*,*,#3334,.F.);
#4417 = ORIENTED_EDGE('',*,*,#3366,.T.);
#4418 = ORIENTED_EDGE('',*,*,#3408,.F.);
#4419 = ORIENTED_EDGE('',*,*,#3456,.T.);
#4420 = ORIENTED_EDGE('',*,*,#3506,.F.);
#4421 = ORIENTED_EDGE('',*,*,#2757,.T.);
#4422 = PLANE('',#4423);
#4423 = AXIS2_PLACEMENT_3D('',#4424,#4425,#4426);
#4424 = CARTESIAN_POINT('',(11.,-37.40560254116,34.262442994171));
#4425 = DIRECTION('',(1.,-1.221245327088E-15,-1.221245327088E-15));
#4426 = DIRECTION('',(1.665334536938E-15,6.661338147751E-16,-1.));
#4427 = ADVANCED_FACE('',(#4428),#4447,.T.);
#4428 = FACE_BOUND('',#4429,.F.);
#4429 = EDGE_LOOP('',(#4430,#4431,#4440,#4446));
#4430 = ORIENTED_EDGE('',*,*,#2201,.T.);
#4431 = ORIENTED_EDGE('',*,*,#4432,.T.);
#4432 = EDGE_CURVE('',#2194,#4433,#4435,.T.);
#4433 = VERTEX_POINT('',#4434);
#4434 = CARTESIAN_POINT('',(-11.,-34.94404506208,14.796540768449));
#4435 = CIRCLE('',#4436,1.);
#4436 = AXIS2_PLACEMENT_3D('',#4437,#4438,#4439);
#4437 = CARTESIAN_POINT('',(-11.,-35.02419850317,13.799758231543));
#4438 = DIRECTION('',(-1.,-7.771561172376E-16,-1.665334536938E-15));
#4439 = DIRECTION('',(7.771561172376E-16,-1.,1.33226762955E-15));
#4440 = ORIENTED_EDGE('',*,*,#4441,.F.);
#4441 = EDGE_CURVE('',#4394,#4433,#4442,.T.);
#4442 = LINE('',#4443,#4444);
#4443 = CARTESIAN_POINT('',(11.,-34.94404506208,14.79654076845));
#4444 = VECTOR('',#4445,1.);
#4445 = DIRECTION('',(-1.,7.771561172376E-16,7.771561172376E-16));
#4446 = ORIENTED_EDGE('',*,*,#4402,.F.);
#4447 = CYLINDRICAL_SURFACE('',#4448,1.);
#4448 = AXIS2_PLACEMENT_3D('',#4449,#4450,#4451);
#4449 = CARTESIAN_POINT('',(11.,-35.02419850317,13.799758231543));
#4450 = DIRECTION('',(1.,-9.992007221626E-16,-5.551115123126E-16));
#4451 = DIRECTION('',(3.330669073875E-16,-1.,8.881784197001E-16));
#4452 = ADVANCED_FACE('',(#4453),#4486,.T.);
#4453 = FACE_BOUND('',#4454,.F.);
#4454 = EDGE_LOOP('',(#4455,#4464,#4471,#4472,#4473,#4474,#4475,#4476,
    #4477,#4478,#4479,#4480,#4481,#4482,#4483,#4484,#4485));
#4455 = ORIENTED_EDGE('',*,*,#4456,.F.);
#4456 = EDGE_CURVE('',#4457,#2742,#4459,.T.);
#4457 = VERTEX_POINT('',#4458);
#4458 = CARTESIAN_POINT('',(-11.,-25.48915619589,17.222513229341));
#4459 = CIRCLE('',#4460,1.);
#4460 = AXIS2_PLACEMENT_3D('',#4461,#4462,#4463);
#4461 = CARTESIAN_POINT('',(-11.,-24.93898371257,16.387462189828));
#4462 = DIRECTION('',(-1.,-7.771561172376E-16,-1.665334536938E-15));
#4463 = DIRECTION('',(7.771561172376E-16,-1.,1.33226762955E-15));
#4464 = ORIENTED_EDGE('',*,*,#4465,.T.);
#4465 = EDGE_CURVE('',#4457,#4433,#4466,.T.);
#4466 = CIRCLE('',#4467,15.);
#4467 = AXIS2_PLACEMENT_3D('',#4468,#4469,#4470);
#4468 = CARTESIAN_POINT('',(-11.,-33.74174344576,29.748278822046));
#4469 = DIRECTION('',(-1.,-7.771561172376E-16,-1.665334536938E-15));
#4470 = DIRECTION('',(7.771561172376E-16,-1.,1.33226762955E-15));
#4471 = ORIENTED_EDGE('',*,*,#4432,.F.);
#4472 = ORIENTED_EDGE('',*,*,#2193,.T.);
#4473 = ORIENTED_EDGE('',*,*,#2278,.T.);
#4474 = ORIENTED_EDGE('',*,*,#2258,.T.);
#4475 = ORIENTED_EDGE('',*,*,#2352,.F.);
#4476 = ORIENTED_EDGE('',*,*,#2402,.T.);
#4477 = ORIENTED_EDGE('',*,*,#2451,.F.);
#4478 = ORIENTED_EDGE('',*,*,#2515,.T.);
#4479 = ORIENTED_EDGE('',*,*,#2524,.T.);
#4480 = ORIENTED_EDGE('',*,*,#2592,.F.);
#4481 = ORIENTED_EDGE('',*,*,#2634,.T.);
#4482 = ORIENTED_EDGE('',*,*,#2675,.F.);
#4483 = ORIENTED_EDGE('',*,*,#2709,.T.);
#4484 = ORIENTED_EDGE('',*,*,#2783,.F.);
#4485 = ORIENTED_EDGE('',*,*,#2741,.T.);
#4486 = PLANE('',#4487);
#4487 = AXIS2_PLACEMENT_3D('',#4488,#4489,#4490);
#4488 = CARTESIAN_POINT('',(-11.,-37.40560254116,34.262442994171));
#4489 = DIRECTION('',(1.,-1.221245327088E-15,-1.221245327088E-15));
#4490 = DIRECTION('',(1.665334536938E-15,6.661338147751E-16,-1.));
#4491 = ADVANCED_FACE('',(#4492),#4503,.T.);
#4492 = FACE_BOUND('',#4493,.T.);
#4493 = EDGE_LOOP('',(#4494,#4500,#4501,#4502));
#4494 = ORIENTED_EDGE('',*,*,#4495,.T.);
#4495 = EDGE_CURVE('',#4121,#4192,#4496,.T.);
#4496 = LINE('',#4497,#4498);
#4497 = CARTESIAN_POINT('',(11.,25.489156195896,17.222513229341));
#4498 = VECTOR('',#4499,1.);
#4499 = DIRECTION('',(-1.,1.998401444325E-15,3.330669073875E-16));
#4500 = ORIENTED_EDGE('',*,*,#4191,.T.);
#4501 = ORIENTED_EDGE('',*,*,#2490,.F.);
#4502 = ORIENTED_EDGE('',*,*,#4120,.F.);
#4503 = CYLINDRICAL_SURFACE('',#4504,1.);
#4504 = AXIS2_PLACEMENT_3D('',#4505,#4506,#4507);
#4505 = CARTESIAN_POINT('',(11.,24.938983712572,16.387462189827));
#4506 = DIRECTION('',(1.,-1.7763568394E-15,-1.110223024625E-16));
#4507 = DIRECTION('',(-8.881784197001E-16,1.,-2.553512956638E-15));
#4508 = ADVANCED_FACE('',(#4509),#4520,.T.);
#4509 = FACE_BOUND('',#4510,.F.);
#4510 = EDGE_LOOP('',(#4511,#4517,#4518,#4519));
#4511 = ORIENTED_EDGE('',*,*,#4512,.T.);
#4512 = EDGE_CURVE('',#4385,#4457,#4513,.T.);
#4513 = LINE('',#4514,#4515);
#4514 = CARTESIAN_POINT('',(11.,-25.48915619589,17.222513229341));
#4515 = VECTOR('',#4516,1.);
#4516 = DIRECTION('',(-1.,7.771561172376E-16,7.771561172376E-16));
#4517 = ORIENTED_EDGE('',*,*,#4456,.T.);
#4518 = ORIENTED_EDGE('',*,*,#2749,.F.);
#4519 = ORIENTED_EDGE('',*,*,#4384,.F.);
#4520 = CYLINDRICAL_SURFACE('',#4521,1.);
#4521 = AXIS2_PLACEMENT_3D('',#4522,#4523,#4524);
#4522 = CARTESIAN_POINT('',(11.,-24.93898371257,16.387462189828));
#4523 = DIRECTION('',(1.,-9.992007221626E-16,-5.551115123126E-16));
#4524 = DIRECTION('',(3.330669073875E-16,-1.,8.881784197001E-16));
#4525 = ADVANCED_FACE('',(#4526),#4536,.F.);
#4526 = FACE_BOUND('',#4527,.T.);
#4527 = EDGE_LOOP('',(#4528,#4529,#4530,#4531,#4532,#4533,#4534,#4535));
#4528 = ORIENTED_EDGE('',*,*,#2913,.F.);
#4529 = ORIENTED_EDGE('',*,*,#4369,.T.);
#4530 = ORIENTED_EDGE('',*,*,#4350,.F.);
#4531 = ORIENTED_EDGE('',*,*,#4299,.F.);
#4532 = ORIENTED_EDGE('',*,*,#3982,.F.);
#4533 = ORIENTED_EDGE('',*,*,#3921,.T.);
#4534 = ORIENTED_EDGE('',*,*,#2807,.F.);
#4535 = ORIENTED_EDGE('',*,*,#2861,.F.);
#4536 = CYLINDRICAL_SURFACE('',#4537,4.95);
#4537 = AXIS2_PLACEMENT_3D('',#4538,#4539,#4540);
#4538 = CARTESIAN_POINT('',(-2.386979502944E-15,-21.5,9.547918011776E-15
    ));
#4539 = DIRECTION('',(1.,-5.551115123126E-16,-1.110223024625E-16));
#4540 = DIRECTION('',(-1.110223024625E-16,-1.,4.440892098501E-16));
#4541 = ADVANCED_FACE('',(#4542),#4552,.F.);
#4542 = FACE_BOUND('',#4543,.F.);
#4543 = EDGE_LOOP('',(#4544,#4545,#4546,#4547,#4548,#4549,#4550,#4551));
#4544 = ORIENTED_EDGE('',*,*,#3822,.F.);
#4545 = ORIENTED_EDGE('',*,*,#3873,.T.);
#4546 = ORIENTED_EDGE('',*,*,#3882,.T.);
#4547 = ORIENTED_EDGE('',*,*,#3666,.T.);
#4548 = ORIENTED_EDGE('',*,*,#3726,.F.);
#4549 = ORIENTED_EDGE('',*,*,#2936,.F.);
#4550 = ORIENTED_EDGE('',*,*,#2992,.F.);
#4551 = ORIENTED_EDGE('',*,*,#3039,.F.);
#4552 = CYLINDRICAL_SURFACE('',#4553,4.95);
#4553 = AXIS2_PLACEMENT_3D('',#4554,#4555,#4556);
#4554 = CARTESIAN_POINT('',(8.745262691474E-30,21.5,-2.14828155265E-14)
  );
#4555 = DIRECTION('',(1.,-4.440892098501E-16,5.551115123126E-16));
#4556 = DIRECTION('',(4.067564042546E-31,1.,-9.992007221626E-16));
#4557 = ADVANCED_FACE('',(#4558),#4564,.F.);
#4558 = FACE_BOUND('',#4559,.F.);
#4559 = EDGE_LOOP('',(#4560,#4561,#4562,#4563));
#4560 = ORIENTED_EDGE('',*,*,#4495,.T.);
#4561 = ORIENTED_EDGE('',*,*,#4200,.T.);
#4562 = ORIENTED_EDGE('',*,*,#4176,.F.);
#4563 = ORIENTED_EDGE('',*,*,#4129,.F.);
#4564 = CYLINDRICAL_SURFACE('',#4565,15.);
#4565 = AXIS2_PLACEMENT_3D('',#4566,#4567,#4568);
#4566 = CARTESIAN_POINT('',(11.,33.74174344576,29.748278822046));
#4567 = DIRECTION('',(1.,-1.7763568394E-15,-1.110223024625E-16));
#4568 = DIRECTION('',(-8.881784197001E-16,1.,-2.553512956638E-15));
#4569 = ADVANCED_FACE('',(#4570),#4576,.F.);
#4570 = FACE_BOUND('',#4571,.T.);
#4571 = EDGE_LOOP('',(#4572,#4573,#4574,#4575));
#4572 = ORIENTED_EDGE('',*,*,#4512,.T.);
#4573 = ORIENTED_EDGE('',*,*,#4465,.T.);
#4574 = ORIENTED_EDGE('',*,*,#4441,.F.);
#4575 = ORIENTED_EDGE('',*,*,#4393,.F.);
#4576 = CYLINDRICAL_SURFACE('',#4577,15.);
#4577 = AXIS2_PLACEMENT_3D('',#4578,#4579,#4580);
#4578 = CARTESIAN_POINT('',(11.,-33.74174344576,29.748278822046));
#4579 = DIRECTION('',(1.,-9.992007221626E-16,-5.551115123126E-16));
#4580 = DIRECTION('',(3.330669073875E-16,-1.,8.881784197001E-16));
#4581 = ( GEOMETRIC_REPRESENTATION_CONTEXT(3) 
GLOBAL_UNCERTAINTY_ASSIGNED_CONTEXT((#4585)) 
GLOBAL_UNIT_ASSIGNED_CONTEXT((#4582,#4583,#4584)) REPRESENTATION_CONTEXT
('Context #1','3D Context with UNIT and UNCERTAINTY') );
#4582 = ( LENGTH_UNIT() NAMED_UNIT(*) SI_UNIT(.MILLI.,.METRE.) );
#4583 = ( NAMED_UNIT(*) PLANE_ANGLE_UNIT() SI_UNIT($,.RADIAN.) );
#4584 = ( NAMED_UNIT(*) SI_UNIT($,.STERADIAN.) SOLID_ANGLE_UNIT() );
#4585 = UNCERTAINTY_MEASURE_WITH_UNIT(LENGTH_MEASURE(1.E-04),#4582,
  'distance_accuracy_value','confusion accuracy');
#4586 = PRODUCT_RELATED_PRODUCT_CATEGORY('part',$,(#7));
ENDSEC;
END-ISO-10303-21;
