ISO-10303-21;
HEADER;
FILE_DESCRIPTION(('FreeCAD Model'),'2;1');
FILE_NAME('Open CASCADE Shape Model','2026-09-30T12:30:41',('FreeCAD'),(
    'FreeCAD'),'Open CASCADE STEP processor 7.8','FreeCAD','Unknown');
FILE_SCHEMA(('AUTOMOTIVE_DESIGN { 1 0 10303 214 1 1 1 1 }'));
ENDSEC;
DATA;
#1 = APPLICATION_PROTOCOL_DEFINITION('international standard',
  'automotive_design',2000,#2);
#2 = APPLICATION_CONTEXT(
  'core data for automotive mechanical design processes');
#3 = SHAPE_DEFINITION_REPRESENTATION(#4,#10);
#4 = PRODUCT_DEFINITION_SHAPE('','',#5);
#5 = PRODUCT_DEFINITION('design','',#6,#9);
#6 = PRODUCT_DEFINITION_FORMATION('','',#7);
#7 = PRODUCT('Open CASCADE STEP translator 7.8 42',
  'Open CASCADE STEP translator 7.8 42','',(#8));
#8 = PRODUCT_CONTEXT('',#2,'mechanical');
#9 = PRODUCT_DEFINITION_CONTEXT('part definition',#2,'design');
#10 = ADVANCED_BREP_SHAPE_REPRESENTATION('',(#11,#15),#3638);
#11 = AXIS2_PLACEMENT_3D('',#12,#13,#14);
#12 = CARTESIAN_POINT('',(0.,0.,0.));
#13 = DIRECTION('',(0.,0.,1.));
#14 = DIRECTION('',(1.,0.,-0.));
#15 = MANIFOLD_SOLID_BREP('',#16);
#16 = CLOSED_SHELL('',(#17,#57,#90,#123,#186,#219,#252,#285,#316,#367,
    #398,#431,#464,#527,#560,#591,#622,#653,#686,#717,#750,#781,#812,
    #843,#876,#907,#940,#971,#1002,#1033,#1066,#1129,#1162,#1195,#1226,
    #1304,#1335,#1368,#1401,#1434,#1497,#1530,#1561,#1594,#1627,#1658,
    #1709,#1740,#1773,#1806,#1830,#1863,#1896,#1929,#1960,#2038,#2069,
    #2102,#2126,#2150,#2176,#2202,#2214,#2240,#2258,#2278,#2652,#2684,
    #2708,#2732,#2757,#2782,#2799,#2831,#2855,#2879,#2904,#2929,#2946,
    #2977,#3002,#3027,#3051,#3075,#3093,#3124,#3149,#3174,#3198,#3222,
    #3240,#3271,#3296,#3321,#3345,#3369,#3394,#3419,#3443,#3468,#3493,
    #3518,#3536));
#17 = ADVANCED_FACE('',(#18),#52,.F.);
#18 = FACE_BOUND('',#19,.F.);
#19 = EDGE_LOOP('',(#20,#30,#38,#46));
#20 = ORIENTED_EDGE('',*,*,#21,.F.);
#21 = EDGE_CURVE('',#22,#24,#26,.T.);
#22 = VERTEX_POINT('',#23);
#23 = CARTESIAN_POINT('',(15.5,8.250598606026,28.226356005924));
#24 = VERTEX_POINT('',#25);
#25 = CARTESIAN_POINT('',(15.5,8.326338113169,31.325420594125));
#26 = LINE('',#27,#28);
#27 = CARTESIAN_POINT('',(15.5,8.125105427684,23.091499974579));
#28 = VECTOR('',#29,1.);
#29 = DIRECTION('',(-2.22E-15,2.443217815265E-02,0.999701489781));
#30 = ORIENTED_EDGE('',*,*,#31,.T.);
#31 = EDGE_CURVE('',#22,#32,#34,.T.);
#32 = VERTEX_POINT('',#33);
#33 = CARTESIAN_POINT('',(-15.5,8.250598606026,28.226356005924));
#34 = LINE('',#35,#36);
#35 = CARTESIAN_POINT('',(-15.5,8.250598606026,28.226356005924));
#36 = VECTOR('',#37,1.);
#37 = DIRECTION('',(-1.,-2.2E-16,-3.3E-16));
#38 = ORIENTED_EDGE('',*,*,#39,.F.);
#39 = EDGE_CURVE('',#40,#32,#42,.T.);
#40 = VERTEX_POINT('',#41);
#41 = CARTESIAN_POINT('',(-15.5,8.326338113169,31.325420594125));
#42 = LINE('',#43,#44);
#43 = CARTESIAN_POINT('',(-15.5,8.125105427684,23.091499974579));
#44 = VECTOR('',#45,1.);
#45 = DIRECTION('',(2.15E-15,-2.443217815265E-02,-0.999701489781));
#46 = ORIENTED_EDGE('',*,*,#47,.F.);
#47 = EDGE_CURVE('',#24,#40,#48,.T.);
#48 = LINE('',#49,#50);
#49 = CARTESIAN_POINT('',(-3.885E-14,8.326338113169,31.325420594125));
#50 = VECTOR('',#51,1.);
#51 = DIRECTION('',(-1.,4.5E-16,1.1E-16));
#52 = PLANE('',#53);
#53 = AXIS2_PLACEMENT_3D('',#54,#55,#56);
#54 = CARTESIAN_POINT('',(-3.492E-14,8.197649086456,26.059798719579));
#55 = DIRECTION('',(-4.E-16,0.999701489781,-2.443217815265E-02));
#56 = DIRECTION('',(-7.9E-16,2.443217815265E-02,0.999701489781));
#57 = ADVANCED_FACE('',(#58),#85,.T.);
#58 = FACE_BOUND('',#59,.T.);
#59 = EDGE_LOOP('',(#60,#70,#77,#78));
#60 = ORIENTED_EDGE('',*,*,#61,.F.);
#61 = EDGE_CURVE('',#62,#64,#66,.T.);
#62 = VERTEX_POINT('',#63);
#63 = CARTESIAN_POINT('',(-15.5,10.989393077909,34.233243099634));
#64 = VERTEX_POINT('',#65);
#65 = CARTESIAN_POINT('',(15.5,10.989393077909,34.233243099634));
#66 = LINE('',#67,#68);
#67 = CARTESIAN_POINT('',(-4.692E-14,10.989393077909,34.233243099634));
#68 = VECTOR('',#69,1.);
#69 = DIRECTION('',(1.,-4.5E-16,-1.1E-16));
#70 = ORIENTED_EDGE('',*,*,#71,.T.);
#71 = EDGE_CURVE('',#62,#40,#72,.T.);
#72 = CIRCLE('',#73,3.);
#73 = AXIS2_PLACEMENT_3D('',#74,#75,#76);
#74 = CARTESIAN_POINT('',(-15.5,11.325442582512,31.252124059667));
#75 = DIRECTION('',(1.,8.9E-16,1.E-15));
#76 = DIRECTION('',(-8.653021477526E-16,0.999701489781,
    -2.443217815265E-02));
#77 = ORIENTED_EDGE('',*,*,#47,.F.);
#78 = ORIENTED_EDGE('',*,*,#79,.F.);
#79 = EDGE_CURVE('',#64,#24,#80,.T.);
#80 = CIRCLE('',#81,3.);
#81 = AXIS2_PLACEMENT_3D('',#82,#83,#84);
#82 = CARTESIAN_POINT('',(15.5,11.325442582512,31.252124059667));
#83 = DIRECTION('',(1.,8.9E-16,1.E-15));
#84 = DIRECTION('',(-8.653021477526E-16,0.999701489781,
    -2.443217815265E-02));
#85 = CYLINDRICAL_SURFACE('',#86,3.);
#86 = AXIS2_PLACEMENT_3D('',#87,#88,#89);
#87 = CARTESIAN_POINT('',(-4.144E-14,11.325442582512,31.252124059667));
#88 = DIRECTION('',(1.,0.,1.1E-16));
#89 = DIRECTION('',(2.687539596792E-18,0.999701489781,
    -2.443217815265E-02));
#90 = ADVANCED_FACE('',(#91),#118,.F.);
#91 = FACE_BOUND('',#92,.T.);
#92 = EDGE_LOOP('',(#93,#102,#110,#117));
#93 = ORIENTED_EDGE('',*,*,#94,.F.);
#94 = EDGE_CURVE('',#95,#32,#97,.T.);
#95 = VERTEX_POINT('',#96);
#96 = CARTESIAN_POINT('',(-15.5,1.1E-14,24.093437863277));
#97 = CIRCLE('',#98,9.55);
#98 = AXIS2_PLACEMENT_3D('',#99,#100,#101);
#99 = CARTESIAN_POINT('',(-15.5,0.380415195124,33.635858115986));
#100 = DIRECTION('',(1.,1.86519889176E-16,5.5999013047E-16));
#101 = DIRECTION('',(-1.727824324517E-16,0.999701489781,
    -2.443217815265E-02));
#102 = ORIENTED_EDGE('',*,*,#103,.T.);
#103 = EDGE_CURVE('',#95,#104,#106,.T.);
#104 = VERTEX_POINT('',#105);
#105 = CARTESIAN_POINT('',(15.5,5.E-15,24.093437863277));
#106 = LINE('',#107,#108);
#107 = CARTESIAN_POINT('',(-15.5,2.233E-14,24.093437863277));
#108 = VECTOR('',#109,1.);
#109 = DIRECTION('',(1.,-2.3E-16,1.1E-16));
#110 = ORIENTED_EDGE('',*,*,#111,.T.);
#111 = EDGE_CURVE('',#104,#22,#112,.T.);
#112 = CIRCLE('',#113,9.55);
#113 = AXIS2_PLACEMENT_3D('',#114,#115,#116);
#114 = CARTESIAN_POINT('',(15.5,0.380415195124,33.635858115986));
#115 = DIRECTION('',(1.,1.86519889176E-16,5.5999013047E-16));
#116 = DIRECTION('',(-1.727824324517E-16,0.999701489781,
    -2.443217815265E-02));
#117 = ORIENTED_EDGE('',*,*,#31,.T.);
#118 = CYLINDRICAL_SURFACE('',#119,9.55);
#119 = AXIS2_PLACEMENT_3D('',#120,#121,#122);
#120 = CARTESIAN_POINT('',(-15.5,0.380415195124,33.635858115986));
#121 = DIRECTION('',(-1.,-2.2E-16,-3.3E-16));
#122 = DIRECTION('',(-2.118717089615E-16,0.999701489781,
    -2.443217815265E-02));
#123 = ADVANCED_FACE('',(#124),#181,.F.);
#124 = FACE_BOUND('',#125,.F.);
#125 = EDGE_LOOP('',(#126,#134,#142,#150,#158,#166,#174,#180));
#126 = ORIENTED_EDGE('',*,*,#127,.F.);
#127 = EDGE_CURVE('',#128,#62,#130,.T.);
#128 = VERTEX_POINT('',#129);
#129 = CARTESIAN_POINT('',(-15.5,23.850931003457,35.683072304833));
#130 = LINE('',#131,#132);
#131 = CARTESIAN_POINT('',(-15.5,40.468812969023,37.556338996708));
#132 = VECTOR('',#133,1.);
#133 = DIRECTION('',(3.936170204796E-15,-0.993706346656,-0.112016501534)
  );
#134 = ORIENTED_EDGE('',*,*,#135,.T.);
#135 = EDGE_CURVE('',#128,#136,#138,.T.);
#136 = VERTEX_POINT('',#137);
#137 = CARTESIAN_POINT('',(-10.5,23.850931003457,35.683072304833));
#138 = LINE('',#139,#140);
#139 = CARTESIAN_POINT('',(-15.5,23.850931003457,35.683072304833));
#140 = VECTOR('',#141,1.);
#141 = DIRECTION('',(1.,-1.12E-15,-7.8E-16));
#142 = ORIENTED_EDGE('',*,*,#143,.T.);
#143 = EDGE_CURVE('',#136,#144,#146,.T.);
#144 = VERTEX_POINT('',#145);
#145 = CARTESIAN_POINT('',(-10.5,22.688148925451,35.551996579229));
#146 = LINE('',#147,#148);
#147 = CARTESIAN_POINT('',(-10.5,37.023280122412,37.167938000077));
#148 = VECTOR('',#149,1.);
#149 = DIRECTION('',(2.22E-15,-0.993706346656,-0.112016501534));
#150 = ORIENTED_EDGE('',*,*,#151,.T.);
#151 = EDGE_CURVE('',#144,#152,#154,.T.);
#152 = VERTEX_POINT('',#153);
#153 = CARTESIAN_POINT('',(10.5,22.688148925451,35.551996579229));
#154 = LINE('',#155,#156);
#155 = CARTESIAN_POINT('',(10.5,22.688148925451,35.551996579229));
#156 = VECTOR('',#157,1.);
#157 = DIRECTION('',(1.,-4.4E-16,-3.3E-16));
#158 = ORIENTED_EDGE('',*,*,#159,.F.);
#159 = EDGE_CURVE('',#160,#152,#162,.T.);
#160 = VERTEX_POINT('',#161);
#161 = CARTESIAN_POINT('',(10.5,23.850931003457,35.683072304833));
#162 = LINE('',#163,#164);
#163 = CARTESIAN_POINT('',(10.5,37.023280122412,37.167938000077));
#164 = VECTOR('',#165,1.);
#165 = DIRECTION('',(2.22E-15,-0.993706346656,-0.112016501534));
#166 = ORIENTED_EDGE('',*,*,#167,.T.);
#167 = EDGE_CURVE('',#160,#168,#170,.T.);
#168 = VERTEX_POINT('',#169);
#169 = CARTESIAN_POINT('',(15.5,23.850931003457,35.683072304833));
#170 = LINE('',#171,#172);
#171 = CARTESIAN_POINT('',(-15.5,23.850931003457,35.683072304833));
#172 = VECTOR('',#173,1.);
#173 = DIRECTION('',(1.,-1.12E-15,-7.8E-16));
#174 = ORIENTED_EDGE('',*,*,#175,.T.);
#175 = EDGE_CURVE('',#168,#64,#176,.T.);
#176 = LINE('',#177,#178);
#177 = CARTESIAN_POINT('',(15.5,40.468812969023,37.556338996708));
#178 = VECTOR('',#179,1.);
#179 = DIRECTION('',(3.936170204796E-15,-0.993706346656,-0.112016501534)
  );
#180 = ORIENTED_EDGE('',*,*,#61,.F.);
#181 = PLANE('',#182);
#182 = AXIS2_PLACEMENT_3D('',#183,#184,#185);
#183 = CARTESIAN_POINT('',(-15.5,40.468812969023,37.556338996708));
#184 = DIRECTION('',(3.07E-15,0.112016501534,-0.993706346656));
#185 = DIRECTION('',(3.94E-15,-0.993706346656,-0.112016501534));
#186 = ADVANCED_FACE('',(#187),#214,.F.);
#187 = FACE_BOUND('',#188,.T.);
#188 = EDGE_LOOP('',(#189,#198,#199,#208));
#189 = ORIENTED_EDGE('',*,*,#190,.T.);
#190 = EDGE_CURVE('',#191,#160,#193,.T.);
#191 = VERTEX_POINT('',#192);
#192 = CARTESIAN_POINT('',(10.5,26.501687811364,38.383143214493));
#193 = CIRCLE('',#194,3.);
#194 = AXIS2_PLACEMENT_3D('',#195,#196,#197);
#195 = CARTESIAN_POINT('',(10.5,23.514881498854,38.6641913448));
#196 = DIRECTION('',(-1.,-1.78E-15,-2.56E-15));
#197 = DIRECTION('',(-1.71692227574E-15,0.999701489781,
    -2.443217815266E-02));
#198 = ORIENTED_EDGE('',*,*,#167,.T.);
#199 = ORIENTED_EDGE('',*,*,#200,.T.);
#200 = EDGE_CURVE('',#168,#201,#203,.T.);
#201 = VERTEX_POINT('',#202);
#202 = CARTESIAN_POINT('',(15.5,26.501687811364,38.383143214493));
#203 = CIRCLE('',#204,3.);
#204 = AXIS2_PLACEMENT_3D('',#205,#206,#207);
#205 = CARTESIAN_POINT('',(15.5,23.514881498854,38.6641913448));
#206 = DIRECTION('',(1.,2.850142794414E-15,3.219913962214E-15));
#207 = DIRECTION('',(-2.770622486104E-15,0.999701489781,
    -2.443217815266E-02));
#208 = ORIENTED_EDGE('',*,*,#209,.F.);
#209 = EDGE_CURVE('',#191,#201,#210,.T.);
#210 = LINE('',#211,#212);
#211 = CARTESIAN_POINT('',(-15.5,26.501687811364,38.383143214493));
#212 = VECTOR('',#213,1.);
#213 = DIRECTION('',(1.,-1.12E-15,-7.8E-16));
#214 = CYLINDRICAL_SURFACE('',#215,3.);
#215 = AXIS2_PLACEMENT_3D('',#216,#217,#218);
#216 = CARTESIAN_POINT('',(-15.5,23.514881498854,38.6641913448));
#217 = DIRECTION('',(-1.,6.7E-16,5.5E-16));
#218 = DIRECTION('',(6.563623001694E-16,0.999701489781,
    -2.443217815266E-02));
#219 = ADVANCED_FACE('',(#220),#247,.T.);
#220 = FACE_BOUND('',#221,.F.);
#221 = EDGE_LOOP('',(#222,#223,#232,#240));
#222 = ORIENTED_EDGE('',*,*,#209,.F.);
#223 = ORIENTED_EDGE('',*,*,#224,.T.);
#224 = EDGE_CURVE('',#191,#225,#227,.T.);
#225 = VERTEX_POINT('',#226);
#226 = CARTESIAN_POINT('',(10.5,27.141858911005,40.717883719597));
#227 = CIRCLE('',#228,7.);
#228 = AXIS2_PLACEMENT_3D('',#229,#230,#231);
#229 = CARTESIAN_POINT('',(10.5,33.470902540555,37.727364243777));
#230 = DIRECTION('',(-1.,-1.55E-15,-2.67E-15));
#231 = DIRECTION('',(-1.484303393493E-15,0.999701489781,
    -2.443217815266E-02));
#232 = ORIENTED_EDGE('',*,*,#233,.F.);
#233 = EDGE_CURVE('',#234,#225,#236,.T.);
#234 = VERTEX_POINT('',#235);
#235 = CARTESIAN_POINT('',(15.5,27.141858911005,40.717883719597));
#236 = LINE('',#237,#238);
#237 = CARTESIAN_POINT('',(-1.3277E-13,27.141858911005,40.717883719597)
  );
#238 = VECTOR('',#239,1.);
#239 = DIRECTION('',(-1.,7.8E-16,4.4E-16));
#240 = ORIENTED_EDGE('',*,*,#241,.T.);
#241 = EDGE_CURVE('',#234,#201,#242,.T.);
#242 = CIRCLE('',#243,7.);
#243 = AXIS2_PLACEMENT_3D('',#244,#245,#246);
#244 = CARTESIAN_POINT('',(15.5,33.470902540555,37.727364243777));
#245 = DIRECTION('',(1.,3.187805701193E-15,3.549931150003E-15));
#246 = DIRECTION('',(-3.100121558329E-15,0.999701489781,
    -2.443217815266E-02));
#247 = CYLINDRICAL_SURFACE('',#248,7.);
#248 = AXIS2_PLACEMENT_3D('',#249,#250,#251);
#249 = CARTESIAN_POINT('',(-15.5,33.470902540555,37.727364243777));
#250 = DIRECTION('',(-1.,7.8E-16,6.6E-16));
#251 = DIRECTION('',(7.636419244486E-16,0.999701489781,
    -2.443217815266E-02));
#252 = ADVANCED_FACE('',(#253),#280,.T.);
#253 = FACE_BOUND('',#254,.T.);
#254 = EDGE_LOOP('',(#255,#265,#272,#273));
#255 = ORIENTED_EDGE('',*,*,#256,.F.);
#256 = EDGE_CURVE('',#257,#259,#261,.T.);
#257 = VERTEX_POINT('',#258);
#258 = CARTESIAN_POINT('',(10.5,28.878929241651,40.844058200866));
#259 = VERTEX_POINT('',#260);
#260 = CARTESIAN_POINT('',(15.5,28.878929241651,40.844058200866));
#261 = LINE('',#262,#263);
#262 = CARTESIAN_POINT('',(-1.3848E-13,28.878929241651,40.844058200866)
  );
#263 = VECTOR('',#264,1.);
#264 = DIRECTION('',(1.,-7.8E-16,-4.4E-16));
#265 = ORIENTED_EDGE('',*,*,#266,.T.);
#266 = EDGE_CURVE('',#257,#225,#267,.T.);
#267 = CIRCLE('',#268,1.);
#268 = AXIS2_PLACEMENT_3D('',#269,#270,#271);
#269 = CARTESIAN_POINT('',(10.5,28.046008000941,40.290666651622));
#270 = DIRECTION('',(1.,1.89E-15,2.E-15));
#271 = DIRECTION('',(-1.840571459381E-15,0.999701489781,
    -2.443217815266E-02));
#272 = ORIENTED_EDGE('',*,*,#233,.F.);
#273 = ORIENTED_EDGE('',*,*,#274,.F.);
#274 = EDGE_CURVE('',#259,#234,#275,.T.);
#275 = CIRCLE('',#276,1.);
#276 = AXIS2_PLACEMENT_3D('',#277,#278,#279);
#277 = CARTESIAN_POINT('',(15.5,28.046008000941,40.290666651622));
#278 = DIRECTION('',(1.,1.89E-15,2.E-15));
#279 = DIRECTION('',(-1.840571459381E-15,0.999701489781,
    -2.443217815266E-02));
#280 = CYLINDRICAL_SURFACE('',#281,1.);
#281 = AXIS2_PLACEMENT_3D('',#282,#283,#284);
#282 = CARTESIAN_POINT('',(-1.3363E-13,28.046008000941,40.290666651622)
  );
#283 = DIRECTION('',(1.,-3.3E-16,-2.2E-16));
#284 = DIRECTION('',(3.245264124342E-16,0.999701489781,
    -2.443217815266E-02));
#285 = ADVANCED_FACE('',(#286),#311,.F.);
#286 = FACE_BOUND('',#287,.F.);
#287 = EDGE_LOOP('',(#288,#289,#297,#305));
#288 = ORIENTED_EDGE('',*,*,#256,.F.);
#289 = ORIENTED_EDGE('',*,*,#290,.T.);
#290 = EDGE_CURVE('',#257,#291,#293,.T.);
#291 = VERTEX_POINT('',#292);
#292 = CARTESIAN_POINT('',(10.5,30.614984836577,38.231084471786));
#293 = LINE('',#294,#295);
#294 = CARTESIAN_POINT('',(10.5,31.01105826171,37.634946042991));
#295 = VECTOR('',#296,1.);
#296 = DIRECTION('',(7.7E-16,0.553391549243,-0.83292124071));
#297 = ORIENTED_EDGE('',*,*,#298,.T.);
#298 = EDGE_CURVE('',#291,#299,#301,.T.);
#299 = VERTEX_POINT('',#300);
#300 = CARTESIAN_POINT('',(15.5,30.614984836577,38.231084471786));
#301 = LINE('',#302,#303);
#302 = CARTESIAN_POINT('',(-1.614E-13,30.614984836577,38.231084471786));
#303 = VECTOR('',#304,1.);
#304 = DIRECTION('',(1.,-7.8E-16,0.));
#305 = ORIENTED_EDGE('',*,*,#306,.F.);
#306 = EDGE_CURVE('',#259,#299,#307,.T.);
#307 = LINE('',#308,#309);
#308 = CARTESIAN_POINT('',(15.5,33.236773324096,34.28497556772));
#309 = VECTOR('',#310,1.);
#310 = DIRECTION('',(1.87E-15,0.553391549243,-0.83292124071));
#311 = PLANE('',#312);
#312 = AXIS2_PLACEMENT_3D('',#313,#314,#315);
#313 = CARTESIAN_POINT('',(-1.4108E-13,30.300348588357,38.704650095616)
  );
#314 = DIRECTION('',(2.18E-15,-0.83292124071,-0.553391549243));
#315 = DIRECTION('',(5.6E-16,0.553391549243,-0.83292124071));
#316 = ADVANCED_FACE('',(#317),#362,.F.);
#317 = FACE_BOUND('',#318,.F.);
#318 = EDGE_LOOP('',(#319,#329,#338,#345,#346,#355));
#319 = ORIENTED_EDGE('',*,*,#320,.T.);
#320 = EDGE_CURVE('',#321,#323,#325,.T.);
#321 = VERTEX_POINT('',#322);
#322 = CARTESIAN_POINT('',(10.5,34.113254047559,40.555328978608));
#323 = VERTEX_POINT('',#324);
#324 = CARTESIAN_POINT('',(15.5,34.113254047559,40.555328978608));
#325 = LINE('',#326,#327);
#326 = CARTESIAN_POINT('',(-1.705E-13,34.113254047559,40.555328978608));
#327 = VECTOR('',#328,1.);
#328 = DIRECTION('',(1.,-7.8E-16,0.));
#329 = ORIENTED_EDGE('',*,*,#330,.F.);
#330 = EDGE_CURVE('',#331,#323,#333,.T.);
#331 = VERTEX_POINT('',#332);
#332 = CARTESIAN_POINT('',(15.5,36.37003686092,37.656510927134));
#333 = CIRCLE('',#334,2.9);
#334 = AXIS2_PLACEMENT_3D('',#335,#336,#337);
#335 = CARTESIAN_POINT('',(15.5,33.470902540555,37.727364243777));
#336 = DIRECTION('',(1.,2.55E-15,2.67E-15));
#337 = DIRECTION('',(-2.484004883274E-15,0.999701489781,
    -2.443217815266E-02));
#338 = ORIENTED_EDGE('',*,*,#339,.F.);
#339 = EDGE_CURVE('',#299,#331,#340,.T.);
#340 = CIRCLE('',#341,2.9);
#341 = AXIS2_PLACEMENT_3D('',#342,#343,#344);
#342 = CARTESIAN_POINT('',(15.5,33.470902540555,37.727364243777));
#343 = DIRECTION('',(1.,2.55E-15,2.67E-15));
#344 = DIRECTION('',(-2.484004883274E-15,0.999701489781,
    -2.443217815266E-02));
#345 = ORIENTED_EDGE('',*,*,#298,.F.);
#346 = ORIENTED_EDGE('',*,*,#347,.T.);
#347 = EDGE_CURVE('',#291,#348,#350,.T.);
#348 = VERTEX_POINT('',#349);
#349 = CARTESIAN_POINT('',(10.5,36.37003686092,37.656510927134));
#350 = CIRCLE('',#351,2.9);
#351 = AXIS2_PLACEMENT_3D('',#352,#353,#354);
#352 = CARTESIAN_POINT('',(10.5,33.470902540555,37.727364243777));
#353 = DIRECTION('',(1.,2.E-15,2.44E-15));
#354 = DIRECTION('',(-1.93978846487E-15,0.999701489781,
    -2.443217815266E-02));
#355 = ORIENTED_EDGE('',*,*,#356,.T.);
#356 = EDGE_CURVE('',#348,#321,#357,.T.);
#357 = CIRCLE('',#358,2.9);
#358 = AXIS2_PLACEMENT_3D('',#359,#360,#361);
#359 = CARTESIAN_POINT('',(10.5,33.470902540555,37.727364243777));
#360 = DIRECTION('',(1.,2.E-15,2.44E-15));
#361 = DIRECTION('',(-1.93978846487E-15,0.999701489781,
    -2.443217815266E-02));
#362 = CYLINDRICAL_SURFACE('',#363,2.9);
#363 = AXIS2_PLACEMENT_3D('',#364,#365,#366);
#364 = CARTESIAN_POINT('',(-1.6387E-13,33.470902540555,37.727364243777)
  );
#365 = DIRECTION('',(1.,-7.8E-16,0.));
#366 = DIRECTION('',(7.797671620293E-16,0.999701489781,
    -2.443217815266E-02));
#367 = ADVANCED_FACE('',(#368),#393,.F.);
#368 = FACE_BOUND('',#369,.F.);
#369 = EDGE_LOOP('',(#370,#380,#386,#387));
#370 = ORIENTED_EDGE('',*,*,#371,.F.);
#371 = EDGE_CURVE('',#372,#374,#376,.T.);
#372 = VERTEX_POINT('',#373);
#373 = CARTESIAN_POINT('',(15.5,32.377198452633,43.168302707688));
#374 = VERTEX_POINT('',#375);
#375 = CARTESIAN_POINT('',(10.5,32.377198452633,43.168302707688));
#376 = LINE('',#377,#378);
#377 = CARTESIAN_POINT('',(-1.4756E-13,32.377198452633,43.168302707688)
  );
#378 = VECTOR('',#379,1.);
#379 = DIRECTION('',(-1.,7.8E-16,4.4E-16));
#380 = ORIENTED_EDGE('',*,*,#381,.F.);
#381 = EDGE_CURVE('',#323,#372,#382,.T.);
#382 = LINE('',#383,#384);
#383 = CARTESIAN_POINT('',(15.5,36.735042535079,36.609220074542));
#384 = VECTOR('',#385,1.);
#385 = DIRECTION('',(-1.87E-15,-0.553391549243,0.83292124071));
#386 = ORIENTED_EDGE('',*,*,#320,.F.);
#387 = ORIENTED_EDGE('',*,*,#388,.T.);
#388 = EDGE_CURVE('',#321,#374,#389,.T.);
#389 = LINE('',#390,#391);
#390 = CARTESIAN_POINT('',(10.5,34.509327472693,39.959190549813));
#391 = VECTOR('',#392,1.);
#392 = DIRECTION('',(-7.7E-16,-0.553391549243,0.83292124071));
#393 = PLANE('',#394);
#394 = AXIS2_PLACEMENT_3D('',#395,#396,#397);
#395 = CARTESIAN_POINT('',(-1.4791E-13,33.79861779934,41.028894602438));
#396 = DIRECTION('',(-2.16E-15,0.83292124071,0.553391549243));
#397 = DIRECTION('',(-5.6E-16,-0.553391549243,0.83292124071));
#398 = ADVANCED_FACE('',(#399),#426,.T.);
#399 = FACE_BOUND('',#400,.T.);
#400 = EDGE_LOOP('',(#401,#411,#418,#419));
#401 = ORIENTED_EDGE('',*,*,#402,.F.);
#402 = EDGE_CURVE('',#403,#405,#407,.T.);
#403 = VERTEX_POINT('',#404);
#404 = CARTESIAN_POINT('',(10.5,33.166655885475,44.720749259123));
#405 = VERTEX_POINT('',#406);
#406 = CARTESIAN_POINT('',(15.5,33.166655885475,44.720749259123));
#407 = LINE('',#408,#409);
#408 = CARTESIAN_POINT('',(-1.4872E-13,33.166655885475,44.720749259123)
  );
#409 = VECTOR('',#410,1.);
#410 = DIRECTION('',(1.,-7.8E-16,-4.4E-16));
#411 = ORIENTED_EDGE('',*,*,#412,.T.);
#412 = EDGE_CURVE('',#403,#374,#413,.T.);
#413 = CIRCLE('',#414,1.);
#414 = AXIS2_PLACEMENT_3D('',#415,#416,#417);
#415 = CARTESIAN_POINT('',(10.5,33.210119693343,43.721694256931));
#416 = DIRECTION('',(1.,1.89E-15,2.E-15));
#417 = DIRECTION('',(-1.840571459381E-15,0.999701489781,
    -2.443217815266E-02));
#418 = ORIENTED_EDGE('',*,*,#371,.F.);
#419 = ORIENTED_EDGE('',*,*,#420,.F.);
#420 = EDGE_CURVE('',#405,#372,#421,.T.);
#421 = CIRCLE('',#422,1.);
#422 = AXIS2_PLACEMENT_3D('',#423,#424,#425);
#423 = CARTESIAN_POINT('',(15.5,33.210119693343,43.721694256931));
#424 = DIRECTION('',(1.,1.89E-15,2.E-15));
#425 = DIRECTION('',(-1.840571459381E-15,0.999701489781,
    -2.443217815266E-02));
#426 = CYLINDRICAL_SURFACE('',#427,1.);
#427 = AXIS2_PLACEMENT_3D('',#428,#429,#430);
#428 = CARTESIAN_POINT('',(-1.5024E-13,33.210119693343,43.721694256931)
  );
#429 = DIRECTION('',(1.,-3.3E-16,-2.2E-16));
#430 = DIRECTION('',(3.245264124342E-16,0.999701489781,
    -2.443217815266E-02));
#431 = ADVANCED_FACE('',(#432),#459,.T.);
#432 = FACE_BOUND('',#433,.F.);
#433 = EDGE_LOOP('',(#434,#435,#444,#452));
#434 = ORIENTED_EDGE('',*,*,#402,.F.);
#435 = ORIENTED_EDGE('',*,*,#436,.T.);
#436 = EDGE_CURVE('',#403,#437,#439,.T.);
#437 = VERTEX_POINT('',#438);
#438 = CARTESIAN_POINT('',(10.5,40.468812969023,37.556338996708));
#439 = CIRCLE('',#440,7.);
#440 = AXIS2_PLACEMENT_3D('',#441,#442,#443);
#441 = CARTESIAN_POINT('',(10.5,33.470902540555,37.727364243777));
#442 = DIRECTION('',(-1.,-1.55E-15,-2.67E-15));
#443 = DIRECTION('',(-1.484303393493E-15,0.999701489781,
    -2.443217815266E-02));
#444 = ORIENTED_EDGE('',*,*,#445,.T.);
#445 = EDGE_CURVE('',#437,#446,#448,.T.);
#446 = VERTEX_POINT('',#447);
#447 = CARTESIAN_POINT('',(15.5,40.468812969023,37.556338996708));
#448 = LINE('',#449,#450);
#449 = CARTESIAN_POINT('',(-15.5,40.468812969023,37.556338996708));
#450 = VECTOR('',#451,1.);
#451 = DIRECTION('',(1.,-1.34E-15,-1.E-15));
#452 = ORIENTED_EDGE('',*,*,#453,.T.);
#453 = EDGE_CURVE('',#446,#405,#454,.T.);
#454 = CIRCLE('',#455,7.);
#455 = AXIS2_PLACEMENT_3D('',#456,#457,#458);
#456 = CARTESIAN_POINT('',(15.5,33.470902540555,37.727364243777));
#457 = DIRECTION('',(1.,3.187805701193E-15,3.549931150003E-15));
#458 = DIRECTION('',(-3.100121558329E-15,0.999701489781,
    -2.443217815266E-02));
#459 = CYLINDRICAL_SURFACE('',#460,7.);
#460 = AXIS2_PLACEMENT_3D('',#461,#462,#463);
#461 = CARTESIAN_POINT('',(-15.5,33.470902540555,37.727364243777));
#462 = DIRECTION('',(-1.,7.8E-16,6.6E-16));
#463 = DIRECTION('',(7.636419244486E-16,0.999701489781,
    -2.443217815266E-02));
#464 = ADVANCED_FACE('',(#465),#522,.F.);
#465 = FACE_BOUND('',#466,.F.);
#466 = EDGE_LOOP('',(#467,#477,#485,#491,#492,#500,#508,#516));
#467 = ORIENTED_EDGE('',*,*,#468,.F.);
#468 = EDGE_CURVE('',#469,#471,#473,.T.);
#469 = VERTEX_POINT('',#470);
#470 = CARTESIAN_POINT('',(-15.5,39.616160309616,2.667999179049));
#471 = VERTEX_POINT('',#472);
#472 = CARTESIAN_POINT('',(-15.5,40.468812969023,37.556338996708));
#473 = LINE('',#474,#475);
#474 = CARTESIAN_POINT('',(-15.5,39.616160309616,2.667999179049));
#475 = VECTOR('',#476,1.);
#476 = DIRECTION('',(-3.970488359786E-15,2.443217815265E-02,
    0.999701489781));
#477 = ORIENTED_EDGE('',*,*,#478,.T.);
#478 = EDGE_CURVE('',#469,#479,#481,.T.);
#479 = VERTEX_POINT('',#480);
#480 = CARTESIAN_POINT('',(15.5,39.616160309616,2.667999179049));
#481 = LINE('',#482,#483);
#482 = CARTESIAN_POINT('',(-15.5,39.616160309616,2.667999179049));
#483 = VECTOR('',#484,1.);
#484 = DIRECTION('',(1.,-1.34E-15,-1.E-15));
#485 = ORIENTED_EDGE('',*,*,#486,.T.);
#486 = EDGE_CURVE('',#479,#446,#487,.T.);
#487 = LINE('',#488,#489);
#488 = CARTESIAN_POINT('',(15.5,39.616160309616,2.667999179049));
#489 = VECTOR('',#490,1.);
#490 = DIRECTION('',(-3.970488359786E-15,2.443217815265E-02,
    0.999701489781));
#491 = ORIENTED_EDGE('',*,*,#445,.F.);
#492 = ORIENTED_EDGE('',*,*,#493,.F.);
#493 = EDGE_CURVE('',#494,#437,#496,.T.);
#494 = VERTEX_POINT('',#495);
#495 = CARTESIAN_POINT('',(10.5,40.261499062812,29.07359056567));
#496 = LINE('',#497,#498);
#497 = CARTESIAN_POINT('',(10.5,40.042486639319,20.112169087879));
#498 = VECTOR('',#499,1.);
#499 = DIRECTION('',(-2.16E-15,2.443217815265E-02,0.999701489781));
#500 = ORIENTED_EDGE('',*,*,#501,.F.);
#501 = EDGE_CURVE('',#502,#494,#504,.T.);
#502 = VERTEX_POINT('',#503);
#503 = CARTESIAN_POINT('',(-10.5,40.261499062812,29.073590565669));
#504 = LINE('',#505,#506);
#505 = CARTESIAN_POINT('',(10.5,40.261499062812,29.07359056567));
#506 = VECTOR('',#507,1.);
#507 = DIRECTION('',(1.,-4.4E-16,-3.3E-16));
#508 = ORIENTED_EDGE('',*,*,#509,.T.);
#509 = EDGE_CURVE('',#502,#510,#512,.T.);
#510 = VERTEX_POINT('',#511);
#511 = CARTESIAN_POINT('',(-10.5,40.468812969023,37.556338996708));
#512 = LINE('',#513,#514);
#513 = CARTESIAN_POINT('',(-10.5,40.042486639319,20.112169087879));
#514 = VECTOR('',#515,1.);
#515 = DIRECTION('',(-2.16E-15,2.443217815265E-02,0.999701489781));
#516 = ORIENTED_EDGE('',*,*,#517,.F.);
#517 = EDGE_CURVE('',#471,#510,#518,.T.);
#518 = LINE('',#519,#520);
#519 = CARTESIAN_POINT('',(-15.5,40.468812969023,37.556338996708));
#520 = VECTOR('',#521,1.);
#521 = DIRECTION('',(1.,-1.34E-15,-1.E-15));
#522 = PLANE('',#523);
#523 = AXIS2_PLACEMENT_3D('',#524,#525,#526);
#524 = CARTESIAN_POINT('',(-15.5,39.616160309616,2.667999179049));
#525 = DIRECTION('',(3.02E-15,-0.999701489781,2.443217815266E-02));
#526 = DIRECTION('',(-3.75E-15,2.443217815266E-02,0.999701489781));
#527 = ADVANCED_FACE('',(#528),#555,.T.);
#528 = FACE_BOUND('',#529,.F.);
#529 = EDGE_LOOP('',(#530,#540,#547,#548));
#530 = ORIENTED_EDGE('',*,*,#531,.T.);
#531 = EDGE_CURVE('',#532,#534,#536,.T.);
#532 = VERTEX_POINT('',#533);
#533 = CARTESIAN_POINT('',(-15.5,36.543759305814,-0.257808755837));
#534 = VERTEX_POINT('',#535);
#535 = CARTESIAN_POINT('',(15.5,36.543759305814,-0.257808755837));
#536 = LINE('',#537,#538);
#537 = CARTESIAN_POINT('',(-15.5,36.543759305814,-0.257808755836));
#538 = VECTOR('',#539,1.);
#539 = DIRECTION('',(1.,-1.34E-15,-1.E-15));
#540 = ORIENTED_EDGE('',*,*,#541,.T.);
#541 = EDGE_CURVE('',#534,#479,#542,.T.);
#542 = CIRCLE('',#543,3.);
#543 = AXIS2_PLACEMENT_3D('',#544,#545,#546);
#544 = CARTESIAN_POINT('',(15.5,36.617055840272,2.741295713507));
#545 = DIRECTION('',(1.,3.51877218894E-15,3.889869781925E-15));
#546 = DIRECTION('',(-3.422683807982E-15,0.999701489781,
    -2.443217815266E-02));
#547 = ORIENTED_EDGE('',*,*,#478,.F.);
#548 = ORIENTED_EDGE('',*,*,#549,.F.);
#549 = EDGE_CURVE('',#532,#469,#550,.T.);
#550 = CIRCLE('',#551,3.);
#551 = AXIS2_PLACEMENT_3D('',#552,#553,#554);
#552 = CARTESIAN_POINT('',(-15.5,36.617055840272,2.741295713507));
#553 = DIRECTION('',(1.,3.51877218894E-15,3.889869781925E-15));
#554 = DIRECTION('',(-3.422683807982E-15,0.999701489781,
    -2.443217815266E-02));
#555 = CYLINDRICAL_SURFACE('',#556,3.);
#556 = AXIS2_PLACEMENT_3D('',#557,#558,#559);
#557 = CARTESIAN_POINT('',(-15.5,36.617055840272,2.741295713507));
#558 = DIRECTION('',(-1.,8.9E-16,7.8E-16));
#559 = DIRECTION('',(8.706772269462E-16,0.999701489781,
    -2.443217815266E-02));
#560 = ADVANCED_FACE('',(#561),#586,.F.);
#561 = FACE_BOUND('',#562,.F.);
#562 = EDGE_LOOP('',(#563,#571,#579,#585));
#563 = ORIENTED_EDGE('',*,*,#564,.F.);
#564 = EDGE_CURVE('',#565,#532,#567,.T.);
#565 = VERTEX_POINT('',#566);
#566 = CARTESIAN_POINT('',(-15.5,4.572660764993,0.523548062444));
#567 = LINE('',#568,#569);
#568 = CARTESIAN_POINT('',(-15.5,-1.540434446667E-14,0.635301484424));
#569 = VECTOR('',#570,1.);
#570 = DIRECTION('',(-3.419215396695E-15,0.999701489781,
    -2.443217815266E-02));
#571 = ORIENTED_EDGE('',*,*,#572,.F.);
#572 = EDGE_CURVE('',#573,#565,#575,.T.);
#573 = VERTEX_POINT('',#574);
#574 = CARTESIAN_POINT('',(15.5,4.572660764993,0.523548062444));
#575 = LINE('',#576,#577);
#576 = CARTESIAN_POINT('',(-7.75,4.572660764993,0.523548062444));
#577 = VECTOR('',#578,1.);
#578 = DIRECTION('',(-1.,5.2E-16,-2.11E-15));
#579 = ORIENTED_EDGE('',*,*,#580,.T.);
#580 = EDGE_CURVE('',#573,#534,#581,.T.);
#581 = LINE('',#582,#583);
#582 = CARTESIAN_POINT('',(15.5,1.079691891448E-14,0.635301484424));
#583 = VECTOR('',#584,1.);
#584 = DIRECTION('',(-3.419215396695E-15,0.999701489781,
    -2.443217815266E-02));
#585 = ORIENTED_EDGE('',*,*,#531,.F.);
#586 = PLANE('',#587);
#587 = AXIS2_PLACEMENT_3D('',#588,#589,#590);
#588 = CARTESIAN_POINT('',(-15.5,2.086E-14,0.635301484424));
#589 = DIRECTION('',(-3.52E-15,2.443217815265E-02,0.999701489781));
#590 = DIRECTION('',(-3.46E-15,0.999701489781,-2.443217815265E-02));
#591 = ADVANCED_FACE('',(#592),#617,.F.);
#592 = FACE_BOUND('',#593,.F.);
#593 = EDGE_LOOP('',(#594,#604,#610,#611));
#594 = ORIENTED_EDGE('',*,*,#595,.F.);
#595 = EDGE_CURVE('',#596,#598,#600,.T.);
#596 = VERTEX_POINT('',#597);
#597 = CARTESIAN_POINT('',(15.5,4.694821655756,5.52205551135));
#598 = VERTEX_POINT('',#599);
#599 = CARTESIAN_POINT('',(-15.5,4.694821655756,5.52205551135));
#600 = LINE('',#601,#602);
#601 = CARTESIAN_POINT('',(-1.32E-14,4.694821655756,5.52205551135));
#602 = VECTOR('',#603,1.);
#603 = DIRECTION('',(-1.,5.6E-16,2.2E-16));
#604 = ORIENTED_EDGE('',*,*,#605,.F.);
#605 = EDGE_CURVE('',#573,#596,#606,.T.);
#606 = LINE('',#607,#608);
#607 = CARTESIAN_POINT('',(15.5,4.834437188164,11.234761716799));
#608 = VECTOR('',#609,1.);
#609 = DIRECTION('',(-2.46E-15,2.443217815265E-02,0.999701489781));
#610 = ORIENTED_EDGE('',*,*,#572,.T.);
#611 = ORIENTED_EDGE('',*,*,#612,.F.);
#612 = EDGE_CURVE('',#598,#565,#613,.T.);
#613 = LINE('',#614,#615);
#614 = CARTESIAN_POINT('',(-15.5,4.834437188164,11.234761716799));
#615 = VECTOR('',#616,1.);
#616 = DIRECTION('',(2.38E-15,-2.443217815265E-02,-0.999701489781));
#617 = PLANE('',#618);
#618 = AXIS2_PLACEMENT_3D('',#619,#620,#621);
#619 = CARTESIAN_POINT('',(-7.14E-15,4.61541707676,2.273025669561));
#620 = DIRECTION('',(-7.3E-16,0.999701489781,-2.443217815265E-02));
#621 = DIRECTION('',(-1.13E-15,2.443217815265E-02,0.999701489781));
#622 = ADVANCED_FACE('',(#623),#648,.F.);
#623 = FACE_BOUND('',#624,.F.);
#624 = EDGE_LOOP('',(#625,#633,#634,#642));
#625 = ORIENTED_EDGE('',*,*,#626,.F.);
#626 = EDGE_CURVE('',#596,#627,#629,.T.);
#627 = VERTEX_POINT('',#628);
#628 = CARTESIAN_POINT('',(15.5,7.167299046565,7.87656391045));
#629 = LINE('',#630,#631);
#630 = CARTESIAN_POINT('',(15.5,13.163650476988,13.586812206094));
#631 = VECTOR('',#632,1.);
#632 = DIRECTION('',(-1.62E-15,0.724171861437,0.689619543736));
#633 = ORIENTED_EDGE('',*,*,#595,.T.);
#634 = ORIENTED_EDGE('',*,*,#635,.F.);
#635 = EDGE_CURVE('',#636,#598,#638,.T.);
#636 = VERTEX_POINT('',#637);
#637 = CARTESIAN_POINT('',(-15.5,7.167299046565,7.87656391045));
#638 = LINE('',#639,#640);
#639 = CARTESIAN_POINT('',(-15.5,13.163650476988,13.586812206094));
#640 = VECTOR('',#641,1.);
#641 = DIRECTION('',(1.57E-15,-0.724171861437,-0.689619543736));
#642 = ORIENTED_EDGE('',*,*,#643,.F.);
#643 = EDGE_CURVE('',#627,#636,#644,.T.);
#644 = LINE('',#645,#646);
#645 = CARTESIAN_POINT('',(-1.936E-14,7.167299046565,7.87656391045));
#646 = VECTOR('',#647,1.);
#647 = DIRECTION('',(-1.,5.6E-16,2.2E-16));
#648 = PLANE('',#649);
#649 = AXIS2_PLACEMENT_3D('',#650,#651,#652);
#650 = CARTESIAN_POINT('',(-1.336E-14,5.93106035116,6.6993097109));
#651 = DIRECTION('',(2.7E-16,0.689619543736,-0.724171861437));
#652 = DIRECTION('',(1.49E-15,-0.724171861437,-0.689619543736));
#653 = ADVANCED_FACE('',(#654),#681,.F.);
#654 = FACE_BOUND('',#655,.F.);
#655 = EDGE_LOOP('',(#656,#665,#666,#675));
#656 = ORIENTED_EDGE('',*,*,#657,.F.);
#657 = EDGE_CURVE('',#627,#658,#660,.T.);
#658 = VERTEX_POINT('',#659);
#659 = CARTESIAN_POINT('',(15.5,7.787462938656,9.276043277019));
#660 = CIRCLE('',#661,2.);
#661 = AXIS2_PLACEMENT_3D('',#662,#663,#664);
#662 = CARTESIAN_POINT('',(15.5,5.788059959093,9.324907633325));
#663 = DIRECTION('',(1.,1.22E-15,1.33E-15));
#664 = DIRECTION('',(-1.18714102059E-15,0.999701489781,
    -2.443217815265E-02));
#665 = ORIENTED_EDGE('',*,*,#643,.T.);
#666 = ORIENTED_EDGE('',*,*,#667,.T.);
#667 = EDGE_CURVE('',#636,#668,#670,.T.);
#668 = VERTEX_POINT('',#669);
#669 = CARTESIAN_POINT('',(-15.5,7.787462938656,9.276043277019));
#670 = CIRCLE('',#671,2.);
#671 = AXIS2_PLACEMENT_3D('',#672,#673,#674);
#672 = CARTESIAN_POINT('',(-15.5,5.788059959093,9.324907633325));
#673 = DIRECTION('',(1.,1.22E-15,1.33E-15));
#674 = DIRECTION('',(-1.18714102059E-15,0.999701489781,
    -2.443217815265E-02));
#675 = ORIENTED_EDGE('',*,*,#676,.T.);
#676 = EDGE_CURVE('',#668,#658,#677,.T.);
#677 = LINE('',#678,#679);
#678 = CARTESIAN_POINT('',(-1.779E-14,7.787462938656,9.276043277019));
#679 = VECTOR('',#680,1.);
#680 = DIRECTION('',(1.,-5.6E-16,-2.2E-16));
#681 = CYLINDRICAL_SURFACE('',#682,2.);
#682 = AXIS2_PLACEMENT_3D('',#683,#684,#685);
#683 = CARTESIAN_POINT('',(-1.961E-14,5.788059959093,9.324907633325));
#684 = DIRECTION('',(1.,-1.1E-16,0.));
#685 = DIRECTION('',(1.099671638759E-16,0.999701489781,
    -2.443217815265E-02));
#686 = ADVANCED_FACE('',(#687),#712,.F.);
#687 = FACE_BOUND('',#688,.F.);
#688 = EDGE_LOOP('',(#689,#690,#698,#706));
#689 = ORIENTED_EDGE('',*,*,#676,.F.);
#690 = ORIENTED_EDGE('',*,*,#691,.F.);
#691 = EDGE_CURVE('',#692,#668,#694,.T.);
#692 = VERTEX_POINT('',#693);
#693 = CARTESIAN_POINT('',(-15.5,7.929696644273,15.09587835328));
#694 = LINE('',#695,#696);
#695 = CARTESIAN_POINT('',(-15.5,7.955570780188,16.154581022365));
#696 = VECTOR('',#697,1.);
#697 = DIRECTION('',(2.38E-15,-2.443217815265E-02,-0.999701489781));
#698 = ORIENTED_EDGE('',*,*,#699,.F.);
#699 = EDGE_CURVE('',#700,#692,#702,.T.);
#700 = VERTEX_POINT('',#701);
#701 = CARTESIAN_POINT('',(15.5,7.929696644273,15.09587835328));
#702 = LINE('',#703,#704);
#703 = CARTESIAN_POINT('',(-2.992E-14,7.929696644273,15.09587835328));
#704 = VECTOR('',#705,1.);
#705 = DIRECTION('',(-1.,5.6E-16,2.2E-16));
#706 = ORIENTED_EDGE('',*,*,#707,.F.);
#707 = EDGE_CURVE('',#658,#700,#708,.T.);
#708 = LINE('',#709,#710);
#709 = CARTESIAN_POINT('',(15.5,7.955570780188,16.154581022365));
#710 = VECTOR('',#711,1.);
#711 = DIRECTION('',(-2.46E-15,2.443217815265E-02,0.999701489781));
#712 = PLANE('',#713);
#713 = AXIS2_PLACEMENT_3D('',#714,#715,#716);
#714 = CARTESIAN_POINT('',(-2.138E-14,7.858579791464,12.18596081515));
#715 = DIRECTION('',(-7.3E-16,0.999701489781,-2.443217815265E-02));
#716 = DIRECTION('',(-1.13E-15,2.443217815265E-02,0.999701489781));
#717 = ADVANCED_FACE('',(#718),#745,.F.);
#718 = FACE_BOUND('',#719,.F.);
#719 = EDGE_LOOP('',(#720,#729,#730,#739));
#720 = ORIENTED_EDGE('',*,*,#721,.F.);
#721 = EDGE_CURVE('',#700,#722,#724,.T.);
#722 = VERTEX_POINT('',#723);
#723 = CARTESIAN_POINT('',(15.5,3.431039940257,15.205823154967));
#724 = CIRCLE('',#725,2.25);
#725 = AXIS2_PLACEMENT_3D('',#726,#727,#728);
#726 = CARTESIAN_POINT('',(15.5,5.680368292265,15.150850754124));
#727 = DIRECTION('',(1.,1.22E-15,1.33E-15));
#728 = DIRECTION('',(-1.18714102059E-15,0.999701489781,
    -2.443217815265E-02));
#729 = ORIENTED_EDGE('',*,*,#699,.T.);
#730 = ORIENTED_EDGE('',*,*,#731,.T.);
#731 = EDGE_CURVE('',#692,#732,#734,.T.);
#732 = VERTEX_POINT('',#733);
#733 = CARTESIAN_POINT('',(-15.5,3.431039940257,15.205823154967));
#734 = CIRCLE('',#735,2.25);
#735 = AXIS2_PLACEMENT_3D('',#736,#737,#738);
#736 = CARTESIAN_POINT('',(-15.5,5.680368292265,15.150850754124));
#737 = DIRECTION('',(1.,1.22E-15,1.33E-15));
#738 = DIRECTION('',(-1.18714102059E-15,0.999701489781,
    -2.443217815265E-02));
#739 = ORIENTED_EDGE('',*,*,#740,.T.);
#740 = EDGE_CURVE('',#732,#722,#741,.T.);
#741 = LINE('',#742,#743);
#742 = CARTESIAN_POINT('',(-2.166E-14,3.431039940257,15.205823154967));
#743 = VECTOR('',#744,1.);
#744 = DIRECTION('',(1.,-5.6E-16,-2.2E-16));
#745 = CYLINDRICAL_SURFACE('',#746,2.25);
#746 = AXIS2_PLACEMENT_3D('',#747,#748,#749);
#747 = CARTESIAN_POINT('',(-2.725E-14,5.680368292265,15.150850754124));
#748 = DIRECTION('',(1.,-1.1E-16,0.));
#749 = DIRECTION('',(1.099671638759E-16,0.999701489781,
    -2.443217815265E-02));
#750 = ADVANCED_FACE('',(#751),#776,.F.);
#751 = FACE_BOUND('',#752,.F.);
#752 = EDGE_LOOP('',(#753,#754,#762,#770));
#753 = ORIENTED_EDGE('',*,*,#740,.F.);
#754 = ORIENTED_EDGE('',*,*,#755,.F.);
#755 = EDGE_CURVE('',#756,#732,#758,.T.);
#756 = VERTEX_POINT('',#757);
#757 = CARTESIAN_POINT('',(-15.5,3.181614994846,5.));
#758 = LINE('',#759,#760);
#759 = CARTESIAN_POINT('',(-15.5,3.430116266224,15.168028804375));
#760 = VECTOR('',#761,1.);
#761 = DIRECTION('',(-2.38E-15,2.443217815265E-02,0.999701489781));
#762 = ORIENTED_EDGE('',*,*,#763,.T.);
#763 = EDGE_CURVE('',#756,#764,#766,.T.);
#764 = VERTEX_POINT('',#765);
#765 = CARTESIAN_POINT('',(15.5,3.181614994846,5.));
#766 = LINE('',#767,#768);
#767 = CARTESIAN_POINT('',(-1.253E-14,3.181614994846,5.));
#768 = VECTOR('',#769,1.);
#769 = DIRECTION('',(1.,-5.6E-16,-2.2E-16));
#770 = ORIENTED_EDGE('',*,*,#771,.F.);
#771 = EDGE_CURVE('',#722,#764,#772,.T.);
#772 = LINE('',#773,#774);
#773 = CARTESIAN_POINT('',(15.5,3.430116266224,15.168028804375));
#774 = VECTOR('',#775,1.);
#775 = DIRECTION('',(2.46E-15,-2.443217815265E-02,-0.999701489781));
#776 = PLANE('',#777);
#777 = AXIS2_PLACEMENT_3D('',#778,#779,#780);
#778 = CARTESIAN_POINT('',(-1.452E-14,3.306327467551,10.102911577484));
#779 = DIRECTION('',(7.3E-16,-0.999701489781,2.443217815265E-02));
#780 = DIRECTION('',(1.13E-15,-2.443217815265E-02,-0.999701489781));
#781 = ADVANCED_FACE('',(#782),#807,.T.);
#782 = FACE_BOUND('',#783,.T.);
#783 = EDGE_LOOP('',(#784,#785,#793,#801));
#784 = ORIENTED_EDGE('',*,*,#763,.T.);
#785 = ORIENTED_EDGE('',*,*,#786,.T.);
#786 = EDGE_CURVE('',#764,#787,#789,.T.);
#787 = VERTEX_POINT('',#788);
#788 = CARTESIAN_POINT('',(15.5,-3.181614994846,5.));
#789 = LINE('',#790,#791);
#790 = CARTESIAN_POINT('',(15.5,-11.00274827412,5.));
#791 = VECTOR('',#792,1.);
#792 = DIRECTION('',(1.1E-16,-1.,0.));
#793 = ORIENTED_EDGE('',*,*,#794,.F.);
#794 = EDGE_CURVE('',#795,#787,#797,.T.);
#795 = VERTEX_POINT('',#796);
#796 = CARTESIAN_POINT('',(-15.5,-3.181614994846,5.));
#797 = LINE('',#798,#799);
#798 = CARTESIAN_POINT('',(-8.14E-15,-3.181614994846,5.));
#799 = VECTOR('',#800,1.);
#800 = DIRECTION('',(1.,-5.5E-16,-5.6E-16));
#801 = ORIENTED_EDGE('',*,*,#802,.T.);
#802 = EDGE_CURVE('',#795,#756,#803,.T.);
#803 = LINE('',#804,#805);
#804 = CARTESIAN_POINT('',(-15.5,11.311750340651,5.));
#805 = VECTOR('',#806,1.);
#806 = DIRECTION('',(4.4E-16,1.,-1.45E-15));
#807 = PLANE('',#808);
#808 = AXIS2_PLACEMENT_3D('',#809,#810,#811);
#809 = CARTESIAN_POINT('',(-2.571E-14,-4.99E-15,5.));
#810 = DIRECTION('',(7.8E-16,-3.5E-16,-1.));
#811 = DIRECTION('',(6.7E-16,-1.,3.5E-16));
#812 = ADVANCED_FACE('',(#813),#838,.F.);
#813 = FACE_BOUND('',#814,.T.);
#814 = EDGE_LOOP('',(#815,#825,#831,#832));
#815 = ORIENTED_EDGE('',*,*,#816,.F.);
#816 = EDGE_CURVE('',#817,#819,#821,.T.);
#817 = VERTEX_POINT('',#818);
#818 = CARTESIAN_POINT('',(-15.5,-3.431039940257,15.205823154967));
#819 = VERTEX_POINT('',#820);
#820 = CARTESIAN_POINT('',(15.5,-3.431039940257,15.205823154967));
#821 = LINE('',#822,#823);
#822 = CARTESIAN_POINT('',(-1.801E-14,-3.431039940257,15.205823154967));
#823 = VECTOR('',#824,1.);
#824 = DIRECTION('',(1.,-5.5E-16,-5.6E-16));
#825 = ORIENTED_EDGE('',*,*,#826,.F.);
#826 = EDGE_CURVE('',#795,#817,#827,.T.);
#827 = LINE('',#828,#829);
#828 = CARTESIAN_POINT('',(-15.5,-3.410297550704,14.357098264025));
#829 = VECTOR('',#830,1.);
#830 = DIRECTION('',(0.,-2.443217815265E-02,0.999701489781));
#831 = ORIENTED_EDGE('',*,*,#794,.T.);
#832 = ORIENTED_EDGE('',*,*,#833,.T.);
#833 = EDGE_CURVE('',#787,#819,#834,.T.);
#834 = LINE('',#835,#836);
#835 = CARTESIAN_POINT('',(15.5,-3.410297550704,14.357098264025));
#836 = VECTOR('',#837,1.);
#837 = DIRECTION('',(0.,-2.443217815265E-02,0.999701489781));
#838 = PLANE('',#839);
#839 = AXIS2_PLACEMENT_3D('',#840,#841,#842);
#840 = CARTESIAN_POINT('',(-1.05E-14,-3.306327467551,10.102911577484));
#841 = DIRECTION('',(-8.3E-16,0.999701489781,2.443217815265E-02));
#842 = DIRECTION('',(-1.21E-15,-2.443217815265E-02,0.999701489781));
#843 = ADVANCED_FACE('',(#844),#871,.F.);
#844 = FACE_BOUND('',#845,.T.);
#845 = EDGE_LOOP('',(#846,#855,#863,#870));
#846 = ORIENTED_EDGE('',*,*,#847,.T.);
#847 = EDGE_CURVE('',#819,#848,#850,.T.);
#848 = VERTEX_POINT('',#849);
#849 = CARTESIAN_POINT('',(15.5,-7.929696644273,15.09587835328));
#850 = CIRCLE('',#851,2.25);
#851 = AXIS2_PLACEMENT_3D('',#852,#853,#854);
#852 = CARTESIAN_POINT('',(15.5,-5.680368292265,15.150850754124));
#853 = DIRECTION('',(1.,1.1E-16,4.5E-16));
#854 = DIRECTION('',(1.209616440446E-16,-0.999701489781,
    -2.443217815265E-02));
#855 = ORIENTED_EDGE('',*,*,#856,.T.);
#856 = EDGE_CURVE('',#848,#857,#859,.T.);
#857 = VERTEX_POINT('',#858);
#858 = CARTESIAN_POINT('',(-15.5,-7.929696644273,15.09587835328));
#859 = LINE('',#860,#861);
#860 = CARTESIAN_POINT('',(-1.927E-14,-7.929696644273,15.09587835328));
#861 = VECTOR('',#862,1.);
#862 = DIRECTION('',(-1.,5.5E-16,5.6E-16));
#863 = ORIENTED_EDGE('',*,*,#864,.F.);
#864 = EDGE_CURVE('',#817,#857,#865,.T.);
#865 = CIRCLE('',#866,2.25);
#866 = AXIS2_PLACEMENT_3D('',#867,#868,#869);
#867 = CARTESIAN_POINT('',(-15.5,-5.680368292265,15.150850754124));
#868 = DIRECTION('',(1.,1.1E-16,4.5E-16));
#869 = DIRECTION('',(1.209616440446E-16,-0.999701489781,
    -2.443217815265E-02));
#870 = ORIENTED_EDGE('',*,*,#816,.T.);
#871 = CYLINDRICAL_SURFACE('',#872,2.25);
#872 = AXIS2_PLACEMENT_3D('',#873,#874,#875);
#873 = CARTESIAN_POINT('',(-2.01E-14,-5.680368292265,15.150850754124));
#874 = DIRECTION('',(1.,-1.E-15,-3.3E-16));
#875 = DIRECTION('',(-1.007764108572E-15,-0.999701489781,
    -2.443217815265E-02));
#876 = ADVANCED_FACE('',(#877),#902,.F.);
#877 = FACE_BOUND('',#878,.T.);
#878 = EDGE_LOOP('',(#879,#889,#895,#896));
#879 = ORIENTED_EDGE('',*,*,#880,.F.);
#880 = EDGE_CURVE('',#881,#883,#885,.T.);
#881 = VERTEX_POINT('',#882);
#882 = CARTESIAN_POINT('',(-15.5,-7.787462938656,9.276043277019));
#883 = VERTEX_POINT('',#884);
#884 = CARTESIAN_POINT('',(15.5,-7.787462938656,9.276043277019));
#885 = LINE('',#886,#887);
#886 = CARTESIAN_POINT('',(-6.71E-15,-7.787462938656,9.276043277019));
#887 = VECTOR('',#888,1.);
#888 = DIRECTION('',(1.,-5.5E-16,-5.6E-16));
#889 = ORIENTED_EDGE('',*,*,#890,.F.);
#890 = EDGE_CURVE('',#857,#881,#891,.T.);
#891 = LINE('',#892,#893);
#892 = CARTESIAN_POINT('',(-15.5,-7.935752064668,15.343650482015));
#893 = VECTOR('',#894,1.);
#894 = DIRECTION('',(0.,2.443217815265E-02,-0.999701489781));
#895 = ORIENTED_EDGE('',*,*,#856,.F.);
#896 = ORIENTED_EDGE('',*,*,#897,.T.);
#897 = EDGE_CURVE('',#848,#883,#898,.T.);
#898 = LINE('',#899,#900);
#899 = CARTESIAN_POINT('',(15.5,-7.935752064668,15.343650482015));
#900 = VECTOR('',#901,1.);
#901 = DIRECTION('',(0.,2.443217815265E-02,-0.999701489781));
#902 = PLANE('',#903);
#903 = AXIS2_PLACEMENT_3D('',#904,#905,#906);
#904 = CARTESIAN_POINT('',(-1.052E-14,-7.858579791464,12.18596081515));
#905 = DIRECTION('',(8.2E-16,-0.999701489781,-2.443217815265E-02));
#906 = DIRECTION('',(1.21E-15,2.443217815265E-02,-0.999701489781));
#907 = ADVANCED_FACE('',(#908),#935,.F.);
#908 = FACE_BOUND('',#909,.T.);
#909 = EDGE_LOOP('',(#910,#919,#927,#934));
#910 = ORIENTED_EDGE('',*,*,#911,.T.);
#911 = EDGE_CURVE('',#883,#912,#914,.T.);
#912 = VERTEX_POINT('',#913);
#913 = CARTESIAN_POINT('',(15.5,-7.167299046565,7.87656391045));
#914 = CIRCLE('',#915,2.);
#915 = AXIS2_PLACEMENT_3D('',#916,#917,#918);
#916 = CARTESIAN_POINT('',(15.5,-5.788059959093,9.324907633325));
#917 = DIRECTION('',(1.,1.1E-16,4.5E-16));
#918 = DIRECTION('',(1.209616440446E-16,-0.999701489781,
    -2.443217815265E-02));
#919 = ORIENTED_EDGE('',*,*,#920,.T.);
#920 = EDGE_CURVE('',#912,#921,#923,.T.);
#921 = VERTEX_POINT('',#922);
#922 = CARTESIAN_POINT('',(-15.5,-7.167299046565,7.87656391045));
#923 = LINE('',#924,#925);
#924 = CARTESIAN_POINT('',(-9.09E-15,-7.167299046565,7.87656391045));
#925 = VECTOR('',#926,1.);
#926 = DIRECTION('',(-1.,5.5E-16,5.6E-16));
#927 = ORIENTED_EDGE('',*,*,#928,.F.);
#928 = EDGE_CURVE('',#881,#921,#929,.T.);
#929 = CIRCLE('',#930,2.);
#930 = AXIS2_PLACEMENT_3D('',#931,#932,#933);
#931 = CARTESIAN_POINT('',(-15.5,-5.788059959093,9.324907633325));
#932 = DIRECTION('',(1.,1.1E-16,4.5E-16));
#933 = DIRECTION('',(1.209616440446E-16,-0.999701489781,
    -2.443217815265E-02));
#934 = ORIENTED_EDGE('',*,*,#880,.T.);
#935 = CYLINDRICAL_SURFACE('',#936,2.);
#936 = AXIS2_PLACEMENT_3D('',#937,#938,#939);
#937 = CARTESIAN_POINT('',(-1.165E-14,-5.788059959093,9.324907633325));
#938 = DIRECTION('',(1.,-1.E-15,-3.3E-16));
#939 = DIRECTION('',(-1.007764108572E-15,-0.999701489781,
    -2.443217815265E-02));
#940 = ADVANCED_FACE('',(#941),#966,.F.);
#941 = FACE_BOUND('',#942,.T.);
#942 = EDGE_LOOP('',(#943,#951,#959,#965));
#943 = ORIENTED_EDGE('',*,*,#944,.T.);
#944 = EDGE_CURVE('',#912,#945,#947,.T.);
#945 = VERTEX_POINT('',#946);
#946 = CARTESIAN_POINT('',(15.5,-4.694821655756,5.52205551135));
#947 = LINE('',#948,#949);
#948 = CARTESIAN_POINT('',(15.5,-12.60015042911,13.050198362608));
#949 = VECTOR('',#950,1.);
#950 = DIRECTION('',(-8.E-17,0.724171861437,-0.689619543736));
#951 = ORIENTED_EDGE('',*,*,#952,.T.);
#952 = EDGE_CURVE('',#945,#953,#955,.T.);
#953 = VERTEX_POINT('',#954);
#954 = CARTESIAN_POINT('',(-15.5,-4.694821655756,5.52205551135));
#955 = LINE('',#956,#957);
#956 = CARTESIAN_POINT('',(-6.51E-15,-4.694821655756,5.52205551135));
#957 = VECTOR('',#958,1.);
#958 = DIRECTION('',(-1.,5.5E-16,5.6E-16));
#959 = ORIENTED_EDGE('',*,*,#960,.F.);
#960 = EDGE_CURVE('',#921,#953,#961,.T.);
#961 = LINE('',#962,#963);
#962 = CARTESIAN_POINT('',(-15.5,-12.60015042911,13.050198362608));
#963 = VECTOR('',#964,1.);
#964 = DIRECTION('',(-8.E-17,0.724171861437,-0.689619543736));
#965 = ORIENTED_EDGE('',*,*,#920,.F.);
#966 = PLANE('',#967);
#967 = AXIS2_PLACEMENT_3D('',#968,#969,#970);
#968 = CARTESIAN_POINT('',(-4.89E-15,-5.93106035116,6.6993097109));
#969 = DIRECTION('',(1.43E-15,-0.689619543736,-0.724171861437));
#970 = DIRECTION('',(-4.4E-16,-0.724171861437,0.689619543736));
#971 = ADVANCED_FACE('',(#972),#997,.F.);
#972 = FACE_BOUND('',#973,.T.);
#973 = EDGE_LOOP('',(#974,#975,#983,#991));
#974 = ORIENTED_EDGE('',*,*,#952,.F.);
#975 = ORIENTED_EDGE('',*,*,#976,.T.);
#976 = EDGE_CURVE('',#945,#977,#979,.T.);
#977 = VERTEX_POINT('',#978);
#978 = CARTESIAN_POINT('',(15.5,-4.572660764993,0.523548062444));
#979 = LINE('',#980,#981);
#980 = CARTESIAN_POINT('',(15.5,-4.814618472644,10.423831176449));
#981 = VECTOR('',#982,1.);
#982 = DIRECTION('',(0.,2.443217815265E-02,-0.999701489781));
#983 = ORIENTED_EDGE('',*,*,#984,.F.);
#984 = EDGE_CURVE('',#985,#977,#987,.T.);
#985 = VERTEX_POINT('',#986);
#986 = CARTESIAN_POINT('',(-15.5,-4.572660764993,0.523548062444));
#987 = LINE('',#988,#989);
#988 = CARTESIAN_POINT('',(-7.75,-4.572660764993,0.523548062444));
#989 = VECTOR('',#990,1.);
#990 = DIRECTION('',(1.,-9.E-17,0.));
#991 = ORIENTED_EDGE('',*,*,#992,.F.);
#992 = EDGE_CURVE('',#953,#985,#993,.T.);
#993 = LINE('',#994,#995);
#994 = CARTESIAN_POINT('',(-15.5,-4.814618472644,10.423831176449));
#995 = VECTOR('',#996,1.);
#996 = DIRECTION('',(0.,2.443217815265E-02,-0.999701489781));
#997 = PLANE('',#998);
#998 = AXIS2_PLACEMENT_3D('',#999,#1000,#1001);
#999 = CARTESIAN_POINT('',(-2.1E-16,-4.61541707676,2.273025669561));
#1000 = DIRECTION('',(8.3E-16,-0.999701489781,-2.443217815265E-02));
#1001 = DIRECTION('',(1.21E-15,2.443217815265E-02,-0.999701489781));
#1002 = ADVANCED_FACE('',(#1003),#1028,.F.);
#1003 = FACE_BOUND('',#1004,.T.);
#1004 = EDGE_LOOP('',(#1005,#1013,#1014,#1022));
#1005 = ORIENTED_EDGE('',*,*,#1006,.F.);
#1006 = EDGE_CURVE('',#985,#1007,#1009,.T.);
#1007 = VERTEX_POINT('',#1008);
#1008 = CARTESIAN_POINT('',(-15.5,-36.54375930581,-0.257808755836));
#1009 = LINE('',#1010,#1011);
#1010 = CARTESIAN_POINT('',(-15.5,-7.188694084448E-15,0.635301484424));
#1011 = VECTOR('',#1012,1.);
#1012 = DIRECTION('',(5.68180283457E-16,-0.999701489781,
    -2.443217815265E-02));
#1013 = ORIENTED_EDGE('',*,*,#984,.T.);
#1014 = ORIENTED_EDGE('',*,*,#1015,.T.);
#1015 = EDGE_CURVE('',#977,#1016,#1018,.T.);
#1016 = VERTEX_POINT('',#1017);
#1017 = CARTESIAN_POINT('',(15.5,-36.54375930581,-0.257808755836));
#1018 = LINE('',#1019,#1020);
#1019 = CARTESIAN_POINT('',(15.5,2.22044604925E-15,0.635301484424));
#1020 = VECTOR('',#1021,1.);
#1021 = DIRECTION('',(5.68180283457E-16,-0.999701489781,
    -2.443217815265E-02));
#1022 = ORIENTED_EDGE('',*,*,#1023,.F.);
#1023 = EDGE_CURVE('',#1007,#1016,#1024,.T.);
#1024 = LINE('',#1025,#1026);
#1025 = CARTESIAN_POINT('',(-15.5,-36.54375930581,-0.257808755836));
#1026 = VECTOR('',#1027,1.);
#1027 = DIRECTION('',(1.,-5.5E-16,-5.6E-16));
#1028 = PLANE('',#1029);
#1029 = AXIS2_PLACEMENT_3D('',#1030,#1031,#1032);
#1030 = CARTESIAN_POINT('',(-15.5,6.91E-15,0.635301484424));
#1031 = DIRECTION('',(-1.2E-15,-2.443217815265E-02,0.999701489781));
#1032 = DIRECTION('',(-3.7E-16,0.999701489781,2.443217815265E-02));
#1033 = ADVANCED_FACE('',(#1034),#1061,.T.);
#1034 = FACE_BOUND('',#1035,.T.);
#1035 = EDGE_LOOP('',(#1036,#1037,#1046,#1054));
#1036 = ORIENTED_EDGE('',*,*,#1023,.T.);
#1037 = ORIENTED_EDGE('',*,*,#1038,.T.);
#1038 = EDGE_CURVE('',#1016,#1039,#1041,.T.);
#1039 = VERTEX_POINT('',#1040);
#1040 = CARTESIAN_POINT('',(15.5,-39.61616030961,2.667999179049));
#1041 = CIRCLE('',#1042,3.);
#1042 = AXIS2_PLACEMENT_3D('',#1043,#1044,#1045);
#1043 = CARTESIAN_POINT('',(15.5,-36.61705584027,2.741295713507));
#1044 = DIRECTION('',(-1.,-5.290983397804E-16,-1.889995530583E-15));
#1045 = DIRECTION('',(5.751171060302E-16,-0.999701489781,
    -2.443217815265E-02));
#1046 = ORIENTED_EDGE('',*,*,#1047,.F.);
#1047 = EDGE_CURVE('',#1048,#1039,#1050,.T.);
#1048 = VERTEX_POINT('',#1049);
#1049 = CARTESIAN_POINT('',(-15.5,-39.61616030961,2.667999179049));
#1050 = LINE('',#1051,#1052);
#1051 = CARTESIAN_POINT('',(-15.5,-39.61616030961,2.667999179049));
#1052 = VECTOR('',#1053,1.);
#1053 = DIRECTION('',(1.,-5.5E-16,-5.6E-16));
#1054 = ORIENTED_EDGE('',*,*,#1055,.F.);
#1055 = EDGE_CURVE('',#1007,#1048,#1056,.T.);
#1056 = CIRCLE('',#1057,3.);
#1057 = AXIS2_PLACEMENT_3D('',#1058,#1059,#1060);
#1058 = CARTESIAN_POINT('',(-15.5,-36.61705584027,2.741295713507));
#1059 = DIRECTION('',(-1.,-5.290983397804E-16,-1.889995530583E-15));
#1060 = DIRECTION('',(5.751171060302E-16,-0.999701489781,
    -2.443217815265E-02));
#1061 = CYLINDRICAL_SURFACE('',#1062,3.);
#1062 = AXIS2_PLACEMENT_3D('',#1063,#1064,#1065);
#1063 = CARTESIAN_POINT('',(-15.5,-36.61705584027,2.741295713507));
#1064 = DIRECTION('',(-1.,1.E-15,3.3E-16));
#1065 = DIRECTION('',(-1.007764108572E-15,-0.999701489781,
    -2.443217815265E-02));
#1066 = ADVANCED_FACE('',(#1067),#1124,.F.);
#1067 = FACE_BOUND('',#1068,.T.);
#1068 = EDGE_LOOP('',(#1069,#1077,#1078,#1086,#1094,#1102,#1110,#1118));
#1069 = ORIENTED_EDGE('',*,*,#1070,.F.);
#1070 = EDGE_CURVE('',#1048,#1071,#1073,.T.);
#1071 = VERTEX_POINT('',#1072);
#1072 = CARTESIAN_POINT('',(-15.5,-40.46881296902,37.556338996708));
#1073 = LINE('',#1074,#1075);
#1074 = CARTESIAN_POINT('',(-15.5,-39.61616030961,2.667999179049));
#1075 = VECTOR('',#1076,1.);
#1076 = DIRECTION('',(-1.873915798236E-15,-2.443217815265E-02,
    0.999701489781));
#1077 = ORIENTED_EDGE('',*,*,#1047,.T.);
#1078 = ORIENTED_EDGE('',*,*,#1079,.T.);
#1079 = EDGE_CURVE('',#1039,#1080,#1082,.T.);
#1080 = VERTEX_POINT('',#1081);
#1081 = CARTESIAN_POINT('',(15.5,-40.46881296902,37.556338996708));
#1082 = LINE('',#1083,#1084);
#1083 = CARTESIAN_POINT('',(15.5,-39.61616030961,2.667999179049));
#1084 = VECTOR('',#1085,1.);
#1085 = DIRECTION('',(-1.873915798236E-15,-2.443217815265E-02,
    0.999701489781));
#1086 = ORIENTED_EDGE('',*,*,#1087,.F.);
#1087 = EDGE_CURVE('',#1088,#1080,#1090,.T.);
#1088 = VERTEX_POINT('',#1089);
#1089 = CARTESIAN_POINT('',(10.5,-40.46881296902,37.556338996708));
#1090 = LINE('',#1091,#1092);
#1091 = CARTESIAN_POINT('',(-15.5,-40.46881296902,37.556338996708));
#1092 = VECTOR('',#1093,1.);
#1093 = DIRECTION('',(1.,-5.5E-16,-5.6E-16));
#1094 = ORIENTED_EDGE('',*,*,#1095,.T.);
#1095 = EDGE_CURVE('',#1088,#1096,#1098,.T.);
#1096 = VERTEX_POINT('',#1097);
#1097 = CARTESIAN_POINT('',(10.5,-40.26149906281,29.07359056567));
#1098 = LINE('',#1099,#1100);
#1099 = CARTESIAN_POINT('',(10.5,-40.04248663931,20.112169087879));
#1100 = VECTOR('',#1101,1.);
#1101 = DIRECTION('',(0.,2.443217815265E-02,-0.999701489781));
#1102 = ORIENTED_EDGE('',*,*,#1103,.F.);
#1103 = EDGE_CURVE('',#1104,#1096,#1106,.T.);
#1104 = VERTEX_POINT('',#1105);
#1105 = CARTESIAN_POINT('',(-10.5,-40.26149906281,29.07359056567));
#1106 = LINE('',#1107,#1108);
#1107 = CARTESIAN_POINT('',(10.5,-40.26149906281,29.07359056567));
#1108 = VECTOR('',#1109,1.);
#1109 = DIRECTION('',(1.,-7.8E-16,-4.4E-16));
#1110 = ORIENTED_EDGE('',*,*,#1111,.F.);
#1111 = EDGE_CURVE('',#1112,#1104,#1114,.T.);
#1112 = VERTEX_POINT('',#1113);
#1113 = CARTESIAN_POINT('',(-10.5,-40.46881296902,37.556338996708));
#1114 = LINE('',#1115,#1116);
#1115 = CARTESIAN_POINT('',(-10.5,-40.04248663931,20.112169087879));
#1116 = VECTOR('',#1117,1.);
#1117 = DIRECTION('',(0.,2.443217815265E-02,-0.999701489781));
#1118 = ORIENTED_EDGE('',*,*,#1119,.F.);
#1119 = EDGE_CURVE('',#1071,#1112,#1120,.T.);
#1120 = LINE('',#1121,#1122);
#1121 = CARTESIAN_POINT('',(-15.5,-40.46881296902,37.556338996708));
#1122 = VECTOR('',#1123,1.);
#1123 = DIRECTION('',(1.,-5.5E-16,-5.6E-16));
#1124 = PLANE('',#1125);
#1125 = AXIS2_PLACEMENT_3D('',#1126,#1127,#1128);
#1126 = CARTESIAN_POINT('',(-15.5,-39.61616030961,2.667999179049));
#1127 = DIRECTION('',(-8.1E-16,0.999701489781,2.443217815265E-02));
#1128 = DIRECTION('',(1.44E-15,2.443217815265E-02,-0.999701489781));
#1129 = ADVANCED_FACE('',(#1130),#1157,.T.);
#1130 = FACE_BOUND('',#1131,.T.);
#1131 = EDGE_LOOP('',(#1132,#1141,#1142,#1151));
#1132 = ORIENTED_EDGE('',*,*,#1133,.F.);
#1133 = EDGE_CURVE('',#1088,#1134,#1136,.T.);
#1134 = VERTEX_POINT('',#1135);
#1135 = CARTESIAN_POINT('',(10.5,-33.16665588547,44.720749259123));
#1136 = CIRCLE('',#1137,7.);
#1137 = AXIS2_PLACEMENT_3D('',#1138,#1139,#1140);
#1138 = CARTESIAN_POINT('',(10.5,-33.47090254055,37.727364243777));
#1139 = DIRECTION('',(-1.,-1.1E-16,-4.5E-16));
#1140 = DIRECTION('',(1.209616440446E-16,-0.999701489781,
    -2.443217815265E-02));
#1141 = ORIENTED_EDGE('',*,*,#1087,.T.);
#1142 = ORIENTED_EDGE('',*,*,#1143,.T.);
#1143 = EDGE_CURVE('',#1080,#1144,#1146,.T.);
#1144 = VERTEX_POINT('',#1145);
#1145 = CARTESIAN_POINT('',(15.5,-33.16665588547,44.720749259123));
#1146 = CIRCLE('',#1147,7.);
#1147 = AXIS2_PLACEMENT_3D('',#1148,#1149,#1150);
#1148 = CARTESIAN_POINT('',(15.5,-33.47090254055,37.727364243777));
#1149 = DIRECTION('',(-1.,-5.290983397804E-16,-1.889995530583E-15));
#1150 = DIRECTION('',(5.751171060302E-16,-0.999701489781,
    -2.443217815265E-02));
#1151 = ORIENTED_EDGE('',*,*,#1152,.F.);
#1152 = EDGE_CURVE('',#1134,#1144,#1153,.T.);
#1153 = LINE('',#1154,#1155);
#1154 = CARTESIAN_POINT('',(-5.025E-14,-33.16665588547,44.720749259123)
  );
#1155 = VECTOR('',#1156,1.);
#1156 = DIRECTION('',(1.,-5.5E-16,-5.6E-16));
#1157 = CYLINDRICAL_SURFACE('',#1158,7.);
#1158 = AXIS2_PLACEMENT_3D('',#1159,#1160,#1161);
#1159 = CARTESIAN_POINT('',(-15.5,-33.47090254055,37.727364243777));
#1160 = DIRECTION('',(-1.,1.E-15,3.3E-16));
#1161 = DIRECTION('',(-1.007764108572E-15,-0.999701489781,
    -2.443217815265E-02));
#1162 = ADVANCED_FACE('',(#1163),#1190,.T.);
#1163 = FACE_BOUND('',#1164,.F.);
#1164 = EDGE_LOOP('',(#1165,#1166,#1175,#1183));
#1165 = ORIENTED_EDGE('',*,*,#1152,.F.);
#1166 = ORIENTED_EDGE('',*,*,#1167,.F.);
#1167 = EDGE_CURVE('',#1168,#1134,#1170,.T.);
#1168 = VERTEX_POINT('',#1169);
#1169 = CARTESIAN_POINT('',(10.5,-32.37719845263,43.168302707688));
#1170 = CIRCLE('',#1171,1.);
#1171 = AXIS2_PLACEMENT_3D('',#1172,#1173,#1174);
#1172 = CARTESIAN_POINT('',(10.5,-33.21011969334,43.721694256931));
#1173 = DIRECTION('',(1.,1.1E-16,4.5E-16));
#1174 = DIRECTION('',(1.209616440446E-16,-0.999701489781,
    -2.443217815265E-02));
#1175 = ORIENTED_EDGE('',*,*,#1176,.F.);
#1176 = EDGE_CURVE('',#1177,#1168,#1179,.T.);
#1177 = VERTEX_POINT('',#1178);
#1178 = CARTESIAN_POINT('',(15.5,-32.37719845263,43.168302707688));
#1179 = LINE('',#1180,#1181);
#1180 = CARTESIAN_POINT('',(-5.17E-14,-32.37719845263,43.168302707688));
#1181 = VECTOR('',#1182,1.);
#1182 = DIRECTION('',(-1.,5.5E-16,5.6E-16));
#1183 = ORIENTED_EDGE('',*,*,#1184,.T.);
#1184 = EDGE_CURVE('',#1177,#1144,#1185,.T.);
#1185 = CIRCLE('',#1186,1.);
#1186 = AXIS2_PLACEMENT_3D('',#1187,#1188,#1189);
#1187 = CARTESIAN_POINT('',(15.5,-33.21011969334,43.721694256931));
#1188 = DIRECTION('',(1.,1.1E-16,4.5E-16));
#1189 = DIRECTION('',(1.209616440446E-16,-0.999701489781,
    -2.443217815265E-02));
#1190 = CYLINDRICAL_SURFACE('',#1191,1.);
#1191 = AXIS2_PLACEMENT_3D('',#1192,#1193,#1194);
#1192 = CARTESIAN_POINT('',(-5.222E-14,-33.21011969334,43.721694256931)
  );
#1193 = DIRECTION('',(1.,-1.E-15,-3.3E-16));
#1194 = DIRECTION('',(-1.007764108572E-15,-0.999701489781,
    -2.443217815265E-02));
#1195 = ADVANCED_FACE('',(#1196),#1221,.F.);
#1196 = FACE_BOUND('',#1197,.T.);
#1197 = EDGE_LOOP('',(#1198,#1199,#1207,#1215));
#1198 = ORIENTED_EDGE('',*,*,#1176,.F.);
#1199 = ORIENTED_EDGE('',*,*,#1200,.T.);
#1200 = EDGE_CURVE('',#1177,#1201,#1203,.T.);
#1201 = VERTEX_POINT('',#1202);
#1202 = CARTESIAN_POINT('',(15.5,-34.11325404755,40.555328978608));
#1203 = LINE('',#1204,#1205);
#1204 = CARTESIAN_POINT('',(15.5,-34.50932747269,39.959190549813));
#1205 = VECTOR('',#1206,1.);
#1206 = DIRECTION('',(6.E-17,-0.553391549243,-0.83292124071));
#1207 = ORIENTED_EDGE('',*,*,#1208,.F.);
#1208 = EDGE_CURVE('',#1209,#1201,#1211,.T.);
#1209 = VERTEX_POINT('',#1210);
#1210 = CARTESIAN_POINT('',(10.5,-34.11325404755,40.555328978608));
#1211 = LINE('',#1212,#1213);
#1212 = CARTESIAN_POINT('',(-3.139E-14,-34.11325404755,40.555328978608)
  );
#1213 = VECTOR('',#1214,1.);
#1214 = DIRECTION('',(1.,-7.8E-16,-4.4E-16));
#1215 = ORIENTED_EDGE('',*,*,#1216,.F.);
#1216 = EDGE_CURVE('',#1168,#1209,#1217,.T.);
#1217 = LINE('',#1218,#1219);
#1218 = CARTESIAN_POINT('',(10.5,-34.50932747269,39.959190549813));
#1219 = VECTOR('',#1220,1.);
#1220 = DIRECTION('',(6.E-17,-0.553391549243,-0.83292124071));
#1221 = PLANE('',#1222);
#1222 = AXIS2_PLACEMENT_3D('',#1223,#1224,#1225);
#1223 = CARTESIAN_POINT('',(-5.008E-14,-33.79861779934,41.028894602438)
  );
#1224 = DIRECTION('',(0.,-0.83292124071,0.553391549243));
#1225 = DIRECTION('',(1.32E-15,-0.553391549243,-0.83292124071));
#1226 = ADVANCED_FACE('',(#1227),#1299,.F.);
#1227 = FACE_BOUND('',#1228,.T.);
#1228 = EDGE_LOOP('',(#1229,#1238,#1239,#1248,#1257,#1266,#1275,#1284,
    #1292));
#1229 = ORIENTED_EDGE('',*,*,#1230,.F.);
#1230 = EDGE_CURVE('',#1209,#1231,#1233,.T.);
#1231 = VERTEX_POINT('',#1232);
#1232 = CARTESIAN_POINT('',(10.5,-36.37003686092,37.656510927134));
#1233 = CIRCLE('',#1234,2.9);
#1234 = AXIS2_PLACEMENT_3D('',#1235,#1236,#1237);
#1235 = CARTESIAN_POINT('',(10.5,-33.47090254055,37.727364243777));
#1236 = DIRECTION('',(1.,1.1E-16,4.5E-16));
#1237 = DIRECTION('',(1.209616440446E-16,-0.999701489781,
    -2.443217815265E-02));
#1238 = ORIENTED_EDGE('',*,*,#1208,.T.);
#1239 = ORIENTED_EDGE('',*,*,#1240,.T.);
#1240 = EDGE_CURVE('',#1201,#1241,#1243,.T.);
#1241 = VERTEX_POINT('',#1242);
#1242 = CARTESIAN_POINT('',(15.5,-36.37003686092,37.656510927134));
#1243 = CIRCLE('',#1244,2.9);
#1244 = AXIS2_PLACEMENT_3D('',#1245,#1246,#1247);
#1245 = CARTESIAN_POINT('',(15.5,-33.47090254055,37.727364243777));
#1246 = DIRECTION('',(1.,1.1E-16,4.5E-16));
#1247 = DIRECTION('',(1.209616440446E-16,-0.999701489781,
    -2.443217815265E-02));
#1248 = ORIENTED_EDGE('',*,*,#1249,.T.);
#1249 = EDGE_CURVE('',#1241,#1250,#1252,.T.);
#1250 = VERTEX_POINT('',#1251);
#1251 = CARTESIAN_POINT('',(15.5,-36.29916187007,37.086311075185));
#1252 = CIRCLE('',#1253,2.9);
#1253 = AXIS2_PLACEMENT_3D('',#1254,#1255,#1256);
#1254 = CARTESIAN_POINT('',(15.5,-33.47090254055,37.727364243777));
#1255 = DIRECTION('',(1.,1.1E-16,4.5E-16));
#1256 = DIRECTION('',(1.209616440446E-16,-0.999701489781,
    -2.443217815265E-02));
#1257 = ORIENTED_EDGE('',*,*,#1258,.T.);
#1258 = EDGE_CURVE('',#1250,#1259,#1261,.T.);
#1259 = VERTEX_POINT('',#1260);
#1260 = CARTESIAN_POINT('',(15.5,-30.85633268152,36.472762931708));
#1261 = CIRCLE('',#1262,2.9);
#1262 = AXIS2_PLACEMENT_3D('',#1263,#1264,#1265);
#1263 = CARTESIAN_POINT('',(15.5,-33.47090254055,37.727364243777));
#1264 = DIRECTION('',(1.,1.1E-16,4.5E-16));
#1265 = DIRECTION('',(1.209616440446E-16,-0.999701489781,
    -2.443217815265E-02));
#1266 = ORIENTED_EDGE('',*,*,#1267,.T.);
#1267 = EDGE_CURVE('',#1259,#1268,#1270,.T.);
#1268 = VERTEX_POINT('',#1269);
#1269 = CARTESIAN_POINT('',(15.5,-30.58365643846,37.999044103074));
#1270 = CIRCLE('',#1271,2.9);
#1271 = AXIS2_PLACEMENT_3D('',#1272,#1273,#1274);
#1272 = CARTESIAN_POINT('',(15.5,-33.47090254055,37.727364243777));
#1273 = DIRECTION('',(1.,1.1E-16,4.5E-16));
#1274 = DIRECTION('',(1.209616440446E-16,-0.999701489781,
    -2.443217815265E-02));
#1275 = ORIENTED_EDGE('',*,*,#1276,.T.);
#1276 = EDGE_CURVE('',#1268,#1277,#1279,.T.);
#1277 = VERTEX_POINT('',#1278);
#1278 = CARTESIAN_POINT('',(15.5,-30.61498483657,38.231084471786));
#1279 = CIRCLE('',#1280,2.9);
#1280 = AXIS2_PLACEMENT_3D('',#1281,#1282,#1283);
#1281 = CARTESIAN_POINT('',(15.5,-33.47090254055,37.727364243777));
#1282 = DIRECTION('',(1.,1.1E-16,4.5E-16));
#1283 = DIRECTION('',(1.209616440446E-16,-0.999701489781,
    -2.443217815265E-02));
#1284 = ORIENTED_EDGE('',*,*,#1285,.F.);
#1285 = EDGE_CURVE('',#1286,#1277,#1288,.T.);
#1286 = VERTEX_POINT('',#1287);
#1287 = CARTESIAN_POINT('',(10.5,-30.61498483657,38.231084471786));
#1288 = LINE('',#1289,#1290);
#1289 = CARTESIAN_POINT('',(-3.212E-14,-30.61498483657,38.231084471786)
  );
#1290 = VECTOR('',#1291,1.);
#1291 = DIRECTION('',(1.,-7.8E-16,-4.4E-16));
#1292 = ORIENTED_EDGE('',*,*,#1293,.F.);
#1293 = EDGE_CURVE('',#1231,#1286,#1294,.T.);
#1294 = CIRCLE('',#1295,2.9);
#1295 = AXIS2_PLACEMENT_3D('',#1296,#1297,#1298);
#1296 = CARTESIAN_POINT('',(10.5,-33.47090254055,37.727364243777));
#1297 = DIRECTION('',(1.,1.1E-16,4.5E-16));
#1298 = DIRECTION('',(1.209616440446E-16,-0.999701489781,
    -2.443217815265E-02));
#1299 = CYLINDRICAL_SURFACE('',#1300,2.9);
#1300 = AXIS2_PLACEMENT_3D('',#1301,#1302,#1303);
#1301 = CARTESIAN_POINT('',(-3.091E-14,-33.47090254055,37.727364243777)
  );
#1302 = DIRECTION('',(1.,-7.8E-16,-4.4E-16));
#1303 = DIRECTION('',(-7.905173204165E-16,-0.999701489781,
    -2.443217815265E-02));
#1304 = ADVANCED_FACE('',(#1305),#1330,.F.);
#1305 = FACE_BOUND('',#1306,.T.);
#1306 = EDGE_LOOP('',(#1307,#1317,#1323,#1324));
#1307 = ORIENTED_EDGE('',*,*,#1308,.F.);
#1308 = EDGE_CURVE('',#1309,#1311,#1313,.T.);
#1309 = VERTEX_POINT('',#1310);
#1310 = CARTESIAN_POINT('',(10.5,-28.87892924165,40.844058200866));
#1311 = VERTEX_POINT('',#1312);
#1312 = CARTESIAN_POINT('',(15.5,-28.87892924165,40.844058200866));
#1313 = LINE('',#1314,#1315);
#1314 = CARTESIAN_POINT('',(-5.169E-14,-28.87892924165,40.844058200866)
  );
#1315 = VECTOR('',#1316,1.);
#1316 = DIRECTION('',(1.,-5.5E-16,-5.6E-16));
#1317 = ORIENTED_EDGE('',*,*,#1318,.F.);
#1318 = EDGE_CURVE('',#1286,#1309,#1319,.T.);
#1319 = LINE('',#1320,#1321);
#1320 = CARTESIAN_POINT('',(10.5,-31.01105826171,37.634946042991));
#1321 = VECTOR('',#1322,1.);
#1322 = DIRECTION('',(-6.E-17,0.553391549243,0.83292124071));
#1323 = ORIENTED_EDGE('',*,*,#1285,.T.);
#1324 = ORIENTED_EDGE('',*,*,#1325,.T.);
#1325 = EDGE_CURVE('',#1277,#1311,#1326,.T.);
#1326 = LINE('',#1327,#1328);
#1327 = CARTESIAN_POINT('',(15.5,-31.01105826171,37.634946042991));
#1328 = VECTOR('',#1329,1.);
#1329 = DIRECTION('',(-6.E-17,0.553391549243,0.83292124071));
#1330 = PLANE('',#1331);
#1331 = AXIS2_PLACEMENT_3D('',#1332,#1333,#1334);
#1332 = CARTESIAN_POINT('',(-5.231E-14,-30.30034858835,38.704650095616)
  );
#1333 = DIRECTION('',(2.E-17,0.83292124071,-0.553391549243));
#1334 = DIRECTION('',(-1.32E-15,0.553391549243,0.83292124071));
#1335 = ADVANCED_FACE('',(#1336),#1363,.T.);
#1336 = FACE_BOUND('',#1337,.F.);
#1337 = EDGE_LOOP('',(#1338,#1339,#1348,#1356));
#1338 = ORIENTED_EDGE('',*,*,#1308,.F.);
#1339 = ORIENTED_EDGE('',*,*,#1340,.F.);
#1340 = EDGE_CURVE('',#1341,#1309,#1343,.T.);
#1341 = VERTEX_POINT('',#1342);
#1342 = CARTESIAN_POINT('',(10.5,-27.141858911,40.717883719597));
#1343 = CIRCLE('',#1344,1.);
#1344 = AXIS2_PLACEMENT_3D('',#1345,#1346,#1347);
#1345 = CARTESIAN_POINT('',(10.5,-28.04600800094,40.290666651622));
#1346 = DIRECTION('',(1.,1.1E-16,4.5E-16));
#1347 = DIRECTION('',(1.209616440446E-16,-0.999701489781,
    -2.443217815265E-02));
#1348 = ORIENTED_EDGE('',*,*,#1349,.F.);
#1349 = EDGE_CURVE('',#1350,#1341,#1352,.T.);
#1350 = VERTEX_POINT('',#1351);
#1351 = CARTESIAN_POINT('',(15.5,-27.141858911,40.717883719597));
#1352 = LINE('',#1353,#1354);
#1353 = CARTESIAN_POINT('',(-4.99E-14,-27.141858911,40.717883719597));
#1354 = VECTOR('',#1355,1.);
#1355 = DIRECTION('',(-1.,5.5E-16,5.6E-16));
#1356 = ORIENTED_EDGE('',*,*,#1357,.T.);
#1357 = EDGE_CURVE('',#1350,#1311,#1358,.T.);
#1358 = CIRCLE('',#1359,1.);
#1359 = AXIS2_PLACEMENT_3D('',#1360,#1361,#1362);
#1360 = CARTESIAN_POINT('',(15.5,-28.04600800094,40.290666651622));
#1361 = DIRECTION('',(1.,1.1E-16,4.5E-16));
#1362 = DIRECTION('',(1.209616440446E-16,-0.999701489781,
    -2.443217815265E-02));
#1363 = CYLINDRICAL_SURFACE('',#1364,1.);
#1364 = AXIS2_PLACEMENT_3D('',#1365,#1366,#1367);
#1365 = CARTESIAN_POINT('',(-4.898E-14,-28.04600800094,40.290666651622)
  );
#1366 = DIRECTION('',(1.,-1.E-15,-3.3E-16));
#1367 = DIRECTION('',(-1.007764108572E-15,-0.999701489781,
    -2.443217815265E-02));
#1368 = ADVANCED_FACE('',(#1369),#1396,.T.);
#1369 = FACE_BOUND('',#1370,.T.);
#1370 = EDGE_LOOP('',(#1371,#1380,#1381,#1390));
#1371 = ORIENTED_EDGE('',*,*,#1372,.F.);
#1372 = EDGE_CURVE('',#1341,#1373,#1375,.T.);
#1373 = VERTEX_POINT('',#1374);
#1374 = CARTESIAN_POINT('',(10.5,-26.50168781136,38.383143214493));
#1375 = CIRCLE('',#1376,7.);
#1376 = AXIS2_PLACEMENT_3D('',#1377,#1378,#1379);
#1377 = CARTESIAN_POINT('',(10.5,-33.47090254055,37.727364243777));
#1378 = DIRECTION('',(-1.,-1.1E-16,-4.5E-16));
#1379 = DIRECTION('',(1.209616440446E-16,-0.999701489781,
    -2.443217815265E-02));
#1380 = ORIENTED_EDGE('',*,*,#1349,.F.);
#1381 = ORIENTED_EDGE('',*,*,#1382,.T.);
#1382 = EDGE_CURVE('',#1350,#1383,#1385,.T.);
#1383 = VERTEX_POINT('',#1384);
#1384 = CARTESIAN_POINT('',(15.5,-26.50168781136,38.383143214493));
#1385 = CIRCLE('',#1386,7.);
#1386 = AXIS2_PLACEMENT_3D('',#1387,#1388,#1389);
#1387 = CARTESIAN_POINT('',(15.5,-33.47090254055,37.727364243777));
#1388 = DIRECTION('',(-1.,-5.290983397804E-16,-1.889995530583E-15));
#1389 = DIRECTION('',(5.751171060302E-16,-0.999701489781,
    -2.443217815265E-02));
#1390 = ORIENTED_EDGE('',*,*,#1391,.F.);
#1391 = EDGE_CURVE('',#1373,#1383,#1392,.T.);
#1392 = LINE('',#1393,#1394);
#1393 = CARTESIAN_POINT('',(-15.5,-26.50168781136,38.383143214493));
#1394 = VECTOR('',#1395,1.);
#1395 = DIRECTION('',(1.,-5.5E-16,-5.6E-16));
#1396 = CYLINDRICAL_SURFACE('',#1397,7.);
#1397 = AXIS2_PLACEMENT_3D('',#1398,#1399,#1400);
#1398 = CARTESIAN_POINT('',(-15.5,-33.47090254055,37.727364243777));
#1399 = DIRECTION('',(-1.,1.E-15,3.3E-16));
#1400 = DIRECTION('',(-1.007764108572E-15,-0.999701489781,
    -2.443217815265E-02));
#1401 = ADVANCED_FACE('',(#1402),#1429,.F.);
#1402 = FACE_BOUND('',#1403,.F.);
#1403 = EDGE_LOOP('',(#1404,#1413,#1421,#1428));
#1404 = ORIENTED_EDGE('',*,*,#1405,.F.);
#1405 = EDGE_CURVE('',#1406,#1373,#1408,.T.);
#1406 = VERTEX_POINT('',#1407);
#1407 = CARTESIAN_POINT('',(10.5,-23.85093100345,35.683072304833));
#1408 = CIRCLE('',#1409,3.);
#1409 = AXIS2_PLACEMENT_3D('',#1410,#1411,#1412);
#1410 = CARTESIAN_POINT('',(10.5,-23.51488149885,38.6641913448));
#1411 = DIRECTION('',(-1.,-1.1E-16,-4.5E-16));
#1412 = DIRECTION('',(1.209616440446E-16,-0.999701489781,
    -2.443217815265E-02));
#1413 = ORIENTED_EDGE('',*,*,#1414,.T.);
#1414 = EDGE_CURVE('',#1406,#1415,#1417,.T.);
#1415 = VERTEX_POINT('',#1416);
#1416 = CARTESIAN_POINT('',(15.5,-23.85093100345,35.683072304833));
#1417 = LINE('',#1418,#1419);
#1418 = CARTESIAN_POINT('',(-15.5,-23.85093100345,35.683072304833));
#1419 = VECTOR('',#1420,1.);
#1420 = DIRECTION('',(1.,-5.5E-16,-5.6E-16));
#1421 = ORIENTED_EDGE('',*,*,#1422,.T.);
#1422 = EDGE_CURVE('',#1415,#1383,#1423,.T.);
#1423 = CIRCLE('',#1424,3.);
#1424 = AXIS2_PLACEMENT_3D('',#1425,#1426,#1427);
#1425 = CARTESIAN_POINT('',(15.5,-23.51488149885,38.6641913448));
#1426 = DIRECTION('',(-1.,-5.290983397804E-16,-1.889995530583E-15));
#1427 = DIRECTION('',(5.751171060302E-16,-0.999701489781,
    -2.443217815265E-02));
#1428 = ORIENTED_EDGE('',*,*,#1391,.F.);
#1429 = CYLINDRICAL_SURFACE('',#1430,3.);
#1430 = AXIS2_PLACEMENT_3D('',#1431,#1432,#1433);
#1431 = CARTESIAN_POINT('',(-15.5,-23.51488149885,38.6641913448));
#1432 = DIRECTION('',(-1.,1.E-15,3.3E-16));
#1433 = DIRECTION('',(-1.007764108572E-15,-0.999701489781,
    -2.443217815265E-02));
#1434 = ADVANCED_FACE('',(#1435),#1492,.F.);
#1435 = FACE_BOUND('',#1436,.T.);
#1436 = EDGE_LOOP('',(#1437,#1447,#1455,#1463,#1471,#1477,#1478,#1486));
#1437 = ORIENTED_EDGE('',*,*,#1438,.F.);
#1438 = EDGE_CURVE('',#1439,#1441,#1443,.T.);
#1439 = VERTEX_POINT('',#1440);
#1440 = CARTESIAN_POINT('',(-15.5,-23.85093100345,35.683072304833));
#1441 = VERTEX_POINT('',#1442);
#1442 = CARTESIAN_POINT('',(-15.5,-10.9893930779,34.233243099634));
#1443 = LINE('',#1444,#1445);
#1444 = CARTESIAN_POINT('',(-15.5,-40.46881296902,37.556338996708));
#1445 = VECTOR('',#1446,1.);
#1446 = DIRECTION('',(-3.047456590723E-16,0.993706346656,-0.112016501534
    ));
#1447 = ORIENTED_EDGE('',*,*,#1448,.T.);
#1448 = EDGE_CURVE('',#1439,#1449,#1451,.T.);
#1449 = VERTEX_POINT('',#1450);
#1450 = CARTESIAN_POINT('',(-10.5,-23.85093100345,35.683072304833));
#1451 = LINE('',#1452,#1453);
#1452 = CARTESIAN_POINT('',(-15.5,-23.85093100345,35.683072304833));
#1453 = VECTOR('',#1454,1.);
#1454 = DIRECTION('',(1.,-5.5E-16,-5.6E-16));
#1455 = ORIENTED_EDGE('',*,*,#1456,.F.);
#1456 = EDGE_CURVE('',#1457,#1449,#1459,.T.);
#1457 = VERTEX_POINT('',#1458);
#1458 = CARTESIAN_POINT('',(-10.5,-22.68814892545,35.551996579229));
#1459 = LINE('',#1460,#1461);
#1460 = CARTESIAN_POINT('',(-10.5,-37.02328012241,37.167938000078));
#1461 = VECTOR('',#1462,1.);
#1462 = DIRECTION('',(1.1E-16,-0.993706346656,0.112016501534));
#1463 = ORIENTED_EDGE('',*,*,#1464,.T.);
#1464 = EDGE_CURVE('',#1457,#1465,#1467,.T.);
#1465 = VERTEX_POINT('',#1466);
#1466 = CARTESIAN_POINT('',(10.5,-22.68814892545,35.551996579229));
#1467 = LINE('',#1468,#1469);
#1468 = CARTESIAN_POINT('',(10.5,-22.68814892545,35.551996579229));
#1469 = VECTOR('',#1470,1.);
#1470 = DIRECTION('',(1.,-7.8E-16,-4.4E-16));
#1471 = ORIENTED_EDGE('',*,*,#1472,.T.);
#1472 = EDGE_CURVE('',#1465,#1406,#1473,.T.);
#1473 = LINE('',#1474,#1475);
#1474 = CARTESIAN_POINT('',(10.5,-37.02328012241,37.167938000078));
#1475 = VECTOR('',#1476,1.);
#1476 = DIRECTION('',(1.1E-16,-0.993706346656,0.112016501534));
#1477 = ORIENTED_EDGE('',*,*,#1414,.T.);
#1478 = ORIENTED_EDGE('',*,*,#1479,.T.);
#1479 = EDGE_CURVE('',#1415,#1480,#1482,.T.);
#1480 = VERTEX_POINT('',#1481);
#1481 = CARTESIAN_POINT('',(15.5,-10.9893930779,34.233243099634));
#1482 = LINE('',#1483,#1484);
#1483 = CARTESIAN_POINT('',(15.5,-40.46881296902,37.556338996708));
#1484 = VECTOR('',#1485,1.);
#1485 = DIRECTION('',(-3.047456590723E-16,0.993706346656,-0.112016501534
    ));
#1486 = ORIENTED_EDGE('',*,*,#1487,.F.);
#1487 = EDGE_CURVE('',#1441,#1480,#1488,.T.);
#1488 = LINE('',#1489,#1490);
#1489 = CARTESIAN_POINT('',(-4.87E-14,-10.9893930779,34.233243099634));
#1490 = VECTOR('',#1491,1.);
#1491 = DIRECTION('',(1.,-5.5E-16,-5.6E-16));
#1492 = PLANE('',#1493);
#1493 = AXIS2_PLACEMENT_3D('',#1494,#1495,#1496);
#1494 = CARTESIAN_POINT('',(-15.5,-40.46881296902,37.556338996708));
#1495 = DIRECTION('',(1.3E-15,-0.112016501534,-0.993706346656));
#1496 = DIRECTION('',(1.7E-16,-0.993706346656,0.112016501534));
#1497 = ADVANCED_FACE('',(#1498),#1525,.T.);
#1498 = FACE_BOUND('',#1499,.F.);
#1499 = EDGE_LOOP('',(#1500,#1501,#1510,#1518));
#1500 = ORIENTED_EDGE('',*,*,#1487,.F.);
#1501 = ORIENTED_EDGE('',*,*,#1502,.F.);
#1502 = EDGE_CURVE('',#1503,#1441,#1505,.T.);
#1503 = VERTEX_POINT('',#1504);
#1504 = CARTESIAN_POINT('',(-15.5,-8.326338113169,31.325420594125));
#1505 = CIRCLE('',#1506,3.);
#1506 = AXIS2_PLACEMENT_3D('',#1507,#1508,#1509);
#1507 = CARTESIAN_POINT('',(-15.5,-11.32544258251,31.252124059667));
#1508 = DIRECTION('',(1.,1.1E-16,4.5E-16));
#1509 = DIRECTION('',(1.209616440446E-16,-0.999701489781,
    -2.443217815265E-02));
#1510 = ORIENTED_EDGE('',*,*,#1511,.F.);
#1511 = EDGE_CURVE('',#1512,#1503,#1514,.T.);
#1512 = VERTEX_POINT('',#1513);
#1513 = CARTESIAN_POINT('',(15.5,-8.326338113169,31.325420594125));
#1514 = LINE('',#1515,#1516);
#1515 = CARTESIAN_POINT('',(-4.259E-14,-8.326338113169,31.325420594125)
  );
#1516 = VECTOR('',#1517,1.);
#1517 = DIRECTION('',(-1.,5.5E-16,5.6E-16));
#1518 = ORIENTED_EDGE('',*,*,#1519,.T.);
#1519 = EDGE_CURVE('',#1512,#1480,#1520,.T.);
#1520 = CIRCLE('',#1521,3.);
#1521 = AXIS2_PLACEMENT_3D('',#1522,#1523,#1524);
#1522 = CARTESIAN_POINT('',(15.5,-11.32544258251,31.252124059667));
#1523 = DIRECTION('',(1.,1.1E-16,4.5E-16));
#1524 = DIRECTION('',(1.209616440446E-16,-0.999701489781,
    -2.443217815265E-02));
#1525 = CYLINDRICAL_SURFACE('',#1526,3.);
#1526 = AXIS2_PLACEMENT_3D('',#1527,#1528,#1529);
#1527 = CARTESIAN_POINT('',(-4.149E-14,-11.32544258251,31.252124059667)
  );
#1528 = DIRECTION('',(1.,-1.E-15,-3.3E-16));
#1529 = DIRECTION('',(-1.007764108572E-15,-0.999701489781,
    -2.443217815265E-02));
#1530 = ADVANCED_FACE('',(#1531),#1556,.F.);
#1531 = FACE_BOUND('',#1532,.T.);
#1532 = EDGE_LOOP('',(#1533,#1543,#1549,#1550));
#1533 = ORIENTED_EDGE('',*,*,#1534,.T.);
#1534 = EDGE_CURVE('',#1535,#1537,#1539,.T.);
#1535 = VERTEX_POINT('',#1536);
#1536 = CARTESIAN_POINT('',(15.5,-8.250598606026,28.226356005925));
#1537 = VERTEX_POINT('',#1538);
#1538 = CARTESIAN_POINT('',(-15.5,-8.250598606026,28.226356005925));
#1539 = LINE('',#1540,#1541);
#1540 = CARTESIAN_POINT('',(-15.5,-8.250598606026,28.226356005924));
#1541 = VECTOR('',#1542,1.);
#1542 = DIRECTION('',(-1.,5.6E-16,2.2E-16));
#1543 = ORIENTED_EDGE('',*,*,#1544,.F.);
#1544 = EDGE_CURVE('',#1503,#1537,#1545,.T.);
#1545 = LINE('',#1546,#1547);
#1546 = CARTESIAN_POINT('',(-15.5,-8.105286712164,22.280569434229));
#1547 = VECTOR('',#1548,1.);
#1548 = DIRECTION('',(0.,2.443217815265E-02,-0.999701489781));
#1549 = ORIENTED_EDGE('',*,*,#1511,.F.);
#1550 = ORIENTED_EDGE('',*,*,#1551,.T.);
#1551 = EDGE_CURVE('',#1512,#1535,#1552,.T.);
#1552 = LINE('',#1553,#1554);
#1553 = CARTESIAN_POINT('',(15.5,-8.105286712164,22.280569434229));
#1554 = VECTOR('',#1555,1.);
#1555 = DIRECTION('',(0.,2.443217815265E-02,-0.999701489781));
#1556 = PLANE('',#1557);
#1557 = AXIS2_PLACEMENT_3D('',#1558,#1559,#1560);
#1558 = CARTESIAN_POINT('',(-3.648E-14,-8.197649086456,26.059798719579)
  );
#1559 = DIRECTION('',(8.3E-16,-0.999701489781,-2.443217815265E-02));
#1560 = DIRECTION('',(1.21E-15,2.443217815265E-02,-0.999701489781));
#1561 = ADVANCED_FACE('',(#1562),#1589,.T.);
#1562 = FACE_BOUND('',#1563,.F.);
#1563 = EDGE_LOOP('',(#1564,#1573,#1574,#1583));
#1564 = ORIENTED_EDGE('',*,*,#1565,.F.);
#1565 = EDGE_CURVE('',#471,#1566,#1568,.T.);
#1566 = VERTEX_POINT('',#1567);
#1567 = CARTESIAN_POINT('',(-15.5,33.166655885475,44.720749259123));
#1568 = CIRCLE('',#1569,7.);
#1569 = AXIS2_PLACEMENT_3D('',#1570,#1571,#1572);
#1570 = CARTESIAN_POINT('',(-15.5,33.470902540555,37.727364243777));
#1571 = DIRECTION('',(1.,3.187805701193E-15,3.549931150003E-15));
#1572 = DIRECTION('',(-3.100121558329E-15,0.999701489781,
    -2.443217815266E-02));
#1573 = ORIENTED_EDGE('',*,*,#517,.T.);
#1574 = ORIENTED_EDGE('',*,*,#1575,.F.);
#1575 = EDGE_CURVE('',#1576,#510,#1578,.T.);
#1576 = VERTEX_POINT('',#1577);
#1577 = CARTESIAN_POINT('',(-10.5,33.166655885475,44.720749259123));
#1578 = CIRCLE('',#1579,7.);
#1579 = AXIS2_PLACEMENT_3D('',#1580,#1581,#1582);
#1580 = CARTESIAN_POINT('',(-10.5,33.470902540555,37.727364243777));
#1581 = DIRECTION('',(-1.,-1.55E-15,-2.67E-15));
#1582 = DIRECTION('',(-1.484303393493E-15,0.999701489781,
    -2.443217815266E-02));
#1583 = ORIENTED_EDGE('',*,*,#1584,.F.);
#1584 = EDGE_CURVE('',#1566,#1576,#1585,.T.);
#1585 = LINE('',#1586,#1587);
#1586 = CARTESIAN_POINT('',(-1.4872E-13,33.166655885475,44.720749259123)
  );
#1587 = VECTOR('',#1588,1.);
#1588 = DIRECTION('',(1.,-7.8E-16,-4.4E-16));
#1589 = CYLINDRICAL_SURFACE('',#1590,7.);
#1590 = AXIS2_PLACEMENT_3D('',#1591,#1592,#1593);
#1591 = CARTESIAN_POINT('',(-15.5,33.470902540555,37.727364243777));
#1592 = DIRECTION('',(-1.,7.8E-16,6.6E-16));
#1593 = DIRECTION('',(7.636419244486E-16,0.999701489781,
    -2.443217815266E-02));
#1594 = ADVANCED_FACE('',(#1595),#1622,.T.);
#1595 = FACE_BOUND('',#1596,.T.);
#1596 = EDGE_LOOP('',(#1597,#1598,#1607,#1615));
#1597 = ORIENTED_EDGE('',*,*,#1584,.F.);
#1598 = ORIENTED_EDGE('',*,*,#1599,.T.);
#1599 = EDGE_CURVE('',#1566,#1600,#1602,.T.);
#1600 = VERTEX_POINT('',#1601);
#1601 = CARTESIAN_POINT('',(-15.5,32.377198452633,43.168302707688));
#1602 = CIRCLE('',#1603,1.);
#1603 = AXIS2_PLACEMENT_3D('',#1604,#1605,#1606);
#1604 = CARTESIAN_POINT('',(-15.5,33.210119693343,43.721694256931));
#1605 = DIRECTION('',(1.,1.89E-15,2.E-15));
#1606 = DIRECTION('',(-1.840571459381E-15,0.999701489781,
    -2.443217815266E-02));
#1607 = ORIENTED_EDGE('',*,*,#1608,.F.);
#1608 = EDGE_CURVE('',#1609,#1600,#1611,.T.);
#1609 = VERTEX_POINT('',#1610);
#1610 = CARTESIAN_POINT('',(-10.5,32.377198452633,43.168302707688));
#1611 = LINE('',#1612,#1613);
#1612 = CARTESIAN_POINT('',(-1.4756E-13,32.377198452633,43.168302707688)
  );
#1613 = VECTOR('',#1614,1.);
#1614 = DIRECTION('',(-1.,7.8E-16,4.4E-16));
#1615 = ORIENTED_EDGE('',*,*,#1616,.F.);
#1616 = EDGE_CURVE('',#1576,#1609,#1617,.T.);
#1617 = CIRCLE('',#1618,1.);
#1618 = AXIS2_PLACEMENT_3D('',#1619,#1620,#1621);
#1619 = CARTESIAN_POINT('',(-10.5,33.210119693343,43.721694256931));
#1620 = DIRECTION('',(1.,1.89E-15,2.E-15));
#1621 = DIRECTION('',(-1.840571459381E-15,0.999701489781,
    -2.443217815266E-02));
#1622 = CYLINDRICAL_SURFACE('',#1623,1.);
#1623 = AXIS2_PLACEMENT_3D('',#1624,#1625,#1626);
#1624 = CARTESIAN_POINT('',(-1.5024E-13,33.210119693343,43.721694256931)
  );
#1625 = DIRECTION('',(1.,-3.3E-16,-2.2E-16));
#1626 = DIRECTION('',(3.245264124342E-16,0.999701489781,
    -2.443217815266E-02));
#1627 = ADVANCED_FACE('',(#1628),#1653,.F.);
#1628 = FACE_BOUND('',#1629,.F.);
#1629 = EDGE_LOOP('',(#1630,#1638,#1639,#1647));
#1630 = ORIENTED_EDGE('',*,*,#1631,.F.);
#1631 = EDGE_CURVE('',#1600,#1632,#1634,.T.);
#1632 = VERTEX_POINT('',#1633);
#1633 = CARTESIAN_POINT('',(-15.5,34.113254047559,40.555328978608));
#1634 = LINE('',#1635,#1636);
#1635 = CARTESIAN_POINT('',(-15.5,36.735042535079,36.609220074542));
#1636 = VECTOR('',#1637,1.);
#1637 = DIRECTION('',(1.81E-15,0.553391549243,-0.83292124071));
#1638 = ORIENTED_EDGE('',*,*,#1608,.F.);
#1639 = ORIENTED_EDGE('',*,*,#1640,.F.);
#1640 = EDGE_CURVE('',#1641,#1609,#1643,.T.);
#1641 = VERTEX_POINT('',#1642);
#1642 = CARTESIAN_POINT('',(-10.5,34.113254047559,40.555328978608));
#1643 = LINE('',#1644,#1645);
#1644 = CARTESIAN_POINT('',(-10.5,34.509327472693,39.959190549813));
#1645 = VECTOR('',#1646,1.);
#1646 = DIRECTION('',(-7.7E-16,-0.553391549243,0.83292124071));
#1647 = ORIENTED_EDGE('',*,*,#1648,.F.);
#1648 = EDGE_CURVE('',#1632,#1641,#1649,.T.);
#1649 = LINE('',#1650,#1651);
#1650 = CARTESIAN_POINT('',(-1.705E-13,34.113254047559,40.555328978608)
  );
#1651 = VECTOR('',#1652,1.);
#1652 = DIRECTION('',(1.,-7.8E-16,0.));
#1653 = PLANE('',#1654);
#1654 = AXIS2_PLACEMENT_3D('',#1655,#1656,#1657);
#1655 = CARTESIAN_POINT('',(-1.4791E-13,33.79861779934,41.028894602438)
  );
#1656 = DIRECTION('',(-2.16E-15,0.83292124071,0.553391549243));
#1657 = DIRECTION('',(-5.6E-16,-0.553391549243,0.83292124071));
#1658 = ADVANCED_FACE('',(#1659),#1704,.F.);
#1659 = FACE_BOUND('',#1660,.F.);
#1660 = EDGE_LOOP('',(#1661,#1671,#1680,#1687,#1688,#1697));
#1661 = ORIENTED_EDGE('',*,*,#1662,.F.);
#1662 = EDGE_CURVE('',#1663,#1665,#1667,.T.);
#1663 = VERTEX_POINT('',#1664);
#1664 = CARTESIAN_POINT('',(-15.5,30.614984836577,38.231084471786));
#1665 = VERTEX_POINT('',#1666);
#1666 = CARTESIAN_POINT('',(-10.5,30.614984836577,38.231084471786));
#1667 = LINE('',#1668,#1669);
#1668 = CARTESIAN_POINT('',(-1.614E-13,30.614984836577,38.231084471786)
  );
#1669 = VECTOR('',#1670,1.);
#1670 = DIRECTION('',(1.,-7.8E-16,0.));
#1671 = ORIENTED_EDGE('',*,*,#1672,.T.);
#1672 = EDGE_CURVE('',#1663,#1673,#1675,.T.);
#1673 = VERTEX_POINT('',#1674);
#1674 = CARTESIAN_POINT('',(-15.5,36.37003686092,37.656510927134));
#1675 = CIRCLE('',#1676,2.9);
#1676 = AXIS2_PLACEMENT_3D('',#1677,#1678,#1679);
#1677 = CARTESIAN_POINT('',(-15.5,33.470902540555,37.727364243777));
#1678 = DIRECTION('',(1.,2.55E-15,2.67E-15));
#1679 = DIRECTION('',(-2.484004883274E-15,0.999701489781,
    -2.443217815266E-02));
#1680 = ORIENTED_EDGE('',*,*,#1681,.T.);
#1681 = EDGE_CURVE('',#1673,#1632,#1682,.T.);
#1682 = CIRCLE('',#1683,2.9);
#1683 = AXIS2_PLACEMENT_3D('',#1684,#1685,#1686);
#1684 = CARTESIAN_POINT('',(-15.5,33.470902540555,37.727364243777));
#1685 = DIRECTION('',(1.,2.55E-15,2.67E-15));
#1686 = DIRECTION('',(-2.484004883274E-15,0.999701489781,
    -2.443217815266E-02));
#1687 = ORIENTED_EDGE('',*,*,#1648,.T.);
#1688 = ORIENTED_EDGE('',*,*,#1689,.F.);
#1689 = EDGE_CURVE('',#1690,#1641,#1692,.T.);
#1690 = VERTEX_POINT('',#1691);
#1691 = CARTESIAN_POINT('',(-10.5,36.37003686092,37.656510927134));
#1692 = CIRCLE('',#1693,2.9);
#1693 = AXIS2_PLACEMENT_3D('',#1694,#1695,#1696);
#1694 = CARTESIAN_POINT('',(-10.5,33.470902540555,37.727364243777));
#1695 = DIRECTION('',(1.,2.E-15,2.44E-15));
#1696 = DIRECTION('',(-1.93978846487E-15,0.999701489781,
    -2.443217815266E-02));
#1697 = ORIENTED_EDGE('',*,*,#1698,.F.);
#1698 = EDGE_CURVE('',#1665,#1690,#1699,.T.);
#1699 = CIRCLE('',#1700,2.9);
#1700 = AXIS2_PLACEMENT_3D('',#1701,#1702,#1703);
#1701 = CARTESIAN_POINT('',(-10.5,33.470902540555,37.727364243777));
#1702 = DIRECTION('',(1.,2.E-15,2.44E-15));
#1703 = DIRECTION('',(-1.93978846487E-15,0.999701489781,
    -2.443217815266E-02));
#1704 = CYLINDRICAL_SURFACE('',#1705,2.9);
#1705 = AXIS2_PLACEMENT_3D('',#1706,#1707,#1708);
#1706 = CARTESIAN_POINT('',(-1.6387E-13,33.470902540555,37.727364243777)
  );
#1707 = DIRECTION('',(1.,-7.8E-16,0.));
#1708 = DIRECTION('',(7.797671620293E-16,0.999701489781,
    -2.443217815266E-02));
#1709 = ADVANCED_FACE('',(#1710),#1735,.F.);
#1710 = FACE_BOUND('',#1711,.F.);
#1711 = EDGE_LOOP('',(#1712,#1722,#1728,#1729));
#1712 = ORIENTED_EDGE('',*,*,#1713,.F.);
#1713 = EDGE_CURVE('',#1714,#1716,#1718,.T.);
#1714 = VERTEX_POINT('',#1715);
#1715 = CARTESIAN_POINT('',(-15.5,28.878929241651,40.844058200866));
#1716 = VERTEX_POINT('',#1717);
#1717 = CARTESIAN_POINT('',(-10.5,28.878929241651,40.844058200866));
#1718 = LINE('',#1719,#1720);
#1719 = CARTESIAN_POINT('',(-1.3848E-13,28.878929241651,40.844058200866)
  );
#1720 = VECTOR('',#1721,1.);
#1721 = DIRECTION('',(1.,-7.8E-16,-4.4E-16));
#1722 = ORIENTED_EDGE('',*,*,#1723,.F.);
#1723 = EDGE_CURVE('',#1663,#1714,#1724,.T.);
#1724 = LINE('',#1725,#1726);
#1725 = CARTESIAN_POINT('',(-15.5,33.236773324096,34.28497556772));
#1726 = VECTOR('',#1727,1.);
#1727 = DIRECTION('',(-1.81E-15,-0.553391549243,0.83292124071));
#1728 = ORIENTED_EDGE('',*,*,#1662,.T.);
#1729 = ORIENTED_EDGE('',*,*,#1730,.F.);
#1730 = EDGE_CURVE('',#1716,#1665,#1731,.T.);
#1731 = LINE('',#1732,#1733);
#1732 = CARTESIAN_POINT('',(-10.5,31.01105826171,37.634946042991));
#1733 = VECTOR('',#1734,1.);
#1734 = DIRECTION('',(7.7E-16,0.553391549243,-0.83292124071));
#1735 = PLANE('',#1736);
#1736 = AXIS2_PLACEMENT_3D('',#1737,#1738,#1739);
#1737 = CARTESIAN_POINT('',(-1.4108E-13,30.300348588357,38.704650095616)
  );
#1738 = DIRECTION('',(2.18E-15,-0.83292124071,-0.553391549243));
#1739 = DIRECTION('',(5.6E-16,0.553391549243,-0.83292124071));
#1740 = ADVANCED_FACE('',(#1741),#1768,.T.);
#1741 = FACE_BOUND('',#1742,.T.);
#1742 = EDGE_LOOP('',(#1743,#1744,#1753,#1761));
#1743 = ORIENTED_EDGE('',*,*,#1713,.F.);
#1744 = ORIENTED_EDGE('',*,*,#1745,.T.);
#1745 = EDGE_CURVE('',#1714,#1746,#1748,.T.);
#1746 = VERTEX_POINT('',#1747);
#1747 = CARTESIAN_POINT('',(-15.5,27.141858911005,40.717883719597));
#1748 = CIRCLE('',#1749,1.);
#1749 = AXIS2_PLACEMENT_3D('',#1750,#1751,#1752);
#1750 = CARTESIAN_POINT('',(-15.5,28.046008000941,40.290666651622));
#1751 = DIRECTION('',(1.,1.89E-15,2.E-15));
#1752 = DIRECTION('',(-1.840571459381E-15,0.999701489781,
    -2.443217815266E-02));
#1753 = ORIENTED_EDGE('',*,*,#1754,.F.);
#1754 = EDGE_CURVE('',#1755,#1746,#1757,.T.);
#1755 = VERTEX_POINT('',#1756);
#1756 = CARTESIAN_POINT('',(-10.5,27.141858911005,40.717883719597));
#1757 = LINE('',#1758,#1759);
#1758 = CARTESIAN_POINT('',(-1.3277E-13,27.141858911005,40.717883719597)
  );
#1759 = VECTOR('',#1760,1.);
#1760 = DIRECTION('',(-1.,7.8E-16,4.4E-16));
#1761 = ORIENTED_EDGE('',*,*,#1762,.F.);
#1762 = EDGE_CURVE('',#1716,#1755,#1763,.T.);
#1763 = CIRCLE('',#1764,1.);
#1764 = AXIS2_PLACEMENT_3D('',#1765,#1766,#1767);
#1765 = CARTESIAN_POINT('',(-10.5,28.046008000941,40.290666651622));
#1766 = DIRECTION('',(1.,1.89E-15,2.E-15));
#1767 = DIRECTION('',(-1.840571459381E-15,0.999701489781,
    -2.443217815266E-02));
#1768 = CYLINDRICAL_SURFACE('',#1769,1.);
#1769 = AXIS2_PLACEMENT_3D('',#1770,#1771,#1772);
#1770 = CARTESIAN_POINT('',(-1.3363E-13,28.046008000941,40.290666651622)
  );
#1771 = DIRECTION('',(1.,-3.3E-16,-2.2E-16));
#1772 = DIRECTION('',(3.245264124342E-16,0.999701489781,
    -2.443217815266E-02));
#1773 = ADVANCED_FACE('',(#1774),#1801,.T.);
#1774 = FACE_BOUND('',#1775,.F.);
#1775 = EDGE_LOOP('',(#1776,#1785,#1786,#1795));
#1776 = ORIENTED_EDGE('',*,*,#1777,.F.);
#1777 = EDGE_CURVE('',#1746,#1778,#1780,.T.);
#1778 = VERTEX_POINT('',#1779);
#1779 = CARTESIAN_POINT('',(-15.5,26.501687811364,38.383143214493));
#1780 = CIRCLE('',#1781,7.);
#1781 = AXIS2_PLACEMENT_3D('',#1782,#1783,#1784);
#1782 = CARTESIAN_POINT('',(-15.5,33.470902540555,37.727364243777));
#1783 = DIRECTION('',(1.,3.187805701193E-15,3.549931150003E-15));
#1784 = DIRECTION('',(-3.100121558329E-15,0.999701489781,
    -2.443217815266E-02));
#1785 = ORIENTED_EDGE('',*,*,#1754,.F.);
#1786 = ORIENTED_EDGE('',*,*,#1787,.F.);
#1787 = EDGE_CURVE('',#1788,#1755,#1790,.T.);
#1788 = VERTEX_POINT('',#1789);
#1789 = CARTESIAN_POINT('',(-10.5,26.501687811364,38.383143214493));
#1790 = CIRCLE('',#1791,7.);
#1791 = AXIS2_PLACEMENT_3D('',#1792,#1793,#1794);
#1792 = CARTESIAN_POINT('',(-10.5,33.470902540555,37.727364243777));
#1793 = DIRECTION('',(-1.,-1.55E-15,-2.67E-15));
#1794 = DIRECTION('',(-1.484303393493E-15,0.999701489781,
    -2.443217815266E-02));
#1795 = ORIENTED_EDGE('',*,*,#1796,.F.);
#1796 = EDGE_CURVE('',#1778,#1788,#1797,.T.);
#1797 = LINE('',#1798,#1799);
#1798 = CARTESIAN_POINT('',(-15.5,26.501687811364,38.383143214493));
#1799 = VECTOR('',#1800,1.);
#1800 = DIRECTION('',(1.,-1.12E-15,-7.8E-16));
#1801 = CYLINDRICAL_SURFACE('',#1802,7.);
#1802 = AXIS2_PLACEMENT_3D('',#1803,#1804,#1805);
#1803 = CARTESIAN_POINT('',(-15.5,33.470902540555,37.727364243777));
#1804 = DIRECTION('',(-1.,7.8E-16,6.6E-16));
#1805 = DIRECTION('',(7.636419244486E-16,0.999701489781,
    -2.443217815266E-02));
#1806 = ADVANCED_FACE('',(#1807),#1825,.F.);
#1807 = FACE_BOUND('',#1808,.T.);
#1808 = EDGE_LOOP('',(#1809,#1816,#1817,#1824));
#1809 = ORIENTED_EDGE('',*,*,#1810,.F.);
#1810 = EDGE_CURVE('',#128,#1778,#1811,.T.);
#1811 = CIRCLE('',#1812,3.);
#1812 = AXIS2_PLACEMENT_3D('',#1813,#1814,#1815);
#1813 = CARTESIAN_POINT('',(-15.5,23.514881498854,38.6641913448));
#1814 = DIRECTION('',(1.,2.850142794414E-15,3.219913962214E-15));
#1815 = DIRECTION('',(-2.770622486104E-15,0.999701489781,
    -2.443217815266E-02));
#1816 = ORIENTED_EDGE('',*,*,#135,.T.);
#1817 = ORIENTED_EDGE('',*,*,#1818,.F.);
#1818 = EDGE_CURVE('',#1788,#136,#1819,.T.);
#1819 = CIRCLE('',#1820,3.);
#1820 = AXIS2_PLACEMENT_3D('',#1821,#1822,#1823);
#1821 = CARTESIAN_POINT('',(-10.5,23.514881498854,38.6641913448));
#1822 = DIRECTION('',(-1.,-1.78E-15,-2.56E-15));
#1823 = DIRECTION('',(-1.71692227574E-15,0.999701489781,
    -2.443217815266E-02));
#1824 = ORIENTED_EDGE('',*,*,#1796,.F.);
#1825 = CYLINDRICAL_SURFACE('',#1826,3.);
#1826 = AXIS2_PLACEMENT_3D('',#1827,#1828,#1829);
#1827 = CARTESIAN_POINT('',(-15.5,23.514881498854,38.6641913448));
#1828 = DIRECTION('',(-1.,6.7E-16,5.5E-16));
#1829 = DIRECTION('',(6.563623001694E-16,0.999701489781,
    -2.443217815266E-02));
#1830 = ADVANCED_FACE('',(#1831),#1858,.F.);
#1831 = FACE_BOUND('',#1832,.F.);
#1832 = EDGE_LOOP('',(#1833,#1842,#1843,#1852));
#1833 = ORIENTED_EDGE('',*,*,#1834,.F.);
#1834 = EDGE_CURVE('',#1439,#1835,#1837,.T.);
#1835 = VERTEX_POINT('',#1836);
#1836 = CARTESIAN_POINT('',(-15.5,-26.50168781136,38.383143214493));
#1837 = CIRCLE('',#1838,3.);
#1838 = AXIS2_PLACEMENT_3D('',#1839,#1840,#1841);
#1839 = CARTESIAN_POINT('',(-15.5,-23.51488149885,38.6641913448));
#1840 = DIRECTION('',(-1.,-5.290983397804E-16,-1.889995530583E-15));
#1841 = DIRECTION('',(5.751171060302E-16,-0.999701489781,
    -2.443217815265E-02));
#1842 = ORIENTED_EDGE('',*,*,#1448,.T.);
#1843 = ORIENTED_EDGE('',*,*,#1844,.T.);
#1844 = EDGE_CURVE('',#1449,#1845,#1847,.T.);
#1845 = VERTEX_POINT('',#1846);
#1846 = CARTESIAN_POINT('',(-10.5,-26.50168781136,38.383143214493));
#1847 = CIRCLE('',#1848,3.);
#1848 = AXIS2_PLACEMENT_3D('',#1849,#1850,#1851);
#1849 = CARTESIAN_POINT('',(-10.5,-23.51488149885,38.6641913448));
#1850 = DIRECTION('',(-1.,-1.1E-16,-4.5E-16));
#1851 = DIRECTION('',(1.209616440446E-16,-0.999701489781,
    -2.443217815265E-02));
#1852 = ORIENTED_EDGE('',*,*,#1853,.F.);
#1853 = EDGE_CURVE('',#1835,#1845,#1854,.T.);
#1854 = LINE('',#1855,#1856);
#1855 = CARTESIAN_POINT('',(-15.5,-26.50168781136,38.383143214493));
#1856 = VECTOR('',#1857,1.);
#1857 = DIRECTION('',(1.,-5.5E-16,-5.6E-16));
#1858 = CYLINDRICAL_SURFACE('',#1859,3.);
#1859 = AXIS2_PLACEMENT_3D('',#1860,#1861,#1862);
#1860 = CARTESIAN_POINT('',(-15.5,-23.51488149885,38.6641913448));
#1861 = DIRECTION('',(-1.,1.E-15,3.3E-16));
#1862 = DIRECTION('',(-1.007764108572E-15,-0.999701489781,
    -2.443217815265E-02));
#1863 = ADVANCED_FACE('',(#1864),#1891,.T.);
#1864 = FACE_BOUND('',#1865,.T.);
#1865 = EDGE_LOOP('',(#1866,#1875,#1883,#1890));
#1866 = ORIENTED_EDGE('',*,*,#1867,.F.);
#1867 = EDGE_CURVE('',#1868,#1835,#1870,.T.);
#1868 = VERTEX_POINT('',#1869);
#1869 = CARTESIAN_POINT('',(-15.5,-27.141858911,40.717883719597));
#1870 = CIRCLE('',#1871,7.);
#1871 = AXIS2_PLACEMENT_3D('',#1872,#1873,#1874);
#1872 = CARTESIAN_POINT('',(-15.5,-33.47090254055,37.727364243777));
#1873 = DIRECTION('',(-1.,-5.290983397804E-16,-1.889995530583E-15));
#1874 = DIRECTION('',(5.751171060302E-16,-0.999701489781,
    -2.443217815265E-02));
#1875 = ORIENTED_EDGE('',*,*,#1876,.F.);
#1876 = EDGE_CURVE('',#1877,#1868,#1879,.T.);
#1877 = VERTEX_POINT('',#1878);
#1878 = CARTESIAN_POINT('',(-10.5,-27.141858911,40.717883719597));
#1879 = LINE('',#1880,#1881);
#1880 = CARTESIAN_POINT('',(-4.99E-14,-27.141858911,40.717883719597));
#1881 = VECTOR('',#1882,1.);
#1882 = DIRECTION('',(-1.,5.5E-16,5.6E-16));
#1883 = ORIENTED_EDGE('',*,*,#1884,.T.);
#1884 = EDGE_CURVE('',#1877,#1845,#1885,.T.);
#1885 = CIRCLE('',#1886,7.);
#1886 = AXIS2_PLACEMENT_3D('',#1887,#1888,#1889);
#1887 = CARTESIAN_POINT('',(-10.5,-33.47090254055,37.727364243777));
#1888 = DIRECTION('',(-1.,-1.1E-16,-4.5E-16));
#1889 = DIRECTION('',(1.209616440446E-16,-0.999701489781,
    -2.443217815265E-02));
#1890 = ORIENTED_EDGE('',*,*,#1853,.F.);
#1891 = CYLINDRICAL_SURFACE('',#1892,7.);
#1892 = AXIS2_PLACEMENT_3D('',#1893,#1894,#1895);
#1893 = CARTESIAN_POINT('',(-15.5,-33.47090254055,37.727364243777));
#1894 = DIRECTION('',(-1.,1.E-15,3.3E-16));
#1895 = DIRECTION('',(-1.007764108572E-15,-0.999701489781,
    -2.443217815265E-02));
#1896 = ADVANCED_FACE('',(#1897),#1924,.T.);
#1897 = FACE_BOUND('',#1898,.F.);
#1898 = EDGE_LOOP('',(#1899,#1909,#1916,#1917));
#1899 = ORIENTED_EDGE('',*,*,#1900,.F.);
#1900 = EDGE_CURVE('',#1901,#1903,#1905,.T.);
#1901 = VERTEX_POINT('',#1902);
#1902 = CARTESIAN_POINT('',(-15.5,-28.87892924165,40.844058200866));
#1903 = VERTEX_POINT('',#1904);
#1904 = CARTESIAN_POINT('',(-10.5,-28.87892924165,40.844058200866));
#1905 = LINE('',#1906,#1907);
#1906 = CARTESIAN_POINT('',(-5.169E-14,-28.87892924165,40.844058200866)
  );
#1907 = VECTOR('',#1908,1.);
#1908 = DIRECTION('',(1.,-5.5E-16,-5.6E-16));
#1909 = ORIENTED_EDGE('',*,*,#1910,.F.);
#1910 = EDGE_CURVE('',#1868,#1901,#1911,.T.);
#1911 = CIRCLE('',#1912,1.);
#1912 = AXIS2_PLACEMENT_3D('',#1913,#1914,#1915);
#1913 = CARTESIAN_POINT('',(-15.5,-28.04600800094,40.290666651622));
#1914 = DIRECTION('',(1.,1.1E-16,4.5E-16));
#1915 = DIRECTION('',(1.209616440446E-16,-0.999701489781,
    -2.443217815265E-02));
#1916 = ORIENTED_EDGE('',*,*,#1876,.F.);
#1917 = ORIENTED_EDGE('',*,*,#1918,.T.);
#1918 = EDGE_CURVE('',#1877,#1903,#1919,.T.);
#1919 = CIRCLE('',#1920,1.);
#1920 = AXIS2_PLACEMENT_3D('',#1921,#1922,#1923);
#1921 = CARTESIAN_POINT('',(-10.5,-28.04600800094,40.290666651622));
#1922 = DIRECTION('',(1.,1.1E-16,4.5E-16));
#1923 = DIRECTION('',(1.209616440446E-16,-0.999701489781,
    -2.443217815265E-02));
#1924 = CYLINDRICAL_SURFACE('',#1925,1.);
#1925 = AXIS2_PLACEMENT_3D('',#1926,#1927,#1928);
#1926 = CARTESIAN_POINT('',(-4.898E-14,-28.04600800094,40.290666651622)
  );
#1927 = DIRECTION('',(1.,-1.E-15,-3.3E-16));
#1928 = DIRECTION('',(-1.007764108572E-15,-0.999701489781,
    -2.443217815265E-02));
#1929 = ADVANCED_FACE('',(#1930),#1955,.F.);
#1930 = FACE_BOUND('',#1931,.T.);
#1931 = EDGE_LOOP('',(#1932,#1933,#1941,#1949));
#1932 = ORIENTED_EDGE('',*,*,#1900,.F.);
#1933 = ORIENTED_EDGE('',*,*,#1934,.F.);
#1934 = EDGE_CURVE('',#1935,#1901,#1937,.T.);
#1935 = VERTEX_POINT('',#1936);
#1936 = CARTESIAN_POINT('',(-15.5,-30.61498483657,38.231084471786));
#1937 = LINE('',#1938,#1939);
#1938 = CARTESIAN_POINT('',(-15.5,-31.01105826171,37.634946042991));
#1939 = VECTOR('',#1940,1.);
#1940 = DIRECTION('',(-6.E-17,0.553391549243,0.83292124071));
#1941 = ORIENTED_EDGE('',*,*,#1942,.T.);
#1942 = EDGE_CURVE('',#1935,#1943,#1945,.T.);
#1943 = VERTEX_POINT('',#1944);
#1944 = CARTESIAN_POINT('',(-10.5,-30.61498483657,38.231084471786));
#1945 = LINE('',#1946,#1947);
#1946 = CARTESIAN_POINT('',(-3.212E-14,-30.61498483657,38.231084471786)
  );
#1947 = VECTOR('',#1948,1.);
#1948 = DIRECTION('',(1.,-7.8E-16,-4.4E-16));
#1949 = ORIENTED_EDGE('',*,*,#1950,.T.);
#1950 = EDGE_CURVE('',#1943,#1903,#1951,.T.);
#1951 = LINE('',#1952,#1953);
#1952 = CARTESIAN_POINT('',(-10.5,-31.01105826171,37.634946042991));
#1953 = VECTOR('',#1954,1.);
#1954 = DIRECTION('',(-6.E-17,0.553391549243,0.83292124071));
#1955 = PLANE('',#1956);
#1956 = AXIS2_PLACEMENT_3D('',#1957,#1958,#1959);
#1957 = CARTESIAN_POINT('',(-5.231E-14,-30.30034858835,38.704650095616)
  );
#1958 = DIRECTION('',(2.E-17,0.83292124071,-0.553391549243));
#1959 = DIRECTION('',(-1.32E-15,0.553391549243,0.83292124071));
#1960 = ADVANCED_FACE('',(#1961),#2033,.F.);
#1961 = FACE_BOUND('',#1962,.T.);
#1962 = EDGE_LOOP('',(#1963,#1974,#1982,#1991,#1998,#1999,#2008,#2017,
    #2026));
#1963 = ORIENTED_EDGE('',*,*,#1964,.F.);
#1964 = EDGE_CURVE('',#1965,#1967,#1969,.T.);
#1965 = VERTEX_POINT('',#1966);
#1966 = CARTESIAN_POINT('',(-15.5,-34.11325404755,40.555328978608));
#1967 = VERTEX_POINT('',#1968);
#1968 = CARTESIAN_POINT('',(-15.5,-36.37003686092,37.656510927134));
#1969 = CIRCLE('',#1970,2.9);
#1970 = AXIS2_PLACEMENT_3D('',#1971,#1972,#1973);
#1971 = CARTESIAN_POINT('',(-15.5,-33.47090254055,37.727364243777));
#1972 = DIRECTION('',(1.,1.1E-16,4.5E-16));
#1973 = DIRECTION('',(1.209616440446E-16,-0.999701489781,
    -2.443217815265E-02));
#1974 = ORIENTED_EDGE('',*,*,#1975,.T.);
#1975 = EDGE_CURVE('',#1965,#1976,#1978,.T.);
#1976 = VERTEX_POINT('',#1977);
#1977 = CARTESIAN_POINT('',(-10.5,-34.11325404755,40.555328978608));
#1978 = LINE('',#1979,#1980);
#1979 = CARTESIAN_POINT('',(-3.139E-14,-34.11325404755,40.555328978608)
  );
#1980 = VECTOR('',#1981,1.);
#1981 = DIRECTION('',(1.,-7.8E-16,-4.4E-16));
#1982 = ORIENTED_EDGE('',*,*,#1983,.T.);
#1983 = EDGE_CURVE('',#1976,#1984,#1986,.T.);
#1984 = VERTEX_POINT('',#1985);
#1985 = CARTESIAN_POINT('',(-10.5,-36.37003686092,37.656510927134));
#1986 = CIRCLE('',#1987,2.9);
#1987 = AXIS2_PLACEMENT_3D('',#1988,#1989,#1990);
#1988 = CARTESIAN_POINT('',(-10.5,-33.47090254055,37.727364243777));
#1989 = DIRECTION('',(1.,1.1E-16,4.5E-16));
#1990 = DIRECTION('',(1.209616440446E-16,-0.999701489781,
    -2.443217815265E-02));
#1991 = ORIENTED_EDGE('',*,*,#1992,.T.);
#1992 = EDGE_CURVE('',#1984,#1943,#1993,.T.);
#1993 = CIRCLE('',#1994,2.9);
#1994 = AXIS2_PLACEMENT_3D('',#1995,#1996,#1997);
#1995 = CARTESIAN_POINT('',(-10.5,-33.47090254055,37.727364243777));
#1996 = DIRECTION('',(1.,1.1E-16,4.5E-16));
#1997 = DIRECTION('',(1.209616440446E-16,-0.999701489781,
    -2.443217815265E-02));
#1998 = ORIENTED_EDGE('',*,*,#1942,.F.);
#1999 = ORIENTED_EDGE('',*,*,#2000,.F.);
#2000 = EDGE_CURVE('',#2001,#1935,#2003,.T.);
#2001 = VERTEX_POINT('',#2002);
#2002 = CARTESIAN_POINT('',(-15.5,-30.58365643846,37.999044103074));
#2003 = CIRCLE('',#2004,2.9);
#2004 = AXIS2_PLACEMENT_3D('',#2005,#2006,#2007);
#2005 = CARTESIAN_POINT('',(-15.5,-33.47090254055,37.727364243777));
#2006 = DIRECTION('',(1.,1.1E-16,4.5E-16));
#2007 = DIRECTION('',(1.209616440446E-16,-0.999701489781,
    -2.443217815265E-02));
#2008 = ORIENTED_EDGE('',*,*,#2009,.F.);
#2009 = EDGE_CURVE('',#2010,#2001,#2012,.T.);
#2010 = VERTEX_POINT('',#2011);
#2011 = CARTESIAN_POINT('',(-15.5,-30.85633268152,36.472762931708));
#2012 = CIRCLE('',#2013,2.9);
#2013 = AXIS2_PLACEMENT_3D('',#2014,#2015,#2016);
#2014 = CARTESIAN_POINT('',(-15.5,-33.47090254055,37.727364243777));
#2015 = DIRECTION('',(1.,1.1E-16,4.5E-16));
#2016 = DIRECTION('',(1.209616440446E-16,-0.999701489781,
    -2.443217815265E-02));
#2017 = ORIENTED_EDGE('',*,*,#2018,.F.);
#2018 = EDGE_CURVE('',#2019,#2010,#2021,.T.);
#2019 = VERTEX_POINT('',#2020);
#2020 = CARTESIAN_POINT('',(-15.5,-36.29916187007,37.086311075185));
#2021 = CIRCLE('',#2022,2.9);
#2022 = AXIS2_PLACEMENT_3D('',#2023,#2024,#2025);
#2023 = CARTESIAN_POINT('',(-15.5,-33.47090254055,37.727364243777));
#2024 = DIRECTION('',(1.,1.1E-16,4.5E-16));
#2025 = DIRECTION('',(1.209616440446E-16,-0.999701489781,
    -2.443217815265E-02));
#2026 = ORIENTED_EDGE('',*,*,#2027,.F.);
#2027 = EDGE_CURVE('',#1967,#2019,#2028,.T.);
#2028 = CIRCLE('',#2029,2.9);
#2029 = AXIS2_PLACEMENT_3D('',#2030,#2031,#2032);
#2030 = CARTESIAN_POINT('',(-15.5,-33.47090254055,37.727364243777));
#2031 = DIRECTION('',(1.,1.1E-16,4.5E-16));
#2032 = DIRECTION('',(1.209616440446E-16,-0.999701489781,
    -2.443217815265E-02));
#2033 = CYLINDRICAL_SURFACE('',#2034,2.9);
#2034 = AXIS2_PLACEMENT_3D('',#2035,#2036,#2037);
#2035 = CARTESIAN_POINT('',(-3.091E-14,-33.47090254055,37.727364243777)
  );
#2036 = DIRECTION('',(1.,-7.8E-16,-4.4E-16));
#2037 = DIRECTION('',(-7.905173204165E-16,-0.999701489781,
    -2.443217815265E-02));
#2038 = ADVANCED_FACE('',(#2039),#2064,.F.);
#2039 = FACE_BOUND('',#2040,.T.);
#2040 = EDGE_LOOP('',(#2041,#2049,#2057,#2063));
#2041 = ORIENTED_EDGE('',*,*,#2042,.F.);
#2042 = EDGE_CURVE('',#2043,#1965,#2045,.T.);
#2043 = VERTEX_POINT('',#2044);
#2044 = CARTESIAN_POINT('',(-15.5,-32.37719845263,43.168302707688));
#2045 = LINE('',#2046,#2047);
#2046 = CARTESIAN_POINT('',(-15.5,-34.50932747269,39.959190549813));
#2047 = VECTOR('',#2048,1.);
#2048 = DIRECTION('',(6.E-17,-0.553391549243,-0.83292124071));
#2049 = ORIENTED_EDGE('',*,*,#2050,.F.);
#2050 = EDGE_CURVE('',#2051,#2043,#2053,.T.);
#2051 = VERTEX_POINT('',#2052);
#2052 = CARTESIAN_POINT('',(-10.5,-32.37719845263,43.168302707688));
#2053 = LINE('',#2054,#2055);
#2054 = CARTESIAN_POINT('',(-5.17E-14,-32.37719845263,43.168302707688));
#2055 = VECTOR('',#2056,1.);
#2056 = DIRECTION('',(-1.,5.5E-16,5.6E-16));
#2057 = ORIENTED_EDGE('',*,*,#2058,.T.);
#2058 = EDGE_CURVE('',#2051,#1976,#2059,.T.);
#2059 = LINE('',#2060,#2061);
#2060 = CARTESIAN_POINT('',(-10.5,-34.50932747269,39.959190549813));
#2061 = VECTOR('',#2062,1.);
#2062 = DIRECTION('',(6.E-17,-0.553391549243,-0.83292124071));
#2063 = ORIENTED_EDGE('',*,*,#1975,.F.);
#2064 = PLANE('',#2065);
#2065 = AXIS2_PLACEMENT_3D('',#2066,#2067,#2068);
#2066 = CARTESIAN_POINT('',(-5.008E-14,-33.79861779934,41.028894602438)
  );
#2067 = DIRECTION('',(0.,-0.83292124071,0.553391549243));
#2068 = DIRECTION('',(1.32E-15,-0.553391549243,-0.83292124071));
#2069 = ADVANCED_FACE('',(#2070),#2097,.T.);
#2070 = FACE_BOUND('',#2071,.F.);
#2071 = EDGE_LOOP('',(#2072,#2082,#2089,#2090));
#2072 = ORIENTED_EDGE('',*,*,#2073,.F.);
#2073 = EDGE_CURVE('',#2074,#2076,#2078,.T.);
#2074 = VERTEX_POINT('',#2075);
#2075 = CARTESIAN_POINT('',(-15.5,-33.16665588547,44.720749259123));
#2076 = VERTEX_POINT('',#2077);
#2077 = CARTESIAN_POINT('',(-10.5,-33.16665588547,44.720749259123));
#2078 = LINE('',#2079,#2080);
#2079 = CARTESIAN_POINT('',(-5.025E-14,-33.16665588547,44.720749259123)
  );
#2080 = VECTOR('',#2081,1.);
#2081 = DIRECTION('',(1.,-5.5E-16,-5.6E-16));
#2082 = ORIENTED_EDGE('',*,*,#2083,.F.);
#2083 = EDGE_CURVE('',#2043,#2074,#2084,.T.);
#2084 = CIRCLE('',#2085,1.);
#2085 = AXIS2_PLACEMENT_3D('',#2086,#2087,#2088);
#2086 = CARTESIAN_POINT('',(-15.5,-33.21011969334,43.721694256931));
#2087 = DIRECTION('',(1.,1.1E-16,4.5E-16));
#2088 = DIRECTION('',(1.209616440446E-16,-0.999701489781,
    -2.443217815265E-02));
#2089 = ORIENTED_EDGE('',*,*,#2050,.F.);
#2090 = ORIENTED_EDGE('',*,*,#2091,.T.);
#2091 = EDGE_CURVE('',#2051,#2076,#2092,.T.);
#2092 = CIRCLE('',#2093,1.);
#2093 = AXIS2_PLACEMENT_3D('',#2094,#2095,#2096);
#2094 = CARTESIAN_POINT('',(-10.5,-33.21011969334,43.721694256931));
#2095 = DIRECTION('',(1.,1.1E-16,4.5E-16));
#2096 = DIRECTION('',(1.209616440446E-16,-0.999701489781,
    -2.443217815265E-02));
#2097 = CYLINDRICAL_SURFACE('',#2098,1.);
#2098 = AXIS2_PLACEMENT_3D('',#2099,#2100,#2101);
#2099 = CARTESIAN_POINT('',(-5.222E-14,-33.21011969334,43.721694256931)
  );
#2100 = DIRECTION('',(1.,-1.E-15,-3.3E-16));
#2101 = DIRECTION('',(-1.007764108572E-15,-0.999701489781,
    -2.443217815265E-02));
#2102 = ADVANCED_FACE('',(#2103),#2121,.T.);
#2103 = FACE_BOUND('',#2104,.T.);
#2104 = EDGE_LOOP('',(#2105,#2112,#2113,#2120));
#2105 = ORIENTED_EDGE('',*,*,#2106,.F.);
#2106 = EDGE_CURVE('',#1071,#2074,#2107,.T.);
#2107 = CIRCLE('',#2108,7.);
#2108 = AXIS2_PLACEMENT_3D('',#2109,#2110,#2111);
#2109 = CARTESIAN_POINT('',(-15.5,-33.47090254055,37.727364243777));
#2110 = DIRECTION('',(-1.,-5.290983397804E-16,-1.889995530583E-15));
#2111 = DIRECTION('',(5.751171060302E-16,-0.999701489781,
    -2.443217815265E-02));
#2112 = ORIENTED_EDGE('',*,*,#1119,.T.);
#2113 = ORIENTED_EDGE('',*,*,#2114,.T.);
#2114 = EDGE_CURVE('',#1112,#2076,#2115,.T.);
#2115 = CIRCLE('',#2116,7.);
#2116 = AXIS2_PLACEMENT_3D('',#2117,#2118,#2119);
#2117 = CARTESIAN_POINT('',(-10.5,-33.47090254055,37.727364243777));
#2118 = DIRECTION('',(-1.,-1.1E-16,-4.5E-16));
#2119 = DIRECTION('',(1.209616440446E-16,-0.999701489781,
    -2.443217815265E-02));
#2120 = ORIENTED_EDGE('',*,*,#2073,.F.);
#2121 = CYLINDRICAL_SURFACE('',#2122,7.);
#2122 = AXIS2_PLACEMENT_3D('',#2123,#2124,#2125);
#2123 = CARTESIAN_POINT('',(-15.5,-33.47090254055,37.727364243777));
#2124 = DIRECTION('',(-1.,1.E-15,3.3E-16));
#2125 = DIRECTION('',(-1.007764108572E-15,-0.999701489781,
    -2.443217815265E-02));
#2126 = ADVANCED_FACE('',(#2127),#2145,.F.);
#2127 = FACE_BOUND('',#2128,.F.);
#2128 = EDGE_LOOP('',(#2129,#2136,#2137,#2144));
#2129 = ORIENTED_EDGE('',*,*,#2130,.F.);
#2130 = EDGE_CURVE('',#95,#1537,#2131,.T.);
#2131 = CIRCLE('',#2132,9.55);
#2132 = AXIS2_PLACEMENT_3D('',#2133,#2134,#2135);
#2133 = CARTESIAN_POINT('',(-15.5,-0.380415195124,33.635858115986));
#2134 = DIRECTION('',(-1.,1.414817630876E-16,-1.220161396814E-15));
#2135 = DIRECTION('',(-1.116283287136E-16,-0.999701489781,
    -2.443217815265E-02));
#2136 = ORIENTED_EDGE('',*,*,#103,.T.);
#2137 = ORIENTED_EDGE('',*,*,#2138,.T.);
#2138 = EDGE_CURVE('',#104,#1535,#2139,.T.);
#2139 = CIRCLE('',#2140,9.55);
#2140 = AXIS2_PLACEMENT_3D('',#2141,#2142,#2143);
#2141 = CARTESIAN_POINT('',(15.5,-0.380415195124,33.635858115986));
#2142 = DIRECTION('',(-1.,1.414817630876E-16,-1.220161396814E-15));
#2143 = DIRECTION('',(-1.116283287136E-16,-0.999701489781,
    -2.443217815265E-02));
#2144 = ORIENTED_EDGE('',*,*,#1534,.T.);
#2145 = CYLINDRICAL_SURFACE('',#2146,9.55);
#2146 = AXIS2_PLACEMENT_3D('',#2147,#2148,#2149);
#2147 = CARTESIAN_POINT('',(-15.5,-0.380415195124,33.635858115986));
#2148 = DIRECTION('',(-1.,7.8E-16,1.1E-16));
#2149 = DIRECTION('',(-7.824547016261E-16,-0.999701489781,
    -2.443217815265E-02));
#2150 = ADVANCED_FACE('',(#2151),#2171,.F.);
#2151 = FACE_BOUND('',#2152,.F.);
#2152 = EDGE_LOOP('',(#2153,#2154,#2155,#2162,#2163,#2164,#2165,#2166,
    #2167,#2168,#2169,#2170));
#2153 = ORIENTED_EDGE('',*,*,#190,.T.);
#2154 = ORIENTED_EDGE('',*,*,#159,.T.);
#2155 = ORIENTED_EDGE('',*,*,#2156,.T.);
#2156 = EDGE_CURVE('',#152,#494,#2157,.T.);
#2157 = CIRCLE('',#2158,11.);
#2158 = AXIS2_PLACEMENT_3D('',#2159,#2160,#2161);
#2159 = CARTESIAN_POINT('',(10.5,33.470902540555,37.727364243777));
#2160 = DIRECTION('',(1.,2.199101849171E-15,2.559828016455E-15));
#2161 = DIRECTION('',(-2.135903220659E-15,0.999701489781,
    -2.443217815266E-02));
#2162 = ORIENTED_EDGE('',*,*,#493,.T.);
#2163 = ORIENTED_EDGE('',*,*,#436,.F.);
#2164 = ORIENTED_EDGE('',*,*,#412,.T.);
#2165 = ORIENTED_EDGE('',*,*,#388,.F.);
#2166 = ORIENTED_EDGE('',*,*,#356,.F.);
#2167 = ORIENTED_EDGE('',*,*,#347,.F.);
#2168 = ORIENTED_EDGE('',*,*,#290,.F.);
#2169 = ORIENTED_EDGE('',*,*,#266,.T.);
#2170 = ORIENTED_EDGE('',*,*,#224,.F.);
#2171 = PLANE('',#2172);
#2172 = AXIS2_PLACEMENT_3D('',#2173,#2174,#2175);
#2173 = CARTESIAN_POINT('',(10.5,33.470902540555,37.727364243777));
#2174 = DIRECTION('',(1.,-6.7E-16,-7.8E-16));
#2175 = DIRECTION('',(6.7E-16,1.,-1.67E-15));
#2176 = ADVANCED_FACE('',(#2177),#2197,.T.);
#2177 = FACE_BOUND('',#2178,.T.);
#2178 = EDGE_LOOP('',(#2179,#2180,#2181,#2188,#2189,#2190,#2191,#2192,
    #2193,#2194,#2195,#2196));
#2179 = ORIENTED_EDGE('',*,*,#1818,.T.);
#2180 = ORIENTED_EDGE('',*,*,#143,.T.);
#2181 = ORIENTED_EDGE('',*,*,#2182,.T.);
#2182 = EDGE_CURVE('',#144,#502,#2183,.T.);
#2183 = CIRCLE('',#2184,11.);
#2184 = AXIS2_PLACEMENT_3D('',#2185,#2186,#2187);
#2185 = CARTESIAN_POINT('',(-10.5,33.470902540555,37.727364243777));
#2186 = DIRECTION('',(1.,2.199101849171E-15,2.559828016455E-15));
#2187 = DIRECTION('',(-2.135903220659E-15,0.999701489781,
    -2.443217815266E-02));
#2188 = ORIENTED_EDGE('',*,*,#509,.T.);
#2189 = ORIENTED_EDGE('',*,*,#1575,.F.);
#2190 = ORIENTED_EDGE('',*,*,#1616,.T.);
#2191 = ORIENTED_EDGE('',*,*,#1640,.F.);
#2192 = ORIENTED_EDGE('',*,*,#1689,.F.);
#2193 = ORIENTED_EDGE('',*,*,#1698,.F.);
#2194 = ORIENTED_EDGE('',*,*,#1730,.F.);
#2195 = ORIENTED_EDGE('',*,*,#1762,.T.);
#2196 = ORIENTED_EDGE('',*,*,#1787,.F.);
#2197 = PLANE('',#2198);
#2198 = AXIS2_PLACEMENT_3D('',#2199,#2200,#2201);
#2199 = CARTESIAN_POINT('',(-10.5,33.470902540555,37.727364243777));
#2200 = DIRECTION('',(1.,-6.7E-16,-7.8E-16));
#2201 = DIRECTION('',(6.7E-16,1.,-1.67E-15));
#2202 = ADVANCED_FACE('',(#2203),#2209,.F.);
#2203 = FACE_BOUND('',#2204,.F.);
#2204 = EDGE_LOOP('',(#2205,#2206,#2207,#2208));
#2205 = ORIENTED_EDGE('',*,*,#2156,.F.);
#2206 = ORIENTED_EDGE('',*,*,#151,.F.);
#2207 = ORIENTED_EDGE('',*,*,#2182,.T.);
#2208 = ORIENTED_EDGE('',*,*,#501,.T.);
#2209 = CYLINDRICAL_SURFACE('',#2210,11.);
#2210 = AXIS2_PLACEMENT_3D('',#2211,#2212,#2213);
#2211 = CARTESIAN_POINT('',(10.5,33.470902540555,37.727364243777));
#2212 = DIRECTION('',(1.,-4.4E-16,-3.3E-16));
#2213 = DIRECTION('',(4.318060367133E-16,0.999701489781,
    -2.443217815266E-02));
#2214 = ADVANCED_FACE('',(#2215),#2235,.T.);
#2215 = FACE_BOUND('',#2216,.F.);
#2216 = EDGE_LOOP('',(#2217,#2218,#2225,#2226,#2227,#2228,#2229,#2230,
    #2231,#2232,#2233,#2234));
#2217 = ORIENTED_EDGE('',*,*,#1456,.F.);
#2218 = ORIENTED_EDGE('',*,*,#2219,.T.);
#2219 = EDGE_CURVE('',#1457,#1104,#2220,.T.);
#2220 = CIRCLE('',#2221,11.);
#2221 = AXIS2_PLACEMENT_3D('',#2222,#2223,#2224);
#2222 = CARTESIAN_POINT('',(-10.5,-33.47090254055,37.727364243777));
#2223 = DIRECTION('',(-1.,-5.290983397804E-16,-1.889995530583E-15));
#2224 = DIRECTION('',(5.751171060302E-16,-0.999701489781,
    -2.443217815265E-02));
#2225 = ORIENTED_EDGE('',*,*,#1111,.F.);
#2226 = ORIENTED_EDGE('',*,*,#2114,.T.);
#2227 = ORIENTED_EDGE('',*,*,#2091,.F.);
#2228 = ORIENTED_EDGE('',*,*,#2058,.T.);
#2229 = ORIENTED_EDGE('',*,*,#1983,.T.);
#2230 = ORIENTED_EDGE('',*,*,#1992,.T.);
#2231 = ORIENTED_EDGE('',*,*,#1950,.T.);
#2232 = ORIENTED_EDGE('',*,*,#1918,.F.);
#2233 = ORIENTED_EDGE('',*,*,#1884,.T.);
#2234 = ORIENTED_EDGE('',*,*,#1844,.F.);
#2235 = PLANE('',#2236);
#2236 = AXIS2_PLACEMENT_3D('',#2237,#2238,#2239);
#2237 = CARTESIAN_POINT('',(-10.5,-33.47090254055,37.727364243777));
#2238 = DIRECTION('',(1.,-1.E-15,-1.E-15));
#2239 = DIRECTION('',(1.E-15,1.,-1.11E-15));
#2240 = ADVANCED_FACE('',(#2241),#2253,.F.);
#2241 = FACE_BOUND('',#2242,.T.);
#2242 = EDGE_LOOP('',(#2243,#2250,#2251,#2252));
#2243 = ORIENTED_EDGE('',*,*,#2244,.F.);
#2244 = EDGE_CURVE('',#1465,#1096,#2245,.T.);
#2245 = CIRCLE('',#2246,11.);
#2246 = AXIS2_PLACEMENT_3D('',#2247,#2248,#2249);
#2247 = CARTESIAN_POINT('',(10.5,-33.47090254055,37.727364243777));
#2248 = DIRECTION('',(-1.,-5.290983397804E-16,-1.889995530583E-15));
#2249 = DIRECTION('',(5.751171060302E-16,-0.999701489781,
    -2.443217815265E-02));
#2250 = ORIENTED_EDGE('',*,*,#1464,.F.);
#2251 = ORIENTED_EDGE('',*,*,#2219,.T.);
#2252 = ORIENTED_EDGE('',*,*,#1103,.T.);
#2253 = CYLINDRICAL_SURFACE('',#2254,11.);
#2254 = AXIS2_PLACEMENT_3D('',#2255,#2256,#2257);
#2255 = CARTESIAN_POINT('',(10.5,-33.47090254055,37.727364243777));
#2256 = DIRECTION('',(1.,-1.E-15,-3.3E-16));
#2257 = DIRECTION('',(-1.007764108572E-15,-0.999701489781,
    -2.443217815265E-02));
#2258 = ADVANCED_FACE('',(#2259),#2273,.F.);
#2259 = FACE_BOUND('',#2260,.T.);
#2260 = EDGE_LOOP('',(#2261,#2262,#2263,#2264,#2265,#2266,#2267,#2268,
    #2269,#2270,#2271,#2272));
#2261 = ORIENTED_EDGE('',*,*,#1472,.F.);
#2262 = ORIENTED_EDGE('',*,*,#2244,.T.);
#2263 = ORIENTED_EDGE('',*,*,#1095,.F.);
#2264 = ORIENTED_EDGE('',*,*,#1133,.T.);
#2265 = ORIENTED_EDGE('',*,*,#1167,.F.);
#2266 = ORIENTED_EDGE('',*,*,#1216,.T.);
#2267 = ORIENTED_EDGE('',*,*,#1230,.T.);
#2268 = ORIENTED_EDGE('',*,*,#1293,.T.);
#2269 = ORIENTED_EDGE('',*,*,#1318,.T.);
#2270 = ORIENTED_EDGE('',*,*,#1340,.F.);
#2271 = ORIENTED_EDGE('',*,*,#1372,.T.);
#2272 = ORIENTED_EDGE('',*,*,#1405,.F.);
#2273 = PLANE('',#2274);
#2274 = AXIS2_PLACEMENT_3D('',#2275,#2276,#2277);
#2275 = CARTESIAN_POINT('',(10.5,-33.47090254055,37.727364243777));
#2276 = DIRECTION('',(1.,-1.E-15,-1.E-15));
#2277 = DIRECTION('',(1.E-15,1.,-1.11E-15));
#2278 = ADVANCED_FACE('',(#2279,#2329,#2382,#2435,#2488,#2541),#2647,.T.
  );
#2279 = FACE_BOUND('',#2280,.T.);
#2280 = EDGE_LOOP('',(#2281,#2282,#2283,#2284,#2285,#2286,#2287,#2288,
    #2289,#2290,#2291,#2292,#2293,#2294,#2295,#2296,#2297,#2298,#2299,
    #2300,#2301,#2302,#2303,#2304,#2305,#2306,#2307,#2308,#2309,#2310,
    #2311,#2312,#2313,#2314,#2315,#2316,#2317,#2318,#2319,#2320,#2321,
    #2322,#2323,#2324,#2325,#2326,#2327,#2328));
#2281 = ORIENTED_EDGE('',*,*,#200,.F.);
#2282 = ORIENTED_EDGE('',*,*,#175,.T.);
#2283 = ORIENTED_EDGE('',*,*,#79,.T.);
#2284 = ORIENTED_EDGE('',*,*,#21,.F.);
#2285 = ORIENTED_EDGE('',*,*,#111,.F.);
#2286 = ORIENTED_EDGE('',*,*,#2138,.T.);
#2287 = ORIENTED_EDGE('',*,*,#1551,.F.);
#2288 = ORIENTED_EDGE('',*,*,#1519,.T.);
#2289 = ORIENTED_EDGE('',*,*,#1479,.F.);
#2290 = ORIENTED_EDGE('',*,*,#1422,.T.);
#2291 = ORIENTED_EDGE('',*,*,#1382,.F.);
#2292 = ORIENTED_EDGE('',*,*,#1357,.T.);
#2293 = ORIENTED_EDGE('',*,*,#1325,.F.);
#2294 = ORIENTED_EDGE('',*,*,#1276,.F.);
#2295 = ORIENTED_EDGE('',*,*,#1267,.F.);
#2296 = ORIENTED_EDGE('',*,*,#1258,.F.);
#2297 = ORIENTED_EDGE('',*,*,#1249,.F.);
#2298 = ORIENTED_EDGE('',*,*,#1240,.F.);
#2299 = ORIENTED_EDGE('',*,*,#1200,.F.);
#2300 = ORIENTED_EDGE('',*,*,#1184,.T.);
#2301 = ORIENTED_EDGE('',*,*,#1143,.F.);
#2302 = ORIENTED_EDGE('',*,*,#1079,.F.);
#2303 = ORIENTED_EDGE('',*,*,#1038,.F.);
#2304 = ORIENTED_EDGE('',*,*,#1015,.F.);
#2305 = ORIENTED_EDGE('',*,*,#976,.F.);
#2306 = ORIENTED_EDGE('',*,*,#944,.F.);
#2307 = ORIENTED_EDGE('',*,*,#911,.F.);
#2308 = ORIENTED_EDGE('',*,*,#897,.F.);
#2309 = ORIENTED_EDGE('',*,*,#847,.F.);
#2310 = ORIENTED_EDGE('',*,*,#833,.F.);
#2311 = ORIENTED_EDGE('',*,*,#786,.F.);
#2312 = ORIENTED_EDGE('',*,*,#771,.F.);
#2313 = ORIENTED_EDGE('',*,*,#721,.F.);
#2314 = ORIENTED_EDGE('',*,*,#707,.F.);
#2315 = ORIENTED_EDGE('',*,*,#657,.F.);
#2316 = ORIENTED_EDGE('',*,*,#626,.F.);
#2317 = ORIENTED_EDGE('',*,*,#605,.F.);
#2318 = ORIENTED_EDGE('',*,*,#580,.T.);
#2319 = ORIENTED_EDGE('',*,*,#541,.T.);
#2320 = ORIENTED_EDGE('',*,*,#486,.T.);
#2321 = ORIENTED_EDGE('',*,*,#453,.T.);
#2322 = ORIENTED_EDGE('',*,*,#420,.T.);
#2323 = ORIENTED_EDGE('',*,*,#381,.F.);
#2324 = ORIENTED_EDGE('',*,*,#330,.F.);
#2325 = ORIENTED_EDGE('',*,*,#339,.F.);
#2326 = ORIENTED_EDGE('',*,*,#306,.F.);
#2327 = ORIENTED_EDGE('',*,*,#274,.T.);
#2328 = ORIENTED_EDGE('',*,*,#241,.T.);
#2329 = FACE_BOUND('',#2330,.T.);
#2330 = EDGE_LOOP('',(#2331,#2342,#2350,#2359,#2367,#2376));
#2331 = ORIENTED_EDGE('',*,*,#2332,.F.);
#2332 = EDGE_CURVE('',#2333,#2335,#2337,.T.);
#2333 = VERTEX_POINT('',#2334);
#2334 = CARTESIAN_POINT('',(15.5,-21.042431112,3.121931343154));
#2335 = VERTEX_POINT('',#2336);
#2336 = CARTESIAN_POINT('',(15.5,-19.78224658482,6.633416007233));
#2337 = CIRCLE('',#2338,2.);
#2338 = AXIS2_PLACEMENT_3D('',#2339,#2340,#2341);
#2339 = CARTESIAN_POINT('',(15.5,-21.0912954683,5.121334322716));
#2340 = DIRECTION('',(1.,1.1E-16,4.5E-16));
#2341 = DIRECTION('',(1.209616440446E-16,-0.999701489781,
    -2.443217815265E-02));
#2342 = ORIENTED_EDGE('',*,*,#2343,.F.);
#2343 = EDGE_CURVE('',#2344,#2333,#2346,.T.);
#2344 = VERTEX_POINT('',#2345);
#2345 = CARTESIAN_POINT('',(15.5,-34.61765286071,2.790160069812));
#2346 = LINE('',#2347,#2348);
#2347 = CARTESIAN_POINT('',(15.5,-23.93843423404,3.05115455135));
#2348 = VECTOR('',#2349,1.);
#2349 = DIRECTION('',(-1.1E-16,0.999701489781,2.443217815265E-02));
#2350 = ORIENTED_EDGE('',*,*,#2351,.F.);
#2351 = EDGE_CURVE('',#2352,#2344,#2354,.T.);
#2352 = VERTEX_POINT('',#2353);
#2353 = CARTESIAN_POINT('',(15.5,-36.66592019657,4.74069869307));
#2354 = CIRCLE('',#2355,2.);
#2355 = AXIS2_PLACEMENT_3D('',#2356,#2357,#2358);
#2356 = CARTESIAN_POINT('',(15.5,-34.66651721701,4.789563049375));
#2357 = DIRECTION('',(1.,1.1E-16,4.5E-16));
#2358 = DIRECTION('',(1.209616440446E-16,-0.999701489781,
    -2.443217815265E-02));
#2359 = ORIENTED_EDGE('',*,*,#2360,.F.);
#2360 = EDGE_CURVE('',#2361,#2352,#2363,.T.);
#2361 = VERTEX_POINT('',#2362);
#2362 = CARTESIAN_POINT('',(15.5,-36.96763528526,17.086099163283));
#2363 = LINE('',#2364,#2365);
#2364 = CARTESIAN_POINT('',(15.5,-36.90084807513,14.353339396617));
#2365 = VECTOR('',#2366,1.);
#2366 = DIRECTION('',(0.,2.443217815265E-02,-0.999701489781));
#2367 = ORIENTED_EDGE('',*,*,#2368,.F.);
#2368 = EDGE_CURVE('',#2369,#2361,#2371,.T.);
#2369 = VERTEX_POINT('',#2370);
#2370 = CARTESIAN_POINT('',(15.5,-33.65918342222,18.647045204105));
#2371 = CIRCLE('',#2372,2.);
#2372 = AXIS2_PLACEMENT_3D('',#2373,#2374,#2375);
#2373 = CARTESIAN_POINT('',(15.5,-34.9682323057,17.134963519588));
#2374 = DIRECTION('',(1.,1.1E-16,4.5E-16));
#2375 = DIRECTION('',(1.209616440446E-16,-0.999701489781,
    -2.443217815265E-02));
#2376 = ORIENTED_EDGE('',*,*,#2377,.F.);
#2377 = EDGE_CURVE('',#2335,#2369,#2378,.T.);
#2378 = LINE('',#2379,#2380);
#2379 = CARTESIAN_POINT('',(15.5,-26.29364445329,12.270504397974));
#2380 = VECTOR('',#2381,1.);
#2381 = DIRECTION('',(8.E-17,-0.756040842258,0.654524441742));
#2382 = FACE_BOUND('',#2383,.T.);
#2383 = EDGE_LOOP('',(#2384,#2395,#2403,#2412,#2420,#2429));
#2384 = ORIENTED_EDGE('',*,*,#2385,.F.);
#2385 = EDGE_CURVE('',#2386,#2388,#2390,.T.);
#2386 = VERTEX_POINT('',#2387);
#2387 = CARTESIAN_POINT('',(15.5,-17.1117452908,8.289532398538));
#2388 = VERTEX_POINT('',#2389);
#2389 = CARTESIAN_POINT('',(15.5,-13.80329342775,9.850478439361));
#2390 = CIRCLE('',#2391,2.);
#2391 = AXIS2_PLACEMENT_3D('',#2392,#2393,#2394);
#2392 = CARTESIAN_POINT('',(15.5,-15.80269640731,9.801614083055));
#2393 = DIRECTION('',(1.,1.1E-16,4.5E-16));
#2394 = DIRECTION('',(1.209616440446E-16,-0.999701489781,
    -2.443217815265E-02));
#2395 = ORIENTED_EDGE('',*,*,#2396,.F.);
#2396 = EDGE_CURVE('',#2397,#2386,#2399,.T.);
#2397 = VERTEX_POINT('',#2398);
#2398 = CARTESIAN_POINT('',(15.5,-30.9886821282,20.30316159541));
#2399 = LINE('',#2400,#2401);
#2400 = CARTESIAN_POINT('',(15.5,-23.97660714367,14.232623857015));
#2401 = VECTOR('',#2402,1.);
#2402 = DIRECTION('',(-8.E-17,0.756040842258,-0.654524441742));
#2403 = ORIENTED_EDGE('',*,*,#2404,.F.);
#2404 = EDGE_CURVE('',#2405,#2397,#2407,.T.);
#2405 = VERTEX_POINT('',#2406);
#2406 = CARTESIAN_POINT('',(15.5,-29.72849760102,23.814646259489));
#2407 = CIRCLE('',#2408,2.);
#2408 = AXIS2_PLACEMENT_3D('',#2409,#2410,#2411);
#2409 = CARTESIAN_POINT('',(15.5,-29.67963324471,21.815243279927));
#2410 = DIRECTION('',(1.,1.1E-16,4.5E-16));
#2411 = DIRECTION('',(1.209616440446E-16,-0.999701489781,
    -2.443217815265E-02));
#2412 = ORIENTED_EDGE('',*,*,#2413,.F.);
#2413 = EDGE_CURVE('',#2414,#2405,#2416,.T.);
#2414 = VERTEX_POINT('',#2415);
#2415 = CARTESIAN_POINT('',(15.5,-16.15327585231,24.146417532831));
#2416 = LINE('',#2417,#2418);
#2417 = CARTESIAN_POINT('',(15.5,-21.74915768683,24.00965712655));
#2418 = VECTOR('',#2419,1.);
#2419 = DIRECTION('',(1.1E-16,-0.999701489781,-2.443217815265E-02));
#2420 = ORIENTED_EDGE('',*,*,#2421,.F.);
#2421 = EDGE_CURVE('',#2422,#2414,#2424,.T.);
#2422 = VERTEX_POINT('',#2423);
#2423 = CARTESIAN_POINT('',(15.5,-14.10500851644,22.195878909574));
#2424 = CIRCLE('',#2425,2.);
#2425 = AXIS2_PLACEMENT_3D('',#2426,#2427,#2428);
#2426 = CARTESIAN_POINT('',(15.5,-16.104411496,22.147014553268));
#2427 = DIRECTION('',(1.,1.1E-16,4.5E-16));
#2428 = DIRECTION('',(1.209616440446E-16,-0.999701489781,
    -2.443217815265E-02));
#2429 = ORIENTED_EDGE('',*,*,#2430,.F.);
#2430 = EDGE_CURVE('',#2388,#2422,#2431,.T.);
#2431 = LINE('',#2432,#2433);
#2432 = CARTESIAN_POINT('',(15.5,-13.98264212433,17.188962877215));
#2433 = VECTOR('',#2434,1.);
#2434 = DIRECTION('',(0.,-2.443217815265E-02,0.999701489781));
#2435 = FACE_BOUND('',#2436,.T.);
#2436 = EDGE_LOOP('',(#2437,#2447,#2456,#2464,#2473,#2481));
#2437 = ORIENTED_EDGE('',*,*,#2438,.F.);
#2438 = EDGE_CURVE('',#2439,#2441,#2443,.T.);
#2439 = VERTEX_POINT('',#2440);
#2440 = CARTESIAN_POINT('',(15.5,14.105008516446,22.195878909574));
#2441 = VERTEX_POINT('',#2442);
#2442 = CARTESIAN_POINT('',(15.5,13.803293427755,9.850478439361));
#2443 = LINE('',#2444,#2445);
#2444 = CARTESIAN_POINT('',(15.5,14.00246083985,17.999893417566));
#2445 = VECTOR('',#2446,1.);
#2446 = DIRECTION('',(2.7E-15,-2.443217815265E-02,-0.999701489781));
#2447 = ORIENTED_EDGE('',*,*,#2448,.F.);
#2448 = EDGE_CURVE('',#2449,#2439,#2451,.T.);
#2449 = VERTEX_POINT('',#2450);
#2450 = CARTESIAN_POINT('',(15.5,16.153275852314,24.146417532831));
#2451 = CIRCLE('',#2452,2.);
#2452 = AXIS2_PLACEMENT_3D('',#2453,#2454,#2455);
#2453 = CARTESIAN_POINT('',(15.5,16.104411496009,22.147014553268));
#2454 = DIRECTION('',(1.,1.55E-15,1.67E-15));
#2455 = DIRECTION('',(-1.508735571646E-15,0.999701489781,
    -2.443217815265E-02));
#2456 = ORIENTED_EDGE('',*,*,#2457,.F.);
#2457 = EDGE_CURVE('',#2458,#2449,#2460,.T.);
#2458 = VERTEX_POINT('',#2459);
#2459 = CARTESIAN_POINT('',(15.5,29.728497601023,23.814646259489));
#2460 = LINE('',#2461,#2462);
#2461 = CARTESIAN_POINT('',(15.5,22.038341037849,24.002589637681));
#2462 = VECTOR('',#2463,1.);
#2463 = DIRECTION('',(3.8E-16,-0.999701489781,2.443217815266E-02));
#2464 = ORIENTED_EDGE('',*,*,#2465,.F.);
#2465 = EDGE_CURVE('',#2466,#2458,#2468,.T.);
#2466 = VERTEX_POINT('',#2467);
#2467 = CARTESIAN_POINT('',(15.5,30.988682128201,20.30316159541));
#2468 = CIRCLE('',#2469,2.);
#2469 = AXIS2_PLACEMENT_3D('',#2470,#2471,#2472);
#2470 = CARTESIAN_POINT('',(15.5,29.679633244718,21.815243279927));
#2471 = DIRECTION('',(1.,1.55E-15,1.67E-15));
#2472 = DIRECTION('',(-1.508735571646E-15,0.999701489781,
    -2.443217815265E-02));
#2473 = ORIENTED_EDGE('',*,*,#2474,.F.);
#2474 = EDGE_CURVE('',#2475,#2466,#2477,.T.);
#2475 = VERTEX_POINT('',#2476);
#2476 = CARTESIAN_POINT('',(15.5,17.1117452908,8.289532398538));
#2477 = LINE('',#2478,#2479);
#2478 = CARTESIAN_POINT('',(15.5,24.551021419663,14.729909403384));
#2479 = VECTOR('',#2480,1.);
#2480 = DIRECTION('',(-2.09E-15,0.756040842258,0.654524441742));
#2481 = ORIENTED_EDGE('',*,*,#2482,.F.);
#2482 = EDGE_CURVE('',#2441,#2475,#2483,.T.);
#2483 = CIRCLE('',#2484,2.);
#2484 = AXIS2_PLACEMENT_3D('',#2485,#2486,#2487);
#2485 = CARTESIAN_POINT('',(15.5,15.802696407317,9.801614083055));
#2486 = DIRECTION('',(1.,1.55E-15,1.67E-15));
#2487 = DIRECTION('',(-1.508735571646E-15,0.999701489781,
    -2.443217815265E-02));
#2488 = FACE_BOUND('',#2489,.T.);
#2489 = EDGE_LOOP('',(#2490,#2500,#2509,#2517,#2526,#2534));
#2490 = ORIENTED_EDGE('',*,*,#2491,.F.);
#2491 = EDGE_CURVE('',#2492,#2494,#2496,.T.);
#2492 = VERTEX_POINT('',#2493);
#2493 = CARTESIAN_POINT('',(15.5,33.659183422223,18.647045204105));
#2494 = VERTEX_POINT('',#2495);
#2495 = CARTESIAN_POINT('',(15.5,19.782246584822,6.633416007233));
#2496 = LINE('',#2497,#2498);
#2497 = CARTESIAN_POINT('',(15.5,26.868058729286,12.767789944343));
#2498 = VECTOR('',#2499,1.);
#2499 = DIRECTION('',(2.09E-15,-0.756040842258,-0.654524441742));
#2500 = ORIENTED_EDGE('',*,*,#2501,.F.);
#2501 = EDGE_CURVE('',#2502,#2492,#2504,.T.);
#2502 = VERTEX_POINT('',#2503);
#2503 = CARTESIAN_POINT('',(15.5,36.967635285269,17.086099163283));
#2504 = CIRCLE('',#2505,2.);
#2505 = AXIS2_PLACEMENT_3D('',#2506,#2507,#2508);
#2506 = CARTESIAN_POINT('',(15.5,34.968232305706,17.134963519588));
#2507 = DIRECTION('',(1.,1.55E-15,1.67E-15));
#2508 = DIRECTION('',(-1.508735571646E-15,0.999701489781,
    -2.443217815265E-02));
#2509 = ORIENTED_EDGE('',*,*,#2510,.F.);
#2510 = EDGE_CURVE('',#2511,#2502,#2513,.T.);
#2511 = VERTEX_POINT('',#2512);
#2512 = CARTESIAN_POINT('',(15.5,36.665920196577,4.740698693069));
#2513 = LINE('',#2514,#2515);
#2514 = CARTESIAN_POINT('',(15.5,36.920666790657,15.164269936967));
#2515 = VECTOR('',#2516,1.);
#2516 = DIRECTION('',(-2.7E-15,2.443217815265E-02,0.999701489781));
#2517 = ORIENTED_EDGE('',*,*,#2518,.F.);
#2518 = EDGE_CURVE('',#2519,#2511,#2521,.T.);
#2519 = VERTEX_POINT('',#2520);
#2520 = CARTESIAN_POINT('',(15.5,34.61765286071,2.790160069812));
#2521 = CIRCLE('',#2522,2.);
#2522 = AXIS2_PLACEMENT_3D('',#2523,#2524,#2525);
#2523 = CARTESIAN_POINT('',(15.5,34.666517217015,4.789563049375));
#2524 = DIRECTION('',(1.,1.55E-15,1.67E-15));
#2525 = DIRECTION('',(-1.508735571646E-15,0.999701489781,
    -2.443217815265E-02));
#2526 = ORIENTED_EDGE('',*,*,#2527,.F.);
#2527 = EDGE_CURVE('',#2528,#2519,#2530,.T.);
#2528 = VERTEX_POINT('',#2529);
#2529 = CARTESIAN_POINT('',(15.5,21.042431112,3.121931343154));
#2530 = LINE('',#2531,#2532);
#2531 = CARTESIAN_POINT('',(15.5,24.227617585057,3.044087062482));
#2532 = VECTOR('',#2533,1.);
#2533 = DIRECTION('',(-3.8E-16,0.999701489781,-2.443217815265E-02));
#2534 = ORIENTED_EDGE('',*,*,#2535,.F.);
#2535 = EDGE_CURVE('',#2494,#2528,#2536,.T.);
#2536 = CIRCLE('',#2537,2.);
#2537 = AXIS2_PLACEMENT_3D('',#2538,#2539,#2540);
#2538 = CARTESIAN_POINT('',(15.5,21.091295468305,5.121334322716));
#2539 = DIRECTION('',(1.,1.55E-15,1.67E-15));
#2540 = DIRECTION('',(-1.508735571646E-15,0.999701489781,
    -2.443217815265E-02));
#2541 = FACE_BOUND('',#2542,.T.);
#2542 = EDGE_LOOP('',(#2543,#2553,#2562,#2571,#2580,#2589,#2597,#2606,
    #2615,#2623,#2631,#2640));
#2543 = ORIENTED_EDGE('',*,*,#2544,.F.);
#2544 = EDGE_CURVE('',#2545,#2547,#2549,.T.);
#2545 = VERTEX_POINT('',#2546);
#2546 = CARTESIAN_POINT('',(15.5,-8.133031322619,23.415807079924));
#2547 = VERTEX_POINT('',#2548);
#2548 = CARTESIAN_POINT('',(15.5,-8.068960059743,20.794176845033));
#2549 = LINE('',#2550,#2551);
#2550 = CARTESIAN_POINT('',(15.5,-8.105286712164,22.280569434229));
#2551 = VECTOR('',#2552,1.);
#2552 = DIRECTION('',(0.,2.443217815265E-02,-0.999701489781));
#2553 = ORIENTED_EDGE('',*,*,#2554,.T.);
#2554 = EDGE_CURVE('',#2545,#2555,#2557,.T.);
#2555 = VERTEX_POINT('',#2556);
#2556 = CARTESIAN_POINT('',(15.5,-5.848575670438,24.73070674073));
#2557 = CIRCLE('',#2558,1.5);
#2558 = AXIS2_PLACEMENT_3D('',#2559,#2560,#2561);
#2559 = CARTESIAN_POINT('',(15.5,-6.633479087947,23.452455347153));
#2560 = DIRECTION('',(-1.,1.414817630876E-16,-1.220161396814E-15));
#2561 = DIRECTION('',(-1.116283287136E-16,-0.999701489781,
    -2.443217815265E-02));
#2562 = ORIENTED_EDGE('',*,*,#2563,.F.);
#2563 = EDGE_CURVE('',#2564,#2555,#2566,.T.);
#2564 = VERTEX_POINT('',#2565);
#2565 = CARTESIAN_POINT('',(15.5,5.E-15,23.192784608665));
#2566 = CIRCLE('',#2567,10.45);
#2567 = AXIS2_PLACEMENT_3D('',#2568,#2569,#2570);
#2568 = CARTESIAN_POINT('',(15.5,-0.380415195124,33.635858115986));
#2569 = DIRECTION('',(-1.,1.414817630876E-16,-1.220161396814E-15));
#2570 = DIRECTION('',(-1.116283287136E-16,-0.999701489781,
    -2.443217815265E-02));
#2571 = ORIENTED_EDGE('',*,*,#2572,.T.);
#2572 = EDGE_CURVE('',#2564,#2573,#2575,.T.);
#2573 = VERTEX_POINT('',#2574);
#2574 = CARTESIAN_POINT('',(15.5,5.848575670438,24.73070674073));
#2575 = CIRCLE('',#2576,10.45);
#2576 = AXIS2_PLACEMENT_3D('',#2577,#2578,#2579);
#2577 = CARTESIAN_POINT('',(15.5,0.380415195124,33.635858115986));
#2578 = DIRECTION('',(1.,1.86519889176E-16,5.5999013047E-16));
#2579 = DIRECTION('',(-1.727824324517E-16,0.999701489781,
    -2.443217815265E-02));
#2580 = ORIENTED_EDGE('',*,*,#2581,.F.);
#2581 = EDGE_CURVE('',#2582,#2573,#2584,.T.);
#2582 = VERTEX_POINT('',#2583);
#2583 = CARTESIAN_POINT('',(15.5,8.133031322619,23.415807079924));
#2584 = CIRCLE('',#2585,1.5);
#2585 = AXIS2_PLACEMENT_3D('',#2586,#2587,#2588);
#2586 = CARTESIAN_POINT('',(15.5,6.633479087947,23.452455347153));
#2587 = DIRECTION('',(1.,5.24182796746E-16,8.900073506132E-16));
#2588 = DIRECTION('',(-5.022815046773E-16,0.999701489781,
    -2.443217815265E-02));
#2589 = ORIENTED_EDGE('',*,*,#2590,.F.);
#2590 = EDGE_CURVE('',#2591,#2582,#2593,.T.);
#2591 = VERTEX_POINT('',#2592);
#2592 = CARTESIAN_POINT('',(15.5,8.068960059743,20.794176845033));
#2593 = LINE('',#2594,#2595);
#2594 = CARTESIAN_POINT('',(15.5,8.125105427684,23.091499974579));
#2595 = VECTOR('',#2596,1.);
#2596 = DIRECTION('',(-2.22E-15,2.443217815265E-02,0.999701489781));
#2597 = ORIENTED_EDGE('',*,*,#2598,.F.);
#2598 = EDGE_CURVE('',#2599,#2591,#2601,.T.);
#2599 = VERTEX_POINT('',#2600);
#2600 = CARTESIAN_POINT('',(15.5,3.662512880855,20.209353679529));
#2601 = CIRCLE('',#2602,2.25);
#2602 = AXIS2_PLACEMENT_3D('',#2603,#2604,#2605);
#2603 = CARTESIAN_POINT('',(15.5,5.819631707735,20.849149245876));
#2604 = DIRECTION('',(1.,8.9E-16,1.E-15));
#2605 = DIRECTION('',(-8.653021477526E-16,0.999701489781,
    -2.443217815265E-02));
#2606 = ORIENTED_EDGE('',*,*,#2607,.T.);
#2607 = EDGE_CURVE('',#2599,#2608,#2610,.T.);
#2608 = VERTEX_POINT('',#2609);
#2609 = CARTESIAN_POINT('',(15.5,2.728225580394,20.924701584267));
#2610 = CIRCLE('',#2611,1.);
#2611 = AXIS2_PLACEMENT_3D('',#2612,#2613,#2614);
#2612 = CARTESIAN_POINT('',(15.5,2.703793402241,19.925000094486));
#2613 = DIRECTION('',(1.,8.9E-16,1.E-15));
#2614 = DIRECTION('',(-8.653021477526E-16,0.999701489781,
    -2.443217815265E-02));
#2615 = ORIENTED_EDGE('',*,*,#2616,.F.);
#2616 = EDGE_CURVE('',#2617,#2608,#2619,.T.);
#2617 = VERTEX_POINT('',#2618);
#2618 = CARTESIAN_POINT('',(15.5,6.E-15,20.991377981274));
#2619 = LINE('',#2620,#2621);
#2620 = CARTESIAN_POINT('',(15.5,11.206602132453,20.717494524477));
#2621 = VECTOR('',#2622,1.);
#2622 = DIRECTION('',(7.2E-16,0.999701489781,-2.443217815265E-02));
#2623 = ORIENTED_EDGE('',*,*,#2624,.F.);
#2624 = EDGE_CURVE('',#2625,#2617,#2627,.T.);
#2625 = VERTEX_POINT('',#2626);
#2626 = CARTESIAN_POINT('',(15.5,-2.728225580394,20.924701584267));
#2627 = LINE('',#2628,#2629);
#2628 = CARTESIAN_POINT('',(15.5,-10.91741878144,20.724562013345));
#2629 = VECTOR('',#2630,1.);
#2630 = DIRECTION('',(-1.1E-16,0.999701489781,2.443217815265E-02));
#2631 = ORIENTED_EDGE('',*,*,#2632,.T.);
#2632 = EDGE_CURVE('',#2625,#2633,#2635,.T.);
#2633 = VERTEX_POINT('',#2634);
#2634 = CARTESIAN_POINT('',(15.5,-3.662512880855,20.209353679529));
#2635 = CIRCLE('',#2636,1.);
#2636 = AXIS2_PLACEMENT_3D('',#2637,#2638,#2639);
#2637 = CARTESIAN_POINT('',(15.5,-2.703793402241,19.925000094486));
#2638 = DIRECTION('',(1.,1.1E-16,4.5E-16));
#2639 = DIRECTION('',(1.209616440446E-16,-0.999701489781,
    -2.443217815265E-02));
#2640 = ORIENTED_EDGE('',*,*,#2641,.F.);
#2641 = EDGE_CURVE('',#2547,#2633,#2642,.T.);
#2642 = CIRCLE('',#2643,2.25);
#2643 = AXIS2_PLACEMENT_3D('',#2644,#2645,#2646);
#2644 = CARTESIAN_POINT('',(15.5,-5.819631707735,20.849149245876));
#2645 = DIRECTION('',(1.,1.1E-16,4.5E-16));
#2646 = DIRECTION('',(1.209616440446E-16,-0.999701489781,
    -2.443217815265E-02));
#2647 = PLANE('',#2648);
#2648 = AXIS2_PLACEMENT_3D('',#2649,#2650,#2651);
#2649 = CARTESIAN_POINT('',(15.5,-2.408989708053E-02,20.330963477649));
#2650 = DIRECTION('',(1.,5.E-16,2.19E-15));
#2651 = DIRECTION('',(-2.19E-15,1.1E-16,1.));
#2652 = ADVANCED_FACE('',(#2653),#2679,.F.);
#2653 = FACE_BOUND('',#2654,.T.);
#2654 = EDGE_LOOP('',(#2655,#2656,#2664,#2673));
#2655 = ORIENTED_EDGE('',*,*,#2332,.T.);
#2656 = ORIENTED_EDGE('',*,*,#2657,.T.);
#2657 = EDGE_CURVE('',#2335,#2658,#2660,.T.);
#2658 = VERTEX_POINT('',#2659);
#2659 = CARTESIAN_POINT('',(-15.5,-19.78224658482,6.633416007233));
#2660 = LINE('',#2661,#2662);
#2661 = CARTESIAN_POINT('',(-3.1E-15,-19.78224658482,6.633416007233));
#2662 = VECTOR('',#2663,1.);
#2663 = DIRECTION('',(-1.,5.5E-16,5.6E-16));
#2664 = ORIENTED_EDGE('',*,*,#2665,.F.);
#2665 = EDGE_CURVE('',#2666,#2658,#2668,.T.);
#2666 = VERTEX_POINT('',#2667);
#2667 = CARTESIAN_POINT('',(-15.5,-21.042431112,3.121931343154));
#2668 = CIRCLE('',#2669,2.);
#2669 = AXIS2_PLACEMENT_3D('',#2670,#2671,#2672);
#2670 = CARTESIAN_POINT('',(-15.5,-21.0912954683,5.121334322716));
#2671 = DIRECTION('',(1.,1.1E-16,4.5E-16));
#2672 = DIRECTION('',(1.209616440446E-16,-0.999701489781,
    -2.443217815265E-02));
#2673 = ORIENTED_EDGE('',*,*,#2674,.T.);
#2674 = EDGE_CURVE('',#2666,#2333,#2675,.T.);
#2675 = LINE('',#2676,#2677);
#2676 = CARTESIAN_POINT('',(-6.16E-15,-21.042431112,3.121931343154));
#2677 = VECTOR('',#2678,1.);
#2678 = DIRECTION('',(1.,-5.5E-16,-5.6E-16));
#2679 = CYLINDRICAL_SURFACE('',#2680,2.);
#2680 = AXIS2_PLACEMENT_3D('',#2681,#2682,#2683);
#2681 = CARTESIAN_POINT('',(-4.8E-16,-21.0912954683,5.121334322716));
#2682 = DIRECTION('',(1.,-1.E-15,-3.3E-16));
#2683 = DIRECTION('',(-1.007764108572E-15,-0.999701489781,
    -2.443217815265E-02));
#2684 = ADVANCED_FACE('',(#2685),#2703,.F.);
#2685 = FACE_BOUND('',#2686,.T.);
#2686 = EDGE_LOOP('',(#2687,#2688,#2696,#2702));
#2687 = ORIENTED_EDGE('',*,*,#2674,.F.);
#2688 = ORIENTED_EDGE('',*,*,#2689,.F.);
#2689 = EDGE_CURVE('',#2690,#2666,#2692,.T.);
#2690 = VERTEX_POINT('',#2691);
#2691 = CARTESIAN_POINT('',(-15.5,-34.61765286071,2.790160069812));
#2692 = LINE('',#2693,#2694);
#2693 = CARTESIAN_POINT('',(-15.5,-23.93843423404,3.05115455135));
#2694 = VECTOR('',#2695,1.);
#2695 = DIRECTION('',(-1.1E-16,0.999701489781,2.443217815265E-02));
#2696 = ORIENTED_EDGE('',*,*,#2697,.F.);
#2697 = EDGE_CURVE('',#2344,#2690,#2698,.T.);
#2698 = LINE('',#2699,#2700);
#2699 = CARTESIAN_POINT('',(7.4E-15,-34.61765286071,2.790160069812));
#2700 = VECTOR('',#2701,1.);
#2701 = DIRECTION('',(-1.,5.5E-16,5.6E-16));
#2702 = ORIENTED_EDGE('',*,*,#2343,.T.);
#2703 = PLANE('',#2704);
#2704 = AXIS2_PLACEMENT_3D('',#2705,#2706,#2707);
#2705 = CARTESIAN_POINT('',(8.68E-15,-27.83004198635,2.956045706483));
#2706 = DIRECTION('',(1.21E-15,2.443217815265E-02,-0.999701489781));
#2707 = DIRECTION('',(5.8E-16,-0.999701489781,-2.443217815265E-02));
#2708 = ADVANCED_FACE('',(#2709),#2727,.F.);
#2709 = FACE_BOUND('',#2710,.T.);
#2710 = EDGE_LOOP('',(#2711,#2719,#2725,#2726));
#2711 = ORIENTED_EDGE('',*,*,#2712,.F.);
#2712 = EDGE_CURVE('',#2713,#2369,#2715,.T.);
#2713 = VERTEX_POINT('',#2714);
#2714 = CARTESIAN_POINT('',(-15.5,-33.65918342222,18.647045204105));
#2715 = LINE('',#2716,#2717);
#2716 = CARTESIAN_POINT('',(-6.05E-15,-33.65918342222,18.647045204105));
#2717 = VECTOR('',#2718,1.);
#2718 = DIRECTION('',(1.,-5.5E-16,-5.6E-16));
#2719 = ORIENTED_EDGE('',*,*,#2720,.F.);
#2720 = EDGE_CURVE('',#2658,#2713,#2721,.T.);
#2721 = LINE('',#2722,#2723);
#2722 = CARTESIAN_POINT('',(-15.5,-26.29364445329,12.270504397974));
#2723 = VECTOR('',#2724,1.);
#2724 = DIRECTION('',(8.E-17,-0.756040842258,0.654524441742));
#2725 = ORIENTED_EDGE('',*,*,#2657,.F.);
#2726 = ORIENTED_EDGE('',*,*,#2377,.T.);
#2727 = PLANE('',#2728);
#2728 = AXIS2_PLACEMENT_3D('',#2729,#2730,#2731);
#2729 = CARTESIAN_POINT('',(5.6E-15,-26.72071500352,12.640230605669));
#2730 = DIRECTION('',(-1.43E-15,0.654524441742,0.756040842258));
#2731 = DIRECTION('',(3.8E-16,0.756040842258,-0.654524441742));
#2732 = ADVANCED_FACE('',(#2733),#2752,.F.);
#2733 = FACE_BOUND('',#2734,.T.);
#2734 = EDGE_LOOP('',(#2735,#2736,#2737,#2746));
#2735 = ORIENTED_EDGE('',*,*,#2351,.T.);
#2736 = ORIENTED_EDGE('',*,*,#2697,.T.);
#2737 = ORIENTED_EDGE('',*,*,#2738,.F.);
#2738 = EDGE_CURVE('',#2739,#2690,#2741,.T.);
#2739 = VERTEX_POINT('',#2740);
#2740 = CARTESIAN_POINT('',(-15.5,-36.66592019657,4.74069869307));
#2741 = CIRCLE('',#2742,2.);
#2742 = AXIS2_PLACEMENT_3D('',#2743,#2744,#2745);
#2743 = CARTESIAN_POINT('',(-15.5,-34.66651721701,4.789563049375));
#2744 = DIRECTION('',(1.,1.1E-16,4.5E-16));
#2745 = DIRECTION('',(1.209616440446E-16,-0.999701489781,
    -2.443217815265E-02));
#2746 = ORIENTED_EDGE('',*,*,#2747,.T.);
#2747 = EDGE_CURVE('',#2739,#2352,#2748,.T.);
#2748 = LINE('',#2749,#2750);
#2749 = CARTESIAN_POINT('',(1.154E-14,-36.66592019657,4.74069869307));
#2750 = VECTOR('',#2751,1.);
#2751 = DIRECTION('',(1.,-5.5E-16,-5.6E-16));
#2752 = CYLINDRICAL_SURFACE('',#2753,2.);
#2753 = AXIS2_PLACEMENT_3D('',#2754,#2755,#2756);
#2754 = CARTESIAN_POINT('',(4.52E-15,-34.66651721701,4.789563049375));
#2755 = DIRECTION('',(1.,-1.E-15,-3.3E-16));
#2756 = DIRECTION('',(-1.007764108572E-15,-0.999701489781,
    -2.443217815265E-02));
#2757 = ADVANCED_FACE('',(#2758),#2777,.F.);
#2758 = FACE_BOUND('',#2759,.T.);
#2759 = EDGE_LOOP('',(#2760,#2761,#2769,#2776));
#2760 = ORIENTED_EDGE('',*,*,#2368,.T.);
#2761 = ORIENTED_EDGE('',*,*,#2762,.T.);
#2762 = EDGE_CURVE('',#2361,#2763,#2765,.T.);
#2763 = VERTEX_POINT('',#2764);
#2764 = CARTESIAN_POINT('',(-15.5,-36.96763528526,17.086099163283));
#2765 = LINE('',#2766,#2767);
#2766 = CARTESIAN_POINT('',(-1.248E-14,-36.96763528526,17.086099163283)
  );
#2767 = VECTOR('',#2768,1.);
#2768 = DIRECTION('',(-1.,5.5E-16,5.6E-16));
#2769 = ORIENTED_EDGE('',*,*,#2770,.F.);
#2770 = EDGE_CURVE('',#2713,#2763,#2771,.T.);
#2771 = CIRCLE('',#2772,2.);
#2772 = AXIS2_PLACEMENT_3D('',#2773,#2774,#2775);
#2773 = CARTESIAN_POINT('',(-15.5,-34.9682323057,17.134963519588));
#2774 = DIRECTION('',(1.,1.1E-16,4.5E-16));
#2775 = DIRECTION('',(1.209616440446E-16,-0.999701489781,
    -2.443217815265E-02));
#2776 = ORIENTED_EDGE('',*,*,#2712,.T.);
#2777 = CYLINDRICAL_SURFACE('',#2778,2.);
#2778 = AXIS2_PLACEMENT_3D('',#2779,#2780,#2781);
#2779 = CARTESIAN_POINT('',(-1.322E-14,-34.9682323057,17.134963519588));
#2780 = DIRECTION('',(1.,-1.E-15,-3.3E-16));
#2781 = DIRECTION('',(-1.007764108572E-15,-0.999701489781,
    -2.443217815265E-02));
#2782 = ADVANCED_FACE('',(#2783),#2794,.F.);
#2783 = FACE_BOUND('',#2784,.T.);
#2784 = EDGE_LOOP('',(#2785,#2786,#2792,#2793));
#2785 = ORIENTED_EDGE('',*,*,#2747,.F.);
#2786 = ORIENTED_EDGE('',*,*,#2787,.F.);
#2787 = EDGE_CURVE('',#2763,#2739,#2788,.T.);
#2788 = LINE('',#2789,#2790);
#2789 = CARTESIAN_POINT('',(-15.5,-36.90084807513,14.353339396617));
#2790 = VECTOR('',#2791,1.);
#2791 = DIRECTION('',(0.,2.443217815265E-02,-0.999701489781));
#2792 = ORIENTED_EDGE('',*,*,#2762,.F.);
#2793 = ORIENTED_EDGE('',*,*,#2360,.T.);
#2794 = PLANE('',#2795);
#2795 = AXIS2_PLACEMENT_3D('',#2796,#2797,#2798);
#2796 = CARTESIAN_POINT('',(7.11E-15,-36.81677774092,10.913398928176));
#2797 = DIRECTION('',(8.1E-16,-0.999701489781,-2.443217815265E-02));
#2798 = DIRECTION('',(1.21E-15,2.443217815265E-02,-0.999701489781));
#2799 = ADVANCED_FACE('',(#2800),#2826,.F.);
#2800 = FACE_BOUND('',#2801,.T.);
#2801 = EDGE_LOOP('',(#2802,#2803,#2811,#2820));
#2802 = ORIENTED_EDGE('',*,*,#2385,.T.);
#2803 = ORIENTED_EDGE('',*,*,#2804,.T.);
#2804 = EDGE_CURVE('',#2388,#2805,#2807,.T.);
#2805 = VERTEX_POINT('',#2806);
#2806 = CARTESIAN_POINT('',(-15.5,-13.80329342775,9.850478439361));
#2807 = LINE('',#2808,#2809);
#2808 = CARTESIAN_POINT('',(-9.74E-15,-13.80329342775,9.850478439361));
#2809 = VECTOR('',#2810,1.);
#2810 = DIRECTION('',(-1.,5.5E-16,5.6E-16));
#2811 = ORIENTED_EDGE('',*,*,#2812,.F.);
#2812 = EDGE_CURVE('',#2813,#2805,#2815,.T.);
#2813 = VERTEX_POINT('',#2814);
#2814 = CARTESIAN_POINT('',(-15.5,-17.1117452908,8.289532398538));
#2815 = CIRCLE('',#2816,2.);
#2816 = AXIS2_PLACEMENT_3D('',#2817,#2818,#2819);
#2817 = CARTESIAN_POINT('',(-15.5,-15.80269640731,9.801614083055));
#2818 = DIRECTION('',(1.,1.1E-16,4.5E-16));
#2819 = DIRECTION('',(1.209616440446E-16,-0.999701489781,
    -2.443217815265E-02));
#2820 = ORIENTED_EDGE('',*,*,#2821,.T.);
#2821 = EDGE_CURVE('',#2813,#2386,#2822,.T.);
#2822 = LINE('',#2823,#2824);
#2823 = CARTESIAN_POINT('',(-1.617E-14,-17.1117452908,8.289532398538));
#2824 = VECTOR('',#2825,1.);
#2825 = DIRECTION('',(1.,-5.5E-16,-5.6E-16));
#2826 = CYLINDRICAL_SURFACE('',#2827,2.);
#2827 = AXIS2_PLACEMENT_3D('',#2828,#2829,#2830);
#2828 = CARTESIAN_POINT('',(-9.E-15,-15.80269640731,9.801614083055));
#2829 = DIRECTION('',(1.,-1.E-15,-3.3E-16));
#2830 = DIRECTION('',(-1.007764108572E-15,-0.999701489781,
    -2.443217815265E-02));
#2831 = ADVANCED_FACE('',(#2832),#2850,.F.);
#2832 = FACE_BOUND('',#2833,.T.);
#2833 = EDGE_LOOP('',(#2834,#2835,#2843,#2849));
#2834 = ORIENTED_EDGE('',*,*,#2821,.F.);
#2835 = ORIENTED_EDGE('',*,*,#2836,.F.);
#2836 = EDGE_CURVE('',#2837,#2813,#2839,.T.);
#2837 = VERTEX_POINT('',#2838);
#2838 = CARTESIAN_POINT('',(-15.5,-30.9886821282,20.30316159541));
#2839 = LINE('',#2840,#2841);
#2840 = CARTESIAN_POINT('',(-15.5,-23.97660714367,14.232623857015));
#2841 = VECTOR('',#2842,1.);
#2842 = DIRECTION('',(-8.E-17,0.756040842258,-0.654524441742));
#2843 = ORIENTED_EDGE('',*,*,#2844,.F.);
#2844 = EDGE_CURVE('',#2397,#2837,#2845,.T.);
#2845 = LINE('',#2846,#2847);
#2846 = CARTESIAN_POINT('',(-1.912E-14,-30.9886821282,20.30316159541));
#2847 = VECTOR('',#2848,1.);
#2848 = DIRECTION('',(-1.,5.5E-16,5.6E-16));
#2849 = ORIENTED_EDGE('',*,*,#2396,.T.);
#2850 = PLANE('',#2851);
#2851 = AXIS2_PLACEMENT_3D('',#2852,#2853,#2854);
#2852 = CARTESIAN_POINT('',(-1.032E-14,-24.0502137095,14.296346996974));
#2853 = DIRECTION('',(1.43E-15,-0.654524441742,-0.756040842258));
#2854 = DIRECTION('',(-3.8E-16,-0.756040842258,0.654524441742));
#2855 = ADVANCED_FACE('',(#2856),#2874,.F.);
#2856 = FACE_BOUND('',#2857,.T.);
#2857 = EDGE_LOOP('',(#2858,#2866,#2872,#2873));
#2858 = ORIENTED_EDGE('',*,*,#2859,.F.);
#2859 = EDGE_CURVE('',#2860,#2422,#2862,.T.);
#2860 = VERTEX_POINT('',#2861);
#2861 = CARTESIAN_POINT('',(-15.5,-14.10500851644,22.195878909574));
#2862 = LINE('',#2863,#2864);
#2863 = CARTESIAN_POINT('',(-3.375E-14,-14.10500851644,22.195878909574)
  );
#2864 = VECTOR('',#2865,1.);
#2865 = DIRECTION('',(1.,-5.5E-16,-5.6E-16));
#2866 = ORIENTED_EDGE('',*,*,#2867,.F.);
#2867 = EDGE_CURVE('',#2805,#2860,#2868,.T.);
#2868 = LINE('',#2869,#2870);
#2869 = CARTESIAN_POINT('',(-15.5,-13.98264212433,17.188962877215));
#2870 = VECTOR('',#2871,1.);
#2871 = DIRECTION('',(0.,-2.443217815265E-02,0.999701489781));
#2872 = ORIENTED_EDGE('',*,*,#2804,.F.);
#2873 = ORIENTED_EDGE('',*,*,#2430,.T.);
#2874 = PLANE('',#2875);
#2875 = AXIS2_PLACEMENT_3D('',#2876,#2877,#2878);
#2876 = CARTESIAN_POINT('',(-2.133E-14,-13.9541509721,16.023178674467));
#2877 = DIRECTION('',(-8.3E-16,0.999701489781,2.443217815265E-02));
#2878 = DIRECTION('',(-1.21E-15,-2.443217815265E-02,0.999701489781));
#2879 = ADVANCED_FACE('',(#2880),#2899,.F.);
#2880 = FACE_BOUND('',#2881,.T.);
#2881 = EDGE_LOOP('',(#2882,#2883,#2884,#2893));
#2882 = ORIENTED_EDGE('',*,*,#2404,.T.);
#2883 = ORIENTED_EDGE('',*,*,#2844,.T.);
#2884 = ORIENTED_EDGE('',*,*,#2885,.F.);
#2885 = EDGE_CURVE('',#2886,#2837,#2888,.T.);
#2886 = VERTEX_POINT('',#2887);
#2887 = CARTESIAN_POINT('',(-15.5,-29.72849760102,23.814646259489));
#2888 = CIRCLE('',#2889,2.);
#2889 = AXIS2_PLACEMENT_3D('',#2890,#2891,#2892);
#2890 = CARTESIAN_POINT('',(-15.5,-29.67963324471,21.815243279927));
#2891 = DIRECTION('',(1.,1.1E-16,4.5E-16));
#2892 = DIRECTION('',(1.209616440446E-16,-0.999701489781,
    -2.443217815265E-02));
#2893 = ORIENTED_EDGE('',*,*,#2894,.T.);
#2894 = EDGE_CURVE('',#2886,#2405,#2895,.T.);
#2895 = LINE('',#2896,#2897);
#2896 = CARTESIAN_POINT('',(-1.606E-14,-29.72849760102,23.814646259489)
  );
#2897 = VECTOR('',#2898,1.);
#2898 = DIRECTION('',(1.,-5.5E-16,-5.6E-16));
#2899 = CYLINDRICAL_SURFACE('',#2900,2.);
#2900 = AXIS2_PLACEMENT_3D('',#2901,#2902,#2903);
#2901 = CARTESIAN_POINT('',(-2.174E-14,-29.67963324471,21.815243279927)
  );
#2902 = DIRECTION('',(1.,-1.E-15,-3.3E-16));
#2903 = DIRECTION('',(-1.007764108572E-15,-0.999701489781,
    -2.443217815265E-02));
#2904 = ADVANCED_FACE('',(#2905),#2924,.F.);
#2905 = FACE_BOUND('',#2906,.T.);
#2906 = EDGE_LOOP('',(#2907,#2908,#2916,#2923));
#2907 = ORIENTED_EDGE('',*,*,#2421,.T.);
#2908 = ORIENTED_EDGE('',*,*,#2909,.T.);
#2909 = EDGE_CURVE('',#2414,#2910,#2912,.T.);
#2910 = VERTEX_POINT('',#2911);
#2911 = CARTESIAN_POINT('',(-15.5,-16.15327585231,24.146417532831));
#2912 = LINE('',#2913,#2914);
#2913 = CARTESIAN_POINT('',(-2.961E-14,-16.15327585231,24.146417532831)
  );
#2914 = VECTOR('',#2915,1.);
#2915 = DIRECTION('',(-1.,5.5E-16,5.6E-16));
#2916 = ORIENTED_EDGE('',*,*,#2917,.F.);
#2917 = EDGE_CURVE('',#2860,#2910,#2918,.T.);
#2918 = CIRCLE('',#2919,2.);
#2919 = AXIS2_PLACEMENT_3D('',#2920,#2921,#2922);
#2920 = CARTESIAN_POINT('',(-15.5,-16.104411496,22.147014553268));
#2921 = DIRECTION('',(1.,1.1E-16,4.5E-16));
#2922 = DIRECTION('',(1.209616440446E-16,-0.999701489781,
    -2.443217815265E-02));
#2923 = ORIENTED_EDGE('',*,*,#2859,.T.);
#2924 = CYLINDRICAL_SURFACE('',#2925,2.);
#2925 = AXIS2_PLACEMENT_3D('',#2926,#2927,#2928);
#2926 = CARTESIAN_POINT('',(-2.674E-14,-16.104411496,22.147014553268));
#2927 = DIRECTION('',(1.,-1.E-15,-3.3E-16));
#2928 = DIRECTION('',(-1.007764108572E-15,-0.999701489781,
    -2.443217815265E-02));
#2929 = ADVANCED_FACE('',(#2930),#2941,.F.);
#2930 = FACE_BOUND('',#2931,.T.);
#2931 = EDGE_LOOP('',(#2932,#2933,#2939,#2940));
#2932 = ORIENTED_EDGE('',*,*,#2894,.F.);
#2933 = ORIENTED_EDGE('',*,*,#2934,.F.);
#2934 = EDGE_CURVE('',#2910,#2886,#2935,.T.);
#2935 = LINE('',#2936,#2937);
#2936 = CARTESIAN_POINT('',(-15.5,-21.74915768683,24.00965712655));
#2937 = VECTOR('',#2938,1.);
#2938 = DIRECTION('',(1.1E-16,-0.999701489781,-2.443217815265E-02));
#2939 = ORIENTED_EDGE('',*,*,#2909,.F.);
#2940 = ORIENTED_EDGE('',*,*,#2413,.T.);
#2941 = PLANE('',#2942);
#2942 = AXIS2_PLACEMENT_3D('',#2943,#2944,#2945);
#2943 = CARTESIAN_POINT('',(-1.655E-14,-22.94088672666,23.98053189616));
#2944 = DIRECTION('',(-1.21E-15,-2.443217815265E-02,0.999701489781));
#2945 = DIRECTION('',(-5.8E-16,0.999701489781,2.443217815265E-02));
#2946 = ADVANCED_FACE('',(#2947),#2972,.F.);
#2947 = FACE_BOUND('',#2948,.F.);
#2948 = EDGE_LOOP('',(#2949,#2957,#2965,#2971));
#2949 = ORIENTED_EDGE('',*,*,#2950,.F.);
#2950 = EDGE_CURVE('',#2951,#2439,#2953,.T.);
#2951 = VERTEX_POINT('',#2952);
#2952 = CARTESIAN_POINT('',(-15.5,14.105008516446,22.195878909574));
#2953 = LINE('',#2954,#2955);
#2954 = CARTESIAN_POINT('',(-6.53E-14,14.105008516446,22.195878909574));
#2955 = VECTOR('',#2956,1.);
#2956 = DIRECTION('',(1.,-6.7E-16,-3.3E-16));
#2957 = ORIENTED_EDGE('',*,*,#2958,.F.);
#2958 = EDGE_CURVE('',#2959,#2951,#2961,.T.);
#2959 = VERTEX_POINT('',#2960);
#2960 = CARTESIAN_POINT('',(-15.5,13.803293427755,9.850478439361));
#2961 = LINE('',#2962,#2963);
#2962 = CARTESIAN_POINT('',(-15.5,14.00246083985,17.999893417566));
#2963 = VECTOR('',#2964,1.);
#2964 = DIRECTION('',(-2.62E-15,2.443217815265E-02,0.999701489781));
#2965 = ORIENTED_EDGE('',*,*,#2966,.F.);
#2966 = EDGE_CURVE('',#2441,#2959,#2967,.T.);
#2967 = LINE('',#2968,#2969);
#2968 = CARTESIAN_POINT('',(-3.798E-14,13.803293427755,9.850478439361));
#2969 = VECTOR('',#2970,1.);
#2970 = DIRECTION('',(-1.,6.7E-16,3.3E-16));
#2971 = ORIENTED_EDGE('',*,*,#2438,.F.);
#2972 = PLANE('',#2973);
#2973 = AXIS2_PLACEMENT_3D('',#2974,#2975,#2976);
#2974 = CARTESIAN_POINT('',(-5.122E-14,13.954150972101,16.023178674467)
  );
#2975 = DIRECTION('',(1.05E-15,-0.999701489781,2.443217815265E-02));
#2976 = DIRECTION('',(1.48E-15,-2.443217815265E-02,-0.999701489781));
#2977 = ADVANCED_FACE('',(#2978),#2997,.F.);
#2978 = FACE_BOUND('',#2979,.F.);
#2979 = EDGE_LOOP('',(#2980,#2981,#2989,#2996));
#2980 = ORIENTED_EDGE('',*,*,#2448,.F.);
#2981 = ORIENTED_EDGE('',*,*,#2982,.T.);
#2982 = EDGE_CURVE('',#2449,#2983,#2985,.T.);
#2983 = VERTEX_POINT('',#2984);
#2984 = CARTESIAN_POINT('',(-15.5,16.153275852314,24.146417532831));
#2985 = LINE('',#2986,#2987);
#2986 = CARTESIAN_POINT('',(-6.546E-14,16.153275852314,24.146417532831)
  );
#2987 = VECTOR('',#2988,1.);
#2988 = DIRECTION('',(-1.,6.7E-16,3.3E-16));
#2989 = ORIENTED_EDGE('',*,*,#2990,.T.);
#2990 = EDGE_CURVE('',#2983,#2951,#2991,.T.);
#2991 = CIRCLE('',#2992,2.);
#2992 = AXIS2_PLACEMENT_3D('',#2993,#2994,#2995);
#2993 = CARTESIAN_POINT('',(-15.5,16.104411496009,22.147014553268));
#2994 = DIRECTION('',(1.,1.55E-15,1.67E-15));
#2995 = DIRECTION('',(-1.508735571646E-15,0.999701489781,
    -2.443217815265E-02));
#2996 = ORIENTED_EDGE('',*,*,#2950,.T.);
#2997 = CYLINDRICAL_SURFACE('',#2998,2.);
#2998 = AXIS2_PLACEMENT_3D('',#2999,#3000,#3001);
#2999 = CARTESIAN_POINT('',(-6.205E-14,16.104411496009,22.147014553268)
  );
#3000 = DIRECTION('',(1.,-2.2E-16,-1.1E-16));
#3001 = DIRECTION('',(2.172467881551E-16,0.999701489781,
    -2.443217815265E-02));
#3002 = ADVANCED_FACE('',(#3003),#3022,.F.);
#3003 = FACE_BOUND('',#3004,.F.);
#3004 = EDGE_LOOP('',(#3005,#3006,#3007,#3016));
#3005 = ORIENTED_EDGE('',*,*,#2482,.F.);
#3006 = ORIENTED_EDGE('',*,*,#2966,.T.);
#3007 = ORIENTED_EDGE('',*,*,#3008,.T.);
#3008 = EDGE_CURVE('',#2959,#3009,#3011,.T.);
#3009 = VERTEX_POINT('',#3010);
#3010 = CARTESIAN_POINT('',(-15.5,17.111745290801,8.289532398538));
#3011 = CIRCLE('',#3012,2.);
#3012 = AXIS2_PLACEMENT_3D('',#3013,#3014,#3015);
#3013 = CARTESIAN_POINT('',(-15.5,15.802696407317,9.801614083055));
#3014 = DIRECTION('',(1.,1.55E-15,1.67E-15));
#3015 = DIRECTION('',(-1.508735571646E-15,0.999701489781,
    -2.443217815265E-02));
#3016 = ORIENTED_EDGE('',*,*,#3017,.T.);
#3017 = EDGE_CURVE('',#3009,#2475,#3018,.T.);
#3018 = LINE('',#3019,#3020);
#3019 = CARTESIAN_POINT('',(-5.031E-14,17.1117452908,8.289532398538));
#3020 = VECTOR('',#3021,1.);
#3021 = DIRECTION('',(1.,-6.7E-16,-3.3E-16));
#3022 = CYLINDRICAL_SURFACE('',#3023,2.);
#3023 = AXIS2_PLACEMENT_3D('',#3024,#3025,#3026);
#3024 = CARTESIAN_POINT('',(-4.1E-14,15.802696407317,9.801614083055));
#3025 = DIRECTION('',(1.,-2.2E-16,-1.1E-16));
#3026 = DIRECTION('',(2.172467881551E-16,0.999701489781,
    -2.443217815265E-02));
#3027 = ADVANCED_FACE('',(#3028),#3046,.F.);
#3028 = FACE_BOUND('',#3029,.F.);
#3029 = EDGE_LOOP('',(#3030,#3038,#3044,#3045));
#3030 = ORIENTED_EDGE('',*,*,#3031,.F.);
#3031 = EDGE_CURVE('',#3032,#2458,#3034,.T.);
#3032 = VERTEX_POINT('',#3033);
#3033 = CARTESIAN_POINT('',(-15.5,29.728497601024,23.814646259489));
#3034 = LINE('',#3035,#3036);
#3035 = CARTESIAN_POINT('',(-7.746E-14,29.728497601024,23.814646259489)
  );
#3036 = VECTOR('',#3037,1.);
#3037 = DIRECTION('',(1.,-6.7E-16,-3.3E-16));
#3038 = ORIENTED_EDGE('',*,*,#3039,.F.);
#3039 = EDGE_CURVE('',#2983,#3032,#3040,.T.);
#3040 = LINE('',#3041,#3042);
#3041 = CARTESIAN_POINT('',(-15.5,22.038341037849,24.002589637681));
#3042 = VECTOR('',#3043,1.);
#3043 = DIRECTION('',(-3.8E-16,0.999701489781,-2.443217815266E-02));
#3044 = ORIENTED_EDGE('',*,*,#2982,.F.);
#3045 = ORIENTED_EDGE('',*,*,#2457,.F.);
#3046 = PLANE('',#3047);
#3047 = AXIS2_PLACEMENT_3D('',#3048,#3049,#3050);
#3048 = CARTESIAN_POINT('',(-6.517E-14,22.940886726669,23.98053189616));
#3049 = DIRECTION('',(-1.48E-15,2.443217815265E-02,0.999701489781));
#3050 = DIRECTION('',(-1.3E-15,0.999701489781,-2.443217815265E-02));
#3051 = ADVANCED_FACE('',(#3052),#3070,.F.);
#3052 = FACE_BOUND('',#3053,.F.);
#3053 = EDGE_LOOP('',(#3054,#3055,#3063,#3069));
#3054 = ORIENTED_EDGE('',*,*,#3017,.F.);
#3055 = ORIENTED_EDGE('',*,*,#3056,.F.);
#3056 = EDGE_CURVE('',#3057,#3009,#3059,.T.);
#3057 = VERTEX_POINT('',#3058);
#3058 = CARTESIAN_POINT('',(-15.5,30.988682128201,20.30316159541));
#3059 = LINE('',#3060,#3061);
#3060 = CARTESIAN_POINT('',(-15.5,24.551021419663,14.729909403384));
#3061 = VECTOR('',#3062,1.);
#3062 = DIRECTION('',(2.04E-15,-0.756040842258,-0.654524441742));
#3063 = ORIENTED_EDGE('',*,*,#3064,.F.);
#3064 = EDGE_CURVE('',#2466,#3057,#3065,.T.);
#3065 = LINE('',#3066,#3067);
#3066 = CARTESIAN_POINT('',(-8.212E-14,30.988682128201,20.30316159541));
#3067 = VECTOR('',#3068,1.);
#3068 = DIRECTION('',(-1.,6.7E-16,3.3E-16));
#3069 = ORIENTED_EDGE('',*,*,#2474,.F.);
#3070 = PLANE('',#3071);
#3071 = AXIS2_PLACEMENT_3D('',#3072,#3073,#3074);
#3072 = CARTESIAN_POINT('',(-5.888E-14,24.050213709501,14.296346996974)
  );
#3073 = DIRECTION('',(3.6E-16,0.654524441742,-0.756040842258));
#3074 = DIRECTION('',(1.95E-15,-0.756040842258,-0.654524441742));
#3075 = ADVANCED_FACE('',(#3076),#3088,.F.);
#3076 = FACE_BOUND('',#3077,.F.);
#3077 = EDGE_LOOP('',(#3078,#3079,#3080,#3087));
#3078 = ORIENTED_EDGE('',*,*,#2465,.F.);
#3079 = ORIENTED_EDGE('',*,*,#3064,.T.);
#3080 = ORIENTED_EDGE('',*,*,#3081,.T.);
#3081 = EDGE_CURVE('',#3057,#3032,#3082,.T.);
#3082 = CIRCLE('',#3083,2.);
#3083 = AXIS2_PLACEMENT_3D('',#3084,#3085,#3086);
#3084 = CARTESIAN_POINT('',(-15.5,29.679633244718,21.815243279927));
#3085 = DIRECTION('',(1.,1.55E-15,1.67E-15));
#3086 = DIRECTION('',(-1.508735571646E-15,0.999701489781,
    -2.443217815265E-02));
#3087 = ORIENTED_EDGE('',*,*,#3031,.T.);
#3088 = CYLINDRICAL_SURFACE('',#3089,2.);
#3089 = AXIS2_PLACEMENT_3D('',#3090,#3091,#3092);
#3090 = CARTESIAN_POINT('',(-8.26E-14,29.679633244718,21.815243279927));
#3091 = DIRECTION('',(1.,-2.2E-16,-1.1E-16));
#3092 = DIRECTION('',(2.172467881551E-16,0.999701489781,
    -2.443217815265E-02));
#3093 = ADVANCED_FACE('',(#3094),#3119,.F.);
#3094 = FACE_BOUND('',#3095,.F.);
#3095 = EDGE_LOOP('',(#3096,#3104,#3112,#3118));
#3096 = ORIENTED_EDGE('',*,*,#3097,.F.);
#3097 = EDGE_CURVE('',#3098,#2492,#3100,.T.);
#3098 = VERTEX_POINT('',#3099);
#3099 = CARTESIAN_POINT('',(-15.5,33.659183422223,18.647045204105));
#3100 = LINE('',#3101,#3102);
#3101 = CARTESIAN_POINT('',(-7.372E-14,33.659183422223,18.647045204105)
  );
#3102 = VECTOR('',#3103,1.);
#3103 = DIRECTION('',(1.,-6.7E-16,-3.3E-16));
#3104 = ORIENTED_EDGE('',*,*,#3105,.F.);
#3105 = EDGE_CURVE('',#3106,#3098,#3108,.T.);
#3106 = VERTEX_POINT('',#3107);
#3107 = CARTESIAN_POINT('',(-15.5,19.782246584822,6.633416007233));
#3108 = LINE('',#3109,#3110);
#3109 = CARTESIAN_POINT('',(-15.5,26.868058729286,12.767789944343));
#3110 = VECTOR('',#3111,1.);
#3111 = DIRECTION('',(-2.04E-15,0.756040842258,0.654524441742));
#3112 = ORIENTED_EDGE('',*,*,#3113,.F.);
#3113 = EDGE_CURVE('',#2494,#3106,#3114,.T.);
#3114 = LINE('',#3115,#3116);
#3115 = CARTESIAN_POINT('',(-4.191E-14,19.782246584822,6.633416007233));
#3116 = VECTOR('',#3117,1.);
#3117 = DIRECTION('',(-1.,6.7E-16,3.3E-16));
#3118 = ORIENTED_EDGE('',*,*,#2491,.F.);
#3119 = PLANE('',#3120);
#3120 = AXIS2_PLACEMENT_3D('',#3121,#3122,#3123);
#3121 = CARTESIAN_POINT('',(-4.764E-14,26.720715003523,12.640230605669)
  );
#3122 = DIRECTION('',(-3.6E-16,-0.654524441742,0.756040842258));
#3123 = DIRECTION('',(-1.95E-15,0.756040842258,0.654524441742));
#3124 = ADVANCED_FACE('',(#3125),#3144,.F.);
#3125 = FACE_BOUND('',#3126,.F.);
#3126 = EDGE_LOOP('',(#3127,#3128,#3136,#3143));
#3127 = ORIENTED_EDGE('',*,*,#2501,.F.);
#3128 = ORIENTED_EDGE('',*,*,#3129,.T.);
#3129 = EDGE_CURVE('',#2502,#3130,#3132,.T.);
#3130 = VERTEX_POINT('',#3131);
#3131 = CARTESIAN_POINT('',(-15.5,36.967635285269,17.086099163283));
#3132 = LINE('',#3133,#3134);
#3133 = CARTESIAN_POINT('',(-8.605E-14,36.967635285269,17.086099163283)
  );
#3134 = VECTOR('',#3135,1.);
#3135 = DIRECTION('',(-1.,6.7E-16,3.3E-16));
#3136 = ORIENTED_EDGE('',*,*,#3137,.T.);
#3137 = EDGE_CURVE('',#3130,#3098,#3138,.T.);
#3138 = CIRCLE('',#3139,2.);
#3139 = AXIS2_PLACEMENT_3D('',#3140,#3141,#3142);
#3140 = CARTESIAN_POINT('',(-15.5,34.968232305706,17.134963519588));
#3141 = DIRECTION('',(1.,1.55E-15,1.67E-15));
#3142 = DIRECTION('',(-1.508735571646E-15,0.999701489781,
    -2.443217815265E-02));
#3143 = ORIENTED_EDGE('',*,*,#3097,.T.);
#3144 = CYLINDRICAL_SURFACE('',#3145,2.);
#3145 = AXIS2_PLACEMENT_3D('',#3146,#3147,#3148);
#3146 = CARTESIAN_POINT('',(-8.302E-14,34.968232305706,17.134963519588)
  );
#3147 = DIRECTION('',(1.,-2.2E-16,-1.1E-16));
#3148 = DIRECTION('',(2.172467881551E-16,0.999701489781,
    -2.443217815265E-02));
#3149 = ADVANCED_FACE('',(#3150),#3169,.F.);
#3150 = FACE_BOUND('',#3151,.F.);
#3151 = EDGE_LOOP('',(#3152,#3153,#3154,#3163));
#3152 = ORIENTED_EDGE('',*,*,#2535,.F.);
#3153 = ORIENTED_EDGE('',*,*,#3113,.T.);
#3154 = ORIENTED_EDGE('',*,*,#3155,.T.);
#3155 = EDGE_CURVE('',#3106,#3156,#3158,.T.);
#3156 = VERTEX_POINT('',#3157);
#3157 = CARTESIAN_POINT('',(-15.5,21.042431112,3.121931343154));
#3158 = CIRCLE('',#3159,2.);
#3159 = AXIS2_PLACEMENT_3D('',#3160,#3161,#3162);
#3160 = CARTESIAN_POINT('',(-15.5,21.091295468305,5.121334322716));
#3161 = DIRECTION('',(1.,1.55E-15,1.67E-15));
#3162 = DIRECTION('',(-1.508735571646E-15,0.999701489781,
    -2.443217815265E-02));
#3163 = ORIENTED_EDGE('',*,*,#3164,.T.);
#3164 = EDGE_CURVE('',#3156,#2528,#3165,.T.);
#3165 = LINE('',#3166,#3167);
#3166 = CARTESIAN_POINT('',(-4.657E-14,21.042431112,3.121931343154));
#3167 = VECTOR('',#3168,1.);
#3168 = DIRECTION('',(1.,-6.7E-16,-3.3E-16));
#3169 = CYLINDRICAL_SURFACE('',#3170,2.);
#3170 = AXIS2_PLACEMENT_3D('',#3171,#3172,#3173);
#3171 = CARTESIAN_POINT('',(-4.142E-14,21.091295468305,5.121334322716));
#3172 = DIRECTION('',(1.,-2.2E-16,-1.1E-16));
#3173 = DIRECTION('',(2.172467881551E-16,0.999701489781,
    -2.443217815265E-02));
#3174 = ADVANCED_FACE('',(#3175),#3193,.F.);
#3175 = FACE_BOUND('',#3176,.F.);
#3176 = EDGE_LOOP('',(#3177,#3185,#3191,#3192));
#3177 = ORIENTED_EDGE('',*,*,#3178,.F.);
#3178 = EDGE_CURVE('',#3179,#2511,#3181,.T.);
#3179 = VERTEX_POINT('',#3180);
#3180 = CARTESIAN_POINT('',(-15.5,36.665920196577,4.740698693069));
#3181 = LINE('',#3182,#3183);
#3182 = CARTESIAN_POINT('',(-5.872E-14,36.665920196577,4.740698693069));
#3183 = VECTOR('',#3184,1.);
#3184 = DIRECTION('',(1.,-6.7E-16,-3.3E-16));
#3185 = ORIENTED_EDGE('',*,*,#3186,.F.);
#3186 = EDGE_CURVE('',#3130,#3179,#3187,.T.);
#3187 = LINE('',#3188,#3189);
#3188 = CARTESIAN_POINT('',(-15.5,36.920666790657,15.164269936967));
#3189 = VECTOR('',#3190,1.);
#3190 = DIRECTION('',(2.62E-15,-2.443217815265E-02,-0.999701489781));
#3191 = ORIENTED_EDGE('',*,*,#3129,.F.);
#3192 = ORIENTED_EDGE('',*,*,#2510,.F.);
#3193 = PLANE('',#3194);
#3194 = AXIS2_PLACEMENT_3D('',#3195,#3196,#3197);
#3195 = CARTESIAN_POINT('',(-6.48E-14,36.816777740923,10.913398928176));
#3196 = DIRECTION('',(-1.08E-15,0.999701489781,-2.443217815265E-02));
#3197 = DIRECTION('',(-1.48E-15,2.443217815265E-02,0.999701489781));
#3198 = ADVANCED_FACE('',(#3199),#3217,.F.);
#3199 = FACE_BOUND('',#3200,.F.);
#3200 = EDGE_LOOP('',(#3201,#3202,#3210,#3216));
#3201 = ORIENTED_EDGE('',*,*,#3164,.F.);
#3202 = ORIENTED_EDGE('',*,*,#3203,.F.);
#3203 = EDGE_CURVE('',#3204,#3156,#3206,.T.);
#3204 = VERTEX_POINT('',#3205);
#3205 = CARTESIAN_POINT('',(-15.5,34.61765286071,2.790160069812));
#3206 = LINE('',#3207,#3208);
#3207 = CARTESIAN_POINT('',(-15.5,24.227617585057,3.044087062482));
#3208 = VECTOR('',#3209,1.);
#3209 = DIRECTION('',(3.8E-16,-0.999701489781,2.443217815265E-02));
#3210 = ORIENTED_EDGE('',*,*,#3211,.F.);
#3211 = EDGE_CURVE('',#2519,#3204,#3212,.T.);
#3212 = LINE('',#3213,#3214);
#3213 = CARTESIAN_POINT('',(-5.856E-14,34.61765286071,2.790160069812));
#3214 = VECTOR('',#3215,1.);
#3215 = DIRECTION('',(-1.,6.7E-16,3.3E-16));
#3216 = ORIENTED_EDGE('',*,*,#2527,.F.);
#3217 = PLANE('',#3218);
#3218 = AXIS2_PLACEMENT_3D('',#3219,#3220,#3221);
#3219 = CARTESIAN_POINT('',(-4.45E-14,27.830041986355,2.956045706483));
#3220 = DIRECTION('',(1.48E-15,-2.443217815265E-02,-0.999701489781));
#3221 = DIRECTION('',(1.3E-15,-0.999701489781,2.443217815265E-02));
#3222 = ADVANCED_FACE('',(#3223),#3235,.F.);
#3223 = FACE_BOUND('',#3224,.F.);
#3224 = EDGE_LOOP('',(#3225,#3226,#3227,#3234));
#3225 = ORIENTED_EDGE('',*,*,#2518,.F.);
#3226 = ORIENTED_EDGE('',*,*,#3211,.T.);
#3227 = ORIENTED_EDGE('',*,*,#3228,.T.);
#3228 = EDGE_CURVE('',#3204,#3179,#3229,.T.);
#3229 = CIRCLE('',#3230,2.);
#3230 = AXIS2_PLACEMENT_3D('',#3231,#3232,#3233);
#3231 = CARTESIAN_POINT('',(-15.5,34.666517217015,4.789563049375));
#3232 = DIRECTION('',(1.,1.55E-15,1.67E-15));
#3233 = DIRECTION('',(-1.508735571646E-15,0.999701489781,
    -2.443217815265E-02));
#3234 = ORIENTED_EDGE('',*,*,#3178,.T.);
#3235 = CYLINDRICAL_SURFACE('',#3236,2.);
#3236 = AXIS2_PLACEMENT_3D('',#3237,#3238,#3239);
#3237 = CARTESIAN_POINT('',(-6.197E-14,34.666517217015,4.789563049375));
#3238 = DIRECTION('',(1.,-2.2E-16,-1.1E-16));
#3239 = DIRECTION('',(2.172467881551E-16,0.999701489781,
    -2.443217815265E-02));
#3240 = ADVANCED_FACE('',(#3241),#3266,.F.);
#3241 = FACE_BOUND('',#3242,.T.);
#3242 = EDGE_LOOP('',(#3243,#3251,#3259,#3265));
#3243 = ORIENTED_EDGE('',*,*,#3244,.F.);
#3244 = EDGE_CURVE('',#3245,#2547,#3247,.T.);
#3245 = VERTEX_POINT('',#3246);
#3246 = CARTESIAN_POINT('',(-15.5,-8.068960059743,20.794176845033));
#3247 = LINE('',#3248,#3249);
#3248 = CARTESIAN_POINT('',(-3.891E-14,-8.068960059743,20.794176845033)
  );
#3249 = VECTOR('',#3250,1.);
#3250 = DIRECTION('',(1.,-5.5E-16,-5.6E-16));
#3251 = ORIENTED_EDGE('',*,*,#3252,.F.);
#3252 = EDGE_CURVE('',#3253,#3245,#3255,.T.);
#3253 = VERTEX_POINT('',#3254);
#3254 = CARTESIAN_POINT('',(-15.5,-8.133031322619,23.415807079924));
#3255 = LINE('',#3256,#3257);
#3256 = CARTESIAN_POINT('',(-15.5,-8.105286712164,22.280569434229));
#3257 = VECTOR('',#3258,1.);
#3258 = DIRECTION('',(0.,2.443217815265E-02,-0.999701489781));
#3259 = ORIENTED_EDGE('',*,*,#3260,.T.);
#3260 = EDGE_CURVE('',#3253,#2545,#3261,.T.);
#3261 = LINE('',#3262,#3263);
#3262 = CARTESIAN_POINT('',(-15.5,-8.133031322619,23.415807079924));
#3263 = VECTOR('',#3264,1.);
#3264 = DIRECTION('',(1.,-3.3E-16,-3.3E-16));
#3265 = ORIENTED_EDGE('',*,*,#2544,.T.);
#3266 = PLANE('',#3267);
#3267 = AXIS2_PLACEMENT_3D('',#3268,#3269,#3270);
#3268 = CARTESIAN_POINT('',(-3.648E-14,-8.197649086456,26.059798719579)
  );
#3269 = DIRECTION('',(8.3E-16,-0.999701489781,-2.443217815265E-02));
#3270 = DIRECTION('',(1.21E-15,2.443217815265E-02,-0.999701489781));
#3271 = ADVANCED_FACE('',(#3272),#3291,.F.);
#3272 = FACE_BOUND('',#3273,.T.);
#3273 = EDGE_LOOP('',(#3274,#3275,#3283,#3290));
#3274 = ORIENTED_EDGE('',*,*,#2641,.T.);
#3275 = ORIENTED_EDGE('',*,*,#3276,.T.);
#3276 = EDGE_CURVE('',#2633,#3277,#3279,.T.);
#3277 = VERTEX_POINT('',#3278);
#3278 = CARTESIAN_POINT('',(-15.5,-3.662512880855,20.209353679529));
#3279 = LINE('',#3280,#3281);
#3280 = CARTESIAN_POINT('',(-2.808E-14,-3.662512880855,20.209353679529)
  );
#3281 = VECTOR('',#3282,1.);
#3282 = DIRECTION('',(-1.,5.5E-16,5.6E-16));
#3283 = ORIENTED_EDGE('',*,*,#3284,.F.);
#3284 = EDGE_CURVE('',#3245,#3277,#3285,.T.);
#3285 = CIRCLE('',#3286,2.25);
#3286 = AXIS2_PLACEMENT_3D('',#3287,#3288,#3289);
#3287 = CARTESIAN_POINT('',(-15.5,-5.819631707735,20.849149245876));
#3288 = DIRECTION('',(1.,1.1E-16,4.5E-16));
#3289 = DIRECTION('',(1.209616440446E-16,-0.999701489781,
    -2.443217815265E-02));
#3290 = ORIENTED_EDGE('',*,*,#3244,.T.);
#3291 = CYLINDRICAL_SURFACE('',#3292,2.25);
#3292 = AXIS2_PLACEMENT_3D('',#3293,#3294,#3295);
#3293 = CARTESIAN_POINT('',(-2.829E-14,-5.819631707735,20.849149245876)
  );
#3294 = DIRECTION('',(1.,-1.E-15,-3.3E-16));
#3295 = DIRECTION('',(-1.007764108572E-15,-0.999701489781,
    -2.443217815265E-02));
#3296 = ADVANCED_FACE('',(#3297),#3316,.T.);
#3297 = FACE_BOUND('',#3298,.F.);
#3298 = EDGE_LOOP('',(#3299,#3300,#3301,#3310));
#3299 = ORIENTED_EDGE('',*,*,#2632,.T.);
#3300 = ORIENTED_EDGE('',*,*,#3276,.T.);
#3301 = ORIENTED_EDGE('',*,*,#3302,.F.);
#3302 = EDGE_CURVE('',#3303,#3277,#3305,.T.);
#3303 = VERTEX_POINT('',#3304);
#3304 = CARTESIAN_POINT('',(-15.5,-2.728225580394,20.924701584267));
#3305 = CIRCLE('',#3306,1.);
#3306 = AXIS2_PLACEMENT_3D('',#3307,#3308,#3309);
#3307 = CARTESIAN_POINT('',(-15.5,-2.703793402241,19.925000094486));
#3308 = DIRECTION('',(1.,1.1E-16,4.5E-16));
#3309 = DIRECTION('',(1.209616440446E-16,-0.999701489781,
    -2.443217815265E-02));
#3310 = ORIENTED_EDGE('',*,*,#3311,.F.);
#3311 = EDGE_CURVE('',#2625,#3303,#3312,.T.);
#3312 = LINE('',#3313,#3314);
#3313 = CARTESIAN_POINT('',(-2.943E-14,-2.728225580394,20.924701584267)
  );
#3314 = VECTOR('',#3315,1.);
#3315 = DIRECTION('',(-1.,5.5E-16,5.6E-16));
#3316 = CYLINDRICAL_SURFACE('',#3317,1.);
#3317 = AXIS2_PLACEMENT_3D('',#3318,#3319,#3320);
#3318 = CARTESIAN_POINT('',(-2.799E-14,-2.703793402241,19.925000094486)
  );
#3319 = DIRECTION('',(1.,-1.E-15,-3.3E-16));
#3320 = DIRECTION('',(-1.007764108572E-15,-0.999701489781,
    -2.443217815265E-02));
#3321 = ADVANCED_FACE('',(#3322),#3340,.F.);
#3322 = FACE_BOUND('',#3323,.T.);
#3323 = EDGE_LOOP('',(#3324,#3325,#3333,#3339));
#3324 = ORIENTED_EDGE('',*,*,#2624,.T.);
#3325 = ORIENTED_EDGE('',*,*,#3326,.T.);
#3326 = EDGE_CURVE('',#2617,#3327,#3329,.T.);
#3327 = VERTEX_POINT('',#3328);
#3328 = CARTESIAN_POINT('',(-15.5,5.8E-14,20.991377981274));
#3329 = LINE('',#3330,#3331);
#3330 = CARTESIAN_POINT('',(-2.111E-14,6.55E-15,20.991377981274));
#3331 = VECTOR('',#3332,1.);
#3332 = DIRECTION('',(-1.,4.5E-16,1.1E-16));
#3333 = ORIENTED_EDGE('',*,*,#3334,.F.);
#3334 = EDGE_CURVE('',#3303,#3327,#3335,.T.);
#3335 = LINE('',#3336,#3337);
#3336 = CARTESIAN_POINT('',(-15.5,-10.91741878144,20.724562013345));
#3337 = VECTOR('',#3338,1.);
#3338 = DIRECTION('',(-1.1E-16,0.999701489781,2.443217815265E-02));
#3339 = ORIENTED_EDGE('',*,*,#3311,.F.);
#3340 = PLANE('',#3341);
#3341 = AXIS2_PLACEMENT_3D('',#3342,#3343,#3344);
#3342 = CARTESIAN_POINT('',(-3.892E-14,-1.364112790197,20.95803978277));
#3343 = DIRECTION('',(1.21E-15,2.443217815265E-02,-0.999701489781));
#3344 = DIRECTION('',(5.8E-16,-0.999701489781,-2.443217815265E-02));
#3345 = ADVANCED_FACE('',(#3346),#3364,.F.);
#3346 = FACE_BOUND('',#3347,.F.);
#3347 = EDGE_LOOP('',(#3348,#3349,#3350,#3358));
#3348 = ORIENTED_EDGE('',*,*,#2616,.F.);
#3349 = ORIENTED_EDGE('',*,*,#3326,.T.);
#3350 = ORIENTED_EDGE('',*,*,#3351,.F.);
#3351 = EDGE_CURVE('',#3352,#3327,#3354,.T.);
#3352 = VERTEX_POINT('',#3353);
#3353 = CARTESIAN_POINT('',(-15.5,2.728225580394,20.924701584267));
#3354 = LINE('',#3355,#3356);
#3355 = CARTESIAN_POINT('',(-15.5,11.206602132453,20.717494524477));
#3356 = VECTOR('',#3357,1.);
#3357 = DIRECTION('',(-7.2E-16,-0.999701489781,2.443217815265E-02));
#3358 = ORIENTED_EDGE('',*,*,#3359,.F.);
#3359 = EDGE_CURVE('',#2608,#3352,#3360,.T.);
#3360 = LINE('',#3361,#3362);
#3361 = CARTESIAN_POINT('',(-2.347E-14,2.728225580394,20.924701584267));
#3362 = VECTOR('',#3363,1.);
#3363 = DIRECTION('',(-1.,4.5E-16,1.1E-16));
#3364 = PLANE('',#3365);
#3365 = AXIS2_PLACEMENT_3D('',#3366,#3367,#3368);
#3366 = CARTESIAN_POINT('',(-3.128E-14,1.364112790197,20.95803978277));
#3367 = DIRECTION('',(7.9E-16,-2.443217815265E-02,-0.999701489781));
#3368 = DIRECTION('',(6.5E-16,-0.999701489781,2.443217815265E-02));
#3369 = ADVANCED_FACE('',(#3370),#3389,.T.);
#3370 = FACE_BOUND('',#3371,.T.);
#3371 = EDGE_LOOP('',(#3372,#3373,#3381,#3388));
#3372 = ORIENTED_EDGE('',*,*,#2607,.F.);
#3373 = ORIENTED_EDGE('',*,*,#3374,.T.);
#3374 = EDGE_CURVE('',#2599,#3375,#3377,.T.);
#3375 = VERTEX_POINT('',#3376);
#3376 = CARTESIAN_POINT('',(-15.5,3.662512880855,20.209353679529));
#3377 = LINE('',#3378,#3379);
#3378 = CARTESIAN_POINT('',(-2.358E-14,3.662512880855,20.209353679529));
#3379 = VECTOR('',#3380,1.);
#3380 = DIRECTION('',(-1.,4.5E-16,1.1E-16));
#3381 = ORIENTED_EDGE('',*,*,#3382,.T.);
#3382 = EDGE_CURVE('',#3375,#3352,#3383,.T.);
#3383 = CIRCLE('',#3384,1.);
#3384 = AXIS2_PLACEMENT_3D('',#3385,#3386,#3387);
#3385 = CARTESIAN_POINT('',(-15.5,2.703793402241,19.925000094486));
#3386 = DIRECTION('',(1.,8.9E-16,1.E-15));
#3387 = DIRECTION('',(-8.653021477526E-16,0.999701489781,
    -2.443217815265E-02));
#3388 = ORIENTED_EDGE('',*,*,#3359,.F.);
#3389 = CYLINDRICAL_SURFACE('',#3390,1.);
#3390 = AXIS2_PLACEMENT_3D('',#3391,#3392,#3393);
#3391 = CARTESIAN_POINT('',(-2.244E-14,2.703793402241,19.925000094486));
#3392 = DIRECTION('',(1.,0.,1.1E-16));
#3393 = DIRECTION('',(2.687539596792E-18,0.999701489781,
    -2.443217815265E-02));
#3394 = ADVANCED_FACE('',(#3395),#3414,.F.);
#3395 = FACE_BOUND('',#3396,.F.);
#3396 = EDGE_LOOP('',(#3397,#3398,#3399,#3408));
#3397 = ORIENTED_EDGE('',*,*,#2598,.F.);
#3398 = ORIENTED_EDGE('',*,*,#3374,.T.);
#3399 = ORIENTED_EDGE('',*,*,#3400,.T.);
#3400 = EDGE_CURVE('',#3375,#3401,#3403,.T.);
#3401 = VERTEX_POINT('',#3402);
#3402 = CARTESIAN_POINT('',(-15.5,8.068960059743,20.794176845033));
#3403 = CIRCLE('',#3404,2.25);
#3404 = AXIS2_PLACEMENT_3D('',#3405,#3406,#3407);
#3405 = CARTESIAN_POINT('',(-15.5,5.819631707735,20.849149245876));
#3406 = DIRECTION('',(1.,8.9E-16,1.E-15));
#3407 = DIRECTION('',(-8.653021477526E-16,0.999701489781,
    -2.443217815265E-02));
#3408 = ORIENTED_EDGE('',*,*,#3409,.T.);
#3409 = EDGE_CURVE('',#3401,#2591,#3410,.T.);
#3410 = LINE('',#3411,#3412);
#3411 = CARTESIAN_POINT('',(-3.953E-14,8.068960059743,20.794176845033));
#3412 = VECTOR('',#3413,1.);
#3413 = DIRECTION('',(1.,-4.5E-16,-1.1E-16));
#3414 = CYLINDRICAL_SURFACE('',#3415,2.25);
#3415 = AXIS2_PLACEMENT_3D('',#3416,#3417,#3418);
#3416 = CARTESIAN_POINT('',(-2.614E-14,5.819631707735,20.849149245876));
#3417 = DIRECTION('',(1.,0.,1.1E-16));
#3418 = DIRECTION('',(2.687539596792E-18,0.999701489781,
    -2.443217815265E-02));
#3419 = ADVANCED_FACE('',(#3420),#3438,.F.);
#3420 = FACE_BOUND('',#3421,.F.);
#3421 = EDGE_LOOP('',(#3422,#3423,#3431,#3437));
#3422 = ORIENTED_EDGE('',*,*,#3409,.F.);
#3423 = ORIENTED_EDGE('',*,*,#3424,.F.);
#3424 = EDGE_CURVE('',#3425,#3401,#3427,.T.);
#3425 = VERTEX_POINT('',#3426);
#3426 = CARTESIAN_POINT('',(-15.5,8.133031322619,23.415807079924));
#3427 = LINE('',#3428,#3429);
#3428 = CARTESIAN_POINT('',(-15.5,8.125105427684,23.091499974579));
#3429 = VECTOR('',#3430,1.);
#3430 = DIRECTION('',(2.15E-15,-2.443217815265E-02,-0.999701489781));
#3431 = ORIENTED_EDGE('',*,*,#3432,.T.);
#3432 = EDGE_CURVE('',#3425,#2582,#3433,.T.);
#3433 = LINE('',#3434,#3435);
#3434 = CARTESIAN_POINT('',(-15.5,8.133031322619,23.415807079924));
#3435 = VECTOR('',#3436,1.);
#3436 = DIRECTION('',(1.,-3.4E-16,0.));
#3437 = ORIENTED_EDGE('',*,*,#2590,.F.);
#3438 = PLANE('',#3439);
#3439 = AXIS2_PLACEMENT_3D('',#3440,#3441,#3442);
#3440 = CARTESIAN_POINT('',(-3.492E-14,8.197649086456,26.059798719579));
#3441 = DIRECTION('',(-4.E-16,0.999701489781,-2.443217815265E-02));
#3442 = DIRECTION('',(-7.9E-16,2.443217815265E-02,0.999701489781));
#3443 = ADVANCED_FACE('',(#3444),#3463,.F.);
#3444 = FACE_BOUND('',#3445,.T.);
#3445 = EDGE_LOOP('',(#3446,#3447,#3448,#3456));
#3446 = ORIENTED_EDGE('',*,*,#3432,.T.);
#3447 = ORIENTED_EDGE('',*,*,#2581,.T.);
#3448 = ORIENTED_EDGE('',*,*,#3449,.F.);
#3449 = EDGE_CURVE('',#3450,#2573,#3452,.T.);
#3450 = VERTEX_POINT('',#3451);
#3451 = CARTESIAN_POINT('',(-15.5,5.848575670438,24.73070674073));
#3452 = LINE('',#3453,#3454);
#3453 = CARTESIAN_POINT('',(-15.5,5.848575670438,24.73070674073));
#3454 = VECTOR('',#3455,1.);
#3455 = DIRECTION('',(1.,-3.4E-16,0.));
#3456 = ORIENTED_EDGE('',*,*,#3457,.F.);
#3457 = EDGE_CURVE('',#3425,#3450,#3458,.T.);
#3458 = CIRCLE('',#3459,1.5);
#3459 = AXIS2_PLACEMENT_3D('',#3460,#3461,#3462);
#3460 = CARTESIAN_POINT('',(-15.5,6.633479087947,23.452455347153));
#3461 = DIRECTION('',(1.,5.24182796746E-16,8.900073506132E-16));
#3462 = DIRECTION('',(-5.022815046773E-16,0.999701489781,
    -2.443217815265E-02));
#3463 = CYLINDRICAL_SURFACE('',#3464,1.5);
#3464 = AXIS2_PLACEMENT_3D('',#3465,#3466,#3467);
#3465 = CARTESIAN_POINT('',(-15.5,6.633479087947,23.452455347153));
#3466 = DIRECTION('',(-1.,-1.1E-16,-2.2E-16));
#3467 = DIRECTION('',(-1.045920846823E-16,0.999701489781,
    -2.443217815265E-02));
#3468 = ADVANCED_FACE('',(#3469),#3488,.T.);
#3469 = FACE_BOUND('',#3470,.F.);
#3470 = EDGE_LOOP('',(#3471,#3480,#3486,#3487));
#3471 = ORIENTED_EDGE('',*,*,#3472,.F.);
#3472 = EDGE_CURVE('',#3473,#3450,#3475,.T.);
#3473 = VERTEX_POINT('',#3474);
#3474 = CARTESIAN_POINT('',(-15.5,1.E-14,23.192784608665));
#3475 = CIRCLE('',#3476,10.45);
#3476 = AXIS2_PLACEMENT_3D('',#3477,#3478,#3479);
#3477 = CARTESIAN_POINT('',(-15.5,0.380415195124,33.635858115986));
#3478 = DIRECTION('',(1.,1.86519889176E-16,5.5999013047E-16));
#3479 = DIRECTION('',(-1.727824324517E-16,0.999701489781,
    -2.443217815265E-02));
#3480 = ORIENTED_EDGE('',*,*,#3481,.T.);
#3481 = EDGE_CURVE('',#3473,#2564,#3482,.T.);
#3482 = LINE('',#3483,#3484);
#3483 = CARTESIAN_POINT('',(-15.5,1.951E-14,23.192784608665));
#3484 = VECTOR('',#3485,1.);
#3485 = DIRECTION('',(1.,-2.3E-16,1.1E-16));
#3486 = ORIENTED_EDGE('',*,*,#2572,.T.);
#3487 = ORIENTED_EDGE('',*,*,#3449,.F.);
#3488 = CYLINDRICAL_SURFACE('',#3489,10.45);
#3489 = AXIS2_PLACEMENT_3D('',#3490,#3491,#3492);
#3490 = CARTESIAN_POINT('',(-15.5,0.380415195124,33.635858115986));
#3491 = DIRECTION('',(-1.,-2.2E-16,-3.3E-16));
#3492 = DIRECTION('',(-2.118717089615E-16,0.999701489781,
    -2.443217815265E-02));
#3493 = ADVANCED_FACE('',(#3494),#3513,.F.);
#3494 = FACE_BOUND('',#3495,.F.);
#3495 = EDGE_LOOP('',(#3496,#3497,#3498,#3506));
#3496 = ORIENTED_EDGE('',*,*,#3260,.T.);
#3497 = ORIENTED_EDGE('',*,*,#2554,.T.);
#3498 = ORIENTED_EDGE('',*,*,#3499,.F.);
#3499 = EDGE_CURVE('',#3500,#2555,#3502,.T.);
#3500 = VERTEX_POINT('',#3501);
#3501 = CARTESIAN_POINT('',(-15.5,-5.848575670438,24.73070674073));
#3502 = LINE('',#3503,#3504);
#3503 = CARTESIAN_POINT('',(-15.5,-5.848575670438,24.73070674073));
#3504 = VECTOR('',#3505,1.);
#3505 = DIRECTION('',(1.,-3.3E-16,-3.3E-16));
#3506 = ORIENTED_EDGE('',*,*,#3507,.F.);
#3507 = EDGE_CURVE('',#3253,#3500,#3508,.T.);
#3508 = CIRCLE('',#3509,1.5);
#3509 = AXIS2_PLACEMENT_3D('',#3510,#3511,#3512);
#3510 = CARTESIAN_POINT('',(-15.5,-6.633479087947,23.452455347153));
#3511 = DIRECTION('',(-1.,1.414817630876E-16,-1.220161396814E-15));
#3512 = DIRECTION('',(-1.116283287136E-16,-0.999701489781,
    -2.443217815265E-02));
#3513 = CYLINDRICAL_SURFACE('',#3514,1.5);
#3514 = AXIS2_PLACEMENT_3D('',#3515,#3516,#3517);
#3515 = CARTESIAN_POINT('',(-15.5,-6.633479087947,23.452455347153));
#3516 = DIRECTION('',(-1.,7.8E-16,1.1E-16));
#3517 = DIRECTION('',(-7.824547016261E-16,-0.999701489781,
    -2.443217815265E-02));
#3518 = ADVANCED_FACE('',(#3519),#3531,.T.);
#3519 = FACE_BOUND('',#3520,.T.);
#3520 = EDGE_LOOP('',(#3521,#3528,#3529,#3530));
#3521 = ORIENTED_EDGE('',*,*,#3522,.F.);
#3522 = EDGE_CURVE('',#3473,#3500,#3523,.T.);
#3523 = CIRCLE('',#3524,10.45);
#3524 = AXIS2_PLACEMENT_3D('',#3525,#3526,#3527);
#3525 = CARTESIAN_POINT('',(-15.5,-0.380415195124,33.635858115986));
#3526 = DIRECTION('',(-1.,1.414817630876E-16,-1.220161396814E-15));
#3527 = DIRECTION('',(-1.116283287136E-16,-0.999701489781,
    -2.443217815265E-02));
#3528 = ORIENTED_EDGE('',*,*,#3481,.T.);
#3529 = ORIENTED_EDGE('',*,*,#2563,.T.);
#3530 = ORIENTED_EDGE('',*,*,#3499,.F.);
#3531 = CYLINDRICAL_SURFACE('',#3532,10.45);
#3532 = AXIS2_PLACEMENT_3D('',#3533,#3534,#3535);
#3533 = CARTESIAN_POINT('',(-15.5,-0.380415195124,33.635858115986));
#3534 = DIRECTION('',(-1.,7.8E-16,1.1E-16));
#3535 = DIRECTION('',(-7.824547016261E-16,-0.999701489781,
    -2.443217815265E-02));
#3536 = ADVANCED_FACE('',(#3537,#3587,#3595,#3603,#3611,#3619),#3633,.T.
  );
#3537 = FACE_BOUND('',#3538,.T.);
#3538 = EDGE_LOOP('',(#3539,#3540,#3541,#3542,#3543,#3544,#3545,#3546,
    #3547,#3548,#3549,#3550,#3551,#3552,#3553,#3554,#3555,#3556,#3557,
    #3558,#3559,#3560,#3561,#3562,#3563,#3564,#3565,#3566,#3567,#3568,
    #3569,#3570,#3571,#3572,#3573,#3574,#3575,#3576,#3577,#3578,#3579,
    #3580,#3581,#3582,#3583,#3584,#3585,#3586));
#3539 = ORIENTED_EDGE('',*,*,#802,.F.);
#3540 = ORIENTED_EDGE('',*,*,#826,.T.);
#3541 = ORIENTED_EDGE('',*,*,#864,.T.);
#3542 = ORIENTED_EDGE('',*,*,#890,.T.);
#3543 = ORIENTED_EDGE('',*,*,#928,.T.);
#3544 = ORIENTED_EDGE('',*,*,#960,.T.);
#3545 = ORIENTED_EDGE('',*,*,#992,.T.);
#3546 = ORIENTED_EDGE('',*,*,#1006,.T.);
#3547 = ORIENTED_EDGE('',*,*,#1055,.T.);
#3548 = ORIENTED_EDGE('',*,*,#1070,.T.);
#3549 = ORIENTED_EDGE('',*,*,#2106,.T.);
#3550 = ORIENTED_EDGE('',*,*,#2083,.F.);
#3551 = ORIENTED_EDGE('',*,*,#2042,.T.);
#3552 = ORIENTED_EDGE('',*,*,#1964,.T.);
#3553 = ORIENTED_EDGE('',*,*,#2027,.T.);
#3554 = ORIENTED_EDGE('',*,*,#2018,.T.);
#3555 = ORIENTED_EDGE('',*,*,#2009,.T.);
#3556 = ORIENTED_EDGE('',*,*,#2000,.T.);
#3557 = ORIENTED_EDGE('',*,*,#1934,.T.);
#3558 = ORIENTED_EDGE('',*,*,#1910,.F.);
#3559 = ORIENTED_EDGE('',*,*,#1867,.T.);
#3560 = ORIENTED_EDGE('',*,*,#1834,.F.);
#3561 = ORIENTED_EDGE('',*,*,#1438,.T.);
#3562 = ORIENTED_EDGE('',*,*,#1502,.F.);
#3563 = ORIENTED_EDGE('',*,*,#1544,.T.);
#3564 = ORIENTED_EDGE('',*,*,#2130,.F.);
#3565 = ORIENTED_EDGE('',*,*,#94,.T.);
#3566 = ORIENTED_EDGE('',*,*,#39,.F.);
#3567 = ORIENTED_EDGE('',*,*,#71,.F.);
#3568 = ORIENTED_EDGE('',*,*,#127,.F.);
#3569 = ORIENTED_EDGE('',*,*,#1810,.T.);
#3570 = ORIENTED_EDGE('',*,*,#1777,.F.);
#3571 = ORIENTED_EDGE('',*,*,#1745,.F.);
#3572 = ORIENTED_EDGE('',*,*,#1723,.F.);
#3573 = ORIENTED_EDGE('',*,*,#1672,.T.);
#3574 = ORIENTED_EDGE('',*,*,#1681,.T.);
#3575 = ORIENTED_EDGE('',*,*,#1631,.F.);
#3576 = ORIENTED_EDGE('',*,*,#1599,.F.);
#3577 = ORIENTED_EDGE('',*,*,#1565,.F.);
#3578 = ORIENTED_EDGE('',*,*,#468,.F.);
#3579 = ORIENTED_EDGE('',*,*,#549,.F.);
#3580 = ORIENTED_EDGE('',*,*,#564,.F.);
#3581 = ORIENTED_EDGE('',*,*,#612,.F.);
#3582 = ORIENTED_EDGE('',*,*,#635,.F.);
#3583 = ORIENTED_EDGE('',*,*,#667,.T.);
#3584 = ORIENTED_EDGE('',*,*,#691,.F.);
#3585 = ORIENTED_EDGE('',*,*,#731,.T.);
#3586 = ORIENTED_EDGE('',*,*,#755,.F.);
#3587 = FACE_BOUND('',#3588,.T.);
#3588 = EDGE_LOOP('',(#3589,#3590,#3591,#3592,#3593,#3594));
#3589 = ORIENTED_EDGE('',*,*,#2665,.T.);
#3590 = ORIENTED_EDGE('',*,*,#2720,.T.);
#3591 = ORIENTED_EDGE('',*,*,#2770,.T.);
#3592 = ORIENTED_EDGE('',*,*,#2787,.T.);
#3593 = ORIENTED_EDGE('',*,*,#2738,.T.);
#3594 = ORIENTED_EDGE('',*,*,#2689,.T.);
#3595 = FACE_BOUND('',#3596,.T.);
#3596 = EDGE_LOOP('',(#3597,#3598,#3599,#3600,#3601,#3602));
#3597 = ORIENTED_EDGE('',*,*,#2812,.T.);
#3598 = ORIENTED_EDGE('',*,*,#2867,.T.);
#3599 = ORIENTED_EDGE('',*,*,#2917,.T.);
#3600 = ORIENTED_EDGE('',*,*,#2934,.T.);
#3601 = ORIENTED_EDGE('',*,*,#2885,.T.);
#3602 = ORIENTED_EDGE('',*,*,#2836,.T.);
#3603 = FACE_BOUND('',#3604,.T.);
#3604 = EDGE_LOOP('',(#3605,#3606,#3607,#3608,#3609,#3610));
#3605 = ORIENTED_EDGE('',*,*,#2958,.F.);
#3606 = ORIENTED_EDGE('',*,*,#3008,.T.);
#3607 = ORIENTED_EDGE('',*,*,#3056,.F.);
#3608 = ORIENTED_EDGE('',*,*,#3081,.T.);
#3609 = ORIENTED_EDGE('',*,*,#3039,.F.);
#3610 = ORIENTED_EDGE('',*,*,#2990,.T.);
#3611 = FACE_BOUND('',#3612,.T.);
#3612 = EDGE_LOOP('',(#3613,#3614,#3615,#3616,#3617,#3618));
#3613 = ORIENTED_EDGE('',*,*,#3105,.F.);
#3614 = ORIENTED_EDGE('',*,*,#3155,.T.);
#3615 = ORIENTED_EDGE('',*,*,#3203,.F.);
#3616 = ORIENTED_EDGE('',*,*,#3228,.T.);
#3617 = ORIENTED_EDGE('',*,*,#3186,.F.);
#3618 = ORIENTED_EDGE('',*,*,#3137,.T.);
#3619 = FACE_BOUND('',#3620,.T.);
#3620 = EDGE_LOOP('',(#3621,#3622,#3623,#3624,#3625,#3626,#3627,#3628,
    #3629,#3630,#3631,#3632));
#3621 = ORIENTED_EDGE('',*,*,#3472,.F.);
#3622 = ORIENTED_EDGE('',*,*,#3522,.T.);
#3623 = ORIENTED_EDGE('',*,*,#3507,.F.);
#3624 = ORIENTED_EDGE('',*,*,#3252,.T.);
#3625 = ORIENTED_EDGE('',*,*,#3284,.T.);
#3626 = ORIENTED_EDGE('',*,*,#3302,.F.);
#3627 = ORIENTED_EDGE('',*,*,#3334,.T.);
#3628 = ORIENTED_EDGE('',*,*,#3351,.F.);
#3629 = ORIENTED_EDGE('',*,*,#3382,.F.);
#3630 = ORIENTED_EDGE('',*,*,#3400,.T.);
#3631 = ORIENTED_EDGE('',*,*,#3424,.F.);
#3632 = ORIENTED_EDGE('',*,*,#3457,.T.);
#3633 = PLANE('',#3634);
#3634 = AXIS2_PLACEMENT_3D('',#3635,#3636,#3637);
#3635 = CARTESIAN_POINT('',(-15.5,-2.408989708048E-02,20.330963477649));
#3636 = DIRECTION('',(-1.,-1.13E-15,-2.05E-15));
#3637 = DIRECTION('',(2.05E-15,-1.1E-16,-1.));
#3638 = ( GEOMETRIC_REPRESENTATION_CONTEXT(3) 
GLOBAL_UNCERTAINTY_ASSIGNED_CONTEXT((#3642)) 
GLOBAL_UNIT_ASSIGNED_CONTEXT((#3639,#3640,#3641)) REPRESENTATION_CONTEXT
('Context #1','3D Context with UNIT and UNCERTAINTY') );
#3639 = ( LENGTH_UNIT() NAMED_UNIT(*) SI_UNIT(.MILLI.,.METRE.) );
#3640 = ( NAMED_UNIT(*) PLANE_ANGLE_UNIT() SI_UNIT($,.RADIAN.) );
#3641 = ( NAMED_UNIT(*) SI_UNIT($,.STERADIAN.) SOLID_ANGLE_UNIT() );
#3642 = UNCERTAINTY_MEASURE_WITH_UNIT(LENGTH_MEASURE(1.E-04),#3639,
  'distance_accuracy_value','confusion accuracy');
#3643 = PRODUCT_RELATED_PRODUCT_CATEGORY('part',$,(#7));
ENDSEC;
END-ISO-10303-21;
