ISO-10303-21;
HEADER;
FILE_DESCRIPTION(('FreeCAD Model'),'2;1');
FILE_NAME('Open CASCADE Shape Model','2026-10-01T08:30:39',('FreeCAD'),(
    'FreeCAD'),'Open CASCADE STEP processor 7.8','FreeCAD','Unknown');
FILE_SCHEMA(('AUTOMOTIVE_DESIGN { 1 0 10303 214 1 1 1 1 }'));
ENDSEC;
DATA;
#1 = APPLICATION_PROTOCOL_DEFINITION('international standard',
  'automotive_design',2000,#2);
#2 = APPLICATION_CONTEXT(
  'core data for automotive mechanical design processes');
#3 = SHAPE_DEFINITION_REPRESENTATION(#4,#10);
#4 = PRODUCT_DEFINITION_SHAPE('','',#5);
#5 = PRODUCT_DEFINITION('design','',#6,#9);
#6 = PRODUCT_DEFINITION_FORMATION('','',#7);
#7 = PRODUCT('Open CASCADE STEP translator 7.8 53',
  'Open CASCADE STEP translator 7.8 53','',(#8));
#8 = PRODUCT_CONTEXT('',#2,'mechanical');
#9 = PRODUCT_DEFINITION_CONTEXT('part definition',#2,'design');
#10 = ADVANCED_BREP_SHAPE_REPRESENTATION('',(#11,#15),#4120);
#11 = AXIS2_PLACEMENT_3D('',#12,#13,#14);
#12 = CARTESIAN_POINT('',(0.,0.,0.));
#13 = DIRECTION('',(0.,0.,1.));
#14 = DIRECTION('',(1.,0.,-0.));
#15 = MANIFOLD_SOLID_BREP('',#16);
#16 = CLOSED_SHELL('',(#17,#59,#90,#123,#154,#187,#218,#251,#282,#315,
    #355,#388,#410,#473,#506,#539,#579,#612,#643,#676,#707,#740,#803,
    #836,#869,#902,#933,#966,#1017,#1050,#1072,#1105,#1138,#1171,#1202,
    #1235,#1286,#1319,#1350,#1383,#1407,#1438,#1471,#1502,#1535,#1566,
    #1599,#1662,#1708,#1733,#1771,#1788,#1821,#1952,#2015,#2048,#2079,
    #2110,#2152,#2183,#2216,#2247,#2280,#2311,#2344,#2375,#2399,#2424,
    #2546,#2571,#2596,#2613,#2638,#2650,#2675,#2700,#2724,#2749,#2781,
    #2805,#2823,#2835,#2860,#2885,#2909,#2934,#2966,#2990,#3008,#3337,
    #3369,#3393,#3418,#3442,#3467,#3484,#3515,#3540,#3564,#3589,#3613,
    #3631,#3663,#3687,#3712,#3736,#3761,#3778,#3809,#3834,#3858,#3883,
    #3907,#3925,#4074,#4086,#4103));
#17 = ADVANCED_FACE('',(#18),#54,.T.);
#18 = FACE_BOUND('',#19,.T.);
#19 = EDGE_LOOP('',(#20,#30,#39,#47));
#20 = ORIENTED_EDGE('',*,*,#21,.F.);
#21 = EDGE_CURVE('',#22,#24,#26,.T.);
#22 = VERTEX_POINT('',#23);
#23 = CARTESIAN_POINT('',(-16.,2.287093075968,5.));
#24 = VERTEX_POINT('',#25);
#25 = CARTESIAN_POINT('',(16.,2.287093075968,5.));
#26 = LINE('',#27,#28);
#27 = CARTESIAN_POINT('',(-1.041938875932E-14,2.287093075968,5.));
#28 = VECTOR('',#29,1.);
#29 = DIRECTION('',(1.,-1.090803634481E-15,-1.110223024625E-16));
#30 = ORIENTED_EDGE('',*,*,#31,.T.);
#31 = EDGE_CURVE('',#22,#32,#34,.T.);
#32 = VERTEX_POINT('',#33);
#33 = CARTESIAN_POINT('',(-16.,2.786617186758,5.478190306317));
#34 = CIRCLE('',#35,0.5);
#35 = AXIS2_PLACEMENT_3D('',#36,#37,#38);
#36 = CARTESIAN_POINT('',(-16.,2.287093075968,5.5));
#37 = DIRECTION('',(1.,6.650754156112E-16,1.41420357519E-15));
#38 = DIRECTION('',(-6.027557176245E-16,0.999048221582,
    -4.361938736534E-02));
#39 = ORIENTED_EDGE('',*,*,#40,.F.);
#40 = EDGE_CURVE('',#41,#32,#43,.T.);
#41 = VERTEX_POINT('',#42);
#42 = CARTESIAN_POINT('',(16.,2.786617186758,5.478190306317));
#43 = LINE('',#44,#45);
#44 = CARTESIAN_POINT('',(-9.706507052168E-15,2.786617186758,
    5.478190306317));
#45 = VECTOR('',#46,1.);
#46 = DIRECTION('',(-1.,1.090803634481E-15,1.110223024625E-16));
#47 = ORIENTED_EDGE('',*,*,#48,.F.);
#48 = EDGE_CURVE('',#24,#41,#49,.T.);
#49 = CIRCLE('',#50,0.5);
#50 = AXIS2_PLACEMENT_3D('',#51,#52,#53);
#51 = CARTESIAN_POINT('',(16.,2.287093075968,5.5));
#52 = DIRECTION('',(1.,6.650754156112E-16,1.41420357519E-15));
#53 = DIRECTION('',(-6.027557176245E-16,0.999048221582,
    -4.361938736534E-02));
#54 = CYLINDRICAL_SURFACE('',#55,0.5);
#55 = AXIS2_PLACEMENT_3D('',#56,#57,#58);
#56 = CARTESIAN_POINT('',(-9.405129193355E-15,2.287093075968,5.5));
#57 = DIRECTION('',(1.,-6.67192213939E-16,8.193594564001E-17));
#58 = DIRECTION('',(-6.027557176245E-16,0.999048221582,
    -4.361938736534E-02));
#59 = ADVANCED_FACE('',(#60),#85,.F.);
#60 = FACE_BOUND('',#61,.F.);
#61 = EDGE_LOOP('',(#62,#72,#78,#79));
#62 = ORIENTED_EDGE('',*,*,#63,.F.);
#63 = EDGE_CURVE('',#64,#66,#68,.T.);
#64 = VERTEX_POINT('',#65);
#65 = CARTESIAN_POINT('',(-16.,2.924340437997,8.632571363249));
#66 = VERTEX_POINT('',#67);
#67 = CARTESIAN_POINT('',(16.,2.924340437997,8.632571363249));
#68 = LINE('',#69,#70);
#69 = CARTESIAN_POINT('',(-1.403864198925E-14,2.924340437997,
    8.632571363249));
#70 = VECTOR('',#71,1.);
#71 = DIRECTION('',(1.,-1.090803634481E-15,-1.110223024625E-16));
#72 = ORIENTED_EDGE('',*,*,#73,.F.);
#73 = EDGE_CURVE('',#32,#64,#74,.T.);
#74 = LINE('',#75,#76);
#75 = CARTESIAN_POINT('',(-16.,2.91591583258,8.439616175944));
#76 = VECTOR('',#77,1.);
#77 = DIRECTION('',(-2.295506246414E-15,4.361938736534E-02,
    0.999048221582));
#78 = ORIENTED_EDGE('',*,*,#40,.F.);
#79 = ORIENTED_EDGE('',*,*,#80,.F.);
#80 = EDGE_CURVE('',#66,#41,#81,.T.);
#81 = LINE('',#82,#83);
#82 = CARTESIAN_POINT('',(16.,2.91591583258,8.439616175944));
#83 = VECTOR('',#84,1.);
#84 = DIRECTION('',(2.402122427011E-15,-4.361938736534E-02,
    -0.999048221582));
#85 = PLANE('',#86);
#86 = AXIS2_PLACEMENT_3D('',#87,#88,#89);
#87 = CARTESIAN_POINT('',(-1.167219986049E-14,2.855478812378,
    7.055380834783));
#88 = DIRECTION('',(1.837672492076E-16,-0.999048221582,
    4.361938736534E-02));
#89 = DIRECTION('',(1.239453871411E-15,-4.361938736534E-02,
    -0.999048221582));
#90 = ADVANCED_FACE('',(#91),#118,.F.);
#91 = FACE_BOUND('',#92,.F.);
#92 = EDGE_LOOP('',(#93,#102,#110,#117));
#93 = ORIENTED_EDGE('',*,*,#94,.F.);
#94 = EDGE_CURVE('',#95,#66,#97,.T.);
#95 = VERTEX_POINT('',#96);
#96 = CARTESIAN_POINT('',(16.,3.758474525155,9.396914430622));
#97 = CIRCLE('',#98,0.8);
#98 = AXIS2_PLACEMENT_3D('',#99,#100,#101);
#99 = CARTESIAN_POINT('',(16.,3.723579015262,8.597675853356));
#100 = DIRECTION('',(1.,6.650754156112E-16,1.41420357519E-15));
#101 = DIRECTION('',(-6.027557176245E-16,0.999048221582,
    -4.361938736534E-02));
#102 = ORIENTED_EDGE('',*,*,#103,.T.);
#103 = EDGE_CURVE('',#95,#104,#106,.T.);
#104 = VERTEX_POINT('',#105);
#105 = CARTESIAN_POINT('',(-16.,3.758474525155,9.396914430622));
#106 = LINE('',#107,#108);
#107 = CARTESIAN_POINT('',(-1.589473914219E-14,3.758474525155,
    9.396914430622));
#108 = VECTOR('',#109,1.);
#109 = DIRECTION('',(-1.,1.090803634481E-15,1.110223024625E-16));
#110 = ORIENTED_EDGE('',*,*,#111,.T.);
#111 = EDGE_CURVE('',#104,#64,#112,.T.);
#112 = CIRCLE('',#113,0.8);
#113 = AXIS2_PLACEMENT_3D('',#114,#115,#116);
#114 = CARTESIAN_POINT('',(-16.,3.723579015262,8.597675853356));
#115 = DIRECTION('',(1.,6.650754156112E-16,1.41420357519E-15));
#116 = DIRECTION('',(-6.027557176245E-16,0.999048221582,
    -4.361938736534E-02));
#117 = ORIENTED_EDGE('',*,*,#63,.T.);
#118 = CYLINDRICAL_SURFACE('',#119,0.8);
#119 = AXIS2_PLACEMENT_3D('',#120,#121,#122);
#120 = CARTESIAN_POINT('',(-1.474124494305E-14,3.723579015262,
    8.597675853356));
#121 = DIRECTION('',(1.,-6.67192213939E-16,8.193594564001E-17));
#122 = DIRECTION('',(-6.027557176245E-16,0.999048221582,
    -4.361938736534E-02));
#123 = ADVANCED_FACE('',(#124),#149,.F.);
#124 = FACE_BOUND('',#125,.F.);
#125 = EDGE_LOOP('',(#126,#136,#142,#143));
#126 = ORIENTED_EDGE('',*,*,#127,.F.);
#127 = EDGE_CURVE('',#128,#130,#132,.T.);
#128 = VERTEX_POINT('',#129);
#129 = CARTESIAN_POINT('',(-16.,8.95352527738,9.170093616322));
#130 = VERTEX_POINT('',#131);
#131 = CARTESIAN_POINT('',(16.,8.95352527738,9.170093616322));
#132 = LINE('',#133,#134);
#133 = CARTESIAN_POINT('',(-1.349316868056E-14,8.95352527738,
    9.170093616322));
#134 = VECTOR('',#135,1.);
#135 = DIRECTION('',(1.,-1.090803634481E-15,-1.110223024625E-16));
#136 = ORIENTED_EDGE('',*,*,#137,.F.);
#137 = EDGE_CURVE('',#104,#128,#138,.T.);
#138 = LINE('',#139,#140);
#139 = CARTESIAN_POINT('',(-16.,15.558080820053,8.881732493837));
#140 = VECTOR('',#141,1.);
#141 = DIRECTION('',(5.447362542223E-16,0.999048221582,
    -4.361938736534E-02));
#142 = ORIENTED_EDGE('',*,*,#103,.F.);
#143 = ORIENTED_EDGE('',*,*,#144,.F.);
#144 = EDGE_CURVE('',#130,#95,#145,.T.);
#145 = LINE('',#146,#147);
#146 = CARTESIAN_POINT('',(16.,15.558080820053,8.881732493837));
#147 = VECTOR('',#148,1.);
#148 = DIRECTION('',(-5.493912171965E-16,-0.999048221582,
    4.361938736534E-02));
#149 = PLANE('',#150);
#150 = AXIS2_PLACEMENT_3D('',#151,#152,#153);
#151 = CARTESIAN_POINT('',(-1.238654692437E-14,6.355999901267,
    9.283504023472));
#152 = DIRECTION('',(-1.239453871411E-15,4.361938736534E-02,
    0.999048221582));
#153 = DIRECTION('',(-3.903965623341E-16,0.999048221582,
    -4.361938736534E-02));
#154 = ADVANCED_FACE('',(#155),#182,.F.);
#155 = FACE_BOUND('',#156,.F.);
#156 = EDGE_LOOP('',(#157,#166,#174,#181));
#157 = ORIENTED_EDGE('',*,*,#158,.F.);
#158 = EDGE_CURVE('',#159,#130,#161,.T.);
#159 = VERTEX_POINT('',#160);
#160 = CARTESIAN_POINT('',(16.,8.901182012542,7.971235750424));
#161 = CIRCLE('',#162,0.6);
#162 = AXIS2_PLACEMENT_3D('',#163,#164,#165);
#163 = CARTESIAN_POINT('',(16.,8.927353644961,8.570664683373));
#164 = DIRECTION('',(1.,6.650754156112E-16,1.41420357519E-15));
#165 = DIRECTION('',(-6.027557176245E-16,0.999048221582,
    -4.361938736534E-02));
#166 = ORIENTED_EDGE('',*,*,#167,.T.);
#167 = EDGE_CURVE('',#159,#168,#170,.T.);
#168 = VERTEX_POINT('',#169);
#169 = CARTESIAN_POINT('',(-16.,8.901182012542,7.971235750424));
#170 = LINE('',#171,#172);
#171 = CARTESIAN_POINT('',(-1.729882757512E-14,8.901182012542,
    7.971235750424));
#172 = VECTOR('',#173,1.);
#173 = DIRECTION('',(-1.,1.090803634481E-15,1.110223024625E-16));
#174 = ORIENTED_EDGE('',*,*,#175,.T.);
#175 = EDGE_CURVE('',#168,#128,#176,.T.);
#176 = CIRCLE('',#177,0.6);
#177 = AXIS2_PLACEMENT_3D('',#178,#179,#180);
#178 = CARTESIAN_POINT('',(-16.,8.927353644961,8.570664683373));
#179 = DIRECTION('',(1.,6.650754156112E-16,1.41420357519E-15));
#180 = DIRECTION('',(-6.027557176245E-16,0.999048221582,
    -4.361938736534E-02));
#181 = ORIENTED_EDGE('',*,*,#127,.T.);
#182 = CYLINDRICAL_SURFACE('',#183,0.6);
#183 = AXIS2_PLACEMENT_3D('',#184,#185,#186);
#184 = CARTESIAN_POINT('',(-1.816394822448E-14,8.927353644961,
    8.570664683373));
#185 = DIRECTION('',(1.,-6.67192213939E-16,8.193594564001E-17));
#186 = DIRECTION('',(-6.027557176245E-16,0.999048221582,
    -4.361938736534E-02));
#187 = ADVANCED_FACE('',(#188),#213,.F.);
#188 = FACE_BOUND('',#189,.F.);
#189 = EDGE_LOOP('',(#190,#200,#206,#207));
#190 = ORIENTED_EDGE('',*,*,#191,.F.);
#191 = EDGE_CURVE('',#192,#194,#196,.T.);
#192 = VERTEX_POINT('',#193);
#193 = CARTESIAN_POINT('',(-16.,7.916333825171,8.014235150906));
#194 = VERTEX_POINT('',#195);
#195 = CARTESIAN_POINT('',(16.,7.916333825171,8.014235150906));
#196 = LINE('',#197,#198);
#197 = CARTESIAN_POINT('',(-1.249353610818E-14,7.916333825171,
    8.014235150906));
#198 = VECTOR('',#199,1.);
#199 = DIRECTION('',(1.,-1.090803634481E-15,-1.110223024625E-16));
#200 = ORIENTED_EDGE('',*,*,#201,.F.);
#201 = EDGE_CURVE('',#168,#192,#202,.T.);
#202 = LINE('',#203,#204);
#203 = CARTESIAN_POINT('',(-16.,16.558288196429,7.636919274485));
#204 = VECTOR('',#205,1.);
#205 = DIRECTION('',(-5.447362542223E-16,-0.999048221582,
    4.361938736534E-02));
#206 = ORIENTED_EDGE('',*,*,#167,.F.);
#207 = ORIENTED_EDGE('',*,*,#208,.F.);
#208 = EDGE_CURVE('',#194,#159,#209,.T.);
#209 = LINE('',#210,#211);
#210 = CARTESIAN_POINT('',(16.,16.558288196428,7.636919274485));
#211 = VECTOR('',#212,1.);
#212 = DIRECTION('',(5.493912171965E-16,0.999048221582,
    -4.361938736534E-02));
#213 = PLANE('',#214);
#214 = AXIS2_PLACEMENT_3D('',#215,#216,#217);
#215 = CARTESIAN_POINT('',(-1.349532947978E-14,8.408757918857,
    7.992735450665));
#216 = DIRECTION('',(1.239453871411E-15,-4.361938736534E-02,
    -0.999048221582));
#217 = DIRECTION('',(3.903965623341E-16,-0.999048221582,
    4.361938736534E-02));
#218 = ADVANCED_FACE('',(#219),#246,.T.);
#219 = FACE_BOUND('',#220,.T.);
#220 = EDGE_LOOP('',(#221,#222,#231,#239));
#221 = ORIENTED_EDGE('',*,*,#191,.F.);
#222 = ORIENTED_EDGE('',*,*,#223,.T.);
#223 = EDGE_CURVE('',#192,#224,#226,.T.);
#224 = VERTEX_POINT('',#225);
#225 = CARTESIAN_POINT('',(-16.,7.19712423019,7.752464266135));
#226 = CIRCLE('',#227,1.);
#227 = AXIS2_PLACEMENT_3D('',#228,#229,#230);
#228 = CARTESIAN_POINT('',(-16.,7.872714437806,7.015186929324));
#229 = DIRECTION('',(1.,6.650754156112E-16,1.41420357519E-15));
#230 = DIRECTION('',(-6.027557176245E-16,0.999048221582,
    -4.361938736534E-02));
#231 = ORIENTED_EDGE('',*,*,#232,.F.);
#232 = EDGE_CURVE('',#233,#224,#235,.T.);
#233 = VERTEX_POINT('',#234);
#234 = CARTESIAN_POINT('',(16.,7.19712423019,7.752464266135));
#235 = LINE('',#236,#237);
#236 = CARTESIAN_POINT('',(-1.585611322207E-14,7.19712423019,
    7.752464266135));
#237 = VECTOR('',#238,1.);
#238 = DIRECTION('',(-1.,1.090803634481E-15,1.110223024625E-16));
#239 = ORIENTED_EDGE('',*,*,#240,.F.);
#240 = EDGE_CURVE('',#194,#233,#241,.T.);
#241 = CIRCLE('',#242,1.);
#242 = AXIS2_PLACEMENT_3D('',#243,#244,#245);
#243 = CARTESIAN_POINT('',(16.,7.872714437806,7.015186929324));
#244 = DIRECTION('',(1.,6.650754156112E-16,1.41420357519E-15));
#245 = DIRECTION('',(-6.027557176245E-16,0.999048221582,
    -4.361938736534E-02));
#246 = CYLINDRICAL_SURFACE('',#247,1.);
#247 = AXIS2_PLACEMENT_3D('',#248,#249,#250);
#248 = CARTESIAN_POINT('',(-1.526277141456E-14,7.872714437806,
    7.015186929324));
#249 = DIRECTION('',(1.,-6.67192213939E-16,8.193594564001E-17));
#250 = DIRECTION('',(-6.027557176245E-16,0.999048221582,
    -4.361938736534E-02));
#251 = ADVANCED_FACE('',(#252),#277,.F.);
#252 = FACE_BOUND('',#253,.F.);
#253 = EDGE_LOOP('',(#254,#264,#270,#271));
#254 = ORIENTED_EDGE('',*,*,#255,.F.);
#255 = EDGE_CURVE('',#256,#258,#260,.T.);
#256 = VERTEX_POINT('',#257);
#257 = CARTESIAN_POINT('',(-16.,5.096968991202,5.828026550373));
#258 = VERTEX_POINT('',#259);
#259 = CARTESIAN_POINT('',(16.,5.096968991202,5.828026550373));
#260 = LINE('',#261,#262);
#261 = CARTESIAN_POINT('',(-1.075902609826E-14,5.096968991202,
    5.828026550373));
#262 = VECTOR('',#263,1.);
#263 = DIRECTION('',(1.,-1.090803634481E-15,-1.110223024625E-16));
#264 = ORIENTED_EDGE('',*,*,#265,.F.);
#265 = EDGE_CURVE('',#224,#256,#266,.T.);
#266 = LINE('',#267,#268);
#267 = CARTESIAN_POINT('',(-16.,11.728996401093,11.905160012995));
#268 = VECTOR('',#269,1.);
#269 = DIRECTION('',(1.237981333777E-15,-0.73727733681,-0.675590207616)
  );
#270 = ORIENTED_EDGE('',*,*,#232,.F.);
#271 = ORIENTED_EDGE('',*,*,#272,.F.);
#272 = EDGE_CURVE('',#258,#233,#273,.T.);
#273 = LINE('',#274,#275);
#274 = CARTESIAN_POINT('',(16.,11.728996401093,11.905160012995));
#275 = VECTOR('',#276,1.);
#276 = DIRECTION('',(-1.310078802176E-15,0.73727733681,0.675590207616));
#277 = PLANE('',#278);
#278 = AXIS2_PLACEMENT_3D('',#279,#280,#281);
#279 = CARTESIAN_POINT('',(-1.281232758238E-14,6.147046610696,
    6.790245408254));
#280 = DIRECTION('',(7.389266967961E-16,0.675590207616,-0.73727733681));
#281 = DIRECTION('',(1.152478294021E-15,-0.73727733681,-0.675590207616)
  );
#282 = ADVANCED_FACE('',(#283),#310,.T.);
#283 = FACE_BOUND('',#284,.T.);
#284 = EDGE_LOOP('',(#285,#286,#295,#303));
#285 = ORIENTED_EDGE('',*,*,#255,.F.);
#286 = ORIENTED_EDGE('',*,*,#287,.T.);
#287 = EDGE_CURVE('',#256,#288,#290,.T.);
#288 = VERTEX_POINT('',#289);
#289 = CARTESIAN_POINT('',(-16.,4.773510977235,5.134368600928));
#290 = CIRCLE('',#291,1.);
#291 = AXIS2_PLACEMENT_3D('',#292,#293,#294);
#292 = CARTESIAN_POINT('',(-16.,5.772559198817,5.090749213563));
#293 = DIRECTION('',(1.,6.650754156112E-16,1.41420357519E-15));
#294 = DIRECTION('',(-6.027557176245E-16,0.999048221582,
    -4.361938736534E-02));
#295 = ORIENTED_EDGE('',*,*,#296,.F.);
#296 = EDGE_CURVE('',#297,#288,#299,.T.);
#297 = VERTEX_POINT('',#298);
#298 = CARTESIAN_POINT('',(16.,4.773510977235,5.134368600928));
#299 = LINE('',#300,#301);
#300 = CARTESIAN_POINT('',(-1.054170738066E-14,4.773510977235,
    5.134368600928));
#301 = VECTOR('',#302,1.);
#302 = DIRECTION('',(-1.,1.090803634481E-15,1.110223024625E-16));
#303 = ORIENTED_EDGE('',*,*,#304,.F.);
#304 = EDGE_CURVE('',#258,#297,#305,.T.);
#305 = CIRCLE('',#306,1.);
#306 = AXIS2_PLACEMENT_3D('',#307,#308,#309);
#307 = CARTESIAN_POINT('',(16.,5.772559198817,5.090749213563));
#308 = DIRECTION('',(1.,6.650754156112E-16,1.41420357519E-15));
#309 = DIRECTION('',(-6.027557176245E-16,0.999048221582,
    -4.361938736534E-02));
#310 = CYLINDRICAL_SURFACE('',#311,1.);
#311 = AXIS2_PLACEMENT_3D('',#312,#313,#314);
#312 = CARTESIAN_POINT('',(-1.114446309828E-14,5.772559198817,
    5.090749213563));
#313 = DIRECTION('',(1.,-6.67192213939E-16,8.193594564001E-17));
#314 = DIRECTION('',(-6.027557176245E-16,0.999048221582,
    -4.361938736534E-02));
#315 = ADVANCED_FACE('',(#316),#350,.F.);
#316 = FACE_BOUND('',#317,.F.);
#317 = EDGE_LOOP('',(#318,#328,#336,#344));
#318 = ORIENTED_EDGE('',*,*,#319,.F.);
#319 = EDGE_CURVE('',#320,#322,#324,.T.);
#320 = VERTEX_POINT('',#321);
#321 = CARTESIAN_POINT('',(-16.,4.573481782238,0.552946815863));
#322 = VERTEX_POINT('',#323);
#323 = CARTESIAN_POINT('',(-16.,43.53636242393,-1.148209291385));
#324 = LINE('',#325,#326);
#325 = CARTESIAN_POINT('',(-16.,2.914335439641E-14,0.752629342851));
#326 = VECTOR('',#327,1.);
#327 = DIRECTION('',(-1.987960757101E-15,0.999048221582,
    -4.361938736534E-02));
#328 = ORIENTED_EDGE('',*,*,#329,.F.);
#329 = EDGE_CURVE('',#330,#320,#332,.T.);
#330 = VERTEX_POINT('',#331);
#331 = CARTESIAN_POINT('',(16.,4.573481782238,0.552946815863));
#332 = LINE('',#333,#334);
#333 = CARTESIAN_POINT('',(-8.,4.573481782238,0.552946815863));
#334 = VECTOR('',#335,1.);
#335 = DIRECTION('',(-1.,1.015198524456E-15,-1.88407815147E-15));
#336 = ORIENTED_EDGE('',*,*,#337,.T.);
#337 = EDGE_CURVE('',#330,#338,#340,.T.);
#338 = VERTEX_POINT('',#339);
#339 = CARTESIAN_POINT('',(16.,43.53636242393,-1.148209291385));
#340 = LINE('',#341,#342);
#341 = CARTESIAN_POINT('',(16.,-3.413935800722E-14,0.75262934285));
#342 = VECTOR('',#343,1.);
#343 = DIRECTION('',(-1.987960757101E-15,0.999048221582,
    -4.361938736534E-02));
#344 = ORIENTED_EDGE('',*,*,#345,.F.);
#345 = EDGE_CURVE('',#322,#338,#346,.T.);
#346 = LINE('',#347,#348);
#347 = CARTESIAN_POINT('',(-16.,43.536362423931,-1.148209291385));
#348 = VECTOR('',#349,1.);
#349 = DIRECTION('',(1.,-3.755338893581E-15,-7.771561172376E-16));
#350 = PLANE('',#351);
#351 = AXIS2_PLACEMENT_3D('',#352,#353,#354);
#352 = CARTESIAN_POINT('',(-16.,5.970019973934E-14,0.752629342851));
#353 = DIRECTION('',(-4.616227196418E-15,4.361938736534E-02,
    0.999048221582));
#354 = DIRECTION('',(-1.788473579079E-15,0.999048221582,
    -4.361938736534E-02));
#355 = ADVANCED_FACE('',(#356),#383,.T.);
#356 = FACE_BOUND('',#357,.F.);
#357 = EDGE_LOOP('',(#358,#359,#368,#376));
#358 = ORIENTED_EDGE('',*,*,#345,.T.);
#359 = ORIENTED_EDGE('',*,*,#360,.T.);
#360 = EDGE_CURVE('',#338,#361,#363,.T.);
#361 = VERTEX_POINT('',#362);
#362 = CARTESIAN_POINT('',(16.,46.664365250772,1.718077211264));
#363 = CIRCLE('',#364,3.);
#364 = AXIS2_PLACEMENT_3D('',#365,#366,#367);
#365 = CARTESIAN_POINT('',(16.,43.667220586027,1.84893537336));
#366 = DIRECTION('',(1.,2.206735267461E-15,4.967382635241E-15));
#367 = DIRECTION('',(-1.987960757101E-15,0.999048221582,
    -4.361938736534E-02));
#368 = ORIENTED_EDGE('',*,*,#369,.F.);
#369 = EDGE_CURVE('',#370,#361,#372,.T.);
#370 = VERTEX_POINT('',#371);
#371 = CARTESIAN_POINT('',(-16.,46.664365250772,1.718077211264));
#372 = LINE('',#373,#374);
#373 = CARTESIAN_POINT('',(-16.,46.664365250772,1.718077211264));
#374 = VECTOR('',#375,1.);
#375 = DIRECTION('',(1.,-3.755338893581E-15,-7.771561172376E-16));
#376 = ORIENTED_EDGE('',*,*,#377,.F.);
#377 = EDGE_CURVE('',#322,#370,#378,.T.);
#378 = CIRCLE('',#379,3.);
#379 = AXIS2_PLACEMENT_3D('',#380,#381,#382);
#380 = CARTESIAN_POINT('',(-16.,43.667220586027,1.84893537336));
#381 = DIRECTION('',(1.,2.206735267461E-15,4.967382635241E-15));
#382 = DIRECTION('',(-1.987960757101E-15,0.999048221582,
    -4.361938736534E-02));
#383 = CYLINDRICAL_SURFACE('',#384,3.);
#384 = AXIS2_PLACEMENT_3D('',#385,#386,#387);
#385 = CARTESIAN_POINT('',(-16.,43.667220586027,1.84893537336));
#386 = DIRECTION('',(-1.,3.331727473039E-15,5.841978691351E-16));
#387 = DIRECTION('',(-1.788473579079E-15,0.999048221582,
    -4.361938736534E-02));
#388 = ADVANCED_FACE('',(#389),#405,.F.);
#389 = FACE_BOUND('',#390,.F.);
#390 = EDGE_LOOP('',(#391,#397,#398,#404));
#391 = ORIENTED_EDGE('',*,*,#392,.F.);
#392 = EDGE_CURVE('',#288,#320,#393,.T.);
#393 = LINE('',#394,#395);
#394 = CARTESIAN_POINT('',(-16.,4.807615567579,5.915492142292));
#395 = VECTOR('',#396,1.);
#396 = DIRECTION('',(2.295506246414E-15,-4.361938736534E-02,
    -0.999048221582));
#397 = ORIENTED_EDGE('',*,*,#296,.F.);
#398 = ORIENTED_EDGE('',*,*,#399,.F.);
#399 = EDGE_CURVE('',#330,#297,#400,.T.);
#400 = LINE('',#401,#402);
#401 = CARTESIAN_POINT('',(16.,4.807615567579,5.915492142292));
#402 = VECTOR('',#403,1.);
#403 = DIRECTION('',(-2.402122427011E-15,4.361938736534E-02,
    0.999048221582));
#404 = ORIENTED_EDGE('',*,*,#329,.T.);
#405 = PLANE('',#406);
#406 = AXIS2_PLACEMENT_3D('',#407,#408,#409);
#407 = CARTESIAN_POINT('',(-4.618662599171E-15,4.640781839213,
    2.094371542209));
#408 = DIRECTION('',(-1.764722930394E-16,0.999048221582,
    -4.361938736534E-02));
#409 = DIRECTION('',(-1.239453871411E-15,4.361938736534E-02,
    0.999048221582));
#410 = ADVANCED_FACE('',(#411),#468,.F.);
#411 = FACE_BOUND('',#412,.F.);
#412 = EDGE_LOOP('',(#413,#421,#422,#430,#438,#446,#454,#462));
#413 = ORIENTED_EDGE('',*,*,#414,.F.);
#414 = EDGE_CURVE('',#370,#415,#417,.T.);
#415 = VERTEX_POINT('',#416);
#416 = CARTESIAN_POINT('',(-16.,47.294908365946,16.159888889392));
#417 = LINE('',#418,#419);
#418 = CARTESIAN_POINT('',(-16.,46.664365250772,1.718077211264));
#419 = VECTOR('',#420,1.);
#420 = DIRECTION('',(-5.058911228099E-15,4.361938736534E-02,
    0.999048221582));
#421 = ORIENTED_EDGE('',*,*,#369,.T.);
#422 = ORIENTED_EDGE('',*,*,#423,.T.);
#423 = EDGE_CURVE('',#361,#424,#426,.T.);
#424 = VERTEX_POINT('',#425);
#425 = CARTESIAN_POINT('',(16.,47.294908365946,16.159888889392));
#426 = LINE('',#427,#428);
#427 = CARTESIAN_POINT('',(16.,46.664365250772,1.718077211264));
#428 = VECTOR('',#429,1.);
#429 = DIRECTION('',(-5.058911228099E-15,4.361938736534E-02,
    0.999048221582));
#430 = ORIENTED_EDGE('',*,*,#431,.F.);
#431 = EDGE_CURVE('',#432,#424,#434,.T.);
#432 = VERTEX_POINT('',#433);
#433 = CARTESIAN_POINT('',(11.,47.294908365946,16.159888889392));
#434 = LINE('',#435,#436);
#435 = CARTESIAN_POINT('',(-16.,47.294908365946,16.159888889392));
#436 = VECTOR('',#437,1.);
#437 = DIRECTION('',(1.,-3.755338893581E-15,-7.771561172376E-16));
#438 = ORIENTED_EDGE('',*,*,#439,.F.);
#439 = EDGE_CURVE('',#440,#432,#442,.T.);
#440 = VERTEX_POINT('',#441);
#441 = CARTESIAN_POINT('',(11.,46.841602395275,5.777475215446));
#442 = LINE('',#443,#444);
#443 = CARTESIAN_POINT('',(11.,47.120301935937,12.160744153203));
#444 = VECTOR('',#445,1.);
#445 = DIRECTION('',(-2.358305659357E-15,4.361938736534E-02,
    0.999048221582));
#446 = ORIENTED_EDGE('',*,*,#447,.T.);
#447 = EDGE_CURVE('',#440,#448,#450,.T.);
#448 = VERTEX_POINT('',#449);
#449 = CARTESIAN_POINT('',(-11.,46.841602395275,5.777475215446));
#450 = LINE('',#451,#452);
#451 = CARTESIAN_POINT('',(11.,46.841602395275,5.777475215446));
#452 = VECTOR('',#453,1.);
#453 = DIRECTION('',(-1.,1.978982054181E-15,3.330669073875E-16));
#454 = ORIENTED_EDGE('',*,*,#455,.T.);
#455 = EDGE_CURVE('',#448,#456,#458,.T.);
#456 = VERTEX_POINT('',#457);
#457 = CARTESIAN_POINT('',(-11.,47.294908365946,16.159888889392));
#458 = LINE('',#459,#460);
#459 = CARTESIAN_POINT('',(-11.,47.120301935937,12.160744153203));
#460 = VECTOR('',#461,1.);
#461 = DIRECTION('',(-2.358305659357E-15,4.361938736534E-02,
    0.999048221582));
#462 = ORIENTED_EDGE('',*,*,#463,.F.);
#463 = EDGE_CURVE('',#415,#456,#464,.T.);
#464 = LINE('',#465,#466);
#465 = CARTESIAN_POINT('',(-16.,47.294908365946,16.159888889392));
#466 = VECTOR('',#467,1.);
#467 = DIRECTION('',(1.,-3.755338893581E-15,-7.771561172376E-16));
#468 = PLANE('',#469);
#469 = AXIS2_PLACEMENT_3D('',#470,#471,#472);
#470 = CARTESIAN_POINT('',(-16.,46.664365250772,1.718077211264));
#471 = DIRECTION('',(1.373682063314E-15,-0.999048221582,
    4.361938736534E-02));
#472 = DIRECTION('',(-4.82747946167E-15,4.361938736534E-02,
    0.999048221582));
#473 = ADVANCED_FACE('',(#474),#501,.T.);
#474 = FACE_BOUND('',#475,.F.);
#475 = EDGE_LOOP('',(#476,#485,#486,#495));
#476 = ORIENTED_EDGE('',*,*,#477,.F.);
#477 = EDGE_CURVE('',#415,#478,#480,.T.);
#478 = VERTEX_POINT('',#479);
#479 = CARTESIAN_POINT('',(-16.,40.870639010121,23.442054926331));
#480 = CIRCLE('',#481,7.);
#481 = AXIS2_PLACEMENT_3D('',#482,#483,#484);
#482 = CARTESIAN_POINT('',(-16.,40.301570814873,16.46522460095));
#483 = DIRECTION('',(1.,1.995275796716E-15,4.412402811371E-15));
#484 = DIRECTION('',(-1.800910428833E-15,0.999048221582,
    -4.361938736534E-02));
#485 = ORIENTED_EDGE('',*,*,#463,.T.);
#486 = ORIENTED_EDGE('',*,*,#487,.F.);
#487 = EDGE_CURVE('',#488,#456,#490,.T.);
#488 = VERTEX_POINT('',#489);
#489 = CARTESIAN_POINT('',(-11.,40.870639010121,23.442054926331));
#490 = CIRCLE('',#491,7.);
#491 = AXIS2_PLACEMENT_3D('',#492,#493,#494);
#492 = CARTESIAN_POINT('',(-11.,40.301570814873,16.46522460095));
#493 = DIRECTION('',(-1.,-4.430308106861E-16,-2.857493507203E-15));
#494 = DIRECTION('',(-3.179670273373E-16,0.999048221582,
    -4.361938736534E-02));
#495 = ORIENTED_EDGE('',*,*,#496,.F.);
#496 = EDGE_CURVE('',#478,#488,#497,.T.);
#497 = LINE('',#498,#499);
#498 = CARTESIAN_POINT('',(-7.933875100134E-14,40.870639010121,
    23.442054926331));
#499 = VECTOR('',#500,1.);
#500 = DIRECTION('',(1.,-1.534892844331E-15,-2.22044604925E-16));
#501 = CYLINDRICAL_SURFACE('',#502,7.);
#502 = AXIS2_PLACEMENT_3D('',#503,#504,#505);
#503 = CARTESIAN_POINT('',(-16.,40.301570814873,16.46522460095));
#504 = DIRECTION('',(-1.,2.887638263189E-15,4.731755666726E-16));
#505 = DIRECTION('',(-1.590853935503E-15,0.999048221582,
    -4.361938736534E-02));
#506 = ADVANCED_FACE('',(#507),#534,.T.);
#507 = FACE_BOUND('',#508,.T.);
#508 = EDGE_LOOP('',(#509,#510,#519,#527));
#509 = ORIENTED_EDGE('',*,*,#496,.F.);
#510 = ORIENTED_EDGE('',*,*,#511,.T.);
#511 = EDGE_CURVE('',#478,#512,#514,.T.);
#512 = VERTEX_POINT('',#513);
#513 = CARTESIAN_POINT('',(-16.,39.907497464661,21.973827526797));
#514 = CIRCLE('',#515,1.);
#515 = AXIS2_PLACEMENT_3D('',#516,#517,#518);
#516 = CARTESIAN_POINT('',(-16.,40.789343553657,22.445364879848));
#517 = DIRECTION('',(1.,8.871200205362E-16,1.969315087503E-15));
#518 = DIRECTION('',(-8.003753612002E-16,0.999048221582,
    -4.361938736534E-02));
#519 = ORIENTED_EDGE('',*,*,#520,.F.);
#520 = EDGE_CURVE('',#521,#512,#523,.T.);
#521 = VERTEX_POINT('',#522);
#522 = CARTESIAN_POINT('',(-11.,39.907497464661,21.973827526797));
#523 = LINE('',#524,#525);
#524 = CARTESIAN_POINT('',(-7.878205020087E-14,39.907497464661,
    21.973827526797));
#525 = VECTOR('',#526,1.);
#526 = DIRECTION('',(-1.,1.534892844331E-15,2.22044604925E-16));
#527 = ORIENTED_EDGE('',*,*,#528,.F.);
#528 = EDGE_CURVE('',#488,#521,#529,.T.);
#529 = CIRCLE('',#530,1.);
#530 = AXIS2_PLACEMENT_3D('',#531,#532,#533);
#531 = CARTESIAN_POINT('',(-11.,40.789343553657,22.445364879848));
#532 = DIRECTION('',(1.,8.871200205362E-16,1.969315087503E-15));
#533 = DIRECTION('',(-8.003753612002E-16,0.999048221582,
    -4.361938736534E-02));
#534 = CYLINDRICAL_SURFACE('',#535,1.);
#535 = AXIS2_PLACEMENT_3D('',#536,#537,#538);
#536 = CARTESIAN_POINT('',(-8.049295914514E-14,40.789343553657,
    22.445364879848));
#537 = DIRECTION('',(1.,-1.111281423789E-15,-2.908635682251E-17));
#538 = DIRECTION('',(-8.003753612002E-16,0.999048221582,
    -4.361938736534E-02));
#539 = ADVANCED_FACE('',(#540),#574,.F.);
#540 = FACE_BOUND('',#541,.F.);
#541 = EDGE_LOOP('',(#542,#552,#560,#568));
#542 = ORIENTED_EDGE('',*,*,#543,.F.);
#543 = EDGE_CURVE('',#544,#546,#548,.T.);
#544 = VERTEX_POINT('',#545);
#545 = CARTESIAN_POINT('',(-16.,2.979956205105E-14,11.562918342614));
#546 = VERTEX_POINT('',#547);
#547 = CARTESIAN_POINT('',(16.,-8.636511266061E-15,11.562918342614));
#548 = LINE('',#549,#550);
#549 = CARTESIAN_POINT('',(-1.736856182098E-14,3.386180225107E-15,
    11.562918342614));
#550 = VECTOR('',#551,1.);
#551 = DIRECTION('',(1.,-6.467144246308E-16,3.402047144283E-31));
#552 = ORIENTED_EDGE('',*,*,#553,.F.);
#553 = EDGE_CURVE('',#554,#544,#556,.T.);
#554 = VERTEX_POINT('',#555);
#555 = CARTESIAN_POINT('',(-16.,9.040764052111,11.168190059486));
#556 = LINE('',#557,#558);
#557 = CARTESIAN_POINT('',(-16.,14.683891269813,10.921805804208));
#558 = VECTOR('',#559,1.);
#559 = DIRECTION('',(-9.690318902775E-16,-0.999048221582,
    4.361938736534E-02));
#560 = ORIENTED_EDGE('',*,*,#561,.F.);
#561 = EDGE_CURVE('',#562,#554,#564,.T.);
#562 = VERTEX_POINT('',#563);
#563 = CARTESIAN_POINT('',(16.,9.040764052111,11.168190059486));
#564 = LINE('',#565,#566);
#565 = CARTESIAN_POINT('',(-1.370576061581E-14,9.040764052111,
    11.168190059486));
#566 = VECTOR('',#567,1.);
#567 = DIRECTION('',(-1.,6.467144246308E-16,-3.402047144283E-31));
#568 = ORIENTED_EDGE('',*,*,#569,.F.);
#569 = EDGE_CURVE('',#546,#562,#570,.T.);
#570 = LINE('',#571,#572);
#571 = CARTESIAN_POINT('',(16.,14.683891269812,10.921805804208));
#572 = VECTOR('',#573,1.);
#573 = DIRECTION('',(9.736868532516E-16,0.999048221582,
    -4.361938736534E-02));
#574 = PLANE('',#575);
#575 = AXIS2_PLACEMENT_3D('',#576,#577,#578);
#576 = CARTESIAN_POINT('',(-8.574706418064E-15,4.520382026055,
    11.36555420105));
#577 = DIRECTION('',(6.751852526212E-16,-4.361938736534E-02,
    -0.999048221582));
#578 = DIRECTION('',(1.927769187584E-16,-0.999048221582,
    4.361938736534E-02));
#579 = ADVANCED_FACE('',(#580),#607,.F.);
#580 = FACE_BOUND('',#581,.F.);
#581 = EDGE_LOOP('',(#582,#591,#592,#601));
#582 = ORIENTED_EDGE('',*,*,#583,.F.);
#583 = EDGE_CURVE('',#562,#584,#586,.T.);
#584 = VERTEX_POINT('',#585);
#585 = CARTESIAN_POINT('',(16.,9.093107316949,12.367047925384));
#586 = CIRCLE('',#587,0.6);
#587 = AXIS2_PLACEMENT_3D('',#588,#589,#590);
#588 = CARTESIAN_POINT('',(16.,9.06693568453,11.767618992435));
#589 = DIRECTION('',(1.,4.430308106861E-16,8.590920628776E-16));
#590 = DIRECTION('',(-4.051360740488E-16,0.999048221582,
    -4.361938736534E-02));
#591 = ORIENTED_EDGE('',*,*,#561,.T.);
#592 = ORIENTED_EDGE('',*,*,#593,.T.);
#593 = EDGE_CURVE('',#554,#594,#596,.T.);
#594 = VERTEX_POINT('',#595);
#595 = CARTESIAN_POINT('',(-16.,9.093107316949,12.367047925384));
#596 = CIRCLE('',#597,0.6);
#597 = AXIS2_PLACEMENT_3D('',#598,#599,#600);
#598 = CARTESIAN_POINT('',(-16.,9.06693568453,11.767618992435));
#599 = DIRECTION('',(1.,4.430308106861E-16,8.590920628776E-16));
#600 = DIRECTION('',(-4.051360740488E-16,0.999048221582,
    -4.361938736534E-02));
#601 = ORIENTED_EDGE('',*,*,#602,.T.);
#602 = EDGE_CURVE('',#594,#584,#603,.T.);
#603 = LINE('',#604,#605);
#604 = CARTESIAN_POINT('',(-1.407369478293E-14,9.093107316949,
    12.367047925384));
#605 = VECTOR('',#606,1.);
#606 = DIRECTION('',(1.,-6.467144246308E-16,3.402047144283E-31));
#607 = CYLINDRICAL_SURFACE('',#608,0.6);
#608 = AXIS2_PLACEMENT_3D('',#609,#610,#611);
#609 = CARTESIAN_POINT('',(-1.423232009389E-14,9.06693568453,
    11.767618992435));
#610 = DIRECTION('',(1.,-2.23103004089E-16,1.929582481025E-16));
#611 = DIRECTION('',(-4.051360740488E-16,0.999048221582,
    -4.361938736534E-02));
#612 = ADVANCED_FACE('',(#613),#638,.F.);
#613 = FACE_BOUND('',#614,.F.);
#614 = EDGE_LOOP('',(#615,#616,#624,#632));
#615 = ORIENTED_EDGE('',*,*,#602,.F.);
#616 = ORIENTED_EDGE('',*,*,#617,.F.);
#617 = EDGE_CURVE('',#618,#594,#620,.T.);
#618 = VERTEX_POINT('',#619);
#619 = CARTESIAN_POINT('',(-16.,7.095010873786,12.454286700115));
#620 = LINE('',#621,#622);
#621 = CARTESIAN_POINT('',(-16.,16.496901436888,12.043791293007));
#622 = VECTOR('',#623,1.);
#623 = DIRECTION('',(9.690318902775E-16,0.999048221582,
    -4.361938736534E-02));
#624 = ORIENTED_EDGE('',*,*,#625,.F.);
#625 = EDGE_CURVE('',#626,#618,#628,.T.);
#626 = VERTEX_POINT('',#627);
#627 = CARTESIAN_POINT('',(16.,7.095010873786,12.454286700115));
#628 = LINE('',#629,#630);
#629 = CARTESIAN_POINT('',(-1.394860742388E-14,7.095010873786,
    12.454286700115));
#630 = VECTOR('',#631,1.);
#631 = DIRECTION('',(-1.,6.467144246308E-16,-3.402047144283E-31));
#632 = ORIENTED_EDGE('',*,*,#633,.F.);
#633 = EDGE_CURVE('',#584,#626,#634,.T.);
#634 = LINE('',#635,#636);
#635 = CARTESIAN_POINT('',(16.,16.496901436888,12.043791293007));
#636 = VECTOR('',#637,1.);
#637 = DIRECTION('',(-9.736868532516E-16,-0.999048221582,
    4.361938736534E-02));
#638 = PLANE('',#639);
#639 = AXIS2_PLACEMENT_3D('',#640,#641,#642);
#640 = CARTESIAN_POINT('',(-1.006440731502E-14,8.094059095367,
    12.410667312749));
#641 = DIRECTION('',(-6.751852526212E-16,4.361938736534E-02,
    0.999048221582));
#642 = DIRECTION('',(-1.927769187584E-16,0.999048221582,
    -4.361938736534E-02));
#643 = ADVANCED_FACE('',(#644),#671,.T.);
#644 = FACE_BOUND('',#645,.T.);
#645 = EDGE_LOOP('',(#646,#656,#663,#664));
#646 = ORIENTED_EDGE('',*,*,#647,.F.);
#647 = EDGE_CURVE('',#648,#650,#652,.T.);
#648 = VERTEX_POINT('',#649);
#649 = CARTESIAN_POINT('',(-16.,6.617296456677,12.975620504588));
#650 = VERTEX_POINT('',#651);
#651 = CARTESIAN_POINT('',(16.,6.617296456677,12.975620504588));
#652 = LINE('',#653,#654);
#653 = CARTESIAN_POINT('',(-1.536235947645E-14,6.617296456677,
    12.975620504588));
#654 = VECTOR('',#655,1.);
#655 = DIRECTION('',(1.,-6.467144246308E-16,3.402047144283E-31));
#656 = ORIENTED_EDGE('',*,*,#657,.T.);
#657 = EDGE_CURVE('',#648,#618,#658,.T.);
#658 = CIRCLE('',#659,0.5);
#659 = AXIS2_PLACEMENT_3D('',#660,#661,#662);
#660 = CARTESIAN_POINT('',(-16.,7.116820567468,12.953810810906));
#661 = DIRECTION('',(1.,4.430308106861E-16,8.590920628776E-16));
#662 = DIRECTION('',(-4.051360740488E-16,0.999048221582,
    -4.361938736534E-02));
#663 = ORIENTED_EDGE('',*,*,#625,.F.);
#664 = ORIENTED_EDGE('',*,*,#665,.F.);
#665 = EDGE_CURVE('',#650,#626,#666,.T.);
#666 = CIRCLE('',#667,0.5);
#667 = AXIS2_PLACEMENT_3D('',#668,#669,#670);
#668 = CARTESIAN_POINT('',(16.,7.116820567468,12.953810810906));
#669 = DIRECTION('',(1.,4.430308106861E-16,8.590920628776E-16));
#670 = DIRECTION('',(-4.051360740488E-16,0.999048221582,
    -4.361938736534E-02));
#671 = CYLINDRICAL_SURFACE('',#672,0.5);
#672 = AXIS2_PLACEMENT_3D('',#673,#674,#675);
#673 = CARTESIAN_POINT('',(-1.438740698895E-14,7.116820567468,
    12.953810810906));
#674 = DIRECTION('',(1.,-2.23103004089E-16,1.929582481025E-16));
#675 = DIRECTION('',(-4.051360740488E-16,0.999048221582,
    -4.361938736534E-02));
#676 = ADVANCED_FACE('',(#677),#702,.F.);
#677 = FACE_BOUND('',#678,.F.);
#678 = EDGE_LOOP('',(#679,#680,#688,#696));
#679 = ORIENTED_EDGE('',*,*,#647,.F.);
#680 = ORIENTED_EDGE('',*,*,#681,.F.);
#681 = EDGE_CURVE('',#682,#648,#684,.T.);
#682 = VERTEX_POINT('',#683);
#683 = CARTESIAN_POINT('',(-16.,6.642669389232,13.556756203094));
#684 = LINE('',#685,#686);
#685 = CARTESIAN_POINT('',(-16.,6.551502275637,11.468686007584));
#686 = VECTOR('',#687,1.);
#687 = DIRECTION('',(1.832468811821E-15,-4.361938736533E-02,
    -0.999048221582));
#688 = ORIENTED_EDGE('',*,*,#689,.F.);
#689 = EDGE_CURVE('',#690,#682,#692,.T.);
#690 = VERTEX_POINT('',#691);
#691 = CARTESIAN_POINT('',(16.,6.642669389232,13.556756203094));
#692 = LINE('',#693,#694);
#693 = CARTESIAN_POINT('',(-1.469532900885E-14,6.642669389232,
    13.556756203094));
#694 = VECTOR('',#695,1.);
#695 = DIRECTION('',(-1.,6.467144246308E-16,-3.402047144283E-31));
#696 = ORIENTED_EDGE('',*,*,#697,.F.);
#697 = EDGE_CURVE('',#650,#690,#698,.T.);
#698 = LINE('',#699,#700);
#699 = CARTESIAN_POINT('',(16.,6.551502275637,11.468686007584));
#700 = VECTOR('',#701,1.);
#701 = DIRECTION('',(-1.939084992417E-15,4.361938736533E-02,
    0.999048221582));
#702 = PLANE('',#703);
#703 = AXIS2_PLACEMENT_3D('',#704,#705,#706);
#704 = CARTESIAN_POINT('',(-1.030920859446E-14,6.629982922955,
    13.266188353841));
#705 = DIRECTION('',(1.029000897988E-17,0.999048221582,
    -4.361938736533E-02));
#706 = DIRECTION('',(-6.751852526212E-16,4.361938736533E-02,
    0.999048221582));
#707 = ADVANCED_FACE('',(#708),#735,.T.);
#708 = FACE_BOUND('',#709,.T.);
#709 = EDGE_LOOP('',(#710,#720,#727,#728));
#710 = ORIENTED_EDGE('',*,*,#711,.F.);
#711 = EDGE_CURVE('',#712,#714,#716,.T.);
#712 = VERTEX_POINT('',#713);
#713 = CARTESIAN_POINT('',(-16.,7.600246167681,14.512276505364));
#714 = VERTEX_POINT('',#715);
#715 = CARTESIAN_POINT('',(16.,7.600246167681,14.512276505364));
#716 = LINE('',#717,#718);
#717 = CARTESIAN_POINT('',(-1.569216711093E-14,7.600246167681,
    14.512276505364));
#718 = VECTOR('',#719,1.);
#719 = DIRECTION('',(1.,-6.467144246308E-16,3.402047144283E-31));
#720 = ORIENTED_EDGE('',*,*,#721,.T.);
#721 = EDGE_CURVE('',#712,#682,#722,.T.);
#722 = CIRCLE('',#723,1.);
#723 = AXIS2_PLACEMENT_3D('',#724,#725,#726);
#724 = CARTESIAN_POINT('',(-16.,7.641717610814,13.513136815729));
#725 = DIRECTION('',(1.,4.430308106861E-16,8.590920628776E-16));
#726 = DIRECTION('',(-4.051360740488E-16,0.999048221582,
    -4.361938736534E-02));
#727 = ORIENTED_EDGE('',*,*,#689,.F.);
#728 = ORIENTED_EDGE('',*,*,#729,.F.);
#729 = EDGE_CURVE('',#714,#690,#730,.T.);
#730 = CIRCLE('',#731,1.);
#731 = AXIS2_PLACEMENT_3D('',#732,#733,#734);
#732 = CARTESIAN_POINT('',(16.,7.641717610814,13.513136815729));
#733 = DIRECTION('',(1.,4.430308106861E-16,8.590920628776E-16));
#734 = DIRECTION('',(-4.051360740488E-16,0.999048221582,
    -4.361938736534E-02));
#735 = CYLINDRICAL_SURFACE('',#736,1.);
#736 = AXIS2_PLACEMENT_3D('',#737,#738,#739);
#737 = CARTESIAN_POINT('',(-1.510046508289E-14,7.641717610814,
    13.513136815729));
#738 = DIRECTION('',(1.,-2.23103004089E-16,1.929582481025E-16));
#739 = DIRECTION('',(-4.051360740488E-16,0.999048221582,
    -4.361938736534E-02));
#740 = ADVANCED_FACE('',(#741),#798,.F.);
#741 = FACE_BOUND('',#742,.F.);
#742 = EDGE_LOOP('',(#743,#751,#759,#767,#775,#783,#791,#797));
#743 = ORIENTED_EDGE('',*,*,#744,.F.);
#744 = EDGE_CURVE('',#745,#712,#747,.T.);
#745 = VERTEX_POINT('',#746);
#746 = CARTESIAN_POINT('',(-16.,30.628085579364,15.468096539871));
#747 = LINE('',#748,#749);
#748 = CARTESIAN_POINT('',(-16.,47.294908365946,16.159888889392));
#749 = VECTOR('',#750,1.);
#750 = DIRECTION('',(2.41263454741E-15,-0.999139689635,
    -4.147144313246E-02));
#751 = ORIENTED_EDGE('',*,*,#752,.T.);
#752 = EDGE_CURVE('',#745,#753,#755,.T.);
#753 = VERTEX_POINT('',#754);
#754 = CARTESIAN_POINT('',(-11.,30.628085579364,15.468096539871));
#755 = LINE('',#756,#757);
#756 = CARTESIAN_POINT('',(-16.,30.628085579364,15.468096539871));
#757 = VECTOR('',#758,1.);
#758 = DIRECTION('',(1.,-2.867160473881E-15,-5.551115123126E-16));
#759 = ORIENTED_EDGE('',*,*,#760,.T.);
#760 = EDGE_CURVE('',#753,#761,#763,.T.);
#761 = VERTEX_POINT('',#762);
#762 = CARTESIAN_POINT('',(-11.,28.442968837318,15.37739856676));
#763 = LINE('',#764,#765);
#764 = CARTESIAN_POINT('',(-11.,46.472298547862,16.1257446985));
#765 = VECTOR('',#766,1.);
#766 = DIRECTION('',(7.622500901132E-16,-0.999139689635,
    -4.147144313246E-02));
#767 = ORIENTED_EDGE('',*,*,#768,.F.);
#768 = EDGE_CURVE('',#769,#761,#771,.T.);
#769 = VERTEX_POINT('',#770);
#770 = CARTESIAN_POINT('',(11.,28.442968837318,15.37739856676));
#771 = LINE('',#772,#773);
#772 = CARTESIAN_POINT('',(11.,28.442968837318,15.37739856676));
#773 = VECTOR('',#774,1.);
#774 = DIRECTION('',(-1.,1.978982054181E-15,3.330669073875E-16));
#775 = ORIENTED_EDGE('',*,*,#776,.F.);
#776 = EDGE_CURVE('',#777,#769,#779,.T.);
#777 = VERTEX_POINT('',#778);
#778 = CARTESIAN_POINT('',(11.,30.628085579364,15.468096539871));
#779 = LINE('',#780,#781);
#780 = CARTESIAN_POINT('',(11.,46.472298547862,16.1257446985));
#781 = VECTOR('',#782,1.);
#782 = DIRECTION('',(7.622500901132E-16,-0.999139689635,
    -4.147144313246E-02));
#783 = ORIENTED_EDGE('',*,*,#784,.T.);
#784 = EDGE_CURVE('',#777,#785,#787,.T.);
#785 = VERTEX_POINT('',#786);
#786 = CARTESIAN_POINT('',(16.,30.628085579364,15.468096539871));
#787 = LINE('',#788,#789);
#788 = CARTESIAN_POINT('',(-16.,30.628085579364,15.468096539871));
#789 = VECTOR('',#790,1.);
#790 = DIRECTION('',(1.,-2.867160473881E-15,-5.551115123126E-16));
#791 = ORIENTED_EDGE('',*,*,#792,.T.);
#792 = EDGE_CURVE('',#785,#714,#793,.T.);
#793 = LINE('',#794,#795);
#794 = CARTESIAN_POINT('',(16.,47.294908365946,16.159888889392));
#795 = VECTOR('',#796,1.);
#796 = DIRECTION('',(2.41263454741E-15,-0.999139689635,
    -4.147144313246E-02));
#797 = ORIENTED_EDGE('',*,*,#711,.F.);
#798 = PLANE('',#799);
#799 = AXIS2_PLACEMENT_3D('',#800,#801,#802);
#800 = CARTESIAN_POINT('',(-16.,47.294908365946,16.159888889392));
#801 = DIRECTION('',(4.482733420249E-15,4.147144313246E-02,
    -0.999139689635));
#802 = DIRECTION('',(2.192401426474E-15,-0.999139689635,
    -4.147144313246E-02));
#803 = ADVANCED_FACE('',(#804),#831,.F.);
#804 = FACE_BOUND('',#805,.T.);
#805 = EDGE_LOOP('',(#806,#815,#816,#825));
#806 = ORIENTED_EDGE('',*,*,#807,.F.);
#807 = EDGE_CURVE('',#745,#808,#810,.T.);
#808 = VERTEX_POINT('',#809);
#809 = CARTESIAN_POINT('',(-16.,33.443041119438,17.865428306429));
#810 = CIRCLE('',#811,3.);
#811 = AXIS2_PLACEMENT_3D('',#812,#813,#814);
#812 = CARTESIAN_POINT('',(-16.,30.503671249966,18.465515608777));
#813 = DIRECTION('',(1.,1.762991967906E-15,3.857247170114E-15));
#814 = DIRECTION('',(-1.593063231723E-15,0.999048221582,
    -4.361938736534E-02));
#815 = ORIENTED_EDGE('',*,*,#752,.T.);
#816 = ORIENTED_EDGE('',*,*,#817,.F.);
#817 = EDGE_CURVE('',#818,#753,#820,.T.);
#818 = VERTEX_POINT('',#819);
#819 = CARTESIAN_POINT('',(-11.,33.443041119438,17.865428306429));
#820 = CIRCLE('',#821,3.);
#821 = AXIS2_PLACEMENT_3D('',#822,#823,#824);
#822 = CARTESIAN_POINT('',(-11.,30.503671249966,18.465515608777));
#823 = DIRECTION('',(-1.,-6.650754156112E-16,-2.74647120474E-15));
#824 = DIRECTION('',(-5.446430198168E-16,0.999048221582,
    -4.361938736534E-02));
#825 = ORIENTED_EDGE('',*,*,#826,.F.);
#826 = EDGE_CURVE('',#808,#818,#827,.T.);
#827 = LINE('',#828,#829);
#828 = CARTESIAN_POINT('',(-16.,33.443041119438,17.865428306429));
#829 = VECTOR('',#830,1.);
#830 = DIRECTION('',(1.,-2.867160473881E-15,-5.551115123126E-16));
#831 = CYLINDRICAL_SURFACE('',#832,3.);
#832 = AXIS2_PLACEMENT_3D('',#833,#834,#835);
#833 = CARTESIAN_POINT('',(-16.,30.503671249966,18.465515608777));
#834 = DIRECTION('',(-1.,2.443549053339E-15,3.621532642101E-16));
#835 = DIRECTION('',(-1.393234291927E-15,0.999048221582,
    -4.361938736534E-02));
#836 = ADVANCED_FACE('',(#837),#864,.T.);
#837 = FACE_BOUND('',#838,.F.);
#838 = EDGE_LOOP('',(#839,#848,#856,#863));
#839 = ORIENTED_EDGE('',*,*,#840,.F.);
#840 = EDGE_CURVE('',#841,#808,#843,.T.);
#841 = VERTEX_POINT('',#842);
#842 = CARTESIAN_POINT('',(-16.,34.183306168567,19.866229999029));
#843 = CIRCLE('',#844,7.);
#844 = AXIS2_PLACEMENT_3D('',#845,#846,#847);
#845 = CARTESIAN_POINT('',(-16.,40.301570814873,16.46522460095));
#846 = DIRECTION('',(1.,1.995275796716E-15,4.412402811371E-15));
#847 = DIRECTION('',(-1.800910428833E-15,0.999048221582,
    -4.361938736534E-02));
#848 = ORIENTED_EDGE('',*,*,#849,.F.);
#849 = EDGE_CURVE('',#850,#841,#852,.T.);
#850 = VERTEX_POINT('',#851);
#851 = CARTESIAN_POINT('',(-11.,34.183306168567,19.866229999029));
#852 = LINE('',#853,#854);
#853 = CARTESIAN_POINT('',(-6.955348189091E-14,34.183306168567,
    19.866229999029));
#854 = VECTOR('',#855,1.);
#855 = DIRECTION('',(-1.,1.534892844331E-15,2.22044604925E-16));
#856 = ORIENTED_EDGE('',*,*,#857,.F.);
#857 = EDGE_CURVE('',#818,#850,#858,.T.);
#858 = CIRCLE('',#859,7.);
#859 = AXIS2_PLACEMENT_3D('',#860,#861,#862);
#860 = CARTESIAN_POINT('',(-11.,40.301570814873,16.46522460095));
#861 = DIRECTION('',(-1.,-4.430308106861E-16,-2.857493507203E-15));
#862 = DIRECTION('',(-3.179670273373E-16,0.999048221582,
    -4.361938736534E-02));
#863 = ORIENTED_EDGE('',*,*,#826,.F.);
#864 = CYLINDRICAL_SURFACE('',#865,7.);
#865 = AXIS2_PLACEMENT_3D('',#866,#867,#868);
#866 = CARTESIAN_POINT('',(-16.,40.301570814873,16.46522460095));
#867 = DIRECTION('',(-1.,2.887638263189E-15,4.731755666726E-16));
#868 = DIRECTION('',(-1.590853935503E-15,0.999048221582,
    -4.361938736534E-02));
#869 = ADVANCED_FACE('',(#870),#897,.T.);
#870 = FACE_BOUND('',#871,.T.);
#871 = EDGE_LOOP('',(#872,#882,#889,#890));
#872 = ORIENTED_EDGE('',*,*,#873,.F.);
#873 = EDGE_CURVE('',#874,#876,#878,.T.);
#874 = VERTEX_POINT('',#875);
#875 = CARTESIAN_POINT('',(-16.,35.939190064178,19.851909438068));
#876 = VERTEX_POINT('',#877);
#877 = CARTESIAN_POINT('',(-11.,35.939190064178,19.851909438068));
#878 = LINE('',#879,#880);
#879 = CARTESIAN_POINT('',(-7.345736878912E-14,35.939190064178,
    19.851909438068));
#880 = VECTOR('',#881,1.);
#881 = DIRECTION('',(1.,-1.534892844331E-15,-2.22044604925E-16));
#882 = ORIENTED_EDGE('',*,*,#883,.T.);
#883 = EDGE_CURVE('',#874,#841,#884,.T.);
#884 = CIRCLE('',#885,1.);
#885 = AXIS2_PLACEMENT_3D('',#886,#887,#888);
#886 = CARTESIAN_POINT('',(-16.,35.057343975182,19.380372085018));
#887 = DIRECTION('',(1.,8.871200205362E-16,1.969315087503E-15));
#888 = DIRECTION('',(-8.003753612002E-16,0.999048221582,
    -4.361938736534E-02));
#889 = ORIENTED_EDGE('',*,*,#849,.F.);
#890 = ORIENTED_EDGE('',*,*,#891,.F.);
#891 = EDGE_CURVE('',#876,#850,#892,.T.);
#892 = CIRCLE('',#893,1.);
#893 = AXIS2_PLACEMENT_3D('',#894,#895,#896);
#894 = CARTESIAN_POINT('',(-11.,35.057343975182,19.380372085018));
#895 = DIRECTION('',(1.,8.871200205362E-16,1.969315087503E-15));
#896 = DIRECTION('',(-8.003753612002E-16,0.999048221582,
    -4.361938736534E-02));
#897 = CYLINDRICAL_SURFACE('',#898,1.);
#898 = AXIS2_PLACEMENT_3D('',#899,#900,#901);
#899 = CARTESIAN_POINT('',(-6.937205100742E-14,35.057343975182,
    19.380372085018));
#900 = DIRECTION('',(1.,-1.111281423789E-15,-2.908635682251E-17));
#901 = DIRECTION('',(-8.003753612002E-16,0.999048221582,
    -4.361938736534E-02));
#902 = ADVANCED_FACE('',(#903),#928,.F.);
#903 = FACE_BOUND('',#904,.F.);
#904 = EDGE_LOOP('',(#905,#906,#914,#922));
#905 = ORIENTED_EDGE('',*,*,#873,.F.);
#906 = ORIENTED_EDGE('',*,*,#907,.F.);
#907 = EDGE_CURVE('',#908,#874,#910,.T.);
#908 = VERTEX_POINT('',#909);
#909 = CARTESIAN_POINT('',(-16.,37.221917001418,17.453016273961));
#910 = LINE('',#911,#912);
#911 = CARTESIAN_POINT('',(-16.,37.301811333904,17.303601801959));
#912 = VECTOR('',#913,1.);
#913 = DIRECTION('',(-2.434928468788E-15,-0.471537353051,0.881846088996)
  );
#914 = ORIENTED_EDGE('',*,*,#915,.F.);
#915 = EDGE_CURVE('',#916,#908,#918,.T.);
#916 = VERTEX_POINT('',#917);
#917 = CARTESIAN_POINT('',(-11.,37.221917001418,17.453016273961));
#918 = LINE('',#919,#920);
#919 = CARTESIAN_POINT('',(-6.749671619721E-14,37.221917001418,
    17.453016273961));
#920 = VECTOR('',#921,1.);
#921 = DIRECTION('',(-1.,1.534892844331E-15,2.22044604925E-16));
#922 = ORIENTED_EDGE('',*,*,#923,.F.);
#923 = EDGE_CURVE('',#876,#916,#924,.T.);
#924 = LINE('',#925,#926);
#925 = CARTESIAN_POINT('',(-11.,36.716884436893,18.397503468795));
#926 = VECTOR('',#927,1.);
#927 = DIRECTION('',(1.559675589439E-15,0.471537353051,-0.881846088996)
  );
#928 = PLANE('',#929);
#929 = AXIS2_PLACEMENT_3D('',#930,#931,#932);
#930 = CARTESIAN_POINT('',(-6.446175782424E-14,36.580553532798,
    18.652462856015));
#931 = DIRECTION('',(1.226868712158E-15,-0.881846088996,-0.471537353051)
  );
#932 = DIRECTION('',(1.25236635569E-15,0.471537353051,-0.881846088996));
#933 = ADVANCED_FACE('',(#934),#961,.T.);
#934 = FACE_BOUND('',#935,.T.);
#935 = EDGE_LOOP('',(#936,#946,#953,#954));
#936 = ORIENTED_EDGE('',*,*,#937,.F.);
#937 = EDGE_CURVE('',#938,#940,#942,.T.);
#938 = VERTEX_POINT('',#939);
#939 = CARTESIAN_POINT('',(-16.,37.269962964969,17.112799959035));
#940 = VERTEX_POINT('',#941);
#941 = CARTESIAN_POINT('',(-11.,37.269962964969,17.112799959035));
#942 = LINE('',#943,#944);
#943 = CARTESIAN_POINT('',(-6.917336078384E-14,37.269962964969,
    17.112799959035));
#944 = VECTOR('',#945,1.);
#945 = DIRECTION('',(1.,-1.534892844331E-15,-2.22044604925E-16));
#946 = ORIENTED_EDGE('',*,*,#947,.T.);
#947 = EDGE_CURVE('',#938,#908,#948,.T.);
#948 = CIRCLE('',#949,0.5);
#949 = AXIS2_PLACEMENT_3D('',#950,#951,#952);
#950 = CARTESIAN_POINT('',(-16.,36.78099395692,17.217247597436));
#951 = DIRECTION('',(1.,8.871200205362E-16,1.969315087503E-15));
#952 = DIRECTION('',(-8.003753612002E-16,0.999048221582,
    -4.361938736534E-02));
#953 = ORIENTED_EDGE('',*,*,#915,.F.);
#954 = ORIENTED_EDGE('',*,*,#955,.F.);
#955 = EDGE_CURVE('',#940,#916,#956,.T.);
#956 = CIRCLE('',#957,0.5);
#957 = AXIS2_PLACEMENT_3D('',#958,#959,#960);
#958 = CARTESIAN_POINT('',(-11.,36.78099395692,17.217247597436));
#959 = DIRECTION('',(1.,8.871200205362E-16,1.969315087503E-15));
#960 = DIRECTION('',(-8.003753612002E-16,0.999048221582,
    -4.361938736534E-02));
#961 = CYLINDRICAL_SURFACE('',#962,0.5);
#962 = AXIS2_PLACEMENT_3D('',#963,#964,#965);
#963 = CARTESIAN_POINT('',(-6.664126172508E-14,36.78099395692,
    17.217247597436));
#964 = DIRECTION('',(1.,-1.111281423789E-15,-2.908635682251E-17));
#965 = DIRECTION('',(-8.003753612002E-16,0.999048221582,
    -4.361938736534E-02));
#966 = ADVANCED_FACE('',(#967),#1012,.F.);
#967 = FACE_BOUND('',#968,.F.);
#968 = EDGE_LOOP('',(#969,#970,#979,#988,#996,#1005));
#969 = ORIENTED_EDGE('',*,*,#937,.F.);
#970 = ORIENTED_EDGE('',*,*,#971,.T.);
#971 = EDGE_CURVE('',#938,#972,#974,.T.);
#972 = VERTEX_POINT('',#973);
#973 = CARTESIAN_POINT('',(-16.,43.398620301777,16.330004500117));
#974 = CIRCLE('',#975,3.1);
#975 = AXIS2_PLACEMENT_3D('',#976,#977,#978);
#976 = CARTESIAN_POINT('',(-16.,40.301570814873,16.46522460095));
#977 = DIRECTION('',(1.,1.331209230386E-15,3.079538112128E-15));
#978 = DIRECTION('',(-1.195614648352E-15,0.999048221582,
    -4.361938736534E-02));
#979 = ORIENTED_EDGE('',*,*,#980,.T.);
#980 = EDGE_CURVE('',#972,#981,#983,.T.);
#981 = VERTEX_POINT('',#982);
#982 = CARTESIAN_POINT('',(-16.,41.446484025353,19.346053256123));
#983 = CIRCLE('',#984,3.1);
#984 = AXIS2_PLACEMENT_3D('',#985,#986,#987);
#985 = CARTESIAN_POINT('',(-16.,40.301570814873,16.46522460095));
#986 = DIRECTION('',(1.,1.331209230386E-15,3.079538112128E-15));
#987 = DIRECTION('',(-1.195614648352E-15,0.999048221582,
    -4.361938736534E-02));
#988 = ORIENTED_EDGE('',*,*,#989,.F.);
#989 = EDGE_CURVE('',#990,#981,#992,.T.);
#990 = VERTEX_POINT('',#991);
#991 = CARTESIAN_POINT('',(-11.,41.446484025354,19.346053256123));
#992 = LINE('',#993,#994);
#993 = CARTESIAN_POINT('',(-7.497240047241E-14,41.446484025353,
    19.346053256123));
#994 = VECTOR('',#995,1.);
#995 = DIRECTION('',(-1.,1.534892844331E-15,2.22044604925E-16));
#996 = ORIENTED_EDGE('',*,*,#997,.F.);
#997 = EDGE_CURVE('',#998,#990,#1000,.T.);
#998 = VERTEX_POINT('',#999);
#999 = CARTESIAN_POINT('',(-11.,43.398620301777,16.330004500117));
#1000 = CIRCLE('',#1001,3.1);
#1001 = AXIS2_PLACEMENT_3D('',#1002,#1003,#1004);
#1002 = CARTESIAN_POINT('',(-11.,40.301570814873,16.46522460095));
#1003 = DIRECTION('',(1.,8.871200205362E-16,2.635448902278E-15));
#1004 = DIRECTION('',(-7.713190122963E-16,0.999048221582,
    -4.361938736534E-02));
#1005 = ORIENTED_EDGE('',*,*,#1006,.F.);
#1006 = EDGE_CURVE('',#940,#998,#1007,.T.);
#1007 = CIRCLE('',#1008,3.1);
#1008 = AXIS2_PLACEMENT_3D('',#1009,#1010,#1011);
#1009 = CARTESIAN_POINT('',(-11.,40.301570814873,16.46522460095));
#1010 = DIRECTION('',(1.,8.871200205362E-16,2.635448902278E-15));
#1011 = DIRECTION('',(-7.713190122963E-16,0.999048221582,
    -4.361938736534E-02));
#1012 = CYLINDRICAL_SURFACE('',#1013,3.1);
#1013 = AXIS2_PLACEMENT_3D('',#1014,#1015,#1016);
#1014 = CARTESIAN_POINT('',(-7.925150858103E-14,40.301570814873,
    16.46522460095));
#1015 = DIRECTION('',(1.,-1.555370633639E-15,1.929582481025E-16));
#1016 = DIRECTION('',(-7.713190122963E-16,0.999048221582,
    -4.361938736534E-02));
#1017 = ADVANCED_FACE('',(#1018),#1045,.T.);
#1018 = FACE_BOUND('',#1019,.T.);
#1019 = EDGE_LOOP('',(#1020,#1030,#1037,#1038));
#1020 = ORIENTED_EDGE('',*,*,#1021,.F.);
#1021 = EDGE_CURVE('',#1022,#1024,#1026,.T.);
#1022 = VERTEX_POINT('',#1023);
#1023 = CARTESIAN_POINT('',(-16.,41.190224401901,19.57493436269));
#1024 = VERTEX_POINT('',#1025);
#1025 = CARTESIAN_POINT('',(-11.,41.190224401901,19.57493436269));
#1026 = LINE('',#1027,#1028);
#1027 = CARTESIAN_POINT('',(-7.322830830422E-14,41.190224401901,
    19.57493436269));
#1028 = VECTOR('',#1029,1.);
#1029 = DIRECTION('',(1.,-1.534892844331E-15,-2.22044604925E-16));
#1030 = ORIENTED_EDGE('',*,*,#1031,.T.);
#1031 = EDGE_CURVE('',#1022,#981,#1032,.T.);
#1032 = CIRCLE('',#1033,0.5);
#1033 = AXIS2_PLACEMENT_3D('',#1034,#1035,#1036);
#1034 = CARTESIAN_POINT('',(-16.,41.631147446399,19.810703039216));
#1035 = DIRECTION('',(1.,8.871200205362E-16,1.969315087503E-15));
#1036 = DIRECTION('',(-8.003753612002E-16,0.999048221582,
    -4.361938736534E-02));
#1037 = ORIENTED_EDGE('',*,*,#989,.F.);
#1038 = ORIENTED_EDGE('',*,*,#1039,.F.);
#1039 = EDGE_CURVE('',#1024,#990,#1040,.T.);
#1040 = CIRCLE('',#1041,0.5);
#1041 = AXIS2_PLACEMENT_3D('',#1042,#1043,#1044);
#1042 = CARTESIAN_POINT('',(-11.,41.631147446399,19.810703039216));
#1043 = DIRECTION('',(1.,8.871200205362E-16,1.969315087503E-15));
#1044 = DIRECTION('',(-8.003753612002E-16,0.999048221582,
    -4.361938736534E-02));
#1045 = CYLINDRICAL_SURFACE('',#1046,0.5);
#1046 = AXIS2_PLACEMENT_3D('',#1047,#1048,#1049);
#1047 = CARTESIAN_POINT('',(-7.605126091853E-14,41.631147446399,
    19.810703039216));
#1048 = DIRECTION('',(1.,-1.111281423789E-15,-2.908635682251E-17));
#1049 = DIRECTION('',(-8.003753612002E-16,0.999048221582,
    -4.361938736534E-02));
#1050 = ADVANCED_FACE('',(#1051),#1067,.F.);
#1051 = FACE_BOUND('',#1052,.F.);
#1052 = EDGE_LOOP('',(#1053,#1054,#1060,#1061));
#1053 = ORIENTED_EDGE('',*,*,#1021,.F.);
#1054 = ORIENTED_EDGE('',*,*,#1055,.F.);
#1055 = EDGE_CURVE('',#512,#1022,#1056,.T.);
#1056 = LINE('',#1057,#1058);
#1057 = CARTESIAN_POINT('',(-16.,41.270118734386,19.425519890688));
#1058 = VECTOR('',#1059,1.);
#1059 = DIRECTION('',(2.434928468788E-15,0.471537353051,-0.881846088996)
  );
#1060 = ORIENTED_EDGE('',*,*,#520,.F.);
#1061 = ORIENTED_EDGE('',*,*,#1062,.F.);
#1062 = EDGE_CURVE('',#1024,#521,#1063,.T.);
#1063 = LINE('',#1064,#1065);
#1064 = CARTESIAN_POINT('',(-11.,40.685191837376,20.519421557524));
#1065 = VECTOR('',#1066,1.);
#1066 = DIRECTION('',(-1.559675589439E-15,-0.471537353051,0.881846088996
    ));
#1067 = PLANE('',#1068);
#1068 = AXIS2_PLACEMENT_3D('',#1069,#1070,#1071);
#1069 = CARTESIAN_POINT('',(-6.391368109377E-14,40.548860933281,
    20.774380944744));
#1070 = DIRECTION('',(-1.227333625261E-15,0.881846088996,0.471537353051)
  );
#1071 = DIRECTION('',(-1.25236635569E-15,-0.471537353051,0.881846088996)
  );
#1072 = ADVANCED_FACE('',(#1073),#1100,.F.);
#1073 = FACE_BOUND('',#1074,.T.);
#1074 = EDGE_LOOP('',(#1075,#1084,#1085,#1094));
#1075 = ORIENTED_EDGE('',*,*,#1076,.T.);
#1076 = EDGE_CURVE('',#1077,#777,#1079,.T.);
#1077 = VERTEX_POINT('',#1078);
#1078 = CARTESIAN_POINT('',(11.,33.443041119438,17.865428306429));
#1079 = CIRCLE('',#1080,3.);
#1080 = AXIS2_PLACEMENT_3D('',#1081,#1082,#1083);
#1081 = CARTESIAN_POINT('',(11.,30.503671249966,18.465515608777));
#1082 = DIRECTION('',(-1.,-6.650754156112E-16,-2.74647120474E-15));
#1083 = DIRECTION('',(-5.446430198168E-16,0.999048221582,
    -4.361938736534E-02));
#1084 = ORIENTED_EDGE('',*,*,#784,.T.);
#1085 = ORIENTED_EDGE('',*,*,#1086,.T.);
#1086 = EDGE_CURVE('',#785,#1087,#1089,.T.);
#1087 = VERTEX_POINT('',#1088);
#1088 = CARTESIAN_POINT('',(16.,33.443041119438,17.865428306429));
#1089 = CIRCLE('',#1090,3.);
#1090 = AXIS2_PLACEMENT_3D('',#1091,#1092,#1093);
#1091 = CARTESIAN_POINT('',(16.,30.503671249966,18.465515608777));
#1092 = DIRECTION('',(1.,1.762991967906E-15,3.857247170114E-15));
#1093 = DIRECTION('',(-1.593063231723E-15,0.999048221582,
    -4.361938736534E-02));
#1094 = ORIENTED_EDGE('',*,*,#1095,.F.);
#1095 = EDGE_CURVE('',#1077,#1087,#1096,.T.);
#1096 = LINE('',#1097,#1098);
#1097 = CARTESIAN_POINT('',(-16.,33.443041119438,17.865428306429));
#1098 = VECTOR('',#1099,1.);
#1099 = DIRECTION('',(1.,-2.867160473881E-15,-5.551115123126E-16));
#1100 = CYLINDRICAL_SURFACE('',#1101,3.);
#1101 = AXIS2_PLACEMENT_3D('',#1102,#1103,#1104);
#1102 = CARTESIAN_POINT('',(-16.,30.503671249966,18.465515608777));
#1103 = DIRECTION('',(-1.,2.443549053339E-15,3.621532642101E-16));
#1104 = DIRECTION('',(-1.393234291927E-15,0.999048221582,
    -4.361938736534E-02));
#1105 = ADVANCED_FACE('',(#1106),#1133,.T.);
#1106 = FACE_BOUND('',#1107,.F.);
#1107 = EDGE_LOOP('',(#1108,#1109,#1118,#1126));
#1108 = ORIENTED_EDGE('',*,*,#1095,.F.);
#1109 = ORIENTED_EDGE('',*,*,#1110,.T.);
#1110 = EDGE_CURVE('',#1077,#1111,#1113,.T.);
#1111 = VERTEX_POINT('',#1112);
#1112 = CARTESIAN_POINT('',(11.,34.183306168567,19.866229999029));
#1113 = CIRCLE('',#1114,7.);
#1114 = AXIS2_PLACEMENT_3D('',#1115,#1116,#1117);
#1115 = CARTESIAN_POINT('',(11.,40.301570814873,16.46522460095));
#1116 = DIRECTION('',(-1.,-4.430308106861E-16,-2.857493507203E-15));
#1117 = DIRECTION('',(-3.179670273373E-16,0.999048221582,
    -4.361938736534E-02));
#1118 = ORIENTED_EDGE('',*,*,#1119,.F.);
#1119 = EDGE_CURVE('',#1120,#1111,#1122,.T.);
#1120 = VERTEX_POINT('',#1121);
#1121 = CARTESIAN_POINT('',(16.,34.183306168567,19.866229999029));
#1122 = LINE('',#1123,#1124);
#1123 = CARTESIAN_POINT('',(-6.955348189091E-14,34.183306168567,
    19.866229999029));
#1124 = VECTOR('',#1125,1.);
#1125 = DIRECTION('',(-1.,1.534892844331E-15,2.22044604925E-16));
#1126 = ORIENTED_EDGE('',*,*,#1127,.T.);
#1127 = EDGE_CURVE('',#1120,#1087,#1128,.T.);
#1128 = CIRCLE('',#1129,7.);
#1129 = AXIS2_PLACEMENT_3D('',#1130,#1131,#1132);
#1130 = CARTESIAN_POINT('',(16.,40.301570814873,16.46522460095));
#1131 = DIRECTION('',(1.,1.995275796716E-15,4.412402811371E-15));
#1132 = DIRECTION('',(-1.800910428833E-15,0.999048221582,
    -4.361938736534E-02));
#1133 = CYLINDRICAL_SURFACE('',#1134,7.);
#1134 = AXIS2_PLACEMENT_3D('',#1135,#1136,#1137);
#1135 = CARTESIAN_POINT('',(-16.,40.301570814873,16.46522460095));
#1136 = DIRECTION('',(-1.,2.887638263189E-15,4.731755666726E-16));
#1137 = DIRECTION('',(-1.590853935503E-15,0.999048221582,
    -4.361938736534E-02));
#1138 = ADVANCED_FACE('',(#1139),#1166,.T.);
#1139 = FACE_BOUND('',#1140,.T.);
#1140 = EDGE_LOOP('',(#1141,#1151,#1158,#1159));
#1141 = ORIENTED_EDGE('',*,*,#1142,.F.);
#1142 = EDGE_CURVE('',#1143,#1145,#1147,.T.);
#1143 = VERTEX_POINT('',#1144);
#1144 = CARTESIAN_POINT('',(11.,35.939190064178,19.851909438068));
#1145 = VERTEX_POINT('',#1146);
#1146 = CARTESIAN_POINT('',(16.,35.939190064178,19.851909438068));
#1147 = LINE('',#1148,#1149);
#1148 = CARTESIAN_POINT('',(-7.345736878912E-14,35.939190064178,
    19.851909438068));
#1149 = VECTOR('',#1150,1.);
#1150 = DIRECTION('',(1.,-1.534892844331E-15,-2.22044604925E-16));
#1151 = ORIENTED_EDGE('',*,*,#1152,.T.);
#1152 = EDGE_CURVE('',#1143,#1111,#1153,.T.);
#1153 = CIRCLE('',#1154,1.);
#1154 = AXIS2_PLACEMENT_3D('',#1155,#1156,#1157);
#1155 = CARTESIAN_POINT('',(11.,35.057343975182,19.380372085018));
#1156 = DIRECTION('',(1.,8.871200205362E-16,1.969315087503E-15));
#1157 = DIRECTION('',(-8.003753612002E-16,0.999048221582,
    -4.361938736534E-02));
#1158 = ORIENTED_EDGE('',*,*,#1119,.F.);
#1159 = ORIENTED_EDGE('',*,*,#1160,.F.);
#1160 = EDGE_CURVE('',#1145,#1120,#1161,.T.);
#1161 = CIRCLE('',#1162,1.);
#1162 = AXIS2_PLACEMENT_3D('',#1163,#1164,#1165);
#1163 = CARTESIAN_POINT('',(16.,35.057343975182,19.380372085018));
#1164 = DIRECTION('',(1.,8.871200205362E-16,1.969315087503E-15));
#1165 = DIRECTION('',(-8.003753612002E-16,0.999048221582,
    -4.361938736534E-02));
#1166 = CYLINDRICAL_SURFACE('',#1167,1.);
#1167 = AXIS2_PLACEMENT_3D('',#1168,#1169,#1170);
#1168 = CARTESIAN_POINT('',(-6.937205100742E-14,35.057343975182,
    19.380372085018));
#1169 = DIRECTION('',(1.,-1.111281423789E-15,-2.908635682251E-17));
#1170 = DIRECTION('',(-8.003753612002E-16,0.999048221582,
    -4.361938736534E-02));
#1171 = ADVANCED_FACE('',(#1172),#1197,.F.);
#1172 = FACE_BOUND('',#1173,.F.);
#1173 = EDGE_LOOP('',(#1174,#1175,#1183,#1191));
#1174 = ORIENTED_EDGE('',*,*,#1142,.F.);
#1175 = ORIENTED_EDGE('',*,*,#1176,.T.);
#1176 = EDGE_CURVE('',#1143,#1177,#1179,.T.);
#1177 = VERTEX_POINT('',#1178);
#1178 = CARTESIAN_POINT('',(11.,37.221917001418,17.453016273961));
#1179 = LINE('',#1180,#1181);
#1180 = CARTESIAN_POINT('',(11.,36.716884436893,18.397503468795));
#1181 = VECTOR('',#1182,1.);
#1182 = DIRECTION('',(1.559675589439E-15,0.471537353051,-0.881846088996)
  );
#1183 = ORIENTED_EDGE('',*,*,#1184,.F.);
#1184 = EDGE_CURVE('',#1185,#1177,#1187,.T.);
#1185 = VERTEX_POINT('',#1186);
#1186 = CARTESIAN_POINT('',(16.,37.221917001418,17.453016273962));
#1187 = LINE('',#1188,#1189);
#1188 = CARTESIAN_POINT('',(-6.749671619721E-14,37.221917001418,
    17.453016273961));
#1189 = VECTOR('',#1190,1.);
#1190 = DIRECTION('',(-1.,1.534892844331E-15,2.22044604925E-16));
#1191 = ORIENTED_EDGE('',*,*,#1192,.F.);
#1192 = EDGE_CURVE('',#1145,#1185,#1193,.T.);
#1193 = LINE('',#1194,#1195);
#1194 = CARTESIAN_POINT('',(16.,37.301811333904,17.303601801959));
#1195 = VECTOR('',#1196,1.);
#1196 = DIRECTION('',(2.529037101236E-15,0.471537353051,-0.881846088996)
  );
#1197 = PLANE('',#1198);
#1198 = AXIS2_PLACEMENT_3D('',#1199,#1200,#1201);
#1199 = CARTESIAN_POINT('',(-6.446175782424E-14,36.580553532798,
    18.652462856015));
#1200 = DIRECTION('',(1.226868712158E-15,-0.881846088996,-0.471537353051
    ));
#1201 = DIRECTION('',(1.25236635569E-15,0.471537353051,-0.881846088996)
  );
#1202 = ADVANCED_FACE('',(#1203),#1230,.T.);
#1203 = FACE_BOUND('',#1204,.T.);
#1204 = EDGE_LOOP('',(#1205,#1215,#1222,#1223));
#1205 = ORIENTED_EDGE('',*,*,#1206,.F.);
#1206 = EDGE_CURVE('',#1207,#1209,#1211,.T.);
#1207 = VERTEX_POINT('',#1208);
#1208 = CARTESIAN_POINT('',(11.,37.269962964969,17.112799959035));
#1209 = VERTEX_POINT('',#1210);
#1210 = CARTESIAN_POINT('',(16.,37.269962964969,17.112799959035));
#1211 = LINE('',#1212,#1213);
#1212 = CARTESIAN_POINT('',(-6.917336078384E-14,37.269962964969,
    17.112799959035));
#1213 = VECTOR('',#1214,1.);
#1214 = DIRECTION('',(1.,-1.534892844331E-15,-2.22044604925E-16));
#1215 = ORIENTED_EDGE('',*,*,#1216,.T.);
#1216 = EDGE_CURVE('',#1207,#1177,#1217,.T.);
#1217 = CIRCLE('',#1218,0.5);
#1218 = AXIS2_PLACEMENT_3D('',#1219,#1220,#1221);
#1219 = CARTESIAN_POINT('',(11.,36.78099395692,17.217247597436));
#1220 = DIRECTION('',(1.,8.871200205362E-16,1.969315087503E-15));
#1221 = DIRECTION('',(-8.003753612002E-16,0.999048221582,
    -4.361938736534E-02));
#1222 = ORIENTED_EDGE('',*,*,#1184,.F.);
#1223 = ORIENTED_EDGE('',*,*,#1224,.F.);
#1224 = EDGE_CURVE('',#1209,#1185,#1225,.T.);
#1225 = CIRCLE('',#1226,0.5);
#1226 = AXIS2_PLACEMENT_3D('',#1227,#1228,#1229);
#1227 = CARTESIAN_POINT('',(16.,36.78099395692,17.217247597436));
#1228 = DIRECTION('',(1.,8.871200205362E-16,1.969315087503E-15));
#1229 = DIRECTION('',(-8.003753612002E-16,0.999048221582,
    -4.361938736534E-02));
#1230 = CYLINDRICAL_SURFACE('',#1231,0.5);
#1231 = AXIS2_PLACEMENT_3D('',#1232,#1233,#1234);
#1232 = CARTESIAN_POINT('',(-6.664126172508E-14,36.78099395692,
    17.217247597436));
#1233 = DIRECTION('',(1.,-1.111281423789E-15,-2.908635682251E-17));
#1234 = DIRECTION('',(-8.003753612002E-16,0.999048221582,
    -4.361938736534E-02));
#1235 = ADVANCED_FACE('',(#1236),#1281,.F.);
#1236 = FACE_BOUND('',#1237,.F.);
#1237 = EDGE_LOOP('',(#1238,#1248,#1257,#1264,#1265,#1274));
#1238 = ORIENTED_EDGE('',*,*,#1239,.F.);
#1239 = EDGE_CURVE('',#1240,#1242,#1244,.T.);
#1240 = VERTEX_POINT('',#1241);
#1241 = CARTESIAN_POINT('',(16.,41.446484025353,19.346053256123));
#1242 = VERTEX_POINT('',#1243);
#1243 = CARTESIAN_POINT('',(11.,41.446484025353,19.346053256123));
#1244 = LINE('',#1245,#1246);
#1245 = CARTESIAN_POINT('',(-7.497240047241E-14,41.446484025353,
    19.346053256123));
#1246 = VECTOR('',#1247,1.);
#1247 = DIRECTION('',(-1.,1.534892844331E-15,2.22044604925E-16));
#1248 = ORIENTED_EDGE('',*,*,#1249,.F.);
#1249 = EDGE_CURVE('',#1250,#1240,#1252,.T.);
#1250 = VERTEX_POINT('',#1251);
#1251 = CARTESIAN_POINT('',(16.,43.398620301777,16.330004500117));
#1252 = CIRCLE('',#1253,3.1);
#1253 = AXIS2_PLACEMENT_3D('',#1254,#1255,#1256);
#1254 = CARTESIAN_POINT('',(16.,40.301570814873,16.46522460095));
#1255 = DIRECTION('',(1.,1.331209230386E-15,3.079538112128E-15));
#1256 = DIRECTION('',(-1.195614648352E-15,0.999048221582,
    -4.361938736534E-02));
#1257 = ORIENTED_EDGE('',*,*,#1258,.F.);
#1258 = EDGE_CURVE('',#1209,#1250,#1259,.T.);
#1259 = CIRCLE('',#1260,3.1);
#1260 = AXIS2_PLACEMENT_3D('',#1261,#1262,#1263);
#1261 = CARTESIAN_POINT('',(16.,40.301570814873,16.46522460095));
#1262 = DIRECTION('',(1.,1.331209230386E-15,3.079538112128E-15));
#1263 = DIRECTION('',(-1.195614648352E-15,0.999048221582,
    -4.361938736534E-02));
#1264 = ORIENTED_EDGE('',*,*,#1206,.F.);
#1265 = ORIENTED_EDGE('',*,*,#1266,.T.);
#1266 = EDGE_CURVE('',#1207,#1267,#1269,.T.);
#1267 = VERTEX_POINT('',#1268);
#1268 = CARTESIAN_POINT('',(11.,43.398620301777,16.330004500117));
#1269 = CIRCLE('',#1270,3.1);
#1270 = AXIS2_PLACEMENT_3D('',#1271,#1272,#1273);
#1271 = CARTESIAN_POINT('',(11.,40.301570814873,16.46522460095));
#1272 = DIRECTION('',(1.,8.871200205362E-16,2.635448902278E-15));
#1273 = DIRECTION('',(-7.713190122963E-16,0.999048221582,
    -4.361938736534E-02));
#1274 = ORIENTED_EDGE('',*,*,#1275,.T.);
#1275 = EDGE_CURVE('',#1267,#1242,#1276,.T.);
#1276 = CIRCLE('',#1277,3.1);
#1277 = AXIS2_PLACEMENT_3D('',#1278,#1279,#1280);
#1278 = CARTESIAN_POINT('',(11.,40.301570814873,16.46522460095));
#1279 = DIRECTION('',(1.,8.871200205362E-16,2.635448902278E-15));
#1280 = DIRECTION('',(-7.713190122963E-16,0.999048221582,
    -4.361938736534E-02));
#1281 = CYLINDRICAL_SURFACE('',#1282,3.1);
#1282 = AXIS2_PLACEMENT_3D('',#1283,#1284,#1285);
#1283 = CARTESIAN_POINT('',(-7.925150858103E-14,40.301570814873,
    16.46522460095));
#1284 = DIRECTION('',(1.,-1.555370633639E-15,1.929582481025E-16));
#1285 = DIRECTION('',(-7.713190122963E-16,0.999048221582,
    -4.361938736534E-02));
#1286 = ADVANCED_FACE('',(#1287),#1314,.T.);
#1287 = FACE_BOUND('',#1288,.T.);
#1288 = EDGE_LOOP('',(#1289,#1299,#1306,#1307));
#1289 = ORIENTED_EDGE('',*,*,#1290,.F.);
#1290 = EDGE_CURVE('',#1291,#1293,#1295,.T.);
#1291 = VERTEX_POINT('',#1292);
#1292 = CARTESIAN_POINT('',(11.,41.190224401901,19.57493436269));
#1293 = VERTEX_POINT('',#1294);
#1294 = CARTESIAN_POINT('',(16.,41.190224401901,19.57493436269));
#1295 = LINE('',#1296,#1297);
#1296 = CARTESIAN_POINT('',(-7.322830830422E-14,41.190224401901,
    19.57493436269));
#1297 = VECTOR('',#1298,1.);
#1298 = DIRECTION('',(1.,-1.534892844331E-15,-2.22044604925E-16));
#1299 = ORIENTED_EDGE('',*,*,#1300,.T.);
#1300 = EDGE_CURVE('',#1291,#1242,#1301,.T.);
#1301 = CIRCLE('',#1302,0.5);
#1302 = AXIS2_PLACEMENT_3D('',#1303,#1304,#1305);
#1303 = CARTESIAN_POINT('',(11.,41.631147446399,19.810703039216));
#1304 = DIRECTION('',(1.,8.871200205362E-16,1.969315087503E-15));
#1305 = DIRECTION('',(-8.003753612002E-16,0.999048221582,
    -4.361938736534E-02));
#1306 = ORIENTED_EDGE('',*,*,#1239,.F.);
#1307 = ORIENTED_EDGE('',*,*,#1308,.F.);
#1308 = EDGE_CURVE('',#1293,#1240,#1309,.T.);
#1309 = CIRCLE('',#1310,0.5);
#1310 = AXIS2_PLACEMENT_3D('',#1311,#1312,#1313);
#1311 = CARTESIAN_POINT('',(16.,41.631147446399,19.810703039216));
#1312 = DIRECTION('',(1.,8.871200205362E-16,1.969315087503E-15));
#1313 = DIRECTION('',(-8.003753612002E-16,0.999048221582,
    -4.361938736534E-02));
#1314 = CYLINDRICAL_SURFACE('',#1315,0.5);
#1315 = AXIS2_PLACEMENT_3D('',#1316,#1317,#1318);
#1316 = CARTESIAN_POINT('',(-7.605126091853E-14,41.631147446399,
    19.810703039216));
#1317 = DIRECTION('',(1.,-1.111281423789E-15,-2.908635682251E-17));
#1318 = DIRECTION('',(-8.003753612002E-16,0.999048221582,
    -4.361938736534E-02));
#1319 = ADVANCED_FACE('',(#1320),#1345,.F.);
#1320 = FACE_BOUND('',#1321,.F.);
#1321 = EDGE_LOOP('',(#1322,#1323,#1331,#1339));
#1322 = ORIENTED_EDGE('',*,*,#1290,.F.);
#1323 = ORIENTED_EDGE('',*,*,#1324,.T.);
#1324 = EDGE_CURVE('',#1291,#1325,#1327,.T.);
#1325 = VERTEX_POINT('',#1326);
#1326 = CARTESIAN_POINT('',(11.,39.907497464661,21.973827526797));
#1327 = LINE('',#1328,#1329);
#1328 = CARTESIAN_POINT('',(11.,40.685191837376,20.519421557524));
#1329 = VECTOR('',#1330,1.);
#1330 = DIRECTION('',(-1.559675589439E-15,-0.471537353051,0.881846088996
    ));
#1331 = ORIENTED_EDGE('',*,*,#1332,.F.);
#1332 = EDGE_CURVE('',#1333,#1325,#1335,.T.);
#1333 = VERTEX_POINT('',#1334);
#1334 = CARTESIAN_POINT('',(16.,39.907497464661,21.973827526797));
#1335 = LINE('',#1336,#1337);
#1336 = CARTESIAN_POINT('',(-7.878205020087E-14,39.907497464661,
    21.973827526797));
#1337 = VECTOR('',#1338,1.);
#1338 = DIRECTION('',(-1.,1.534892844331E-15,2.22044604925E-16));
#1339 = ORIENTED_EDGE('',*,*,#1340,.F.);
#1340 = EDGE_CURVE('',#1293,#1333,#1341,.T.);
#1341 = LINE('',#1342,#1343);
#1342 = CARTESIAN_POINT('',(16.,41.270118734386,19.425519890688));
#1343 = VECTOR('',#1344,1.);
#1344 = DIRECTION('',(-2.529037101236E-15,-0.471537353051,0.881846088996
    ));
#1345 = PLANE('',#1346);
#1346 = AXIS2_PLACEMENT_3D('',#1347,#1348,#1349);
#1347 = CARTESIAN_POINT('',(-6.391368109377E-14,40.548860933281,
    20.774380944744));
#1348 = DIRECTION('',(-1.227333625261E-15,0.881846088996,0.471537353051)
  );
#1349 = DIRECTION('',(-1.25236635569E-15,-0.471537353051,0.881846088996)
  );
#1350 = ADVANCED_FACE('',(#1351),#1378,.T.);
#1351 = FACE_BOUND('',#1352,.T.);
#1352 = EDGE_LOOP('',(#1353,#1363,#1370,#1371));
#1353 = ORIENTED_EDGE('',*,*,#1354,.F.);
#1354 = EDGE_CURVE('',#1355,#1357,#1359,.T.);
#1355 = VERTEX_POINT('',#1356);
#1356 = CARTESIAN_POINT('',(11.,40.870639010121,23.442054926331));
#1357 = VERTEX_POINT('',#1358);
#1358 = CARTESIAN_POINT('',(16.,40.870639010121,23.442054926331));
#1359 = LINE('',#1360,#1361);
#1360 = CARTESIAN_POINT('',(-7.933875100134E-14,40.870639010121,
    23.442054926331));
#1361 = VECTOR('',#1362,1.);
#1362 = DIRECTION('',(1.,-1.534892844331E-15,-2.22044604925E-16));
#1363 = ORIENTED_EDGE('',*,*,#1364,.T.);
#1364 = EDGE_CURVE('',#1355,#1325,#1365,.T.);
#1365 = CIRCLE('',#1366,1.);
#1366 = AXIS2_PLACEMENT_3D('',#1367,#1368,#1369);
#1367 = CARTESIAN_POINT('',(11.,40.789343553657,22.445364879848));
#1368 = DIRECTION('',(1.,8.871200205362E-16,1.969315087503E-15));
#1369 = DIRECTION('',(-8.003753612002E-16,0.999048221582,
    -4.361938736534E-02));
#1370 = ORIENTED_EDGE('',*,*,#1332,.F.);
#1371 = ORIENTED_EDGE('',*,*,#1372,.F.);
#1372 = EDGE_CURVE('',#1357,#1333,#1373,.T.);
#1373 = CIRCLE('',#1374,1.);
#1374 = AXIS2_PLACEMENT_3D('',#1375,#1376,#1377);
#1375 = CARTESIAN_POINT('',(16.,40.789343553657,22.445364879848));
#1376 = DIRECTION('',(1.,8.871200205362E-16,1.969315087503E-15));
#1377 = DIRECTION('',(-8.003753612002E-16,0.999048221582,
    -4.361938736534E-02));
#1378 = CYLINDRICAL_SURFACE('',#1379,1.);
#1379 = AXIS2_PLACEMENT_3D('',#1380,#1381,#1382);
#1380 = CARTESIAN_POINT('',(-8.049295914514E-14,40.789343553657,
    22.445364879848));
#1381 = DIRECTION('',(1.,-1.111281423789E-15,-2.908635682251E-17));
#1382 = DIRECTION('',(-8.003753612002E-16,0.999048221582,
    -4.361938736534E-02));
#1383 = ADVANCED_FACE('',(#1384),#1402,.T.);
#1384 = FACE_BOUND('',#1385,.F.);
#1385 = EDGE_LOOP('',(#1386,#1387,#1394,#1395));
#1386 = ORIENTED_EDGE('',*,*,#1354,.F.);
#1387 = ORIENTED_EDGE('',*,*,#1388,.T.);
#1388 = EDGE_CURVE('',#1355,#432,#1389,.T.);
#1389 = CIRCLE('',#1390,7.);
#1390 = AXIS2_PLACEMENT_3D('',#1391,#1392,#1393);
#1391 = CARTESIAN_POINT('',(11.,40.301570814873,16.46522460095));
#1392 = DIRECTION('',(-1.,-4.430308106861E-16,-2.857493507203E-15));
#1393 = DIRECTION('',(-3.179670273373E-16,0.999048221582,
    -4.361938736534E-02));
#1394 = ORIENTED_EDGE('',*,*,#431,.T.);
#1395 = ORIENTED_EDGE('',*,*,#1396,.T.);
#1396 = EDGE_CURVE('',#424,#1357,#1397,.T.);
#1397 = CIRCLE('',#1398,7.);
#1398 = AXIS2_PLACEMENT_3D('',#1399,#1400,#1401);
#1399 = CARTESIAN_POINT('',(16.,40.301570814873,16.46522460095));
#1400 = DIRECTION('',(1.,1.995275796716E-15,4.412402811371E-15));
#1401 = DIRECTION('',(-1.800910428833E-15,0.999048221582,
    -4.361938736534E-02));
#1402 = CYLINDRICAL_SURFACE('',#1403,7.);
#1403 = AXIS2_PLACEMENT_3D('',#1404,#1405,#1406);
#1404 = CARTESIAN_POINT('',(-16.,40.301570814873,16.46522460095));
#1405 = DIRECTION('',(-1.,2.887638263189E-15,4.731755666726E-16));
#1406 = DIRECTION('',(-1.590853935503E-15,0.999048221582,
    -4.361938736534E-02));
#1407 = ADVANCED_FACE('',(#1408),#1433,.F.);
#1408 = FACE_BOUND('',#1409,.T.);
#1409 = EDGE_LOOP('',(#1410,#1411,#1419,#1427));
#1410 = ORIENTED_EDGE('',*,*,#543,.F.);
#1411 = ORIENTED_EDGE('',*,*,#1412,.F.);
#1412 = EDGE_CURVE('',#1413,#544,#1415,.T.);
#1413 = VERTEX_POINT('',#1414);
#1414 = CARTESIAN_POINT('',(-16.,-9.040764052111,11.168190059486));
#1415 = LINE('',#1416,#1417);
#1416 = CARTESIAN_POINT('',(-16.,-14.24947598325,10.940772785233));
#1417 = VECTOR('',#1418,1.);
#1418 = DIRECTION('',(3.618062503971E-16,0.999048221582,
    4.361938736534E-02));
#1419 = ORIENTED_EDGE('',*,*,#1420,.F.);
#1420 = EDGE_CURVE('',#1421,#1413,#1423,.T.);
#1421 = VERTEX_POINT('',#1422);
#1422 = CARTESIAN_POINT('',(16.,-9.040764052111,11.168190059486));
#1423 = LINE('',#1424,#1425);
#1424 = CARTESIAN_POINT('',(-8.214744943067E-15,-9.040764052111,
    11.168190059486));
#1425 = VECTOR('',#1426,1.);
#1426 = DIRECTION('',(-1.,3.524862975319E-16,6.661338147751E-16));
#1427 = ORIENTED_EDGE('',*,*,#1428,.T.);
#1428 = EDGE_CURVE('',#1421,#546,#1429,.T.);
#1429 = LINE('',#1430,#1431);
#1430 = CARTESIAN_POINT('',(16.,-14.24947598325,10.940772785233));
#1431 = VECTOR('',#1432,1.);
#1432 = DIRECTION('',(3.618062503971E-16,0.999048221582,
    4.361938736534E-02));
#1433 = PLANE('',#1434);
#1434 = AXIS2_PLACEMENT_3D('',#1435,#1436,#1437);
#1435 = CARTESIAN_POINT('',(-4.54545676411E-15,-4.520382026055,
    11.36555420105));
#1436 = DIRECTION('',(4.388238105071E-16,4.361938736534E-02,
    -0.999048221582));
#1437 = DIRECTION('',(1.302875331003E-16,-0.999048221582,
    -4.361938736534E-02));
#1438 = ADVANCED_FACE('',(#1439),#1466,.F.);
#1439 = FACE_BOUND('',#1440,.T.);
#1440 = EDGE_LOOP('',(#1441,#1450,#1451,#1460));
#1441 = ORIENTED_EDGE('',*,*,#1442,.T.);
#1442 = EDGE_CURVE('',#1443,#1421,#1445,.T.);
#1443 = VERTEX_POINT('',#1444);
#1444 = CARTESIAN_POINT('',(16.,-9.093107316949,12.367047925384));
#1445 = CIRCLE('',#1446,0.6);
#1446 = AXIS2_PLACEMENT_3D('',#1447,#1448,#1449);
#1447 = CARTESIAN_POINT('',(16.,-9.06693568453,11.767618992435));
#1448 = DIRECTION('',(1.,-5.540531131486E-16,-2.511309617475E-16));
#1449 = DIRECTION('',(-5.644799560529E-16,-0.999048221582,
    -4.361938736534E-02));
#1450 = ORIENTED_EDGE('',*,*,#1420,.T.);
#1451 = ORIENTED_EDGE('',*,*,#1452,.F.);
#1452 = EDGE_CURVE('',#1453,#1413,#1455,.T.);
#1453 = VERTEX_POINT('',#1454);
#1454 = CARTESIAN_POINT('',(-16.,-9.093107316949,12.367047925384));
#1455 = CIRCLE('',#1456,0.6);
#1456 = AXIS2_PLACEMENT_3D('',#1457,#1458,#1459);
#1457 = CARTESIAN_POINT('',(-16.,-9.06693568453,11.767618992435));
#1458 = DIRECTION('',(1.,-5.540531131486E-16,-2.511309617475E-16));
#1459 = DIRECTION('',(-5.644799560529E-16,-0.999048221582,
    -4.361938736534E-02));
#1460 = ORIENTED_EDGE('',*,*,#1461,.T.);
#1461 = EDGE_CURVE('',#1453,#1443,#1462,.T.);
#1462 = LINE('',#1463,#1464);
#1463 = CARTESIAN_POINT('',(-8.29904537965E-15,-9.093107316949,
    12.367047925384));
#1464 = VECTOR('',#1465,1.);
#1465 = DIRECTION('',(1.,-3.524862975319E-16,-6.661338147751E-16));
#1466 = CYLINDRICAL_SURFACE('',#1467,0.6);
#1467 = AXIS2_PLACEMENT_3D('',#1468,#1469,#1470);
#1468 = CARTESIAN_POINT('',(-8.599487555882E-15,-9.06693568453,
    11.767618992435));
#1469 = DIRECTION('',(1.,-7.760977180737E-16,-4.731755666726E-16));
#1470 = DIRECTION('',(-8.207162219011E-17,-0.999048221582,
    -4.361938736534E-02));
#1471 = ADVANCED_FACE('',(#1472),#1497,.F.);
#1472 = FACE_BOUND('',#1473,.T.);
#1473 = EDGE_LOOP('',(#1474,#1475,#1483,#1491));
#1474 = ORIENTED_EDGE('',*,*,#1461,.F.);
#1475 = ORIENTED_EDGE('',*,*,#1476,.F.);
#1476 = EDGE_CURVE('',#1477,#1453,#1479,.T.);
#1477 = VERTEX_POINT('',#1478);
#1478 = CARTESIAN_POINT('',(-16.,-7.095010873786,12.454286700115));
#1479 = LINE('',#1480,#1481);
#1480 = CARTESIAN_POINT('',(-16.,-16.06248615033,12.062758274032));
#1481 = VECTOR('',#1482,1.);
#1482 = DIRECTION('',(-3.618062503971E-16,-0.999048221582,
    -4.361938736534E-02));
#1483 = ORIENTED_EDGE('',*,*,#1484,.F.);
#1484 = EDGE_CURVE('',#1485,#1477,#1487,.T.);
#1485 = VERTEX_POINT('',#1486);
#1486 = CARTESIAN_POINT('',(16.,-7.095010873786,12.454286700115));
#1487 = LINE('',#1488,#1489);
#1488 = CARTESIAN_POINT('',(-8.820086924317E-15,-7.095010873786,
    12.454286700115));
#1489 = VECTOR('',#1490,1.);
#1490 = DIRECTION('',(-1.,3.524862975319E-16,6.661338147751E-16));
#1491 = ORIENTED_EDGE('',*,*,#1492,.T.);
#1492 = EDGE_CURVE('',#1485,#1443,#1493,.T.);
#1493 = LINE('',#1494,#1495);
#1494 = CARTESIAN_POINT('',(16.,-16.06248615033,12.062758274032));
#1495 = VECTOR('',#1496,1.);
#1496 = DIRECTION('',(-3.618062503971E-16,-0.999048221582,
    -4.361938736534E-02));
#1497 = PLANE('',#1498);
#1498 = AXIS2_PLACEMENT_3D('',#1499,#1500,#1501);
#1499 = CARTESIAN_POINT('',(-4.612822363596E-15,-8.094059095367,
    12.410667312749));
#1500 = DIRECTION('',(-4.388238105071E-16,-4.361938736534E-02,
    0.999048221582));
#1501 = DIRECTION('',(-1.302875331003E-16,0.999048221582,
    4.361938736534E-02));
#1502 = ADVANCED_FACE('',(#1503),#1530,.T.);
#1503 = FACE_BOUND('',#1504,.F.);
#1504 = EDGE_LOOP('',(#1505,#1515,#1522,#1523));
#1505 = ORIENTED_EDGE('',*,*,#1506,.F.);
#1506 = EDGE_CURVE('',#1507,#1509,#1511,.T.);
#1507 = VERTEX_POINT('',#1508);
#1508 = CARTESIAN_POINT('',(-16.,-6.617296456677,12.975620504588));
#1509 = VERTEX_POINT('',#1510);
#1510 = CARTESIAN_POINT('',(16.,-6.617296456677,12.975620504588));
#1511 = LINE('',#1512,#1513);
#1512 = CARTESIAN_POINT('',(-1.027719048176E-14,-6.617296456677,
    12.975620504588));
#1513 = VECTOR('',#1514,1.);
#1514 = DIRECTION('',(1.,-3.524862975319E-16,-6.661338147751E-16));
#1515 = ORIENTED_EDGE('',*,*,#1516,.F.);
#1516 = EDGE_CURVE('',#1477,#1507,#1517,.T.);
#1517 = CIRCLE('',#1518,0.5);
#1518 = AXIS2_PLACEMENT_3D('',#1519,#1520,#1521);
#1519 = CARTESIAN_POINT('',(-16.,-7.116820567468,12.953810810906));
#1520 = DIRECTION('',(1.,-5.540531131486E-16,-2.511309617475E-16));
#1521 = DIRECTION('',(-5.644799560529E-16,-0.999048221582,
    -4.361938736534E-02));
#1522 = ORIENTED_EDGE('',*,*,#1484,.F.);
#1523 = ORIENTED_EDGE('',*,*,#1524,.T.);
#1524 = EDGE_CURVE('',#1485,#1509,#1525,.T.);
#1525 = CIRCLE('',#1526,0.5);
#1526 = AXIS2_PLACEMENT_3D('',#1527,#1528,#1529);
#1527 = CARTESIAN_POINT('',(16.,-7.116820567468,12.953810810906));
#1528 = DIRECTION('',(1.,-5.540531131486E-16,-2.511309617475E-16));
#1529 = DIRECTION('',(-5.644799560529E-16,-0.999048221582,
    -4.361938736534E-02));
#1530 = CYLINDRICAL_SURFACE('',#1531,0.5);
#1531 = AXIS2_PLACEMENT_3D('',#1532,#1533,#1534);
#1532 = CARTESIAN_POINT('',(-9.140705768329E-15,-7.116820567468,
    12.953810810906));
#1533 = DIRECTION('',(1.,-7.760977180737E-16,-4.731755666726E-16));
#1534 = DIRECTION('',(-8.207162219011E-17,-0.999048221582,
    -4.361938736534E-02));
#1535 = ADVANCED_FACE('',(#1536),#1561,.F.);
#1536 = FACE_BOUND('',#1537,.T.);
#1537 = EDGE_LOOP('',(#1538,#1539,#1547,#1555));
#1538 = ORIENTED_EDGE('',*,*,#1506,.F.);
#1539 = ORIENTED_EDGE('',*,*,#1540,.F.);
#1540 = EDGE_CURVE('',#1541,#1507,#1543,.T.);
#1541 = VERTEX_POINT('',#1542);
#1542 = CARTESIAN_POINT('',(-16.,-6.642669389232,13.556756203094));
#1543 = LINE('',#1544,#1545);
#1544 = CARTESIAN_POINT('',(-16.,-6.524059190338,10.840136015978));
#1545 = VECTOR('',#1546,1.);
#1546 = DIRECTION('',(-6.509716285347E-16,4.361938736533E-02,
    -0.999048221582));
#1547 = ORIENTED_EDGE('',*,*,#1548,.F.);
#1548 = EDGE_CURVE('',#1549,#1541,#1551,.T.);
#1549 = VERTEX_POINT('',#1550);
#1550 = CARTESIAN_POINT('',(16.,-6.642669389232,13.556756203094));
#1551 = LINE('',#1552,#1553);
#1552 = CARTESIAN_POINT('',(-9.472671083395E-15,-6.642669389232,
    13.556756203094));
#1553 = VECTOR('',#1554,1.);
#1554 = DIRECTION('',(-1.,3.524862975319E-16,6.661338147751E-16));
#1555 = ORIENTED_EDGE('',*,*,#1556,.T.);
#1556 = EDGE_CURVE('',#1549,#1509,#1557,.T.);
#1557 = LINE('',#1558,#1559);
#1558 = CARTESIAN_POINT('',(16.,-6.524059190338,10.840136015978));
#1559 = VECTOR('',#1560,1.);
#1560 = DIRECTION('',(-6.509716285347E-16,4.361938736533E-02,
    -0.999048221582));
#1561 = PLANE('',#1562);
#1562 = AXIS2_PLACEMENT_3D('',#1563,#1564,#1565);
#1563 = CARTESIAN_POINT('',(-5.155295134386E-15,-6.629982922955,
    13.266188353841));
#1564 = DIRECTION('',(3.333544608386E-16,-0.999048221582,
    -4.361938736533E-02));
#1565 = DIRECTION('',(4.388238105071E-16,4.361938736533E-02,
    -0.999048221582));
#1566 = ADVANCED_FACE('',(#1567),#1594,.T.);
#1567 = FACE_BOUND('',#1568,.F.);
#1568 = EDGE_LOOP('',(#1569,#1579,#1586,#1587));
#1569 = ORIENTED_EDGE('',*,*,#1570,.F.);
#1570 = EDGE_CURVE('',#1571,#1573,#1575,.T.);
#1571 = VERTEX_POINT('',#1572);
#1572 = CARTESIAN_POINT('',(-16.,-7.600246167681,14.512276505364));
#1573 = VERTEX_POINT('',#1574);
#1574 = CARTESIAN_POINT('',(16.,-7.600246167681,14.512276505364));
#1575 = LINE('',#1576,#1577);
#1576 = CARTESIAN_POINT('',(-9.938403921278E-15,-7.600246167681,
    14.512276505364));
#1577 = VECTOR('',#1578,1.);
#1578 = DIRECTION('',(1.,-3.524862975319E-16,-6.661338147751E-16));
#1579 = ORIENTED_EDGE('',*,*,#1580,.F.);
#1580 = EDGE_CURVE('',#1541,#1571,#1581,.T.);
#1581 = CIRCLE('',#1582,1.);
#1582 = AXIS2_PLACEMENT_3D('',#1583,#1584,#1585);
#1583 = CARTESIAN_POINT('',(-16.,-7.641717610814,13.513136815729));
#1584 = DIRECTION('',(1.,-5.540531131486E-16,-2.511309617475E-16));
#1585 = DIRECTION('',(-5.644799560529E-16,-0.999048221582,
    -4.361938736534E-02));
#1586 = ORIENTED_EDGE('',*,*,#1548,.F.);
#1587 = ORIENTED_EDGE('',*,*,#1588,.T.);
#1588 = EDGE_CURVE('',#1549,#1573,#1589,.T.);
#1589 = CIRCLE('',#1590,1.);
#1590 = AXIS2_PLACEMENT_3D('',#1591,#1592,#1593);
#1591 = CARTESIAN_POINT('',(16.,-7.641717610814,13.513136815729));
#1592 = DIRECTION('',(1.,-5.540531131486E-16,-2.511309617475E-16));
#1593 = DIRECTION('',(-5.644799560529E-16,-0.999048221582,
    -4.361938736534E-02));
#1594 = CYLINDRICAL_SURFACE('',#1595,1.);
#1595 = AXIS2_PLACEMENT_3D('',#1596,#1597,#1598);
#1596 = CARTESIAN_POINT('',(-9.554742705585E-15,-7.641717610814,
    13.513136815729));
#1597 = DIRECTION('',(1.,-7.760977180737E-16,-4.731755666726E-16));
#1598 = DIRECTION('',(-8.207162219011E-17,-0.999048221582,
    -4.361938736534E-02));
#1599 = ADVANCED_FACE('',(#1600),#1657,.F.);
#1600 = FACE_BOUND('',#1601,.T.);
#1601 = EDGE_LOOP('',(#1602,#1610,#1618,#1626,#1634,#1642,#1650,#1656));
#1602 = ORIENTED_EDGE('',*,*,#1603,.F.);
#1603 = EDGE_CURVE('',#1604,#1571,#1606,.T.);
#1604 = VERTEX_POINT('',#1605);
#1605 = CARTESIAN_POINT('',(-16.,-30.62808557936,15.468096539871));
#1606 = LINE('',#1607,#1608);
#1607 = CARTESIAN_POINT('',(-16.,-47.29490836594,16.159888889393));
#1608 = VECTOR('',#1609,1.);
#1609 = DIRECTION('',(-2.942376179574E-16,0.999139689635,
    -4.147144313246E-02));
#1610 = ORIENTED_EDGE('',*,*,#1611,.T.);
#1611 = EDGE_CURVE('',#1604,#1612,#1614,.T.);
#1612 = VERTEX_POINT('',#1613);
#1613 = CARTESIAN_POINT('',(-11.,-30.62808557936,15.468096539871));
#1614 = LINE('',#1615,#1616);
#1615 = CARTESIAN_POINT('',(-16.,-30.62808557936,15.468096539871));
#1616 = VECTOR('',#1617,1.);
#1617 = DIRECTION('',(1.,-3.524862975319E-16,-6.661338147751E-16));
#1618 = ORIENTED_EDGE('',*,*,#1619,.F.);
#1619 = EDGE_CURVE('',#1620,#1612,#1622,.T.);
#1620 = VERTEX_POINT('',#1621);
#1621 = CARTESIAN_POINT('',(-11.,-28.44296883731,15.37739856676));
#1622 = LINE('',#1623,#1624);
#1623 = CARTESIAN_POINT('',(-11.,-46.47229854786,16.1257446985));
#1624 = VECTOR('',#1625,1.);
#1625 = DIRECTION('',(-3.051548358569E-16,-0.999139689635,
    4.147144313246E-02));
#1626 = ORIENTED_EDGE('',*,*,#1627,.F.);
#1627 = EDGE_CURVE('',#1628,#1620,#1630,.T.);
#1628 = VERTEX_POINT('',#1629);
#1629 = CARTESIAN_POINT('',(11.,-28.44296883731,15.37739856676));
#1630 = LINE('',#1631,#1632);
#1631 = CARTESIAN_POINT('',(11.,-28.44296883731,15.37739856676));
#1632 = VECTOR('',#1633,1.);
#1633 = DIRECTION('',(-1.,3.524862975319E-16,6.661338147751E-16));
#1634 = ORIENTED_EDGE('',*,*,#1635,.T.);
#1635 = EDGE_CURVE('',#1628,#1636,#1638,.T.);
#1636 = VERTEX_POINT('',#1637);
#1637 = CARTESIAN_POINT('',(11.,-30.62808557936,15.468096539871));
#1638 = LINE('',#1639,#1640);
#1639 = CARTESIAN_POINT('',(11.,-46.47229854786,16.1257446985));
#1640 = VECTOR('',#1641,1.);
#1641 = DIRECTION('',(-3.051548358569E-16,-0.999139689635,
    4.147144313246E-02));
#1642 = ORIENTED_EDGE('',*,*,#1643,.T.);
#1643 = EDGE_CURVE('',#1636,#1644,#1646,.T.);
#1644 = VERTEX_POINT('',#1645);
#1645 = CARTESIAN_POINT('',(16.,-30.62808557936,15.468096539871));
#1646 = LINE('',#1647,#1648);
#1647 = CARTESIAN_POINT('',(-16.,-30.62808557936,15.468096539871));
#1648 = VECTOR('',#1649,1.);
#1649 = DIRECTION('',(1.,-3.524862975319E-16,-6.661338147751E-16));
#1650 = ORIENTED_EDGE('',*,*,#1651,.T.);
#1651 = EDGE_CURVE('',#1644,#1573,#1652,.T.);
#1652 = LINE('',#1653,#1654);
#1653 = CARTESIAN_POINT('',(16.,-47.29490836594,16.159888889393));
#1654 = VECTOR('',#1655,1.);
#1655 = DIRECTION('',(-2.942376179574E-16,0.999139689635,
    -4.147144313246E-02));
#1656 = ORIENTED_EDGE('',*,*,#1570,.F.);
#1657 = PLANE('',#1658);
#1658 = AXIS2_PLACEMENT_3D('',#1659,#1660,#1661);
#1659 = CARTESIAN_POINT('',(-16.,-47.29490836594,16.159888889393));
#1660 = DIRECTION('',(4.56714570475E-16,-4.147144313246E-02,
    -0.999139689635));
#1661 = DIRECTION('',(-1.36288577638E-16,-0.999139689635,
    4.147144313246E-02));
#1662 = ADVANCED_FACE('',(#1663),#1703,.F.);
#1663 = FACE_BOUND('',#1664,.F.);
#1664 = EDGE_LOOP('',(#1665,#1674,#1683,#1690,#1691,#1692,#1693,#1694,
    #1695,#1696,#1697,#1698,#1699,#1700,#1701,#1702));
#1665 = ORIENTED_EDGE('',*,*,#1666,.F.);
#1666 = EDGE_CURVE('',#1667,#769,#1669,.T.);
#1667 = VERTEX_POINT('',#1668);
#1668 = CARTESIAN_POINT('',(11.,29.469201158319,14.552172687443));
#1669 = CIRCLE('',#1670,1.);
#1670 = AXIS2_PLACEMENT_3D('',#1671,#1672,#1673);
#1671 = CARTESIAN_POINT('',(11.,28.484440280451,14.378258877124));
#1672 = DIRECTION('',(1.,1.340041790632E-15,2.746420698097E-15));
#1673 = DIRECTION('',(-1.218969179478E-15,0.999048221582,
    -4.361938736534E-02));
#1674 = ORIENTED_EDGE('',*,*,#1675,.T.);
#1675 = EDGE_CURVE('',#1667,#1676,#1678,.T.);
#1676 = VERTEX_POINT('',#1677);
#1677 = CARTESIAN_POINT('',(11.,45.380805560459,6.708105435989));
#1678 = CIRCLE('',#1679,11.);
#1679 = AXIS2_PLACEMENT_3D('',#1680,#1681,#1682);
#1680 = CARTESIAN_POINT('',(11.,40.301570814873,16.46522460095));
#1681 = DIRECTION('',(1.,1.340041790632E-15,2.746420698097E-15));
#1682 = DIRECTION('',(-1.218969179478E-15,0.999048221582,
    -4.361938736534E-02));
#1683 = ORIENTED_EDGE('',*,*,#1684,.F.);
#1684 = EDGE_CURVE('',#440,#1676,#1685,.T.);
#1685 = CIRCLE('',#1686,1.);
#1686 = AXIS2_PLACEMENT_3D('',#1687,#1688,#1689);
#1687 = CARTESIAN_POINT('',(11.,45.842554173694,5.821094602811));
#1688 = DIRECTION('',(1.,1.340041790632E-15,2.746420698097E-15));
#1689 = DIRECTION('',(-1.218969179478E-15,0.999048221582,
    -4.361938736534E-02));
#1690 = ORIENTED_EDGE('',*,*,#439,.T.);
#1691 = ORIENTED_EDGE('',*,*,#1388,.F.);
#1692 = ORIENTED_EDGE('',*,*,#1364,.T.);
#1693 = ORIENTED_EDGE('',*,*,#1324,.F.);
#1694 = ORIENTED_EDGE('',*,*,#1300,.T.);
#1695 = ORIENTED_EDGE('',*,*,#1275,.F.);
#1696 = ORIENTED_EDGE('',*,*,#1266,.F.);
#1697 = ORIENTED_EDGE('',*,*,#1216,.T.);
#1698 = ORIENTED_EDGE('',*,*,#1176,.F.);
#1699 = ORIENTED_EDGE('',*,*,#1152,.T.);
#1700 = ORIENTED_EDGE('',*,*,#1110,.F.);
#1701 = ORIENTED_EDGE('',*,*,#1076,.T.);
#1702 = ORIENTED_EDGE('',*,*,#776,.T.);
#1703 = PLANE('',#1704);
#1704 = AXIS2_PLACEMENT_3D('',#1705,#1706,#1707);
#1705 = CARTESIAN_POINT('',(11.,45.375413590611,22.69950119115));
#1706 = DIRECTION('',(1.,-2.22044604925E-15,-5.551115123126E-16));
#1707 = DIRECTION('',(-2.775557561563E-15,-5.551115123126E-16,1.));
#1708 = ADVANCED_FACE('',(#1709),#1728,.T.);
#1709 = FACE_BOUND('',#1710,.T.);
#1710 = EDGE_LOOP('',(#1711,#1719,#1726,#1727));
#1711 = ORIENTED_EDGE('',*,*,#1712,.T.);
#1712 = EDGE_CURVE('',#1667,#1713,#1715,.T.);
#1713 = VERTEX_POINT('',#1714);
#1714 = CARTESIAN_POINT('',(-11.,29.469201158319,14.552172687443));
#1715 = LINE('',#1716,#1717);
#1716 = CARTESIAN_POINT('',(11.,29.469201158319,14.552172687443));
#1717 = VECTOR('',#1718,1.);
#1718 = DIRECTION('',(-1.,1.978982054181E-15,3.330669073875E-16));
#1719 = ORIENTED_EDGE('',*,*,#1720,.T.);
#1720 = EDGE_CURVE('',#1713,#761,#1721,.T.);
#1721 = CIRCLE('',#1722,1.);
#1722 = AXIS2_PLACEMENT_3D('',#1723,#1724,#1725);
#1723 = CARTESIAN_POINT('',(-11.,28.484440280451,14.378258877124));
#1724 = DIRECTION('',(1.,1.340041790632E-15,2.746420698097E-15));
#1725 = DIRECTION('',(-1.218969179478E-15,0.999048221582,
    -4.361938736534E-02));
#1726 = ORIENTED_EDGE('',*,*,#768,.F.);
#1727 = ORIENTED_EDGE('',*,*,#1666,.F.);
#1728 = CYLINDRICAL_SURFACE('',#1729,1.);
#1729 = AXIS2_PLACEMENT_3D('',#1730,#1731,#1732);
#1730 = CARTESIAN_POINT('',(11.,28.484440280451,14.378258877124));
#1731 = DIRECTION('',(1.,-1.555370633639E-15,-1.40108659285E-16));
#1732 = DIRECTION('',(-9.979950047758E-16,0.999048221582,
    -4.361938736534E-02));
#1733 = ADVANCED_FACE('',(#1734),#1766,.T.);
#1734 = FACE_BOUND('',#1735,.T.);
#1735 = EDGE_LOOP('',(#1736,#1737,#1746,#1753,#1754,#1755,#1756,#1757,
    #1758,#1759,#1760,#1761,#1762,#1763,#1764,#1765));
#1736 = ORIENTED_EDGE('',*,*,#1720,.F.);
#1737 = ORIENTED_EDGE('',*,*,#1738,.T.);
#1738 = EDGE_CURVE('',#1713,#1739,#1741,.T.);
#1739 = VERTEX_POINT('',#1740);
#1740 = CARTESIAN_POINT('',(-11.,45.380805560459,6.708105435989));
#1741 = CIRCLE('',#1742,11.);
#1742 = AXIS2_PLACEMENT_3D('',#1743,#1744,#1745);
#1743 = CARTESIAN_POINT('',(-11.,40.301570814873,16.46522460095));
#1744 = DIRECTION('',(1.,1.340041790632E-15,2.746420698097E-15));
#1745 = DIRECTION('',(-1.218969179478E-15,0.999048221582,
    -4.361938736534E-02));
#1746 = ORIENTED_EDGE('',*,*,#1747,.F.);
#1747 = EDGE_CURVE('',#448,#1739,#1748,.T.);
#1748 = CIRCLE('',#1749,1.);
#1749 = AXIS2_PLACEMENT_3D('',#1750,#1751,#1752);
#1750 = CARTESIAN_POINT('',(-11.,45.842554173694,5.821094602811));
#1751 = DIRECTION('',(1.,1.340041790632E-15,2.746420698097E-15));
#1752 = DIRECTION('',(-1.218969179478E-15,0.999048221582,
    -4.361938736534E-02));
#1753 = ORIENTED_EDGE('',*,*,#455,.T.);
#1754 = ORIENTED_EDGE('',*,*,#487,.F.);
#1755 = ORIENTED_EDGE('',*,*,#528,.T.);
#1756 = ORIENTED_EDGE('',*,*,#1062,.F.);
#1757 = ORIENTED_EDGE('',*,*,#1039,.T.);
#1758 = ORIENTED_EDGE('',*,*,#997,.F.);
#1759 = ORIENTED_EDGE('',*,*,#1006,.F.);
#1760 = ORIENTED_EDGE('',*,*,#955,.T.);
#1761 = ORIENTED_EDGE('',*,*,#923,.F.);
#1762 = ORIENTED_EDGE('',*,*,#891,.T.);
#1763 = ORIENTED_EDGE('',*,*,#857,.F.);
#1764 = ORIENTED_EDGE('',*,*,#817,.T.);
#1765 = ORIENTED_EDGE('',*,*,#760,.T.);
#1766 = PLANE('',#1767);
#1767 = AXIS2_PLACEMENT_3D('',#1768,#1769,#1770);
#1768 = CARTESIAN_POINT('',(-11.,45.375413590611,22.69950119115));
#1769 = DIRECTION('',(1.,-2.22044604925E-15,-5.551115123126E-16));
#1770 = DIRECTION('',(-2.775557561563E-15,-5.551115123126E-16,1.));
#1771 = ADVANCED_FACE('',(#1772),#1783,.T.);
#1772 = FACE_BOUND('',#1773,.T.);
#1773 = EDGE_LOOP('',(#1774,#1775,#1776,#1782));
#1774 = ORIENTED_EDGE('',*,*,#447,.T.);
#1775 = ORIENTED_EDGE('',*,*,#1747,.T.);
#1776 = ORIENTED_EDGE('',*,*,#1777,.F.);
#1777 = EDGE_CURVE('',#1676,#1739,#1778,.T.);
#1778 = LINE('',#1779,#1780);
#1779 = CARTESIAN_POINT('',(11.,45.380805560459,6.708105435989));
#1780 = VECTOR('',#1781,1.);
#1781 = DIRECTION('',(-1.,1.978982054181E-15,3.330669073875E-16));
#1782 = ORIENTED_EDGE('',*,*,#1684,.F.);
#1783 = CYLINDRICAL_SURFACE('',#1784,1.);
#1784 = AXIS2_PLACEMENT_3D('',#1785,#1786,#1787);
#1785 = CARTESIAN_POINT('',(11.,45.842554173694,5.821094602811));
#1786 = DIRECTION('',(1.,-1.555370633639E-15,-1.40108659285E-16));
#1787 = DIRECTION('',(-9.979950047758E-16,0.999048221582,
    -4.361938736534E-02));
#1788 = ADVANCED_FACE('',(#1789),#1816,.F.);
#1789 = FACE_BOUND('',#1790,.F.);
#1790 = EDGE_LOOP('',(#1791,#1800,#1801,#1810));
#1791 = ORIENTED_EDGE('',*,*,#1792,.F.);
#1792 = EDGE_CURVE('',#1636,#1793,#1795,.T.);
#1793 = VERTEX_POINT('',#1794);
#1794 = CARTESIAN_POINT('',(11.,-33.44304111943,17.865428306429));
#1795 = CIRCLE('',#1796,3.);
#1796 = AXIS2_PLACEMENT_3D('',#1797,#1798,#1799);
#1797 = CARTESIAN_POINT('',(11.,-30.50367124996,18.465515608777));
#1798 = DIRECTION('',(-1.,5.540531131486E-16,2.511309617475E-16));
#1799 = DIRECTION('',(-5.644799560529E-16,-0.999048221582,
    -4.361938736534E-02));
#1800 = ORIENTED_EDGE('',*,*,#1643,.T.);
#1801 = ORIENTED_EDGE('',*,*,#1802,.T.);
#1802 = EDGE_CURVE('',#1644,#1803,#1805,.T.);
#1803 = VERTEX_POINT('',#1804);
#1804 = CARTESIAN_POINT('',(16.,-33.44304111943,17.865428306429));
#1805 = CIRCLE('',#1806,3.);
#1806 = AXIS2_PLACEMENT_3D('',#1807,#1808,#1809);
#1807 = CARTESIAN_POINT('',(16.,-30.50367124996,18.465515608777));
#1808 = DIRECTION('',(-1.,-3.319947570385E-16,-1.081193744513E-15));
#1809 = DIRECTION('',(3.788397803527E-16,-0.999048221582,
    -4.361938736534E-02));
#1810 = ORIENTED_EDGE('',*,*,#1811,.F.);
#1811 = EDGE_CURVE('',#1793,#1803,#1812,.T.);
#1812 = LINE('',#1813,#1814);
#1813 = CARTESIAN_POINT('',(-16.,-33.44304111943,17.865428306429));
#1814 = VECTOR('',#1815,1.);
#1815 = DIRECTION('',(1.,-3.524862975319E-16,-6.661338147751E-16));
#1816 = CYLINDRICAL_SURFACE('',#1817,3.);
#1817 = AXIS2_PLACEMENT_3D('',#1818,#1819,#1820);
#1818 = CARTESIAN_POINT('',(-16.,-30.50367124996,18.465515608777));
#1819 = DIRECTION('',(-1.,7.760977180737E-16,4.731755666726E-16));
#1820 = DIRECTION('',(-8.207162219011E-17,-0.999048221582,
    -4.361938736534E-02));
#1821 = ADVANCED_FACE('',(#1822),#1947,.F.);
#1822 = FACE_BOUND('',#1823,.T.);
#1823 = EDGE_LOOP('',(#1824,#1833,#1842,#1851,#1859,#1868,#1877,#1885,
    #1894,#1903,#1912,#1921,#1929,#1938,#1945,#1946));
#1824 = ORIENTED_EDGE('',*,*,#1825,.F.);
#1825 = EDGE_CURVE('',#1826,#1628,#1828,.T.);
#1826 = VERTEX_POINT('',#1827);
#1827 = CARTESIAN_POINT('',(11.,-29.46920115831,14.552172687443));
#1828 = CIRCLE('',#1829,1.);
#1829 = AXIS2_PLACEMENT_3D('',#1830,#1831,#1832);
#1830 = CARTESIAN_POINT('',(11.,-28.48444028045,14.378258877124));
#1831 = DIRECTION('',(-1.,-3.319947570385E-16,-1.081193744513E-15));
#1832 = DIRECTION('',(3.788397803527E-16,-0.999048221582,
    -4.361938736534E-02));
#1833 = ORIENTED_EDGE('',*,*,#1834,.T.);
#1834 = EDGE_CURVE('',#1826,#1835,#1837,.T.);
#1835 = VERTEX_POINT('',#1836);
#1836 = CARTESIAN_POINT('',(11.,-45.38080556045,6.708105435989));
#1837 = CIRCLE('',#1838,11.);
#1838 = AXIS2_PLACEMENT_3D('',#1839,#1840,#1841);
#1839 = CARTESIAN_POINT('',(11.,-40.30157081487,16.46522460095));
#1840 = DIRECTION('',(-1.,-3.319947570385E-16,-1.081193744513E-15));
#1841 = DIRECTION('',(3.788397803527E-16,-0.999048221582,
    -4.361938736534E-02));
#1842 = ORIENTED_EDGE('',*,*,#1843,.F.);
#1843 = EDGE_CURVE('',#1844,#1835,#1846,.T.);
#1844 = VERTEX_POINT('',#1845);
#1845 = CARTESIAN_POINT('',(11.,-46.84160239527,5.777475215446));
#1846 = CIRCLE('',#1847,1.);
#1847 = AXIS2_PLACEMENT_3D('',#1848,#1849,#1850);
#1848 = CARTESIAN_POINT('',(11.,-45.84255417369,5.821094602811));
#1849 = DIRECTION('',(-1.,-3.319947570385E-16,-1.081193744513E-15));
#1850 = DIRECTION('',(3.788397803527E-16,-0.999048221582,
    -4.361938736534E-02));
#1851 = ORIENTED_EDGE('',*,*,#1852,.F.);
#1852 = EDGE_CURVE('',#1853,#1844,#1855,.T.);
#1853 = VERTEX_POINT('',#1854);
#1854 = CARTESIAN_POINT('',(11.,-47.29490836594,16.159888889393));
#1855 = LINE('',#1856,#1857);
#1856 = CARTESIAN_POINT('',(11.,-47.12030193593,12.160744153203));
#1857 = VECTOR('',#1858,1.);
#1858 = DIRECTION('',(-6.509716285347E-16,4.361938736534E-02,
    -0.999048221582));
#1859 = ORIENTED_EDGE('',*,*,#1860,.T.);
#1860 = EDGE_CURVE('',#1853,#1861,#1863,.T.);
#1861 = VERTEX_POINT('',#1862);
#1862 = CARTESIAN_POINT('',(11.,-40.87063901012,23.442054926331));
#1863 = CIRCLE('',#1864,7.);
#1864 = AXIS2_PLACEMENT_3D('',#1865,#1866,#1867);
#1865 = CARTESIAN_POINT('',(11.,-40.30157081487,16.46522460095));
#1866 = DIRECTION('',(-1.,5.540531131486E-16,2.511309617475E-16));
#1867 = DIRECTION('',(-5.644799560529E-16,-0.999048221582,
    -4.361938736534E-02));
#1868 = ORIENTED_EDGE('',*,*,#1869,.F.);
#1869 = EDGE_CURVE('',#1870,#1861,#1872,.T.);
#1870 = VERTEX_POINT('',#1871);
#1871 = CARTESIAN_POINT('',(11.,-39.90749746466,21.973827526797));
#1872 = CIRCLE('',#1873,1.);
#1873 = AXIS2_PLACEMENT_3D('',#1874,#1875,#1876);
#1874 = CARTESIAN_POINT('',(11.,-40.78934355365,22.445364879848));
#1875 = DIRECTION('',(1.,-5.540531131486E-16,-2.511309617475E-16));
#1876 = DIRECTION('',(-5.644799560529E-16,-0.999048221582,
    -4.361938736534E-02));
#1877 = ORIENTED_EDGE('',*,*,#1878,.T.);
#1878 = EDGE_CURVE('',#1870,#1879,#1881,.T.);
#1879 = VERTEX_POINT('',#1880);
#1880 = CARTESIAN_POINT('',(11.,-41.1902244019,19.57493436269));
#1881 = LINE('',#1882,#1883);
#1882 = CARTESIAN_POINT('',(11.,-40.68519183737,20.519421557524));
#1883 = VECTOR('',#1884,1.);
#1884 = DIRECTION('',(-7.444809872059E-16,-0.471537353051,
    -0.881846088996));
#1885 = ORIENTED_EDGE('',*,*,#1886,.F.);
#1886 = EDGE_CURVE('',#1887,#1879,#1889,.T.);
#1887 = VERTEX_POINT('',#1888);
#1888 = CARTESIAN_POINT('',(11.,-41.44648402535,19.346053256123));
#1889 = CIRCLE('',#1890,0.5);
#1890 = AXIS2_PLACEMENT_3D('',#1891,#1892,#1893);
#1891 = CARTESIAN_POINT('',(11.,-41.63114744639,19.810703039216));
#1892 = DIRECTION('',(1.,-5.540531131486E-16,-2.511309617475E-16));
#1893 = DIRECTION('',(-5.644799560529E-16,-0.999048221582,
    -4.361938736534E-02));
#1894 = ORIENTED_EDGE('',*,*,#1895,.T.);
#1895 = EDGE_CURVE('',#1887,#1896,#1898,.T.);
#1896 = VERTEX_POINT('',#1897);
#1897 = CARTESIAN_POINT('',(11.,-43.39862030177,16.330004500117));
#1898 = CIRCLE('',#1899,3.1);
#1899 = AXIS2_PLACEMENT_3D('',#1900,#1901,#1902);
#1900 = CARTESIAN_POINT('',(11.,-40.30157081487,16.46522460095));
#1901 = DIRECTION('',(1.,-5.540531131486E-16,-2.511309617475E-16));
#1902 = DIRECTION('',(-5.644799560529E-16,-0.999048221582,
    -4.361938736534E-02));
#1903 = ORIENTED_EDGE('',*,*,#1904,.T.);
#1904 = EDGE_CURVE('',#1896,#1905,#1907,.T.);
#1905 = VERTEX_POINT('',#1906);
#1906 = CARTESIAN_POINT('',(11.,-37.26996296496,17.112799959035));
#1907 = CIRCLE('',#1908,3.1);
#1908 = AXIS2_PLACEMENT_3D('',#1909,#1910,#1911);
#1909 = CARTESIAN_POINT('',(11.,-40.30157081487,16.46522460095));
#1910 = DIRECTION('',(1.,-5.540531131486E-16,-2.511309617475E-16));
#1911 = DIRECTION('',(-5.644799560529E-16,-0.999048221582,
    -4.361938736534E-02));
#1912 = ORIENTED_EDGE('',*,*,#1913,.F.);
#1913 = EDGE_CURVE('',#1914,#1905,#1916,.T.);
#1914 = VERTEX_POINT('',#1915);
#1915 = CARTESIAN_POINT('',(11.,-37.22191700141,17.453016273962));
#1916 = CIRCLE('',#1917,0.5);
#1917 = AXIS2_PLACEMENT_3D('',#1918,#1919,#1920);
#1918 = CARTESIAN_POINT('',(11.,-36.78099395692,17.217247597436));
#1919 = DIRECTION('',(1.,-5.540531131486E-16,-2.511309617475E-16));
#1920 = DIRECTION('',(-5.644799560529E-16,-0.999048221582,
    -4.361938736534E-02));
#1921 = ORIENTED_EDGE('',*,*,#1922,.T.);
#1922 = EDGE_CURVE('',#1914,#1923,#1925,.T.);
#1923 = VERTEX_POINT('',#1924);
#1924 = CARTESIAN_POINT('',(11.,-35.93919006417,19.851909438068));
#1925 = LINE('',#1926,#1927);
#1926 = CARTESIAN_POINT('',(11.,-36.71688443689,18.397503468795));
#1927 = VECTOR('',#1928,1.);
#1928 = DIRECTION('',(7.444809872059E-16,0.471537353051,0.881846088996)
  );
#1929 = ORIENTED_EDGE('',*,*,#1930,.F.);
#1930 = EDGE_CURVE('',#1931,#1923,#1933,.T.);
#1931 = VERTEX_POINT('',#1932);
#1932 = CARTESIAN_POINT('',(11.,-34.18330616856,19.866229999029));
#1933 = CIRCLE('',#1934,1.);
#1934 = AXIS2_PLACEMENT_3D('',#1935,#1936,#1937);
#1935 = CARTESIAN_POINT('',(11.,-35.05734397518,19.380372085018));
#1936 = DIRECTION('',(1.,-5.540531131486E-16,-2.511309617475E-16));
#1937 = DIRECTION('',(-5.644799560529E-16,-0.999048221582,
    -4.361938736534E-02));
#1938 = ORIENTED_EDGE('',*,*,#1939,.T.);
#1939 = EDGE_CURVE('',#1931,#1793,#1940,.T.);
#1940 = CIRCLE('',#1941,7.);
#1941 = AXIS2_PLACEMENT_3D('',#1942,#1943,#1944);
#1942 = CARTESIAN_POINT('',(11.,-40.30157081487,16.46522460095));
#1943 = DIRECTION('',(-1.,5.540531131486E-16,2.511309617475E-16));
#1944 = DIRECTION('',(-5.644799560529E-16,-0.999048221582,
    -4.361938736534E-02));
#1945 = ORIENTED_EDGE('',*,*,#1792,.F.);
#1946 = ORIENTED_EDGE('',*,*,#1635,.F.);
#1947 = PLANE('',#1948);
#1948 = AXIS2_PLACEMENT_3D('',#1949,#1950,#1951);
#1949 = CARTESIAN_POINT('',(11.,-45.37541359061,22.69950119115));
#1950 = DIRECTION('',(1.,-7.771561172376E-16,-1.110223024625E-15));
#1951 = DIRECTION('',(1.110223024625E-15,5.551115123126E-16,-1.));
#1952 = ADVANCED_FACE('',(#1953),#2010,.F.);
#1953 = FACE_BOUND('',#1954,.T.);
#1954 = EDGE_LOOP('',(#1955,#1965,#1973,#1981,#1987,#1988,#1996,#2004));
#1955 = ORIENTED_EDGE('',*,*,#1956,.F.);
#1956 = EDGE_CURVE('',#1957,#1959,#1961,.T.);
#1957 = VERTEX_POINT('',#1958);
#1958 = CARTESIAN_POINT('',(-16.,-46.66436525077,1.718077211265));
#1959 = VERTEX_POINT('',#1960);
#1960 = CARTESIAN_POINT('',(-16.,-47.29490836594,16.159888889393));
#1961 = LINE('',#1962,#1963);
#1962 = CARTESIAN_POINT('',(-16.,-46.66436525077,1.718077211265));
#1963 = VECTOR('',#1964,1.);
#1964 = DIRECTION('',(-1.06568327973E-15,-4.361938736534E-02,
    0.999048221582));
#1965 = ORIENTED_EDGE('',*,*,#1966,.T.);
#1966 = EDGE_CURVE('',#1957,#1967,#1969,.T.);
#1967 = VERTEX_POINT('',#1968);
#1968 = CARTESIAN_POINT('',(16.,-46.66436525077,1.718077211265));
#1969 = LINE('',#1970,#1971);
#1970 = CARTESIAN_POINT('',(-16.,-46.66436525077,1.718077211265));
#1971 = VECTOR('',#1972,1.);
#1972 = DIRECTION('',(1.,-3.524862975319E-16,-6.661338147751E-16));
#1973 = ORIENTED_EDGE('',*,*,#1974,.T.);
#1974 = EDGE_CURVE('',#1967,#1975,#1977,.T.);
#1975 = VERTEX_POINT('',#1976);
#1976 = CARTESIAN_POINT('',(16.,-47.29490836594,16.159888889393));
#1977 = LINE('',#1978,#1979);
#1978 = CARTESIAN_POINT('',(16.,-46.66436525077,1.718077211265));
#1979 = VECTOR('',#1980,1.);
#1980 = DIRECTION('',(-1.06568327973E-15,-4.361938736534E-02,
    0.999048221582));
#1981 = ORIENTED_EDGE('',*,*,#1982,.F.);
#1982 = EDGE_CURVE('',#1853,#1975,#1983,.T.);
#1983 = LINE('',#1984,#1985);
#1984 = CARTESIAN_POINT('',(-16.,-47.29490836594,16.159888889393));
#1985 = VECTOR('',#1986,1.);
#1986 = DIRECTION('',(1.,-3.524862975319E-16,-6.661338147751E-16));
#1987 = ORIENTED_EDGE('',*,*,#1852,.T.);
#1988 = ORIENTED_EDGE('',*,*,#1989,.T.);
#1989 = EDGE_CURVE('',#1844,#1990,#1992,.T.);
#1990 = VERTEX_POINT('',#1991);
#1991 = CARTESIAN_POINT('',(-11.,-46.84160239527,5.777475215446));
#1992 = LINE('',#1993,#1994);
#1993 = CARTESIAN_POINT('',(11.,-46.84160239527,5.777475215446));
#1994 = VECTOR('',#1995,1.);
#1995 = DIRECTION('',(-1.,3.524862975319E-16,6.661338147751E-16));
#1996 = ORIENTED_EDGE('',*,*,#1997,.F.);
#1997 = EDGE_CURVE('',#1998,#1990,#2000,.T.);
#1998 = VERTEX_POINT('',#1999);
#1999 = CARTESIAN_POINT('',(-11.,-47.29490836594,16.159888889393));
#2000 = LINE('',#2001,#2002);
#2001 = CARTESIAN_POINT('',(-11.,-47.12030193593,12.160744153203));
#2002 = VECTOR('',#2003,1.);
#2003 = DIRECTION('',(-6.509716285347E-16,4.361938736534E-02,
    -0.999048221582));
#2004 = ORIENTED_EDGE('',*,*,#2005,.F.);
#2005 = EDGE_CURVE('',#1959,#1998,#2006,.T.);
#2006 = LINE('',#2007,#2008);
#2007 = CARTESIAN_POINT('',(-16.,-47.29490836594,16.159888889393));
#2008 = VECTOR('',#2009,1.);
#2009 = DIRECTION('',(1.,-3.524862975319E-16,-6.661338147751E-16));
#2010 = PLANE('',#2011);
#2011 = AXIS2_PLACEMENT_3D('',#2012,#2013,#2014);
#2012 = CARTESIAN_POINT('',(-16.,-46.66436525077,1.718077211265));
#2013 = DIRECTION('',(-3.327198935746E-16,0.999048221582,
    4.361938736534E-02));
#2014 = DIRECTION('',(6.41237688025E-16,4.361938736534E-02,
    -0.999048221582));
#2015 = ADVANCED_FACE('',(#2016),#2043,.T.);
#2016 = FACE_BOUND('',#2017,.T.);
#2017 = EDGE_LOOP('',(#2018,#2028,#2035,#2036));
#2018 = ORIENTED_EDGE('',*,*,#2019,.T.);
#2019 = EDGE_CURVE('',#2020,#2022,#2024,.T.);
#2020 = VERTEX_POINT('',#2021);
#2021 = CARTESIAN_POINT('',(-16.,-43.53636242393,-1.148209291385));
#2022 = VERTEX_POINT('',#2023);
#2023 = CARTESIAN_POINT('',(16.,-43.53636242393,-1.148209291385));
#2024 = LINE('',#2025,#2026);
#2025 = CARTESIAN_POINT('',(-16.,-43.53636242393,-1.148209291385));
#2026 = VECTOR('',#2027,1.);
#2027 = DIRECTION('',(1.,-3.524862975319E-16,-6.661338147751E-16));
#2028 = ORIENTED_EDGE('',*,*,#2029,.T.);
#2029 = EDGE_CURVE('',#2022,#1967,#2030,.T.);
#2030 = CIRCLE('',#2031,3.);
#2031 = AXIS2_PLACEMENT_3D('',#2032,#2033,#2034);
#2032 = CARTESIAN_POINT('',(16.,-43.66722058602,1.848935373361));
#2033 = DIRECTION('',(-1.,-3.319947570385E-16,-1.081193744513E-15));
#2034 = DIRECTION('',(3.788397803527E-16,-0.999048221582,
    -4.361938736534E-02));
#2035 = ORIENTED_EDGE('',*,*,#1966,.F.);
#2036 = ORIENTED_EDGE('',*,*,#2037,.F.);
#2037 = EDGE_CURVE('',#2020,#1957,#2038,.T.);
#2038 = CIRCLE('',#2039,3.);
#2039 = AXIS2_PLACEMENT_3D('',#2040,#2041,#2042);
#2040 = CARTESIAN_POINT('',(-16.,-43.66722058602,1.848935373361));
#2041 = DIRECTION('',(-1.,-3.319947570385E-16,-1.081193744513E-15));
#2042 = DIRECTION('',(3.788397803527E-16,-0.999048221582,
    -4.361938736534E-02));
#2043 = CYLINDRICAL_SURFACE('',#2044,3.);
#2044 = AXIS2_PLACEMENT_3D('',#2045,#2046,#2047);
#2045 = CARTESIAN_POINT('',(-16.,-43.66722058602,1.848935373361));
#2046 = DIRECTION('',(-1.,7.760977180737E-16,4.731755666726E-16));
#2047 = DIRECTION('',(-8.207162219011E-17,-0.999048221582,
    -4.361938736534E-02));
#2048 = ADVANCED_FACE('',(#2049),#2074,.F.);
#2049 = FACE_BOUND('',#2050,.T.);
#2050 = EDGE_LOOP('',(#2051,#2059,#2067,#2073));
#2051 = ORIENTED_EDGE('',*,*,#2052,.F.);
#2052 = EDGE_CURVE('',#2053,#2020,#2055,.T.);
#2053 = VERTEX_POINT('',#2054);
#2054 = CARTESIAN_POINT('',(-16.,-4.573481782238,0.552946815863));
#2055 = LINE('',#2056,#2057);
#2056 = CARTESIAN_POINT('',(-16.,-1.7763568394E-15,0.752629342851));
#2057 = VECTOR('',#2058,1.);
#2058 = DIRECTION('',(3.788397803527E-16,-0.999048221582,
    -4.361938736534E-02));
#2059 = ORIENTED_EDGE('',*,*,#2060,.T.);
#2060 = EDGE_CURVE('',#2053,#2061,#2063,.T.);
#2061 = VERTEX_POINT('',#2062);
#2062 = CARTESIAN_POINT('',(16.,-4.573481782238,0.552946815863));
#2063 = LINE('',#2064,#2065);
#2064 = CARTESIAN_POINT('',(-8.,-4.573481782238,0.552946815863));
#2065 = VECTOR('',#2066,1.);
#2066 = DIRECTION('',(1.,1.030838833878E-16,2.225458749474E-16));
#2067 = ORIENTED_EDGE('',*,*,#2068,.T.);
#2068 = EDGE_CURVE('',#2061,#2022,#2069,.T.);
#2069 = LINE('',#2070,#2071);
#2070 = CARTESIAN_POINT('',(16.,9.436895709314E-16,0.752629342851));
#2071 = VECTOR('',#2072,1.);
#2072 = DIRECTION('',(3.788397803527E-16,-0.999048221582,
    -4.361938736534E-02));
#2073 = ORIENTED_EDGE('',*,*,#2019,.F.);
#2074 = PLANE('',#2075);
#2075 = AXIS2_PLACEMENT_3D('',#2076,#2077,#2078);
#2076 = CARTESIAN_POINT('',(-16.,5.356534178119E-15,0.752629342851));
#2077 = DIRECTION('',(-4.299854227736E-16,-4.361938736534E-02,
    0.999048221582));
#2078 = DIRECTION('',(8.207162219011E-17,0.999048221582,
    4.361938736534E-02));
#2079 = ADVANCED_FACE('',(#2080),#2105,.F.);
#2080 = FACE_BOUND('',#2081,.T.);
#2081 = EDGE_LOOP('',(#2082,#2090,#2098,#2104));
#2082 = ORIENTED_EDGE('',*,*,#2083,.F.);
#2083 = EDGE_CURVE('',#2084,#2053,#2086,.T.);
#2084 = VERTEX_POINT('',#2085);
#2085 = CARTESIAN_POINT('',(-16.,-4.773510977235,5.134368600929));
#2086 = LINE('',#2087,#2088);
#2087 = CARTESIAN_POINT('',(-16.,-4.780172482281,5.286942150686));
#2088 = VECTOR('',#2089,1.);
#2089 = DIRECTION('',(-6.509716285347E-16,4.361938736534E-02,
    -0.999048221582));
#2090 = ORIENTED_EDGE('',*,*,#2091,.F.);
#2091 = EDGE_CURVE('',#2092,#2084,#2094,.T.);
#2092 = VERTEX_POINT('',#2093);
#2093 = CARTESIAN_POINT('',(16.,-4.773510977235,5.134368600928));
#2094 = LINE('',#2095,#2096);
#2095 = CARTESIAN_POINT('',(-3.901670516677E-15,-4.773510977235,
    5.134368600929));
#2096 = VECTOR('',#2097,1.);
#2097 = DIRECTION('',(-1.,3.524862975319E-16,6.661338147751E-16));
#2098 = ORIENTED_EDGE('',*,*,#2099,.T.);
#2099 = EDGE_CURVE('',#2092,#2061,#2100,.T.);
#2100 = LINE('',#2101,#2102);
#2101 = CARTESIAN_POINT('',(16.,-4.780172482281,5.286942150686));
#2102 = VECTOR('',#2103,1.);
#2103 = DIRECTION('',(-6.509716285347E-16,4.361938736534E-02,
    -0.999048221582));
#2104 = ORIENTED_EDGE('',*,*,#2060,.F.);
#2105 = PLANE('',#2106);
#2106 = AXIS2_PLACEMENT_3D('',#2107,#2108,#2109);
#2107 = CARTESIAN_POINT('',(-4.148575182966E-16,-4.640781839213,
    2.094371542209));
#2108 = DIRECTION('',(3.44211802395E-16,-0.999048221582,
    -4.361938736534E-02));
#2109 = DIRECTION('',(4.388238105071E-16,4.361938736534E-02,
    -0.999048221582));
#2110 = ADVANCED_FACE('',(#2111),#2147,.T.);
#2111 = FACE_BOUND('',#2112,.F.);
#2112 = EDGE_LOOP('',(#2113,#2123,#2132,#2140));
#2113 = ORIENTED_EDGE('',*,*,#2114,.F.);
#2114 = EDGE_CURVE('',#2115,#2117,#2119,.T.);
#2115 = VERTEX_POINT('',#2116);
#2116 = CARTESIAN_POINT('',(-16.,-2.287093075968,5.));
#2117 = VERTEX_POINT('',#2118);
#2118 = CARTESIAN_POINT('',(16.,-2.287093075968,5.));
#2119 = LINE('',#2120,#2121);
#2120 = CARTESIAN_POINT('',(-5.264016476927E-15,-2.287093075968,5.));
#2121 = VECTOR('',#2122,1.);
#2122 = DIRECTION('',(1.,-3.524862975319E-16,-6.661338147751E-16));
#2123 = ORIENTED_EDGE('',*,*,#2124,.F.);
#2124 = EDGE_CURVE('',#2125,#2115,#2127,.T.);
#2125 = VERTEX_POINT('',#2126);
#2126 = CARTESIAN_POINT('',(-16.,-2.786617186758,5.478190306317));
#2127 = CIRCLE('',#2128,0.5);
#2128 = AXIS2_PLACEMENT_3D('',#2129,#2130,#2131);
#2129 = CARTESIAN_POINT('',(-16.,-2.287093075968,5.5));
#2130 = DIRECTION('',(1.,-5.540531131486E-16,-2.511309617475E-16));
#2131 = DIRECTION('',(-5.644799560529E-16,-0.999048221582,
    -4.361938736534E-02));
#2132 = ORIENTED_EDGE('',*,*,#2133,.F.);
#2133 = EDGE_CURVE('',#2134,#2125,#2136,.T.);
#2134 = VERTEX_POINT('',#2135);
#2135 = CARTESIAN_POINT('',(16.,-2.786617186758,5.478190306317));
#2136 = LINE('',#2137,#2138);
#2137 = CARTESIAN_POINT('',(-3.902214663444E-15,-2.786617186758,
    5.478190306317));
#2138 = VECTOR('',#2139,1.);
#2139 = DIRECTION('',(-1.,3.524862975319E-16,6.661338147751E-16));
#2140 = ORIENTED_EDGE('',*,*,#2141,.T.);
#2141 = EDGE_CURVE('',#2134,#2117,#2142,.T.);
#2142 = CIRCLE('',#2143,0.5);
#2143 = AXIS2_PLACEMENT_3D('',#2144,#2145,#2146);
#2144 = CARTESIAN_POINT('',(16.,-2.287093075968,5.5));
#2145 = DIRECTION('',(1.,-5.540531131486E-16,-2.511309617475E-16));
#2146 = DIRECTION('',(-5.644799560529E-16,-0.999048221582,
    -4.361938736534E-02));
#2147 = CYLINDRICAL_SURFACE('',#2148,0.5);
#2148 = AXIS2_PLACEMENT_3D('',#2149,#2150,#2151);
#2149 = CARTESIAN_POINT('',(-3.861178852349E-15,-2.287093075968,5.5));
#2150 = DIRECTION('',(1.,-7.760977180737E-16,-4.731755666726E-16));
#2151 = DIRECTION('',(-8.207162219011E-17,-0.999048221582,
    -4.361938736534E-02));
#2152 = ADVANCED_FACE('',(#2153),#2178,.F.);
#2153 = FACE_BOUND('',#2154,.T.);
#2154 = EDGE_LOOP('',(#2155,#2165,#2171,#2172));
#2155 = ORIENTED_EDGE('',*,*,#2156,.F.);
#2156 = EDGE_CURVE('',#2157,#2159,#2161,.T.);
#2157 = VERTEX_POINT('',#2158);
#2158 = CARTESIAN_POINT('',(-16.,-2.924340437997,8.632571363249));
#2159 = VERTEX_POINT('',#2160);
#2160 = CARTESIAN_POINT('',(16.,-2.924340437997,8.632571363249));
#2161 = LINE('',#2162,#2163);
#2162 = CARTESIAN_POINT('',(-5.706451303761E-15,-2.924340437997,
    8.632571363249));
#2163 = VECTOR('',#2164,1.);
#2164 = DIRECTION('',(1.,-3.524862975319E-16,-6.661338147751E-16));
#2165 = ORIENTED_EDGE('',*,*,#2166,.F.);
#2166 = EDGE_CURVE('',#2125,#2157,#2167,.T.);
#2167 = LINE('',#2168,#2169);
#2168 = CARTESIAN_POINT('',(-16.,-2.888472747281,7.811066184338));
#2169 = VECTOR('',#2170,1.);
#2170 = DIRECTION('',(6.509716285347E-16,-4.361938736534E-02,
    0.999048221582));
#2171 = ORIENTED_EDGE('',*,*,#2133,.F.);
#2172 = ORIENTED_EDGE('',*,*,#2173,.T.);
#2173 = EDGE_CURVE('',#2134,#2159,#2174,.T.);
#2174 = LINE('',#2175,#2176);
#2175 = CARTESIAN_POINT('',(16.,-2.888472747281,7.811066184338));
#2176 = VECTOR('',#2177,1.);
#2177 = DIRECTION('',(6.509716285347E-16,-4.361938736534E-02,
    0.999048221582));
#2178 = PLANE('',#2179);
#2179 = AXIS2_PLACEMENT_3D('',#2180,#2181,#2182);
#2180 = CARTESIAN_POINT('',(-4.603958323386E-15,-2.855478812378,
    7.055380834783));
#2181 = DIRECTION('',(-3.369168462268E-16,0.999048221582,
    4.361938736534E-02));
#2182 = DIRECTION('',(-4.388238105071E-16,-4.361938736534E-02,
    0.999048221582));
#2183 = ADVANCED_FACE('',(#2184),#2211,.F.);
#2184 = FACE_BOUND('',#2185,.T.);
#2185 = EDGE_LOOP('',(#2186,#2195,#2203,#2210));
#2186 = ORIENTED_EDGE('',*,*,#2187,.T.);
#2187 = EDGE_CURVE('',#2159,#2188,#2190,.T.);
#2188 = VERTEX_POINT('',#2189);
#2189 = CARTESIAN_POINT('',(16.,-3.758474525155,9.396914430622));
#2190 = CIRCLE('',#2191,0.8);
#2191 = AXIS2_PLACEMENT_3D('',#2192,#2193,#2194);
#2192 = CARTESIAN_POINT('',(16.,-3.723579015262,8.597675853356));
#2193 = DIRECTION('',(1.,-5.540531131486E-16,-2.511309617475E-16));
#2194 = DIRECTION('',(-5.644799560529E-16,-0.999048221582,
    -4.361938736534E-02));
#2195 = ORIENTED_EDGE('',*,*,#2196,.T.);
#2196 = EDGE_CURVE('',#2188,#2197,#2199,.T.);
#2197 = VERTEX_POINT('',#2198);
#2198 = CARTESIAN_POINT('',(-16.,-3.758474525155,9.396914430622));
#2199 = LINE('',#2200,#2201);
#2200 = CARTESIAN_POINT('',(-6.505497131629E-15,-3.758474525155,
    9.396914430622));
#2201 = VECTOR('',#2202,1.);
#2202 = DIRECTION('',(-1.,3.524862975319E-16,6.661338147751E-16));
#2203 = ORIENTED_EDGE('',*,*,#2204,.F.);
#2204 = EDGE_CURVE('',#2157,#2197,#2205,.T.);
#2205 = CIRCLE('',#2206,0.8);
#2206 = AXIS2_PLACEMENT_3D('',#2207,#2208,#2209);
#2207 = CARTESIAN_POINT('',(-16.,-3.723579015262,8.597675853356));
#2208 = DIRECTION('',(1.,-5.540531131486E-16,-2.511309617475E-16));
#2209 = DIRECTION('',(-5.644799560529E-16,-0.999048221582,
    -4.361938736534E-02));
#2210 = ORIENTED_EDGE('',*,*,#2156,.T.);
#2211 = CYLINDRICAL_SURFACE('',#2212,0.8);
#2212 = AXIS2_PLACEMENT_3D('',#2213,#2214,#2215);
#2213 = CARTESIAN_POINT('',(-5.992506981209E-15,-3.723579015262,
    8.597675853356));
#2214 = DIRECTION('',(1.,-7.760977180737E-16,-4.731755666726E-16));
#2215 = DIRECTION('',(-8.207162219011E-17,-0.999048221582,
    -4.361938736534E-02));
#2216 = ADVANCED_FACE('',(#2217),#2242,.F.);
#2217 = FACE_BOUND('',#2218,.T.);
#2218 = EDGE_LOOP('',(#2219,#2229,#2235,#2236));
#2219 = ORIENTED_EDGE('',*,*,#2220,.F.);
#2220 = EDGE_CURVE('',#2221,#2223,#2225,.T.);
#2221 = VERTEX_POINT('',#2222);
#2222 = CARTESIAN_POINT('',(-16.,-8.95352527738,9.170093616322));
#2223 = VERTEX_POINT('',#2224);
#2224 = CARTESIAN_POINT('',(16.,-8.95352527738,9.170093616322));
#2225 = LINE('',#2226,#2227);
#2226 = CARTESIAN_POINT('',(-1.396369373742E-15,-8.95352527738,
    9.170093616322));
#2227 = VECTOR('',#2228,1.);
#2228 = DIRECTION('',(1.,-3.524862975319E-16,-6.661338147751E-16));
#2229 = ORIENTED_EDGE('',*,*,#2230,.F.);
#2230 = EDGE_CURVE('',#2197,#2221,#2231,.T.);
#2231 = LINE('',#2232,#2233);
#2232 = CARTESIAN_POINT('',(-16.,-15.12366553349,8.900699474862));
#2233 = VECTOR('',#2234,1.);
#2234 = DIRECTION('',(-3.618062503971E-16,-0.999048221582,
    -4.361938736534E-02));
#2235 = ORIENTED_EDGE('',*,*,#2196,.F.);
#2236 = ORIENTED_EDGE('',*,*,#2237,.T.);
#2237 = EDGE_CURVE('',#2188,#2223,#2238,.T.);
#2238 = LINE('',#2239,#2240);
#2239 = CARTESIAN_POINT('',(16.,-15.12366553349,8.900699474862));
#2240 = VECTOR('',#2241,1.);
#2241 = DIRECTION('',(-3.618062503971E-16,-0.999048221582,
    -4.361938736534E-02));
#2242 = PLANE('',#2243);
#2243 = AXIS2_PLACEMENT_3D('',#2244,#2245,#2246);
#2244 = CARTESIAN_POINT('',(-1.643526265674E-15,-6.355999901267,
    9.283504023472));
#2245 = DIRECTION('',(-4.388238105071E-16,-4.361938736534E-02,
    0.999048221582));
#2246 = DIRECTION('',(-1.302875331003E-16,0.999048221582,
    4.361938736534E-02));
#2247 = ADVANCED_FACE('',(#2248),#2275,.F.);
#2248 = FACE_BOUND('',#2249,.T.);
#2249 = EDGE_LOOP('',(#2250,#2259,#2267,#2274));
#2250 = ORIENTED_EDGE('',*,*,#2251,.T.);
#2251 = EDGE_CURVE('',#2223,#2252,#2254,.T.);
#2252 = VERTEX_POINT('',#2253);
#2253 = CARTESIAN_POINT('',(16.,-8.901182012542,7.971235750424));
#2254 = CIRCLE('',#2255,0.6);
#2255 = AXIS2_PLACEMENT_3D('',#2256,#2257,#2258);
#2256 = CARTESIAN_POINT('',(16.,-8.927353644961,8.570664683373));
#2257 = DIRECTION('',(1.,-5.540531131486E-16,-2.511309617475E-16));
#2258 = DIRECTION('',(-5.644799560529E-16,-0.999048221582,
    -4.361938736534E-02));
#2259 = ORIENTED_EDGE('',*,*,#2260,.T.);
#2260 = EDGE_CURVE('',#2252,#2261,#2263,.T.);
#2261 = VERTEX_POINT('',#2262);
#2262 = CARTESIAN_POINT('',(-16.,-8.901182012542,7.971235750424));
#2263 = LINE('',#2264,#2265);
#2264 = CARTESIAN_POINT('',(-6.162784341387E-15,-8.901182012542,
    7.971235750424));
#2265 = VECTOR('',#2266,1.);
#2266 = DIRECTION('',(-1.,3.524862975319E-16,6.661338147751E-16));
#2267 = ORIENTED_EDGE('',*,*,#2268,.F.);
#2268 = EDGE_CURVE('',#2221,#2261,#2269,.T.);
#2269 = CIRCLE('',#2270,0.6);
#2270 = AXIS2_PLACEMENT_3D('',#2271,#2272,#2273);
#2271 = CARTESIAN_POINT('',(-16.,-8.927353644961,8.570664683373));
#2272 = DIRECTION('',(1.,-5.540531131486E-16,-2.511309617475E-16));
#2273 = DIRECTION('',(-5.644799560529E-16,-0.999048221582,
    -4.361938736534E-02));
#2274 = ORIENTED_EDGE('',*,*,#2220,.T.);
#2275 = CYLINDRICAL_SURFACE('',#2276,0.6);
#2276 = AXIS2_PLACEMENT_3D('',#2277,#2278,#2279);
#2277 = CARTESIAN_POINT('',(-6.547526954202E-15,-8.927353644961,
    8.570664683373));
#2278 = DIRECTION('',(1.,-7.760977180737E-16,-4.731755666726E-16));
#2279 = DIRECTION('',(-8.207162219011E-17,-0.999048221582,
    -4.361938736534E-02));
#2280 = ADVANCED_FACE('',(#2281),#2306,.F.);
#2281 = FACE_BOUND('',#2282,.T.);
#2282 = EDGE_LOOP('',(#2283,#2293,#2299,#2300));
#2283 = ORIENTED_EDGE('',*,*,#2284,.F.);
#2284 = EDGE_CURVE('',#2285,#2287,#2289,.T.);
#2285 = VERTEX_POINT('',#2286);
#2286 = CARTESIAN_POINT('',(-16.,-7.916333825171,8.014235150906));
#2287 = VERTEX_POINT('',#2288);
#2288 = CARTESIAN_POINT('',(16.,-7.916333825171,8.014235150906));
#2289 = LINE('',#2290,#2291);
#2290 = CARTESIAN_POINT('',(-1.870776194014E-15,-7.916333825171,
    8.014235150906));
#2291 = VECTOR('',#2292,1.);
#2292 = DIRECTION('',(1.,-3.524862975319E-16,-6.661338147751E-16));
#2293 = ORIENTED_EDGE('',*,*,#2294,.F.);
#2294 = EDGE_CURVE('',#2261,#2285,#2295,.T.);
#2295 = LINE('',#2296,#2297);
#2296 = CARTESIAN_POINT('',(-16.,-16.12387290987,7.65588625551));
#2297 = VECTOR('',#2298,1.);
#2298 = DIRECTION('',(3.618062503971E-16,0.999048221582,
    4.361938736534E-02));
#2299 = ORIENTED_EDGE('',*,*,#2260,.F.);
#2300 = ORIENTED_EDGE('',*,*,#2301,.T.);
#2301 = EDGE_CURVE('',#2252,#2287,#2302,.T.);
#2302 = LINE('',#2303,#2304);
#2303 = CARTESIAN_POINT('',(16.,-16.12387290987,7.65588625551));
#2304 = VECTOR('',#2305,1.);
#2305 = DIRECTION('',(3.618062503971E-16,0.999048221582,
    4.361938736534E-02));
#2306 = PLANE('',#2307);
#2307 = AXIS2_PLACEMENT_3D('',#2308,#2309,#2310);
#2308 = CARTESIAN_POINT('',(-2.615927905825E-15,-8.408757918857,
    7.992735450665));
#2309 = DIRECTION('',(4.388238105071E-16,4.361938736534E-02,
    -0.999048221582));
#2310 = DIRECTION('',(1.302875331003E-16,-0.999048221582,
    -4.361938736534E-02));
#2311 = ADVANCED_FACE('',(#2312),#2339,.T.);
#2312 = FACE_BOUND('',#2313,.F.);
#2313 = EDGE_LOOP('',(#2314,#2315,#2324,#2332));
#2314 = ORIENTED_EDGE('',*,*,#2284,.F.);
#2315 = ORIENTED_EDGE('',*,*,#2316,.F.);
#2316 = EDGE_CURVE('',#2317,#2285,#2319,.T.);
#2317 = VERTEX_POINT('',#2318);
#2318 = CARTESIAN_POINT('',(-16.,-7.19712423019,7.752464266135));
#2319 = CIRCLE('',#2320,1.);
#2320 = AXIS2_PLACEMENT_3D('',#2321,#2322,#2323);
#2321 = CARTESIAN_POINT('',(-16.,-7.872714437806,7.015186929324));
#2322 = DIRECTION('',(1.,-5.540531131486E-16,-2.511309617475E-16));
#2323 = DIRECTION('',(-5.644799560529E-16,-0.999048221582,
    -4.361938736534E-02));
#2324 = ORIENTED_EDGE('',*,*,#2325,.F.);
#2325 = EDGE_CURVE('',#2326,#2317,#2328,.T.);
#2326 = VERTEX_POINT('',#2327);
#2327 = CARTESIAN_POINT('',(16.,-7.19712423019,7.752464266135));
#2328 = LINE('',#2329,#2330);
#2329 = CARTESIAN_POINT('',(-5.836031678255E-15,-7.19712423019,
    7.752464266135));
#2330 = VECTOR('',#2331,1.);
#2331 = DIRECTION('',(-1.,3.524862975319E-16,6.661338147751E-16));
#2332 = ORIENTED_EDGE('',*,*,#2333,.T.);
#2333 = EDGE_CURVE('',#2326,#2287,#2334,.T.);
#2334 = CIRCLE('',#2335,1.);
#2335 = AXIS2_PLACEMENT_3D('',#2336,#2337,#2338);
#2336 = CARTESIAN_POINT('',(16.,-7.872714437806,7.015186929324));
#2337 = DIRECTION('',(1.,-5.540531131486E-16,-2.511309617475E-16));
#2338 = DIRECTION('',(-5.644799560529E-16,-0.999048221582,
    -4.361938736534E-02));
#2339 = CYLINDRICAL_SURFACE('',#2340,1.);
#2340 = AXIS2_PLACEMENT_3D('',#2341,#2342,#2343);
#2341 = CARTESIAN_POINT('',(-5.440641561293E-15,-7.872714437806,
    7.015186929324));
#2342 = DIRECTION('',(1.,-7.760977180737E-16,-4.731755666726E-16));
#2343 = DIRECTION('',(-8.207162219011E-17,-0.999048221582,
    -4.361938736534E-02));
#2344 = ADVANCED_FACE('',(#2345),#2370,.F.);
#2345 = FACE_BOUND('',#2346,.T.);
#2346 = EDGE_LOOP('',(#2347,#2357,#2363,#2364));
#2347 = ORIENTED_EDGE('',*,*,#2348,.F.);
#2348 = EDGE_CURVE('',#2349,#2351,#2353,.T.);
#2349 = VERTEX_POINT('',#2350);
#2350 = CARTESIAN_POINT('',(-16.,-5.096968991202,5.828026550373));
#2351 = VERTEX_POINT('',#2352);
#2352 = CARTESIAN_POINT('',(16.,-5.096968991202,5.828026550373));
#2353 = LINE('',#2354,#2355);
#2354 = CARTESIAN_POINT('',(-3.400353448302E-15,-5.096968991202,
    5.828026550373));
#2355 = VECTOR('',#2356,1.);
#2356 = DIRECTION('',(1.,-3.524862975319E-16,-6.661338147751E-16));
#2357 = ORIENTED_EDGE('',*,*,#2358,.F.);
#2358 = EDGE_CURVE('',#2317,#2349,#2359,.T.);
#2359 = LINE('',#2360,#2361);
#2360 = CARTESIAN_POINT('',(-16.,-11.17430872885,11.396882407076));
#2361 = VECTOR('',#2362,1.);
#2362 = DIRECTION('',(-2.044707997654E-16,0.73727733681,-0.675590207616)
  );
#2363 = ORIENTED_EDGE('',*,*,#2325,.F.);
#2364 = ORIENTED_EDGE('',*,*,#2365,.T.);
#2365 = EDGE_CURVE('',#2326,#2351,#2366,.T.);
#2366 = LINE('',#2367,#2368);
#2367 = CARTESIAN_POINT('',(16.,-11.17430872885,11.396882407076));
#2368 = VECTOR('',#2369,1.);
#2369 = DIRECTION('',(-2.044707997654E-16,0.73727733681,-0.675590207616)
  );
#2370 = PLANE('',#2371);
#2371 = AXIS2_PLACEMENT_3D('',#2372,#2373,#2374);
#2372 = CARTESIAN_POINT('',(-4.122950485487E-15,-6.147046610696,
    6.790245408254));
#2373 = DIRECTION('',(5.409750062466E-16,-0.675590207616,-0.73727733681)
  );
#2374 = DIRECTION('',(-2.181680939964E-16,-0.73727733681,0.675590207616)
  );
#2375 = ADVANCED_FACE('',(#2376),#2394,.T.);
#2376 = FACE_BOUND('',#2377,.F.);
#2377 = EDGE_LOOP('',(#2378,#2379,#2386,#2387));
#2378 = ORIENTED_EDGE('',*,*,#2348,.F.);
#2379 = ORIENTED_EDGE('',*,*,#2380,.F.);
#2380 = EDGE_CURVE('',#2084,#2349,#2381,.T.);
#2381 = CIRCLE('',#2382,1.);
#2382 = AXIS2_PLACEMENT_3D('',#2383,#2384,#2385);
#2383 = CARTESIAN_POINT('',(-16.,-5.772559198817,5.090749213563));
#2384 = DIRECTION('',(1.,-5.540531131486E-16,-2.511309617475E-16));
#2385 = DIRECTION('',(-5.644799560529E-16,-0.999048221582,
    -4.361938736534E-02));
#2386 = ORIENTED_EDGE('',*,*,#2091,.F.);
#2387 = ORIENTED_EDGE('',*,*,#2388,.T.);
#2388 = EDGE_CURVE('',#2092,#2351,#2389,.T.);
#2389 = CIRCLE('',#2390,1.);
#2390 = AXIS2_PLACEMENT_3D('',#2391,#2392,#2393);
#2391 = CARTESIAN_POINT('',(16.,-5.772559198817,5.090749213563));
#2392 = DIRECTION('',(1.,-5.540531131486E-16,-2.511309617475E-16));
#2393 = DIRECTION('',(-5.644799560529E-16,-0.999048221582,
    -4.361938736534E-02));
#2394 = CYLINDRICAL_SURFACE('',#2395,1.);
#2395 = AXIS2_PLACEMENT_3D('',#2396,#2397,#2398);
#2396 = CARTESIAN_POINT('',(-3.983742138867E-15,-5.772559198817,
    5.090749213563));
#2397 = DIRECTION('',(1.,-7.760977180737E-16,-4.731755666726E-16));
#2398 = DIRECTION('',(-8.207162219011E-17,-0.999048221582,
    -4.361938736534E-02));
#2399 = ADVANCED_FACE('',(#2400),#2419,.T.);
#2400 = FACE_BOUND('',#2401,.F.);
#2401 = EDGE_LOOP('',(#2402,#2410,#2417,#2418));
#2402 = ORIENTED_EDGE('',*,*,#2403,.T.);
#2403 = EDGE_CURVE('',#1826,#2404,#2406,.T.);
#2404 = VERTEX_POINT('',#2405);
#2405 = CARTESIAN_POINT('',(-11.,-29.46920115831,14.552172687443));
#2406 = LINE('',#2407,#2408);
#2407 = CARTESIAN_POINT('',(11.,-29.46920115831,14.552172687443));
#2408 = VECTOR('',#2409,1.);
#2409 = DIRECTION('',(-1.,3.524862975319E-16,6.661338147751E-16));
#2410 = ORIENTED_EDGE('',*,*,#2411,.T.);
#2411 = EDGE_CURVE('',#2404,#1620,#2412,.T.);
#2412 = CIRCLE('',#2413,1.);
#2413 = AXIS2_PLACEMENT_3D('',#2414,#2415,#2416);
#2414 = CARTESIAN_POINT('',(-11.,-28.48444028045,14.378258877124));
#2415 = DIRECTION('',(-1.,-3.319947570385E-16,-1.081193744513E-15));
#2416 = DIRECTION('',(3.788397803527E-16,-0.999048221582,
    -4.361938736534E-02));
#2417 = ORIENTED_EDGE('',*,*,#1627,.F.);
#2418 = ORIENTED_EDGE('',*,*,#1825,.F.);
#2419 = CYLINDRICAL_SURFACE('',#2420,1.);
#2420 = AXIS2_PLACEMENT_3D('',#2421,#2422,#2423);
#2421 = CARTESIAN_POINT('',(11.,-28.48444028045,14.378258877124));
#2422 = DIRECTION('',(1.,-7.760977180737E-16,-4.731755666726E-16));
#2423 = DIRECTION('',(-8.207162219011E-17,-0.999048221582,
    -4.361938736534E-02));
#2424 = ADVANCED_FACE('',(#2425),#2541,.T.);
#2425 = FACE_BOUND('',#2426,.F.);
#2426 = EDGE_LOOP('',(#2427,#2428,#2437,#2444,#2445,#2454,#2463,#2471,
    #2480,#2489,#2498,#2507,#2515,#2524,#2533,#2540));
#2427 = ORIENTED_EDGE('',*,*,#2411,.F.);
#2428 = ORIENTED_EDGE('',*,*,#2429,.T.);
#2429 = EDGE_CURVE('',#2404,#2430,#2432,.T.);
#2430 = VERTEX_POINT('',#2431);
#2431 = CARTESIAN_POINT('',(-11.,-45.38080556045,6.708105435989));
#2432 = CIRCLE('',#2433,11.);
#2433 = AXIS2_PLACEMENT_3D('',#2434,#2435,#2436);
#2434 = CARTESIAN_POINT('',(-11.,-40.30157081487,16.46522460095));
#2435 = DIRECTION('',(-1.,-3.319947570385E-16,-1.081193744513E-15));
#2436 = DIRECTION('',(3.788397803527E-16,-0.999048221582,
    -4.361938736534E-02));
#2437 = ORIENTED_EDGE('',*,*,#2438,.F.);
#2438 = EDGE_CURVE('',#1990,#2430,#2439,.T.);
#2439 = CIRCLE('',#2440,1.);
#2440 = AXIS2_PLACEMENT_3D('',#2441,#2442,#2443);
#2441 = CARTESIAN_POINT('',(-11.,-45.84255417369,5.821094602811));
#2442 = DIRECTION('',(-1.,-3.319947570385E-16,-1.081193744513E-15));
#2443 = DIRECTION('',(3.788397803527E-16,-0.999048221582,
    -4.361938736534E-02));
#2444 = ORIENTED_EDGE('',*,*,#1997,.F.);
#2445 = ORIENTED_EDGE('',*,*,#2446,.T.);
#2446 = EDGE_CURVE('',#1998,#2447,#2449,.T.);
#2447 = VERTEX_POINT('',#2448);
#2448 = CARTESIAN_POINT('',(-11.,-40.87063901012,23.442054926331));
#2449 = CIRCLE('',#2450,7.);
#2450 = AXIS2_PLACEMENT_3D('',#2451,#2452,#2453);
#2451 = CARTESIAN_POINT('',(-11.,-40.30157081487,16.46522460095));
#2452 = DIRECTION('',(-1.,5.540531131486E-16,2.511309617475E-16));
#2453 = DIRECTION('',(-5.644799560529E-16,-0.999048221582,
    -4.361938736534E-02));
#2454 = ORIENTED_EDGE('',*,*,#2455,.F.);
#2455 = EDGE_CURVE('',#2456,#2447,#2458,.T.);
#2456 = VERTEX_POINT('',#2457);
#2457 = CARTESIAN_POINT('',(-11.,-39.90749746466,21.973827526797));
#2458 = CIRCLE('',#2459,1.);
#2459 = AXIS2_PLACEMENT_3D('',#2460,#2461,#2462);
#2460 = CARTESIAN_POINT('',(-11.,-40.78934355365,22.445364879848));
#2461 = DIRECTION('',(1.,-5.540531131486E-16,-2.511309617475E-16));
#2462 = DIRECTION('',(-5.644799560529E-16,-0.999048221582,
    -4.361938736534E-02));
#2463 = ORIENTED_EDGE('',*,*,#2464,.T.);
#2464 = EDGE_CURVE('',#2456,#2465,#2467,.T.);
#2465 = VERTEX_POINT('',#2466);
#2466 = CARTESIAN_POINT('',(-11.,-41.1902244019,19.57493436269));
#2467 = LINE('',#2468,#2469);
#2468 = CARTESIAN_POINT('',(-11.,-40.68519183737,20.519421557524));
#2469 = VECTOR('',#2470,1.);
#2470 = DIRECTION('',(-7.444809872059E-16,-0.471537353051,
    -0.881846088996));
#2471 = ORIENTED_EDGE('',*,*,#2472,.F.);
#2472 = EDGE_CURVE('',#2473,#2465,#2475,.T.);
#2473 = VERTEX_POINT('',#2474);
#2474 = CARTESIAN_POINT('',(-11.,-41.44648402535,19.346053256123));
#2475 = CIRCLE('',#2476,0.5);
#2476 = AXIS2_PLACEMENT_3D('',#2477,#2478,#2479);
#2477 = CARTESIAN_POINT('',(-11.,-41.63114744639,19.810703039216));
#2478 = DIRECTION('',(1.,-5.540531131486E-16,-2.511309617475E-16));
#2479 = DIRECTION('',(-5.644799560529E-16,-0.999048221582,
    -4.361938736534E-02));
#2480 = ORIENTED_EDGE('',*,*,#2481,.T.);
#2481 = EDGE_CURVE('',#2473,#2482,#2484,.T.);
#2482 = VERTEX_POINT('',#2483);
#2483 = CARTESIAN_POINT('',(-11.,-43.39862030177,16.330004500117));
#2484 = CIRCLE('',#2485,3.1);
#2485 = AXIS2_PLACEMENT_3D('',#2486,#2487,#2488);
#2486 = CARTESIAN_POINT('',(-11.,-40.30157081487,16.46522460095));
#2487 = DIRECTION('',(1.,-5.540531131486E-16,-2.511309617475E-16));
#2488 = DIRECTION('',(-5.644799560529E-16,-0.999048221582,
    -4.361938736534E-02));
#2489 = ORIENTED_EDGE('',*,*,#2490,.T.);
#2490 = EDGE_CURVE('',#2482,#2491,#2493,.T.);
#2491 = VERTEX_POINT('',#2492);
#2492 = CARTESIAN_POINT('',(-11.,-37.26996296496,17.112799959035));
#2493 = CIRCLE('',#2494,3.1);
#2494 = AXIS2_PLACEMENT_3D('',#2495,#2496,#2497);
#2495 = CARTESIAN_POINT('',(-11.,-40.30157081487,16.46522460095));
#2496 = DIRECTION('',(1.,-5.540531131486E-16,-2.511309617475E-16));
#2497 = DIRECTION('',(-5.644799560529E-16,-0.999048221582,
    -4.361938736534E-02));
#2498 = ORIENTED_EDGE('',*,*,#2499,.F.);
#2499 = EDGE_CURVE('',#2500,#2491,#2502,.T.);
#2500 = VERTEX_POINT('',#2501);
#2501 = CARTESIAN_POINT('',(-11.,-37.22191700141,17.453016273962));
#2502 = CIRCLE('',#2503,0.5);
#2503 = AXIS2_PLACEMENT_3D('',#2504,#2505,#2506);
#2504 = CARTESIAN_POINT('',(-11.,-36.78099395692,17.217247597436));
#2505 = DIRECTION('',(1.,-5.540531131486E-16,-2.511309617475E-16));
#2506 = DIRECTION('',(-5.644799560529E-16,-0.999048221582,
    -4.361938736534E-02));
#2507 = ORIENTED_EDGE('',*,*,#2508,.T.);
#2508 = EDGE_CURVE('',#2500,#2509,#2511,.T.);
#2509 = VERTEX_POINT('',#2510);
#2510 = CARTESIAN_POINT('',(-11.,-35.93919006417,19.851909438068));
#2511 = LINE('',#2512,#2513);
#2512 = CARTESIAN_POINT('',(-11.,-36.71688443689,18.397503468795));
#2513 = VECTOR('',#2514,1.);
#2514 = DIRECTION('',(7.444809872059E-16,0.471537353051,0.881846088996)
  );
#2515 = ORIENTED_EDGE('',*,*,#2516,.F.);
#2516 = EDGE_CURVE('',#2517,#2509,#2519,.T.);
#2517 = VERTEX_POINT('',#2518);
#2518 = CARTESIAN_POINT('',(-11.,-34.18330616856,19.866229999029));
#2519 = CIRCLE('',#2520,1.);
#2520 = AXIS2_PLACEMENT_3D('',#2521,#2522,#2523);
#2521 = CARTESIAN_POINT('',(-11.,-35.05734397518,19.380372085018));
#2522 = DIRECTION('',(1.,-5.540531131486E-16,-2.511309617475E-16));
#2523 = DIRECTION('',(-5.644799560529E-16,-0.999048221582,
    -4.361938736534E-02));
#2524 = ORIENTED_EDGE('',*,*,#2525,.T.);
#2525 = EDGE_CURVE('',#2517,#2526,#2528,.T.);
#2526 = VERTEX_POINT('',#2527);
#2527 = CARTESIAN_POINT('',(-11.,-33.44304111943,17.865428306429));
#2528 = CIRCLE('',#2529,7.);
#2529 = AXIS2_PLACEMENT_3D('',#2530,#2531,#2532);
#2530 = CARTESIAN_POINT('',(-11.,-40.30157081487,16.46522460095));
#2531 = DIRECTION('',(-1.,5.540531131486E-16,2.511309617475E-16));
#2532 = DIRECTION('',(-5.644799560529E-16,-0.999048221582,
    -4.361938736534E-02));
#2533 = ORIENTED_EDGE('',*,*,#2534,.F.);
#2534 = EDGE_CURVE('',#1612,#2526,#2535,.T.);
#2535 = CIRCLE('',#2536,3.);
#2536 = AXIS2_PLACEMENT_3D('',#2537,#2538,#2539);
#2537 = CARTESIAN_POINT('',(-11.,-30.50367124996,18.465515608777));
#2538 = DIRECTION('',(-1.,5.540531131486E-16,2.511309617475E-16));
#2539 = DIRECTION('',(-5.644799560529E-16,-0.999048221582,
    -4.361938736534E-02));
#2540 = ORIENTED_EDGE('',*,*,#1619,.F.);
#2541 = PLANE('',#2542);
#2542 = AXIS2_PLACEMENT_3D('',#2543,#2544,#2545);
#2543 = CARTESIAN_POINT('',(-11.,-45.37541359061,22.69950119115));
#2544 = DIRECTION('',(1.,-7.771561172376E-16,-1.110223024625E-15));
#2545 = DIRECTION('',(1.110223024625E-15,5.551115123126E-16,-1.));
#2546 = ADVANCED_FACE('',(#2547),#2566,.F.);
#2547 = FACE_BOUND('',#2548,.F.);
#2548 = EDGE_LOOP('',(#2549,#2558,#2559,#2560));
#2549 = ORIENTED_EDGE('',*,*,#2550,.F.);
#2550 = EDGE_CURVE('',#1604,#2551,#2553,.T.);
#2551 = VERTEX_POINT('',#2552);
#2552 = CARTESIAN_POINT('',(-16.,-33.44304111943,17.865428306429));
#2553 = CIRCLE('',#2554,3.);
#2554 = AXIS2_PLACEMENT_3D('',#2555,#2556,#2557);
#2555 = CARTESIAN_POINT('',(-16.,-30.50367124996,18.465515608777));
#2556 = DIRECTION('',(-1.,-3.319947570385E-16,-1.081193744513E-15));
#2557 = DIRECTION('',(3.788397803527E-16,-0.999048221582,
    -4.361938736534E-02));
#2558 = ORIENTED_EDGE('',*,*,#1611,.T.);
#2559 = ORIENTED_EDGE('',*,*,#2534,.T.);
#2560 = ORIENTED_EDGE('',*,*,#2561,.F.);
#2561 = EDGE_CURVE('',#2551,#2526,#2562,.T.);
#2562 = LINE('',#2563,#2564);
#2563 = CARTESIAN_POINT('',(-16.,-33.44304111943,17.865428306429));
#2564 = VECTOR('',#2565,1.);
#2565 = DIRECTION('',(1.,-3.524862975319E-16,-6.661338147751E-16));
#2566 = CYLINDRICAL_SURFACE('',#2567,3.);
#2567 = AXIS2_PLACEMENT_3D('',#2568,#2569,#2570);
#2568 = CARTESIAN_POINT('',(-16.,-30.50367124996,18.465515608777));
#2569 = DIRECTION('',(-1.,7.760977180737E-16,4.731755666726E-16));
#2570 = DIRECTION('',(-8.207162219011E-17,-0.999048221582,
    -4.361938736534E-02));
#2571 = ADVANCED_FACE('',(#2572),#2591,.T.);
#2572 = FACE_BOUND('',#2573,.T.);
#2573 = EDGE_LOOP('',(#2574,#2583,#2584,#2585));
#2574 = ORIENTED_EDGE('',*,*,#2575,.F.);
#2575 = EDGE_CURVE('',#1959,#2576,#2578,.T.);
#2576 = VERTEX_POINT('',#2577);
#2577 = CARTESIAN_POINT('',(-16.,-40.87063901012,23.442054926331));
#2578 = CIRCLE('',#2579,7.);
#2579 = AXIS2_PLACEMENT_3D('',#2580,#2581,#2582);
#2580 = CARTESIAN_POINT('',(-16.,-40.30157081487,16.46522460095));
#2581 = DIRECTION('',(-1.,-3.319947570385E-16,-1.081193744513E-15));
#2582 = DIRECTION('',(3.788397803527E-16,-0.999048221582,
    -4.361938736534E-02));
#2583 = ORIENTED_EDGE('',*,*,#2005,.T.);
#2584 = ORIENTED_EDGE('',*,*,#2446,.T.);
#2585 = ORIENTED_EDGE('',*,*,#2586,.F.);
#2586 = EDGE_CURVE('',#2576,#2447,#2587,.T.);
#2587 = LINE('',#2588,#2589);
#2588 = CARTESIAN_POINT('',(-1.634479293073E-14,-40.87063901012,
    23.442054926331));
#2589 = VECTOR('',#2590,1.);
#2590 = DIRECTION('',(1.,-3.524862975319E-16,-6.661338147751E-16));
#2591 = CYLINDRICAL_SURFACE('',#2592,7.);
#2592 = AXIS2_PLACEMENT_3D('',#2593,#2594,#2595);
#2593 = CARTESIAN_POINT('',(-16.,-40.30157081487,16.46522460095));
#2594 = DIRECTION('',(-1.,7.760977180737E-16,4.731755666726E-16));
#2595 = DIRECTION('',(-8.207162219011E-17,-0.999048221582,
    -4.361938736534E-02));
#2596 = ADVANCED_FACE('',(#2597),#2608,.T.);
#2597 = FACE_BOUND('',#2598,.F.);
#2598 = EDGE_LOOP('',(#2599,#2600,#2601,#2607));
#2599 = ORIENTED_EDGE('',*,*,#1989,.T.);
#2600 = ORIENTED_EDGE('',*,*,#2438,.T.);
#2601 = ORIENTED_EDGE('',*,*,#2602,.F.);
#2602 = EDGE_CURVE('',#1835,#2430,#2603,.T.);
#2603 = LINE('',#2604,#2605);
#2604 = CARTESIAN_POINT('',(11.,-45.38080556045,6.708105435989));
#2605 = VECTOR('',#2606,1.);
#2606 = DIRECTION('',(-1.,3.524862975319E-16,6.661338147751E-16));
#2607 = ORIENTED_EDGE('',*,*,#1843,.F.);
#2608 = CYLINDRICAL_SURFACE('',#2609,1.);
#2609 = AXIS2_PLACEMENT_3D('',#2610,#2611,#2612);
#2610 = CARTESIAN_POINT('',(11.,-45.84255417369,5.821094602811));
#2611 = DIRECTION('',(1.,-7.760977180737E-16,-4.731755666726E-16));
#2612 = DIRECTION('',(-8.207162219011E-17,-0.999048221582,
    -4.361938736534E-02));
#2613 = ADVANCED_FACE('',(#2614),#2633,.T.);
#2614 = FACE_BOUND('',#2615,.T.);
#2615 = EDGE_LOOP('',(#2616,#2617,#2618,#2627));
#2616 = ORIENTED_EDGE('',*,*,#1860,.F.);
#2617 = ORIENTED_EDGE('',*,*,#1982,.T.);
#2618 = ORIENTED_EDGE('',*,*,#2619,.T.);
#2619 = EDGE_CURVE('',#1975,#2620,#2622,.T.);
#2620 = VERTEX_POINT('',#2621);
#2621 = CARTESIAN_POINT('',(16.,-40.87063901012,23.442054926331));
#2622 = CIRCLE('',#2623,7.);
#2623 = AXIS2_PLACEMENT_3D('',#2624,#2625,#2626);
#2624 = CARTESIAN_POINT('',(16.,-40.30157081487,16.46522460095));
#2625 = DIRECTION('',(-1.,-3.319947570385E-16,-1.081193744513E-15));
#2626 = DIRECTION('',(3.788397803527E-16,-0.999048221582,
    -4.361938736534E-02));
#2627 = ORIENTED_EDGE('',*,*,#2628,.F.);
#2628 = EDGE_CURVE('',#1861,#2620,#2629,.T.);
#2629 = LINE('',#2630,#2631);
#2630 = CARTESIAN_POINT('',(-1.634479293073E-14,-40.87063901012,
    23.442054926331));
#2631 = VECTOR('',#2632,1.);
#2632 = DIRECTION('',(1.,-3.524862975319E-16,-6.661338147751E-16));
#2633 = CYLINDRICAL_SURFACE('',#2634,7.);
#2634 = AXIS2_PLACEMENT_3D('',#2635,#2636,#2637);
#2635 = CARTESIAN_POINT('',(-16.,-40.30157081487,16.46522460095));
#2636 = DIRECTION('',(-1.,7.760977180737E-16,4.731755666726E-16));
#2637 = DIRECTION('',(-8.207162219011E-17,-0.999048221582,
    -4.361938736534E-02));
#2638 = ADVANCED_FACE('',(#2639),#2645,.F.);
#2639 = FACE_BOUND('',#2640,.F.);
#2640 = EDGE_LOOP('',(#2641,#2642,#2643,#2644));
#2641 = ORIENTED_EDGE('',*,*,#1712,.T.);
#2642 = ORIENTED_EDGE('',*,*,#1738,.T.);
#2643 = ORIENTED_EDGE('',*,*,#1777,.F.);
#2644 = ORIENTED_EDGE('',*,*,#1675,.F.);
#2645 = CYLINDRICAL_SURFACE('',#2646,11.);
#2646 = AXIS2_PLACEMENT_3D('',#2647,#2648,#2649);
#2647 = CARTESIAN_POINT('',(11.,40.301570814873,16.46522460095));
#2648 = DIRECTION('',(1.,-1.555370633639E-15,-1.40108659285E-16));
#2649 = DIRECTION('',(-9.979950047758E-16,0.999048221582,
    -4.361938736534E-02));
#2650 = ADVANCED_FACE('',(#2651),#2670,.T.);
#2651 = FACE_BOUND('',#2652,.T.);
#2652 = EDGE_LOOP('',(#2653,#2654,#2662,#2669));
#2653 = ORIENTED_EDGE('',*,*,#1939,.F.);
#2654 = ORIENTED_EDGE('',*,*,#2655,.F.);
#2655 = EDGE_CURVE('',#2656,#1931,#2658,.T.);
#2656 = VERTEX_POINT('',#2657);
#2657 = CARTESIAN_POINT('',(16.,-34.18330616856,19.866229999029));
#2658 = LINE('',#2659,#2660);
#2659 = CARTESIAN_POINT('',(-1.65205812457E-14,-34.18330616856,
    19.866229999029));
#2660 = VECTOR('',#2661,1.);
#2661 = DIRECTION('',(-1.,3.524862975319E-16,6.661338147751E-16));
#2662 = ORIENTED_EDGE('',*,*,#2663,.T.);
#2663 = EDGE_CURVE('',#2656,#1803,#2664,.T.);
#2664 = CIRCLE('',#2665,7.);
#2665 = AXIS2_PLACEMENT_3D('',#2666,#2667,#2668);
#2666 = CARTESIAN_POINT('',(16.,-40.30157081487,16.46522460095));
#2667 = DIRECTION('',(-1.,-3.319947570385E-16,-1.081193744513E-15));
#2668 = DIRECTION('',(3.788397803527E-16,-0.999048221582,
    -4.361938736534E-02));
#2669 = ORIENTED_EDGE('',*,*,#1811,.F.);
#2670 = CYLINDRICAL_SURFACE('',#2671,7.);
#2671 = AXIS2_PLACEMENT_3D('',#2672,#2673,#2674);
#2672 = CARTESIAN_POINT('',(-16.,-40.30157081487,16.46522460095));
#2673 = DIRECTION('',(-1.,7.760977180737E-16,4.731755666726E-16));
#2674 = DIRECTION('',(-8.207162219011E-17,-0.999048221582,
    -4.361938736534E-02));
#2675 = ADVANCED_FACE('',(#2676),#2695,.T.);
#2676 = FACE_BOUND('',#2677,.F.);
#2677 = EDGE_LOOP('',(#2678,#2686,#2687,#2688));
#2678 = ORIENTED_EDGE('',*,*,#2679,.F.);
#2679 = EDGE_CURVE('',#1923,#2680,#2682,.T.);
#2680 = VERTEX_POINT('',#2681);
#2681 = CARTESIAN_POINT('',(16.,-35.93919006417,19.851909438068));
#2682 = LINE('',#2683,#2684);
#2683 = CARTESIAN_POINT('',(-1.907895105307E-14,-35.93919006417,
    19.851909438068));
#2684 = VECTOR('',#2685,1.);
#2685 = DIRECTION('',(1.,-3.524862975319E-16,-6.661338147751E-16));
#2686 = ORIENTED_EDGE('',*,*,#1930,.F.);
#2687 = ORIENTED_EDGE('',*,*,#2655,.F.);
#2688 = ORIENTED_EDGE('',*,*,#2689,.T.);
#2689 = EDGE_CURVE('',#2656,#2680,#2690,.T.);
#2690 = CIRCLE('',#2691,1.);
#2691 = AXIS2_PLACEMENT_3D('',#2692,#2693,#2694);
#2692 = CARTESIAN_POINT('',(16.,-35.05734397518,19.380372085018));
#2693 = DIRECTION('',(1.,-5.540531131486E-16,-2.511309617475E-16));
#2694 = DIRECTION('',(-5.644799560529E-16,-0.999048221582,
    -4.361938736534E-02));
#2695 = CYLINDRICAL_SURFACE('',#2696,1.);
#2696 = AXIS2_PLACEMENT_3D('',#2697,#2698,#2699);
#2697 = CARTESIAN_POINT('',(-1.63071793055E-14,-35.05734397518,
    19.380372085018));
#2698 = DIRECTION('',(1.,-7.760977180737E-16,-4.731755666726E-16));
#2699 = DIRECTION('',(-8.207162219011E-17,-0.999048221582,
    -4.361938736534E-02));
#2700 = ADVANCED_FACE('',(#2701),#2719,.F.);
#2701 = FACE_BOUND('',#2702,.T.);
#2702 = EDGE_LOOP('',(#2703,#2704,#2705,#2713));
#2703 = ORIENTED_EDGE('',*,*,#2679,.F.);
#2704 = ORIENTED_EDGE('',*,*,#1922,.F.);
#2705 = ORIENTED_EDGE('',*,*,#2706,.F.);
#2706 = EDGE_CURVE('',#2707,#1914,#2709,.T.);
#2707 = VERTEX_POINT('',#2708);
#2708 = CARTESIAN_POINT('',(16.,-37.22191700141,17.453016273962));
#2709 = LINE('',#2710,#2711);
#2710 = CARTESIAN_POINT('',(-1.531738708443E-14,-37.22191700141,
    17.453016273962));
#2711 = VECTOR('',#2712,1.);
#2712 = DIRECTION('',(-1.,3.524862975319E-16,6.661338147751E-16));
#2713 = ORIENTED_EDGE('',*,*,#2714,.T.);
#2714 = EDGE_CURVE('',#2707,#2680,#2715,.T.);
#2715 = LINE('',#2716,#2717);
#2716 = CARTESIAN_POINT('',(16.,-37.44898532371,17.0283642063));
#2717 = VECTOR('',#2718,1.);
#2718 = DIRECTION('',(7.444809872059E-16,0.471537353051,0.881846088996)
  );
#2719 = PLANE('',#2720);
#2720 = AXIS2_PLACEMENT_3D('',#2721,#2722,#2723);
#2721 = CARTESIAN_POINT('',(-1.118288439983E-14,-36.58055353279,
    18.652462856015));
#2722 = DIRECTION('',(-8.667732196093E-17,0.881846088996,-0.471537353051
    ));
#2723 = DIRECTION('',(-4.439694955045E-16,0.471537353051,0.881846088996)
  );
#2724 = ADVANCED_FACE('',(#2725),#2744,.T.);
#2725 = FACE_BOUND('',#2726,.F.);
#2726 = EDGE_LOOP('',(#2727,#2735,#2736,#2737));
#2727 = ORIENTED_EDGE('',*,*,#2728,.F.);
#2728 = EDGE_CURVE('',#1905,#2729,#2731,.T.);
#2729 = VERTEX_POINT('',#2730);
#2730 = CARTESIAN_POINT('',(16.,-37.26996296496,17.112799959035));
#2731 = LINE('',#2732,#2733);
#2732 = CARTESIAN_POINT('',(-1.740995164E-14,-37.26996296496,
    17.112799959035));
#2733 = VECTOR('',#2734,1.);
#2734 = DIRECTION('',(1.,-3.524862975319E-16,-6.661338147751E-16));
#2735 = ORIENTED_EDGE('',*,*,#1913,.F.);
#2736 = ORIENTED_EDGE('',*,*,#2706,.F.);
#2737 = ORIENTED_EDGE('',*,*,#2738,.T.);
#2738 = EDGE_CURVE('',#2707,#2729,#2739,.T.);
#2739 = CIRCLE('',#2740,0.5);
#2740 = AXIS2_PLACEMENT_3D('',#2741,#2742,#2743);
#2741 = CARTESIAN_POINT('',(16.,-36.78099395692,17.217247597436));
#2742 = DIRECTION('',(1.,-5.540531131486E-16,-2.511309617475E-16));
#2743 = DIRECTION('',(-5.644799560529E-16,-0.999048221582,
    -4.361938736534E-02));
#2744 = CYLINDRICAL_SURFACE('',#2745,0.5);
#2745 = AXIS2_PLACEMENT_3D('',#2746,#2747,#2748);
#2746 = CARTESIAN_POINT('',(-1.511870562936E-14,-36.78099395692,
    17.217247597436));
#2747 = DIRECTION('',(1.,-7.760977180737E-16,-4.731755666726E-16));
#2748 = DIRECTION('',(-8.207162219011E-17,-0.999048221582,
    -4.361938736534E-02));
#2749 = ADVANCED_FACE('',(#2750),#2776,.T.);
#2750 = FACE_BOUND('',#2751,.F.);
#2751 = EDGE_LOOP('',(#2752,#2760,#2761,#2769));
#2752 = ORIENTED_EDGE('',*,*,#2753,.F.);
#2753 = EDGE_CURVE('',#1879,#2754,#2756,.T.);
#2754 = VERTEX_POINT('',#2755);
#2755 = CARTESIAN_POINT('',(16.,-41.1902244019,19.57493436269));
#2756 = LINE('',#2757,#2758);
#2757 = CARTESIAN_POINT('',(-1.513802203791E-14,-41.1902244019,
    19.57493436269));
#2758 = VECTOR('',#2759,1.);
#2759 = DIRECTION('',(1.,-3.524862975319E-16,-6.661338147751E-16));
#2760 = ORIENTED_EDGE('',*,*,#1886,.F.);
#2761 = ORIENTED_EDGE('',*,*,#2762,.F.);
#2762 = EDGE_CURVE('',#2763,#1887,#2765,.T.);
#2763 = VERTEX_POINT('',#2764);
#2764 = CARTESIAN_POINT('',(16.,-41.44648402535,19.346053256123));
#2765 = LINE('',#2766,#2767);
#2766 = CARTESIAN_POINT('',(-1.698789136143E-14,-41.44648402535,
    19.346053256123));
#2767 = VECTOR('',#2768,1.);
#2768 = DIRECTION('',(-1.,3.524862975319E-16,6.661338147751E-16));
#2769 = ORIENTED_EDGE('',*,*,#2770,.T.);
#2770 = EDGE_CURVE('',#2763,#2754,#2771,.T.);
#2771 = CIRCLE('',#2772,0.5);
#2772 = AXIS2_PLACEMENT_3D('',#2773,#2774,#2775);
#2773 = CARTESIAN_POINT('',(16.,-41.63114744639,19.810703039216));
#2774 = DIRECTION('',(1.,-5.540531131486E-16,-2.511309617475E-16));
#2775 = DIRECTION('',(-5.644799560529E-16,-0.999048221582,
    -4.361938736534E-02));
#2776 = CYLINDRICAL_SURFACE('',#2777,0.5);
#2777 = AXIS2_PLACEMENT_3D('',#2778,#2779,#2780);
#2778 = CARTESIAN_POINT('',(-1.730420163516E-14,-41.63114744639,
    19.810703039216));
#2779 = DIRECTION('',(1.,-7.760977180737E-16,-4.731755666726E-16));
#2780 = DIRECTION('',(-8.207162219011E-17,-0.999048221582,
    -4.361938736534E-02));
#2781 = ADVANCED_FACE('',(#2782),#2800,.F.);
#2782 = FACE_BOUND('',#2783,.T.);
#2783 = EDGE_LOOP('',(#2784,#2785,#2786,#2794));
#2784 = ORIENTED_EDGE('',*,*,#2753,.F.);
#2785 = ORIENTED_EDGE('',*,*,#1878,.F.);
#2786 = ORIENTED_EDGE('',*,*,#2787,.F.);
#2787 = EDGE_CURVE('',#2788,#1870,#2790,.T.);
#2788 = VERTEX_POINT('',#2789);
#2789 = CARTESIAN_POINT('',(16.,-39.90749746466,21.973827526797));
#2790 = LINE('',#2791,#2792);
#2791 = CARTESIAN_POINT('',(-1.84926753113E-14,-39.90749746466,
    21.973827526797));
#2792 = VECTOR('',#2793,1.);
#2793 = DIRECTION('',(-1.,3.524862975319E-16,6.661338147751E-16));
#2794 = ORIENTED_EDGE('',*,*,#2795,.T.);
#2795 = EDGE_CURVE('',#2788,#2754,#2796,.T.);
#2796 = LINE('',#2797,#2798);
#2797 = CARTESIAN_POINT('',(16.,-41.41729272419,19.150282295029));
#2798 = VECTOR('',#2799,1.);
#2799 = DIRECTION('',(-7.444809872059E-16,-0.471537353051,
    -0.881846088996));
#2800 = PLANE('',#2801);
#2801 = AXIS2_PLACEMENT_3D('',#2802,#2803,#2804);
#2802 = CARTESIAN_POINT('',(-4.72385051583E-15,-40.54886093328,
    20.774380944744));
#2803 = DIRECTION('',(8.621240885782E-17,-0.881846088996,0.471537353051)
  );
#2804 = DIRECTION('',(4.439694955045E-16,-0.471537353051,-0.881846088996
    ));
#2805 = ADVANCED_FACE('',(#2806),#2818,.T.);
#2806 = FACE_BOUND('',#2807,.F.);
#2807 = EDGE_LOOP('',(#2808,#2809,#2810,#2811));
#2808 = ORIENTED_EDGE('',*,*,#2628,.F.);
#2809 = ORIENTED_EDGE('',*,*,#1869,.F.);
#2810 = ORIENTED_EDGE('',*,*,#2787,.F.);
#2811 = ORIENTED_EDGE('',*,*,#2812,.T.);
#2812 = EDGE_CURVE('',#2788,#2620,#2813,.T.);
#2813 = CIRCLE('',#2814,1.);
#2814 = AXIS2_PLACEMENT_3D('',#2815,#2816,#2817);
#2815 = CARTESIAN_POINT('',(16.,-40.78934355365,22.445364879848));
#2816 = DIRECTION('',(1.,-5.540531131486E-16,-2.511309617475E-16));
#2817 = DIRECTION('',(-5.644799560529E-16,-0.999048221582,
    -4.361938736534E-02));
#2818 = CYLINDRICAL_SURFACE('',#2819,1.);
#2819 = AXIS2_PLACEMENT_3D('',#2820,#2821,#2822);
#2820 = CARTESIAN_POINT('',(-1.889003822144E-14,-40.78934355365,
    22.445364879848));
#2821 = DIRECTION('',(1.,-7.760977180737E-16,-4.731755666726E-16));
#2822 = DIRECTION('',(-8.207162219011E-17,-0.999048221582,
    -4.361938736534E-02));
#2823 = ADVANCED_FACE('',(#2824),#2830,.F.);
#2824 = FACE_BOUND('',#2825,.T.);
#2825 = EDGE_LOOP('',(#2826,#2827,#2828,#2829));
#2826 = ORIENTED_EDGE('',*,*,#2403,.T.);
#2827 = ORIENTED_EDGE('',*,*,#2429,.T.);
#2828 = ORIENTED_EDGE('',*,*,#2602,.F.);
#2829 = ORIENTED_EDGE('',*,*,#1834,.F.);
#2830 = CYLINDRICAL_SURFACE('',#2831,11.);
#2831 = AXIS2_PLACEMENT_3D('',#2832,#2833,#2834);
#2832 = CARTESIAN_POINT('',(11.,-40.30157081487,16.46522460095));
#2833 = DIRECTION('',(1.,-7.760977180737E-16,-4.731755666726E-16));
#2834 = DIRECTION('',(-8.207162219011E-17,-0.999048221582,
    -4.361938736534E-02));
#2835 = ADVANCED_FACE('',(#2836),#2855,.T.);
#2836 = FACE_BOUND('',#2837,.T.);
#2837 = EDGE_LOOP('',(#2838,#2847,#2853,#2854));
#2838 = ORIENTED_EDGE('',*,*,#2839,.F.);
#2839 = EDGE_CURVE('',#2840,#2551,#2842,.T.);
#2840 = VERTEX_POINT('',#2841);
#2841 = CARTESIAN_POINT('',(-16.,-34.18330616856,19.866229999029));
#2842 = CIRCLE('',#2843,7.);
#2843 = AXIS2_PLACEMENT_3D('',#2844,#2845,#2846);
#2844 = CARTESIAN_POINT('',(-16.,-40.30157081487,16.46522460095));
#2845 = DIRECTION('',(-1.,-3.319947570385E-16,-1.081193744513E-15));
#2846 = DIRECTION('',(3.788397803527E-16,-0.999048221582,
    -4.361938736534E-02));
#2847 = ORIENTED_EDGE('',*,*,#2848,.F.);
#2848 = EDGE_CURVE('',#2517,#2840,#2849,.T.);
#2849 = LINE('',#2850,#2851);
#2850 = CARTESIAN_POINT('',(-1.65205812457E-14,-34.18330616856,
    19.866229999029));
#2851 = VECTOR('',#2852,1.);
#2852 = DIRECTION('',(-1.,3.524862975319E-16,6.661338147751E-16));
#2853 = ORIENTED_EDGE('',*,*,#2525,.T.);
#2854 = ORIENTED_EDGE('',*,*,#2561,.F.);
#2855 = CYLINDRICAL_SURFACE('',#2856,7.);
#2856 = AXIS2_PLACEMENT_3D('',#2857,#2858,#2859);
#2857 = CARTESIAN_POINT('',(-16.,-40.30157081487,16.46522460095));
#2858 = DIRECTION('',(-1.,7.760977180737E-16,4.731755666726E-16));
#2859 = DIRECTION('',(-8.207162219011E-17,-0.999048221582,
    -4.361938736534E-02));
#2860 = ADVANCED_FACE('',(#2861),#2880,.T.);
#2861 = FACE_BOUND('',#2862,.F.);
#2862 = EDGE_LOOP('',(#2863,#2871,#2878,#2879));
#2863 = ORIENTED_EDGE('',*,*,#2864,.F.);
#2864 = EDGE_CURVE('',#2865,#2509,#2867,.T.);
#2865 = VERTEX_POINT('',#2866);
#2866 = CARTESIAN_POINT('',(-16.,-35.93919006417,19.851909438068));
#2867 = LINE('',#2868,#2869);
#2868 = CARTESIAN_POINT('',(-1.907895105307E-14,-35.93919006417,
    19.851909438068));
#2869 = VECTOR('',#2870,1.);
#2870 = DIRECTION('',(1.,-3.524862975319E-16,-6.661338147751E-16));
#2871 = ORIENTED_EDGE('',*,*,#2872,.F.);
#2872 = EDGE_CURVE('',#2840,#2865,#2873,.T.);
#2873 = CIRCLE('',#2874,1.);
#2874 = AXIS2_PLACEMENT_3D('',#2875,#2876,#2877);
#2875 = CARTESIAN_POINT('',(-16.,-35.05734397518,19.380372085018));
#2876 = DIRECTION('',(1.,-5.540531131486E-16,-2.511309617475E-16));
#2877 = DIRECTION('',(-5.644799560529E-16,-0.999048221582,
    -4.361938736534E-02));
#2878 = ORIENTED_EDGE('',*,*,#2848,.F.);
#2879 = ORIENTED_EDGE('',*,*,#2516,.T.);
#2880 = CYLINDRICAL_SURFACE('',#2881,1.);
#2881 = AXIS2_PLACEMENT_3D('',#2882,#2883,#2884);
#2882 = CARTESIAN_POINT('',(-1.63071793055E-14,-35.05734397518,
    19.380372085018));
#2883 = DIRECTION('',(1.,-7.760977180737E-16,-4.731755666726E-16));
#2884 = DIRECTION('',(-8.207162219011E-17,-0.999048221582,
    -4.361938736534E-02));
#2885 = ADVANCED_FACE('',(#2886),#2904,.F.);
#2886 = FACE_BOUND('',#2887,.T.);
#2887 = EDGE_LOOP('',(#2888,#2889,#2897,#2903));
#2888 = ORIENTED_EDGE('',*,*,#2864,.F.);
#2889 = ORIENTED_EDGE('',*,*,#2890,.F.);
#2890 = EDGE_CURVE('',#2891,#2865,#2893,.T.);
#2891 = VERTEX_POINT('',#2892);
#2892 = CARTESIAN_POINT('',(-16.,-37.22191700141,17.453016273962));
#2893 = LINE('',#2894,#2895);
#2894 = CARTESIAN_POINT('',(-16.,-37.44898532371,17.0283642063));
#2895 = VECTOR('',#2896,1.);
#2896 = DIRECTION('',(7.444809872059E-16,0.471537353051,0.881846088996)
  );
#2897 = ORIENTED_EDGE('',*,*,#2898,.F.);
#2898 = EDGE_CURVE('',#2500,#2891,#2899,.T.);
#2899 = LINE('',#2900,#2901);
#2900 = CARTESIAN_POINT('',(-1.531738708443E-14,-37.22191700141,
    17.453016273962));
#2901 = VECTOR('',#2902,1.);
#2902 = DIRECTION('',(-1.,3.524862975319E-16,6.661338147751E-16));
#2903 = ORIENTED_EDGE('',*,*,#2508,.T.);
#2904 = PLANE('',#2905);
#2905 = AXIS2_PLACEMENT_3D('',#2906,#2907,#2908);
#2906 = CARTESIAN_POINT('',(-1.118288439983E-14,-36.58055353279,
    18.652462856015));
#2907 = DIRECTION('',(-8.667732196093E-17,0.881846088996,-0.471537353051
    ));
#2908 = DIRECTION('',(-4.439694955045E-16,0.471537353051,0.881846088996)
  );
#2909 = ADVANCED_FACE('',(#2910),#2929,.T.);
#2910 = FACE_BOUND('',#2911,.F.);
#2911 = EDGE_LOOP('',(#2912,#2920,#2927,#2928));
#2912 = ORIENTED_EDGE('',*,*,#2913,.F.);
#2913 = EDGE_CURVE('',#2914,#2491,#2916,.T.);
#2914 = VERTEX_POINT('',#2915);
#2915 = CARTESIAN_POINT('',(-16.,-37.26996296496,17.112799959035));
#2916 = LINE('',#2917,#2918);
#2917 = CARTESIAN_POINT('',(-1.740995164E-14,-37.26996296496,
    17.112799959035));
#2918 = VECTOR('',#2919,1.);
#2919 = DIRECTION('',(1.,-3.524862975319E-16,-6.661338147751E-16));
#2920 = ORIENTED_EDGE('',*,*,#2921,.F.);
#2921 = EDGE_CURVE('',#2891,#2914,#2922,.T.);
#2922 = CIRCLE('',#2923,0.5);
#2923 = AXIS2_PLACEMENT_3D('',#2924,#2925,#2926);
#2924 = CARTESIAN_POINT('',(-16.,-36.78099395692,17.217247597436));
#2925 = DIRECTION('',(1.,-5.540531131486E-16,-2.511309617475E-16));
#2926 = DIRECTION('',(-5.644799560529E-16,-0.999048221582,
    -4.361938736534E-02));
#2927 = ORIENTED_EDGE('',*,*,#2898,.F.);
#2928 = ORIENTED_EDGE('',*,*,#2499,.T.);
#2929 = CYLINDRICAL_SURFACE('',#2930,0.5);
#2930 = AXIS2_PLACEMENT_3D('',#2931,#2932,#2933);
#2931 = CARTESIAN_POINT('',(-1.511870562936E-14,-36.78099395692,
    17.217247597436));
#2932 = DIRECTION('',(1.,-7.760977180737E-16,-4.731755666726E-16));
#2933 = DIRECTION('',(-8.207162219011E-17,-0.999048221582,
    -4.361938736534E-02));
#2934 = ADVANCED_FACE('',(#2935),#2961,.T.);
#2935 = FACE_BOUND('',#2936,.F.);
#2936 = EDGE_LOOP('',(#2937,#2945,#2954,#2960));
#2937 = ORIENTED_EDGE('',*,*,#2938,.F.);
#2938 = EDGE_CURVE('',#2939,#2465,#2941,.T.);
#2939 = VERTEX_POINT('',#2940);
#2940 = CARTESIAN_POINT('',(-16.,-41.1902244019,19.57493436269));
#2941 = LINE('',#2942,#2943);
#2942 = CARTESIAN_POINT('',(-1.513802203791E-14,-41.1902244019,
    19.57493436269));
#2943 = VECTOR('',#2944,1.);
#2944 = DIRECTION('',(1.,-3.524862975319E-16,-6.661338147751E-16));
#2945 = ORIENTED_EDGE('',*,*,#2946,.F.);
#2946 = EDGE_CURVE('',#2947,#2939,#2949,.T.);
#2947 = VERTEX_POINT('',#2948);
#2948 = CARTESIAN_POINT('',(-16.,-41.44648402535,19.346053256123));
#2949 = CIRCLE('',#2950,0.5);
#2950 = AXIS2_PLACEMENT_3D('',#2951,#2952,#2953);
#2951 = CARTESIAN_POINT('',(-16.,-41.63114744639,19.810703039216));
#2952 = DIRECTION('',(1.,-5.540531131486E-16,-2.511309617475E-16));
#2953 = DIRECTION('',(-5.644799560529E-16,-0.999048221582,
    -4.361938736534E-02));
#2954 = ORIENTED_EDGE('',*,*,#2955,.F.);
#2955 = EDGE_CURVE('',#2473,#2947,#2956,.T.);
#2956 = LINE('',#2957,#2958);
#2957 = CARTESIAN_POINT('',(-1.698789136143E-14,-41.44648402535,
    19.346053256123));
#2958 = VECTOR('',#2959,1.);
#2959 = DIRECTION('',(-1.,3.524862975319E-16,6.661338147751E-16));
#2960 = ORIENTED_EDGE('',*,*,#2472,.T.);
#2961 = CYLINDRICAL_SURFACE('',#2962,0.5);
#2962 = AXIS2_PLACEMENT_3D('',#2963,#2964,#2965);
#2963 = CARTESIAN_POINT('',(-1.730420163516E-14,-41.63114744639,
    19.810703039216));
#2964 = DIRECTION('',(1.,-7.760977180737E-16,-4.731755666726E-16));
#2965 = DIRECTION('',(-8.207162219011E-17,-0.999048221582,
    -4.361938736534E-02));
#2966 = ADVANCED_FACE('',(#2967),#2985,.F.);
#2967 = FACE_BOUND('',#2968,.T.);
#2968 = EDGE_LOOP('',(#2969,#2970,#2978,#2984));
#2969 = ORIENTED_EDGE('',*,*,#2938,.F.);
#2970 = ORIENTED_EDGE('',*,*,#2971,.F.);
#2971 = EDGE_CURVE('',#2972,#2939,#2974,.T.);
#2972 = VERTEX_POINT('',#2973);
#2973 = CARTESIAN_POINT('',(-16.,-39.90749746466,21.973827526797));
#2974 = LINE('',#2975,#2976);
#2975 = CARTESIAN_POINT('',(-16.,-41.41729272419,19.150282295029));
#2976 = VECTOR('',#2977,1.);
#2977 = DIRECTION('',(-7.444809872059E-16,-0.471537353051,
    -0.881846088996));
#2978 = ORIENTED_EDGE('',*,*,#2979,.F.);
#2979 = EDGE_CURVE('',#2456,#2972,#2980,.T.);
#2980 = LINE('',#2981,#2982);
#2981 = CARTESIAN_POINT('',(-1.84926753113E-14,-39.90749746466,
    21.973827526797));
#2982 = VECTOR('',#2983,1.);
#2983 = DIRECTION('',(-1.,3.524862975319E-16,6.661338147751E-16));
#2984 = ORIENTED_EDGE('',*,*,#2464,.T.);
#2985 = PLANE('',#2986);
#2986 = AXIS2_PLACEMENT_3D('',#2987,#2988,#2989);
#2987 = CARTESIAN_POINT('',(-4.72385051583E-15,-40.54886093328,
    20.774380944744));
#2988 = DIRECTION('',(8.621240885782E-17,-0.881846088996,0.471537353051)
  );
#2989 = DIRECTION('',(4.439694955045E-16,-0.471537353051,-0.881846088996
    ));
#2990 = ADVANCED_FACE('',(#2991),#3003,.T.);
#2991 = FACE_BOUND('',#2992,.F.);
#2992 = EDGE_LOOP('',(#2993,#2994,#3001,#3002));
#2993 = ORIENTED_EDGE('',*,*,#2586,.F.);
#2994 = ORIENTED_EDGE('',*,*,#2995,.F.);
#2995 = EDGE_CURVE('',#2972,#2576,#2996,.T.);
#2996 = CIRCLE('',#2997,1.);
#2997 = AXIS2_PLACEMENT_3D('',#2998,#2999,#3000);
#2998 = CARTESIAN_POINT('',(-16.,-40.78934355365,22.445364879848));
#2999 = DIRECTION('',(1.,-5.540531131486E-16,-2.511309617475E-16));
#3000 = DIRECTION('',(-5.644799560529E-16,-0.999048221582,
    -4.361938736534E-02));
#3001 = ORIENTED_EDGE('',*,*,#2979,.F.);
#3002 = ORIENTED_EDGE('',*,*,#2455,.T.);
#3003 = CYLINDRICAL_SURFACE('',#3004,1.);
#3004 = AXIS2_PLACEMENT_3D('',#3005,#3006,#3007);
#3005 = CARTESIAN_POINT('',(-1.889003822144E-14,-40.78934355365,
    22.445364879848));
#3006 = DIRECTION('',(1.,-7.760977180737E-16,-4.731755666726E-16));
#3007 = DIRECTION('',(-8.207162219011E-17,-0.999048221582,
    -4.361938736534E-02));
#3008 = ADVANCED_FACE('',(#3009,#3120,#3173,#3226,#3279),#3332,.T.);
#3009 = FACE_BOUND('',#3010,.T.);
#3010 = EDGE_LOOP('',(#3011,#3012,#3013,#3014,#3015,#3016,#3017,#3018,
    #3019,#3020,#3021,#3022,#3023,#3024,#3025,#3026,#3027,#3028,#3029,
    #3030,#3031,#3032,#3033,#3034,#3035,#3036,#3037,#3038,#3039,#3040,
    #3041,#3042,#3048,#3049,#3050,#3051,#3052,#3053,#3054,#3055,#3056,
    #3057,#3058,#3059,#3060,#3061,#3062,#3063,#3064,#3065,#3074,#3083,
    #3092,#3101,#3108,#3109,#3110,#3111,#3112,#3113,#3114,#3115,#3116,
    #3117,#3118,#3119));
#3011 = ORIENTED_EDGE('',*,*,#553,.F.);
#3012 = ORIENTED_EDGE('',*,*,#593,.T.);
#3013 = ORIENTED_EDGE('',*,*,#617,.F.);
#3014 = ORIENTED_EDGE('',*,*,#657,.F.);
#3015 = ORIENTED_EDGE('',*,*,#681,.F.);
#3016 = ORIENTED_EDGE('',*,*,#721,.F.);
#3017 = ORIENTED_EDGE('',*,*,#744,.F.);
#3018 = ORIENTED_EDGE('',*,*,#807,.T.);
#3019 = ORIENTED_EDGE('',*,*,#840,.F.);
#3020 = ORIENTED_EDGE('',*,*,#883,.F.);
#3021 = ORIENTED_EDGE('',*,*,#907,.F.);
#3022 = ORIENTED_EDGE('',*,*,#947,.F.);
#3023 = ORIENTED_EDGE('',*,*,#971,.T.);
#3024 = ORIENTED_EDGE('',*,*,#980,.T.);
#3025 = ORIENTED_EDGE('',*,*,#1031,.F.);
#3026 = ORIENTED_EDGE('',*,*,#1055,.F.);
#3027 = ORIENTED_EDGE('',*,*,#511,.F.);
#3028 = ORIENTED_EDGE('',*,*,#477,.F.);
#3029 = ORIENTED_EDGE('',*,*,#414,.F.);
#3030 = ORIENTED_EDGE('',*,*,#377,.F.);
#3031 = ORIENTED_EDGE('',*,*,#319,.F.);
#3032 = ORIENTED_EDGE('',*,*,#392,.F.);
#3033 = ORIENTED_EDGE('',*,*,#287,.F.);
#3034 = ORIENTED_EDGE('',*,*,#265,.F.);
#3035 = ORIENTED_EDGE('',*,*,#223,.F.);
#3036 = ORIENTED_EDGE('',*,*,#201,.F.);
#3037 = ORIENTED_EDGE('',*,*,#175,.T.);
#3038 = ORIENTED_EDGE('',*,*,#137,.F.);
#3039 = ORIENTED_EDGE('',*,*,#111,.T.);
#3040 = ORIENTED_EDGE('',*,*,#73,.F.);
#3041 = ORIENTED_EDGE('',*,*,#31,.F.);
#3042 = ORIENTED_EDGE('',*,*,#3043,.F.);
#3043 = EDGE_CURVE('',#2115,#22,#3044,.T.);
#3044 = LINE('',#3045,#3046);
#3045 = CARTESIAN_POINT('',(-16.,12.960412590858,5.));
#3046 = VECTOR('',#3047,1.);
#3047 = DIRECTION('',(8.881784197001E-16,1.,-1.555595575211E-15));
#3048 = ORIENTED_EDGE('',*,*,#2124,.F.);
#3049 = ORIENTED_EDGE('',*,*,#2166,.T.);
#3050 = ORIENTED_EDGE('',*,*,#2204,.T.);
#3051 = ORIENTED_EDGE('',*,*,#2230,.T.);
#3052 = ORIENTED_EDGE('',*,*,#2268,.T.);
#3053 = ORIENTED_EDGE('',*,*,#2294,.T.);
#3054 = ORIENTED_EDGE('',*,*,#2316,.F.);
#3055 = ORIENTED_EDGE('',*,*,#2358,.T.);
#3056 = ORIENTED_EDGE('',*,*,#2380,.F.);
#3057 = ORIENTED_EDGE('',*,*,#2083,.T.);
#3058 = ORIENTED_EDGE('',*,*,#2052,.T.);
#3059 = ORIENTED_EDGE('',*,*,#2037,.T.);
#3060 = ORIENTED_EDGE('',*,*,#1956,.T.);
#3061 = ORIENTED_EDGE('',*,*,#2575,.T.);
#3062 = ORIENTED_EDGE('',*,*,#2995,.F.);
#3063 = ORIENTED_EDGE('',*,*,#2971,.T.);
#3064 = ORIENTED_EDGE('',*,*,#2946,.F.);
#3065 = ORIENTED_EDGE('',*,*,#3066,.T.);
#3066 = EDGE_CURVE('',#2947,#3067,#3069,.T.);
#3067 = VERTEX_POINT('',#3068);
#3068 = CARTESIAN_POINT('',(-16.,-43.39862030177,16.330004500117));
#3069 = CIRCLE('',#3070,3.1);
#3070 = AXIS2_PLACEMENT_3D('',#3071,#3072,#3073);
#3071 = CARTESIAN_POINT('',(-16.,-40.30157081487,16.46522460095));
#3072 = DIRECTION('',(1.,-5.540531131486E-16,-2.511309617475E-16));
#3073 = DIRECTION('',(-5.644799560529E-16,-0.999048221582,
    -4.361938736534E-02));
#3074 = ORIENTED_EDGE('',*,*,#3075,.T.);
#3075 = EDGE_CURVE('',#3067,#3076,#3078,.T.);
#3076 = VERTEX_POINT('',#3077);
#3077 = CARTESIAN_POINT('',(-16.,-43.36597743068,15.996810155214));
#3078 = CIRCLE('',#3079,3.1);
#3079 = AXIS2_PLACEMENT_3D('',#3080,#3081,#3082);
#3080 = CARTESIAN_POINT('',(-16.,-40.30157081487,16.46522460095));
#3081 = DIRECTION('',(1.,-5.540531131486E-16,-2.511309617475E-16));
#3082 = DIRECTION('',(-5.644799560529E-16,-0.999048221582,
    -4.361938736534E-02));
#3083 = ORIENTED_EDGE('',*,*,#3084,.T.);
#3084 = EDGE_CURVE('',#3076,#3085,#3087,.T.);
#3085 = VERTEX_POINT('',#3086);
#3086 = CARTESIAN_POINT('',(-16.,-37.28652324763,15.744469325354));
#3087 = CIRCLE('',#3088,3.1);
#3088 = AXIS2_PLACEMENT_3D('',#3089,#3090,#3091);
#3089 = CARTESIAN_POINT('',(-16.,-40.30157081487,16.46522460095));
#3090 = DIRECTION('',(1.,-5.540531131486E-16,-2.511309617475E-16));
#3091 = DIRECTION('',(-5.644799560529E-16,-0.999048221582,
    -4.361938736534E-02));
#3092 = ORIENTED_EDGE('',*,*,#3093,.T.);
#3093 = EDGE_CURVE('',#3085,#3094,#3096,.T.);
#3094 = VERTEX_POINT('',#3095);
#3095 = CARTESIAN_POINT('',(-16.,-37.26422194975,17.085314813376));
#3096 = CIRCLE('',#3097,3.1);
#3097 = AXIS2_PLACEMENT_3D('',#3098,#3099,#3100);
#3098 = CARTESIAN_POINT('',(-16.,-40.30157081487,16.46522460095));
#3099 = DIRECTION('',(1.,-5.540531131486E-16,-2.511309617475E-16));
#3100 = DIRECTION('',(-5.644799560529E-16,-0.999048221582,
    -4.361938736534E-02));
#3101 = ORIENTED_EDGE('',*,*,#3102,.T.);
#3102 = EDGE_CURVE('',#3094,#2914,#3103,.T.);
#3103 = CIRCLE('',#3104,3.1);
#3104 = AXIS2_PLACEMENT_3D('',#3105,#3106,#3107);
#3105 = CARTESIAN_POINT('',(-16.,-40.30157081487,16.46522460095));
#3106 = DIRECTION('',(1.,-5.540531131486E-16,-2.511309617475E-16));
#3107 = DIRECTION('',(-5.644799560529E-16,-0.999048221582,
    -4.361938736534E-02));
#3108 = ORIENTED_EDGE('',*,*,#2921,.F.);
#3109 = ORIENTED_EDGE('',*,*,#2890,.T.);
#3110 = ORIENTED_EDGE('',*,*,#2872,.F.);
#3111 = ORIENTED_EDGE('',*,*,#2839,.T.);
#3112 = ORIENTED_EDGE('',*,*,#2550,.F.);
#3113 = ORIENTED_EDGE('',*,*,#1603,.T.);
#3114 = ORIENTED_EDGE('',*,*,#1580,.F.);
#3115 = ORIENTED_EDGE('',*,*,#1540,.T.);
#3116 = ORIENTED_EDGE('',*,*,#1516,.F.);
#3117 = ORIENTED_EDGE('',*,*,#1476,.T.);
#3118 = ORIENTED_EDGE('',*,*,#1452,.T.);
#3119 = ORIENTED_EDGE('',*,*,#1412,.T.);
#3120 = FACE_BOUND('',#3121,.T.);
#3121 = EDGE_LOOP('',(#3122,#3133,#3141,#3150,#3158,#3167));
#3122 = ORIENTED_EDGE('',*,*,#3123,.T.);
#3123 = EDGE_CURVE('',#3124,#3126,#3128,.T.);
#3124 = VERTEX_POINT('',#3125);
#3125 = CARTESIAN_POINT('',(-16.,-20.05374570731,2.879921951912));
#3126 = VERTEX_POINT('',#3127);
#3127 = CARTESIAN_POINT('',(-16.,-19.35268193302,5.667869599201));
#3128 = CIRCLE('',#3129,1.5);
#3129 = AXIS2_PLACEMENT_3D('',#3130,#3131,#3132);
#3130 = CARTESIAN_POINT('',(-16.,-20.11917478836,4.378494284285));
#3131 = DIRECTION('',(1.,-5.540531131486E-16,-2.511309617475E-16));
#3132 = DIRECTION('',(-5.644799560529E-16,-0.999048221582,
    -4.361938736534E-02));
#3133 = ORIENTED_EDGE('',*,*,#3134,.T.);
#3134 = EDGE_CURVE('',#3126,#3135,#3137,.T.);
#3135 = VERTEX_POINT('',#3136);
#3136 = CARTESIAN_POINT('',(-16.,-25.25364564506,9.175805940593));
#3137 = LINE('',#3138,#3139);
#3138 = CARTESIAN_POINT('',(-16.,-22.92667816857,7.792497353328));
#3139 = VECTOR('',#3140,1.);
#3140 = DIRECTION('',(5.409237408179E-17,-0.859583543278,0.510995236892)
  );
#3141 = ORIENTED_EDGE('',*,*,#3142,.T.);
#3142 = EDGE_CURVE('',#3135,#3143,#3145,.T.);
#3143 = VERTEX_POINT('',#3144);
#3144 = CARTESIAN_POINT('',(-16.,-26.93328064391,9.076460636113));
#3145 = CIRCLE('',#3146,1.5);
#3146 = AXIS2_PLACEMENT_3D('',#3147,#3148,#3149);
#3147 = CARTESIAN_POINT('',(-16.,-26.0201385004,7.886430625676));
#3148 = DIRECTION('',(1.,-5.540531131486E-16,-2.511309617475E-16));
#3149 = DIRECTION('',(-5.644799560529E-16,-0.999048221582,
    -4.361938736534E-02));
#3150 = ORIENTED_EDGE('',*,*,#3151,.T.);
#3151 = EDGE_CURVE('',#3143,#3152,#3154,.T.);
#3152 = VERTEX_POINT('',#3153);
#3153 = CARTESIAN_POINT('',(-16.,-32.13675537757,5.083694041713));
#3154 = LINE('',#3155,#3156);
#3155 = CARTESIAN_POINT('',(-16.,-27.6087260005,8.558173185104));
#3156 = VECTOR('',#3157,1.);
#3157 = DIRECTION('',(-6.697563165099E-16,-0.793353340291,
    -0.608761429009));
#3158 = ORIENTED_EDGE('',*,*,#3159,.T.);
#3159 = EDGE_CURVE('',#3152,#3160,#3162,.T.);
#3160 = VERTEX_POINT('',#3161);
#3161 = CARTESIAN_POINT('',(-16.,-31.15818415301,2.395091698903));
#3162 = CIRCLE('',#3163,1.5);
#3163 = AXIS2_PLACEMENT_3D('',#3164,#3165,#3166);
#3164 = CARTESIAN_POINT('',(-16.,-31.22361323406,3.893664031276));
#3165 = DIRECTION('',(1.,-5.540531131486E-16,-2.511309617475E-16));
#3166 = DIRECTION('',(-5.644799560529E-16,-0.999048221582,
    -4.361938736534E-02));
#3167 = ORIENTED_EDGE('',*,*,#3168,.T.);
#3168 = EDGE_CURVE('',#3160,#3124,#3169,.T.);
#3169 = LINE('',#3170,#3171);
#3170 = CARTESIAN_POINT('',(-16.,-24.62215182458,2.680461033242));
#3171 = VECTOR('',#3172,1.);
#3172 = DIRECTION('',(3.618062503971E-16,0.999048221582,
    4.361938736534E-02));
#3173 = FACE_BOUND('',#3174,.T.);
#3174 = EDGE_LOOP('',(#3175,#3185,#3194,#3202,#3211,#3219));
#3175 = ORIENTED_EDGE('',*,*,#3176,.F.);
#3176 = EDGE_CURVE('',#3177,#3179,#3181,.T.);
#3177 = VERTEX_POINT('',#3178);
#3178 = CARTESIAN_POINT('',(-16.,19.352681933022,5.667869599201));
#3179 = VERTEX_POINT('',#3180);
#3180 = CARTESIAN_POINT('',(-16.,25.253645645069,9.175805940593));
#3181 = LINE('',#3182,#3183);
#3182 = CARTESIAN_POINT('',(-16.,23.535692997819,8.154537412577));
#3183 = VECTOR('',#3184,1.);
#3184 = DIRECTION('',(4.150321532544E-16,0.859583543278,0.510995236892)
  );
#3185 = ORIENTED_EDGE('',*,*,#3186,.T.);
#3186 = EDGE_CURVE('',#3177,#3187,#3189,.T.);
#3187 = VERTEX_POINT('',#3188);
#3188 = CARTESIAN_POINT('',(-16.,20.053745707312,2.879921951912));
#3189 = CIRCLE('',#3190,1.5);
#3190 = AXIS2_PLACEMENT_3D('',#3191,#3192,#3193);
#3191 = CARTESIAN_POINT('',(-16.,20.11917478836,4.378494284285));
#3192 = DIRECTION('',(1.,2.209862057611E-16,3.03980550565E-16));
#3193 = DIRECTION('',(-2.075164304731E-16,0.999048221582,
    -4.361938736534E-02));
#3194 = ORIENTED_EDGE('',*,*,#3195,.F.);
#3195 = EDGE_CURVE('',#3196,#3187,#3198,.T.);
#3196 = VERTEX_POINT('',#3197);
#3197 = CARTESIAN_POINT('',(-16.,31.158184153014,2.395091698903));
#3198 = LINE('',#3199,#3200);
#3199 = CARTESIAN_POINT('',(-16.,25.056567111141,2.661494052218));
#3200 = VECTOR('',#3201,1.);
#3201 = DIRECTION('',(-1.393327526333E-15,-0.999048221582,
    4.361938736534E-02));
#3202 = ORIENTED_EDGE('',*,*,#3203,.T.);
#3203 = EDGE_CURVE('',#3196,#3204,#3206,.T.);
#3204 = VERTEX_POINT('',#3205);
#3205 = CARTESIAN_POINT('',(-16.,32.136755377575,5.083694041712));
#3206 = CIRCLE('',#3207,1.5);
#3207 = AXIS2_PLACEMENT_3D('',#3208,#3209,#3210);
#3208 = CARTESIAN_POINT('',(-16.,31.223613234062,3.893664031276));
#3209 = DIRECTION('',(1.,2.209862057611E-16,3.03980550565E-16));
#3210 = DIRECTION('',(-2.075164304731E-16,0.999048221582,
    -4.361938736534E-02));
#3211 = ORIENTED_EDGE('',*,*,#3212,.F.);
#3212 = EDGE_CURVE('',#3213,#3204,#3215,.T.);
#3213 = VERTEX_POINT('',#3214);
#3214 = CARTESIAN_POINT('',(-16.,26.933280643919,9.076460636113));
#3215 = LINE('',#3216,#3217);
#3216 = CARTESIAN_POINT('',(-16.,27.60501807122,8.56101837931));
#3217 = VECTOR('',#3218,1.);
#3218 = DIRECTION('',(1.926820660737E-15,0.793353340291,-0.608761429009)
  );
#3219 = ORIENTED_EDGE('',*,*,#3220,.T.);
#3220 = EDGE_CURVE('',#3213,#3179,#3221,.T.);
#3221 = CIRCLE('',#3222,1.5);
#3222 = AXIS2_PLACEMENT_3D('',#3223,#3224,#3225);
#3223 = CARTESIAN_POINT('',(-16.,26.020138500406,7.886430625676));
#3224 = DIRECTION('',(1.,2.209862057611E-16,3.03980550565E-16));
#3225 = DIRECTION('',(-2.075164304731E-16,0.999048221582,
    -4.361938736534E-02));
#3226 = FACE_BOUND('',#3227,.T.);
#3227 = EDGE_LOOP('',(#3228,#3239,#3247,#3256,#3264,#3273));
#3228 = ORIENTED_EDGE('',*,*,#3229,.T.);
#3229 = EDGE_CURVE('',#3230,#3232,#3234,.T.);
#3230 = VERTEX_POINT('',#3231);
#3231 = CARTESIAN_POINT('',(-16.,-17.08905438296,11.016984651872));
#3232 = VERTEX_POINT('',#3233);
#3233 = CARTESIAN_POINT('',(-16.,-17.79011815725,8.229037004582));
#3234 = CIRCLE('',#3235,1.5);
#3235 = AXIS2_PLACEMENT_3D('',#3236,#3237,#3238);
#3236 = CARTESIAN_POINT('',(-16.,-17.02362530192,9.518412319499));
#3237 = DIRECTION('',(1.,-5.540531131486E-16,-2.511309617475E-16));
#3238 = DIRECTION('',(-5.644799560529E-16,-0.999048221582,
    -4.361938736534E-02));
#3239 = ORIENTED_EDGE('',*,*,#3240,.T.);
#3240 = EDGE_CURVE('',#3232,#3241,#3243,.T.);
#3241 = VERTEX_POINT('',#3242);
#3242 = CARTESIAN_POINT('',(-16.,-14.76147619647,6.428605122987));
#3243 = LINE('',#3244,#3245);
#3244 = CARTESIAN_POINT('',(-16.,-19.14650200715,9.035364315188));
#3245 = VECTOR('',#3246,1.);
#3246 = DIRECTION('',(-5.409237408179E-17,0.859583543278,-0.510995236892
    ));
#3247 = ORIENTED_EDGE('',*,*,#3248,.T.);
#3248 = EDGE_CURVE('',#3241,#3249,#3251,.T.);
#3249 = VERTEX_POINT('',#3250);
#3250 = CARTESIAN_POINT('',(-16.,-12.49641100876,7.783409518951));
#3251 = CIRCLE('',#3252,1.5);
#3252 = AXIS2_PLACEMENT_3D('',#3253,#3254,#3255);
#3253 = CARTESIAN_POINT('',(-16.,-13.99498334113,7.717980437903));
#3254 = DIRECTION('',(1.,-5.540531131486E-16,-2.511309617475E-16));
#3255 = DIRECTION('',(-5.644799560529E-16,-0.999048221582,
    -4.361938736534E-02));
#3256 = ORIENTED_EDGE('',*,*,#3257,.T.);
#3257 = EDGE_CURVE('',#3249,#3258,#3260,.T.);
#3258 = VERTEX_POINT('',#3259);
#3259 = CARTESIAN_POINT('',(-16.,-12.58063244623,9.712397576914));
#3260 = LINE('',#3261,#3262);
#3261 = CARTESIAN_POINT('',(-16.,-12.52542566843,8.447954481559));
#3262 = VECTOR('',#3263,1.);
#3263 = DIRECTION('',(6.509716285347E-16,-4.361938736534E-02,
    0.999048221582));
#3264 = ORIENTED_EDGE('',*,*,#3265,.T.);
#3265 = EDGE_CURVE('',#3258,#3266,#3268,.T.);
#3266 = VERTEX_POINT('',#3267);
#3267 = CARTESIAN_POINT('',(-16.,-14.14463385965,11.145540828239));
#3268 = CIRCLE('',#3269,1.5);
#3269 = AXIS2_PLACEMENT_3D('',#3270,#3271,#3272);
#3270 = CARTESIAN_POINT('',(-16.,-14.0792047786,9.646968495866));
#3271 = DIRECTION('',(1.,-5.540531131486E-16,-2.511309617475E-16));
#3272 = DIRECTION('',(-5.644799560529E-16,-0.999048221582,
    -4.361938736534E-02));
#3273 = ORIENTED_EDGE('',*,*,#3274,.T.);
#3274 = EDGE_CURVE('',#3266,#3230,#3275,.T.);
#3275 = LINE('',#3276,#3277);
#3276 = CARTESIAN_POINT('',(-16.,-19.80206896962,10.898531876894));
#3277 = VECTOR('',#3278,1.);
#3278 = DIRECTION('',(-3.618062503971E-16,-0.999048221582,
    -4.361938736534E-02));
#3279 = FACE_BOUND('',#3280,.T.);
#3280 = EDGE_LOOP('',(#3281,#3291,#3300,#3308,#3317,#3325));
#3281 = ORIENTED_EDGE('',*,*,#3282,.F.);
#3282 = EDGE_CURVE('',#3283,#3285,#3287,.T.);
#3283 = VERTEX_POINT('',#3284);
#3284 = CARTESIAN_POINT('',(-16.,17.790118157258,8.229037004582));
#3285 = VERTEX_POINT('',#3286);
#3286 = CARTESIAN_POINT('',(-16.,14.761476196471,6.428605122987));
#3287 = LINE('',#3288,#3289);
#3288 = CARTESIAN_POINT('',(-16.,19.755516836391,9.397404374437));
#3289 = VECTOR('',#3290,1.);
#3290 = DIRECTION('',(-4.150321532544E-16,-0.859583543278,
    -0.510995236892));
#3291 = ORIENTED_EDGE('',*,*,#3292,.T.);
#3292 = EDGE_CURVE('',#3283,#3293,#3295,.T.);
#3293 = VERTEX_POINT('',#3294);
#3294 = CARTESIAN_POINT('',(-16.,17.089054382968,11.016984651872));
#3295 = CIRCLE('',#3296,1.5);
#3296 = AXIS2_PLACEMENT_3D('',#3297,#3298,#3299);
#3297 = CARTESIAN_POINT('',(-16.,17.02362530192,9.518412319499));
#3298 = DIRECTION('',(1.,2.209862057611E-16,3.03980550565E-16));
#3299 = DIRECTION('',(-2.075164304731E-16,0.999048221582,
    -4.361938736534E-02));
#3300 = ORIENTED_EDGE('',*,*,#3301,.F.);
#3301 = EDGE_CURVE('',#3302,#3293,#3304,.T.);
#3302 = VERTEX_POINT('',#3303);
#3303 = CARTESIAN_POINT('',(-16.,14.144633859651,11.145540828239));
#3304 = LINE('',#3305,#3306);
#3305 = CARTESIAN_POINT('',(-16.,20.236484256176,10.879564895869));
#3306 = VECTOR('',#3307,1.);
#3307 = DIRECTION('',(1.393327526333E-15,0.999048221582,
    -4.361938736534E-02));
#3308 = ORIENTED_EDGE('',*,*,#3309,.T.);
#3309 = EDGE_CURVE('',#3302,#3310,#3312,.T.);
#3310 = VERTEX_POINT('',#3311);
#3311 = CARTESIAN_POINT('',(-16.,12.580632446231,9.712397576914));
#3312 = CIRCLE('',#3313,1.5);
#3313 = AXIS2_PLACEMENT_3D('',#3314,#3315,#3316);
#3314 = CARTESIAN_POINT('',(-16.,14.079204778603,9.646968495866));
#3315 = DIRECTION('',(1.,2.209862057611E-16,3.03980550565E-16));
#3316 = DIRECTION('',(-2.075164304731E-16,0.999048221582,
    -4.361938736534E-02));
#3317 = ORIENTED_EDGE('',*,*,#3318,.F.);
#3318 = EDGE_CURVE('',#3319,#3310,#3321,.T.);
#3319 = VERTEX_POINT('',#3320);
#3320 = CARTESIAN_POINT('',(-16.,12.496411008761,7.783409518951));
#3321 = LINE('',#3322,#3323);
#3322 = CARTESIAN_POINT('',(-16.,12.552868753732,9.076504473166));
#3323 = VECTOR('',#3324,1.);
#3324 = DIRECTION('',(-1.369431377227E-15,4.361938736534E-02,
    0.999048221582));
#3325 = ORIENTED_EDGE('',*,*,#3326,.T.);
#3326 = EDGE_CURVE('',#3319,#3285,#3327,.T.);
#3327 = CIRCLE('',#3328,1.5);
#3328 = AXIS2_PLACEMENT_3D('',#3329,#3330,#3331);
#3329 = CARTESIAN_POINT('',(-16.,13.994983341134,7.717980437903));
#3330 = DIRECTION('',(1.,2.209862057611E-16,3.03980550565E-16));
#3331 = DIRECTION('',(-2.075164304731E-16,0.999048221582,
    -4.361938736534E-02));
#3332 = PLANE('',#3333);
#3333 = AXIS2_PLACEMENT_3D('',#3334,#3335,#3336);
#3334 = CARTESIAN_POINT('',(-16.,-2.524997749304E-02,9.639040481785));
#3335 = DIRECTION('',(-1.,-6.678633988801E-16,-1.483936157254E-15));
#3336 = DIRECTION('',(1.483936157254E-15,-1.110223024625E-16,-1.));
#3337 = ADVANCED_FACE('',(#3338),#3364,.F.);
#3338 = FACE_BOUND('',#3339,.T.);
#3339 = EDGE_LOOP('',(#3340,#3351,#3357,#3358));
#3340 = ORIENTED_EDGE('',*,*,#3341,.T.);
#3341 = EDGE_CURVE('',#3342,#3344,#3346,.T.);
#3342 = VERTEX_POINT('',#3343);
#3343 = CARTESIAN_POINT('',(16.,-20.05374570731,2.879921951912));
#3344 = VERTEX_POINT('',#3345);
#3345 = CARTESIAN_POINT('',(16.,-19.35268193302,5.667869599201));
#3346 = CIRCLE('',#3347,1.5);
#3347 = AXIS2_PLACEMENT_3D('',#3348,#3349,#3350);
#3348 = CARTESIAN_POINT('',(16.,-20.11917478836,4.378494284285));
#3349 = DIRECTION('',(1.,-5.540531131486E-16,-2.511309617475E-16));
#3350 = DIRECTION('',(-5.644799560529E-16,-0.999048221582,
    -4.361938736534E-02));
#3351 = ORIENTED_EDGE('',*,*,#3352,.T.);
#3352 = EDGE_CURVE('',#3344,#3126,#3353,.T.);
#3353 = LINE('',#3354,#3355);
#3354 = CARTESIAN_POINT('',(-5.844718516598E-15,-19.35268193302,
    5.667869599201));
#3355 = VECTOR('',#3356,1.);
#3356 = DIRECTION('',(-1.,3.524862975319E-16,6.661338147751E-16));
#3357 = ORIENTED_EDGE('',*,*,#3123,.F.);
#3358 = ORIENTED_EDGE('',*,*,#3359,.T.);
#3359 = EDGE_CURVE('',#3124,#3342,#3360,.T.);
#3360 = LINE('',#3361,#3362);
#3361 = CARTESIAN_POINT('',(-7.44003097126E-15,-20.05374570731,
    2.879921951912));
#3362 = VECTOR('',#3363,1.);
#3363 = DIRECTION('',(1.,-3.524862975319E-16,-6.661338147751E-16));
#3364 = CYLINDRICAL_SURFACE('',#3365,1.5);
#3365 = AXIS2_PLACEMENT_3D('',#3366,#3367,#3368);
#3366 = CARTESIAN_POINT('',(-5.107611796107E-15,-20.11917478836,
    4.378494284285));
#3367 = DIRECTION('',(1.,-7.760977180737E-16,-4.731755666726E-16));
#3368 = DIRECTION('',(-8.207162219011E-17,-0.999048221582,
    -4.361938736534E-02));
#3369 = ADVANCED_FACE('',(#3370),#3388,.F.);
#3370 = FACE_BOUND('',#3371,.T.);
#3371 = EDGE_LOOP('',(#3372,#3373,#3374,#3382));
#3372 = ORIENTED_EDGE('',*,*,#3359,.F.);
#3373 = ORIENTED_EDGE('',*,*,#3168,.F.);
#3374 = ORIENTED_EDGE('',*,*,#3375,.F.);
#3375 = EDGE_CURVE('',#3376,#3160,#3378,.T.);
#3376 = VERTEX_POINT('',#3377);
#3377 = CARTESIAN_POINT('',(16.,-31.15818415301,2.395091698903));
#3378 = LINE('',#3379,#3380);
#3379 = CARTESIAN_POINT('',(-5.05798277928E-15,-31.15818415301,
    2.395091698903));
#3380 = VECTOR('',#3381,1.);
#3381 = DIRECTION('',(-1.,3.524862975319E-16,6.661338147751E-16));
#3382 = ORIENTED_EDGE('',*,*,#3383,.T.);
#3383 = EDGE_CURVE('',#3376,#3342,#3384,.T.);
#3384 = LINE('',#3385,#3386);
#3385 = CARTESIAN_POINT('',(16.,-24.62215182458,2.680461033242));
#3386 = VECTOR('',#3387,1.);
#3387 = DIRECTION('',(3.618062503971E-16,0.999048221582,
    4.361938736534E-02));
#3388 = PLANE('',#3389);
#3389 = AXIS2_PLACEMENT_3D('',#3390,#3391,#3392);
#3390 = CARTESIAN_POINT('',(-1.795514714584E-15,-25.60596493016,
    2.637506825407));
#3391 = DIRECTION('',(4.388238105071E-16,4.361938736534E-02,
    -0.999048221582));
#3392 = DIRECTION('',(1.302875331003E-16,-0.999048221582,
    -4.361938736534E-02));
#3393 = ADVANCED_FACE('',(#3394),#3413,.F.);
#3394 = FACE_BOUND('',#3395,.T.);
#3395 = EDGE_LOOP('',(#3396,#3405,#3406,#3407));
#3396 = ORIENTED_EDGE('',*,*,#3397,.T.);
#3397 = EDGE_CURVE('',#3398,#3376,#3400,.T.);
#3398 = VERTEX_POINT('',#3399);
#3399 = CARTESIAN_POINT('',(16.,-32.13675537757,5.083694041712));
#3400 = CIRCLE('',#3401,1.5);
#3401 = AXIS2_PLACEMENT_3D('',#3402,#3403,#3404);
#3402 = CARTESIAN_POINT('',(16.,-31.22361323406,3.893664031276));
#3403 = DIRECTION('',(1.,-5.540531131486E-16,-2.511309617475E-16));
#3404 = DIRECTION('',(-5.644799560529E-16,-0.999048221582,
    -4.361938736534E-02));
#3405 = ORIENTED_EDGE('',*,*,#3375,.T.);
#3406 = ORIENTED_EDGE('',*,*,#3159,.F.);
#3407 = ORIENTED_EDGE('',*,*,#3408,.T.);
#3408 = EDGE_CURVE('',#3152,#3398,#3409,.T.);
#3409 = LINE('',#3410,#3411);
#3410 = CARTESIAN_POINT('',(9.148404991002E-16,-32.13675537757,
    5.083694041713));
#3411 = VECTOR('',#3412,1.);
#3412 = DIRECTION('',(1.,-3.524862975319E-16,-6.661338147751E-16));
#3413 = CYLINDRICAL_SURFACE('',#3414,1.5);
#3414 = AXIS2_PLACEMENT_3D('',#3415,#3416,#3417);
#3415 = CARTESIAN_POINT('',(-6.019839311317E-15,-31.22361323406,
    3.893664031276));
#3416 = DIRECTION('',(1.,-7.760977180737E-16,-4.731755666726E-16));
#3417 = DIRECTION('',(-8.207162219011E-17,-0.999048221582,
    -4.361938736534E-02));
#3418 = ADVANCED_FACE('',(#3419),#3437,.F.);
#3419 = FACE_BOUND('',#3420,.T.);
#3420 = EDGE_LOOP('',(#3421,#3422,#3423,#3431));
#3421 = ORIENTED_EDGE('',*,*,#3408,.F.);
#3422 = ORIENTED_EDGE('',*,*,#3151,.F.);
#3423 = ORIENTED_EDGE('',*,*,#3424,.F.);
#3424 = EDGE_CURVE('',#3425,#3143,#3427,.T.);
#3425 = VERTEX_POINT('',#3426);
#3426 = CARTESIAN_POINT('',(16.,-26.93328064391,9.076460636113));
#3427 = LINE('',#3428,#3429);
#3428 = CARTESIAN_POINT('',(-8.849744995453E-15,-26.93328064391,
    9.076460636113));
#3429 = VECTOR('',#3430,1.);
#3430 = DIRECTION('',(-1.,3.524862975319E-16,6.661338147751E-16));
#3431 = ORIENTED_EDGE('',*,*,#3432,.T.);
#3432 = EDGE_CURVE('',#3425,#3398,#3433,.T.);
#3433 = LINE('',#3434,#3435);
#3434 = CARTESIAN_POINT('',(16.,-27.6087260005,8.558173185104));
#3435 = VECTOR('',#3436,1.);
#3436 = DIRECTION('',(-6.697563165099E-16,-0.793353340291,
    -0.608761429009));
#3437 = PLANE('',#3438);
#3438 = AXIS2_PLACEMENT_3D('',#3439,#3440,#3441);
#3439 = CARTESIAN_POINT('',(-5.15765256956E-15,-29.53501801074,
    7.080077338913));
#3440 = DIRECTION('',(-1.424925606841E-16,-0.608761429009,0.793353340291
    ));
#3441 = DIRECTION('',(-3.584242965011E-16,0.793353340291,0.608761429009)
  );
#3442 = ADVANCED_FACE('',(#3443),#3462,.F.);
#3443 = FACE_BOUND('',#3444,.T.);
#3444 = EDGE_LOOP('',(#3445,#3454,#3455,#3456));
#3445 = ORIENTED_EDGE('',*,*,#3446,.T.);
#3446 = EDGE_CURVE('',#3447,#3425,#3449,.T.);
#3447 = VERTEX_POINT('',#3448);
#3448 = CARTESIAN_POINT('',(16.,-25.25364564506,9.175805940593));
#3449 = CIRCLE('',#3450,1.5);
#3450 = AXIS2_PLACEMENT_3D('',#3451,#3452,#3453);
#3451 = CARTESIAN_POINT('',(16.,-26.0201385004,7.886430625676));
#3452 = DIRECTION('',(1.,-5.540531131486E-16,-2.511309617475E-16));
#3453 = DIRECTION('',(-5.644799560529E-16,-0.999048221582,
    -4.361938736534E-02));
#3454 = ORIENTED_EDGE('',*,*,#3424,.T.);
#3455 = ORIENTED_EDGE('',*,*,#3142,.F.);
#3456 = ORIENTED_EDGE('',*,*,#3457,.T.);
#3457 = EDGE_CURVE('',#3135,#3447,#3458,.T.);
#3458 = LINE('',#3459,#3460);
#3459 = CARTESIAN_POINT('',(-5.187449667689E-15,-25.25364564506,
    9.175805940593));
#3460 = VECTOR('',#3461,1.);
#3461 = DIRECTION('',(1.,-3.524862975319E-16,-6.661338147751E-16));
#3462 = CYLINDRICAL_SURFACE('',#3463,1.5);
#3463 = AXIS2_PLACEMENT_3D('',#3464,#3465,#3466);
#3464 = CARTESIAN_POINT('',(-7.99122672805E-15,-26.0201385004,
    7.886430625676));
#3465 = DIRECTION('',(1.,-7.760977180737E-16,-4.731755666726E-16));
#3466 = DIRECTION('',(-8.207162219011E-17,-0.999048221582,
    -4.361938736534E-02));
#3467 = ADVANCED_FACE('',(#3468),#3479,.F.);
#3468 = FACE_BOUND('',#3469,.T.);
#3469 = EDGE_LOOP('',(#3470,#3471,#3472,#3473));
#3470 = ORIENTED_EDGE('',*,*,#3457,.F.);
#3471 = ORIENTED_EDGE('',*,*,#3134,.F.);
#3472 = ORIENTED_EDGE('',*,*,#3352,.F.);
#3473 = ORIENTED_EDGE('',*,*,#3474,.T.);
#3474 = EDGE_CURVE('',#3344,#3447,#3475,.T.);
#3475 = LINE('',#3476,#3477);
#3476 = CARTESIAN_POINT('',(16.,-22.92667816857,7.792497353328));
#3477 = VECTOR('',#3478,1.);
#3478 = DIRECTION('',(5.409237408179E-17,-0.859583543278,0.510995236892)
  );
#3479 = PLANE('',#3480);
#3480 = AXIS2_PLACEMENT_3D('',#3481,#3482,#3483);
#3481 = CARTESIAN_POINT('',(-4.343966443991E-15,-22.30316378904,
    7.421837769897));
#3482 = DIRECTION('',(-4.384636442814E-16,0.510995236892,0.859583543278)
  );
#3483 = DIRECTION('',(1.314945268548E-16,0.859583543278,-0.510995236892)
  );
#3484 = ADVANCED_FACE('',(#3485),#3510,.F.);
#3485 = FACE_BOUND('',#3486,.F.);
#3486 = EDGE_LOOP('',(#3487,#3495,#3496,#3504));
#3487 = ORIENTED_EDGE('',*,*,#3488,.F.);
#3488 = EDGE_CURVE('',#3179,#3489,#3491,.T.);
#3489 = VERTEX_POINT('',#3490);
#3490 = CARTESIAN_POINT('',(16.,25.253645645069,9.175805940593));
#3491 = LINE('',#3492,#3493);
#3492 = CARTESIAN_POINT('',(-4.935010245356E-15,25.253645645069,
    9.175805940593));
#3493 = VECTOR('',#3494,1.);
#3494 = DIRECTION('',(1.,-2.026252147807E-16,1.110223024625E-16));
#3495 = ORIENTED_EDGE('',*,*,#3176,.F.);
#3496 = ORIENTED_EDGE('',*,*,#3497,.F.);
#3497 = EDGE_CURVE('',#3498,#3177,#3500,.T.);
#3498 = VERTEX_POINT('',#3499);
#3499 = CARTESIAN_POINT('',(16.,19.352681933022,5.667869599201));
#3500 = LINE('',#3501,#3502);
#3501 = CARTESIAN_POINT('',(-6.105518024745E-15,19.352681933022,
    5.667869599201));
#3502 = VECTOR('',#3503,1.);
#3503 = DIRECTION('',(-1.,2.026252147807E-16,-1.110223024625E-16));
#3504 = ORIENTED_EDGE('',*,*,#3505,.F.);
#3505 = EDGE_CURVE('',#3489,#3498,#3506,.T.);
#3506 = LINE('',#3507,#3508);
#3507 = CARTESIAN_POINT('',(16.,23.535692997819,8.154537412577));
#3508 = VECTOR('',#3509,1.);
#3509 = DIRECTION('',(-3.60499890163E-16,-0.859583543278,-0.510995236892
    ));
#3510 = PLANE('',#3511);
#3511 = AXIS2_PLACEMENT_3D('',#3512,#3513,#3514);
#3512 = CARTESIAN_POINT('',(-4.348146486898E-15,22.303163789045,
    7.421837769897));
#3513 = DIRECTION('',(-9.543294413359E-17,-0.510995236892,0.859583543278
    ));
#3514 = DIRECTION('',(-5.673186774709E-17,0.859583543278,0.510995236892)
  );
#3515 = ADVANCED_FACE('',(#3516),#3535,.F.);
#3516 = FACE_BOUND('',#3517,.F.);
#3517 = EDGE_LOOP('',(#3518,#3527,#3533,#3534));
#3518 = ORIENTED_EDGE('',*,*,#3519,.F.);
#3519 = EDGE_CURVE('',#3520,#3489,#3522,.T.);
#3520 = VERTEX_POINT('',#3521);
#3521 = CARTESIAN_POINT('',(16.,26.933280643919,9.076460636113));
#3522 = CIRCLE('',#3523,1.5);
#3523 = AXIS2_PLACEMENT_3D('',#3524,#3525,#3526);
#3524 = CARTESIAN_POINT('',(16.,26.020138500406,7.886430625676));
#3525 = DIRECTION('',(1.,2.209862057611E-16,3.03980550565E-16));
#3526 = DIRECTION('',(-2.075164304731E-16,0.999048221582,
    -4.361938736534E-02));
#3527 = ORIENTED_EDGE('',*,*,#3528,.T.);
#3528 = EDGE_CURVE('',#3520,#3213,#3529,.T.);
#3529 = LINE('',#3530,#3531);
#3530 = CARTESIAN_POINT('',(-8.816871151315E-15,26.933280643919,
    9.076460636113));
#3531 = VECTOR('',#3532,1.);
#3532 = DIRECTION('',(-1.,2.026252147807E-16,-1.110223024625E-16));
#3533 = ORIENTED_EDGE('',*,*,#3220,.T.);
#3534 = ORIENTED_EDGE('',*,*,#3488,.T.);
#3535 = CYLINDRICAL_SURFACE('',#3536,1.5);
#3536 = AXIS2_PLACEMENT_3D('',#3537,#3538,#3539);
#3537 = CARTESIAN_POINT('',(-8.253333355938E-15,26.020138500406,
    7.886430625676));
#3538 = DIRECTION('',(1.,2.209862057611E-16,3.03980550565E-16));
#3539 = DIRECTION('',(-2.075164304731E-16,0.999048221582,
    -4.361938736534E-02));
#3540 = ADVANCED_FACE('',(#3541),#3559,.F.);
#3541 = FACE_BOUND('',#3542,.F.);
#3542 = EDGE_LOOP('',(#3543,#3551,#3552,#3553));
#3543 = ORIENTED_EDGE('',*,*,#3544,.F.);
#3544 = EDGE_CURVE('',#3204,#3545,#3547,.T.);
#3545 = VERTEX_POINT('',#3546);
#3546 = CARTESIAN_POINT('',(16.,32.136755377575,5.083694041712));
#3547 = LINE('',#3548,#3549);
#3548 = CARTESIAN_POINT('',(-9.598458240151E-16,32.136755377575,
    5.083694041712));
#3549 = VECTOR('',#3550,1.);
#3550 = DIRECTION('',(1.,-2.026252147807E-16,1.110223024625E-16));
#3551 = ORIENTED_EDGE('',*,*,#3212,.F.);
#3552 = ORIENTED_EDGE('',*,*,#3528,.F.);
#3553 = ORIENTED_EDGE('',*,*,#3554,.F.);
#3554 = EDGE_CURVE('',#3545,#3520,#3555,.T.);
#3555 = LINE('',#3556,#3557);
#3556 = CARTESIAN_POINT('',(16.,27.60501807122,8.56101837931));
#3557 = VECTOR('',#3558,1.);
#3558 = DIRECTION('',(-1.991786312097E-15,-0.793353340291,0.608761429009
    ));
#3559 = PLANE('',#3560);
#3560 = AXIS2_PLACEMENT_3D('',#3561,#3562,#3563);
#3561 = CARTESIAN_POINT('',(-6.078558809049E-15,29.535018010747,
    7.080077338913));
#3562 = DIRECTION('',(5.416108733337E-17,0.608761429009,0.793353340291)
  );
#3563 = DIRECTION('',(6.758609549892E-17,0.793353340291,-0.608761429009)
  );
#3564 = ADVANCED_FACE('',(#3565),#3584,.F.);
#3565 = FACE_BOUND('',#3566,.F.);
#3566 = EDGE_LOOP('',(#3567,#3576,#3582,#3583));
#3567 = ORIENTED_EDGE('',*,*,#3568,.F.);
#3568 = EDGE_CURVE('',#3569,#3545,#3571,.T.);
#3569 = VERTEX_POINT('',#3570);
#3570 = CARTESIAN_POINT('',(16.,31.158184153014,2.395091698903));
#3571 = CIRCLE('',#3572,1.5);
#3572 = AXIS2_PLACEMENT_3D('',#3573,#3574,#3575);
#3573 = CARTESIAN_POINT('',(16.,31.223613234062,3.893664031276));
#3574 = DIRECTION('',(1.,2.209862057611E-16,3.03980550565E-16));
#3575 = DIRECTION('',(-2.075164304731E-16,0.999048221582,
    -4.361938736534E-02));
#3576 = ORIENTED_EDGE('',*,*,#3577,.T.);
#3577 = EDGE_CURVE('',#3569,#3196,#3578,.T.);
#3578 = LINE('',#3579,#3580);
#3579 = CARTESIAN_POINT('',(-7.719510339435E-15,31.158184153014,
    2.395091698903));
#3580 = VECTOR('',#3581,1.);
#3581 = DIRECTION('',(-1.,2.026252147807E-16,-1.110223024625E-16));
#3582 = ORIENTED_EDGE('',*,*,#3203,.T.);
#3583 = ORIENTED_EDGE('',*,*,#3544,.T.);
#3584 = CYLINDRICAL_SURFACE('',#3585,1.5);
#3585 = AXIS2_PLACEMENT_3D('',#3586,#3587,#3588);
#3586 = CARTESIAN_POINT('',(-8.189506106458E-15,31.223613234062,
    3.893664031276));
#3587 = DIRECTION('',(1.,2.209862057611E-16,3.03980550565E-16));
#3588 = DIRECTION('',(-2.075164304731E-16,0.999048221582,
    -4.361938736534E-02));
#3589 = ADVANCED_FACE('',(#3590),#3608,.F.);
#3590 = FACE_BOUND('',#3591,.F.);
#3591 = EDGE_LOOP('',(#3592,#3600,#3601,#3602));
#3592 = ORIENTED_EDGE('',*,*,#3593,.F.);
#3593 = EDGE_CURVE('',#3187,#3594,#3596,.T.);
#3594 = VERTEX_POINT('',#3595);
#3595 = CARTESIAN_POINT('',(16.,20.053745707312,2.879921951912));
#3596 = LINE('',#3597,#3598);
#3597 = CARTESIAN_POINT('',(-8.707237294643E-15,20.053745707312,
    2.879921951912));
#3598 = VECTOR('',#3599,1.);
#3599 = DIRECTION('',(1.,-2.026252147807E-16,1.110223024625E-16));
#3600 = ORIENTED_EDGE('',*,*,#3195,.F.);
#3601 = ORIENTED_EDGE('',*,*,#3577,.F.);
#3602 = ORIENTED_EDGE('',*,*,#3603,.F.);
#3603 = EDGE_CURVE('',#3594,#3569,#3604,.T.);
#3604 = LINE('',#3605,#3606);
#3605 = CARTESIAN_POINT('',(16.,25.056567111141,2.661494052218));
#3606 = VECTOR('',#3607,1.);
#3607 = DIRECTION('',(1.397982489307E-15,0.999048221582,
    -4.361938736534E-02));
#3608 = PLANE('',#3609);
#3609 = AXIS2_PLACEMENT_3D('',#3610,#3611,#3612);
#3610 = CARTESIAN_POINT('',(-3.759881656353E-15,25.605964930163,
    2.637506825407));
#3611 = DIRECTION('',(1.109166338311E-16,-4.361938736534E-02,
    -0.999048221582));
#3612 = DIRECTION('',(-4.842724817304E-18,-0.999048221582,
    4.361938736534E-02));
#3613 = ADVANCED_FACE('',(#3614),#3626,.F.);
#3614 = FACE_BOUND('',#3615,.F.);
#3615 = EDGE_LOOP('',(#3616,#3623,#3624,#3625));
#3616 = ORIENTED_EDGE('',*,*,#3617,.F.);
#3617 = EDGE_CURVE('',#3498,#3594,#3618,.T.);
#3618 = CIRCLE('',#3619,1.5);
#3619 = AXIS2_PLACEMENT_3D('',#3620,#3621,#3622);
#3620 = CARTESIAN_POINT('',(16.,20.11917478836,4.378494284285));
#3621 = DIRECTION('',(1.,2.209862057611E-16,3.03980550565E-16));
#3622 = DIRECTION('',(-2.075164304731E-16,0.999048221582,
    -4.361938736534E-02));
#3623 = ORIENTED_EDGE('',*,*,#3497,.T.);
#3624 = ORIENTED_EDGE('',*,*,#3186,.T.);
#3625 = ORIENTED_EDGE('',*,*,#3593,.T.);
#3626 = CYLINDRICAL_SURFACE('',#3627,1.5);
#3627 = AXIS2_PLACEMENT_3D('',#3628,#3629,#3630);
#3628 = CARTESIAN_POINT('',(-5.882957354475E-15,20.11917478836,
    4.378494284285));
#3629 = DIRECTION('',(1.,2.209862057611E-16,3.03980550565E-16));
#3630 = DIRECTION('',(-2.075164304731E-16,0.999048221582,
    -4.361938736534E-02));
#3631 = ADVANCED_FACE('',(#3632),#3658,.F.);
#3632 = FACE_BOUND('',#3633,.T.);
#3633 = EDGE_LOOP('',(#3634,#3645,#3651,#3652));
#3634 = ORIENTED_EDGE('',*,*,#3635,.T.);
#3635 = EDGE_CURVE('',#3636,#3638,#3640,.T.);
#3636 = VERTEX_POINT('',#3637);
#3637 = CARTESIAN_POINT('',(16.,-17.08905438296,11.016984651872));
#3638 = VERTEX_POINT('',#3639);
#3639 = CARTESIAN_POINT('',(16.,-17.79011815725,8.229037004582));
#3640 = CIRCLE('',#3641,1.5);
#3641 = AXIS2_PLACEMENT_3D('',#3642,#3643,#3644);
#3642 = CARTESIAN_POINT('',(16.,-17.02362530192,9.518412319499));
#3643 = DIRECTION('',(1.,-5.540531131486E-16,-2.511309617475E-16));
#3644 = DIRECTION('',(-5.644799560529E-16,-0.999048221582,
    -4.361938736534E-02));
#3645 = ORIENTED_EDGE('',*,*,#3646,.T.);
#3646 = EDGE_CURVE('',#3638,#3232,#3647,.T.);
#3647 = LINE('',#3648,#3649);
#3648 = CARTESIAN_POINT('',(-7.304478089651E-15,-17.79011815725,
    8.229037004582));
#3649 = VECTOR('',#3650,1.);
#3650 = DIRECTION('',(-1.,3.524862975319E-16,6.661338147751E-16));
#3651 = ORIENTED_EDGE('',*,*,#3229,.F.);
#3652 = ORIENTED_EDGE('',*,*,#3653,.T.);
#3653 = EDGE_CURVE('',#3230,#3636,#3654,.T.);
#3654 = LINE('',#3655,#3656);
#3655 = CARTESIAN_POINT('',(-1.166924452955E-14,-17.08905438296,
    11.016984651872));
#3656 = VECTOR('',#3657,1.);
#3657 = DIRECTION('',(1.,-3.524862975319E-16,-6.661338147751E-16));
#3658 = CYLINDRICAL_SURFACE('',#3659,1.5);
#3659 = AXIS2_PLACEMENT_3D('',#3660,#3661,#3662);
#3660 = CARTESIAN_POINT('',(-8.041584810142E-15,-17.02362530192,
    9.518412319499));
#3661 = DIRECTION('',(1.,-7.760977180737E-16,-4.731755666726E-16));
#3662 = DIRECTION('',(-8.207162219011E-17,-0.999048221582,
    -4.361938736534E-02));
#3663 = ADVANCED_FACE('',(#3664),#3682,.F.);
#3664 = FACE_BOUND('',#3665,.T.);
#3665 = EDGE_LOOP('',(#3666,#3674,#3680,#3681));
#3666 = ORIENTED_EDGE('',*,*,#3667,.F.);
#3667 = EDGE_CURVE('',#3668,#3266,#3670,.T.);
#3668 = VERTEX_POINT('',#3669);
#3669 = CARTESIAN_POINT('',(16.,-14.14463385965,11.145540828239));
#3670 = LINE('',#3671,#3672);
#3671 = CARTESIAN_POINT('',(-8.761557753842E-15,-14.14463385965,
    11.145540828239));
#3672 = VECTOR('',#3673,1.);
#3673 = DIRECTION('',(-1.,3.524862975319E-16,6.661338147751E-16));
#3674 = ORIENTED_EDGE('',*,*,#3675,.T.);
#3675 = EDGE_CURVE('',#3668,#3636,#3676,.T.);
#3676 = LINE('',#3677,#3678);
#3677 = CARTESIAN_POINT('',(16.,-19.80206896962,10.898531876894));
#3678 = VECTOR('',#3679,1.);
#3679 = DIRECTION('',(-3.618062503971E-16,-0.999048221582,
    -4.361938736534E-02));
#3680 = ORIENTED_EDGE('',*,*,#3653,.F.);
#3681 = ORIENTED_EDGE('',*,*,#3274,.F.);
#3682 = PLANE('',#3683);
#3683 = AXIS2_PLACEMENT_3D('',#3684,#3685,#3686);
#3684 = CARTESIAN_POINT('',(-9.225936034869E-15,-15.61684412131,
    11.081262740055));
#3685 = DIRECTION('',(-4.388238105071E-16,-4.361938736534E-02,
    0.999048221582));
#3686 = DIRECTION('',(-1.302875331003E-16,0.999048221582,
    4.361938736534E-02));
#3687 = ADVANCED_FACE('',(#3688),#3707,.F.);
#3688 = FACE_BOUND('',#3689,.T.);
#3689 = EDGE_LOOP('',(#3690,#3699,#3700,#3701));
#3690 = ORIENTED_EDGE('',*,*,#3691,.T.);
#3691 = EDGE_CURVE('',#3692,#3668,#3694,.T.);
#3692 = VERTEX_POINT('',#3693);
#3693 = CARTESIAN_POINT('',(16.,-12.58063244623,9.712397576914));
#3694 = CIRCLE('',#3695,1.5);
#3695 = AXIS2_PLACEMENT_3D('',#3696,#3697,#3698);
#3696 = CARTESIAN_POINT('',(16.,-14.0792047786,9.646968495866));
#3697 = DIRECTION('',(1.,-5.540531131486E-16,-2.511309617475E-16));
#3698 = DIRECTION('',(-5.644799560529E-16,-0.999048221582,
    -4.361938736534E-02));
#3699 = ORIENTED_EDGE('',*,*,#3667,.T.);
#3700 = ORIENTED_EDGE('',*,*,#3265,.F.);
#3701 = ORIENTED_EDGE('',*,*,#3702,.T.);
#3702 = EDGE_CURVE('',#3258,#3692,#3703,.T.);
#3703 = LINE('',#3704,#3705);
#3704 = CARTESIAN_POINT('',(-1.46654966909E-14,-12.58063244623,
    9.712397576914));
#3705 = VECTOR('',#3706,1.);
#3706 = DIRECTION('',(1.,-3.524862975319E-16,-6.661338147751E-16));
#3707 = CYLINDRICAL_SURFACE('',#3708,1.5);
#3708 = AXIS2_PLACEMENT_3D('',#3709,#3710,#3711);
#3709 = CARTESIAN_POINT('',(-7.799701221804E-15,-14.0792047786,
    9.646968495866));
#3710 = DIRECTION('',(1.,-7.760977180737E-16,-4.731755666726E-16));
#3711 = DIRECTION('',(-8.207162219011E-17,-0.999048221582,
    -4.361938736534E-02));
#3712 = ADVANCED_FACE('',(#3713),#3731,.F.);
#3713 = FACE_BOUND('',#3714,.T.);
#3714 = EDGE_LOOP('',(#3715,#3723,#3729,#3730));
#3715 = ORIENTED_EDGE('',*,*,#3716,.F.);
#3716 = EDGE_CURVE('',#3717,#3249,#3719,.T.);
#3717 = VERTEX_POINT('',#3718);
#3718 = CARTESIAN_POINT('',(16.,-12.49641100876,7.783409518951));
#3719 = LINE('',#3720,#3721);
#3720 = CARTESIAN_POINT('',(-6.438475531767E-15,-12.49641100876,
    7.783409518951));
#3721 = VECTOR('',#3722,1.);
#3722 = DIRECTION('',(-1.,3.524862975319E-16,6.661338147751E-16));
#3723 = ORIENTED_EDGE('',*,*,#3724,.T.);
#3724 = EDGE_CURVE('',#3717,#3692,#3725,.T.);
#3725 = LINE('',#3726,#3727);
#3726 = CARTESIAN_POINT('',(16.,-12.52542566843,8.447954481559));
#3727 = VECTOR('',#3728,1.);
#3728 = DIRECTION('',(6.509716285347E-16,-4.361938736534E-02,
    0.999048221582));
#3729 = ORIENTED_EDGE('',*,*,#3702,.F.);
#3730 = ORIENTED_EDGE('',*,*,#3257,.F.);
#3731 = PLANE('',#3732);
#3732 = AXIS2_PLACEMENT_3D('',#3733,#3734,#3735);
#3733 = CARTESIAN_POINT('',(-8.668001646045E-15,-12.53852172749,
    8.747903547933));
#3734 = DIRECTION('',(-3.309493056092E-16,0.999048221582,
    4.361938736534E-02));
#3735 = DIRECTION('',(-4.388238105071E-16,-4.361938736534E-02,
    0.999048221582));
#3736 = ADVANCED_FACE('',(#3737),#3756,.F.);
#3737 = FACE_BOUND('',#3738,.T.);
#3738 = EDGE_LOOP('',(#3739,#3748,#3749,#3750));
#3739 = ORIENTED_EDGE('',*,*,#3740,.T.);
#3740 = EDGE_CURVE('',#3741,#3717,#3743,.T.);
#3741 = VERTEX_POINT('',#3742);
#3742 = CARTESIAN_POINT('',(16.,-14.76147619647,6.428605122987));
#3743 = CIRCLE('',#3744,1.5);
#3744 = AXIS2_PLACEMENT_3D('',#3745,#3746,#3747);
#3745 = CARTESIAN_POINT('',(16.,-13.99498334113,7.717980437903));
#3746 = DIRECTION('',(1.,-5.540531131486E-16,-2.511309617475E-16));
#3747 = DIRECTION('',(-5.644799560529E-16,-0.999048221582,
    -4.361938736534E-02));
#3748 = ORIENTED_EDGE('',*,*,#3716,.T.);
#3749 = ORIENTED_EDGE('',*,*,#3248,.F.);
#3750 = ORIENTED_EDGE('',*,*,#3751,.T.);
#3751 = EDGE_CURVE('',#3241,#3741,#3752,.T.);
#3752 = LINE('',#3753,#3754);
#3753 = CARTESIAN_POINT('',(-1.223298818698E-14,-14.76147619647,
    6.428605122987));
#3754 = VECTOR('',#3755,1.);
#3755 = DIRECTION('',(1.,-3.524862975319E-16,-6.661338147751E-16));
#3756 = CYLINDRICAL_SURFACE('',#3757,1.5);
#3757 = AXIS2_PLACEMENT_3D('',#3758,#3759,#3760);
#3758 = CARTESIAN_POINT('',(-6.561582965053E-15,-13.99498334113,
    7.717980437903));
#3759 = DIRECTION('',(1.,-7.760977180737E-16,-4.731755666726E-16));
#3760 = DIRECTION('',(-8.207162219011E-17,-0.999048221582,
    -4.361938736534E-02));
#3761 = ADVANCED_FACE('',(#3762),#3773,.F.);
#3762 = FACE_BOUND('',#3763,.T.);
#3763 = EDGE_LOOP('',(#3764,#3765,#3771,#3772));
#3764 = ORIENTED_EDGE('',*,*,#3646,.F.);
#3765 = ORIENTED_EDGE('',*,*,#3766,.T.);
#3766 = EDGE_CURVE('',#3638,#3741,#3767,.T.);
#3767 = LINE('',#3768,#3769);
#3768 = CARTESIAN_POINT('',(16.,-19.14650200715,9.035364315188));
#3769 = VECTOR('',#3770,1.);
#3770 = DIRECTION('',(-5.409237408179E-17,0.859583543278,-0.510995236892
    ));
#3771 = ORIENTED_EDGE('',*,*,#3751,.F.);
#3772 = ORIENTED_EDGE('',*,*,#3240,.F.);
#3773 = PLANE('',#3774);
#3774 = AXIS2_PLACEMENT_3D('',#3775,#3776,#3777);
#3775 = CARTESIAN_POINT('',(-8.588445974889E-15,-16.27579717686,
    7.328821063784));
#3776 = DIRECTION('',(4.384636442814E-16,-0.510995236892,-0.859583543278
    ));
#3777 = DIRECTION('',(-1.314945268548E-16,-0.859583543278,0.510995236892
    ));
#3778 = ADVANCED_FACE('',(#3779),#3804,.F.);
#3779 = FACE_BOUND('',#3780,.F.);
#3780 = EDGE_LOOP('',(#3781,#3789,#3797,#3803));
#3781 = ORIENTED_EDGE('',*,*,#3782,.F.);
#3782 = EDGE_CURVE('',#3783,#3283,#3785,.T.);
#3783 = VERTEX_POINT('',#3784);
#3784 = CARTESIAN_POINT('',(16.,17.790118157258,8.229037004582));
#3785 = LINE('',#3786,#3787);
#3786 = CARTESIAN_POINT('',(-6.538758062656E-15,17.790118157258,
    8.229037004582));
#3787 = VECTOR('',#3788,1.);
#3788 = DIRECTION('',(-1.,2.026252147807E-16,-1.110223024625E-16));
#3789 = ORIENTED_EDGE('',*,*,#3790,.F.);
#3790 = EDGE_CURVE('',#3791,#3783,#3793,.T.);
#3791 = VERTEX_POINT('',#3792);
#3792 = CARTESIAN_POINT('',(16.,14.761476196471,6.428605122987));
#3793 = LINE('',#3794,#3795);
#3794 = CARTESIAN_POINT('',(16.,19.755516836391,9.397404374437));
#3795 = VECTOR('',#3796,1.);
#3796 = DIRECTION('',(3.60499890163E-16,0.859583543278,0.510995236892));
#3797 = ORIENTED_EDGE('',*,*,#3798,.F.);
#3798 = EDGE_CURVE('',#3285,#3791,#3799,.T.);
#3799 = LINE('',#3800,#3801);
#3800 = CARTESIAN_POINT('',(-1.173068563493E-14,14.761476196471,
    6.428605122987));
#3801 = VECTOR('',#3802,1.);
#3802 = DIRECTION('',(1.,-2.026252147807E-16,1.110223024625E-16));
#3803 = ORIENTED_EDGE('',*,*,#3282,.F.);
#3804 = PLANE('',#3805);
#3805 = AXIS2_PLACEMENT_3D('',#3806,#3807,#3808);
#3806 = CARTESIAN_POINT('',(-7.954434685366E-15,16.275797176865,
    7.328821063784));
#3807 = DIRECTION('',(9.543294413359E-17,0.510995236892,-0.859583543278)
  );
#3808 = DIRECTION('',(5.673186774709E-17,-0.859583543278,-0.510995236892
    ));
#3809 = ADVANCED_FACE('',(#3810),#3829,.F.);
#3810 = FACE_BOUND('',#3811,.F.);
#3811 = EDGE_LOOP('',(#3812,#3821,#3827,#3828));
#3812 = ORIENTED_EDGE('',*,*,#3813,.F.);
#3813 = EDGE_CURVE('',#3814,#3791,#3816,.T.);
#3814 = VERTEX_POINT('',#3815);
#3815 = CARTESIAN_POINT('',(16.,12.496411008761,7.783409518951));
#3816 = CIRCLE('',#3817,1.5);
#3817 = AXIS2_PLACEMENT_3D('',#3818,#3819,#3820);
#3818 = CARTESIAN_POINT('',(16.,13.994983341134,7.717980437903));
#3819 = DIRECTION('',(1.,2.209862057611E-16,3.03980550565E-16));
#3820 = DIRECTION('',(-2.075164304731E-16,0.999048221582,
    -4.361938736534E-02));
#3821 = ORIENTED_EDGE('',*,*,#3822,.T.);
#3822 = EDGE_CURVE('',#3814,#3319,#3823,.T.);
#3823 = LINE('',#3824,#3825);
#3824 = CARTESIAN_POINT('',(-5.23345971707E-15,12.496411008761,
    7.783409518951));
#3825 = VECTOR('',#3826,1.);
#3826 = DIRECTION('',(-1.,2.026252147807E-16,-1.110223024625E-16));
#3827 = ORIENTED_EDGE('',*,*,#3326,.T.);
#3828 = ORIENTED_EDGE('',*,*,#3798,.T.);
#3829 = CYLINDRICAL_SURFACE('',#3830,1.5);
#3830 = AXIS2_PLACEMENT_3D('',#3831,#3832,#3833);
#3831 = CARTESIAN_POINT('',(-5.54473436278E-15,13.994983341134,
    7.717980437903));
#3832 = DIRECTION('',(1.,2.209862057611E-16,3.03980550565E-16));
#3833 = DIRECTION('',(-2.075164304731E-16,0.999048221582,
    -4.361938736534E-02));
#3834 = ADVANCED_FACE('',(#3835),#3853,.F.);
#3835 = FACE_BOUND('',#3836,.F.);
#3836 = EDGE_LOOP('',(#3837,#3838,#3846,#3852));
#3837 = ORIENTED_EDGE('',*,*,#3822,.F.);
#3838 = ORIENTED_EDGE('',*,*,#3839,.F.);
#3839 = EDGE_CURVE('',#3840,#3814,#3842,.T.);
#3840 = VERTEX_POINT('',#3841);
#3841 = CARTESIAN_POINT('',(16.,12.580632446231,9.712397576914));
#3842 = LINE('',#3843,#3844);
#3843 = CARTESIAN_POINT('',(16.,12.552868753732,9.076504473166));
#3844 = VECTOR('',#3845,1.);
#3845 = DIRECTION('',(1.476047557824E-15,-4.361938736534E-02,
    -0.999048221582));
#3846 = ORIENTED_EDGE('',*,*,#3847,.F.);
#3847 = EDGE_CURVE('',#3310,#3840,#3848,.T.);
#3848 = LINE('',#3849,#3850);
#3849 = CARTESIAN_POINT('',(-1.282734924725E-14,12.580632446231,
    9.712397576914));
#3850 = VECTOR('',#3851,1.);
#3851 = DIRECTION('',(1.,-2.026252147807E-16,1.110223024625E-16));
#3852 = ORIENTED_EDGE('',*,*,#3318,.F.);
#3853 = PLANE('',#3854);
#3854 = AXIS2_PLACEMENT_3D('',#3855,#3856,#3857);
#3855 = CARTESIAN_POINT('',(-7.146420016873E-15,12.538521727496,
    8.747903547933));
#3856 = DIRECTION('',(-2.055044973262E-16,-0.999048221582,
    4.361938736534E-02));
#3857 = DIRECTION('',(1.109166338311E-16,-4.361938736534E-02,
    -0.999048221582));
#3858 = ADVANCED_FACE('',(#3859),#3878,.F.);
#3859 = FACE_BOUND('',#3860,.F.);
#3860 = EDGE_LOOP('',(#3861,#3870,#3876,#3877));
#3861 = ORIENTED_EDGE('',*,*,#3862,.F.);
#3862 = EDGE_CURVE('',#3863,#3840,#3865,.T.);
#3863 = VERTEX_POINT('',#3864);
#3864 = CARTESIAN_POINT('',(16.,14.144633859651,11.145540828239));
#3865 = CIRCLE('',#3866,1.5);
#3866 = AXIS2_PLACEMENT_3D('',#3867,#3868,#3869);
#3867 = CARTESIAN_POINT('',(16.,14.079204778603,9.646968495866));
#3868 = DIRECTION('',(1.,2.209862057611E-16,3.03980550565E-16));
#3869 = DIRECTION('',(-2.075164304731E-16,0.999048221582,
    -4.361938736534E-02));
#3870 = ORIENTED_EDGE('',*,*,#3871,.T.);
#3871 = EDGE_CURVE('',#3863,#3302,#3872,.T.);
#3872 = LINE('',#3873,#3874);
#3873 = CARTESIAN_POINT('',(-6.619716757606E-15,14.144633859651,
    11.145540828239));
#3874 = VECTOR('',#3875,1.);
#3875 = DIRECTION('',(-1.,2.026252147807E-16,-1.110223024625E-16));
#3876 = ORIENTED_EDGE('',*,*,#3309,.T.);
#3877 = ORIENTED_EDGE('',*,*,#3847,.T.);
#3878 = CYLINDRICAL_SURFACE('',#3879,1.5);
#3879 = AXIS2_PLACEMENT_3D('',#3880,#3881,#3882);
#3880 = CARTESIAN_POINT('',(-6.149720990583E-15,14.079204778603,
    9.646968495866));
#3881 = DIRECTION('',(1.,2.209862057611E-16,3.03980550565E-16));
#3882 = DIRECTION('',(-2.075164304731E-16,0.999048221582,
    -4.361938736534E-02));
#3883 = ADVANCED_FACE('',(#3884),#3902,.F.);
#3884 = FACE_BOUND('',#3885,.F.);
#3885 = EDGE_LOOP('',(#3886,#3887,#3895,#3901));
#3886 = ORIENTED_EDGE('',*,*,#3871,.F.);
#3887 = ORIENTED_EDGE('',*,*,#3888,.F.);
#3888 = EDGE_CURVE('',#3889,#3863,#3891,.T.);
#3889 = VERTEX_POINT('',#3890);
#3890 = CARTESIAN_POINT('',(16.,17.089054382968,11.016984651872));
#3891 = LINE('',#3892,#3893);
#3892 = CARTESIAN_POINT('',(16.,20.236484256176,10.879564895869));
#3893 = VECTOR('',#3894,1.);
#3894 = DIRECTION('',(-1.397982489307E-15,-0.999048221582,
    4.361938736534E-02));
#3895 = ORIENTED_EDGE('',*,*,#3896,.F.);
#3896 = EDGE_CURVE('',#3293,#3889,#3897,.T.);
#3897 = LINE('',#3898,#3899);
#3898 = CARTESIAN_POINT('',(-9.897117687316E-15,17.089054382968,
    11.016984651872));
#3899 = VECTOR('',#3900,1.);
#3900 = DIRECTION('',(1.,-2.026252147807E-16,1.110223024625E-16));
#3901 = ORIENTED_EDGE('',*,*,#3301,.F.);
#3902 = PLANE('',#3903);
#3903 = AXIS2_PLACEMENT_3D('',#3904,#3905,#3906);
#3904 = CARTESIAN_POINT('',(-7.268952115636E-15,15.61684412131,
    11.081262740055));
#3905 = DIRECTION('',(-1.109166338311E-16,4.361938736534E-02,
    0.999048221582));
#3906 = DIRECTION('',(4.842724817304E-18,0.999048221582,
    -4.361938736534E-02));
#3907 = ADVANCED_FACE('',(#3908),#3920,.F.);
#3908 = FACE_BOUND('',#3909,.F.);
#3909 = EDGE_LOOP('',(#3910,#3917,#3918,#3919));
#3910 = ORIENTED_EDGE('',*,*,#3911,.F.);
#3911 = EDGE_CURVE('',#3783,#3889,#3912,.T.);
#3912 = CIRCLE('',#3913,1.5);
#3913 = AXIS2_PLACEMENT_3D('',#3914,#3915,#3916);
#3914 = CARTESIAN_POINT('',(16.,17.02362530192,9.518412319499));
#3915 = DIRECTION('',(1.,2.209862057611E-16,3.03980550565E-16));
#3916 = DIRECTION('',(-2.075164304731E-16,0.999048221582,
    -4.361938736534E-02));
#3917 = ORIENTED_EDGE('',*,*,#3782,.T.);
#3918 = ORIENTED_EDGE('',*,*,#3292,.T.);
#3919 = ORIENTED_EDGE('',*,*,#3896,.T.);
#3920 = CYLINDRICAL_SURFACE('',#3921,1.5);
#3921 = AXIS2_PLACEMENT_3D('',#3922,#3923,#3924);
#3922 = CARTESIAN_POINT('',(-6.761318732925E-15,17.02362530192,
    9.518412319499));
#3923 = DIRECTION('',(1.,2.209862057611E-16,3.03980550565E-16));
#3924 = DIRECTION('',(-2.075164304731E-16,0.999048221582,
    -4.361938736534E-02));
#3925 = ADVANCED_FACE('',(#3926,#4037,#4045,#4053,#4061),#4069,.T.);
#3926 = FACE_BOUND('',#3927,.T.);
#3927 = EDGE_LOOP('',(#3928,#3929,#3930,#3931,#3932,#3933,#3934,#3935,
    #3936,#3937,#3938,#3939,#3940,#3941,#3942,#3943,#3944,#3945,#3946,
    #3947,#3948,#3957,#3966,#3975,#3984,#3991,#3992,#3993,#3994,#3995,
    #3996,#3997,#3998,#3999,#4000,#4001,#4002,#4003,#4004,#4005,#4006,
    #4007,#4008,#4014,#4015,#4016,#4017,#4018,#4019,#4020,#4021,#4022,
    #4023,#4024,#4025,#4026,#4027,#4028,#4029,#4030,#4031,#4032,#4033,
    #4034,#4035,#4036));
#3928 = ORIENTED_EDGE('',*,*,#1086,.F.);
#3929 = ORIENTED_EDGE('',*,*,#792,.T.);
#3930 = ORIENTED_EDGE('',*,*,#729,.T.);
#3931 = ORIENTED_EDGE('',*,*,#697,.F.);
#3932 = ORIENTED_EDGE('',*,*,#665,.T.);
#3933 = ORIENTED_EDGE('',*,*,#633,.F.);
#3934 = ORIENTED_EDGE('',*,*,#583,.F.);
#3935 = ORIENTED_EDGE('',*,*,#569,.F.);
#3936 = ORIENTED_EDGE('',*,*,#1428,.F.);
#3937 = ORIENTED_EDGE('',*,*,#1442,.F.);
#3938 = ORIENTED_EDGE('',*,*,#1492,.F.);
#3939 = ORIENTED_EDGE('',*,*,#1524,.T.);
#3940 = ORIENTED_EDGE('',*,*,#1556,.F.);
#3941 = ORIENTED_EDGE('',*,*,#1588,.T.);
#3942 = ORIENTED_EDGE('',*,*,#1651,.F.);
#3943 = ORIENTED_EDGE('',*,*,#1802,.T.);
#3944 = ORIENTED_EDGE('',*,*,#2663,.F.);
#3945 = ORIENTED_EDGE('',*,*,#2689,.T.);
#3946 = ORIENTED_EDGE('',*,*,#2714,.F.);
#3947 = ORIENTED_EDGE('',*,*,#2738,.T.);
#3948 = ORIENTED_EDGE('',*,*,#3949,.F.);
#3949 = EDGE_CURVE('',#3950,#2729,#3952,.T.);
#3950 = VERTEX_POINT('',#3951);
#3951 = CARTESIAN_POINT('',(16.,-37.26422194975,17.085314813376));
#3952 = CIRCLE('',#3953,3.1);
#3953 = AXIS2_PLACEMENT_3D('',#3954,#3955,#3956);
#3954 = CARTESIAN_POINT('',(16.,-40.30157081487,16.46522460095));
#3955 = DIRECTION('',(1.,-5.540531131486E-16,-2.511309617475E-16));
#3956 = DIRECTION('',(-5.644799560529E-16,-0.999048221582,
    -4.361938736534E-02));
#3957 = ORIENTED_EDGE('',*,*,#3958,.F.);
#3958 = EDGE_CURVE('',#3959,#3950,#3961,.T.);
#3959 = VERTEX_POINT('',#3960);
#3960 = CARTESIAN_POINT('',(16.,-37.28652324763,15.744469325354));
#3961 = CIRCLE('',#3962,3.1);
#3962 = AXIS2_PLACEMENT_3D('',#3963,#3964,#3965);
#3963 = CARTESIAN_POINT('',(16.,-40.30157081487,16.46522460095));
#3964 = DIRECTION('',(1.,-5.540531131486E-16,-2.511309617475E-16));
#3965 = DIRECTION('',(-5.644799560529E-16,-0.999048221582,
    -4.361938736534E-02));
#3966 = ORIENTED_EDGE('',*,*,#3967,.F.);
#3967 = EDGE_CURVE('',#3968,#3959,#3970,.T.);
#3968 = VERTEX_POINT('',#3969);
#3969 = CARTESIAN_POINT('',(16.,-43.36597743068,15.996810155214));
#3970 = CIRCLE('',#3971,3.1);
#3971 = AXIS2_PLACEMENT_3D('',#3972,#3973,#3974);
#3972 = CARTESIAN_POINT('',(16.,-40.30157081487,16.46522460095));
#3973 = DIRECTION('',(1.,-5.540531131486E-16,-2.511309617475E-16));
#3974 = DIRECTION('',(-5.644799560529E-16,-0.999048221582,
    -4.361938736534E-02));
#3975 = ORIENTED_EDGE('',*,*,#3976,.F.);
#3976 = EDGE_CURVE('',#3977,#3968,#3979,.T.);
#3977 = VERTEX_POINT('',#3978);
#3978 = CARTESIAN_POINT('',(16.,-43.39862030177,16.330004500117));
#3979 = CIRCLE('',#3980,3.1);
#3980 = AXIS2_PLACEMENT_3D('',#3981,#3982,#3983);
#3981 = CARTESIAN_POINT('',(16.,-40.30157081487,16.46522460095));
#3982 = DIRECTION('',(1.,-5.540531131486E-16,-2.511309617475E-16));
#3983 = DIRECTION('',(-5.644799560529E-16,-0.999048221582,
    -4.361938736534E-02));
#3984 = ORIENTED_EDGE('',*,*,#3985,.F.);
#3985 = EDGE_CURVE('',#2763,#3977,#3986,.T.);
#3986 = CIRCLE('',#3987,3.1);
#3987 = AXIS2_PLACEMENT_3D('',#3988,#3989,#3990);
#3988 = CARTESIAN_POINT('',(16.,-40.30157081487,16.46522460095));
#3989 = DIRECTION('',(1.,-5.540531131486E-16,-2.511309617475E-16));
#3990 = DIRECTION('',(-5.644799560529E-16,-0.999048221582,
    -4.361938736534E-02));
#3991 = ORIENTED_EDGE('',*,*,#2770,.T.);
#3992 = ORIENTED_EDGE('',*,*,#2795,.F.);
#3993 = ORIENTED_EDGE('',*,*,#2812,.T.);
#3994 = ORIENTED_EDGE('',*,*,#2619,.F.);
#3995 = ORIENTED_EDGE('',*,*,#1974,.F.);
#3996 = ORIENTED_EDGE('',*,*,#2029,.F.);
#3997 = ORIENTED_EDGE('',*,*,#2068,.F.);
#3998 = ORIENTED_EDGE('',*,*,#2099,.F.);
#3999 = ORIENTED_EDGE('',*,*,#2388,.T.);
#4000 = ORIENTED_EDGE('',*,*,#2365,.F.);
#4001 = ORIENTED_EDGE('',*,*,#2333,.T.);
#4002 = ORIENTED_EDGE('',*,*,#2301,.F.);
#4003 = ORIENTED_EDGE('',*,*,#2251,.F.);
#4004 = ORIENTED_EDGE('',*,*,#2237,.F.);
#4005 = ORIENTED_EDGE('',*,*,#2187,.F.);
#4006 = ORIENTED_EDGE('',*,*,#2173,.F.);
#4007 = ORIENTED_EDGE('',*,*,#2141,.T.);
#4008 = ORIENTED_EDGE('',*,*,#4009,.F.);
#4009 = EDGE_CURVE('',#24,#2117,#4010,.T.);
#4010 = LINE('',#4011,#4012);
#4011 = CARTESIAN_POINT('',(16.,-12.498554219,5.));
#4012 = VECTOR('',#4013,1.);
#4013 = DIRECTION('',(-3.330669073875E-16,-1.,-6.674171555112E-16));
#4014 = ORIENTED_EDGE('',*,*,#48,.T.);
#4015 = ORIENTED_EDGE('',*,*,#80,.F.);
#4016 = ORIENTED_EDGE('',*,*,#94,.F.);
#4017 = ORIENTED_EDGE('',*,*,#144,.F.);
#4018 = ORIENTED_EDGE('',*,*,#158,.F.);
#4019 = ORIENTED_EDGE('',*,*,#208,.F.);
#4020 = ORIENTED_EDGE('',*,*,#240,.T.);
#4021 = ORIENTED_EDGE('',*,*,#272,.F.);
#4022 = ORIENTED_EDGE('',*,*,#304,.T.);
#4023 = ORIENTED_EDGE('',*,*,#399,.F.);
#4024 = ORIENTED_EDGE('',*,*,#337,.T.);
#4025 = ORIENTED_EDGE('',*,*,#360,.T.);
#4026 = ORIENTED_EDGE('',*,*,#423,.T.);
#4027 = ORIENTED_EDGE('',*,*,#1396,.T.);
#4028 = ORIENTED_EDGE('',*,*,#1372,.T.);
#4029 = ORIENTED_EDGE('',*,*,#1340,.F.);
#4030 = ORIENTED_EDGE('',*,*,#1308,.T.);
#4031 = ORIENTED_EDGE('',*,*,#1249,.F.);
#4032 = ORIENTED_EDGE('',*,*,#1258,.F.);
#4033 = ORIENTED_EDGE('',*,*,#1224,.T.);
#4034 = ORIENTED_EDGE('',*,*,#1192,.F.);
#4035 = ORIENTED_EDGE('',*,*,#1160,.T.);
#4036 = ORIENTED_EDGE('',*,*,#1127,.T.);
#4037 = FACE_BOUND('',#4038,.T.);
#4038 = EDGE_LOOP('',(#4039,#4040,#4041,#4042,#4043,#4044));
#4039 = ORIENTED_EDGE('',*,*,#3341,.F.);
#4040 = ORIENTED_EDGE('',*,*,#3383,.F.);
#4041 = ORIENTED_EDGE('',*,*,#3397,.F.);
#4042 = ORIENTED_EDGE('',*,*,#3432,.F.);
#4043 = ORIENTED_EDGE('',*,*,#3446,.F.);
#4044 = ORIENTED_EDGE('',*,*,#3474,.F.);
#4045 = FACE_BOUND('',#4046,.T.);
#4046 = EDGE_LOOP('',(#4047,#4048,#4049,#4050,#4051,#4052));
#4047 = ORIENTED_EDGE('',*,*,#3505,.F.);
#4048 = ORIENTED_EDGE('',*,*,#3519,.F.);
#4049 = ORIENTED_EDGE('',*,*,#3554,.F.);
#4050 = ORIENTED_EDGE('',*,*,#3568,.F.);
#4051 = ORIENTED_EDGE('',*,*,#3603,.F.);
#4052 = ORIENTED_EDGE('',*,*,#3617,.F.);
#4053 = FACE_BOUND('',#4054,.T.);
#4054 = EDGE_LOOP('',(#4055,#4056,#4057,#4058,#4059,#4060));
#4055 = ORIENTED_EDGE('',*,*,#3635,.F.);
#4056 = ORIENTED_EDGE('',*,*,#3675,.F.);
#4057 = ORIENTED_EDGE('',*,*,#3691,.F.);
#4058 = ORIENTED_EDGE('',*,*,#3724,.F.);
#4059 = ORIENTED_EDGE('',*,*,#3740,.F.);
#4060 = ORIENTED_EDGE('',*,*,#3766,.F.);
#4061 = FACE_BOUND('',#4062,.T.);
#4062 = EDGE_LOOP('',(#4063,#4064,#4065,#4066,#4067,#4068));
#4063 = ORIENTED_EDGE('',*,*,#3790,.F.);
#4064 = ORIENTED_EDGE('',*,*,#3813,.F.);
#4065 = ORIENTED_EDGE('',*,*,#3839,.F.);
#4066 = ORIENTED_EDGE('',*,*,#3862,.F.);
#4067 = ORIENTED_EDGE('',*,*,#3888,.F.);
#4068 = ORIENTED_EDGE('',*,*,#3911,.F.);
#4069 = PLANE('',#4070);
#4070 = AXIS2_PLACEMENT_3D('',#4071,#4072,#4073);
#4071 = CARTESIAN_POINT('',(16.,-2.524997749306E-02,9.639040481785));
#4072 = DIRECTION('',(1.,1.714694343758E-31,1.544459361521E-15));
#4073 = DIRECTION('',(-1.544459361521E-15,1.110223024625E-16,1.));
#4074 = ADVANCED_FACE('',(#4075),#4081,.T.);
#4075 = FACE_BOUND('',#4076,.T.);
#4076 = EDGE_LOOP('',(#4077,#4078,#4079,#4080));
#4077 = ORIENTED_EDGE('',*,*,#21,.T.);
#4078 = ORIENTED_EDGE('',*,*,#4009,.T.);
#4079 = ORIENTED_EDGE('',*,*,#2114,.F.);
#4080 = ORIENTED_EDGE('',*,*,#3043,.T.);
#4081 = PLANE('',#4082);
#4082 = AXIS2_PLACEMENT_3D('',#4083,#4084,#4085);
#4083 = CARTESIAN_POINT('',(-1.774839418812E-14,9.315181245653E-16,5.));
#4084 = DIRECTION('',(1.110223024625E-16,-8.877099056327E-16,-1.));
#4085 = DIRECTION('',(-8.622964599804E-32,-1.,8.877099056327E-16));
#4086 = ADVANCED_FACE('',(#4087),#4098,.F.);
#4087 = FACE_BOUND('',#4088,.T.);
#4088 = EDGE_LOOP('',(#4089,#4090,#4091,#4092,#4093,#4094,#4095,#4096,
    #4097));
#4089 = ORIENTED_EDGE('',*,*,#3066,.F.);
#4090 = ORIENTED_EDGE('',*,*,#2955,.F.);
#4091 = ORIENTED_EDGE('',*,*,#2481,.T.);
#4092 = ORIENTED_EDGE('',*,*,#2490,.T.);
#4093 = ORIENTED_EDGE('',*,*,#2913,.F.);
#4094 = ORIENTED_EDGE('',*,*,#3102,.F.);
#4095 = ORIENTED_EDGE('',*,*,#3093,.F.);
#4096 = ORIENTED_EDGE('',*,*,#3084,.F.);
#4097 = ORIENTED_EDGE('',*,*,#3075,.F.);
#4098 = CYLINDRICAL_SURFACE('',#4099,3.1);
#4099 = AXIS2_PLACEMENT_3D('',#4100,#4101,#4102);
#4100 = CARTESIAN_POINT('',(-2.031949974222E-14,-40.30157081487,
    16.46522460095));
#4101 = DIRECTION('',(1.,-5.540531131486E-16,-2.511309617475E-16));
#4102 = DIRECTION('',(-3.135903394869E-16,-0.999048221582,
    -4.361938736534E-02));
#4103 = ADVANCED_FACE('',(#4104),#4115,.F.);
#4104 = FACE_BOUND('',#4105,.T.);
#4105 = EDGE_LOOP('',(#4106,#4107,#4108,#4109,#4110,#4111,#4112,#4113,
    #4114));
#4106 = ORIENTED_EDGE('',*,*,#1895,.F.);
#4107 = ORIENTED_EDGE('',*,*,#2762,.F.);
#4108 = ORIENTED_EDGE('',*,*,#3985,.T.);
#4109 = ORIENTED_EDGE('',*,*,#3976,.T.);
#4110 = ORIENTED_EDGE('',*,*,#3967,.T.);
#4111 = ORIENTED_EDGE('',*,*,#3958,.T.);
#4112 = ORIENTED_EDGE('',*,*,#3949,.T.);
#4113 = ORIENTED_EDGE('',*,*,#2728,.F.);
#4114 = ORIENTED_EDGE('',*,*,#1904,.F.);
#4115 = CYLINDRICAL_SURFACE('',#4116,3.1);
#4116 = AXIS2_PLACEMENT_3D('',#4117,#4118,#4119);
#4117 = CARTESIAN_POINT('',(-2.031949974222E-14,-40.30157081487,
    16.46522460095));
#4118 = DIRECTION('',(1.,-5.540531131486E-16,-2.511309617475E-16));
#4119 = DIRECTION('',(-3.135903394869E-16,-0.999048221582,
    -4.361938736534E-02));
#4120 = ( GEOMETRIC_REPRESENTATION_CONTEXT(3) 
GLOBAL_UNCERTAINTY_ASSIGNED_CONTEXT((#4124)) 
GLOBAL_UNIT_ASSIGNED_CONTEXT((#4121,#4122,#4123)) REPRESENTATION_CONTEXT
('Context #1','3D Context with UNIT and UNCERTAINTY') );
#4121 = ( LENGTH_UNIT() NAMED_UNIT(*) SI_UNIT(.MILLI.,.METRE.) );
#4122 = ( NAMED_UNIT(*) PLANE_ANGLE_UNIT() SI_UNIT($,.RADIAN.) );
#4123 = ( NAMED_UNIT(*) SI_UNIT($,.STERADIAN.) SOLID_ANGLE_UNIT() );
#4124 = UNCERTAINTY_MEASURE_WITH_UNIT(LENGTH_MEASURE(1.E-04),#4121,
  'distance_accuracy_value','confusion accuracy');
#4125 = PRODUCT_RELATED_PRODUCT_CATEGORY('part',$,(#7));
ENDSEC;
END-ISO-10303-21;
