ISO-10303-21;
HEADER;
FILE_DESCRIPTION(('FreeCAD Model'),'2;1');
FILE_NAME('Open CASCADE Shape Model','2026-09-30T12:30:41',('FreeCAD'),(
    'FreeCAD'),'Open CASCADE STEP processor 7.8','FreeCAD','Unknown');
FILE_SCHEMA(('AUTOMOTIVE_DESIGN { 1 0 10303 214 1 1 1 1 }'));
ENDSEC;
DATA;
#1 = APPLICATION_PROTOCOL_DEFINITION('international standard',
  'automotive_design',2000,#2);
#2 = APPLICATION_CONTEXT(
  'core data for automotive mechanical design processes');
#3 = SHAPE_DEFINITION_REPRESENTATION(#4,#10);
#4 = PRODUCT_DEFINITION_SHAPE('','',#5);
#5 = PRODUCT_DEFINITION('design','',#6,#9);
#6 = PRODUCT_DEFINITION_FORMATION('','',#7);
#7 = PRODUCT('Open CASCADE STEP translator 7.8 44',
  'Open CASCADE STEP translator 7.8 44','',(#8));
#8 = PRODUCT_CONTEXT('',#2,'mechanical');
#9 = PRODUCT_DEFINITION_CONTEXT('part definition',#2,'design');
#10 = ADVANCED_BREP_SHAPE_REPRESENTATION('',(#11,#15),#3773);
#11 = AXIS2_PLACEMENT_3D('',#12,#13,#14);
#12 = CARTESIAN_POINT('',(0.,0.,0.));
#13 = DIRECTION('',(0.,0.,1.));
#14 = DIRECTION('',(1.,0.,-0.));
#15 = MANIFOLD_SOLID_BREP('',#16);
#16 = CLOSED_SHELL('',(#17,#59,#92,#155,#197,#230,#261,#294,#345,#378,
    #409,#442,#475,#508,#571,#604,#637,#670,#703,#736,#767,#800,#851,
    #884,#915,#948,#981,#1027,#1052,#1090,#1107,#1119,#1150,#1183,#1216,
    #1279,#1427,#1452,#1592,#1624,#1656,#1678,#1703,#1728,#1752,#1777,
    #1809,#1833,#1858,#1870,#1895,#1920,#1944,#1969,#2001,#2025,#2050,
    #2413,#2445,#2470,#2542,#2567,#2612,#2637,#2674,#2700,#2742,#2802,
    #2871,#2899,#2952,#2976,#3004,#3029,#3047,#3064,#3076,#3151,#3176,
    #3201,#3227,#3252,#3319,#3344,#3369,#3387,#3420,#3444,#3472,#3497,
    #3522,#3542,#3560,#3572,#3689,#3701,#3717,#3731,#3745,#3759));
#17 = ADVANCED_FACE('',(#18),#54,.F.);
#18 = FACE_BOUND('',#19,.T.);
#19 = EDGE_LOOP('',(#20,#30,#39,#47));
#20 = ORIENTED_EDGE('',*,*,#21,.T.);
#21 = EDGE_CURVE('',#22,#24,#26,.T.);
#22 = VERTEX_POINT('',#23);
#23 = CARTESIAN_POINT('',(-16.,13.377671379323,-5.833333333333));
#24 = VERTEX_POINT('',#25);
#25 = CARTESIAN_POINT('',(16.,13.377671379323,-5.833333333333));
#26 = LINE('',#27,#28);
#27 = CARTESIAN_POINT('',(-16.,13.377671379323,-5.833333333333));
#28 = VECTOR('',#29,1.);
#29 = DIRECTION('',(1.,-2.442490654175E-15,-4.440892098501E-16));
#30 = ORIENTED_EDGE('',*,*,#31,.T.);
#31 = EDGE_CURVE('',#24,#32,#34,.T.);
#32 = VERTEX_POINT('',#33);
#33 = CARTESIAN_POINT('',(16.,11.753205655188,-5.));
#34 = CIRCLE('',#35,2.);
#35 = AXIS2_PLACEMENT_3D('',#36,#37,#38);
#36 = CARTESIAN_POINT('',(16.,11.753205655189,-7.));
#37 = DIRECTION('',(1.,1.33226762955E-15,3.330669073875E-15));
#38 = DIRECTION('',(-1.33226762955E-15,1.,-3.330669073875E-15));
#39 = ORIENTED_EDGE('',*,*,#40,.F.);
#40 = EDGE_CURVE('',#41,#32,#43,.T.);
#41 = VERTEX_POINT('',#42);
#42 = CARTESIAN_POINT('',(-16.,11.753205655189,-5.));
#43 = LINE('',#44,#45);
#44 = CARTESIAN_POINT('',(-16.,11.753205655189,-5.));
#45 = VECTOR('',#46,1.);
#46 = DIRECTION('',(1.,-2.442490654175E-15,-4.440892098501E-16));
#47 = ORIENTED_EDGE('',*,*,#48,.F.);
#48 = EDGE_CURVE('',#22,#41,#49,.T.);
#49 = CIRCLE('',#50,2.);
#50 = AXIS2_PLACEMENT_3D('',#51,#52,#53);
#51 = CARTESIAN_POINT('',(-16.,11.753205655189,-7.));
#52 = DIRECTION('',(1.,1.33226762955E-15,3.330669073875E-15));
#53 = DIRECTION('',(-1.33226762955E-15,1.,-3.330669073875E-15));
#54 = CYLINDRICAL_SURFACE('',#55,2.);
#55 = AXIS2_PLACEMENT_3D('',#56,#57,#58);
#56 = CARTESIAN_POINT('',(-16.,11.753205655189,-7.));
#57 = DIRECTION('',(-1.,2.22044604925E-15,2.22044604925E-16));
#58 = DIRECTION('',(-1.110223024625E-15,1.,-3.10862446895E-15));
#59 = ADVANCED_FACE('',(#60),#87,.T.);
#60 = FACE_BOUND('',#61,.F.);
#61 = EDGE_LOOP('',(#62,#63,#72,#80));
#62 = ORIENTED_EDGE('',*,*,#21,.T.);
#63 = ORIENTED_EDGE('',*,*,#64,.T.);
#64 = EDGE_CURVE('',#24,#65,#67,.T.);
#65 = VERTEX_POINT('',#66);
#66 = CARTESIAN_POINT('',(16.,31.080192795969,-2.867037842804));
#67 = CIRCLE('',#68,10.);
#68 = AXIS2_PLACEMENT_3D('',#69,#70,#71);
#69 = CARTESIAN_POINT('',(16.,21.5,-1.634248292248E-13));
#70 = DIRECTION('',(1.,1.7763568394E-15,4.440892098501E-15));
#71 = DIRECTION('',(-1.7763568394E-15,1.,-4.440892098501E-15));
#72 = ORIENTED_EDGE('',*,*,#73,.F.);
#73 = EDGE_CURVE('',#74,#65,#76,.T.);
#74 = VERTEX_POINT('',#75);
#75 = CARTESIAN_POINT('',(-16.,31.080192795969,-2.867037842804));
#76 = LINE('',#77,#78);
#77 = CARTESIAN_POINT('',(-16.,31.080192795969,-2.867037842804));
#78 = VECTOR('',#79,1.);
#79 = DIRECTION('',(1.,-2.886579864025E-15,-5.551115123126E-16));
#80 = ORIENTED_EDGE('',*,*,#81,.F.);
#81 = EDGE_CURVE('',#22,#74,#82,.T.);
#82 = CIRCLE('',#83,10.);
#83 = AXIS2_PLACEMENT_3D('',#84,#85,#86);
#84 = CARTESIAN_POINT('',(-16.,21.5,-2.13162820728E-14));
#85 = DIRECTION('',(1.,1.7763568394E-15,4.440892098501E-15));
#86 = DIRECTION('',(-1.7763568394E-15,1.,-4.440892098501E-15));
#87 = CYLINDRICAL_SURFACE('',#88,10.);
#88 = AXIS2_PLACEMENT_3D('',#89,#90,#91);
#89 = CARTESIAN_POINT('',(-16.,21.5,-8.004708007547E-14));
#90 = DIRECTION('',(-1.,3.10862446895E-15,4.440892098501E-16));
#91 = DIRECTION('',(-1.554312234475E-15,1.,-4.218847493576E-15));
#92 = ADVANCED_FACE('',(#93),#150,.T.);
#93 = FACE_BOUND('',#94,.T.);
#94 = EDGE_LOOP('',(#95,#103,#111,#119,#127,#135,#143,#149));
#95 = ORIENTED_EDGE('',*,*,#96,.F.);
#96 = EDGE_CURVE('',#97,#74,#99,.T.);
#97 = VERTEX_POINT('',#98);
#98 = CARTESIAN_POINT('',(-16.,39.686780047363,25.89183096342));
#99 = LINE('',#100,#101);
#100 = CARTESIAN_POINT('',(-16.,39.686780047363,25.89183096342));
#101 = VECTOR('',#102,1.);
#102 = DIRECTION('',(4.168279917429E-15,-0.28670378428,-0.958019279597)
  );
#103 = ORIENTED_EDGE('',*,*,#104,.T.);
#104 = EDGE_CURVE('',#97,#105,#107,.T.);
#105 = VERTEX_POINT('',#106);
#106 = CARTESIAN_POINT('',(-11.,39.686780047363,25.89183096342));
#107 = LINE('',#108,#109);
#108 = CARTESIAN_POINT('',(-16.,39.686780047363,25.89183096342));
#109 = VECTOR('',#110,1.);
#110 = DIRECTION('',(1.,-2.886579864025E-15,-5.551115123126E-16));
#111 = ORIENTED_EDGE('',*,*,#112,.T.);
#112 = EDGE_CURVE('',#105,#113,#115,.T.);
#113 = VERTEX_POINT('',#114);
#114 = CARTESIAN_POINT('',(-11.,35.982217782774,13.513054447263));
#115 = LINE('',#116,#117);
#116 = CARTESIAN_POINT('',(-11.,40.742593322436,29.419825809084));
#117 = VECTOR('',#118,1.);
#118 = DIRECTION('',(1.829106156611E-15,-0.28670378428,-0.958019279597)
  );
#119 = ORIENTED_EDGE('',*,*,#120,.F.);
#120 = EDGE_CURVE('',#121,#113,#123,.T.);
#121 = VERTEX_POINT('',#122);
#122 = CARTESIAN_POINT('',(11.,35.982217782774,13.513054447263));
#123 = LINE('',#124,#125);
#124 = CARTESIAN_POINT('',(11.,35.982217782774,13.513054447263));
#125 = VECTOR('',#126,1.);
#126 = DIRECTION('',(-1.,1.554312234475E-15,2.22044604925E-16));
#127 = ORIENTED_EDGE('',*,*,#128,.F.);
#128 = EDGE_CURVE('',#129,#121,#131,.T.);
#129 = VERTEX_POINT('',#130);
#130 = CARTESIAN_POINT('',(11.,39.686780047363,25.89183096342));
#131 = LINE('',#132,#133);
#132 = CARTESIAN_POINT('',(11.,40.742593322436,29.419825809084));
#133 = VECTOR('',#134,1.);
#134 = DIRECTION('',(1.829106156611E-15,-0.28670378428,-0.958019279597)
  );
#135 = ORIENTED_EDGE('',*,*,#136,.T.);
#136 = EDGE_CURVE('',#129,#137,#139,.T.);
#137 = VERTEX_POINT('',#138);
#138 = CARTESIAN_POINT('',(16.,39.686780047363,25.89183096342));
#139 = LINE('',#140,#141);
#140 = CARTESIAN_POINT('',(-16.,39.686780047363,25.89183096342));
#141 = VECTOR('',#142,1.);
#142 = DIRECTION('',(1.,-2.886579864025E-15,-5.551115123126E-16));
#143 = ORIENTED_EDGE('',*,*,#144,.T.);
#144 = EDGE_CURVE('',#137,#65,#145,.T.);
#145 = LINE('',#146,#147);
#146 = CARTESIAN_POINT('',(16.,39.686780047363,25.89183096342));
#147 = VECTOR('',#148,1.);
#148 = DIRECTION('',(4.168279917429E-15,-0.28670378428,-0.958019279597)
  );
#149 = ORIENTED_EDGE('',*,*,#73,.F.);
#150 = PLANE('',#151);
#151 = AXIS2_PLACEMENT_3D('',#152,#153,#154);
#152 = CARTESIAN_POINT('',(-16.,39.686780047363,25.89183096342));
#153 = DIRECTION('',(-7.686912032185E-17,0.958019279597,-0.28670378428)
  );
#154 = DIRECTION('',(3.891895876469E-15,-0.28670378428,-0.958019279597)
  );
#155 = ADVANCED_FACE('',(#156),#192,.T.);
#156 = FACE_BOUND('',#157,.F.);
#157 = EDGE_LOOP('',(#158,#168,#177,#184,#185));
#158 = ORIENTED_EDGE('',*,*,#159,.F.);
#159 = EDGE_CURVE('',#160,#162,#164,.T.);
#160 = VERTEX_POINT('',#161);
#161 = CARTESIAN_POINT('',(-16.,32.505625627256,34.882621463359));
#162 = VERTEX_POINT('',#163);
#163 = CARTESIAN_POINT('',(-11.,32.505625627256,34.882621463359));
#164 = LINE('',#165,#166);
#165 = CARTESIAN_POINT('',(-6.215781714917E-14,32.505625627256,
    34.882621463359));
#166 = VECTOR('',#167,1.);
#167 = DIRECTION('',(1.,-1.110223024625E-15,-1.110223024625E-16));
#168 = ORIENTED_EDGE('',*,*,#169,.F.);
#169 = EDGE_CURVE('',#170,#160,#172,.T.);
#170 = VERTEX_POINT('',#171);
#171 = CARTESIAN_POINT('',(-16.,39.980645090185,27.898757453383));
#172 = CIRCLE('',#173,7.);
#173 = AXIS2_PLACEMENT_3D('',#174,#175,#176);
#174 = CARTESIAN_POINT('',(-16.,32.980645090185,27.898757453383));
#175 = DIRECTION('',(1.,1.7763568394E-15,4.440892098501E-15));
#176 = DIRECTION('',(-1.7763568394E-15,1.,-4.440892098501E-15));
#177 = ORIENTED_EDGE('',*,*,#178,.F.);
#178 = EDGE_CURVE('',#97,#170,#179,.T.);
#179 = CIRCLE('',#180,7.);
#180 = AXIS2_PLACEMENT_3D('',#181,#182,#183);
#181 = CARTESIAN_POINT('',(-16.,32.980645090185,27.898757453383));
#182 = DIRECTION('',(1.,1.7763568394E-15,4.440892098501E-15));
#183 = DIRECTION('',(-1.7763568394E-15,1.,-4.440892098501E-15));
#184 = ORIENTED_EDGE('',*,*,#104,.T.);
#185 = ORIENTED_EDGE('',*,*,#186,.F.);
#186 = EDGE_CURVE('',#162,#105,#187,.T.);
#187 = CIRCLE('',#188,7.);
#188 = AXIS2_PLACEMENT_3D('',#189,#190,#191);
#189 = CARTESIAN_POINT('',(-11.,32.980645090185,27.898757453383));
#190 = DIRECTION('',(-1.,2.22044604925E-16,-2.442490654175E-15));
#191 = DIRECTION('',(2.22044604925E-16,1.,-3.330669073875E-15));
#192 = CYLINDRICAL_SURFACE('',#193,7.);
#193 = AXIS2_PLACEMENT_3D('',#194,#195,#196);
#194 = CARTESIAN_POINT('',(-16.,32.980645090185,27.898757453383));
#195 = DIRECTION('',(-1.,2.886579864025E-15,2.22044604925E-16));
#196 = DIRECTION('',(-1.33226762955E-15,1.,-3.996802888651E-15));
#197 = ADVANCED_FACE('',(#198),#225,.T.);
#198 = FACE_BOUND('',#199,.T.);
#199 = EDGE_LOOP('',(#200,#201,#210,#218));
#200 = ORIENTED_EDGE('',*,*,#159,.F.);
#201 = ORIENTED_EDGE('',*,*,#202,.T.);
#202 = EDGE_CURVE('',#160,#203,#205,.T.);
#203 = VERTEX_POINT('',#204);
#204 = CARTESIAN_POINT('',(-16.,31.754333506242,33.31135016844));
#205 = CIRCLE('',#206,1.);
#206 = AXIS2_PLACEMENT_3D('',#207,#208,#209);
#207 = CARTESIAN_POINT('',(-16.,32.573485550531,33.884926604791));
#208 = DIRECTION('',(1.,4.440892098501E-16,1.443289932013E-15));
#209 = DIRECTION('',(-4.440892098501E-16,1.,-1.443289932013E-15));
#210 = ORIENTED_EDGE('',*,*,#211,.F.);
#211 = EDGE_CURVE('',#212,#203,#214,.T.);
#212 = VERTEX_POINT('',#213);
#213 = CARTESIAN_POINT('',(-11.,31.754333506242,33.31135016844));
#214 = LINE('',#215,#216);
#215 = CARTESIAN_POINT('',(-6.217969319596E-14,31.754333506242,
    33.31135016844));
#216 = VECTOR('',#217,1.);
#217 = DIRECTION('',(-1.,1.110223024625E-15,1.110223024625E-16));
#218 = ORIENTED_EDGE('',*,*,#219,.F.);
#219 = EDGE_CURVE('',#162,#212,#220,.T.);
#220 = CIRCLE('',#221,1.);
#221 = AXIS2_PLACEMENT_3D('',#222,#223,#224);
#222 = CARTESIAN_POINT('',(-11.,32.573485550531,33.884926604791));
#223 = DIRECTION('',(1.,4.440892098501E-16,1.443289932013E-15));
#224 = DIRECTION('',(-4.440892098501E-16,1.,-1.443289932013E-15));
#225 = CYLINDRICAL_SURFACE('',#226,1.);
#226 = AXIS2_PLACEMENT_3D('',#227,#228,#229);
#227 = CARTESIAN_POINT('',(-6.337130687588E-14,32.573485550531,
    33.884926604791));
#228 = DIRECTION('',(1.,-8.881784197001E-16,1.110223024625E-16));
#229 = DIRECTION('',(-4.440892098501E-16,1.,-1.443289932013E-15));
#230 = ADVANCED_FACE('',(#231),#256,.F.);
#231 = FACE_BOUND('',#232,.F.);
#232 = EDGE_LOOP('',(#233,#243,#249,#250));
#233 = ORIENTED_EDGE('',*,*,#234,.F.);
#234 = EDGE_CURVE('',#235,#237,#239,.T.);
#235 = VERTEX_POINT('',#236);
#236 = CARTESIAN_POINT('',(-16.,33.444221372621,30.897940180454));
#237 = VERTEX_POINT('',#238);
#238 = CARTESIAN_POINT('',(-11.,33.44422137262,30.897940180454));
#239 = LINE('',#240,#241);
#240 = CARTESIAN_POINT('',(-5.81763207337E-14,33.444221372621,
    30.897940180454));
#241 = VECTOR('',#242,1.);
#242 = DIRECTION('',(1.,-1.110223024625E-15,-1.110223024625E-16));
#243 = ORIENTED_EDGE('',*,*,#244,.F.);
#244 = EDGE_CURVE('',#203,#235,#245,.T.);
#245 = LINE('',#246,#247);
#246 = CARTESIAN_POINT('',(-16.,36.174409204086,26.998827870916));
#247 = VECTOR('',#248,1.);
#248 = DIRECTION('',(2.090316580958E-15,0.573576436351,-0.819152044289)
  );
#249 = ORIENTED_EDGE('',*,*,#211,.F.);
#250 = ORIENTED_EDGE('',*,*,#251,.F.);
#251 = EDGE_CURVE('',#237,#212,#252,.T.);
#252 = LINE('',#253,#254);
#253 = CARTESIAN_POINT('',(-11.,32.882977042739,31.699480151471));
#254 = VECTOR('',#255,1.);
#255 = DIRECTION('',(-1.091329752286E-15,-0.573576436351,0.819152044289)
  );
#256 = PLANE('',#257);
#257 = AXIS2_PLACEMENT_3D('',#258,#259,#260);
#258 = CARTESIAN_POINT('',(-5.368463525686E-14,32.599277439431,
    32.104645174447));
#259 = DIRECTION('',(-8.674596353253E-16,0.819152044289,0.573576436351)
  );
#260 = DIRECTION('',(-7.456664998545E-16,-0.573576436351,0.819152044289)
  );
#261 = ADVANCED_FACE('',(#262),#289,.T.);
#262 = FACE_BOUND('',#263,.T.);
#263 = EDGE_LOOP('',(#264,#265,#274,#282));
#264 = ORIENTED_EDGE('',*,*,#234,.F.);
#265 = ORIENTED_EDGE('',*,*,#266,.T.);
#266 = EDGE_CURVE('',#235,#267,#269,.T.);
#267 = VERTEX_POINT('',#268);
#268 = CARTESIAN_POINT('',(-16.,33.725392644092,30.70149737727));
#269 = CIRCLE('',#270,0.5);
#270 = AXIS2_PLACEMENT_3D('',#271,#272,#273);
#271 = CARTESIAN_POINT('',(-16.,33.853797394765,31.18472839863));
#272 = DIRECTION('',(1.,4.440892098501E-16,1.443289932013E-15));
#273 = DIRECTION('',(-4.440892098501E-16,1.,-1.443289932013E-15));
#274 = ORIENTED_EDGE('',*,*,#275,.F.);
#275 = EDGE_CURVE('',#276,#267,#278,.T.);
#276 = VERTEX_POINT('',#277);
#277 = CARTESIAN_POINT('',(-11.,33.725392644092,30.70149737727));
#278 = LINE('',#279,#280);
#279 = CARTESIAN_POINT('',(-5.928824503353E-14,33.725392644091,
    30.70149737727));
#280 = VECTOR('',#281,1.);
#281 = DIRECTION('',(-1.,1.110223024625E-15,1.110223024625E-16));
#282 = ORIENTED_EDGE('',*,*,#283,.F.);
#283 = EDGE_CURVE('',#237,#276,#284,.T.);
#284 = CIRCLE('',#285,0.5);
#285 = AXIS2_PLACEMENT_3D('',#286,#287,#288);
#286 = CARTESIAN_POINT('',(-11.,33.853797394765,31.18472839863));
#287 = DIRECTION('',(1.,4.440892098501E-16,1.443289932013E-15));
#288 = DIRECTION('',(-4.440892098501E-16,1.,-1.443289932013E-15));
#289 = CYLINDRICAL_SURFACE('',#290,0.5);
#290 = AXIS2_PLACEMENT_3D('',#291,#292,#293);
#291 = CARTESIAN_POINT('',(-6.004271066576E-14,33.853797394765,
    31.18472839863));
#292 = DIRECTION('',(1.,-8.881784197001E-16,1.110223024625E-16));
#293 = DIRECTION('',(-4.440892098501E-16,1.,-1.443289932013E-15));
#294 = ADVANCED_FACE('',(#295),#340,.F.);
#295 = FACE_BOUND('',#296,.F.);
#296 = EDGE_LOOP('',(#297,#307,#316,#323,#324,#333));
#297 = ORIENTED_EDGE('',*,*,#298,.F.);
#298 = EDGE_CURVE('',#299,#301,#303,.T.);
#299 = VERTEX_POINT('',#300);
#300 = CARTESIAN_POINT('',(-16.,30.092212400598,28.157517183101));
#301 = VERTEX_POINT('',#302);
#302 = CARTESIAN_POINT('',(-11.,30.092212400598,28.157517183101));
#303 = LINE('',#304,#305);
#304 = CARTESIAN_POINT('',(-5.543808809571E-14,30.092212400598,
    28.157517183101));
#305 = VECTOR('',#306,1.);
#306 = DIRECTION('',(1.,-1.110223024625E-15,-1.110223024625E-16));
#307 = ORIENTED_EDGE('',*,*,#308,.T.);
#308 = EDGE_CURVE('',#299,#309,#311,.T.);
#309 = VERTEX_POINT('',#310);
#310 = CARTESIAN_POINT('',(-16.,35.772360891028,28.683819799523));
#311 = CIRCLE('',#312,2.9);
#312 = AXIS2_PLACEMENT_3D('',#313,#314,#315);
#313 = CARTESIAN_POINT('',(-16.,32.980645090185,27.898757453383));
#314 = DIRECTION('',(1.,8.881784197001E-16,2.553512956638E-15));
#315 = DIRECTION('',(-1.54627882789E-15,0.96266062098,0.270711153841));
#316 = ORIENTED_EDGE('',*,*,#317,.T.);
#317 = EDGE_CURVE('',#309,#267,#318,.T.);
#318 = CIRCLE('',#319,2.9);
#319 = AXIS2_PLACEMENT_3D('',#320,#321,#322);
#320 = CARTESIAN_POINT('',(-16.,32.980645090185,27.898757453383));
#321 = DIRECTION('',(1.,8.881784197001E-16,2.553512956638E-15));
#322 = DIRECTION('',(-1.54627882789E-15,0.96266062098,0.270711153841));
#323 = ORIENTED_EDGE('',*,*,#275,.F.);
#324 = ORIENTED_EDGE('',*,*,#325,.F.);
#325 = EDGE_CURVE('',#326,#276,#328,.T.);
#326 = VERTEX_POINT('',#327);
#327 = CARTESIAN_POINT('',(-11.,35.772360891028,28.683819799523));
#328 = CIRCLE('',#329,2.9);
#329 = AXIS2_PLACEMENT_3D('',#330,#331,#332);
#330 = CARTESIAN_POINT('',(-11.,32.980645090185,27.898757453383));
#331 = DIRECTION('',(1.,4.440892098501E-16,2.109423746788E-15));
#332 = DIRECTION('',(-9.985517309581E-16,0.96266062098,0.270711153841));
#333 = ORIENTED_EDGE('',*,*,#334,.F.);
#334 = EDGE_CURVE('',#301,#326,#335,.T.);
#335 = CIRCLE('',#336,2.9);
#336 = AXIS2_PLACEMENT_3D('',#337,#338,#339);
#337 = CARTESIAN_POINT('',(-11.,32.980645090185,27.898757453383));
#338 = DIRECTION('',(1.,4.440892098501E-16,2.109423746788E-15));
#339 = DIRECTION('',(-9.985517309581E-16,0.96266062098,0.270711153841));
#340 = CYLINDRICAL_SURFACE('',#341,2.9);
#341 = AXIS2_PLACEMENT_3D('',#342,#343,#344);
#342 = CARTESIAN_POINT('',(-7.349665009648E-14,32.980645090185,
    27.898757453383));
#343 = DIRECTION('',(1.,-1.33226762955E-15,3.330669073875E-16));
#344 = DIRECTION('',(-9.985517309581E-16,0.96266062098,0.270711153841));
#345 = ADVANCED_FACE('',(#346),#373,.T.);
#346 = FACE_BOUND('',#347,.T.);
#347 = EDGE_LOOP('',(#348,#349,#358,#366));
#348 = ORIENTED_EDGE('',*,*,#298,.F.);
#349 = ORIENTED_EDGE('',*,*,#350,.T.);
#350 = EDGE_CURVE('',#299,#351,#353,.T.);
#351 = VERTEX_POINT('',#352);
#352 = CARTESIAN_POINT('',(-16.,30.003782786607,28.48891914778));
#353 = CIRCLE('',#354,0.5);
#354 = AXIS2_PLACEMENT_3D('',#355,#356,#357);
#355 = CARTESIAN_POINT('',(-16.,29.594206764462,28.202130929604));
#356 = DIRECTION('',(1.,4.440892098501E-16,1.443289932013E-15));
#357 = DIRECTION('',(-4.440892098501E-16,1.,-1.443289932013E-15));
#358 = ORIENTED_EDGE('',*,*,#359,.F.);
#359 = EDGE_CURVE('',#360,#351,#362,.T.);
#360 = VERTEX_POINT('',#361);
#361 = CARTESIAN_POINT('',(-11.,30.003782786607,28.48891914778));
#362 = LINE('',#363,#364);
#363 = CARTESIAN_POINT('',(-5.444212637013E-14,30.003782786607,
    28.48891914778));
#364 = VECTOR('',#365,1.);
#365 = DIRECTION('',(-1.,1.110223024625E-15,1.110223024625E-16));
#366 = ORIENTED_EDGE('',*,*,#367,.F.);
#367 = EDGE_CURVE('',#301,#360,#368,.T.);
#368 = CIRCLE('',#369,0.5);
#369 = AXIS2_PLACEMENT_3D('',#370,#371,#372);
#370 = CARTESIAN_POINT('',(-11.,29.594206764462,28.202130929604));
#371 = DIRECTION('',(1.,4.440892098501E-16,1.443289932013E-15));
#372 = DIRECTION('',(-4.440892098501E-16,1.,-1.443289932013E-15));
#373 = CYLINDRICAL_SURFACE('',#374,0.5);
#374 = AXIS2_PLACEMENT_3D('',#375,#376,#377);
#375 = CARTESIAN_POINT('',(-5.384631953017E-14,29.594206764462,
    28.202130929604));
#376 = DIRECTION('',(1.,-8.881784197001E-16,1.110223024625E-16));
#377 = DIRECTION('',(-4.440892098501E-16,1.,-1.443289932013E-15));
#378 = ADVANCED_FACE('',(#379),#404,.F.);
#379 = FACE_BOUND('',#380,.F.);
#380 = EDGE_LOOP('',(#381,#391,#397,#398));
#381 = ORIENTED_EDGE('',*,*,#382,.F.);
#382 = EDGE_CURVE('',#383,#385,#387,.T.);
#383 = VERTEX_POINT('',#384);
#384 = CARTESIAN_POINT('',(-16.,28.313894920229,30.902329135766));
#385 = VERTEX_POINT('',#386);
#386 = CARTESIAN_POINT('',(-11.,28.313894920229,30.902329135766));
#387 = LINE('',#388,#389);
#388 = CARTESIAN_POINT('',(-5.818070618102E-14,28.313894920229,
    30.902329135766));
#389 = VECTOR('',#390,1.);
#390 = DIRECTION('',(1.,-1.110223024625E-15,-1.110223024625E-16));
#391 = ORIENTED_EDGE('',*,*,#392,.F.);
#392 = EDGE_CURVE('',#351,#383,#393,.T.);
#393 = LINE('',#394,#395);
#394 = CARTESIAN_POINT('',(-16.,32.733970618072,24.589806838242));
#395 = VECTOR('',#396,1.);
#396 = DIRECTION('',(-2.090316580958E-15,-0.573576436351,0.819152044289)
  );
#397 = ORIENTED_EDGE('',*,*,#359,.F.);
#398 = ORIENTED_EDGE('',*,*,#399,.F.);
#399 = EDGE_CURVE('',#385,#360,#400,.T.);
#400 = LINE('',#401,#402);
#401 = CARTESIAN_POINT('',(-11.,29.442538456725,29.290459118796));
#402 = VECTOR('',#403,1.);
#403 = DIRECTION('',(1.091329752286E-15,0.573576436351,-0.819152044289)
  );
#404 = PLANE('',#405);
#405 = AXIS2_PLACEMENT_3D('',#406,#407,#408);
#406 = CARTESIAN_POINT('',(-4.921476792465E-14,29.158838853418,
    29.695624141773));
#407 = DIRECTION('',(8.775039036806E-16,-0.819152044289,-0.573576436351)
  );
#408 = DIRECTION('',(7.456664998545E-16,0.573576436351,-0.819152044289)
  );
#409 = ADVANCED_FACE('',(#410),#437,.T.);
#410 = FACE_BOUND('',#411,.T.);
#411 = EDGE_LOOP('',(#412,#413,#422,#430));
#412 = ORIENTED_EDGE('',*,*,#382,.F.);
#413 = ORIENTED_EDGE('',*,*,#414,.T.);
#414 = EDGE_CURVE('',#383,#415,#417,.T.);
#415 = VERTEX_POINT('',#416);
#416 = CARTESIAN_POINT('',(-16.,26.580425840232,30.733751907086));
#417 = CIRCLE('',#418,1.);
#418 = AXIS2_PLACEMENT_3D('',#419,#420,#421);
#419 = CARTESIAN_POINT('',(-16.,27.49474287594,30.328752699415));
#420 = DIRECTION('',(1.,4.440892098501E-16,1.443289932013E-15));
#421 = DIRECTION('',(-4.440892098501E-16,1.,-1.443289932013E-15));
#422 = ORIENTED_EDGE('',*,*,#423,.F.);
#423 = EDGE_CURVE('',#424,#415,#426,.T.);
#424 = VERTEX_POINT('',#425);
#425 = CARTESIAN_POINT('',(-11.,26.580425840232,30.733751907086));
#426 = LINE('',#427,#428);
#427 = CARTESIAN_POINT('',(-5.616179500934E-14,26.580425840232,
    30.733751907086));
#428 = VECTOR('',#429,1.);
#429 = DIRECTION('',(-1.,1.110223024625E-15,1.110223024625E-16));
#430 = ORIENTED_EDGE('',*,*,#431,.F.);
#431 = EDGE_CURVE('',#385,#424,#432,.T.);
#432 = CIRCLE('',#433,1.);
#433 = AXIS2_PLACEMENT_3D('',#434,#435,#436);
#434 = CARTESIAN_POINT('',(-11.,27.49474287594,30.328752699415));
#435 = DIRECTION('',(1.,4.440892098501E-16,1.443289932013E-15));
#436 = DIRECTION('',(-4.440892098501E-16,1.,-1.443289932013E-15));
#437 = CYLINDRICAL_SURFACE('',#438,1.);
#438 = AXIS2_PLACEMENT_3D('',#439,#440,#441);
#439 = CARTESIAN_POINT('',(-5.598330206037E-14,27.49474287594,
    30.328752699415));
#440 = DIRECTION('',(1.,-8.881784197001E-16,1.110223024625E-16));
#441 = DIRECTION('',(-4.440892098501E-16,1.,-1.443289932013E-15));
#442 = ADVANCED_FACE('',(#443),#470,.T.);
#443 = FACE_BOUND('',#444,.F.);
#444 = EDGE_LOOP('',(#445,#455,#462,#463));
#445 = ORIENTED_EDGE('',*,*,#446,.F.);
#446 = EDGE_CURVE('',#447,#449,#451,.T.);
#447 = VERTEX_POINT('',#448);
#448 = CARTESIAN_POINT('',(-16.,27.306578759763,23.799370758039));
#449 = VERTEX_POINT('',#450);
#450 = CARTESIAN_POINT('',(-11.,27.306578759763,23.799370758039));
#451 = LINE('',#452,#453);
#452 = CARTESIAN_POINT('',(-16.,27.306578759763,23.799370758039));
#453 = VECTOR('',#454,1.);
#454 = DIRECTION('',(1.,-2.886579864025E-15,-5.551115123126E-16));
#455 = ORIENTED_EDGE('',*,*,#456,.F.);
#456 = EDGE_CURVE('',#415,#447,#457,.T.);
#457 = CIRCLE('',#458,7.);
#458 = AXIS2_PLACEMENT_3D('',#459,#460,#461);
#459 = CARTESIAN_POINT('',(-16.,32.980645090185,27.898757453383));
#460 = DIRECTION('',(1.,1.7763568394E-15,4.440892098501E-15));
#461 = DIRECTION('',(-1.7763568394E-15,1.,-4.440892098501E-15));
#462 = ORIENTED_EDGE('',*,*,#423,.F.);
#463 = ORIENTED_EDGE('',*,*,#464,.F.);
#464 = EDGE_CURVE('',#449,#424,#465,.T.);
#465 = CIRCLE('',#466,7.);
#466 = AXIS2_PLACEMENT_3D('',#467,#468,#469);
#467 = CARTESIAN_POINT('',(-11.,32.980645090185,27.898757453383));
#468 = DIRECTION('',(-1.,2.22044604925E-16,-2.442490654175E-15));
#469 = DIRECTION('',(2.22044604925E-16,1.,-3.330669073875E-15));
#470 = CYLINDRICAL_SURFACE('',#471,7.);
#471 = AXIS2_PLACEMENT_3D('',#472,#473,#474);
#472 = CARTESIAN_POINT('',(-16.,32.980645090185,27.898757453383));
#473 = DIRECTION('',(-1.,2.886579864025E-15,2.22044604925E-16));
#474 = DIRECTION('',(-1.33226762955E-15,1.,-3.996802888651E-15));
#475 = ADVANCED_FACE('',(#476),#503,.F.);
#476 = FACE_BOUND('',#477,.T.);
#477 = EDGE_LOOP('',(#478,#487,#495,#502));
#478 = ORIENTED_EDGE('',*,*,#479,.F.);
#479 = EDGE_CURVE('',#480,#447,#482,.T.);
#480 = VERTEX_POINT('',#481);
#481 = CARTESIAN_POINT('',(-16.,27.019539284296,19.944813930137));
#482 = CIRCLE('',#483,3.);
#483 = AXIS2_PLACEMENT_3D('',#484,#485,#486);
#484 = CARTESIAN_POINT('',(-16.,24.874836046725,22.042490745748));
#485 = DIRECTION('',(1.,1.554312234475E-15,3.885780586188E-15));
#486 = DIRECTION('',(-1.554312234475E-15,1.,-3.885780586188E-15));
#487 = ORIENTED_EDGE('',*,*,#488,.T.);
#488 = EDGE_CURVE('',#480,#489,#491,.T.);
#489 = VERTEX_POINT('',#490);
#490 = CARTESIAN_POINT('',(-11.,27.019539284296,19.944813930137));
#491 = LINE('',#492,#493);
#492 = CARTESIAN_POINT('',(-16.,27.019539284296,19.944813930137));
#493 = VECTOR('',#494,1.);
#494 = DIRECTION('',(1.,-2.886579864025E-15,-5.551115123126E-16));
#495 = ORIENTED_EDGE('',*,*,#496,.F.);
#496 = EDGE_CURVE('',#449,#489,#497,.T.);
#497 = CIRCLE('',#498,3.);
#498 = AXIS2_PLACEMENT_3D('',#499,#500,#501);
#499 = CARTESIAN_POINT('',(-11.,24.874836046725,22.042490745748));
#500 = DIRECTION('',(-1.,-2.576123893612E-30,-2.331468351713E-15));
#501 = DIRECTION('',(4.41269068858E-30,1.,-2.997602166488E-15));
#502 = ORIENTED_EDGE('',*,*,#446,.F.);
#503 = CYLINDRICAL_SURFACE('',#504,3.);
#504 = AXIS2_PLACEMENT_3D('',#505,#506,#507);
#505 = CARTESIAN_POINT('',(-16.,24.874836046725,22.042490745748));
#506 = DIRECTION('',(-1.,2.6645352591E-15,3.330669073875E-16));
#507 = DIRECTION('',(-1.33226762955E-15,1.,-3.663735981263E-15));
#508 = ADVANCED_FACE('',(#509),#566,.T.);
#509 = FACE_BOUND('',#510,.T.);
#510 = EDGE_LOOP('',(#511,#519,#527,#535,#543,#551,#559,#565));
#511 = ORIENTED_EDGE('',*,*,#512,.F.);
#512 = EDGE_CURVE('',#513,#480,#515,.T.);
#513 = VERTEX_POINT('',#514);
#514 = CARTESIAN_POINT('',(-16.,14.350989208097,6.992256052037));
#515 = LINE('',#516,#517);
#516 = CARTESIAN_POINT('',(-16.,14.350989208097,6.992256052037));
#517 = VECTOR('',#518,1.);
#518 = DIRECTION('',(-3.864763647389E-15,0.699225605204,0.71490107919));
#519 = ORIENTED_EDGE('',*,*,#520,.T.);
#520 = EDGE_CURVE('',#513,#521,#523,.T.);
#521 = VERTEX_POINT('',#522);
#522 = CARTESIAN_POINT('',(16.,14.350989208097,6.992256052037));
#523 = LINE('',#524,#525);
#524 = CARTESIAN_POINT('',(-16.,14.350989208097,6.992256052037));
#525 = VECTOR('',#526,1.);
#526 = DIRECTION('',(1.,-2.22044604925E-15,1.110223024625E-16));
#527 = ORIENTED_EDGE('',*,*,#528,.T.);
#528 = EDGE_CURVE('',#521,#529,#531,.T.);
#529 = VERTEX_POINT('',#530);
#530 = CARTESIAN_POINT('',(16.,27.019539284295,19.944813930137));
#531 = LINE('',#532,#533);
#532 = CARTESIAN_POINT('',(16.,14.350989208097,6.992256052037));
#533 = VECTOR('',#534,1.);
#534 = DIRECTION('',(-3.864763647389E-15,0.699225605204,0.71490107919));
#535 = ORIENTED_EDGE('',*,*,#536,.F.);
#536 = EDGE_CURVE('',#537,#529,#539,.T.);
#537 = VERTEX_POINT('',#538);
#538 = CARTESIAN_POINT('',(11.,27.019539284295,19.944813930137));
#539 = LINE('',#540,#541);
#540 = CARTESIAN_POINT('',(-16.,27.019539284296,19.944813930137));
#541 = VECTOR('',#542,1.);
#542 = DIRECTION('',(1.,-2.886579864025E-15,-5.551115123126E-16));
#543 = ORIENTED_EDGE('',*,*,#544,.F.);
#544 = EDGE_CURVE('',#545,#537,#547,.T.);
#545 = VERTEX_POINT('',#546);
#546 = CARTESIAN_POINT('',(11.,24.224082633382,17.086687795031));
#547 = LINE('',#548,#549);
#548 = CARTESIAN_POINT('',(11.,26.802750551308,19.723165154669));
#549 = VECTOR('',#550,1.);
#550 = DIRECTION('',(-1.580437968036E-15,0.699225605204,0.71490107919));
#551 = ORIENTED_EDGE('',*,*,#552,.T.);
#552 = EDGE_CURVE('',#545,#553,#555,.T.);
#553 = VERTEX_POINT('',#554);
#554 = CARTESIAN_POINT('',(-11.,24.224082633382,17.086687795031));
#555 = LINE('',#556,#557);
#556 = CARTESIAN_POINT('',(11.,24.224082633382,17.086687795031));
#557 = VECTOR('',#558,1.);
#558 = DIRECTION('',(-1.,1.554312234475E-15,2.22044604925E-16));
#559 = ORIENTED_EDGE('',*,*,#560,.T.);
#560 = EDGE_CURVE('',#553,#489,#561,.T.);
#561 = LINE('',#562,#563);
#562 = CARTESIAN_POINT('',(-11.,26.802750551308,19.723165154669));
#563 = VECTOR('',#564,1.);
#564 = DIRECTION('',(-1.580437968036E-15,0.699225605204,0.71490107919));
#565 = ORIENTED_EDGE('',*,*,#488,.F.);
#566 = PLANE('',#567);
#567 = AXIS2_PLACEMENT_3D('',#568,#569,#570);
#568 = CARTESIAN_POINT('',(-5.144492881201E-14,20.481737324302,
    13.260445334439));
#569 = DIRECTION('',(-1.537436359587E-15,-0.71490107919,0.699225605204)
  );
#570 = DIRECTION('',(1.735697241297E-15,-0.699225605204,-0.71490107919)
  );
#571 = ADVANCED_FACE('',(#572),#599,.T.);
#572 = FACE_BOUND('',#573,.F.);
#573 = EDGE_LOOP('',(#574,#575,#584,#592));
#574 = ORIENTED_EDGE('',*,*,#520,.T.);
#575 = ORIENTED_EDGE('',*,*,#576,.T.);
#576 = EDGE_CURVE('',#521,#577,#579,.T.);
#577 = VERTEX_POINT('',#578);
#578 = CARTESIAN_POINT('',(16.,13.377671379323,5.833333333333));
#579 = CIRCLE('',#580,10.);
#580 = AXIS2_PLACEMENT_3D('',#581,#582,#583);
#581 = CARTESIAN_POINT('',(16.,21.5,-1.634248292248E-13));
#582 = DIRECTION('',(1.,1.7763568394E-15,4.440892098501E-15));
#583 = DIRECTION('',(-1.7763568394E-15,1.,-4.440892098501E-15));
#584 = ORIENTED_EDGE('',*,*,#585,.F.);
#585 = EDGE_CURVE('',#586,#577,#588,.T.);
#586 = VERTEX_POINT('',#587);
#587 = CARTESIAN_POINT('',(-16.,13.377671379323,5.833333333333));
#588 = LINE('',#589,#590);
#589 = CARTESIAN_POINT('',(-16.,13.377671379323,5.833333333333));
#590 = VECTOR('',#591,1.);
#591 = DIRECTION('',(1.,-2.442490654175E-15,-4.440892098501E-16));
#592 = ORIENTED_EDGE('',*,*,#593,.F.);
#593 = EDGE_CURVE('',#513,#586,#594,.T.);
#594 = CIRCLE('',#595,10.);
#595 = AXIS2_PLACEMENT_3D('',#596,#597,#598);
#596 = CARTESIAN_POINT('',(-16.,21.5,-2.13162820728E-14));
#597 = DIRECTION('',(1.,1.7763568394E-15,4.440892098501E-15));
#598 = DIRECTION('',(-1.7763568394E-15,1.,-4.440892098501E-15));
#599 = CYLINDRICAL_SURFACE('',#600,10.);
#600 = AXIS2_PLACEMENT_3D('',#601,#602,#603);
#601 = CARTESIAN_POINT('',(-16.,21.5,-8.004708007547E-14));
#602 = DIRECTION('',(-1.,3.10862446895E-15,4.440892098501E-16));
#603 = DIRECTION('',(-1.554312234475E-15,1.,-4.218847493576E-15));
#604 = ADVANCED_FACE('',(#605),#632,.F.);
#605 = FACE_BOUND('',#606,.T.);
#606 = EDGE_LOOP('',(#607,#617,#624,#625));
#607 = ORIENTED_EDGE('',*,*,#608,.T.);
#608 = EDGE_CURVE('',#609,#611,#613,.T.);
#609 = VERTEX_POINT('',#610);
#610 = CARTESIAN_POINT('',(-16.,11.753205655189,5.));
#611 = VERTEX_POINT('',#612);
#612 = CARTESIAN_POINT('',(16.,11.753205655188,5.));
#613 = LINE('',#614,#615);
#614 = CARTESIAN_POINT('',(-16.,11.753205655189,5.));
#615 = VECTOR('',#616,1.);
#616 = DIRECTION('',(1.,-2.442490654175E-15,-4.440892098501E-16));
#617 = ORIENTED_EDGE('',*,*,#618,.T.);
#618 = EDGE_CURVE('',#611,#577,#619,.T.);
#619 = CIRCLE('',#620,2.);
#620 = AXIS2_PLACEMENT_3D('',#621,#622,#623);
#621 = CARTESIAN_POINT('',(16.,11.753205655188,7.));
#622 = DIRECTION('',(1.,1.33226762955E-15,3.330669073875E-15));
#623 = DIRECTION('',(-1.33226762955E-15,1.,-3.330669073875E-15));
#624 = ORIENTED_EDGE('',*,*,#585,.F.);
#625 = ORIENTED_EDGE('',*,*,#626,.F.);
#626 = EDGE_CURVE('',#609,#586,#627,.T.);
#627 = CIRCLE('',#628,2.);
#628 = AXIS2_PLACEMENT_3D('',#629,#630,#631);
#629 = CARTESIAN_POINT('',(-16.,11.753205655189,7.));
#630 = DIRECTION('',(1.,1.33226762955E-15,3.330669073875E-15));
#631 = DIRECTION('',(-1.33226762955E-15,1.,-3.330669073875E-15));
#632 = CYLINDRICAL_SURFACE('',#633,2.);
#633 = AXIS2_PLACEMENT_3D('',#634,#635,#636);
#634 = CARTESIAN_POINT('',(-16.,11.753205655189,7.));
#635 = DIRECTION('',(-1.,2.22044604925E-15,2.22044604925E-16));
#636 = DIRECTION('',(-1.110223024625E-15,1.,-3.10862446895E-15));
#637 = ADVANCED_FACE('',(#638),#665,.F.);
#638 = FACE_BOUND('',#639,.T.);
#639 = EDGE_LOOP('',(#640,#649,#650,#659));
#640 = ORIENTED_EDGE('',*,*,#641,.T.);
#641 = EDGE_CURVE('',#642,#537,#644,.T.);
#642 = VERTEX_POINT('',#643);
#643 = CARTESIAN_POINT('',(11.,27.306578759763,23.799370758039));
#644 = CIRCLE('',#645,3.);
#645 = AXIS2_PLACEMENT_3D('',#646,#647,#648);
#646 = CARTESIAN_POINT('',(11.,24.874836046725,22.042490745748));
#647 = DIRECTION('',(-1.,-2.576123893612E-30,-2.331468351713E-15));
#648 = DIRECTION('',(4.41269068858E-30,1.,-2.997602166488E-15));
#649 = ORIENTED_EDGE('',*,*,#536,.T.);
#650 = ORIENTED_EDGE('',*,*,#651,.T.);
#651 = EDGE_CURVE('',#529,#652,#654,.T.);
#652 = VERTEX_POINT('',#653);
#653 = CARTESIAN_POINT('',(16.,27.306578759763,23.799370758039));
#654 = CIRCLE('',#655,3.);
#655 = AXIS2_PLACEMENT_3D('',#656,#657,#658);
#656 = CARTESIAN_POINT('',(16.,24.874836046725,22.042490745748));
#657 = DIRECTION('',(1.,1.554312234475E-15,3.885780586188E-15));
#658 = DIRECTION('',(-1.554312234475E-15,1.,-3.885780586188E-15));
#659 = ORIENTED_EDGE('',*,*,#660,.F.);
#660 = EDGE_CURVE('',#642,#652,#661,.T.);
#661 = LINE('',#662,#663);
#662 = CARTESIAN_POINT('',(-16.,27.306578759763,23.799370758039));
#663 = VECTOR('',#664,1.);
#664 = DIRECTION('',(1.,-2.886579864025E-15,-5.551115123126E-16));
#665 = CYLINDRICAL_SURFACE('',#666,3.);
#666 = AXIS2_PLACEMENT_3D('',#667,#668,#669);
#667 = CARTESIAN_POINT('',(-16.,24.874836046725,22.042490745748));
#668 = DIRECTION('',(-1.,2.6645352591E-15,3.330669073875E-16));
#669 = DIRECTION('',(-1.33226762955E-15,1.,-3.663735981263E-15));
#670 = ADVANCED_FACE('',(#671),#698,.T.);
#671 = FACE_BOUND('',#672,.F.);
#672 = EDGE_LOOP('',(#673,#674,#683,#691));
#673 = ORIENTED_EDGE('',*,*,#660,.F.);
#674 = ORIENTED_EDGE('',*,*,#675,.T.);
#675 = EDGE_CURVE('',#642,#676,#678,.T.);
#676 = VERTEX_POINT('',#677);
#677 = CARTESIAN_POINT('',(11.,26.580425840232,30.733751907086));
#678 = CIRCLE('',#679,7.);
#679 = AXIS2_PLACEMENT_3D('',#680,#681,#682);
#680 = CARTESIAN_POINT('',(11.,32.980645090185,27.898757453383));
#681 = DIRECTION('',(-1.,2.22044604925E-16,-2.442490654175E-15));
#682 = DIRECTION('',(2.22044604925E-16,1.,-3.330669073875E-15));
#683 = ORIENTED_EDGE('',*,*,#684,.F.);
#684 = EDGE_CURVE('',#685,#676,#687,.T.);
#685 = VERTEX_POINT('',#686);
#686 = CARTESIAN_POINT('',(16.,26.580425840232,30.733751907086));
#687 = LINE('',#688,#689);
#688 = CARTESIAN_POINT('',(-5.616179500934E-14,26.580425840232,
    30.733751907086));
#689 = VECTOR('',#690,1.);
#690 = DIRECTION('',(-1.,1.110223024625E-15,1.110223024625E-16));
#691 = ORIENTED_EDGE('',*,*,#692,.T.);
#692 = EDGE_CURVE('',#685,#652,#693,.T.);
#693 = CIRCLE('',#694,7.);
#694 = AXIS2_PLACEMENT_3D('',#695,#696,#697);
#695 = CARTESIAN_POINT('',(16.,32.980645090185,27.898757453383));
#696 = DIRECTION('',(1.,1.7763568394E-15,4.440892098501E-15));
#697 = DIRECTION('',(-1.7763568394E-15,1.,-4.440892098501E-15));
#698 = CYLINDRICAL_SURFACE('',#699,7.);
#699 = AXIS2_PLACEMENT_3D('',#700,#701,#702);
#700 = CARTESIAN_POINT('',(-16.,32.980645090185,27.898757453383));
#701 = DIRECTION('',(-1.,2.886579864025E-15,2.22044604925E-16));
#702 = DIRECTION('',(-1.33226762955E-15,1.,-3.996802888651E-15));
#703 = ADVANCED_FACE('',(#704),#731,.T.);
#704 = FACE_BOUND('',#705,.T.);
#705 = EDGE_LOOP('',(#706,#716,#723,#724));
#706 = ORIENTED_EDGE('',*,*,#707,.F.);
#707 = EDGE_CURVE('',#708,#710,#712,.T.);
#708 = VERTEX_POINT('',#709);
#709 = CARTESIAN_POINT('',(11.,28.313894920229,30.902329135766));
#710 = VERTEX_POINT('',#711);
#711 = CARTESIAN_POINT('',(16.,28.313894920229,30.902329135766));
#712 = LINE('',#713,#714);
#713 = CARTESIAN_POINT('',(-5.818070618102E-14,28.313894920229,
    30.902329135766));
#714 = VECTOR('',#715,1.);
#715 = DIRECTION('',(1.,-1.110223024625E-15,-1.110223024625E-16));
#716 = ORIENTED_EDGE('',*,*,#717,.T.);
#717 = EDGE_CURVE('',#708,#676,#718,.T.);
#718 = CIRCLE('',#719,1.);
#719 = AXIS2_PLACEMENT_3D('',#720,#721,#722);
#720 = CARTESIAN_POINT('',(11.,27.49474287594,30.328752699415));
#721 = DIRECTION('',(1.,4.440892098501E-16,1.443289932013E-15));
#722 = DIRECTION('',(-4.440892098501E-16,1.,-1.443289932013E-15));
#723 = ORIENTED_EDGE('',*,*,#684,.F.);
#724 = ORIENTED_EDGE('',*,*,#725,.F.);
#725 = EDGE_CURVE('',#710,#685,#726,.T.);
#726 = CIRCLE('',#727,1.);
#727 = AXIS2_PLACEMENT_3D('',#728,#729,#730);
#728 = CARTESIAN_POINT('',(16.,27.49474287594,30.328752699415));
#729 = DIRECTION('',(1.,4.440892098501E-16,1.443289932013E-15));
#730 = DIRECTION('',(-4.440892098501E-16,1.,-1.443289932013E-15));
#731 = CYLINDRICAL_SURFACE('',#732,1.);
#732 = AXIS2_PLACEMENT_3D('',#733,#734,#735);
#733 = CARTESIAN_POINT('',(-5.598330206037E-14,27.49474287594,
    30.328752699415));
#734 = DIRECTION('',(1.,-8.881784197001E-16,1.110223024625E-16));
#735 = DIRECTION('',(-4.440892098501E-16,1.,-1.443289932013E-15));
#736 = ADVANCED_FACE('',(#737),#762,.F.);
#737 = FACE_BOUND('',#738,.F.);
#738 = EDGE_LOOP('',(#739,#740,#748,#756));
#739 = ORIENTED_EDGE('',*,*,#707,.F.);
#740 = ORIENTED_EDGE('',*,*,#741,.T.);
#741 = EDGE_CURVE('',#708,#742,#744,.T.);
#742 = VERTEX_POINT('',#743);
#743 = CARTESIAN_POINT('',(11.,30.003782786607,28.48891914778));
#744 = LINE('',#745,#746);
#745 = CARTESIAN_POINT('',(11.,29.442538456725,29.290459118796));
#746 = VECTOR('',#747,1.);
#747 = DIRECTION('',(1.091329752286E-15,0.573576436351,-0.819152044289)
  );
#748 = ORIENTED_EDGE('',*,*,#749,.F.);
#749 = EDGE_CURVE('',#750,#742,#752,.T.);
#750 = VERTEX_POINT('',#751);
#751 = CARTESIAN_POINT('',(16.,30.003782786607,28.48891914778));
#752 = LINE('',#753,#754);
#753 = CARTESIAN_POINT('',(-5.444212637013E-14,30.003782786607,
    28.48891914778));
#754 = VECTOR('',#755,1.);
#755 = DIRECTION('',(-1.,1.110223024625E-15,1.110223024625E-16));
#756 = ORIENTED_EDGE('',*,*,#757,.F.);
#757 = EDGE_CURVE('',#710,#750,#758,.T.);
#758 = LINE('',#759,#760);
#759 = CARTESIAN_POINT('',(16.,32.733970618072,24.589806838242));
#760 = VECTOR('',#761,1.);
#761 = DIRECTION('',(2.021411798098E-15,0.573576436351,-0.819152044289)
  );
#762 = PLANE('',#763);
#763 = AXIS2_PLACEMENT_3D('',#764,#765,#766);
#764 = CARTESIAN_POINT('',(-4.921476792465E-14,29.158838853418,
    29.695624141773));
#765 = DIRECTION('',(8.775039036806E-16,-0.819152044289,-0.573576436351)
  );
#766 = DIRECTION('',(7.456664998545E-16,0.573576436351,-0.819152044289)
  );
#767 = ADVANCED_FACE('',(#768),#795,.T.);
#768 = FACE_BOUND('',#769,.T.);
#769 = EDGE_LOOP('',(#770,#780,#787,#788));
#770 = ORIENTED_EDGE('',*,*,#771,.F.);
#771 = EDGE_CURVE('',#772,#774,#776,.T.);
#772 = VERTEX_POINT('',#773);
#773 = CARTESIAN_POINT('',(11.,30.092212400598,28.157517183101));
#774 = VERTEX_POINT('',#775);
#775 = CARTESIAN_POINT('',(16.,30.092212400598,28.157517183101));
#776 = LINE('',#777,#778);
#777 = CARTESIAN_POINT('',(-5.543808809571E-14,30.092212400598,
    28.157517183101));
#778 = VECTOR('',#779,1.);
#779 = DIRECTION('',(1.,-1.110223024625E-15,-1.110223024625E-16));
#780 = ORIENTED_EDGE('',*,*,#781,.T.);
#781 = EDGE_CURVE('',#772,#742,#782,.T.);
#782 = CIRCLE('',#783,0.5);
#783 = AXIS2_PLACEMENT_3D('',#784,#785,#786);
#784 = CARTESIAN_POINT('',(11.,29.594206764462,28.202130929604));
#785 = DIRECTION('',(1.,4.440892098501E-16,1.443289932013E-15));
#786 = DIRECTION('',(-4.440892098501E-16,1.,-1.443289932013E-15));
#787 = ORIENTED_EDGE('',*,*,#749,.F.);
#788 = ORIENTED_EDGE('',*,*,#789,.F.);
#789 = EDGE_CURVE('',#774,#750,#790,.T.);
#790 = CIRCLE('',#791,0.5);
#791 = AXIS2_PLACEMENT_3D('',#792,#793,#794);
#792 = CARTESIAN_POINT('',(16.,29.594206764462,28.202130929604));
#793 = DIRECTION('',(1.,4.440892098501E-16,1.443289932013E-15));
#794 = DIRECTION('',(-4.440892098501E-16,1.,-1.443289932013E-15));
#795 = CYLINDRICAL_SURFACE('',#796,0.5);
#796 = AXIS2_PLACEMENT_3D('',#797,#798,#799);
#797 = CARTESIAN_POINT('',(-5.384631953017E-14,29.594206764462,
    28.202130929604));
#798 = DIRECTION('',(1.,-8.881784197001E-16,1.110223024625E-16));
#799 = DIRECTION('',(-4.440892098501E-16,1.,-1.443289932013E-15));
#800 = ADVANCED_FACE('',(#801),#846,.F.);
#801 = FACE_BOUND('',#802,.F.);
#802 = EDGE_LOOP('',(#803,#813,#822,#829,#830,#839));
#803 = ORIENTED_EDGE('',*,*,#804,.F.);
#804 = EDGE_CURVE('',#805,#807,#809,.T.);
#805 = VERTEX_POINT('',#806);
#806 = CARTESIAN_POINT('',(16.,33.725392644092,30.70149737727));
#807 = VERTEX_POINT('',#808);
#808 = CARTESIAN_POINT('',(11.,33.725392644092,30.70149737727));
#809 = LINE('',#810,#811);
#810 = CARTESIAN_POINT('',(-5.928824503353E-14,33.725392644091,
    30.70149737727));
#811 = VECTOR('',#812,1.);
#812 = DIRECTION('',(-1.,1.110223024625E-15,1.110223024625E-16));
#813 = ORIENTED_EDGE('',*,*,#814,.F.);
#814 = EDGE_CURVE('',#815,#805,#817,.T.);
#815 = VERTEX_POINT('',#816);
#816 = CARTESIAN_POINT('',(16.,35.772360891028,28.683819799523));
#817 = CIRCLE('',#818,2.9);
#818 = AXIS2_PLACEMENT_3D('',#819,#820,#821);
#819 = CARTESIAN_POINT('',(16.,32.980645090185,27.898757453383));
#820 = DIRECTION('',(1.,8.881784197001E-16,2.553512956638E-15));
#821 = DIRECTION('',(-1.54627882789E-15,0.96266062098,0.270711153841));
#822 = ORIENTED_EDGE('',*,*,#823,.F.);
#823 = EDGE_CURVE('',#774,#815,#824,.T.);
#824 = CIRCLE('',#825,2.9);
#825 = AXIS2_PLACEMENT_3D('',#826,#827,#828);
#826 = CARTESIAN_POINT('',(16.,32.980645090185,27.898757453383));
#827 = DIRECTION('',(1.,8.881784197001E-16,2.553512956638E-15));
#828 = DIRECTION('',(-1.54627882789E-15,0.96266062098,0.270711153841));
#829 = ORIENTED_EDGE('',*,*,#771,.F.);
#830 = ORIENTED_EDGE('',*,*,#831,.T.);
#831 = EDGE_CURVE('',#772,#832,#834,.T.);
#832 = VERTEX_POINT('',#833);
#833 = CARTESIAN_POINT('',(11.,35.772360891028,28.683819799523));
#834 = CIRCLE('',#835,2.9);
#835 = AXIS2_PLACEMENT_3D('',#836,#837,#838);
#836 = CARTESIAN_POINT('',(11.,32.980645090185,27.898757453383));
#837 = DIRECTION('',(1.,4.440892098501E-16,2.109423746788E-15));
#838 = DIRECTION('',(-9.985517309581E-16,0.96266062098,0.270711153841));
#839 = ORIENTED_EDGE('',*,*,#840,.T.);
#840 = EDGE_CURVE('',#832,#807,#841,.T.);
#841 = CIRCLE('',#842,2.9);
#842 = AXIS2_PLACEMENT_3D('',#843,#844,#845);
#843 = CARTESIAN_POINT('',(11.,32.980645090185,27.898757453383));
#844 = DIRECTION('',(1.,4.440892098501E-16,2.109423746788E-15));
#845 = DIRECTION('',(-9.985517309581E-16,0.96266062098,0.270711153841));
#846 = CYLINDRICAL_SURFACE('',#847,2.9);
#847 = AXIS2_PLACEMENT_3D('',#848,#849,#850);
#848 = CARTESIAN_POINT('',(-7.349665009648E-14,32.980645090185,
    27.898757453383));
#849 = DIRECTION('',(1.,-1.33226762955E-15,3.330669073875E-16));
#850 = DIRECTION('',(-9.985517309581E-16,0.96266062098,0.270711153841));
#851 = ADVANCED_FACE('',(#852),#879,.T.);
#852 = FACE_BOUND('',#853,.T.);
#853 = EDGE_LOOP('',(#854,#864,#871,#872));
#854 = ORIENTED_EDGE('',*,*,#855,.F.);
#855 = EDGE_CURVE('',#856,#858,#860,.T.);
#856 = VERTEX_POINT('',#857);
#857 = CARTESIAN_POINT('',(11.,33.44422137262,30.897940180454));
#858 = VERTEX_POINT('',#859);
#859 = CARTESIAN_POINT('',(16.,33.44422137262,30.897940180454));
#860 = LINE('',#861,#862);
#861 = CARTESIAN_POINT('',(-5.81763207337E-14,33.444221372621,
    30.897940180454));
#862 = VECTOR('',#863,1.);
#863 = DIRECTION('',(1.,-1.110223024625E-15,-1.110223024625E-16));
#864 = ORIENTED_EDGE('',*,*,#865,.T.);
#865 = EDGE_CURVE('',#856,#807,#866,.T.);
#866 = CIRCLE('',#867,0.5);
#867 = AXIS2_PLACEMENT_3D('',#868,#869,#870);
#868 = CARTESIAN_POINT('',(11.,33.853797394765,31.18472839863));
#869 = DIRECTION('',(1.,4.440892098501E-16,1.443289932013E-15));
#870 = DIRECTION('',(-4.440892098501E-16,1.,-1.443289932013E-15));
#871 = ORIENTED_EDGE('',*,*,#804,.F.);
#872 = ORIENTED_EDGE('',*,*,#873,.F.);
#873 = EDGE_CURVE('',#858,#805,#874,.T.);
#874 = CIRCLE('',#875,0.5);
#875 = AXIS2_PLACEMENT_3D('',#876,#877,#878);
#876 = CARTESIAN_POINT('',(16.,33.853797394765,31.18472839863));
#877 = DIRECTION('',(1.,4.440892098501E-16,1.443289932013E-15));
#878 = DIRECTION('',(-4.440892098501E-16,1.,-1.443289932013E-15));
#879 = CYLINDRICAL_SURFACE('',#880,0.5);
#880 = AXIS2_PLACEMENT_3D('',#881,#882,#883);
#881 = CARTESIAN_POINT('',(-6.004271066576E-14,33.853797394765,
    31.18472839863));
#882 = DIRECTION('',(1.,-8.881784197001E-16,1.110223024625E-16));
#883 = DIRECTION('',(-4.440892098501E-16,1.,-1.443289932013E-15));
#884 = ADVANCED_FACE('',(#885),#910,.F.);
#885 = FACE_BOUND('',#886,.F.);
#886 = EDGE_LOOP('',(#887,#888,#896,#904));
#887 = ORIENTED_EDGE('',*,*,#855,.F.);
#888 = ORIENTED_EDGE('',*,*,#889,.T.);
#889 = EDGE_CURVE('',#856,#890,#892,.T.);
#890 = VERTEX_POINT('',#891);
#891 = CARTESIAN_POINT('',(11.,31.754333506242,33.31135016844));
#892 = LINE('',#893,#894);
#893 = CARTESIAN_POINT('',(11.,32.882977042739,31.699480151471));
#894 = VECTOR('',#895,1.);
#895 = DIRECTION('',(-1.091329752286E-15,-0.573576436351,0.819152044289)
  );
#896 = ORIENTED_EDGE('',*,*,#897,.F.);
#897 = EDGE_CURVE('',#898,#890,#900,.T.);
#898 = VERTEX_POINT('',#899);
#899 = CARTESIAN_POINT('',(16.,31.754333506242,33.31135016844));
#900 = LINE('',#901,#902);
#901 = CARTESIAN_POINT('',(-6.217969319596E-14,31.754333506242,
    33.31135016844));
#902 = VECTOR('',#903,1.);
#903 = DIRECTION('',(-1.,1.110223024625E-15,1.110223024625E-16));
#904 = ORIENTED_EDGE('',*,*,#905,.F.);
#905 = EDGE_CURVE('',#858,#898,#906,.T.);
#906 = LINE('',#907,#908);
#907 = CARTESIAN_POINT('',(16.,36.174409204085,26.998827870916));
#908 = VECTOR('',#909,1.);
#909 = DIRECTION('',(-2.021411798098E-15,-0.573576436351,0.819152044289)
  );
#910 = PLANE('',#911);
#911 = AXIS2_PLACEMENT_3D('',#912,#913,#914);
#912 = CARTESIAN_POINT('',(-5.368463525686E-14,32.599277439431,
    32.104645174447));
#913 = DIRECTION('',(-8.674596353253E-16,0.819152044289,0.573576436351)
  );
#914 = DIRECTION('',(-7.456664998545E-16,-0.573576436351,0.819152044289)
  );
#915 = ADVANCED_FACE('',(#916),#943,.T.);
#916 = FACE_BOUND('',#917,.T.);
#917 = EDGE_LOOP('',(#918,#928,#935,#936));
#918 = ORIENTED_EDGE('',*,*,#919,.F.);
#919 = EDGE_CURVE('',#920,#922,#924,.T.);
#920 = VERTEX_POINT('',#921);
#921 = CARTESIAN_POINT('',(11.,32.505625627256,34.882621463359));
#922 = VERTEX_POINT('',#923);
#923 = CARTESIAN_POINT('',(16.,32.505625627256,34.882621463359));
#924 = LINE('',#925,#926);
#925 = CARTESIAN_POINT('',(-6.215781714917E-14,32.505625627256,
    34.882621463359));
#926 = VECTOR('',#927,1.);
#927 = DIRECTION('',(1.,-1.110223024625E-15,-1.110223024625E-16));
#928 = ORIENTED_EDGE('',*,*,#929,.T.);
#929 = EDGE_CURVE('',#920,#890,#930,.T.);
#930 = CIRCLE('',#931,1.);
#931 = AXIS2_PLACEMENT_3D('',#932,#933,#934);
#932 = CARTESIAN_POINT('',(11.,32.573485550531,33.884926604791));
#933 = DIRECTION('',(1.,4.440892098501E-16,1.443289932013E-15));
#934 = DIRECTION('',(-4.440892098501E-16,1.,-1.443289932013E-15));
#935 = ORIENTED_EDGE('',*,*,#897,.F.);
#936 = ORIENTED_EDGE('',*,*,#937,.F.);
#937 = EDGE_CURVE('',#922,#898,#938,.T.);
#938 = CIRCLE('',#939,1.);
#939 = AXIS2_PLACEMENT_3D('',#940,#941,#942);
#940 = CARTESIAN_POINT('',(16.,32.573485550531,33.884926604791));
#941 = DIRECTION('',(1.,4.440892098501E-16,1.443289932013E-15));
#942 = DIRECTION('',(-4.440892098501E-16,1.,-1.443289932013E-15));
#943 = CYLINDRICAL_SURFACE('',#944,1.);
#944 = AXIS2_PLACEMENT_3D('',#945,#946,#947);
#945 = CARTESIAN_POINT('',(-6.337130687588E-14,32.573485550531,
    33.884926604791));
#946 = DIRECTION('',(1.,-8.881784197001E-16,1.110223024625E-16));
#947 = DIRECTION('',(-4.440892098501E-16,1.,-1.443289932013E-15));
#948 = ADVANCED_FACE('',(#949),#976,.T.);
#949 = FACE_BOUND('',#950,.F.);
#950 = EDGE_LOOP('',(#951,#952,#959,#960,#969));
#951 = ORIENTED_EDGE('',*,*,#919,.F.);
#952 = ORIENTED_EDGE('',*,*,#953,.T.);
#953 = EDGE_CURVE('',#920,#129,#954,.T.);
#954 = CIRCLE('',#955,7.);
#955 = AXIS2_PLACEMENT_3D('',#956,#957,#958);
#956 = CARTESIAN_POINT('',(11.,32.980645090185,27.898757453383));
#957 = DIRECTION('',(-1.,2.22044604925E-16,-2.442490654175E-15));
#958 = DIRECTION('',(2.22044604925E-16,1.,-3.330669073875E-15));
#959 = ORIENTED_EDGE('',*,*,#136,.T.);
#960 = ORIENTED_EDGE('',*,*,#961,.T.);
#961 = EDGE_CURVE('',#137,#962,#964,.T.);
#962 = VERTEX_POINT('',#963);
#963 = CARTESIAN_POINT('',(16.,39.980645090185,27.898757453383));
#964 = CIRCLE('',#965,7.);
#965 = AXIS2_PLACEMENT_3D('',#966,#967,#968);
#966 = CARTESIAN_POINT('',(16.,32.980645090185,27.898757453383));
#967 = DIRECTION('',(1.,1.7763568394E-15,4.440892098501E-15));
#968 = DIRECTION('',(-1.7763568394E-15,1.,-4.440892098501E-15));
#969 = ORIENTED_EDGE('',*,*,#970,.T.);
#970 = EDGE_CURVE('',#962,#922,#971,.T.);
#971 = CIRCLE('',#972,7.);
#972 = AXIS2_PLACEMENT_3D('',#973,#974,#975);
#973 = CARTESIAN_POINT('',(16.,32.980645090185,27.898757453383));
#974 = DIRECTION('',(1.,1.7763568394E-15,4.440892098501E-15));
#975 = DIRECTION('',(-1.7763568394E-15,1.,-4.440892098501E-15));
#976 = CYLINDRICAL_SURFACE('',#977,7.);
#977 = AXIS2_PLACEMENT_3D('',#978,#979,#980);
#978 = CARTESIAN_POINT('',(-16.,32.980645090185,27.898757453383));
#979 = DIRECTION('',(-1.,2.886579864025E-15,2.22044604925E-16));
#980 = DIRECTION('',(-1.33226762955E-15,1.,-3.996802888651E-15));
#981 = ADVANCED_FACE('',(#982),#1022,.F.);
#982 = FACE_BOUND('',#983,.F.);
#983 = EDGE_LOOP('',(#984,#993,#1002,#1009,#1010,#1011,#1012,#1013,#1014
    ,#1015,#1016,#1017,#1018,#1019,#1020,#1021));
#984 = ORIENTED_EDGE('',*,*,#985,.F.);
#985 = EDGE_CURVE('',#986,#545,#988,.T.);
#986 = VERTEX_POINT('',#987);
#987 = CARTESIAN_POINT('',(11.,25.489156195896,17.222513229341));
#988 = CIRCLE('',#989,1.);
#989 = AXIS2_PLACEMENT_3D('',#990,#991,#992);
#990 = CARTESIAN_POINT('',(11.,24.938983712572,16.387462189827));
#991 = DIRECTION('',(1.,8.881784197001E-16,2.22044604925E-15));
#992 = DIRECTION('',(-8.881784197001E-16,1.,-2.22044604925E-15));
#993 = ORIENTED_EDGE('',*,*,#994,.T.);
#994 = EDGE_CURVE('',#986,#995,#997,.T.);
#995 = VERTEX_POINT('',#996);
#996 = CARTESIAN_POINT('',(11.,34.944045062088,14.796540768449));
#997 = CIRCLE('',#998,15.);
#998 = AXIS2_PLACEMENT_3D('',#999,#1000,#1001);
#999 = CARTESIAN_POINT('',(11.,33.74174344576,29.748278822046));
#1000 = DIRECTION('',(1.,8.881784197001E-16,2.22044604925E-15));
#1001 = DIRECTION('',(-8.881784197001E-16,1.,-2.22044604925E-15));
#1002 = ORIENTED_EDGE('',*,*,#1003,.F.);
#1003 = EDGE_CURVE('',#121,#995,#1004,.T.);
#1004 = CIRCLE('',#1005,1.);
#1005 = AXIS2_PLACEMENT_3D('',#1006,#1007,#1008);
#1006 = CARTESIAN_POINT('',(11.,35.024198503177,13.799758231543));
#1007 = DIRECTION('',(1.,8.881784197001E-16,2.22044604925E-15));
#1008 = DIRECTION('',(-8.881784197001E-16,1.,-2.22044604925E-15));
#1009 = ORIENTED_EDGE('',*,*,#128,.F.);
#1010 = ORIENTED_EDGE('',*,*,#953,.F.);
#1011 = ORIENTED_EDGE('',*,*,#929,.T.);
#1012 = ORIENTED_EDGE('',*,*,#889,.F.);
#1013 = ORIENTED_EDGE('',*,*,#865,.T.);
#1014 = ORIENTED_EDGE('',*,*,#840,.F.);
#1015 = ORIENTED_EDGE('',*,*,#831,.F.);
#1016 = ORIENTED_EDGE('',*,*,#781,.T.);
#1017 = ORIENTED_EDGE('',*,*,#741,.F.);
#1018 = ORIENTED_EDGE('',*,*,#717,.T.);
#1019 = ORIENTED_EDGE('',*,*,#675,.F.);
#1020 = ORIENTED_EDGE('',*,*,#641,.T.);
#1021 = ORIENTED_EDGE('',*,*,#544,.F.);
#1022 = PLANE('',#1023);
#1023 = AXIS2_PLACEMENT_3D('',#1024,#1025,#1026);
#1024 = CARTESIAN_POINT('',(11.,37.405602541168,34.262442994171));
#1025 = DIRECTION('',(1.,-1.7763568394E-15,-4.440892098501E-16));
#1026 = DIRECTION('',(-2.22044604925E-15,-4.440892098501E-16,1.));
#1027 = ADVANCED_FACE('',(#1028),#1047,.T.);
#1028 = FACE_BOUND('',#1029,.T.);
#1029 = EDGE_LOOP('',(#1030,#1031,#1040,#1046));
#1030 = ORIENTED_EDGE('',*,*,#120,.T.);
#1031 = ORIENTED_EDGE('',*,*,#1032,.T.);
#1032 = EDGE_CURVE('',#113,#1033,#1035,.T.);
#1033 = VERTEX_POINT('',#1034);
#1034 = CARTESIAN_POINT('',(-11.,34.944045062088,14.796540768449));
#1035 = CIRCLE('',#1036,1.);
#1036 = AXIS2_PLACEMENT_3D('',#1037,#1038,#1039);
#1037 = CARTESIAN_POINT('',(-11.,35.024198503177,13.799758231543));
#1038 = DIRECTION('',(1.,8.881784197001E-16,2.22044604925E-15));
#1039 = DIRECTION('',(-8.881784197001E-16,1.,-2.22044604925E-15));
#1040 = ORIENTED_EDGE('',*,*,#1041,.F.);
#1041 = EDGE_CURVE('',#995,#1033,#1042,.T.);
#1042 = LINE('',#1043,#1044);
#1043 = CARTESIAN_POINT('',(11.,34.944045062088,14.796540768449));
#1044 = VECTOR('',#1045,1.);
#1045 = DIRECTION('',(-1.,1.554312234475E-15,2.22044604925E-16));
#1046 = ORIENTED_EDGE('',*,*,#1003,.F.);
#1047 = CYLINDRICAL_SURFACE('',#1048,1.);
#1048 = AXIS2_PLACEMENT_3D('',#1049,#1050,#1051);
#1049 = CARTESIAN_POINT('',(11.,35.024198503177,13.799758231543));
#1050 = DIRECTION('',(1.,-1.33226762955E-15,9.860761315263E-31));
#1051 = DIRECTION('',(-6.661338147751E-16,1.,-1.998401444325E-15));
#1052 = ADVANCED_FACE('',(#1053),#1085,.T.);
#1053 = FACE_BOUND('',#1054,.T.);
#1054 = EDGE_LOOP('',(#1055,#1064,#1071,#1072,#1073,#1074,#1075,#1076,
    #1077,#1078,#1079,#1080,#1081,#1082,#1083,#1084));
#1055 = ORIENTED_EDGE('',*,*,#1056,.F.);
#1056 = EDGE_CURVE('',#1057,#553,#1059,.T.);
#1057 = VERTEX_POINT('',#1058);
#1058 = CARTESIAN_POINT('',(-11.,25.489156195896,17.222513229341));
#1059 = CIRCLE('',#1060,1.);
#1060 = AXIS2_PLACEMENT_3D('',#1061,#1062,#1063);
#1061 = CARTESIAN_POINT('',(-11.,24.938983712572,16.387462189827));
#1062 = DIRECTION('',(1.,8.881784197001E-16,2.22044604925E-15));
#1063 = DIRECTION('',(-8.881784197001E-16,1.,-2.22044604925E-15));
#1064 = ORIENTED_EDGE('',*,*,#1065,.T.);
#1065 = EDGE_CURVE('',#1057,#1033,#1066,.T.);
#1066 = CIRCLE('',#1067,15.);
#1067 = AXIS2_PLACEMENT_3D('',#1068,#1069,#1070);
#1068 = CARTESIAN_POINT('',(-11.,33.74174344576,29.748278822046));
#1069 = DIRECTION('',(1.,8.881784197001E-16,2.22044604925E-15));
#1070 = DIRECTION('',(-8.881784197001E-16,1.,-2.22044604925E-15));
#1071 = ORIENTED_EDGE('',*,*,#1032,.F.);
#1072 = ORIENTED_EDGE('',*,*,#112,.F.);
#1073 = ORIENTED_EDGE('',*,*,#186,.F.);
#1074 = ORIENTED_EDGE('',*,*,#219,.T.);
#1075 = ORIENTED_EDGE('',*,*,#251,.F.);
#1076 = ORIENTED_EDGE('',*,*,#283,.T.);
#1077 = ORIENTED_EDGE('',*,*,#325,.F.);
#1078 = ORIENTED_EDGE('',*,*,#334,.F.);
#1079 = ORIENTED_EDGE('',*,*,#367,.T.);
#1080 = ORIENTED_EDGE('',*,*,#399,.F.);
#1081 = ORIENTED_EDGE('',*,*,#431,.T.);
#1082 = ORIENTED_EDGE('',*,*,#464,.F.);
#1083 = ORIENTED_EDGE('',*,*,#496,.T.);
#1084 = ORIENTED_EDGE('',*,*,#560,.F.);
#1085 = PLANE('',#1086);
#1086 = AXIS2_PLACEMENT_3D('',#1087,#1088,#1089);
#1087 = CARTESIAN_POINT('',(-11.,37.405602541168,34.262442994171));
#1088 = DIRECTION('',(1.,-1.7763568394E-15,-4.440892098501E-16));
#1089 = DIRECTION('',(-2.22044604925E-15,-4.440892098501E-16,1.));
#1090 = ADVANCED_FACE('',(#1091),#1102,.T.);
#1091 = FACE_BOUND('',#1092,.T.);
#1092 = EDGE_LOOP('',(#1093,#1099,#1100,#1101));
#1093 = ORIENTED_EDGE('',*,*,#1094,.T.);
#1094 = EDGE_CURVE('',#986,#1057,#1095,.T.);
#1095 = LINE('',#1096,#1097);
#1096 = CARTESIAN_POINT('',(11.,25.489156195896,17.222513229341));
#1097 = VECTOR('',#1098,1.);
#1098 = DIRECTION('',(-1.,1.554312234475E-15,2.22044604925E-16));
#1099 = ORIENTED_EDGE('',*,*,#1056,.T.);
#1100 = ORIENTED_EDGE('',*,*,#552,.F.);
#1101 = ORIENTED_EDGE('',*,*,#985,.F.);
#1102 = CYLINDRICAL_SURFACE('',#1103,1.);
#1103 = AXIS2_PLACEMENT_3D('',#1104,#1105,#1106);
#1104 = CARTESIAN_POINT('',(11.,24.938983712572,16.387462189827));
#1105 = DIRECTION('',(1.,-1.33226762955E-15,9.860761315263E-31));
#1106 = DIRECTION('',(-6.661338147751E-16,1.,-1.998401444325E-15));
#1107 = ADVANCED_FACE('',(#1108),#1114,.F.);
#1108 = FACE_BOUND('',#1109,.F.);
#1109 = EDGE_LOOP('',(#1110,#1111,#1112,#1113));
#1110 = ORIENTED_EDGE('',*,*,#1094,.T.);
#1111 = ORIENTED_EDGE('',*,*,#1065,.T.);
#1112 = ORIENTED_EDGE('',*,*,#1041,.F.);
#1113 = ORIENTED_EDGE('',*,*,#994,.F.);
#1114 = CYLINDRICAL_SURFACE('',#1115,15.);
#1115 = AXIS2_PLACEMENT_3D('',#1116,#1117,#1118);
#1116 = CARTESIAN_POINT('',(11.,33.74174344576,29.748278822046));
#1117 = DIRECTION('',(1.,-1.33226762955E-15,9.860761315263E-31));
#1118 = DIRECTION('',(-6.661338147751E-16,1.,-1.998401444325E-15));
#1119 = ADVANCED_FACE('',(#1120),#1145,.T.);
#1120 = FACE_BOUND('',#1121,.T.);
#1121 = EDGE_LOOP('',(#1122,#1123,#1131,#1139));
#1122 = ORIENTED_EDGE('',*,*,#40,.T.);
#1123 = ORIENTED_EDGE('',*,*,#1124,.F.);
#1124 = EDGE_CURVE('',#1125,#32,#1127,.T.);
#1125 = VERTEX_POINT('',#1126);
#1126 = CARTESIAN_POINT('',(16.,-11.75320565518,-5.));
#1127 = LINE('',#1128,#1129);
#1128 = CARTESIAN_POINT('',(16.,-1.,-5.));
#1129 = VECTOR('',#1130,1.);
#1130 = DIRECTION('',(4.215475462275E-30,1.,-2.997602166488E-15));
#1131 = ORIENTED_EDGE('',*,*,#1132,.F.);
#1132 = EDGE_CURVE('',#1133,#1125,#1135,.T.);
#1133 = VERTEX_POINT('',#1134);
#1134 = CARTESIAN_POINT('',(-16.,-11.75320565518,-5.));
#1135 = LINE('',#1136,#1137);
#1136 = CARTESIAN_POINT('',(-16.,-11.75320565518,-5.));
#1137 = VECTOR('',#1138,1.);
#1138 = DIRECTION('',(1.,-3.330669073875E-16,-6.661338147751E-16));
#1139 = ORIENTED_EDGE('',*,*,#1140,.F.);
#1140 = EDGE_CURVE('',#41,#1133,#1141,.T.);
#1141 = LINE('',#1142,#1143);
#1142 = CARTESIAN_POINT('',(-16.,1.,-5.));
#1143 = VECTOR('',#1144,1.);
#1144 = DIRECTION('',(1.110223024625E-16,-1.,3.330669073875E-16));
#1145 = PLANE('',#1146);
#1146 = AXIS2_PLACEMENT_3D('',#1147,#1148,#1149);
#1147 = CARTESIAN_POINT('',(-1.237041513942E-15,4.821347566451E-15,-5.)
  );
#1148 = DIRECTION('',(1.110223024625E-16,-1.29595871028E-15,-1.));
#1149 = DIRECTION('',(-1.315543682676E-31,-1.,1.29595871028E-15));
#1150 = ADVANCED_FACE('',(#1151),#1178,.F.);
#1151 = FACE_BOUND('',#1152,.F.);
#1152 = EDGE_LOOP('',(#1153,#1163,#1170,#1171));
#1153 = ORIENTED_EDGE('',*,*,#1154,.T.);
#1154 = EDGE_CURVE('',#1155,#1157,#1159,.T.);
#1155 = VERTEX_POINT('',#1156);
#1156 = CARTESIAN_POINT('',(-16.,-13.37767137932,-5.833333333333));
#1157 = VERTEX_POINT('',#1158);
#1158 = CARTESIAN_POINT('',(16.,-13.37767137932,-5.833333333333));
#1159 = LINE('',#1160,#1161);
#1160 = CARTESIAN_POINT('',(-16.,-13.37767137932,-5.833333333333));
#1161 = VECTOR('',#1162,1.);
#1162 = DIRECTION('',(1.,-3.330669073875E-16,-6.661338147751E-16));
#1163 = ORIENTED_EDGE('',*,*,#1164,.T.);
#1164 = EDGE_CURVE('',#1157,#1125,#1165,.T.);
#1165 = CIRCLE('',#1166,2.);
#1166 = AXIS2_PLACEMENT_3D('',#1167,#1168,#1169);
#1167 = CARTESIAN_POINT('',(16.,-11.75320565518,-7.));
#1168 = DIRECTION('',(-1.,-5.551115123126E-16,-1.110223024625E-15));
#1169 = DIRECTION('',(5.551115123126E-16,-1.,7.771561172376E-16));
#1170 = ORIENTED_EDGE('',*,*,#1132,.F.);
#1171 = ORIENTED_EDGE('',*,*,#1172,.F.);
#1172 = EDGE_CURVE('',#1155,#1133,#1173,.T.);
#1173 = CIRCLE('',#1174,2.);
#1174 = AXIS2_PLACEMENT_3D('',#1175,#1176,#1177);
#1175 = CARTESIAN_POINT('',(-16.,-11.75320565518,-7.));
#1176 = DIRECTION('',(-1.,-5.551115123126E-16,-1.110223024625E-15));
#1177 = DIRECTION('',(5.551115123126E-16,-1.,7.771561172376E-16));
#1178 = CYLINDRICAL_SURFACE('',#1179,2.);
#1179 = AXIS2_PLACEMENT_3D('',#1180,#1181,#1182);
#1180 = CARTESIAN_POINT('',(-16.,-11.75320565518,-7.));
#1181 = DIRECTION('',(-1.,5.551115123126E-16,4.440892098501E-16));
#1182 = DIRECTION('',(1.110223024625E-16,-1.,3.330669073875E-16));
#1183 = ADVANCED_FACE('',(#1184),#1211,.T.);
#1184 = FACE_BOUND('',#1185,.T.);
#1185 = EDGE_LOOP('',(#1186,#1196,#1203,#1204));
#1186 = ORIENTED_EDGE('',*,*,#1187,.F.);
#1187 = EDGE_CURVE('',#1188,#1190,#1192,.T.);
#1188 = VERTEX_POINT('',#1189);
#1189 = CARTESIAN_POINT('',(-16.,-31.08019279596,-2.867037842804));
#1190 = VERTEX_POINT('',#1191);
#1191 = CARTESIAN_POINT('',(16.,-31.08019279596,-2.867037842804));
#1192 = LINE('',#1193,#1194);
#1193 = CARTESIAN_POINT('',(-16.,-31.08019279596,-2.867037842804));
#1194 = VECTOR('',#1195,1.);
#1195 = DIRECTION('',(1.,-3.330669073875E-16,-6.661338147751E-16));
#1196 = ORIENTED_EDGE('',*,*,#1197,.F.);
#1197 = EDGE_CURVE('',#1155,#1188,#1198,.T.);
#1198 = CIRCLE('',#1199,10.);
#1199 = AXIS2_PLACEMENT_3D('',#1200,#1201,#1202);
#1200 = CARTESIAN_POINT('',(-16.,-21.5,3.907985046681E-14));
#1201 = DIRECTION('',(-1.,-5.551115123126E-16,-1.110223024625E-15));
#1202 = DIRECTION('',(5.551115123126E-16,-1.,7.771561172376E-16));
#1203 = ORIENTED_EDGE('',*,*,#1154,.T.);
#1204 = ORIENTED_EDGE('',*,*,#1205,.T.);
#1205 = EDGE_CURVE('',#1157,#1190,#1206,.T.);
#1206 = CIRCLE('',#1207,10.);
#1207 = AXIS2_PLACEMENT_3D('',#1208,#1209,#1210);
#1208 = CARTESIAN_POINT('',(16.,-21.5,-7.105427357601E-15));
#1209 = DIRECTION('',(-1.,-5.551115123126E-16,-1.110223024625E-15));
#1210 = DIRECTION('',(5.551115123126E-16,-1.,7.771561172376E-16));
#1211 = CYLINDRICAL_SURFACE('',#1212,10.);
#1212 = AXIS2_PLACEMENT_3D('',#1213,#1214,#1215);
#1213 = CARTESIAN_POINT('',(-16.,-21.5,1.781907954523E-14));
#1214 = DIRECTION('',(-1.,5.551115123126E-16,4.440892098501E-16));
#1215 = DIRECTION('',(1.110223024625E-16,-1.,3.330669073875E-16));
#1216 = ADVANCED_FACE('',(#1217),#1274,.T.);
#1217 = FACE_BOUND('',#1218,.F.);
#1218 = EDGE_LOOP('',(#1219,#1227,#1235,#1243,#1251,#1259,#1267,#1273));
#1219 = ORIENTED_EDGE('',*,*,#1220,.F.);
#1220 = EDGE_CURVE('',#1221,#1188,#1223,.T.);
#1221 = VERTEX_POINT('',#1222);
#1222 = CARTESIAN_POINT('',(-16.,-39.68678004736,25.89183096342));
#1223 = LINE('',#1224,#1225);
#1224 = CARTESIAN_POINT('',(-16.,-39.68678004736,25.89183096342));
#1225 = VECTOR('',#1226,1.);
#1226 = DIRECTION('',(9.044624909656E-16,0.28670378428,-0.958019279597)
  );
#1227 = ORIENTED_EDGE('',*,*,#1228,.T.);
#1228 = EDGE_CURVE('',#1221,#1229,#1231,.T.);
#1229 = VERTEX_POINT('',#1230);
#1230 = CARTESIAN_POINT('',(-11.,-39.68678004736,25.89183096342));
#1231 = LINE('',#1232,#1233);
#1232 = CARTESIAN_POINT('',(-16.,-39.68678004736,25.89183096342));
#1233 = VECTOR('',#1234,1.);
#1234 = DIRECTION('',(1.,-3.330669073875E-16,-6.661338147751E-16));
#1235 = ORIENTED_EDGE('',*,*,#1236,.F.);
#1236 = EDGE_CURVE('',#1237,#1229,#1239,.T.);
#1237 = VERTEX_POINT('',#1238);
#1238 = CARTESIAN_POINT('',(-11.,-35.98221778277,13.513054447263));
#1239 = LINE('',#1240,#1241);
#1240 = CARTESIAN_POINT('',(-11.,-40.74259332243,29.419825809085));
#1241 = VECTOR('',#1242,1.);
#1242 = DIRECTION('',(5.426774945794E-16,-0.28670378428,0.958019279597)
  );
#1243 = ORIENTED_EDGE('',*,*,#1244,.F.);
#1244 = EDGE_CURVE('',#1245,#1237,#1247,.T.);
#1245 = VERTEX_POINT('',#1246);
#1246 = CARTESIAN_POINT('',(11.,-35.98221778277,13.513054447263));
#1247 = LINE('',#1248,#1249);
#1248 = CARTESIAN_POINT('',(11.,-35.98221778277,13.513054447263));
#1249 = VECTOR('',#1250,1.);
#1250 = DIRECTION('',(-1.,3.330669073875E-16,6.661338147751E-16));
#1251 = ORIENTED_EDGE('',*,*,#1252,.T.);
#1252 = EDGE_CURVE('',#1245,#1253,#1255,.T.);
#1253 = VERTEX_POINT('',#1254);
#1254 = CARTESIAN_POINT('',(11.,-39.68678004736,25.89183096342));
#1255 = LINE('',#1256,#1257);
#1256 = CARTESIAN_POINT('',(11.,-40.74259332243,29.419825809085));
#1257 = VECTOR('',#1258,1.);
#1258 = DIRECTION('',(5.426774945794E-16,-0.28670378428,0.958019279597)
  );
#1259 = ORIENTED_EDGE('',*,*,#1260,.T.);
#1260 = EDGE_CURVE('',#1253,#1261,#1263,.T.);
#1261 = VERTEX_POINT('',#1262);
#1262 = CARTESIAN_POINT('',(16.,-39.68678004736,25.89183096342));
#1263 = LINE('',#1264,#1265);
#1264 = CARTESIAN_POINT('',(-16.,-39.68678004736,25.89183096342));
#1265 = VECTOR('',#1266,1.);
#1266 = DIRECTION('',(1.,-3.330669073875E-16,-6.661338147751E-16));
#1267 = ORIENTED_EDGE('',*,*,#1268,.T.);
#1268 = EDGE_CURVE('',#1261,#1190,#1269,.T.);
#1269 = LINE('',#1270,#1271);
#1270 = CARTESIAN_POINT('',(16.,-39.68678004736,25.89183096342));
#1271 = VECTOR('',#1272,1.);
#1272 = DIRECTION('',(9.044624909656E-16,0.28670378428,-0.958019279597)
  );
#1273 = ORIENTED_EDGE('',*,*,#1187,.F.);
#1274 = PLANE('',#1275);
#1275 = AXIS2_PLACEMENT_3D('',#1276,#1277,#1278);
#1276 = CARTESIAN_POINT('',(-16.,-39.68678004736,25.89183096342));
#1277 = DIRECTION('',(4.464065756951E-16,-0.958019279597,-0.28670378428)
  );
#1278 = DIRECTION('',(-6.063385230904E-16,-0.28670378428,0.958019279597)
  );
#1279 = ADVANCED_FACE('',(#1280),#1422,.F.);
#1280 = FACE_BOUND('',#1281,.T.);
#1281 = EDGE_LOOP('',(#1282,#1293,#1302,#1309,#1310,#1319,#1328,#1337,
    #1345,#1354,#1363,#1372,#1381,#1389,#1398,#1407,#1416));
#1282 = ORIENTED_EDGE('',*,*,#1283,.F.);
#1283 = EDGE_CURVE('',#1284,#1286,#1288,.T.);
#1284 = VERTEX_POINT('',#1285);
#1285 = CARTESIAN_POINT('',(11.,-25.48915619589,17.222513229341));
#1286 = VERTEX_POINT('',#1287);
#1287 = CARTESIAN_POINT('',(11.,-24.22408263338,17.086687795031));
#1288 = CIRCLE('',#1289,1.);
#1289 = AXIS2_PLACEMENT_3D('',#1290,#1291,#1292);
#1290 = CARTESIAN_POINT('',(11.,-24.93898371257,16.387462189828));
#1291 = DIRECTION('',(-1.,-5.551115123126E-16,-1.110223024625E-15));
#1292 = DIRECTION('',(5.551115123126E-16,-1.,7.771561172376E-16));
#1293 = ORIENTED_EDGE('',*,*,#1294,.T.);
#1294 = EDGE_CURVE('',#1284,#1295,#1297,.T.);
#1295 = VERTEX_POINT('',#1296);
#1296 = CARTESIAN_POINT('',(11.,-34.94404506208,14.796540768449));
#1297 = CIRCLE('',#1298,15.);
#1298 = AXIS2_PLACEMENT_3D('',#1299,#1300,#1301);
#1299 = CARTESIAN_POINT('',(11.,-33.74174344576,29.748278822046));
#1300 = DIRECTION('',(-1.,-5.551115123126E-16,-1.110223024625E-15));
#1301 = DIRECTION('',(5.551115123126E-16,-1.,7.771561172376E-16));
#1302 = ORIENTED_EDGE('',*,*,#1303,.F.);
#1303 = EDGE_CURVE('',#1245,#1295,#1304,.T.);
#1304 = CIRCLE('',#1305,1.);
#1305 = AXIS2_PLACEMENT_3D('',#1306,#1307,#1308);
#1306 = CARTESIAN_POINT('',(11.,-35.02419850317,13.799758231543));
#1307 = DIRECTION('',(-1.,-5.551115123126E-16,-1.110223024625E-15));
#1308 = DIRECTION('',(5.551115123126E-16,-1.,7.771561172376E-16));
#1309 = ORIENTED_EDGE('',*,*,#1252,.T.);
#1310 = ORIENTED_EDGE('',*,*,#1311,.T.);
#1311 = EDGE_CURVE('',#1253,#1312,#1314,.T.);
#1312 = VERTEX_POINT('',#1313);
#1313 = CARTESIAN_POINT('',(11.,-39.98064509018,27.898757453383));
#1314 = CIRCLE('',#1315,7.);
#1315 = AXIS2_PLACEMENT_3D('',#1316,#1317,#1318);
#1316 = CARTESIAN_POINT('',(11.,-32.98064509018,27.898757453383));
#1317 = DIRECTION('',(-1.,3.330669073875E-16,2.22044604925E-16));
#1318 = DIRECTION('',(-3.330669073875E-16,-1.,1.110223024625E-16));
#1319 = ORIENTED_EDGE('',*,*,#1320,.T.);
#1320 = EDGE_CURVE('',#1312,#1321,#1323,.T.);
#1321 = VERTEX_POINT('',#1322);
#1322 = CARTESIAN_POINT('',(11.,-32.50562562725,34.882621463359));
#1323 = CIRCLE('',#1324,7.);
#1324 = AXIS2_PLACEMENT_3D('',#1325,#1326,#1327);
#1325 = CARTESIAN_POINT('',(11.,-32.98064509018,27.898757453383));
#1326 = DIRECTION('',(-1.,3.330669073875E-16,2.22044604925E-16));
#1327 = DIRECTION('',(-3.330669073875E-16,-1.,1.110223024625E-16));
#1328 = ORIENTED_EDGE('',*,*,#1329,.F.);
#1329 = EDGE_CURVE('',#1330,#1321,#1332,.T.);
#1330 = VERTEX_POINT('',#1331);
#1331 = CARTESIAN_POINT('',(11.,-31.75433350624,33.31135016844));
#1332 = CIRCLE('',#1333,1.);
#1333 = AXIS2_PLACEMENT_3D('',#1334,#1335,#1336);
#1334 = CARTESIAN_POINT('',(11.,-32.57348555053,33.884926604791));
#1335 = DIRECTION('',(1.,-3.330669073875E-16,-2.22044604925E-16));
#1336 = DIRECTION('',(-3.330669073875E-16,-1.,1.110223024625E-16));
#1337 = ORIENTED_EDGE('',*,*,#1338,.T.);
#1338 = EDGE_CURVE('',#1330,#1339,#1341,.T.);
#1339 = VERTEX_POINT('',#1340);
#1340 = CARTESIAN_POINT('',(11.,-33.44422137262,30.897940180454));
#1341 = LINE('',#1342,#1343);
#1342 = CARTESIAN_POINT('',(11.,-32.88297704273,31.699480151471));
#1343 = VECTOR('',#1344,1.);
#1344 = DIRECTION('',(-7.367042059489E-16,-0.573576436351,
    -0.819152044289));
#1345 = ORIENTED_EDGE('',*,*,#1346,.F.);
#1346 = EDGE_CURVE('',#1347,#1339,#1349,.T.);
#1347 = VERTEX_POINT('',#1348);
#1348 = CARTESIAN_POINT('',(11.,-33.72539264409,30.70149737727));
#1349 = CIRCLE('',#1350,0.5);
#1350 = AXIS2_PLACEMENT_3D('',#1351,#1352,#1353);
#1351 = CARTESIAN_POINT('',(11.,-33.85379739476,31.18472839863));
#1352 = DIRECTION('',(1.,-3.330669073875E-16,-2.22044604925E-16));
#1353 = DIRECTION('',(-3.330669073875E-16,-1.,1.110223024625E-16));
#1354 = ORIENTED_EDGE('',*,*,#1355,.T.);
#1355 = EDGE_CURVE('',#1347,#1356,#1358,.T.);
#1356 = VERTEX_POINT('',#1357);
#1357 = CARTESIAN_POINT('',(11.,-35.77236089102,28.683819799523));
#1358 = CIRCLE('',#1359,2.9);
#1359 = AXIS2_PLACEMENT_3D('',#1360,#1361,#1362);
#1360 = CARTESIAN_POINT('',(11.,-32.98064509018,27.898757453383));
#1361 = DIRECTION('',(1.,-3.330669073875E-16,-2.22044604925E-16));
#1362 = DIRECTION('',(-2.605204446901E-16,-0.96266062098,0.270711153841)
  );
#1363 = ORIENTED_EDGE('',*,*,#1364,.T.);
#1364 = EDGE_CURVE('',#1356,#1365,#1367,.T.);
#1365 = VERTEX_POINT('',#1366);
#1366 = CARTESIAN_POINT('',(11.,-30.09221240059,28.157517183101));
#1367 = CIRCLE('',#1368,2.9);
#1368 = AXIS2_PLACEMENT_3D('',#1369,#1370,#1371);
#1369 = CARTESIAN_POINT('',(11.,-32.98064509018,27.898757453383));
#1370 = DIRECTION('',(1.,-3.330669073875E-16,-2.22044604925E-16));
#1371 = DIRECTION('',(-2.605204446901E-16,-0.96266062098,0.270711153841)
  );
#1372 = ORIENTED_EDGE('',*,*,#1373,.F.);
#1373 = EDGE_CURVE('',#1374,#1365,#1376,.T.);
#1374 = VERTEX_POINT('',#1375);
#1375 = CARTESIAN_POINT('',(11.,-30.0037827866,28.48891914778));
#1376 = CIRCLE('',#1377,0.5);
#1377 = AXIS2_PLACEMENT_3D('',#1378,#1379,#1380);
#1378 = CARTESIAN_POINT('',(11.,-29.59420676446,28.202130929604));
#1379 = DIRECTION('',(1.,-3.330669073875E-16,-2.22044604925E-16));
#1380 = DIRECTION('',(-3.330669073875E-16,-1.,1.110223024625E-16));
#1381 = ORIENTED_EDGE('',*,*,#1382,.T.);
#1382 = EDGE_CURVE('',#1374,#1383,#1385,.T.);
#1383 = VERTEX_POINT('',#1384);
#1384 = CARTESIAN_POINT('',(11.,-28.31389492022,30.902329135766));
#1385 = LINE('',#1386,#1387);
#1386 = CARTESIAN_POINT('',(11.,-29.44253845672,29.290459118796));
#1387 = VECTOR('',#1388,1.);
#1388 = DIRECTION('',(7.367042059489E-16,0.573576436351,0.819152044289)
  );
#1389 = ORIENTED_EDGE('',*,*,#1390,.F.);
#1390 = EDGE_CURVE('',#1391,#1383,#1393,.T.);
#1391 = VERTEX_POINT('',#1392);
#1392 = CARTESIAN_POINT('',(11.,-26.58042584023,30.733751907087));
#1393 = CIRCLE('',#1394,1.);
#1394 = AXIS2_PLACEMENT_3D('',#1395,#1396,#1397);
#1395 = CARTESIAN_POINT('',(11.,-27.49474287594,30.328752699415));
#1396 = DIRECTION('',(1.,-3.330669073875E-16,-2.22044604925E-16));
#1397 = DIRECTION('',(-3.330669073875E-16,-1.,1.110223024625E-16));
#1398 = ORIENTED_EDGE('',*,*,#1399,.T.);
#1399 = EDGE_CURVE('',#1391,#1400,#1402,.T.);
#1400 = VERTEX_POINT('',#1401);
#1401 = CARTESIAN_POINT('',(11.,-27.30657875976,23.799370758039));
#1402 = CIRCLE('',#1403,7.);
#1403 = AXIS2_PLACEMENT_3D('',#1404,#1405,#1406);
#1404 = CARTESIAN_POINT('',(11.,-32.98064509018,27.898757453383));
#1405 = DIRECTION('',(-1.,3.330669073875E-16,2.22044604925E-16));
#1406 = DIRECTION('',(-3.330669073875E-16,-1.,1.110223024625E-16));
#1407 = ORIENTED_EDGE('',*,*,#1408,.F.);
#1408 = EDGE_CURVE('',#1409,#1400,#1411,.T.);
#1409 = VERTEX_POINT('',#1410);
#1410 = CARTESIAN_POINT('',(11.,-27.01953928429,19.944813930137));
#1411 = CIRCLE('',#1412,3.);
#1412 = AXIS2_PLACEMENT_3D('',#1413,#1414,#1415);
#1413 = CARTESIAN_POINT('',(11.,-24.87483604672,22.042490745748));
#1414 = DIRECTION('',(-1.,3.330669073875E-16,2.22044604925E-16));
#1415 = DIRECTION('',(-3.330669073875E-16,-1.,1.110223024625E-16));
#1416 = ORIENTED_EDGE('',*,*,#1417,.T.);
#1417 = EDGE_CURVE('',#1409,#1286,#1418,.T.);
#1418 = LINE('',#1419,#1420);
#1419 = CARTESIAN_POINT('',(11.,-26.8027505513,19.723165154669));
#1420 = VECTOR('',#1421,1.);
#1421 = DIRECTION('',(-2.433308731765E-16,0.699225605204,-0.71490107919)
  );
#1422 = PLANE('',#1423);
#1423 = AXIS2_PLACEMENT_3D('',#1424,#1425,#1426);
#1424 = CARTESIAN_POINT('',(11.,-37.40560254116,34.262442994171));
#1425 = DIRECTION('',(1.,-7.771561172376E-16,-1.110223024625E-15));
#1426 = DIRECTION('',(1.110223024625E-15,5.551115123126E-16,-1.));
#1427 = ADVANCED_FACE('',(#1428),#1447,.T.);
#1428 = FACE_BOUND('',#1429,.F.);
#1429 = EDGE_LOOP('',(#1430,#1431,#1440,#1446));
#1430 = ORIENTED_EDGE('',*,*,#1244,.T.);
#1431 = ORIENTED_EDGE('',*,*,#1432,.T.);
#1432 = EDGE_CURVE('',#1237,#1433,#1435,.T.);
#1433 = VERTEX_POINT('',#1434);
#1434 = CARTESIAN_POINT('',(-11.,-34.94404506208,14.796540768449));
#1435 = CIRCLE('',#1436,1.);
#1436 = AXIS2_PLACEMENT_3D('',#1437,#1438,#1439);
#1437 = CARTESIAN_POINT('',(-11.,-35.02419850317,13.799758231543));
#1438 = DIRECTION('',(-1.,-5.551115123126E-16,-1.110223024625E-15));
#1439 = DIRECTION('',(5.551115123126E-16,-1.,7.771561172376E-16));
#1440 = ORIENTED_EDGE('',*,*,#1441,.F.);
#1441 = EDGE_CURVE('',#1295,#1433,#1442,.T.);
#1442 = LINE('',#1443,#1444);
#1443 = CARTESIAN_POINT('',(11.,-34.94404506208,14.79654076845));
#1444 = VECTOR('',#1445,1.);
#1445 = DIRECTION('',(-1.,3.330669073875E-16,6.661338147751E-16));
#1446 = ORIENTED_EDGE('',*,*,#1303,.F.);
#1447 = CYLINDRICAL_SURFACE('',#1448,1.);
#1448 = AXIS2_PLACEMENT_3D('',#1449,#1450,#1451);
#1449 = CARTESIAN_POINT('',(11.,-35.02419850317,13.799758231543));
#1450 = DIRECTION('',(1.,-5.551115123126E-16,-4.440892098501E-16));
#1451 = DIRECTION('',(1.110223024625E-16,-1.,3.330669073875E-16));
#1452 = ADVANCED_FACE('',(#1453),#1587,.T.);
#1453 = FACE_BOUND('',#1454,.F.);
#1454 = EDGE_LOOP('',(#1455,#1466,#1473,#1474,#1475,#1484,#1493,#1502,
    #1510,#1519,#1528,#1537,#1546,#1554,#1563,#1572,#1581));
#1455 = ORIENTED_EDGE('',*,*,#1456,.F.);
#1456 = EDGE_CURVE('',#1457,#1459,#1461,.T.);
#1457 = VERTEX_POINT('',#1458);
#1458 = CARTESIAN_POINT('',(-11.,-25.48915619589,17.222513229341));
#1459 = VERTEX_POINT('',#1460);
#1460 = CARTESIAN_POINT('',(-11.,-24.22408263338,17.086687795031));
#1461 = CIRCLE('',#1462,1.);
#1462 = AXIS2_PLACEMENT_3D('',#1463,#1464,#1465);
#1463 = CARTESIAN_POINT('',(-11.,-24.93898371257,16.387462189828));
#1464 = DIRECTION('',(-1.,-5.551115123126E-16,-1.110223024625E-15));
#1465 = DIRECTION('',(5.551115123126E-16,-1.,7.771561172376E-16));
#1466 = ORIENTED_EDGE('',*,*,#1467,.T.);
#1467 = EDGE_CURVE('',#1457,#1433,#1468,.T.);
#1468 = CIRCLE('',#1469,15.);
#1469 = AXIS2_PLACEMENT_3D('',#1470,#1471,#1472);
#1470 = CARTESIAN_POINT('',(-11.,-33.74174344576,29.748278822046));
#1471 = DIRECTION('',(-1.,-5.551115123126E-16,-1.110223024625E-15));
#1472 = DIRECTION('',(5.551115123126E-16,-1.,7.771561172376E-16));
#1473 = ORIENTED_EDGE('',*,*,#1432,.F.);
#1474 = ORIENTED_EDGE('',*,*,#1236,.T.);
#1475 = ORIENTED_EDGE('',*,*,#1476,.T.);
#1476 = EDGE_CURVE('',#1229,#1477,#1479,.T.);
#1477 = VERTEX_POINT('',#1478);
#1478 = CARTESIAN_POINT('',(-11.,-39.98064509018,27.898757453383));
#1479 = CIRCLE('',#1480,7.);
#1480 = AXIS2_PLACEMENT_3D('',#1481,#1482,#1483);
#1481 = CARTESIAN_POINT('',(-11.,-32.98064509018,27.898757453383));
#1482 = DIRECTION('',(-1.,3.330669073875E-16,2.22044604925E-16));
#1483 = DIRECTION('',(-3.330669073875E-16,-1.,1.110223024625E-16));
#1484 = ORIENTED_EDGE('',*,*,#1485,.T.);
#1485 = EDGE_CURVE('',#1477,#1486,#1488,.T.);
#1486 = VERTEX_POINT('',#1487);
#1487 = CARTESIAN_POINT('',(-11.,-32.50562562725,34.882621463359));
#1488 = CIRCLE('',#1489,7.);
#1489 = AXIS2_PLACEMENT_3D('',#1490,#1491,#1492);
#1490 = CARTESIAN_POINT('',(-11.,-32.98064509018,27.898757453383));
#1491 = DIRECTION('',(-1.,3.330669073875E-16,2.22044604925E-16));
#1492 = DIRECTION('',(-3.330669073875E-16,-1.,1.110223024625E-16));
#1493 = ORIENTED_EDGE('',*,*,#1494,.F.);
#1494 = EDGE_CURVE('',#1495,#1486,#1497,.T.);
#1495 = VERTEX_POINT('',#1496);
#1496 = CARTESIAN_POINT('',(-11.,-31.75433350624,33.31135016844));
#1497 = CIRCLE('',#1498,1.);
#1498 = AXIS2_PLACEMENT_3D('',#1499,#1500,#1501);
#1499 = CARTESIAN_POINT('',(-11.,-32.57348555053,33.884926604791));
#1500 = DIRECTION('',(1.,-3.330669073875E-16,-2.22044604925E-16));
#1501 = DIRECTION('',(-3.330669073875E-16,-1.,1.110223024625E-16));
#1502 = ORIENTED_EDGE('',*,*,#1503,.T.);
#1503 = EDGE_CURVE('',#1495,#1504,#1506,.T.);
#1504 = VERTEX_POINT('',#1505);
#1505 = CARTESIAN_POINT('',(-11.,-33.44422137262,30.897940180454));
#1506 = LINE('',#1507,#1508);
#1507 = CARTESIAN_POINT('',(-11.,-32.88297704273,31.699480151471));
#1508 = VECTOR('',#1509,1.);
#1509 = DIRECTION('',(-7.367042059489E-16,-0.573576436351,
    -0.819152044289));
#1510 = ORIENTED_EDGE('',*,*,#1511,.F.);
#1511 = EDGE_CURVE('',#1512,#1504,#1514,.T.);
#1512 = VERTEX_POINT('',#1513);
#1513 = CARTESIAN_POINT('',(-11.,-33.72539264409,30.70149737727));
#1514 = CIRCLE('',#1515,0.5);
#1515 = AXIS2_PLACEMENT_3D('',#1516,#1517,#1518);
#1516 = CARTESIAN_POINT('',(-11.,-33.85379739476,31.18472839863));
#1517 = DIRECTION('',(1.,-3.330669073875E-16,-2.22044604925E-16));
#1518 = DIRECTION('',(-3.330669073875E-16,-1.,1.110223024625E-16));
#1519 = ORIENTED_EDGE('',*,*,#1520,.T.);
#1520 = EDGE_CURVE('',#1512,#1521,#1523,.T.);
#1521 = VERTEX_POINT('',#1522);
#1522 = CARTESIAN_POINT('',(-11.,-35.77236089102,28.683819799523));
#1523 = CIRCLE('',#1524,2.9);
#1524 = AXIS2_PLACEMENT_3D('',#1525,#1526,#1527);
#1525 = CARTESIAN_POINT('',(-11.,-32.98064509018,27.898757453383));
#1526 = DIRECTION('',(1.,-3.330669073875E-16,-2.22044604925E-16));
#1527 = DIRECTION('',(-2.605204446901E-16,-0.96266062098,0.270711153841)
  );
#1528 = ORIENTED_EDGE('',*,*,#1529,.T.);
#1529 = EDGE_CURVE('',#1521,#1530,#1532,.T.);
#1530 = VERTEX_POINT('',#1531);
#1531 = CARTESIAN_POINT('',(-11.,-30.09221240059,28.157517183101));
#1532 = CIRCLE('',#1533,2.9);
#1533 = AXIS2_PLACEMENT_3D('',#1534,#1535,#1536);
#1534 = CARTESIAN_POINT('',(-11.,-32.98064509018,27.898757453383));
#1535 = DIRECTION('',(1.,-3.330669073875E-16,-2.22044604925E-16));
#1536 = DIRECTION('',(-2.605204446901E-16,-0.96266062098,0.270711153841)
  );
#1537 = ORIENTED_EDGE('',*,*,#1538,.F.);
#1538 = EDGE_CURVE('',#1539,#1530,#1541,.T.);
#1539 = VERTEX_POINT('',#1540);
#1540 = CARTESIAN_POINT('',(-11.,-30.0037827866,28.48891914778));
#1541 = CIRCLE('',#1542,0.5);
#1542 = AXIS2_PLACEMENT_3D('',#1543,#1544,#1545);
#1543 = CARTESIAN_POINT('',(-11.,-29.59420676446,28.202130929604));
#1544 = DIRECTION('',(1.,-3.330669073875E-16,-2.22044604925E-16));
#1545 = DIRECTION('',(-3.330669073875E-16,-1.,1.110223024625E-16));
#1546 = ORIENTED_EDGE('',*,*,#1547,.T.);
#1547 = EDGE_CURVE('',#1539,#1548,#1550,.T.);
#1548 = VERTEX_POINT('',#1549);
#1549 = CARTESIAN_POINT('',(-11.,-28.31389492022,30.902329135766));
#1550 = LINE('',#1551,#1552);
#1551 = CARTESIAN_POINT('',(-11.,-29.44253845672,29.290459118796));
#1552 = VECTOR('',#1553,1.);
#1553 = DIRECTION('',(7.367042059489E-16,0.573576436351,0.819152044289)
  );
#1554 = ORIENTED_EDGE('',*,*,#1555,.F.);
#1555 = EDGE_CURVE('',#1556,#1548,#1558,.T.);
#1556 = VERTEX_POINT('',#1557);
#1557 = CARTESIAN_POINT('',(-11.,-26.58042584023,30.733751907087));
#1558 = CIRCLE('',#1559,1.);
#1559 = AXIS2_PLACEMENT_3D('',#1560,#1561,#1562);
#1560 = CARTESIAN_POINT('',(-11.,-27.49474287594,30.328752699415));
#1561 = DIRECTION('',(1.,-3.330669073875E-16,-2.22044604925E-16));
#1562 = DIRECTION('',(-3.330669073875E-16,-1.,1.110223024625E-16));
#1563 = ORIENTED_EDGE('',*,*,#1564,.T.);
#1564 = EDGE_CURVE('',#1556,#1565,#1567,.T.);
#1565 = VERTEX_POINT('',#1566);
#1566 = CARTESIAN_POINT('',(-11.,-27.30657875976,23.799370758039));
#1567 = CIRCLE('',#1568,7.);
#1568 = AXIS2_PLACEMENT_3D('',#1569,#1570,#1571);
#1569 = CARTESIAN_POINT('',(-11.,-32.98064509018,27.898757453383));
#1570 = DIRECTION('',(-1.,3.330669073875E-16,2.22044604925E-16));
#1571 = DIRECTION('',(-3.330669073875E-16,-1.,1.110223024625E-16));
#1572 = ORIENTED_EDGE('',*,*,#1573,.F.);
#1573 = EDGE_CURVE('',#1574,#1565,#1576,.T.);
#1574 = VERTEX_POINT('',#1575);
#1575 = CARTESIAN_POINT('',(-11.,-27.01953928429,19.944813930137));
#1576 = CIRCLE('',#1577,3.);
#1577 = AXIS2_PLACEMENT_3D('',#1578,#1579,#1580);
#1578 = CARTESIAN_POINT('',(-11.,-24.87483604672,22.042490745748));
#1579 = DIRECTION('',(-1.,3.330669073875E-16,2.22044604925E-16));
#1580 = DIRECTION('',(-3.330669073875E-16,-1.,1.110223024625E-16));
#1581 = ORIENTED_EDGE('',*,*,#1582,.T.);
#1582 = EDGE_CURVE('',#1574,#1459,#1583,.T.);
#1583 = LINE('',#1584,#1585);
#1584 = CARTESIAN_POINT('',(-11.,-26.8027505513,19.723165154669));
#1585 = VECTOR('',#1586,1.);
#1586 = DIRECTION('',(-2.433308731765E-16,0.699225605204,-0.71490107919)
  );
#1587 = PLANE('',#1588);
#1588 = AXIS2_PLACEMENT_3D('',#1589,#1590,#1591);
#1589 = CARTESIAN_POINT('',(-11.,-37.40560254116,34.262442994171));
#1590 = DIRECTION('',(1.,-7.771561172376E-16,-1.110223024625E-15));
#1591 = DIRECTION('',(1.110223024625E-15,5.551115123126E-16,-1.));
#1592 = ADVANCED_FACE('',(#1593),#1619,.F.);
#1593 = FACE_BOUND('',#1594,.F.);
#1594 = EDGE_LOOP('',(#1595,#1606,#1612,#1613));
#1595 = ORIENTED_EDGE('',*,*,#1596,.F.);
#1596 = EDGE_CURVE('',#1597,#1599,#1601,.T.);
#1597 = VERTEX_POINT('',#1598);
#1598 = CARTESIAN_POINT('',(-16.,-27.01953928429,19.944813930137));
#1599 = VERTEX_POINT('',#1600);
#1600 = CARTESIAN_POINT('',(-16.,-27.30657875976,23.799370758039));
#1601 = CIRCLE('',#1602,3.);
#1602 = AXIS2_PLACEMENT_3D('',#1603,#1604,#1605);
#1603 = CARTESIAN_POINT('',(-16.,-24.87483604672,22.042490745748));
#1604 = DIRECTION('',(-1.,-5.551115123126E-16,-1.110223024625E-15));
#1605 = DIRECTION('',(5.551115123126E-16,-1.,7.771561172376E-16));
#1606 = ORIENTED_EDGE('',*,*,#1607,.T.);
#1607 = EDGE_CURVE('',#1597,#1574,#1608,.T.);
#1608 = LINE('',#1609,#1610);
#1609 = CARTESIAN_POINT('',(-16.,-27.01953928429,19.944813930137));
#1610 = VECTOR('',#1611,1.);
#1611 = DIRECTION('',(1.,-3.330669073875E-16,-6.661338147751E-16));
#1612 = ORIENTED_EDGE('',*,*,#1573,.T.);
#1613 = ORIENTED_EDGE('',*,*,#1614,.F.);
#1614 = EDGE_CURVE('',#1599,#1565,#1615,.T.);
#1615 = LINE('',#1616,#1617);
#1616 = CARTESIAN_POINT('',(-16.,-27.30657875976,23.799370758039));
#1617 = VECTOR('',#1618,1.);
#1618 = DIRECTION('',(1.,-3.330669073875E-16,-6.661338147751E-16));
#1619 = CYLINDRICAL_SURFACE('',#1620,3.);
#1620 = AXIS2_PLACEMENT_3D('',#1621,#1622,#1623);
#1621 = CARTESIAN_POINT('',(-16.,-24.87483604672,22.042490745748));
#1622 = DIRECTION('',(-1.,5.551115123126E-16,4.440892098501E-16));
#1623 = DIRECTION('',(1.110223024625E-16,-1.,3.330669073875E-16));
#1624 = ADVANCED_FACE('',(#1625),#1651,.F.);
#1625 = FACE_BOUND('',#1626,.F.);
#1626 = EDGE_LOOP('',(#1627,#1628,#1636,#1645));
#1627 = ORIENTED_EDGE('',*,*,#1408,.F.);
#1628 = ORIENTED_EDGE('',*,*,#1629,.T.);
#1629 = EDGE_CURVE('',#1409,#1630,#1632,.T.);
#1630 = VERTEX_POINT('',#1631);
#1631 = CARTESIAN_POINT('',(16.,-27.01953928429,19.944813930137));
#1632 = LINE('',#1633,#1634);
#1633 = CARTESIAN_POINT('',(-16.,-27.01953928429,19.944813930137));
#1634 = VECTOR('',#1635,1.);
#1635 = DIRECTION('',(1.,-3.330669073875E-16,-6.661338147751E-16));
#1636 = ORIENTED_EDGE('',*,*,#1637,.T.);
#1637 = EDGE_CURVE('',#1630,#1638,#1640,.T.);
#1638 = VERTEX_POINT('',#1639);
#1639 = CARTESIAN_POINT('',(16.,-27.30657875976,23.799370758039));
#1640 = CIRCLE('',#1641,3.);
#1641 = AXIS2_PLACEMENT_3D('',#1642,#1643,#1644);
#1642 = CARTESIAN_POINT('',(16.,-24.87483604672,22.042490745748));
#1643 = DIRECTION('',(-1.,-5.551115123126E-16,-1.110223024625E-15));
#1644 = DIRECTION('',(5.551115123126E-16,-1.,7.771561172376E-16));
#1645 = ORIENTED_EDGE('',*,*,#1646,.F.);
#1646 = EDGE_CURVE('',#1400,#1638,#1647,.T.);
#1647 = LINE('',#1648,#1649);
#1648 = CARTESIAN_POINT('',(-16.,-27.30657875976,23.799370758039));
#1649 = VECTOR('',#1650,1.);
#1650 = DIRECTION('',(1.,-3.330669073875E-16,-6.661338147751E-16));
#1651 = CYLINDRICAL_SURFACE('',#1652,3.);
#1652 = AXIS2_PLACEMENT_3D('',#1653,#1654,#1655);
#1653 = CARTESIAN_POINT('',(-16.,-24.87483604672,22.042490745748));
#1654 = DIRECTION('',(-1.,5.551115123126E-16,4.440892098501E-16));
#1655 = DIRECTION('',(1.110223024625E-16,-1.,3.330669073875E-16));
#1656 = ADVANCED_FACE('',(#1657),#1673,.T.);
#1657 = FACE_BOUND('',#1658,.F.);
#1658 = EDGE_LOOP('',(#1659,#1665,#1666,#1672));
#1659 = ORIENTED_EDGE('',*,*,#1660,.T.);
#1660 = EDGE_CURVE('',#1284,#1457,#1661,.T.);
#1661 = LINE('',#1662,#1663);
#1662 = CARTESIAN_POINT('',(11.,-25.48915619589,17.222513229341));
#1663 = VECTOR('',#1664,1.);
#1664 = DIRECTION('',(-1.,3.330669073875E-16,6.661338147751E-16));
#1665 = ORIENTED_EDGE('',*,*,#1456,.T.);
#1666 = ORIENTED_EDGE('',*,*,#1667,.F.);
#1667 = EDGE_CURVE('',#1286,#1459,#1668,.T.);
#1668 = LINE('',#1669,#1670);
#1669 = CARTESIAN_POINT('',(11.,-24.22408263338,17.086687795031));
#1670 = VECTOR('',#1671,1.);
#1671 = DIRECTION('',(-1.,3.330669073875E-16,6.661338147751E-16));
#1672 = ORIENTED_EDGE('',*,*,#1283,.F.);
#1673 = CYLINDRICAL_SURFACE('',#1674,1.);
#1674 = AXIS2_PLACEMENT_3D('',#1675,#1676,#1677);
#1675 = CARTESIAN_POINT('',(11.,-24.93898371257,16.387462189828));
#1676 = DIRECTION('',(1.,-5.551115123126E-16,-4.440892098501E-16));
#1677 = DIRECTION('',(1.110223024625E-16,-1.,3.330669073875E-16));
#1678 = ADVANCED_FACE('',(#1679),#1698,.T.);
#1679 = FACE_BOUND('',#1680,.T.);
#1680 = EDGE_LOOP('',(#1681,#1682,#1690,#1697));
#1681 = ORIENTED_EDGE('',*,*,#1399,.F.);
#1682 = ORIENTED_EDGE('',*,*,#1683,.F.);
#1683 = EDGE_CURVE('',#1684,#1391,#1686,.T.);
#1684 = VERTEX_POINT('',#1685);
#1685 = CARTESIAN_POINT('',(16.,-26.58042584023,30.733751907087));
#1686 = LINE('',#1687,#1688);
#1687 = CARTESIAN_POINT('',(-1.7521771323E-14,-26.58042584023,
    30.733751907086));
#1688 = VECTOR('',#1689,1.);
#1689 = DIRECTION('',(-1.,3.330669073875E-16,6.661338147751E-16));
#1690 = ORIENTED_EDGE('',*,*,#1691,.T.);
#1691 = EDGE_CURVE('',#1684,#1638,#1692,.T.);
#1692 = CIRCLE('',#1693,7.);
#1693 = AXIS2_PLACEMENT_3D('',#1694,#1695,#1696);
#1694 = CARTESIAN_POINT('',(16.,-32.98064509018,27.898757453383));
#1695 = DIRECTION('',(-1.,-5.551115123126E-16,-1.110223024625E-15));
#1696 = DIRECTION('',(5.551115123126E-16,-1.,7.771561172376E-16));
#1697 = ORIENTED_EDGE('',*,*,#1646,.F.);
#1698 = CYLINDRICAL_SURFACE('',#1699,7.);
#1699 = AXIS2_PLACEMENT_3D('',#1700,#1701,#1702);
#1700 = CARTESIAN_POINT('',(-16.,-32.98064509018,27.898757453383));
#1701 = DIRECTION('',(-1.,5.551115123126E-16,4.440892098501E-16));
#1702 = DIRECTION('',(1.110223024625E-16,-1.,3.330669073875E-16));
#1703 = ADVANCED_FACE('',(#1704),#1723,.T.);
#1704 = FACE_BOUND('',#1705,.F.);
#1705 = EDGE_LOOP('',(#1706,#1714,#1715,#1716));
#1706 = ORIENTED_EDGE('',*,*,#1707,.F.);
#1707 = EDGE_CURVE('',#1383,#1708,#1710,.T.);
#1708 = VERTEX_POINT('',#1709);
#1709 = CARTESIAN_POINT('',(16.,-28.31389492022,30.902329135766));
#1710 = LINE('',#1711,#1712);
#1711 = CARTESIAN_POINT('',(-1.844740302764E-14,-28.31389492022,
    30.902329135766));
#1712 = VECTOR('',#1713,1.);
#1713 = DIRECTION('',(1.,-3.330669073875E-16,-6.661338147751E-16));
#1714 = ORIENTED_EDGE('',*,*,#1390,.F.);
#1715 = ORIENTED_EDGE('',*,*,#1683,.F.);
#1716 = ORIENTED_EDGE('',*,*,#1717,.T.);
#1717 = EDGE_CURVE('',#1684,#1708,#1718,.T.);
#1718 = CIRCLE('',#1719,1.);
#1719 = AXIS2_PLACEMENT_3D('',#1720,#1721,#1722);
#1720 = CARTESIAN_POINT('',(16.,-27.49474287594,30.328752699415));
#1721 = DIRECTION('',(1.,-3.330669073875E-16,-2.22044604925E-16));
#1722 = DIRECTION('',(-3.330669073875E-16,-1.,1.110223024625E-16));
#1723 = CYLINDRICAL_SURFACE('',#1724,1.);
#1724 = AXIS2_PLACEMENT_3D('',#1725,#1726,#1727);
#1725 = CARTESIAN_POINT('',(-1.715047807333E-14,-27.49474287594,
    30.328752699415));
#1726 = DIRECTION('',(1.,-5.551115123126E-16,-4.440892098501E-16));
#1727 = DIRECTION('',(1.110223024625E-16,-1.,3.330669073875E-16));
#1728 = ADVANCED_FACE('',(#1729),#1747,.F.);
#1729 = FACE_BOUND('',#1730,.T.);
#1730 = EDGE_LOOP('',(#1731,#1732,#1733,#1741));
#1731 = ORIENTED_EDGE('',*,*,#1707,.F.);
#1732 = ORIENTED_EDGE('',*,*,#1382,.F.);
#1733 = ORIENTED_EDGE('',*,*,#1734,.F.);
#1734 = EDGE_CURVE('',#1735,#1374,#1737,.T.);
#1735 = VERTEX_POINT('',#1736);
#1736 = CARTESIAN_POINT('',(16.,-30.0037827866,28.48891914778));
#1737 = LINE('',#1738,#1739);
#1738 = CARTESIAN_POINT('',(-1.564634334318E-14,-30.0037827866,
    28.48891914778));
#1739 = VECTOR('',#1740,1.);
#1740 = DIRECTION('',(-1.,3.330669073875E-16,6.661338147751E-16));
#1741 = ORIENTED_EDGE('',*,*,#1742,.T.);
#1742 = EDGE_CURVE('',#1735,#1708,#1743,.T.);
#1743 = LINE('',#1744,#1745);
#1744 = CARTESIAN_POINT('',(16.,-32.9540769278,24.27546245072));
#1745 = VECTOR('',#1746,1.);
#1746 = DIRECTION('',(7.367042059489E-16,0.573576436351,0.819152044289)
  );
#1747 = PLANE('',#1748);
#1748 = AXIS2_PLACEMENT_3D('',#1749,#1750,#1751);
#1749 = CARTESIAN_POINT('',(-9.950224834484E-15,-29.15883885341,
    29.695624141773));
#1750 = DIRECTION('',(-2.297526265214E-17,0.819152044289,-0.573576436351
    ));
#1751 = DIRECTION('',(-4.274563606973E-16,0.573576436351,0.819152044289)
  );
#1752 = ADVANCED_FACE('',(#1753),#1772,.T.);
#1753 = FACE_BOUND('',#1754,.F.);
#1754 = EDGE_LOOP('',(#1755,#1763,#1764,#1765));
#1755 = ORIENTED_EDGE('',*,*,#1756,.F.);
#1756 = EDGE_CURVE('',#1365,#1757,#1759,.T.);
#1757 = VERTEX_POINT('',#1758);
#1758 = CARTESIAN_POINT('',(16.,-30.09221240059,28.157517183101));
#1759 = LINE('',#1760,#1761);
#1760 = CARTESIAN_POINT('',(-1.685076783612E-14,-30.09221240059,
    28.157517183101));
#1761 = VECTOR('',#1762,1.);
#1762 = DIRECTION('',(1.,-3.330669073875E-16,-6.661338147751E-16));
#1763 = ORIENTED_EDGE('',*,*,#1373,.F.);
#1764 = ORIENTED_EDGE('',*,*,#1734,.F.);
#1765 = ORIENTED_EDGE('',*,*,#1766,.T.);
#1766 = EDGE_CURVE('',#1735,#1757,#1767,.T.);
#1767 = CIRCLE('',#1768,0.5);
#1768 = AXIS2_PLACEMENT_3D('',#1769,#1770,#1771);
#1769 = CARTESIAN_POINT('',(16.,-29.59420676446,28.202130929604));
#1770 = DIRECTION('',(1.,-3.330669073875E-16,-2.22044604925E-16));
#1771 = DIRECTION('',(-3.330669073875E-16,-1.,1.110223024625E-16));
#1772 = CYLINDRICAL_SURFACE('',#1773,0.5);
#1773 = AXIS2_PLACEMENT_3D('',#1774,#1775,#1776);
#1774 = CARTESIAN_POINT('',(-1.550077608638E-14,-29.59420676446,
    28.202130929605));
#1775 = DIRECTION('',(1.,-5.551115123126E-16,-4.440892098501E-16));
#1776 = DIRECTION('',(1.110223024625E-16,-1.,3.330669073875E-16));
#1777 = ADVANCED_FACE('',(#1778),#1804,.T.);
#1778 = FACE_BOUND('',#1779,.F.);
#1779 = EDGE_LOOP('',(#1780,#1788,#1789,#1797));
#1780 = ORIENTED_EDGE('',*,*,#1781,.F.);
#1781 = EDGE_CURVE('',#1339,#1782,#1784,.T.);
#1782 = VERTEX_POINT('',#1783);
#1783 = CARTESIAN_POINT('',(16.,-33.44422137262,30.897940180454));
#1784 = LINE('',#1785,#1786);
#1785 = CARTESIAN_POINT('',(-1.559852520815E-14,-33.44422137262,
    30.897940180454));
#1786 = VECTOR('',#1787,1.);
#1787 = DIRECTION('',(1.,-3.330669073875E-16,-6.661338147751E-16));
#1788 = ORIENTED_EDGE('',*,*,#1346,.F.);
#1789 = ORIENTED_EDGE('',*,*,#1790,.F.);
#1790 = EDGE_CURVE('',#1791,#1347,#1793,.T.);
#1791 = VERTEX_POINT('',#1792);
#1792 = CARTESIAN_POINT('',(16.,-33.72539264409,30.70149737727));
#1793 = LINE('',#1794,#1795);
#1794 = CARTESIAN_POINT('',(-1.670703482443E-14,-33.72539264409,
    30.70149737727));
#1795 = VECTOR('',#1796,1.);
#1796 = DIRECTION('',(-1.,3.330669073875E-16,6.661338147751E-16));
#1797 = ORIENTED_EDGE('',*,*,#1798,.T.);
#1798 = EDGE_CURVE('',#1791,#1782,#1799,.T.);
#1799 = CIRCLE('',#1800,0.5);
#1800 = AXIS2_PLACEMENT_3D('',#1801,#1802,#1803);
#1801 = CARTESIAN_POINT('',(16.,-33.85379739476,31.18472839863));
#1802 = DIRECTION('',(1.,-3.330669073875E-16,-2.22044604925E-16));
#1803 = DIRECTION('',(-3.330669073875E-16,-1.,1.110223024625E-16));
#1804 = CYLINDRICAL_SURFACE('',#1805,0.5);
#1805 = AXIS2_PLACEMENT_3D('',#1806,#1807,#1808);
#1806 = CARTESIAN_POINT('',(-1.701467555704E-14,-33.85379739476,
    31.18472839863));
#1807 = DIRECTION('',(1.,-5.551115123126E-16,-4.440892098501E-16));
#1808 = DIRECTION('',(1.110223024625E-16,-1.,3.330669073875E-16));
#1809 = ADVANCED_FACE('',(#1810),#1828,.F.);
#1810 = FACE_BOUND('',#1811,.T.);
#1811 = EDGE_LOOP('',(#1812,#1813,#1814,#1822));
#1812 = ORIENTED_EDGE('',*,*,#1781,.F.);
#1813 = ORIENTED_EDGE('',*,*,#1338,.F.);
#1814 = ORIENTED_EDGE('',*,*,#1815,.F.);
#1815 = EDGE_CURVE('',#1816,#1330,#1818,.T.);
#1816 = VERTEX_POINT('',#1817);
#1817 = CARTESIAN_POINT('',(16.,-31.75433350624,33.31135016844));
#1818 = LINE('',#1819,#1820);
#1819 = CARTESIAN_POINT('',(-1.866437754399E-14,-31.75433350624,
    33.31135016844));
#1820 = VECTOR('',#1821,1.);
#1821 = DIRECTION('',(-1.,3.330669073875E-16,6.661338147751E-16));
#1822 = ORIENTED_EDGE('',*,*,#1823,.T.);
#1823 = EDGE_CURVE('',#1816,#1782,#1824,.T.);
#1824 = LINE('',#1825,#1826);
#1825 = CARTESIAN_POINT('',(16.,-36.39451551382,26.684483483394));
#1826 = VECTOR('',#1827,1.);
#1827 = DIRECTION('',(-7.367042059489E-16,-0.573576436351,
    -0.819152044289));
#1828 = PLANE('',#1829);
#1829 = AXIS2_PLACEMENT_3D('',#1830,#1831,#1832);
#1830 = CARTESIAN_POINT('',(-1.06380796681E-14,-32.59927743943,
    32.104645174447));
#1831 = DIRECTION('',(3.301953100748E-17,-0.819152044289,0.573576436351)
  );
#1832 = DIRECTION('',(4.274563606973E-16,-0.573576436351,-0.819152044289
    ));
#1833 = ADVANCED_FACE('',(#1834),#1853,.T.);
#1834 = FACE_BOUND('',#1835,.F.);
#1835 = EDGE_LOOP('',(#1836,#1844,#1845,#1846));
#1836 = ORIENTED_EDGE('',*,*,#1837,.F.);
#1837 = EDGE_CURVE('',#1321,#1838,#1840,.T.);
#1838 = VERTEX_POINT('',#1839);
#1839 = CARTESIAN_POINT('',(16.,-32.50562562725,34.882621463359));
#1840 = LINE('',#1841,#1842);
#1841 = CARTESIAN_POINT('',(-1.700432749302E-14,-32.50562562725,
    34.882621463359));
#1842 = VECTOR('',#1843,1.);
#1843 = DIRECTION('',(1.,-3.330669073875E-16,-6.661338147751E-16));
#1844 = ORIENTED_EDGE('',*,*,#1329,.F.);
#1845 = ORIENTED_EDGE('',*,*,#1815,.F.);
#1846 = ORIENTED_EDGE('',*,*,#1847,.T.);
#1847 = EDGE_CURVE('',#1816,#1838,#1848,.T.);
#1848 = CIRCLE('',#1849,1.);
#1849 = AXIS2_PLACEMENT_3D('',#1850,#1851,#1852);
#1850 = CARTESIAN_POINT('',(16.,-32.57348555053,33.884926604791));
#1851 = DIRECTION('',(1.,-3.330669073875E-16,-2.22044604925E-16));
#1852 = DIRECTION('',(-3.330669073875E-16,-1.,1.110223024625E-16));
#1853 = CYLINDRICAL_SURFACE('',#1854,1.);
#1854 = AXIS2_PLACEMENT_3D('',#1855,#1856,#1857);
#1855 = CARTESIAN_POINT('',(-1.895551205757E-14,-32.57348555053,
    33.884926604791));
#1856 = DIRECTION('',(1.,-5.551115123126E-16,-4.440892098501E-16));
#1857 = DIRECTION('',(1.110223024625E-16,-1.,3.330669073875E-16));
#1858 = ADVANCED_FACE('',(#1859),#1865,.F.);
#1859 = FACE_BOUND('',#1860,.T.);
#1860 = EDGE_LOOP('',(#1861,#1862,#1863,#1864));
#1861 = ORIENTED_EDGE('',*,*,#1660,.T.);
#1862 = ORIENTED_EDGE('',*,*,#1467,.T.);
#1863 = ORIENTED_EDGE('',*,*,#1441,.F.);
#1864 = ORIENTED_EDGE('',*,*,#1294,.F.);
#1865 = CYLINDRICAL_SURFACE('',#1866,15.);
#1866 = AXIS2_PLACEMENT_3D('',#1867,#1868,#1869);
#1867 = CARTESIAN_POINT('',(11.,-33.74174344576,29.748278822046));
#1868 = DIRECTION('',(1.,-5.551115123126E-16,-4.440892098501E-16));
#1869 = DIRECTION('',(1.110223024625E-16,-1.,3.330669073875E-16));
#1870 = ADVANCED_FACE('',(#1871),#1890,.T.);
#1871 = FACE_BOUND('',#1872,.T.);
#1872 = EDGE_LOOP('',(#1873,#1882,#1888,#1889));
#1873 = ORIENTED_EDGE('',*,*,#1874,.F.);
#1874 = EDGE_CURVE('',#1875,#1599,#1877,.T.);
#1875 = VERTEX_POINT('',#1876);
#1876 = CARTESIAN_POINT('',(-16.,-26.58042584023,30.733751907087));
#1877 = CIRCLE('',#1878,7.);
#1878 = AXIS2_PLACEMENT_3D('',#1879,#1880,#1881);
#1879 = CARTESIAN_POINT('',(-16.,-32.98064509018,27.898757453383));
#1880 = DIRECTION('',(-1.,-5.551115123126E-16,-1.110223024625E-15));
#1881 = DIRECTION('',(5.551115123126E-16,-1.,7.771561172376E-16));
#1882 = ORIENTED_EDGE('',*,*,#1883,.F.);
#1883 = EDGE_CURVE('',#1556,#1875,#1884,.T.);
#1884 = LINE('',#1885,#1886);
#1885 = CARTESIAN_POINT('',(-1.7521771323E-14,-26.58042584023,
    30.733751907086));
#1886 = VECTOR('',#1887,1.);
#1887 = DIRECTION('',(-1.,3.330669073875E-16,6.661338147751E-16));
#1888 = ORIENTED_EDGE('',*,*,#1564,.T.);
#1889 = ORIENTED_EDGE('',*,*,#1614,.F.);
#1890 = CYLINDRICAL_SURFACE('',#1891,7.);
#1891 = AXIS2_PLACEMENT_3D('',#1892,#1893,#1894);
#1892 = CARTESIAN_POINT('',(-16.,-32.98064509018,27.898757453383));
#1893 = DIRECTION('',(-1.,5.551115123126E-16,4.440892098501E-16));
#1894 = DIRECTION('',(1.110223024625E-16,-1.,3.330669073875E-16));
#1895 = ADVANCED_FACE('',(#1896),#1915,.T.);
#1896 = FACE_BOUND('',#1897,.F.);
#1897 = EDGE_LOOP('',(#1898,#1906,#1913,#1914));
#1898 = ORIENTED_EDGE('',*,*,#1899,.F.);
#1899 = EDGE_CURVE('',#1900,#1548,#1902,.T.);
#1900 = VERTEX_POINT('',#1901);
#1901 = CARTESIAN_POINT('',(-16.,-28.31389492022,30.902329135766));
#1902 = LINE('',#1903,#1904);
#1903 = CARTESIAN_POINT('',(-1.844740302764E-14,-28.31389492022,
    30.902329135766));
#1904 = VECTOR('',#1905,1.);
#1905 = DIRECTION('',(1.,-3.330669073875E-16,-6.661338147751E-16));
#1906 = ORIENTED_EDGE('',*,*,#1907,.F.);
#1907 = EDGE_CURVE('',#1875,#1900,#1908,.T.);
#1908 = CIRCLE('',#1909,1.);
#1909 = AXIS2_PLACEMENT_3D('',#1910,#1911,#1912);
#1910 = CARTESIAN_POINT('',(-16.,-27.49474287594,30.328752699415));
#1911 = DIRECTION('',(1.,-3.330669073875E-16,-2.22044604925E-16));
#1912 = DIRECTION('',(-3.330669073875E-16,-1.,1.110223024625E-16));
#1913 = ORIENTED_EDGE('',*,*,#1883,.F.);
#1914 = ORIENTED_EDGE('',*,*,#1555,.T.);
#1915 = CYLINDRICAL_SURFACE('',#1916,1.);
#1916 = AXIS2_PLACEMENT_3D('',#1917,#1918,#1919);
#1917 = CARTESIAN_POINT('',(-1.715047807333E-14,-27.49474287594,
    30.328752699415));
#1918 = DIRECTION('',(1.,-5.551115123126E-16,-4.440892098501E-16));
#1919 = DIRECTION('',(1.110223024625E-16,-1.,3.330669073875E-16));
#1920 = ADVANCED_FACE('',(#1921),#1939,.F.);
#1921 = FACE_BOUND('',#1922,.T.);
#1922 = EDGE_LOOP('',(#1923,#1924,#1932,#1938));
#1923 = ORIENTED_EDGE('',*,*,#1899,.F.);
#1924 = ORIENTED_EDGE('',*,*,#1925,.F.);
#1925 = EDGE_CURVE('',#1926,#1900,#1928,.T.);
#1926 = VERTEX_POINT('',#1927);
#1927 = CARTESIAN_POINT('',(-16.,-30.0037827866,28.48891914778));
#1928 = LINE('',#1929,#1930);
#1929 = CARTESIAN_POINT('',(-16.,-32.9540769278,24.27546245072));
#1930 = VECTOR('',#1931,1.);
#1931 = DIRECTION('',(7.367042059489E-16,0.573576436351,0.819152044289)
  );
#1932 = ORIENTED_EDGE('',*,*,#1933,.F.);
#1933 = EDGE_CURVE('',#1539,#1926,#1934,.T.);
#1934 = LINE('',#1935,#1936);
#1935 = CARTESIAN_POINT('',(-1.564634334318E-14,-30.0037827866,
    28.48891914778));
#1936 = VECTOR('',#1937,1.);
#1937 = DIRECTION('',(-1.,3.330669073875E-16,6.661338147751E-16));
#1938 = ORIENTED_EDGE('',*,*,#1547,.T.);
#1939 = PLANE('',#1940);
#1940 = AXIS2_PLACEMENT_3D('',#1941,#1942,#1943);
#1941 = CARTESIAN_POINT('',(-9.950224834484E-15,-29.15883885341,
    29.695624141773));
#1942 = DIRECTION('',(-2.297526265214E-17,0.819152044289,-0.573576436351
    ));
#1943 = DIRECTION('',(-4.274563606973E-16,0.573576436351,0.819152044289)
  );
#1944 = ADVANCED_FACE('',(#1945),#1964,.T.);
#1945 = FACE_BOUND('',#1946,.F.);
#1946 = EDGE_LOOP('',(#1947,#1955,#1962,#1963));
#1947 = ORIENTED_EDGE('',*,*,#1948,.F.);
#1948 = EDGE_CURVE('',#1949,#1530,#1951,.T.);
#1949 = VERTEX_POINT('',#1950);
#1950 = CARTESIAN_POINT('',(-16.,-30.09221240059,28.157517183101));
#1951 = LINE('',#1952,#1953);
#1952 = CARTESIAN_POINT('',(-1.685076783612E-14,-30.09221240059,
    28.157517183101));
#1953 = VECTOR('',#1954,1.);
#1954 = DIRECTION('',(1.,-3.330669073875E-16,-6.661338147751E-16));
#1955 = ORIENTED_EDGE('',*,*,#1956,.F.);
#1956 = EDGE_CURVE('',#1926,#1949,#1957,.T.);
#1957 = CIRCLE('',#1958,0.5);
#1958 = AXIS2_PLACEMENT_3D('',#1959,#1960,#1961);
#1959 = CARTESIAN_POINT('',(-16.,-29.59420676446,28.202130929604));
#1960 = DIRECTION('',(1.,-3.330669073875E-16,-2.22044604925E-16));
#1961 = DIRECTION('',(-3.330669073875E-16,-1.,1.110223024625E-16));
#1962 = ORIENTED_EDGE('',*,*,#1933,.F.);
#1963 = ORIENTED_EDGE('',*,*,#1538,.T.);
#1964 = CYLINDRICAL_SURFACE('',#1965,0.5);
#1965 = AXIS2_PLACEMENT_3D('',#1966,#1967,#1968);
#1966 = CARTESIAN_POINT('',(-1.550077608638E-14,-29.59420676446,
    28.202130929605));
#1967 = DIRECTION('',(1.,-5.551115123126E-16,-4.440892098501E-16));
#1968 = DIRECTION('',(1.110223024625E-16,-1.,3.330669073875E-16));
#1969 = ADVANCED_FACE('',(#1970),#1996,.T.);
#1970 = FACE_BOUND('',#1971,.F.);
#1971 = EDGE_LOOP('',(#1972,#1980,#1989,#1995));
#1972 = ORIENTED_EDGE('',*,*,#1973,.F.);
#1973 = EDGE_CURVE('',#1974,#1504,#1976,.T.);
#1974 = VERTEX_POINT('',#1975);
#1975 = CARTESIAN_POINT('',(-16.,-33.44422137262,30.897940180454));
#1976 = LINE('',#1977,#1978);
#1977 = CARTESIAN_POINT('',(-1.559852520815E-14,-33.44422137262,
    30.897940180454));
#1978 = VECTOR('',#1979,1.);
#1979 = DIRECTION('',(1.,-3.330669073875E-16,-6.661338147751E-16));
#1980 = ORIENTED_EDGE('',*,*,#1981,.F.);
#1981 = EDGE_CURVE('',#1982,#1974,#1984,.T.);
#1982 = VERTEX_POINT('',#1983);
#1983 = CARTESIAN_POINT('',(-16.,-33.72539264409,30.70149737727));
#1984 = CIRCLE('',#1985,0.5);
#1985 = AXIS2_PLACEMENT_3D('',#1986,#1987,#1988);
#1986 = CARTESIAN_POINT('',(-16.,-33.85379739476,31.18472839863));
#1987 = DIRECTION('',(1.,-3.330669073875E-16,-2.22044604925E-16));
#1988 = DIRECTION('',(-3.330669073875E-16,-1.,1.110223024625E-16));
#1989 = ORIENTED_EDGE('',*,*,#1990,.F.);
#1990 = EDGE_CURVE('',#1512,#1982,#1991,.T.);
#1991 = LINE('',#1992,#1993);
#1992 = CARTESIAN_POINT('',(-1.670703482443E-14,-33.72539264409,
    30.70149737727));
#1993 = VECTOR('',#1994,1.);
#1994 = DIRECTION('',(-1.,3.330669073875E-16,6.661338147751E-16));
#1995 = ORIENTED_EDGE('',*,*,#1511,.T.);
#1996 = CYLINDRICAL_SURFACE('',#1997,0.5);
#1997 = AXIS2_PLACEMENT_3D('',#1998,#1999,#2000);
#1998 = CARTESIAN_POINT('',(-1.701467555704E-14,-33.85379739476,
    31.18472839863));
#1999 = DIRECTION('',(1.,-5.551115123126E-16,-4.440892098501E-16));
#2000 = DIRECTION('',(1.110223024625E-16,-1.,3.330669073875E-16));
#2001 = ADVANCED_FACE('',(#2002),#2020,.F.);
#2002 = FACE_BOUND('',#2003,.T.);
#2003 = EDGE_LOOP('',(#2004,#2005,#2013,#2019));
#2004 = ORIENTED_EDGE('',*,*,#1973,.F.);
#2005 = ORIENTED_EDGE('',*,*,#2006,.F.);
#2006 = EDGE_CURVE('',#2007,#1974,#2009,.T.);
#2007 = VERTEX_POINT('',#2008);
#2008 = CARTESIAN_POINT('',(-16.,-31.75433350624,33.31135016844));
#2009 = LINE('',#2010,#2011);
#2010 = CARTESIAN_POINT('',(-16.,-36.39451551382,26.684483483394));
#2011 = VECTOR('',#2012,1.);
#2012 = DIRECTION('',(-7.367042059489E-16,-0.573576436351,
    -0.819152044289));
#2013 = ORIENTED_EDGE('',*,*,#2014,.F.);
#2014 = EDGE_CURVE('',#1495,#2007,#2015,.T.);
#2015 = LINE('',#2016,#2017);
#2016 = CARTESIAN_POINT('',(-1.866437754399E-14,-31.75433350624,
    33.31135016844));
#2017 = VECTOR('',#2018,1.);
#2018 = DIRECTION('',(-1.,3.330669073875E-16,6.661338147751E-16));
#2019 = ORIENTED_EDGE('',*,*,#1503,.T.);
#2020 = PLANE('',#2021);
#2021 = AXIS2_PLACEMENT_3D('',#2022,#2023,#2024);
#2022 = CARTESIAN_POINT('',(-1.06380796681E-14,-32.59927743943,
    32.104645174447));
#2023 = DIRECTION('',(3.301953100748E-17,-0.819152044289,0.573576436351)
  );
#2024 = DIRECTION('',(4.274563606973E-16,-0.573576436351,-0.819152044289
    ));
#2025 = ADVANCED_FACE('',(#2026),#2045,.T.);
#2026 = FACE_BOUND('',#2027,.F.);
#2027 = EDGE_LOOP('',(#2028,#2036,#2043,#2044));
#2028 = ORIENTED_EDGE('',*,*,#2029,.F.);
#2029 = EDGE_CURVE('',#2030,#1486,#2032,.T.);
#2030 = VERTEX_POINT('',#2031);
#2031 = CARTESIAN_POINT('',(-16.,-32.50562562725,34.882621463359));
#2032 = LINE('',#2033,#2034);
#2033 = CARTESIAN_POINT('',(-1.700432749302E-14,-32.50562562725,
    34.882621463359));
#2034 = VECTOR('',#2035,1.);
#2035 = DIRECTION('',(1.,-3.330669073875E-16,-6.661338147751E-16));
#2036 = ORIENTED_EDGE('',*,*,#2037,.F.);
#2037 = EDGE_CURVE('',#2007,#2030,#2038,.T.);
#2038 = CIRCLE('',#2039,1.);
#2039 = AXIS2_PLACEMENT_3D('',#2040,#2041,#2042);
#2040 = CARTESIAN_POINT('',(-16.,-32.57348555053,33.884926604791));
#2041 = DIRECTION('',(1.,-3.330669073875E-16,-2.22044604925E-16));
#2042 = DIRECTION('',(-3.330669073875E-16,-1.,1.110223024625E-16));
#2043 = ORIENTED_EDGE('',*,*,#2014,.F.);
#2044 = ORIENTED_EDGE('',*,*,#1494,.T.);
#2045 = CYLINDRICAL_SURFACE('',#2046,1.);
#2046 = AXIS2_PLACEMENT_3D('',#2047,#2048,#2049);
#2047 = CARTESIAN_POINT('',(-1.895551205757E-14,-32.57348555053,
    33.884926604791));
#2048 = DIRECTION('',(1.,-5.551115123126E-16,-4.440892098501E-16));
#2049 = DIRECTION('',(1.110223024625E-16,-1.,3.330669073875E-16));
#2050 = ADVANCED_FACE('',(#2051,#2147,#2327),#2408,.T.);
#2051 = FACE_BOUND('',#2052,.T.);
#2052 = EDGE_LOOP('',(#2053,#2054,#2055,#2056,#2057,#2066,#2073,#2074,
    #2075,#2076,#2085,#2092,#2093,#2094,#2095,#2096,#2097,#2105,#2114,
    #2123,#2129,#2130,#2131,#2132,#2133,#2134,#2135,#2136,#2137,#2138,
    #2139,#2140,#2141,#2142,#2143,#2144,#2145,#2146));
#2053 = ORIENTED_EDGE('',*,*,#1140,.T.);
#2054 = ORIENTED_EDGE('',*,*,#1172,.F.);
#2055 = ORIENTED_EDGE('',*,*,#1197,.T.);
#2056 = ORIENTED_EDGE('',*,*,#1220,.F.);
#2057 = ORIENTED_EDGE('',*,*,#2058,.T.);
#2058 = EDGE_CURVE('',#1221,#2059,#2061,.T.);
#2059 = VERTEX_POINT('',#2060);
#2060 = CARTESIAN_POINT('',(-16.,-39.98064509018,27.898757453383));
#2061 = CIRCLE('',#2062,7.);
#2062 = AXIS2_PLACEMENT_3D('',#2063,#2064,#2065);
#2063 = CARTESIAN_POINT('',(-16.,-32.98064509018,27.898757453383));
#2064 = DIRECTION('',(-1.,-5.551115123126E-16,-1.110223024625E-15));
#2065 = DIRECTION('',(5.551115123126E-16,-1.,7.771561172376E-16));
#2066 = ORIENTED_EDGE('',*,*,#2067,.T.);
#2067 = EDGE_CURVE('',#2059,#2030,#2068,.T.);
#2068 = CIRCLE('',#2069,7.);
#2069 = AXIS2_PLACEMENT_3D('',#2070,#2071,#2072);
#2070 = CARTESIAN_POINT('',(-16.,-32.98064509018,27.898757453383));
#2071 = DIRECTION('',(-1.,-5.551115123126E-16,-1.110223024625E-15));
#2072 = DIRECTION('',(5.551115123126E-16,-1.,7.771561172376E-16));
#2073 = ORIENTED_EDGE('',*,*,#2037,.F.);
#2074 = ORIENTED_EDGE('',*,*,#2006,.T.);
#2075 = ORIENTED_EDGE('',*,*,#1981,.F.);
#2076 = ORIENTED_EDGE('',*,*,#2077,.T.);
#2077 = EDGE_CURVE('',#1982,#2078,#2080,.T.);
#2078 = VERTEX_POINT('',#2079);
#2079 = CARTESIAN_POINT('',(-16.,-35.77236089102,28.683819799523));
#2080 = CIRCLE('',#2081,2.9);
#2081 = AXIS2_PLACEMENT_3D('',#2082,#2083,#2084);
#2082 = CARTESIAN_POINT('',(-16.,-32.98064509018,27.898757453383));
#2083 = DIRECTION('',(1.,-3.330669073875E-16,-2.22044604925E-16));
#2084 = DIRECTION('',(-2.605204446901E-16,-0.96266062098,0.270711153841)
  );
#2085 = ORIENTED_EDGE('',*,*,#2086,.T.);
#2086 = EDGE_CURVE('',#2078,#1949,#2087,.T.);
#2087 = CIRCLE('',#2088,2.9);
#2088 = AXIS2_PLACEMENT_3D('',#2089,#2090,#2091);
#2089 = CARTESIAN_POINT('',(-16.,-32.98064509018,27.898757453383));
#2090 = DIRECTION('',(1.,-3.330669073875E-16,-2.22044604925E-16));
#2091 = DIRECTION('',(-2.605204446901E-16,-0.96266062098,0.270711153841)
  );
#2092 = ORIENTED_EDGE('',*,*,#1956,.F.);
#2093 = ORIENTED_EDGE('',*,*,#1925,.T.);
#2094 = ORIENTED_EDGE('',*,*,#1907,.F.);
#2095 = ORIENTED_EDGE('',*,*,#1874,.T.);
#2096 = ORIENTED_EDGE('',*,*,#1596,.F.);
#2097 = ORIENTED_EDGE('',*,*,#2098,.F.);
#2098 = EDGE_CURVE('',#2099,#1597,#2101,.T.);
#2099 = VERTEX_POINT('',#2100);
#2100 = CARTESIAN_POINT('',(-16.,-14.35098920809,6.992256052037));
#2101 = LINE('',#2102,#2103);
#2102 = CARTESIAN_POINT('',(-16.,-14.35098920809,6.992256052037));
#2103 = VECTOR('',#2104,1.);
#2104 = DIRECTION('',(-4.055514552941E-16,-0.699225605204,0.71490107919)
  );
#2105 = ORIENTED_EDGE('',*,*,#2106,.T.);
#2106 = EDGE_CURVE('',#2099,#2107,#2109,.T.);
#2107 = VERTEX_POINT('',#2108);
#2108 = CARTESIAN_POINT('',(-16.,-13.37767137932,5.833333333333));
#2109 = CIRCLE('',#2110,10.);
#2110 = AXIS2_PLACEMENT_3D('',#2111,#2112,#2113);
#2111 = CARTESIAN_POINT('',(-16.,-21.5,3.907985046681E-14));
#2112 = DIRECTION('',(-1.,-5.551115123126E-16,-1.110223024625E-15));
#2113 = DIRECTION('',(5.551115123126E-16,-1.,7.771561172376E-16));
#2114 = ORIENTED_EDGE('',*,*,#2115,.F.);
#2115 = EDGE_CURVE('',#2116,#2107,#2118,.T.);
#2116 = VERTEX_POINT('',#2117);
#2117 = CARTESIAN_POINT('',(-16.,-11.75320565518,5.));
#2118 = CIRCLE('',#2119,2.);
#2119 = AXIS2_PLACEMENT_3D('',#2120,#2121,#2122);
#2120 = CARTESIAN_POINT('',(-16.,-11.75320565518,7.));
#2121 = DIRECTION('',(-1.,-5.551115123126E-16,-1.110223024625E-15));
#2122 = DIRECTION('',(5.551115123126E-16,-1.,7.771561172376E-16));
#2123 = ORIENTED_EDGE('',*,*,#2124,.T.);
#2124 = EDGE_CURVE('',#2116,#609,#2125,.T.);
#2125 = LINE('',#2126,#2127);
#2126 = CARTESIAN_POINT('',(-16.,-21.5,5.));
#2127 = VECTOR('',#2128,1.);
#2128 = DIRECTION('',(-1.110223024625E-16,1.,-3.330669073875E-16));
#2129 = ORIENTED_EDGE('',*,*,#626,.T.);
#2130 = ORIENTED_EDGE('',*,*,#593,.F.);
#2131 = ORIENTED_EDGE('',*,*,#512,.T.);
#2132 = ORIENTED_EDGE('',*,*,#479,.T.);
#2133 = ORIENTED_EDGE('',*,*,#456,.F.);
#2134 = ORIENTED_EDGE('',*,*,#414,.F.);
#2135 = ORIENTED_EDGE('',*,*,#392,.F.);
#2136 = ORIENTED_EDGE('',*,*,#350,.F.);
#2137 = ORIENTED_EDGE('',*,*,#308,.T.);
#2138 = ORIENTED_EDGE('',*,*,#317,.T.);
#2139 = ORIENTED_EDGE('',*,*,#266,.F.);
#2140 = ORIENTED_EDGE('',*,*,#244,.F.);
#2141 = ORIENTED_EDGE('',*,*,#202,.F.);
#2142 = ORIENTED_EDGE('',*,*,#169,.F.);
#2143 = ORIENTED_EDGE('',*,*,#178,.F.);
#2144 = ORIENTED_EDGE('',*,*,#96,.T.);
#2145 = ORIENTED_EDGE('',*,*,#81,.F.);
#2146 = ORIENTED_EDGE('',*,*,#48,.T.);
#2147 = FACE_BOUND('',#2148,.T.);
#2148 = EDGE_LOOP('',(#2149,#2160,#2169,#2178,#2187,#2196,#2205,#2214,
    #2222,#2231,#2240,#2249,#2258,#2267,#2276,#2284,#2293,#2302,#2311,
    #2320));
#2149 = ORIENTED_EDGE('',*,*,#2150,.T.);
#2150 = EDGE_CURVE('',#2151,#2153,#2155,.T.);
#2151 = VERTEX_POINT('',#2152);
#2152 = CARTESIAN_POINT('',(-16.,-15.90983005625,5.));
#2153 = VERTEX_POINT('',#2154);
#2154 = CARTESIAN_POINT('',(-16.,-15.92984952945,5.022292677201));
#2155 = CIRCLE('',#2156,7.5);
#2156 = AXIS2_PLACEMENT_3D('',#2157,#2158,#2159);
#2157 = CARTESIAN_POINT('',(-16.,-21.5,5.939693181745E-15));
#2158 = DIRECTION('',(1.,-3.330669073875E-16,-2.22044604925E-16));
#2159 = DIRECTION('',(-3.330669073875E-16,-1.,1.110223024625E-16));
#2160 = ORIENTED_EDGE('',*,*,#2161,.T.);
#2161 = EDGE_CURVE('',#2153,#2162,#2164,.T.);
#2162 = VERTEX_POINT('',#2163);
#2163 = CARTESIAN_POINT('',(-16.,-16.5922821829,5.671358375888));
#2164 = CIRCLE('',#2165,7.5);
#2165 = AXIS2_PLACEMENT_3D('',#2166,#2167,#2168);
#2166 = CARTESIAN_POINT('',(-16.,-21.5,5.939693181745E-15));
#2167 = DIRECTION('',(1.,-3.330669073875E-16,-2.22044604925E-16));
#2168 = DIRECTION('',(-3.330669073875E-16,-1.,1.110223024625E-16));
#2169 = ORIENTED_EDGE('',*,*,#2170,.T.);
#2170 = EDGE_CURVE('',#2162,#2171,#2173,.T.);
#2171 = VERTEX_POINT('',#2172);
#2172 = CARTESIAN_POINT('',(-16.,-28.83889982116,-1.546140166654));
#2173 = CIRCLE('',#2174,7.5);
#2174 = AXIS2_PLACEMENT_3D('',#2175,#2176,#2177);
#2175 = CARTESIAN_POINT('',(-16.,-21.5,5.939693181745E-15));
#2176 = DIRECTION('',(1.,-3.330669073875E-16,-2.22044604925E-16));
#2177 = DIRECTION('',(-3.330669073875E-16,-1.,1.110223024625E-16));
#2178 = ORIENTED_EDGE('',*,*,#2179,.T.);
#2179 = EDGE_CURVE('',#2171,#2180,#2182,.T.);
#2180 = VERTEX_POINT('',#2181);
#2181 = CARTESIAN_POINT('',(-16.,-23.14019975644,-7.318452347249));
#2182 = CIRCLE('',#2183,7.5);
#2183 = AXIS2_PLACEMENT_3D('',#2184,#2185,#2186);
#2184 = CARTESIAN_POINT('',(-16.,-21.5,5.939693181745E-15));
#2185 = DIRECTION('',(1.,-3.330669073875E-16,-2.22044604925E-16));
#2186 = DIRECTION('',(-3.330669073875E-16,-1.,1.110223024625E-16));
#2187 = ORIENTED_EDGE('',*,*,#2188,.T.);
#2188 = EDGE_CURVE('',#2180,#2189,#2191,.T.);
#2189 = VERTEX_POINT('',#2190);
#2190 = CARTESIAN_POINT('',(-16.,-22.87776779541,-6.147499971689));
#2191 = CIRCLE('',#2192,0.6);
#2192 = AXIS2_PLACEMENT_3D('',#2193,#2194,#2195);
#2193 = CARTESIAN_POINT('',(-16.,-23.00898377593,-6.732976159469));
#2194 = DIRECTION('',(1.,-3.330669073875E-16,-2.22044604925E-16));
#2195 = DIRECTION('',(-3.330669073875E-16,-1.,1.110223024625E-16));
#2196 = ORIENTED_EDGE('',*,*,#2197,.F.);
#2197 = EDGE_CURVE('',#2198,#2189,#2200,.T.);
#2198 = VERTEX_POINT('',#2199);
#2199 = CARTESIAN_POINT('',(-16.,-27.73594224741,-0.896116224029));
#2200 = CIRCLE('',#2201,6.3);
#2201 = AXIS2_PLACEMENT_3D('',#2202,#2203,#2204);
#2202 = CARTESIAN_POINT('',(-16.,-21.5,5.939693181745E-15));
#2203 = DIRECTION('',(1.,-3.330669073875E-16,-2.22044604925E-16));
#2204 = DIRECTION('',(-3.330669073875E-16,-1.,1.110223024625E-16));
#2205 = ORIENTED_EDGE('',*,*,#2206,.F.);
#2206 = EDGE_CURVE('',#2207,#2198,#2209,.T.);
#2207 = VERTEX_POINT('',#2208);
#2208 = CARTESIAN_POINT('',(-16.,-24.26252684332,5.662017788731));
#2209 = CIRCLE('',#2210,6.3);
#2210 = AXIS2_PLACEMENT_3D('',#2211,#2212,#2213);
#2211 = CARTESIAN_POINT('',(-16.,-21.5,5.939693181745E-15));
#2212 = DIRECTION('',(1.,-3.330669073875E-16,-2.22044604925E-16));
#2213 = DIRECTION('',(-3.330669073875E-16,-1.,1.110223024625E-16));
#2214 = ORIENTED_EDGE('',*,*,#2215,.T.);
#2215 = EDGE_CURVE('',#2207,#2216,#2218,.T.);
#2216 = VERTEX_POINT('',#2217);
#2217 = CARTESIAN_POINT('',(-16.,-23.97230071163,4.956748320761));
#2218 = LINE('',#2219,#2220);
#2219 = CARTESIAN_POINT('',(-16.,-25.27724512331,8.127853023131));
#2220 = VECTOR('',#2221,1.);
#2221 = DIRECTION('',(-4.892660246534E-16,0.380549177787,-0.924760684332
    ));
#2222 = ORIENTED_EDGE('',*,*,#2223,.T.);
#2223 = EDGE_CURVE('',#2216,#2224,#2226,.T.);
#2224 = VERTEX_POINT('',#2225);
#2225 = CARTESIAN_POINT('',(-16.,-27.0188255606,-0.473486172638));
#2226 = CIRCLE('',#2227,5.539099631177);
#2227 = AXIS2_PLACEMENT_3D('',#2228,#2229,#2230);
#2228 = CARTESIAN_POINT('',(-16.,-21.5,4.718447854657E-15));
#2229 = DIRECTION('',(1.,-1.110223024625E-16,-4.440892098501E-16));
#2230 = DIRECTION('',(4.440892098501E-16,1.110223024625E-16,1.));
#2231 = ORIENTED_EDGE('',*,*,#2232,.T.);
#2232 = EDGE_CURVE('',#2224,#2233,#2235,.T.);
#2233 = VERTEX_POINT('',#2234);
#2234 = CARTESIAN_POINT('',(-16.,-19.11638410726,-5.));
#2235 = CIRCLE('',#2236,5.539099631177);
#2236 = AXIS2_PLACEMENT_3D('',#2237,#2238,#2239);
#2237 = CARTESIAN_POINT('',(-16.,-21.5,4.718447854657E-15));
#2238 = DIRECTION('',(1.,-1.110223024625E-16,-4.440892098501E-16));
#2239 = DIRECTION('',(4.440892098501E-16,1.110223024625E-16,1.));
#2240 = ORIENTED_EDGE('',*,*,#2241,.T.);
#2241 = EDGE_CURVE('',#2233,#2242,#2244,.T.);
#2242 = VERTEX_POINT('',#2243);
#2243 = CARTESIAN_POINT('',(-16.,-18.41235644345,4.598704381872));
#2244 = CIRCLE('',#2245,5.539099631177);
#2245 = AXIS2_PLACEMENT_3D('',#2246,#2247,#2248);
#2246 = CARTESIAN_POINT('',(-16.,-21.5,4.718447854657E-15));
#2247 = DIRECTION('',(1.,-1.110223024625E-16,-4.440892098501E-16));
#2248 = DIRECTION('',(4.440892098501E-16,1.110223024625E-16,1.));
#2249 = ORIENTED_EDGE('',*,*,#2250,.T.);
#2250 = EDGE_CURVE('',#2242,#2251,#2253,.T.);
#2251 = VERTEX_POINT('',#2252);
#2252 = CARTESIAN_POINT('',(-16.,-19.11638410726,5.));
#2253 = CIRCLE('',#2254,5.539099631177);
#2254 = AXIS2_PLACEMENT_3D('',#2255,#2256,#2257);
#2255 = CARTESIAN_POINT('',(-16.,-21.5,4.718447854657E-15));
#2256 = DIRECTION('',(1.,-1.110223024625E-16,-4.440892098501E-16));
#2257 = DIRECTION('',(4.440892098501E-16,1.110223024625E-16,1.));
#2258 = ORIENTED_EDGE('',*,*,#2259,.T.);
#2259 = EDGE_CURVE('',#2251,#2260,#2262,.T.);
#2260 = VERTEX_POINT('',#2261);
#2261 = CARTESIAN_POINT('',(-16.,-21.5,5.539099631177));
#2262 = CIRCLE('',#2263,5.539099631177);
#2263 = AXIS2_PLACEMENT_3D('',#2264,#2265,#2266);
#2264 = CARTESIAN_POINT('',(-16.,-21.5,4.718447854657E-15));
#2265 = DIRECTION('',(1.,-1.110223024625E-16,-4.440892098501E-16));
#2266 = DIRECTION('',(4.440892098501E-16,1.110223024625E-16,1.));
#2267 = ORIENTED_EDGE('',*,*,#2268,.T.);
#2268 = EDGE_CURVE('',#2260,#2269,#2271,.T.);
#2269 = VERTEX_POINT('',#2270);
#2270 = CARTESIAN_POINT('',(-16.,-23.23249216416,5.261187662991));
#2271 = CIRCLE('',#2272,5.539099631177);
#2272 = AXIS2_PLACEMENT_3D('',#2273,#2274,#2275);
#2273 = CARTESIAN_POINT('',(-16.,-21.5,4.718447854657E-15));
#2274 = DIRECTION('',(1.,-1.110223024625E-16,-4.440892098501E-16));
#2275 = DIRECTION('',(4.440892098501E-16,1.110223024625E-16,1.));
#2276 = ORIENTED_EDGE('',*,*,#2277,.T.);
#2277 = EDGE_CURVE('',#2269,#2278,#2280,.T.);
#2278 = VERTEX_POINT('',#2279);
#2279 = CARTESIAN_POINT('',(-16.,-23.52271829586,5.966457130961));
#2280 = LINE('',#2281,#2282);
#2281 = CARTESIAN_POINT('',(-16.,-24.53743657585,8.432292365361));
#2282 = VECTOR('',#2283,1.);
#2283 = DIRECTION('',(4.892660246534E-16,-0.380549177787,0.924760684332)
  );
#2284 = ORIENTED_EDGE('',*,*,#2285,.F.);
#2285 = EDGE_CURVE('',#2286,#2278,#2288,.T.);
#2286 = VERTEX_POINT('',#2287);
#2287 = CARTESIAN_POINT('',(-16.,-17.69523975665,5.021334433262));
#2288 = CIRCLE('',#2289,6.3);
#2289 = AXIS2_PLACEMENT_3D('',#2290,#2291,#2292);
#2290 = CARTESIAN_POINT('',(-16.,-21.5,5.939693181724E-15));
#2291 = DIRECTION('',(1.,-3.330669073875E-16,-2.22044604925E-16));
#2292 = DIRECTION('',(-3.330669073875E-16,-1.,1.110223024625E-16));
#2293 = ORIENTED_EDGE('',*,*,#2294,.F.);
#2294 = EDGE_CURVE('',#2295,#2286,#2297,.T.);
#2295 = VERTEX_POINT('',#2296);
#2296 = CARTESIAN_POINT('',(-16.,-17.66724642065,5.));
#2297 = CIRCLE('',#2298,6.3);
#2298 = AXIS2_PLACEMENT_3D('',#2299,#2300,#2301);
#2299 = CARTESIAN_POINT('',(-16.,-21.5,5.939693181724E-15));
#2300 = DIRECTION('',(1.,-3.330669073875E-16,-2.22044604925E-16));
#2301 = DIRECTION('',(-3.330669073875E-16,-1.,1.110223024625E-16));
#2302 = ORIENTED_EDGE('',*,*,#2303,.F.);
#2303 = EDGE_CURVE('',#2304,#2295,#2306,.T.);
#2304 = VERTEX_POINT('',#2305);
#2305 = CARTESIAN_POINT('',(-16.,-16.19446397918,-3.39724705192));
#2306 = CIRCLE('',#2307,6.3);
#2307 = AXIS2_PLACEMENT_3D('',#2308,#2309,#2310);
#2308 = CARTESIAN_POINT('',(-16.,-21.5,5.939693181724E-15));
#2309 = DIRECTION('',(1.,-3.330669073875E-16,-2.22044604925E-16));
#2310 = DIRECTION('',(-3.330669073875E-16,-1.,1.110223024625E-16));
#2311 = ORIENTED_EDGE('',*,*,#2312,.T.);
#2312 = EDGE_CURVE('',#2304,#2313,#2315,.T.);
#2313 = VERTEX_POINT('',#2314);
#2314 = CARTESIAN_POINT('',(-16.,-15.1838856895,-4.044341728477));
#2315 = CIRCLE('',#2316,0.6);
#2316 = AXIS2_PLACEMENT_3D('',#2317,#2318,#2319);
#2317 = CARTESIAN_POINT('',(-16.,-15.68917483434,-3.720794390198));
#2318 = DIRECTION('',(1.,-3.330669073875E-16,-2.22044604925E-16));
#2319 = DIRECTION('',(-3.330669073875E-16,-1.,1.110223024625E-16));
#2320 = ORIENTED_EDGE('',*,*,#2321,.T.);
#2321 = EDGE_CURVE('',#2313,#2151,#2322,.T.);
#2322 = CIRCLE('',#2323,7.5);
#2323 = AXIS2_PLACEMENT_3D('',#2324,#2325,#2326);
#2324 = CARTESIAN_POINT('',(-16.,-21.5,5.939693181745E-15));
#2325 = DIRECTION('',(1.,-3.330669073875E-16,-2.22044604925E-16));
#2326 = DIRECTION('',(-3.330669073875E-16,-1.,1.110223024625E-16));
#2327 = FACE_BOUND('',#2328,.T.);
#2328 = EDGE_LOOP('',(#2329,#2339,#2348,#2357,#2365,#2374,#2383,#2392,
    #2401));
#2329 = ORIENTED_EDGE('',*,*,#2330,.F.);
#2330 = EDGE_CURVE('',#2331,#2333,#2335,.T.);
#2331 = VERTEX_POINT('',#2332);
#2332 = CARTESIAN_POINT('',(-16.,23.232492164168,5.261187662991));
#2333 = VERTEX_POINT('',#2334);
#2334 = CARTESIAN_POINT('',(-16.,23.52271829586,5.966457130961));
#2335 = LINE('',#2336,#2337);
#2336 = CARTESIAN_POINT('',(-16.,23.875678261483,6.824174131558));
#2337 = VECTOR('',#2338,1.);
#2338 = DIRECTION('',(-1.551857057974E-15,0.380549177787,0.924760684332)
  );
#2339 = ORIENTED_EDGE('',*,*,#2340,.T.);
#2340 = EDGE_CURVE('',#2331,#2341,#2343,.T.);
#2341 = VERTEX_POINT('',#2342);
#2342 = CARTESIAN_POINT('',(-16.,21.5,5.539099631177));
#2343 = CIRCLE('',#2344,5.539099631177);
#2344 = AXIS2_PLACEMENT_3D('',#2345,#2346,#2347);
#2345 = CARTESIAN_POINT('',(-16.,21.5,-1.371125435412E-14));
#2346 = DIRECTION('',(1.,-2.22044604925E-16,1.110223024625E-16));
#2347 = DIRECTION('',(-1.110223024625E-16,1.110223024625E-16,1.));
#2348 = ORIENTED_EDGE('',*,*,#2349,.T.);
#2349 = EDGE_CURVE('',#2341,#2350,#2352,.T.);
#2350 = VERTEX_POINT('',#2351);
#2351 = CARTESIAN_POINT('',(-16.,23.972300711633,4.956748320761));
#2352 = CIRCLE('',#2353,5.539099631177);
#2353 = AXIS2_PLACEMENT_3D('',#2354,#2355,#2356);
#2354 = CARTESIAN_POINT('',(-16.,21.5,-1.371125435412E-14));
#2355 = DIRECTION('',(1.,-2.22044604925E-16,1.110223024625E-16));
#2356 = DIRECTION('',(-1.110223024625E-16,1.110223024625E-16,1.));
#2357 = ORIENTED_EDGE('',*,*,#2358,.F.);
#2358 = EDGE_CURVE('',#2359,#2350,#2361,.T.);
#2359 = VERTEX_POINT('',#2360);
#2360 = CARTESIAN_POINT('',(-16.,24.262526843325,5.662017788731));
#2361 = LINE('',#2362,#2363);
#2362 = CARTESIAN_POINT('',(-16.,24.615486808948,6.519734789329));
#2363 = VECTOR('',#2364,1.);
#2364 = DIRECTION('',(1.551857057974E-15,-0.380549177787,-0.924760684332
    ));
#2365 = ORIENTED_EDGE('',*,*,#2366,.F.);
#2366 = EDGE_CURVE('',#2367,#2359,#2369,.T.);
#2367 = VERTEX_POINT('',#2368);
#2368 = CARTESIAN_POINT('',(-16.,22.877767795416,-6.147499971689));
#2369 = CIRCLE('',#2370,6.3);
#2370 = AXIS2_PLACEMENT_3D('',#2371,#2372,#2373);
#2371 = CARTESIAN_POINT('',(-16.,21.5,-2.264854970235E-14));
#2372 = DIRECTION('',(1.,2.22044604925E-16,8.881784197001E-16));
#2373 = DIRECTION('',(-2.22044604925E-16,1.,-8.881784197001E-16));
#2374 = ORIENTED_EDGE('',*,*,#2375,.T.);
#2375 = EDGE_CURVE('',#2367,#2376,#2378,.T.);
#2376 = VERTEX_POINT('',#2377);
#2377 = CARTESIAN_POINT('',(-16.,23.140199756447,-7.318452347249));
#2378 = CIRCLE('',#2379,0.6);
#2379 = AXIS2_PLACEMENT_3D('',#2380,#2381,#2382);
#2380 = CARTESIAN_POINT('',(-16.,23.008983775932,-6.732976159469));
#2381 = DIRECTION('',(1.,2.22044604925E-16,8.881784197001E-16));
#2382 = DIRECTION('',(-2.22044604925E-16,1.,-8.881784197001E-16));
#2383 = ORIENTED_EDGE('',*,*,#2384,.T.);
#2384 = EDGE_CURVE('',#2376,#2385,#2387,.T.);
#2385 = VERTEX_POINT('',#2386);
#2386 = CARTESIAN_POINT('',(-16.,15.1838856895,-4.044341728477));
#2387 = CIRCLE('',#2388,7.5);
#2388 = AXIS2_PLACEMENT_3D('',#2389,#2390,#2391);
#2389 = CARTESIAN_POINT('',(-16.,21.5,-2.264854970235E-14));
#2390 = DIRECTION('',(1.,2.22044604925E-16,8.881784197001E-16));
#2391 = DIRECTION('',(-2.22044604925E-16,1.,-8.881784197001E-16));
#2392 = ORIENTED_EDGE('',*,*,#2393,.T.);
#2393 = EDGE_CURVE('',#2385,#2394,#2396,.T.);
#2394 = VERTEX_POINT('',#2395);
#2395 = CARTESIAN_POINT('',(-16.,16.19446397918,-3.39724705192));
#2396 = CIRCLE('',#2397,0.6);
#2397 = AXIS2_PLACEMENT_3D('',#2398,#2399,#2400);
#2398 = CARTESIAN_POINT('',(-16.,15.68917483434,-3.720794390198));
#2399 = DIRECTION('',(1.,2.22044604925E-16,8.881784197001E-16));
#2400 = DIRECTION('',(-2.22044604925E-16,1.,-8.881784197001E-16));
#2401 = ORIENTED_EDGE('',*,*,#2402,.F.);
#2402 = EDGE_CURVE('',#2333,#2394,#2403,.T.);
#2403 = CIRCLE('',#2404,6.3);
#2404 = AXIS2_PLACEMENT_3D('',#2405,#2406,#2407);
#2405 = CARTESIAN_POINT('',(-16.,21.5,-2.264854970237E-14));
#2406 = DIRECTION('',(1.,2.22044604925E-16,8.881784197001E-16));
#2407 = DIRECTION('',(-2.22044604925E-16,1.,-8.881784197001E-16));
#2408 = PLANE('',#2409);
#2409 = AXIS2_PLACEMENT_3D('',#2410,#2411,#2412);
#2410 = CARTESIAN_POINT('',(-16.,-2.322992358574E-14,12.433103494747));
#2411 = DIRECTION('',(-1.,-9.250077951438E-16,-1.38723903267E-15));
#2412 = DIRECTION('',(1.38723903267E-15,-1.110223024625E-16,-1.));
#2413 = ADVANCED_FACE('',(#2414),#2440,.F.);
#2414 = FACE_BOUND('',#2415,.F.);
#2415 = EDGE_LOOP('',(#2416,#2424,#2433,#2439));
#2416 = ORIENTED_EDGE('',*,*,#2417,.T.);
#2417 = EDGE_CURVE('',#2116,#2418,#2420,.T.);
#2418 = VERTEX_POINT('',#2419);
#2419 = CARTESIAN_POINT('',(16.,-11.75320565518,5.));
#2420 = LINE('',#2421,#2422);
#2421 = CARTESIAN_POINT('',(-16.,-11.75320565518,5.));
#2422 = VECTOR('',#2423,1.);
#2423 = DIRECTION('',(1.,-3.330669073875E-16,-6.661338147751E-16));
#2424 = ORIENTED_EDGE('',*,*,#2425,.T.);
#2425 = EDGE_CURVE('',#2418,#2426,#2428,.T.);
#2426 = VERTEX_POINT('',#2427);
#2427 = CARTESIAN_POINT('',(16.,-13.37767137932,5.833333333333));
#2428 = CIRCLE('',#2429,2.);
#2429 = AXIS2_PLACEMENT_3D('',#2430,#2431,#2432);
#2430 = CARTESIAN_POINT('',(16.,-11.75320565518,7.));
#2431 = DIRECTION('',(-1.,-5.551115123126E-16,-1.110223024625E-15));
#2432 = DIRECTION('',(5.551115123126E-16,-1.,7.771561172376E-16));
#2433 = ORIENTED_EDGE('',*,*,#2434,.F.);
#2434 = EDGE_CURVE('',#2107,#2426,#2435,.T.);
#2435 = LINE('',#2436,#2437);
#2436 = CARTESIAN_POINT('',(-16.,-13.37767137932,5.833333333333));
#2437 = VECTOR('',#2438,1.);
#2438 = DIRECTION('',(1.,-3.330669073875E-16,-6.661338147751E-16));
#2439 = ORIENTED_EDGE('',*,*,#2115,.F.);
#2440 = CYLINDRICAL_SURFACE('',#2441,2.);
#2441 = AXIS2_PLACEMENT_3D('',#2442,#2443,#2444);
#2442 = CARTESIAN_POINT('',(-16.,-11.75320565518,7.));
#2443 = DIRECTION('',(-1.,5.551115123126E-16,4.440892098501E-16));
#2444 = DIRECTION('',(1.110223024625E-16,-1.,3.330669073875E-16));
#2445 = ADVANCED_FACE('',(#2446),#2465,.T.);
#2446 = FACE_BOUND('',#2447,.T.);
#2447 = EDGE_LOOP('',(#2448,#2449,#2457,#2464));
#2448 = ORIENTED_EDGE('',*,*,#2106,.F.);
#2449 = ORIENTED_EDGE('',*,*,#2450,.T.);
#2450 = EDGE_CURVE('',#2099,#2451,#2453,.T.);
#2451 = VERTEX_POINT('',#2452);
#2452 = CARTESIAN_POINT('',(16.,-14.35098920809,6.992256052037));
#2453 = LINE('',#2454,#2455);
#2454 = CARTESIAN_POINT('',(-16.,-14.35098920809,6.992256052037));
#2455 = VECTOR('',#2456,1.);
#2456 = DIRECTION('',(1.,-1.110223024625E-16,-4.440892098501E-16));
#2457 = ORIENTED_EDGE('',*,*,#2458,.T.);
#2458 = EDGE_CURVE('',#2451,#2426,#2459,.T.);
#2459 = CIRCLE('',#2460,10.);
#2460 = AXIS2_PLACEMENT_3D('',#2461,#2462,#2463);
#2461 = CARTESIAN_POINT('',(16.,-21.5,-7.105427357601E-15));
#2462 = DIRECTION('',(-1.,-5.551115123126E-16,-1.110223024625E-15));
#2463 = DIRECTION('',(5.551115123126E-16,-1.,7.771561172376E-16));
#2464 = ORIENTED_EDGE('',*,*,#2434,.F.);
#2465 = CYLINDRICAL_SURFACE('',#2466,10.);
#2466 = AXIS2_PLACEMENT_3D('',#2467,#2468,#2469);
#2467 = CARTESIAN_POINT('',(-16.,-21.5,1.781907954523E-14));
#2468 = DIRECTION('',(-1.,5.551115123126E-16,4.440892098501E-16));
#2469 = DIRECTION('',(1.110223024625E-16,-1.,3.330669073875E-16));
#2470 = ADVANCED_FACE('',(#2471),#2537,.F.);
#2471 = FACE_BOUND('',#2472,.T.);
#2472 = EDGE_LOOP('',(#2473,#2484,#2490,#2491,#2492,#2493,#2494,#2495,
    #2503,#2512,#2521,#2530));
#2473 = ORIENTED_EDGE('',*,*,#2474,.T.);
#2474 = EDGE_CURVE('',#2475,#2477,#2479,.T.);
#2475 = VERTEX_POINT('',#2476);
#2476 = CARTESIAN_POINT('',(16.,-28.83889982116,-1.546140166654));
#2477 = VERTEX_POINT('',#2478);
#2478 = CARTESIAN_POINT('',(16.,-23.14019975644,-7.318452347249));
#2479 = CIRCLE('',#2480,7.5);
#2480 = AXIS2_PLACEMENT_3D('',#2481,#2482,#2483);
#2481 = CARTESIAN_POINT('',(16.,-21.5,-1.165734175856E-15));
#2482 = DIRECTION('',(1.,-3.330669073875E-16,-2.22044604925E-16));
#2483 = DIRECTION('',(-3.330669073875E-16,-1.,1.110223024625E-16));
#2484 = ORIENTED_EDGE('',*,*,#2485,.T.);
#2485 = EDGE_CURVE('',#2477,#2180,#2486,.T.);
#2486 = LINE('',#2487,#2488);
#2487 = CARTESIAN_POINT('',(7.444146836726E-15,-23.14019975644,
    -7.318452347249));
#2488 = VECTOR('',#2489,1.);
#2489 = DIRECTION('',(-1.,3.330669073875E-16,6.661338147751E-16));
#2490 = ORIENTED_EDGE('',*,*,#2179,.F.);
#2491 = ORIENTED_EDGE('',*,*,#2170,.F.);
#2492 = ORIENTED_EDGE('',*,*,#2161,.F.);
#2493 = ORIENTED_EDGE('',*,*,#2150,.F.);
#2494 = ORIENTED_EDGE('',*,*,#2321,.F.);
#2495 = ORIENTED_EDGE('',*,*,#2496,.T.);
#2496 = EDGE_CURVE('',#2313,#2497,#2499,.T.);
#2497 = VERTEX_POINT('',#2498);
#2498 = CARTESIAN_POINT('',(16.,-15.1838856895,-4.044341728477));
#2499 = LINE('',#2500,#2501);
#2500 = CARTESIAN_POINT('',(-2.582307446408E-16,-15.1838856895,
    -4.044341728477));
#2501 = VECTOR('',#2502,1.);
#2502 = DIRECTION('',(1.,-3.330669073875E-16,-6.661338147751E-16));
#2503 = ORIENTED_EDGE('',*,*,#2504,.T.);
#2504 = EDGE_CURVE('',#2497,#2505,#2507,.T.);
#2505 = VERTEX_POINT('',#2506);
#2506 = CARTESIAN_POINT('',(16.,-15.90983005625,5.));
#2507 = CIRCLE('',#2508,7.5);
#2508 = AXIS2_PLACEMENT_3D('',#2509,#2510,#2511);
#2509 = CARTESIAN_POINT('',(16.,-21.5,-1.165734175856E-15));
#2510 = DIRECTION('',(1.,-3.330669073875E-16,-2.22044604925E-16));
#2511 = DIRECTION('',(-3.330669073875E-16,-1.,1.110223024625E-16));
#2512 = ORIENTED_EDGE('',*,*,#2513,.T.);
#2513 = EDGE_CURVE('',#2505,#2514,#2516,.T.);
#2514 = VERTEX_POINT('',#2515);
#2515 = CARTESIAN_POINT('',(16.,-15.92984952945,5.022292677201));
#2516 = CIRCLE('',#2517,7.5);
#2517 = AXIS2_PLACEMENT_3D('',#2518,#2519,#2520);
#2518 = CARTESIAN_POINT('',(16.,-21.5,-1.165734175856E-15));
#2519 = DIRECTION('',(1.,-3.330669073875E-16,-2.22044604925E-16));
#2520 = DIRECTION('',(-3.330669073875E-16,-1.,1.110223024625E-16));
#2521 = ORIENTED_EDGE('',*,*,#2522,.T.);
#2522 = EDGE_CURVE('',#2514,#2523,#2525,.T.);
#2523 = VERTEX_POINT('',#2524);
#2524 = CARTESIAN_POINT('',(16.,-16.5922821829,5.671358375888));
#2525 = CIRCLE('',#2526,7.5);
#2526 = AXIS2_PLACEMENT_3D('',#2527,#2528,#2529);
#2527 = CARTESIAN_POINT('',(16.,-21.5,-1.165734175856E-15));
#2528 = DIRECTION('',(1.,-3.330669073875E-16,-2.22044604925E-16));
#2529 = DIRECTION('',(-3.330669073875E-16,-1.,1.110223024625E-16));
#2530 = ORIENTED_EDGE('',*,*,#2531,.T.);
#2531 = EDGE_CURVE('',#2523,#2475,#2532,.T.);
#2532 = CIRCLE('',#2533,7.5);
#2533 = AXIS2_PLACEMENT_3D('',#2534,#2535,#2536);
#2534 = CARTESIAN_POINT('',(16.,-21.5,-1.165734175856E-15));
#2535 = DIRECTION('',(1.,-3.330669073875E-16,-2.22044604925E-16));
#2536 = DIRECTION('',(-3.330669073875E-16,-1.,1.110223024625E-16));
#2537 = CYLINDRICAL_SURFACE('',#2538,7.5);
#2538 = AXIS2_PLACEMENT_3D('',#2539,#2540,#2541);
#2539 = CARTESIAN_POINT('',(2.386979502944E-15,-21.5,7.160938508832E-15)
  );
#2540 = DIRECTION('',(1.,-5.551115123126E-16,-4.440892098501E-16));
#2541 = DIRECTION('',(1.110223024625E-16,-1.,3.330669073875E-16));
#2542 = ADVANCED_FACE('',(#2543),#2562,.F.);
#2543 = FACE_BOUND('',#2544,.T.);
#2544 = EDGE_LOOP('',(#2545,#2554,#2555,#2556));
#2545 = ORIENTED_EDGE('',*,*,#2546,.T.);
#2546 = EDGE_CURVE('',#2547,#2497,#2549,.T.);
#2547 = VERTEX_POINT('',#2548);
#2548 = CARTESIAN_POINT('',(16.,-16.19446397918,-3.39724705192));
#2549 = CIRCLE('',#2550,0.6);
#2550 = AXIS2_PLACEMENT_3D('',#2551,#2552,#2553);
#2551 = CARTESIAN_POINT('',(16.,-15.68917483434,-3.720794390198));
#2552 = DIRECTION('',(1.,-3.330669073875E-16,-2.22044604925E-16));
#2553 = DIRECTION('',(-3.330669073875E-16,-1.,1.110223024625E-16));
#2554 = ORIENTED_EDGE('',*,*,#2496,.F.);
#2555 = ORIENTED_EDGE('',*,*,#2312,.F.);
#2556 = ORIENTED_EDGE('',*,*,#2557,.T.);
#2557 = EDGE_CURVE('',#2304,#2547,#2558,.T.);
#2558 = LINE('',#2559,#2560);
#2559 = CARTESIAN_POINT('',(1.590690162487E-16,-16.19446397918,
    -3.39724705192));
#2560 = VECTOR('',#2561,1.);
#2561 = DIRECTION('',(1.,-3.330669073875E-16,-6.661338147751E-16));
#2562 = CYLINDRICAL_SURFACE('',#2563,0.6);
#2563 = AXIS2_PLACEMENT_3D('',#2564,#2565,#2566);
#2564 = CARTESIAN_POINT('',(4.220395274982E-15,-15.68917483434,
    -3.720794390198));
#2565 = DIRECTION('',(1.,-5.551115123126E-16,-4.440892098501E-16));
#2566 = DIRECTION('',(1.110223024625E-16,-1.,3.330669073875E-16));
#2567 = ADVANCED_FACE('',(#2568),#2607,.T.);
#2568 = FACE_BOUND('',#2569,.F.);
#2569 = EDGE_LOOP('',(#2570,#2578,#2579,#2580,#2581,#2582,#2591,#2600));
#2570 = ORIENTED_EDGE('',*,*,#2571,.F.);
#2571 = EDGE_CURVE('',#2278,#2572,#2574,.T.);
#2572 = VERTEX_POINT('',#2573);
#2573 = CARTESIAN_POINT('',(16.,-23.52271829586,5.966457130961));
#2574 = LINE('',#2575,#2576);
#2575 = CARTESIAN_POINT('',(2.147907356669E-15,-23.52271829586,
    5.966457130961));
#2576 = VECTOR('',#2577,1.);
#2577 = DIRECTION('',(1.,-3.330669073875E-16,-6.661338147751E-16));
#2578 = ORIENTED_EDGE('',*,*,#2285,.F.);
#2579 = ORIENTED_EDGE('',*,*,#2294,.F.);
#2580 = ORIENTED_EDGE('',*,*,#2303,.F.);
#2581 = ORIENTED_EDGE('',*,*,#2557,.T.);
#2582 = ORIENTED_EDGE('',*,*,#2583,.T.);
#2583 = EDGE_CURVE('',#2547,#2584,#2586,.T.);
#2584 = VERTEX_POINT('',#2585);
#2585 = CARTESIAN_POINT('',(16.,-17.66724642065,5.));
#2586 = CIRCLE('',#2587,6.3);
#2587 = AXIS2_PLACEMENT_3D('',#2588,#2589,#2590);
#2588 = CARTESIAN_POINT('',(16.,-21.5,-1.165734175877E-15));
#2589 = DIRECTION('',(1.,-3.330669073875E-16,-2.22044604925E-16));
#2590 = DIRECTION('',(-3.330669073875E-16,-1.,1.110223024625E-16));
#2591 = ORIENTED_EDGE('',*,*,#2592,.T.);
#2592 = EDGE_CURVE('',#2584,#2593,#2595,.T.);
#2593 = VERTEX_POINT('',#2594);
#2594 = CARTESIAN_POINT('',(16.,-17.69523975665,5.021334433262));
#2595 = CIRCLE('',#2596,6.3);
#2596 = AXIS2_PLACEMENT_3D('',#2597,#2598,#2599);
#2597 = CARTESIAN_POINT('',(16.,-21.5,-1.165734175877E-15));
#2598 = DIRECTION('',(1.,-3.330669073875E-16,-2.22044604925E-16));
#2599 = DIRECTION('',(-3.330669073875E-16,-1.,1.110223024625E-16));
#2600 = ORIENTED_EDGE('',*,*,#2601,.T.);
#2601 = EDGE_CURVE('',#2593,#2572,#2602,.T.);
#2602 = CIRCLE('',#2603,6.3);
#2603 = AXIS2_PLACEMENT_3D('',#2604,#2605,#2606);
#2604 = CARTESIAN_POINT('',(16.,-21.5,-1.165734175877E-15));
#2605 = DIRECTION('',(1.,-3.330669073875E-16,-2.22044604925E-16));
#2606 = DIRECTION('',(-3.330669073875E-16,-1.,1.110223024625E-16));
#2607 = CYLINDRICAL_SURFACE('',#2608,6.3);
#2608 = AXIS2_PLACEMENT_3D('',#2609,#2610,#2611);
#2609 = CARTESIAN_POINT('',(2.386979502944E-15,-21.5,7.160938508812E-15)
  );
#2610 = DIRECTION('',(1.,-5.551115123126E-16,-4.440892098501E-16));
#2611 = DIRECTION('',(1.110223024625E-16,-1.,3.330669073875E-16));
#2612 = ADVANCED_FACE('',(#2613),#2632,.F.);
#2613 = FACE_BOUND('',#2614,.T.);
#2614 = EDGE_LOOP('',(#2615,#2624,#2630,#2631));
#2615 = ORIENTED_EDGE('',*,*,#2616,.T.);
#2616 = EDGE_CURVE('',#2477,#2617,#2619,.T.);
#2617 = VERTEX_POINT('',#2618);
#2618 = CARTESIAN_POINT('',(16.,-22.87776779541,-6.147499971689));
#2619 = CIRCLE('',#2620,0.6);
#2620 = AXIS2_PLACEMENT_3D('',#2621,#2622,#2623);
#2621 = CARTESIAN_POINT('',(16.,-23.00898377593,-6.732976159469));
#2622 = DIRECTION('',(1.,-3.330669073875E-16,-2.22044604925E-16));
#2623 = DIRECTION('',(-3.330669073875E-16,-1.,1.110223024625E-16));
#2624 = ORIENTED_EDGE('',*,*,#2625,.T.);
#2625 = EDGE_CURVE('',#2617,#2189,#2626,.T.);
#2626 = LINE('',#2627,#2628);
#2627 = CARTESIAN_POINT('',(6.635000063321E-15,-22.87776779541,
    -6.147499971689));
#2628 = VECTOR('',#2629,1.);
#2629 = DIRECTION('',(-1.,3.330669073875E-16,6.661338147751E-16));
#2630 = ORIENTED_EDGE('',*,*,#2188,.F.);
#2631 = ORIENTED_EDGE('',*,*,#2485,.F.);
#2632 = CYLINDRICAL_SURFACE('',#2633,0.6);
#2633 = AXIS2_PLACEMENT_3D('',#2634,#2635,#2636);
#2634 = CARTESIAN_POINT('',(7.039573450023E-15,-23.00898377593,
    -6.732976159469));
#2635 = DIRECTION('',(1.,-5.551115123126E-16,-4.440892098501E-16));
#2636 = DIRECTION('',(1.110223024625E-16,-1.,3.330669073875E-16));
#2637 = ADVANCED_FACE('',(#2638),#2669,.F.);
#2638 = FACE_BOUND('',#2639,.T.);
#2639 = EDGE_LOOP('',(#2640,#2648,#2649,#2650,#2651,#2652,#2653,#2662));
#2640 = ORIENTED_EDGE('',*,*,#2641,.F.);
#2641 = EDGE_CURVE('',#2260,#2642,#2644,.T.);
#2642 = VERTEX_POINT('',#2643);
#2643 = CARTESIAN_POINT('',(-15.,-21.5,4.7));
#2644 = LINE('',#2645,#2646);
#2645 = CARTESIAN_POINT('',(-16.5,-21.5,5.958649446766));
#2646 = VECTOR('',#2647,1.);
#2647 = DIRECTION('',(0.766044443119,-9.578980209336E-17,-0.642787609687
    ));
#2648 = ORIENTED_EDGE('',*,*,#2259,.F.);
#2649 = ORIENTED_EDGE('',*,*,#2250,.F.);
#2650 = ORIENTED_EDGE('',*,*,#2241,.F.);
#2651 = ORIENTED_EDGE('',*,*,#2232,.F.);
#2652 = ORIENTED_EDGE('',*,*,#2223,.F.);
#2653 = ORIENTED_EDGE('',*,*,#2654,.F.);
#2654 = EDGE_CURVE('',#2655,#2216,#2657,.T.);
#2655 = VERTEX_POINT('',#2656);
#2656 = CARTESIAN_POINT('',(-15.,-23.65199620468,4.178386331473));
#2657 = HYPERBOLA('',#2658,0.476701437038,0.4);
#2658 = AXIS2_PLACEMENT_3D('',#2659,#2660,#2661);
#2659 = CARTESIAN_POINT('',(-9.398758114807,-21.86990427373,
    -0.152219671115));
#2660 = DIRECTION('',(-1.954863635749E-16,0.924760684332,0.380549177787)
  );
#2661 = DIRECTION('',(-1.,-3.209826175305E-16,2.663144407787E-16));
#2662 = ORIENTED_EDGE('',*,*,#2663,.F.);
#2663 = EDGE_CURVE('',#2642,#2655,#2664,.T.);
#2664 = CIRCLE('',#2665,4.7);
#2665 = AXIS2_PLACEMENT_3D('',#2666,#2667,#2668);
#2666 = CARTESIAN_POINT('',(-15.,-21.5,1.237898672457E-14));
#2667 = DIRECTION('',(-1.,-3.330669073875E-16,-4.440892098501E-16));
#2668 = DIRECTION('',(-4.440892098501E-16,-1.110223024625E-16,1.));
#2669 = CONICAL_SURFACE('',#2670,5.958649446766,0.698131700798);
#2670 = AXIS2_PLACEMENT_3D('',#2671,#2672,#2673);
#2671 = CARTESIAN_POINT('',(-16.5,-21.5,1.337818744673E-14));
#2672 = DIRECTION('',(-1.,3.330669073875E-16,6.661338147751E-16));
#2673 = DIRECTION('',(-4.440892098501E-16,-1.110223024625E-16,1.));
#2674 = ADVANCED_FACE('',(#2675),#2695,.F.);
#2675 = FACE_BOUND('',#2676,.T.);
#2676 = EDGE_LOOP('',(#2677,#2678,#2679,#2688));
#2677 = ORIENTED_EDGE('',*,*,#2268,.F.);
#2678 = ORIENTED_EDGE('',*,*,#2641,.T.);
#2679 = ORIENTED_EDGE('',*,*,#2680,.F.);
#2680 = EDGE_CURVE('',#2681,#2642,#2683,.T.);
#2681 = VERTEX_POINT('',#2682);
#2682 = CARTESIAN_POINT('',(-15.,-22.91218765721,4.482825673703));
#2683 = CIRCLE('',#2684,4.7);
#2684 = AXIS2_PLACEMENT_3D('',#2685,#2686,#2687);
#2685 = CARTESIAN_POINT('',(-15.,-21.5,1.237898672457E-14));
#2686 = DIRECTION('',(-1.,-3.330669073875E-16,-4.440892098501E-16));
#2687 = DIRECTION('',(-4.440892098501E-16,-1.110223024625E-16,1.));
#2688 = ORIENTED_EDGE('',*,*,#2689,.F.);
#2689 = EDGE_CURVE('',#2269,#2681,#2690,.T.);
#2690 = HYPERBOLA('',#2691,0.476701437038,0.4);
#2691 = AXIS2_PLACEMENT_3D('',#2692,#2693,#2694);
#2692 = CARTESIAN_POINT('',(-9.398758114807,-21.13009572626,
    0.152219671115));
#2693 = DIRECTION('',(1.955982334212E-16,-0.924760684332,-0.380549177787
    ));
#2694 = DIRECTION('',(-1.,-3.210860703661E-16,2.662718688007E-16));
#2695 = CONICAL_SURFACE('',#2696,5.958649446766,0.698131700798);
#2696 = AXIS2_PLACEMENT_3D('',#2697,#2698,#2699);
#2697 = CARTESIAN_POINT('',(-16.5,-21.5,1.337818744673E-14));
#2698 = DIRECTION('',(-1.,3.330669073875E-16,6.661338147751E-16));
#2699 = DIRECTION('',(-4.440892098501E-16,-1.110223024625E-16,1.));
#2700 = ADVANCED_FACE('',(#2701),#2737,.F.);
#2701 = FACE_BOUND('',#2702,.T.);
#2702 = EDGE_LOOP('',(#2703,#2714,#2720,#2721,#2722,#2730));
#2703 = ORIENTED_EDGE('',*,*,#2704,.T.);
#2704 = EDGE_CURVE('',#2705,#2707,#2709,.T.);
#2705 = VERTEX_POINT('',#2706);
#2706 = CARTESIAN_POINT('',(-1.,-21.5,4.7));
#2707 = VERTEX_POINT('',#2708);
#2708 = CARTESIAN_POINT('',(-1.,-22.91218765721,4.482825673703));
#2709 = CIRCLE('',#2710,4.7);
#2710 = AXIS2_PLACEMENT_3D('',#2711,#2712,#2713);
#2711 = CARTESIAN_POINT('',(-1.,-21.5,-6.991647516069E-16));
#2712 = DIRECTION('',(1.,-3.330669073875E-16,-2.22044604925E-16));
#2713 = DIRECTION('',(-2.22044604925E-16,-1.110223024625E-16,-1.));
#2714 = ORIENTED_EDGE('',*,*,#2715,.T.);
#2715 = EDGE_CURVE('',#2707,#2681,#2716,.T.);
#2716 = LINE('',#2717,#2718);
#2717 = CARTESIAN_POINT('',(-4.423979388382E-16,-22.91218765721,
    4.482825673703));
#2718 = VECTOR('',#2719,1.);
#2719 = DIRECTION('',(-1.,3.330669073875E-16,6.661338147751E-16));
#2720 = ORIENTED_EDGE('',*,*,#2680,.T.);
#2721 = ORIENTED_EDGE('',*,*,#2663,.T.);
#2722 = ORIENTED_EDGE('',*,*,#2723,.T.);
#2723 = EDGE_CURVE('',#2655,#2724,#2726,.T.);
#2724 = VERTEX_POINT('',#2725);
#2725 = CARTESIAN_POINT('',(-1.,-23.65199620468,4.178386331473));
#2726 = LINE('',#2727,#2728);
#2727 = CARTESIAN_POINT('',(2.616702486393E-15,-23.65199620468,
    4.178386331473));
#2728 = VECTOR('',#2729,1.);
#2729 = DIRECTION('',(1.,-3.330669073875E-16,-6.661338147751E-16));
#2730 = ORIENTED_EDGE('',*,*,#2731,.T.);
#2731 = EDGE_CURVE('',#2724,#2705,#2732,.T.);
#2732 = CIRCLE('',#2733,4.7);
#2733 = AXIS2_PLACEMENT_3D('',#2734,#2735,#2736);
#2734 = CARTESIAN_POINT('',(-1.,-21.5,-6.991647516069E-16));
#2735 = DIRECTION('',(1.,-3.330669073875E-16,-2.22044604925E-16));
#2736 = DIRECTION('',(-2.22044604925E-16,-1.110223024625E-16,-1.));
#2737 = CYLINDRICAL_SURFACE('',#2738,4.7);
#2738 = AXIS2_PLACEMENT_3D('',#2739,#2740,#2741);
#2739 = CARTESIAN_POINT('',(2.386979502944E-15,-21.5,7.160938508832E-15)
  );
#2740 = DIRECTION('',(1.,-5.551115123126E-16,-4.440892098501E-16));
#2741 = DIRECTION('',(1.110223024625E-16,-1.,3.330669073875E-16));
#2742 = ADVANCED_FACE('',(#2743),#2797,.F.);
#2743 = FACE_BOUND('',#2744,.T.);
#2744 = EDGE_LOOP('',(#2745,#2746,#2747,#2748,#2756,#2764,#2773,#2781,
    #2790));
#2745 = ORIENTED_EDGE('',*,*,#2723,.F.);
#2746 = ORIENTED_EDGE('',*,*,#2654,.T.);
#2747 = ORIENTED_EDGE('',*,*,#2215,.F.);
#2748 = ORIENTED_EDGE('',*,*,#2749,.F.);
#2749 = EDGE_CURVE('',#2750,#2207,#2752,.T.);
#2750 = VERTEX_POINT('',#2751);
#2751 = CARTESIAN_POINT('',(16.,-24.26252684332,5.662017788731));
#2752 = LINE('',#2753,#2754);
#2753 = CARTESIAN_POINT('',(-1.077979915227E-15,-24.26252684332,
    5.662017788731));
#2754 = VECTOR('',#2755,1.);
#2755 = DIRECTION('',(-1.,3.330669073875E-16,6.661338147751E-16));
#2756 = ORIENTED_EDGE('',*,*,#2757,.T.);
#2757 = EDGE_CURVE('',#2750,#2758,#2760,.T.);
#2758 = VERTEX_POINT('',#2759);
#2759 = CARTESIAN_POINT('',(16.,-23.97230071163,4.956748320761));
#2760 = LINE('',#2761,#2762);
#2761 = CARTESIAN_POINT('',(16.,-25.27724512331,8.127853023131));
#2762 = VECTOR('',#2763,1.);
#2763 = DIRECTION('',(-4.892660246534E-16,0.380549177787,-0.924760684332
    ));
#2764 = ORIENTED_EDGE('',*,*,#2765,.T.);
#2765 = EDGE_CURVE('',#2758,#2766,#2768,.T.);
#2766 = VERTEX_POINT('',#2767);
#2767 = CARTESIAN_POINT('',(15.,-23.65199620468,4.178386331473));
#2768 = HYPERBOLA('',#2769,0.476701437038,0.4);
#2769 = AXIS2_PLACEMENT_3D('',#2770,#2771,#2772);
#2770 = CARTESIAN_POINT('',(9.398758114807,-21.86990427373,
    -0.152219671115));
#2771 = DIRECTION('',(-1.954863635749E-16,0.924760684332,0.380549177787)
  );
#2772 = DIRECTION('',(1.,3.209826175305E-16,-2.663144407787E-16));
#2773 = ORIENTED_EDGE('',*,*,#2774,.F.);
#2774 = EDGE_CURVE('',#2775,#2766,#2777,.T.);
#2775 = VERTEX_POINT('',#2776);
#2776 = CARTESIAN_POINT('',(1.,-23.65199620468,4.178386331473));
#2777 = LINE('',#2778,#2779);
#2778 = CARTESIAN_POINT('',(2.616702486393E-15,-23.65199620468,
    4.178386331473));
#2779 = VECTOR('',#2780,1.);
#2780 = DIRECTION('',(1.,-3.330669073875E-16,-6.661338147751E-16));
#2781 = ORIENTED_EDGE('',*,*,#2782,.T.);
#2782 = EDGE_CURVE('',#2775,#2783,#2785,.T.);
#2783 = VERTEX_POINT('',#2784);
#2784 = CARTESIAN_POINT('',(0.,-23.97230071163,4.956748320761));
#2785 = HYPERBOLA('',#2786,0.476701437038,0.4);
#2786 = AXIS2_PLACEMENT_3D('',#2787,#2788,#2789);
#2787 = CARTESIAN_POINT('',(6.601241885193,-21.86990427373,
    -0.152219671115));
#2788 = DIRECTION('',(-1.954863635749E-16,0.924760684332,0.380549177787)
  );
#2789 = DIRECTION('',(-1.,-3.209826175305E-16,2.663144407787E-16));
#2790 = ORIENTED_EDGE('',*,*,#2791,.T.);
#2791 = EDGE_CURVE('',#2783,#2724,#2792,.T.);
#2792 = HYPERBOLA('',#2793,0.476701437038,0.4);
#2793 = AXIS2_PLACEMENT_3D('',#2794,#2795,#2796);
#2794 = CARTESIAN_POINT('',(-6.601241885193,-21.86990427373,
    -0.152219671115));
#2795 = DIRECTION('',(-1.954863635749E-16,0.924760684332,0.380549177787)
  );
#2796 = DIRECTION('',(1.,3.209826175305E-16,-2.663144407787E-16));
#2797 = PLANE('',#2798);
#2798 = AXIS2_PLACEMENT_3D('',#2799,#2800,#2801);
#2799 = CARTESIAN_POINT('',(4.74781689918E-16,-23.957261524,
    4.920202060102));
#2800 = DIRECTION('',(4.853233762138E-16,-0.924760684332,-0.380549177787
    ));
#2801 = DIRECTION('',(3.684267956871E-16,0.380549177787,-0.924760684332)
  );
#2802 = ADVANCED_FACE('',(#2803),#2866,.F.);
#2803 = FACE_BOUND('',#2804,.T.);
#2804 = EDGE_LOOP('',(#2805,#2815,#2822,#2823,#2832,#2841,#2850,#2859));
#2805 = ORIENTED_EDGE('',*,*,#2806,.F.);
#2806 = EDGE_CURVE('',#2807,#2809,#2811,.T.);
#2807 = VERTEX_POINT('',#2808);
#2808 = CARTESIAN_POINT('',(15.,-21.5,4.7));
#2809 = VERTEX_POINT('',#2810);
#2810 = CARTESIAN_POINT('',(16.,-21.5,5.539099631177));
#2811 = LINE('',#2812,#2813);
#2812 = CARTESIAN_POINT('',(15.,-21.5,4.7));
#2813 = VECTOR('',#2814,1.);
#2814 = DIRECTION('',(0.766044443119,-1.094882447998E-15,0.642787609687)
  );
#2815 = ORIENTED_EDGE('',*,*,#2816,.T.);
#2816 = EDGE_CURVE('',#2807,#2766,#2817,.T.);
#2817 = CIRCLE('',#2818,4.7);
#2818 = AXIS2_PLACEMENT_3D('',#2819,#2820,#2821);
#2819 = CARTESIAN_POINT('',(15.,-21.5,-7.605027718682E-15));
#2820 = DIRECTION('',(-1.,-3.330669073875E-16,-4.440892098501E-16));
#2821 = DIRECTION('',(-4.440892098501E-16,-1.110223024625E-16,1.));
#2822 = ORIENTED_EDGE('',*,*,#2765,.F.);
#2823 = ORIENTED_EDGE('',*,*,#2824,.T.);
#2824 = EDGE_CURVE('',#2758,#2825,#2827,.T.);
#2825 = VERTEX_POINT('',#2826);
#2826 = CARTESIAN_POINT('',(16.,-27.0188255606,-0.473486172638));
#2827 = CIRCLE('',#2828,5.539099631177);
#2828 = AXIS2_PLACEMENT_3D('',#2829,#2830,#2831);
#2829 = CARTESIAN_POINT('',(16.,-21.5,-9.492406860545E-15));
#2830 = DIRECTION('',(1.,-1.110223024625E-16,-4.440892098501E-16));
#2831 = DIRECTION('',(4.440892098501E-16,1.110223024625E-16,1.));
#2832 = ORIENTED_EDGE('',*,*,#2833,.T.);
#2833 = EDGE_CURVE('',#2825,#2834,#2836,.T.);
#2834 = VERTEX_POINT('',#2835);
#2835 = CARTESIAN_POINT('',(16.,-19.11638410726,-5.));
#2836 = CIRCLE('',#2837,5.539099631177);
#2837 = AXIS2_PLACEMENT_3D('',#2838,#2839,#2840);
#2838 = CARTESIAN_POINT('',(16.,-21.5,-9.492406860545E-15));
#2839 = DIRECTION('',(1.,-1.110223024625E-16,-4.440892098501E-16));
#2840 = DIRECTION('',(4.440892098501E-16,1.110223024625E-16,1.));
#2841 = ORIENTED_EDGE('',*,*,#2842,.T.);
#2842 = EDGE_CURVE('',#2834,#2843,#2845,.T.);
#2843 = VERTEX_POINT('',#2844);
#2844 = CARTESIAN_POINT('',(16.,-18.41235644345,4.598704381872));
#2845 = CIRCLE('',#2846,5.539099631177);
#2846 = AXIS2_PLACEMENT_3D('',#2847,#2848,#2849);
#2847 = CARTESIAN_POINT('',(16.,-21.5,-9.492406860545E-15));
#2848 = DIRECTION('',(1.,-1.110223024625E-16,-4.440892098501E-16));
#2849 = DIRECTION('',(4.440892098501E-16,1.110223024625E-16,1.));
#2850 = ORIENTED_EDGE('',*,*,#2851,.T.);
#2851 = EDGE_CURVE('',#2843,#2852,#2854,.T.);
#2852 = VERTEX_POINT('',#2853);
#2853 = CARTESIAN_POINT('',(16.,-19.11638410726,5.));
#2854 = CIRCLE('',#2855,5.539099631177);
#2855 = AXIS2_PLACEMENT_3D('',#2856,#2857,#2858);
#2856 = CARTESIAN_POINT('',(16.,-21.5,-9.492406860545E-15));
#2857 = DIRECTION('',(1.,-1.110223024625E-16,-4.440892098501E-16));
#2858 = DIRECTION('',(4.440892098501E-16,1.110223024625E-16,1.));
#2859 = ORIENTED_EDGE('',*,*,#2860,.T.);
#2860 = EDGE_CURVE('',#2852,#2809,#2861,.T.);
#2861 = CIRCLE('',#2862,5.539099631177);
#2862 = AXIS2_PLACEMENT_3D('',#2863,#2864,#2865);
#2863 = CARTESIAN_POINT('',(16.,-21.5,-9.492406860545E-15));
#2864 = DIRECTION('',(1.,-1.110223024625E-16,-4.440892098501E-16));
#2865 = DIRECTION('',(4.440892098501E-16,1.110223024625E-16,1.));
#2866 = CONICAL_SURFACE('',#2867,4.7,0.698131700798);
#2867 = AXIS2_PLACEMENT_3D('',#2868,#2869,#2870);
#2868 = CARTESIAN_POINT('',(15.,-21.5,-7.605027718682E-15));
#2869 = DIRECTION('',(1.,-3.330669073875E-16,-6.661338147751E-16));
#2870 = DIRECTION('',(-4.440892098501E-16,-1.110223024625E-16,1.));
#2871 = ADVANCED_FACE('',(#2872),#2894,.T.);
#2872 = FACE_BOUND('',#2873,.F.);
#2873 = EDGE_LOOP('',(#2874,#2883,#2884,#2885,#2886,#2887));
#2874 = ORIENTED_EDGE('',*,*,#2875,.T.);
#2875 = EDGE_CURVE('',#2876,#2617,#2878,.T.);
#2876 = VERTEX_POINT('',#2877);
#2877 = CARTESIAN_POINT('',(16.,-27.73594224741,-0.896116224029));
#2878 = CIRCLE('',#2879,6.3);
#2879 = AXIS2_PLACEMENT_3D('',#2880,#2881,#2882);
#2880 = CARTESIAN_POINT('',(16.,-21.5,-1.165734175856E-15));
#2881 = DIRECTION('',(1.,-3.330669073875E-16,-2.22044604925E-16));
#2882 = DIRECTION('',(-3.330669073875E-16,-1.,1.110223024625E-16));
#2883 = ORIENTED_EDGE('',*,*,#2625,.T.);
#2884 = ORIENTED_EDGE('',*,*,#2197,.F.);
#2885 = ORIENTED_EDGE('',*,*,#2206,.F.);
#2886 = ORIENTED_EDGE('',*,*,#2749,.F.);
#2887 = ORIENTED_EDGE('',*,*,#2888,.T.);
#2888 = EDGE_CURVE('',#2750,#2876,#2889,.T.);
#2889 = CIRCLE('',#2890,6.3);
#2890 = AXIS2_PLACEMENT_3D('',#2891,#2892,#2893);
#2891 = CARTESIAN_POINT('',(16.,-21.5,-1.165734175856E-15));
#2892 = DIRECTION('',(1.,-3.330669073875E-16,-2.22044604925E-16));
#2893 = DIRECTION('',(-3.330669073875E-16,-1.,1.110223024625E-16));
#2894 = CYLINDRICAL_SURFACE('',#2895,6.3);
#2895 = AXIS2_PLACEMENT_3D('',#2896,#2897,#2898);
#2896 = CARTESIAN_POINT('',(2.386979502944E-15,-21.5,7.160938508833E-15)
  );
#2897 = DIRECTION('',(1.,-5.551115123126E-16,-4.440892098501E-16));
#2898 = DIRECTION('',(1.110223024625E-16,-1.,3.330669073875E-16));
#2899 = ADVANCED_FACE('',(#2900),#2947,.F.);
#2900 = FACE_BOUND('',#2901,.T.);
#2901 = EDGE_LOOP('',(#2902,#2903,#2904,#2905,#2906,#2915,#2924,#2932,
    #2941));
#2902 = ORIENTED_EDGE('',*,*,#2571,.F.);
#2903 = ORIENTED_EDGE('',*,*,#2277,.F.);
#2904 = ORIENTED_EDGE('',*,*,#2689,.T.);
#2905 = ORIENTED_EDGE('',*,*,#2715,.F.);
#2906 = ORIENTED_EDGE('',*,*,#2907,.T.);
#2907 = EDGE_CURVE('',#2707,#2908,#2910,.T.);
#2908 = VERTEX_POINT('',#2909);
#2909 = CARTESIAN_POINT('',(0.,-23.23249216416,5.261187662991));
#2910 = HYPERBOLA('',#2911,0.476701437038,0.4);
#2911 = AXIS2_PLACEMENT_3D('',#2912,#2913,#2914);
#2912 = CARTESIAN_POINT('',(-6.601241885193,-21.13009572626,
    0.152219671115));
#2913 = DIRECTION('',(1.955982334212E-16,-0.924760684332,-0.380549177787
    ));
#2914 = DIRECTION('',(1.,3.210860703661E-16,-2.662718688007E-16));
#2915 = ORIENTED_EDGE('',*,*,#2916,.T.);
#2916 = EDGE_CURVE('',#2908,#2917,#2919,.T.);
#2917 = VERTEX_POINT('',#2918);
#2918 = CARTESIAN_POINT('',(1.,-22.91218765721,4.482825673703));
#2919 = HYPERBOLA('',#2920,0.476701437038,0.4);
#2920 = AXIS2_PLACEMENT_3D('',#2921,#2922,#2923);
#2921 = CARTESIAN_POINT('',(6.601241885193,-21.13009572626,
    0.152219671115));
#2922 = DIRECTION('',(1.955982334212E-16,-0.924760684332,-0.380549177787
    ));
#2923 = DIRECTION('',(-1.,-3.210860703661E-16,2.662718688007E-16));
#2924 = ORIENTED_EDGE('',*,*,#2925,.F.);
#2925 = EDGE_CURVE('',#2926,#2917,#2928,.T.);
#2926 = VERTEX_POINT('',#2927);
#2927 = CARTESIAN_POINT('',(15.,-22.91218765721,4.482825673703));
#2928 = LINE('',#2929,#2930);
#2929 = CARTESIAN_POINT('',(-4.423979388382E-16,-22.91218765721,
    4.482825673703));
#2930 = VECTOR('',#2931,1.);
#2931 = DIRECTION('',(-1.,3.330669073875E-16,6.661338147751E-16));
#2932 = ORIENTED_EDGE('',*,*,#2933,.T.);
#2933 = EDGE_CURVE('',#2926,#2934,#2936,.T.);
#2934 = VERTEX_POINT('',#2935);
#2935 = CARTESIAN_POINT('',(16.,-23.23249216416,5.261187662991));
#2936 = HYPERBOLA('',#2937,0.476701437038,0.4);
#2937 = AXIS2_PLACEMENT_3D('',#2938,#2939,#2940);
#2938 = CARTESIAN_POINT('',(9.398758114807,-21.13009572626,
    0.152219671115));
#2939 = DIRECTION('',(1.955982334212E-16,-0.924760684332,-0.380549177787
    ));
#2940 = DIRECTION('',(1.,3.210860703661E-16,-2.662718688007E-16));
#2941 = ORIENTED_EDGE('',*,*,#2942,.T.);
#2942 = EDGE_CURVE('',#2934,#2572,#2943,.T.);
#2943 = LINE('',#2944,#2945);
#2944 = CARTESIAN_POINT('',(16.,-24.53743657585,8.432292365361));
#2945 = VECTOR('',#2946,1.);
#2946 = DIRECTION('',(4.892660246534E-16,-0.380549177787,0.924760684332)
  );
#2947 = PLANE('',#2948);
#2948 = AXIS2_PLACEMENT_3D('',#2949,#2950,#2951);
#2949 = CARTESIAN_POINT('',(2.574482146589E-16,-23.21745297653,
    5.224641402332));
#2950 = DIRECTION('',(-4.854352460601E-16,0.924760684332,0.380549177787)
  );
#2951 = DIRECTION('',(-3.684267956871E-16,-0.380549177787,0.924760684332
    ));
#2952 = ADVANCED_FACE('',(#2953),#2971,.F.);
#2953 = FACE_BOUND('',#2954,.T.);
#2954 = EDGE_LOOP('',(#2955,#2962,#2963,#2970));
#2955 = ORIENTED_EDGE('',*,*,#2956,.T.);
#2956 = EDGE_CURVE('',#2926,#2807,#2957,.T.);
#2957 = CIRCLE('',#2958,4.7);
#2958 = AXIS2_PLACEMENT_3D('',#2959,#2960,#2961);
#2959 = CARTESIAN_POINT('',(15.,-21.5,-7.605027718682E-15));
#2960 = DIRECTION('',(-1.,-3.330669073875E-16,-4.440892098501E-16));
#2961 = DIRECTION('',(-4.440892098501E-16,-1.110223024625E-16,1.));
#2962 = ORIENTED_EDGE('',*,*,#2806,.T.);
#2963 = ORIENTED_EDGE('',*,*,#2964,.T.);
#2964 = EDGE_CURVE('',#2809,#2934,#2965,.T.);
#2965 = CIRCLE('',#2966,5.539099631177);
#2966 = AXIS2_PLACEMENT_3D('',#2967,#2968,#2969);
#2967 = CARTESIAN_POINT('',(16.,-21.5,-9.492406860545E-15));
#2968 = DIRECTION('',(1.,-1.110223024625E-16,-4.440892098501E-16));
#2969 = DIRECTION('',(4.440892098501E-16,1.110223024625E-16,1.));
#2970 = ORIENTED_EDGE('',*,*,#2933,.F.);
#2971 = CONICAL_SURFACE('',#2972,4.7,0.698131700798);
#2972 = AXIS2_PLACEMENT_3D('',#2973,#2974,#2975);
#2973 = CARTESIAN_POINT('',(15.,-21.5,-7.605027718682E-15));
#2974 = DIRECTION('',(1.,-3.330669073875E-16,-6.661338147751E-16));
#2975 = DIRECTION('',(-4.440892098501E-16,-1.110223024625E-16,1.));
#2976 = ADVANCED_FACE('',(#2977),#2999,.F.);
#2977 = FACE_BOUND('',#2978,.T.);
#2978 = EDGE_LOOP('',(#2979,#2980,#2981,#2990,#2997,#2998));
#2979 = ORIENTED_EDGE('',*,*,#2956,.F.);
#2980 = ORIENTED_EDGE('',*,*,#2925,.T.);
#2981 = ORIENTED_EDGE('',*,*,#2982,.F.);
#2982 = EDGE_CURVE('',#2983,#2917,#2985,.T.);
#2983 = VERTEX_POINT('',#2984);
#2984 = CARTESIAN_POINT('',(1.,-21.5,4.7));
#2985 = CIRCLE('',#2986,4.7);
#2986 = AXIS2_PLACEMENT_3D('',#2987,#2988,#2989);
#2987 = CARTESIAN_POINT('',(1.,-21.5,-4.074794254281E-15));
#2988 = DIRECTION('',(1.,-3.330669073875E-16,-2.22044604925E-16));
#2989 = DIRECTION('',(-2.22044604925E-16,-1.110223024625E-16,-1.));
#2990 = ORIENTED_EDGE('',*,*,#2991,.F.);
#2991 = EDGE_CURVE('',#2775,#2983,#2992,.T.);
#2992 = CIRCLE('',#2993,4.7);
#2993 = AXIS2_PLACEMENT_3D('',#2994,#2995,#2996);
#2994 = CARTESIAN_POINT('',(1.,-21.5,-4.074794254281E-15));
#2995 = DIRECTION('',(1.,-3.330669073875E-16,-2.22044604925E-16));
#2996 = DIRECTION('',(-2.22044604925E-16,-1.110223024625E-16,-1.));
#2997 = ORIENTED_EDGE('',*,*,#2774,.T.);
#2998 = ORIENTED_EDGE('',*,*,#2816,.F.);
#2999 = CYLINDRICAL_SURFACE('',#3000,4.7);
#3000 = AXIS2_PLACEMENT_3D('',#3001,#3002,#3003);
#3001 = CARTESIAN_POINT('',(2.386979502944E-15,-21.5,7.160938508832E-15)
  );
#3002 = DIRECTION('',(1.,-5.551115123126E-16,-4.440892098501E-16));
#3003 = DIRECTION('',(1.110223024625E-16,-1.,3.330669073875E-16));
#3004 = ADVANCED_FACE('',(#3005),#3024,.F.);
#3005 = FACE_BOUND('',#3006,.F.);
#3006 = EDGE_LOOP('',(#3007,#3016,#3022,#3023));
#3007 = ORIENTED_EDGE('',*,*,#3008,.T.);
#3008 = EDGE_CURVE('',#2908,#3009,#3011,.T.);
#3009 = VERTEX_POINT('',#3010);
#3010 = CARTESIAN_POINT('',(0.,-21.5,5.539099631177));
#3011 = CIRCLE('',#3012,5.539099631177);
#3012 = AXIS2_PLACEMENT_3D('',#3013,#3014,#3015);
#3013 = CARTESIAN_POINT('',(1.418507830908E-15,-21.5,2.386979502944E-15)
  );
#3014 = DIRECTION('',(-1.,-3.330669073875E-16,-4.440892098501E-16));
#3015 = DIRECTION('',(-4.440892098501E-16,-1.110223024625E-16,1.));
#3016 = ORIENTED_EDGE('',*,*,#3017,.T.);
#3017 = EDGE_CURVE('',#3009,#2705,#3018,.T.);
#3018 = LINE('',#3019,#3020);
#3019 = CARTESIAN_POINT('',(-7.105427357601E-15,-21.5,5.539099631177));
#3020 = VECTOR('',#3021,1.);
#3021 = DIRECTION('',(-0.766044443119,1.094882447998E-15,-0.642787609687
    ));
#3022 = ORIENTED_EDGE('',*,*,#2704,.T.);
#3023 = ORIENTED_EDGE('',*,*,#2907,.T.);
#3024 = CONICAL_SURFACE('',#3025,5.539099631177,0.698131700798);
#3025 = AXIS2_PLACEMENT_3D('',#3026,#3027,#3028);
#3026 = CARTESIAN_POINT('',(1.418507830908E-15,-21.5,2.386979502944E-15)
  );
#3027 = DIRECTION('',(1.,-3.330669073875E-16,-6.661338147751E-16));
#3028 = DIRECTION('',(-4.440892098501E-16,-1.110223024625E-16,1.));
#3029 = ADVANCED_FACE('',(#3030),#3042,.F.);
#3030 = FACE_BOUND('',#3031,.F.);
#3031 = EDGE_LOOP('',(#3032,#3033,#3040,#3041));
#3032 = ORIENTED_EDGE('',*,*,#3017,.F.);
#3033 = ORIENTED_EDGE('',*,*,#3034,.T.);
#3034 = EDGE_CURVE('',#3009,#2783,#3035,.T.);
#3035 = CIRCLE('',#3036,5.539099631177);
#3036 = AXIS2_PLACEMENT_3D('',#3037,#3038,#3039);
#3037 = CARTESIAN_POINT('',(1.418507830908E-15,-21.5,2.386979502944E-15)
  );
#3038 = DIRECTION('',(-1.,-3.330669073875E-16,-4.440892098501E-16));
#3039 = DIRECTION('',(-4.440892098501E-16,-1.110223024625E-16,1.));
#3040 = ORIENTED_EDGE('',*,*,#2791,.T.);
#3041 = ORIENTED_EDGE('',*,*,#2731,.T.);
#3042 = CONICAL_SURFACE('',#3043,5.539099631177,0.698131700798);
#3043 = AXIS2_PLACEMENT_3D('',#3044,#3045,#3046);
#3044 = CARTESIAN_POINT('',(1.418507830908E-15,-21.5,2.386979502944E-15)
  );
#3045 = DIRECTION('',(1.,-3.330669073875E-16,-6.661338147751E-16));
#3046 = DIRECTION('',(-4.440892098501E-16,-1.110223024625E-16,1.));
#3047 = ADVANCED_FACE('',(#3048),#3059,.F.);
#3048 = FACE_BOUND('',#3049,.F.);
#3049 = EDGE_LOOP('',(#3050,#3056,#3057,#3058));
#3050 = ORIENTED_EDGE('',*,*,#3051,.F.);
#3051 = EDGE_CURVE('',#2983,#3009,#3052,.T.);
#3052 = LINE('',#3053,#3054);
#3053 = CARTESIAN_POINT('',(1.357526077778,-21.5,4.4));
#3054 = VECTOR('',#3055,1.);
#3055 = DIRECTION('',(-0.766044443119,9.578980209336E-17,0.642787609687)
  );
#3056 = ORIENTED_EDGE('',*,*,#2991,.F.);
#3057 = ORIENTED_EDGE('',*,*,#2782,.T.);
#3058 = ORIENTED_EDGE('',*,*,#3034,.F.);
#3059 = CONICAL_SURFACE('',#3060,4.4,0.698131700798);
#3060 = AXIS2_PLACEMENT_3D('',#3061,#3062,#3063);
#3061 = CARTESIAN_POINT('',(1.357526077778,-21.5,1.482685478097E-15));
#3062 = DIRECTION('',(-1.,3.330669073875E-16,6.661338147751E-16));
#3063 = DIRECTION('',(-4.440892098501E-16,-1.110223024625E-16,1.));
#3064 = ADVANCED_FACE('',(#3065),#3071,.F.);
#3065 = FACE_BOUND('',#3066,.F.);
#3066 = EDGE_LOOP('',(#3067,#3068,#3069,#3070));
#3067 = ORIENTED_EDGE('',*,*,#2982,.F.);
#3068 = ORIENTED_EDGE('',*,*,#3051,.T.);
#3069 = ORIENTED_EDGE('',*,*,#3008,.F.);
#3070 = ORIENTED_EDGE('',*,*,#2916,.T.);
#3071 = CONICAL_SURFACE('',#3072,4.4,0.698131700798);
#3072 = AXIS2_PLACEMENT_3D('',#3073,#3074,#3075);
#3073 = CARTESIAN_POINT('',(1.357526077778,-21.5,1.482685478097E-15));
#3074 = DIRECTION('',(-1.,3.330669073875E-16,6.661338147751E-16));
#3075 = DIRECTION('',(-4.440892098501E-16,-1.110223024625E-16,1.));
#3076 = ADVANCED_FACE('',(#3077),#3146,.F.);
#3077 = FACE_BOUND('',#3078,.F.);
#3078 = EDGE_LOOP('',(#3079,#3087,#3088,#3097,#3105,#3114,#3123,#3131,
    #3140));
#3079 = ORIENTED_EDGE('',*,*,#3080,.F.);
#3080 = EDGE_CURVE('',#2333,#3081,#3083,.T.);
#3081 = VERTEX_POINT('',#3082);
#3082 = CARTESIAN_POINT('',(16.,23.52271829586,5.966457130961));
#3083 = LINE('',#3084,#3085);
#3084 = CARTESIAN_POINT('',(-7.011551295928E-15,23.52271829586,
    5.966457130961));
#3085 = VECTOR('',#3086,1.);
#3086 = DIRECTION('',(1.,-6.661338147751E-16,3.574525976783E-31));
#3087 = ORIENTED_EDGE('',*,*,#2330,.F.);
#3088 = ORIENTED_EDGE('',*,*,#3089,.T.);
#3089 = EDGE_CURVE('',#2331,#3090,#3092,.T.);
#3090 = VERTEX_POINT('',#3091);
#3091 = CARTESIAN_POINT('',(-15.,22.912187657215,4.482825673703));
#3092 = HYPERBOLA('',#3093,0.476701437038,0.4);
#3093 = AXIS2_PLACEMENT_3D('',#3094,#3095,#3096);
#3094 = CARTESIAN_POINT('',(-9.398758114807,21.130095726267,
    0.152219671115));
#3095 = DIRECTION('',(-3.827661856588E-16,-0.924760684332,0.380549177787
    ));
#3096 = DIRECTION('',(-1.,3.470524770811E-16,-1.624644147538E-16));
#3097 = ORIENTED_EDGE('',*,*,#3098,.F.);
#3098 = EDGE_CURVE('',#3099,#3090,#3101,.T.);
#3099 = VERTEX_POINT('',#3100);
#3100 = CARTESIAN_POINT('',(-1.,22.912187657215,4.482825673703));
#3101 = LINE('',#3102,#3103);
#3102 = CARTESIAN_POINT('',(-9.069076678975E-15,22.912187657215,
    4.482825673703));
#3103 = VECTOR('',#3104,1.);
#3104 = DIRECTION('',(-1.,6.661338147751E-16,-3.574525976783E-31));
#3105 = ORIENTED_EDGE('',*,*,#3106,.T.);
#3106 = EDGE_CURVE('',#3099,#3107,#3109,.T.);
#3107 = VERTEX_POINT('',#3108);
#3108 = CARTESIAN_POINT('',(0.,23.232492164168,5.261187662991));
#3109 = HYPERBOLA('',#3110,0.476701437038,0.4);
#3110 = AXIS2_PLACEMENT_3D('',#3111,#3112,#3113);
#3111 = CARTESIAN_POINT('',(-6.601241885193,21.130095726267,
    0.152219671115));
#3112 = DIRECTION('',(-3.827661856588E-16,-0.924760684332,0.380549177787
    ));
#3113 = DIRECTION('',(1.,-3.470524770811E-16,1.624644147538E-16));
#3114 = ORIENTED_EDGE('',*,*,#3115,.T.);
#3115 = EDGE_CURVE('',#3107,#3116,#3118,.T.);
#3116 = VERTEX_POINT('',#3117);
#3117 = CARTESIAN_POINT('',(1.,22.912187657215,4.482825673703));
#3118 = HYPERBOLA('',#3119,0.476701437038,0.4);
#3119 = AXIS2_PLACEMENT_3D('',#3120,#3121,#3122);
#3120 = CARTESIAN_POINT('',(6.601241885193,21.130095726267,
    0.152219671115));
#3121 = DIRECTION('',(-3.827661856588E-16,-0.924760684332,0.380549177787
    ));
#3122 = DIRECTION('',(-1.,3.470524770811E-16,-1.624644147538E-16));
#3123 = ORIENTED_EDGE('',*,*,#3124,.F.);
#3124 = EDGE_CURVE('',#3125,#3116,#3127,.T.);
#3125 = VERTEX_POINT('',#3126);
#3126 = CARTESIAN_POINT('',(15.,22.912187657215,4.482825673703));
#3127 = LINE('',#3128,#3129);
#3128 = CARTESIAN_POINT('',(-9.069076678975E-15,22.912187657215,
    4.482825673703));
#3129 = VECTOR('',#3130,1.);
#3130 = DIRECTION('',(-1.,6.661338147751E-16,-3.574525976783E-31));
#3131 = ORIENTED_EDGE('',*,*,#3132,.T.);
#3132 = EDGE_CURVE('',#3125,#3133,#3135,.T.);
#3133 = VERTEX_POINT('',#3134);
#3134 = CARTESIAN_POINT('',(16.,23.232492164168,5.261187662991));
#3135 = HYPERBOLA('',#3136,0.476701437038,0.4);
#3136 = AXIS2_PLACEMENT_3D('',#3137,#3138,#3139);
#3137 = CARTESIAN_POINT('',(9.398758114807,21.130095726267,
    0.152219671115));
#3138 = DIRECTION('',(-3.827661856588E-16,-0.924760684332,0.380549177787
    ));
#3139 = DIRECTION('',(1.,-3.470524770811E-16,1.624644147538E-16));
#3140 = ORIENTED_EDGE('',*,*,#3141,.F.);
#3141 = EDGE_CURVE('',#3081,#3133,#3142,.T.);
#3142 = LINE('',#3143,#3144);
#3143 = CARTESIAN_POINT('',(16.,23.875678261483,6.824174131558));
#3144 = VECTOR('',#3145,1.);
#3145 = DIRECTION('',(1.474068771177E-15,-0.380549177787,-0.924760684332
    ));
#3146 = PLANE('',#3147);
#3147 = AXIS2_PLACEMENT_3D('',#3148,#3149,#3150);
#3148 = CARTESIAN_POINT('',(-8.635620481708E-15,23.217452976537,
    5.224641402332));
#3149 = DIRECTION('',(-2.619269566924E-16,-0.924760684332,0.380549177787
    ));
#3150 = DIRECTION('',(7.005132542442E-16,-0.380549177787,-0.924760684332
    ));
#3151 = ADVANCED_FACE('',(#3152),#3171,.F.);
#3152 = FACE_BOUND('',#3153,.F.);
#3153 = EDGE_LOOP('',(#3154,#3155,#3163,#3170));
#3154 = ORIENTED_EDGE('',*,*,#2340,.T.);
#3155 = ORIENTED_EDGE('',*,*,#3156,.T.);
#3156 = EDGE_CURVE('',#2341,#3157,#3159,.T.);
#3157 = VERTEX_POINT('',#3158);
#3158 = CARTESIAN_POINT('',(-15.,21.5,4.7));
#3159 = LINE('',#3160,#3161);
#3160 = CARTESIAN_POINT('',(-16.5,21.5,5.958649446766));
#3161 = VECTOR('',#3162,1.);
#3162 = DIRECTION('',(0.766044443119,-4.115558318765E-16,-0.642787609687
    ));
#3163 = ORIENTED_EDGE('',*,*,#3164,.F.);
#3164 = EDGE_CURVE('',#3090,#3157,#3165,.T.);
#3165 = CIRCLE('',#3166,4.7);
#3166 = AXIS2_PLACEMENT_3D('',#3167,#3168,#3169);
#3167 = CARTESIAN_POINT('',(-15.,21.5,-1.360023205166E-14));
#3168 = DIRECTION('',(1.,-2.22044604925E-16,1.110223024625E-16));
#3169 = DIRECTION('',(-1.110223024625E-16,1.110223024625E-16,1.));
#3170 = ORIENTED_EDGE('',*,*,#3089,.F.);
#3171 = CONICAL_SURFACE('',#3172,5.958649446766,0.698131700798);
#3172 = AXIS2_PLACEMENT_3D('',#3173,#3174,#3175);
#3173 = CARTESIAN_POINT('',(-16.5,21.5,-1.376676550535E-14));
#3174 = DIRECTION('',(-1.,2.22044604925E-16,-1.110223024625E-16));
#3175 = DIRECTION('',(-1.110223024625E-16,1.110223024625E-16,1.));
#3176 = ADVANCED_FACE('',(#3177),#3196,.T.);
#3177 = FACE_BOUND('',#3178,.T.);
#3178 = EDGE_LOOP('',(#3179,#3180,#3181,#3189));
#3179 = ORIENTED_EDGE('',*,*,#3080,.F.);
#3180 = ORIENTED_EDGE('',*,*,#2402,.T.);
#3181 = ORIENTED_EDGE('',*,*,#3182,.T.);
#3182 = EDGE_CURVE('',#2394,#3183,#3185,.T.);
#3183 = VERTEX_POINT('',#3184);
#3184 = CARTESIAN_POINT('',(16.,16.19446397918,-3.39724705192));
#3185 = LINE('',#3186,#3187);
#3186 = CARTESIAN_POINT('',(-4.480430638619E-15,16.19446397918,
    -3.39724705192));
#3187 = VECTOR('',#3188,1.);
#3188 = DIRECTION('',(1.,-6.661338147751E-16,3.574525976783E-31));
#3189 = ORIENTED_EDGE('',*,*,#3190,.F.);
#3190 = EDGE_CURVE('',#3081,#3183,#3191,.T.);
#3191 = CIRCLE('',#3192,6.3);
#3192 = AXIS2_PLACEMENT_3D('',#3193,#3194,#3195);
#3193 = CARTESIAN_POINT('',(16.,21.5,-1.554312234477E-14));
#3194 = DIRECTION('',(1.,2.22044604925E-16,8.881784197001E-16));
#3195 = DIRECTION('',(-2.22044604925E-16,1.,-8.881784197001E-16));
#3196 = CYLINDRICAL_SURFACE('',#3197,6.3);
#3197 = AXIS2_PLACEMENT_3D('',#3198,#3199,#3200);
#3198 = CARTESIAN_POINT('',(-4.773959005888E-15,21.5,-1.909583602357E-14
    ));
#3199 = DIRECTION('',(1.,-4.440892098501E-16,2.22044604925E-16));
#3200 = DIRECTION('',(-2.22044604925E-16,1.,-8.881784197001E-16));
#3201 = ADVANCED_FACE('',(#3202),#3222,.F.);
#3202 = FACE_BOUND('',#3203,.F.);
#3203 = EDGE_LOOP('',(#3204,#3205,#3206,#3215));
#3204 = ORIENTED_EDGE('',*,*,#3156,.F.);
#3205 = ORIENTED_EDGE('',*,*,#2349,.T.);
#3206 = ORIENTED_EDGE('',*,*,#3207,.F.);
#3207 = EDGE_CURVE('',#3208,#2350,#3210,.T.);
#3208 = VERTEX_POINT('',#3209);
#3209 = CARTESIAN_POINT('',(-15.,23.65199620468,4.178386331473));
#3210 = HYPERBOLA('',#3211,0.476701437038,0.4);
#3211 = AXIS2_PLACEMENT_3D('',#3212,#3213,#3214);
#3212 = CARTESIAN_POINT('',(-9.398758114807,21.869904273733,
    -0.152219671115));
#3213 = DIRECTION('',(3.826543158125E-16,0.924760684332,-0.380549177787)
  );
#3214 = DIRECTION('',(-1.,3.469490242455E-16,-1.624218427758E-16));
#3215 = ORIENTED_EDGE('',*,*,#3216,.F.);
#3216 = EDGE_CURVE('',#3157,#3208,#3217,.T.);
#3217 = CIRCLE('',#3218,4.7);
#3218 = AXIS2_PLACEMENT_3D('',#3219,#3220,#3221);
#3219 = CARTESIAN_POINT('',(-15.,21.5,-1.360023205166E-14));
#3220 = DIRECTION('',(1.,-2.22044604925E-16,1.110223024625E-16));
#3221 = DIRECTION('',(-1.110223024625E-16,1.110223024625E-16,1.));
#3222 = CONICAL_SURFACE('',#3223,5.958649446766,0.698131700798);
#3223 = AXIS2_PLACEMENT_3D('',#3224,#3225,#3226);
#3224 = CARTESIAN_POINT('',(-16.5,21.5,-1.376676550535E-14));
#3225 = DIRECTION('',(-1.,2.22044604925E-16,-1.110223024625E-16));
#3226 = DIRECTION('',(-1.110223024625E-16,1.110223024625E-16,1.));
#3227 = ADVANCED_FACE('',(#3228),#3247,.F.);
#3228 = FACE_BOUND('',#3229,.F.);
#3229 = EDGE_LOOP('',(#3230,#3239,#3245,#3246));
#3230 = ORIENTED_EDGE('',*,*,#3231,.F.);
#3231 = EDGE_CURVE('',#3232,#3183,#3234,.T.);
#3232 = VERTEX_POINT('',#3233);
#3233 = CARTESIAN_POINT('',(16.,15.1838856895,-4.044341728477));
#3234 = CIRCLE('',#3235,0.6);
#3235 = AXIS2_PLACEMENT_3D('',#3236,#3237,#3238);
#3236 = CARTESIAN_POINT('',(16.,15.68917483434,-3.720794390198));
#3237 = DIRECTION('',(1.,2.22044604925E-16,8.881784197001E-16));
#3238 = DIRECTION('',(-2.22044604925E-16,1.,-8.881784197001E-16));
#3239 = ORIENTED_EDGE('',*,*,#3240,.F.);
#3240 = EDGE_CURVE('',#2385,#3232,#3241,.T.);
#3241 = LINE('',#3242,#3243);
#3242 = CARTESIAN_POINT('',(-4.417456332087E-15,15.1838856895,
    -4.044341728477));
#3243 = VECTOR('',#3244,1.);
#3244 = DIRECTION('',(1.,-6.661338147751E-16,3.574525976783E-31));
#3245 = ORIENTED_EDGE('',*,*,#2393,.T.);
#3246 = ORIENTED_EDGE('',*,*,#3182,.T.);
#3247 = CYLINDRICAL_SURFACE('',#3248,0.6);
#3248 = AXIS2_PLACEMENT_3D('',#3249,#3250,#3251);
#3249 = CARTESIAN_POINT('',(-1.789673461753E-16,15.68917483434,
    -3.720794390198));
#3250 = DIRECTION('',(1.,-4.440892098501E-16,2.22044604925E-16));
#3251 = DIRECTION('',(-2.22044604925E-16,1.,-8.881784197001E-16));
#3252 = ADVANCED_FACE('',(#3253),#3314,.F.);
#3253 = FACE_BOUND('',#3254,.F.);
#3254 = EDGE_LOOP('',(#3255,#3263,#3264,#3265,#3273,#3281,#3290,#3298,
    #3307));
#3255 = ORIENTED_EDGE('',*,*,#3256,.F.);
#3256 = EDGE_CURVE('',#3208,#3257,#3259,.T.);
#3257 = VERTEX_POINT('',#3258);
#3258 = CARTESIAN_POINT('',(-1.,23.65199620468,4.178386331473));
#3259 = LINE('',#3260,#3261);
#3260 = CARTESIAN_POINT('',(-6.188782885237E-15,23.65199620468,
    4.178386331473));
#3261 = VECTOR('',#3262,1.);
#3262 = DIRECTION('',(1.,-6.661338147751E-16,3.574525976783E-31));
#3263 = ORIENTED_EDGE('',*,*,#3207,.T.);
#3264 = ORIENTED_EDGE('',*,*,#2358,.F.);
#3265 = ORIENTED_EDGE('',*,*,#3266,.F.);
#3266 = EDGE_CURVE('',#3267,#2359,#3269,.T.);
#3267 = VERTEX_POINT('',#3268);
#3268 = CARTESIAN_POINT('',(16.,24.262526843325,5.662017788731));
#3269 = LINE('',#3270,#3271);
#3270 = CARTESIAN_POINT('',(-1.041624519932E-14,24.262526843325,
    5.662017788731));
#3271 = VECTOR('',#3272,1.);
#3272 = DIRECTION('',(-1.,6.661338147751E-16,-3.574525976783E-31));
#3273 = ORIENTED_EDGE('',*,*,#3274,.F.);
#3274 = EDGE_CURVE('',#3275,#3267,#3277,.T.);
#3275 = VERTEX_POINT('',#3276);
#3276 = CARTESIAN_POINT('',(16.,23.972300711633,4.956748320761));
#3277 = LINE('',#3278,#3279);
#3278 = CARTESIAN_POINT('',(16.,24.615486808948,6.519734789329));
#3279 = VECTOR('',#3280,1.);
#3280 = DIRECTION('',(-1.474068771177E-15,0.380549177787,0.924760684332)
  );
#3281 = ORIENTED_EDGE('',*,*,#3282,.T.);
#3282 = EDGE_CURVE('',#3275,#3283,#3285,.T.);
#3283 = VERTEX_POINT('',#3284);
#3284 = CARTESIAN_POINT('',(15.,23.65199620468,4.178386331473));
#3285 = HYPERBOLA('',#3286,0.476701437038,0.4);
#3286 = AXIS2_PLACEMENT_3D('',#3287,#3288,#3289);
#3287 = CARTESIAN_POINT('',(9.398758114807,21.869904273733,
    -0.152219671115));
#3288 = DIRECTION('',(3.826543158125E-16,0.924760684332,-0.380549177787)
  );
#3289 = DIRECTION('',(1.,-3.469490242455E-16,1.624218427758E-16));
#3290 = ORIENTED_EDGE('',*,*,#3291,.F.);
#3291 = EDGE_CURVE('',#3292,#3283,#3294,.T.);
#3292 = VERTEX_POINT('',#3293);
#3293 = CARTESIAN_POINT('',(1.,23.65199620468,4.178386331473));
#3294 = LINE('',#3295,#3296);
#3295 = CARTESIAN_POINT('',(-6.188782885237E-15,23.65199620468,
    4.178386331473));
#3296 = VECTOR('',#3297,1.);
#3297 = DIRECTION('',(1.,-6.661338147751E-16,3.574525976783E-31));
#3298 = ORIENTED_EDGE('',*,*,#3299,.T.);
#3299 = EDGE_CURVE('',#3292,#3300,#3302,.T.);
#3300 = VERTEX_POINT('',#3301);
#3301 = CARTESIAN_POINT('',(0.,23.972300711633,4.956748320761));
#3302 = HYPERBOLA('',#3303,0.476701437038,0.4);
#3303 = AXIS2_PLACEMENT_3D('',#3304,#3305,#3306);
#3304 = CARTESIAN_POINT('',(6.601241885193,21.869904273733,
    -0.152219671115));
#3305 = DIRECTION('',(3.826543158125E-16,0.924760684332,-0.380549177787)
  );
#3306 = DIRECTION('',(-1.,3.469490242455E-16,-1.624218427758E-16));
#3307 = ORIENTED_EDGE('',*,*,#3308,.T.);
#3308 = EDGE_CURVE('',#3300,#3257,#3309,.T.);
#3309 = HYPERBOLA('',#3310,0.476701437038,0.4);
#3310 = AXIS2_PLACEMENT_3D('',#3311,#3312,#3313);
#3311 = CARTESIAN_POINT('',(-6.601241885193,21.869904273733,
    -0.152219671115));
#3312 = DIRECTION('',(3.826543158125E-16,0.924760684332,-0.380549177787)
  );
#3313 = DIRECTION('',(1.,-3.469490242455E-16,1.624218427758E-16));
#3314 = PLANE('',#3315);
#3315 = AXIS2_PLACEMENT_3D('',#3316,#3317,#3318);
#3316 = CARTESIAN_POINT('',(-8.597093637943E-15,23.957261524003,
    4.920202060102));
#3317 = DIRECTION('',(2.618150868462E-16,0.924760684332,-0.380549177787)
  );
#3318 = DIRECTION('',(-7.005132542442E-16,0.380549177787,0.924760684332)
  );
#3319 = ADVANCED_FACE('',(#3320),#3339,.F.);
#3320 = FACE_BOUND('',#3321,.F.);
#3321 = EDGE_LOOP('',(#3322,#3331,#3337,#3338));
#3322 = ORIENTED_EDGE('',*,*,#3323,.F.);
#3323 = EDGE_CURVE('',#3324,#3232,#3326,.T.);
#3324 = VERTEX_POINT('',#3325);
#3325 = CARTESIAN_POINT('',(16.,23.140199756447,-7.318452347249));
#3326 = CIRCLE('',#3327,7.5);
#3327 = AXIS2_PLACEMENT_3D('',#3328,#3329,#3330);
#3328 = CARTESIAN_POINT('',(16.,21.5,-1.554312234475E-14));
#3329 = DIRECTION('',(1.,2.22044604925E-16,8.881784197001E-16));
#3330 = DIRECTION('',(-2.22044604925E-16,1.,-8.881784197001E-16));
#3331 = ORIENTED_EDGE('',*,*,#3332,.T.);
#3332 = EDGE_CURVE('',#3324,#2376,#3333,.T.);
#3333 = LINE('',#3334,#3335);
#3334 = CARTESIAN_POINT('',(1.361934927623E-15,23.140199756447,
    -7.318452347249));
#3335 = VECTOR('',#3336,1.);
#3336 = DIRECTION('',(-1.,6.661338147751E-16,-3.574525976783E-31));
#3337 = ORIENTED_EDGE('',*,*,#2384,.T.);
#3338 = ORIENTED_EDGE('',*,*,#3240,.T.);
#3339 = CYLINDRICAL_SURFACE('',#3340,7.5);
#3340 = AXIS2_PLACEMENT_3D('',#3341,#3342,#3343);
#3341 = CARTESIAN_POINT('',(-4.773959005888E-15,21.5,-1.909583602355E-14
    ));
#3342 = DIRECTION('',(1.,-4.440892098501E-16,2.22044604925E-16));
#3343 = DIRECTION('',(-2.22044604925E-16,1.,-8.881784197001E-16));
#3344 = ADVANCED_FACE('',(#3345),#3364,.T.);
#3345 = FACE_BOUND('',#3346,.T.);
#3346 = EDGE_LOOP('',(#3347,#3356,#3362,#3363));
#3347 = ORIENTED_EDGE('',*,*,#3348,.F.);
#3348 = EDGE_CURVE('',#3349,#3267,#3351,.T.);
#3349 = VERTEX_POINT('',#3350);
#3350 = CARTESIAN_POINT('',(16.,22.877767795416,-6.147499971689));
#3351 = CIRCLE('',#3352,6.3);
#3352 = AXIS2_PLACEMENT_3D('',#3353,#3354,#3355);
#3353 = CARTESIAN_POINT('',(16.,21.5,-1.554312234475E-14));
#3354 = DIRECTION('',(1.,2.22044604925E-16,8.881784197001E-16));
#3355 = DIRECTION('',(-2.22044604925E-16,1.,-8.881784197001E-16));
#3356 = ORIENTED_EDGE('',*,*,#3357,.T.);
#3357 = EDGE_CURVE('',#3349,#2367,#3358,.T.);
#3358 = LINE('',#3359,#3360);
#3359 = CARTESIAN_POINT('',(3.801918982615E-16,22.877767795416,
    -6.147499971689));
#3360 = VECTOR('',#3361,1.);
#3361 = DIRECTION('',(-1.,6.661338147751E-16,-3.574525976783E-31));
#3362 = ORIENTED_EDGE('',*,*,#2366,.T.);
#3363 = ORIENTED_EDGE('',*,*,#3266,.F.);
#3364 = CYLINDRICAL_SURFACE('',#3365,6.3);
#3365 = AXIS2_PLACEMENT_3D('',#3366,#3367,#3368);
#3366 = CARTESIAN_POINT('',(-4.773959005888E-15,21.5,-1.909583602355E-14
    ));
#3367 = DIRECTION('',(1.,-4.440892098501E-16,2.22044604925E-16));
#3368 = DIRECTION('',(-2.22044604925E-16,1.,-8.881784197001E-16));
#3369 = ADVANCED_FACE('',(#3370),#3382,.F.);
#3370 = FACE_BOUND('',#3371,.F.);
#3371 = EDGE_LOOP('',(#3372,#3379,#3380,#3381));
#3372 = ORIENTED_EDGE('',*,*,#3373,.F.);
#3373 = EDGE_CURVE('',#3349,#3324,#3374,.T.);
#3374 = CIRCLE('',#3375,0.6);
#3375 = AXIS2_PLACEMENT_3D('',#3376,#3377,#3378);
#3376 = CARTESIAN_POINT('',(16.,23.008983775932,-6.732976159469));
#3377 = DIRECTION('',(1.,2.22044604925E-16,8.881784197001E-16));
#3378 = DIRECTION('',(-2.22044604925E-16,1.,-8.881784197001E-16));
#3379 = ORIENTED_EDGE('',*,*,#3357,.T.);
#3380 = ORIENTED_EDGE('',*,*,#2375,.T.);
#3381 = ORIENTED_EDGE('',*,*,#3332,.F.);
#3382 = CYLINDRICAL_SURFACE('',#3383,0.6);
#3383 = AXIS2_PLACEMENT_3D('',#3384,#3385,#3386);
#3384 = CARTESIAN_POINT('',(8.710634129424E-16,23.008983775932,
    -6.732976159469));
#3385 = DIRECTION('',(1.,-4.440892098501E-16,2.22044604925E-16));
#3386 = DIRECTION('',(-2.22044604925E-16,1.,-8.881784197001E-16));
#3387 = ADVANCED_FACE('',(#3388),#3415,.F.);
#3388 = FACE_BOUND('',#3389,.F.);
#3389 = EDGE_LOOP('',(#3390,#3399,#3407,#3414));
#3390 = ORIENTED_EDGE('',*,*,#3391,.T.);
#3391 = EDGE_CURVE('',#3125,#3392,#3394,.T.);
#3392 = VERTEX_POINT('',#3393);
#3393 = CARTESIAN_POINT('',(15.,21.5,4.7));
#3394 = CIRCLE('',#3395,4.7);
#3395 = AXIS2_PLACEMENT_3D('',#3396,#3397,#3398);
#3396 = CARTESIAN_POINT('',(15.,21.5,-1.026956297778E-14));
#3397 = DIRECTION('',(1.,-2.22044604925E-16,1.110223024625E-16));
#3398 = DIRECTION('',(-1.110223024625E-16,1.110223024625E-16,1.));
#3399 = ORIENTED_EDGE('',*,*,#3400,.T.);
#3400 = EDGE_CURVE('',#3392,#3401,#3403,.T.);
#3401 = VERTEX_POINT('',#3402);
#3402 = CARTESIAN_POINT('',(16.,21.5,5.539099631177));
#3403 = LINE('',#3404,#3405);
#3404 = CARTESIAN_POINT('',(15.,21.5,4.7));
#3405 = VECTOR('',#3406,1.);
#3406 = DIRECTION('',(0.766044443119,-2.68828311033E-16,0.642787609687)
  );
#3407 = ORIENTED_EDGE('',*,*,#3408,.F.);
#3408 = EDGE_CURVE('',#3133,#3401,#3409,.T.);
#3409 = CIRCLE('',#3410,5.539099631177);
#3410 = AXIS2_PLACEMENT_3D('',#3411,#3412,#3413);
#3411 = CARTESIAN_POINT('',(16.,21.5,-1.015854067532E-14));
#3412 = DIRECTION('',(1.,-2.22044604925E-16,1.110223024625E-16));
#3413 = DIRECTION('',(-1.110223024625E-16,1.110223024625E-16,1.));
#3414 = ORIENTED_EDGE('',*,*,#3132,.F.);
#3415 = CONICAL_SURFACE('',#3416,4.7,0.698131700798);
#3416 = AXIS2_PLACEMENT_3D('',#3417,#3418,#3419);
#3417 = CARTESIAN_POINT('',(15.,21.5,-1.026956297778E-14));
#3418 = DIRECTION('',(1.,-2.22044604925E-16,1.110223024625E-16));
#3419 = DIRECTION('',(-1.110223024625E-16,1.110223024625E-16,1.));
#3420 = ADVANCED_FACE('',(#3421),#3439,.F.);
#3421 = FACE_BOUND('',#3422,.F.);
#3422 = EDGE_LOOP('',(#3423,#3424,#3431,#3432));
#3423 = ORIENTED_EDGE('',*,*,#3400,.F.);
#3424 = ORIENTED_EDGE('',*,*,#3425,.T.);
#3425 = EDGE_CURVE('',#3392,#3283,#3426,.T.);
#3426 = CIRCLE('',#3427,4.7);
#3427 = AXIS2_PLACEMENT_3D('',#3428,#3429,#3430);
#3428 = CARTESIAN_POINT('',(15.,21.5,-1.026956297778E-14));
#3429 = DIRECTION('',(1.,-2.22044604925E-16,1.110223024625E-16));
#3430 = DIRECTION('',(-1.110223024625E-16,1.110223024625E-16,1.));
#3431 = ORIENTED_EDGE('',*,*,#3282,.F.);
#3432 = ORIENTED_EDGE('',*,*,#3433,.F.);
#3433 = EDGE_CURVE('',#3401,#3275,#3434,.T.);
#3434 = CIRCLE('',#3435,5.539099631177);
#3435 = AXIS2_PLACEMENT_3D('',#3436,#3437,#3438);
#3436 = CARTESIAN_POINT('',(16.,21.5,-1.015854067532E-14));
#3437 = DIRECTION('',(1.,-2.22044604925E-16,1.110223024625E-16));
#3438 = DIRECTION('',(-1.110223024625E-16,1.110223024625E-16,1.));
#3439 = CONICAL_SURFACE('',#3440,4.7,0.698131700798);
#3440 = AXIS2_PLACEMENT_3D('',#3441,#3442,#3443);
#3441 = CARTESIAN_POINT('',(15.,21.5,-1.026956297778E-14));
#3442 = DIRECTION('',(1.,-2.22044604925E-16,1.110223024625E-16));
#3443 = DIRECTION('',(-1.110223024625E-16,1.110223024625E-16,1.));
#3444 = ADVANCED_FACE('',(#3445),#3467,.F.);
#3445 = FACE_BOUND('',#3446,.F.);
#3446 = EDGE_LOOP('',(#3447,#3448,#3449,#3458,#3465,#3466));
#3447 = ORIENTED_EDGE('',*,*,#3391,.F.);
#3448 = ORIENTED_EDGE('',*,*,#3124,.T.);
#3449 = ORIENTED_EDGE('',*,*,#3450,.T.);
#3450 = EDGE_CURVE('',#3116,#3451,#3453,.T.);
#3451 = VERTEX_POINT('',#3452);
#3452 = CARTESIAN_POINT('',(1.,21.5,4.7));
#3453 = CIRCLE('',#3454,4.7);
#3454 = AXIS2_PLACEMENT_3D('',#3455,#3456,#3457);
#3455 = CARTESIAN_POINT('',(1.,21.5,-1.368946352449E-14));
#3456 = DIRECTION('',(1.,-2.22044604925E-16,4.440892098501E-16));
#3457 = DIRECTION('',(4.440892098501E-16,-1.110223024625E-16,-1.));
#3458 = ORIENTED_EDGE('',*,*,#3459,.T.);
#3459 = EDGE_CURVE('',#3451,#3292,#3460,.T.);
#3460 = CIRCLE('',#3461,4.7);
#3461 = AXIS2_PLACEMENT_3D('',#3462,#3463,#3464);
#3462 = CARTESIAN_POINT('',(1.,21.5,-1.368946352449E-14));
#3463 = DIRECTION('',(1.,-2.22044604925E-16,4.440892098501E-16));
#3464 = DIRECTION('',(4.440892098501E-16,-1.110223024625E-16,-1.));
#3465 = ORIENTED_EDGE('',*,*,#3291,.T.);
#3466 = ORIENTED_EDGE('',*,*,#3425,.F.);
#3467 = CYLINDRICAL_SURFACE('',#3468,4.7);
#3468 = AXIS2_PLACEMENT_3D('',#3469,#3470,#3471);
#3469 = CARTESIAN_POINT('',(-4.773959005888E-15,21.5,-1.909583602355E-14
    ));
#3470 = DIRECTION('',(1.,-4.440892098501E-16,2.22044604925E-16));
#3471 = DIRECTION('',(-2.22044604925E-16,1.,-8.881784197001E-16));
#3472 = ADVANCED_FACE('',(#3473),#3492,.F.);
#3473 = FACE_BOUND('',#3474,.T.);
#3474 = EDGE_LOOP('',(#3475,#3476,#3484,#3491));
#3475 = ORIENTED_EDGE('',*,*,#3450,.T.);
#3476 = ORIENTED_EDGE('',*,*,#3477,.T.);
#3477 = EDGE_CURVE('',#3451,#3478,#3480,.T.);
#3478 = VERTEX_POINT('',#3479);
#3479 = CARTESIAN_POINT('',(0.,21.5,5.539099631177));
#3480 = LINE('',#3481,#3482);
#3481 = CARTESIAN_POINT('',(1.357526077778,21.5,4.4));
#3482 = VECTOR('',#3483,1.);
#3483 = DIRECTION('',(-0.766044443119,4.115558318765E-16,0.642787609687)
  );
#3484 = ORIENTED_EDGE('',*,*,#3485,.F.);
#3485 = EDGE_CURVE('',#3107,#3478,#3486,.T.);
#3486 = CIRCLE('',#3487,5.539099631177);
#3487 = AXIS2_PLACEMENT_3D('',#3488,#3489,#3490);
#3488 = CARTESIAN_POINT('',(-9.68471672036E-16,21.5,-1.193489751472E-14)
  );
#3489 = DIRECTION('',(1.,-2.22044604925E-16,1.110223024625E-16));
#3490 = DIRECTION('',(-1.110223024625E-16,1.110223024625E-16,1.));
#3491 = ORIENTED_EDGE('',*,*,#3115,.T.);
#3492 = CONICAL_SURFACE('',#3493,4.4,0.698131700798);
#3493 = AXIS2_PLACEMENT_3D('',#3494,#3495,#3496);
#3494 = CARTESIAN_POINT('',(1.357526077778,21.5,-1.178418184391E-14));
#3495 = DIRECTION('',(-1.,2.22044604925E-16,-1.110223024625E-16));
#3496 = DIRECTION('',(-1.110223024625E-16,1.110223024625E-16,1.));
#3497 = ADVANCED_FACE('',(#3498),#3517,.F.);
#3498 = FACE_BOUND('',#3499,.T.);
#3499 = EDGE_LOOP('',(#3500,#3501,#3509,#3516));
#3500 = ORIENTED_EDGE('',*,*,#3485,.T.);
#3501 = ORIENTED_EDGE('',*,*,#3502,.T.);
#3502 = EDGE_CURVE('',#3478,#3503,#3505,.T.);
#3503 = VERTEX_POINT('',#3504);
#3504 = CARTESIAN_POINT('',(-1.,21.5,4.7));
#3505 = LINE('',#3506,#3507);
#3506 = CARTESIAN_POINT('',(-1.42108547152E-14,21.5,5.539099631177));
#3507 = VECTOR('',#3508,1.);
#3508 = DIRECTION('',(-0.766044443119,2.68828311033E-16,-0.642787609687)
  );
#3509 = ORIENTED_EDGE('',*,*,#3510,.F.);
#3510 = EDGE_CURVE('',#3099,#3503,#3511,.T.);
#3511 = CIRCLE('',#3512,4.7);
#3512 = AXIS2_PLACEMENT_3D('',#3513,#3514,#3515);
#3513 = CARTESIAN_POINT('',(-1.,21.5,-1.018033150495E-14));
#3514 = DIRECTION('',(1.,-2.22044604925E-16,4.440892098501E-16));
#3515 = DIRECTION('',(4.440892098501E-16,-1.110223024625E-16,-1.));
#3516 = ORIENTED_EDGE('',*,*,#3106,.T.);
#3517 = CONICAL_SURFACE('',#3518,5.539099631177,0.698131700798);
#3518 = AXIS2_PLACEMENT_3D('',#3519,#3520,#3521);
#3519 = CARTESIAN_POINT('',(-9.68471672036E-16,21.5,-1.193489751472E-14)
  );
#3520 = DIRECTION('',(1.,-2.22044604925E-16,1.110223024625E-16));
#3521 = DIRECTION('',(-1.110223024625E-16,1.110223024625E-16,1.));
#3522 = ADVANCED_FACE('',(#3523),#3537,.F.);
#3523 = FACE_BOUND('',#3524,.F.);
#3524 = EDGE_LOOP('',(#3525,#3526,#3527,#3528,#3529,#3530));
#3525 = ORIENTED_EDGE('',*,*,#3510,.F.);
#3526 = ORIENTED_EDGE('',*,*,#3098,.T.);
#3527 = ORIENTED_EDGE('',*,*,#3164,.T.);
#3528 = ORIENTED_EDGE('',*,*,#3216,.T.);
#3529 = ORIENTED_EDGE('',*,*,#3256,.T.);
#3530 = ORIENTED_EDGE('',*,*,#3531,.F.);
#3531 = EDGE_CURVE('',#3503,#3257,#3532,.T.);
#3532 = CIRCLE('',#3533,4.7);
#3533 = AXIS2_PLACEMENT_3D('',#3534,#3535,#3536);
#3534 = CARTESIAN_POINT('',(-1.,21.5,-1.018033150495E-14));
#3535 = DIRECTION('',(1.,-2.22044604925E-16,4.440892098501E-16));
#3536 = DIRECTION('',(4.440892098501E-16,-1.110223024625E-16,-1.));
#3537 = CYLINDRICAL_SURFACE('',#3538,4.7);
#3538 = AXIS2_PLACEMENT_3D('',#3539,#3540,#3541);
#3539 = CARTESIAN_POINT('',(-4.773959005888E-15,21.5,-1.909583602355E-14
    ));
#3540 = DIRECTION('',(1.,-4.440892098501E-16,2.22044604925E-16));
#3541 = DIRECTION('',(-2.22044604925E-16,1.,-8.881784197001E-16));
#3542 = ADVANCED_FACE('',(#3543),#3555,.F.);
#3543 = FACE_BOUND('',#3544,.T.);
#3544 = EDGE_LOOP('',(#3545,#3546,#3553,#3554));
#3545 = ORIENTED_EDGE('',*,*,#3502,.F.);
#3546 = ORIENTED_EDGE('',*,*,#3547,.T.);
#3547 = EDGE_CURVE('',#3478,#3300,#3548,.T.);
#3548 = CIRCLE('',#3549,5.539099631177);
#3549 = AXIS2_PLACEMENT_3D('',#3550,#3551,#3552);
#3550 = CARTESIAN_POINT('',(-9.68471672036E-16,21.5,-1.193489751472E-14)
  );
#3551 = DIRECTION('',(1.,-2.22044604925E-16,1.110223024625E-16));
#3552 = DIRECTION('',(-1.110223024625E-16,1.110223024625E-16,1.));
#3553 = ORIENTED_EDGE('',*,*,#3308,.T.);
#3554 = ORIENTED_EDGE('',*,*,#3531,.F.);
#3555 = CONICAL_SURFACE('',#3556,5.539099631177,0.698131700798);
#3556 = AXIS2_PLACEMENT_3D('',#3557,#3558,#3559);
#3557 = CARTESIAN_POINT('',(-9.68471672036E-16,21.5,-1.193489751472E-14)
  );
#3558 = DIRECTION('',(1.,-2.22044604925E-16,1.110223024625E-16));
#3559 = DIRECTION('',(-1.110223024625E-16,1.110223024625E-16,1.));
#3560 = ADVANCED_FACE('',(#3561),#3567,.F.);
#3561 = FACE_BOUND('',#3562,.T.);
#3562 = EDGE_LOOP('',(#3563,#3564,#3565,#3566));
#3563 = ORIENTED_EDGE('',*,*,#3477,.F.);
#3564 = ORIENTED_EDGE('',*,*,#3459,.T.);
#3565 = ORIENTED_EDGE('',*,*,#3299,.T.);
#3566 = ORIENTED_EDGE('',*,*,#3547,.F.);
#3567 = CONICAL_SURFACE('',#3568,4.4,0.698131700798);
#3568 = AXIS2_PLACEMENT_3D('',#3569,#3570,#3571);
#3569 = CARTESIAN_POINT('',(1.357526077778,21.5,-1.178418184391E-14));
#3570 = DIRECTION('',(-1.,2.22044604925E-16,-1.110223024625E-16));
#3571 = DIRECTION('',(-1.110223024625E-16,1.110223024625E-16,1.));
#3572 = ADVANCED_FACE('',(#3573,#3651,#3673),#3684,.T.);
#3573 = FACE_BOUND('',#3574,.T.);
#3574 = EDGE_LOOP('',(#3575,#3576,#3577,#3578,#3579,#3580,#3581,#3582,
    #3583,#3584,#3585,#3586,#3587,#3588,#3589,#3590,#3591,#3592,#3593,
    #3594,#3600,#3601,#3602,#3608,#3609,#3610,#3611,#3612,#3613,#3622,
    #3629,#3630,#3631,#3632,#3641,#3648,#3649,#3650));
#3575 = ORIENTED_EDGE('',*,*,#1124,.T.);
#3576 = ORIENTED_EDGE('',*,*,#31,.F.);
#3577 = ORIENTED_EDGE('',*,*,#64,.T.);
#3578 = ORIENTED_EDGE('',*,*,#144,.F.);
#3579 = ORIENTED_EDGE('',*,*,#961,.T.);
#3580 = ORIENTED_EDGE('',*,*,#970,.T.);
#3581 = ORIENTED_EDGE('',*,*,#937,.T.);
#3582 = ORIENTED_EDGE('',*,*,#905,.F.);
#3583 = ORIENTED_EDGE('',*,*,#873,.T.);
#3584 = ORIENTED_EDGE('',*,*,#814,.F.);
#3585 = ORIENTED_EDGE('',*,*,#823,.F.);
#3586 = ORIENTED_EDGE('',*,*,#789,.T.);
#3587 = ORIENTED_EDGE('',*,*,#757,.F.);
#3588 = ORIENTED_EDGE('',*,*,#725,.T.);
#3589 = ORIENTED_EDGE('',*,*,#692,.T.);
#3590 = ORIENTED_EDGE('',*,*,#651,.F.);
#3591 = ORIENTED_EDGE('',*,*,#528,.F.);
#3592 = ORIENTED_EDGE('',*,*,#576,.T.);
#3593 = ORIENTED_EDGE('',*,*,#618,.F.);
#3594 = ORIENTED_EDGE('',*,*,#3595,.T.);
#3595 = EDGE_CURVE('',#611,#2418,#3596,.T.);
#3596 = LINE('',#3597,#3598);
#3597 = CARTESIAN_POINT('',(16.,21.5,5.));
#3598 = VECTOR('',#3599,1.);
#3599 = DIRECTION('',(-4.215475462275E-30,-1.,2.997602166488E-15));
#3600 = ORIENTED_EDGE('',*,*,#2425,.T.);
#3601 = ORIENTED_EDGE('',*,*,#2458,.F.);
#3602 = ORIENTED_EDGE('',*,*,#3603,.T.);
#3603 = EDGE_CURVE('',#2451,#1630,#3604,.T.);
#3604 = LINE('',#3605,#3606);
#3605 = CARTESIAN_POINT('',(16.,-14.35098920809,6.992256052037));
#3606 = VECTOR('',#3607,1.);
#3607 = DIRECTION('',(-4.055514552941E-16,-0.699225605204,0.71490107919)
  );
#3608 = ORIENTED_EDGE('',*,*,#1637,.T.);
#3609 = ORIENTED_EDGE('',*,*,#1691,.F.);
#3610 = ORIENTED_EDGE('',*,*,#1717,.T.);
#3611 = ORIENTED_EDGE('',*,*,#1742,.F.);
#3612 = ORIENTED_EDGE('',*,*,#1766,.T.);
#3613 = ORIENTED_EDGE('',*,*,#3614,.F.);
#3614 = EDGE_CURVE('',#3615,#1757,#3617,.T.);
#3615 = VERTEX_POINT('',#3616);
#3616 = CARTESIAN_POINT('',(16.,-35.77236089102,28.683819799523));
#3617 = CIRCLE('',#3618,2.9);
#3618 = AXIS2_PLACEMENT_3D('',#3619,#3620,#3621);
#3619 = CARTESIAN_POINT('',(16.,-32.98064509018,27.898757453383));
#3620 = DIRECTION('',(1.,-3.330669073875E-16,-2.22044604925E-16));
#3621 = DIRECTION('',(-2.605204446901E-16,-0.96266062098,0.270711153841)
  );
#3622 = ORIENTED_EDGE('',*,*,#3623,.F.);
#3623 = EDGE_CURVE('',#1791,#3615,#3624,.T.);
#3624 = CIRCLE('',#3625,2.9);
#3625 = AXIS2_PLACEMENT_3D('',#3626,#3627,#3628);
#3626 = CARTESIAN_POINT('',(16.,-32.98064509018,27.898757453383));
#3627 = DIRECTION('',(1.,-3.330669073875E-16,-2.22044604925E-16));
#3628 = DIRECTION('',(-2.605204446901E-16,-0.96266062098,0.270711153841)
  );
#3629 = ORIENTED_EDGE('',*,*,#1798,.T.);
#3630 = ORIENTED_EDGE('',*,*,#1823,.F.);
#3631 = ORIENTED_EDGE('',*,*,#1847,.T.);
#3632 = ORIENTED_EDGE('',*,*,#3633,.F.);
#3633 = EDGE_CURVE('',#3634,#1838,#3636,.T.);
#3634 = VERTEX_POINT('',#3635);
#3635 = CARTESIAN_POINT('',(16.,-39.98064509018,27.898757453383));
#3636 = CIRCLE('',#3637,7.);
#3637 = AXIS2_PLACEMENT_3D('',#3638,#3639,#3640);
#3638 = CARTESIAN_POINT('',(16.,-32.98064509018,27.898757453383));
#3639 = DIRECTION('',(-1.,-5.551115123126E-16,-1.110223024625E-15));
#3640 = DIRECTION('',(5.551115123126E-16,-1.,7.771561172376E-16));
#3641 = ORIENTED_EDGE('',*,*,#3642,.F.);
#3642 = EDGE_CURVE('',#1261,#3634,#3643,.T.);
#3643 = CIRCLE('',#3644,7.);
#3644 = AXIS2_PLACEMENT_3D('',#3645,#3646,#3647);
#3645 = CARTESIAN_POINT('',(16.,-32.98064509018,27.898757453383));
#3646 = DIRECTION('',(-1.,-5.551115123126E-16,-1.110223024625E-15));
#3647 = DIRECTION('',(5.551115123126E-16,-1.,7.771561172376E-16));
#3648 = ORIENTED_EDGE('',*,*,#1268,.T.);
#3649 = ORIENTED_EDGE('',*,*,#1205,.F.);
#3650 = ORIENTED_EDGE('',*,*,#1164,.T.);
#3651 = FACE_BOUND('',#3652,.T.);
#3652 = EDGE_LOOP('',(#3653,#3654,#3655,#3656,#3657,#3658,#3659,#3660,
    #3661,#3662,#3663,#3664,#3665,#3666,#3667,#3668,#3669,#3670,#3671,
    #3672));
#3653 = ORIENTED_EDGE('',*,*,#2513,.F.);
#3654 = ORIENTED_EDGE('',*,*,#2504,.F.);
#3655 = ORIENTED_EDGE('',*,*,#2546,.F.);
#3656 = ORIENTED_EDGE('',*,*,#2583,.T.);
#3657 = ORIENTED_EDGE('',*,*,#2592,.T.);
#3658 = ORIENTED_EDGE('',*,*,#2601,.T.);
#3659 = ORIENTED_EDGE('',*,*,#2942,.F.);
#3660 = ORIENTED_EDGE('',*,*,#2964,.F.);
#3661 = ORIENTED_EDGE('',*,*,#2860,.F.);
#3662 = ORIENTED_EDGE('',*,*,#2851,.F.);
#3663 = ORIENTED_EDGE('',*,*,#2842,.F.);
#3664 = ORIENTED_EDGE('',*,*,#2833,.F.);
#3665 = ORIENTED_EDGE('',*,*,#2824,.F.);
#3666 = ORIENTED_EDGE('',*,*,#2757,.F.);
#3667 = ORIENTED_EDGE('',*,*,#2888,.T.);
#3668 = ORIENTED_EDGE('',*,*,#2875,.T.);
#3669 = ORIENTED_EDGE('',*,*,#2616,.F.);
#3670 = ORIENTED_EDGE('',*,*,#2474,.F.);
#3671 = ORIENTED_EDGE('',*,*,#2531,.F.);
#3672 = ORIENTED_EDGE('',*,*,#2522,.F.);
#3673 = FACE_BOUND('',#3674,.T.);
#3674 = EDGE_LOOP('',(#3675,#3676,#3677,#3678,#3679,#3680,#3681,#3682,
    #3683));
#3675 = ORIENTED_EDGE('',*,*,#3141,.F.);
#3676 = ORIENTED_EDGE('',*,*,#3190,.T.);
#3677 = ORIENTED_EDGE('',*,*,#3231,.F.);
#3678 = ORIENTED_EDGE('',*,*,#3323,.F.);
#3679 = ORIENTED_EDGE('',*,*,#3373,.F.);
#3680 = ORIENTED_EDGE('',*,*,#3348,.T.);
#3681 = ORIENTED_EDGE('',*,*,#3274,.F.);
#3682 = ORIENTED_EDGE('',*,*,#3433,.F.);
#3683 = ORIENTED_EDGE('',*,*,#3408,.F.);
#3684 = PLANE('',#3685);
#3685 = AXIS2_PLACEMENT_3D('',#3686,#3687,#3688);
#3686 = CARTESIAN_POINT('',(16.,-4.972771269285E-14,12.433103494747));
#3687 = DIRECTION('',(1.,2.488583602953E-16,1.391746889394E-15));
#3688 = DIRECTION('',(-1.391746889394E-15,1.110223024625E-16,1.));
#3689 = ADVANCED_FACE('',(#3690),#3696,.T.);
#3690 = FACE_BOUND('',#3691,.T.);
#3691 = EDGE_LOOP('',(#3692,#3693,#3694,#3695));
#3692 = ORIENTED_EDGE('',*,*,#2124,.F.);
#3693 = ORIENTED_EDGE('',*,*,#2417,.T.);
#3694 = ORIENTED_EDGE('',*,*,#3595,.F.);
#3695 = ORIENTED_EDGE('',*,*,#608,.F.);
#3696 = PLANE('',#3697);
#3697 = AXIS2_PLACEMENT_3D('',#3698,#3699,#3700);
#3698 = CARTESIAN_POINT('',(-1.591642316592E-14,8.139759141282E-15,5.));
#3699 = DIRECTION('',(-1.110223024625E-16,1.093119123972E-15,1.));
#3700 = DIRECTION('',(1.090346503651E-31,1.,-1.093119123972E-15));
#3701 = ADVANCED_FACE('',(#3702),#3712,.T.);
#3702 = FACE_BOUND('',#3703,.T.);
#3703 = EDGE_LOOP('',(#3704,#3705,#3706,#3707,#3708,#3709,#3710,#3711));
#3704 = ORIENTED_EDGE('',*,*,#2098,.T.);
#3705 = ORIENTED_EDGE('',*,*,#1607,.T.);
#3706 = ORIENTED_EDGE('',*,*,#1582,.T.);
#3707 = ORIENTED_EDGE('',*,*,#1667,.F.);
#3708 = ORIENTED_EDGE('',*,*,#1417,.F.);
#3709 = ORIENTED_EDGE('',*,*,#1629,.T.);
#3710 = ORIENTED_EDGE('',*,*,#3603,.F.);
#3711 = ORIENTED_EDGE('',*,*,#2450,.F.);
#3712 = PLANE('',#3713);
#3713 = AXIS2_PLACEMENT_3D('',#3714,#3715,#3716);
#3714 = CARTESIAN_POINT('',(-9.186090044673E-15,-20.4817373243,
    13.260445334439));
#3715 = DIRECTION('',(1.508670968892E-16,0.71490107919,0.699225605204));
#3716 = DIRECTION('',(-7.936996384464E-17,-0.699225605204,0.71490107919)
  );
#3717 = ADVANCED_FACE('',(#3718),#3726,.T.);
#3718 = FACE_BOUND('',#3719,.T.);
#3719 = EDGE_LOOP('',(#3720,#3721,#3722,#3723,#3724,#3725));
#3720 = ORIENTED_EDGE('',*,*,#3633,.T.);
#3721 = ORIENTED_EDGE('',*,*,#1837,.F.);
#3722 = ORIENTED_EDGE('',*,*,#1320,.F.);
#3723 = ORIENTED_EDGE('',*,*,#1311,.F.);
#3724 = ORIENTED_EDGE('',*,*,#1260,.T.);
#3725 = ORIENTED_EDGE('',*,*,#3642,.T.);
#3726 = CYLINDRICAL_SURFACE('',#3727,7.);
#3727 = AXIS2_PLACEMENT_3D('',#3728,#3729,#3730);
#3728 = CARTESIAN_POINT('',(-16.,-32.98064509018,27.898757453383));
#3729 = DIRECTION('',(-1.,3.330669073875E-16,2.22044604925E-16));
#3730 = DIRECTION('',(-1.110223024625E-16,-1.,1.110223024625E-16));
#3731 = ADVANCED_FACE('',(#3732),#3740,.T.);
#3732 = FACE_BOUND('',#3733,.T.);
#3733 = EDGE_LOOP('',(#3734,#3735,#3736,#3737,#3738,#3739));
#3734 = ORIENTED_EDGE('',*,*,#1485,.T.);
#3735 = ORIENTED_EDGE('',*,*,#2029,.F.);
#3736 = ORIENTED_EDGE('',*,*,#2067,.F.);
#3737 = ORIENTED_EDGE('',*,*,#2058,.F.);
#3738 = ORIENTED_EDGE('',*,*,#1228,.T.);
#3739 = ORIENTED_EDGE('',*,*,#1476,.T.);
#3740 = CYLINDRICAL_SURFACE('',#3741,7.);
#3741 = AXIS2_PLACEMENT_3D('',#3742,#3743,#3744);
#3742 = CARTESIAN_POINT('',(-16.,-32.98064509018,27.898757453383));
#3743 = DIRECTION('',(-1.,3.330669073875E-16,2.22044604925E-16));
#3744 = DIRECTION('',(-1.110223024625E-16,-1.,1.110223024625E-16));
#3745 = ADVANCED_FACE('',(#3746),#3754,.F.);
#3746 = FACE_BOUND('',#3747,.T.);
#3747 = EDGE_LOOP('',(#3748,#3749,#3750,#3751,#3752,#3753));
#3748 = ORIENTED_EDGE('',*,*,#1355,.F.);
#3749 = ORIENTED_EDGE('',*,*,#1790,.F.);
#3750 = ORIENTED_EDGE('',*,*,#3623,.T.);
#3751 = ORIENTED_EDGE('',*,*,#3614,.T.);
#3752 = ORIENTED_EDGE('',*,*,#1756,.F.);
#3753 = ORIENTED_EDGE('',*,*,#1364,.F.);
#3754 = CYLINDRICAL_SURFACE('',#3755,2.9);
#3755 = AXIS2_PLACEMENT_3D('',#3756,#3757,#3758);
#3756 = CARTESIAN_POINT('',(-1.605112430788E-14,-32.98064509018,
    27.898757453383));
#3757 = DIRECTION('',(1.,-3.330669073875E-16,-2.22044604925E-16));
#3758 = DIRECTION('',(-2.270967010382E-16,-0.96266062098,0.270711153841)
  );
#3759 = ADVANCED_FACE('',(#3760),#3768,.F.);
#3760 = FACE_BOUND('',#3761,.T.);
#3761 = EDGE_LOOP('',(#3762,#3763,#3764,#3765,#3766,#3767));
#3762 = ORIENTED_EDGE('',*,*,#2077,.F.);
#3763 = ORIENTED_EDGE('',*,*,#1990,.F.);
#3764 = ORIENTED_EDGE('',*,*,#1520,.T.);
#3765 = ORIENTED_EDGE('',*,*,#1529,.T.);
#3766 = ORIENTED_EDGE('',*,*,#1948,.F.);
#3767 = ORIENTED_EDGE('',*,*,#2086,.F.);
#3768 = CYLINDRICAL_SURFACE('',#3769,2.9);
#3769 = AXIS2_PLACEMENT_3D('',#3770,#3771,#3772);
#3770 = CARTESIAN_POINT('',(-1.605112430788E-14,-32.98064509018,
    27.898757453383));
#3771 = DIRECTION('',(1.,-3.330669073875E-16,-2.22044604925E-16));
#3772 = DIRECTION('',(-2.270967010382E-16,-0.96266062098,0.270711153841)
  );
#3773 = ( GEOMETRIC_REPRESENTATION_CONTEXT(3) 
GLOBAL_UNCERTAINTY_ASSIGNED_CONTEXT((#3777)) 
GLOBAL_UNIT_ASSIGNED_CONTEXT((#3774,#3775,#3776)) REPRESENTATION_CONTEXT
('Context #1','3D Context with UNIT and UNCERTAINTY') );
#3774 = ( LENGTH_UNIT() NAMED_UNIT(*) SI_UNIT(.MILLI.,.METRE.) );
#3775 = ( NAMED_UNIT(*) PLANE_ANGLE_UNIT() SI_UNIT($,.RADIAN.) );
#3776 = ( NAMED_UNIT(*) SI_UNIT($,.STERADIAN.) SOLID_ANGLE_UNIT() );
#3777 = UNCERTAINTY_MEASURE_WITH_UNIT(LENGTH_MEASURE(5.E-05),#3774,
  'distance_accuracy_value','confusion accuracy');
#3778 = PRODUCT_RELATED_PRODUCT_CATEGORY('part',$,(#7));
ENDSEC;
END-ISO-10303-21;
