ISO-10303-21;
HEADER;
FILE_DESCRIPTION(('FreeCAD Model'),'2;1');
FILE_NAME('Open CASCADE Shape Model','2026-10-01T08:30:40',('FreeCAD'),(
    'FreeCAD'),'Open CASCADE STEP processor 7.8','FreeCAD','Unknown');
FILE_SCHEMA(('AUTOMOTIVE_DESIGN { 1 0 10303 214 1 1 1 1 }'));
ENDSEC;
DATA;
#1 = APPLICATION_PROTOCOL_DEFINITION('international standard',
  'automotive_design',2000,#2);
#2 = APPLICATION_CONTEXT(
  'core data for automotive mechanical design processes');
#3 = SHAPE_DEFINITION_REPRESENTATION(#4,#10);
#4 = PRODUCT_DEFINITION_SHAPE('','',#5);
#5 = PRODUCT_DEFINITION('design','',#6,#9);
#6 = PRODUCT_DEFINITION_FORMATION('','',#7);
#7 = PRODUCT('Open CASCADE STEP translator 7.8 55',
  'Open CASCADE STEP translator 7.8 55','',(#8));
#8 = PRODUCT_CONTEXT('',#2,'mechanical');
#9 = PRODUCT_DEFINITION_CONTEXT('part definition',#2,'design');
#10 = ADVANCED_BREP_SHAPE_REPRESENTATION('',(#11,#15),#3903);
#11 = AXIS2_PLACEMENT_3D('',#12,#13,#14);
#12 = CARTESIAN_POINT('',(0.,0.,0.));
#13 = DIRECTION('',(0.,0.,1.));
#14 = DIRECTION('',(1.,0.,-0.));
#15 = MANIFOLD_SOLID_BREP('',#16);
#16 = CLOSED_SHELL('',(#17,#59,#92,#123,#744,#1365,#1414,#1431,#1457,
    #1482,#1506,#1531,#1566,#1591,#1615,#1640,#1665,#1690,#1737,#1754,
    #1771,#1788,#1805,#1822,#1839,#1856,#1905,#1930,#1955,#1980,#2004,
    #2029,#2066,#2091,#2115,#2140,#2175,#2222,#2234,#2300,#2325,#2342,
    #2368,#2385,#2443,#2460,#2477,#2489,#2521,#2540,#2559,#2576,#2595,
    #2656,#2683,#2744,#2764,#2799,#2824,#2848,#2873,#2910,#2935,#2959,
    #2984,#3009,#3027,#3052,#3077,#3102,#3126,#3151,#3186,#3211,#3235,
    #3260,#3279,#3304,#3322,#3349,#3369,#3415,#3440,#3478,#3495,#3542,
    #3567,#3606,#3623,#3651,#3676,#3701,#3721,#3739,#3751,#3779,#3804,
    #3829,#3849,#3867,#3879,#3891));
#17 = ADVANCED_FACE('',(#18),#54,.F.);
#18 = FACE_BOUND('',#19,.T.);
#19 = EDGE_LOOP('',(#20,#30,#39,#47));
#20 = ORIENTED_EDGE('',*,*,#21,.T.);
#21 = EDGE_CURVE('',#22,#24,#26,.T.);
#22 = VERTEX_POINT('',#23);
#23 = CARTESIAN_POINT('',(-16.,13.377671379323,-5.833333333333));
#24 = VERTEX_POINT('',#25);
#25 = CARTESIAN_POINT('',(16.,13.377671379323,-5.833333333333));
#26 = LINE('',#27,#28);
#27 = CARTESIAN_POINT('',(-16.,13.377671379323,-5.833333333333));
#28 = VECTOR('',#29,1.);
#29 = DIRECTION('',(1.,-2.886579864025E-15,-5.551115123126E-16));
#30 = ORIENTED_EDGE('',*,*,#31,.T.);
#31 = EDGE_CURVE('',#24,#32,#34,.T.);
#32 = VERTEX_POINT('',#33);
#33 = CARTESIAN_POINT('',(16.,11.753205655188,-5.));
#34 = CIRCLE('',#35,2.);
#35 = AXIS2_PLACEMENT_3D('',#36,#37,#38);
#36 = CARTESIAN_POINT('',(16.,11.753205655189,-7.));
#37 = DIRECTION('',(1.,1.554312234475E-15,3.885780586188E-15));
#38 = DIRECTION('',(-1.554312234475E-15,1.,-3.885780586188E-15));
#39 = ORIENTED_EDGE('',*,*,#40,.F.);
#40 = EDGE_CURVE('',#41,#32,#43,.T.);
#41 = VERTEX_POINT('',#42);
#42 = CARTESIAN_POINT('',(-16.,11.753205655189,-5.));
#43 = LINE('',#44,#45);
#44 = CARTESIAN_POINT('',(-16.,11.753205655189,-5.));
#45 = VECTOR('',#46,1.);
#46 = DIRECTION('',(1.,-2.886579864025E-15,-5.551115123126E-16));
#47 = ORIENTED_EDGE('',*,*,#48,.F.);
#48 = EDGE_CURVE('',#22,#41,#49,.T.);
#49 = CIRCLE('',#50,2.);
#50 = AXIS2_PLACEMENT_3D('',#51,#52,#53);
#51 = CARTESIAN_POINT('',(-16.,11.753205655189,-7.));
#52 = DIRECTION('',(1.,1.554312234475E-15,3.885780586188E-15));
#53 = DIRECTION('',(-1.554312234475E-15,1.,-3.885780586188E-15));
#54 = CYLINDRICAL_SURFACE('',#55,2.);
#55 = AXIS2_PLACEMENT_3D('',#56,#57,#58);
#56 = CARTESIAN_POINT('',(-16.,11.753205655189,-7.));
#57 = DIRECTION('',(-1.,2.6645352591E-15,3.330669073875E-16));
#58 = DIRECTION('',(-1.33226762955E-15,1.,-3.663735981263E-15));
#59 = ADVANCED_FACE('',(#60),#87,.T.);
#60 = FACE_BOUND('',#61,.F.);
#61 = EDGE_LOOP('',(#62,#63,#72,#80));
#62 = ORIENTED_EDGE('',*,*,#21,.T.);
#63 = ORIENTED_EDGE('',*,*,#64,.T.);
#64 = EDGE_CURVE('',#24,#65,#67,.T.);
#65 = VERTEX_POINT('',#66);
#66 = CARTESIAN_POINT('',(16.,26.667762217917,-8.56120515226));
#67 = CIRCLE('',#68,10.);
#68 = AXIS2_PLACEMENT_3D('',#69,#70,#71);
#69 = CARTESIAN_POINT('',(16.,21.5,-1.882938249764E-13));
#70 = DIRECTION('',(1.,1.998401444325E-15,4.996003610813E-15));
#71 = DIRECTION('',(-1.998401444325E-15,1.,-4.996003610813E-15));
#72 = ORIENTED_EDGE('',*,*,#73,.F.);
#73 = EDGE_CURVE('',#74,#65,#76,.T.);
#74 = VERTEX_POINT('',#75);
#75 = CARTESIAN_POINT('',(-16.,26.667762217917,-8.56120515226));
#76 = LINE('',#77,#78);
#77 = CARTESIAN_POINT('',(-16.,26.667762217917,-8.56120515226));
#78 = VECTOR('',#79,1.);
#79 = DIRECTION('',(1.,-3.330669073875E-15,-6.661338147751E-16));
#80 = ORIENTED_EDGE('',*,*,#81,.F.);
#81 = EDGE_CURVE('',#22,#74,#82,.T.);
#82 = CIRCLE('',#83,10.);
#83 = AXIS2_PLACEMENT_3D('',#84,#85,#86);
#84 = CARTESIAN_POINT('',(-16.,21.5,-2.48689957516E-14));
#85 = DIRECTION('',(1.,1.998401444325E-15,4.996003610813E-15));
#86 = DIRECTION('',(-1.998401444325E-15,1.,-4.996003610813E-15));
#87 = CYLINDRICAL_SURFACE('',#88,10.);
#88 = AXIS2_PLACEMENT_3D('',#89,#90,#91);
#89 = CARTESIAN_POINT('',(-16.,21.5,-9.020562075079E-14));
#90 = DIRECTION('',(-1.,3.552713678801E-15,5.551115123126E-16));
#91 = DIRECTION('',(-1.7763568394E-15,1.,-4.773959005888E-15));
#92 = ADVANCED_FACE('',(#93),#118,.T.);
#93 = FACE_BOUND('',#94,.T.);
#94 = EDGE_LOOP('',(#95,#96,#104,#112));
#95 = ORIENTED_EDGE('',*,*,#40,.T.);
#96 = ORIENTED_EDGE('',*,*,#97,.F.);
#97 = EDGE_CURVE('',#98,#32,#100,.T.);
#98 = VERTEX_POINT('',#99);
#99 = CARTESIAN_POINT('',(16.,-11.75320565518,-5.));
#100 = LINE('',#101,#102);
#101 = CARTESIAN_POINT('',(16.,-1.,-5.));
#102 = VECTOR('',#103,1.);
#103 = DIRECTION('',(-2.22044604925E-16,1.,-3.5527136788E-15));
#104 = ORIENTED_EDGE('',*,*,#105,.F.);
#105 = EDGE_CURVE('',#106,#98,#108,.T.);
#106 = VERTEX_POINT('',#107);
#107 = CARTESIAN_POINT('',(-16.,-11.75320565518,-5.));
#108 = LINE('',#109,#110);
#109 = CARTESIAN_POINT('',(-16.,-11.75320565518,-5.));
#110 = VECTOR('',#111,1.);
#111 = DIRECTION('',(1.,-7.771561172376E-16,-7.771561172376E-16));
#112 = ORIENTED_EDGE('',*,*,#113,.F.);
#113 = EDGE_CURVE('',#41,#106,#114,.T.);
#114 = LINE('',#115,#116);
#115 = CARTESIAN_POINT('',(-16.,1.,-5.));
#116 = VECTOR('',#117,1.);
#117 = DIRECTION('',(3.330669073875E-16,-1.,8.881784197001E-16));
#118 = PLANE('',#119);
#119 = AXIS2_PLACEMENT_3D('',#120,#121,#122);
#120 = CARTESIAN_POINT('',(1.538516047621E-15,5.376459078763E-15,-5.));
#121 = DIRECTION('',(6.661338147751E-16,-1.184936407818E-15,-1.));
#122 = DIRECTION('',(2.22044604925E-16,-1.,1.851070222593E-15));
#123 = ADVANCED_FACE('',(#124,#469,#550),#739,.T.);
#124 = FACE_BOUND('',#125,.T.);
#125 = EDGE_LOOP('',(#126,#127,#128,#137,#146,#154,#163,#172,#181,#189,
    #198,#207,#216,#225,#234,#243,#251,#260,#269,#278,#286,#295,#304,
    #313,#321,#330,#339,#348,#356,#365,#374,#383,#391,#400,#409,#418,
    #427,#435,#444,#453,#462,#468));
#126 = ORIENTED_EDGE('',*,*,#48,.T.);
#127 = ORIENTED_EDGE('',*,*,#113,.T.);
#128 = ORIENTED_EDGE('',*,*,#129,.F.);
#129 = EDGE_CURVE('',#130,#106,#132,.T.);
#130 = VERTEX_POINT('',#131);
#131 = CARTESIAN_POINT('',(-16.,-13.37767137932,-5.833333333333));
#132 = CIRCLE('',#133,2.);
#133 = AXIS2_PLACEMENT_3D('',#134,#135,#136);
#134 = CARTESIAN_POINT('',(-16.,-11.75320565518,-7.));
#135 = DIRECTION('',(-1.,-7.771561172376E-16,-1.665334536938E-15));
#136 = DIRECTION('',(7.771561172376E-16,-1.,1.33226762955E-15));
#137 = ORIENTED_EDGE('',*,*,#138,.T.);
#138 = EDGE_CURVE('',#130,#139,#141,.T.);
#139 = VERTEX_POINT('',#140);
#140 = CARTESIAN_POINT('',(-16.,-26.66776221791,-8.561205152259));
#141 = CIRCLE('',#142,10.);
#142 = AXIS2_PLACEMENT_3D('',#143,#144,#145);
#143 = CARTESIAN_POINT('',(-16.,-21.5,6.039613253961E-14));
#144 = DIRECTION('',(-1.,-7.771561172376E-16,-1.665334536938E-15));
#145 = DIRECTION('',(7.771561172376E-16,-1.,1.33226762955E-15));
#146 = ORIENTED_EDGE('',*,*,#147,.F.);
#147 = EDGE_CURVE('',#148,#139,#150,.T.);
#148 = VERTEX_POINT('',#149);
#149 = CARTESIAN_POINT('',(-16.,-48.64318380609,4.703720916733));
#150 = LINE('',#151,#152);
#151 = CARTESIAN_POINT('',(-16.,-48.64318380609,4.703720916733));
#152 = VECTOR('',#153,1.);
#153 = DIRECTION('',(1.952659945174E-16,0.856120515226,-0.516776221792)
  );
#154 = ORIENTED_EDGE('',*,*,#155,.T.);
#155 = EDGE_CURVE('',#148,#156,#158,.T.);
#156 = VERTEX_POINT('',#157);
#157 = CARTESIAN_POINT('',(-16.,-52.02575025355,10.696564523314));
#158 = CIRCLE('',#159,7.);
#159 = AXIS2_PLACEMENT_3D('',#160,#161,#162);
#160 = CARTESIAN_POINT('',(-16.,-45.02575025355,10.696564523314));
#161 = DIRECTION('',(-1.,-7.771561172376E-16,-1.665334536938E-15));
#162 = DIRECTION('',(7.771561172376E-16,-1.,1.33226762955E-15));
#163 = ORIENTED_EDGE('',*,*,#164,.T.);
#164 = EDGE_CURVE('',#156,#165,#167,.T.);
#165 = VERTEX_POINT('',#166);
#166 = CARTESIAN_POINT('',(-16.,-44.75668988734,17.691391649079));
#167 = CIRCLE('',#168,7.);
#168 = AXIS2_PLACEMENT_3D('',#169,#170,#171);
#169 = CARTESIAN_POINT('',(-16.,-45.02575025355,10.696564523314));
#170 = DIRECTION('',(-1.,-7.771561172376E-16,-1.665334536938E-15));
#171 = DIRECTION('',(7.771561172376E-16,-1.,1.33226762955E-15));
#172 = ORIENTED_EDGE('',*,*,#173,.F.);
#173 = EDGE_CURVE('',#174,#165,#176,.T.);
#174 = VERTEX_POINT('',#175);
#175 = CARTESIAN_POINT('',(-16.,-43.97597503822,16.118554194761));
#176 = CIRCLE('',#177,1.);
#177 = AXIS2_PLACEMENT_3D('',#178,#179,#180);
#178 = CARTESIAN_POINT('',(-16.,-44.79512708251,16.692130631112));
#179 = DIRECTION('',(1.,-1.110223024625E-16,3.330669073875E-16));
#180 = DIRECTION('',(-1.110223024625E-16,-1.,6.661338147751E-16));
#181 = ORIENTED_EDGE('',*,*,#182,.T.);
#182 = EDGE_CURVE('',#174,#183,#185,.T.);
#183 = VERTEX_POINT('',#184);
#184 = CARTESIAN_POINT('',(-16.,-45.53627973246,13.890208155776));
#185 = LINE('',#186,#187);
#186 = CARTESIAN_POINT('',(-16.,-45.01425148256,14.635741760341));
#187 = VECTOR('',#188,1.);
#188 = DIRECTION('',(-1.546239226258E-16,-0.573576436351,-0.819152044289
    ));
#189 = ORIENTED_EDGE('',*,*,#190,.F.);
#190 = EDGE_CURVE('',#191,#183,#193,.T.);
#191 = VERTEX_POINT('',#192);
#192 = CARTESIAN_POINT('',(-16.,-45.8180633239,13.693603061363));
#193 = CIRCLE('',#194,0.5);
#194 = AXIS2_PLACEMENT_3D('',#195,#196,#197);
#195 = CARTESIAN_POINT('',(-16.,-45.9458557546,14.176996373952));
#196 = DIRECTION('',(1.,-1.110223024625E-16,3.330669073875E-16));
#197 = DIRECTION('',(-1.110223024625E-16,-1.,6.661338147751E-16));
#198 = ORIENTED_EDGE('',*,*,#199,.T.);
#199 = EDGE_CURVE('',#191,#200,#202,.T.);
#200 = VERTEX_POINT('',#201);
#201 = CARTESIAN_POINT('',(-16.,-48.11710107498,10.465155580366));
#202 = CIRCLE('',#203,3.1);
#203 = AXIS2_PLACEMENT_3D('',#204,#205,#206);
#204 = CARTESIAN_POINT('',(-16.,-45.02575025355,10.696564523314));
#205 = DIRECTION('',(1.,-1.110223024625E-16,3.330669073875E-16));
#206 = DIRECTION('',(-8.584974998206E-17,-0.997209942395,
    -7.464804611233E-02));
#207 = ORIENTED_EDGE('',*,*,#208,.T.);
#208 = EDGE_CURVE('',#200,#209,#211,.T.);
#209 = VERTEX_POINT('',#210);
#210 = CARTESIAN_POINT('',(-16.,-44.44513946271,7.651422308317));
#211 = CIRCLE('',#212,3.1);
#212 = AXIS2_PLACEMENT_3D('',#213,#214,#215);
#213 = CARTESIAN_POINT('',(-16.,-45.02575025355,10.696564523314));
#214 = DIRECTION('',(1.,-1.110223024625E-16,3.330669073875E-16));
#215 = DIRECTION('',(-8.584974998206E-17,-0.997209942395,
    -7.464804611233E-02));
#216 = ORIENTED_EDGE('',*,*,#217,.T.);
#217 = EDGE_CURVE('',#209,#218,#220,.T.);
#218 = VERTEX_POINT('',#219);
#219 = CARTESIAN_POINT('',(-16.,-42.358686239,9.116447583886));
#220 = CIRCLE('',#221,3.1);
#221 = AXIS2_PLACEMENT_3D('',#222,#223,#224);
#222 = CARTESIAN_POINT('',(-16.,-45.02575025355,10.696564523314));
#223 = DIRECTION('',(1.,-1.110223024625E-16,3.330669073875E-16));
#224 = DIRECTION('',(-8.584974998206E-17,-0.997209942395,
    -7.464804611233E-02));
#225 = ORIENTED_EDGE('',*,*,#226,.T.);
#226 = EDGE_CURVE('',#218,#227,#229,.T.);
#227 = VERTEX_POINT('',#228);
#228 = CARTESIAN_POINT('',(-16.,-41.93846822526,10.97708132809));
#229 = CIRCLE('',#230,3.1);
#230 = AXIS2_PLACEMENT_3D('',#231,#232,#233);
#231 = CARTESIAN_POINT('',(-16.,-45.02575025355,10.696564523314));
#232 = DIRECTION('',(1.,-1.110223024625E-16,3.330669073875E-16));
#233 = DIRECTION('',(-8.584974998206E-17,-0.997209942395,
    -7.464804611233E-02));
#234 = ORIENTED_EDGE('',*,*,#235,.F.);
#235 = EDGE_CURVE('',#236,#227,#238,.T.);
#236 = VERTEX_POINT('',#237);
#237 = CARTESIAN_POINT('',(-16.,-41.85009553316,11.309114192197));
#238 = CIRCLE('',#239,0.5);
#239 = AXIS2_PLACEMENT_3D('',#240,#241,#242);
#240 = CARTESIAN_POINT('',(-16.,-41.44051951102,11.022325974021));
#241 = DIRECTION('',(1.,-1.110223024625E-16,3.330669073875E-16));
#242 = DIRECTION('',(-1.110223024625E-16,-1.,6.661338147751E-16));
#243 = ORIENTED_EDGE('',*,*,#244,.T.);
#244 = EDGE_CURVE('',#236,#245,#247,.T.);
#245 = VERTEX_POINT('',#246);
#246 = CARTESIAN_POINT('',(-16.,-40.28979083892,13.537460231182));
#247 = LINE('',#248,#249);
#248 = CARTESIAN_POINT('',(-16.,-41.32806728326,12.054647796761));
#249 = VECTOR('',#250,1.);
#250 = DIRECTION('',(1.546239226258E-16,0.573576436351,0.819152044289));
#251 = ORIENTED_EDGE('',*,*,#252,.F.);
#252 = EDGE_CURVE('',#253,#245,#255,.T.);
#253 = VERTEX_POINT('',#254);
#254 = CARTESIAN_POINT('',(-16.,-38.54478688481,13.341770340083));
#255 = CIRCLE('',#256,1.);
#256 = AXIS2_PLACEMENT_3D('',#257,#258,#259);
#257 = CARTESIAN_POINT('',(-16.,-39.47063879463,12.963883794831));
#258 = DIRECTION('',(1.,-1.110223024625E-16,3.330669073875E-16));
#259 = DIRECTION('',(-1.110223024625E-16,-1.,6.661338147751E-16));
#260 = ORIENTED_EDGE('',*,*,#261,.T.);
#261 = EDGE_CURVE('',#253,#262,#264,.T.);
#262 = VERTEX_POINT('',#263);
#263 = CARTESIAN_POINT('',(-16.,-38.16064189562,12.06414897547));
#264 = CIRCLE('',#265,7.);
#265 = AXIS2_PLACEMENT_3D('',#266,#267,#268);
#266 = CARTESIAN_POINT('',(-16.,-45.02575025355,10.696564523314));
#267 = DIRECTION('',(-1.,-7.771561172376E-16,-1.665334536938E-15));
#268 = DIRECTION('',(7.771561172376E-16,-1.,1.33226762955E-15));
#269 = ORIENTED_EDGE('',*,*,#270,.F.);
#270 = EDGE_CURVE('',#271,#262,#273,.T.);
#271 = VERTEX_POINT('',#272);
#272 = CARTESIAN_POINT('',(-16.,-35.14104850338,9.651255329746));
#273 = CIRCLE('',#274,3.);
#274 = AXIS2_PLACEMENT_3D('',#275,#276,#277);
#275 = CARTESIAN_POINT('',(-16.,-35.21845259936,12.650256597823));
#276 = DIRECTION('',(-1.,-7.771561172376E-16,-1.665334536938E-15));
#277 = DIRECTION('',(7.771561172376E-16,-1.,1.33226762955E-15));
#278 = ORIENTED_EDGE('',*,*,#279,.F.);
#279 = EDGE_CURVE('',#280,#271,#282,.T.);
#280 = VERTEX_POINT('',#281);
#281 = CARTESIAN_POINT('',(-16.,-24.41126042001,9.92819070668));
#282 = LINE('',#283,#284);
#283 = CARTESIAN_POINT('',(-16.,-21.75801365325,9.996670893589));
#284 = VECTOR('',#285,1.);
#285 = DIRECTION('',(8.198652984724E-16,-0.999667089359,
    -2.580136532507E-02));
#286 = ORIENTED_EDGE('',*,*,#287,.T.);
#287 = EDGE_CURVE('',#280,#288,#290,.T.);
#288 = VERTEX_POINT('',#289);
#289 = CARTESIAN_POINT('',(-16.,-14.35783168228,6.999245082256));
#290 = CIRCLE('',#291,69.5);
#291 = AXIS2_PLACEMENT_3D('',#292,#293,#294);
#292 = CARTESIAN_POINT('',(-16.,8.326672684689E-15,75.));
#293 = DIRECTION('',(1.,8.628166150855E-32,3.330669073875E-16));
#294 = DIRECTION('',(2.465190328816E-32,1.,-3.330669073875E-16));
#295 = ORIENTED_EDGE('',*,*,#296,.T.);
#296 = EDGE_CURVE('',#288,#297,#299,.T.);
#297 = VERTEX_POINT('',#298);
#298 = CARTESIAN_POINT('',(-16.,-13.37767137932,5.833333333333));
#299 = CIRCLE('',#300,10.);
#300 = AXIS2_PLACEMENT_3D('',#301,#302,#303);
#301 = CARTESIAN_POINT('',(-16.,-21.5,6.039613253961E-14));
#302 = DIRECTION('',(-1.,-7.771561172376E-16,-1.665334536938E-15));
#303 = DIRECTION('',(7.771561172376E-16,-1.,1.33226762955E-15));
#304 = ORIENTED_EDGE('',*,*,#305,.F.);
#305 = EDGE_CURVE('',#306,#297,#308,.T.);
#306 = VERTEX_POINT('',#307);
#307 = CARTESIAN_POINT('',(-16.,-11.75320565518,5.));
#308 = CIRCLE('',#309,2.);
#309 = AXIS2_PLACEMENT_3D('',#310,#311,#312);
#310 = CARTESIAN_POINT('',(-16.,-11.75320565518,7.));
#311 = DIRECTION('',(-1.,-7.771561172376E-16,-1.665334536938E-15));
#312 = DIRECTION('',(7.771561172376E-16,-1.,1.33226762955E-15));
#313 = ORIENTED_EDGE('',*,*,#314,.T.);
#314 = EDGE_CURVE('',#306,#315,#317,.T.);
#315 = VERTEX_POINT('',#316);
#316 = CARTESIAN_POINT('',(-16.,11.753205655189,5.));
#317 = LINE('',#318,#319);
#318 = CARTESIAN_POINT('',(-16.,-21.5,5.));
#319 = VECTOR('',#320,1.);
#320 = DIRECTION('',(-3.330669073875E-16,1.,-8.881784197001E-16));
#321 = ORIENTED_EDGE('',*,*,#322,.T.);
#322 = EDGE_CURVE('',#315,#323,#325,.T.);
#323 = VERTEX_POINT('',#324);
#324 = CARTESIAN_POINT('',(-16.,13.377671379323,5.833333333333));
#325 = CIRCLE('',#326,2.);
#326 = AXIS2_PLACEMENT_3D('',#327,#328,#329);
#327 = CARTESIAN_POINT('',(-16.,11.753205655189,7.));
#328 = DIRECTION('',(1.,1.554312234475E-15,3.885780586188E-15));
#329 = DIRECTION('',(-1.554312234475E-15,1.,-3.885780586188E-15));
#330 = ORIENTED_EDGE('',*,*,#331,.F.);
#331 = EDGE_CURVE('',#332,#323,#334,.T.);
#332 = VERTEX_POINT('',#333);
#333 = CARTESIAN_POINT('',(-16.,14.357831682289,6.999245082256));
#334 = CIRCLE('',#335,10.);
#335 = AXIS2_PLACEMENT_3D('',#336,#337,#338);
#336 = CARTESIAN_POINT('',(-16.,21.5,-2.48689957516E-14));
#337 = DIRECTION('',(1.,1.998401444325E-15,4.996003610813E-15));
#338 = DIRECTION('',(-1.998401444325E-15,1.,-4.996003610813E-15));
#339 = ORIENTED_EDGE('',*,*,#340,.T.);
#340 = EDGE_CURVE('',#332,#341,#343,.T.);
#341 = VERTEX_POINT('',#342);
#342 = CARTESIAN_POINT('',(-16.,24.411260420014,9.92819070668));
#343 = CIRCLE('',#344,69.5);
#344 = AXIS2_PLACEMENT_3D('',#345,#346,#347);
#345 = CARTESIAN_POINT('',(-16.,8.326672684689E-15,75.));
#346 = DIRECTION('',(1.,8.628166150855E-32,3.330669073875E-16));
#347 = DIRECTION('',(2.465190328816E-32,1.,-3.330669073875E-16));
#348 = ORIENTED_EDGE('',*,*,#349,.T.);
#349 = EDGE_CURVE('',#341,#350,#352,.T.);
#350 = VERTEX_POINT('',#351);
#351 = CARTESIAN_POINT('',(-16.,35.141048503386,9.651255329746));
#352 = LINE('',#353,#354);
#353 = CARTESIAN_POINT('',(-16.,21.758013653251,9.996670893589));
#354 = VECTOR('',#355,1.);
#355 = DIRECTION('',(-1.661184391903E-15,0.999667089359,
    -2.580136532508E-02));
#356 = ORIENTED_EDGE('',*,*,#357,.T.);
#357 = EDGE_CURVE('',#350,#358,#360,.T.);
#358 = VERTEX_POINT('',#359);
#359 = CARTESIAN_POINT('',(-16.,38.16064189562,12.06414897547));
#360 = CIRCLE('',#361,3.);
#361 = AXIS2_PLACEMENT_3D('',#362,#363,#364);
#362 = CARTESIAN_POINT('',(-16.,35.218452599361,12.650256597823));
#363 = DIRECTION('',(1.,1.7763568394E-15,4.440892098501E-15));
#364 = DIRECTION('',(-1.7763568394E-15,1.,-4.440892098501E-15));
#365 = ORIENTED_EDGE('',*,*,#366,.F.);
#366 = EDGE_CURVE('',#367,#358,#369,.T.);
#367 = VERTEX_POINT('',#368);
#368 = CARTESIAN_POINT('',(-16.,38.544786884819,13.341770340083));
#369 = CIRCLE('',#370,7.);
#370 = AXIS2_PLACEMENT_3D('',#371,#372,#373);
#371 = CARTESIAN_POINT('',(-16.,45.025750253557,10.696564523314));
#372 = DIRECTION('',(1.,1.998401444325E-15,4.996003610813E-15));
#373 = DIRECTION('',(-1.998401444325E-15,1.,-4.996003610813E-15));
#374 = ORIENTED_EDGE('',*,*,#375,.F.);
#375 = EDGE_CURVE('',#376,#367,#378,.T.);
#376 = VERTEX_POINT('',#377);
#377 = CARTESIAN_POINT('',(-16.,40.289790838927,13.537460231182));
#378 = CIRCLE('',#379,1.);
#379 = AXIS2_PLACEMENT_3D('',#380,#381,#382);
#380 = CARTESIAN_POINT('',(-16.,39.470638794638,12.963883794831));
#381 = DIRECTION('',(1.,6.661338147751E-16,1.998401444325E-15));
#382 = DIRECTION('',(-6.661338147751E-16,1.,-1.998401444325E-15));
#383 = ORIENTED_EDGE('',*,*,#384,.F.);
#384 = EDGE_CURVE('',#385,#376,#387,.T.);
#385 = VERTEX_POINT('',#386);
#386 = CARTESIAN_POINT('',(-16.,41.850095533165,11.309114192197));
#387 = LINE('',#388,#389);
#388 = CARTESIAN_POINT('',(-16.,40.651291850077,13.021183282674));
#389 = VECTOR('',#390,1.);
#390 = DIRECTION('',(-2.493881477998E-15,-0.573576436351,0.819152044289)
  );
#391 = ORIENTED_EDGE('',*,*,#392,.F.);
#392 = EDGE_CURVE('',#393,#385,#395,.T.);
#393 = VERTEX_POINT('',#394);
#394 = CARTESIAN_POINT('',(-16.,41.938468225261,10.97708132809));
#395 = CIRCLE('',#396,0.5);
#396 = AXIS2_PLACEMENT_3D('',#397,#398,#399);
#397 = CARTESIAN_POINT('',(-16.,41.44051951102,11.022325974021));
#398 = DIRECTION('',(1.,6.661338147751E-16,1.998401444325E-15));
#399 = DIRECTION('',(-6.661338147751E-16,1.,-1.998401444325E-15));
#400 = ORIENTED_EDGE('',*,*,#401,.T.);
#401 = EDGE_CURVE('',#393,#402,#404,.T.);
#402 = VERTEX_POINT('',#403);
#403 = CARTESIAN_POINT('',(-16.,48.117101074982,10.465155580366));
#404 = CIRCLE('',#405,3.1);
#405 = AXIS2_PLACEMENT_3D('',#406,#407,#408);
#406 = CARTESIAN_POINT('',(-16.,45.025750253557,10.696564523314));
#407 = DIRECTION('',(1.,1.110223024625E-15,3.10862446895E-15));
#408 = DIRECTION('',(-8.75072695728E-16,0.997209942395,
    -7.464804611234E-02));
#409 = ORIENTED_EDGE('',*,*,#410,.T.);
#410 = EDGE_CURVE('',#402,#411,#413,.T.);
#411 = VERTEX_POINT('',#412);
#412 = CARTESIAN_POINT('',(-16.,45.818063323908,13.693603061363));
#413 = CIRCLE('',#414,3.1);
#414 = AXIS2_PLACEMENT_3D('',#415,#416,#417);
#415 = CARTESIAN_POINT('',(-16.,45.025750253557,10.696564523314));
#416 = DIRECTION('',(1.,1.110223024625E-15,3.10862446895E-15));
#417 = DIRECTION('',(-8.75072695728E-16,0.997209942395,
    -7.464804611234E-02));
#418 = ORIENTED_EDGE('',*,*,#419,.F.);
#419 = EDGE_CURVE('',#420,#411,#422,.T.);
#420 = VERTEX_POINT('',#421);
#421 = CARTESIAN_POINT('',(-16.,45.536279732465,13.890208155776));
#422 = CIRCLE('',#423,0.5);
#423 = AXIS2_PLACEMENT_3D('',#424,#425,#426);
#424 = CARTESIAN_POINT('',(-16.,45.945855754609,14.176996373952));
#425 = DIRECTION('',(1.,6.661338147751E-16,1.998401444325E-15));
#426 = DIRECTION('',(-6.661338147751E-16,1.,-1.998401444325E-15));
#427 = ORIENTED_EDGE('',*,*,#428,.F.);
#428 = EDGE_CURVE('',#429,#420,#431,.T.);
#429 = VERTEX_POINT('',#430);
#430 = CARTESIAN_POINT('',(-16.,43.975975038228,16.118554194761));
#431 = LINE('',#432,#433);
#432 = CARTESIAN_POINT('',(-16.,44.337476049377,15.602277246253));
#433 = VECTOR('',#434,1.);
#434 = DIRECTION('',(2.493881477998E-15,0.573576436351,-0.819152044289)
  );
#435 = ORIENTED_EDGE('',*,*,#436,.F.);
#436 = EDGE_CURVE('',#437,#429,#439,.T.);
#437 = VERTEX_POINT('',#438);
#438 = CARTESIAN_POINT('',(-16.,44.756689887344,17.691391649079));
#439 = CIRCLE('',#440,1.);
#440 = AXIS2_PLACEMENT_3D('',#441,#442,#443);
#441 = CARTESIAN_POINT('',(-16.,44.795127082517,16.692130631112));
#442 = DIRECTION('',(1.,6.661338147751E-16,1.998401444325E-15));
#443 = DIRECTION('',(-6.661338147751E-16,1.,-1.998401444325E-15));
#444 = ORIENTED_EDGE('',*,*,#445,.F.);
#445 = EDGE_CURVE('',#446,#437,#448,.T.);
#446 = VERTEX_POINT('',#447);
#447 = CARTESIAN_POINT('',(-16.,52.025750253557,10.696564523314));
#448 = CIRCLE('',#449,7.);
#449 = AXIS2_PLACEMENT_3D('',#450,#451,#452);
#450 = CARTESIAN_POINT('',(-16.,45.025750253557,10.696564523314));
#451 = DIRECTION('',(1.,1.998401444325E-15,4.996003610813E-15));
#452 = DIRECTION('',(-1.998401444325E-15,1.,-4.996003610813E-15));
#453 = ORIENTED_EDGE('',*,*,#454,.F.);
#454 = EDGE_CURVE('',#455,#446,#457,.T.);
#455 = VERTEX_POINT('',#456);
#456 = CARTESIAN_POINT('',(-16.,48.643183806099,4.703720916732));
#457 = CIRCLE('',#458,7.);
#458 = AXIS2_PLACEMENT_3D('',#459,#460,#461);
#459 = CARTESIAN_POINT('',(-16.,45.025750253557,10.696564523314));
#460 = DIRECTION('',(1.,1.998401444325E-15,4.996003610813E-15));
#461 = DIRECTION('',(-1.998401444325E-15,1.,-4.996003610813E-15));
#462 = ORIENTED_EDGE('',*,*,#463,.T.);
#463 = EDGE_CURVE('',#455,#74,#464,.T.);
#464 = LINE('',#465,#466);
#465 = CARTESIAN_POINT('',(-16.,48.643183806099,4.703720916732));
#466 = VECTOR('',#467,1.);
#467 = DIRECTION('',(3.81572297262E-15,-0.856120515226,-0.516776221792)
  );
#468 = ORIENTED_EDGE('',*,*,#81,.F.);
#469 = FACE_BOUND('',#470,.T.);
#470 = EDGE_LOOP('',(#471,#481,#490,#499,#507,#516,#525,#534,#543));
#471 = ORIENTED_EDGE('',*,*,#472,.F.);
#472 = EDGE_CURVE('',#473,#475,#477,.T.);
#473 = VERTEX_POINT('',#474);
#474 = CARTESIAN_POINT('',(-16.,21.9,-5.524637972221));
#475 = VERTEX_POINT('',#476);
#476 = CARTESIAN_POINT('',(-16.,21.9,-6.287288763847));
#477 = LINE('',#478,#479);
#478 = CARTESIAN_POINT('',(-16.,21.9,-1.135756334753));
#479 = VECTOR('',#480,1.);
#480 = DIRECTION('',(2.600377925873E-15,2.325460340137E-15,-1.));
#481 = ORIENTED_EDGE('',*,*,#482,.T.);
#482 = EDGE_CURVE('',#473,#483,#485,.T.);
#483 = VERTEX_POINT('',#484);
#484 = CARTESIAN_POINT('',(-16.,21.5,5.539099631177));
#485 = CIRCLE('',#486,5.539099631177);
#486 = AXIS2_PLACEMENT_3D('',#487,#488,#489);
#487 = CARTESIAN_POINT('',(-16.,21.5,-2.386979502944E-14));
#488 = DIRECTION('',(1.,2.958228394579E-31,6.661338147751E-16));
#489 = DIRECTION('',(-6.661338147751E-16,2.218671295934E-31,1.));
#490 = ORIENTED_EDGE('',*,*,#491,.T.);
#491 = EDGE_CURVE('',#483,#492,#494,.T.);
#492 = VERTEX_POINT('',#493);
#493 = CARTESIAN_POINT('',(-16.,21.1,-5.524637972221));
#494 = CIRCLE('',#495,5.539099631177);
#495 = AXIS2_PLACEMENT_3D('',#496,#497,#498);
#496 = CARTESIAN_POINT('',(-16.,21.5,-2.386979502944E-14));
#497 = DIRECTION('',(1.,2.958228394579E-31,6.661338147751E-16));
#498 = DIRECTION('',(-6.661338147751E-16,2.218671295934E-31,1.));
#499 = ORIENTED_EDGE('',*,*,#500,.F.);
#500 = EDGE_CURVE('',#501,#492,#503,.T.);
#501 = VERTEX_POINT('',#502);
#502 = CARTESIAN_POINT('',(-16.,21.1,-6.287288763847));
#503 = LINE('',#504,#505);
#504 = CARTESIAN_POINT('',(-16.,21.1,-1.135756334753));
#505 = VECTOR('',#506,1.);
#506 = DIRECTION('',(-2.600377925873E-15,2.103415735212E-15,1.));
#507 = ORIENTED_EDGE('',*,*,#508,.F.);
#508 = EDGE_CURVE('',#509,#501,#511,.T.);
#509 = VERTEX_POINT('',#510);
#510 = CARTESIAN_POINT('',(-16.,17.045227278525,4.454772721475));
#511 = CIRCLE('',#512,6.3);
#512 = AXIS2_PLACEMENT_3D('',#513,#514,#515);
#513 = CARTESIAN_POINT('',(-16.,21.5,-3.280709037767E-14));
#514 = DIRECTION('',(1.,4.440892098501E-16,1.443289932013E-15));
#515 = DIRECTION('',(-4.440892098501E-16,1.,-1.443289932013E-15));
#516 = ORIENTED_EDGE('',*,*,#517,.T.);
#517 = EDGE_CURVE('',#509,#518,#520,.T.);
#518 = VERTEX_POINT('',#519);
#519 = CARTESIAN_POINT('',(-16.,16.196699141101,5.303300858899));
#520 = CIRCLE('',#521,0.6);
#521 = AXIS2_PLACEMENT_3D('',#522,#523,#524);
#522 = CARTESIAN_POINT('',(-16.,16.620963209813,4.879036790187));
#523 = DIRECTION('',(1.,4.440892098501E-16,1.443289932013E-15));
#524 = DIRECTION('',(-4.440892098501E-16,1.,-1.443289932013E-15));
#525 = ORIENTED_EDGE('',*,*,#526,.T.);
#526 = EDGE_CURVE('',#518,#527,#529,.T.);
#527 = VERTEX_POINT('',#528);
#528 = CARTESIAN_POINT('',(-16.,26.803300858899,5.303300858899));
#529 = CIRCLE('',#530,7.5);
#530 = AXIS2_PLACEMENT_3D('',#531,#532,#533);
#531 = CARTESIAN_POINT('',(-16.,21.5,-3.280709037767E-14));
#532 = DIRECTION('',(1.,4.440892098501E-16,1.443289932013E-15));
#533 = DIRECTION('',(-4.440892098501E-16,1.,-1.443289932013E-15));
#534 = ORIENTED_EDGE('',*,*,#535,.T.);
#535 = EDGE_CURVE('',#527,#536,#538,.T.);
#536 = VERTEX_POINT('',#537);
#537 = CARTESIAN_POINT('',(-16.,25.954772721475,4.454772721475));
#538 = CIRCLE('',#539,0.6);
#539 = AXIS2_PLACEMENT_3D('',#540,#541,#542);
#540 = CARTESIAN_POINT('',(-16.,26.379036790187,4.879036790187));
#541 = DIRECTION('',(1.,4.440892098501E-16,1.443289932013E-15));
#542 = DIRECTION('',(-4.440892098501E-16,1.,-1.443289932013E-15));
#543 = ORIENTED_EDGE('',*,*,#544,.F.);
#544 = EDGE_CURVE('',#475,#536,#545,.T.);
#545 = CIRCLE('',#546,6.3);
#546 = AXIS2_PLACEMENT_3D('',#547,#548,#549);
#547 = CARTESIAN_POINT('',(-16.,21.5,-3.280709037767E-14));
#548 = DIRECTION('',(1.,4.440892098501E-16,1.443289932013E-15));
#549 = DIRECTION('',(-4.440892098501E-16,1.,-1.443289932013E-15));
#550 = FACE_BOUND('',#551,.T.);
#551 = EDGE_LOOP('',(#552,#563,#572,#581,#590,#599,#608,#616,#625,#634,
    #643,#652,#661,#670,#678,#687,#696,#705,#714,#723,#732));
#552 = ORIENTED_EDGE('',*,*,#553,.T.);
#553 = EDGE_CURVE('',#554,#556,#558,.T.);
#554 = VERTEX_POINT('',#555);
#555 = CARTESIAN_POINT('',(-16.,-15.90983005625,5.));
#556 = VERTEX_POINT('',#557);
#557 = CARTESIAN_POINT('',(-16.,-15.92984952945,5.022292677201));
#558 = CIRCLE('',#559,7.5);
#559 = AXIS2_PLACEMENT_3D('',#560,#561,#562);
#560 = CARTESIAN_POINT('',(-16.,-21.5,1.965094753587E-14));
#561 = DIRECTION('',(1.,-1.110223024625E-16,3.330669073875E-16));
#562 = DIRECTION('',(-1.110223024625E-16,-1.,6.661338147751E-16));
#563 = ORIENTED_EDGE('',*,*,#564,.T.);
#564 = EDGE_CURVE('',#556,#565,#567,.T.);
#565 = VERTEX_POINT('',#566);
#566 = CARTESIAN_POINT('',(-16.,-16.1966991411,5.303300858899));
#567 = CIRCLE('',#568,7.5);
#568 = AXIS2_PLACEMENT_3D('',#569,#570,#571);
#569 = CARTESIAN_POINT('',(-16.,-21.5,1.965094753587E-14));
#570 = DIRECTION('',(1.,-1.110223024625E-16,3.330669073875E-16));
#571 = DIRECTION('',(-1.110223024625E-16,-1.,6.661338147751E-16));
#572 = ORIENTED_EDGE('',*,*,#573,.T.);
#573 = EDGE_CURVE('',#565,#574,#576,.T.);
#574 = VERTEX_POINT('',#575);
#575 = CARTESIAN_POINT('',(-16.,-17.20864331146,5.));
#576 = CIRCLE('',#577,0.6);
#577 = AXIS2_PLACEMENT_3D('',#578,#579,#580);
#578 = CARTESIAN_POINT('',(-16.,-16.62096320981,4.879036790187));
#579 = DIRECTION('',(1.,-1.110223024625E-16,3.330669073875E-16));
#580 = DIRECTION('',(-1.110223024625E-16,-1.,6.661338147751E-16));
#581 = ORIENTED_EDGE('',*,*,#582,.T.);
#582 = EDGE_CURVE('',#574,#583,#585,.T.);
#583 = VERTEX_POINT('',#584);
#584 = CARTESIAN_POINT('',(-16.,-17.04522727852,4.454772721475));
#585 = CIRCLE('',#586,0.6);
#586 = AXIS2_PLACEMENT_3D('',#587,#588,#589);
#587 = CARTESIAN_POINT('',(-16.,-16.62096320981,4.879036790187));
#588 = DIRECTION('',(1.,-1.110223024625E-16,3.330669073875E-16));
#589 = DIRECTION('',(-1.110223024625E-16,-1.,6.661338147751E-16));
#590 = ORIENTED_EDGE('',*,*,#591,.F.);
#591 = EDGE_CURVE('',#592,#583,#594,.T.);
#592 = VERTEX_POINT('',#593);
#593 = CARTESIAN_POINT('',(-16.,-17.66724642065,-5.));
#594 = CIRCLE('',#595,6.3);
#595 = AXIS2_PLACEMENT_3D('',#596,#597,#598);
#596 = CARTESIAN_POINT('',(-16.,-21.5,1.965094753587E-14));
#597 = DIRECTION('',(1.,-1.110223024625E-16,3.330669073875E-16));
#598 = DIRECTION('',(-1.110223024625E-16,-1.,6.661338147751E-16));
#599 = ORIENTED_EDGE('',*,*,#600,.F.);
#600 = EDGE_CURVE('',#601,#592,#603,.T.);
#601 = VERTEX_POINT('',#602);
#602 = CARTESIAN_POINT('',(-16.,-21.1,-6.287288763847));
#603 = CIRCLE('',#604,6.3);
#604 = AXIS2_PLACEMENT_3D('',#605,#606,#607);
#605 = CARTESIAN_POINT('',(-16.,-21.5,1.965094753587E-14));
#606 = DIRECTION('',(1.,-1.110223024625E-16,3.330669073875E-16));
#607 = DIRECTION('',(-1.110223024625E-16,-1.,6.661338147751E-16));
#608 = ORIENTED_EDGE('',*,*,#609,.T.);
#609 = EDGE_CURVE('',#601,#610,#612,.T.);
#610 = VERTEX_POINT('',#611);
#611 = CARTESIAN_POINT('',(-16.,-21.1,-5.524637972221));
#612 = LINE('',#613,#614);
#613 = CARTESIAN_POINT('',(-16.,-21.1,-0.540325265912));
#614 = VECTOR('',#615,1.);
#615 = DIRECTION('',(1.110223024625E-16,-1.992393432749E-15,1.));
#616 = ORIENTED_EDGE('',*,*,#617,.T.);
#617 = EDGE_CURVE('',#610,#618,#620,.T.);
#618 = VERTEX_POINT('',#619);
#619 = CARTESIAN_POINT('',(-16.,-19.11638410726,-5.));
#620 = CIRCLE('',#621,5.539099631177);
#621 = AXIS2_PLACEMENT_3D('',#622,#623,#624);
#622 = CARTESIAN_POINT('',(-16.,-21.5,1.842970220878E-14));
#623 = DIRECTION('',(1.,1.110223024625E-16,1.110223024625E-16));
#624 = DIRECTION('',(-1.110223024625E-16,-1.972152263053E-31,1.));
#625 = ORIENTED_EDGE('',*,*,#626,.T.);
#626 = EDGE_CURVE('',#618,#627,#629,.T.);
#627 = VERTEX_POINT('',#628);
#628 = CARTESIAN_POINT('',(-16.,-19.11638410726,5.));
#629 = CIRCLE('',#630,5.539099631177);
#630 = AXIS2_PLACEMENT_3D('',#631,#632,#633);
#631 = CARTESIAN_POINT('',(-16.,-21.5,1.842970220878E-14));
#632 = DIRECTION('',(1.,1.110223024625E-16,1.110223024625E-16));
#633 = DIRECTION('',(-1.110223024625E-16,-1.972152263053E-31,1.));
#634 = ORIENTED_EDGE('',*,*,#635,.T.);
#635 = EDGE_CURVE('',#627,#636,#638,.T.);
#636 = VERTEX_POINT('',#637);
#637 = CARTESIAN_POINT('',(-16.,-21.5,5.539099631177));
#638 = CIRCLE('',#639,5.539099631177);
#639 = AXIS2_PLACEMENT_3D('',#640,#641,#642);
#640 = CARTESIAN_POINT('',(-16.,-21.5,1.842970220878E-14));
#641 = DIRECTION('',(1.,1.110223024625E-16,1.110223024625E-16));
#642 = DIRECTION('',(-1.110223024625E-16,-1.972152263053E-31,1.));
#643 = ORIENTED_EDGE('',*,*,#644,.T.);
#644 = EDGE_CURVE('',#636,#645,#647,.T.);
#645 = VERTEX_POINT('',#646);
#646 = CARTESIAN_POINT('',(-16.,-22.99144911147,5.334529433043));
#647 = CIRCLE('',#648,5.539099631177);
#648 = AXIS2_PLACEMENT_3D('',#649,#650,#651);
#649 = CARTESIAN_POINT('',(-16.,-21.5,1.842970220878E-14));
#650 = DIRECTION('',(1.,1.110223024625E-16,1.110223024625E-16));
#651 = DIRECTION('',(-1.110223024625E-16,-1.972152263053E-31,1.));
#652 = ORIENTED_EDGE('',*,*,#653,.T.);
#653 = EDGE_CURVE('',#645,#654,#656,.T.);
#654 = VERTEX_POINT('',#655);
#655 = CARTESIAN_POINT('',(-16.,-25.43432675969,-3.899063691713));
#656 = CIRCLE('',#657,5.539099631177);
#657 = AXIS2_PLACEMENT_3D('',#658,#659,#660);
#658 = CARTESIAN_POINT('',(-16.,-21.5,1.842970220878E-14));
#659 = DIRECTION('',(1.,1.110223024625E-16,1.110223024625E-16));
#660 = DIRECTION('',(-1.110223024625E-16,-1.972152263053E-31,1.));
#661 = ORIENTED_EDGE('',*,*,#662,.T.);
#662 = EDGE_CURVE('',#654,#663,#665,.T.);
#663 = VERTEX_POINT('',#664);
#664 = CARTESIAN_POINT('',(-16.,-21.9,-5.524637972221));
#665 = CIRCLE('',#666,5.539099631177);
#666 = AXIS2_PLACEMENT_3D('',#667,#668,#669);
#667 = CARTESIAN_POINT('',(-16.,-21.5,1.842970220878E-14));
#668 = DIRECTION('',(1.,1.110223024625E-16,1.110223024625E-16));
#669 = DIRECTION('',(-1.110223024625E-16,-1.972152263053E-31,1.));
#670 = ORIENTED_EDGE('',*,*,#671,.T.);
#671 = EDGE_CURVE('',#663,#672,#674,.T.);
#672 = VERTEX_POINT('',#673);
#673 = CARTESIAN_POINT('',(-16.,-21.9,-6.287288763847));
#674 = LINE('',#675,#676);
#675 = CARTESIAN_POINT('',(-16.,-21.9,-0.540325265912));
#676 = VECTOR('',#677,1.);
#677 = DIRECTION('',(-1.110223024625E-16,-2.436482642599E-15,-1.));
#678 = ORIENTED_EDGE('',*,*,#679,.F.);
#679 = EDGE_CURVE('',#680,#672,#682,.T.);
#680 = VERTEX_POINT('',#681);
#681 = CARTESIAN_POINT('',(-16.,-25.65552441549,-4.735146970498));
#682 = CIRCLE('',#683,6.3);
#683 = AXIS2_PLACEMENT_3D('',#684,#685,#686);
#684 = CARTESIAN_POINT('',(-16.,-21.5,1.965094753587E-14));
#685 = DIRECTION('',(1.,-1.110223024625E-16,3.330669073875E-16));
#686 = DIRECTION('',(-1.110223024625E-16,-1.,6.661338147751E-16));
#687 = ORIENTED_EDGE('',*,*,#688,.F.);
#688 = EDGE_CURVE('',#689,#680,#691,.T.);
#689 = VERTEX_POINT('',#690);
#690 = CARTESIAN_POINT('',(-16.,-25.95477272147,4.454772721475));
#691 = CIRCLE('',#692,6.3);
#692 = AXIS2_PLACEMENT_3D('',#693,#694,#695);
#693 = CARTESIAN_POINT('',(-16.,-21.5,1.965094753587E-14));
#694 = DIRECTION('',(1.,-1.110223024625E-16,3.330669073875E-16));
#695 = DIRECTION('',(-1.110223024625E-16,-1.,6.661338147751E-16));
#696 = ORIENTED_EDGE('',*,*,#697,.T.);
#697 = EDGE_CURVE('',#689,#698,#700,.T.);
#698 = VERTEX_POINT('',#699);
#699 = CARTESIAN_POINT('',(-16.,-26.80330085889,5.303300858899));
#700 = CIRCLE('',#701,0.6);
#701 = AXIS2_PLACEMENT_3D('',#702,#703,#704);
#702 = CARTESIAN_POINT('',(-16.,-26.37903679018,4.879036790187));
#703 = DIRECTION('',(1.,-1.110223024625E-16,3.330669073875E-16));
#704 = DIRECTION('',(-1.110223024625E-16,-1.,6.661338147751E-16));
#705 = ORIENTED_EDGE('',*,*,#706,.T.);
#706 = EDGE_CURVE('',#698,#707,#709,.T.);
#707 = VERTEX_POINT('',#708);
#708 = CARTESIAN_POINT('',(-16.,-25.99178658297,-6.006151287888));
#709 = CIRCLE('',#710,7.5);
#710 = AXIS2_PLACEMENT_3D('',#711,#712,#713);
#711 = CARTESIAN_POINT('',(-16.,-21.5,1.965094753587E-14));
#712 = DIRECTION('',(1.,-1.110223024625E-16,3.330669073875E-16));
#713 = DIRECTION('',(-1.110223024625E-16,-1.,6.661338147751E-16));
#714 = ORIENTED_EDGE('',*,*,#715,.T.);
#715 = EDGE_CURVE('',#707,#716,#718,.T.);
#716 = VERTEX_POINT('',#717);
#717 = CARTESIAN_POINT('',(-16.,-15.92984952945,-5.022292677201));
#718 = CIRCLE('',#719,7.5);
#719 = AXIS2_PLACEMENT_3D('',#720,#721,#722);
#720 = CARTESIAN_POINT('',(-16.,-21.5,1.965094753587E-14));
#721 = DIRECTION('',(1.,-1.110223024625E-16,3.330669073875E-16));
#722 = DIRECTION('',(-1.110223024625E-16,-1.,6.661338147751E-16));
#723 = ORIENTED_EDGE('',*,*,#724,.T.);
#724 = EDGE_CURVE('',#716,#725,#727,.T.);
#725 = VERTEX_POINT('',#726);
#726 = CARTESIAN_POINT('',(-16.,-15.90983005625,-5.));
#727 = CIRCLE('',#728,7.5);
#728 = AXIS2_PLACEMENT_3D('',#729,#730,#731);
#729 = CARTESIAN_POINT('',(-16.,-21.5,1.965094753587E-14));
#730 = DIRECTION('',(1.,-1.110223024625E-16,3.330669073875E-16));
#731 = DIRECTION('',(-1.110223024625E-16,-1.,6.661338147751E-16));
#732 = ORIENTED_EDGE('',*,*,#733,.T.);
#733 = EDGE_CURVE('',#725,#554,#734,.T.);
#734 = CIRCLE('',#735,7.5);
#735 = AXIS2_PLACEMENT_3D('',#736,#737,#738);
#736 = CARTESIAN_POINT('',(-16.,-21.5,1.965094753587E-14));
#737 = DIRECTION('',(1.,-1.110223024625E-16,3.330669073875E-16));
#738 = DIRECTION('',(-1.110223024625E-16,-1.,6.661338147751E-16));
#739 = PLANE('',#740);
#740 = AXIS2_PLACEMENT_3D('',#741,#742,#743);
#741 = CARTESIAN_POINT('',(-16.,-5.751558698685E-02,4.346002083486));
#742 = DIRECTION('',(-1.,-1.767554339063E-17,-1.25260647907E-15));
#743 = DIRECTION('',(1.918740293845E-15,-7.765349535769E-31,-1.));
#744 = ADVANCED_FACE('',(#745,#1090,#1171),#1360,.T.);
#745 = FACE_BOUND('',#746,.T.);
#746 = EDGE_LOOP('',(#747,#756,#757,#758,#759,#767,#776,#785,#794,#802,
    #811,#820,#829,#838,#846,#855,#864,#873,#881,#890,#899,#908,#916,
    #925,#934,#943,#951,#960,#969,#978,#986,#995,#1004,#1013,#1022,#1031
    ,#1040,#1048,#1057,#1066,#1075,#1083));
#747 = ORIENTED_EDGE('',*,*,#748,.T.);
#748 = EDGE_CURVE('',#749,#98,#751,.T.);
#749 = VERTEX_POINT('',#750);
#750 = CARTESIAN_POINT('',(16.,-13.37767137932,-5.833333333333));
#751 = CIRCLE('',#752,2.);
#752 = AXIS2_PLACEMENT_3D('',#753,#754,#755);
#753 = CARTESIAN_POINT('',(16.,-11.75320565518,-7.));
#754 = DIRECTION('',(-1.,-7.771561172376E-16,-1.665334536938E-15));
#755 = DIRECTION('',(7.771561172376E-16,-1.,1.33226762955E-15));
#756 = ORIENTED_EDGE('',*,*,#97,.T.);
#757 = ORIENTED_EDGE('',*,*,#31,.F.);
#758 = ORIENTED_EDGE('',*,*,#64,.T.);
#759 = ORIENTED_EDGE('',*,*,#760,.F.);
#760 = EDGE_CURVE('',#761,#65,#763,.T.);
#761 = VERTEX_POINT('',#762);
#762 = CARTESIAN_POINT('',(16.,48.643183806099,4.703720916732));
#763 = LINE('',#764,#765);
#764 = CARTESIAN_POINT('',(16.,48.643183806099,4.703720916732));
#765 = VECTOR('',#766,1.);
#766 = DIRECTION('',(3.81572297262E-15,-0.856120515226,-0.516776221792)
  );
#767 = ORIENTED_EDGE('',*,*,#768,.T.);
#768 = EDGE_CURVE('',#761,#769,#771,.T.);
#769 = VERTEX_POINT('',#770);
#770 = CARTESIAN_POINT('',(16.,52.025750253557,10.696564523314));
#771 = CIRCLE('',#772,7.);
#772 = AXIS2_PLACEMENT_3D('',#773,#774,#775);
#773 = CARTESIAN_POINT('',(16.,45.025750253557,10.696564523314));
#774 = DIRECTION('',(1.,1.998401444325E-15,4.996003610813E-15));
#775 = DIRECTION('',(-1.998401444325E-15,1.,-4.996003610813E-15));
#776 = ORIENTED_EDGE('',*,*,#777,.T.);
#777 = EDGE_CURVE('',#769,#778,#780,.T.);
#778 = VERTEX_POINT('',#779);
#779 = CARTESIAN_POINT('',(16.,44.756689887344,17.691391649079));
#780 = CIRCLE('',#781,7.);
#781 = AXIS2_PLACEMENT_3D('',#782,#783,#784);
#782 = CARTESIAN_POINT('',(16.,45.025750253557,10.696564523314));
#783 = DIRECTION('',(1.,1.998401444325E-15,4.996003610813E-15));
#784 = DIRECTION('',(-1.998401444325E-15,1.,-4.996003610813E-15));
#785 = ORIENTED_EDGE('',*,*,#786,.T.);
#786 = EDGE_CURVE('',#778,#787,#789,.T.);
#787 = VERTEX_POINT('',#788);
#788 = CARTESIAN_POINT('',(16.,43.975975038228,16.118554194761));
#789 = CIRCLE('',#790,1.);
#790 = AXIS2_PLACEMENT_3D('',#791,#792,#793);
#791 = CARTESIAN_POINT('',(16.,44.795127082517,16.692130631112));
#792 = DIRECTION('',(1.,6.661338147751E-16,1.998401444325E-15));
#793 = DIRECTION('',(-6.661338147751E-16,1.,-1.998401444325E-15));
#794 = ORIENTED_EDGE('',*,*,#795,.F.);
#795 = EDGE_CURVE('',#796,#787,#798,.T.);
#796 = VERTEX_POINT('',#797);
#797 = CARTESIAN_POINT('',(16.,45.536279732465,13.890208155776));
#798 = LINE('',#799,#800);
#799 = CARTESIAN_POINT('',(16.,44.337476049377,15.602277246253));
#800 = VECTOR('',#801,1.);
#801 = DIRECTION('',(-2.305810069764E-15,-0.573576436351,0.819152044289)
  );
#802 = ORIENTED_EDGE('',*,*,#803,.T.);
#803 = EDGE_CURVE('',#796,#804,#806,.T.);
#804 = VERTEX_POINT('',#805);
#805 = CARTESIAN_POINT('',(16.,45.818063323908,13.693603061363));
#806 = CIRCLE('',#807,0.5);
#807 = AXIS2_PLACEMENT_3D('',#808,#809,#810);
#808 = CARTESIAN_POINT('',(16.,45.945855754609,14.176996373952));
#809 = DIRECTION('',(1.,6.661338147751E-16,1.998401444325E-15));
#810 = DIRECTION('',(-6.661338147751E-16,1.,-1.998401444325E-15));
#811 = ORIENTED_EDGE('',*,*,#812,.F.);
#812 = EDGE_CURVE('',#813,#804,#815,.T.);
#813 = VERTEX_POINT('',#814);
#814 = CARTESIAN_POINT('',(16.,48.117101074982,10.465155580366));
#815 = CIRCLE('',#816,3.1);
#816 = AXIS2_PLACEMENT_3D('',#817,#818,#819);
#817 = CARTESIAN_POINT('',(16.,45.025750253557,10.696564523314));
#818 = DIRECTION('',(1.,1.110223024625E-15,3.10862446895E-15));
#819 = DIRECTION('',(-8.75072695728E-16,0.997209942395,
    -7.464804611234E-02));
#820 = ORIENTED_EDGE('',*,*,#821,.F.);
#821 = EDGE_CURVE('',#822,#813,#824,.T.);
#822 = VERTEX_POINT('',#823);
#823 = CARTESIAN_POINT('',(16.,41.938468225261,10.97708132809));
#824 = CIRCLE('',#825,3.1);
#825 = AXIS2_PLACEMENT_3D('',#826,#827,#828);
#826 = CARTESIAN_POINT('',(16.,45.025750253557,10.696564523314));
#827 = DIRECTION('',(1.,1.110223024625E-15,3.10862446895E-15));
#828 = DIRECTION('',(-8.75072695728E-16,0.997209942395,
    -7.464804611234E-02));
#829 = ORIENTED_EDGE('',*,*,#830,.T.);
#830 = EDGE_CURVE('',#822,#831,#833,.T.);
#831 = VERTEX_POINT('',#832);
#832 = CARTESIAN_POINT('',(16.,41.850095533165,11.309114192197));
#833 = CIRCLE('',#834,0.5);
#834 = AXIS2_PLACEMENT_3D('',#835,#836,#837);
#835 = CARTESIAN_POINT('',(16.,41.44051951102,11.022325974021));
#836 = DIRECTION('',(1.,6.661338147751E-16,1.998401444325E-15));
#837 = DIRECTION('',(-6.661338147751E-16,1.,-1.998401444325E-15));
#838 = ORIENTED_EDGE('',*,*,#839,.F.);
#839 = EDGE_CURVE('',#840,#831,#842,.T.);
#840 = VERTEX_POINT('',#841);
#841 = CARTESIAN_POINT('',(16.,40.289790838927,13.537460231182));
#842 = LINE('',#843,#844);
#843 = CARTESIAN_POINT('',(16.,40.651291850077,13.021183282674));
#844 = VECTOR('',#845,1.);
#845 = DIRECTION('',(2.305810069764E-15,0.573576436351,-0.819152044289)
  );
#846 = ORIENTED_EDGE('',*,*,#847,.T.);
#847 = EDGE_CURVE('',#840,#848,#850,.T.);
#848 = VERTEX_POINT('',#849);
#849 = CARTESIAN_POINT('',(16.,38.544786884819,13.341770340084));
#850 = CIRCLE('',#851,1.);
#851 = AXIS2_PLACEMENT_3D('',#852,#853,#854);
#852 = CARTESIAN_POINT('',(16.,39.470638794638,12.963883794831));
#853 = DIRECTION('',(1.,6.661338147751E-16,1.998401444325E-15));
#854 = DIRECTION('',(-6.661338147751E-16,1.,-1.998401444325E-15));
#855 = ORIENTED_EDGE('',*,*,#856,.T.);
#856 = EDGE_CURVE('',#848,#857,#859,.T.);
#857 = VERTEX_POINT('',#858);
#858 = CARTESIAN_POINT('',(16.,38.16064189562,12.06414897547));
#859 = CIRCLE('',#860,7.);
#860 = AXIS2_PLACEMENT_3D('',#861,#862,#863);
#861 = CARTESIAN_POINT('',(16.,45.025750253557,10.696564523314));
#862 = DIRECTION('',(1.,1.998401444325E-15,4.996003610813E-15));
#863 = DIRECTION('',(-1.998401444325E-15,1.,-4.996003610813E-15));
#864 = ORIENTED_EDGE('',*,*,#865,.F.);
#865 = EDGE_CURVE('',#866,#857,#868,.T.);
#866 = VERTEX_POINT('',#867);
#867 = CARTESIAN_POINT('',(16.,35.141048503386,9.651255329746));
#868 = CIRCLE('',#869,3.);
#869 = AXIS2_PLACEMENT_3D('',#870,#871,#872);
#870 = CARTESIAN_POINT('',(16.,35.218452599361,12.650256597823));
#871 = DIRECTION('',(1.,1.7763568394E-15,4.440892098501E-15));
#872 = DIRECTION('',(-1.7763568394E-15,1.,-4.440892098501E-15));
#873 = ORIENTED_EDGE('',*,*,#874,.F.);
#874 = EDGE_CURVE('',#875,#866,#877,.T.);
#875 = VERTEX_POINT('',#876);
#876 = CARTESIAN_POINT('',(16.,24.411260420014,9.92819070668));
#877 = LINE('',#878,#879);
#878 = CARTESIAN_POINT('',(16.,21.758013653251,9.996670893589));
#879 = VECTOR('',#880,1.);
#880 = DIRECTION('',(-1.661184391903E-15,0.999667089359,
    -2.580136532508E-02));
#881 = ORIENTED_EDGE('',*,*,#882,.F.);
#882 = EDGE_CURVE('',#883,#875,#885,.T.);
#883 = VERTEX_POINT('',#884);
#884 = CARTESIAN_POINT('',(16.,14.357831682289,6.999245082256));
#885 = CIRCLE('',#886,69.5);
#886 = AXIS2_PLACEMENT_3D('',#887,#888,#889);
#887 = CARTESIAN_POINT('',(16.,8.326672684689E-15,75.));
#888 = DIRECTION('',(1.,8.628166150855E-32,3.330669073875E-16));
#889 = DIRECTION('',(2.465190328816E-32,1.,-3.330669073875E-16));
#890 = ORIENTED_EDGE('',*,*,#891,.T.);
#891 = EDGE_CURVE('',#883,#892,#894,.T.);
#892 = VERTEX_POINT('',#893);
#893 = CARTESIAN_POINT('',(16.,13.377671379323,5.833333333333));
#894 = CIRCLE('',#895,10.);
#895 = AXIS2_PLACEMENT_3D('',#896,#897,#898);
#896 = CARTESIAN_POINT('',(16.,21.5,-1.882938249764E-13));
#897 = DIRECTION('',(1.,1.998401444325E-15,4.996003610813E-15));
#898 = DIRECTION('',(-1.998401444325E-15,1.,-4.996003610813E-15));
#899 = ORIENTED_EDGE('',*,*,#900,.F.);
#900 = EDGE_CURVE('',#901,#892,#903,.T.);
#901 = VERTEX_POINT('',#902);
#902 = CARTESIAN_POINT('',(16.,11.753205655188,5.));
#903 = CIRCLE('',#904,2.);
#904 = AXIS2_PLACEMENT_3D('',#905,#906,#907);
#905 = CARTESIAN_POINT('',(16.,11.753205655189,7.));
#906 = DIRECTION('',(1.,1.554312234475E-15,3.885780586188E-15));
#907 = DIRECTION('',(-1.554312234475E-15,1.,-3.885780586188E-15));
#908 = ORIENTED_EDGE('',*,*,#909,.T.);
#909 = EDGE_CURVE('',#901,#910,#912,.T.);
#910 = VERTEX_POINT('',#911);
#911 = CARTESIAN_POINT('',(16.,-11.75320565518,5.));
#912 = LINE('',#913,#914);
#913 = CARTESIAN_POINT('',(16.,21.5,5.));
#914 = VECTOR('',#915,1.);
#915 = DIRECTION('',(2.22044604925E-16,-1.,3.5527136788E-15));
#916 = ORIENTED_EDGE('',*,*,#917,.T.);
#917 = EDGE_CURVE('',#910,#918,#920,.T.);
#918 = VERTEX_POINT('',#919);
#919 = CARTESIAN_POINT('',(16.,-13.37767137932,5.833333333333));
#920 = CIRCLE('',#921,2.);
#921 = AXIS2_PLACEMENT_3D('',#922,#923,#924);
#922 = CARTESIAN_POINT('',(16.,-11.75320565518,7.));
#923 = DIRECTION('',(-1.,-7.771561172376E-16,-1.665334536938E-15));
#924 = DIRECTION('',(7.771561172376E-16,-1.,1.33226762955E-15));
#925 = ORIENTED_EDGE('',*,*,#926,.F.);
#926 = EDGE_CURVE('',#927,#918,#929,.T.);
#927 = VERTEX_POINT('',#928);
#928 = CARTESIAN_POINT('',(16.,-14.35783168228,6.999245082256));
#929 = CIRCLE('',#930,10.);
#930 = AXIS2_PLACEMENT_3D('',#931,#932,#933);
#931 = CARTESIAN_POINT('',(16.,-21.5,-7.105427357601E-15));
#932 = DIRECTION('',(-1.,-7.771561172376E-16,-1.665334536938E-15));
#933 = DIRECTION('',(7.771561172376E-16,-1.,1.33226762955E-15));
#934 = ORIENTED_EDGE('',*,*,#935,.F.);
#935 = EDGE_CURVE('',#936,#927,#938,.T.);
#936 = VERTEX_POINT('',#937);
#937 = CARTESIAN_POINT('',(16.,-24.41126042001,9.92819070668));
#938 = CIRCLE('',#939,69.5);
#939 = AXIS2_PLACEMENT_3D('',#940,#941,#942);
#940 = CARTESIAN_POINT('',(16.,8.326672684689E-15,75.));
#941 = DIRECTION('',(1.,8.628166150855E-32,3.330669073875E-16));
#942 = DIRECTION('',(2.465190328816E-32,1.,-3.330669073875E-16));
#943 = ORIENTED_EDGE('',*,*,#944,.T.);
#944 = EDGE_CURVE('',#936,#945,#947,.T.);
#945 = VERTEX_POINT('',#946);
#946 = CARTESIAN_POINT('',(16.,-35.14104850338,9.651255329746));
#947 = LINE('',#948,#949);
#948 = CARTESIAN_POINT('',(16.,-21.75801365325,9.996670893589));
#949 = VECTOR('',#950,1.);
#950 = DIRECTION('',(8.198652984724E-16,-0.999667089359,
    -2.580136532507E-02));
#951 = ORIENTED_EDGE('',*,*,#952,.T.);
#952 = EDGE_CURVE('',#945,#953,#955,.T.);
#953 = VERTEX_POINT('',#954);
#954 = CARTESIAN_POINT('',(16.,-38.16064189562,12.06414897547));
#955 = CIRCLE('',#956,3.);
#956 = AXIS2_PLACEMENT_3D('',#957,#958,#959);
#957 = CARTESIAN_POINT('',(16.,-35.21845259936,12.650256597823));
#958 = DIRECTION('',(-1.,-7.771561172376E-16,-1.665334536938E-15));
#959 = DIRECTION('',(7.771561172376E-16,-1.,1.33226762955E-15));
#960 = ORIENTED_EDGE('',*,*,#961,.F.);
#961 = EDGE_CURVE('',#962,#953,#964,.T.);
#962 = VERTEX_POINT('',#963);
#963 = CARTESIAN_POINT('',(16.,-38.54478688481,13.341770340083));
#964 = CIRCLE('',#965,7.);
#965 = AXIS2_PLACEMENT_3D('',#966,#967,#968);
#966 = CARTESIAN_POINT('',(16.,-45.02575025355,10.696564523314));
#967 = DIRECTION('',(-1.,-7.771561172376E-16,-1.665334536938E-15));
#968 = DIRECTION('',(7.771561172376E-16,-1.,1.33226762955E-15));
#969 = ORIENTED_EDGE('',*,*,#970,.T.);
#970 = EDGE_CURVE('',#962,#971,#973,.T.);
#971 = VERTEX_POINT('',#972);
#972 = CARTESIAN_POINT('',(16.,-40.28979083892,13.537460231182));
#973 = CIRCLE('',#974,1.);
#974 = AXIS2_PLACEMENT_3D('',#975,#976,#977);
#975 = CARTESIAN_POINT('',(16.,-39.47063879463,12.963883794831));
#976 = DIRECTION('',(1.,-1.110223024625E-16,3.330669073875E-16));
#977 = DIRECTION('',(-1.110223024625E-16,-1.,6.661338147751E-16));
#978 = ORIENTED_EDGE('',*,*,#979,.F.);
#979 = EDGE_CURVE('',#980,#971,#982,.T.);
#980 = VERTEX_POINT('',#981);
#981 = CARTESIAN_POINT('',(16.,-41.85009553316,11.309114192197));
#982 = LINE('',#983,#984);
#983 = CARTESIAN_POINT('',(16.,-41.32806728326,12.054647796761));
#984 = VECTOR('',#985,1.);
#985 = DIRECTION('',(1.546239226258E-16,0.573576436351,0.819152044289));
#986 = ORIENTED_EDGE('',*,*,#987,.T.);
#987 = EDGE_CURVE('',#980,#988,#990,.T.);
#988 = VERTEX_POINT('',#989);
#989 = CARTESIAN_POINT('',(16.,-41.93846822526,10.97708132809));
#990 = CIRCLE('',#991,0.5);
#991 = AXIS2_PLACEMENT_3D('',#992,#993,#994);
#992 = CARTESIAN_POINT('',(16.,-41.44051951102,11.022325974021));
#993 = DIRECTION('',(1.,-1.110223024625E-16,3.330669073875E-16));
#994 = DIRECTION('',(-1.110223024625E-16,-1.,6.661338147751E-16));
#995 = ORIENTED_EDGE('',*,*,#996,.F.);
#996 = EDGE_CURVE('',#997,#988,#999,.T.);
#997 = VERTEX_POINT('',#998);
#998 = CARTESIAN_POINT('',(16.,-42.358686239,9.116447583886));
#999 = CIRCLE('',#1000,3.1);
#1000 = AXIS2_PLACEMENT_3D('',#1001,#1002,#1003);
#1001 = CARTESIAN_POINT('',(16.,-45.02575025355,10.696564523314));
#1002 = DIRECTION('',(1.,-1.110223024625E-16,3.330669073875E-16));
#1003 = DIRECTION('',(-8.584974998206E-17,-0.997209942395,
    -7.464804611233E-02));
#1004 = ORIENTED_EDGE('',*,*,#1005,.F.);
#1005 = EDGE_CURVE('',#1006,#997,#1008,.T.);
#1006 = VERTEX_POINT('',#1007);
#1007 = CARTESIAN_POINT('',(16.,-44.44513946271,7.651422308317));
#1008 = CIRCLE('',#1009,3.1);
#1009 = AXIS2_PLACEMENT_3D('',#1010,#1011,#1012);
#1010 = CARTESIAN_POINT('',(16.,-45.02575025355,10.696564523314));
#1011 = DIRECTION('',(1.,-1.110223024625E-16,3.330669073875E-16));
#1012 = DIRECTION('',(-8.584974998206E-17,-0.997209942395,
    -7.464804611233E-02));
#1013 = ORIENTED_EDGE('',*,*,#1014,.F.);
#1014 = EDGE_CURVE('',#1015,#1006,#1017,.T.);
#1015 = VERTEX_POINT('',#1016);
#1016 = CARTESIAN_POINT('',(16.,-48.11710107498,10.465155580366));
#1017 = CIRCLE('',#1018,3.1);
#1018 = AXIS2_PLACEMENT_3D('',#1019,#1020,#1021);
#1019 = CARTESIAN_POINT('',(16.,-45.02575025355,10.696564523314));
#1020 = DIRECTION('',(1.,-1.110223024625E-16,3.330669073875E-16));
#1021 = DIRECTION('',(-8.584974998206E-17,-0.997209942395,
    -7.464804611233E-02));
#1022 = ORIENTED_EDGE('',*,*,#1023,.F.);
#1023 = EDGE_CURVE('',#1024,#1015,#1026,.T.);
#1024 = VERTEX_POINT('',#1025);
#1025 = CARTESIAN_POINT('',(16.,-45.8180633239,13.693603061363));
#1026 = CIRCLE('',#1027,3.1);
#1027 = AXIS2_PLACEMENT_3D('',#1028,#1029,#1030);
#1028 = CARTESIAN_POINT('',(16.,-45.02575025355,10.696564523314));
#1029 = DIRECTION('',(1.,-1.110223024625E-16,3.330669073875E-16));
#1030 = DIRECTION('',(-8.584974998206E-17,-0.997209942395,
    -7.464804611233E-02));
#1031 = ORIENTED_EDGE('',*,*,#1032,.T.);
#1032 = EDGE_CURVE('',#1024,#1033,#1035,.T.);
#1033 = VERTEX_POINT('',#1034);
#1034 = CARTESIAN_POINT('',(16.,-45.53627973246,13.890208155776));
#1035 = CIRCLE('',#1036,0.5);
#1036 = AXIS2_PLACEMENT_3D('',#1037,#1038,#1039);
#1037 = CARTESIAN_POINT('',(16.,-45.9458557546,14.176996373952));
#1038 = DIRECTION('',(1.,-1.110223024625E-16,3.330669073875E-16));
#1039 = DIRECTION('',(-1.110223024625E-16,-1.,6.661338147751E-16));
#1040 = ORIENTED_EDGE('',*,*,#1041,.F.);
#1041 = EDGE_CURVE('',#1042,#1033,#1044,.T.);
#1042 = VERTEX_POINT('',#1043);
#1043 = CARTESIAN_POINT('',(16.,-43.97597503822,16.118554194761));
#1044 = LINE('',#1045,#1046);
#1045 = CARTESIAN_POINT('',(16.,-45.01425148256,14.635741760341));
#1046 = VECTOR('',#1047,1.);
#1047 = DIRECTION('',(-1.546239226258E-16,-0.573576436351,
    -0.819152044289));
#1048 = ORIENTED_EDGE('',*,*,#1049,.T.);
#1049 = EDGE_CURVE('',#1042,#1050,#1052,.T.);
#1050 = VERTEX_POINT('',#1051);
#1051 = CARTESIAN_POINT('',(16.,-44.75668988734,17.691391649079));
#1052 = CIRCLE('',#1053,1.);
#1053 = AXIS2_PLACEMENT_3D('',#1054,#1055,#1056);
#1054 = CARTESIAN_POINT('',(16.,-44.79512708251,16.692130631112));
#1055 = DIRECTION('',(1.,-1.110223024625E-16,3.330669073875E-16));
#1056 = DIRECTION('',(-1.110223024625E-16,-1.,6.661338147751E-16));
#1057 = ORIENTED_EDGE('',*,*,#1058,.F.);
#1058 = EDGE_CURVE('',#1059,#1050,#1061,.T.);
#1059 = VERTEX_POINT('',#1060);
#1060 = CARTESIAN_POINT('',(16.,-52.02575025355,10.696564523314));
#1061 = CIRCLE('',#1062,7.);
#1062 = AXIS2_PLACEMENT_3D('',#1063,#1064,#1065);
#1063 = CARTESIAN_POINT('',(16.,-45.02575025355,10.696564523314));
#1064 = DIRECTION('',(-1.,-7.771561172376E-16,-1.665334536938E-15));
#1065 = DIRECTION('',(7.771561172376E-16,-1.,1.33226762955E-15));
#1066 = ORIENTED_EDGE('',*,*,#1067,.F.);
#1067 = EDGE_CURVE('',#1068,#1059,#1070,.T.);
#1068 = VERTEX_POINT('',#1069);
#1069 = CARTESIAN_POINT('',(16.,-48.64318380609,4.703720916733));
#1070 = CIRCLE('',#1071,7.);
#1071 = AXIS2_PLACEMENT_3D('',#1072,#1073,#1074);
#1072 = CARTESIAN_POINT('',(16.,-45.02575025355,10.696564523314));
#1073 = DIRECTION('',(-1.,-7.771561172376E-16,-1.665334536938E-15));
#1074 = DIRECTION('',(7.771561172376E-16,-1.,1.33226762955E-15));
#1075 = ORIENTED_EDGE('',*,*,#1076,.T.);
#1076 = EDGE_CURVE('',#1068,#1077,#1079,.T.);
#1077 = VERTEX_POINT('',#1078);
#1078 = CARTESIAN_POINT('',(16.,-26.66776221791,-8.561205152259));
#1079 = LINE('',#1080,#1081);
#1080 = CARTESIAN_POINT('',(16.,-48.64318380609,4.703720916733));
#1081 = VECTOR('',#1082,1.);
#1082 = DIRECTION('',(1.952659945174E-16,0.856120515226,-0.516776221792)
  );
#1083 = ORIENTED_EDGE('',*,*,#1084,.F.);
#1084 = EDGE_CURVE('',#749,#1077,#1085,.T.);
#1085 = CIRCLE('',#1086,10.);
#1086 = AXIS2_PLACEMENT_3D('',#1087,#1088,#1089);
#1087 = CARTESIAN_POINT('',(16.,-21.5,-7.105427357601E-15));
#1088 = DIRECTION('',(-1.,-7.771561172376E-16,-1.665334536938E-15));
#1089 = DIRECTION('',(7.771561172376E-16,-1.,1.33226762955E-15));
#1090 = FACE_BOUND('',#1091,.T.);
#1091 = EDGE_LOOP('',(#1092,#1102,#1111,#1120,#1129,#1138,#1147,#1155,
    #1164));
#1092 = ORIENTED_EDGE('',*,*,#1093,.F.);
#1093 = EDGE_CURVE('',#1094,#1096,#1098,.T.);
#1094 = VERTEX_POINT('',#1095);
#1095 = CARTESIAN_POINT('',(16.,21.9,-6.287288763847));
#1096 = VERTEX_POINT('',#1097);
#1097 = CARTESIAN_POINT('',(16.,21.9,-5.524637972221));
#1098 = LINE('',#1099,#1100);
#1099 = CARTESIAN_POINT('',(16.,21.9,-1.135756334753));
#1100 = VECTOR('',#1101,1.);
#1101 = DIRECTION('',(-2.370785129828E-15,-2.325460340137E-15,1.));
#1102 = ORIENTED_EDGE('',*,*,#1103,.T.);
#1103 = EDGE_CURVE('',#1094,#1104,#1106,.T.);
#1104 = VERTEX_POINT('',#1105);
#1105 = CARTESIAN_POINT('',(16.,25.954772721475,4.454772721475));
#1106 = CIRCLE('',#1107,6.3);
#1107 = AXIS2_PLACEMENT_3D('',#1108,#1109,#1110);
#1108 = CARTESIAN_POINT('',(16.,21.5,-2.925437669887E-14));
#1109 = DIRECTION('',(1.,4.440892098501E-16,1.443289932013E-15));
#1110 = DIRECTION('',(-4.440892098501E-16,1.,-1.443289932013E-15));
#1111 = ORIENTED_EDGE('',*,*,#1112,.F.);
#1112 = EDGE_CURVE('',#1113,#1104,#1115,.T.);
#1113 = VERTEX_POINT('',#1114);
#1114 = CARTESIAN_POINT('',(16.,26.803300858899,5.303300858899));
#1115 = CIRCLE('',#1116,0.6);
#1116 = AXIS2_PLACEMENT_3D('',#1117,#1118,#1119);
#1117 = CARTESIAN_POINT('',(16.,26.379036790187,4.879036790187));
#1118 = DIRECTION('',(1.,4.440892098501E-16,1.443289932013E-15));
#1119 = DIRECTION('',(-4.440892098501E-16,1.,-1.443289932013E-15));
#1120 = ORIENTED_EDGE('',*,*,#1121,.F.);
#1121 = EDGE_CURVE('',#1122,#1113,#1124,.T.);
#1122 = VERTEX_POINT('',#1123);
#1123 = CARTESIAN_POINT('',(16.,16.196699141101,5.303300858899));
#1124 = CIRCLE('',#1125,7.5);
#1125 = AXIS2_PLACEMENT_3D('',#1126,#1127,#1128);
#1126 = CARTESIAN_POINT('',(16.,21.5,-2.925437669887E-14));
#1127 = DIRECTION('',(1.,4.440892098501E-16,1.443289932013E-15));
#1128 = DIRECTION('',(-4.440892098501E-16,1.,-1.443289932013E-15));
#1129 = ORIENTED_EDGE('',*,*,#1130,.F.);
#1130 = EDGE_CURVE('',#1131,#1122,#1133,.T.);
#1131 = VERTEX_POINT('',#1132);
#1132 = CARTESIAN_POINT('',(16.,17.045227278525,4.454772721475));
#1133 = CIRCLE('',#1134,0.6);
#1134 = AXIS2_PLACEMENT_3D('',#1135,#1136,#1137);
#1135 = CARTESIAN_POINT('',(16.,16.620963209813,4.879036790187));
#1136 = DIRECTION('',(1.,4.440892098501E-16,1.443289932013E-15));
#1137 = DIRECTION('',(-4.440892098501E-16,1.,-1.443289932013E-15));
#1138 = ORIENTED_EDGE('',*,*,#1139,.T.);
#1139 = EDGE_CURVE('',#1131,#1140,#1142,.T.);
#1140 = VERTEX_POINT('',#1141);
#1141 = CARTESIAN_POINT('',(16.,21.1,-6.287288763847));
#1142 = CIRCLE('',#1143,6.3);
#1143 = AXIS2_PLACEMENT_3D('',#1144,#1145,#1146);
#1144 = CARTESIAN_POINT('',(16.,21.5,-2.925437669887E-14));
#1145 = DIRECTION('',(1.,4.440892098501E-16,1.443289932013E-15));
#1146 = DIRECTION('',(-4.440892098501E-16,1.,-1.443289932013E-15));
#1147 = ORIENTED_EDGE('',*,*,#1148,.F.);
#1148 = EDGE_CURVE('',#1149,#1140,#1151,.T.);
#1149 = VERTEX_POINT('',#1150);
#1150 = CARTESIAN_POINT('',(16.,21.1,-5.524637972221));
#1151 = LINE('',#1152,#1153);
#1152 = CARTESIAN_POINT('',(16.,21.1,-1.135756334753));
#1153 = VECTOR('',#1154,1.);
#1154 = DIRECTION('',(2.370785129828E-15,-2.103415735212E-15,-1.));
#1155 = ORIENTED_EDGE('',*,*,#1156,.F.);
#1156 = EDGE_CURVE('',#1157,#1149,#1159,.T.);
#1157 = VERTEX_POINT('',#1158);
#1158 = CARTESIAN_POINT('',(16.,21.5,5.539099631177));
#1159 = CIRCLE('',#1160,5.539099631177);
#1160 = AXIS2_PLACEMENT_3D('',#1161,#1162,#1163);
#1161 = CARTESIAN_POINT('',(16.,21.5,-2.386979502944E-14));
#1162 = DIRECTION('',(1.,2.958228394579E-31,6.661338147751E-16));
#1163 = DIRECTION('',(-6.661338147751E-16,2.218671295934E-31,1.));
#1164 = ORIENTED_EDGE('',*,*,#1165,.F.);
#1165 = EDGE_CURVE('',#1096,#1157,#1166,.T.);
#1166 = CIRCLE('',#1167,5.539099631177);
#1167 = AXIS2_PLACEMENT_3D('',#1168,#1169,#1170);
#1168 = CARTESIAN_POINT('',(16.,21.5,-2.386979502944E-14));
#1169 = DIRECTION('',(1.,2.958228394579E-31,6.661338147751E-16));
#1170 = DIRECTION('',(-6.661338147751E-16,2.218671295934E-31,1.));
#1171 = FACE_BOUND('',#1172,.T.);
#1172 = EDGE_LOOP('',(#1173,#1184,#1193,#1202,#1211,#1220,#1229,#1238,
    #1247,#1255,#1264,#1273,#1282,#1291,#1300,#1309,#1317,#1326,#1335,
    #1344,#1353));
#1173 = ORIENTED_EDGE('',*,*,#1174,.F.);
#1174 = EDGE_CURVE('',#1175,#1177,#1179,.T.);
#1175 = VERTEX_POINT('',#1176);
#1176 = CARTESIAN_POINT('',(16.,-15.90983005625,5.));
#1177 = VERTEX_POINT('',#1178);
#1178 = CARTESIAN_POINT('',(16.,-15.92984952945,5.022292677201));
#1179 = CIRCLE('',#1180,7.5);
#1180 = AXIS2_PLACEMENT_3D('',#1181,#1182,#1183);
#1181 = CARTESIAN_POINT('',(16.,-21.5,8.992806499464E-15));
#1182 = DIRECTION('',(1.,-1.110223024625E-16,3.330669073875E-16));
#1183 = DIRECTION('',(-1.110223024625E-16,-1.,6.661338147751E-16));
#1184 = ORIENTED_EDGE('',*,*,#1185,.F.);
#1185 = EDGE_CURVE('',#1186,#1175,#1188,.T.);
#1186 = VERTEX_POINT('',#1187);
#1187 = CARTESIAN_POINT('',(16.,-15.90983005625,-5.));
#1188 = CIRCLE('',#1189,7.5);
#1189 = AXIS2_PLACEMENT_3D('',#1190,#1191,#1192);
#1190 = CARTESIAN_POINT('',(16.,-21.5,8.992806499464E-15));
#1191 = DIRECTION('',(1.,-1.110223024625E-16,3.330669073875E-16));
#1192 = DIRECTION('',(-1.110223024625E-16,-1.,6.661338147751E-16));
#1193 = ORIENTED_EDGE('',*,*,#1194,.F.);
#1194 = EDGE_CURVE('',#1195,#1186,#1197,.T.);
#1195 = VERTEX_POINT('',#1196);
#1196 = CARTESIAN_POINT('',(16.,-15.92984952945,-5.022292677201));
#1197 = CIRCLE('',#1198,7.5);
#1198 = AXIS2_PLACEMENT_3D('',#1199,#1200,#1201);
#1199 = CARTESIAN_POINT('',(16.,-21.5,8.992806499464E-15));
#1200 = DIRECTION('',(1.,-1.110223024625E-16,3.330669073875E-16));
#1201 = DIRECTION('',(-1.110223024625E-16,-1.,6.661338147751E-16));
#1202 = ORIENTED_EDGE('',*,*,#1203,.F.);
#1203 = EDGE_CURVE('',#1204,#1195,#1206,.T.);
#1204 = VERTEX_POINT('',#1205);
#1205 = CARTESIAN_POINT('',(16.,-25.99178658297,-6.006151287888));
#1206 = CIRCLE('',#1207,7.5);
#1207 = AXIS2_PLACEMENT_3D('',#1208,#1209,#1210);
#1208 = CARTESIAN_POINT('',(16.,-21.5,8.992806499464E-15));
#1209 = DIRECTION('',(1.,-1.110223024625E-16,3.330669073875E-16));
#1210 = DIRECTION('',(-1.110223024625E-16,-1.,6.661338147751E-16));
#1211 = ORIENTED_EDGE('',*,*,#1212,.F.);
#1212 = EDGE_CURVE('',#1213,#1204,#1215,.T.);
#1213 = VERTEX_POINT('',#1214);
#1214 = CARTESIAN_POINT('',(16.,-26.80330085889,5.303300858899));
#1215 = CIRCLE('',#1216,7.5);
#1216 = AXIS2_PLACEMENT_3D('',#1217,#1218,#1219);
#1217 = CARTESIAN_POINT('',(16.,-21.5,8.992806499464E-15));
#1218 = DIRECTION('',(1.,-1.110223024625E-16,3.330669073875E-16));
#1219 = DIRECTION('',(-1.110223024625E-16,-1.,6.661338147751E-16));
#1220 = ORIENTED_EDGE('',*,*,#1221,.F.);
#1221 = EDGE_CURVE('',#1222,#1213,#1224,.T.);
#1222 = VERTEX_POINT('',#1223);
#1223 = CARTESIAN_POINT('',(16.,-25.95477272147,4.454772721475));
#1224 = CIRCLE('',#1225,0.6);
#1225 = AXIS2_PLACEMENT_3D('',#1226,#1227,#1228);
#1226 = CARTESIAN_POINT('',(16.,-26.37903679018,4.879036790187));
#1227 = DIRECTION('',(1.,-1.110223024625E-16,3.330669073875E-16));
#1228 = DIRECTION('',(-1.110223024625E-16,-1.,6.661338147751E-16));
#1229 = ORIENTED_EDGE('',*,*,#1230,.T.);
#1230 = EDGE_CURVE('',#1222,#1231,#1233,.T.);
#1231 = VERTEX_POINT('',#1232);
#1232 = CARTESIAN_POINT('',(16.,-25.65552441549,-4.735146970498));
#1233 = CIRCLE('',#1234,6.3);
#1234 = AXIS2_PLACEMENT_3D('',#1235,#1236,#1237);
#1235 = CARTESIAN_POINT('',(16.,-21.5,8.992806499464E-15));
#1236 = DIRECTION('',(1.,-1.110223024625E-16,3.330669073875E-16));
#1237 = DIRECTION('',(-1.110223024625E-16,-1.,6.661338147751E-16));
#1238 = ORIENTED_EDGE('',*,*,#1239,.T.);
#1239 = EDGE_CURVE('',#1231,#1240,#1242,.T.);
#1240 = VERTEX_POINT('',#1241);
#1241 = CARTESIAN_POINT('',(16.,-21.9,-6.287288763847));
#1242 = CIRCLE('',#1243,6.3);
#1243 = AXIS2_PLACEMENT_3D('',#1244,#1245,#1246);
#1244 = CARTESIAN_POINT('',(16.,-21.5,8.992806499464E-15));
#1245 = DIRECTION('',(1.,-1.110223024625E-16,3.330669073875E-16));
#1246 = DIRECTION('',(-1.110223024625E-16,-1.,6.661338147751E-16));
#1247 = ORIENTED_EDGE('',*,*,#1248,.F.);
#1248 = EDGE_CURVE('',#1249,#1240,#1251,.T.);
#1249 = VERTEX_POINT('',#1250);
#1250 = CARTESIAN_POINT('',(16.,-21.9,-5.524637972221));
#1251 = LINE('',#1252,#1253);
#1252 = CARTESIAN_POINT('',(16.,-21.9,-0.540325265912));
#1253 = VECTOR('',#1254,1.);
#1254 = DIRECTION('',(-1.110223024625E-16,-2.436482642599E-15,-1.));
#1255 = ORIENTED_EDGE('',*,*,#1256,.F.);
#1256 = EDGE_CURVE('',#1257,#1249,#1259,.T.);
#1257 = VERTEX_POINT('',#1258);
#1258 = CARTESIAN_POINT('',(16.,-25.43432675969,-3.899063691713));
#1259 = CIRCLE('',#1260,5.539099631177);
#1260 = AXIS2_PLACEMENT_3D('',#1261,#1262,#1263);
#1261 = CARTESIAN_POINT('',(16.,-21.5,6.661338147751E-16));
#1262 = DIRECTION('',(1.,1.110223024625E-16,1.110223024625E-16));
#1263 = DIRECTION('',(-1.110223024625E-16,-1.972152263053E-31,1.));
#1264 = ORIENTED_EDGE('',*,*,#1265,.F.);
#1265 = EDGE_CURVE('',#1266,#1257,#1268,.T.);
#1266 = VERTEX_POINT('',#1267);
#1267 = CARTESIAN_POINT('',(16.,-22.99144911147,5.334529433043));
#1268 = CIRCLE('',#1269,5.539099631177);
#1269 = AXIS2_PLACEMENT_3D('',#1270,#1271,#1272);
#1270 = CARTESIAN_POINT('',(16.,-21.5,6.661338147751E-16));
#1271 = DIRECTION('',(1.,1.110223024625E-16,1.110223024625E-16));
#1272 = DIRECTION('',(-1.110223024625E-16,-1.972152263053E-31,1.));
#1273 = ORIENTED_EDGE('',*,*,#1274,.F.);
#1274 = EDGE_CURVE('',#1275,#1266,#1277,.T.);
#1275 = VERTEX_POINT('',#1276);
#1276 = CARTESIAN_POINT('',(16.,-21.5,5.539099631177));
#1277 = CIRCLE('',#1278,5.539099631177);
#1278 = AXIS2_PLACEMENT_3D('',#1279,#1280,#1281);
#1279 = CARTESIAN_POINT('',(16.,-21.5,6.661338147751E-16));
#1280 = DIRECTION('',(1.,1.110223024625E-16,1.110223024625E-16));
#1281 = DIRECTION('',(-1.110223024625E-16,-1.972152263053E-31,1.));
#1282 = ORIENTED_EDGE('',*,*,#1283,.F.);
#1283 = EDGE_CURVE('',#1284,#1275,#1286,.T.);
#1284 = VERTEX_POINT('',#1285);
#1285 = CARTESIAN_POINT('',(16.,-19.11638410726,5.));
#1286 = CIRCLE('',#1287,5.539099631177);
#1287 = AXIS2_PLACEMENT_3D('',#1288,#1289,#1290);
#1288 = CARTESIAN_POINT('',(16.,-21.5,6.661338147751E-16));
#1289 = DIRECTION('',(1.,1.110223024625E-16,1.110223024625E-16));
#1290 = DIRECTION('',(-1.110223024625E-16,-1.972152263053E-31,1.));
#1291 = ORIENTED_EDGE('',*,*,#1292,.F.);
#1292 = EDGE_CURVE('',#1293,#1284,#1295,.T.);
#1293 = VERTEX_POINT('',#1294);
#1294 = CARTESIAN_POINT('',(16.,-19.11638410726,-5.));
#1295 = CIRCLE('',#1296,5.539099631177);
#1296 = AXIS2_PLACEMENT_3D('',#1297,#1298,#1299);
#1297 = CARTESIAN_POINT('',(16.,-21.5,6.661338147751E-16));
#1298 = DIRECTION('',(1.,1.110223024625E-16,1.110223024625E-16));
#1299 = DIRECTION('',(-1.110223024625E-16,-1.972152263053E-31,1.));
#1300 = ORIENTED_EDGE('',*,*,#1301,.F.);
#1301 = EDGE_CURVE('',#1302,#1293,#1304,.T.);
#1302 = VERTEX_POINT('',#1303);
#1303 = CARTESIAN_POINT('',(16.,-21.1,-5.524637972221));
#1304 = CIRCLE('',#1305,5.539099631177);
#1305 = AXIS2_PLACEMENT_3D('',#1306,#1307,#1308);
#1306 = CARTESIAN_POINT('',(16.,-21.5,6.661338147751E-16));
#1307 = DIRECTION('',(1.,1.110223024625E-16,1.110223024625E-16));
#1308 = DIRECTION('',(-1.110223024625E-16,-1.972152263053E-31,1.));
#1309 = ORIENTED_EDGE('',*,*,#1310,.F.);
#1310 = EDGE_CURVE('',#1311,#1302,#1313,.T.);
#1311 = VERTEX_POINT('',#1312);
#1312 = CARTESIAN_POINT('',(16.,-21.1,-6.287288763847));
#1313 = LINE('',#1314,#1315);
#1314 = CARTESIAN_POINT('',(16.,-21.1,-0.540325265912));
#1315 = VECTOR('',#1316,1.);
#1316 = DIRECTION('',(1.110223024625E-16,-1.992393432749E-15,1.));
#1317 = ORIENTED_EDGE('',*,*,#1318,.T.);
#1318 = EDGE_CURVE('',#1311,#1319,#1321,.T.);
#1319 = VERTEX_POINT('',#1320);
#1320 = CARTESIAN_POINT('',(16.,-17.66724642065,-5.));
#1321 = CIRCLE('',#1322,6.3);
#1322 = AXIS2_PLACEMENT_3D('',#1323,#1324,#1325);
#1323 = CARTESIAN_POINT('',(16.,-21.5,8.992806499464E-15));
#1324 = DIRECTION('',(1.,-1.110223024625E-16,3.330669073875E-16));
#1325 = DIRECTION('',(-1.110223024625E-16,-1.,6.661338147751E-16));
#1326 = ORIENTED_EDGE('',*,*,#1327,.T.);
#1327 = EDGE_CURVE('',#1319,#1328,#1330,.T.);
#1328 = VERTEX_POINT('',#1329);
#1329 = CARTESIAN_POINT('',(16.,-17.04522727852,4.454772721475));
#1330 = CIRCLE('',#1331,6.3);
#1331 = AXIS2_PLACEMENT_3D('',#1332,#1333,#1334);
#1332 = CARTESIAN_POINT('',(16.,-21.5,8.992806499464E-15));
#1333 = DIRECTION('',(1.,-1.110223024625E-16,3.330669073875E-16));
#1334 = DIRECTION('',(-1.110223024625E-16,-1.,6.661338147751E-16));
#1335 = ORIENTED_EDGE('',*,*,#1336,.F.);
#1336 = EDGE_CURVE('',#1337,#1328,#1339,.T.);
#1337 = VERTEX_POINT('',#1338);
#1338 = CARTESIAN_POINT('',(16.,-17.20864331146,5.));
#1339 = CIRCLE('',#1340,0.6);
#1340 = AXIS2_PLACEMENT_3D('',#1341,#1342,#1343);
#1341 = CARTESIAN_POINT('',(16.,-16.62096320981,4.879036790187));
#1342 = DIRECTION('',(1.,-1.110223024625E-16,3.330669073875E-16));
#1343 = DIRECTION('',(-1.110223024625E-16,-1.,6.661338147751E-16));
#1344 = ORIENTED_EDGE('',*,*,#1345,.F.);
#1345 = EDGE_CURVE('',#1346,#1337,#1348,.T.);
#1346 = VERTEX_POINT('',#1347);
#1347 = CARTESIAN_POINT('',(16.,-16.1966991411,5.303300858899));
#1348 = CIRCLE('',#1349,0.6);
#1349 = AXIS2_PLACEMENT_3D('',#1350,#1351,#1352);
#1350 = CARTESIAN_POINT('',(16.,-16.62096320981,4.879036790187));
#1351 = DIRECTION('',(1.,-1.110223024625E-16,3.330669073875E-16));
#1352 = DIRECTION('',(-1.110223024625E-16,-1.,6.661338147751E-16));
#1353 = ORIENTED_EDGE('',*,*,#1354,.F.);
#1354 = EDGE_CURVE('',#1177,#1346,#1355,.T.);
#1355 = CIRCLE('',#1356,7.5);
#1356 = AXIS2_PLACEMENT_3D('',#1357,#1358,#1359);
#1357 = CARTESIAN_POINT('',(16.,-21.5,8.992806499464E-15));
#1358 = DIRECTION('',(1.,-1.110223024625E-16,3.330669073875E-16));
#1359 = DIRECTION('',(-1.110223024625E-16,-1.,6.661338147751E-16));
#1360 = PLANE('',#1361);
#1361 = AXIS2_PLACEMENT_3D('',#1362,#1363,#1364);
#1362 = CARTESIAN_POINT('',(16.,-5.75155869869E-02,4.346002083486));
#1363 = DIRECTION('',(1.,-4.440892098501E-16,1.254591711814E-15));
#1364 = DIRECTION('',(-1.920725526589E-15,7.765349535769E-31,1.));
#1365 = ADVANCED_FACE('',(#1366),#1409,.T.);
#1366 = FACE_BOUND('',#1367,.T.);
#1367 = EDGE_LOOP('',(#1368,#1369,#1377,#1385,#1393,#1401,#1407,#1408));
#1368 = ORIENTED_EDGE('',*,*,#463,.F.);
#1369 = ORIENTED_EDGE('',*,*,#1370,.T.);
#1370 = EDGE_CURVE('',#455,#1371,#1373,.T.);
#1371 = VERTEX_POINT('',#1372);
#1372 = CARTESIAN_POINT('',(-11.,48.643183806099,4.703720916732));
#1373 = LINE('',#1374,#1375);
#1374 = CARTESIAN_POINT('',(-16.,48.643183806099,4.703720916732));
#1375 = VECTOR('',#1376,1.);
#1376 = DIRECTION('',(1.,-3.330669073875E-15,-6.661338147751E-16));
#1377 = ORIENTED_EDGE('',*,*,#1378,.T.);
#1378 = EDGE_CURVE('',#1371,#1379,#1381,.T.);
#1379 = VERTEX_POINT('',#1380);
#1380 = CARTESIAN_POINT('',(-11.,37.566924582253,-1.982192212885));
#1381 = LINE('',#1382,#1383);
#1382 = CARTESIAN_POINT('',(-11.,52.453813400105,7.003914323169));
#1383 = VECTOR('',#1384,1.);
#1384 = DIRECTION('',(1.77513823074E-15,-0.856120515226,-0.516776221792)
  );
#1385 = ORIENTED_EDGE('',*,*,#1386,.F.);
#1386 = EDGE_CURVE('',#1387,#1379,#1389,.T.);
#1387 = VERTEX_POINT('',#1388);
#1388 = CARTESIAN_POINT('',(11.,37.566924582253,-1.982192212885));
#1389 = LINE('',#1390,#1391);
#1390 = CARTESIAN_POINT('',(11.,37.566924582253,-1.982192212885));
#1391 = VECTOR('',#1392,1.);
#1392 = DIRECTION('',(-1.,1.998401444325E-15,3.330669073875E-16));
#1393 = ORIENTED_EDGE('',*,*,#1394,.F.);
#1394 = EDGE_CURVE('',#1395,#1387,#1397,.T.);
#1395 = VERTEX_POINT('',#1396);
#1396 = CARTESIAN_POINT('',(11.,48.643183806099,4.703720916732));
#1397 = LINE('',#1398,#1399);
#1398 = CARTESIAN_POINT('',(11.,52.453813400105,7.003914323169));
#1399 = VECTOR('',#1400,1.);
#1400 = DIRECTION('',(1.77513823074E-15,-0.856120515226,-0.516776221792)
  );
#1401 = ORIENTED_EDGE('',*,*,#1402,.T.);
#1402 = EDGE_CURVE('',#1395,#761,#1403,.T.);
#1403 = LINE('',#1404,#1405);
#1404 = CARTESIAN_POINT('',(-16.,48.643183806099,4.703720916732));
#1405 = VECTOR('',#1406,1.);
#1406 = DIRECTION('',(1.,-3.330669073875E-15,-6.661338147751E-16));
#1407 = ORIENTED_EDGE('',*,*,#760,.T.);
#1408 = ORIENTED_EDGE('',*,*,#73,.F.);
#1409 = PLANE('',#1410);
#1410 = AXIS2_PLACEMENT_3D('',#1411,#1412,#1413);
#1411 = CARTESIAN_POINT('',(-16.,48.643183806099,4.703720916732));
#1412 = DIRECTION('',(2.733260716274E-15,0.516776221792,-0.856120515226)
  );
#1413 = DIRECTION('',(3.510878659046E-15,-0.856120515226,-0.516776221792
    ));
#1414 = ADVANCED_FACE('',(#1415),#1426,.F.);
#1415 = FACE_BOUND('',#1416,.F.);
#1416 = EDGE_LOOP('',(#1417,#1423,#1424,#1425));
#1417 = ORIENTED_EDGE('',*,*,#1418,.T.);
#1418 = EDGE_CURVE('',#130,#749,#1419,.T.);
#1419 = LINE('',#1420,#1421);
#1420 = CARTESIAN_POINT('',(-16.,-13.37767137932,-5.833333333333));
#1421 = VECTOR('',#1422,1.);
#1422 = DIRECTION('',(1.,-7.771561172376E-16,-7.771561172376E-16));
#1423 = ORIENTED_EDGE('',*,*,#748,.T.);
#1424 = ORIENTED_EDGE('',*,*,#105,.F.);
#1425 = ORIENTED_EDGE('',*,*,#129,.F.);
#1426 = CYLINDRICAL_SURFACE('',#1427,2.);
#1427 = AXIS2_PLACEMENT_3D('',#1428,#1429,#1430);
#1428 = CARTESIAN_POINT('',(-16.,-11.75320565518,-7.));
#1429 = DIRECTION('',(-1.,9.992007221626E-16,5.551115123126E-16));
#1430 = DIRECTION('',(3.330669073875E-16,-1.,8.881784197001E-16));
#1431 = ADVANCED_FACE('',(#1432),#1452,.T.);
#1432 = FACE_BOUND('',#1433,.F.);
#1433 = EDGE_LOOP('',(#1434,#1442,#1443,#1444,#1445));
#1434 = ORIENTED_EDGE('',*,*,#1435,.F.);
#1435 = EDGE_CURVE('',#437,#1436,#1438,.T.);
#1436 = VERTEX_POINT('',#1437);
#1437 = CARTESIAN_POINT('',(-11.,44.756689887344,17.691391649079));
#1438 = LINE('',#1439,#1440);
#1439 = CARTESIAN_POINT('',(-6.244061825863E-14,44.756689887344,
    17.691391649079));
#1440 = VECTOR('',#1441,1.);
#1441 = DIRECTION('',(1.,-1.554312234475E-15,-2.22044604925E-16));
#1442 = ORIENTED_EDGE('',*,*,#445,.F.);
#1443 = ORIENTED_EDGE('',*,*,#454,.F.);
#1444 = ORIENTED_EDGE('',*,*,#1370,.T.);
#1445 = ORIENTED_EDGE('',*,*,#1446,.F.);
#1446 = EDGE_CURVE('',#1436,#1371,#1447,.T.);
#1447 = CIRCLE('',#1448,7.);
#1448 = AXIS2_PLACEMENT_3D('',#1449,#1450,#1451);
#1449 = CARTESIAN_POINT('',(-11.,45.025750253557,10.696564523314));
#1450 = DIRECTION('',(-1.,-4.646883769818E-30,-2.997602166488E-15));
#1451 = DIRECTION('',(7.001140533836E-30,1.,-3.885780586188E-15));
#1452 = CYLINDRICAL_SURFACE('',#1453,7.);
#1453 = AXIS2_PLACEMENT_3D('',#1454,#1455,#1456);
#1454 = CARTESIAN_POINT('',(-16.,45.025750253557,10.696564523314));
#1455 = DIRECTION('',(-1.,3.330669073875E-15,3.330669073875E-16));
#1456 = DIRECTION('',(-1.554312234475E-15,1.,-4.551914400963E-15));
#1457 = ADVANCED_FACE('',(#1458),#1477,.T.);
#1458 = FACE_BOUND('',#1459,.T.);
#1459 = EDGE_LOOP('',(#1460,#1461,#1462,#1470));
#1460 = ORIENTED_EDGE('',*,*,#1435,.F.);
#1461 = ORIENTED_EDGE('',*,*,#436,.T.);
#1462 = ORIENTED_EDGE('',*,*,#1463,.F.);
#1463 = EDGE_CURVE('',#1464,#429,#1466,.T.);
#1464 = VERTEX_POINT('',#1465);
#1465 = CARTESIAN_POINT('',(-11.,43.975975038228,16.118554194761));
#1466 = LINE('',#1467,#1468);
#1467 = CARTESIAN_POINT('',(-6.150522599392E-14,43.975975038228,
    16.118554194761));
#1468 = VECTOR('',#1469,1.);
#1469 = DIRECTION('',(-1.,1.554312234475E-15,2.22044604925E-16));
#1470 = ORIENTED_EDGE('',*,*,#1471,.F.);
#1471 = EDGE_CURVE('',#1436,#1464,#1472,.T.);
#1472 = CIRCLE('',#1473,1.);
#1473 = AXIS2_PLACEMENT_3D('',#1474,#1475,#1476);
#1474 = CARTESIAN_POINT('',(-11.,44.795127082517,16.692130631112));
#1475 = DIRECTION('',(1.,6.661338147751E-16,1.998401444325E-15));
#1476 = DIRECTION('',(-6.661338147751E-16,1.,-1.998401444325E-15));
#1477 = CYLINDRICAL_SURFACE('',#1478,1.);
#1478 = AXIS2_PLACEMENT_3D('',#1479,#1480,#1481);
#1479 = CARTESIAN_POINT('',(-6.319712684889E-14,44.795127082517,
    16.692130631112));
#1480 = DIRECTION('',(1.,-1.33226762955E-15,9.860761315263E-31));
#1481 = DIRECTION('',(-6.661338147751E-16,1.,-1.998401444325E-15));
#1482 = ADVANCED_FACE('',(#1483),#1501,.F.);
#1483 = FACE_BOUND('',#1484,.F.);
#1484 = EDGE_LOOP('',(#1485,#1493,#1494,#1495));
#1485 = ORIENTED_EDGE('',*,*,#1486,.F.);
#1486 = EDGE_CURVE('',#420,#1487,#1489,.T.);
#1487 = VERTEX_POINT('',#1488);
#1488 = CARTESIAN_POINT('',(-11.,45.536279732465,13.890208155776));
#1489 = LINE('',#1490,#1491);
#1490 = CARTESIAN_POINT('',(-5.670549596867E-14,45.536279732465,
    13.890208155776));
#1491 = VECTOR('',#1492,1.);
#1492 = DIRECTION('',(1.,-1.554312234475E-15,-2.22044604925E-16));
#1493 = ORIENTED_EDGE('',*,*,#428,.F.);
#1494 = ORIENTED_EDGE('',*,*,#1463,.F.);
#1495 = ORIENTED_EDGE('',*,*,#1496,.F.);
#1496 = EDGE_CURVE('',#1487,#1464,#1497,.T.);
#1497 = LINE('',#1498,#1499);
#1498 = CARTESIAN_POINT('',(-11.,44.254283858897,15.721088007264));
#1499 = VECTOR('',#1500,1.);
#1500 = DIRECTION('',(-1.418690929201E-15,-0.573576436351,0.819152044289
    ));
#1501 = PLANE('',#1502);
#1502 = AXIS2_PLACEMENT_3D('',#1503,#1504,#1505);
#1503 = CARTESIAN_POINT('',(-5.646670499142E-14,44.756127385346,
    15.004381175269));
#1504 = DIRECTION('',(-1.393396903348E-15,0.819152044289,0.573576436351)
  );
#1505 = DIRECTION('',(-1.07302767677E-15,-0.573576436351,0.819152044289)
  );
#1506 = ADVANCED_FACE('',(#1507),#1526,.T.);
#1507 = FACE_BOUND('',#1508,.T.);
#1508 = EDGE_LOOP('',(#1509,#1510,#1511,#1519));
#1509 = ORIENTED_EDGE('',*,*,#1486,.F.);
#1510 = ORIENTED_EDGE('',*,*,#419,.T.);
#1511 = ORIENTED_EDGE('',*,*,#1512,.F.);
#1512 = EDGE_CURVE('',#1513,#411,#1515,.T.);
#1513 = VERTEX_POINT('',#1514);
#1514 = CARTESIAN_POINT('',(-11.,45.818063323908,13.693603061363));
#1515 = LINE('',#1516,#1517);
#1516 = CARTESIAN_POINT('',(-5.788627744341E-14,45.818063323908,
    13.693603061363));
#1517 = VECTOR('',#1518,1.);
#1518 = DIRECTION('',(-1.,1.554312234475E-15,2.22044604925E-16));
#1519 = ORIENTED_EDGE('',*,*,#1520,.F.);
#1520 = EDGE_CURVE('',#1487,#1513,#1521,.T.);
#1521 = CIRCLE('',#1522,0.5);
#1522 = AXIS2_PLACEMENT_3D('',#1523,#1524,#1525);
#1523 = CARTESIAN_POINT('',(-11.,45.945855754609,14.176996373952));
#1524 = DIRECTION('',(1.,6.661338147751E-16,1.998401444325E-15));
#1525 = DIRECTION('',(-6.661338147751E-16,1.,-1.998401444325E-15));
#1526 = CYLINDRICAL_SURFACE('',#1527,0.5);
#1527 = AXIS2_PLACEMENT_3D('',#1528,#1529,#1530);
#1528 = CARTESIAN_POINT('',(-5.893741819682E-14,45.945855754609,
    14.176996373952));
#1529 = DIRECTION('',(1.,-1.33226762955E-15,9.860761315263E-31));
#1530 = DIRECTION('',(-6.661338147751E-16,1.,-1.998401444325E-15));
#1531 = ADVANCED_FACE('',(#1532),#1561,.F.);
#1532 = FACE_BOUND('',#1533,.F.);
#1533 = EDGE_LOOP('',(#1534,#1542,#1543,#1544,#1545,#1554));
#1534 = ORIENTED_EDGE('',*,*,#1535,.F.);
#1535 = EDGE_CURVE('',#393,#1536,#1538,.T.);
#1536 = VERTEX_POINT('',#1537);
#1537 = CARTESIAN_POINT('',(-11.,41.938468225261,10.97708132809));
#1538 = LINE('',#1539,#1540);
#1539 = CARTESIAN_POINT('',(-5.13787126651E-14,41.938468225261,
    10.97708132809));
#1540 = VECTOR('',#1541,1.);
#1541 = DIRECTION('',(1.,-1.554312234475E-15,-2.22044604925E-16));
#1542 = ORIENTED_EDGE('',*,*,#401,.T.);
#1543 = ORIENTED_EDGE('',*,*,#410,.T.);
#1544 = ORIENTED_EDGE('',*,*,#1512,.F.);
#1545 = ORIENTED_EDGE('',*,*,#1546,.F.);
#1546 = EDGE_CURVE('',#1547,#1513,#1549,.T.);
#1547 = VERTEX_POINT('',#1548);
#1548 = CARTESIAN_POINT('',(-11.,48.117101074982,10.465155580366));
#1549 = CIRCLE('',#1550,3.1);
#1550 = AXIS2_PLACEMENT_3D('',#1551,#1552,#1553);
#1551 = CARTESIAN_POINT('',(-11.,45.025750253557,10.696564523314));
#1552 = DIRECTION('',(1.,6.661338147751E-16,2.6645352591E-15));
#1553 = DIRECTION('',(-4.6537291217E-16,0.997209942395,
    -7.464804611234E-02));
#1554 = ORIENTED_EDGE('',*,*,#1555,.F.);
#1555 = EDGE_CURVE('',#1536,#1547,#1556,.T.);
#1556 = CIRCLE('',#1557,3.1);
#1557 = AXIS2_PLACEMENT_3D('',#1558,#1559,#1560);
#1558 = CARTESIAN_POINT('',(-11.,45.025750253557,10.696564523314));
#1559 = DIRECTION('',(1.,6.661338147751E-16,2.6645352591E-15));
#1560 = DIRECTION('',(-4.6537291217E-16,0.997209942395,
    -7.464804611234E-02));
#1561 = CYLINDRICAL_SURFACE('',#1562,3.1);
#1562 = AXIS2_PLACEMENT_3D('',#1563,#1564,#1565);
#1563 = CARTESIAN_POINT('',(-5.849454810313E-14,45.025750253557,
    10.696564523314));
#1564 = DIRECTION('',(1.,-1.7763568394E-15,2.22044604925E-16));
#1565 = DIRECTION('',(-4.6537291217E-16,0.997209942395,
    -7.464804611234E-02));
#1566 = ADVANCED_FACE('',(#1567),#1586,.T.);
#1567 = FACE_BOUND('',#1568,.T.);
#1568 = EDGE_LOOP('',(#1569,#1570,#1571,#1579));
#1569 = ORIENTED_EDGE('',*,*,#1535,.F.);
#1570 = ORIENTED_EDGE('',*,*,#392,.T.);
#1571 = ORIENTED_EDGE('',*,*,#1572,.F.);
#1572 = EDGE_CURVE('',#1573,#385,#1575,.T.);
#1573 = VERTEX_POINT('',#1574);
#1574 = CARTESIAN_POINT('',(-11.,41.850095533165,11.309114192197));
#1575 = LINE('',#1576,#1577);
#1576 = CARTESIAN_POINT('',(-5.047791392193E-14,41.850095533165,
    11.309114192197));
#1577 = VECTOR('',#1578,1.);
#1578 = DIRECTION('',(-1.,1.554312234475E-15,2.22044604925E-16));
#1579 = ORIENTED_EDGE('',*,*,#1580,.F.);
#1580 = EDGE_CURVE('',#1536,#1573,#1581,.T.);
#1581 = CIRCLE('',#1582,0.5);
#1582 = AXIS2_PLACEMENT_3D('',#1583,#1584,#1585);
#1583 = CARTESIAN_POINT('',(-11.,41.44051951102,11.022325974021));
#1584 = DIRECTION('',(1.,6.661338147751E-16,1.998401444325E-15));
#1585 = DIRECTION('',(-6.661338147751E-16,1.,-1.998401444325E-15));
#1586 = CYLINDRICAL_SURFACE('',#1587,0.5);
#1587 = AXIS2_PLACEMENT_3D('',#1588,#1589,#1590);
#1588 = CARTESIAN_POINT('',(-4.963196349445E-14,41.44051951102,
    11.022325974021));
#1589 = DIRECTION('',(1.,-1.33226762955E-15,9.860761315263E-31));
#1590 = DIRECTION('',(-6.661338147751E-16,1.,-1.998401444325E-15));
#1591 = ADVANCED_FACE('',(#1592),#1610,.F.);
#1592 = FACE_BOUND('',#1593,.F.);
#1593 = EDGE_LOOP('',(#1594,#1602,#1603,#1604));
#1594 = ORIENTED_EDGE('',*,*,#1595,.F.);
#1595 = EDGE_CURVE('',#376,#1596,#1598,.T.);
#1596 = VERTEX_POINT('',#1597);
#1597 = CARTESIAN_POINT('',(-11.,40.289790838927,13.537460231182));
#1598 = LINE('',#1599,#1600);
#1599 = CARTESIAN_POINT('',(-5.499226100017E-14,40.289790838927,
    13.537460231182));
#1600 = VECTOR('',#1601,1.);
#1601 = DIRECTION('',(1.,-1.554312234475E-15,-2.22044604925E-16));
#1602 = ORIENTED_EDGE('',*,*,#384,.F.);
#1603 = ORIENTED_EDGE('',*,*,#1572,.F.);
#1604 = ORIENTED_EDGE('',*,*,#1605,.F.);
#1605 = EDGE_CURVE('',#1596,#1573,#1606,.T.);
#1606 = LINE('',#1607,#1608);
#1607 = CARTESIAN_POINT('',(-11.,40.568099659597,13.139994043684));
#1608 = VECTOR('',#1609,1.);
#1609 = DIRECTION('',(1.418690929201E-15,0.573576436351,-0.819152044289)
  );
#1610 = PLANE('',#1611);
#1611 = AXIS2_PLACEMENT_3D('',#1612,#1613,#1614);
#1612 = CARTESIAN_POINT('',(-4.942626913343E-14,41.069943186046,
    12.423287211689));
#1613 = DIRECTION('',(1.393518234529E-15,-0.819152044289,-0.573576436351
    ));
#1614 = DIRECTION('',(1.07302767677E-15,0.573576436351,-0.819152044289)
  );
#1615 = ADVANCED_FACE('',(#1616),#1635,.T.);
#1616 = FACE_BOUND('',#1617,.T.);
#1617 = EDGE_LOOP('',(#1618,#1619,#1620,#1628));
#1618 = ORIENTED_EDGE('',*,*,#1595,.F.);
#1619 = ORIENTED_EDGE('',*,*,#375,.T.);
#1620 = ORIENTED_EDGE('',*,*,#1621,.F.);
#1621 = EDGE_CURVE('',#1622,#367,#1624,.T.);
#1622 = VERTEX_POINT('',#1623);
#1623 = CARTESIAN_POINT('',(-11.,38.544786884819,13.341770340084));
#1624 = LINE('',#1625,#1626);
#1625 = CARTESIAN_POINT('',(-5.233819904476E-14,38.544786884819,
    13.341770340084));
#1626 = VECTOR('',#1627,1.);
#1627 = DIRECTION('',(-1.,1.554312234475E-15,2.22044604925E-16));
#1628 = ORIENTED_EDGE('',*,*,#1629,.F.);
#1629 = EDGE_CURVE('',#1596,#1622,#1630,.T.);
#1630 = CIRCLE('',#1631,1.);
#1631 = AXIS2_PLACEMENT_3D('',#1632,#1633,#1634);
#1632 = CARTESIAN_POINT('',(-11.,39.470638794638,12.963883794831));
#1633 = DIRECTION('',(1.,6.661338147751E-16,1.998401444325E-15));
#1634 = DIRECTION('',(-6.661338147751E-16,1.,-1.998401444325E-15));
#1635 = CYLINDRICAL_SURFACE('',#1636,1.);
#1636 = AXIS2_PLACEMENT_3D('',#1637,#1638,#1639);
#1637 = CARTESIAN_POINT('',(-5.219977129154E-14,39.470638794638,
    12.963883794831));
#1638 = DIRECTION('',(1.,-1.33226762955E-15,9.860761315263E-31));
#1639 = DIRECTION('',(-6.661338147751E-16,1.,-1.998401444325E-15));
#1640 = ADVANCED_FACE('',(#1641),#1660,.T.);
#1641 = FACE_BOUND('',#1642,.F.);
#1642 = EDGE_LOOP('',(#1643,#1651,#1652,#1653));
#1643 = ORIENTED_EDGE('',*,*,#1644,.F.);
#1644 = EDGE_CURVE('',#358,#1645,#1647,.T.);
#1645 = VERTEX_POINT('',#1646);
#1646 = CARTESIAN_POINT('',(-11.,38.16064189562,12.06414897547));
#1647 = LINE('',#1648,#1649);
#1648 = CARTESIAN_POINT('',(-16.,38.16064189562,12.06414897547));
#1649 = VECTOR('',#1650,1.);
#1650 = DIRECTION('',(1.,-3.330669073875E-15,-6.661338147751E-16));
#1651 = ORIENTED_EDGE('',*,*,#366,.F.);
#1652 = ORIENTED_EDGE('',*,*,#1621,.F.);
#1653 = ORIENTED_EDGE('',*,*,#1654,.F.);
#1654 = EDGE_CURVE('',#1645,#1622,#1655,.T.);
#1655 = CIRCLE('',#1656,7.);
#1656 = AXIS2_PLACEMENT_3D('',#1657,#1658,#1659);
#1657 = CARTESIAN_POINT('',(-11.,45.025750253557,10.696564523314));
#1658 = DIRECTION('',(-1.,-4.646883769818E-30,-2.997602166488E-15));
#1659 = DIRECTION('',(7.001140533836E-30,1.,-3.885780586188E-15));
#1660 = CYLINDRICAL_SURFACE('',#1661,7.);
#1661 = AXIS2_PLACEMENT_3D('',#1662,#1663,#1664);
#1662 = CARTESIAN_POINT('',(-16.,45.025750253557,10.696564523314));
#1663 = DIRECTION('',(-1.,3.330669073875E-15,3.330669073875E-16));
#1664 = DIRECTION('',(-1.554312234475E-15,1.,-4.551914400963E-15));
#1665 = ADVANCED_FACE('',(#1666),#1685,.F.);
#1666 = FACE_BOUND('',#1667,.T.);
#1667 = EDGE_LOOP('',(#1668,#1669,#1677,#1684));
#1668 = ORIENTED_EDGE('',*,*,#357,.F.);
#1669 = ORIENTED_EDGE('',*,*,#1670,.T.);
#1670 = EDGE_CURVE('',#350,#1671,#1673,.T.);
#1671 = VERTEX_POINT('',#1672);
#1672 = CARTESIAN_POINT('',(-11.,35.141048503386,9.651255329746));
#1673 = LINE('',#1674,#1675);
#1674 = CARTESIAN_POINT('',(-16.,35.141048503386,9.651255329746));
#1675 = VECTOR('',#1676,1.);
#1676 = DIRECTION('',(1.,-3.330669073875E-15,-6.661338147751E-16));
#1677 = ORIENTED_EDGE('',*,*,#1678,.F.);
#1678 = EDGE_CURVE('',#1645,#1671,#1679,.T.);
#1679 = CIRCLE('',#1680,3.);
#1680 = AXIS2_PLACEMENT_3D('',#1681,#1682,#1683);
#1681 = CARTESIAN_POINT('',(-11.,35.218452599361,12.650256597823));
#1682 = DIRECTION('',(-1.,-2.22044604925E-16,-2.886579864025E-15));
#1683 = DIRECTION('',(-2.22044604925E-16,1.,-3.5527136788E-15));
#1684 = ORIENTED_EDGE('',*,*,#1644,.F.);
#1685 = CYLINDRICAL_SURFACE('',#1686,3.);
#1686 = AXIS2_PLACEMENT_3D('',#1687,#1688,#1689);
#1687 = CARTESIAN_POINT('',(-16.,35.218452599361,12.650256597823));
#1688 = DIRECTION('',(-1.,3.10862446895E-15,4.440892098501E-16));
#1689 = DIRECTION('',(-1.554312234475E-15,1.,-4.218847493576E-15));
#1690 = ADVANCED_FACE('',(#1691),#1732,.T.);
#1691 = FACE_BOUND('',#1692,.T.);
#1692 = EDGE_LOOP('',(#1693,#1694,#1700,#1701,#1709,#1717,#1725,#1731));
#1693 = ORIENTED_EDGE('',*,*,#349,.F.);
#1694 = ORIENTED_EDGE('',*,*,#1695,.T.);
#1695 = EDGE_CURVE('',#341,#875,#1696,.T.);
#1696 = LINE('',#1697,#1698);
#1697 = CARTESIAN_POINT('',(8.722725357509E-14,24.411260420014,
    9.92819070668));
#1698 = VECTOR('',#1699,1.);
#1699 = DIRECTION('',(1.,8.628166150855E-32,3.330669073875E-16));
#1700 = ORIENTED_EDGE('',*,*,#874,.T.);
#1701 = ORIENTED_EDGE('',*,*,#1702,.F.);
#1702 = EDGE_CURVE('',#1703,#866,#1705,.T.);
#1703 = VERTEX_POINT('',#1704);
#1704 = CARTESIAN_POINT('',(11.,35.141048503386,9.651255329746));
#1705 = LINE('',#1706,#1707);
#1706 = CARTESIAN_POINT('',(-16.,35.141048503386,9.651255329746));
#1707 = VECTOR('',#1708,1.);
#1708 = DIRECTION('',(1.,-3.330669073875E-15,-6.661338147751E-16));
#1709 = ORIENTED_EDGE('',*,*,#1710,.F.);
#1710 = EDGE_CURVE('',#1711,#1703,#1713,.T.);
#1711 = VERTEX_POINT('',#1712);
#1712 = CARTESIAN_POINT('',(11.,31.11359229484,9.755203804267));
#1713 = LINE('',#1714,#1715);
#1714 = CARTESIAN_POINT('',(11.,35.494834957475,9.642124116319));
#1715 = VECTOR('',#1716,1.);
#1716 = DIRECTION('',(-6.057569850534E-16,0.999667089359,
    -2.580136532508E-02));
#1717 = ORIENTED_EDGE('',*,*,#1718,.T.);
#1718 = EDGE_CURVE('',#1711,#1719,#1721,.T.);
#1719 = VERTEX_POINT('',#1720);
#1720 = CARTESIAN_POINT('',(-11.,31.11359229484,9.755203804267));
#1721 = LINE('',#1722,#1723);
#1722 = CARTESIAN_POINT('',(11.,31.11359229484,9.755203804267));
#1723 = VECTOR('',#1724,1.);
#1724 = DIRECTION('',(-1.,1.998401444325E-15,3.330669073875E-16));
#1725 = ORIENTED_EDGE('',*,*,#1726,.T.);
#1726 = EDGE_CURVE('',#1719,#1671,#1727,.T.);
#1727 = LINE('',#1728,#1729);
#1728 = CARTESIAN_POINT('',(-11.,35.494834957475,9.642124116319));
#1729 = VECTOR('',#1730,1.);
#1730 = DIRECTION('',(-6.057569850534E-16,0.999667089359,
    -2.580136532508E-02));
#1731 = ORIENTED_EDGE('',*,*,#1670,.F.);
#1732 = PLANE('',#1733);
#1733 = AXIS2_PLACEMENT_3D('',#1734,#1735,#1736);
#1734 = CARTESIAN_POINT('',(-6.111818850965E-14,27.934394205186,
    9.837258772591));
#1735 = DIRECTION('',(-2.649119467335E-15,2.580136532508E-02,
    0.999667089359));
#1736 = DIRECTION('',(-8.277276689666E-16,0.999667089359,
    -2.580136532508E-02));
#1737 = ADVANCED_FACE('',(#1738),#1749,.F.);
#1738 = FACE_BOUND('',#1739,.F.);
#1739 = EDGE_LOOP('',(#1740,#1741,#1742,#1743));
#1740 = ORIENTED_EDGE('',*,*,#340,.T.);
#1741 = ORIENTED_EDGE('',*,*,#1695,.T.);
#1742 = ORIENTED_EDGE('',*,*,#882,.F.);
#1743 = ORIENTED_EDGE('',*,*,#1744,.T.);
#1744 = EDGE_CURVE('',#883,#332,#1745,.T.);
#1745 = LINE('',#1746,#1747);
#1746 = CARTESIAN_POINT('',(-16.,14.357831682289,6.999245082256));
#1747 = VECTOR('',#1748,1.);
#1748 = DIRECTION('',(-1.,1.7763568394E-15,-1.221245327088E-15));
#1749 = CYLINDRICAL_SURFACE('',#1750,69.5);
#1750 = AXIS2_PLACEMENT_3D('',#1751,#1752,#1753);
#1751 = CARTESIAN_POINT('',(-2.498001805407E-14,8.326672684689E-15,75.)
  );
#1752 = DIRECTION('',(1.,8.628166150855E-32,3.330669073875E-16));
#1753 = DIRECTION('',(2.465190328816E-32,1.,-3.330669073875E-16));
#1754 = ADVANCED_FACE('',(#1755),#1766,.T.);
#1755 = FACE_BOUND('',#1756,.F.);
#1756 = EDGE_LOOP('',(#1757,#1758,#1759,#1760));
#1757 = ORIENTED_EDGE('',*,*,#331,.F.);
#1758 = ORIENTED_EDGE('',*,*,#1744,.F.);
#1759 = ORIENTED_EDGE('',*,*,#891,.T.);
#1760 = ORIENTED_EDGE('',*,*,#1761,.F.);
#1761 = EDGE_CURVE('',#323,#892,#1762,.T.);
#1762 = LINE('',#1763,#1764);
#1763 = CARTESIAN_POINT('',(-16.,13.377671379323,5.833333333333));
#1764 = VECTOR('',#1765,1.);
#1765 = DIRECTION('',(1.,-2.886579864025E-15,-5.551115123126E-16));
#1766 = CYLINDRICAL_SURFACE('',#1767,10.);
#1767 = AXIS2_PLACEMENT_3D('',#1768,#1769,#1770);
#1768 = CARTESIAN_POINT('',(-16.,21.5,-9.020562075079E-14));
#1769 = DIRECTION('',(-1.,3.552713678801E-15,5.551115123126E-16));
#1770 = DIRECTION('',(-1.7763568394E-15,1.,-4.773959005888E-15));
#1771 = ADVANCED_FACE('',(#1772),#1783,.F.);
#1772 = FACE_BOUND('',#1773,.T.);
#1773 = EDGE_LOOP('',(#1774,#1780,#1781,#1782));
#1774 = ORIENTED_EDGE('',*,*,#1775,.T.);
#1775 = EDGE_CURVE('',#315,#901,#1776,.T.);
#1776 = LINE('',#1777,#1778);
#1777 = CARTESIAN_POINT('',(-16.,11.753205655189,5.));
#1778 = VECTOR('',#1779,1.);
#1779 = DIRECTION('',(1.,-2.886579864025E-15,-5.551115123126E-16));
#1780 = ORIENTED_EDGE('',*,*,#900,.T.);
#1781 = ORIENTED_EDGE('',*,*,#1761,.F.);
#1782 = ORIENTED_EDGE('',*,*,#322,.F.);
#1783 = CYLINDRICAL_SURFACE('',#1784,2.);
#1784 = AXIS2_PLACEMENT_3D('',#1785,#1786,#1787);
#1785 = CARTESIAN_POINT('',(-16.,11.753205655189,7.));
#1786 = DIRECTION('',(-1.,2.6645352591E-15,3.330669073875E-16));
#1787 = DIRECTION('',(-1.33226762955E-15,1.,-3.663735981263E-15));
#1788 = ADVANCED_FACE('',(#1789),#1800,.T.);
#1789 = FACE_BOUND('',#1790,.T.);
#1790 = EDGE_LOOP('',(#1791,#1792,#1798,#1799));
#1791 = ORIENTED_EDGE('',*,*,#314,.F.);
#1792 = ORIENTED_EDGE('',*,*,#1793,.T.);
#1793 = EDGE_CURVE('',#306,#910,#1794,.T.);
#1794 = LINE('',#1795,#1796);
#1795 = CARTESIAN_POINT('',(-16.,-11.75320565518,5.));
#1796 = VECTOR('',#1797,1.);
#1797 = DIRECTION('',(1.,-7.771561172376E-16,-7.771561172376E-16));
#1798 = ORIENTED_EDGE('',*,*,#909,.F.);
#1799 = ORIENTED_EDGE('',*,*,#1775,.F.);
#1800 = PLANE('',#1801);
#1801 = AXIS2_PLACEMENT_3D('',#1802,#1803,#1804);
#1802 = CARTESIAN_POINT('',(-1.869198072748E-14,7.58464762897E-15,5.));
#1803 = DIRECTION('',(-6.661338147751E-16,9.820968215091E-16,1.));
#1804 = DIRECTION('',(-2.22044604925E-16,1.,-1.648230636284E-15));
#1805 = ADVANCED_FACE('',(#1806),#1817,.F.);
#1806 = FACE_BOUND('',#1807,.F.);
#1807 = EDGE_LOOP('',(#1808,#1809,#1810,#1816));
#1808 = ORIENTED_EDGE('',*,*,#1793,.T.);
#1809 = ORIENTED_EDGE('',*,*,#917,.T.);
#1810 = ORIENTED_EDGE('',*,*,#1811,.F.);
#1811 = EDGE_CURVE('',#297,#918,#1812,.T.);
#1812 = LINE('',#1813,#1814);
#1813 = CARTESIAN_POINT('',(-16.,-13.37767137932,5.833333333333));
#1814 = VECTOR('',#1815,1.);
#1815 = DIRECTION('',(1.,-7.771561172376E-16,-7.771561172376E-16));
#1816 = ORIENTED_EDGE('',*,*,#305,.F.);
#1817 = CYLINDRICAL_SURFACE('',#1818,2.);
#1818 = AXIS2_PLACEMENT_3D('',#1819,#1820,#1821);
#1819 = CARTESIAN_POINT('',(-16.,-11.75320565518,7.));
#1820 = DIRECTION('',(-1.,9.992007221626E-16,5.551115123126E-16));
#1821 = DIRECTION('',(3.330669073875E-16,-1.,8.881784197001E-16));
#1822 = ADVANCED_FACE('',(#1823),#1834,.T.);
#1823 = FACE_BOUND('',#1824,.T.);
#1824 = EDGE_LOOP('',(#1825,#1826,#1832,#1833));
#1825 = ORIENTED_EDGE('',*,*,#296,.F.);
#1826 = ORIENTED_EDGE('',*,*,#1827,.F.);
#1827 = EDGE_CURVE('',#927,#288,#1828,.T.);
#1828 = LINE('',#1829,#1830);
#1829 = CARTESIAN_POINT('',(-16.,-14.35783168228,6.999245082256));
#1830 = VECTOR('',#1831,1.);
#1831 = DIRECTION('',(-1.,5.551115123126E-16,1.110223024625E-16));
#1832 = ORIENTED_EDGE('',*,*,#926,.T.);
#1833 = ORIENTED_EDGE('',*,*,#1811,.F.);
#1834 = CYLINDRICAL_SURFACE('',#1835,10.);
#1835 = AXIS2_PLACEMENT_3D('',#1836,#1837,#1838);
#1836 = CARTESIAN_POINT('',(-16.,-21.5,3.153033389935E-14));
#1837 = DIRECTION('',(-1.,9.992007221626E-16,5.551115123126E-16));
#1838 = DIRECTION('',(3.330669073875E-16,-1.,8.881784197001E-16));
#1839 = ADVANCED_FACE('',(#1840),#1851,.F.);
#1840 = FACE_BOUND('',#1841,.F.);
#1841 = EDGE_LOOP('',(#1842,#1848,#1849,#1850));
#1842 = ORIENTED_EDGE('',*,*,#1843,.F.);
#1843 = EDGE_CURVE('',#280,#936,#1844,.T.);
#1844 = LINE('',#1845,#1846);
#1845 = CARTESIAN_POINT('',(-2.261114773208E-14,-24.41126042001,
    9.92819070668));
#1846 = VECTOR('',#1847,1.);
#1847 = DIRECTION('',(1.,8.628166150855E-32,3.330669073875E-16));
#1848 = ORIENTED_EDGE('',*,*,#287,.T.);
#1849 = ORIENTED_EDGE('',*,*,#1827,.F.);
#1850 = ORIENTED_EDGE('',*,*,#935,.F.);
#1851 = CYLINDRICAL_SURFACE('',#1852,69.5);
#1852 = AXIS2_PLACEMENT_3D('',#1853,#1854,#1855);
#1853 = CARTESIAN_POINT('',(-2.498001805407E-14,8.326672684689E-15,75.)
  );
#1854 = DIRECTION('',(1.,8.628166150855E-32,3.330669073875E-16));
#1855 = DIRECTION('',(2.465190328816E-32,1.,-3.330669073875E-16));
#1856 = ADVANCED_FACE('',(#1857),#1900,.T.);
#1857 = FACE_BOUND('',#1858,.T.);
#1858 = EDGE_LOOP('',(#1859,#1860,#1861,#1869,#1877,#1885,#1893,#1899));
#1859 = ORIENTED_EDGE('',*,*,#1843,.F.);
#1860 = ORIENTED_EDGE('',*,*,#279,.T.);
#1861 = ORIENTED_EDGE('',*,*,#1862,.T.);
#1862 = EDGE_CURVE('',#271,#1863,#1865,.T.);
#1863 = VERTEX_POINT('',#1864);
#1864 = CARTESIAN_POINT('',(-11.,-35.14104850338,9.651255329746));
#1865 = LINE('',#1866,#1867);
#1866 = CARTESIAN_POINT('',(-16.,-35.14104850338,9.651255329746));
#1867 = VECTOR('',#1868,1.);
#1868 = DIRECTION('',(1.,-7.771561172376E-16,-7.771561172376E-16));
#1869 = ORIENTED_EDGE('',*,*,#1870,.T.);
#1870 = EDGE_CURVE('',#1863,#1871,#1873,.T.);
#1871 = VERTEX_POINT('',#1872);
#1872 = CARTESIAN_POINT('',(-11.,-31.11359229484,9.755203804267));
#1873 = LINE('',#1874,#1875);
#1874 = CARTESIAN_POINT('',(-11.,-35.49483495747,9.642124116319));
#1875 = VECTOR('',#1876,1.);
#1876 = DIRECTION('',(1.138498689417E-16,0.999667089359,
    2.580136532508E-02));
#1877 = ORIENTED_EDGE('',*,*,#1878,.F.);
#1878 = EDGE_CURVE('',#1879,#1871,#1881,.T.);
#1879 = VERTEX_POINT('',#1880);
#1880 = CARTESIAN_POINT('',(11.,-31.11359229484,9.755203804267));
#1881 = LINE('',#1882,#1883);
#1882 = CARTESIAN_POINT('',(11.,-31.11359229484,9.755203804267));
#1883 = VECTOR('',#1884,1.);
#1884 = DIRECTION('',(-1.,7.771561172376E-16,7.771561172376E-16));
#1885 = ORIENTED_EDGE('',*,*,#1886,.F.);
#1886 = EDGE_CURVE('',#1887,#1879,#1889,.T.);
#1887 = VERTEX_POINT('',#1888);
#1888 = CARTESIAN_POINT('',(11.,-35.14104850338,9.651255329746));
#1889 = LINE('',#1890,#1891);
#1890 = CARTESIAN_POINT('',(11.,-35.49483495747,9.642124116319));
#1891 = VECTOR('',#1892,1.);
#1892 = DIRECTION('',(1.138498689417E-16,0.999667089359,
    2.580136532508E-02));
#1893 = ORIENTED_EDGE('',*,*,#1894,.T.);
#1894 = EDGE_CURVE('',#1887,#945,#1895,.T.);
#1895 = LINE('',#1896,#1897);
#1896 = CARTESIAN_POINT('',(-16.,-35.14104850338,9.651255329746));
#1897 = VECTOR('',#1898,1.);
#1898 = DIRECTION('',(1.,-7.771561172376E-16,-7.771561172376E-16));
#1899 = ORIENTED_EDGE('',*,*,#944,.F.);
#1900 = PLANE('',#1901);
#1901 = AXIS2_PLACEMENT_3D('',#1902,#1903,#1904);
#1902 = CARTESIAN_POINT('',(-1.214079545565E-14,-27.93439420518,
    9.837258772591));
#1903 = DIRECTION('',(-2.495344245954E-16,-2.580136532508E-02,
    0.999667089359));
#1904 = DIRECTION('',(-2.391578458237E-16,0.999667089359,
    2.580136532507E-02));
#1905 = ADVANCED_FACE('',(#1906),#1925,.F.);
#1906 = FACE_BOUND('',#1907,.F.);
#1907 = EDGE_LOOP('',(#1908,#1909,#1910,#1919));
#1908 = ORIENTED_EDGE('',*,*,#270,.F.);
#1909 = ORIENTED_EDGE('',*,*,#1862,.T.);
#1910 = ORIENTED_EDGE('',*,*,#1911,.T.);
#1911 = EDGE_CURVE('',#1863,#1912,#1914,.T.);
#1912 = VERTEX_POINT('',#1913);
#1913 = CARTESIAN_POINT('',(-11.,-38.16064189562,12.06414897547));
#1914 = CIRCLE('',#1915,3.);
#1915 = AXIS2_PLACEMENT_3D('',#1916,#1917,#1918);
#1916 = CARTESIAN_POINT('',(-11.,-35.21845259936,12.650256597823));
#1917 = DIRECTION('',(-1.,1.110223024625E-16,-3.330669073875E-16));
#1918 = DIRECTION('',(-1.110223024625E-16,-1.,6.661338147751E-16));
#1919 = ORIENTED_EDGE('',*,*,#1920,.F.);
#1920 = EDGE_CURVE('',#262,#1912,#1921,.T.);
#1921 = LINE('',#1922,#1923);
#1922 = CARTESIAN_POINT('',(-16.,-38.16064189562,12.06414897547));
#1923 = VECTOR('',#1924,1.);
#1924 = DIRECTION('',(1.,-7.771561172376E-16,-7.771561172376E-16));
#1925 = CYLINDRICAL_SURFACE('',#1926,3.);
#1926 = AXIS2_PLACEMENT_3D('',#1927,#1928,#1929);
#1927 = CARTESIAN_POINT('',(-16.,-35.21845259936,12.650256597823));
#1928 = DIRECTION('',(-1.,9.992007221626E-16,5.551115123126E-16));
#1929 = DIRECTION('',(3.330669073875E-16,-1.,8.881784197001E-16));
#1930 = ADVANCED_FACE('',(#1931),#1950,.T.);
#1931 = FACE_BOUND('',#1932,.T.);
#1932 = EDGE_LOOP('',(#1933,#1934,#1942,#1949));
#1933 = ORIENTED_EDGE('',*,*,#261,.F.);
#1934 = ORIENTED_EDGE('',*,*,#1935,.F.);
#1935 = EDGE_CURVE('',#1936,#253,#1938,.T.);
#1936 = VERTEX_POINT('',#1937);
#1937 = CARTESIAN_POINT('',(-11.,-38.54478688481,13.341770340083));
#1938 = LINE('',#1939,#1940);
#1939 = CARTESIAN_POINT('',(-3.455581719265E-15,-38.54478688481,
    13.341770340084));
#1940 = VECTOR('',#1941,1.);
#1941 = DIRECTION('',(-1.,7.771561172376E-16,7.771561172376E-16));
#1942 = ORIENTED_EDGE('',*,*,#1943,.T.);
#1943 = EDGE_CURVE('',#1936,#1912,#1944,.T.);
#1944 = CIRCLE('',#1945,7.);
#1945 = AXIS2_PLACEMENT_3D('',#1946,#1947,#1948);
#1946 = CARTESIAN_POINT('',(-11.,-45.02575025355,10.696564523314));
#1947 = DIRECTION('',(-1.,1.110223024625E-16,-3.330669073875E-16));
#1948 = DIRECTION('',(-1.110223024625E-16,-1.,6.661338147751E-16));
#1949 = ORIENTED_EDGE('',*,*,#1920,.F.);
#1950 = CYLINDRICAL_SURFACE('',#1951,7.);
#1951 = AXIS2_PLACEMENT_3D('',#1952,#1953,#1954);
#1952 = CARTESIAN_POINT('',(-16.,-45.02575025355,10.696564523314));
#1953 = DIRECTION('',(-1.,9.992007221626E-16,5.551115123126E-16));
#1954 = DIRECTION('',(3.330669073875E-16,-1.,8.881784197001E-16));
#1955 = ADVANCED_FACE('',(#1956),#1975,.T.);
#1956 = FACE_BOUND('',#1957,.F.);
#1957 = EDGE_LOOP('',(#1958,#1966,#1967,#1968));
#1958 = ORIENTED_EDGE('',*,*,#1959,.F.);
#1959 = EDGE_CURVE('',#245,#1960,#1962,.T.);
#1960 = VERTEX_POINT('',#1961);
#1961 = CARTESIAN_POINT('',(-11.,-40.28979083892,13.537460231182));
#1962 = LINE('',#1963,#1964);
#1963 = CARTESIAN_POINT('',(-4.213952867613E-15,-40.28979083892,
    13.537460231182));
#1964 = VECTOR('',#1965,1.);
#1965 = DIRECTION('',(1.,-7.771561172376E-16,-7.771561172376E-16));
#1966 = ORIENTED_EDGE('',*,*,#252,.F.);
#1967 = ORIENTED_EDGE('',*,*,#1935,.F.);
#1968 = ORIENTED_EDGE('',*,*,#1969,.T.);
#1969 = EDGE_CURVE('',#1936,#1960,#1970,.T.);
#1970 = CIRCLE('',#1971,1.);
#1971 = AXIS2_PLACEMENT_3D('',#1972,#1973,#1974);
#1972 = CARTESIAN_POINT('',(-11.,-39.47063879463,12.963883794831));
#1973 = DIRECTION('',(1.,-1.110223024625E-16,3.330669073875E-16));
#1974 = DIRECTION('',(-1.110223024625E-16,-1.,6.661338147751E-16));
#1975 = CYLINDRICAL_SURFACE('',#1976,1.);
#1976 = AXIS2_PLACEMENT_3D('',#1977,#1978,#1979);
#1977 = CARTESIAN_POINT('',(-2.685718909404E-15,-39.47063879463,
    12.963883794831));
#1978 = DIRECTION('',(1.,-9.992007221626E-16,-5.551115123126E-16));
#1979 = DIRECTION('',(3.330669073875E-16,-1.,8.881784197001E-16));
#1980 = ADVANCED_FACE('',(#1981),#1999,.F.);
#1981 = FACE_BOUND('',#1982,.T.);
#1982 = EDGE_LOOP('',(#1983,#1984,#1985,#1993));
#1983 = ORIENTED_EDGE('',*,*,#1959,.F.);
#1984 = ORIENTED_EDGE('',*,*,#244,.F.);
#1985 = ORIENTED_EDGE('',*,*,#1986,.F.);
#1986 = EDGE_CURVE('',#1987,#236,#1989,.T.);
#1987 = VERTEX_POINT('',#1988);
#1988 = CARTESIAN_POINT('',(-11.,-41.85009553316,11.309114192197));
#1989 = LINE('',#1990,#1991);
#1990 = CARTESIAN_POINT('',(1.276790323834E-16,-41.85009553316,
    11.309114192197));
#1991 = VECTOR('',#1992,1.);
#1992 = DIRECTION('',(-1.,7.771561172376E-16,7.771561172376E-16));
#1993 = ORIENTED_EDGE('',*,*,#1994,.T.);
#1994 = EDGE_CURVE('',#1987,#1960,#1995,.T.);
#1995 = LINE('',#1996,#1997);
#1996 = CARTESIAN_POINT('',(-11.,-40.56809965959,13.139994043684));
#1997 = VECTOR('',#1998,1.);
#1998 = DIRECTION('',(1.546239226258E-16,0.573576436351,0.819152044289)
  );
#1999 = PLANE('',#2000);
#2000 = AXIS2_PLACEMENT_3D('',#2001,#2002,#2003);
#2001 = CARTESIAN_POINT('',(1.265681410005E-15,-41.06994318604,
    12.423287211689));
#2002 = DIRECTION('',(1.292624841005E-16,0.819152044289,-0.573576436351)
  );
#2003 = DIRECTION('',(-1.00953664402E-15,0.573576436351,0.819152044289)
  );
#2004 = ADVANCED_FACE('',(#2005),#2024,.T.);
#2005 = FACE_BOUND('',#2006,.F.);
#2006 = EDGE_LOOP('',(#2007,#2015,#2016,#2017));
#2007 = ORIENTED_EDGE('',*,*,#2008,.F.);
#2008 = EDGE_CURVE('',#227,#2009,#2011,.T.);
#2009 = VERTEX_POINT('',#2010);
#2010 = CARTESIAN_POINT('',(-11.,-41.93846822526,10.97708132809));
#2011 = LINE('',#2012,#2013);
#2012 = CARTESIAN_POINT('',(-9.428590244881E-16,-41.93846822526,
    10.97708132809));
#2013 = VECTOR('',#2014,1.);
#2014 = DIRECTION('',(1.,-7.771561172376E-16,-7.771561172376E-16));
#2015 = ORIENTED_EDGE('',*,*,#235,.F.);
#2016 = ORIENTED_EDGE('',*,*,#1986,.F.);
#2017 = ORIENTED_EDGE('',*,*,#2018,.T.);
#2018 = EDGE_CURVE('',#1987,#2009,#2019,.T.);
#2019 = CIRCLE('',#2020,0.5);
#2020 = AXIS2_PLACEMENT_3D('',#2021,#2022,#2023);
#2021 = CARTESIAN_POINT('',(-11.,-41.44051951102,11.022325974021));
#2022 = DIRECTION('',(1.,-1.110223024625E-16,3.330669073875E-16));
#2023 = DIRECTION('',(-1.110223024625E-16,-1.,6.661338147751E-16));
#2024 = CYLINDRICAL_SURFACE('',#2025,0.5);
#2025 = AXIS2_PLACEMENT_3D('',#2026,#2027,#2028);
#2026 = CARTESIAN_POINT('',(3.415015846581E-16,-41.44051951102,
    11.022325974021));
#2027 = DIRECTION('',(1.,-9.992007221626E-16,-5.551115123126E-16));
#2028 = DIRECTION('',(3.330669073875E-16,-1.,8.881784197001E-16));
#2029 = ADVANCED_FACE('',(#2030),#2061,.F.);
#2030 = FACE_BOUND('',#2031,.T.);
#2031 = EDGE_LOOP('',(#2032,#2033,#2041,#2050,#2057,#2058,#2059,#2060));
#2032 = ORIENTED_EDGE('',*,*,#199,.F.);
#2033 = ORIENTED_EDGE('',*,*,#2034,.F.);
#2034 = EDGE_CURVE('',#2035,#191,#2037,.T.);
#2035 = VERTEX_POINT('',#2036);
#2036 = CARTESIAN_POINT('',(-11.,-45.8180633239,13.693603061363));
#2037 = LINE('',#2038,#2039);
#2038 = CARTESIAN_POINT('',(-1.462768095903E-15,-45.8180633239,
    13.693603061363));
#2039 = VECTOR('',#2040,1.);
#2040 = DIRECTION('',(-1.,7.771561172376E-16,7.771561172376E-16));
#2041 = ORIENTED_EDGE('',*,*,#2042,.T.);
#2042 = EDGE_CURVE('',#2035,#2043,#2045,.T.);
#2043 = VERTEX_POINT('',#2044);
#2044 = CARTESIAN_POINT('',(-11.,-48.11710107498,10.465155580366));
#2045 = CIRCLE('',#2046,3.1);
#2046 = AXIS2_PLACEMENT_3D('',#2047,#2048,#2049);
#2047 = CARTESIAN_POINT('',(-11.,-45.02575025355,10.696564523314));
#2048 = DIRECTION('',(1.,-1.110223024625E-16,3.330669073875E-16));
#2049 = DIRECTION('',(-8.584974998206E-17,-0.997209942395,
    -7.464804611233E-02));
#2050 = ORIENTED_EDGE('',*,*,#2051,.T.);
#2051 = EDGE_CURVE('',#2043,#2009,#2052,.T.);
#2052 = CIRCLE('',#2053,3.1);
#2053 = AXIS2_PLACEMENT_3D('',#2054,#2055,#2056);
#2054 = CARTESIAN_POINT('',(-11.,-45.02575025355,10.696564523314));
#2055 = DIRECTION('',(1.,-1.110223024625E-16,3.330669073875E-16));
#2056 = DIRECTION('',(-8.584974998206E-17,-0.997209942395,
    -7.464804611233E-02));
#2057 = ORIENTED_EDGE('',*,*,#2008,.F.);
#2058 = ORIENTED_EDGE('',*,*,#226,.F.);
#2059 = ORIENTED_EDGE('',*,*,#217,.F.);
#2060 = ORIENTED_EDGE('',*,*,#208,.F.);
#2061 = CYLINDRICAL_SURFACE('',#2062,3.1);
#2062 = AXIS2_PLACEMENT_3D('',#2063,#2064,#2065);
#2063 = CARTESIAN_POINT('',(-5.689152533103E-15,-45.02575025355,
    10.696564523314));
#2064 = DIRECTION('',(1.,-7.771561172376E-16,-3.330669073875E-16));
#2065 = DIRECTION('',(1.853009254267E-16,-0.997209942395,
    -7.464804611233E-02));
#2066 = ADVANCED_FACE('',(#2067),#2086,.T.);
#2067 = FACE_BOUND('',#2068,.F.);
#2068 = EDGE_LOOP('',(#2069,#2077,#2078,#2079));
#2069 = ORIENTED_EDGE('',*,*,#2070,.F.);
#2070 = EDGE_CURVE('',#183,#2071,#2073,.T.);
#2071 = VERTEX_POINT('',#2072);
#2072 = CARTESIAN_POINT('',(-11.,-45.53627973246,13.890208155776));
#2073 = LINE('',#2074,#2075);
#2074 = CARTESIAN_POINT('',(-4.107521374227E-16,-45.53627973246,
    13.890208155777));
#2075 = VECTOR('',#2076,1.);
#2076 = DIRECTION('',(1.,-7.771561172376E-16,-7.771561172376E-16));
#2077 = ORIENTED_EDGE('',*,*,#190,.F.);
#2078 = ORIENTED_EDGE('',*,*,#2034,.F.);
#2079 = ORIENTED_EDGE('',*,*,#2080,.T.);
#2080 = EDGE_CURVE('',#2035,#2071,#2081,.T.);
#2081 = CIRCLE('',#2082,0.5);
#2082 = AXIS2_PLACEMENT_3D('',#2083,#2084,#2085);
#2083 = CARTESIAN_POINT('',(-11.,-45.9458557546,14.176996373952));
#2084 = DIRECTION('',(1.,-1.110223024625E-16,3.330669073875E-16));
#2085 = DIRECTION('',(-1.110223024625E-16,-1.,6.661338147751E-16));
#2086 = CYLINDRICAL_SURFACE('',#2087,0.5);
#2087 = AXIS2_PLACEMENT_3D('',#2088,#2089,#2090);
#2088 = CARTESIAN_POINT('',(-2.010546490366E-15,-45.9458557546,
    14.176996373952));
#2089 = DIRECTION('',(1.,-9.992007221626E-16,-5.551115123126E-16));
#2090 = DIRECTION('',(3.330669073875E-16,-1.,8.881784197001E-16));
#2091 = ADVANCED_FACE('',(#2092),#2110,.F.);
#2092 = FACE_BOUND('',#2093,.T.);
#2093 = EDGE_LOOP('',(#2094,#2095,#2096,#2104));
#2094 = ORIENTED_EDGE('',*,*,#2070,.F.);
#2095 = ORIENTED_EDGE('',*,*,#182,.F.);
#2096 = ORIENTED_EDGE('',*,*,#2097,.F.);
#2097 = EDGE_CURVE('',#2098,#174,#2100,.T.);
#2098 = VERTEX_POINT('',#2099);
#2099 = CARTESIAN_POINT('',(-11.,-43.97597503822,16.118554194761));
#2100 = LINE('',#2101,#2102);
#2101 = CARTESIAN_POINT('',(-5.037766984427E-15,-43.97597503822,
    16.118554194761));
#2102 = VECTOR('',#2103,1.);
#2103 = DIRECTION('',(-1.,7.771561172376E-16,7.771561172376E-16));
#2104 = ORIENTED_EDGE('',*,*,#2105,.T.);
#2105 = EDGE_CURVE('',#2098,#2071,#2106,.T.);
#2106 = LINE('',#2107,#2108);
#2107 = CARTESIAN_POINT('',(-11.,-44.25428385889,15.721088007264));
#2108 = VECTOR('',#2109,1.);
#2109 = DIRECTION('',(-1.546239226258E-16,-0.573576436351,
    -0.819152044289));
#2110 = PLANE('',#2111);
#2111 = AXIS2_PLACEMENT_3D('',#2112,#2113,#2114);
#2112 = CARTESIAN_POINT('',(-8.560357105185E-17,-44.75612738534,
    15.004381175269));
#2113 = DIRECTION('',(-1.291411529195E-16,-0.819152044289,0.573576436351
    ));
#2114 = DIRECTION('',(1.00953664402E-15,-0.573576436351,-0.819152044289)
  );
#2115 = ADVANCED_FACE('',(#2116),#2135,.T.);
#2116 = FACE_BOUND('',#2117,.F.);
#2117 = EDGE_LOOP('',(#2118,#2126,#2127,#2128));
#2118 = ORIENTED_EDGE('',*,*,#2119,.F.);
#2119 = EDGE_CURVE('',#165,#2120,#2122,.T.);
#2120 = VERTEX_POINT('',#2121);
#2121 = CARTESIAN_POINT('',(-11.,-44.75668988734,17.691391649079));
#2122 = LINE('',#2123,#2124);
#2123 = CARTESIAN_POINT('',(-3.970728159058E-15,-44.75668988734,
    17.691391649079));
#2124 = VECTOR('',#2125,1.);
#2125 = DIRECTION('',(1.,-7.771561172376E-16,-7.771561172376E-16));
#2126 = ORIENTED_EDGE('',*,*,#173,.F.);
#2127 = ORIENTED_EDGE('',*,*,#2097,.F.);
#2128 = ORIENTED_EDGE('',*,*,#2129,.T.);
#2129 = EDGE_CURVE('',#2098,#2120,#2130,.T.);
#2130 = CIRCLE('',#2131,1.);
#2131 = AXIS2_PLACEMENT_3D('',#2132,#2133,#2134);
#2132 = CARTESIAN_POINT('',(-11.,-44.79512708251,16.692130631112));
#2133 = DIRECTION('',(1.,-1.110223024625E-16,3.330669073875E-16));
#2134 = DIRECTION('',(-1.110223024625E-16,-1.,6.661338147751E-16));
#2135 = CYLINDRICAL_SURFACE('',#2136,1.);
#2136 = AXIS2_PLACEMENT_3D('',#2137,#2138,#2139);
#2137 = CARTESIAN_POINT('',(-5.465412088977E-15,-44.79512708251,
    16.692130631113));
#2138 = DIRECTION('',(1.,-9.992007221626E-16,-5.551115123126E-16));
#2139 = DIRECTION('',(3.330669073875E-16,-1.,8.881784197001E-16));
#2140 = ADVANCED_FACE('',(#2141),#2170,.T.);
#2141 = FACE_BOUND('',#2142,.T.);
#2142 = EDGE_LOOP('',(#2143,#2152,#2153,#2154,#2155,#2163));
#2143 = ORIENTED_EDGE('',*,*,#2144,.T.);
#2144 = EDGE_CURVE('',#2145,#2120,#2147,.T.);
#2145 = VERTEX_POINT('',#2146);
#2146 = CARTESIAN_POINT('',(-11.,-52.02575025355,10.696564523314));
#2147 = CIRCLE('',#2148,7.);
#2148 = AXIS2_PLACEMENT_3D('',#2149,#2150,#2151);
#2149 = CARTESIAN_POINT('',(-11.,-45.02575025355,10.696564523314));
#2150 = DIRECTION('',(-1.,1.110223024625E-16,-3.330669073875E-16));
#2151 = DIRECTION('',(-1.110223024625E-16,-1.,6.661338147751E-16));
#2152 = ORIENTED_EDGE('',*,*,#2119,.F.);
#2153 = ORIENTED_EDGE('',*,*,#164,.F.);
#2154 = ORIENTED_EDGE('',*,*,#155,.F.);
#2155 = ORIENTED_EDGE('',*,*,#2156,.T.);
#2156 = EDGE_CURVE('',#148,#2157,#2159,.T.);
#2157 = VERTEX_POINT('',#2158);
#2158 = CARTESIAN_POINT('',(-11.,-48.64318380609,4.703720916733));
#2159 = LINE('',#2160,#2161);
#2160 = CARTESIAN_POINT('',(-16.,-48.64318380609,4.703720916733));
#2161 = VECTOR('',#2162,1.);
#2162 = DIRECTION('',(1.,-7.771561172376E-16,-7.771561172376E-16));
#2163 = ORIENTED_EDGE('',*,*,#2164,.T.);
#2164 = EDGE_CURVE('',#2157,#2145,#2165,.T.);
#2165 = CIRCLE('',#2166,7.);
#2166 = AXIS2_PLACEMENT_3D('',#2167,#2168,#2169);
#2167 = CARTESIAN_POINT('',(-11.,-45.02575025355,10.696564523314));
#2168 = DIRECTION('',(-1.,1.110223024625E-16,-3.330669073875E-16));
#2169 = DIRECTION('',(-1.110223024625E-16,-1.,6.661338147751E-16));
#2170 = CYLINDRICAL_SURFACE('',#2171,7.);
#2171 = AXIS2_PLACEMENT_3D('',#2172,#2173,#2174);
#2172 = CARTESIAN_POINT('',(-16.,-45.02575025355,10.696564523314));
#2173 = DIRECTION('',(-1.,7.771561172376E-16,3.330669073875E-16));
#2174 = DIRECTION('',(1.110223024625E-16,-1.,6.661338147751E-16));
#2175 = ADVANCED_FACE('',(#2176),#2217,.T.);
#2176 = FACE_BOUND('',#2177,.F.);
#2177 = EDGE_LOOP('',(#2178,#2179,#2180,#2188,#2196,#2204,#2210,#2211));
#2178 = ORIENTED_EDGE('',*,*,#147,.F.);
#2179 = ORIENTED_EDGE('',*,*,#2156,.T.);
#2180 = ORIENTED_EDGE('',*,*,#2181,.F.);
#2181 = EDGE_CURVE('',#2182,#2157,#2184,.T.);
#2182 = VERTEX_POINT('',#2183);
#2183 = CARTESIAN_POINT('',(-11.,-37.56692458225,-1.982192212885));
#2184 = LINE('',#2185,#2186);
#2185 = CARTESIAN_POINT('',(-11.,-52.4538134001,7.00391432317));
#2186 = VECTOR('',#2187,1.);
#2187 = DIRECTION('',(-3.767478478459E-17,-0.856120515226,0.516776221792
    ));
#2188 = ORIENTED_EDGE('',*,*,#2189,.F.);
#2189 = EDGE_CURVE('',#2190,#2182,#2192,.T.);
#2190 = VERTEX_POINT('',#2191);
#2191 = CARTESIAN_POINT('',(11.,-37.56692458225,-1.982192212885));
#2192 = LINE('',#2193,#2194);
#2193 = CARTESIAN_POINT('',(11.,-37.56692458225,-1.982192212885));
#2194 = VECTOR('',#2195,1.);
#2195 = DIRECTION('',(-1.,7.771561172376E-16,7.771561172376E-16));
#2196 = ORIENTED_EDGE('',*,*,#2197,.T.);
#2197 = EDGE_CURVE('',#2190,#2198,#2200,.T.);
#2198 = VERTEX_POINT('',#2199);
#2199 = CARTESIAN_POINT('',(11.,-48.64318380609,4.703720916733));
#2200 = LINE('',#2201,#2202);
#2201 = CARTESIAN_POINT('',(11.,-52.4538134001,7.00391432317));
#2202 = VECTOR('',#2203,1.);
#2203 = DIRECTION('',(-3.767478478459E-17,-0.856120515226,0.516776221792
    ));
#2204 = ORIENTED_EDGE('',*,*,#2205,.T.);
#2205 = EDGE_CURVE('',#2198,#1068,#2206,.T.);
#2206 = LINE('',#2207,#2208);
#2207 = CARTESIAN_POINT('',(-16.,-48.64318380609,4.703720916733));
#2208 = VECTOR('',#2209,1.);
#2209 = DIRECTION('',(1.,-7.771561172376E-16,-7.771561172376E-16));
#2210 = ORIENTED_EDGE('',*,*,#1076,.T.);
#2211 = ORIENTED_EDGE('',*,*,#2212,.F.);
#2212 = EDGE_CURVE('',#139,#1077,#2213,.T.);
#2213 = LINE('',#2214,#2215);
#2214 = CARTESIAN_POINT('',(-16.,-26.66776221791,-8.561205152259));
#2215 = VECTOR('',#2216,1.);
#2216 = DIRECTION('',(1.,-7.771561172376E-16,-7.771561172376E-16));
#2217 = PLANE('',#2218);
#2218 = AXIS2_PLACEMENT_3D('',#2219,#2220,#2221);
#2219 = CARTESIAN_POINT('',(-16.,-48.64318380609,4.703720916733));
#2220 = DIRECTION('',(1.142304667078E-15,-0.516776221792,-0.856120515226
    ));
#2221 = DIRECTION('',(-3.459651336557E-16,-0.856120515226,0.516776221792
    ));
#2222 = ADVANCED_FACE('',(#2223),#2229,.T.);
#2223 = FACE_BOUND('',#2224,.T.);
#2224 = EDGE_LOOP('',(#2225,#2226,#2227,#2228));
#2225 = ORIENTED_EDGE('',*,*,#2212,.F.);
#2226 = ORIENTED_EDGE('',*,*,#138,.F.);
#2227 = ORIENTED_EDGE('',*,*,#1418,.T.);
#2228 = ORIENTED_EDGE('',*,*,#1084,.T.);
#2229 = CYLINDRICAL_SURFACE('',#2230,10.);
#2230 = AXIS2_PLACEMENT_3D('',#2231,#2232,#2233);
#2231 = CARTESIAN_POINT('',(-16.,-21.5,3.153033389935E-14));
#2232 = DIRECTION('',(-1.,9.992007221626E-16,5.551115123126E-16));
#2233 = DIRECTION('',(3.330669073875E-16,-1.,8.881784197001E-16));
#2234 = ADVANCED_FACE('',(#2235),#2295,.F.);
#2235 = FACE_BOUND('',#2236,.F.);
#2236 = EDGE_LOOP('',(#2237,#2243,#2244,#2253,#2261,#2270,#2279,#2287,
    #2294));
#2237 = ORIENTED_EDGE('',*,*,#2238,.F.);
#2238 = EDGE_CURVE('',#475,#1094,#2239,.T.);
#2239 = LINE('',#2240,#2241);
#2240 = CARTESIAN_POINT('',(-2.816910564963E-15,21.9,-6.287288763847));
#2241 = VECTOR('',#2242,1.);
#2242 = DIRECTION('',(1.,-1.110223024625E-15,-1.110223024625E-16));
#2243 = ORIENTED_EDGE('',*,*,#472,.F.);
#2244 = ORIENTED_EDGE('',*,*,#2245,.T.);
#2245 = EDGE_CURVE('',#473,#2246,#2248,.T.);
#2246 = VERTEX_POINT('',#2247);
#2247 = CARTESIAN_POINT('',(-15.,21.9,-4.682947789587));
#2248 = HYPERBOLA('',#2249,0.476701437038,0.4);
#2249 = AXIS2_PLACEMENT_3D('',#2250,#2251,#2252);
#2250 = CARTESIAN_POINT('',(-9.398758114807,21.9,-2.338370010324E-14));
#2251 = DIRECTION('',(6.793519727489E-16,1.,1.881371130287E-15));
#2252 = DIRECTION('',(-1.,6.793519727489E-16,-3.413893988661E-31));
#2253 = ORIENTED_EDGE('',*,*,#2254,.F.);
#2254 = EDGE_CURVE('',#2255,#2246,#2257,.T.);
#2255 = VERTEX_POINT('',#2256);
#2256 = CARTESIAN_POINT('',(-1.,21.9,-4.682947789587));
#2257 = LINE('',#2258,#2259);
#2258 = CARTESIAN_POINT('',(-2.966702298864E-15,21.9,-4.682947789587));
#2259 = VECTOR('',#2260,1.);
#2260 = DIRECTION('',(-1.,1.110223024625E-15,1.110223024625E-16));
#2261 = ORIENTED_EDGE('',*,*,#2262,.T.);
#2262 = EDGE_CURVE('',#2255,#2263,#2265,.T.);
#2263 = VERTEX_POINT('',#2264);
#2264 = CARTESIAN_POINT('',(0.,21.9,-5.524637972221));
#2265 = HYPERBOLA('',#2266,0.476701437038,0.4);
#2266 = AXIS2_PLACEMENT_3D('',#2267,#2268,#2269);
#2267 = CARTESIAN_POINT('',(-6.601241885193,21.9,-2.338370010324E-14));
#2268 = DIRECTION('',(6.793519727489E-16,1.,1.881371130287E-15));
#2269 = DIRECTION('',(1.,-6.793519727489E-16,3.413893988661E-31));
#2270 = ORIENTED_EDGE('',*,*,#2271,.T.);
#2271 = EDGE_CURVE('',#2263,#2272,#2274,.T.);
#2272 = VERTEX_POINT('',#2273);
#2273 = CARTESIAN_POINT('',(1.,21.9,-4.682947789587));
#2274 = HYPERBOLA('',#2275,0.476701437038,0.4);
#2275 = AXIS2_PLACEMENT_3D('',#2276,#2277,#2278);
#2276 = CARTESIAN_POINT('',(6.601241885193,21.9,-2.338370010324E-14));
#2277 = DIRECTION('',(6.793519727489E-16,1.,1.881371130287E-15));
#2278 = DIRECTION('',(-1.,6.793519727489E-16,-3.413893988661E-31));
#2279 = ORIENTED_EDGE('',*,*,#2280,.F.);
#2280 = EDGE_CURVE('',#2281,#2272,#2283,.T.);
#2281 = VERTEX_POINT('',#2282);
#2282 = CARTESIAN_POINT('',(15.,21.9,-4.682947789587));
#2283 = LINE('',#2284,#2285);
#2284 = CARTESIAN_POINT('',(-2.966702298864E-15,21.9,-4.682947789587));
#2285 = VECTOR('',#2286,1.);
#2286 = DIRECTION('',(-1.,1.110223024625E-15,1.110223024625E-16));
#2287 = ORIENTED_EDGE('',*,*,#2288,.T.);
#2288 = EDGE_CURVE('',#2281,#1096,#2289,.T.);
#2289 = HYPERBOLA('',#2290,0.476701437038,0.4);
#2290 = AXIS2_PLACEMENT_3D('',#2291,#2292,#2293);
#2291 = CARTESIAN_POINT('',(9.398758114807,21.9,-2.338370010324E-14));
#2292 = DIRECTION('',(6.793519727489E-16,1.,1.881371130287E-15));
#2293 = DIRECTION('',(1.,-6.793519727489E-16,3.413893988661E-31));
#2294 = ORIENTED_EDGE('',*,*,#1093,.F.);
#2295 = PLANE('',#2296);
#2296 = AXIS2_PLACEMENT_3D('',#2297,#2298,#2299);
#2297 = CARTESIAN_POINT('',(-3.026878631752E-15,21.9,-5.485118276717));
#2298 = DIRECTION('',(-2.088264469512E-16,1.,9.931927105864E-16));
#2299 = DIRECTION('',(-1.221245327088E-15,-2.325460340137E-15,1.));
#2300 = ADVANCED_FACE('',(#2301),#2320,.F.);
#2301 = FACE_BOUND('',#2302,.F.);
#2302 = EDGE_LOOP('',(#2303,#2304,#2312,#2319));
#2303 = ORIENTED_EDGE('',*,*,#482,.T.);
#2304 = ORIENTED_EDGE('',*,*,#2305,.T.);
#2305 = EDGE_CURVE('',#483,#2306,#2308,.T.);
#2306 = VERTEX_POINT('',#2307);
#2307 = CARTESIAN_POINT('',(-15.,21.5,4.7));
#2308 = LINE('',#2309,#2310);
#2309 = CARTESIAN_POINT('',(-16.5,21.5,5.958649446766));
#2310 = VECTOR('',#2311,1.);
#2311 = DIRECTION('',(0.766044443119,-6.803841429095E-16,-0.642787609687
    ));
#2312 = ORIENTED_EDGE('',*,*,#2313,.F.);
#2313 = EDGE_CURVE('',#2246,#2306,#2314,.T.);
#2314 = CIRCLE('',#2315,4.7);
#2315 = AXIS2_PLACEMENT_3D('',#2316,#2317,#2318);
#2316 = CARTESIAN_POINT('',(-15.,21.5,-2.386979502944E-14));
#2317 = DIRECTION('',(1.,2.958228394579E-31,6.661338147751E-16));
#2318 = DIRECTION('',(-6.661338147751E-16,2.218671295934E-31,1.));
#2319 = ORIENTED_EDGE('',*,*,#2245,.F.);
#2320 = CONICAL_SURFACE('',#2321,5.958649446766,0.698131700798);
#2321 = AXIS2_PLACEMENT_3D('',#2322,#2323,#2324);
#2322 = CARTESIAN_POINT('',(-16.5,21.5,-2.386979502944E-14));
#2323 = DIRECTION('',(-1.,6.661338147751E-16,-3.574525976783E-31));
#2324 = DIRECTION('',(-6.661338147751E-16,2.218671295934E-31,1.));
#2325 = ADVANCED_FACE('',(#2326),#2337,.T.);
#2326 = FACE_BOUND('',#2327,.T.);
#2327 = EDGE_LOOP('',(#2328,#2329,#2330,#2336));
#2328 = ORIENTED_EDGE('',*,*,#2238,.F.);
#2329 = ORIENTED_EDGE('',*,*,#544,.T.);
#2330 = ORIENTED_EDGE('',*,*,#2331,.T.);
#2331 = EDGE_CURVE('',#536,#1104,#2332,.T.);
#2332 = LINE('',#2333,#2334);
#2333 = CARTESIAN_POINT('',(-1.355038615861E-14,25.954772721475,
    4.454772721475));
#2334 = VECTOR('',#2335,1.);
#2335 = DIRECTION('',(1.,-1.110223024625E-15,-1.110223024625E-16));
#2336 = ORIENTED_EDGE('',*,*,#1103,.F.);
#2337 = CYLINDRICAL_SURFACE('',#2338,6.3);
#2338 = AXIS2_PLACEMENT_3D('',#2339,#2340,#2341);
#2339 = CARTESIAN_POINT('',(-9.547918011776E-15,21.5,-3.103073353827E-14
    ));
#2340 = DIRECTION('',(1.,-8.881784197001E-16,1.110223024625E-16));
#2341 = DIRECTION('',(-4.440892098501E-16,1.,-1.443289932013E-15));
#2342 = ADVANCED_FACE('',(#2343),#2363,.F.);
#2343 = FACE_BOUND('',#2344,.F.);
#2344 = EDGE_LOOP('',(#2345,#2346,#2347,#2356));
#2345 = ORIENTED_EDGE('',*,*,#2305,.F.);
#2346 = ORIENTED_EDGE('',*,*,#491,.T.);
#2347 = ORIENTED_EDGE('',*,*,#2348,.F.);
#2348 = EDGE_CURVE('',#2349,#492,#2351,.T.);
#2349 = VERTEX_POINT('',#2350);
#2350 = CARTESIAN_POINT('',(-15.,21.1,-4.682947789587));
#2351 = HYPERBOLA('',#2352,0.476701437038,0.4);
#2352 = AXIS2_PLACEMENT_3D('',#2353,#2354,#2355);
#2353 = CARTESIAN_POINT('',(-9.398758114807,21.1,-2.258433952551E-14));
#2354 = DIRECTION('',(-6.793519727489E-16,-1.,2.547504945062E-15));
#2355 = DIRECTION('',(-1.,6.793519727489E-16,-3.999309824767E-31));
#2356 = ORIENTED_EDGE('',*,*,#2357,.F.);
#2357 = EDGE_CURVE('',#2306,#2349,#2358,.T.);
#2358 = CIRCLE('',#2359,4.7);
#2359 = AXIS2_PLACEMENT_3D('',#2360,#2361,#2362);
#2360 = CARTESIAN_POINT('',(-15.,21.5,-2.386979502944E-14));
#2361 = DIRECTION('',(1.,2.958228394579E-31,6.661338147751E-16));
#2362 = DIRECTION('',(-6.661338147751E-16,2.218671295934E-31,1.));
#2363 = CONICAL_SURFACE('',#2364,5.958649446766,0.698131700798);
#2364 = AXIS2_PLACEMENT_3D('',#2365,#2366,#2367);
#2365 = CARTESIAN_POINT('',(-16.5,21.5,-2.386979502944E-14));
#2366 = DIRECTION('',(-1.,6.661338147751E-16,-3.574525976783E-31));
#2367 = DIRECTION('',(-6.661338147751E-16,2.218671295934E-31,1.));
#2368 = ADVANCED_FACE('',(#2369),#2380,.F.);
#2369 = FACE_BOUND('',#2370,.F.);
#2370 = EDGE_LOOP('',(#2371,#2372,#2378,#2379));
#2371 = ORIENTED_EDGE('',*,*,#1112,.F.);
#2372 = ORIENTED_EDGE('',*,*,#2373,.F.);
#2373 = EDGE_CURVE('',#527,#1113,#2374,.T.);
#2374 = LINE('',#2375,#2376);
#2375 = CARTESIAN_POINT('',(-1.43982360863E-14,26.803300858899,
    5.303300858899));
#2376 = VECTOR('',#2377,1.);
#2377 = DIRECTION('',(1.,-1.110223024625E-15,-1.110223024625E-16));
#2378 = ORIENTED_EDGE('',*,*,#535,.T.);
#2379 = ORIENTED_EDGE('',*,*,#2331,.T.);
#2380 = CYLINDRICAL_SURFACE('',#2381,0.6);
#2381 = AXIS2_PLACEMENT_3D('',#2382,#2383,#2384);
#2382 = CARTESIAN_POINT('',(-1.875651028196E-14,26.379036790187,
    4.879036790187));
#2383 = DIRECTION('',(1.,-8.881784197001E-16,1.110223024625E-16));
#2384 = DIRECTION('',(-4.440892098501E-16,1.,-1.443289932013E-15));
#2385 = ADVANCED_FACE('',(#2386),#2438,.F.);
#2386 = FACE_BOUND('',#2387,.F.);
#2387 = EDGE_LOOP('',(#2388,#2396,#2397,#2398,#2404,#2405,#2414,#2422,
    #2431));
#2388 = ORIENTED_EDGE('',*,*,#2389,.F.);
#2389 = EDGE_CURVE('',#2349,#2390,#2392,.T.);
#2390 = VERTEX_POINT('',#2391);
#2391 = CARTESIAN_POINT('',(-1.,21.1,-4.682947789587));
#2392 = LINE('',#2393,#2394);
#2393 = CARTESIAN_POINT('',(-4.419969225038E-15,21.1,-4.682947789587));
#2394 = VECTOR('',#2395,1.);
#2395 = DIRECTION('',(1.,-1.110223024625E-15,-1.110223024625E-16));
#2396 = ORIENTED_EDGE('',*,*,#2348,.T.);
#2397 = ORIENTED_EDGE('',*,*,#500,.F.);
#2398 = ORIENTED_EDGE('',*,*,#2399,.F.);
#2399 = EDGE_CURVE('',#1140,#501,#2400,.T.);
#2400 = LINE('',#2401,#2402);
#2401 = CARTESIAN_POINT('',(-2.95901755319E-16,21.1,-6.287288763847));
#2402 = VECTOR('',#2403,1.);
#2403 = DIRECTION('',(-1.,1.110223024625E-15,1.110223024625E-16));
#2404 = ORIENTED_EDGE('',*,*,#1148,.F.);
#2405 = ORIENTED_EDGE('',*,*,#2406,.T.);
#2406 = EDGE_CURVE('',#1149,#2407,#2409,.T.);
#2407 = VERTEX_POINT('',#2408);
#2408 = CARTESIAN_POINT('',(15.,21.1,-4.682947789587));
#2409 = HYPERBOLA('',#2410,0.476701437038,0.4);
#2410 = AXIS2_PLACEMENT_3D('',#2411,#2412,#2413);
#2411 = CARTESIAN_POINT('',(9.398758114807,21.1,-2.258433952551E-14));
#2412 = DIRECTION('',(-6.793519727489E-16,-1.,2.547504945062E-15));
#2413 = DIRECTION('',(1.,-6.793519727489E-16,3.999309824767E-31));
#2414 = ORIENTED_EDGE('',*,*,#2415,.F.);
#2415 = EDGE_CURVE('',#2416,#2407,#2418,.T.);
#2416 = VERTEX_POINT('',#2417);
#2417 = CARTESIAN_POINT('',(1.,21.1,-4.682947789587));
#2418 = LINE('',#2419,#2420);
#2419 = CARTESIAN_POINT('',(-4.419969225038E-15,21.1,-4.682947789587));
#2420 = VECTOR('',#2421,1.);
#2421 = DIRECTION('',(1.,-1.110223024625E-15,-1.110223024625E-16));
#2422 = ORIENTED_EDGE('',*,*,#2423,.T.);
#2423 = EDGE_CURVE('',#2416,#2424,#2426,.T.);
#2424 = VERTEX_POINT('',#2425);
#2425 = CARTESIAN_POINT('',(0.,21.1,-5.524637972221));
#2426 = HYPERBOLA('',#2427,0.476701437038,0.4);
#2427 = AXIS2_PLACEMENT_3D('',#2428,#2429,#2430);
#2428 = CARTESIAN_POINT('',(6.601241885193,21.1,-2.258433952551E-14));
#2429 = DIRECTION('',(-6.793519727489E-16,-1.,2.547504945062E-15));
#2430 = DIRECTION('',(-1.,6.793519727489E-16,-3.999309824767E-31));
#2431 = ORIENTED_EDGE('',*,*,#2432,.T.);
#2432 = EDGE_CURVE('',#2424,#2390,#2433,.T.);
#2433 = HYPERBOLA('',#2434,0.476701437038,0.4);
#2434 = AXIS2_PLACEMENT_3D('',#2435,#2436,#2437);
#2435 = CARTESIAN_POINT('',(-6.601241885193,21.1,-2.258433952551E-14));
#2436 = DIRECTION('',(-6.793519727489E-16,-1.,2.547504945062E-15));
#2437 = DIRECTION('',(1.,-6.793519727489E-16,3.999309824767E-31));
#2438 = PLANE('',#2439);
#2439 = AXIS2_PLACEMENT_3D('',#2440,#2441,#2442);
#2440 = CARTESIAN_POINT('',(-2.671607263872E-15,21.1,-5.485118276717));
#2441 = DIRECTION('',(2.088264469512E-16,-1.,3.435683364762E-15));
#2442 = DIRECTION('',(1.221245327088E-15,-2.103415735212E-15,-1.));
#2443 = ADVANCED_FACE('',(#2444),#2455,.F.);
#2444 = FACE_BOUND('',#2445,.F.);
#2445 = EDGE_LOOP('',(#2446,#2447,#2453,#2454));
#2446 = ORIENTED_EDGE('',*,*,#1121,.F.);
#2447 = ORIENTED_EDGE('',*,*,#2448,.T.);
#2448 = EDGE_CURVE('',#1122,#518,#2449,.T.);
#2449 = LINE('',#2450,#2451);
#2450 = CARTESIAN_POINT('',(-1.484698005983E-14,16.196699141101,
    5.303300858899));
#2451 = VECTOR('',#2452,1.);
#2452 = DIRECTION('',(-1.,1.110223024625E-15,1.110223024625E-16));
#2453 = ORIENTED_EDGE('',*,*,#526,.T.);
#2454 = ORIENTED_EDGE('',*,*,#2373,.T.);
#2455 = CYLINDRICAL_SURFACE('',#2456,7.5);
#2456 = AXIS2_PLACEMENT_3D('',#2457,#2458,#2459);
#2457 = CARTESIAN_POINT('',(-9.547918011776E-15,21.5,-3.103073353827E-14
    ));
#2458 = DIRECTION('',(1.,-8.881784197001E-16,1.110223024625E-16));
#2459 = DIRECTION('',(-4.440892098501E-16,1.,-1.443289932013E-15));
#2460 = ADVANCED_FACE('',(#2461),#2472,.T.);
#2461 = FACE_BOUND('',#2462,.T.);
#2462 = EDGE_LOOP('',(#2463,#2464,#2470,#2471));
#2463 = ORIENTED_EDGE('',*,*,#1139,.F.);
#2464 = ORIENTED_EDGE('',*,*,#2465,.T.);
#2465 = EDGE_CURVE('',#1131,#509,#2466,.T.);
#2466 = LINE('',#2467,#2468);
#2467 = CARTESIAN_POINT('',(-1.399913013214E-14,17.045227278525,
    4.454772721475));
#2468 = VECTOR('',#2469,1.);
#2469 = DIRECTION('',(-1.,1.110223024625E-15,1.110223024625E-16));
#2470 = ORIENTED_EDGE('',*,*,#508,.T.);
#2471 = ORIENTED_EDGE('',*,*,#2399,.F.);
#2472 = CYLINDRICAL_SURFACE('',#2473,6.3);
#2473 = AXIS2_PLACEMENT_3D('',#2474,#2475,#2476);
#2474 = CARTESIAN_POINT('',(-9.547918011776E-15,21.5,-3.103073353827E-14
    ));
#2475 = DIRECTION('',(1.,-8.881784197001E-16,1.110223024625E-16));
#2476 = DIRECTION('',(-4.440892098501E-16,1.,-1.443289932013E-15));
#2477 = ADVANCED_FACE('',(#2478),#2484,.F.);
#2478 = FACE_BOUND('',#2479,.F.);
#2479 = EDGE_LOOP('',(#2480,#2481,#2482,#2483));
#2480 = ORIENTED_EDGE('',*,*,#1130,.F.);
#2481 = ORIENTED_EDGE('',*,*,#2465,.T.);
#2482 = ORIENTED_EDGE('',*,*,#517,.T.);
#2483 = ORIENTED_EDGE('',*,*,#2448,.F.);
#2484 = CYLINDRICAL_SURFACE('',#2485,0.6);
#2485 = AXIS2_PLACEMENT_3D('',#2486,#2487,#2488);
#2486 = CARTESIAN_POINT('',(-1.442305509599E-14,16.620963209813,
    4.879036790187));
#2487 = DIRECTION('',(1.,-8.881784197001E-16,1.110223024625E-16));
#2488 = DIRECTION('',(-4.440892098501E-16,1.,-1.443289932013E-15));
#2489 = ADVANCED_FACE('',(#2490),#2516,.F.);
#2490 = FACE_BOUND('',#2491,.T.);
#2491 = EDGE_LOOP('',(#2492,#2493,#2499,#2500,#2501,#2502,#2503,#2504,
    #2505,#2511,#2512,#2513,#2514,#2515));
#2492 = ORIENTED_EDGE('',*,*,#1354,.T.);
#2493 = ORIENTED_EDGE('',*,*,#2494,.T.);
#2494 = EDGE_CURVE('',#1346,#565,#2495,.T.);
#2495 = LINE('',#2496,#2497);
#2496 = CARTESIAN_POINT('',(-1.082046899258E-15,-16.1966991411,
    5.303300858899));
#2497 = VECTOR('',#2498,1.);
#2498 = DIRECTION('',(-1.,7.771561172376E-16,7.771561172376E-16));
#2499 = ORIENTED_EDGE('',*,*,#564,.F.);
#2500 = ORIENTED_EDGE('',*,*,#553,.F.);
#2501 = ORIENTED_EDGE('',*,*,#733,.F.);
#2502 = ORIENTED_EDGE('',*,*,#724,.F.);
#2503 = ORIENTED_EDGE('',*,*,#715,.F.);
#2504 = ORIENTED_EDGE('',*,*,#706,.F.);
#2505 = ORIENTED_EDGE('',*,*,#2506,.T.);
#2506 = EDGE_CURVE('',#698,#1213,#2507,.T.);
#2507 = LINE('',#2508,#2509);
#2508 = CARTESIAN_POINT('',(7.609682482365E-15,-26.80330085889,
    5.303300858899));
#2509 = VECTOR('',#2510,1.);
#2510 = DIRECTION('',(1.,-7.771561172376E-16,-7.771561172376E-16));
#2511 = ORIENTED_EDGE('',*,*,#1212,.T.);
#2512 = ORIENTED_EDGE('',*,*,#1203,.T.);
#2513 = ORIENTED_EDGE('',*,*,#1194,.T.);
#2514 = ORIENTED_EDGE('',*,*,#1185,.T.);
#2515 = ORIENTED_EDGE('',*,*,#1174,.T.);
#2516 = CYLINDRICAL_SURFACE('',#2517,7.5);
#2517 = AXIS2_PLACEMENT_3D('',#2518,#2519,#2520);
#2518 = CARTESIAN_POINT('',(7.160938508832E-15,-21.5,1.909583602355E-14)
  );
#2519 = DIRECTION('',(1.,-9.992007221626E-16,-5.551115123126E-16));
#2520 = DIRECTION('',(3.330669073875E-16,-1.,8.881784197001E-16));
#2521 = ADVANCED_FACE('',(#2522),#2535,.F.);
#2522 = FACE_BOUND('',#2523,.T.);
#2523 = EDGE_LOOP('',(#2524,#2525,#2531,#2532,#2533,#2534));
#2524 = ORIENTED_EDGE('',*,*,#1336,.T.);
#2525 = ORIENTED_EDGE('',*,*,#2526,.T.);
#2526 = EDGE_CURVE('',#1328,#583,#2527,.T.);
#2527 = LINE('',#2528,#2529);
#2528 = CARTESIAN_POINT('',(2.368307660368E-16,-17.04522727852,
    4.454772721475));
#2529 = VECTOR('',#2530,1.);
#2530 = DIRECTION('',(-1.,7.771561172376E-16,7.771561172376E-16));
#2531 = ORIENTED_EDGE('',*,*,#582,.F.);
#2532 = ORIENTED_EDGE('',*,*,#573,.F.);
#2533 = ORIENTED_EDGE('',*,*,#2494,.F.);
#2534 = ORIENTED_EDGE('',*,*,#1345,.T.);
#2535 = CYLINDRICAL_SURFACE('',#2536,0.6);
#2536 = AXIS2_PLACEMENT_3D('',#2537,#2538,#2539);
#2537 = CARTESIAN_POINT('',(-4.226080666104E-16,-16.62096320981,
    4.879036790187));
#2538 = DIRECTION('',(1.,-9.992007221626E-16,-5.551115123126E-16));
#2539 = DIRECTION('',(3.330669073875E-16,-1.,8.881784197001E-16));
#2540 = ADVANCED_FACE('',(#2541),#2554,.T.);
#2541 = FACE_BOUND('',#2542,.F.);
#2542 = EDGE_LOOP('',(#2543,#2544,#2545,#2546,#2547,#2553));
#2543 = ORIENTED_EDGE('',*,*,#1327,.T.);
#2544 = ORIENTED_EDGE('',*,*,#2526,.T.);
#2545 = ORIENTED_EDGE('',*,*,#591,.F.);
#2546 = ORIENTED_EDGE('',*,*,#600,.F.);
#2547 = ORIENTED_EDGE('',*,*,#2548,.F.);
#2548 = EDGE_CURVE('',#1311,#601,#2549,.T.);
#2549 = LINE('',#2550,#2551);
#2550 = CARTESIAN_POINT('',(1.470603376878E-14,-21.1,-6.287288763847));
#2551 = VECTOR('',#2552,1.);
#2552 = DIRECTION('',(-1.,7.771561172376E-16,7.771561172376E-16));
#2553 = ORIENTED_EDGE('',*,*,#1318,.T.);
#2554 = CYLINDRICAL_SURFACE('',#2555,6.3);
#2555 = AXIS2_PLACEMENT_3D('',#2556,#2557,#2558);
#2556 = CARTESIAN_POINT('',(7.160938508832E-15,-21.5,1.909583602355E-14)
  );
#2557 = DIRECTION('',(1.,-9.992007221626E-16,-5.551115123126E-16));
#2558 = DIRECTION('',(3.330669073875E-16,-1.,8.881784197001E-16));
#2559 = ADVANCED_FACE('',(#2560),#2571,.F.);
#2560 = FACE_BOUND('',#2561,.T.);
#2561 = EDGE_LOOP('',(#2562,#2563,#2564,#2565));
#2562 = ORIENTED_EDGE('',*,*,#1221,.T.);
#2563 = ORIENTED_EDGE('',*,*,#2506,.F.);
#2564 = ORIENTED_EDGE('',*,*,#697,.F.);
#2565 = ORIENTED_EDGE('',*,*,#2566,.T.);
#2566 = EDGE_CURVE('',#689,#1222,#2567,.T.);
#2567 = LINE('',#2568,#2569);
#2568 = CARTESIAN_POINT('',(7.609682482365E-15,-25.95477272147,
    4.454772721475));
#2569 = VECTOR('',#2570,1.);
#2570 = DIRECTION('',(1.,-7.771561172376E-16,-7.771561172376E-16));
#2571 = CYLINDRICAL_SURFACE('',#2572,0.6);
#2572 = AXIS2_PLACEMENT_3D('',#2573,#2574,#2575);
#2573 = CARTESIAN_POINT('',(2.827483322865E-15,-26.37903679018,
    4.879036790187));
#2574 = DIRECTION('',(1.,-9.992007221626E-16,-5.551115123126E-16));
#2575 = DIRECTION('',(3.330669073875E-16,-1.,8.881784197001E-16));
#2576 = ADVANCED_FACE('',(#2577),#2590,.T.);
#2577 = FACE_BOUND('',#2578,.F.);
#2578 = EDGE_LOOP('',(#2579,#2585,#2586,#2587,#2588,#2589));
#2579 = ORIENTED_EDGE('',*,*,#2580,.F.);
#2580 = EDGE_CURVE('',#672,#1240,#2581,.T.);
#2581 = LINE('',#2582,#2583);
#2582 = CARTESIAN_POINT('',(1.280674985292E-14,-21.9,-6.287288763847));
#2583 = VECTOR('',#2584,1.);
#2584 = DIRECTION('',(1.,-7.771561172376E-16,-7.771561172376E-16));
#2585 = ORIENTED_EDGE('',*,*,#679,.F.);
#2586 = ORIENTED_EDGE('',*,*,#688,.F.);
#2587 = ORIENTED_EDGE('',*,*,#2566,.T.);
#2588 = ORIENTED_EDGE('',*,*,#1230,.T.);
#2589 = ORIENTED_EDGE('',*,*,#1239,.T.);
#2590 = CYLINDRICAL_SURFACE('',#2591,6.3);
#2591 = AXIS2_PLACEMENT_3D('',#2592,#2593,#2594);
#2592 = CARTESIAN_POINT('',(7.160938508832E-15,-21.5,1.909583602355E-14)
  );
#2593 = DIRECTION('',(1.,-9.992007221626E-16,-5.551115123126E-16));
#2594 = DIRECTION('',(3.330669073875E-16,-1.,8.881784197001E-16));
#2595 = ADVANCED_FACE('',(#2596),#2651,.F.);
#2596 = FACE_BOUND('',#2597,.T.);
#2597 = EDGE_LOOP('',(#2598,#2608,#2615,#2616,#2617,#2618,#2627,#2635,
    #2644));
#2598 = ORIENTED_EDGE('',*,*,#2599,.F.);
#2599 = EDGE_CURVE('',#2600,#2602,#2604,.T.);
#2600 = VERTEX_POINT('',#2601);
#2601 = CARTESIAN_POINT('',(-15.,-21.1,-4.682947789587));
#2602 = VERTEX_POINT('',#2603);
#2603 = CARTESIAN_POINT('',(-1.,-21.1,-4.682947789587));
#2604 = LINE('',#2605,#2606);
#2605 = CARTESIAN_POINT('',(1.093820155685E-14,-21.1,-4.682947789587));
#2606 = VECTOR('',#2607,1.);
#2607 = DIRECTION('',(1.,-7.771561172376E-16,-7.771561172376E-16));
#2608 = ORIENTED_EDGE('',*,*,#2609,.T.);
#2609 = EDGE_CURVE('',#2600,#610,#2610,.T.);
#2610 = HYPERBOLA('',#2611,0.476701437038,0.4);
#2611 = AXIS2_PLACEMENT_3D('',#2612,#2613,#2614);
#2612 = CARTESIAN_POINT('',(-9.398758114807,-21.1,1.529578068994E-14));
#2613 = DIRECTION('',(-3.198487494137E-16,-1.,-1.992393432749E-15));
#2614 = DIRECTION('',(-1.,3.198487494137E-16,5.551115123126E-16));
#2615 = ORIENTED_EDGE('',*,*,#609,.F.);
#2616 = ORIENTED_EDGE('',*,*,#2548,.F.);
#2617 = ORIENTED_EDGE('',*,*,#1310,.T.);
#2618 = ORIENTED_EDGE('',*,*,#2619,.T.);
#2619 = EDGE_CURVE('',#1302,#2620,#2622,.T.);
#2620 = VERTEX_POINT('',#2621);
#2621 = CARTESIAN_POINT('',(15.,-21.1,-4.682947789587));
#2622 = HYPERBOLA('',#2623,0.476701437038,0.4);
#2623 = AXIS2_PLACEMENT_3D('',#2624,#2625,#2626);
#2624 = CARTESIAN_POINT('',(9.398758114807,-21.1,4.861063027995E-15));
#2625 = DIRECTION('',(-3.198487494137E-16,-1.,-1.992393432749E-15));
#2626 = DIRECTION('',(1.,-3.198487494137E-16,-5.551115123126E-16));
#2627 = ORIENTED_EDGE('',*,*,#2628,.F.);
#2628 = EDGE_CURVE('',#2629,#2620,#2631,.T.);
#2629 = VERTEX_POINT('',#2630);
#2630 = CARTESIAN_POINT('',(1.,-21.1,-4.682947789587));
#2631 = LINE('',#2632,#2633);
#2632 = CARTESIAN_POINT('',(1.093820155685E-14,-21.1,-4.682947789587));
#2633 = VECTOR('',#2634,1.);
#2634 = DIRECTION('',(1.,-7.771561172376E-16,-7.771561172376E-16));
#2635 = ORIENTED_EDGE('',*,*,#2636,.T.);
#2636 = EDGE_CURVE('',#2629,#2637,#2639,.T.);
#2637 = VERTEX_POINT('',#2638);
#2638 = CARTESIAN_POINT('',(0.,-21.1,-5.524637972221));
#2639 = HYPERBOLA('',#2640,0.476701437038,0.4);
#2640 = AXIS2_PLACEMENT_3D('',#2641,#2642,#2643);
#2641 = CARTESIAN_POINT('',(6.601241885193,-21.1,6.413996492935E-15));
#2642 = DIRECTION('',(-3.198487494137E-16,-1.,-1.992393432749E-15));
#2643 = DIRECTION('',(-1.,3.198487494137E-16,5.551115123126E-16));
#2644 = ORIENTED_EDGE('',*,*,#2645,.T.);
#2645 = EDGE_CURVE('',#2637,#2602,#2646,.T.);
#2646 = HYPERBOLA('',#2647,0.476701437038,0.4);
#2647 = AXIS2_PLACEMENT_3D('',#2648,#2649,#2650);
#2648 = CARTESIAN_POINT('',(-6.601241885193,-21.1,1.3742847225E-14));
#2649 = DIRECTION('',(-3.198487494137E-16,-1.,-1.992393432749E-15));
#2650 = DIRECTION('',(1.,-3.198487494137E-16,-5.551115123126E-16));
#2651 = PLANE('',#2652);
#2652 = AXIS2_PLACEMENT_3D('',#2653,#2654,#2655);
#2653 = CARTESIAN_POINT('',(1.250844588912E-14,-21.1,-5.485118276717));
#2654 = DIRECTION('',(-5.683296702864E-16,1.,1.104215013049E-15));
#2655 = DIRECTION('',(-9.992007221626E-16,-2.436482642599E-15,1.));
#2656 = ADVANCED_FACE('',(#2657),#2678,.F.);
#2657 = FACE_BOUND('',#2658,.T.);
#2658 = EDGE_LOOP('',(#2659,#2667,#2668,#2669,#2670,#2671));
#2659 = ORIENTED_EDGE('',*,*,#2660,.F.);
#2660 = EDGE_CURVE('',#636,#2661,#2663,.T.);
#2661 = VERTEX_POINT('',#2662);
#2662 = CARTESIAN_POINT('',(-15.,-21.5,4.7));
#2663 = LINE('',#2664,#2665);
#2664 = CARTESIAN_POINT('',(-16.5,-21.5,5.958649446766));
#2665 = VECTOR('',#2666,1.);
#2666 = DIRECTION('',(0.766044443119,-3.646181131263E-16,-0.642787609687
    ));
#2667 = ORIENTED_EDGE('',*,*,#635,.F.);
#2668 = ORIENTED_EDGE('',*,*,#626,.F.);
#2669 = ORIENTED_EDGE('',*,*,#617,.F.);
#2670 = ORIENTED_EDGE('',*,*,#2609,.F.);
#2671 = ORIENTED_EDGE('',*,*,#2672,.F.);
#2672 = EDGE_CURVE('',#2661,#2600,#2673,.T.);
#2673 = CIRCLE('',#2674,4.7);
#2674 = AXIS2_PLACEMENT_3D('',#2675,#2676,#2677);
#2675 = CARTESIAN_POINT('',(-15.,-21.5,2.597921877623E-14));
#2676 = DIRECTION('',(-1.,-5.551115123126E-16,-9.992007221626E-16));
#2677 = DIRECTION('',(-9.992007221626E-16,-2.22044604925E-16,1.));
#2678 = CONICAL_SURFACE('',#2679,5.958649446766,0.698131700798);
#2679 = AXIS2_PLACEMENT_3D('',#2680,#2681,#2682);
#2680 = CARTESIAN_POINT('',(-16.5,-21.5,2.714495295209E-14));
#2681 = DIRECTION('',(-1.,7.771561172376E-16,7.771561172376E-16));
#2682 = DIRECTION('',(-9.992007221626E-16,-2.22044604925E-16,1.));
#2683 = ADVANCED_FACE('',(#2684),#2739,.F.);
#2684 = FACE_BOUND('',#2685,.T.);
#2685 = EDGE_LOOP('',(#2686,#2687,#2688,#2697,#2705,#2714,#2723,#2731,
    #2738));
#2686 = ORIENTED_EDGE('',*,*,#2580,.F.);
#2687 = ORIENTED_EDGE('',*,*,#671,.F.);
#2688 = ORIENTED_EDGE('',*,*,#2689,.T.);
#2689 = EDGE_CURVE('',#663,#2690,#2692,.T.);
#2690 = VERTEX_POINT('',#2691);
#2691 = CARTESIAN_POINT('',(-15.,-21.9,-4.682947789587));
#2692 = HYPERBOLA('',#2693,0.476701437038,0.4);
#2693 = AXIS2_PLACEMENT_3D('',#2694,#2695,#2696);
#2694 = CARTESIAN_POINT('',(-9.398758114807,-21.9,1.60063234257E-14));
#2695 = DIRECTION('',(3.198487494137E-16,1.,-2.436482642599E-15));
#2696 = DIRECTION('',(-1.,3.198487494137E-16,5.551115123126E-16));
#2697 = ORIENTED_EDGE('',*,*,#2698,.F.);
#2698 = EDGE_CURVE('',#2699,#2690,#2701,.T.);
#2699 = VERTEX_POINT('',#2700);
#2700 = CARTESIAN_POINT('',(-1.,-21.9,-4.682947789587));
#2701 = LINE('',#2702,#2703);
#2702 = CARTESIAN_POINT('',(1.301319337682E-14,-21.9,-4.682947789587));
#2703 = VECTOR('',#2704,1.);
#2704 = DIRECTION('',(-1.,7.771561172376E-16,7.771561172376E-16));
#2705 = ORIENTED_EDGE('',*,*,#2706,.T.);
#2706 = EDGE_CURVE('',#2699,#2707,#2709,.T.);
#2707 = VERTEX_POINT('',#2708);
#2708 = CARTESIAN_POINT('',(0.,-21.9,-5.524637972221));
#2709 = HYPERBOLA('',#2710,0.476701437038,0.4);
#2710 = AXIS2_PLACEMENT_3D('',#2711,#2712,#2713);
#2711 = CARTESIAN_POINT('',(-6.601241885193,-21.9,1.445338996076E-14));
#2712 = DIRECTION('',(3.198487494137E-16,1.,-2.436482642599E-15));
#2713 = DIRECTION('',(1.,-3.198487494137E-16,-5.551115123126E-16));
#2714 = ORIENTED_EDGE('',*,*,#2715,.T.);
#2715 = EDGE_CURVE('',#2707,#2716,#2718,.T.);
#2716 = VERTEX_POINT('',#2717);
#2717 = CARTESIAN_POINT('',(1.,-21.9,-4.682947789587));
#2718 = HYPERBOLA('',#2719,0.476701437038,0.4);
#2719 = AXIS2_PLACEMENT_3D('',#2720,#2721,#2722);
#2720 = CARTESIAN_POINT('',(6.601241885193,-21.9,7.124539228695E-15));
#2721 = DIRECTION('',(3.198487494137E-16,1.,-2.436482642599E-15));
#2722 = DIRECTION('',(-1.,3.198487494137E-16,5.551115123126E-16));
#2723 = ORIENTED_EDGE('',*,*,#2724,.F.);
#2724 = EDGE_CURVE('',#2725,#2716,#2727,.T.);
#2725 = VERTEX_POINT('',#2726);
#2726 = CARTESIAN_POINT('',(15.,-21.9,-4.682947789587));
#2727 = LINE('',#2728,#2729);
#2728 = CARTESIAN_POINT('',(1.301319337682E-14,-21.9,-4.682947789587));
#2729 = VECTOR('',#2730,1.);
#2730 = DIRECTION('',(-1.,7.771561172376E-16,7.771561172376E-16));
#2731 = ORIENTED_EDGE('',*,*,#2732,.T.);
#2732 = EDGE_CURVE('',#2725,#1249,#2733,.T.);
#2733 = HYPERBOLA('',#2734,0.476701437038,0.4);
#2734 = AXIS2_PLACEMENT_3D('',#2735,#2736,#2737);
#2735 = CARTESIAN_POINT('',(9.398758114807,-21.9,5.571605763755E-15));
#2736 = DIRECTION('',(3.198487494137E-16,1.,-2.436482642599E-15));
#2737 = DIRECTION('',(1.,-3.198487494137E-16,-5.551115123126E-16));
#2738 = ORIENTED_EDGE('',*,*,#1248,.T.);
#2739 = PLANE('',#2740);
#2740 = AXIS2_PLACEMENT_3D('',#2741,#2742,#2743);
#2741 = CARTESIAN_POINT('',(1.277489941503E-14,-21.9,-5.485118276717));
#2742 = DIRECTION('',(5.683296702864E-16,-1.,3.324661062299E-15));
#2743 = DIRECTION('',(9.992007221626E-16,-1.992393432749E-15,-1.));
#2744 = ADVANCED_FACE('',(#2745),#2759,.F.);
#2745 = FACE_BOUND('',#2746,.T.);
#2746 = EDGE_LOOP('',(#2747,#2748,#2749,#2756,#2757,#2758));
#2747 = ORIENTED_EDGE('',*,*,#644,.F.);
#2748 = ORIENTED_EDGE('',*,*,#2660,.T.);
#2749 = ORIENTED_EDGE('',*,*,#2750,.F.);
#2750 = EDGE_CURVE('',#2690,#2661,#2751,.T.);
#2751 = CIRCLE('',#2752,4.7);
#2752 = AXIS2_PLACEMENT_3D('',#2753,#2754,#2755);
#2753 = CARTESIAN_POINT('',(-15.,-21.5,2.597921877623E-14));
#2754 = DIRECTION('',(-1.,-5.551115123126E-16,-9.992007221626E-16));
#2755 = DIRECTION('',(-9.992007221626E-16,-2.22044604925E-16,1.));
#2756 = ORIENTED_EDGE('',*,*,#2689,.F.);
#2757 = ORIENTED_EDGE('',*,*,#662,.F.);
#2758 = ORIENTED_EDGE('',*,*,#653,.F.);
#2759 = CONICAL_SURFACE('',#2760,5.958649446766,0.698131700798);
#2760 = AXIS2_PLACEMENT_3D('',#2761,#2762,#2763);
#2761 = CARTESIAN_POINT('',(-16.5,-21.5,2.714495295209E-14));
#2762 = DIRECTION('',(-1.,7.771561172376E-16,7.771561172376E-16));
#2763 = DIRECTION('',(-9.992007221626E-16,-2.22044604925E-16,1.));
#2764 = ADVANCED_FACE('',(#2765),#2794,.T.);
#2765 = FACE_BOUND('',#2766,.T.);
#2766 = EDGE_LOOP('',(#2767,#2768,#2776,#2785,#2792,#2793));
#2767 = ORIENTED_EDGE('',*,*,#1058,.T.);
#2768 = ORIENTED_EDGE('',*,*,#2769,.F.);
#2769 = EDGE_CURVE('',#2770,#1050,#2772,.T.);
#2770 = VERTEX_POINT('',#2771);
#2771 = CARTESIAN_POINT('',(11.,-44.75668988734,17.691391649079));
#2772 = LINE('',#2773,#2774);
#2773 = CARTESIAN_POINT('',(-3.970728159058E-15,-44.75668988734,
    17.691391649079));
#2774 = VECTOR('',#2775,1.);
#2775 = DIRECTION('',(1.,-7.771561172376E-16,-7.771561172376E-16));
#2776 = ORIENTED_EDGE('',*,*,#2777,.F.);
#2777 = EDGE_CURVE('',#2778,#2770,#2780,.T.);
#2778 = VERTEX_POINT('',#2779);
#2779 = CARTESIAN_POINT('',(11.,-52.02575025355,10.696564523314));
#2780 = CIRCLE('',#2781,7.);
#2781 = AXIS2_PLACEMENT_3D('',#2782,#2783,#2784);
#2782 = CARTESIAN_POINT('',(11.,-45.02575025355,10.696564523314));
#2783 = DIRECTION('',(-1.,1.110223024625E-16,-3.330669073875E-16));
#2784 = DIRECTION('',(-1.110223024625E-16,-1.,6.661338147751E-16));
#2785 = ORIENTED_EDGE('',*,*,#2786,.F.);
#2786 = EDGE_CURVE('',#2198,#2778,#2787,.T.);
#2787 = CIRCLE('',#2788,7.);
#2788 = AXIS2_PLACEMENT_3D('',#2789,#2790,#2791);
#2789 = CARTESIAN_POINT('',(11.,-45.02575025355,10.696564523314));
#2790 = DIRECTION('',(-1.,1.110223024625E-16,-3.330669073875E-16));
#2791 = DIRECTION('',(-1.110223024625E-16,-1.,6.661338147751E-16));
#2792 = ORIENTED_EDGE('',*,*,#2205,.T.);
#2793 = ORIENTED_EDGE('',*,*,#1067,.T.);
#2794 = CYLINDRICAL_SURFACE('',#2795,7.);
#2795 = AXIS2_PLACEMENT_3D('',#2796,#2797,#2798);
#2796 = CARTESIAN_POINT('',(-16.,-45.02575025355,10.696564523314));
#2797 = DIRECTION('',(-1.,7.771561172376E-16,3.330669073875E-16));
#2798 = DIRECTION('',(1.110223024625E-16,-1.,6.661338147751E-16));
#2799 = ADVANCED_FACE('',(#2800),#2819,.T.);
#2800 = FACE_BOUND('',#2801,.F.);
#2801 = EDGE_LOOP('',(#2802,#2803,#2812,#2818));
#2802 = ORIENTED_EDGE('',*,*,#2769,.F.);
#2803 = ORIENTED_EDGE('',*,*,#2804,.F.);
#2804 = EDGE_CURVE('',#2805,#2770,#2807,.T.);
#2805 = VERTEX_POINT('',#2806);
#2806 = CARTESIAN_POINT('',(11.,-43.97597503822,16.118554194761));
#2807 = CIRCLE('',#2808,1.);
#2808 = AXIS2_PLACEMENT_3D('',#2809,#2810,#2811);
#2809 = CARTESIAN_POINT('',(11.,-44.79512708251,16.692130631112));
#2810 = DIRECTION('',(1.,-1.110223024625E-16,3.330669073875E-16));
#2811 = DIRECTION('',(-1.110223024625E-16,-1.,6.661338147751E-16));
#2812 = ORIENTED_EDGE('',*,*,#2813,.F.);
#2813 = EDGE_CURVE('',#1042,#2805,#2814,.T.);
#2814 = LINE('',#2815,#2816);
#2815 = CARTESIAN_POINT('',(-5.037766984427E-15,-43.97597503822,
    16.118554194761));
#2816 = VECTOR('',#2817,1.);
#2817 = DIRECTION('',(-1.,7.771561172376E-16,7.771561172376E-16));
#2818 = ORIENTED_EDGE('',*,*,#1049,.T.);
#2819 = CYLINDRICAL_SURFACE('',#2820,1.);
#2820 = AXIS2_PLACEMENT_3D('',#2821,#2822,#2823);
#2821 = CARTESIAN_POINT('',(-5.465412088977E-15,-44.79512708251,
    16.692130631113));
#2822 = DIRECTION('',(1.,-9.992007221626E-16,-5.551115123126E-16));
#2823 = DIRECTION('',(3.330669073875E-16,-1.,8.881784197001E-16));
#2824 = ADVANCED_FACE('',(#2825),#2843,.F.);
#2825 = FACE_BOUND('',#2826,.T.);
#2826 = EDGE_LOOP('',(#2827,#2835,#2841,#2842));
#2827 = ORIENTED_EDGE('',*,*,#2828,.F.);
#2828 = EDGE_CURVE('',#2829,#1033,#2831,.T.);
#2829 = VERTEX_POINT('',#2830);
#2830 = CARTESIAN_POINT('',(11.,-45.53627973246,13.890208155776));
#2831 = LINE('',#2832,#2833);
#2832 = CARTESIAN_POINT('',(-4.107521374227E-16,-45.53627973246,
    13.890208155777));
#2833 = VECTOR('',#2834,1.);
#2834 = DIRECTION('',(1.,-7.771561172376E-16,-7.771561172376E-16));
#2835 = ORIENTED_EDGE('',*,*,#2836,.F.);
#2836 = EDGE_CURVE('',#2805,#2829,#2837,.T.);
#2837 = LINE('',#2838,#2839);
#2838 = CARTESIAN_POINT('',(11.,-44.25428385889,15.721088007264));
#2839 = VECTOR('',#2840,1.);
#2840 = DIRECTION('',(-1.546239226258E-16,-0.573576436351,
    -0.819152044289));
#2841 = ORIENTED_EDGE('',*,*,#2813,.F.);
#2842 = ORIENTED_EDGE('',*,*,#1041,.T.);
#2843 = PLANE('',#2844);
#2844 = AXIS2_PLACEMENT_3D('',#2845,#2846,#2847);
#2845 = CARTESIAN_POINT('',(-8.560357105185E-17,-44.75612738534,
    15.004381175269));
#2846 = DIRECTION('',(-1.291411529195E-16,-0.819152044289,0.573576436351
    ));
#2847 = DIRECTION('',(1.00953664402E-15,-0.573576436351,-0.819152044289)
  );
#2848 = ADVANCED_FACE('',(#2849),#2868,.T.);
#2849 = FACE_BOUND('',#2850,.F.);
#2850 = EDGE_LOOP('',(#2851,#2852,#2861,#2867));
#2851 = ORIENTED_EDGE('',*,*,#2828,.F.);
#2852 = ORIENTED_EDGE('',*,*,#2853,.F.);
#2853 = EDGE_CURVE('',#2854,#2829,#2856,.T.);
#2854 = VERTEX_POINT('',#2855);
#2855 = CARTESIAN_POINT('',(11.,-45.8180633239,13.693603061363));
#2856 = CIRCLE('',#2857,0.5);
#2857 = AXIS2_PLACEMENT_3D('',#2858,#2859,#2860);
#2858 = CARTESIAN_POINT('',(11.,-45.9458557546,14.176996373952));
#2859 = DIRECTION('',(1.,-1.110223024625E-16,3.330669073875E-16));
#2860 = DIRECTION('',(-1.110223024625E-16,-1.,6.661338147751E-16));
#2861 = ORIENTED_EDGE('',*,*,#2862,.F.);
#2862 = EDGE_CURVE('',#1024,#2854,#2863,.T.);
#2863 = LINE('',#2864,#2865);
#2864 = CARTESIAN_POINT('',(-1.462768095903E-15,-45.8180633239,
    13.693603061363));
#2865 = VECTOR('',#2866,1.);
#2866 = DIRECTION('',(-1.,7.771561172376E-16,7.771561172376E-16));
#2867 = ORIENTED_EDGE('',*,*,#1032,.T.);
#2868 = CYLINDRICAL_SURFACE('',#2869,0.5);
#2869 = AXIS2_PLACEMENT_3D('',#2870,#2871,#2872);
#2870 = CARTESIAN_POINT('',(-2.010546490366E-15,-45.9458557546,
    14.176996373952));
#2871 = DIRECTION('',(1.,-9.992007221626E-16,-5.551115123126E-16));
#2872 = DIRECTION('',(3.330669073875E-16,-1.,8.881784197001E-16));
#2873 = ADVANCED_FACE('',(#2874),#2905,.F.);
#2874 = FACE_BOUND('',#2875,.T.);
#2875 = EDGE_LOOP('',(#2876,#2885,#2886,#2887,#2888,#2889,#2890,#2898));
#2876 = ORIENTED_EDGE('',*,*,#2877,.F.);
#2877 = EDGE_CURVE('',#2854,#2878,#2880,.T.);
#2878 = VERTEX_POINT('',#2879);
#2879 = CARTESIAN_POINT('',(11.,-48.11710107498,10.465155580366));
#2880 = CIRCLE('',#2881,3.1);
#2881 = AXIS2_PLACEMENT_3D('',#2882,#2883,#2884);
#2882 = CARTESIAN_POINT('',(11.,-45.02575025355,10.696564523314));
#2883 = DIRECTION('',(1.,-1.110223024625E-16,3.330669073875E-16));
#2884 = DIRECTION('',(-8.584974998206E-17,-0.997209942395,
    -7.464804611233E-02));
#2885 = ORIENTED_EDGE('',*,*,#2862,.F.);
#2886 = ORIENTED_EDGE('',*,*,#1023,.T.);
#2887 = ORIENTED_EDGE('',*,*,#1014,.T.);
#2888 = ORIENTED_EDGE('',*,*,#1005,.T.);
#2889 = ORIENTED_EDGE('',*,*,#996,.T.);
#2890 = ORIENTED_EDGE('',*,*,#2891,.F.);
#2891 = EDGE_CURVE('',#2892,#988,#2894,.T.);
#2892 = VERTEX_POINT('',#2893);
#2893 = CARTESIAN_POINT('',(11.,-41.93846822526,10.97708132809));
#2894 = LINE('',#2895,#2896);
#2895 = CARTESIAN_POINT('',(-9.428590244881E-16,-41.93846822526,
    10.97708132809));
#2896 = VECTOR('',#2897,1.);
#2897 = DIRECTION('',(1.,-7.771561172376E-16,-7.771561172376E-16));
#2898 = ORIENTED_EDGE('',*,*,#2899,.F.);
#2899 = EDGE_CURVE('',#2878,#2892,#2900,.T.);
#2900 = CIRCLE('',#2901,3.1);
#2901 = AXIS2_PLACEMENT_3D('',#2902,#2903,#2904);
#2902 = CARTESIAN_POINT('',(11.,-45.02575025355,10.696564523314));
#2903 = DIRECTION('',(1.,-1.110223024625E-16,3.330669073875E-16));
#2904 = DIRECTION('',(-8.584974998206E-17,-0.997209942395,
    -7.464804611233E-02));
#2905 = CYLINDRICAL_SURFACE('',#2906,3.1);
#2906 = AXIS2_PLACEMENT_3D('',#2907,#2908,#2909);
#2907 = CARTESIAN_POINT('',(-5.689152533103E-15,-45.02575025355,
    10.696564523314));
#2908 = DIRECTION('',(1.,-7.771561172376E-16,-3.330669073875E-16));
#2909 = DIRECTION('',(1.853009254267E-16,-0.997209942395,
    -7.464804611233E-02));
#2910 = ADVANCED_FACE('',(#2911),#2930,.T.);
#2911 = FACE_BOUND('',#2912,.F.);
#2912 = EDGE_LOOP('',(#2913,#2914,#2923,#2929));
#2913 = ORIENTED_EDGE('',*,*,#2891,.F.);
#2914 = ORIENTED_EDGE('',*,*,#2915,.F.);
#2915 = EDGE_CURVE('',#2916,#2892,#2918,.T.);
#2916 = VERTEX_POINT('',#2917);
#2917 = CARTESIAN_POINT('',(11.,-41.85009553316,11.309114192197));
#2918 = CIRCLE('',#2919,0.5);
#2919 = AXIS2_PLACEMENT_3D('',#2920,#2921,#2922);
#2920 = CARTESIAN_POINT('',(11.,-41.44051951102,11.022325974021));
#2921 = DIRECTION('',(1.,-1.110223024625E-16,3.330669073875E-16));
#2922 = DIRECTION('',(-1.110223024625E-16,-1.,6.661338147751E-16));
#2923 = ORIENTED_EDGE('',*,*,#2924,.F.);
#2924 = EDGE_CURVE('',#980,#2916,#2925,.T.);
#2925 = LINE('',#2926,#2927);
#2926 = CARTESIAN_POINT('',(1.276790323834E-16,-41.85009553316,
    11.309114192197));
#2927 = VECTOR('',#2928,1.);
#2928 = DIRECTION('',(-1.,7.771561172376E-16,7.771561172376E-16));
#2929 = ORIENTED_EDGE('',*,*,#987,.T.);
#2930 = CYLINDRICAL_SURFACE('',#2931,0.5);
#2931 = AXIS2_PLACEMENT_3D('',#2932,#2933,#2934);
#2932 = CARTESIAN_POINT('',(3.415015846581E-16,-41.44051951102,
    11.022325974021));
#2933 = DIRECTION('',(1.,-9.992007221626E-16,-5.551115123126E-16));
#2934 = DIRECTION('',(3.330669073875E-16,-1.,8.881784197001E-16));
#2935 = ADVANCED_FACE('',(#2936),#2954,.F.);
#2936 = FACE_BOUND('',#2937,.T.);
#2937 = EDGE_LOOP('',(#2938,#2946,#2952,#2953));
#2938 = ORIENTED_EDGE('',*,*,#2939,.F.);
#2939 = EDGE_CURVE('',#2940,#971,#2942,.T.);
#2940 = VERTEX_POINT('',#2941);
#2941 = CARTESIAN_POINT('',(11.,-40.28979083892,13.537460231182));
#2942 = LINE('',#2943,#2944);
#2943 = CARTESIAN_POINT('',(-4.213952867613E-15,-40.28979083892,
    13.537460231182));
#2944 = VECTOR('',#2945,1.);
#2945 = DIRECTION('',(1.,-7.771561172376E-16,-7.771561172376E-16));
#2946 = ORIENTED_EDGE('',*,*,#2947,.F.);
#2947 = EDGE_CURVE('',#2916,#2940,#2948,.T.);
#2948 = LINE('',#2949,#2950);
#2949 = CARTESIAN_POINT('',(11.,-40.56809965959,13.139994043684));
#2950 = VECTOR('',#2951,1.);
#2951 = DIRECTION('',(1.546239226258E-16,0.573576436351,0.819152044289)
  );
#2952 = ORIENTED_EDGE('',*,*,#2924,.F.);
#2953 = ORIENTED_EDGE('',*,*,#979,.T.);
#2954 = PLANE('',#2955);
#2955 = AXIS2_PLACEMENT_3D('',#2956,#2957,#2958);
#2956 = CARTESIAN_POINT('',(1.265681410005E-15,-41.06994318604,
    12.423287211689));
#2957 = DIRECTION('',(1.292624841005E-16,0.819152044289,-0.573576436351)
  );
#2958 = DIRECTION('',(-1.00953664402E-15,0.573576436351,0.819152044289)
  );
#2959 = ADVANCED_FACE('',(#2960),#2979,.T.);
#2960 = FACE_BOUND('',#2961,.F.);
#2961 = EDGE_LOOP('',(#2962,#2963,#2972,#2978));
#2962 = ORIENTED_EDGE('',*,*,#2939,.F.);
#2963 = ORIENTED_EDGE('',*,*,#2964,.F.);
#2964 = EDGE_CURVE('',#2965,#2940,#2967,.T.);
#2965 = VERTEX_POINT('',#2966);
#2966 = CARTESIAN_POINT('',(11.,-38.54478688481,13.341770340083));
#2967 = CIRCLE('',#2968,1.);
#2968 = AXIS2_PLACEMENT_3D('',#2969,#2970,#2971);
#2969 = CARTESIAN_POINT('',(11.,-39.47063879463,12.963883794831));
#2970 = DIRECTION('',(1.,-1.110223024625E-16,3.330669073875E-16));
#2971 = DIRECTION('',(-1.110223024625E-16,-1.,6.661338147751E-16));
#2972 = ORIENTED_EDGE('',*,*,#2973,.F.);
#2973 = EDGE_CURVE('',#962,#2965,#2974,.T.);
#2974 = LINE('',#2975,#2976);
#2975 = CARTESIAN_POINT('',(-3.455581719265E-15,-38.54478688481,
    13.341770340084));
#2976 = VECTOR('',#2977,1.);
#2977 = DIRECTION('',(-1.,7.771561172376E-16,7.771561172376E-16));
#2978 = ORIENTED_EDGE('',*,*,#970,.T.);
#2979 = CYLINDRICAL_SURFACE('',#2980,1.);
#2980 = AXIS2_PLACEMENT_3D('',#2981,#2982,#2983);
#2981 = CARTESIAN_POINT('',(-2.685718909404E-15,-39.47063879463,
    12.963883794831));
#2982 = DIRECTION('',(1.,-9.992007221626E-16,-5.551115123126E-16));
#2983 = DIRECTION('',(3.330669073875E-16,-1.,8.881784197001E-16));
#2984 = ADVANCED_FACE('',(#2985),#3004,.T.);
#2985 = FACE_BOUND('',#2986,.T.);
#2986 = EDGE_LOOP('',(#2987,#2996,#2997,#2998));
#2987 = ORIENTED_EDGE('',*,*,#2988,.F.);
#2988 = EDGE_CURVE('',#2965,#2989,#2991,.T.);
#2989 = VERTEX_POINT('',#2990);
#2990 = CARTESIAN_POINT('',(11.,-38.16064189562,12.06414897547));
#2991 = CIRCLE('',#2992,7.);
#2992 = AXIS2_PLACEMENT_3D('',#2993,#2994,#2995);
#2993 = CARTESIAN_POINT('',(11.,-45.02575025355,10.696564523314));
#2994 = DIRECTION('',(-1.,1.110223024625E-16,-3.330669073875E-16));
#2995 = DIRECTION('',(-1.110223024625E-16,-1.,6.661338147751E-16));
#2996 = ORIENTED_EDGE('',*,*,#2973,.F.);
#2997 = ORIENTED_EDGE('',*,*,#961,.T.);
#2998 = ORIENTED_EDGE('',*,*,#2999,.F.);
#2999 = EDGE_CURVE('',#2989,#953,#3000,.T.);
#3000 = LINE('',#3001,#3002);
#3001 = CARTESIAN_POINT('',(-16.,-38.16064189562,12.06414897547));
#3002 = VECTOR('',#3003,1.);
#3003 = DIRECTION('',(1.,-7.771561172376E-16,-7.771561172376E-16));
#3004 = CYLINDRICAL_SURFACE('',#3005,7.);
#3005 = AXIS2_PLACEMENT_3D('',#3006,#3007,#3008);
#3006 = CARTESIAN_POINT('',(-16.,-45.02575025355,10.696564523314));
#3007 = DIRECTION('',(-1.,9.992007221626E-16,5.551115123126E-16));
#3008 = DIRECTION('',(3.330669073875E-16,-1.,8.881784197001E-16));
#3009 = ADVANCED_FACE('',(#3010),#3022,.F.);
#3010 = FACE_BOUND('',#3011,.F.);
#3011 = EDGE_LOOP('',(#3012,#3019,#3020,#3021));
#3012 = ORIENTED_EDGE('',*,*,#3013,.F.);
#3013 = EDGE_CURVE('',#1887,#2989,#3014,.T.);
#3014 = CIRCLE('',#3015,3.);
#3015 = AXIS2_PLACEMENT_3D('',#3016,#3017,#3018);
#3016 = CARTESIAN_POINT('',(11.,-35.21845259936,12.650256597823));
#3017 = DIRECTION('',(-1.,1.110223024625E-16,-3.330669073875E-16));
#3018 = DIRECTION('',(-1.110223024625E-16,-1.,6.661338147751E-16));
#3019 = ORIENTED_EDGE('',*,*,#1894,.T.);
#3020 = ORIENTED_EDGE('',*,*,#952,.T.);
#3021 = ORIENTED_EDGE('',*,*,#2999,.F.);
#3022 = CYLINDRICAL_SURFACE('',#3023,3.);
#3023 = AXIS2_PLACEMENT_3D('',#3024,#3025,#3026);
#3024 = CARTESIAN_POINT('',(-16.,-35.21845259936,12.650256597823));
#3025 = DIRECTION('',(-1.,9.992007221626E-16,5.551115123126E-16));
#3026 = DIRECTION('',(3.330669073875E-16,-1.,8.881784197001E-16));
#3027 = ADVANCED_FACE('',(#3028),#3047,.F.);
#3028 = FACE_BOUND('',#3029,.T.);
#3029 = EDGE_LOOP('',(#3030,#3039,#3040,#3041));
#3030 = ORIENTED_EDGE('',*,*,#3031,.T.);
#3031 = EDGE_CURVE('',#3032,#1703,#3034,.T.);
#3032 = VERTEX_POINT('',#3033);
#3033 = CARTESIAN_POINT('',(11.,38.16064189562,12.06414897547));
#3034 = CIRCLE('',#3035,3.);
#3035 = AXIS2_PLACEMENT_3D('',#3036,#3037,#3038);
#3036 = CARTESIAN_POINT('',(11.,35.218452599361,12.650256597823));
#3037 = DIRECTION('',(-1.,-2.22044604925E-16,-2.886579864025E-15));
#3038 = DIRECTION('',(-2.22044604925E-16,1.,-3.5527136788E-15));
#3039 = ORIENTED_EDGE('',*,*,#1702,.T.);
#3040 = ORIENTED_EDGE('',*,*,#865,.T.);
#3041 = ORIENTED_EDGE('',*,*,#3042,.F.);
#3042 = EDGE_CURVE('',#3032,#857,#3043,.T.);
#3043 = LINE('',#3044,#3045);
#3044 = CARTESIAN_POINT('',(-16.,38.16064189562,12.06414897547));
#3045 = VECTOR('',#3046,1.);
#3046 = DIRECTION('',(1.,-3.330669073875E-15,-6.661338147751E-16));
#3047 = CYLINDRICAL_SURFACE('',#3048,3.);
#3048 = AXIS2_PLACEMENT_3D('',#3049,#3050,#3051);
#3049 = CARTESIAN_POINT('',(-16.,35.218452599361,12.650256597823));
#3050 = DIRECTION('',(-1.,3.10862446895E-15,4.440892098501E-16));
#3051 = DIRECTION('',(-1.554312234475E-15,1.,-4.218847493576E-15));
#3052 = ADVANCED_FACE('',(#3053),#3072,.T.);
#3053 = FACE_BOUND('',#3054,.F.);
#3054 = EDGE_LOOP('',(#3055,#3056,#3065,#3071));
#3055 = ORIENTED_EDGE('',*,*,#3042,.F.);
#3056 = ORIENTED_EDGE('',*,*,#3057,.T.);
#3057 = EDGE_CURVE('',#3032,#3058,#3060,.T.);
#3058 = VERTEX_POINT('',#3059);
#3059 = CARTESIAN_POINT('',(11.,38.544786884819,13.341770340084));
#3060 = CIRCLE('',#3061,7.);
#3061 = AXIS2_PLACEMENT_3D('',#3062,#3063,#3064);
#3062 = CARTESIAN_POINT('',(11.,45.025750253557,10.696564523314));
#3063 = DIRECTION('',(-1.,-4.646883769818E-30,-2.997602166488E-15));
#3064 = DIRECTION('',(7.001140533836E-30,1.,-3.885780586188E-15));
#3065 = ORIENTED_EDGE('',*,*,#3066,.F.);
#3066 = EDGE_CURVE('',#848,#3058,#3067,.T.);
#3067 = LINE('',#3068,#3069);
#3068 = CARTESIAN_POINT('',(-5.233819904476E-14,38.544786884819,
    13.341770340084));
#3069 = VECTOR('',#3070,1.);
#3070 = DIRECTION('',(-1.,1.554312234475E-15,2.22044604925E-16));
#3071 = ORIENTED_EDGE('',*,*,#856,.T.);
#3072 = CYLINDRICAL_SURFACE('',#3073,7.);
#3073 = AXIS2_PLACEMENT_3D('',#3074,#3075,#3076);
#3074 = CARTESIAN_POINT('',(-16.,45.025750253557,10.696564523314));
#3075 = DIRECTION('',(-1.,3.330669073875E-15,3.330669073875E-16));
#3076 = DIRECTION('',(-1.554312234475E-15,1.,-4.551914400963E-15));
#3077 = ADVANCED_FACE('',(#3078),#3097,.T.);
#3078 = FACE_BOUND('',#3079,.T.);
#3079 = EDGE_LOOP('',(#3080,#3088,#3095,#3096));
#3080 = ORIENTED_EDGE('',*,*,#3081,.F.);
#3081 = EDGE_CURVE('',#3082,#840,#3084,.T.);
#3082 = VERTEX_POINT('',#3083);
#3083 = CARTESIAN_POINT('',(11.,40.289790838927,13.537460231182));
#3084 = LINE('',#3085,#3086);
#3085 = CARTESIAN_POINT('',(-5.499226100017E-14,40.289790838927,
    13.537460231182));
#3086 = VECTOR('',#3087,1.);
#3087 = DIRECTION('',(1.,-1.554312234475E-15,-2.22044604925E-16));
#3088 = ORIENTED_EDGE('',*,*,#3089,.T.);
#3089 = EDGE_CURVE('',#3082,#3058,#3090,.T.);
#3090 = CIRCLE('',#3091,1.);
#3091 = AXIS2_PLACEMENT_3D('',#3092,#3093,#3094);
#3092 = CARTESIAN_POINT('',(11.,39.470638794638,12.963883794831));
#3093 = DIRECTION('',(1.,6.661338147751E-16,1.998401444325E-15));
#3094 = DIRECTION('',(-6.661338147751E-16,1.,-1.998401444325E-15));
#3095 = ORIENTED_EDGE('',*,*,#3066,.F.);
#3096 = ORIENTED_EDGE('',*,*,#847,.F.);
#3097 = CYLINDRICAL_SURFACE('',#3098,1.);
#3098 = AXIS2_PLACEMENT_3D('',#3099,#3100,#3101);
#3099 = CARTESIAN_POINT('',(-5.219977129154E-14,39.470638794638,
    12.963883794831));
#3100 = DIRECTION('',(1.,-1.33226762955E-15,9.860761315263E-31));
#3101 = DIRECTION('',(-6.661338147751E-16,1.,-1.998401444325E-15));
#3102 = ADVANCED_FACE('',(#3103),#3121,.F.);
#3103 = FACE_BOUND('',#3104,.F.);
#3104 = EDGE_LOOP('',(#3105,#3106,#3114,#3120));
#3105 = ORIENTED_EDGE('',*,*,#3081,.F.);
#3106 = ORIENTED_EDGE('',*,*,#3107,.T.);
#3107 = EDGE_CURVE('',#3082,#3108,#3110,.T.);
#3108 = VERTEX_POINT('',#3109);
#3109 = CARTESIAN_POINT('',(11.,41.850095533165,11.309114192197));
#3110 = LINE('',#3111,#3112);
#3111 = CARTESIAN_POINT('',(11.,40.568099659597,13.139994043684));
#3112 = VECTOR('',#3113,1.);
#3113 = DIRECTION('',(1.418690929201E-15,0.573576436351,-0.819152044289)
  );
#3114 = ORIENTED_EDGE('',*,*,#3115,.F.);
#3115 = EDGE_CURVE('',#831,#3108,#3116,.T.);
#3116 = LINE('',#3117,#3118);
#3117 = CARTESIAN_POINT('',(-5.047791392193E-14,41.850095533165,
    11.309114192197));
#3118 = VECTOR('',#3119,1.);
#3119 = DIRECTION('',(-1.,1.554312234475E-15,2.22044604925E-16));
#3120 = ORIENTED_EDGE('',*,*,#839,.F.);
#3121 = PLANE('',#3122);
#3122 = AXIS2_PLACEMENT_3D('',#3123,#3124,#3125);
#3123 = CARTESIAN_POINT('',(-4.942626913343E-14,41.069943186046,
    12.423287211689));
#3124 = DIRECTION('',(1.393518234529E-15,-0.819152044289,-0.573576436351
    ));
#3125 = DIRECTION('',(1.07302767677E-15,0.573576436351,-0.819152044289)
  );
#3126 = ADVANCED_FACE('',(#3127),#3146,.T.);
#3127 = FACE_BOUND('',#3128,.T.);
#3128 = EDGE_LOOP('',(#3129,#3137,#3144,#3145));
#3129 = ORIENTED_EDGE('',*,*,#3130,.F.);
#3130 = EDGE_CURVE('',#3131,#822,#3133,.T.);
#3131 = VERTEX_POINT('',#3132);
#3132 = CARTESIAN_POINT('',(11.,41.938468225261,10.97708132809));
#3133 = LINE('',#3134,#3135);
#3134 = CARTESIAN_POINT('',(-5.13787126651E-14,41.938468225261,
    10.97708132809));
#3135 = VECTOR('',#3136,1.);
#3136 = DIRECTION('',(1.,-1.554312234475E-15,-2.22044604925E-16));
#3137 = ORIENTED_EDGE('',*,*,#3138,.T.);
#3138 = EDGE_CURVE('',#3131,#3108,#3139,.T.);
#3139 = CIRCLE('',#3140,0.5);
#3140 = AXIS2_PLACEMENT_3D('',#3141,#3142,#3143);
#3141 = CARTESIAN_POINT('',(11.,41.44051951102,11.022325974021));
#3142 = DIRECTION('',(1.,6.661338147751E-16,1.998401444325E-15));
#3143 = DIRECTION('',(-6.661338147751E-16,1.,-1.998401444325E-15));
#3144 = ORIENTED_EDGE('',*,*,#3115,.F.);
#3145 = ORIENTED_EDGE('',*,*,#830,.F.);
#3146 = CYLINDRICAL_SURFACE('',#3147,0.5);
#3147 = AXIS2_PLACEMENT_3D('',#3148,#3149,#3150);
#3148 = CARTESIAN_POINT('',(-4.963196349445E-14,41.44051951102,
    11.022325974021));
#3149 = DIRECTION('',(1.,-1.33226762955E-15,9.860761315263E-31));
#3150 = DIRECTION('',(-6.661338147751E-16,1.,-1.998401444325E-15));
#3151 = ADVANCED_FACE('',(#3152),#3181,.F.);
#3152 = FACE_BOUND('',#3153,.F.);
#3153 = EDGE_LOOP('',(#3154,#3162,#3163,#3164,#3165,#3174));
#3154 = ORIENTED_EDGE('',*,*,#3155,.F.);
#3155 = EDGE_CURVE('',#804,#3156,#3158,.T.);
#3156 = VERTEX_POINT('',#3157);
#3157 = CARTESIAN_POINT('',(11.,45.818063323908,13.693603061363));
#3158 = LINE('',#3159,#3160);
#3159 = CARTESIAN_POINT('',(-5.788627744341E-14,45.818063323908,
    13.693603061363));
#3160 = VECTOR('',#3161,1.);
#3161 = DIRECTION('',(-1.,1.554312234475E-15,2.22044604925E-16));
#3162 = ORIENTED_EDGE('',*,*,#812,.F.);
#3163 = ORIENTED_EDGE('',*,*,#821,.F.);
#3164 = ORIENTED_EDGE('',*,*,#3130,.F.);
#3165 = ORIENTED_EDGE('',*,*,#3166,.T.);
#3166 = EDGE_CURVE('',#3131,#3167,#3169,.T.);
#3167 = VERTEX_POINT('',#3168);
#3168 = CARTESIAN_POINT('',(11.,48.117101074982,10.465155580366));
#3169 = CIRCLE('',#3170,3.1);
#3170 = AXIS2_PLACEMENT_3D('',#3171,#3172,#3173);
#3171 = CARTESIAN_POINT('',(11.,45.025750253557,10.696564523314));
#3172 = DIRECTION('',(1.,6.661338147751E-16,2.6645352591E-15));
#3173 = DIRECTION('',(-4.6537291217E-16,0.997209942395,
    -7.464804611234E-02));
#3174 = ORIENTED_EDGE('',*,*,#3175,.T.);
#3175 = EDGE_CURVE('',#3167,#3156,#3176,.T.);
#3176 = CIRCLE('',#3177,3.1);
#3177 = AXIS2_PLACEMENT_3D('',#3178,#3179,#3180);
#3178 = CARTESIAN_POINT('',(11.,45.025750253557,10.696564523314));
#3179 = DIRECTION('',(1.,6.661338147751E-16,2.6645352591E-15));
#3180 = DIRECTION('',(-4.6537291217E-16,0.997209942395,
    -7.464804611234E-02));
#3181 = CYLINDRICAL_SURFACE('',#3182,3.1);
#3182 = AXIS2_PLACEMENT_3D('',#3183,#3184,#3185);
#3183 = CARTESIAN_POINT('',(-5.849454810313E-14,45.025750253557,
    10.696564523314));
#3184 = DIRECTION('',(1.,-1.7763568394E-15,2.22044604925E-16));
#3185 = DIRECTION('',(-4.6537291217E-16,0.997209942395,
    -7.464804611234E-02));
#3186 = ADVANCED_FACE('',(#3187),#3206,.T.);
#3187 = FACE_BOUND('',#3188,.T.);
#3188 = EDGE_LOOP('',(#3189,#3197,#3204,#3205));
#3189 = ORIENTED_EDGE('',*,*,#3190,.F.);
#3190 = EDGE_CURVE('',#3191,#796,#3193,.T.);
#3191 = VERTEX_POINT('',#3192);
#3192 = CARTESIAN_POINT('',(11.,45.536279732465,13.890208155776));
#3193 = LINE('',#3194,#3195);
#3194 = CARTESIAN_POINT('',(-5.670549596867E-14,45.536279732465,
    13.890208155776));
#3195 = VECTOR('',#3196,1.);
#3196 = DIRECTION('',(1.,-1.554312234475E-15,-2.22044604925E-16));
#3197 = ORIENTED_EDGE('',*,*,#3198,.T.);
#3198 = EDGE_CURVE('',#3191,#3156,#3199,.T.);
#3199 = CIRCLE('',#3200,0.5);
#3200 = AXIS2_PLACEMENT_3D('',#3201,#3202,#3203);
#3201 = CARTESIAN_POINT('',(11.,45.945855754609,14.176996373952));
#3202 = DIRECTION('',(1.,6.661338147751E-16,1.998401444325E-15));
#3203 = DIRECTION('',(-6.661338147751E-16,1.,-1.998401444325E-15));
#3204 = ORIENTED_EDGE('',*,*,#3155,.F.);
#3205 = ORIENTED_EDGE('',*,*,#803,.F.);
#3206 = CYLINDRICAL_SURFACE('',#3207,0.5);
#3207 = AXIS2_PLACEMENT_3D('',#3208,#3209,#3210);
#3208 = CARTESIAN_POINT('',(-5.893741819682E-14,45.945855754609,
    14.176996373952));
#3209 = DIRECTION('',(1.,-1.33226762955E-15,9.860761315263E-31));
#3210 = DIRECTION('',(-6.661338147751E-16,1.,-1.998401444325E-15));
#3211 = ADVANCED_FACE('',(#3212),#3230,.F.);
#3212 = FACE_BOUND('',#3213,.F.);
#3213 = EDGE_LOOP('',(#3214,#3215,#3223,#3229));
#3214 = ORIENTED_EDGE('',*,*,#3190,.F.);
#3215 = ORIENTED_EDGE('',*,*,#3216,.T.);
#3216 = EDGE_CURVE('',#3191,#3217,#3219,.T.);
#3217 = VERTEX_POINT('',#3218);
#3218 = CARTESIAN_POINT('',(11.,43.975975038228,16.118554194761));
#3219 = LINE('',#3220,#3221);
#3220 = CARTESIAN_POINT('',(11.,44.254283858897,15.721088007264));
#3221 = VECTOR('',#3222,1.);
#3222 = DIRECTION('',(-1.418690929201E-15,-0.573576436351,0.819152044289
    ));
#3223 = ORIENTED_EDGE('',*,*,#3224,.F.);
#3224 = EDGE_CURVE('',#787,#3217,#3225,.T.);
#3225 = LINE('',#3226,#3227);
#3226 = CARTESIAN_POINT('',(-6.150522599392E-14,43.975975038228,
    16.118554194761));
#3227 = VECTOR('',#3228,1.);
#3228 = DIRECTION('',(-1.,1.554312234475E-15,2.22044604925E-16));
#3229 = ORIENTED_EDGE('',*,*,#795,.F.);
#3230 = PLANE('',#3231);
#3231 = AXIS2_PLACEMENT_3D('',#3232,#3233,#3234);
#3232 = CARTESIAN_POINT('',(-5.646670499142E-14,44.756127385346,
    15.004381175269));
#3233 = DIRECTION('',(-1.393396903348E-15,0.819152044289,0.573576436351)
  );
#3234 = DIRECTION('',(-1.07302767677E-15,-0.573576436351,0.819152044289)
  );
#3235 = ADVANCED_FACE('',(#3236),#3255,.T.);
#3236 = FACE_BOUND('',#3237,.T.);
#3237 = EDGE_LOOP('',(#3238,#3246,#3253,#3254));
#3238 = ORIENTED_EDGE('',*,*,#3239,.F.);
#3239 = EDGE_CURVE('',#3240,#778,#3242,.T.);
#3240 = VERTEX_POINT('',#3241);
#3241 = CARTESIAN_POINT('',(11.,44.756689887344,17.691391649079));
#3242 = LINE('',#3243,#3244);
#3243 = CARTESIAN_POINT('',(-6.244061825863E-14,44.756689887344,
    17.691391649079));
#3244 = VECTOR('',#3245,1.);
#3245 = DIRECTION('',(1.,-1.554312234475E-15,-2.22044604925E-16));
#3246 = ORIENTED_EDGE('',*,*,#3247,.T.);
#3247 = EDGE_CURVE('',#3240,#3217,#3248,.T.);
#3248 = CIRCLE('',#3249,1.);
#3249 = AXIS2_PLACEMENT_3D('',#3250,#3251,#3252);
#3250 = CARTESIAN_POINT('',(11.,44.795127082517,16.692130631112));
#3251 = DIRECTION('',(1.,6.661338147751E-16,1.998401444325E-15));
#3252 = DIRECTION('',(-6.661338147751E-16,1.,-1.998401444325E-15));
#3253 = ORIENTED_EDGE('',*,*,#3224,.F.);
#3254 = ORIENTED_EDGE('',*,*,#786,.F.);
#3255 = CYLINDRICAL_SURFACE('',#3256,1.);
#3256 = AXIS2_PLACEMENT_3D('',#3257,#3258,#3259);
#3257 = CARTESIAN_POINT('',(-6.319712684889E-14,44.795127082517,
    16.692130631112));
#3258 = DIRECTION('',(1.,-1.33226762955E-15,9.860761315263E-31));
#3259 = DIRECTION('',(-6.661338147751E-16,1.,-1.998401444325E-15));
#3260 = ADVANCED_FACE('',(#3261),#3274,.T.);
#3261 = FACE_BOUND('',#3262,.F.);
#3262 = EDGE_LOOP('',(#3263,#3264,#3271,#3272,#3273));
#3263 = ORIENTED_EDGE('',*,*,#3239,.F.);
#3264 = ORIENTED_EDGE('',*,*,#3265,.T.);
#3265 = EDGE_CURVE('',#3240,#1395,#3266,.T.);
#3266 = CIRCLE('',#3267,7.);
#3267 = AXIS2_PLACEMENT_3D('',#3268,#3269,#3270);
#3268 = CARTESIAN_POINT('',(11.,45.025750253557,10.696564523314));
#3269 = DIRECTION('',(-1.,-4.646883769818E-30,-2.997602166488E-15));
#3270 = DIRECTION('',(7.001140533836E-30,1.,-3.885780586188E-15));
#3271 = ORIENTED_EDGE('',*,*,#1402,.T.);
#3272 = ORIENTED_EDGE('',*,*,#768,.T.);
#3273 = ORIENTED_EDGE('',*,*,#777,.T.);
#3274 = CYLINDRICAL_SURFACE('',#3275,7.);
#3275 = AXIS2_PLACEMENT_3D('',#3276,#3277,#3278);
#3276 = CARTESIAN_POINT('',(-16.,45.025750253557,10.696564523314));
#3277 = DIRECTION('',(-1.,3.330669073875E-15,3.330669073875E-16));
#3278 = DIRECTION('',(-1.554312234475E-15,1.,-4.551914400963E-15));
#3279 = ADVANCED_FACE('',(#3280),#3299,.F.);
#3280 = FACE_BOUND('',#3281,.F.);
#3281 = EDGE_LOOP('',(#3282,#3291,#3297,#3298));
#3282 = ORIENTED_EDGE('',*,*,#3283,.T.);
#3283 = EDGE_CURVE('',#2281,#3284,#3286,.T.);
#3284 = VERTEX_POINT('',#3285);
#3285 = CARTESIAN_POINT('',(15.,21.5,4.7));
#3286 = CIRCLE('',#3287,4.7);
#3287 = AXIS2_PLACEMENT_3D('',#3288,#3289,#3290);
#3288 = CARTESIAN_POINT('',(15.,21.5,-2.386979502944E-14));
#3289 = DIRECTION('',(1.,2.958228394579E-31,6.661338147751E-16));
#3290 = DIRECTION('',(-6.661338147751E-16,2.218671295934E-31,1.));
#3291 = ORIENTED_EDGE('',*,*,#3292,.T.);
#3292 = EDGE_CURVE('',#3284,#1157,#3293,.T.);
#3293 = LINE('',#3294,#3295);
#3294 = CARTESIAN_POINT('',(15.,21.5,4.7));
#3295 = VECTOR('',#3296,1.);
#3296 = DIRECTION('',(0.766044443119,-6.803841429095E-16,0.642787609687)
  );
#3297 = ORIENTED_EDGE('',*,*,#1165,.F.);
#3298 = ORIENTED_EDGE('',*,*,#2288,.F.);
#3299 = CONICAL_SURFACE('',#3300,4.7,0.698131700798);
#3300 = AXIS2_PLACEMENT_3D('',#3301,#3302,#3303);
#3301 = CARTESIAN_POINT('',(15.,21.5,-2.386979502944E-14));
#3302 = DIRECTION('',(1.,-6.661338147751E-16,3.574525976783E-31));
#3303 = DIRECTION('',(-6.661338147751E-16,2.218671295934E-31,1.));
#3304 = ADVANCED_FACE('',(#3305),#3317,.F.);
#3305 = FACE_BOUND('',#3306,.F.);
#3306 = EDGE_LOOP('',(#3307,#3308,#3315,#3316));
#3307 = ORIENTED_EDGE('',*,*,#3292,.F.);
#3308 = ORIENTED_EDGE('',*,*,#3309,.T.);
#3309 = EDGE_CURVE('',#3284,#2407,#3310,.T.);
#3310 = CIRCLE('',#3311,4.7);
#3311 = AXIS2_PLACEMENT_3D('',#3312,#3313,#3314);
#3312 = CARTESIAN_POINT('',(15.,21.5,-2.386979502944E-14));
#3313 = DIRECTION('',(1.,2.958228394579E-31,6.661338147751E-16));
#3314 = DIRECTION('',(-6.661338147751E-16,2.218671295934E-31,1.));
#3315 = ORIENTED_EDGE('',*,*,#2406,.F.);
#3316 = ORIENTED_EDGE('',*,*,#1156,.F.);
#3317 = CONICAL_SURFACE('',#3318,4.7,0.698131700798);
#3318 = AXIS2_PLACEMENT_3D('',#3319,#3320,#3321);
#3319 = CARTESIAN_POINT('',(15.,21.5,-2.386979502944E-14));
#3320 = DIRECTION('',(1.,-6.661338147751E-16,3.574525976783E-31));
#3321 = DIRECTION('',(-6.661338147751E-16,2.218671295934E-31,1.));
#3322 = ADVANCED_FACE('',(#3323),#3344,.F.);
#3323 = FACE_BOUND('',#3324,.T.);
#3324 = EDGE_LOOP('',(#3325,#3333,#3340,#3341,#3342,#3343));
#3325 = ORIENTED_EDGE('',*,*,#3326,.F.);
#3326 = EDGE_CURVE('',#3327,#1275,#3329,.T.);
#3327 = VERTEX_POINT('',#3328);
#3328 = CARTESIAN_POINT('',(15.,-21.5,4.7));
#3329 = LINE('',#3330,#3331);
#3330 = CARTESIAN_POINT('',(15.,-21.5,4.7));
#3331 = VECTOR('',#3332,1.);
#3332 = DIRECTION('',(0.766044443119,-1.506438279875E-15,0.642787609687)
  );
#3333 = ORIENTED_EDGE('',*,*,#3334,.T.);
#3334 = EDGE_CURVE('',#3327,#2620,#3335,.T.);
#3335 = CIRCLE('',#3336,4.7);
#3336 = AXIS2_PLACEMENT_3D('',#3337,#3338,#3339);
#3337 = CARTESIAN_POINT('',(15.,-21.5,2.6645352591E-15));
#3338 = DIRECTION('',(-1.,-5.551115123126E-16,-9.992007221626E-16));
#3339 = DIRECTION('',(-9.992007221626E-16,-2.22044604925E-16,1.));
#3340 = ORIENTED_EDGE('',*,*,#2619,.F.);
#3341 = ORIENTED_EDGE('',*,*,#1301,.T.);
#3342 = ORIENTED_EDGE('',*,*,#1292,.T.);
#3343 = ORIENTED_EDGE('',*,*,#1283,.T.);
#3344 = CONICAL_SURFACE('',#3345,4.7,0.698131700798);
#3345 = AXIS2_PLACEMENT_3D('',#3346,#3347,#3348);
#3346 = CARTESIAN_POINT('',(15.,-21.5,2.6645352591E-15));
#3347 = DIRECTION('',(1.,-7.771561172376E-16,-7.771561172376E-16));
#3348 = DIRECTION('',(-9.992007221626E-16,-2.22044604925E-16,1.));
#3349 = ADVANCED_FACE('',(#3350),#3364,.F.);
#3350 = FACE_BOUND('',#3351,.T.);
#3351 = EDGE_LOOP('',(#3352,#3359,#3360,#3361,#3362,#3363));
#3352 = ORIENTED_EDGE('',*,*,#3353,.T.);
#3353 = EDGE_CURVE('',#2725,#3327,#3354,.T.);
#3354 = CIRCLE('',#3355,4.7);
#3355 = AXIS2_PLACEMENT_3D('',#3356,#3357,#3358);
#3356 = CARTESIAN_POINT('',(15.,-21.5,2.6645352591E-15));
#3357 = DIRECTION('',(-1.,-5.551115123126E-16,-9.992007221626E-16));
#3358 = DIRECTION('',(-9.992007221626E-16,-2.22044604925E-16,1.));
#3359 = ORIENTED_EDGE('',*,*,#3326,.T.);
#3360 = ORIENTED_EDGE('',*,*,#1274,.T.);
#3361 = ORIENTED_EDGE('',*,*,#1265,.T.);
#3362 = ORIENTED_EDGE('',*,*,#1256,.T.);
#3363 = ORIENTED_EDGE('',*,*,#2732,.F.);
#3364 = CONICAL_SURFACE('',#3365,4.7,0.698131700798);
#3365 = AXIS2_PLACEMENT_3D('',#3366,#3367,#3368);
#3366 = CARTESIAN_POINT('',(15.,-21.5,2.6645352591E-15));
#3367 = DIRECTION('',(1.,-7.771561172376E-16,-7.771561172376E-16));
#3368 = DIRECTION('',(-9.992007221626E-16,-2.22044604925E-16,1.));
#3369 = ADVANCED_FACE('',(#3370),#3410,.F.);
#3370 = FACE_BOUND('',#3371,.F.);
#3371 = EDGE_LOOP('',(#3372,#3381,#3390,#3397,#3398,#3399,#3400,#3401,
    #3402,#3403,#3404,#3405,#3406,#3407,#3408,#3409));
#3372 = ORIENTED_EDGE('',*,*,#3373,.F.);
#3373 = EDGE_CURVE('',#3374,#1711,#3376,.T.);
#3374 = VERTEX_POINT('',#3375);
#3375 = CARTESIAN_POINT('',(11.,32.07270365406,8.928588513596));
#3376 = CIRCLE('',#3377,1.);
#3377 = AXIS2_PLACEMENT_3D('',#3378,#3379,#3380);
#3378 = CARTESIAN_POINT('',(11.,31.087790929515,8.755536714908));
#3379 = DIRECTION('',(1.,1.110223024625E-15,2.775557561563E-15));
#3380 = DIRECTION('',(-1.110223024625E-15,1.,-2.775557561563E-15));
#3381 = ORIENTED_EDGE('',*,*,#3382,.T.);
#3382 = EDGE_CURVE('',#3374,#3383,#3385,.T.);
#3383 = VERTEX_POINT('',#3384);
#3384 = CARTESIAN_POINT('',(11.,37.662413745572,-0.335419373186));
#3385 = CIRCLE('',#3386,15.);
#3386 = AXIS2_PLACEMENT_3D('',#3387,#3388,#3389);
#3387 = CARTESIAN_POINT('',(11.,46.846394522237,11.524365493912));
#3388 = DIRECTION('',(1.,1.110223024625E-15,2.775557561563E-15));
#3389 = DIRECTION('',(-1.110223024625E-15,1.,-2.775557561563E-15));
#3390 = ORIENTED_EDGE('',*,*,#3391,.F.);
#3391 = EDGE_CURVE('',#1387,#3383,#3392,.T.);
#3392 = CIRCLE('',#3393,1.);
#3393 = AXIS2_PLACEMENT_3D('',#3394,#3395,#3396);
#3394 = CARTESIAN_POINT('',(11.,37.050148360461,-1.126071697659));
#3395 = DIRECTION('',(1.,1.110223024625E-15,2.775557561563E-15));
#3396 = DIRECTION('',(-1.110223024625E-15,1.,-2.775557561563E-15));
#3397 = ORIENTED_EDGE('',*,*,#1394,.F.);
#3398 = ORIENTED_EDGE('',*,*,#3265,.F.);
#3399 = ORIENTED_EDGE('',*,*,#3247,.T.);
#3400 = ORIENTED_EDGE('',*,*,#3216,.F.);
#3401 = ORIENTED_EDGE('',*,*,#3198,.T.);
#3402 = ORIENTED_EDGE('',*,*,#3175,.F.);
#3403 = ORIENTED_EDGE('',*,*,#3166,.F.);
#3404 = ORIENTED_EDGE('',*,*,#3138,.T.);
#3405 = ORIENTED_EDGE('',*,*,#3107,.F.);
#3406 = ORIENTED_EDGE('',*,*,#3089,.T.);
#3407 = ORIENTED_EDGE('',*,*,#3057,.F.);
#3408 = ORIENTED_EDGE('',*,*,#3031,.T.);
#3409 = ORIENTED_EDGE('',*,*,#1710,.F.);
#3410 = PLANE('',#3411);
#3411 = AXIS2_PLACEMENT_3D('',#3412,#3413,#3414);
#3412 = CARTESIAN_POINT('',(11.,49.520444327313,20.476594716887));
#3413 = DIRECTION('',(1.,-2.22044604925E-15,-5.551115123126E-16));
#3414 = DIRECTION('',(-2.775557561563E-15,-5.551115123126E-16,1.));
#3415 = ADVANCED_FACE('',(#3416),#3435,.T.);
#3416 = FACE_BOUND('',#3417,.T.);
#3417 = EDGE_LOOP('',(#3418,#3419,#3428,#3434));
#3418 = ORIENTED_EDGE('',*,*,#1386,.T.);
#3419 = ORIENTED_EDGE('',*,*,#3420,.T.);
#3420 = EDGE_CURVE('',#1379,#3421,#3423,.T.);
#3421 = VERTEX_POINT('',#3422);
#3422 = CARTESIAN_POINT('',(-11.,37.662413745572,-0.335419373186));
#3423 = CIRCLE('',#3424,1.);
#3424 = AXIS2_PLACEMENT_3D('',#3425,#3426,#3427);
#3425 = CARTESIAN_POINT('',(-11.,37.050148360461,-1.126071697659));
#3426 = DIRECTION('',(1.,1.110223024625E-15,2.775557561563E-15));
#3427 = DIRECTION('',(-1.110223024625E-15,1.,-2.775557561563E-15));
#3428 = ORIENTED_EDGE('',*,*,#3429,.F.);
#3429 = EDGE_CURVE('',#3383,#3421,#3430,.T.);
#3430 = LINE('',#3431,#3432);
#3431 = CARTESIAN_POINT('',(11.,37.662413745572,-0.335419373186));
#3432 = VECTOR('',#3433,1.);
#3433 = DIRECTION('',(-1.,1.998401444325E-15,3.330669073875E-16));
#3434 = ORIENTED_EDGE('',*,*,#3391,.F.);
#3435 = CYLINDRICAL_SURFACE('',#3436,1.);
#3436 = AXIS2_PLACEMENT_3D('',#3437,#3438,#3439);
#3437 = CARTESIAN_POINT('',(11.,37.050148360461,-1.126071697659));
#3438 = DIRECTION('',(1.,-1.7763568394E-15,-1.110223024625E-16));
#3439 = DIRECTION('',(-8.881784197001E-16,1.,-2.553512956638E-15));
#3440 = ADVANCED_FACE('',(#3441),#3473,.T.);
#3441 = FACE_BOUND('',#3442,.T.);
#3442 = EDGE_LOOP('',(#3443,#3452,#3459,#3460,#3461,#3462,#3463,#3464,
    #3465,#3466,#3467,#3468,#3469,#3470,#3471,#3472));
#3443 = ORIENTED_EDGE('',*,*,#3444,.F.);
#3444 = EDGE_CURVE('',#3445,#1719,#3447,.T.);
#3445 = VERTEX_POINT('',#3446);
#3446 = CARTESIAN_POINT('',(-11.,32.07270365406,8.928588513595));
#3447 = CIRCLE('',#3448,1.);
#3448 = AXIS2_PLACEMENT_3D('',#3449,#3450,#3451);
#3449 = CARTESIAN_POINT('',(-11.,31.087790929515,8.755536714908));
#3450 = DIRECTION('',(1.,1.110223024625E-15,2.775557561563E-15));
#3451 = DIRECTION('',(-1.110223024625E-15,1.,-2.775557561563E-15));
#3452 = ORIENTED_EDGE('',*,*,#3453,.T.);
#3453 = EDGE_CURVE('',#3445,#3421,#3454,.T.);
#3454 = CIRCLE('',#3455,15.);
#3455 = AXIS2_PLACEMENT_3D('',#3456,#3457,#3458);
#3456 = CARTESIAN_POINT('',(-11.,46.846394522237,11.524365493912));
#3457 = DIRECTION('',(1.,1.110223024625E-15,2.775557561563E-15));
#3458 = DIRECTION('',(-1.110223024625E-15,1.,-2.775557561563E-15));
#3459 = ORIENTED_EDGE('',*,*,#3420,.F.);
#3460 = ORIENTED_EDGE('',*,*,#1378,.F.);
#3461 = ORIENTED_EDGE('',*,*,#1446,.F.);
#3462 = ORIENTED_EDGE('',*,*,#1471,.T.);
#3463 = ORIENTED_EDGE('',*,*,#1496,.F.);
#3464 = ORIENTED_EDGE('',*,*,#1520,.T.);
#3465 = ORIENTED_EDGE('',*,*,#1546,.F.);
#3466 = ORIENTED_EDGE('',*,*,#1555,.F.);
#3467 = ORIENTED_EDGE('',*,*,#1580,.T.);
#3468 = ORIENTED_EDGE('',*,*,#1605,.F.);
#3469 = ORIENTED_EDGE('',*,*,#1629,.T.);
#3470 = ORIENTED_EDGE('',*,*,#1654,.F.);
#3471 = ORIENTED_EDGE('',*,*,#1678,.T.);
#3472 = ORIENTED_EDGE('',*,*,#1726,.F.);
#3473 = PLANE('',#3474);
#3474 = AXIS2_PLACEMENT_3D('',#3475,#3476,#3477);
#3475 = CARTESIAN_POINT('',(-11.,49.520444327313,20.476594716887));
#3476 = DIRECTION('',(1.,-2.22044604925E-15,-5.551115123126E-16));
#3477 = DIRECTION('',(-2.775557561563E-15,-5.551115123126E-16,1.));
#3478 = ADVANCED_FACE('',(#3479),#3490,.T.);
#3479 = FACE_BOUND('',#3480,.T.);
#3480 = EDGE_LOOP('',(#3481,#3487,#3488,#3489));
#3481 = ORIENTED_EDGE('',*,*,#3482,.T.);
#3482 = EDGE_CURVE('',#3374,#3445,#3483,.T.);
#3483 = LINE('',#3484,#3485);
#3484 = CARTESIAN_POINT('',(11.,32.07270365406,8.928588513595));
#3485 = VECTOR('',#3486,1.);
#3486 = DIRECTION('',(-1.,1.998401444325E-15,3.330669073875E-16));
#3487 = ORIENTED_EDGE('',*,*,#3444,.T.);
#3488 = ORIENTED_EDGE('',*,*,#1718,.F.);
#3489 = ORIENTED_EDGE('',*,*,#3373,.F.);
#3490 = CYLINDRICAL_SURFACE('',#3491,1.);
#3491 = AXIS2_PLACEMENT_3D('',#3492,#3493,#3494);
#3492 = CARTESIAN_POINT('',(11.,31.087790929515,8.755536714908));
#3493 = DIRECTION('',(1.,-1.7763568394E-15,-1.110223024625E-16));
#3494 = DIRECTION('',(-8.881784197001E-16,1.,-2.553512956638E-15));
#3495 = ADVANCED_FACE('',(#3496),#3537,.F.);
#3496 = FACE_BOUND('',#3497,.T.);
#3497 = EDGE_LOOP('',(#3498,#3507,#3516,#3523,#3524,#3525,#3526,#3527,
    #3528,#3529,#3530,#3531,#3532,#3533,#3534,#3535,#3536));
#3498 = ORIENTED_EDGE('',*,*,#3499,.F.);
#3499 = EDGE_CURVE('',#3500,#1879,#3502,.T.);
#3500 = VERTEX_POINT('',#3501);
#3501 = CARTESIAN_POINT('',(11.,-32.07270365406,8.928588513596));
#3502 = CIRCLE('',#3503,1.);
#3503 = AXIS2_PLACEMENT_3D('',#3504,#3505,#3506);
#3504 = CARTESIAN_POINT('',(11.,-31.08779092951,8.755536714908));
#3505 = DIRECTION('',(-1.,-7.771561172376E-16,-1.665334536938E-15));
#3506 = DIRECTION('',(7.771561172376E-16,-1.,1.33226762955E-15));
#3507 = ORIENTED_EDGE('',*,*,#3508,.T.);
#3508 = EDGE_CURVE('',#3500,#3509,#3511,.T.);
#3509 = VERTEX_POINT('',#3510);
#3510 = CARTESIAN_POINT('',(11.,-37.66241374557,-0.335419373186));
#3511 = CIRCLE('',#3512,15.);
#3512 = AXIS2_PLACEMENT_3D('',#3513,#3514,#3515);
#3513 = CARTESIAN_POINT('',(11.,-46.84639452223,11.524365493912));
#3514 = DIRECTION('',(-1.,-7.771561172376E-16,-1.665334536938E-15));
#3515 = DIRECTION('',(7.771561172376E-16,-1.,1.33226762955E-15));
#3516 = ORIENTED_EDGE('',*,*,#3517,.F.);
#3517 = EDGE_CURVE('',#2190,#3509,#3518,.T.);
#3518 = CIRCLE('',#3519,1.);
#3519 = AXIS2_PLACEMENT_3D('',#3520,#3521,#3522);
#3520 = CARTESIAN_POINT('',(11.,-37.05014836046,-1.126071697659));
#3521 = DIRECTION('',(-1.,-7.771561172376E-16,-1.665334536938E-15));
#3522 = DIRECTION('',(7.771561172376E-16,-1.,1.33226762955E-15));
#3523 = ORIENTED_EDGE('',*,*,#2197,.T.);
#3524 = ORIENTED_EDGE('',*,*,#2786,.T.);
#3525 = ORIENTED_EDGE('',*,*,#2777,.T.);
#3526 = ORIENTED_EDGE('',*,*,#2804,.F.);
#3527 = ORIENTED_EDGE('',*,*,#2836,.T.);
#3528 = ORIENTED_EDGE('',*,*,#2853,.F.);
#3529 = ORIENTED_EDGE('',*,*,#2877,.T.);
#3530 = ORIENTED_EDGE('',*,*,#2899,.T.);
#3531 = ORIENTED_EDGE('',*,*,#2915,.F.);
#3532 = ORIENTED_EDGE('',*,*,#2947,.T.);
#3533 = ORIENTED_EDGE('',*,*,#2964,.F.);
#3534 = ORIENTED_EDGE('',*,*,#2988,.T.);
#3535 = ORIENTED_EDGE('',*,*,#3013,.F.);
#3536 = ORIENTED_EDGE('',*,*,#1886,.T.);
#3537 = PLANE('',#3538);
#3538 = AXIS2_PLACEMENT_3D('',#3539,#3540,#3541);
#3539 = CARTESIAN_POINT('',(11.,-49.52044432731,20.476594716887));
#3540 = DIRECTION('',(1.,-1.221245327088E-15,-1.221245327088E-15));
#3541 = DIRECTION('',(1.665334536938E-15,6.661338147751E-16,-1.));
#3542 = ADVANCED_FACE('',(#3543),#3562,.T.);
#3543 = FACE_BOUND('',#3544,.F.);
#3544 = EDGE_LOOP('',(#3545,#3553,#3560,#3561));
#3545 = ORIENTED_EDGE('',*,*,#3546,.T.);
#3546 = EDGE_CURVE('',#3500,#3547,#3549,.T.);
#3547 = VERTEX_POINT('',#3548);
#3548 = CARTESIAN_POINT('',(-11.,-32.07270365406,8.928588513596));
#3549 = LINE('',#3550,#3551);
#3550 = CARTESIAN_POINT('',(11.,-32.07270365406,8.928588513596));
#3551 = VECTOR('',#3552,1.);
#3552 = DIRECTION('',(-1.,7.771561172376E-16,7.771561172376E-16));
#3553 = ORIENTED_EDGE('',*,*,#3554,.T.);
#3554 = EDGE_CURVE('',#3547,#1871,#3555,.T.);
#3555 = CIRCLE('',#3556,1.);
#3556 = AXIS2_PLACEMENT_3D('',#3557,#3558,#3559);
#3557 = CARTESIAN_POINT('',(-11.,-31.08779092951,8.755536714908));
#3558 = DIRECTION('',(-1.,-7.771561172376E-16,-1.665334536938E-15));
#3559 = DIRECTION('',(7.771561172376E-16,-1.,1.33226762955E-15));
#3560 = ORIENTED_EDGE('',*,*,#1878,.F.);
#3561 = ORIENTED_EDGE('',*,*,#3499,.F.);
#3562 = CYLINDRICAL_SURFACE('',#3563,1.);
#3563 = AXIS2_PLACEMENT_3D('',#3564,#3565,#3566);
#3564 = CARTESIAN_POINT('',(11.,-31.08779092951,8.755536714908));
#3565 = DIRECTION('',(1.,-9.992007221626E-16,-5.551115123126E-16));
#3566 = DIRECTION('',(3.330669073875E-16,-1.,8.881784197001E-16));
#3567 = ADVANCED_FACE('',(#3568),#3601,.T.);
#3568 = FACE_BOUND('',#3569,.F.);
#3569 = EDGE_LOOP('',(#3570,#3571,#3580,#3587,#3588,#3589,#3590,#3591,
    #3592,#3593,#3594,#3595,#3596,#3597,#3598,#3599,#3600));
#3570 = ORIENTED_EDGE('',*,*,#3554,.F.);
#3571 = ORIENTED_EDGE('',*,*,#3572,.T.);
#3572 = EDGE_CURVE('',#3547,#3573,#3575,.T.);
#3573 = VERTEX_POINT('',#3574);
#3574 = CARTESIAN_POINT('',(-11.,-37.66241374557,-0.335419373186));
#3575 = CIRCLE('',#3576,15.);
#3576 = AXIS2_PLACEMENT_3D('',#3577,#3578,#3579);
#3577 = CARTESIAN_POINT('',(-11.,-46.84639452223,11.524365493912));
#3578 = DIRECTION('',(-1.,-7.771561172376E-16,-1.665334536938E-15));
#3579 = DIRECTION('',(7.771561172376E-16,-1.,1.33226762955E-15));
#3580 = ORIENTED_EDGE('',*,*,#3581,.F.);
#3581 = EDGE_CURVE('',#2182,#3573,#3582,.T.);
#3582 = CIRCLE('',#3583,1.);
#3583 = AXIS2_PLACEMENT_3D('',#3584,#3585,#3586);
#3584 = CARTESIAN_POINT('',(-11.,-37.05014836046,-1.126071697659));
#3585 = DIRECTION('',(-1.,-7.771561172376E-16,-1.665334536938E-15));
#3586 = DIRECTION('',(7.771561172376E-16,-1.,1.33226762955E-15));
#3587 = ORIENTED_EDGE('',*,*,#2181,.T.);
#3588 = ORIENTED_EDGE('',*,*,#2164,.T.);
#3589 = ORIENTED_EDGE('',*,*,#2144,.T.);
#3590 = ORIENTED_EDGE('',*,*,#2129,.F.);
#3591 = ORIENTED_EDGE('',*,*,#2105,.T.);
#3592 = ORIENTED_EDGE('',*,*,#2080,.F.);
#3593 = ORIENTED_EDGE('',*,*,#2042,.T.);
#3594 = ORIENTED_EDGE('',*,*,#2051,.T.);
#3595 = ORIENTED_EDGE('',*,*,#2018,.F.);
#3596 = ORIENTED_EDGE('',*,*,#1994,.T.);
#3597 = ORIENTED_EDGE('',*,*,#1969,.F.);
#3598 = ORIENTED_EDGE('',*,*,#1943,.T.);
#3599 = ORIENTED_EDGE('',*,*,#1911,.F.);
#3600 = ORIENTED_EDGE('',*,*,#1870,.T.);
#3601 = PLANE('',#3602);
#3602 = AXIS2_PLACEMENT_3D('',#3603,#3604,#3605);
#3603 = CARTESIAN_POINT('',(-11.,-49.52044432731,20.476594716887));
#3604 = DIRECTION('',(1.,-1.221245327088E-15,-1.221245327088E-15));
#3605 = DIRECTION('',(1.665334536938E-15,6.661338147751E-16,-1.));
#3606 = ADVANCED_FACE('',(#3607),#3618,.T.);
#3607 = FACE_BOUND('',#3608,.F.);
#3608 = EDGE_LOOP('',(#3609,#3610,#3611,#3617));
#3609 = ORIENTED_EDGE('',*,*,#2189,.T.);
#3610 = ORIENTED_EDGE('',*,*,#3581,.T.);
#3611 = ORIENTED_EDGE('',*,*,#3612,.F.);
#3612 = EDGE_CURVE('',#3509,#3573,#3613,.T.);
#3613 = LINE('',#3614,#3615);
#3614 = CARTESIAN_POINT('',(11.,-37.66241374557,-0.335419373186));
#3615 = VECTOR('',#3616,1.);
#3616 = DIRECTION('',(-1.,7.771561172376E-16,7.771561172376E-16));
#3617 = ORIENTED_EDGE('',*,*,#3517,.F.);
#3618 = CYLINDRICAL_SURFACE('',#3619,1.);
#3619 = AXIS2_PLACEMENT_3D('',#3620,#3621,#3622);
#3620 = CARTESIAN_POINT('',(11.,-37.05014836046,-1.126071697659));
#3621 = DIRECTION('',(1.,-9.992007221626E-16,-5.551115123126E-16));
#3622 = DIRECTION('',(3.330669073875E-16,-1.,8.881784197001E-16));
#3623 = ADVANCED_FACE('',(#3624),#3646,.F.);
#3624 = FACE_BOUND('',#3625,.F.);
#3625 = EDGE_LOOP('',(#3626,#3627,#3628,#3637,#3644,#3645));
#3626 = ORIENTED_EDGE('',*,*,#3283,.F.);
#3627 = ORIENTED_EDGE('',*,*,#2280,.T.);
#3628 = ORIENTED_EDGE('',*,*,#3629,.T.);
#3629 = EDGE_CURVE('',#2272,#3630,#3632,.T.);
#3630 = VERTEX_POINT('',#3631);
#3631 = CARTESIAN_POINT('',(1.,21.5,4.7));
#3632 = CIRCLE('',#3633,4.7);
#3633 = AXIS2_PLACEMENT_3D('',#3634,#3635,#3636);
#3634 = CARTESIAN_POINT('',(1.,21.5,-2.573538334167E-14));
#3635 = DIRECTION('',(1.,6.162975822039E-31,9.992007221626E-16));
#3636 = DIRECTION('',(9.992007221626E-16,-3.697785493223E-31,-1.));
#3637 = ORIENTED_EDGE('',*,*,#3638,.T.);
#3638 = EDGE_CURVE('',#3630,#2416,#3639,.T.);
#3639 = CIRCLE('',#3640,4.7);
#3640 = AXIS2_PLACEMENT_3D('',#3641,#3642,#3643);
#3641 = CARTESIAN_POINT('',(1.,21.5,-2.573538334167E-14));
#3642 = DIRECTION('',(1.,6.162975822039E-31,9.992007221626E-16));
#3643 = DIRECTION('',(9.992007221626E-16,-3.697785493223E-31,-1.));
#3644 = ORIENTED_EDGE('',*,*,#2415,.T.);
#3645 = ORIENTED_EDGE('',*,*,#3309,.F.);
#3646 = CYLINDRICAL_SURFACE('',#3647,4.7);
#3647 = AXIS2_PLACEMENT_3D('',#3648,#3649,#3650);
#3648 = CARTESIAN_POINT('',(-9.547918011776E-15,21.5,-3.103073353827E-14
    ));
#3649 = DIRECTION('',(1.,-8.881784197001E-16,1.110223024625E-16));
#3650 = DIRECTION('',(-4.440892098501E-16,1.,-1.443289932013E-15));
#3651 = ADVANCED_FACE('',(#3652),#3671,.F.);
#3652 = FACE_BOUND('',#3653,.T.);
#3653 = EDGE_LOOP('',(#3654,#3655,#3663,#3670));
#3654 = ORIENTED_EDGE('',*,*,#3629,.T.);
#3655 = ORIENTED_EDGE('',*,*,#3656,.T.);
#3656 = EDGE_CURVE('',#3630,#3657,#3659,.T.);
#3657 = VERTEX_POINT('',#3658);
#3658 = CARTESIAN_POINT('',(0.,21.5,5.539099631177));
#3659 = LINE('',#3660,#3661);
#3660 = CARTESIAN_POINT('',(1.357526077778,21.5,4.4));
#3661 = VECTOR('',#3662,1.);
#3662 = DIRECTION('',(-0.766044443119,6.803841429095E-16,0.642787609687)
  );
#3663 = ORIENTED_EDGE('',*,*,#3664,.F.);
#3664 = EDGE_CURVE('',#2263,#3657,#3665,.T.);
#3665 = CIRCLE('',#3666,5.539099631177);
#3666 = AXIS2_PLACEMENT_3D('',#3667,#3668,#3669);
#3667 = CARTESIAN_POINT('',(-5.697184152817E-15,21.5,-2.386979502944E-14
    ));
#3668 = DIRECTION('',(1.,2.958228394579E-31,6.661338147751E-16));
#3669 = DIRECTION('',(-6.661338147751E-16,2.218671295934E-31,1.));
#3670 = ORIENTED_EDGE('',*,*,#2271,.T.);
#3671 = CONICAL_SURFACE('',#3672,4.4,0.698131700798);
#3672 = AXIS2_PLACEMENT_3D('',#3673,#3674,#3675);
#3673 = CARTESIAN_POINT('',(1.357526077778,21.5,-2.386979502944E-14));
#3674 = DIRECTION('',(-1.,6.661338147751E-16,-3.574525976783E-31));
#3675 = DIRECTION('',(-6.661338147751E-16,2.218671295934E-31,1.));
#3676 = ADVANCED_FACE('',(#3677),#3696,.F.);
#3677 = FACE_BOUND('',#3678,.T.);
#3678 = EDGE_LOOP('',(#3679,#3680,#3688,#3695));
#3679 = ORIENTED_EDGE('',*,*,#3664,.T.);
#3680 = ORIENTED_EDGE('',*,*,#3681,.T.);
#3681 = EDGE_CURVE('',#3657,#3682,#3684,.T.);
#3682 = VERTEX_POINT('',#3683);
#3683 = CARTESIAN_POINT('',(-1.,21.5,4.7));
#3684 = LINE('',#3685,#3686);
#3685 = CARTESIAN_POINT('',(-3.552713678801E-14,21.5,5.539099631177));
#3686 = VECTOR('',#3687,1.);
#3687 = DIRECTION('',(-0.766044443119,6.803841429095E-16,-0.642787609687
    ));
#3688 = ORIENTED_EDGE('',*,*,#3689,.F.);
#3689 = EDGE_CURVE('',#2255,#3682,#3690,.T.);
#3690 = CIRCLE('',#3691,4.7);
#3691 = AXIS2_PLACEMENT_3D('',#3692,#3693,#3694);
#3692 = CARTESIAN_POINT('',(-1.,21.5,-2.200420671721E-14));
#3693 = DIRECTION('',(1.,6.162975822039E-31,9.992007221626E-16));
#3694 = DIRECTION('',(9.992007221626E-16,-3.697785493223E-31,-1.));
#3695 = ORIENTED_EDGE('',*,*,#2262,.T.);
#3696 = CONICAL_SURFACE('',#3697,5.539099631177,0.698131700798);
#3697 = AXIS2_PLACEMENT_3D('',#3698,#3699,#3700);
#3698 = CARTESIAN_POINT('',(-5.703886195133E-15,21.5,-2.386979502944E-14
    ));
#3699 = DIRECTION('',(1.,-6.661338147751E-16,3.574525976783E-31));
#3700 = DIRECTION('',(-6.661338147751E-16,2.218671295934E-31,1.));
#3701 = ADVANCED_FACE('',(#3702),#3716,.F.);
#3702 = FACE_BOUND('',#3703,.F.);
#3703 = EDGE_LOOP('',(#3704,#3705,#3706,#3707,#3708,#3709));
#3704 = ORIENTED_EDGE('',*,*,#3689,.F.);
#3705 = ORIENTED_EDGE('',*,*,#2254,.T.);
#3706 = ORIENTED_EDGE('',*,*,#2313,.T.);
#3707 = ORIENTED_EDGE('',*,*,#2357,.T.);
#3708 = ORIENTED_EDGE('',*,*,#2389,.T.);
#3709 = ORIENTED_EDGE('',*,*,#3710,.F.);
#3710 = EDGE_CURVE('',#3682,#2390,#3711,.T.);
#3711 = CIRCLE('',#3712,4.7);
#3712 = AXIS2_PLACEMENT_3D('',#3713,#3714,#3715);
#3713 = CARTESIAN_POINT('',(-1.,21.5,-2.200420671721E-14));
#3714 = DIRECTION('',(1.,6.162975822039E-31,9.992007221626E-16));
#3715 = DIRECTION('',(9.992007221626E-16,-3.697785493223E-31,-1.));
#3716 = CYLINDRICAL_SURFACE('',#3717,4.7);
#3717 = AXIS2_PLACEMENT_3D('',#3718,#3719,#3720);
#3718 = CARTESIAN_POINT('',(-9.547918011776E-15,21.5,-3.103073353827E-14
    ));
#3719 = DIRECTION('',(1.,-8.881784197001E-16,1.110223024625E-16));
#3720 = DIRECTION('',(-4.440892098501E-16,1.,-1.443289932013E-15));
#3721 = ADVANCED_FACE('',(#3722),#3734,.F.);
#3722 = FACE_BOUND('',#3723,.T.);
#3723 = EDGE_LOOP('',(#3724,#3725,#3732,#3733));
#3724 = ORIENTED_EDGE('',*,*,#3681,.F.);
#3725 = ORIENTED_EDGE('',*,*,#3726,.T.);
#3726 = EDGE_CURVE('',#3657,#2424,#3727,.T.);
#3727 = CIRCLE('',#3728,5.539099631177);
#3728 = AXIS2_PLACEMENT_3D('',#3729,#3730,#3731);
#3729 = CARTESIAN_POINT('',(-5.697184152817E-15,21.5,-2.386979502944E-14
    ));
#3730 = DIRECTION('',(1.,2.958228394579E-31,6.661338147751E-16));
#3731 = DIRECTION('',(-6.661338147751E-16,2.218671295934E-31,1.));
#3732 = ORIENTED_EDGE('',*,*,#2432,.T.);
#3733 = ORIENTED_EDGE('',*,*,#3710,.F.);
#3734 = CONICAL_SURFACE('',#3735,5.539099631177,0.698131700798);
#3735 = AXIS2_PLACEMENT_3D('',#3736,#3737,#3738);
#3736 = CARTESIAN_POINT('',(-5.703886195133E-15,21.5,-2.386979502944E-14
    ));
#3737 = DIRECTION('',(1.,-6.661338147751E-16,3.574525976783E-31));
#3738 = DIRECTION('',(-6.661338147751E-16,2.218671295934E-31,1.));
#3739 = ADVANCED_FACE('',(#3740),#3746,.F.);
#3740 = FACE_BOUND('',#3741,.T.);
#3741 = EDGE_LOOP('',(#3742,#3743,#3744,#3745));
#3742 = ORIENTED_EDGE('',*,*,#3656,.F.);
#3743 = ORIENTED_EDGE('',*,*,#3638,.T.);
#3744 = ORIENTED_EDGE('',*,*,#2423,.T.);
#3745 = ORIENTED_EDGE('',*,*,#3726,.F.);
#3746 = CONICAL_SURFACE('',#3747,4.4,0.698131700798);
#3747 = AXIS2_PLACEMENT_3D('',#3748,#3749,#3750);
#3748 = CARTESIAN_POINT('',(1.357526077778,21.5,-2.386979502944E-14));
#3749 = DIRECTION('',(-1.,6.661338147751E-16,-3.574525976783E-31));
#3750 = DIRECTION('',(-6.661338147751E-16,2.218671295934E-31,1.));
#3751 = ADVANCED_FACE('',(#3752),#3774,.F.);
#3752 = FACE_BOUND('',#3753,.T.);
#3753 = EDGE_LOOP('',(#3754,#3763,#3764,#3765,#3766,#3767));
#3754 = ORIENTED_EDGE('',*,*,#3755,.T.);
#3755 = EDGE_CURVE('',#3756,#2699,#3758,.T.);
#3756 = VERTEX_POINT('',#3757);
#3757 = CARTESIAN_POINT('',(-1.,-21.5,4.7));
#3758 = CIRCLE('',#3759,4.7);
#3759 = AXIS2_PLACEMENT_3D('',#3760,#3761,#3762);
#3760 = CARTESIAN_POINT('',(-1.,-21.5,1.134675506558E-14));
#3761 = DIRECTION('',(1.,-1.110223024625E-16,3.330669073875E-16));
#3762 = DIRECTION('',(3.330669073875E-16,-8.628166150855E-32,-1.));
#3763 = ORIENTED_EDGE('',*,*,#2698,.T.);
#3764 = ORIENTED_EDGE('',*,*,#2750,.T.);
#3765 = ORIENTED_EDGE('',*,*,#2672,.T.);
#3766 = ORIENTED_EDGE('',*,*,#2599,.T.);
#3767 = ORIENTED_EDGE('',*,*,#3768,.T.);
#3768 = EDGE_CURVE('',#2602,#3756,#3769,.T.);
#3769 = CIRCLE('',#3770,4.7);
#3770 = AXIS2_PLACEMENT_3D('',#3771,#3772,#3773);
#3771 = CARTESIAN_POINT('',(-1.,-21.5,1.134675506558E-14));
#3772 = DIRECTION('',(1.,-1.110223024625E-16,3.330669073875E-16));
#3773 = DIRECTION('',(3.330669073875E-16,-8.628166150855E-32,-1.));
#3774 = CYLINDRICAL_SURFACE('',#3775,4.7);
#3775 = AXIS2_PLACEMENT_3D('',#3776,#3777,#3778);
#3776 = CARTESIAN_POINT('',(7.160938508832E-15,-21.5,1.909583602355E-14)
  );
#3777 = DIRECTION('',(1.,-9.992007221626E-16,-5.551115123126E-16));
#3778 = DIRECTION('',(3.330669073875E-16,-1.,8.881784197001E-16));
#3779 = ADVANCED_FACE('',(#3780),#3799,.F.);
#3780 = FACE_BOUND('',#3781,.F.);
#3781 = EDGE_LOOP('',(#3782,#3790,#3797,#3798));
#3782 = ORIENTED_EDGE('',*,*,#3783,.F.);
#3783 = EDGE_CURVE('',#3784,#3756,#3786,.T.);
#3784 = VERTEX_POINT('',#3785);
#3785 = CARTESIAN_POINT('',(0.,-21.5,5.539099631177));
#3786 = LINE('',#3787,#3788);
#3787 = CARTESIAN_POINT('',(-1.06581410364E-14,-21.5,5.539099631177));
#3788 = VECTOR('',#3789,1.);
#3789 = DIRECTION('',(-0.766044443119,1.506438279875E-15,-0.642787609687
    ));
#3790 = ORIENTED_EDGE('',*,*,#3791,.T.);
#3791 = EDGE_CURVE('',#3784,#2637,#3792,.T.);
#3792 = CIRCLE('',#3793,5.539099631177);
#3793 = AXIS2_PLACEMENT_3D('',#3794,#3795,#3796);
#3794 = CARTESIAN_POINT('',(6.237713361903E-15,-21.5,1.432187701766E-14)
  );
#3795 = DIRECTION('',(-1.,-5.551115123126E-16,-9.992007221626E-16));
#3796 = DIRECTION('',(-9.992007221626E-16,-2.22044604925E-16,1.));
#3797 = ORIENTED_EDGE('',*,*,#2645,.T.);
#3798 = ORIENTED_EDGE('',*,*,#3768,.T.);
#3799 = CONICAL_SURFACE('',#3800,5.539099631177,0.698131700798);
#3800 = AXIS2_PLACEMENT_3D('',#3801,#3802,#3803);
#3801 = CARTESIAN_POINT('',(6.231011319587E-15,-21.5,1.432187701766E-14)
  );
#3802 = DIRECTION('',(1.,-7.771561172376E-16,-7.771561172376E-16));
#3803 = DIRECTION('',(-9.992007221626E-16,-2.22044604925E-16,1.));
#3804 = ADVANCED_FACE('',(#3805),#3824,.F.);
#3805 = FACE_BOUND('',#3806,.F.);
#3806 = EDGE_LOOP('',(#3807,#3815,#3822,#3823));
#3807 = ORIENTED_EDGE('',*,*,#3808,.F.);
#3808 = EDGE_CURVE('',#3809,#3784,#3811,.T.);
#3809 = VERTEX_POINT('',#3810);
#3810 = CARTESIAN_POINT('',(1.,-21.5,4.7));
#3811 = LINE('',#3812,#3813);
#3812 = CARTESIAN_POINT('',(1.357526077778,-21.5,4.4));
#3813 = VECTOR('',#3814,1.);
#3814 = DIRECTION('',(-0.766044443119,3.646181131263E-16,0.642787609687)
  );
#3815 = ORIENTED_EDGE('',*,*,#3816,.F.);
#3816 = EDGE_CURVE('',#2629,#3809,#3817,.T.);
#3817 = CIRCLE('',#3818,4.7);
#3818 = AXIS2_PLACEMENT_3D('',#3819,#3820,#3821);
#3819 = CARTESIAN_POINT('',(1.,-21.5,7.749080957977E-15));
#3820 = DIRECTION('',(1.,-1.110223024625E-16,3.330669073875E-16));
#3821 = DIRECTION('',(3.330669073875E-16,-8.628166150855E-32,-1.));
#3822 = ORIENTED_EDGE('',*,*,#2636,.T.);
#3823 = ORIENTED_EDGE('',*,*,#3791,.F.);
#3824 = CONICAL_SURFACE('',#3825,4.4,0.698131700798);
#3825 = AXIS2_PLACEMENT_3D('',#3826,#3827,#3828);
#3826 = CARTESIAN_POINT('',(1.357526077778,-21.5,1.326686732201E-14));
#3827 = DIRECTION('',(-1.,7.771561172376E-16,7.771561172376E-16));
#3828 = DIRECTION('',(-9.992007221626E-16,-2.22044604925E-16,1.));
#3829 = ADVANCED_FACE('',(#3830),#3844,.F.);
#3830 = FACE_BOUND('',#3831,.T.);
#3831 = EDGE_LOOP('',(#3832,#3833,#3834,#3841,#3842,#3843));
#3832 = ORIENTED_EDGE('',*,*,#3353,.F.);
#3833 = ORIENTED_EDGE('',*,*,#2724,.T.);
#3834 = ORIENTED_EDGE('',*,*,#3835,.F.);
#3835 = EDGE_CURVE('',#3809,#2716,#3836,.T.);
#3836 = CIRCLE('',#3837,4.7);
#3837 = AXIS2_PLACEMENT_3D('',#3838,#3839,#3840);
#3838 = CARTESIAN_POINT('',(1.,-21.5,7.749080957977E-15));
#3839 = DIRECTION('',(1.,-1.110223024625E-16,3.330669073875E-16));
#3840 = DIRECTION('',(3.330669073875E-16,-8.628166150855E-32,-1.));
#3841 = ORIENTED_EDGE('',*,*,#3816,.F.);
#3842 = ORIENTED_EDGE('',*,*,#2628,.T.);
#3843 = ORIENTED_EDGE('',*,*,#3334,.F.);
#3844 = CYLINDRICAL_SURFACE('',#3845,4.7);
#3845 = AXIS2_PLACEMENT_3D('',#3846,#3847,#3848);
#3846 = CARTESIAN_POINT('',(7.160938508832E-15,-21.5,1.909583602355E-14)
  );
#3847 = DIRECTION('',(1.,-9.992007221626E-16,-5.551115123126E-16));
#3848 = DIRECTION('',(3.330669073875E-16,-1.,8.881784197001E-16));
#3849 = ADVANCED_FACE('',(#3850),#3862,.F.);
#3850 = FACE_BOUND('',#3851,.F.);
#3851 = EDGE_LOOP('',(#3852,#3853,#3854,#3861));
#3852 = ORIENTED_EDGE('',*,*,#3835,.F.);
#3853 = ORIENTED_EDGE('',*,*,#3808,.T.);
#3854 = ORIENTED_EDGE('',*,*,#3855,.F.);
#3855 = EDGE_CURVE('',#2707,#3784,#3856,.T.);
#3856 = CIRCLE('',#3857,5.539099631177);
#3857 = AXIS2_PLACEMENT_3D('',#3858,#3859,#3860);
#3858 = CARTESIAN_POINT('',(6.237713361903E-15,-21.5,1.432187701766E-14)
  );
#3859 = DIRECTION('',(-1.,-5.551115123126E-16,-9.992007221626E-16));
#3860 = DIRECTION('',(-9.992007221626E-16,-2.22044604925E-16,1.));
#3861 = ORIENTED_EDGE('',*,*,#2715,.T.);
#3862 = CONICAL_SURFACE('',#3863,4.4,0.698131700798);
#3863 = AXIS2_PLACEMENT_3D('',#3864,#3865,#3866);
#3864 = CARTESIAN_POINT('',(1.357526077778,-21.5,1.326686732201E-14));
#3865 = DIRECTION('',(-1.,7.771561172376E-16,7.771561172376E-16));
#3866 = DIRECTION('',(-9.992007221626E-16,-2.22044604925E-16,1.));
#3867 = ADVANCED_FACE('',(#3868),#3874,.F.);
#3868 = FACE_BOUND('',#3869,.F.);
#3869 = EDGE_LOOP('',(#3870,#3871,#3872,#3873));
#3870 = ORIENTED_EDGE('',*,*,#3855,.T.);
#3871 = ORIENTED_EDGE('',*,*,#3783,.T.);
#3872 = ORIENTED_EDGE('',*,*,#3755,.T.);
#3873 = ORIENTED_EDGE('',*,*,#2706,.T.);
#3874 = CONICAL_SURFACE('',#3875,5.539099631177,0.698131700798);
#3875 = AXIS2_PLACEMENT_3D('',#3876,#3877,#3878);
#3876 = CARTESIAN_POINT('',(6.231011319587E-15,-21.5,1.432187701766E-14)
  );
#3877 = DIRECTION('',(1.,-7.771561172376E-16,-7.771561172376E-16));
#3878 = DIRECTION('',(-9.992007221626E-16,-2.22044604925E-16,1.));
#3879 = ADVANCED_FACE('',(#3880),#3886,.F.);
#3880 = FACE_BOUND('',#3881,.F.);
#3881 = EDGE_LOOP('',(#3882,#3883,#3884,#3885));
#3882 = ORIENTED_EDGE('',*,*,#3482,.T.);
#3883 = ORIENTED_EDGE('',*,*,#3453,.T.);
#3884 = ORIENTED_EDGE('',*,*,#3429,.F.);
#3885 = ORIENTED_EDGE('',*,*,#3382,.F.);
#3886 = CYLINDRICAL_SURFACE('',#3887,15.);
#3887 = AXIS2_PLACEMENT_3D('',#3888,#3889,#3890);
#3888 = CARTESIAN_POINT('',(11.,46.846394522237,11.524365493912));
#3889 = DIRECTION('',(1.,-1.7763568394E-15,-1.110223024625E-16));
#3890 = DIRECTION('',(-8.881784197001E-16,1.,-2.553512956638E-15));
#3891 = ADVANCED_FACE('',(#3892),#3898,.F.);
#3892 = FACE_BOUND('',#3893,.T.);
#3893 = EDGE_LOOP('',(#3894,#3895,#3896,#3897));
#3894 = ORIENTED_EDGE('',*,*,#3546,.T.);
#3895 = ORIENTED_EDGE('',*,*,#3572,.T.);
#3896 = ORIENTED_EDGE('',*,*,#3612,.F.);
#3897 = ORIENTED_EDGE('',*,*,#3508,.F.);
#3898 = CYLINDRICAL_SURFACE('',#3899,15.);
#3899 = AXIS2_PLACEMENT_3D('',#3900,#3901,#3902);
#3900 = CARTESIAN_POINT('',(11.,-46.84639452223,11.524365493912));
#3901 = DIRECTION('',(1.,-9.992007221626E-16,-5.551115123126E-16));
#3902 = DIRECTION('',(3.330669073875E-16,-1.,8.881784197001E-16));
#3903 = ( GEOMETRIC_REPRESENTATION_CONTEXT(3) 
GLOBAL_UNCERTAINTY_ASSIGNED_CONTEXT((#3907)) 
GLOBAL_UNIT_ASSIGNED_CONTEXT((#3904,#3905,#3906)) REPRESENTATION_CONTEXT
('Context #1','3D Context with UNIT and UNCERTAINTY') );
#3904 = ( LENGTH_UNIT() NAMED_UNIT(*) SI_UNIT(.MILLI.,.METRE.) );
#3905 = ( NAMED_UNIT(*) PLANE_ANGLE_UNIT() SI_UNIT($,.RADIAN.) );
#3906 = ( NAMED_UNIT(*) SI_UNIT($,.STERADIAN.) SOLID_ANGLE_UNIT() );
#3907 = UNCERTAINTY_MEASURE_WITH_UNIT(LENGTH_MEASURE(5.E-05),#3904,
  'distance_accuracy_value','confusion accuracy');
#3908 = PRODUCT_RELATED_PRODUCT_CATEGORY('part',$,(#7));
ENDSEC;
END-ISO-10303-21;
