ISO-10303-21;
HEADER;
FILE_DESCRIPTION(('FreeCAD Model'),'2;1');
FILE_NAME('Open CASCADE Shape Model','2026-10-08T08:33:52',('FreeCAD'),(
    'FreeCAD'),'Open CASCADE STEP processor 8.0','FreeCAD','Unknown');
FILE_SCHEMA(('AUTOMOTIVE_DESIGN { 1 0 10303 214 1 1 1 1 }'));
ENDSEC;
DATA;
#1 = APPLICATION_PROTOCOL_DEFINITION('international standard',
  'automotive_design',2000,#2);
#2 = APPLICATION_CONTEXT(
  'core data for automotive mechanical design processes');
#3 = SHAPE_DEFINITION_REPRESENTATION(#4,#10);
#4 = PRODUCT_DEFINITION_SHAPE('','',#5);
#5 = PRODUCT_DEFINITION('design','',#6,#9);
#6 = PRODUCT_DEFINITION_FORMATION('','',#7);
#7 = PRODUCT('Open CASCADE STEP translator 8.0 63',
  'Open CASCADE STEP translator 8.0 63','',(#8));
#8 = PRODUCT_CONTEXT('',#2,'mechanical');
#9 = PRODUCT_DEFINITION_CONTEXT('part definition',#2,'design');
#10 = ADVANCED_BREP_SHAPE_REPRESENTATION('',(#11,#15),#9346);
#11 = AXIS2_PLACEMENT_3D('',#12,#13,#14);
#12 = CARTESIAN_POINT('',(0.,0.,0.));
#13 = DIRECTION('',(0.,0.,1.));
#14 = DIRECTION('',(1.,0.,-0.));
#15 = MANIFOLD_SOLID_BREP('',#16);
#16 = CLOSED_SHELL('',(#17,#429,#485,#532,#612,#635,#715,#763,#837,#884,
    #964,#987,#1067,#1115,#1189,#1236,#1316,#1339,#1419,#1467,#1541,
    #1588,#1668,#1691,#1771,#1819,#1868,#1990,#2023,#2145,#2208,#2225,
    #2250,#2267,#2340,#2374,#2391,#2417,#2483,#2517,#2542,#2559,#2590,
    #2646,#2670,#2688,#2712,#2761,#2834,#2868,#2885,#2911,#2977,#3011,
    #3036,#3053,#3084,#3140,#3164,#3182,#3206,#3255,#3328,#3362,#3379,
    #3405,#3471,#3505,#3530,#3547,#3578,#3634,#3658,#3676,#3700,#3749,
    #3822,#3856,#3873,#3899,#3965,#3999,#4024,#4041,#4065,#4121,#4138,
    #4167,#4192,#4276,#4315,#4339,#4363,#4395,#4420,#4451,#4475,#4499,
    #4516,#4540,#4558,#4587,#4620,#4688,#4720,#4744,#4768,#4786,#4817,
    #4841,#4865,#4882,#4899,#4941,#4967,#4984,#5001,#5018,#5035,#5084,
    #5178,#5202,#5244,#5256,#5341,#5358,#5400,#5426,#5443,#5455,#5472,
    #5489,#5506,#5555,#5649,#5673,#5715,#5727,#5812,#5829,#5871,#5897,
    #5914,#5926,#5943,#5960,#5977,#6026,#6120,#6144,#6186,#6198,#6283,
    #6300,#6342,#6368,#6385,#6397,#6414,#6431,#6448,#6497,#6589,#6613,
    #6655,#6667,#6679,#6703,#7033,#7049,#7074,#7091,#7102,#7134,#7158,
    #7175,#7187,#7199,#7215,#7227,#7243,#7275,#7299,#7316,#7328,#7340,
    #7360,#7376,#7388,#7413,#7433,#7458,#7482,#7507,#7531,#7556,#7573,
    #7603,#7626,#7643,#7675,#7699,#7716,#7738,#7755,#7767,#7787,#7803,
    #7815,#7840,#7860,#7885,#7909,#7934,#7958,#7983,#8000,#8030,#8053,
    #8070,#8092,#8109,#8121,#8153,#8177,#8194,#8214,#8230,#8242,#8267,
    #8287,#8312,#8336,#8361,#8385,#8410,#8427,#8457,#8480,#8497,#8519,
    #8536,#8548,#8580,#8604,#8621,#8641,#8657,#8669,#8694,#8714,#8739,
    #8763,#8788,#8812,#8837,#8854,#8874,#8890,#8902,#8914,#8930,#8946,
    #8962,#8978,#8994,#9010,#9022,#9038,#9054,#9070,#9086,#9102,#9118,
    #9130,#9146,#9162,#9178,#9194,#9210,#9226,#9238,#9254,#9270,#9286,
    #9302,#9318,#9334));
#17 = ADVANCED_FACE('',(#18),#424,.T.);
#18 = FACE_BOUND('',#19,.T.);
#19 = EDGE_LOOP('',(#20,#30,#38,#69,#76,#107,#115,#123,#131,#162,#169,
    #200,#208,#216,#224,#255,#262,#293,#301,#309,#317,#348,#355,#386,
    #394,#402,#410,#418));
#20 = ORIENTED_EDGE('',*,*,#21,.F.);
#21 = EDGE_CURVE('',#22,#24,#26,.T.);
#22 = VERTEX_POINT('',#23);
#23 = CARTESIAN_POINT('',(-12.75916979433,-38.2,-70.5));
#24 = VERTEX_POINT('',#25);
#25 = CARTESIAN_POINT('',(-12.75916979433,-41.8,-70.5));
#26 = LINE('',#27,#28);
#27 = CARTESIAN_POINT('',(-12.75916979433,-38.2,-70.5));
#28 = VECTOR('',#29,1.);
#29 = DIRECTION('',(0.,-1.,2.22044604925E-16));
#30 = ORIENTED_EDGE('',*,*,#31,.T.);
#31 = EDGE_CURVE('',#22,#32,#34,.T.);
#32 = VERTEX_POINT('',#33);
#33 = CARTESIAN_POINT('',(50.960659794366,-38.2,-13.60659794365));
#34 = LINE('',#35,#36);
#35 = CARTESIAN_POINT('',(-12.75916979433,-38.2,-70.5));
#36 = VECTOR('',#37,1.);
#37 = DIRECTION('',(0.745933607584,1.478862165634E-16,0.666020309808));
#38 = ORIENTED_EDGE('',*,*,#39,.T.);
#39 = EDGE_CURVE('',#32,#40,#42,.T.);
#40 = VERTEX_POINT('',#41);
#41 = CARTESIAN_POINT('',(53.714755389118,-35.2,-11.14755389118));
#42 = B_SPLINE_CURVE_WITH_KNOTS('',7,(#43,#44,#45,#46,#47,#48,#49,#50,
    #51,#52,#53,#54,#55,#56,#57,#58,#59,#60,#61,#62,#63,#64,#65,#66,#67,
    #68),.UNSPECIFIED.,.F.,.F.,(8,6,6,6,8),(0.,0.432738725112,
    0.605602023125,0.751230595665,1.),.UNSPECIFIED.);
#43 = CARTESIAN_POINT('',(50.960659794364,-38.19999999999,
    -13.60659794363));
#44 = CARTESIAN_POINT('',(51.205389719326,-38.19999999999,
    -13.38808640482));
#45 = CARTESIAN_POINT('',(51.449967191275,-38.17236393604,
    -13.16971098644));
#46 = CARTESIAN_POINT('',(51.692520790363,-38.11714994111,
    -12.95314261954));
#47 = CARTESIAN_POINT('',(51.930839615514,-38.03409822654,
    -12.74035534713));
#48 = CARTESIAN_POINT('',(52.16238705951,-37.92296051323,-12.53361402482
    ));
#49 = CARTESIAN_POINT('',(52.384329945704,-37.7836171378,-12.33544830562
    ));
#50 = CARTESIAN_POINT('',(52.676986276157,-37.54892930814,
    -12.07414480905));
#51 = CARTESIAN_POINT('',(52.758444715118,-37.47744027907,
    -12.00141316886));
#52 = CARTESIAN_POINT('',(52.837605814486,-37.4014620736,-11.93073274986
    ));
#53 = CARTESIAN_POINT('',(52.914227642291,-37.32102153342,-11.8623195654
    ));
#54 = CARTESIAN_POINT('',(52.988049736754,-37.23616793995,
    -11.79640617348));
#55 = CARTESIAN_POINT('',(53.058796676823,-37.14697907169,
    -11.73323848876));
#56 = CARTESIAN_POINT('',(53.18295008165,-36.9748725427,-11.62238587627)
  );
#57 = CARTESIAN_POINT('',(53.237331145674,-36.89318243573,
    -11.57383075992));
#58 = CARTESIAN_POINT('',(53.289151635542,-36.80856796432,-11.5275618985
    ));
#59 = CARTESIAN_POINT('',(53.338230615387,-36.72112120685,
    -11.48374084388));
#60 = CARTESIAN_POINT('',(53.384383847879,-36.6309593401,-11.44253209569
    ));
#61 = CARTESIAN_POINT('',(53.427428219383,-36.53822868321,
    -11.40409915024));
#62 = CARTESIAN_POINT('',(53.535102510837,-36.28062049643,
    -11.30796021211));
#63 = CARTESIAN_POINT('',(53.593469553612,-36.11106417285,
    -11.25584614255));
#64 = CARTESIAN_POINT('',(53.641322518921,-35.93546318107,
    -11.21311975718));
#65 = CARTESIAN_POINT('',(53.677860774947,-35.75503472712,
    -11.18049591459));
#66 = CARTESIAN_POINT('',(53.702461929083,-35.57119273345,
    -11.15853032927));
#67 = CARTESIAN_POINT('',(53.714755389117,-35.38556148494,
    -11.14755389118));
#68 = CARTESIAN_POINT('',(53.714755389117,-35.2,-11.14755389118));
#69 = ORIENTED_EDGE('',*,*,#70,.T.);
#70 = EDGE_CURVE('',#40,#71,#73,.T.);
#71 = VERTEX_POINT('',#72);
#72 = CARTESIAN_POINT('',(53.714755389118,35.2,-11.14755389118));
#73 = B_SPLINE_CURVE_WITH_KNOTS('',1,(#74,#75),.UNSPECIFIED.,.F.,.F.,(2,
    2),(0.,1.),.PIECEWISE_BEZIER_KNOTS.);
#74 = CARTESIAN_POINT('',(53.714755389064,-35.73639699902,
    -11.14755389123));
#75 = CARTESIAN_POINT('',(53.714755389064,35.736396999023,
    -11.14755389123));
#76 = ORIENTED_EDGE('',*,*,#77,.F.);
#77 = EDGE_CURVE('',#78,#71,#80,.T.);
#78 = VERTEX_POINT('',#79);
#79 = CARTESIAN_POINT('',(50.960659794366,38.2,-13.60659794365));
#80 = B_SPLINE_CURVE_WITH_KNOTS('',7,(#81,#82,#83,#84,#85,#86,#87,#88,
    #89,#90,#91,#92,#93,#94,#95,#96,#97,#98,#99,#100,#101,#102,#103,#104
    ,#105,#106),.UNSPECIFIED.,.F.,.F.,(8,6,6,6,8),(0.,0.432738725112,
    0.605602023124,0.751230595665,1.),.UNSPECIFIED.);
#81 = CARTESIAN_POINT('',(50.960659794364,38.199999999999,
    -13.60659794363));
#82 = CARTESIAN_POINT('',(51.205389719326,38.199999999998,
    -13.38808640482));
#83 = CARTESIAN_POINT('',(51.449967191277,38.17236393604,-13.16971098644
    ));
#84 = CARTESIAN_POINT('',(51.69252079036,38.11714994112,-12.95314261955)
  );
#85 = CARTESIAN_POINT('',(51.930839615516,38.034098226543,
    -12.74035534713));
#86 = CARTESIAN_POINT('',(52.162387059509,37.922960513239,
    -12.53361402483));
#87 = CARTESIAN_POINT('',(52.384329945704,37.783617137808,
    -12.33544830562));
#88 = CARTESIAN_POINT('',(52.676986276157,37.548929308145,
    -12.07414480905));
#89 = CARTESIAN_POINT('',(52.758444715118,37.477440279077,
    -12.00141316886));
#90 = CARTESIAN_POINT('',(52.837605814486,37.401462073609,
    -11.93073274986));
#91 = CARTESIAN_POINT('',(52.914227642291,37.32102153342,-11.8623195654)
  );
#92 = CARTESIAN_POINT('',(52.988049736754,37.236167939958,
    -11.79640617348));
#93 = CARTESIAN_POINT('',(53.058796676823,37.14697907169,-11.73323848876
    ));
#94 = CARTESIAN_POINT('',(53.18295008165,36.974872542707,-11.62238587627
    ));
#95 = CARTESIAN_POINT('',(53.237331145674,36.893182435737,
    -11.57383075992));
#96 = CARTESIAN_POINT('',(53.289151635542,36.808567964326,-11.5275618985
    ));
#97 = CARTESIAN_POINT('',(53.338230615387,36.72112120685,-11.48374084388
    ));
#98 = CARTESIAN_POINT('',(53.384383847879,36.6309593401,-11.44253209569)
  );
#99 = CARTESIAN_POINT('',(53.427428219383,36.538228683219,
    -11.40409915024));
#100 = CARTESIAN_POINT('',(53.535102510837,36.280620496429,
    -11.30796021211));
#101 = CARTESIAN_POINT('',(53.593469553612,36.11106417285,
    -11.25584614255));
#102 = CARTESIAN_POINT('',(53.641322518921,35.935463181078,
    -11.21311975718));
#103 = CARTESIAN_POINT('',(53.677860774947,35.75503472712,
    -11.18049591459));
#104 = CARTESIAN_POINT('',(53.702461929083,35.571192733454,
    -11.15853032927));
#105 = CARTESIAN_POINT('',(53.714755389117,35.385561484941,
    -11.14755389118));
#106 = CARTESIAN_POINT('',(53.714755389117,35.2,-11.14755389118));
#107 = ORIENTED_EDGE('',*,*,#108,.F.);
#108 = EDGE_CURVE('',#109,#78,#111,.T.);
#109 = VERTEX_POINT('',#110);
#110 = CARTESIAN_POINT('',(-12.75916979433,38.2,-70.5));
#111 = LINE('',#112,#113);
#112 = CARTESIAN_POINT('',(-12.75916979433,38.2,-70.5));
#113 = VECTOR('',#114,1.);
#114 = DIRECTION('',(0.745933607584,-4.436586496903E-16,0.666020309808)
  );
#115 = ORIENTED_EDGE('',*,*,#116,.T.);
#116 = EDGE_CURVE('',#109,#117,#119,.T.);
#117 = VERTEX_POINT('',#118);
#118 = CARTESIAN_POINT('',(-12.75916979433,41.8,-70.5));
#119 = LINE('',#120,#121);
#120 = CARTESIAN_POINT('',(-12.75916979433,38.2,-70.5));
#121 = VECTOR('',#122,1.);
#122 = DIRECTION('',(0.,1.,6.661338147751E-16));
#123 = ORIENTED_EDGE('',*,*,#124,.T.);
#124 = EDGE_CURVE('',#117,#125,#127,.T.);
#125 = VERTEX_POINT('',#126);
#126 = CARTESIAN_POINT('',(50.960659794366,41.8,-13.60659794365));
#127 = LINE('',#128,#129);
#128 = CARTESIAN_POINT('',(-12.75916979433,41.8,-70.5));
#129 = VECTOR('',#130,1.);
#130 = DIRECTION('',(0.745933607584,-4.436586496903E-16,0.666020309808)
  );
#131 = ORIENTED_EDGE('',*,*,#132,.T.);
#132 = EDGE_CURVE('',#125,#133,#135,.T.);
#133 = VERTEX_POINT('',#134);
#134 = CARTESIAN_POINT('',(53.714755389118,44.8,-11.14755389118));
#135 = B_SPLINE_CURVE_WITH_KNOTS('',7,(#136,#137,#138,#139,#140,#141,
    #142,#143,#144,#145,#146,#147,#148,#149,#150,#151,#152,#153,#154,
    #155,#156,#157,#158,#159,#160,#161),.UNSPECIFIED.,.F.,.F.,(8,6,6,6,8
    ),(0.,0.432738725112,0.605602023125,0.751230595665,1.),
  .UNSPECIFIED.);
#136 = CARTESIAN_POINT('',(50.960659794364,41.800000000001,
    -13.60659794363));
#137 = CARTESIAN_POINT('',(51.205389719326,41.800000000002,
    -13.38808640482));
#138 = CARTESIAN_POINT('',(51.449967191275,41.827636063959,
    -13.16971098644));
#139 = CARTESIAN_POINT('',(51.692520790363,41.882850058881,
    -12.95314261954));
#140 = CARTESIAN_POINT('',(51.930839615514,41.965901773455,
    -12.74035534713));
#141 = CARTESIAN_POINT('',(52.16238705951,42.077039486762,
    -12.53361402482));
#142 = CARTESIAN_POINT('',(52.384329945704,42.216382862192,
    -12.33544830562));
#143 = CARTESIAN_POINT('',(52.676986276157,42.451070691855,
    -12.07414480905));
#144 = CARTESIAN_POINT('',(52.758444715118,42.522559720923,
    -12.00141316886));
#145 = CARTESIAN_POINT('',(52.837605814486,42.598537926391,
    -11.93073274986));
#146 = CARTESIAN_POINT('',(52.914227642291,42.67897846658,-11.8623195654
    ));
#147 = CARTESIAN_POINT('',(52.988049736754,42.763832060042,
    -11.79640617348));
#148 = CARTESIAN_POINT('',(53.058796676823,42.85302092831,
    -11.73323848876));
#149 = CARTESIAN_POINT('',(53.18295008165,43.025127457293,
    -11.62238587627));
#150 = CARTESIAN_POINT('',(53.237331145674,43.106817564263,
    -11.57383075992));
#151 = CARTESIAN_POINT('',(53.289151635542,43.191432035674,
    -11.5275618985));
#152 = CARTESIAN_POINT('',(53.338230615387,43.27887879315,
    -11.48374084388));
#153 = CARTESIAN_POINT('',(53.384383847879,43.3690406599,-11.44253209569
    ));
#154 = CARTESIAN_POINT('',(53.427428219383,43.461771316781,
    -11.40409915024));
#155 = CARTESIAN_POINT('',(53.535102510837,43.71937950357,
    -11.30796021211));
#156 = CARTESIAN_POINT('',(53.593469553612,43.88893582715,
    -11.25584614255));
#157 = CARTESIAN_POINT('',(53.641322518921,44.064536818922,
    -11.21311975718));
#158 = CARTESIAN_POINT('',(53.677860774947,44.24496527288,
    -11.18049591459));
#159 = CARTESIAN_POINT('',(53.702461929083,44.428807266546,
    -11.15853032927));
#160 = CARTESIAN_POINT('',(53.714755389117,44.614438515059,
    -11.14755389118));
#161 = CARTESIAN_POINT('',(53.714755389117,44.8,-11.14755389118));
#162 = ORIENTED_EDGE('',*,*,#163,.T.);
#163 = EDGE_CURVE('',#133,#164,#166,.T.);
#164 = VERTEX_POINT('',#165);
#165 = CARTESIAN_POINT('',(53.714755389118,115.2,-11.14755389118));
#166 = B_SPLINE_CURVE_WITH_KNOTS('',1,(#167,#168),.UNSPECIFIED.,.F.,.F.,
  (2,2),(0.,1.),.PIECEWISE_BEZIER_KNOTS.);
#167 = CARTESIAN_POINT('',(53.714755389064,44.263603000977,
    -11.14755389123));
#168 = CARTESIAN_POINT('',(53.714755389064,115.73639699902,
    -11.14755389123));
#169 = ORIENTED_EDGE('',*,*,#170,.F.);
#170 = EDGE_CURVE('',#171,#164,#173,.T.);
#171 = VERTEX_POINT('',#172);
#172 = CARTESIAN_POINT('',(50.960659794366,118.2,-13.60659794365));
#173 = B_SPLINE_CURVE_WITH_KNOTS('',7,(#174,#175,#176,#177,#178,#179,
    #180,#181,#182,#183,#184,#185,#186,#187,#188,#189,#190,#191,#192,
    #193,#194,#195,#196,#197,#198,#199),.UNSPECIFIED.,.F.,.F.,(8,6,6,6,8
    ),(0.,0.432738725112,0.605602023124,0.751230595665,1.),
  .UNSPECIFIED.);
#174 = CARTESIAN_POINT('',(50.960659794364,118.19999999999,
    -13.60659794363));
#175 = CARTESIAN_POINT('',(51.205389719326,118.19999999999,
    -13.38808640482));
#176 = CARTESIAN_POINT('',(51.449967191277,118.17236393604,
    -13.16971098644));
#177 = CARTESIAN_POINT('',(51.69252079036,118.11714994112,
    -12.95314261955));
#178 = CARTESIAN_POINT('',(51.930839615516,118.03409822654,
    -12.74035534713));
#179 = CARTESIAN_POINT('',(52.162387059509,117.92296051323,
    -12.53361402483));
#180 = CARTESIAN_POINT('',(52.384329945704,117.7836171378,
    -12.33544830562));
#181 = CARTESIAN_POINT('',(52.676986276157,117.54892930814,
    -12.07414480905));
#182 = CARTESIAN_POINT('',(52.758444715118,117.47744027907,
    -12.00141316886));
#183 = CARTESIAN_POINT('',(52.837605814486,117.4014620736,
    -11.93073274986));
#184 = CARTESIAN_POINT('',(52.914227642291,117.32102153342,
    -11.8623195654));
#185 = CARTESIAN_POINT('',(52.988049736754,117.23616793995,
    -11.79640617348));
#186 = CARTESIAN_POINT('',(53.058796676823,117.14697907169,
    -11.73323848876));
#187 = CARTESIAN_POINT('',(53.18295008165,116.9748725427,-11.62238587627
    ));
#188 = CARTESIAN_POINT('',(53.237331145674,116.89318243573,
    -11.57383075992));
#189 = CARTESIAN_POINT('',(53.289151635542,116.80856796432,
    -11.5275618985));
#190 = CARTESIAN_POINT('',(53.338230615387,116.72112120685,
    -11.48374084388));
#191 = CARTESIAN_POINT('',(53.384383847879,116.6309593401,
    -11.44253209569));
#192 = CARTESIAN_POINT('',(53.427428219383,116.53822868321,
    -11.40409915024));
#193 = CARTESIAN_POINT('',(53.535102510837,116.28062049642,
    -11.30796021211));
#194 = CARTESIAN_POINT('',(53.593469553612,116.11106417285,
    -11.25584614255));
#195 = CARTESIAN_POINT('',(53.641322518921,115.93546318107,
    -11.21311975718));
#196 = CARTESIAN_POINT('',(53.677860774947,115.75503472712,
    -11.18049591459));
#197 = CARTESIAN_POINT('',(53.702461929083,115.57119273345,
    -11.15853032927));
#198 = CARTESIAN_POINT('',(53.714755389117,115.38556148494,
    -11.14755389118));
#199 = CARTESIAN_POINT('',(53.714755389117,115.2,-11.14755389118));
#200 = ORIENTED_EDGE('',*,*,#201,.F.);
#201 = EDGE_CURVE('',#202,#171,#204,.T.);
#202 = VERTEX_POINT('',#203);
#203 = CARTESIAN_POINT('',(-12.75916979433,118.2,-70.5));
#204 = LINE('',#205,#206);
#205 = CARTESIAN_POINT('',(-12.75916979433,118.2,-70.5));
#206 = VECTOR('',#207,1.);
#207 = DIRECTION('',(0.745933607584,-4.436586496903E-16,0.666020309808)
  );
#208 = ORIENTED_EDGE('',*,*,#209,.T.);
#209 = EDGE_CURVE('',#202,#210,#212,.T.);
#210 = VERTEX_POINT('',#211);
#211 = CARTESIAN_POINT('',(-12.75916979433,121.8,-70.5));
#212 = LINE('',#213,#214);
#213 = CARTESIAN_POINT('',(-12.75916979433,118.2,-70.5));
#214 = VECTOR('',#215,1.);
#215 = DIRECTION('',(0.,1.,6.661338147751E-16));
#216 = ORIENTED_EDGE('',*,*,#217,.T.);
#217 = EDGE_CURVE('',#210,#218,#220,.T.);
#218 = VERTEX_POINT('',#219);
#219 = CARTESIAN_POINT('',(50.960659794366,121.8,-13.60659794365));
#220 = LINE('',#221,#222);
#221 = CARTESIAN_POINT('',(-12.75916979433,121.8,-70.5));
#222 = VECTOR('',#223,1.);
#223 = DIRECTION('',(0.745933607584,-4.436586496903E-16,0.666020309808)
  );
#224 = ORIENTED_EDGE('',*,*,#225,.T.);
#225 = EDGE_CURVE('',#218,#226,#228,.T.);
#226 = VERTEX_POINT('',#227);
#227 = CARTESIAN_POINT('',(53.714755389118,124.8,-11.14755389118));
#228 = B_SPLINE_CURVE_WITH_KNOTS('',7,(#229,#230,#231,#232,#233,#234,
    #235,#236,#237,#238,#239,#240,#241,#242,#243,#244,#245,#246,#247,
    #248,#249,#250,#251,#252,#253,#254),.UNSPECIFIED.,.F.,.F.,(8,6,6,6,8
    ),(0.,0.432738725112,0.605602023125,0.751230595665,1.),
  .UNSPECIFIED.);
#229 = CARTESIAN_POINT('',(50.960659794364,121.8,-13.60659794363));
#230 = CARTESIAN_POINT('',(51.205389719326,121.8,-13.38808640482));
#231 = CARTESIAN_POINT('',(51.449967191275,121.82763606395,
    -13.16971098644));
#232 = CARTESIAN_POINT('',(51.692520790363,121.88285005888,
    -12.95314261954));
#233 = CARTESIAN_POINT('',(51.930839615514,121.96590177345,
    -12.74035534713));
#234 = CARTESIAN_POINT('',(52.16238705951,122.07703948676,
    -12.53361402482));
#235 = CARTESIAN_POINT('',(52.384329945704,122.21638286219,
    -12.33544830562));
#236 = CARTESIAN_POINT('',(52.676986276157,122.45107069185,
    -12.07414480905));
#237 = CARTESIAN_POINT('',(52.758444715118,122.52255972092,
    -12.00141316886));
#238 = CARTESIAN_POINT('',(52.837605814486,122.59853792639,
    -11.93073274986));
#239 = CARTESIAN_POINT('',(52.914227642291,122.67897846658,
    -11.8623195654));
#240 = CARTESIAN_POINT('',(52.988049736754,122.76383206004,
    -11.79640617348));
#241 = CARTESIAN_POINT('',(53.058796676823,122.85302092831,
    -11.73323848876));
#242 = CARTESIAN_POINT('',(53.18295008165,123.02512745729,
    -11.62238587627));
#243 = CARTESIAN_POINT('',(53.237331145674,123.10681756426,
    -11.57383075992));
#244 = CARTESIAN_POINT('',(53.289151635542,123.19143203567,
    -11.5275618985));
#245 = CARTESIAN_POINT('',(53.338230615387,123.27887879315,
    -11.48374084388));
#246 = CARTESIAN_POINT('',(53.384383847879,123.3690406599,
    -11.44253209569));
#247 = CARTESIAN_POINT('',(53.427428219383,123.46177131678,
    -11.40409915024));
#248 = CARTESIAN_POINT('',(53.535102510837,123.71937950357,
    -11.30796021211));
#249 = CARTESIAN_POINT('',(53.593469553612,123.88893582715,
    -11.25584614255));
#250 = CARTESIAN_POINT('',(53.641322518921,124.06453681892,
    -11.21311975718));
#251 = CARTESIAN_POINT('',(53.677860774947,124.24496527288,
    -11.18049591459));
#252 = CARTESIAN_POINT('',(53.702461929083,124.42880726654,
    -11.15853032927));
#253 = CARTESIAN_POINT('',(53.714755389117,124.61443851505,
    -11.14755389118));
#254 = CARTESIAN_POINT('',(53.714755389117,124.8,-11.14755389118));
#255 = ORIENTED_EDGE('',*,*,#256,.T.);
#256 = EDGE_CURVE('',#226,#257,#259,.T.);
#257 = VERTEX_POINT('',#258);
#258 = CARTESIAN_POINT('',(53.714755389118,195.2,-11.14755389118));
#259 = B_SPLINE_CURVE_WITH_KNOTS('',1,(#260,#261),.UNSPECIFIED.,.F.,.F.,
  (2,2),(0.,1.),.PIECEWISE_BEZIER_KNOTS.);
#260 = CARTESIAN_POINT('',(53.714755389064,124.26360300097,
    -11.14755389123));
#261 = CARTESIAN_POINT('',(53.714755389064,195.73639699902,
    -11.14755389123));
#262 = ORIENTED_EDGE('',*,*,#263,.F.);
#263 = EDGE_CURVE('',#264,#257,#266,.T.);
#264 = VERTEX_POINT('',#265);
#265 = CARTESIAN_POINT('',(50.960659794366,198.2,-13.60659794365));
#266 = B_SPLINE_CURVE_WITH_KNOTS('',7,(#267,#268,#269,#270,#271,#272,
    #273,#274,#275,#276,#277,#278,#279,#280,#281,#282,#283,#284,#285,
    #286,#287,#288,#289,#290,#291,#292),.UNSPECIFIED.,.F.,.F.,(8,6,6,6,8
    ),(0.,0.432738725112,0.605602023124,0.751230595665,1.),
  .UNSPECIFIED.);
#267 = CARTESIAN_POINT('',(50.960659794364,198.19999999999,
    -13.60659794363));
#268 = CARTESIAN_POINT('',(51.205389719326,198.19999999999,
    -13.38808640482));
#269 = CARTESIAN_POINT('',(51.449967191277,198.17236393604,
    -13.16971098644));
#270 = CARTESIAN_POINT('',(51.69252079036,198.11714994112,
    -12.95314261955));
#271 = CARTESIAN_POINT('',(51.930839615516,198.03409822654,
    -12.74035534713));
#272 = CARTESIAN_POINT('',(52.162387059509,197.92296051323,
    -12.53361402483));
#273 = CARTESIAN_POINT('',(52.384329945704,197.7836171378,
    -12.33544830562));
#274 = CARTESIAN_POINT('',(52.676986276157,197.54892930814,
    -12.07414480905));
#275 = CARTESIAN_POINT('',(52.758444715118,197.47744027907,
    -12.00141316886));
#276 = CARTESIAN_POINT('',(52.837605814486,197.4014620736,
    -11.93073274986));
#277 = CARTESIAN_POINT('',(52.914227642291,197.32102153342,
    -11.8623195654));
#278 = CARTESIAN_POINT('',(52.988049736754,197.23616793995,
    -11.79640617348));
#279 = CARTESIAN_POINT('',(53.058796676823,197.14697907169,
    -11.73323848876));
#280 = CARTESIAN_POINT('',(53.18295008165,196.9748725427,-11.62238587627
    ));
#281 = CARTESIAN_POINT('',(53.237331145674,196.89318243573,
    -11.57383075992));
#282 = CARTESIAN_POINT('',(53.289151635542,196.80856796432,
    -11.5275618985));
#283 = CARTESIAN_POINT('',(53.338230615387,196.72112120685,
    -11.48374084388));
#284 = CARTESIAN_POINT('',(53.384383847879,196.6309593401,
    -11.44253209569));
#285 = CARTESIAN_POINT('',(53.427428219383,196.53822868321,
    -11.40409915024));
#286 = CARTESIAN_POINT('',(53.535102510837,196.28062049642,
    -11.30796021211));
#287 = CARTESIAN_POINT('',(53.593469553612,196.11106417285,
    -11.25584614255));
#288 = CARTESIAN_POINT('',(53.641322518921,195.93546318107,
    -11.21311975718));
#289 = CARTESIAN_POINT('',(53.677860774947,195.75503472712,
    -11.18049591459));
#290 = CARTESIAN_POINT('',(53.702461929083,195.57119273345,
    -11.15853032927));
#291 = CARTESIAN_POINT('',(53.714755389117,195.38556148494,
    -11.14755389118));
#292 = CARTESIAN_POINT('',(53.714755389117,195.2,-11.14755389118));
#293 = ORIENTED_EDGE('',*,*,#294,.F.);
#294 = EDGE_CURVE('',#295,#264,#297,.T.);
#295 = VERTEX_POINT('',#296);
#296 = CARTESIAN_POINT('',(-12.75916979433,198.2,-70.5));
#297 = LINE('',#298,#299);
#298 = CARTESIAN_POINT('',(-12.75916979433,198.2,-70.5));
#299 = VECTOR('',#300,1.);
#300 = DIRECTION('',(0.745933607584,-4.436586496903E-16,0.666020309808)
  );
#301 = ORIENTED_EDGE('',*,*,#302,.T.);
#302 = EDGE_CURVE('',#295,#303,#305,.T.);
#303 = VERTEX_POINT('',#304);
#304 = CARTESIAN_POINT('',(-12.75916979433,201.8,-70.5));
#305 = LINE('',#306,#307);
#306 = CARTESIAN_POINT('',(-12.75916979433,198.2,-70.5));
#307 = VECTOR('',#308,1.);
#308 = DIRECTION('',(0.,1.,6.661338147751E-16));
#309 = ORIENTED_EDGE('',*,*,#310,.T.);
#310 = EDGE_CURVE('',#303,#311,#313,.T.);
#311 = VERTEX_POINT('',#312);
#312 = CARTESIAN_POINT('',(50.960659794366,201.8,-13.60659794365));
#313 = LINE('',#314,#315);
#314 = CARTESIAN_POINT('',(-12.75916979433,201.8,-70.5));
#315 = VECTOR('',#316,1.);
#316 = DIRECTION('',(0.745933607584,-4.436586496903E-16,0.666020309808)
  );
#317 = ORIENTED_EDGE('',*,*,#318,.T.);
#318 = EDGE_CURVE('',#311,#319,#321,.T.);
#319 = VERTEX_POINT('',#320);
#320 = CARTESIAN_POINT('',(53.714755389118,204.8,-11.14755389118));
#321 = B_SPLINE_CURVE_WITH_KNOTS('',7,(#322,#323,#324,#325,#326,#327,
    #328,#329,#330,#331,#332,#333,#334,#335,#336,#337,#338,#339,#340,
    #341,#342,#343,#344,#345,#346,#347),.UNSPECIFIED.,.F.,.F.,(8,6,6,6,8
    ),(0.,0.432738725112,0.605602023125,0.751230595665,1.),
  .UNSPECIFIED.);
#322 = CARTESIAN_POINT('',(50.960659794364,201.8,-13.60659794363));
#323 = CARTESIAN_POINT('',(51.205389719326,201.8,-13.38808640482));
#324 = CARTESIAN_POINT('',(51.449967191275,201.82763606395,
    -13.16971098644));
#325 = CARTESIAN_POINT('',(51.692520790363,201.88285005888,
    -12.95314261954));
#326 = CARTESIAN_POINT('',(51.930839615514,201.96590177345,
    -12.74035534713));
#327 = CARTESIAN_POINT('',(52.16238705951,202.07703948676,
    -12.53361402482));
#328 = CARTESIAN_POINT('',(52.384329945704,202.21638286219,
    -12.33544830562));
#329 = CARTESIAN_POINT('',(52.676986276157,202.45107069185,
    -12.07414480905));
#330 = CARTESIAN_POINT('',(52.758444715118,202.52255972092,
    -12.00141316886));
#331 = CARTESIAN_POINT('',(52.837605814486,202.59853792639,
    -11.93073274986));
#332 = CARTESIAN_POINT('',(52.914227642291,202.67897846658,
    -11.8623195654));
#333 = CARTESIAN_POINT('',(52.988049736754,202.76383206004,
    -11.79640617348));
#334 = CARTESIAN_POINT('',(53.058796676823,202.85302092831,
    -11.73323848876));
#335 = CARTESIAN_POINT('',(53.18295008165,203.02512745729,
    -11.62238587627));
#336 = CARTESIAN_POINT('',(53.237331145674,203.10681756426,
    -11.57383075992));
#337 = CARTESIAN_POINT('',(53.289151635542,203.19143203567,
    -11.5275618985));
#338 = CARTESIAN_POINT('',(53.338230615387,203.27887879315,
    -11.48374084388));
#339 = CARTESIAN_POINT('',(53.384383847879,203.3690406599,
    -11.44253209569));
#340 = CARTESIAN_POINT('',(53.427428219383,203.46177131678,
    -11.40409915024));
#341 = CARTESIAN_POINT('',(53.535102510837,203.71937950357,
    -11.30796021211));
#342 = CARTESIAN_POINT('',(53.593469553612,203.88893582715,
    -11.25584614255));
#343 = CARTESIAN_POINT('',(53.641322518921,204.06453681892,
    -11.21311975718));
#344 = CARTESIAN_POINT('',(53.677860774947,204.24496527288,
    -11.18049591459));
#345 = CARTESIAN_POINT('',(53.702461929083,204.42880726654,
    -11.15853032927));
#346 = CARTESIAN_POINT('',(53.714755389117,204.61443851505,
    -11.14755389118));
#347 = CARTESIAN_POINT('',(53.714755389117,204.8,-11.14755389118));
#348 = ORIENTED_EDGE('',*,*,#349,.T.);
#349 = EDGE_CURVE('',#319,#350,#352,.T.);
#350 = VERTEX_POINT('',#351);
#351 = CARTESIAN_POINT('',(53.714755389118,275.2,-11.14755389118));
#352 = B_SPLINE_CURVE_WITH_KNOTS('',1,(#353,#354),.UNSPECIFIED.,.F.,.F.,
  (2,2),(0.,1.),.PIECEWISE_BEZIER_KNOTS.);
#353 = CARTESIAN_POINT('',(53.714755389064,204.26360300097,
    -11.14755389123));
#354 = CARTESIAN_POINT('',(53.714755389064,275.73639699902,
    -11.14755389123));
#355 = ORIENTED_EDGE('',*,*,#356,.F.);
#356 = EDGE_CURVE('',#357,#350,#359,.T.);
#357 = VERTEX_POINT('',#358);
#358 = CARTESIAN_POINT('',(50.960659794366,278.2,-13.60659794365));
#359 = B_SPLINE_CURVE_WITH_KNOTS('',7,(#360,#361,#362,#363,#364,#365,
    #366,#367,#368,#369,#370,#371,#372,#373,#374,#375,#376,#377,#378,
    #379,#380,#381,#382,#383,#384,#385),.UNSPECIFIED.,.F.,.F.,(8,6,6,6,8
    ),(0.,0.432738725112,0.605602023124,0.751230595665,1.),
  .UNSPECIFIED.);
#360 = CARTESIAN_POINT('',(50.960659794364,278.19999999999,
    -13.60659794363));
#361 = CARTESIAN_POINT('',(51.205389719326,278.19999999999,
    -13.38808640482));
#362 = CARTESIAN_POINT('',(51.449967191277,278.17236393604,
    -13.16971098644));
#363 = CARTESIAN_POINT('',(51.69252079036,278.11714994112,
    -12.95314261955));
#364 = CARTESIAN_POINT('',(51.930839615516,278.03409822654,
    -12.74035534713));
#365 = CARTESIAN_POINT('',(52.162387059509,277.92296051323,
    -12.53361402483));
#366 = CARTESIAN_POINT('',(52.384329945704,277.7836171378,
    -12.33544830562));
#367 = CARTESIAN_POINT('',(52.676986276157,277.54892930814,
    -12.07414480905));
#368 = CARTESIAN_POINT('',(52.758444715118,277.47744027907,
    -12.00141316886));
#369 = CARTESIAN_POINT('',(52.837605814486,277.4014620736,
    -11.93073274986));
#370 = CARTESIAN_POINT('',(52.914227642291,277.32102153342,
    -11.8623195654));
#371 = CARTESIAN_POINT('',(52.988049736754,277.23616793995,
    -11.79640617348));
#372 = CARTESIAN_POINT('',(53.058796676823,277.14697907169,
    -11.73323848876));
#373 = CARTESIAN_POINT('',(53.18295008165,276.9748725427,-11.62238587627
    ));
#374 = CARTESIAN_POINT('',(53.237331145674,276.89318243573,
    -11.57383075992));
#375 = CARTESIAN_POINT('',(53.289151635542,276.80856796432,
    -11.5275618985));
#376 = CARTESIAN_POINT('',(53.338230615387,276.72112120685,
    -11.48374084388));
#377 = CARTESIAN_POINT('',(53.384383847879,276.6309593401,
    -11.44253209569));
#378 = CARTESIAN_POINT('',(53.427428219383,276.53822868321,
    -11.40409915024));
#379 = CARTESIAN_POINT('',(53.535102510837,276.28062049642,
    -11.30796021211));
#380 = CARTESIAN_POINT('',(53.593469553612,276.11106417285,
    -11.25584614255));
#381 = CARTESIAN_POINT('',(53.641322518921,275.93546318107,
    -11.21311975718));
#382 = CARTESIAN_POINT('',(53.677860774947,275.75503472712,
    -11.18049591459));
#383 = CARTESIAN_POINT('',(53.702461929083,275.57119273345,
    -11.15853032927));
#384 = CARTESIAN_POINT('',(53.714755389117,275.38556148494,
    -11.14755389118));
#385 = CARTESIAN_POINT('',(53.714755389117,275.2,-11.14755389118));
#386 = ORIENTED_EDGE('',*,*,#387,.F.);
#387 = EDGE_CURVE('',#388,#357,#390,.T.);
#388 = VERTEX_POINT('',#389);
#389 = CARTESIAN_POINT('',(-12.75916979433,278.2,-70.5));
#390 = LINE('',#391,#392);
#391 = CARTESIAN_POINT('',(-12.75916979433,278.2,-70.5));
#392 = VECTOR('',#393,1.);
#393 = DIRECTION('',(0.745933607584,-4.436586496903E-16,0.666020309808)
  );
#394 = ORIENTED_EDGE('',*,*,#395,.T.);
#395 = EDGE_CURVE('',#388,#396,#398,.T.);
#396 = VERTEX_POINT('',#397);
#397 = CARTESIAN_POINT('',(-12.75916979433,281.8,-70.5));
#398 = LINE('',#399,#400);
#399 = CARTESIAN_POINT('',(-12.75916979433,278.2,-70.5));
#400 = VECTOR('',#401,1.);
#401 = DIRECTION('',(0.,1.,6.661338147751E-16));
#402 = ORIENTED_EDGE('',*,*,#403,.T.);
#403 = EDGE_CURVE('',#396,#404,#406,.T.);
#404 = VERTEX_POINT('',#405);
#405 = CARTESIAN_POINT('',(54.500000000056,281.8,-10.4464340412));
#406 = LINE('',#407,#408);
#407 = CARTESIAN_POINT('',(-12.75916979433,281.8,-70.5));
#408 = VECTOR('',#409,1.);
#409 = DIRECTION('',(0.745933607584,-4.436586496903E-16,0.666020309808)
  );
#410 = ORIENTED_EDGE('',*,*,#411,.F.);
#411 = EDGE_CURVE('',#412,#404,#414,.T.);
#412 = VERTEX_POINT('',#413);
#413 = CARTESIAN_POINT('',(54.500000000056,-41.8,-10.4464340412));
#414 = LINE('',#415,#416);
#415 = CARTESIAN_POINT('',(54.500000000058,218.6,-10.4464340412));
#416 = VECTOR('',#417,1.);
#417 = DIRECTION('',(2.22044604925E-16,1.,1.982565406089E-16));
#418 = ORIENTED_EDGE('',*,*,#419,.F.);
#419 = EDGE_CURVE('',#24,#412,#420,.T.);
#420 = LINE('',#421,#422);
#421 = CARTESIAN_POINT('',(-12.75916979433,-41.8,-70.5));
#422 = VECTOR('',#423,1.);
#423 = DIRECTION('',(0.745933607584,1.478862165634E-16,0.666020309808));
#424 = PLANE('',#425);
#425 = AXIS2_PLACEMENT_3D('',#426,#427,#428);
#426 = CARTESIAN_POINT('',(33.725638330027,120.,-28.99519850881));
#427 = DIRECTION('',(0.666020309808,0.,-0.745933607584));
#428 = DIRECTION('',(-0.745933607584,0.,-0.666020309808));
#429 = ADVANCED_FACE('',(#430),#480,.T.);
#430 = FACE_BOUND('',#431,.T.);
#431 = EDGE_LOOP('',(#432,#442,#450,#459,#465,#466,#474));
#432 = ORIENTED_EDGE('',*,*,#433,.T.);
#433 = EDGE_CURVE('',#434,#436,#438,.T.);
#434 = VERTEX_POINT('',#435);
#435 = CARTESIAN_POINT('',(-42.75916979433,-15.,-70.5));
#436 = VERTEX_POINT('',#437);
#437 = CARTESIAN_POINT('',(-38.72465395201,-15.,-70.5));
#438 = LINE('',#439,#440);
#439 = CARTESIAN_POINT('',(-45.24539708884,-15.,-70.5));
#440 = VECTOR('',#441,1.);
#441 = DIRECTION('',(1.,0.,8.809807316332E-16));
#442 = ORIENTED_EDGE('',*,*,#443,.T.);
#443 = EDGE_CURVE('',#436,#444,#446,.T.);
#444 = VERTEX_POINT('',#445);
#445 = CARTESIAN_POINT('',(-38.72465395201,-34.2,-70.5));
#446 = LINE('',#447,#448);
#447 = CARTESIAN_POINT('',(-38.72465395201,41.8,-70.5));
#448 = VECTOR('',#449,1.);
#449 = DIRECTION('',(0.,-1.,2.22044604925E-16));
#450 = ORIENTED_EDGE('',*,*,#451,.F.);
#451 = EDGE_CURVE('',#452,#444,#454,.T.);
#452 = VERTEX_POINT('',#453);
#453 = CARTESIAN_POINT('',(-34.69013810969,-38.2,-70.5));
#454 = ELLIPSE('',#455,4.034515842321,4.);
#455 = AXIS2_PLACEMENT_3D('',#456,#457,#458);
#456 = CARTESIAN_POINT('',(-34.69013810969,-34.2,-70.5));
#457 = DIRECTION('',(8.809807316332E-16,0.,-1.));
#458 = DIRECTION('',(-1.,0.,-8.809807316332E-16));
#459 = ORIENTED_EDGE('',*,*,#460,.T.);
#460 = EDGE_CURVE('',#452,#22,#461,.T.);
#461 = LINE('',#462,#463);
#462 = CARTESIAN_POINT('',(-42.75916979433,-38.2,-70.5));
#463 = VECTOR('',#464,1.);
#464 = DIRECTION('',(1.,0.,0.));
#465 = ORIENTED_EDGE('',*,*,#21,.T.);
#466 = ORIENTED_EDGE('',*,*,#467,.T.);
#467 = EDGE_CURVE('',#24,#468,#470,.T.);
#468 = VERTEX_POINT('',#469);
#469 = CARTESIAN_POINT('',(-42.75916979433,-41.8,-70.5));
#470 = LINE('',#471,#472);
#471 = CARTESIAN_POINT('',(-38.72465395201,-41.8,-70.5));
#472 = VECTOR('',#473,1.);
#473 = DIRECTION('',(-1.,0.,0.));
#474 = ORIENTED_EDGE('',*,*,#475,.F.);
#475 = EDGE_CURVE('',#434,#468,#476,.T.);
#476 = LINE('',#477,#478);
#477 = CARTESIAN_POINT('',(-42.75916979433,41.8,-70.5));
#478 = VECTOR('',#479,1.);
#479 = DIRECTION('',(0.,-1.,2.22044604925E-16));
#480 = PLANE('',#481);
#481 = AXIS2_PLACEMENT_3D('',#482,#483,#484);
#482 = CARTESIAN_POINT('',(-34.49079417768,5.70203921732E-15,-70.5));
#483 = DIRECTION('',(8.809807316332E-16,0.,-1.));
#484 = DIRECTION('',(-1.,0.,-8.809807316332E-16));
#485 = ADVANCED_FACE('',(#486),#527,.T.);
#486 = FACE_BOUND('',#487,.T.);
#487 = EDGE_LOOP('',(#488,#489,#497,#505,#513,#521,#526));
#488 = ORIENTED_EDGE('',*,*,#460,.F.);
#489 = ORIENTED_EDGE('',*,*,#490,.T.);
#490 = EDGE_CURVE('',#452,#491,#493,.T.);
#491 = VERTEX_POINT('',#492);
#492 = CARTESIAN_POINT('',(-41.27240663063,-38.2,-20.50270681099));
#493 = LINE('',#494,#495);
#494 = CARTESIAN_POINT('',(-34.75887450651,-38.2,-69.97789523112));
#495 = VECTOR('',#496,1.);
#496 = DIRECTION('',(-0.13052619222,0.,0.991444861374));
#497 = ORIENTED_EDGE('',*,*,#498,.T.);
#498 = EDGE_CURVE('',#491,#499,#501,.T.);
#499 = VERTEX_POINT('',#500);
#500 = CARTESIAN_POINT('',(-39.05536079409,-38.2,-17.94952869926));
#501 = LINE('',#502,#503);
#502 = CARTESIAN_POINT('',(-42.45296662701,-38.2,-21.8622546799));
#503 = VECTOR('',#504,1.);
#504 = DIRECTION('',(0.655654995826,0.,0.755060611109));
#505 = ORIENTED_EDGE('',*,*,#506,.T.);
#506 = EDGE_CURVE('',#499,#507,#509,.T.);
#507 = VERTEX_POINT('',#508);
#508 = CARTESIAN_POINT('',(-43.65646345895,-38.2,-2.9));
#509 = LINE('',#510,#511);
#510 = CARTESIAN_POINT('',(-39.70320885248,-38.2,-15.8305131811));
#511 = VECTOR('',#512,1.);
#512 = DIRECTION('',(-0.292371704723,0.,0.956304755963));
#513 = ORIENTED_EDGE('',*,*,#514,.F.);
#514 = EDGE_CURVE('',#515,#507,#517,.T.);
#515 = VERTEX_POINT('',#516);
#516 = CARTESIAN_POINT('',(49.89,-38.2,-2.9));
#517 = LINE('',#518,#519);
#518 = CARTESIAN_POINT('',(-29.61834564447,-38.2,-2.9));
#519 = VECTOR('',#520,1.);
#520 = DIRECTION('',(-1.,0.,0.));
#521 = ORIENTED_EDGE('',*,*,#522,.T.);
#522 = EDGE_CURVE('',#515,#32,#523,.T.);
#523 = B_SPLINE_CURVE_WITH_KNOTS('',1,(#524,#525),.UNSPECIFIED.,.F.,.F.,
  (2,2),(0.,1.),.PIECEWISE_BEZIER_KNOTS.);
#524 = CARTESIAN_POINT('',(49.6,-38.19999999999,-1.696420781627E-14));
#525 = CARTESIAN_POINT('',(51.316078976864,-38.19999999999,
    -17.16078976863));
#526 = ORIENTED_EDGE('',*,*,#31,.F.);
#527 = PLANE('',#528);
#528 = AXIS2_PLACEMENT_3D('',#529,#530,#531);
#529 = CARTESIAN_POINT('',(-5.736691288946,-38.2,-26.65957773548));
#530 = DIRECTION('',(0.,1.,0.));
#531 = DIRECTION('',(0.,0.,1.));
#532 = ADVANCED_FACE('',(#533),#593,.F.);
#533 = FACE_BOUND('',#534,.F.);
#534 = EDGE_LOOP('',(#535,#542,#551,#591,#592));
#535 = ORIENTED_EDGE('',*,*,#536,.F.);
#536 = EDGE_CURVE('',#537,#40,#539,.T.);
#537 = VERTEX_POINT('',#538);
#538 = CARTESIAN_POINT('',(52.599999999999,-35.2,-1.563194018672E-14));
#539 = B_SPLINE_CURVE_WITH_KNOTS('',1,(#540,#541),.UNSPECIFIED.,.F.,.F.,
  (2,2),(0.,1.),.PIECEWISE_BEZIER_KNOTS.);
#540 = CARTESIAN_POINT('',(52.599999999999,-35.2,-1.563194018672E-14));
#541 = CARTESIAN_POINT('',(54.316078976863,-35.2,-17.16078976863));
#542 = ORIENTED_EDGE('',*,*,#543,.T.);
#543 = EDGE_CURVE('',#537,#544,#546,.T.);
#544 = VERTEX_POINT('',#545);
#545 = CARTESIAN_POINT('',(52.598332870111,-35.3,-8.060219158779E-15));
#546 = CIRCLE('',#547,3.000000000002);
#547 = AXIS2_PLACEMENT_3D('',#548,#549,#550);
#548 = CARTESIAN_POINT('',(49.599999999996,-35.19999999999,
    -1.563194018672E-14));
#549 = DIRECTION('',(0.,4.440892098501E-16,-1.));
#550 = DIRECTION('',(1.,0.,0.));
#551 = ORIENTED_EDGE('',*,*,#552,.T.);
#552 = EDGE_CURVE('',#544,#515,#553,.T.);
#553 = B_SPLINE_CURVE_WITH_KNOTS('',8,(#554,#555,#556,#557,#558,#559,
    #560,#561,#562,#563,#564,#565,#566,#567,#568,#569,#570,#571,#572,
    #573,#574,#575,#576,#577,#578,#579,#580,#581,#582,#583,#584,#585,
    #586,#587,#588,#589,#590),.UNSPECIFIED.,.F.,.F.,(9,7,7,7,7,9),(0.,
    0.437766921926,0.609525712437,0.740687799936,0.94625030891,1.),
  .UNSPECIFIED.);
#554 = CARTESIAN_POINT('',(52.598332868695,-35.3,-1.480759959094E-14));
#555 = CARTESIAN_POINT('',(52.612588191782,-35.51388938226,
    -0.213889382267));
#556 = CARTESIAN_POINT('',(52.609408123211,-35.72810727389,
    -0.42810727389));
#557 = CARTESIAN_POINT('',(52.588493392042,-35.94204891474,
    -0.642048914748));
#558 = CARTESIAN_POINT('',(52.549225045883,-36.15484628088,
    -0.854846280881));
#559 = CARTESIAN_POINT('',(52.490824017424,-36.36537774792,
    -1.065377747928));
#560 = CARTESIAN_POINT('',(52.412336990664,-36.57224969811,
    -1.27224969811));
#561 = CARTESIAN_POINT('',(52.312714380771,-36.77380456664,
    -1.473804566646));
#562 = CARTESIAN_POINT('',(52.142479958907,-37.04423607356,
    -1.744236073569));
#563 = CARTESIAN_POINT('',(52.09104679558,-37.11927682913,
    -1.819276829136));
#564 = CARTESIAN_POINT('',(52.036074543128,-37.19301961724,
    -1.893019617248));
#565 = CARTESIAN_POINT('',(51.977489725018,-37.26530803806,
    -1.965308038068));
#566 = CARTESIAN_POINT('',(51.915225057147,-37.33596418055,
    -2.035964180556));
#567 = CARTESIAN_POINT('',(51.849222682441,-37.40478992202,
    -2.104789922024));
#568 = CARTESIAN_POINT('',(51.779437405457,-37.47156822767,
    -2.171568227673));
#569 = CARTESIAN_POINT('',(51.649637860818,-37.58531642234,
    -2.28531642234));
#570 = CARTESIAN_POINT('',(51.591216448538,-37.63323418079,
    -2.333234180798));
#571 = CARTESIAN_POINT('',(51.530566082898,-37.6797116075,
    -2.379711607506));
#572 = CARTESIAN_POINT('',(51.467686851958,-37.72463295208,
    -2.424632952084));
#573 = CARTESIAN_POINT('',(51.402591138998,-37.76787489566,
    -2.467874895669));
#574 = CARTESIAN_POINT('',(51.335306222421,-37.80930861479,
    -2.509308614794));
#575 = CARTESIAN_POINT('',(51.265876875655,-37.84880184527,
    -2.548801845273));
#576 = CARTESIAN_POINT('',(51.082296323908,-37.94486566874,
    -2.644865668747));
#577 = CARTESIAN_POINT('',(50.965049624117,-37.99845166076,
    -2.69845166076));
#578 = CARTESIAN_POINT('',(50.842956671947,-38.04640758492,
    -2.746407584925));
#579 = CARTESIAN_POINT('',(50.716450631655,-38.08820489965,
    -2.788204899656));
#580 = CARTESIAN_POINT('',(50.586077329921,-38.12337214215,
    -2.823372142152));
#581 = CARTESIAN_POINT('',(50.452508232502,-38.1515219038,
    -2.851521903809));
#582 = CARTESIAN_POINT('',(50.316558095082,-38.17239049784,
    -2.872390497844));
#583 = CARTESIAN_POINT('',(50.143293329768,-38.1894202003,
    -2.889420200301));
#584 = CARTESIAN_POINT('',(50.107280083846,-38.19244662687,
    -2.892446626874));
#585 = CARTESIAN_POINT('',(50.071183399748,-38.19496808158,
    -2.894968081586));
#586 = CARTESIAN_POINT('',(50.035019081962,-38.19698379469,
    -2.896983794692));
#587 = CARTESIAN_POINT('',(49.9988028903,-38.19849374398,-2.898493743985
    ));
#588 = CARTESIAN_POINT('',(49.962550539894,-38.19949865479,
    -2.899498654797));
#589 = CARTESIAN_POINT('',(49.926277701201,-38.19999999999,
    -2.899999999998));
#590 = CARTESIAN_POINT('',(49.89,-38.19999999999,-2.899999999998));
#591 = ORIENTED_EDGE('',*,*,#522,.T.);
#592 = ORIENTED_EDGE('',*,*,#39,.T.);
#593 = B_SPLINE_SURFACE_WITH_KNOTS('',8,1,(
    (#594,#595)
    ,(#596,#597)
    ,(#598,#599)
    ,(#600,#601)
    ,(#602,#603)
    ,(#604,#605)
    ,(#606,#607)
    ,(#608,#609)
    ,(#610,#611
    )),.UNSPECIFIED.,.F.,.F.,.F.,(9,9),(2,2),(1.086526393011E-12,
    1.570796326794),(0.,1.),.PIECEWISE_BEZIER_KNOTS.);
#594 = CARTESIAN_POINT('',(52.599999999998,-35.2,-1.563194018672E-14));
#595 = CARTESIAN_POINT('',(54.316078976862,-35.2,-17.16078976863));
#596 = CARTESIAN_POINT('',(52.599999999998,-35.78904862254,
    -1.589353032407E-14));
#597 = CARTESIAN_POINT('',(54.316078976861,-35.78904862254,
    -17.16078976863));
#598 = CARTESIAN_POINT('',(52.467817633113,-36.37809743051,
    -1.615512054376E-14));
#599 = CARTESIAN_POINT('',(54.183896609979,-36.37809743051,
    -17.16078976863));
#600 = CARTESIAN_POINT('',(52.203454197613,-36.932539703,
    -1.640134237446E-14));
#601 = CARTESIAN_POINT('',(53.919533174473,-36.932539703,-17.16078976863
    ));
#602 = CARTESIAN_POINT('',(51.817776267335,-37.41777626733,
    -1.661683069691E-14));
#603 = CARTESIAN_POINT('',(53.533855244204,-37.41777626733,
    -17.16078976863));
#604 = CARTESIAN_POINT('',(51.332539703005,-37.80345419761,
    -1.678810610422E-14));
#605 = CARTESIAN_POINT('',(53.048618679865,-37.80345419761,
    -17.16078976863));
#606 = CARTESIAN_POINT('',(50.778097430511,-38.06781763311,
    -1.690550705341E-14));
#607 = CARTESIAN_POINT('',(52.494176407376,-38.06781763311,
    -17.16078976863));
#608 = CARTESIAN_POINT('',(50.189048622548,-38.19999999999,
    -1.696420781627E-14));
#609 = CARTESIAN_POINT('',(51.905127599411,-38.19999999999,
    -17.16078976863));
#610 = CARTESIAN_POINT('',(49.6,-38.19999999999,-1.696420781627E-14));
#611 = CARTESIAN_POINT('',(51.316078976864,-38.19999999999,
    -17.16078976863));
#612 = ADVANCED_FACE('',(#613),#630,.F.);
#613 = FACE_BOUND('',#614,.F.);
#614 = EDGE_LOOP('',(#615,#622,#628,#629));
#615 = ORIENTED_EDGE('',*,*,#616,.F.);
#616 = EDGE_CURVE('',#617,#71,#619,.T.);
#617 = VERTEX_POINT('',#618);
#618 = CARTESIAN_POINT('',(52.599999999999,35.2,0.));
#619 = B_SPLINE_CURVE_WITH_KNOTS('',1,(#620,#621),.UNSPECIFIED.,.F.,.F.,
  (2,2),(0.,1.),.PIECEWISE_BEZIER_KNOTS.);
#620 = CARTESIAN_POINT('',(52.599999999999,35.2,0.));
#621 = CARTESIAN_POINT('',(54.316078976863,35.2,-17.16078976863));
#622 = ORIENTED_EDGE('',*,*,#623,.T.);
#623 = EDGE_CURVE('',#617,#537,#624,.T.);
#624 = LINE('',#625,#626);
#625 = CARTESIAN_POINT('',(52.599999999941,41.199999999924,0.));
#626 = VECTOR('',#627,1.);
#627 = DIRECTION('',(0.,-1.,0.));
#628 = ORIENTED_EDGE('',*,*,#536,.T.);
#629 = ORIENTED_EDGE('',*,*,#70,.T.);
#630 = B_SPLINE_SURFACE_WITH_KNOTS('',1,1,(
    (#631,#632)
    ,(#633,#634
    )),.UNSPECIFIED.,.F.,.F.,.F.,(2,2),(2,2),(0.,82.399999999848),(0.,1.
    ),.PIECEWISE_BEZIER_KNOTS.);
#631 = CARTESIAN_POINT('',(52.599999999941,41.199999999924,0.));
#632 = CARTESIAN_POINT('',(54.316078976805,39.48392102306,
    -17.16078976863));
#633 = CARTESIAN_POINT('',(52.599999999941,-41.19999999992,0.));
#634 = CARTESIAN_POINT('',(54.316078976805,-39.48392102306,
    -17.16078976863));
#635 = ADVANCED_FACE('',(#636),#696,.T.);
#636 = FACE_BOUND('',#637,.T.);
#637 = EDGE_LOOP('',(#638,#639,#648,#690,#695));
#638 = ORIENTED_EDGE('',*,*,#616,.F.);
#639 = ORIENTED_EDGE('',*,*,#640,.T.);
#640 = EDGE_CURVE('',#617,#641,#643,.T.);
#641 = VERTEX_POINT('',#642);
#642 = CARTESIAN_POINT('',(52.598332870111,35.3,-2.22044604925E-16));
#643 = CIRCLE('',#644,3.000000000002);
#644 = AXIS2_PLACEMENT_3D('',#645,#646,#647);
#645 = CARTESIAN_POINT('',(49.599999999996,35.199999999996,0.));
#646 = DIRECTION('',(0.,0.,1.));
#647 = DIRECTION('',(1.,0.,0.));
#648 = ORIENTED_EDGE('',*,*,#649,.T.);
#649 = EDGE_CURVE('',#641,#650,#652,.T.);
#650 = VERTEX_POINT('',#651);
#651 = CARTESIAN_POINT('',(49.89,38.2,-2.9));
#652 = B_SPLINE_CURVE_WITH_KNOTS('',8,(#653,#654,#655,#656,#657,#658,
    #659,#660,#661,#662,#663,#664,#665,#666,#667,#668,#669,#670,#671,
    #672,#673,#674,#675,#676,#677,#678,#679,#680,#681,#682,#683,#684,
    #685,#686,#687,#688,#689),.UNSPECIFIED.,.F.,.F.,(9,7,7,7,7,9),(0.,
    0.437766921926,0.609525712437,0.740687799936,0.94625030891,1.),
  .UNSPECIFIED.);
#653 = CARTESIAN_POINT('',(52.598332868695,35.3,2.775557561563E-15));
#654 = CARTESIAN_POINT('',(52.612588191782,35.513889382266,
    -0.213889382266));
#655 = CARTESIAN_POINT('',(52.609408123211,35.728107273891,
    -0.428107273891));
#656 = CARTESIAN_POINT('',(52.588493392041,35.942048914746,
    -0.642048914746));
#657 = CARTESIAN_POINT('',(52.549225045883,36.154846280883,
    -0.854846280883));
#658 = CARTESIAN_POINT('',(52.490824017424,36.365377747926,
    -1.065377747926));
#659 = CARTESIAN_POINT('',(52.412336990664,36.572249698111,
    -1.272249698111));
#660 = CARTESIAN_POINT('',(52.312714380771,36.773804566646,
    -1.473804566646));
#661 = CARTESIAN_POINT('',(52.142479958907,37.044236073569,
    -1.744236073569));
#662 = CARTESIAN_POINT('',(52.09104679558,37.119276829136,
    -1.819276829136));
#663 = CARTESIAN_POINT('',(52.036074543128,37.193019617248,
    -1.893019617248));
#664 = CARTESIAN_POINT('',(51.977489725018,37.265308038068,
    -1.965308038068));
#665 = CARTESIAN_POINT('',(51.915225057147,37.335964180556,
    -2.035964180556));
#666 = CARTESIAN_POINT('',(51.849222682441,37.404789922024,
    -2.104789922024));
#667 = CARTESIAN_POINT('',(51.779437405457,37.471568227673,
    -2.171568227673));
#668 = CARTESIAN_POINT('',(51.649637860818,37.58531642234,-2.28531642234
    ));
#669 = CARTESIAN_POINT('',(51.591216448538,37.633234180798,
    -2.333234180798));
#670 = CARTESIAN_POINT('',(51.530566082898,37.679711607506,
    -2.379711607506));
#671 = CARTESIAN_POINT('',(51.467686851958,37.724632952084,
    -2.424632952084));
#672 = CARTESIAN_POINT('',(51.402591138998,37.767874895669,
    -2.467874895669));
#673 = CARTESIAN_POINT('',(51.335306222421,37.809308614794,
    -2.509308614794));
#674 = CARTESIAN_POINT('',(51.265876875655,37.848801845273,
    -2.548801845273));
#675 = CARTESIAN_POINT('',(51.082296323908,37.944865668747,
    -2.644865668747));
#676 = CARTESIAN_POINT('',(50.965049624117,37.99845166076,-2.69845166076
    ));
#677 = CARTESIAN_POINT('',(50.842956671947,38.046407584925,
    -2.746407584925));
#678 = CARTESIAN_POINT('',(50.716450631655,38.088204899656,
    -2.788204899656));
#679 = CARTESIAN_POINT('',(50.586077329921,38.123372142152,
    -2.823372142152));
#680 = CARTESIAN_POINT('',(50.452508232501,38.151521903809,
    -2.851521903809));
#681 = CARTESIAN_POINT('',(50.316558095083,38.172390497844,
    -2.872390497844));
#682 = CARTESIAN_POINT('',(50.143293329768,38.189420200301,
    -2.889420200301));
#683 = CARTESIAN_POINT('',(50.107280083846,38.192446626874,
    -2.892446626874));
#684 = CARTESIAN_POINT('',(50.071183399748,38.194968081586,
    -2.894968081586));
#685 = CARTESIAN_POINT('',(50.035019081962,38.196983794692,
    -2.896983794692));
#686 = CARTESIAN_POINT('',(49.9988028903,38.198493743985,-2.898493743985
    ));
#687 = CARTESIAN_POINT('',(49.962550539894,38.199498654797,
    -2.899498654797));
#688 = CARTESIAN_POINT('',(49.926277701201,38.199999999998,
    -2.899999999998));
#689 = CARTESIAN_POINT('',(49.89,38.199999999998,-2.899999999998));
#690 = ORIENTED_EDGE('',*,*,#691,.T.);
#691 = EDGE_CURVE('',#650,#78,#692,.T.);
#692 = B_SPLINE_CURVE_WITH_KNOTS('',1,(#693,#694),.UNSPECIFIED.,.F.,.F.,
  (2,2),(0.,1.),.PIECEWISE_BEZIER_KNOTS.);
#693 = CARTESIAN_POINT('',(49.6,38.199999999999,0.));
#694 = CARTESIAN_POINT('',(51.316078976864,38.199999999999,
    -17.16078976863));
#695 = ORIENTED_EDGE('',*,*,#77,.T.);
#696 = B_SPLINE_SURFACE_WITH_KNOTS('',8,1,(
    (#697,#698)
    ,(#699,#700)
    ,(#701,#702)
    ,(#703,#704)
    ,(#705,#706)
    ,(#707,#708)
    ,(#709,#710)
    ,(#711,#712)
    ,(#713,#714
    )),.UNSPECIFIED.,.F.,.F.,.F.,(9,9),(2,2),(1.086526393011E-12,
    1.570796326794),(0.,1.),.PIECEWISE_BEZIER_KNOTS.);
#697 = CARTESIAN_POINT('',(52.599999999998,35.2,0.));
#698 = CARTESIAN_POINT('',(54.316078976862,35.2,-17.16078976863));
#699 = CARTESIAN_POINT('',(52.599999999998,35.789048622548,0.));
#700 = CARTESIAN_POINT('',(54.316078976861,35.789048622548,
    -17.16078976863));
#701 = CARTESIAN_POINT('',(52.467817633113,36.378097430511,0.));
#702 = CARTESIAN_POINT('',(54.183896609979,36.378097430512,
    -17.16078976863));
#703 = CARTESIAN_POINT('',(52.203454197613,36.932539703003,0.));
#704 = CARTESIAN_POINT('',(53.919533174473,36.932539703003,
    -17.16078976863));
#705 = CARTESIAN_POINT('',(51.817776267335,37.417776267337,0.));
#706 = CARTESIAN_POINT('',(53.533855244204,37.417776267339,
    -17.16078976863));
#707 = CARTESIAN_POINT('',(51.332539703005,37.803454197612,0.));
#708 = CARTESIAN_POINT('',(53.048618679865,37.803454197611,
    -17.16078976863));
#709 = CARTESIAN_POINT('',(50.778097430511,38.067817633113,0.));
#710 = CARTESIAN_POINT('',(52.494176407376,38.067817633114,
    -17.16078976863));
#711 = CARTESIAN_POINT('',(50.189048622548,38.199999999998,0.));
#712 = CARTESIAN_POINT('',(51.905127599411,38.199999999998,
    -17.16078976863));
#713 = CARTESIAN_POINT('',(49.6,38.199999999998,0.));
#714 = CARTESIAN_POINT('',(51.316078976864,38.199999999999,
    -17.16078976863));
#715 = ADVANCED_FACE('',(#716),#758,.T.);
#716 = FACE_BOUND('',#717,.F.);
#717 = EDGE_LOOP('',(#718,#726,#734,#742,#750,#756,#757));
#718 = ORIENTED_EDGE('',*,*,#719,.F.);
#719 = EDGE_CURVE('',#720,#109,#722,.T.);
#720 = VERTEX_POINT('',#721);
#721 = CARTESIAN_POINT('',(-34.69013810969,38.2,-70.5));
#722 = LINE('',#723,#724);
#723 = CARTESIAN_POINT('',(-42.75916979433,38.2,-70.5));
#724 = VECTOR('',#725,1.);
#725 = DIRECTION('',(1.,0.,0.));
#726 = ORIENTED_EDGE('',*,*,#727,.T.);
#727 = EDGE_CURVE('',#720,#728,#730,.T.);
#728 = VERTEX_POINT('',#729);
#729 = CARTESIAN_POINT('',(-41.27240663063,38.2,-20.50270681099));
#730 = LINE('',#731,#732);
#731 = CARTESIAN_POINT('',(-34.75887450651,38.2,-69.97789523112));
#732 = VECTOR('',#733,1.);
#733 = DIRECTION('',(-0.13052619222,-4.402899650974E-16,0.991444861374)
  );
#734 = ORIENTED_EDGE('',*,*,#735,.T.);
#735 = EDGE_CURVE('',#728,#736,#738,.T.);
#736 = VERTEX_POINT('',#737);
#737 = CARTESIAN_POINT('',(-39.05536079409,38.2,-17.94952869926));
#738 = LINE('',#739,#740);
#739 = CARTESIAN_POINT('',(-42.45296662701,38.2,-21.8622546799));
#740 = VECTOR('',#741,1.);
#741 = DIRECTION('',(0.655654995826,-3.353142701762E-16,0.755060611109)
  );
#742 = ORIENTED_EDGE('',*,*,#743,.T.);
#743 = EDGE_CURVE('',#736,#744,#746,.T.);
#744 = VERTEX_POINT('',#745);
#745 = CARTESIAN_POINT('',(-43.65646345895,38.2,-2.9));
#746 = LINE('',#747,#748);
#747 = CARTESIAN_POINT('',(-39.70320885248,38.2,-15.8305131811));
#748 = VECTOR('',#749,1.);
#749 = DIRECTION('',(-0.292371704723,-4.246846234515E-16,0.956304755963)
  );
#750 = ORIENTED_EDGE('',*,*,#751,.T.);
#751 = EDGE_CURVE('',#744,#650,#752,.T.);
#752 = LINE('',#753,#754);
#753 = CARTESIAN_POINT('',(-29.61834564447,38.2,-2.9));
#754 = VECTOR('',#755,1.);
#755 = DIRECTION('',(1.,0.,0.));
#756 = ORIENTED_EDGE('',*,*,#691,.T.);
#757 = ORIENTED_EDGE('',*,*,#108,.F.);
#758 = PLANE('',#759);
#759 = AXIS2_PLACEMENT_3D('',#760,#761,#762);
#760 = CARTESIAN_POINT('',(-5.736691288946,38.2,-26.65957773548));
#761 = DIRECTION('',(-0.,-1.,-4.440892098501E-16));
#762 = DIRECTION('',(0.,4.440892098501E-16,-1.));
#763 = ADVANCED_FACE('',(#764),#832,.T.);
#764 = FACE_BOUND('',#765,.T.);
#765 = EDGE_LOOP('',(#766,#776,#784,#792,#801,#807,#808,#809,#818,#826)
  );
#766 = ORIENTED_EDGE('',*,*,#767,.F.);
#767 = EDGE_CURVE('',#768,#770,#772,.T.);
#768 = VERTEX_POINT('',#769);
#769 = CARTESIAN_POINT('',(-42.75916979433,65.,-70.5));
#770 = VERTEX_POINT('',#771);
#771 = CARTESIAN_POINT('',(-42.75916979433,15.,-70.5));
#772 = LINE('',#773,#774);
#773 = CARTESIAN_POINT('',(-42.75916979433,41.8,-70.5));
#774 = VECTOR('',#775,1.);
#775 = DIRECTION('',(0.,-1.,2.22044604925E-16));
#776 = ORIENTED_EDGE('',*,*,#777,.T.);
#777 = EDGE_CURVE('',#768,#778,#780,.T.);
#778 = VERTEX_POINT('',#779);
#779 = CARTESIAN_POINT('',(-38.72465395201,65.,-70.5));
#780 = LINE('',#781,#782);
#781 = CARTESIAN_POINT('',(-45.24539708884,65.,-70.5));
#782 = VECTOR('',#783,1.);
#783 = DIRECTION('',(1.,0.,8.809807316332E-16));
#784 = ORIENTED_EDGE('',*,*,#785,.T.);
#785 = EDGE_CURVE('',#778,#786,#788,.T.);
#786 = VERTEX_POINT('',#787);
#787 = CARTESIAN_POINT('',(-38.72465395201,45.8,-70.5));
#788 = LINE('',#789,#790);
#789 = CARTESIAN_POINT('',(-38.72465395201,121.8,-70.5));
#790 = VECTOR('',#791,1.);
#791 = DIRECTION('',(0.,-1.,2.22044604925E-16));
#792 = ORIENTED_EDGE('',*,*,#793,.F.);
#793 = EDGE_CURVE('',#794,#786,#796,.T.);
#794 = VERTEX_POINT('',#795);
#795 = CARTESIAN_POINT('',(-34.69013810969,41.8,-70.5));
#796 = ELLIPSE('',#797,4.034515842321,4.);
#797 = AXIS2_PLACEMENT_3D('',#798,#799,#800);
#798 = CARTESIAN_POINT('',(-34.69013810969,45.8,-70.5));
#799 = DIRECTION('',(8.809807316332E-16,0.,-1.));
#800 = DIRECTION('',(-1.,0.,-8.809807316332E-16));
#801 = ORIENTED_EDGE('',*,*,#802,.F.);
#802 = EDGE_CURVE('',#117,#794,#803,.T.);
#803 = LINE('',#804,#805);
#804 = CARTESIAN_POINT('',(-38.72465395201,41.8,-70.5));
#805 = VECTOR('',#806,1.);
#806 = DIRECTION('',(-1.,0.,0.));
#807 = ORIENTED_EDGE('',*,*,#116,.F.);
#808 = ORIENTED_EDGE('',*,*,#719,.F.);
#809 = ORIENTED_EDGE('',*,*,#810,.F.);
#810 = EDGE_CURVE('',#811,#720,#813,.T.);
#811 = VERTEX_POINT('',#812);
#812 = CARTESIAN_POINT('',(-38.72465395201,34.2,-70.5));
#813 = ELLIPSE('',#814,4.034515842321,4.);
#814 = AXIS2_PLACEMENT_3D('',#815,#816,#817);
#815 = CARTESIAN_POINT('',(-34.69013810969,34.2,-70.5));
#816 = DIRECTION('',(8.809807316332E-16,-1.219818579635E-46,-1.));
#817 = DIRECTION('',(-1.,-3.373192442135E-15,-8.809807316332E-16));
#818 = ORIENTED_EDGE('',*,*,#819,.T.);
#819 = EDGE_CURVE('',#811,#820,#822,.T.);
#820 = VERTEX_POINT('',#821);
#821 = CARTESIAN_POINT('',(-38.72465395201,15.,-70.5));
#822 = LINE('',#823,#824);
#823 = CARTESIAN_POINT('',(-38.72465395201,41.8,-70.5));
#824 = VECTOR('',#825,1.);
#825 = DIRECTION('',(0.,-1.,2.22044604925E-16));
#826 = ORIENTED_EDGE('',*,*,#827,.T.);
#827 = EDGE_CURVE('',#820,#770,#828,.T.);
#828 = LINE('',#829,#830);
#829 = CARTESIAN_POINT('',(-45.24539708884,15.,-70.5));
#830 = VECTOR('',#831,1.);
#831 = DIRECTION('',(-1.,-0.,-8.809807316332E-16));
#832 = PLANE('',#833);
#833 = AXIS2_PLACEMENT_3D('',#834,#835,#836);
#834 = CARTESIAN_POINT('',(-35.19240453827,40.,-70.5));
#835 = DIRECTION('',(5.655249621715E-16,0.,-1.));
#836 = DIRECTION('',(-1.,0.,-5.655249621715E-16));
#837 = ADVANCED_FACE('',(#838),#879,.T.);
#838 = FACE_BOUND('',#839,.T.);
#839 = EDGE_LOOP('',(#840,#841,#849,#857,#865,#873,#878));
#840 = ORIENTED_EDGE('',*,*,#802,.T.);
#841 = ORIENTED_EDGE('',*,*,#842,.T.);
#842 = EDGE_CURVE('',#794,#843,#845,.T.);
#843 = VERTEX_POINT('',#844);
#844 = CARTESIAN_POINT('',(-41.27240663063,41.8,-20.50270681099));
#845 = LINE('',#846,#847);
#846 = CARTESIAN_POINT('',(-34.75887450651,41.8,-69.97789523112));
#847 = VECTOR('',#848,1.);
#848 = DIRECTION('',(-0.13052619222,0.,0.991444861374));
#849 = ORIENTED_EDGE('',*,*,#850,.T.);
#850 = EDGE_CURVE('',#843,#851,#853,.T.);
#851 = VERTEX_POINT('',#852);
#852 = CARTESIAN_POINT('',(-39.05536079409,41.8,-17.94952869926));
#853 = LINE('',#854,#855);
#854 = CARTESIAN_POINT('',(-42.45296662701,41.8,-21.8622546799));
#855 = VECTOR('',#856,1.);
#856 = DIRECTION('',(0.655654995826,0.,0.755060611109));
#857 = ORIENTED_EDGE('',*,*,#858,.T.);
#858 = EDGE_CURVE('',#851,#859,#861,.T.);
#859 = VERTEX_POINT('',#860);
#860 = CARTESIAN_POINT('',(-43.65646345895,41.8,-2.9));
#861 = LINE('',#862,#863);
#862 = CARTESIAN_POINT('',(-39.70320885248,41.8,-15.8305131811));
#863 = VECTOR('',#864,1.);
#864 = DIRECTION('',(-0.292371704723,0.,0.956304755963));
#865 = ORIENTED_EDGE('',*,*,#866,.F.);
#866 = EDGE_CURVE('',#867,#859,#869,.T.);
#867 = VERTEX_POINT('',#868);
#868 = CARTESIAN_POINT('',(49.89,41.8,-2.9));
#869 = LINE('',#870,#871);
#870 = CARTESIAN_POINT('',(-29.61834564447,41.8,-2.9));
#871 = VECTOR('',#872,1.);
#872 = DIRECTION('',(-1.,0.,0.));
#873 = ORIENTED_EDGE('',*,*,#874,.T.);
#874 = EDGE_CURVE('',#867,#125,#875,.T.);
#875 = B_SPLINE_CURVE_WITH_KNOTS('',1,(#876,#877),.UNSPECIFIED.,.F.,.F.,
  (2,2),(0.,1.),.PIECEWISE_BEZIER_KNOTS.);
#876 = CARTESIAN_POINT('',(49.6,41.800000000001,-1.696420781627E-14));
#877 = CARTESIAN_POINT('',(51.316078976864,41.800000000001,
    -17.16078976863));
#878 = ORIENTED_EDGE('',*,*,#124,.F.);
#879 = PLANE('',#880);
#880 = AXIS2_PLACEMENT_3D('',#881,#882,#883);
#881 = CARTESIAN_POINT('',(-5.646371450248,41.8,-25.36210164808));
#882 = DIRECTION('',(8.861877000474E-16,1.,-8.438037129387E-15));
#883 = DIRECTION('',(0.,8.438037129387E-15,1.));
#884 = ADVANCED_FACE('',(#885),#945,.F.);
#885 = FACE_BOUND('',#886,.F.);
#886 = EDGE_LOOP('',(#887,#894,#903,#943,#944));
#887 = ORIENTED_EDGE('',*,*,#888,.F.);
#888 = EDGE_CURVE('',#889,#133,#891,.T.);
#889 = VERTEX_POINT('',#890);
#890 = CARTESIAN_POINT('',(52.599999999999,44.8,-1.563194018672E-14));
#891 = B_SPLINE_CURVE_WITH_KNOTS('',1,(#892,#893),.UNSPECIFIED.,.F.,.F.,
  (2,2),(0.,1.),.PIECEWISE_BEZIER_KNOTS.);
#892 = CARTESIAN_POINT('',(52.599999999999,44.8,-1.563194018672E-14));
#893 = CARTESIAN_POINT('',(54.316078976863,44.8,-17.16078976863));
#894 = ORIENTED_EDGE('',*,*,#895,.T.);
#895 = EDGE_CURVE('',#889,#896,#898,.T.);
#896 = VERTEX_POINT('',#897);
#897 = CARTESIAN_POINT('',(52.598332870111,44.7,-8.060219158779E-15));
#898 = CIRCLE('',#899,3.000000000002);
#899 = AXIS2_PLACEMENT_3D('',#900,#901,#902);
#900 = CARTESIAN_POINT('',(49.599999999996,44.800000000004,
    -1.563194018672E-14));
#901 = DIRECTION('',(0.,4.440892098501E-16,-1.));
#902 = DIRECTION('',(1.,0.,0.));
#903 = ORIENTED_EDGE('',*,*,#904,.T.);
#904 = EDGE_CURVE('',#896,#867,#905,.T.);
#905 = B_SPLINE_CURVE_WITH_KNOTS('',8,(#906,#907,#908,#909,#910,#911,
    #912,#913,#914,#915,#916,#917,#918,#919,#920,#921,#922,#923,#924,
    #925,#926,#927,#928,#929,#930,#931,#932,#933,#934,#935,#936,#937,
    #938,#939,#940,#941,#942),.UNSPECIFIED.,.F.,.F.,(9,7,7,7,7,9),(0.,
    0.437766921926,0.609525712437,0.740687799936,0.94625030891,1.),
  .UNSPECIFIED.);
#906 = CARTESIAN_POINT('',(52.598332868695,44.7,-1.480759959094E-14));
#907 = CARTESIAN_POINT('',(52.612588191782,44.486110617733,
    -0.213889382267));
#908 = CARTESIAN_POINT('',(52.609408123211,44.27189272611,-0.42810727389
    ));
#909 = CARTESIAN_POINT('',(52.588493392042,44.057951085252,
    -0.642048914748));
#910 = CARTESIAN_POINT('',(52.549225045883,43.845153719119,
    -0.854846280881));
#911 = CARTESIAN_POINT('',(52.490824017424,43.634622252072,
    -1.065377747928));
#912 = CARTESIAN_POINT('',(52.412336990664,43.42775030189,-1.27224969811
    ));
#913 = CARTESIAN_POINT('',(52.312714380771,43.226195433354,
    -1.473804566646));
#914 = CARTESIAN_POINT('',(52.142479958907,42.955763926431,
    -1.744236073569));
#915 = CARTESIAN_POINT('',(52.09104679558,42.880723170864,
    -1.819276829136));
#916 = CARTESIAN_POINT('',(52.036074543128,42.806980382752,
    -1.893019617248));
#917 = CARTESIAN_POINT('',(51.977489725018,42.734691961932,
    -1.965308038068));
#918 = CARTESIAN_POINT('',(51.915225057147,42.664035819444,
    -2.035964180556));
#919 = CARTESIAN_POINT('',(51.849222682441,42.595210077976,
    -2.104789922024));
#920 = CARTESIAN_POINT('',(51.779437405457,42.528431772327,
    -2.171568227673));
#921 = CARTESIAN_POINT('',(51.649637860818,42.41468357766,-2.28531642234
    ));
#922 = CARTESIAN_POINT('',(51.591216448538,42.366765819202,
    -2.333234180798));
#923 = CARTESIAN_POINT('',(51.530566082898,42.320288392494,
    -2.379711607506));
#924 = CARTESIAN_POINT('',(51.467686851958,42.275367047916,
    -2.424632952084));
#925 = CARTESIAN_POINT('',(51.402591138998,42.232125104331,
    -2.467874895669));
#926 = CARTESIAN_POINT('',(51.335306222421,42.190691385206,
    -2.509308614794));
#927 = CARTESIAN_POINT('',(51.265876875655,42.151198154727,
    -2.548801845273));
#928 = CARTESIAN_POINT('',(51.082296323908,42.055134331253,
    -2.644865668747));
#929 = CARTESIAN_POINT('',(50.965049624117,42.00154833924,-2.69845166076
    ));
#930 = CARTESIAN_POINT('',(50.842956671947,41.953592415075,
    -2.746407584925));
#931 = CARTESIAN_POINT('',(50.716450631655,41.911795100344,
    -2.788204899656));
#932 = CARTESIAN_POINT('',(50.586077329921,41.876627857848,
    -2.823372142152));
#933 = CARTESIAN_POINT('',(50.452508232502,41.848478096191,
    -2.851521903809));
#934 = CARTESIAN_POINT('',(50.316558095082,41.827609502156,
    -2.872390497844));
#935 = CARTESIAN_POINT('',(50.143293329768,41.810579799699,
    -2.889420200301));
#936 = CARTESIAN_POINT('',(50.107280083846,41.807553373126,
    -2.892446626874));
#937 = CARTESIAN_POINT('',(50.071183399748,41.805031918414,
    -2.894968081586));
#938 = CARTESIAN_POINT('',(50.035019081962,41.803016205308,
    -2.896983794692));
#939 = CARTESIAN_POINT('',(49.9988028903,41.801506256015,-2.898493743985
    ));
#940 = CARTESIAN_POINT('',(49.962550539894,41.800501345203,
    -2.899498654797));
#941 = CARTESIAN_POINT('',(49.926277701201,41.800000000002,
    -2.899999999998));
#942 = CARTESIAN_POINT('',(49.89,41.800000000002,-2.899999999998));
#943 = ORIENTED_EDGE('',*,*,#874,.T.);
#944 = ORIENTED_EDGE('',*,*,#132,.T.);
#945 = B_SPLINE_SURFACE_WITH_KNOTS('',8,1,(
    (#946,#947)
    ,(#948,#949)
    ,(#950,#951)
    ,(#952,#953)
    ,(#954,#955)
    ,(#956,#957)
    ,(#958,#959)
    ,(#960,#961)
    ,(#962,#963
    )),.UNSPECIFIED.,.F.,.F.,.F.,(9,9),(2,2),(1.086526393011E-12,
    1.570796326794),(0.,1.),.PIECEWISE_BEZIER_KNOTS.);
#946 = CARTESIAN_POINT('',(52.599999999998,44.8,-1.563194018672E-14));
#947 = CARTESIAN_POINT('',(54.316078976862,44.8,-17.16078976863));
#948 = CARTESIAN_POINT('',(52.599999999998,44.210951377452,
    -1.589353032407E-14));
#949 = CARTESIAN_POINT('',(54.316078976861,44.210951377452,
    -17.16078976863));
#950 = CARTESIAN_POINT('',(52.467817633113,43.621902569489,
    -1.615512054376E-14));
#951 = CARTESIAN_POINT('',(54.183896609979,43.621902569488,
    -17.16078976863));
#952 = CARTESIAN_POINT('',(52.203454197613,43.067460296997,
    -1.640134237446E-14));
#953 = CARTESIAN_POINT('',(53.919533174473,43.067460296997,
    -17.16078976863));
#954 = CARTESIAN_POINT('',(51.817776267335,42.582223732663,
    -1.661683069691E-14));
#955 = CARTESIAN_POINT('',(53.533855244204,42.582223732661,
    -17.16078976863));
#956 = CARTESIAN_POINT('',(51.332539703005,42.196545802388,
    -1.678810610422E-14));
#957 = CARTESIAN_POINT('',(53.048618679865,42.196545802389,
    -17.16078976863));
#958 = CARTESIAN_POINT('',(50.778097430511,41.932182366887,
    -1.690550705341E-14));
#959 = CARTESIAN_POINT('',(52.494176407376,41.932182366886,
    -17.16078976863));
#960 = CARTESIAN_POINT('',(50.189048622548,41.800000000002,
    -1.696420781627E-14));
#961 = CARTESIAN_POINT('',(51.905127599411,41.800000000002,
    -17.16078976863));
#962 = CARTESIAN_POINT('',(49.6,41.800000000002,-1.696420781627E-14));
#963 = CARTESIAN_POINT('',(51.316078976864,41.800000000001,
    -17.16078976863));
#964 = ADVANCED_FACE('',(#965),#982,.F.);
#965 = FACE_BOUND('',#966,.F.);
#966 = EDGE_LOOP('',(#967,#974,#980,#981));
#967 = ORIENTED_EDGE('',*,*,#968,.F.);
#968 = EDGE_CURVE('',#969,#164,#971,.T.);
#969 = VERTEX_POINT('',#970);
#970 = CARTESIAN_POINT('',(52.599999999999,115.2,0.));
#971 = B_SPLINE_CURVE_WITH_KNOTS('',1,(#972,#973),.UNSPECIFIED.,.F.,.F.,
  (2,2),(0.,1.),.PIECEWISE_BEZIER_KNOTS.);
#972 = CARTESIAN_POINT('',(52.599999999999,115.2,0.));
#973 = CARTESIAN_POINT('',(54.316078976863,115.2,-17.16078976863));
#974 = ORIENTED_EDGE('',*,*,#975,.T.);
#975 = EDGE_CURVE('',#969,#889,#976,.T.);
#976 = LINE('',#977,#978);
#977 = CARTESIAN_POINT('',(52.599999999941,121.19999999992,0.));
#978 = VECTOR('',#979,1.);
#979 = DIRECTION('',(0.,-1.,0.));
#980 = ORIENTED_EDGE('',*,*,#888,.T.);
#981 = ORIENTED_EDGE('',*,*,#163,.T.);
#982 = B_SPLINE_SURFACE_WITH_KNOTS('',1,1,(
    (#983,#984)
    ,(#985,#986
    )),.UNSPECIFIED.,.F.,.F.,.F.,(2,2),(2,2),(0.,82.399999999848),(0.,1.
    ),.PIECEWISE_BEZIER_KNOTS.);
#983 = CARTESIAN_POINT('',(52.599999999941,121.19999999992,0.));
#984 = CARTESIAN_POINT('',(54.316078976805,119.48392102306,
    -17.16078976863));
#985 = CARTESIAN_POINT('',(52.599999999941,38.800000000076,0.));
#986 = CARTESIAN_POINT('',(54.316078976805,40.51607897694,
    -17.16078976863));
#987 = ADVANCED_FACE('',(#988),#1048,.T.);
#988 = FACE_BOUND('',#989,.T.);
#989 = EDGE_LOOP('',(#990,#991,#1000,#1042,#1047));
#990 = ORIENTED_EDGE('',*,*,#968,.F.);
#991 = ORIENTED_EDGE('',*,*,#992,.T.);
#992 = EDGE_CURVE('',#969,#993,#995,.T.);
#993 = VERTEX_POINT('',#994);
#994 = CARTESIAN_POINT('',(52.598332870111,115.3,-2.22044604925E-16));
#995 = CIRCLE('',#996,3.000000000002);
#996 = AXIS2_PLACEMENT_3D('',#997,#998,#999);
#997 = CARTESIAN_POINT('',(49.599999999996,115.19999999999,0.));
#998 = DIRECTION('',(0.,0.,1.));
#999 = DIRECTION('',(1.,0.,0.));
#1000 = ORIENTED_EDGE('',*,*,#1001,.T.);
#1001 = EDGE_CURVE('',#993,#1002,#1004,.T.);
#1002 = VERTEX_POINT('',#1003);
#1003 = CARTESIAN_POINT('',(49.89,118.2,-2.9));
#1004 = B_SPLINE_CURVE_WITH_KNOTS('',8,(#1005,#1006,#1007,#1008,#1009,
    #1010,#1011,#1012,#1013,#1014,#1015,#1016,#1017,#1018,#1019,#1020,
    #1021,#1022,#1023,#1024,#1025,#1026,#1027,#1028,#1029,#1030,#1031,
    #1032,#1033,#1034,#1035,#1036,#1037,#1038,#1039,#1040,#1041),
  .UNSPECIFIED.,.F.,.F.,(9,7,7,7,7,9),(0.,0.437766921926,0.609525712437,
    0.740687799936,0.94625030891,1.),.UNSPECIFIED.);
#1005 = CARTESIAN_POINT('',(52.598332868695,115.3,2.775557561563E-15));
#1006 = CARTESIAN_POINT('',(52.612588191782,115.51388938226,
    -0.213889382266));
#1007 = CARTESIAN_POINT('',(52.609408123211,115.72810727389,
    -0.428107273891));
#1008 = CARTESIAN_POINT('',(52.588493392041,115.94204891474,
    -0.642048914746));
#1009 = CARTESIAN_POINT('',(52.549225045883,116.15484628088,
    -0.854846280883));
#1010 = CARTESIAN_POINT('',(52.490824017424,116.36537774792,
    -1.065377747926));
#1011 = CARTESIAN_POINT('',(52.412336990664,116.57224969811,
    -1.272249698111));
#1012 = CARTESIAN_POINT('',(52.312714380771,116.77380456664,
    -1.473804566646));
#1013 = CARTESIAN_POINT('',(52.142479958907,117.04423607356,
    -1.744236073569));
#1014 = CARTESIAN_POINT('',(52.09104679558,117.11927682913,
    -1.819276829136));
#1015 = CARTESIAN_POINT('',(52.036074543128,117.19301961724,
    -1.893019617248));
#1016 = CARTESIAN_POINT('',(51.977489725018,117.26530803806,
    -1.965308038068));
#1017 = CARTESIAN_POINT('',(51.915225057147,117.33596418055,
    -2.035964180556));
#1018 = CARTESIAN_POINT('',(51.849222682441,117.40478992202,
    -2.104789922024));
#1019 = CARTESIAN_POINT('',(51.779437405457,117.47156822767,
    -2.171568227673));
#1020 = CARTESIAN_POINT('',(51.649637860818,117.58531642234,
    -2.28531642234));
#1021 = CARTESIAN_POINT('',(51.591216448538,117.63323418079,
    -2.333234180798));
#1022 = CARTESIAN_POINT('',(51.530566082898,117.6797116075,
    -2.379711607506));
#1023 = CARTESIAN_POINT('',(51.467686851958,117.72463295208,
    -2.424632952084));
#1024 = CARTESIAN_POINT('',(51.402591138998,117.76787489566,
    -2.467874895669));
#1025 = CARTESIAN_POINT('',(51.335306222421,117.80930861479,
    -2.509308614794));
#1026 = CARTESIAN_POINT('',(51.265876875655,117.84880184527,
    -2.548801845273));
#1027 = CARTESIAN_POINT('',(51.082296323908,117.94486566874,
    -2.644865668747));
#1028 = CARTESIAN_POINT('',(50.965049624117,117.99845166076,
    -2.69845166076));
#1029 = CARTESIAN_POINT('',(50.842956671947,118.04640758492,
    -2.746407584925));
#1030 = CARTESIAN_POINT('',(50.716450631655,118.08820489965,
    -2.788204899656));
#1031 = CARTESIAN_POINT('',(50.586077329921,118.12337214215,
    -2.823372142152));
#1032 = CARTESIAN_POINT('',(50.452508232501,118.1515219038,
    -2.851521903809));
#1033 = CARTESIAN_POINT('',(50.316558095083,118.17239049784,
    -2.872390497844));
#1034 = CARTESIAN_POINT('',(50.143293329768,118.1894202003,
    -2.889420200301));
#1035 = CARTESIAN_POINT('',(50.107280083846,118.19244662687,
    -2.892446626874));
#1036 = CARTESIAN_POINT('',(50.071183399748,118.19496808158,
    -2.894968081586));
#1037 = CARTESIAN_POINT('',(50.035019081962,118.19698379469,
    -2.896983794692));
#1038 = CARTESIAN_POINT('',(49.9988028903,118.19849374398,
    -2.898493743985));
#1039 = CARTESIAN_POINT('',(49.962550539894,118.19949865479,
    -2.899498654797));
#1040 = CARTESIAN_POINT('',(49.926277701201,118.19999999999,
    -2.899999999998));
#1041 = CARTESIAN_POINT('',(49.89,118.19999999999,-2.899999999998));
#1042 = ORIENTED_EDGE('',*,*,#1043,.T.);
#1043 = EDGE_CURVE('',#1002,#171,#1044,.T.);
#1044 = B_SPLINE_CURVE_WITH_KNOTS('',1,(#1045,#1046),.UNSPECIFIED.,.F.,
  .F.,(2,2),(0.,1.),.PIECEWISE_BEZIER_KNOTS.);
#1045 = CARTESIAN_POINT('',(49.6,118.19999999999,0.));
#1046 = CARTESIAN_POINT('',(51.316078976864,118.19999999999,
    -17.16078976863));
#1047 = ORIENTED_EDGE('',*,*,#170,.T.);
#1048 = B_SPLINE_SURFACE_WITH_KNOTS('',8,1,(
    (#1049,#1050)
    ,(#1051,#1052)
    ,(#1053,#1054)
    ,(#1055,#1056)
    ,(#1057,#1058)
    ,(#1059,#1060)
    ,(#1061,#1062)
    ,(#1063,#1064)
    ,(#1065,#1066
    )),.UNSPECIFIED.,.F.,.F.,.F.,(9,9),(2,2),(1.086526393011E-12,
    1.570796326794),(0.,1.),.PIECEWISE_BEZIER_KNOTS.);
#1049 = CARTESIAN_POINT('',(52.599999999998,115.2,0.));
#1050 = CARTESIAN_POINT('',(54.316078976862,115.2,-17.16078976863));
#1051 = CARTESIAN_POINT('',(52.599999999998,115.78904862254,0.));
#1052 = CARTESIAN_POINT('',(54.316078976861,115.78904862254,
    -17.16078976863));
#1053 = CARTESIAN_POINT('',(52.467817633113,116.37809743051,0.));
#1054 = CARTESIAN_POINT('',(54.183896609979,116.37809743051,
    -17.16078976863));
#1055 = CARTESIAN_POINT('',(52.203454197613,116.932539703,0.));
#1056 = CARTESIAN_POINT('',(53.919533174473,116.932539703,
    -17.16078976863));
#1057 = CARTESIAN_POINT('',(51.817776267335,117.41777626733,0.));
#1058 = CARTESIAN_POINT('',(53.533855244204,117.41777626733,
    -17.16078976863));
#1059 = CARTESIAN_POINT('',(51.332539703005,117.80345419761,0.));
#1060 = CARTESIAN_POINT('',(53.048618679865,117.80345419761,
    -17.16078976863));
#1061 = CARTESIAN_POINT('',(50.778097430511,118.06781763311,0.));
#1062 = CARTESIAN_POINT('',(52.494176407376,118.06781763311,
    -17.16078976863));
#1063 = CARTESIAN_POINT('',(50.189048622548,118.19999999999,0.));
#1064 = CARTESIAN_POINT('',(51.905127599411,118.19999999999,
    -17.16078976863));
#1065 = CARTESIAN_POINT('',(49.6,118.19999999999,0.));
#1066 = CARTESIAN_POINT('',(51.316078976864,118.19999999999,
    -17.16078976863));
#1067 = ADVANCED_FACE('',(#1068),#1110,.T.);
#1068 = FACE_BOUND('',#1069,.F.);
#1069 = EDGE_LOOP('',(#1070,#1078,#1086,#1094,#1102,#1108,#1109));
#1070 = ORIENTED_EDGE('',*,*,#1071,.F.);
#1071 = EDGE_CURVE('',#1072,#202,#1074,.T.);
#1072 = VERTEX_POINT('',#1073);
#1073 = CARTESIAN_POINT('',(-34.69013810969,118.2,-70.5));
#1074 = LINE('',#1075,#1076);
#1075 = CARTESIAN_POINT('',(-42.75916979433,118.2,-70.5));
#1076 = VECTOR('',#1077,1.);
#1077 = DIRECTION('',(1.,0.,0.));
#1078 = ORIENTED_EDGE('',*,*,#1079,.T.);
#1079 = EDGE_CURVE('',#1072,#1080,#1082,.T.);
#1080 = VERTEX_POINT('',#1081);
#1081 = CARTESIAN_POINT('',(-41.27240663063,118.2,-20.50270681099));
#1082 = LINE('',#1083,#1084);
#1083 = CARTESIAN_POINT('',(-34.75887450651,118.2,-69.97789523112));
#1084 = VECTOR('',#1085,1.);
#1085 = DIRECTION('',(-0.13052619222,-4.402899650974E-16,0.991444861374)
  );
#1086 = ORIENTED_EDGE('',*,*,#1087,.T.);
#1087 = EDGE_CURVE('',#1080,#1088,#1090,.T.);
#1088 = VERTEX_POINT('',#1089);
#1089 = CARTESIAN_POINT('',(-39.05536079409,118.2,-17.94952869926));
#1090 = LINE('',#1091,#1092);
#1091 = CARTESIAN_POINT('',(-42.45296662701,118.2,-21.8622546799));
#1092 = VECTOR('',#1093,1.);
#1093 = DIRECTION('',(0.655654995826,-3.353142701762E-16,0.755060611109)
  );
#1094 = ORIENTED_EDGE('',*,*,#1095,.T.);
#1095 = EDGE_CURVE('',#1088,#1096,#1098,.T.);
#1096 = VERTEX_POINT('',#1097);
#1097 = CARTESIAN_POINT('',(-43.65646345895,118.2,-2.9));
#1098 = LINE('',#1099,#1100);
#1099 = CARTESIAN_POINT('',(-39.70320885248,118.2,-15.8305131811));
#1100 = VECTOR('',#1101,1.);
#1101 = DIRECTION('',(-0.292371704723,-4.246846234515E-16,0.956304755963
    ));
#1102 = ORIENTED_EDGE('',*,*,#1103,.T.);
#1103 = EDGE_CURVE('',#1096,#1002,#1104,.T.);
#1104 = LINE('',#1105,#1106);
#1105 = CARTESIAN_POINT('',(-29.61834564447,118.2,-2.9));
#1106 = VECTOR('',#1107,1.);
#1107 = DIRECTION('',(1.,0.,0.));
#1108 = ORIENTED_EDGE('',*,*,#1043,.T.);
#1109 = ORIENTED_EDGE('',*,*,#201,.F.);
#1110 = PLANE('',#1111);
#1111 = AXIS2_PLACEMENT_3D('',#1112,#1113,#1114);
#1112 = CARTESIAN_POINT('',(-5.736691288946,118.2,-26.65957773548));
#1113 = DIRECTION('',(-0.,-1.,-4.440892098501E-16));
#1114 = DIRECTION('',(0.,4.440892098501E-16,-1.));
#1115 = ADVANCED_FACE('',(#1116),#1184,.T.);
#1116 = FACE_BOUND('',#1117,.T.);
#1117 = EDGE_LOOP('',(#1118,#1128,#1136,#1144,#1153,#1159,#1160,#1161,
    #1170,#1178));
#1118 = ORIENTED_EDGE('',*,*,#1119,.F.);
#1119 = EDGE_CURVE('',#1120,#1122,#1124,.T.);
#1120 = VERTEX_POINT('',#1121);
#1121 = CARTESIAN_POINT('',(-42.75916979433,145.,-70.5));
#1122 = VERTEX_POINT('',#1123);
#1123 = CARTESIAN_POINT('',(-42.75916979433,95.,-70.5));
#1124 = LINE('',#1125,#1126);
#1125 = CARTESIAN_POINT('',(-42.75916979433,121.8,-70.5));
#1126 = VECTOR('',#1127,1.);
#1127 = DIRECTION('',(0.,-1.,2.22044604925E-16));
#1128 = ORIENTED_EDGE('',*,*,#1129,.T.);
#1129 = EDGE_CURVE('',#1120,#1130,#1132,.T.);
#1130 = VERTEX_POINT('',#1131);
#1131 = CARTESIAN_POINT('',(-38.72465395201,145.,-70.5));
#1132 = LINE('',#1133,#1134);
#1133 = CARTESIAN_POINT('',(-45.24539708884,145.,-70.5));
#1134 = VECTOR('',#1135,1.);
#1135 = DIRECTION('',(1.,0.,8.809807316332E-16));
#1136 = ORIENTED_EDGE('',*,*,#1137,.T.);
#1137 = EDGE_CURVE('',#1130,#1138,#1140,.T.);
#1138 = VERTEX_POINT('',#1139);
#1139 = CARTESIAN_POINT('',(-38.72465395201,125.8,-70.5));
#1140 = LINE('',#1141,#1142);
#1141 = CARTESIAN_POINT('',(-38.72465395201,201.8,-70.5));
#1142 = VECTOR('',#1143,1.);
#1143 = DIRECTION('',(0.,-1.,2.22044604925E-16));
#1144 = ORIENTED_EDGE('',*,*,#1145,.F.);
#1145 = EDGE_CURVE('',#1146,#1138,#1148,.T.);
#1146 = VERTEX_POINT('',#1147);
#1147 = CARTESIAN_POINT('',(-34.69013810969,121.8,-70.5));
#1148 = ELLIPSE('',#1149,4.034515842321,4.);
#1149 = AXIS2_PLACEMENT_3D('',#1150,#1151,#1152);
#1150 = CARTESIAN_POINT('',(-34.69013810969,125.8,-70.5));
#1151 = DIRECTION('',(8.809807316332E-16,0.,-1.));
#1152 = DIRECTION('',(-1.,0.,-8.809807316332E-16));
#1153 = ORIENTED_EDGE('',*,*,#1154,.F.);
#1154 = EDGE_CURVE('',#210,#1146,#1155,.T.);
#1155 = LINE('',#1156,#1157);
#1156 = CARTESIAN_POINT('',(-38.72465395201,121.8,-70.5));
#1157 = VECTOR('',#1158,1.);
#1158 = DIRECTION('',(-1.,0.,0.));
#1159 = ORIENTED_EDGE('',*,*,#209,.F.);
#1160 = ORIENTED_EDGE('',*,*,#1071,.F.);
#1161 = ORIENTED_EDGE('',*,*,#1162,.F.);
#1162 = EDGE_CURVE('',#1163,#1072,#1165,.T.);
#1163 = VERTEX_POINT('',#1164);
#1164 = CARTESIAN_POINT('',(-38.72465395201,114.2,-70.5));
#1165 = ELLIPSE('',#1166,4.034515842321,4.);
#1166 = AXIS2_PLACEMENT_3D('',#1167,#1168,#1169);
#1167 = CARTESIAN_POINT('',(-34.69013810969,114.2,-70.5));
#1168 = DIRECTION('',(8.809807316332E-16,-1.219818579635E-46,-1.));
#1169 = DIRECTION('',(-1.,-3.373192442135E-15,-8.809807316332E-16));
#1170 = ORIENTED_EDGE('',*,*,#1171,.T.);
#1171 = EDGE_CURVE('',#1163,#1172,#1174,.T.);
#1172 = VERTEX_POINT('',#1173);
#1173 = CARTESIAN_POINT('',(-38.72465395201,95.,-70.5));
#1174 = LINE('',#1175,#1176);
#1175 = CARTESIAN_POINT('',(-38.72465395201,121.8,-70.5));
#1176 = VECTOR('',#1177,1.);
#1177 = DIRECTION('',(0.,-1.,2.22044604925E-16));
#1178 = ORIENTED_EDGE('',*,*,#1179,.T.);
#1179 = EDGE_CURVE('',#1172,#1122,#1180,.T.);
#1180 = LINE('',#1181,#1182);
#1181 = CARTESIAN_POINT('',(-45.24539708884,95.,-70.5));
#1182 = VECTOR('',#1183,1.);
#1183 = DIRECTION('',(-1.,-0.,-8.809807316332E-16));
#1184 = PLANE('',#1185);
#1185 = AXIS2_PLACEMENT_3D('',#1186,#1187,#1188);
#1186 = CARTESIAN_POINT('',(-35.19240453827,120.,-70.5));
#1187 = DIRECTION('',(5.655249621715E-16,0.,-1.));
#1188 = DIRECTION('',(-1.,0.,-5.655249621715E-16));
#1189 = ADVANCED_FACE('',(#1190),#1231,.T.);
#1190 = FACE_BOUND('',#1191,.T.);
#1191 = EDGE_LOOP('',(#1192,#1193,#1201,#1209,#1217,#1225,#1230));
#1192 = ORIENTED_EDGE('',*,*,#1154,.T.);
#1193 = ORIENTED_EDGE('',*,*,#1194,.T.);
#1194 = EDGE_CURVE('',#1146,#1195,#1197,.T.);
#1195 = VERTEX_POINT('',#1196);
#1196 = CARTESIAN_POINT('',(-41.27240663063,121.8,-20.50270681099));
#1197 = LINE('',#1198,#1199);
#1198 = CARTESIAN_POINT('',(-34.75887450651,121.8,-69.97789523112));
#1199 = VECTOR('',#1200,1.);
#1200 = DIRECTION('',(-0.13052619222,0.,0.991444861374));
#1201 = ORIENTED_EDGE('',*,*,#1202,.T.);
#1202 = EDGE_CURVE('',#1195,#1203,#1205,.T.);
#1203 = VERTEX_POINT('',#1204);
#1204 = CARTESIAN_POINT('',(-39.05536079409,121.8,-17.94952869926));
#1205 = LINE('',#1206,#1207);
#1206 = CARTESIAN_POINT('',(-42.45296662701,121.8,-21.8622546799));
#1207 = VECTOR('',#1208,1.);
#1208 = DIRECTION('',(0.655654995826,0.,0.755060611109));
#1209 = ORIENTED_EDGE('',*,*,#1210,.T.);
#1210 = EDGE_CURVE('',#1203,#1211,#1213,.T.);
#1211 = VERTEX_POINT('',#1212);
#1212 = CARTESIAN_POINT('',(-43.65646345895,121.8,-2.9));
#1213 = LINE('',#1214,#1215);
#1214 = CARTESIAN_POINT('',(-39.70320885248,121.8,-15.8305131811));
#1215 = VECTOR('',#1216,1.);
#1216 = DIRECTION('',(-0.292371704723,0.,0.956304755963));
#1217 = ORIENTED_EDGE('',*,*,#1218,.F.);
#1218 = EDGE_CURVE('',#1219,#1211,#1221,.T.);
#1219 = VERTEX_POINT('',#1220);
#1220 = CARTESIAN_POINT('',(49.89,121.8,-2.9));
#1221 = LINE('',#1222,#1223);
#1222 = CARTESIAN_POINT('',(-29.61834564447,121.8,-2.9));
#1223 = VECTOR('',#1224,1.);
#1224 = DIRECTION('',(-1.,0.,0.));
#1225 = ORIENTED_EDGE('',*,*,#1226,.T.);
#1226 = EDGE_CURVE('',#1219,#218,#1227,.T.);
#1227 = B_SPLINE_CURVE_WITH_KNOTS('',1,(#1228,#1229),.UNSPECIFIED.,.F.,
  .F.,(2,2),(0.,1.),.PIECEWISE_BEZIER_KNOTS.);
#1228 = CARTESIAN_POINT('',(49.6,121.8,-1.696420781627E-14));
#1229 = CARTESIAN_POINT('',(51.316078976864,121.8,-17.16078976863));
#1230 = ORIENTED_EDGE('',*,*,#217,.F.);
#1231 = PLANE('',#1232);
#1232 = AXIS2_PLACEMENT_3D('',#1233,#1234,#1235);
#1233 = CARTESIAN_POINT('',(-5.646371450248,121.8,-25.36210164808));
#1234 = DIRECTION('',(8.861877000474E-16,1.,-8.438037129387E-15));
#1235 = DIRECTION('',(0.,8.438037129387E-15,1.));
#1236 = ADVANCED_FACE('',(#1237),#1297,.F.);
#1237 = FACE_BOUND('',#1238,.F.);
#1238 = EDGE_LOOP('',(#1239,#1246,#1255,#1295,#1296));
#1239 = ORIENTED_EDGE('',*,*,#1240,.F.);
#1240 = EDGE_CURVE('',#1241,#226,#1243,.T.);
#1241 = VERTEX_POINT('',#1242);
#1242 = CARTESIAN_POINT('',(52.599999999999,124.8,-1.563194018672E-14));
#1243 = B_SPLINE_CURVE_WITH_KNOTS('',1,(#1244,#1245),.UNSPECIFIED.,.F.,
  .F.,(2,2),(0.,1.),.PIECEWISE_BEZIER_KNOTS.);
#1244 = CARTESIAN_POINT('',(52.599999999999,124.8,-1.563194018672E-14));
#1245 = CARTESIAN_POINT('',(54.316078976863,124.8,-17.16078976863));
#1246 = ORIENTED_EDGE('',*,*,#1247,.T.);
#1247 = EDGE_CURVE('',#1241,#1248,#1250,.T.);
#1248 = VERTEX_POINT('',#1249);
#1249 = CARTESIAN_POINT('',(52.598332870111,124.7,-8.060219158779E-15));
#1250 = CIRCLE('',#1251,3.000000000002);
#1251 = AXIS2_PLACEMENT_3D('',#1252,#1253,#1254);
#1252 = CARTESIAN_POINT('',(49.599999999996,124.8,-1.563194018672E-14));
#1253 = DIRECTION('',(0.,4.440892098501E-16,-1.));
#1254 = DIRECTION('',(1.,0.,0.));
#1255 = ORIENTED_EDGE('',*,*,#1256,.T.);
#1256 = EDGE_CURVE('',#1248,#1219,#1257,.T.);
#1257 = B_SPLINE_CURVE_WITH_KNOTS('',8,(#1258,#1259,#1260,#1261,#1262,
    #1263,#1264,#1265,#1266,#1267,#1268,#1269,#1270,#1271,#1272,#1273,
    #1274,#1275,#1276,#1277,#1278,#1279,#1280,#1281,#1282,#1283,#1284,
    #1285,#1286,#1287,#1288,#1289,#1290,#1291,#1292,#1293,#1294),
  .UNSPECIFIED.,.F.,.F.,(9,7,7,7,7,9),(0.,0.437766921926,0.609525712437,
    0.740687799936,0.94625030891,1.),.UNSPECIFIED.);
#1258 = CARTESIAN_POINT('',(52.598332868695,124.7,-1.480759959094E-14));
#1259 = CARTESIAN_POINT('',(52.612588191782,124.48611061773,
    -0.213889382267));
#1260 = CARTESIAN_POINT('',(52.609408123211,124.27189272611,
    -0.42810727389));
#1261 = CARTESIAN_POINT('',(52.588493392042,124.05795108525,
    -0.642048914748));
#1262 = CARTESIAN_POINT('',(52.549225045883,123.84515371911,
    -0.854846280881));
#1263 = CARTESIAN_POINT('',(52.490824017424,123.63462225207,
    -1.065377747928));
#1264 = CARTESIAN_POINT('',(52.412336990664,123.42775030189,
    -1.27224969811));
#1265 = CARTESIAN_POINT('',(52.312714380771,123.22619543335,
    -1.473804566646));
#1266 = CARTESIAN_POINT('',(52.142479958907,122.95576392643,
    -1.744236073569));
#1267 = CARTESIAN_POINT('',(52.09104679558,122.88072317086,
    -1.819276829136));
#1268 = CARTESIAN_POINT('',(52.036074543128,122.80698038275,
    -1.893019617248));
#1269 = CARTESIAN_POINT('',(51.977489725018,122.73469196193,
    -1.965308038068));
#1270 = CARTESIAN_POINT('',(51.915225057147,122.66403581944,
    -2.035964180556));
#1271 = CARTESIAN_POINT('',(51.849222682441,122.59521007797,
    -2.104789922024));
#1272 = CARTESIAN_POINT('',(51.779437405457,122.52843177232,
    -2.171568227673));
#1273 = CARTESIAN_POINT('',(51.649637860818,122.41468357766,
    -2.28531642234));
#1274 = CARTESIAN_POINT('',(51.591216448538,122.3667658192,
    -2.333234180798));
#1275 = CARTESIAN_POINT('',(51.530566082898,122.32028839249,
    -2.379711607506));
#1276 = CARTESIAN_POINT('',(51.467686851958,122.27536704791,
    -2.424632952084));
#1277 = CARTESIAN_POINT('',(51.402591138998,122.23212510433,
    -2.467874895669));
#1278 = CARTESIAN_POINT('',(51.335306222421,122.1906913852,
    -2.509308614794));
#1279 = CARTESIAN_POINT('',(51.265876875655,122.15119815472,
    -2.548801845273));
#1280 = CARTESIAN_POINT('',(51.082296323908,122.05513433125,
    -2.644865668747));
#1281 = CARTESIAN_POINT('',(50.965049624117,122.00154833924,
    -2.69845166076));
#1282 = CARTESIAN_POINT('',(50.842956671947,121.95359241507,
    -2.746407584925));
#1283 = CARTESIAN_POINT('',(50.716450631655,121.91179510034,
    -2.788204899656));
#1284 = CARTESIAN_POINT('',(50.586077329921,121.87662785784,
    -2.823372142152));
#1285 = CARTESIAN_POINT('',(50.452508232502,121.84847809619,
    -2.851521903809));
#1286 = CARTESIAN_POINT('',(50.316558095082,121.82760950215,
    -2.872390497844));
#1287 = CARTESIAN_POINT('',(50.143293329768,121.81057979969,
    -2.889420200301));
#1288 = CARTESIAN_POINT('',(50.107280083846,121.80755337312,
    -2.892446626874));
#1289 = CARTESIAN_POINT('',(50.071183399748,121.80503191841,
    -2.894968081586));
#1290 = CARTESIAN_POINT('',(50.035019081962,121.8030162053,
    -2.896983794692));
#1291 = CARTESIAN_POINT('',(49.9988028903,121.80150625601,
    -2.898493743985));
#1292 = CARTESIAN_POINT('',(49.962550539894,121.8005013452,
    -2.899498654797));
#1293 = CARTESIAN_POINT('',(49.926277701201,121.8,-2.899999999998));
#1294 = CARTESIAN_POINT('',(49.89,121.8,-2.899999999998));
#1295 = ORIENTED_EDGE('',*,*,#1226,.T.);
#1296 = ORIENTED_EDGE('',*,*,#225,.T.);
#1297 = B_SPLINE_SURFACE_WITH_KNOTS('',8,1,(
    (#1298,#1299)
    ,(#1300,#1301)
    ,(#1302,#1303)
    ,(#1304,#1305)
    ,(#1306,#1307)
    ,(#1308,#1309)
    ,(#1310,#1311)
    ,(#1312,#1313)
    ,(#1314,#1315
    )),.UNSPECIFIED.,.F.,.F.,.F.,(9,9),(2,2),(1.086526393011E-12,
    1.570796326794),(0.,1.),.PIECEWISE_BEZIER_KNOTS.);
#1298 = CARTESIAN_POINT('',(52.599999999998,124.8,-1.563194018672E-14));
#1299 = CARTESIAN_POINT('',(54.316078976862,124.8,-17.16078976863));
#1300 = CARTESIAN_POINT('',(52.599999999998,124.21095137745,
    -1.589353032407E-14));
#1301 = CARTESIAN_POINT('',(54.316078976861,124.21095137745,
    -17.16078976863));
#1302 = CARTESIAN_POINT('',(52.467817633113,123.62190256948,
    -1.615512054376E-14));
#1303 = CARTESIAN_POINT('',(54.183896609979,123.62190256948,
    -17.16078976863));
#1304 = CARTESIAN_POINT('',(52.203454197613,123.06746029699,
    -1.640134237446E-14));
#1305 = CARTESIAN_POINT('',(53.919533174473,123.06746029699,
    -17.16078976863));
#1306 = CARTESIAN_POINT('',(51.817776267335,122.58222373266,
    -1.661683069691E-14));
#1307 = CARTESIAN_POINT('',(53.533855244204,122.58222373266,
    -17.16078976863));
#1308 = CARTESIAN_POINT('',(51.332539703005,122.19654580238,
    -1.678810610422E-14));
#1309 = CARTESIAN_POINT('',(53.048618679865,122.19654580238,
    -17.16078976863));
#1310 = CARTESIAN_POINT('',(50.778097430511,121.93218236688,
    -1.690550705341E-14));
#1311 = CARTESIAN_POINT('',(52.494176407376,121.93218236688,
    -17.16078976863));
#1312 = CARTESIAN_POINT('',(50.189048622548,121.8,-1.696420781627E-14));
#1313 = CARTESIAN_POINT('',(51.905127599411,121.8,-17.16078976863));
#1314 = CARTESIAN_POINT('',(49.6,121.8,-1.696420781627E-14));
#1315 = CARTESIAN_POINT('',(51.316078976864,121.8,-17.16078976863));
#1316 = ADVANCED_FACE('',(#1317),#1334,.F.);
#1317 = FACE_BOUND('',#1318,.F.);
#1318 = EDGE_LOOP('',(#1319,#1326,#1332,#1333));
#1319 = ORIENTED_EDGE('',*,*,#1320,.F.);
#1320 = EDGE_CURVE('',#1321,#257,#1323,.T.);
#1321 = VERTEX_POINT('',#1322);
#1322 = CARTESIAN_POINT('',(52.599999999999,195.2,0.));
#1323 = B_SPLINE_CURVE_WITH_KNOTS('',1,(#1324,#1325),.UNSPECIFIED.,.F.,
  .F.,(2,2),(0.,1.),.PIECEWISE_BEZIER_KNOTS.);
#1324 = CARTESIAN_POINT('',(52.599999999999,195.2,0.));
#1325 = CARTESIAN_POINT('',(54.316078976863,195.2,-17.16078976863));
#1326 = ORIENTED_EDGE('',*,*,#1327,.T.);
#1327 = EDGE_CURVE('',#1321,#1241,#1328,.T.);
#1328 = LINE('',#1329,#1330);
#1329 = CARTESIAN_POINT('',(52.599999999941,201.19999999992,0.));
#1330 = VECTOR('',#1331,1.);
#1331 = DIRECTION('',(0.,-1.,0.));
#1332 = ORIENTED_EDGE('',*,*,#1240,.T.);
#1333 = ORIENTED_EDGE('',*,*,#256,.T.);
#1334 = B_SPLINE_SURFACE_WITH_KNOTS('',1,1,(
    (#1335,#1336)
    ,(#1337,#1338
    )),.UNSPECIFIED.,.F.,.F.,.F.,(2,2),(2,2),(0.,82.399999999848),(0.,1.
    ),.PIECEWISE_BEZIER_KNOTS.);
#1335 = CARTESIAN_POINT('',(52.599999999941,201.19999999992,0.));
#1336 = CARTESIAN_POINT('',(54.316078976805,199.48392102306,
    -17.16078976863));
#1337 = CARTESIAN_POINT('',(52.599999999941,118.80000000007,0.));
#1338 = CARTESIAN_POINT('',(54.316078976805,120.51607897694,
    -17.16078976863));
#1339 = ADVANCED_FACE('',(#1340),#1400,.T.);
#1340 = FACE_BOUND('',#1341,.T.);
#1341 = EDGE_LOOP('',(#1342,#1343,#1352,#1394,#1399));
#1342 = ORIENTED_EDGE('',*,*,#1320,.F.);
#1343 = ORIENTED_EDGE('',*,*,#1344,.T.);
#1344 = EDGE_CURVE('',#1321,#1345,#1347,.T.);
#1345 = VERTEX_POINT('',#1346);
#1346 = CARTESIAN_POINT('',(52.598332870111,195.3,-2.22044604925E-16));
#1347 = CIRCLE('',#1348,3.000000000002);
#1348 = AXIS2_PLACEMENT_3D('',#1349,#1350,#1351);
#1349 = CARTESIAN_POINT('',(49.599999999996,195.19999999999,0.));
#1350 = DIRECTION('',(0.,0.,1.));
#1351 = DIRECTION('',(1.,0.,0.));
#1352 = ORIENTED_EDGE('',*,*,#1353,.T.);
#1353 = EDGE_CURVE('',#1345,#1354,#1356,.T.);
#1354 = VERTEX_POINT('',#1355);
#1355 = CARTESIAN_POINT('',(49.89,198.2,-2.9));
#1356 = B_SPLINE_CURVE_WITH_KNOTS('',8,(#1357,#1358,#1359,#1360,#1361,
    #1362,#1363,#1364,#1365,#1366,#1367,#1368,#1369,#1370,#1371,#1372,
    #1373,#1374,#1375,#1376,#1377,#1378,#1379,#1380,#1381,#1382,#1383,
    #1384,#1385,#1386,#1387,#1388,#1389,#1390,#1391,#1392,#1393),
  .UNSPECIFIED.,.F.,.F.,(9,7,7,7,7,9),(0.,0.437766921926,0.609525712437,
    0.740687799936,0.94625030891,1.),.UNSPECIFIED.);
#1357 = CARTESIAN_POINT('',(52.598332868695,195.3,2.775557561563E-15));
#1358 = CARTESIAN_POINT('',(52.612588191782,195.51388938226,
    -0.213889382266));
#1359 = CARTESIAN_POINT('',(52.609408123211,195.72810727389,
    -0.428107273891));
#1360 = CARTESIAN_POINT('',(52.588493392041,195.94204891474,
    -0.642048914746));
#1361 = CARTESIAN_POINT('',(52.549225045883,196.15484628088,
    -0.854846280883));
#1362 = CARTESIAN_POINT('',(52.490824017424,196.36537774792,
    -1.065377747926));
#1363 = CARTESIAN_POINT('',(52.412336990664,196.57224969811,
    -1.272249698111));
#1364 = CARTESIAN_POINT('',(52.312714380771,196.77380456664,
    -1.473804566646));
#1365 = CARTESIAN_POINT('',(52.142479958907,197.04423607356,
    -1.744236073569));
#1366 = CARTESIAN_POINT('',(52.09104679558,197.11927682913,
    -1.819276829136));
#1367 = CARTESIAN_POINT('',(52.036074543128,197.19301961724,
    -1.893019617248));
#1368 = CARTESIAN_POINT('',(51.977489725018,197.26530803806,
    -1.965308038068));
#1369 = CARTESIAN_POINT('',(51.915225057147,197.33596418055,
    -2.035964180556));
#1370 = CARTESIAN_POINT('',(51.849222682441,197.40478992202,
    -2.104789922024));
#1371 = CARTESIAN_POINT('',(51.779437405457,197.47156822767,
    -2.171568227673));
#1372 = CARTESIAN_POINT('',(51.649637860818,197.58531642234,
    -2.28531642234));
#1373 = CARTESIAN_POINT('',(51.591216448538,197.63323418079,
    -2.333234180798));
#1374 = CARTESIAN_POINT('',(51.530566082898,197.6797116075,
    -2.379711607506));
#1375 = CARTESIAN_POINT('',(51.467686851958,197.72463295208,
    -2.424632952084));
#1376 = CARTESIAN_POINT('',(51.402591138998,197.76787489566,
    -2.467874895669));
#1377 = CARTESIAN_POINT('',(51.335306222421,197.80930861479,
    -2.509308614794));
#1378 = CARTESIAN_POINT('',(51.265876875655,197.84880184527,
    -2.548801845273));
#1379 = CARTESIAN_POINT('',(51.082296323908,197.94486566874,
    -2.644865668747));
#1380 = CARTESIAN_POINT('',(50.965049624117,197.99845166076,
    -2.69845166076));
#1381 = CARTESIAN_POINT('',(50.842956671947,198.04640758492,
    -2.746407584925));
#1382 = CARTESIAN_POINT('',(50.716450631655,198.08820489965,
    -2.788204899656));
#1383 = CARTESIAN_POINT('',(50.586077329921,198.12337214215,
    -2.823372142152));
#1384 = CARTESIAN_POINT('',(50.452508232501,198.1515219038,
    -2.851521903809));
#1385 = CARTESIAN_POINT('',(50.316558095083,198.17239049784,
    -2.872390497844));
#1386 = CARTESIAN_POINT('',(50.143293329768,198.1894202003,
    -2.889420200301));
#1387 = CARTESIAN_POINT('',(50.107280083846,198.19244662687,
    -2.892446626874));
#1388 = CARTESIAN_POINT('',(50.071183399748,198.19496808158,
    -2.894968081586));
#1389 = CARTESIAN_POINT('',(50.035019081962,198.19698379469,
    -2.896983794692));
#1390 = CARTESIAN_POINT('',(49.9988028903,198.19849374398,
    -2.898493743985));
#1391 = CARTESIAN_POINT('',(49.962550539894,198.19949865479,
    -2.899498654797));
#1392 = CARTESIAN_POINT('',(49.926277701201,198.19999999999,
    -2.899999999998));
#1393 = CARTESIAN_POINT('',(49.89,198.19999999999,-2.899999999998));
#1394 = ORIENTED_EDGE('',*,*,#1395,.T.);
#1395 = EDGE_CURVE('',#1354,#264,#1396,.T.);
#1396 = B_SPLINE_CURVE_WITH_KNOTS('',1,(#1397,#1398),.UNSPECIFIED.,.F.,
  .F.,(2,2),(0.,1.),.PIECEWISE_BEZIER_KNOTS.);
#1397 = CARTESIAN_POINT('',(49.6,198.19999999999,0.));
#1398 = CARTESIAN_POINT('',(51.316078976864,198.19999999999,
    -17.16078976863));
#1399 = ORIENTED_EDGE('',*,*,#263,.T.);
#1400 = B_SPLINE_SURFACE_WITH_KNOTS('',8,1,(
    (#1401,#1402)
    ,(#1403,#1404)
    ,(#1405,#1406)
    ,(#1407,#1408)
    ,(#1409,#1410)
    ,(#1411,#1412)
    ,(#1413,#1414)
    ,(#1415,#1416)
    ,(#1417,#1418
    )),.UNSPECIFIED.,.F.,.F.,.F.,(9,9),(2,2),(1.086526393011E-12,
    1.570796326794),(0.,1.),.PIECEWISE_BEZIER_KNOTS.);
#1401 = CARTESIAN_POINT('',(52.599999999998,195.2,0.));
#1402 = CARTESIAN_POINT('',(54.316078976862,195.2,-17.16078976863));
#1403 = CARTESIAN_POINT('',(52.599999999998,195.78904862254,0.));
#1404 = CARTESIAN_POINT('',(54.316078976861,195.78904862254,
    -17.16078976863));
#1405 = CARTESIAN_POINT('',(52.467817633113,196.37809743051,0.));
#1406 = CARTESIAN_POINT('',(54.183896609979,196.37809743051,
    -17.16078976863));
#1407 = CARTESIAN_POINT('',(52.203454197613,196.932539703,0.));
#1408 = CARTESIAN_POINT('',(53.919533174473,196.932539703,
    -17.16078976863));
#1409 = CARTESIAN_POINT('',(51.817776267335,197.41777626733,0.));
#1410 = CARTESIAN_POINT('',(53.533855244204,197.41777626733,
    -17.16078976863));
#1411 = CARTESIAN_POINT('',(51.332539703005,197.80345419761,0.));
#1412 = CARTESIAN_POINT('',(53.048618679865,197.80345419761,
    -17.16078976863));
#1413 = CARTESIAN_POINT('',(50.778097430511,198.06781763311,0.));
#1414 = CARTESIAN_POINT('',(52.494176407376,198.06781763311,
    -17.16078976863));
#1415 = CARTESIAN_POINT('',(50.189048622548,198.19999999999,0.));
#1416 = CARTESIAN_POINT('',(51.905127599411,198.19999999999,
    -17.16078976863));
#1417 = CARTESIAN_POINT('',(49.6,198.19999999999,0.));
#1418 = CARTESIAN_POINT('',(51.316078976864,198.19999999999,
    -17.16078976863));
#1419 = ADVANCED_FACE('',(#1420),#1462,.T.);
#1420 = FACE_BOUND('',#1421,.F.);
#1421 = EDGE_LOOP('',(#1422,#1430,#1438,#1446,#1454,#1460,#1461));
#1422 = ORIENTED_EDGE('',*,*,#1423,.F.);
#1423 = EDGE_CURVE('',#1424,#295,#1426,.T.);
#1424 = VERTEX_POINT('',#1425);
#1425 = CARTESIAN_POINT('',(-34.69013810969,198.2,-70.5));
#1426 = LINE('',#1427,#1428);
#1427 = CARTESIAN_POINT('',(-42.75916979433,198.2,-70.5));
#1428 = VECTOR('',#1429,1.);
#1429 = DIRECTION('',(1.,0.,0.));
#1430 = ORIENTED_EDGE('',*,*,#1431,.T.);
#1431 = EDGE_CURVE('',#1424,#1432,#1434,.T.);
#1432 = VERTEX_POINT('',#1433);
#1433 = CARTESIAN_POINT('',(-41.27240663063,198.2,-20.50270681099));
#1434 = LINE('',#1435,#1436);
#1435 = CARTESIAN_POINT('',(-34.75887450651,198.2,-69.97789523112));
#1436 = VECTOR('',#1437,1.);
#1437 = DIRECTION('',(-0.13052619222,-4.402899650974E-16,0.991444861374)
  );
#1438 = ORIENTED_EDGE('',*,*,#1439,.T.);
#1439 = EDGE_CURVE('',#1432,#1440,#1442,.T.);
#1440 = VERTEX_POINT('',#1441);
#1441 = CARTESIAN_POINT('',(-39.05536079409,198.2,-17.94952869926));
#1442 = LINE('',#1443,#1444);
#1443 = CARTESIAN_POINT('',(-42.45296662701,198.2,-21.8622546799));
#1444 = VECTOR('',#1445,1.);
#1445 = DIRECTION('',(0.655654995826,-3.353142701762E-16,0.755060611109)
  );
#1446 = ORIENTED_EDGE('',*,*,#1447,.T.);
#1447 = EDGE_CURVE('',#1440,#1448,#1450,.T.);
#1448 = VERTEX_POINT('',#1449);
#1449 = CARTESIAN_POINT('',(-43.65646345895,198.2,-2.9));
#1450 = LINE('',#1451,#1452);
#1451 = CARTESIAN_POINT('',(-39.70320885248,198.2,-15.8305131811));
#1452 = VECTOR('',#1453,1.);
#1453 = DIRECTION('',(-0.292371704723,-4.246846234515E-16,0.956304755963
    ));
#1454 = ORIENTED_EDGE('',*,*,#1455,.T.);
#1455 = EDGE_CURVE('',#1448,#1354,#1456,.T.);
#1456 = LINE('',#1457,#1458);
#1457 = CARTESIAN_POINT('',(-29.61834564447,198.2,-2.9));
#1458 = VECTOR('',#1459,1.);
#1459 = DIRECTION('',(1.,0.,0.));
#1460 = ORIENTED_EDGE('',*,*,#1395,.T.);
#1461 = ORIENTED_EDGE('',*,*,#294,.F.);
#1462 = PLANE('',#1463);
#1463 = AXIS2_PLACEMENT_3D('',#1464,#1465,#1466);
#1464 = CARTESIAN_POINT('',(-5.736691288946,198.2,-26.65957773548));
#1465 = DIRECTION('',(-0.,-1.,-4.440892098501E-16));
#1466 = DIRECTION('',(0.,4.440892098501E-16,-1.));
#1467 = ADVANCED_FACE('',(#1468),#1536,.T.);
#1468 = FACE_BOUND('',#1469,.T.);
#1469 = EDGE_LOOP('',(#1470,#1480,#1488,#1496,#1505,#1511,#1512,#1513,
    #1522,#1530));
#1470 = ORIENTED_EDGE('',*,*,#1471,.F.);
#1471 = EDGE_CURVE('',#1472,#1474,#1476,.T.);
#1472 = VERTEX_POINT('',#1473);
#1473 = CARTESIAN_POINT('',(-42.75916979433,225.,-70.5));
#1474 = VERTEX_POINT('',#1475);
#1475 = CARTESIAN_POINT('',(-42.75916979433,175.,-70.5));
#1476 = LINE('',#1477,#1478);
#1477 = CARTESIAN_POINT('',(-42.75916979433,201.8,-70.5));
#1478 = VECTOR('',#1479,1.);
#1479 = DIRECTION('',(0.,-1.,2.22044604925E-16));
#1480 = ORIENTED_EDGE('',*,*,#1481,.T.);
#1481 = EDGE_CURVE('',#1472,#1482,#1484,.T.);
#1482 = VERTEX_POINT('',#1483);
#1483 = CARTESIAN_POINT('',(-38.72465395201,225.,-70.5));
#1484 = LINE('',#1485,#1486);
#1485 = CARTESIAN_POINT('',(-45.24539708884,225.,-70.5));
#1486 = VECTOR('',#1487,1.);
#1487 = DIRECTION('',(1.,0.,8.809807316332E-16));
#1488 = ORIENTED_EDGE('',*,*,#1489,.T.);
#1489 = EDGE_CURVE('',#1482,#1490,#1492,.T.);
#1490 = VERTEX_POINT('',#1491);
#1491 = CARTESIAN_POINT('',(-38.72465395201,205.8,-70.5));
#1492 = LINE('',#1493,#1494);
#1493 = CARTESIAN_POINT('',(-38.72465395201,281.8,-70.5));
#1494 = VECTOR('',#1495,1.);
#1495 = DIRECTION('',(0.,-1.,2.22044604925E-16));
#1496 = ORIENTED_EDGE('',*,*,#1497,.F.);
#1497 = EDGE_CURVE('',#1498,#1490,#1500,.T.);
#1498 = VERTEX_POINT('',#1499);
#1499 = CARTESIAN_POINT('',(-34.69013810969,201.8,-70.5));
#1500 = ELLIPSE('',#1501,4.034515842321,4.);
#1501 = AXIS2_PLACEMENT_3D('',#1502,#1503,#1504);
#1502 = CARTESIAN_POINT('',(-34.69013810969,205.8,-70.5));
#1503 = DIRECTION('',(8.809807316332E-16,0.,-1.));
#1504 = DIRECTION('',(-1.,0.,-8.809807316332E-16));
#1505 = ORIENTED_EDGE('',*,*,#1506,.F.);
#1506 = EDGE_CURVE('',#303,#1498,#1507,.T.);
#1507 = LINE('',#1508,#1509);
#1508 = CARTESIAN_POINT('',(-38.72465395201,201.8,-70.5));
#1509 = VECTOR('',#1510,1.);
#1510 = DIRECTION('',(-1.,0.,0.));
#1511 = ORIENTED_EDGE('',*,*,#302,.F.);
#1512 = ORIENTED_EDGE('',*,*,#1423,.F.);
#1513 = ORIENTED_EDGE('',*,*,#1514,.F.);
#1514 = EDGE_CURVE('',#1515,#1424,#1517,.T.);
#1515 = VERTEX_POINT('',#1516);
#1516 = CARTESIAN_POINT('',(-38.72465395201,194.2,-70.5));
#1517 = ELLIPSE('',#1518,4.034515842321,4.);
#1518 = AXIS2_PLACEMENT_3D('',#1519,#1520,#1521);
#1519 = CARTESIAN_POINT('',(-34.69013810969,194.2,-70.5));
#1520 = DIRECTION('',(8.809807316332E-16,-1.219818579635E-46,-1.));
#1521 = DIRECTION('',(-1.,-3.373192442135E-15,-8.809807316332E-16));
#1522 = ORIENTED_EDGE('',*,*,#1523,.T.);
#1523 = EDGE_CURVE('',#1515,#1524,#1526,.T.);
#1524 = VERTEX_POINT('',#1525);
#1525 = CARTESIAN_POINT('',(-38.72465395201,175.,-70.5));
#1526 = LINE('',#1527,#1528);
#1527 = CARTESIAN_POINT('',(-38.72465395201,201.8,-70.5));
#1528 = VECTOR('',#1529,1.);
#1529 = DIRECTION('',(0.,-1.,2.22044604925E-16));
#1530 = ORIENTED_EDGE('',*,*,#1531,.T.);
#1531 = EDGE_CURVE('',#1524,#1474,#1532,.T.);
#1532 = LINE('',#1533,#1534);
#1533 = CARTESIAN_POINT('',(-45.24539708884,175.,-70.5));
#1534 = VECTOR('',#1535,1.);
#1535 = DIRECTION('',(-1.,-0.,-8.809807316332E-16));
#1536 = PLANE('',#1537);
#1537 = AXIS2_PLACEMENT_3D('',#1538,#1539,#1540);
#1538 = CARTESIAN_POINT('',(-35.19240453827,200.,-70.5));
#1539 = DIRECTION('',(5.655249621715E-16,0.,-1.));
#1540 = DIRECTION('',(-1.,0.,-5.655249621715E-16));
#1541 = ADVANCED_FACE('',(#1542),#1583,.T.);
#1542 = FACE_BOUND('',#1543,.T.);
#1543 = EDGE_LOOP('',(#1544,#1545,#1553,#1561,#1569,#1577,#1582));
#1544 = ORIENTED_EDGE('',*,*,#1506,.T.);
#1545 = ORIENTED_EDGE('',*,*,#1546,.T.);
#1546 = EDGE_CURVE('',#1498,#1547,#1549,.T.);
#1547 = VERTEX_POINT('',#1548);
#1548 = CARTESIAN_POINT('',(-41.27240663063,201.8,-20.50270681099));
#1549 = LINE('',#1550,#1551);
#1550 = CARTESIAN_POINT('',(-34.75887450651,201.8,-69.97789523112));
#1551 = VECTOR('',#1552,1.);
#1552 = DIRECTION('',(-0.13052619222,0.,0.991444861374));
#1553 = ORIENTED_EDGE('',*,*,#1554,.T.);
#1554 = EDGE_CURVE('',#1547,#1555,#1557,.T.);
#1555 = VERTEX_POINT('',#1556);
#1556 = CARTESIAN_POINT('',(-39.05536079409,201.8,-17.94952869926));
#1557 = LINE('',#1558,#1559);
#1558 = CARTESIAN_POINT('',(-42.45296662701,201.8,-21.8622546799));
#1559 = VECTOR('',#1560,1.);
#1560 = DIRECTION('',(0.655654995826,0.,0.755060611109));
#1561 = ORIENTED_EDGE('',*,*,#1562,.T.);
#1562 = EDGE_CURVE('',#1555,#1563,#1565,.T.);
#1563 = VERTEX_POINT('',#1564);
#1564 = CARTESIAN_POINT('',(-43.65646345895,201.8,-2.9));
#1565 = LINE('',#1566,#1567);
#1566 = CARTESIAN_POINT('',(-39.70320885248,201.8,-15.8305131811));
#1567 = VECTOR('',#1568,1.);
#1568 = DIRECTION('',(-0.292371704723,0.,0.956304755963));
#1569 = ORIENTED_EDGE('',*,*,#1570,.F.);
#1570 = EDGE_CURVE('',#1571,#1563,#1573,.T.);
#1571 = VERTEX_POINT('',#1572);
#1572 = CARTESIAN_POINT('',(49.89,201.8,-2.9));
#1573 = LINE('',#1574,#1575);
#1574 = CARTESIAN_POINT('',(-29.61834564447,201.8,-2.9));
#1575 = VECTOR('',#1576,1.);
#1576 = DIRECTION('',(-1.,0.,0.));
#1577 = ORIENTED_EDGE('',*,*,#1578,.T.);
#1578 = EDGE_CURVE('',#1571,#311,#1579,.T.);
#1579 = B_SPLINE_CURVE_WITH_KNOTS('',1,(#1580,#1581),.UNSPECIFIED.,.F.,
  .F.,(2,2),(0.,1.),.PIECEWISE_BEZIER_KNOTS.);
#1580 = CARTESIAN_POINT('',(49.6,201.8,-1.696420781627E-14));
#1581 = CARTESIAN_POINT('',(51.316078976864,201.8,-17.16078976863));
#1582 = ORIENTED_EDGE('',*,*,#310,.F.);
#1583 = PLANE('',#1584);
#1584 = AXIS2_PLACEMENT_3D('',#1585,#1586,#1587);
#1585 = CARTESIAN_POINT('',(-5.646371450248,201.8,-25.36210164808));
#1586 = DIRECTION('',(8.861877000474E-16,1.,-8.438037129387E-15));
#1587 = DIRECTION('',(0.,8.438037129387E-15,1.));
#1588 = ADVANCED_FACE('',(#1589),#1649,.F.);
#1589 = FACE_BOUND('',#1590,.F.);
#1590 = EDGE_LOOP('',(#1591,#1598,#1607,#1647,#1648));
#1591 = ORIENTED_EDGE('',*,*,#1592,.F.);
#1592 = EDGE_CURVE('',#1593,#319,#1595,.T.);
#1593 = VERTEX_POINT('',#1594);
#1594 = CARTESIAN_POINT('',(52.599999999999,204.8,-1.563194018672E-14));
#1595 = B_SPLINE_CURVE_WITH_KNOTS('',1,(#1596,#1597),.UNSPECIFIED.,.F.,
  .F.,(2,2),(0.,1.),.PIECEWISE_BEZIER_KNOTS.);
#1596 = CARTESIAN_POINT('',(52.599999999999,204.8,-1.563194018672E-14));
#1597 = CARTESIAN_POINT('',(54.316078976863,204.8,-17.16078976863));
#1598 = ORIENTED_EDGE('',*,*,#1599,.T.);
#1599 = EDGE_CURVE('',#1593,#1600,#1602,.T.);
#1600 = VERTEX_POINT('',#1601);
#1601 = CARTESIAN_POINT('',(52.598332870111,204.7,-8.060219158779E-15));
#1602 = CIRCLE('',#1603,3.000000000002);
#1603 = AXIS2_PLACEMENT_3D('',#1604,#1605,#1606);
#1604 = CARTESIAN_POINT('',(49.599999999996,204.8,-1.563194018672E-14));
#1605 = DIRECTION('',(0.,4.440892098501E-16,-1.));
#1606 = DIRECTION('',(1.,0.,0.));
#1607 = ORIENTED_EDGE('',*,*,#1608,.T.);
#1608 = EDGE_CURVE('',#1600,#1571,#1609,.T.);
#1609 = B_SPLINE_CURVE_WITH_KNOTS('',8,(#1610,#1611,#1612,#1613,#1614,
    #1615,#1616,#1617,#1618,#1619,#1620,#1621,#1622,#1623,#1624,#1625,
    #1626,#1627,#1628,#1629,#1630,#1631,#1632,#1633,#1634,#1635,#1636,
    #1637,#1638,#1639,#1640,#1641,#1642,#1643,#1644,#1645,#1646),
  .UNSPECIFIED.,.F.,.F.,(9,7,7,7,7,9),(0.,0.437766921926,0.609525712437,
    0.740687799936,0.94625030891,1.),.UNSPECIFIED.);
#1610 = CARTESIAN_POINT('',(52.598332868695,204.7,-1.480759959094E-14));
#1611 = CARTESIAN_POINT('',(52.612588191782,204.48611061773,
    -0.213889382267));
#1612 = CARTESIAN_POINT('',(52.609408123211,204.27189272611,
    -0.42810727389));
#1613 = CARTESIAN_POINT('',(52.588493392042,204.05795108525,
    -0.642048914748));
#1614 = CARTESIAN_POINT('',(52.549225045883,203.84515371911,
    -0.854846280881));
#1615 = CARTESIAN_POINT('',(52.490824017424,203.63462225207,
    -1.065377747928));
#1616 = CARTESIAN_POINT('',(52.412336990664,203.42775030189,
    -1.27224969811));
#1617 = CARTESIAN_POINT('',(52.312714380771,203.22619543335,
    -1.473804566646));
#1618 = CARTESIAN_POINT('',(52.142479958907,202.95576392643,
    -1.744236073569));
#1619 = CARTESIAN_POINT('',(52.09104679558,202.88072317086,
    -1.819276829136));
#1620 = CARTESIAN_POINT('',(52.036074543128,202.80698038275,
    -1.893019617248));
#1621 = CARTESIAN_POINT('',(51.977489725018,202.73469196193,
    -1.965308038068));
#1622 = CARTESIAN_POINT('',(51.915225057147,202.66403581944,
    -2.035964180556));
#1623 = CARTESIAN_POINT('',(51.849222682441,202.59521007797,
    -2.104789922024));
#1624 = CARTESIAN_POINT('',(51.779437405457,202.52843177232,
    -2.171568227673));
#1625 = CARTESIAN_POINT('',(51.649637860818,202.41468357766,
    -2.28531642234));
#1626 = CARTESIAN_POINT('',(51.591216448538,202.3667658192,
    -2.333234180798));
#1627 = CARTESIAN_POINT('',(51.530566082898,202.32028839249,
    -2.379711607506));
#1628 = CARTESIAN_POINT('',(51.467686851958,202.27536704791,
    -2.424632952084));
#1629 = CARTESIAN_POINT('',(51.402591138998,202.23212510433,
    -2.467874895669));
#1630 = CARTESIAN_POINT('',(51.335306222421,202.1906913852,
    -2.509308614794));
#1631 = CARTESIAN_POINT('',(51.265876875655,202.15119815472,
    -2.548801845273));
#1632 = CARTESIAN_POINT('',(51.082296323908,202.05513433125,
    -2.644865668747));
#1633 = CARTESIAN_POINT('',(50.965049624117,202.00154833924,
    -2.69845166076));
#1634 = CARTESIAN_POINT('',(50.842956671947,201.95359241507,
    -2.746407584925));
#1635 = CARTESIAN_POINT('',(50.716450631655,201.91179510034,
    -2.788204899656));
#1636 = CARTESIAN_POINT('',(50.586077329921,201.87662785784,
    -2.823372142152));
#1637 = CARTESIAN_POINT('',(50.452508232502,201.84847809619,
    -2.851521903809));
#1638 = CARTESIAN_POINT('',(50.316558095082,201.82760950215,
    -2.872390497844));
#1639 = CARTESIAN_POINT('',(50.143293329768,201.81057979969,
    -2.889420200301));
#1640 = CARTESIAN_POINT('',(50.107280083846,201.80755337312,
    -2.892446626874));
#1641 = CARTESIAN_POINT('',(50.071183399748,201.80503191841,
    -2.894968081586));
#1642 = CARTESIAN_POINT('',(50.035019081962,201.8030162053,
    -2.896983794692));
#1643 = CARTESIAN_POINT('',(49.9988028903,201.80150625601,
    -2.898493743985));
#1644 = CARTESIAN_POINT('',(49.962550539894,201.8005013452,
    -2.899498654797));
#1645 = CARTESIAN_POINT('',(49.926277701201,201.8,-2.899999999998));
#1646 = CARTESIAN_POINT('',(49.89,201.8,-2.899999999998));
#1647 = ORIENTED_EDGE('',*,*,#1578,.T.);
#1648 = ORIENTED_EDGE('',*,*,#318,.T.);
#1649 = B_SPLINE_SURFACE_WITH_KNOTS('',8,1,(
    (#1650,#1651)
    ,(#1652,#1653)
    ,(#1654,#1655)
    ,(#1656,#1657)
    ,(#1658,#1659)
    ,(#1660,#1661)
    ,(#1662,#1663)
    ,(#1664,#1665)
    ,(#1666,#1667
    )),.UNSPECIFIED.,.F.,.F.,.F.,(9,9),(2,2),(1.086526393011E-12,
    1.570796326794),(0.,1.),.PIECEWISE_BEZIER_KNOTS.);
#1650 = CARTESIAN_POINT('',(52.599999999998,204.8,-1.563194018672E-14));
#1651 = CARTESIAN_POINT('',(54.316078976862,204.8,-17.16078976863));
#1652 = CARTESIAN_POINT('',(52.599999999998,204.21095137745,
    -1.589353032407E-14));
#1653 = CARTESIAN_POINT('',(54.316078976861,204.21095137745,
    -17.16078976863));
#1654 = CARTESIAN_POINT('',(52.467817633113,203.62190256948,
    -1.615512054376E-14));
#1655 = CARTESIAN_POINT('',(54.183896609979,203.62190256948,
    -17.16078976863));
#1656 = CARTESIAN_POINT('',(52.203454197613,203.06746029699,
    -1.640134237446E-14));
#1657 = CARTESIAN_POINT('',(53.919533174473,203.06746029699,
    -17.16078976863));
#1658 = CARTESIAN_POINT('',(51.817776267335,202.58222373266,
    -1.661683069691E-14));
#1659 = CARTESIAN_POINT('',(53.533855244204,202.58222373266,
    -17.16078976863));
#1660 = CARTESIAN_POINT('',(51.332539703005,202.19654580238,
    -1.678810610422E-14));
#1661 = CARTESIAN_POINT('',(53.048618679865,202.19654580238,
    -17.16078976863));
#1662 = CARTESIAN_POINT('',(50.778097430511,201.93218236688,
    -1.690550705341E-14));
#1663 = CARTESIAN_POINT('',(52.494176407376,201.93218236688,
    -17.16078976863));
#1664 = CARTESIAN_POINT('',(50.189048622548,201.8,-1.696420781627E-14));
#1665 = CARTESIAN_POINT('',(51.905127599411,201.8,-17.16078976863));
#1666 = CARTESIAN_POINT('',(49.6,201.8,-1.696420781627E-14));
#1667 = CARTESIAN_POINT('',(51.316078976864,201.8,-17.16078976863));
#1668 = ADVANCED_FACE('',(#1669),#1686,.F.);
#1669 = FACE_BOUND('',#1670,.F.);
#1670 = EDGE_LOOP('',(#1671,#1678,#1684,#1685));
#1671 = ORIENTED_EDGE('',*,*,#1672,.F.);
#1672 = EDGE_CURVE('',#1673,#350,#1675,.T.);
#1673 = VERTEX_POINT('',#1674);
#1674 = CARTESIAN_POINT('',(52.599999999999,275.2,0.));
#1675 = B_SPLINE_CURVE_WITH_KNOTS('',1,(#1676,#1677),.UNSPECIFIED.,.F.,
  .F.,(2,2),(0.,1.),.PIECEWISE_BEZIER_KNOTS.);
#1676 = CARTESIAN_POINT('',(52.599999999999,275.2,0.));
#1677 = CARTESIAN_POINT('',(54.316078976863,275.2,-17.16078976863));
#1678 = ORIENTED_EDGE('',*,*,#1679,.T.);
#1679 = EDGE_CURVE('',#1673,#1593,#1680,.T.);
#1680 = LINE('',#1681,#1682);
#1681 = CARTESIAN_POINT('',(52.599999999941,281.19999999992,0.));
#1682 = VECTOR('',#1683,1.);
#1683 = DIRECTION('',(0.,-1.,0.));
#1684 = ORIENTED_EDGE('',*,*,#1592,.T.);
#1685 = ORIENTED_EDGE('',*,*,#349,.T.);
#1686 = B_SPLINE_SURFACE_WITH_KNOTS('',1,1,(
    (#1687,#1688)
    ,(#1689,#1690
    )),.UNSPECIFIED.,.F.,.F.,.F.,(2,2),(2,2),(0.,82.399999999848),(0.,1.
    ),.PIECEWISE_BEZIER_KNOTS.);
#1687 = CARTESIAN_POINT('',(52.599999999941,281.19999999992,0.));
#1688 = CARTESIAN_POINT('',(54.316078976805,279.48392102306,
    -17.16078976863));
#1689 = CARTESIAN_POINT('',(52.599999999941,198.80000000007,0.));
#1690 = CARTESIAN_POINT('',(54.316078976805,200.51607897694,
    -17.16078976863));
#1691 = ADVANCED_FACE('',(#1692),#1752,.T.);
#1692 = FACE_BOUND('',#1693,.T.);
#1693 = EDGE_LOOP('',(#1694,#1695,#1704,#1746,#1751));
#1694 = ORIENTED_EDGE('',*,*,#1672,.F.);
#1695 = ORIENTED_EDGE('',*,*,#1696,.T.);
#1696 = EDGE_CURVE('',#1673,#1697,#1699,.T.);
#1697 = VERTEX_POINT('',#1698);
#1698 = CARTESIAN_POINT('',(52.598332870111,275.3,-2.22044604925E-16));
#1699 = CIRCLE('',#1700,3.000000000002);
#1700 = AXIS2_PLACEMENT_3D('',#1701,#1702,#1703);
#1701 = CARTESIAN_POINT('',(49.599999999996,275.19999999999,0.));
#1702 = DIRECTION('',(0.,0.,1.));
#1703 = DIRECTION('',(1.,0.,0.));
#1704 = ORIENTED_EDGE('',*,*,#1705,.T.);
#1705 = EDGE_CURVE('',#1697,#1706,#1708,.T.);
#1706 = VERTEX_POINT('',#1707);
#1707 = CARTESIAN_POINT('',(49.89,278.2,-2.9));
#1708 = B_SPLINE_CURVE_WITH_KNOTS('',8,(#1709,#1710,#1711,#1712,#1713,
    #1714,#1715,#1716,#1717,#1718,#1719,#1720,#1721,#1722,#1723,#1724,
    #1725,#1726,#1727,#1728,#1729,#1730,#1731,#1732,#1733,#1734,#1735,
    #1736,#1737,#1738,#1739,#1740,#1741,#1742,#1743,#1744,#1745),
  .UNSPECIFIED.,.F.,.F.,(9,7,7,7,7,9),(0.,0.437766921926,0.609525712437,
    0.740687799936,0.94625030891,1.),.UNSPECIFIED.);
#1709 = CARTESIAN_POINT('',(52.598332868695,275.3,2.775557561563E-15));
#1710 = CARTESIAN_POINT('',(52.612588191782,275.51388938226,
    -0.213889382266));
#1711 = CARTESIAN_POINT('',(52.609408123211,275.72810727389,
    -0.428107273891));
#1712 = CARTESIAN_POINT('',(52.588493392041,275.94204891474,
    -0.642048914746));
#1713 = CARTESIAN_POINT('',(52.549225045883,276.15484628088,
    -0.854846280883));
#1714 = CARTESIAN_POINT('',(52.490824017424,276.36537774792,
    -1.065377747926));
#1715 = CARTESIAN_POINT('',(52.412336990664,276.57224969811,
    -1.272249698111));
#1716 = CARTESIAN_POINT('',(52.312714380771,276.77380456664,
    -1.473804566646));
#1717 = CARTESIAN_POINT('',(52.142479958907,277.04423607356,
    -1.744236073569));
#1718 = CARTESIAN_POINT('',(52.09104679558,277.11927682913,
    -1.819276829136));
#1719 = CARTESIAN_POINT('',(52.036074543128,277.19301961724,
    -1.893019617248));
#1720 = CARTESIAN_POINT('',(51.977489725018,277.26530803806,
    -1.965308038068));
#1721 = CARTESIAN_POINT('',(51.915225057147,277.33596418055,
    -2.035964180556));
#1722 = CARTESIAN_POINT('',(51.849222682441,277.40478992202,
    -2.104789922024));
#1723 = CARTESIAN_POINT('',(51.779437405457,277.47156822767,
    -2.171568227673));
#1724 = CARTESIAN_POINT('',(51.649637860818,277.58531642234,
    -2.28531642234));
#1725 = CARTESIAN_POINT('',(51.591216448538,277.63323418079,
    -2.333234180798));
#1726 = CARTESIAN_POINT('',(51.530566082898,277.6797116075,
    -2.379711607506));
#1727 = CARTESIAN_POINT('',(51.467686851958,277.72463295208,
    -2.424632952084));
#1728 = CARTESIAN_POINT('',(51.402591138998,277.76787489566,
    -2.467874895669));
#1729 = CARTESIAN_POINT('',(51.335306222421,277.80930861479,
    -2.509308614794));
#1730 = CARTESIAN_POINT('',(51.265876875655,277.84880184527,
    -2.548801845273));
#1731 = CARTESIAN_POINT('',(51.082296323908,277.94486566874,
    -2.644865668747));
#1732 = CARTESIAN_POINT('',(50.965049624117,277.99845166076,
    -2.69845166076));
#1733 = CARTESIAN_POINT('',(50.842956671947,278.04640758492,
    -2.746407584925));
#1734 = CARTESIAN_POINT('',(50.716450631655,278.08820489965,
    -2.788204899656));
#1735 = CARTESIAN_POINT('',(50.586077329921,278.12337214215,
    -2.823372142152));
#1736 = CARTESIAN_POINT('',(50.452508232501,278.1515219038,
    -2.851521903809));
#1737 = CARTESIAN_POINT('',(50.316558095083,278.17239049784,
    -2.872390497844));
#1738 = CARTESIAN_POINT('',(50.143293329768,278.1894202003,
    -2.889420200301));
#1739 = CARTESIAN_POINT('',(50.107280083846,278.19244662687,
    -2.892446626874));
#1740 = CARTESIAN_POINT('',(50.071183399748,278.19496808158,
    -2.894968081586));
#1741 = CARTESIAN_POINT('',(50.035019081962,278.19698379469,
    -2.896983794692));
#1742 = CARTESIAN_POINT('',(49.9988028903,278.19849374398,
    -2.898493743985));
#1743 = CARTESIAN_POINT('',(49.962550539894,278.19949865479,
    -2.899498654797));
#1744 = CARTESIAN_POINT('',(49.926277701201,278.19999999999,
    -2.899999999998));
#1745 = CARTESIAN_POINT('',(49.89,278.19999999999,-2.899999999998));
#1746 = ORIENTED_EDGE('',*,*,#1747,.T.);
#1747 = EDGE_CURVE('',#1706,#357,#1748,.T.);
#1748 = B_SPLINE_CURVE_WITH_KNOTS('',1,(#1749,#1750),.UNSPECIFIED.,.F.,
  .F.,(2,2),(0.,1.),.PIECEWISE_BEZIER_KNOTS.);
#1749 = CARTESIAN_POINT('',(49.6,278.19999999999,0.));
#1750 = CARTESIAN_POINT('',(51.316078976864,278.19999999999,
    -17.16078976863));
#1751 = ORIENTED_EDGE('',*,*,#356,.T.);
#1752 = B_SPLINE_SURFACE_WITH_KNOTS('',8,1,(
    (#1753,#1754)
    ,(#1755,#1756)
    ,(#1757,#1758)
    ,(#1759,#1760)
    ,(#1761,#1762)
    ,(#1763,#1764)
    ,(#1765,#1766)
    ,(#1767,#1768)
    ,(#1769,#1770
    )),.UNSPECIFIED.,.F.,.F.,.F.,(9,9),(2,2),(1.086526393011E-12,
    1.570796326794),(0.,1.),.PIECEWISE_BEZIER_KNOTS.);
#1753 = CARTESIAN_POINT('',(52.599999999998,275.2,0.));
#1754 = CARTESIAN_POINT('',(54.316078976862,275.2,-17.16078976863));
#1755 = CARTESIAN_POINT('',(52.599999999998,275.78904862254,0.));
#1756 = CARTESIAN_POINT('',(54.316078976861,275.78904862254,
    -17.16078976863));
#1757 = CARTESIAN_POINT('',(52.467817633113,276.37809743051,0.));
#1758 = CARTESIAN_POINT('',(54.183896609979,276.37809743051,
    -17.16078976863));
#1759 = CARTESIAN_POINT('',(52.203454197613,276.932539703,0.));
#1760 = CARTESIAN_POINT('',(53.919533174473,276.932539703,
    -17.16078976863));
#1761 = CARTESIAN_POINT('',(51.817776267335,277.41777626733,0.));
#1762 = CARTESIAN_POINT('',(53.533855244204,277.41777626733,
    -17.16078976863));
#1763 = CARTESIAN_POINT('',(51.332539703005,277.80345419761,0.));
#1764 = CARTESIAN_POINT('',(53.048618679865,277.80345419761,
    -17.16078976863));
#1765 = CARTESIAN_POINT('',(50.778097430511,278.06781763311,0.));
#1766 = CARTESIAN_POINT('',(52.494176407376,278.06781763311,
    -17.16078976863));
#1767 = CARTESIAN_POINT('',(50.189048622548,278.19999999999,0.));
#1768 = CARTESIAN_POINT('',(51.905127599411,278.19999999999,
    -17.16078976863));
#1769 = CARTESIAN_POINT('',(49.6,278.19999999999,0.));
#1770 = CARTESIAN_POINT('',(51.316078976864,278.19999999999,
    -17.16078976863));
#1771 = ADVANCED_FACE('',(#1772),#1814,.T.);
#1772 = FACE_BOUND('',#1773,.F.);
#1773 = EDGE_LOOP('',(#1774,#1782,#1790,#1798,#1806,#1812,#1813));
#1774 = ORIENTED_EDGE('',*,*,#1775,.F.);
#1775 = EDGE_CURVE('',#1776,#388,#1778,.T.);
#1776 = VERTEX_POINT('',#1777);
#1777 = CARTESIAN_POINT('',(-34.69013810969,278.2,-70.5));
#1778 = LINE('',#1779,#1780);
#1779 = CARTESIAN_POINT('',(-42.75916979433,278.2,-70.5));
#1780 = VECTOR('',#1781,1.);
#1781 = DIRECTION('',(1.,0.,0.));
#1782 = ORIENTED_EDGE('',*,*,#1783,.T.);
#1783 = EDGE_CURVE('',#1776,#1784,#1786,.T.);
#1784 = VERTEX_POINT('',#1785);
#1785 = CARTESIAN_POINT('',(-41.27240663063,278.2,-20.50270681099));
#1786 = LINE('',#1787,#1788);
#1787 = CARTESIAN_POINT('',(-34.75887450651,278.2,-69.97789523112));
#1788 = VECTOR('',#1789,1.);
#1789 = DIRECTION('',(-0.13052619222,-4.402899650974E-16,0.991444861374)
  );
#1790 = ORIENTED_EDGE('',*,*,#1791,.T.);
#1791 = EDGE_CURVE('',#1784,#1792,#1794,.T.);
#1792 = VERTEX_POINT('',#1793);
#1793 = CARTESIAN_POINT('',(-39.05536079409,278.2,-17.94952869926));
#1794 = LINE('',#1795,#1796);
#1795 = CARTESIAN_POINT('',(-42.45296662701,278.2,-21.8622546799));
#1796 = VECTOR('',#1797,1.);
#1797 = DIRECTION('',(0.655654995826,-3.353142701762E-16,0.755060611109)
  );
#1798 = ORIENTED_EDGE('',*,*,#1799,.T.);
#1799 = EDGE_CURVE('',#1792,#1800,#1802,.T.);
#1800 = VERTEX_POINT('',#1801);
#1801 = CARTESIAN_POINT('',(-43.65646345895,278.2,-2.9));
#1802 = LINE('',#1803,#1804);
#1803 = CARTESIAN_POINT('',(-39.70320885248,278.2,-15.8305131811));
#1804 = VECTOR('',#1805,1.);
#1805 = DIRECTION('',(-0.292371704723,-4.246846234515E-16,0.956304755963
    ));
#1806 = ORIENTED_EDGE('',*,*,#1807,.T.);
#1807 = EDGE_CURVE('',#1800,#1706,#1808,.T.);
#1808 = LINE('',#1809,#1810);
#1809 = CARTESIAN_POINT('',(-29.61834564447,278.2,-2.9));
#1810 = VECTOR('',#1811,1.);
#1811 = DIRECTION('',(1.,0.,0.));
#1812 = ORIENTED_EDGE('',*,*,#1747,.T.);
#1813 = ORIENTED_EDGE('',*,*,#387,.F.);
#1814 = PLANE('',#1815);
#1815 = AXIS2_PLACEMENT_3D('',#1816,#1817,#1818);
#1816 = CARTESIAN_POINT('',(-5.736691288946,278.2,-26.65957773548));
#1817 = DIRECTION('',(-0.,-1.,-4.440892098501E-16));
#1818 = DIRECTION('',(0.,4.440892098501E-16,-1.));
#1819 = ADVANCED_FACE('',(#1820),#1863,.T.);
#1820 = FACE_BOUND('',#1821,.T.);
#1821 = EDGE_LOOP('',(#1822,#1823,#1832,#1840,#1848,#1856,#1862));
#1822 = ORIENTED_EDGE('',*,*,#1775,.F.);
#1823 = ORIENTED_EDGE('',*,*,#1824,.F.);
#1824 = EDGE_CURVE('',#1825,#1776,#1827,.T.);
#1825 = VERTEX_POINT('',#1826);
#1826 = CARTESIAN_POINT('',(-38.72465395201,274.2,-70.5));
#1827 = ELLIPSE('',#1828,4.034515842321,4.);
#1828 = AXIS2_PLACEMENT_3D('',#1829,#1830,#1831);
#1829 = CARTESIAN_POINT('',(-34.69013810969,274.2,-70.5));
#1830 = DIRECTION('',(8.809807316332E-16,-1.219818579635E-46,-1.));
#1831 = DIRECTION('',(-1.,-3.373192442135E-15,-8.809807316332E-16));
#1832 = ORIENTED_EDGE('',*,*,#1833,.T.);
#1833 = EDGE_CURVE('',#1825,#1834,#1836,.T.);
#1834 = VERTEX_POINT('',#1835);
#1835 = CARTESIAN_POINT('',(-38.72465395201,255.,-70.5));
#1836 = LINE('',#1837,#1838);
#1837 = CARTESIAN_POINT('',(-38.72465395201,281.8,-70.5));
#1838 = VECTOR('',#1839,1.);
#1839 = DIRECTION('',(0.,-1.,2.22044604925E-16));
#1840 = ORIENTED_EDGE('',*,*,#1841,.T.);
#1841 = EDGE_CURVE('',#1834,#1842,#1844,.T.);
#1842 = VERTEX_POINT('',#1843);
#1843 = CARTESIAN_POINT('',(-42.75916979433,255.,-70.5));
#1844 = LINE('',#1845,#1846);
#1845 = CARTESIAN_POINT('',(-45.24539708884,255.,-70.5));
#1846 = VECTOR('',#1847,1.);
#1847 = DIRECTION('',(-1.,-0.,-8.809807316332E-16));
#1848 = ORIENTED_EDGE('',*,*,#1849,.F.);
#1849 = EDGE_CURVE('',#1850,#1842,#1852,.T.);
#1850 = VERTEX_POINT('',#1851);
#1851 = CARTESIAN_POINT('',(-42.75916979433,281.8,-70.5));
#1852 = LINE('',#1853,#1854);
#1853 = CARTESIAN_POINT('',(-42.75916979433,281.8,-70.5));
#1854 = VECTOR('',#1855,1.);
#1855 = DIRECTION('',(0.,-1.,2.22044604925E-16));
#1856 = ORIENTED_EDGE('',*,*,#1857,.F.);
#1857 = EDGE_CURVE('',#396,#1850,#1858,.T.);
#1858 = LINE('',#1859,#1860);
#1859 = CARTESIAN_POINT('',(-38.72465395201,281.8,-70.5));
#1860 = VECTOR('',#1861,1.);
#1861 = DIRECTION('',(-1.,0.,0.));
#1862 = ORIENTED_EDGE('',*,*,#395,.F.);
#1863 = PLANE('',#1864);
#1864 = AXIS2_PLACEMENT_3D('',#1865,#1866,#1867);
#1865 = CARTESIAN_POINT('',(-34.49079417768,240.,-70.5));
#1866 = DIRECTION('',(8.809807316332E-16,0.,-1.));
#1867 = DIRECTION('',(-1.,0.,-8.809807316332E-16));
#1868 = ADVANCED_FACE('',(#1869,#1951),#1985,.T.);
#1869 = FACE_BOUND('',#1870,.T.);
#1870 = EDGE_LOOP('',(#1871,#1881,#1887,#1888,#1889,#1897,#1905,#1913,
    #1921,#1929,#1937,#1945));
#1871 = ORIENTED_EDGE('',*,*,#1872,.F.);
#1872 = EDGE_CURVE('',#1873,#1875,#1877,.T.);
#1873 = VERTEX_POINT('',#1874);
#1874 = CARTESIAN_POINT('',(54.500000000003,281.8,2.5));
#1875 = VERTEX_POINT('',#1876);
#1876 = CARTESIAN_POINT('',(-54.5,281.8,2.5));
#1877 = LINE('',#1878,#1879);
#1878 = CARTESIAN_POINT('',(54.500000000003,281.8,2.5));
#1879 = VECTOR('',#1880,1.);
#1880 = DIRECTION('',(-1.,0.,0.));
#1881 = ORIENTED_EDGE('',*,*,#1882,.T.);
#1882 = EDGE_CURVE('',#1873,#404,#1883,.T.);
#1883 = LINE('',#1884,#1885);
#1884 = CARTESIAN_POINT('',(54.500000000003,281.8,2.5));
#1885 = VECTOR('',#1886,1.);
#1886 = DIRECTION('',(-0.,-0.,-1.));
#1887 = ORIENTED_EDGE('',*,*,#403,.F.);
#1888 = ORIENTED_EDGE('',*,*,#1857,.T.);
#1889 = ORIENTED_EDGE('',*,*,#1890,.T.);
#1890 = EDGE_CURVE('',#1850,#1891,#1893,.T.);
#1891 = VERTEX_POINT('',#1892);
#1892 = CARTESIAN_POINT('',(-49.80257841525,281.8,-17.));
#1893 = LINE('',#1894,#1895);
#1894 = CARTESIAN_POINT('',(-42.75916979433,281.8,-70.5));
#1895 = VECTOR('',#1896,1.);
#1896 = DIRECTION('',(-0.13052619222,2.201449825487E-16,0.991444861374)
  );
#1897 = ORIENTED_EDGE('',*,*,#1898,.T.);
#1898 = EDGE_CURVE('',#1891,#1899,#1901,.T.);
#1899 = VERTEX_POINT('',#1900);
#1900 = CARTESIAN_POINT('',(-50.41403977817,281.8,-15.));
#1901 = LINE('',#1902,#1903);
#1902 = CARTESIAN_POINT('',(-49.80257841525,281.8,-17.));
#1903 = VECTOR('',#1904,1.);
#1904 = DIRECTION('',(-0.292371704723,2.123423117257E-16,0.956304755963)
  );
#1905 = ORIENTED_EDGE('',*,*,#1906,.T.);
#1906 = EDGE_CURVE('',#1899,#1907,#1909,.T.);
#1907 = VERTEX_POINT('',#1908);
#1908 = CARTESIAN_POINT('',(-45.,281.8,-15.));
#1909 = LINE('',#1910,#1911);
#1910 = CARTESIAN_POINT('',(-6.073185725124,281.8,-15.));
#1911 = VECTOR('',#1912,1.);
#1912 = DIRECTION('',(1.,-8.861877000474E-16,0.));
#1913 = ORIENTED_EDGE('',*,*,#1914,.F.);
#1914 = EDGE_CURVE('',#1915,#1907,#1917,.T.);
#1915 = VERTEX_POINT('',#1916);
#1916 = CARTESIAN_POINT('',(-45.,281.8,-1.));
#1917 = LINE('',#1918,#1919);
#1918 = CARTESIAN_POINT('',(-45.,281.8,-16.68105082404));
#1919 = VECTOR('',#1920,1.);
#1920 = DIRECTION('',(0.,-8.438037129387E-15,-1.));
#1921 = ORIENTED_EDGE('',*,*,#1922,.F.);
#1922 = EDGE_CURVE('',#1923,#1915,#1925,.T.);
#1923 = VERTEX_POINT('',#1924);
#1924 = CARTESIAN_POINT('',(-51.,281.8,-1.));
#1925 = LINE('',#1926,#1927);
#1926 = CARTESIAN_POINT('',(-6.073185725124,281.8,-1.));
#1927 = VECTOR('',#1928,1.);
#1928 = DIRECTION('',(1.,-8.861877000474E-16,0.));
#1929 = ORIENTED_EDGE('',*,*,#1930,.F.);
#1930 = EDGE_CURVE('',#1931,#1923,#1933,.T.);
#1931 = VERTEX_POINT('',#1932);
#1932 = CARTESIAN_POINT('',(-51.,281.8,-13.08341047411));
#1933 = LINE('',#1934,#1935);
#1934 = CARTESIAN_POINT('',(-51.,281.8,-16.68105082404));
#1935 = VECTOR('',#1936,1.);
#1936 = DIRECTION('',(0.,8.438037129387E-15,1.));
#1937 = ORIENTED_EDGE('',*,*,#1938,.T.);
#1938 = EDGE_CURVE('',#1931,#1939,#1941,.T.);
#1939 = VERTEX_POINT('',#1940);
#1940 = CARTESIAN_POINT('',(-54.5,281.8,-1.635426309413));
#1941 = LINE('',#1942,#1943);
#1942 = CARTESIAN_POINT('',(-49.80257841525,281.8,-17.));
#1943 = VECTOR('',#1944,1.);
#1944 = DIRECTION('',(-0.292371704723,2.123423117257E-16,0.956304755963)
  );
#1945 = ORIENTED_EDGE('',*,*,#1946,.T.);
#1946 = EDGE_CURVE('',#1939,#1875,#1947,.T.);
#1947 = LINE('',#1948,#1949);
#1948 = CARTESIAN_POINT('',(-54.5,281.8,0.));
#1949 = VECTOR('',#1950,1.);
#1950 = DIRECTION('',(0.,0.,1.));
#1951 = FACE_BOUND('',#1952,.T.);
#1952 = EDGE_LOOP('',(#1953,#1963,#1971,#1979));
#1953 = ORIENTED_EDGE('',*,*,#1954,.F.);
#1954 = EDGE_CURVE('',#1955,#1957,#1959,.T.);
#1955 = VERTEX_POINT('',#1956);
#1956 = CARTESIAN_POINT('',(32.,281.8,-15.));
#1957 = VERTEX_POINT('',#1958);
#1958 = CARTESIAN_POINT('',(32.,281.8,-1.));
#1959 = LINE('',#1960,#1961);
#1960 = CARTESIAN_POINT('',(32.,281.8,-16.68105082404));
#1961 = VECTOR('',#1962,1.);
#1962 = DIRECTION('',(0.,8.438037129387E-15,1.));
#1963 = ORIENTED_EDGE('',*,*,#1964,.T.);
#1964 = EDGE_CURVE('',#1955,#1965,#1967,.T.);
#1965 = VERTEX_POINT('',#1966);
#1966 = CARTESIAN_POINT('',(38.,281.8,-15.));
#1967 = LINE('',#1968,#1969);
#1968 = CARTESIAN_POINT('',(-6.073185725124,281.8,-15.));
#1969 = VECTOR('',#1970,1.);
#1970 = DIRECTION('',(1.,-8.861877000474E-16,0.));
#1971 = ORIENTED_EDGE('',*,*,#1972,.F.);
#1972 = EDGE_CURVE('',#1973,#1965,#1975,.T.);
#1973 = VERTEX_POINT('',#1974);
#1974 = CARTESIAN_POINT('',(38.,281.8,-1.));
#1975 = LINE('',#1976,#1977);
#1976 = CARTESIAN_POINT('',(38.,281.8,-16.68105082404));
#1977 = VECTOR('',#1978,1.);
#1978 = DIRECTION('',(0.,-8.438037129387E-15,-1.));
#1979 = ORIENTED_EDGE('',*,*,#1980,.F.);
#1980 = EDGE_CURVE('',#1957,#1973,#1981,.T.);
#1981 = LINE('',#1982,#1983);
#1982 = CARTESIAN_POINT('',(-6.073185725124,281.8,-1.));
#1983 = VECTOR('',#1984,1.);
#1984 = DIRECTION('',(1.,-8.861877000474E-16,0.));
#1985 = PLANE('',#1986);
#1986 = AXIS2_PLACEMENT_3D('',#1987,#1988,#1989);
#1987 = CARTESIAN_POINT('',(-5.646371450248,281.8,-25.36210164808));
#1988 = DIRECTION('',(8.861877000474E-16,1.,-8.438037129387E-15));
#1989 = DIRECTION('',(0.,8.438037129387E-15,1.));
#1990 = ADVANCED_FACE('',(#1991),#2018,.T.);
#1991 = FACE_BOUND('',#1992,.T.);
#1992 = EDGE_LOOP('',(#1993,#1994,#2003,#2011));
#1993 = ORIENTED_EDGE('',*,*,#411,.T.);
#1994 = ORIENTED_EDGE('',*,*,#1995,.F.);
#1995 = EDGE_CURVE('',#1996,#404,#1998,.T.);
#1996 = VERTEX_POINT('',#1997);
#1997 = CARTESIAN_POINT('',(55.000000000027,281.3,-9.500000000004));
#1998 = ELLIPSE('',#1999,1.070391234241,0.499999999998);
#1999 = AXIS2_PLACEMENT_3D('',#2000,#2001,#2002);
#2000 = CARTESIAN_POINT('',(54.500000000003,281.3,-10.4464340413));
#2001 = DIRECTION('',(-0.884194499099,1.037212366006E-16,0.467118922505)
  );
#2002 = DIRECTION('',(0.467118922505,-5.479580831041E-17,0.884194499099)
  );
#2003 = ORIENTED_EDGE('',*,*,#2004,.T.);
#2004 = EDGE_CURVE('',#1996,#2005,#2007,.T.);
#2005 = VERTEX_POINT('',#2006);
#2006 = CARTESIAN_POINT('',(55.000000000027,-41.3,-9.500000000004));
#2007 = LINE('',#2008,#2009);
#2008 = CARTESIAN_POINT('',(55.000000000053,-21.4,-9.500000000004));
#2009 = VECTOR('',#2010,1.);
#2010 = DIRECTION('',(-1.006023777056E-27,-1.,2.220446049231E-16));
#2011 = ORIENTED_EDGE('',*,*,#2012,.F.);
#2012 = EDGE_CURVE('',#412,#2005,#2013,.T.);
#2013 = ELLIPSE('',#2014,1.070391234241,0.499999999998);
#2014 = AXIS2_PLACEMENT_3D('',#2015,#2016,#2017);
#2015 = CARTESIAN_POINT('',(54.500000000003,-41.3,-10.4464340413));
#2016 = DIRECTION('',(-0.884194499099,1.037212366006E-16,0.467118922505)
  );
#2017 = DIRECTION('',(0.467118922505,-5.479580831041E-17,0.884194499099)
  );
#2018 = PLANE('',#2019);
#2019 = AXIS2_PLACEMENT_3D('',#2020,#2021,#2022);
#2020 = CARTESIAN_POINT('',(54.749721136203,120.,-9.973744873089));
#2021 = DIRECTION('',(0.884194499099,0.,-0.467118922505));
#2022 = DIRECTION('',(0.467118922505,0.,0.884194499099));
#2023 = ADVANCED_FACE('',(#2024,#2106),#2140,.T.);
#2024 = FACE_BOUND('',#2025,.T.);
#2025 = EDGE_LOOP('',(#2026,#2036,#2044,#2052,#2060,#2068,#2076,#2084,
    #2092,#2098,#2099,#2100));
#2026 = ORIENTED_EDGE('',*,*,#2027,.F.);
#2027 = EDGE_CURVE('',#2028,#2030,#2032,.T.);
#2028 = VERTEX_POINT('',#2029);
#2029 = CARTESIAN_POINT('',(-54.5,-41.8,2.5));
#2030 = VERTEX_POINT('',#2031);
#2031 = CARTESIAN_POINT('',(54.500000000003,-41.8,2.5));
#2032 = LINE('',#2033,#2034);
#2033 = CARTESIAN_POINT('',(-54.5,-41.8,2.5));
#2034 = VECTOR('',#2035,1.);
#2035 = DIRECTION('',(1.,0.,0.));
#2036 = ORIENTED_EDGE('',*,*,#2037,.T.);
#2037 = EDGE_CURVE('',#2028,#2038,#2040,.T.);
#2038 = VERTEX_POINT('',#2039);
#2039 = CARTESIAN_POINT('',(-54.5,-41.8,-1.635426309413));
#2040 = LINE('',#2041,#2042);
#2041 = CARTESIAN_POINT('',(-54.5,-41.8,2.5));
#2042 = VECTOR('',#2043,1.);
#2043 = DIRECTION('',(-0.,-0.,-1.));
#2044 = ORIENTED_EDGE('',*,*,#2045,.F.);
#2045 = EDGE_CURVE('',#2046,#2038,#2048,.T.);
#2046 = VERTEX_POINT('',#2047);
#2047 = CARTESIAN_POINT('',(-50.95,-41.8,-13.24695310504));
#2048 = LINE('',#2049,#2050);
#2049 = CARTESIAN_POINT('',(-49.80257841525,-41.8,-17.));
#2050 = VECTOR('',#2051,1.);
#2051 = DIRECTION('',(-0.292371704723,2.123423117257E-16,0.956304755963)
  );
#2052 = ORIENTED_EDGE('',*,*,#2053,.T.);
#2053 = EDGE_CURVE('',#2046,#2054,#2056,.T.);
#2054 = VERTEX_POINT('',#2055);
#2055 = CARTESIAN_POINT('',(-50.95,-41.8,-1.));
#2056 = LINE('',#2057,#2058);
#2057 = CARTESIAN_POINT('',(-50.95,-41.8,-16.5265438318));
#2058 = VECTOR('',#2059,1.);
#2059 = DIRECTION('',(0.,-8.648972319019E-15,1.));
#2060 = ORIENTED_EDGE('',*,*,#2061,.T.);
#2061 = EDGE_CURVE('',#2054,#2062,#2064,.T.);
#2062 = VERTEX_POINT('',#2063);
#2063 = CARTESIAN_POINT('',(-45.05,-41.8,-1.));
#2064 = LINE('',#2065,#2066);
#2065 = CARTESIAN_POINT('',(-25.34818572512,-41.8,-1.));
#2066 = VECTOR('',#2067,1.);
#2067 = DIRECTION('',(1.,9.782033146715E-16,0.));
#2068 = ORIENTED_EDGE('',*,*,#2069,.F.);
#2069 = EDGE_CURVE('',#2070,#2062,#2072,.T.);
#2070 = VERTEX_POINT('',#2071);
#2071 = CARTESIAN_POINT('',(-45.05,-41.8,-15.));
#2072 = LINE('',#2073,#2074);
#2073 = CARTESIAN_POINT('',(-45.05,-41.8,-16.5265438318));
#2074 = VECTOR('',#2075,1.);
#2075 = DIRECTION('',(0.,-8.648972319019E-15,1.));
#2076 = ORIENTED_EDGE('',*,*,#2077,.T.);
#2077 = EDGE_CURVE('',#2070,#2078,#2080,.T.);
#2078 = VERTEX_POINT('',#2079);
#2079 = CARTESIAN_POINT('',(-50.41403977817,-41.8,-15.));
#2080 = LINE('',#2081,#2082);
#2081 = CARTESIAN_POINT('',(-45.05,-41.8,-15.));
#2082 = VECTOR('',#2083,1.);
#2083 = DIRECTION('',(-1.,-0.,-0.));
#2084 = ORIENTED_EDGE('',*,*,#2085,.F.);
#2085 = EDGE_CURVE('',#2086,#2078,#2088,.T.);
#2086 = VERTEX_POINT('',#2087);
#2087 = CARTESIAN_POINT('',(-49.80257841525,-41.8,-17.));
#2088 = LINE('',#2089,#2090);
#2089 = CARTESIAN_POINT('',(-49.80257841525,-41.8,-17.));
#2090 = VECTOR('',#2091,1.);
#2091 = DIRECTION('',(-0.292371704723,2.123423117257E-16,0.956304755963)
  );
#2092 = ORIENTED_EDGE('',*,*,#2093,.F.);
#2093 = EDGE_CURVE('',#468,#2086,#2094,.T.);
#2094 = LINE('',#2095,#2096);
#2095 = CARTESIAN_POINT('',(-42.75916979433,-41.8,-70.5));
#2096 = VECTOR('',#2097,1.);
#2097 = DIRECTION('',(-0.13052619222,2.201449825487E-16,0.991444861374)
  );
#2098 = ORIENTED_EDGE('',*,*,#467,.F.);
#2099 = ORIENTED_EDGE('',*,*,#419,.T.);
#2100 = ORIENTED_EDGE('',*,*,#2101,.T.);
#2101 = EDGE_CURVE('',#412,#2030,#2102,.T.);
#2102 = LINE('',#2103,#2104);
#2103 = CARTESIAN_POINT('',(54.500000000003,-41.8,0.));
#2104 = VECTOR('',#2105,1.);
#2105 = DIRECTION('',(0.,0.,1.));
#2106 = FACE_BOUND('',#2107,.T.);
#2107 = EDGE_LOOP('',(#2108,#2118,#2126,#2134));
#2108 = ORIENTED_EDGE('',*,*,#2109,.F.);
#2109 = EDGE_CURVE('',#2110,#2112,#2114,.T.);
#2110 = VERTEX_POINT('',#2111);
#2111 = CARTESIAN_POINT('',(37.95,-41.8,-15.));
#2112 = VERTEX_POINT('',#2113);
#2113 = CARTESIAN_POINT('',(37.95,-41.8,-1.));
#2114 = LINE('',#2115,#2116);
#2115 = CARTESIAN_POINT('',(37.95,-41.8,-16.5265438318));
#2116 = VECTOR('',#2117,1.);
#2117 = DIRECTION('',(0.,-8.648972319019E-15,1.));
#2118 = ORIENTED_EDGE('',*,*,#2119,.T.);
#2119 = EDGE_CURVE('',#2110,#2120,#2122,.T.);
#2120 = VERTEX_POINT('',#2121);
#2121 = CARTESIAN_POINT('',(32.05,-41.8,-15.));
#2122 = LINE('',#2123,#2124);
#2123 = CARTESIAN_POINT('',(37.95,-41.8,-15.));
#2124 = VECTOR('',#2125,1.);
#2125 = DIRECTION('',(-1.,-0.,-0.));
#2126 = ORIENTED_EDGE('',*,*,#2127,.T.);
#2127 = EDGE_CURVE('',#2120,#2128,#2130,.T.);
#2128 = VERTEX_POINT('',#2129);
#2129 = CARTESIAN_POINT('',(32.05,-41.8,-1.));
#2130 = LINE('',#2131,#2132);
#2131 = CARTESIAN_POINT('',(32.05,-41.8,-16.5265438318));
#2132 = VECTOR('',#2133,1.);
#2133 = DIRECTION('',(0.,-8.648972319019E-15,1.));
#2134 = ORIENTED_EDGE('',*,*,#2135,.T.);
#2135 = EDGE_CURVE('',#2128,#2112,#2136,.T.);
#2136 = LINE('',#2137,#2138);
#2137 = CARTESIAN_POINT('',(16.151814274876,-41.8,-1.));
#2138 = VECTOR('',#2139,1.);
#2139 = DIRECTION('',(1.,9.782033146715E-16,0.));
#2140 = PLANE('',#2141);
#2141 = AXIS2_PLACEMENT_3D('',#2142,#2143,#2144);
#2142 = CARTESIAN_POINT('',(-5.646371450248,-41.8,-25.36210164808));
#2143 = DIRECTION('',(9.782033146715E-16,-1.,-8.648972319019E-15));
#2144 = DIRECTION('',(0.,8.648972319019E-15,-1.));
#2145 = ADVANCED_FACE('',(#2146),#2203,.T.);
#2146 = FACE_BOUND('',#2147,.T.);
#2147 = EDGE_LOOP('',(#2148,#2158,#2166,#2174,#2182,#2190,#2196,#2197));
#2148 = ORIENTED_EDGE('',*,*,#2149,.F.);
#2149 = EDGE_CURVE('',#2150,#2152,#2154,.T.);
#2150 = VERTEX_POINT('',#2151);
#2151 = CARTESIAN_POINT('',(-54.38853863709,-15.,-2.));
#2152 = VERTEX_POINT('',#2153);
#2153 = CARTESIAN_POINT('',(-49.80257841525,-15.,-17.));
#2154 = LINE('',#2155,#2156);
#2155 = CARTESIAN_POINT('',(-53.46378875894,-15.,-5.024720560414));
#2156 = VECTOR('',#2157,1.);
#2157 = DIRECTION('',(0.29237170472,0.,-0.956304755964));
#2158 = ORIENTED_EDGE('',*,*,#2159,.T.);
#2159 = EDGE_CURVE('',#2150,#2160,#2162,.T.);
#2160 = VERTEX_POINT('',#2161);
#2161 = CARTESIAN_POINT('',(-47.72584946113,-15.,-2.));
#2162 = LINE('',#2163,#2164);
#2163 = CARTESIAN_POINT('',(-56.,-15.,-2.));
#2164 = VECTOR('',#2165,1.);
#2165 = DIRECTION('',(1.,0.,0.));
#2166 = ORIENTED_EDGE('',*,*,#2167,.F.);
#2167 = EDGE_CURVE('',#2168,#2160,#2170,.T.);
#2168 = VERTEX_POINT('',#2169);
#2169 = CARTESIAN_POINT('',(-48.02341360862,-15.,-2.297564147492));
#2170 = LINE('',#2171,#2172);
#2171 = CARTESIAN_POINT('',(-48.54438709584,-15.,-2.818537634717));
#2172 = VECTOR('',#2173,1.);
#2173 = DIRECTION('',(0.707106781187,0.,0.707106781187));
#2174 = ORIENTED_EDGE('',*,*,#2175,.F.);
#2175 = EDGE_CURVE('',#2176,#2168,#2178,.T.);
#2176 = VERTEX_POINT('',#2177);
#2177 = CARTESIAN_POINT('',(-43.52842787633,-15.,-17.));
#2178 = LINE('',#2179,#2180);
#2179 = CARTESIAN_POINT('',(-48.75715461782,-15.,0.102394553751));
#2180 = VECTOR('',#2181,1.);
#2181 = DIRECTION('',(-0.292371704723,0.,0.956304755963));
#2182 = ORIENTED_EDGE('',*,*,#2183,.F.);
#2183 = EDGE_CURVE('',#2184,#2176,#2186,.T.);
#2184 = VERTEX_POINT('',#2185);
#2185 = CARTESIAN_POINT('',(-45.47320907144,-15.,-19.2396346966));
#2186 = LINE('',#2187,#2188);
#2187 = CARTESIAN_POINT('',(-42.49614478523,-15.,-15.81120969631));
#2188 = VECTOR('',#2189,1.);
#2189 = DIRECTION('',(0.655654995826,0.,0.755060611109));
#2190 = ORIENTED_EDGE('',*,*,#2191,.F.);
#2191 = EDGE_CURVE('',#436,#2184,#2192,.T.);
#2192 = LINE('',#2193,#2194);
#2193 = CARTESIAN_POINT('',(-46.67836844464,-15.,-10.08554043111));
#2194 = VECTOR('',#2195,1.);
#2195 = DIRECTION('',(-0.13052619222,0.,0.991444861374));
#2196 = ORIENTED_EDGE('',*,*,#433,.F.);
#2197 = ORIENTED_EDGE('',*,*,#2198,.F.);
#2198 = EDGE_CURVE('',#2152,#434,#2199,.T.);
#2199 = LINE('',#2200,#2201);
#2200 = CARTESIAN_POINT('',(-49.06509068407,-15.,-22.60177546725));
#2201 = VECTOR('',#2202,1.);
#2202 = DIRECTION('',(0.13052619222,0.,-0.991444861374));
#2203 = PLANE('',#2204);
#2204 = AXIS2_PLACEMENT_3D('',#2205,#2206,#2207);
#2205 = CARTESIAN_POINT('',(-56.,-15.,-2.));
#2206 = DIRECTION('',(0.,1.,0.));
#2207 = DIRECTION('',(0.,0.,-1.));
#2208 = ADVANCED_FACE('',(#2209),#2220,.T.);
#2209 = FACE_BOUND('',#2210,.T.);
#2210 = EDGE_LOOP('',(#2211,#2217,#2218,#2219));
#2211 = ORIENTED_EDGE('',*,*,#2212,.F.);
#2212 = EDGE_CURVE('',#2152,#2086,#2213,.T.);
#2213 = LINE('',#2214,#2215);
#2214 = CARTESIAN_POINT('',(-49.80257841525,41.8,-17.));
#2215 = VECTOR('',#2216,1.);
#2216 = DIRECTION('',(0.,-1.,2.22044604925E-16));
#2217 = ORIENTED_EDGE('',*,*,#2198,.T.);
#2218 = ORIENTED_EDGE('',*,*,#475,.T.);
#2219 = ORIENTED_EDGE('',*,*,#2093,.T.);
#2220 = PLANE('',#2221);
#2221 = AXIS2_PLACEMENT_3D('',#2222,#2223,#2224);
#2222 = CARTESIAN_POINT('',(-46.28087410479,-7.437985397994E-15,-43.75)
  );
#2223 = DIRECTION('',(-0.991444861374,-0.,-0.13052619222));
#2224 = DIRECTION('',(0.13052619222,0.,-0.991444861374));
#2225 = ADVANCED_FACE('',(#2226),#2245,.F.);
#2226 = FACE_BOUND('',#2227,.T.);
#2227 = EDGE_LOOP('',(#2228,#2229,#2237,#2244));
#2228 = ORIENTED_EDGE('',*,*,#451,.T.);
#2229 = ORIENTED_EDGE('',*,*,#2230,.T.);
#2230 = EDGE_CURVE('',#444,#2231,#2233,.T.);
#2231 = VERTEX_POINT('',#2232);
#2232 = CARTESIAN_POINT('',(-45.47320907144,-34.2,-19.2396346966));
#2233 = LINE('',#2234,#2235);
#2234 = CARTESIAN_POINT('',(-38.72465395201,-34.2,-70.5));
#2235 = VECTOR('',#2236,1.);
#2236 = DIRECTION('',(-0.13052619222,0.,0.991444861374));
#2237 = ORIENTED_EDGE('',*,*,#2238,.F.);
#2238 = EDGE_CURVE('',#491,#2231,#2239,.T.);
#2239 = ELLIPSE('',#2240,4.386580936551,4.);
#2240 = AXIS2_PLACEMENT_3D('',#2241,#2242,#2243);
#2241 = CARTESIAN_POINT('',(-41.27240663063,-34.2,-20.50270681099));
#2242 = DIRECTION('',(-0.287939999892,-0.,-0.957648451397));
#2243 = DIRECTION('',(0.957648451397,0.,-0.287939999892));
#2244 = ORIENTED_EDGE('',*,*,#490,.F.);
#2245 = CYLINDRICAL_SURFACE('',#2246,4.);
#2246 = AXIS2_PLACEMENT_3D('',#2247,#2248,#2249);
#2247 = CARTESIAN_POINT('',(-34.75887450651,-34.2,-69.97789523112));
#2248 = DIRECTION('',(-0.13052619222,0.,0.991444861374));
#2249 = DIRECTION('',(0.,-1.,0.));
#2250 = ADVANCED_FACE('',(#2251),#2262,.T.);
#2251 = FACE_BOUND('',#2252,.T.);
#2252 = EDGE_LOOP('',(#2253,#2254,#2255,#2261));
#2253 = ORIENTED_EDGE('',*,*,#443,.F.);
#2254 = ORIENTED_EDGE('',*,*,#2191,.T.);
#2255 = ORIENTED_EDGE('',*,*,#2256,.T.);
#2256 = EDGE_CURVE('',#2184,#2231,#2257,.T.);
#2257 = LINE('',#2258,#2259);
#2258 = CARTESIAN_POINT('',(-45.47320907144,41.8,-19.2396346966));
#2259 = VECTOR('',#2260,1.);
#2260 = DIRECTION('',(0.,-1.,2.22044604925E-16));
#2261 = ORIENTED_EDGE('',*,*,#2230,.F.);
#2262 = PLANE('',#2263);
#2263 = AXIS2_PLACEMENT_3D('',#2264,#2265,#2266);
#2264 = CARTESIAN_POINT('',(-45.47320907144,41.8,-19.2396346966));
#2265 = DIRECTION('',(0.991444861374,2.898263678387E-17,0.13052619222));
#2266 = DIRECTION('',(0.13052619222,-2.201449825487E-16,-0.991444861374)
  );
#2267 = ADVANCED_FACE('',(#2268),#2335,.T.);
#2268 = FACE_BOUND('',#2269,.T.);
#2269 = EDGE_LOOP('',(#2270,#2278,#2279,#2280,#2289,#2297,#2305,#2313,
    #2321,#2329));
#2270 = ORIENTED_EDGE('',*,*,#2271,.F.);
#2271 = EDGE_CURVE('',#544,#2272,#2274,.T.);
#2272 = VERTEX_POINT('',#2273);
#2273 = CARTESIAN_POINT('',(48.999999999941,-35.3,-4.440892098501E-16));
#2274 = LINE('',#2275,#2276);
#2275 = CARTESIAN_POINT('',(-26.39089980626,-35.3,-4.440892098501E-16));
#2276 = VECTOR('',#2277,1.);
#2277 = DIRECTION('',(-1.,0.,0.));
#2278 = ORIENTED_EDGE('',*,*,#552,.T.);
#2279 = ORIENTED_EDGE('',*,*,#514,.T.);
#2280 = ORIENTED_EDGE('',*,*,#2281,.T.);
#2281 = EDGE_CURVE('',#507,#2282,#2284,.T.);
#2282 = VERTEX_POINT('',#2283);
#2283 = CARTESIAN_POINT('',(-47.24274796482,-36.81689850369,
    -1.516898503694));
#2284 = ELLIPSE('',#2285,5.915325856343,4.);
#2285 = AXIS2_PLACEMENT_3D('',#2286,#2287,#2288);
#2286 = CARTESIAN_POINT('',(-44.87938618478,-34.2,1.1));
#2287 = DIRECTION('',(1.273165103817E-17,0.707106781187,-0.707106781187)
  );
#2288 = DIRECTION('',(-0.396861694172,0.649038055779,0.649038055779));
#2289 = ORIENTED_EDGE('',*,*,#2290,.F.);
#2290 = EDGE_CURVE('',#2291,#2282,#2293,.T.);
#2291 = VERTEX_POINT('',#2292);
#2292 = CARTESIAN_POINT('',(-45.72584946113,-35.3,-4.440892098501E-16));
#2293 = LINE('',#2294,#2295);
#2294 = CARTESIAN_POINT('',(-34.57154121761,-24.14569175647,
    11.154308243522));
#2295 = VECTOR('',#2296,1.);
#2296 = DIRECTION('',(-0.57735026919,-0.57735026919,-0.57735026919));
#2297 = ORIENTED_EDGE('',*,*,#2298,.F.);
#2298 = EDGE_CURVE('',#2299,#2291,#2301,.T.);
#2299 = VERTEX_POINT('',#2300);
#2300 = CARTESIAN_POINT('',(46.599999999941,-35.3,-4.440892098501E-16));
#2301 = LINE('',#2302,#2303);
#2302 = CARTESIAN_POINT('',(-26.39089980626,-35.3,-4.440892098501E-16));
#2303 = VECTOR('',#2304,1.);
#2304 = DIRECTION('',(-1.,0.,0.));
#2305 = ORIENTED_EDGE('',*,*,#2306,.F.);
#2306 = EDGE_CURVE('',#2307,#2299,#2309,.T.);
#2307 = VERTEX_POINT('',#2308);
#2308 = CARTESIAN_POINT('',(46.599999999941,-36.3,-1.));
#2309 = LINE('',#2310,#2311);
#2310 = CARTESIAN_POINT('',(46.599999999941,-16.875,18.425));
#2311 = VECTOR('',#2312,1.);
#2312 = DIRECTION('',(0.,0.707106781187,0.707106781187));
#2313 = ORIENTED_EDGE('',*,*,#2314,.F.);
#2314 = EDGE_CURVE('',#2315,#2307,#2317,.T.);
#2315 = VERTEX_POINT('',#2316);
#2316 = CARTESIAN_POINT('',(48.399999999941,-36.3,-1.));
#2317 = LINE('',#2318,#2319);
#2318 = CARTESIAN_POINT('',(-2.55000000003,-36.3,-1.));
#2319 = VECTOR('',#2320,1.);
#2320 = DIRECTION('',(-1.,0.,0.));
#2321 = ORIENTED_EDGE('',*,*,#2322,.F.);
#2322 = EDGE_CURVE('',#2323,#2315,#2325,.T.);
#2323 = VERTEX_POINT('',#2324);
#2324 = CARTESIAN_POINT('',(48.999999999941,-35.7,-0.4));
#2325 = LINE('',#2326,#2327);
#2326 = CARTESIAN_POINT('',(44.566666666617,-40.13333333332,
    -4.833333333323));
#2327 = VECTOR('',#2328,1.);
#2328 = DIRECTION('',(-0.57735026919,-0.57735026919,-0.57735026919));
#2329 = ORIENTED_EDGE('',*,*,#2330,.F.);
#2330 = EDGE_CURVE('',#2272,#2323,#2331,.T.);
#2331 = LINE('',#2332,#2333);
#2332 = CARTESIAN_POINT('',(48.999999999941,-16.5,18.8));
#2333 = VECTOR('',#2334,1.);
#2334 = DIRECTION('',(0.,-0.707106781187,-0.707106781187));
#2335 = PLANE('',#2336);
#2336 = AXIS2_PLACEMENT_3D('',#2337,#2338,#2339);
#2337 = CARTESIAN_POINT('',(-53.5,-35.2,0.1));
#2338 = DIRECTION('',(0.,0.707106781187,-0.707106781187));
#2339 = DIRECTION('',(0.,-0.707106781187,-0.707106781187));
#2340 = ADVANCED_FACE('',(#2341),#2369,.F.);
#2341 = FACE_BOUND('',#2342,.T.);
#2342 = EDGE_LOOP('',(#2343,#2344,#2353,#2361,#2368));
#2343 = ORIENTED_EDGE('',*,*,#506,.F.);
#2344 = ORIENTED_EDGE('',*,*,#2345,.T.);
#2345 = EDGE_CURVE('',#499,#2346,#2348,.T.);
#2346 = VERTEX_POINT('',#2347);
#2347 = CARTESIAN_POINT('',(-43.52842787633,-34.2,-17.));
#2348 = ELLIPSE('',#2349,4.5727381155,4.);
#2349 = AXIS2_PLACEMENT_3D('',#2350,#2351,#2352);
#2350 = CARTESIAN_POINT('',(-39.05536079409,-34.2,-17.94952869926));
#2351 = DIRECTION('',(-0.207649918994,0.,-0.978203205444));
#2352 = DIRECTION('',(-0.978203205444,0.,0.207649918994));
#2353 = ORIENTED_EDGE('',*,*,#2354,.T.);
#2354 = EDGE_CURVE('',#2346,#2355,#2357,.T.);
#2355 = VERTEX_POINT('',#2356);
#2356 = CARTESIAN_POINT('',(-48.02341360862,-34.2,-2.297564147492));
#2357 = LINE('',#2358,#2359);
#2358 = CARTESIAN_POINT('',(-43.52842787633,-34.2,-17.));
#2359 = VECTOR('',#2360,1.);
#2360 = DIRECTION('',(-0.292371704723,0.,0.956304755963));
#2361 = ORIENTED_EDGE('',*,*,#2362,.F.);
#2362 = EDGE_CURVE('',#2282,#2355,#2363,.T.);
#2363 = ELLIPSE('',#2364,4.530280202756,4.);
#2364 = AXIS2_PLACEMENT_3D('',#2365,#2366,#2367);
#2365 = CARTESIAN_POINT('',(-44.82002175658,-34.2,0.905827704552));
#2366 = DIRECTION('',(0.707106781187,-1.570092458684E-16,-0.707106781187
    ));
#2367 = DIRECTION('',(0.707106781187,-2.952914440087E-16,0.707106781187)
  );
#2368 = ORIENTED_EDGE('',*,*,#2281,.F.);
#2369 = CYLINDRICAL_SURFACE('',#2370,4.);
#2370 = AXIS2_PLACEMENT_3D('',#2371,#2372,#2373);
#2371 = CARTESIAN_POINT('',(-39.70320885248,-34.2,-15.8305131811));
#2372 = DIRECTION('',(-0.292371704723,0.,0.956304755963));
#2373 = DIRECTION('',(0.,-1.,0.));
#2374 = ADVANCED_FACE('',(#2375),#2386,.F.);
#2375 = FACE_BOUND('',#2376,.T.);
#2376 = EDGE_LOOP('',(#2377,#2378,#2384,#2385));
#2377 = ORIENTED_EDGE('',*,*,#2238,.T.);
#2378 = ORIENTED_EDGE('',*,*,#2379,.T.);
#2379 = EDGE_CURVE('',#2231,#2346,#2380,.T.);
#2380 = LINE('',#2381,#2382);
#2381 = CARTESIAN_POINT('',(-45.47320907144,-34.2,-19.2396346966));
#2382 = VECTOR('',#2383,1.);
#2383 = DIRECTION('',(0.655654995826,0.,0.755060611109));
#2384 = ORIENTED_EDGE('',*,*,#2345,.F.);
#2385 = ORIENTED_EDGE('',*,*,#498,.F.);
#2386 = CYLINDRICAL_SURFACE('',#2387,4.);
#2387 = AXIS2_PLACEMENT_3D('',#2388,#2389,#2390);
#2388 = CARTESIAN_POINT('',(-42.45296662701,-34.2,-21.8622546799));
#2389 = DIRECTION('',(0.655654995826,0.,0.755060611109));
#2390 = DIRECTION('',(0.,-1.,0.));
#2391 = ADVANCED_FACE('',(#2392),#2412,.F.);
#2392 = FACE_BOUND('',#2393,.F.);
#2393 = EDGE_LOOP('',(#2394,#2395,#2396,#2397,#2398,#2406));
#2394 = ORIENTED_EDGE('',*,*,#2271,.F.);
#2395 = ORIENTED_EDGE('',*,*,#543,.F.);
#2396 = ORIENTED_EDGE('',*,*,#623,.F.);
#2397 = ORIENTED_EDGE('',*,*,#640,.T.);
#2398 = ORIENTED_EDGE('',*,*,#2399,.T.);
#2399 = EDGE_CURVE('',#641,#2400,#2402,.T.);
#2400 = VERTEX_POINT('',#2401);
#2401 = CARTESIAN_POINT('',(48.999999999941,35.3,-4.440892098501E-16));
#2402 = LINE('',#2403,#2404);
#2403 = CARTESIAN_POINT('',(-26.39089980626,35.3,-4.440892098501E-16));
#2404 = VECTOR('',#2405,1.);
#2405 = DIRECTION('',(-1.,0.,0.));
#2406 = ORIENTED_EDGE('',*,*,#2407,.F.);
#2407 = EDGE_CURVE('',#2272,#2400,#2408,.T.);
#2408 = LINE('',#2409,#2410);
#2409 = CARTESIAN_POINT('',(48.999999999941,19.6,-4.440892098501E-16));
#2410 = VECTOR('',#2411,1.);
#2411 = DIRECTION('',(0.,1.,0.));
#2412 = PLANE('',#2413);
#2413 = AXIS2_PLACEMENT_3D('',#2414,#2415,#2416);
#2414 = CARTESIAN_POINT('',(0.718200387462,-1.06438357244E-16,
    -4.440892098501E-16));
#2415 = DIRECTION('',(0.,0.,1.));
#2416 = DIRECTION('',(1.,0.,0.));
#2417 = ADVANCED_FACE('',(#2418),#2478,.F.);
#2418 = FACE_BOUND('',#2419,.F.);
#2419 = EDGE_LOOP('',(#2420,#2421,#2422,#2423,#2432,#2440,#2448,#2456,
    #2464,#2472));
#2420 = ORIENTED_EDGE('',*,*,#2399,.F.);
#2421 = ORIENTED_EDGE('',*,*,#649,.T.);
#2422 = ORIENTED_EDGE('',*,*,#751,.F.);
#2423 = ORIENTED_EDGE('',*,*,#2424,.T.);
#2424 = EDGE_CURVE('',#744,#2425,#2427,.T.);
#2425 = VERTEX_POINT('',#2426);
#2426 = CARTESIAN_POINT('',(-47.24274796482,36.816898503694,
    -1.516898503694));
#2427 = ELLIPSE('',#2428,5.915325856343,4.);
#2428 = AXIS2_PLACEMENT_3D('',#2429,#2430,#2431);
#2429 = CARTESIAN_POINT('',(-44.87938618478,34.2,1.1));
#2430 = DIRECTION('',(-3.561385464259E-17,0.707106781187,0.707106781187)
  );
#2431 = DIRECTION('',(-0.396861694172,-0.649038055779,0.649038055779));
#2432 = ORIENTED_EDGE('',*,*,#2433,.F.);
#2433 = EDGE_CURVE('',#2434,#2425,#2436,.T.);
#2434 = VERTEX_POINT('',#2435);
#2435 = CARTESIAN_POINT('',(-45.72584946113,35.3,-4.440892098501E-16));
#2436 = LINE('',#2437,#2438);
#2437 = CARTESIAN_POINT('',(-47.30487455094,36.879025089811,
    -1.579025089811));
#2438 = VECTOR('',#2439,1.);
#2439 = DIRECTION('',(-0.57735026919,0.57735026919,-0.57735026919));
#2440 = ORIENTED_EDGE('',*,*,#2441,.F.);
#2441 = EDGE_CURVE('',#2442,#2434,#2444,.T.);
#2442 = VERTEX_POINT('',#2443);
#2443 = CARTESIAN_POINT('',(46.599999999941,35.3,-4.440892098501E-16));
#2444 = LINE('',#2445,#2446);
#2445 = CARTESIAN_POINT('',(-26.39089980626,35.3,-4.440892098501E-16));
#2446 = VECTOR('',#2447,1.);
#2447 = DIRECTION('',(-1.,0.,0.));
#2448 = ORIENTED_EDGE('',*,*,#2449,.F.);
#2449 = EDGE_CURVE('',#2450,#2442,#2452,.T.);
#2450 = VERTEX_POINT('',#2451);
#2451 = CARTESIAN_POINT('',(46.599999999941,36.3,-1.));
#2452 = LINE('',#2453,#2454);
#2453 = CARTESIAN_POINT('',(46.599999999941,36.475,-1.175));
#2454 = VECTOR('',#2455,1.);
#2455 = DIRECTION('',(0.,-0.707106781187,0.707106781187));
#2456 = ORIENTED_EDGE('',*,*,#2457,.F.);
#2457 = EDGE_CURVE('',#2458,#2450,#2460,.T.);
#2458 = VERTEX_POINT('',#2459);
#2459 = CARTESIAN_POINT('',(48.399999999941,36.3,-1.));
#2460 = LINE('',#2461,#2462);
#2461 = CARTESIAN_POINT('',(-2.55000000003,36.3,-1.));
#2462 = VECTOR('',#2463,1.);
#2463 = DIRECTION('',(-1.,0.,0.));
#2464 = ORIENTED_EDGE('',*,*,#2465,.F.);
#2465 = EDGE_CURVE('',#2466,#2458,#2468,.T.);
#2466 = VERTEX_POINT('',#2467);
#2467 = CARTESIAN_POINT('',(48.999999999941,35.7,-0.4));
#2468 = LINE('',#2469,#2470);
#2469 = CARTESIAN_POINT('',(31.499999999951,53.19999999999,
    -17.89999999999));
#2470 = VECTOR('',#2471,1.);
#2471 = DIRECTION('',(-0.57735026919,0.57735026919,-0.57735026919));
#2472 = ORIENTED_EDGE('',*,*,#2473,.F.);
#2473 = EDGE_CURVE('',#2400,#2466,#2474,.T.);
#2474 = LINE('',#2475,#2476);
#2475 = CARTESIAN_POINT('',(48.999999999941,36.1,-0.8));
#2476 = VECTOR('',#2477,1.);
#2477 = DIRECTION('',(0.,0.707106781187,-0.707106781187));
#2478 = PLANE('',#2479);
#2479 = AXIS2_PLACEMENT_3D('',#2480,#2481,#2482);
#2480 = CARTESIAN_POINT('',(-53.5,35.2,0.1));
#2481 = DIRECTION('',(0.,0.707106781187,0.707106781187));
#2482 = DIRECTION('',(0.,0.707106781187,-0.707106781187));
#2483 = ADVANCED_FACE('',(#2484),#2512,.F.);
#2484 = FACE_BOUND('',#2485,.T.);
#2485 = EDGE_LOOP('',(#2486,#2496,#2503,#2504,#2505));
#2486 = ORIENTED_EDGE('',*,*,#2487,.F.);
#2487 = EDGE_CURVE('',#2488,#2490,#2492,.T.);
#2488 = VERTEX_POINT('',#2489);
#2489 = CARTESIAN_POINT('',(-43.52842787633,34.2,-17.));
#2490 = VERTEX_POINT('',#2491);
#2491 = CARTESIAN_POINT('',(-48.02341360862,34.2,-2.297564147492));
#2492 = LINE('',#2493,#2494);
#2493 = CARTESIAN_POINT('',(-43.52842787633,34.2,-17.));
#2494 = VECTOR('',#2495,1.);
#2495 = DIRECTION('',(-0.292371704723,-4.246846234515E-16,0.956304755963
    ));
#2496 = ORIENTED_EDGE('',*,*,#2497,.T.);
#2497 = EDGE_CURVE('',#2488,#736,#2498,.T.);
#2498 = ELLIPSE('',#2499,4.5727381155,4.);
#2499 = AXIS2_PLACEMENT_3D('',#2500,#2501,#2502);
#2500 = CARTESIAN_POINT('',(-39.05536079409,34.2,-17.94952869926));
#2501 = DIRECTION('',(-0.207649918994,4.344094885786E-16,-0.978203205444
    ));
#2502 = DIRECTION('',(-0.978203205444,-9.221508845158E-17,0.207649918994
    ));
#2503 = ORIENTED_EDGE('',*,*,#743,.T.);
#2504 = ORIENTED_EDGE('',*,*,#2424,.T.);
#2505 = ORIENTED_EDGE('',*,*,#2506,.F.);
#2506 = EDGE_CURVE('',#2490,#2425,#2507,.T.);
#2507 = ELLIPSE('',#2508,4.530280202756,4.);
#2508 = AXIS2_PLACEMENT_3D('',#2509,#2510,#2511);
#2509 = CARTESIAN_POINT('',(-44.82002175658,34.2,0.905827704552));
#2510 = DIRECTION('',(0.707106781187,-1.570092458684E-16,-0.707106781187
    ));
#2511 = DIRECTION('',(0.707106781187,-1.199892823763E-15,0.707106781187)
  );
#2512 = CYLINDRICAL_SURFACE('',#2513,4.);
#2513 = AXIS2_PLACEMENT_3D('',#2514,#2515,#2516);
#2514 = CARTESIAN_POINT('',(-39.70320885248,34.2,-15.8305131811));
#2515 = DIRECTION('',(-0.292371704723,-4.246846234515E-16,0.956304755963
    ));
#2516 = DIRECTION('',(-0.956304755963,-6.491955966642E-17,
    -0.292371704723));
#2517 = ADVANCED_FACE('',(#2518),#2537,.F.);
#2518 = FACE_BOUND('',#2519,.T.);
#2519 = EDGE_LOOP('',(#2520,#2529,#2530,#2531));
#2520 = ORIENTED_EDGE('',*,*,#2521,.T.);
#2521 = EDGE_CURVE('',#2522,#728,#2524,.T.);
#2522 = VERTEX_POINT('',#2523);
#2523 = CARTESIAN_POINT('',(-45.47320907144,34.2,-19.2396346966));
#2524 = ELLIPSE('',#2525,4.386580936551,4.);
#2525 = AXIS2_PLACEMENT_3D('',#2526,#2527,#2528);
#2526 = CARTESIAN_POINT('',(-41.27240663063,34.2,-20.50270681099));
#2527 = DIRECTION('',(-0.287939999892,4.252813440949E-16,-0.957648451397
    ));
#2528 = DIRECTION('',(0.957648451397,1.278710470361E-16,-0.287939999892)
  );
#2529 = ORIENTED_EDGE('',*,*,#735,.T.);
#2530 = ORIENTED_EDGE('',*,*,#2497,.F.);
#2531 = ORIENTED_EDGE('',*,*,#2532,.F.);
#2532 = EDGE_CURVE('',#2522,#2488,#2533,.T.);
#2533 = LINE('',#2534,#2535);
#2534 = CARTESIAN_POINT('',(-45.47320907144,34.2,-19.2396346966));
#2535 = VECTOR('',#2536,1.);
#2536 = DIRECTION('',(0.655654995826,-3.353142701762E-16,0.755060611109)
  );
#2537 = CYLINDRICAL_SURFACE('',#2538,4.);
#2538 = AXIS2_PLACEMENT_3D('',#2539,#2540,#2541);
#2539 = CARTESIAN_POINT('',(-42.45296662701,34.2,-21.8622546799));
#2540 = DIRECTION('',(0.655654995826,-3.353142701762E-16,0.755060611109)
  );
#2541 = DIRECTION('',(-0.755060611109,1.455846545154E-16,0.655654995826)
  );
#2542 = ADVANCED_FACE('',(#2543),#2554,.F.);
#2543 = FACE_BOUND('',#2544,.T.);
#2544 = EDGE_LOOP('',(#2545,#2546,#2547,#2548));
#2545 = ORIENTED_EDGE('',*,*,#810,.T.);
#2546 = ORIENTED_EDGE('',*,*,#727,.T.);
#2547 = ORIENTED_EDGE('',*,*,#2521,.F.);
#2548 = ORIENTED_EDGE('',*,*,#2549,.F.);
#2549 = EDGE_CURVE('',#811,#2522,#2550,.T.);
#2550 = LINE('',#2551,#2552);
#2551 = CARTESIAN_POINT('',(-38.72465395201,34.2,-70.5));
#2552 = VECTOR('',#2553,1.);
#2553 = DIRECTION('',(-0.13052619222,-4.402899650974E-16,0.991444861374)
  );
#2554 = CYLINDRICAL_SURFACE('',#2555,4.);
#2555 = AXIS2_PLACEMENT_3D('',#2556,#2557,#2558);
#2556 = CARTESIAN_POINT('',(-34.75887450651,34.2,-69.97789523112));
#2557 = DIRECTION('',(-0.13052619222,-4.402899650974E-16,0.991444861374)
  );
#2558 = DIRECTION('',(-0.991444861374,-2.898263678387E-17,-0.13052619222
    ));
#2559 = ADVANCED_FACE('',(#2560),#2585,.T.);
#2560 = FACE_BOUND('',#2561,.T.);
#2561 = EDGE_LOOP('',(#2562,#2572,#2578,#2579));
#2562 = ORIENTED_EDGE('',*,*,#2563,.F.);
#2563 = EDGE_CURVE('',#2564,#2566,#2568,.T.);
#2564 = VERTEX_POINT('',#2565);
#2565 = CARTESIAN_POINT('',(-49.80257841525,65.,-17.));
#2566 = VERTEX_POINT('',#2567);
#2567 = CARTESIAN_POINT('',(-49.80257841525,15.,-17.));
#2568 = LINE('',#2569,#2570);
#2569 = CARTESIAN_POINT('',(-49.80257841525,121.8,-17.));
#2570 = VECTOR('',#2571,1.);
#2571 = DIRECTION('',(0.,-1.,2.22044604925E-16));
#2572 = ORIENTED_EDGE('',*,*,#2573,.T.);
#2573 = EDGE_CURVE('',#2564,#768,#2574,.T.);
#2574 = LINE('',#2575,#2576);
#2575 = CARTESIAN_POINT('',(-49.06509068407,65.,-22.60177546725));
#2576 = VECTOR('',#2577,1.);
#2577 = DIRECTION('',(0.13052619222,0.,-0.991444861374));
#2578 = ORIENTED_EDGE('',*,*,#767,.T.);
#2579 = ORIENTED_EDGE('',*,*,#2580,.T.);
#2580 = EDGE_CURVE('',#770,#2566,#2581,.T.);
#2581 = LINE('',#2582,#2583);
#2582 = CARTESIAN_POINT('',(-44.56810977541,15.,-56.75973669902));
#2583 = VECTOR('',#2584,1.);
#2584 = DIRECTION('',(-0.13052619222,0.,0.991444861374));
#2585 = PLANE('',#2586);
#2586 = AXIS2_PLACEMENT_3D('',#2587,#2588,#2589);
#2587 = CARTESIAN_POINT('',(-46.28087410479,40.,-43.75));
#2588 = DIRECTION('',(-0.991444861374,-0.,-0.13052619222));
#2589 = DIRECTION('',(0.13052619222,0.,-0.991444861374));
#2590 = ADVANCED_FACE('',(#2591),#2641,.T.);
#2591 = FACE_BOUND('',#2592,.T.);
#2592 = EDGE_LOOP('',(#2593,#2601,#2609,#2617,#2625,#2633,#2639,#2640));
#2593 = ORIENTED_EDGE('',*,*,#2594,.F.);
#2594 = EDGE_CURVE('',#2595,#2564,#2597,.T.);
#2595 = VERTEX_POINT('',#2596);
#2596 = CARTESIAN_POINT('',(-54.38853863709,65.,-2.));
#2597 = LINE('',#2598,#2599);
#2598 = CARTESIAN_POINT('',(-53.46378875894,65.,-5.024720560414));
#2599 = VECTOR('',#2600,1.);
#2600 = DIRECTION('',(0.29237170472,0.,-0.956304755964));
#2601 = ORIENTED_EDGE('',*,*,#2602,.T.);
#2602 = EDGE_CURVE('',#2595,#2603,#2605,.T.);
#2603 = VERTEX_POINT('',#2604);
#2604 = CARTESIAN_POINT('',(-47.72584946113,65.,-2.));
#2605 = LINE('',#2606,#2607);
#2606 = CARTESIAN_POINT('',(-56.,65.,-2.));
#2607 = VECTOR('',#2608,1.);
#2608 = DIRECTION('',(1.,0.,0.));
#2609 = ORIENTED_EDGE('',*,*,#2610,.F.);
#2610 = EDGE_CURVE('',#2611,#2603,#2613,.T.);
#2611 = VERTEX_POINT('',#2612);
#2612 = CARTESIAN_POINT('',(-48.02341360862,65.,-2.297564147492));
#2613 = LINE('',#2614,#2615);
#2614 = CARTESIAN_POINT('',(-48.54438709584,65.,-2.818537634717));
#2615 = VECTOR('',#2616,1.);
#2616 = DIRECTION('',(0.707106781187,0.,0.707106781187));
#2617 = ORIENTED_EDGE('',*,*,#2618,.F.);
#2618 = EDGE_CURVE('',#2619,#2611,#2621,.T.);
#2619 = VERTEX_POINT('',#2620);
#2620 = CARTESIAN_POINT('',(-43.52842787633,65.,-17.));
#2621 = LINE('',#2622,#2623);
#2622 = CARTESIAN_POINT('',(-48.75715461782,65.,0.102394553751));
#2623 = VECTOR('',#2624,1.);
#2624 = DIRECTION('',(-0.292371704723,0.,0.956304755963));
#2625 = ORIENTED_EDGE('',*,*,#2626,.F.);
#2626 = EDGE_CURVE('',#2627,#2619,#2629,.T.);
#2627 = VERTEX_POINT('',#2628);
#2628 = CARTESIAN_POINT('',(-45.47320907144,65.,-19.2396346966));
#2629 = LINE('',#2630,#2631);
#2630 = CARTESIAN_POINT('',(-42.49614478523,65.,-15.81120969631));
#2631 = VECTOR('',#2632,1.);
#2632 = DIRECTION('',(0.655654995826,0.,0.755060611109));
#2633 = ORIENTED_EDGE('',*,*,#2634,.F.);
#2634 = EDGE_CURVE('',#778,#2627,#2635,.T.);
#2635 = LINE('',#2636,#2637);
#2636 = CARTESIAN_POINT('',(-46.67836844464,65.,-10.08554043111));
#2637 = VECTOR('',#2638,1.);
#2638 = DIRECTION('',(-0.13052619222,0.,0.991444861374));
#2639 = ORIENTED_EDGE('',*,*,#777,.F.);
#2640 = ORIENTED_EDGE('',*,*,#2573,.F.);
#2641 = PLANE('',#2642);
#2642 = AXIS2_PLACEMENT_3D('',#2643,#2644,#2645);
#2643 = CARTESIAN_POINT('',(-56.,65.,-2.));
#2644 = DIRECTION('',(0.,1.,0.));
#2645 = DIRECTION('',(0.,0.,-1.));
#2646 = ADVANCED_FACE('',(#2647),#2665,.T.);
#2647 = FACE_BOUND('',#2648,.T.);
#2648 = EDGE_LOOP('',(#2649,#2650,#2651,#2659));
#2649 = ORIENTED_EDGE('',*,*,#785,.F.);
#2650 = ORIENTED_EDGE('',*,*,#2634,.T.);
#2651 = ORIENTED_EDGE('',*,*,#2652,.T.);
#2652 = EDGE_CURVE('',#2627,#2653,#2655,.T.);
#2653 = VERTEX_POINT('',#2654);
#2654 = CARTESIAN_POINT('',(-45.47320907144,45.8,-19.2396346966));
#2655 = LINE('',#2656,#2657);
#2656 = CARTESIAN_POINT('',(-45.47320907144,121.8,-19.2396346966));
#2657 = VECTOR('',#2658,1.);
#2658 = DIRECTION('',(0.,-1.,2.22044604925E-16));
#2659 = ORIENTED_EDGE('',*,*,#2660,.F.);
#2660 = EDGE_CURVE('',#786,#2653,#2661,.T.);
#2661 = LINE('',#2662,#2663);
#2662 = CARTESIAN_POINT('',(-38.72465395201,45.8,-70.5));
#2663 = VECTOR('',#2664,1.);
#2664 = DIRECTION('',(-0.13052619222,0.,0.991444861374));
#2665 = PLANE('',#2666);
#2666 = AXIS2_PLACEMENT_3D('',#2667,#2668,#2669);
#2667 = CARTESIAN_POINT('',(-45.47320907144,121.8,-19.2396346966));
#2668 = DIRECTION('',(0.991444861374,2.898263678387E-17,0.13052619222));
#2669 = DIRECTION('',(0.13052619222,-2.201449825487E-16,-0.991444861374)
  );
#2670 = ADVANCED_FACE('',(#2671),#2683,.F.);
#2671 = FACE_BOUND('',#2672,.T.);
#2672 = EDGE_LOOP('',(#2673,#2674,#2675,#2682));
#2673 = ORIENTED_EDGE('',*,*,#793,.T.);
#2674 = ORIENTED_EDGE('',*,*,#2660,.T.);
#2675 = ORIENTED_EDGE('',*,*,#2676,.F.);
#2676 = EDGE_CURVE('',#843,#2653,#2677,.T.);
#2677 = ELLIPSE('',#2678,4.386580936551,4.);
#2678 = AXIS2_PLACEMENT_3D('',#2679,#2680,#2681);
#2679 = CARTESIAN_POINT('',(-41.27240663063,45.8,-20.50270681099));
#2680 = DIRECTION('',(-0.287939999892,-0.,-0.957648451397));
#2681 = DIRECTION('',(0.957648451397,0.,-0.287939999892));
#2682 = ORIENTED_EDGE('',*,*,#842,.F.);
#2683 = CYLINDRICAL_SURFACE('',#2684,4.);
#2684 = AXIS2_PLACEMENT_3D('',#2685,#2686,#2687);
#2685 = CARTESIAN_POINT('',(-34.75887450651,45.8,-69.97789523112));
#2686 = DIRECTION('',(-0.13052619222,0.,0.991444861374));
#2687 = DIRECTION('',(0.,-1.,0.));
#2688 = ADVANCED_FACE('',(#2689),#2707,.T.);
#2689 = FACE_BOUND('',#2690,.T.);
#2690 = EDGE_LOOP('',(#2691,#2692,#2693,#2701));
#2691 = ORIENTED_EDGE('',*,*,#819,.F.);
#2692 = ORIENTED_EDGE('',*,*,#2549,.T.);
#2693 = ORIENTED_EDGE('',*,*,#2694,.T.);
#2694 = EDGE_CURVE('',#2522,#2695,#2697,.T.);
#2695 = VERTEX_POINT('',#2696);
#2696 = CARTESIAN_POINT('',(-45.47320907144,15.,-19.2396346966));
#2697 = LINE('',#2698,#2699);
#2698 = CARTESIAN_POINT('',(-45.47320907144,41.8,-19.2396346966));
#2699 = VECTOR('',#2700,1.);
#2700 = DIRECTION('',(0.,-1.,2.22044604925E-16));
#2701 = ORIENTED_EDGE('',*,*,#2702,.T.);
#2702 = EDGE_CURVE('',#2695,#820,#2703,.T.);
#2703 = LINE('',#2704,#2705);
#2704 = CARTESIAN_POINT('',(-42.18138753599,15.,-44.24350166288));
#2705 = VECTOR('',#2706,1.);
#2706 = DIRECTION('',(0.13052619222,0.,-0.991444861374));
#2707 = PLANE('',#2708);
#2708 = AXIS2_PLACEMENT_3D('',#2709,#2710,#2711);
#2709 = CARTESIAN_POINT('',(-45.47320907144,41.8,-19.2396346966));
#2710 = DIRECTION('',(0.991444861374,2.898263678387E-17,0.13052619222));
#2711 = DIRECTION('',(0.13052619222,-2.201449825487E-16,-0.991444861374)
  );
#2712 = ADVANCED_FACE('',(#2713),#2756,.T.);
#2713 = FACE_BOUND('',#2714,.T.);
#2714 = EDGE_LOOP('',(#2715,#2725,#2731,#2732,#2733,#2734,#2742,#2750));
#2715 = ORIENTED_EDGE('',*,*,#2716,.F.);
#2716 = EDGE_CURVE('',#2717,#2719,#2721,.T.);
#2717 = VERTEX_POINT('',#2718);
#2718 = CARTESIAN_POINT('',(-54.38853863709,15.,-2.));
#2719 = VERTEX_POINT('',#2720);
#2720 = CARTESIAN_POINT('',(-47.72584946113,15.,-2.));
#2721 = LINE('',#2722,#2723);
#2722 = CARTESIAN_POINT('',(-56.,15.,-2.));
#2723 = VECTOR('',#2724,1.);
#2724 = DIRECTION('',(1.,0.,0.));
#2725 = ORIENTED_EDGE('',*,*,#2726,.F.);
#2726 = EDGE_CURVE('',#2566,#2717,#2727,.T.);
#2727 = LINE('',#2728,#2729);
#2728 = CARTESIAN_POINT('',(-43.74781206121,15.,-36.8042483836));
#2729 = VECTOR('',#2730,1.);
#2730 = DIRECTION('',(-0.29237170472,0.,0.956304755964));
#2731 = ORIENTED_EDGE('',*,*,#2580,.F.);
#2732 = ORIENTED_EDGE('',*,*,#827,.F.);
#2733 = ORIENTED_EDGE('',*,*,#2702,.F.);
#2734 = ORIENTED_EDGE('',*,*,#2735,.F.);
#2735 = EDGE_CURVE('',#2736,#2695,#2738,.T.);
#2736 = VERTEX_POINT('',#2737);
#2737 = CARTESIAN_POINT('',(-43.52842787633,15.,-17.));
#2738 = LINE('',#2739,#2740);
#2739 = CARTESIAN_POINT('',(-59.69945413366,15.,-35.62275899037));
#2740 = VECTOR('',#2741,1.);
#2741 = DIRECTION('',(-0.655654995826,-0.,-0.755060611109));
#2742 = ORIENTED_EDGE('',*,*,#2743,.F.);
#2743 = EDGE_CURVE('',#2744,#2736,#2746,.T.);
#2744 = VERTEX_POINT('',#2745);
#2745 = CARTESIAN_POINT('',(-48.02341360862,15.,-2.297564147492));
#2746 = LINE('',#2747,#2748);
#2747 = CARTESIAN_POINT('',(-39.04117792002,15.,-31.67713326939));
#2748 = VECTOR('',#2749,1.);
#2749 = DIRECTION('',(0.292371704723,0.,-0.956304755963));
#2750 = ORIENTED_EDGE('',*,*,#2751,.F.);
#2751 = EDGE_CURVE('',#2719,#2744,#2752,.T.);
#2752 = LINE('',#2753,#2754);
#2753 = CARTESIAN_POINT('',(-65.91938709584,15.,-20.19353763471));
#2754 = VECTOR('',#2755,1.);
#2755 = DIRECTION('',(-0.707106781187,-0.,-0.707106781187));
#2756 = PLANE('',#2757);
#2757 = AXIS2_PLACEMENT_3D('',#2758,#2759,#2760);
#2758 = CARTESIAN_POINT('',(-56.,15.,-71.5));
#2759 = DIRECTION('',(0.,-1.,0.));
#2760 = DIRECTION('',(0.,0.,1.));
#2761 = ADVANCED_FACE('',(#2762),#2829,.T.);
#2762 = FACE_BOUND('',#2763,.T.);
#2763 = EDGE_LOOP('',(#2764,#2772,#2773,#2774,#2783,#2791,#2799,#2807,
    #2815,#2823));
#2764 = ORIENTED_EDGE('',*,*,#2765,.F.);
#2765 = EDGE_CURVE('',#896,#2766,#2768,.T.);
#2766 = VERTEX_POINT('',#2767);
#2767 = CARTESIAN_POINT('',(48.999999999941,44.7,-4.440892098501E-16));
#2768 = LINE('',#2769,#2770);
#2769 = CARTESIAN_POINT('',(-26.39089980626,44.7,-4.440892098501E-16));
#2770 = VECTOR('',#2771,1.);
#2771 = DIRECTION('',(-1.,0.,0.));
#2772 = ORIENTED_EDGE('',*,*,#904,.T.);
#2773 = ORIENTED_EDGE('',*,*,#866,.T.);
#2774 = ORIENTED_EDGE('',*,*,#2775,.T.);
#2775 = EDGE_CURVE('',#859,#2776,#2778,.T.);
#2776 = VERTEX_POINT('',#2777);
#2777 = CARTESIAN_POINT('',(-47.24274796482,43.183101496306,
    -1.516898503694));
#2778 = ELLIPSE('',#2779,5.915325856343,4.);
#2779 = AXIS2_PLACEMENT_3D('',#2780,#2781,#2782);
#2780 = CARTESIAN_POINT('',(-44.87938618478,45.8,1.1));
#2781 = DIRECTION('',(1.273165103817E-17,0.707106781187,-0.707106781187)
  );
#2782 = DIRECTION('',(-0.396861694172,0.649038055779,0.649038055779));
#2783 = ORIENTED_EDGE('',*,*,#2784,.F.);
#2784 = EDGE_CURVE('',#2785,#2776,#2787,.T.);
#2785 = VERTEX_POINT('',#2786);
#2786 = CARTESIAN_POINT('',(-45.72584946113,44.7,-4.440892098501E-16));
#2787 = LINE('',#2788,#2789);
#2788 = CARTESIAN_POINT('',(-34.57154121761,55.854308243522,
    11.154308243522));
#2789 = VECTOR('',#2790,1.);
#2790 = DIRECTION('',(-0.57735026919,-0.57735026919,-0.57735026919));
#2791 = ORIENTED_EDGE('',*,*,#2792,.F.);
#2792 = EDGE_CURVE('',#2793,#2785,#2795,.T.);
#2793 = VERTEX_POINT('',#2794);
#2794 = CARTESIAN_POINT('',(46.599999999941,44.7,-4.440892098501E-16));
#2795 = LINE('',#2796,#2797);
#2796 = CARTESIAN_POINT('',(-26.39089980626,44.7,-4.440892098501E-16));
#2797 = VECTOR('',#2798,1.);
#2798 = DIRECTION('',(-1.,0.,0.));
#2799 = ORIENTED_EDGE('',*,*,#2800,.F.);
#2800 = EDGE_CURVE('',#2801,#2793,#2803,.T.);
#2801 = VERTEX_POINT('',#2802);
#2802 = CARTESIAN_POINT('',(46.599999999941,43.7,-1.));
#2803 = LINE('',#2804,#2805);
#2804 = CARTESIAN_POINT('',(46.599999999941,63.125,18.425));
#2805 = VECTOR('',#2806,1.);
#2806 = DIRECTION('',(0.,0.707106781187,0.707106781187));
#2807 = ORIENTED_EDGE('',*,*,#2808,.F.);
#2808 = EDGE_CURVE('',#2809,#2801,#2811,.T.);
#2809 = VERTEX_POINT('',#2810);
#2810 = CARTESIAN_POINT('',(48.399999999941,43.7,-1.));
#2811 = LINE('',#2812,#2813);
#2812 = CARTESIAN_POINT('',(-2.55000000003,43.7,-1.));
#2813 = VECTOR('',#2814,1.);
#2814 = DIRECTION('',(-1.,0.,0.));
#2815 = ORIENTED_EDGE('',*,*,#2816,.F.);
#2816 = EDGE_CURVE('',#2817,#2809,#2819,.T.);
#2817 = VERTEX_POINT('',#2818);
#2818 = CARTESIAN_POINT('',(48.999999999941,44.3,-0.4));
#2819 = LINE('',#2820,#2821);
#2820 = CARTESIAN_POINT('',(44.566666666617,39.866666666677,
    -4.833333333323));
#2821 = VECTOR('',#2822,1.);
#2822 = DIRECTION('',(-0.57735026919,-0.57735026919,-0.57735026919));
#2823 = ORIENTED_EDGE('',*,*,#2824,.F.);
#2824 = EDGE_CURVE('',#2766,#2817,#2825,.T.);
#2825 = LINE('',#2826,#2827);
#2826 = CARTESIAN_POINT('',(48.999999999941,63.5,18.8));
#2827 = VECTOR('',#2828,1.);
#2828 = DIRECTION('',(0.,-0.707106781187,-0.707106781187));
#2829 = PLANE('',#2830);
#2830 = AXIS2_PLACEMENT_3D('',#2831,#2832,#2833);
#2831 = CARTESIAN_POINT('',(-53.5,44.8,0.1));
#2832 = DIRECTION('',(0.,0.707106781187,-0.707106781187));
#2833 = DIRECTION('',(0.,-0.707106781187,-0.707106781187));
#2834 = ADVANCED_FACE('',(#2835),#2863,.F.);
#2835 = FACE_BOUND('',#2836,.T.);
#2836 = EDGE_LOOP('',(#2837,#2838,#2847,#2855,#2862));
#2837 = ORIENTED_EDGE('',*,*,#858,.F.);
#2838 = ORIENTED_EDGE('',*,*,#2839,.T.);
#2839 = EDGE_CURVE('',#851,#2840,#2842,.T.);
#2840 = VERTEX_POINT('',#2841);
#2841 = CARTESIAN_POINT('',(-43.52842787633,45.8,-17.));
#2842 = ELLIPSE('',#2843,4.5727381155,4.);
#2843 = AXIS2_PLACEMENT_3D('',#2844,#2845,#2846);
#2844 = CARTESIAN_POINT('',(-39.05536079409,45.8,-17.94952869926));
#2845 = DIRECTION('',(-0.207649918994,0.,-0.978203205444));
#2846 = DIRECTION('',(-0.978203205444,0.,0.207649918994));
#2847 = ORIENTED_EDGE('',*,*,#2848,.T.);
#2848 = EDGE_CURVE('',#2840,#2849,#2851,.T.);
#2849 = VERTEX_POINT('',#2850);
#2850 = CARTESIAN_POINT('',(-48.02341360862,45.8,-2.297564147492));
#2851 = LINE('',#2852,#2853);
#2852 = CARTESIAN_POINT('',(-43.52842787633,45.8,-17.));
#2853 = VECTOR('',#2854,1.);
#2854 = DIRECTION('',(-0.292371704723,0.,0.956304755963));
#2855 = ORIENTED_EDGE('',*,*,#2856,.F.);
#2856 = EDGE_CURVE('',#2776,#2849,#2857,.T.);
#2857 = ELLIPSE('',#2858,4.530280202756,4.);
#2858 = AXIS2_PLACEMENT_3D('',#2859,#2860,#2861);
#2859 = CARTESIAN_POINT('',(-44.82002175658,45.8,0.905827704552));
#2860 = DIRECTION('',(0.707106781187,-1.570092458684E-16,-0.707106781187
    ));
#2861 = DIRECTION('',(0.707106781187,-2.952914440087E-16,0.707106781187)
  );
#2862 = ORIENTED_EDGE('',*,*,#2775,.F.);
#2863 = CYLINDRICAL_SURFACE('',#2864,4.);
#2864 = AXIS2_PLACEMENT_3D('',#2865,#2866,#2867);
#2865 = CARTESIAN_POINT('',(-39.70320885248,45.8,-15.8305131811));
#2866 = DIRECTION('',(-0.292371704723,0.,0.956304755963));
#2867 = DIRECTION('',(0.,-1.,0.));
#2868 = ADVANCED_FACE('',(#2869),#2880,.F.);
#2869 = FACE_BOUND('',#2870,.T.);
#2870 = EDGE_LOOP('',(#2871,#2872,#2878,#2879));
#2871 = ORIENTED_EDGE('',*,*,#2676,.T.);
#2872 = ORIENTED_EDGE('',*,*,#2873,.T.);
#2873 = EDGE_CURVE('',#2653,#2840,#2874,.T.);
#2874 = LINE('',#2875,#2876);
#2875 = CARTESIAN_POINT('',(-45.47320907144,45.8,-19.2396346966));
#2876 = VECTOR('',#2877,1.);
#2877 = DIRECTION('',(0.655654995826,0.,0.755060611109));
#2878 = ORIENTED_EDGE('',*,*,#2839,.F.);
#2879 = ORIENTED_EDGE('',*,*,#850,.F.);
#2880 = CYLINDRICAL_SURFACE('',#2881,4.);
#2881 = AXIS2_PLACEMENT_3D('',#2882,#2883,#2884);
#2882 = CARTESIAN_POINT('',(-42.45296662701,45.8,-21.8622546799));
#2883 = DIRECTION('',(0.655654995826,0.,0.755060611109));
#2884 = DIRECTION('',(0.,-1.,0.));
#2885 = ADVANCED_FACE('',(#2886),#2906,.F.);
#2886 = FACE_BOUND('',#2887,.F.);
#2887 = EDGE_LOOP('',(#2888,#2889,#2890,#2891,#2892,#2900));
#2888 = ORIENTED_EDGE('',*,*,#2765,.F.);
#2889 = ORIENTED_EDGE('',*,*,#895,.F.);
#2890 = ORIENTED_EDGE('',*,*,#975,.F.);
#2891 = ORIENTED_EDGE('',*,*,#992,.T.);
#2892 = ORIENTED_EDGE('',*,*,#2893,.T.);
#2893 = EDGE_CURVE('',#993,#2894,#2896,.T.);
#2894 = VERTEX_POINT('',#2895);
#2895 = CARTESIAN_POINT('',(48.999999999941,115.3,-4.440892098501E-16));
#2896 = LINE('',#2897,#2898);
#2897 = CARTESIAN_POINT('',(-26.39089980626,115.3,-4.440892098501E-16));
#2898 = VECTOR('',#2899,1.);
#2899 = DIRECTION('',(-1.,0.,0.));
#2900 = ORIENTED_EDGE('',*,*,#2901,.F.);
#2901 = EDGE_CURVE('',#2766,#2894,#2902,.T.);
#2902 = LINE('',#2903,#2904);
#2903 = CARTESIAN_POINT('',(48.999999999941,99.6,-4.440892098501E-16));
#2904 = VECTOR('',#2905,1.);
#2905 = DIRECTION('',(0.,1.,0.));
#2906 = PLANE('',#2907);
#2907 = AXIS2_PLACEMENT_3D('',#2908,#2909,#2910);
#2908 = CARTESIAN_POINT('',(0.718200387462,80.,-4.440892098501E-16));
#2909 = DIRECTION('',(0.,0.,1.));
#2910 = DIRECTION('',(1.,0.,0.));
#2911 = ADVANCED_FACE('',(#2912),#2972,.F.);
#2912 = FACE_BOUND('',#2913,.F.);
#2913 = EDGE_LOOP('',(#2914,#2915,#2916,#2917,#2926,#2934,#2942,#2950,
    #2958,#2966));
#2914 = ORIENTED_EDGE('',*,*,#2893,.F.);
#2915 = ORIENTED_EDGE('',*,*,#1001,.T.);
#2916 = ORIENTED_EDGE('',*,*,#1103,.F.);
#2917 = ORIENTED_EDGE('',*,*,#2918,.T.);
#2918 = EDGE_CURVE('',#1096,#2919,#2921,.T.);
#2919 = VERTEX_POINT('',#2920);
#2920 = CARTESIAN_POINT('',(-47.24274796482,116.81689850369,
    -1.516898503694));
#2921 = ELLIPSE('',#2922,5.915325856343,4.);
#2922 = AXIS2_PLACEMENT_3D('',#2923,#2924,#2925);
#2923 = CARTESIAN_POINT('',(-44.87938618478,114.2,1.1));
#2924 = DIRECTION('',(-3.561385464259E-17,0.707106781187,0.707106781187)
  );
#2925 = DIRECTION('',(-0.396861694172,-0.649038055779,0.649038055779));
#2926 = ORIENTED_EDGE('',*,*,#2927,.F.);
#2927 = EDGE_CURVE('',#2928,#2919,#2930,.T.);
#2928 = VERTEX_POINT('',#2929);
#2929 = CARTESIAN_POINT('',(-45.72584946113,115.3,-4.440892098501E-16));
#2930 = LINE('',#2931,#2932);
#2931 = CARTESIAN_POINT('',(-47.30487455094,116.87902508981,
    -1.579025089811));
#2932 = VECTOR('',#2933,1.);
#2933 = DIRECTION('',(-0.57735026919,0.57735026919,-0.57735026919));
#2934 = ORIENTED_EDGE('',*,*,#2935,.F.);
#2935 = EDGE_CURVE('',#2936,#2928,#2938,.T.);
#2936 = VERTEX_POINT('',#2937);
#2937 = CARTESIAN_POINT('',(46.599999999941,115.3,-4.440892098501E-16));
#2938 = LINE('',#2939,#2940);
#2939 = CARTESIAN_POINT('',(-26.39089980626,115.3,-4.440892098501E-16));
#2940 = VECTOR('',#2941,1.);
#2941 = DIRECTION('',(-1.,0.,0.));
#2942 = ORIENTED_EDGE('',*,*,#2943,.F.);
#2943 = EDGE_CURVE('',#2944,#2936,#2946,.T.);
#2944 = VERTEX_POINT('',#2945);
#2945 = CARTESIAN_POINT('',(46.599999999941,116.3,-1.));
#2946 = LINE('',#2947,#2948);
#2947 = CARTESIAN_POINT('',(46.599999999941,116.475,-1.175));
#2948 = VECTOR('',#2949,1.);
#2949 = DIRECTION('',(0.,-0.707106781187,0.707106781187));
#2950 = ORIENTED_EDGE('',*,*,#2951,.F.);
#2951 = EDGE_CURVE('',#2952,#2944,#2954,.T.);
#2952 = VERTEX_POINT('',#2953);
#2953 = CARTESIAN_POINT('',(48.399999999941,116.3,-1.));
#2954 = LINE('',#2955,#2956);
#2955 = CARTESIAN_POINT('',(-2.55000000003,116.3,-1.));
#2956 = VECTOR('',#2957,1.);
#2957 = DIRECTION('',(-1.,0.,0.));
#2958 = ORIENTED_EDGE('',*,*,#2959,.F.);
#2959 = EDGE_CURVE('',#2960,#2952,#2962,.T.);
#2960 = VERTEX_POINT('',#2961);
#2961 = CARTESIAN_POINT('',(48.999999999941,115.7,-0.4));
#2962 = LINE('',#2963,#2964);
#2963 = CARTESIAN_POINT('',(31.499999999951,133.19999999999,
    -17.89999999999));
#2964 = VECTOR('',#2965,1.);
#2965 = DIRECTION('',(-0.57735026919,0.57735026919,-0.57735026919));
#2966 = ORIENTED_EDGE('',*,*,#2967,.F.);
#2967 = EDGE_CURVE('',#2894,#2960,#2968,.T.);
#2968 = LINE('',#2969,#2970);
#2969 = CARTESIAN_POINT('',(48.999999999941,116.1,-0.8));
#2970 = VECTOR('',#2971,1.);
#2971 = DIRECTION('',(0.,0.707106781187,-0.707106781187));
#2972 = PLANE('',#2973);
#2973 = AXIS2_PLACEMENT_3D('',#2974,#2975,#2976);
#2974 = CARTESIAN_POINT('',(-53.5,115.2,0.1));
#2975 = DIRECTION('',(0.,0.707106781187,0.707106781187));
#2976 = DIRECTION('',(0.,0.707106781187,-0.707106781187));
#2977 = ADVANCED_FACE('',(#2978),#3006,.F.);
#2978 = FACE_BOUND('',#2979,.T.);
#2979 = EDGE_LOOP('',(#2980,#2990,#2997,#2998,#2999));
#2980 = ORIENTED_EDGE('',*,*,#2981,.F.);
#2981 = EDGE_CURVE('',#2982,#2984,#2986,.T.);
#2982 = VERTEX_POINT('',#2983);
#2983 = CARTESIAN_POINT('',(-43.52842787633,114.2,-17.));
#2984 = VERTEX_POINT('',#2985);
#2985 = CARTESIAN_POINT('',(-48.02341360862,114.2,-2.297564147492));
#2986 = LINE('',#2987,#2988);
#2987 = CARTESIAN_POINT('',(-43.52842787633,114.2,-17.));
#2988 = VECTOR('',#2989,1.);
#2989 = DIRECTION('',(-0.292371704723,-4.246846234515E-16,0.956304755963
    ));
#2990 = ORIENTED_EDGE('',*,*,#2991,.T.);
#2991 = EDGE_CURVE('',#2982,#1088,#2992,.T.);
#2992 = ELLIPSE('',#2993,4.5727381155,4.);
#2993 = AXIS2_PLACEMENT_3D('',#2994,#2995,#2996);
#2994 = CARTESIAN_POINT('',(-39.05536079409,114.2,-17.94952869926));
#2995 = DIRECTION('',(-0.207649918994,4.344094885786E-16,-0.978203205444
    ));
#2996 = DIRECTION('',(-0.978203205444,-9.221508845158E-17,0.207649918994
    ));
#2997 = ORIENTED_EDGE('',*,*,#1095,.T.);
#2998 = ORIENTED_EDGE('',*,*,#2918,.T.);
#2999 = ORIENTED_EDGE('',*,*,#3000,.F.);
#3000 = EDGE_CURVE('',#2984,#2919,#3001,.T.);
#3001 = ELLIPSE('',#3002,4.530280202756,4.);
#3002 = AXIS2_PLACEMENT_3D('',#3003,#3004,#3005);
#3003 = CARTESIAN_POINT('',(-44.82002175658,114.2,0.905827704552));
#3004 = DIRECTION('',(0.707106781187,-1.570092458684E-16,-0.707106781187
    ));
#3005 = DIRECTION('',(0.707106781187,-1.199892823763E-15,0.707106781187)
  );
#3006 = CYLINDRICAL_SURFACE('',#3007,4.);
#3007 = AXIS2_PLACEMENT_3D('',#3008,#3009,#3010);
#3008 = CARTESIAN_POINT('',(-39.70320885248,114.2,-15.8305131811));
#3009 = DIRECTION('',(-0.292371704723,-4.246846234515E-16,0.956304755963
    ));
#3010 = DIRECTION('',(-0.956304755963,-6.491955966642E-17,
    -0.292371704723));
#3011 = ADVANCED_FACE('',(#3012),#3031,.F.);
#3012 = FACE_BOUND('',#3013,.T.);
#3013 = EDGE_LOOP('',(#3014,#3023,#3024,#3025));
#3014 = ORIENTED_EDGE('',*,*,#3015,.T.);
#3015 = EDGE_CURVE('',#3016,#1080,#3018,.T.);
#3016 = VERTEX_POINT('',#3017);
#3017 = CARTESIAN_POINT('',(-45.47320907144,114.2,-19.2396346966));
#3018 = ELLIPSE('',#3019,4.386580936551,4.);
#3019 = AXIS2_PLACEMENT_3D('',#3020,#3021,#3022);
#3020 = CARTESIAN_POINT('',(-41.27240663063,114.2,-20.50270681099));
#3021 = DIRECTION('',(-0.287939999892,4.252813440949E-16,-0.957648451397
    ));
#3022 = DIRECTION('',(0.957648451397,1.278710470361E-16,-0.287939999892)
  );
#3023 = ORIENTED_EDGE('',*,*,#1087,.T.);
#3024 = ORIENTED_EDGE('',*,*,#2991,.F.);
#3025 = ORIENTED_EDGE('',*,*,#3026,.F.);
#3026 = EDGE_CURVE('',#3016,#2982,#3027,.T.);
#3027 = LINE('',#3028,#3029);
#3028 = CARTESIAN_POINT('',(-45.47320907144,114.2,-19.2396346966));
#3029 = VECTOR('',#3030,1.);
#3030 = DIRECTION('',(0.655654995826,-3.353142701762E-16,0.755060611109)
  );
#3031 = CYLINDRICAL_SURFACE('',#3032,4.);
#3032 = AXIS2_PLACEMENT_3D('',#3033,#3034,#3035);
#3033 = CARTESIAN_POINT('',(-42.45296662701,114.2,-21.8622546799));
#3034 = DIRECTION('',(0.655654995826,-3.353142701762E-16,0.755060611109)
  );
#3035 = DIRECTION('',(-0.755060611109,1.455846545154E-16,0.655654995826)
  );
#3036 = ADVANCED_FACE('',(#3037),#3048,.F.);
#3037 = FACE_BOUND('',#3038,.T.);
#3038 = EDGE_LOOP('',(#3039,#3040,#3041,#3042));
#3039 = ORIENTED_EDGE('',*,*,#1162,.T.);
#3040 = ORIENTED_EDGE('',*,*,#1079,.T.);
#3041 = ORIENTED_EDGE('',*,*,#3015,.F.);
#3042 = ORIENTED_EDGE('',*,*,#3043,.F.);
#3043 = EDGE_CURVE('',#1163,#3016,#3044,.T.);
#3044 = LINE('',#3045,#3046);
#3045 = CARTESIAN_POINT('',(-38.72465395201,114.2,-70.5));
#3046 = VECTOR('',#3047,1.);
#3047 = DIRECTION('',(-0.13052619222,-4.402899650974E-16,0.991444861374)
  );
#3048 = CYLINDRICAL_SURFACE('',#3049,4.);
#3049 = AXIS2_PLACEMENT_3D('',#3050,#3051,#3052);
#3050 = CARTESIAN_POINT('',(-34.75887450651,114.2,-69.97789523112));
#3051 = DIRECTION('',(-0.13052619222,-4.402899650974E-16,0.991444861374)
  );
#3052 = DIRECTION('',(-0.991444861374,-2.898263678387E-17,-0.13052619222
    ));
#3053 = ADVANCED_FACE('',(#3054),#3079,.T.);
#3054 = FACE_BOUND('',#3055,.T.);
#3055 = EDGE_LOOP('',(#3056,#3066,#3072,#3073));
#3056 = ORIENTED_EDGE('',*,*,#3057,.F.);
#3057 = EDGE_CURVE('',#3058,#3060,#3062,.T.);
#3058 = VERTEX_POINT('',#3059);
#3059 = CARTESIAN_POINT('',(-49.80257841525,145.,-17.));
#3060 = VERTEX_POINT('',#3061);
#3061 = CARTESIAN_POINT('',(-49.80257841525,95.,-17.));
#3062 = LINE('',#3063,#3064);
#3063 = CARTESIAN_POINT('',(-49.80257841525,201.8,-17.));
#3064 = VECTOR('',#3065,1.);
#3065 = DIRECTION('',(0.,-1.,2.22044604925E-16));
#3066 = ORIENTED_EDGE('',*,*,#3067,.T.);
#3067 = EDGE_CURVE('',#3058,#1120,#3068,.T.);
#3068 = LINE('',#3069,#3070);
#3069 = CARTESIAN_POINT('',(-49.06509068407,145.,-22.60177546725));
#3070 = VECTOR('',#3071,1.);
#3071 = DIRECTION('',(0.13052619222,0.,-0.991444861374));
#3072 = ORIENTED_EDGE('',*,*,#1119,.T.);
#3073 = ORIENTED_EDGE('',*,*,#3074,.T.);
#3074 = EDGE_CURVE('',#1122,#3060,#3075,.T.);
#3075 = LINE('',#3076,#3077);
#3076 = CARTESIAN_POINT('',(-44.56810977541,95.,-56.75973669902));
#3077 = VECTOR('',#3078,1.);
#3078 = DIRECTION('',(-0.13052619222,0.,0.991444861374));
#3079 = PLANE('',#3080);
#3080 = AXIS2_PLACEMENT_3D('',#3081,#3082,#3083);
#3081 = CARTESIAN_POINT('',(-46.28087410479,120.,-43.75));
#3082 = DIRECTION('',(-0.991444861374,-0.,-0.13052619222));
#3083 = DIRECTION('',(0.13052619222,0.,-0.991444861374));
#3084 = ADVANCED_FACE('',(#3085),#3135,.T.);
#3085 = FACE_BOUND('',#3086,.T.);
#3086 = EDGE_LOOP('',(#3087,#3095,#3103,#3111,#3119,#3127,#3133,#3134));
#3087 = ORIENTED_EDGE('',*,*,#3088,.F.);
#3088 = EDGE_CURVE('',#3089,#3058,#3091,.T.);
#3089 = VERTEX_POINT('',#3090);
#3090 = CARTESIAN_POINT('',(-54.38853863709,145.,-2.));
#3091 = LINE('',#3092,#3093);
#3092 = CARTESIAN_POINT('',(-53.46378875894,145.,-5.024720560414));
#3093 = VECTOR('',#3094,1.);
#3094 = DIRECTION('',(0.29237170472,0.,-0.956304755964));
#3095 = ORIENTED_EDGE('',*,*,#3096,.T.);
#3096 = EDGE_CURVE('',#3089,#3097,#3099,.T.);
#3097 = VERTEX_POINT('',#3098);
#3098 = CARTESIAN_POINT('',(-47.72584946113,145.,-2.));
#3099 = LINE('',#3100,#3101);
#3100 = CARTESIAN_POINT('',(-56.,145.,-2.));
#3101 = VECTOR('',#3102,1.);
#3102 = DIRECTION('',(1.,0.,0.));
#3103 = ORIENTED_EDGE('',*,*,#3104,.F.);
#3104 = EDGE_CURVE('',#3105,#3097,#3107,.T.);
#3105 = VERTEX_POINT('',#3106);
#3106 = CARTESIAN_POINT('',(-48.02341360862,145.,-2.297564147492));
#3107 = LINE('',#3108,#3109);
#3108 = CARTESIAN_POINT('',(-48.54438709584,145.,-2.818537634717));
#3109 = VECTOR('',#3110,1.);
#3110 = DIRECTION('',(0.707106781187,0.,0.707106781187));
#3111 = ORIENTED_EDGE('',*,*,#3112,.F.);
#3112 = EDGE_CURVE('',#3113,#3105,#3115,.T.);
#3113 = VERTEX_POINT('',#3114);
#3114 = CARTESIAN_POINT('',(-43.52842787633,145.,-17.));
#3115 = LINE('',#3116,#3117);
#3116 = CARTESIAN_POINT('',(-48.75715461782,145.,0.102394553751));
#3117 = VECTOR('',#3118,1.);
#3118 = DIRECTION('',(-0.292371704723,0.,0.956304755963));
#3119 = ORIENTED_EDGE('',*,*,#3120,.F.);
#3120 = EDGE_CURVE('',#3121,#3113,#3123,.T.);
#3121 = VERTEX_POINT('',#3122);
#3122 = CARTESIAN_POINT('',(-45.47320907144,145.,-19.2396346966));
#3123 = LINE('',#3124,#3125);
#3124 = CARTESIAN_POINT('',(-42.49614478523,145.,-15.81120969631));
#3125 = VECTOR('',#3126,1.);
#3126 = DIRECTION('',(0.655654995826,0.,0.755060611109));
#3127 = ORIENTED_EDGE('',*,*,#3128,.F.);
#3128 = EDGE_CURVE('',#1130,#3121,#3129,.T.);
#3129 = LINE('',#3130,#3131);
#3130 = CARTESIAN_POINT('',(-46.67836844464,145.,-10.08554043111));
#3131 = VECTOR('',#3132,1.);
#3132 = DIRECTION('',(-0.13052619222,0.,0.991444861374));
#3133 = ORIENTED_EDGE('',*,*,#1129,.F.);
#3134 = ORIENTED_EDGE('',*,*,#3067,.F.);
#3135 = PLANE('',#3136);
#3136 = AXIS2_PLACEMENT_3D('',#3137,#3138,#3139);
#3137 = CARTESIAN_POINT('',(-56.,145.,-2.));
#3138 = DIRECTION('',(0.,1.,0.));
#3139 = DIRECTION('',(0.,0.,-1.));
#3140 = ADVANCED_FACE('',(#3141),#3159,.T.);
#3141 = FACE_BOUND('',#3142,.T.);
#3142 = EDGE_LOOP('',(#3143,#3144,#3145,#3153));
#3143 = ORIENTED_EDGE('',*,*,#1137,.F.);
#3144 = ORIENTED_EDGE('',*,*,#3128,.T.);
#3145 = ORIENTED_EDGE('',*,*,#3146,.T.);
#3146 = EDGE_CURVE('',#3121,#3147,#3149,.T.);
#3147 = VERTEX_POINT('',#3148);
#3148 = CARTESIAN_POINT('',(-45.47320907144,125.8,-19.2396346966));
#3149 = LINE('',#3150,#3151);
#3150 = CARTESIAN_POINT('',(-45.47320907144,201.8,-19.2396346966));
#3151 = VECTOR('',#3152,1.);
#3152 = DIRECTION('',(0.,-1.,2.22044604925E-16));
#3153 = ORIENTED_EDGE('',*,*,#3154,.F.);
#3154 = EDGE_CURVE('',#1138,#3147,#3155,.T.);
#3155 = LINE('',#3156,#3157);
#3156 = CARTESIAN_POINT('',(-38.72465395201,125.8,-70.5));
#3157 = VECTOR('',#3158,1.);
#3158 = DIRECTION('',(-0.13052619222,0.,0.991444861374));
#3159 = PLANE('',#3160);
#3160 = AXIS2_PLACEMENT_3D('',#3161,#3162,#3163);
#3161 = CARTESIAN_POINT('',(-45.47320907144,201.8,-19.2396346966));
#3162 = DIRECTION('',(0.991444861374,2.898263678387E-17,0.13052619222));
#3163 = DIRECTION('',(0.13052619222,-2.201449825487E-16,-0.991444861374)
  );
#3164 = ADVANCED_FACE('',(#3165),#3177,.F.);
#3165 = FACE_BOUND('',#3166,.T.);
#3166 = EDGE_LOOP('',(#3167,#3168,#3169,#3176));
#3167 = ORIENTED_EDGE('',*,*,#1145,.T.);
#3168 = ORIENTED_EDGE('',*,*,#3154,.T.);
#3169 = ORIENTED_EDGE('',*,*,#3170,.F.);
#3170 = EDGE_CURVE('',#1195,#3147,#3171,.T.);
#3171 = ELLIPSE('',#3172,4.386580936551,4.);
#3172 = AXIS2_PLACEMENT_3D('',#3173,#3174,#3175);
#3173 = CARTESIAN_POINT('',(-41.27240663063,125.8,-20.50270681099));
#3174 = DIRECTION('',(-0.287939999892,-0.,-0.957648451397));
#3175 = DIRECTION('',(0.957648451397,0.,-0.287939999892));
#3176 = ORIENTED_EDGE('',*,*,#1194,.F.);
#3177 = CYLINDRICAL_SURFACE('',#3178,4.);
#3178 = AXIS2_PLACEMENT_3D('',#3179,#3180,#3181);
#3179 = CARTESIAN_POINT('',(-34.75887450651,125.8,-69.97789523112));
#3180 = DIRECTION('',(-0.13052619222,0.,0.991444861374));
#3181 = DIRECTION('',(0.,-1.,0.));
#3182 = ADVANCED_FACE('',(#3183),#3201,.T.);
#3183 = FACE_BOUND('',#3184,.T.);
#3184 = EDGE_LOOP('',(#3185,#3186,#3187,#3195));
#3185 = ORIENTED_EDGE('',*,*,#1171,.F.);
#3186 = ORIENTED_EDGE('',*,*,#3043,.T.);
#3187 = ORIENTED_EDGE('',*,*,#3188,.T.);
#3188 = EDGE_CURVE('',#3016,#3189,#3191,.T.);
#3189 = VERTEX_POINT('',#3190);
#3190 = CARTESIAN_POINT('',(-45.47320907144,95.,-19.2396346966));
#3191 = LINE('',#3192,#3193);
#3192 = CARTESIAN_POINT('',(-45.47320907144,121.8,-19.2396346966));
#3193 = VECTOR('',#3194,1.);
#3194 = DIRECTION('',(0.,-1.,2.22044604925E-16));
#3195 = ORIENTED_EDGE('',*,*,#3196,.T.);
#3196 = EDGE_CURVE('',#3189,#1172,#3197,.T.);
#3197 = LINE('',#3198,#3199);
#3198 = CARTESIAN_POINT('',(-42.18138753599,95.,-44.24350166288));
#3199 = VECTOR('',#3200,1.);
#3200 = DIRECTION('',(0.13052619222,0.,-0.991444861374));
#3201 = PLANE('',#3202);
#3202 = AXIS2_PLACEMENT_3D('',#3203,#3204,#3205);
#3203 = CARTESIAN_POINT('',(-45.47320907144,121.8,-19.2396346966));
#3204 = DIRECTION('',(0.991444861374,2.898263678387E-17,0.13052619222));
#3205 = DIRECTION('',(0.13052619222,-2.201449825487E-16,-0.991444861374)
  );
#3206 = ADVANCED_FACE('',(#3207),#3250,.T.);
#3207 = FACE_BOUND('',#3208,.T.);
#3208 = EDGE_LOOP('',(#3209,#3219,#3225,#3226,#3227,#3228,#3236,#3244));
#3209 = ORIENTED_EDGE('',*,*,#3210,.F.);
#3210 = EDGE_CURVE('',#3211,#3213,#3215,.T.);
#3211 = VERTEX_POINT('',#3212);
#3212 = CARTESIAN_POINT('',(-54.38853863709,95.,-2.));
#3213 = VERTEX_POINT('',#3214);
#3214 = CARTESIAN_POINT('',(-47.72584946113,95.,-2.));
#3215 = LINE('',#3216,#3217);
#3216 = CARTESIAN_POINT('',(-56.,95.,-2.));
#3217 = VECTOR('',#3218,1.);
#3218 = DIRECTION('',(1.,0.,0.));
#3219 = ORIENTED_EDGE('',*,*,#3220,.F.);
#3220 = EDGE_CURVE('',#3060,#3211,#3221,.T.);
#3221 = LINE('',#3222,#3223);
#3222 = CARTESIAN_POINT('',(-43.74781206121,95.,-36.8042483836));
#3223 = VECTOR('',#3224,1.);
#3224 = DIRECTION('',(-0.29237170472,0.,0.956304755964));
#3225 = ORIENTED_EDGE('',*,*,#3074,.F.);
#3226 = ORIENTED_EDGE('',*,*,#1179,.F.);
#3227 = ORIENTED_EDGE('',*,*,#3196,.F.);
#3228 = ORIENTED_EDGE('',*,*,#3229,.F.);
#3229 = EDGE_CURVE('',#3230,#3189,#3232,.T.);
#3230 = VERTEX_POINT('',#3231);
#3231 = CARTESIAN_POINT('',(-43.52842787633,95.,-17.));
#3232 = LINE('',#3233,#3234);
#3233 = CARTESIAN_POINT('',(-59.69945413366,95.,-35.62275899037));
#3234 = VECTOR('',#3235,1.);
#3235 = DIRECTION('',(-0.655654995826,-0.,-0.755060611109));
#3236 = ORIENTED_EDGE('',*,*,#3237,.F.);
#3237 = EDGE_CURVE('',#3238,#3230,#3240,.T.);
#3238 = VERTEX_POINT('',#3239);
#3239 = CARTESIAN_POINT('',(-48.02341360862,95.,-2.297564147492));
#3240 = LINE('',#3241,#3242);
#3241 = CARTESIAN_POINT('',(-39.04117792002,95.,-31.67713326939));
#3242 = VECTOR('',#3243,1.);
#3243 = DIRECTION('',(0.292371704723,0.,-0.956304755963));
#3244 = ORIENTED_EDGE('',*,*,#3245,.F.);
#3245 = EDGE_CURVE('',#3213,#3238,#3246,.T.);
#3246 = LINE('',#3247,#3248);
#3247 = CARTESIAN_POINT('',(-65.91938709584,95.,-20.19353763471));
#3248 = VECTOR('',#3249,1.);
#3249 = DIRECTION('',(-0.707106781187,-0.,-0.707106781187));
#3250 = PLANE('',#3251);
#3251 = AXIS2_PLACEMENT_3D('',#3252,#3253,#3254);
#3252 = CARTESIAN_POINT('',(-56.,95.,-71.5));
#3253 = DIRECTION('',(0.,-1.,0.));
#3254 = DIRECTION('',(0.,0.,1.));
#3255 = ADVANCED_FACE('',(#3256),#3323,.T.);
#3256 = FACE_BOUND('',#3257,.T.);
#3257 = EDGE_LOOP('',(#3258,#3266,#3267,#3268,#3277,#3285,#3293,#3301,
    #3309,#3317));
#3258 = ORIENTED_EDGE('',*,*,#3259,.F.);
#3259 = EDGE_CURVE('',#1248,#3260,#3262,.T.);
#3260 = VERTEX_POINT('',#3261);
#3261 = CARTESIAN_POINT('',(48.999999999941,124.7,-4.440892098501E-16));
#3262 = LINE('',#3263,#3264);
#3263 = CARTESIAN_POINT('',(-26.39089980626,124.7,-4.440892098501E-16));
#3264 = VECTOR('',#3265,1.);
#3265 = DIRECTION('',(-1.,0.,0.));
#3266 = ORIENTED_EDGE('',*,*,#1256,.T.);
#3267 = ORIENTED_EDGE('',*,*,#1218,.T.);
#3268 = ORIENTED_EDGE('',*,*,#3269,.T.);
#3269 = EDGE_CURVE('',#1211,#3270,#3272,.T.);
#3270 = VERTEX_POINT('',#3271);
#3271 = CARTESIAN_POINT('',(-47.24274796482,123.1831014963,
    -1.516898503694));
#3272 = ELLIPSE('',#3273,5.915325856343,4.);
#3273 = AXIS2_PLACEMENT_3D('',#3274,#3275,#3276);
#3274 = CARTESIAN_POINT('',(-44.87938618478,125.8,1.1));
#3275 = DIRECTION('',(1.273165103817E-17,0.707106781187,-0.707106781187)
  );
#3276 = DIRECTION('',(-0.396861694172,0.649038055779,0.649038055779));
#3277 = ORIENTED_EDGE('',*,*,#3278,.F.);
#3278 = EDGE_CURVE('',#3279,#3270,#3281,.T.);
#3279 = VERTEX_POINT('',#3280);
#3280 = CARTESIAN_POINT('',(-45.72584946113,124.7,-4.440892098501E-16));
#3281 = LINE('',#3282,#3283);
#3282 = CARTESIAN_POINT('',(-34.57154121761,135.85430824352,
    11.154308243522));
#3283 = VECTOR('',#3284,1.);
#3284 = DIRECTION('',(-0.57735026919,-0.57735026919,-0.57735026919));
#3285 = ORIENTED_EDGE('',*,*,#3286,.F.);
#3286 = EDGE_CURVE('',#3287,#3279,#3289,.T.);
#3287 = VERTEX_POINT('',#3288);
#3288 = CARTESIAN_POINT('',(46.599999999941,124.7,-4.440892098501E-16));
#3289 = LINE('',#3290,#3291);
#3290 = CARTESIAN_POINT('',(-26.39089980626,124.7,-4.440892098501E-16));
#3291 = VECTOR('',#3292,1.);
#3292 = DIRECTION('',(-1.,0.,0.));
#3293 = ORIENTED_EDGE('',*,*,#3294,.F.);
#3294 = EDGE_CURVE('',#3295,#3287,#3297,.T.);
#3295 = VERTEX_POINT('',#3296);
#3296 = CARTESIAN_POINT('',(46.599999999941,123.7,-1.));
#3297 = LINE('',#3298,#3299);
#3298 = CARTESIAN_POINT('',(46.599999999941,143.125,18.425));
#3299 = VECTOR('',#3300,1.);
#3300 = DIRECTION('',(0.,0.707106781187,0.707106781187));
#3301 = ORIENTED_EDGE('',*,*,#3302,.F.);
#3302 = EDGE_CURVE('',#3303,#3295,#3305,.T.);
#3303 = VERTEX_POINT('',#3304);
#3304 = CARTESIAN_POINT('',(48.399999999941,123.7,-1.));
#3305 = LINE('',#3306,#3307);
#3306 = CARTESIAN_POINT('',(-2.55000000003,123.7,-1.));
#3307 = VECTOR('',#3308,1.);
#3308 = DIRECTION('',(-1.,0.,0.));
#3309 = ORIENTED_EDGE('',*,*,#3310,.F.);
#3310 = EDGE_CURVE('',#3311,#3303,#3313,.T.);
#3311 = VERTEX_POINT('',#3312);
#3312 = CARTESIAN_POINT('',(48.999999999941,124.3,-0.4));
#3313 = LINE('',#3314,#3315);
#3314 = CARTESIAN_POINT('',(44.566666666617,119.86666666667,
    -4.833333333323));
#3315 = VECTOR('',#3316,1.);
#3316 = DIRECTION('',(-0.57735026919,-0.57735026919,-0.57735026919));
#3317 = ORIENTED_EDGE('',*,*,#3318,.F.);
#3318 = EDGE_CURVE('',#3260,#3311,#3319,.T.);
#3319 = LINE('',#3320,#3321);
#3320 = CARTESIAN_POINT('',(48.999999999941,143.5,18.8));
#3321 = VECTOR('',#3322,1.);
#3322 = DIRECTION('',(0.,-0.707106781187,-0.707106781187));
#3323 = PLANE('',#3324);
#3324 = AXIS2_PLACEMENT_3D('',#3325,#3326,#3327);
#3325 = CARTESIAN_POINT('',(-53.5,124.8,0.1));
#3326 = DIRECTION('',(0.,0.707106781187,-0.707106781187));
#3327 = DIRECTION('',(0.,-0.707106781187,-0.707106781187));
#3328 = ADVANCED_FACE('',(#3329),#3357,.F.);
#3329 = FACE_BOUND('',#3330,.T.);
#3330 = EDGE_LOOP('',(#3331,#3332,#3341,#3349,#3356));
#3331 = ORIENTED_EDGE('',*,*,#1210,.F.);
#3332 = ORIENTED_EDGE('',*,*,#3333,.T.);
#3333 = EDGE_CURVE('',#1203,#3334,#3336,.T.);
#3334 = VERTEX_POINT('',#3335);
#3335 = CARTESIAN_POINT('',(-43.52842787633,125.8,-17.));
#3336 = ELLIPSE('',#3337,4.5727381155,4.);
#3337 = AXIS2_PLACEMENT_3D('',#3338,#3339,#3340);
#3338 = CARTESIAN_POINT('',(-39.05536079409,125.8,-17.94952869926));
#3339 = DIRECTION('',(-0.207649918994,0.,-0.978203205444));
#3340 = DIRECTION('',(-0.978203205444,0.,0.207649918994));
#3341 = ORIENTED_EDGE('',*,*,#3342,.T.);
#3342 = EDGE_CURVE('',#3334,#3343,#3345,.T.);
#3343 = VERTEX_POINT('',#3344);
#3344 = CARTESIAN_POINT('',(-48.02341360862,125.8,-2.297564147492));
#3345 = LINE('',#3346,#3347);
#3346 = CARTESIAN_POINT('',(-43.52842787633,125.8,-17.));
#3347 = VECTOR('',#3348,1.);
#3348 = DIRECTION('',(-0.292371704723,0.,0.956304755963));
#3349 = ORIENTED_EDGE('',*,*,#3350,.F.);
#3350 = EDGE_CURVE('',#3270,#3343,#3351,.T.);
#3351 = ELLIPSE('',#3352,4.530280202756,4.);
#3352 = AXIS2_PLACEMENT_3D('',#3353,#3354,#3355);
#3353 = CARTESIAN_POINT('',(-44.82002175658,125.8,0.905827704552));
#3354 = DIRECTION('',(0.707106781187,-1.570092458684E-16,-0.707106781187
    ));
#3355 = DIRECTION('',(0.707106781187,-2.952914440087E-16,0.707106781187)
  );
#3356 = ORIENTED_EDGE('',*,*,#3269,.F.);
#3357 = CYLINDRICAL_SURFACE('',#3358,4.);
#3358 = AXIS2_PLACEMENT_3D('',#3359,#3360,#3361);
#3359 = CARTESIAN_POINT('',(-39.70320885248,125.8,-15.8305131811));
#3360 = DIRECTION('',(-0.292371704723,0.,0.956304755963));
#3361 = DIRECTION('',(0.,-1.,0.));
#3362 = ADVANCED_FACE('',(#3363),#3374,.F.);
#3363 = FACE_BOUND('',#3364,.T.);
#3364 = EDGE_LOOP('',(#3365,#3366,#3372,#3373));
#3365 = ORIENTED_EDGE('',*,*,#3170,.T.);
#3366 = ORIENTED_EDGE('',*,*,#3367,.T.);
#3367 = EDGE_CURVE('',#3147,#3334,#3368,.T.);
#3368 = LINE('',#3369,#3370);
#3369 = CARTESIAN_POINT('',(-45.47320907144,125.8,-19.2396346966));
#3370 = VECTOR('',#3371,1.);
#3371 = DIRECTION('',(0.655654995826,0.,0.755060611109));
#3372 = ORIENTED_EDGE('',*,*,#3333,.F.);
#3373 = ORIENTED_EDGE('',*,*,#1202,.F.);
#3374 = CYLINDRICAL_SURFACE('',#3375,4.);
#3375 = AXIS2_PLACEMENT_3D('',#3376,#3377,#3378);
#3376 = CARTESIAN_POINT('',(-42.45296662701,125.8,-21.8622546799));
#3377 = DIRECTION('',(0.655654995826,0.,0.755060611109));
#3378 = DIRECTION('',(0.,-1.,0.));
#3379 = ADVANCED_FACE('',(#3380),#3400,.F.);
#3380 = FACE_BOUND('',#3381,.F.);
#3381 = EDGE_LOOP('',(#3382,#3383,#3384,#3385,#3386,#3394));
#3382 = ORIENTED_EDGE('',*,*,#3259,.F.);
#3383 = ORIENTED_EDGE('',*,*,#1247,.F.);
#3384 = ORIENTED_EDGE('',*,*,#1327,.F.);
#3385 = ORIENTED_EDGE('',*,*,#1344,.T.);
#3386 = ORIENTED_EDGE('',*,*,#3387,.T.);
#3387 = EDGE_CURVE('',#1345,#3388,#3390,.T.);
#3388 = VERTEX_POINT('',#3389);
#3389 = CARTESIAN_POINT('',(48.999999999941,195.3,-4.440892098501E-16));
#3390 = LINE('',#3391,#3392);
#3391 = CARTESIAN_POINT('',(-26.39089980626,195.3,-4.440892098501E-16));
#3392 = VECTOR('',#3393,1.);
#3393 = DIRECTION('',(-1.,0.,0.));
#3394 = ORIENTED_EDGE('',*,*,#3395,.F.);
#3395 = EDGE_CURVE('',#3260,#3388,#3396,.T.);
#3396 = LINE('',#3397,#3398);
#3397 = CARTESIAN_POINT('',(48.999999999941,179.6,-4.440892098501E-16));
#3398 = VECTOR('',#3399,1.);
#3399 = DIRECTION('',(0.,1.,0.));
#3400 = PLANE('',#3401);
#3401 = AXIS2_PLACEMENT_3D('',#3402,#3403,#3404);
#3402 = CARTESIAN_POINT('',(0.718200387462,160.,-4.440892098501E-16));
#3403 = DIRECTION('',(0.,0.,1.));
#3404 = DIRECTION('',(1.,0.,0.));
#3405 = ADVANCED_FACE('',(#3406),#3466,.F.);
#3406 = FACE_BOUND('',#3407,.F.);
#3407 = EDGE_LOOP('',(#3408,#3409,#3410,#3411,#3420,#3428,#3436,#3444,
    #3452,#3460));
#3408 = ORIENTED_EDGE('',*,*,#3387,.F.);
#3409 = ORIENTED_EDGE('',*,*,#1353,.T.);
#3410 = ORIENTED_EDGE('',*,*,#1455,.F.);
#3411 = ORIENTED_EDGE('',*,*,#3412,.T.);
#3412 = EDGE_CURVE('',#1448,#3413,#3415,.T.);
#3413 = VERTEX_POINT('',#3414);
#3414 = CARTESIAN_POINT('',(-47.24274796482,196.81689850369,
    -1.516898503694));
#3415 = ELLIPSE('',#3416,5.915325856343,4.);
#3416 = AXIS2_PLACEMENT_3D('',#3417,#3418,#3419);
#3417 = CARTESIAN_POINT('',(-44.87938618478,194.2,1.1));
#3418 = DIRECTION('',(-3.561385464259E-17,0.707106781187,0.707106781187)
  );
#3419 = DIRECTION('',(-0.396861694172,-0.649038055779,0.649038055779));
#3420 = ORIENTED_EDGE('',*,*,#3421,.F.);
#3421 = EDGE_CURVE('',#3422,#3413,#3424,.T.);
#3422 = VERTEX_POINT('',#3423);
#3423 = CARTESIAN_POINT('',(-45.72584946113,195.3,-4.440892098501E-16));
#3424 = LINE('',#3425,#3426);
#3425 = CARTESIAN_POINT('',(-47.30487455094,196.87902508981,
    -1.579025089811));
#3426 = VECTOR('',#3427,1.);
#3427 = DIRECTION('',(-0.57735026919,0.57735026919,-0.57735026919));
#3428 = ORIENTED_EDGE('',*,*,#3429,.F.);
#3429 = EDGE_CURVE('',#3430,#3422,#3432,.T.);
#3430 = VERTEX_POINT('',#3431);
#3431 = CARTESIAN_POINT('',(46.599999999941,195.3,-4.440892098501E-16));
#3432 = LINE('',#3433,#3434);
#3433 = CARTESIAN_POINT('',(-26.39089980626,195.3,-4.440892098501E-16));
#3434 = VECTOR('',#3435,1.);
#3435 = DIRECTION('',(-1.,0.,0.));
#3436 = ORIENTED_EDGE('',*,*,#3437,.F.);
#3437 = EDGE_CURVE('',#3438,#3430,#3440,.T.);
#3438 = VERTEX_POINT('',#3439);
#3439 = CARTESIAN_POINT('',(46.599999999941,196.3,-1.));
#3440 = LINE('',#3441,#3442);
#3441 = CARTESIAN_POINT('',(46.599999999941,196.475,-1.175));
#3442 = VECTOR('',#3443,1.);
#3443 = DIRECTION('',(0.,-0.707106781187,0.707106781187));
#3444 = ORIENTED_EDGE('',*,*,#3445,.F.);
#3445 = EDGE_CURVE('',#3446,#3438,#3448,.T.);
#3446 = VERTEX_POINT('',#3447);
#3447 = CARTESIAN_POINT('',(48.399999999941,196.3,-1.));
#3448 = LINE('',#3449,#3450);
#3449 = CARTESIAN_POINT('',(-2.55000000003,196.3,-1.));
#3450 = VECTOR('',#3451,1.);
#3451 = DIRECTION('',(-1.,0.,0.));
#3452 = ORIENTED_EDGE('',*,*,#3453,.F.);
#3453 = EDGE_CURVE('',#3454,#3446,#3456,.T.);
#3454 = VERTEX_POINT('',#3455);
#3455 = CARTESIAN_POINT('',(48.999999999941,195.7,-0.4));
#3456 = LINE('',#3457,#3458);
#3457 = CARTESIAN_POINT('',(31.499999999951,213.19999999999,
    -17.89999999999));
#3458 = VECTOR('',#3459,1.);
#3459 = DIRECTION('',(-0.57735026919,0.57735026919,-0.57735026919));
#3460 = ORIENTED_EDGE('',*,*,#3461,.F.);
#3461 = EDGE_CURVE('',#3388,#3454,#3462,.T.);
#3462 = LINE('',#3463,#3464);
#3463 = CARTESIAN_POINT('',(48.999999999941,196.1,-0.8));
#3464 = VECTOR('',#3465,1.);
#3465 = DIRECTION('',(0.,0.707106781187,-0.707106781187));
#3466 = PLANE('',#3467);
#3467 = AXIS2_PLACEMENT_3D('',#3468,#3469,#3470);
#3468 = CARTESIAN_POINT('',(-53.5,195.2,0.1));
#3469 = DIRECTION('',(0.,0.707106781187,0.707106781187));
#3470 = DIRECTION('',(0.,0.707106781187,-0.707106781187));
#3471 = ADVANCED_FACE('',(#3472),#3500,.F.);
#3472 = FACE_BOUND('',#3473,.T.);
#3473 = EDGE_LOOP('',(#3474,#3484,#3491,#3492,#3493));
#3474 = ORIENTED_EDGE('',*,*,#3475,.F.);
#3475 = EDGE_CURVE('',#3476,#3478,#3480,.T.);
#3476 = VERTEX_POINT('',#3477);
#3477 = CARTESIAN_POINT('',(-43.52842787633,194.2,-17.));
#3478 = VERTEX_POINT('',#3479);
#3479 = CARTESIAN_POINT('',(-48.02341360862,194.2,-2.297564147492));
#3480 = LINE('',#3481,#3482);
#3481 = CARTESIAN_POINT('',(-43.52842787633,194.2,-17.));
#3482 = VECTOR('',#3483,1.);
#3483 = DIRECTION('',(-0.292371704723,-4.246846234515E-16,0.956304755963
    ));
#3484 = ORIENTED_EDGE('',*,*,#3485,.T.);
#3485 = EDGE_CURVE('',#3476,#1440,#3486,.T.);
#3486 = ELLIPSE('',#3487,4.5727381155,4.);
#3487 = AXIS2_PLACEMENT_3D('',#3488,#3489,#3490);
#3488 = CARTESIAN_POINT('',(-39.05536079409,194.2,-17.94952869926));
#3489 = DIRECTION('',(-0.207649918994,4.344094885786E-16,-0.978203205444
    ));
#3490 = DIRECTION('',(-0.978203205444,-9.221508845158E-17,0.207649918994
    ));
#3491 = ORIENTED_EDGE('',*,*,#1447,.T.);
#3492 = ORIENTED_EDGE('',*,*,#3412,.T.);
#3493 = ORIENTED_EDGE('',*,*,#3494,.F.);
#3494 = EDGE_CURVE('',#3478,#3413,#3495,.T.);
#3495 = ELLIPSE('',#3496,4.530280202756,4.);
#3496 = AXIS2_PLACEMENT_3D('',#3497,#3498,#3499);
#3497 = CARTESIAN_POINT('',(-44.82002175658,194.2,0.905827704552));
#3498 = DIRECTION('',(0.707106781187,-1.570092458684E-16,-0.707106781187
    ));
#3499 = DIRECTION('',(0.707106781187,-1.199892823763E-15,0.707106781187)
  );
#3500 = CYLINDRICAL_SURFACE('',#3501,4.);
#3501 = AXIS2_PLACEMENT_3D('',#3502,#3503,#3504);
#3502 = CARTESIAN_POINT('',(-39.70320885248,194.2,-15.8305131811));
#3503 = DIRECTION('',(-0.292371704723,-4.246846234515E-16,0.956304755963
    ));
#3504 = DIRECTION('',(-0.956304755963,-6.491955966642E-17,
    -0.292371704723));
#3505 = ADVANCED_FACE('',(#3506),#3525,.F.);
#3506 = FACE_BOUND('',#3507,.T.);
#3507 = EDGE_LOOP('',(#3508,#3517,#3518,#3519));
#3508 = ORIENTED_EDGE('',*,*,#3509,.T.);
#3509 = EDGE_CURVE('',#3510,#1432,#3512,.T.);
#3510 = VERTEX_POINT('',#3511);
#3511 = CARTESIAN_POINT('',(-45.47320907144,194.2,-19.2396346966));
#3512 = ELLIPSE('',#3513,4.386580936551,4.);
#3513 = AXIS2_PLACEMENT_3D('',#3514,#3515,#3516);
#3514 = CARTESIAN_POINT('',(-41.27240663063,194.2,-20.50270681099));
#3515 = DIRECTION('',(-0.287939999892,4.252813440949E-16,-0.957648451397
    ));
#3516 = DIRECTION('',(0.957648451397,1.278710470361E-16,-0.287939999892)
  );
#3517 = ORIENTED_EDGE('',*,*,#1439,.T.);
#3518 = ORIENTED_EDGE('',*,*,#3485,.F.);
#3519 = ORIENTED_EDGE('',*,*,#3520,.F.);
#3520 = EDGE_CURVE('',#3510,#3476,#3521,.T.);
#3521 = LINE('',#3522,#3523);
#3522 = CARTESIAN_POINT('',(-45.47320907144,194.2,-19.2396346966));
#3523 = VECTOR('',#3524,1.);
#3524 = DIRECTION('',(0.655654995826,-3.353142701762E-16,0.755060611109)
  );
#3525 = CYLINDRICAL_SURFACE('',#3526,4.);
#3526 = AXIS2_PLACEMENT_3D('',#3527,#3528,#3529);
#3527 = CARTESIAN_POINT('',(-42.45296662701,194.2,-21.8622546799));
#3528 = DIRECTION('',(0.655654995826,-3.353142701762E-16,0.755060611109)
  );
#3529 = DIRECTION('',(-0.755060611109,1.455846545154E-16,0.655654995826)
  );
#3530 = ADVANCED_FACE('',(#3531),#3542,.F.);
#3531 = FACE_BOUND('',#3532,.T.);
#3532 = EDGE_LOOP('',(#3533,#3534,#3535,#3536));
#3533 = ORIENTED_EDGE('',*,*,#1514,.T.);
#3534 = ORIENTED_EDGE('',*,*,#1431,.T.);
#3535 = ORIENTED_EDGE('',*,*,#3509,.F.);
#3536 = ORIENTED_EDGE('',*,*,#3537,.F.);
#3537 = EDGE_CURVE('',#1515,#3510,#3538,.T.);
#3538 = LINE('',#3539,#3540);
#3539 = CARTESIAN_POINT('',(-38.72465395201,194.2,-70.5));
#3540 = VECTOR('',#3541,1.);
#3541 = DIRECTION('',(-0.13052619222,-4.402899650974E-16,0.991444861374)
  );
#3542 = CYLINDRICAL_SURFACE('',#3543,4.);
#3543 = AXIS2_PLACEMENT_3D('',#3544,#3545,#3546);
#3544 = CARTESIAN_POINT('',(-34.75887450651,194.2,-69.97789523112));
#3545 = DIRECTION('',(-0.13052619222,-4.402899650974E-16,0.991444861374)
  );
#3546 = DIRECTION('',(-0.991444861374,-2.898263678387E-17,-0.13052619222
    ));
#3547 = ADVANCED_FACE('',(#3548),#3573,.T.);
#3548 = FACE_BOUND('',#3549,.T.);
#3549 = EDGE_LOOP('',(#3550,#3560,#3566,#3567));
#3550 = ORIENTED_EDGE('',*,*,#3551,.F.);
#3551 = EDGE_CURVE('',#3552,#3554,#3556,.T.);
#3552 = VERTEX_POINT('',#3553);
#3553 = CARTESIAN_POINT('',(-49.80257841525,225.,-17.));
#3554 = VERTEX_POINT('',#3555);
#3555 = CARTESIAN_POINT('',(-49.80257841525,175.,-17.));
#3556 = LINE('',#3557,#3558);
#3557 = CARTESIAN_POINT('',(-49.80257841525,281.8,-17.));
#3558 = VECTOR('',#3559,1.);
#3559 = DIRECTION('',(0.,-1.,2.22044604925E-16));
#3560 = ORIENTED_EDGE('',*,*,#3561,.T.);
#3561 = EDGE_CURVE('',#3552,#1472,#3562,.T.);
#3562 = LINE('',#3563,#3564);
#3563 = CARTESIAN_POINT('',(-49.06509068407,225.,-22.60177546725));
#3564 = VECTOR('',#3565,1.);
#3565 = DIRECTION('',(0.13052619222,0.,-0.991444861374));
#3566 = ORIENTED_EDGE('',*,*,#1471,.T.);
#3567 = ORIENTED_EDGE('',*,*,#3568,.T.);
#3568 = EDGE_CURVE('',#1474,#3554,#3569,.T.);
#3569 = LINE('',#3570,#3571);
#3570 = CARTESIAN_POINT('',(-44.56810977541,175.,-56.75973669902));
#3571 = VECTOR('',#3572,1.);
#3572 = DIRECTION('',(-0.13052619222,0.,0.991444861374));
#3573 = PLANE('',#3574);
#3574 = AXIS2_PLACEMENT_3D('',#3575,#3576,#3577);
#3575 = CARTESIAN_POINT('',(-46.28087410479,200.,-43.75));
#3576 = DIRECTION('',(-0.991444861374,-0.,-0.13052619222));
#3577 = DIRECTION('',(0.13052619222,0.,-0.991444861374));
#3578 = ADVANCED_FACE('',(#3579),#3629,.T.);
#3579 = FACE_BOUND('',#3580,.T.);
#3580 = EDGE_LOOP('',(#3581,#3589,#3597,#3605,#3613,#3621,#3627,#3628));
#3581 = ORIENTED_EDGE('',*,*,#3582,.F.);
#3582 = EDGE_CURVE('',#3583,#3552,#3585,.T.);
#3583 = VERTEX_POINT('',#3584);
#3584 = CARTESIAN_POINT('',(-54.38853863709,225.,-2.));
#3585 = LINE('',#3586,#3587);
#3586 = CARTESIAN_POINT('',(-53.46378875894,225.,-5.024720560414));
#3587 = VECTOR('',#3588,1.);
#3588 = DIRECTION('',(0.29237170472,0.,-0.956304755964));
#3589 = ORIENTED_EDGE('',*,*,#3590,.T.);
#3590 = EDGE_CURVE('',#3583,#3591,#3593,.T.);
#3591 = VERTEX_POINT('',#3592);
#3592 = CARTESIAN_POINT('',(-47.72584946113,225.,-2.));
#3593 = LINE('',#3594,#3595);
#3594 = CARTESIAN_POINT('',(-56.,225.,-2.));
#3595 = VECTOR('',#3596,1.);
#3596 = DIRECTION('',(1.,0.,0.));
#3597 = ORIENTED_EDGE('',*,*,#3598,.F.);
#3598 = EDGE_CURVE('',#3599,#3591,#3601,.T.);
#3599 = VERTEX_POINT('',#3600);
#3600 = CARTESIAN_POINT('',(-48.02341360862,225.,-2.297564147492));
#3601 = LINE('',#3602,#3603);
#3602 = CARTESIAN_POINT('',(-48.54438709584,225.,-2.818537634717));
#3603 = VECTOR('',#3604,1.);
#3604 = DIRECTION('',(0.707106781187,0.,0.707106781187));
#3605 = ORIENTED_EDGE('',*,*,#3606,.F.);
#3606 = EDGE_CURVE('',#3607,#3599,#3609,.T.);
#3607 = VERTEX_POINT('',#3608);
#3608 = CARTESIAN_POINT('',(-43.52842787633,225.,-17.));
#3609 = LINE('',#3610,#3611);
#3610 = CARTESIAN_POINT('',(-48.75715461782,225.,0.102394553751));
#3611 = VECTOR('',#3612,1.);
#3612 = DIRECTION('',(-0.292371704723,0.,0.956304755963));
#3613 = ORIENTED_EDGE('',*,*,#3614,.F.);
#3614 = EDGE_CURVE('',#3615,#3607,#3617,.T.);
#3615 = VERTEX_POINT('',#3616);
#3616 = CARTESIAN_POINT('',(-45.47320907144,225.,-19.2396346966));
#3617 = LINE('',#3618,#3619);
#3618 = CARTESIAN_POINT('',(-42.49614478523,225.,-15.81120969631));
#3619 = VECTOR('',#3620,1.);
#3620 = DIRECTION('',(0.655654995826,0.,0.755060611109));
#3621 = ORIENTED_EDGE('',*,*,#3622,.F.);
#3622 = EDGE_CURVE('',#1482,#3615,#3623,.T.);
#3623 = LINE('',#3624,#3625);
#3624 = CARTESIAN_POINT('',(-46.67836844464,225.,-10.08554043111));
#3625 = VECTOR('',#3626,1.);
#3626 = DIRECTION('',(-0.13052619222,0.,0.991444861374));
#3627 = ORIENTED_EDGE('',*,*,#1481,.F.);
#3628 = ORIENTED_EDGE('',*,*,#3561,.F.);
#3629 = PLANE('',#3630);
#3630 = AXIS2_PLACEMENT_3D('',#3631,#3632,#3633);
#3631 = CARTESIAN_POINT('',(-56.,225.,-2.));
#3632 = DIRECTION('',(0.,1.,0.));
#3633 = DIRECTION('',(0.,0.,-1.));
#3634 = ADVANCED_FACE('',(#3635),#3653,.T.);
#3635 = FACE_BOUND('',#3636,.T.);
#3636 = EDGE_LOOP('',(#3637,#3638,#3639,#3647));
#3637 = ORIENTED_EDGE('',*,*,#1489,.F.);
#3638 = ORIENTED_EDGE('',*,*,#3622,.T.);
#3639 = ORIENTED_EDGE('',*,*,#3640,.T.);
#3640 = EDGE_CURVE('',#3615,#3641,#3643,.T.);
#3641 = VERTEX_POINT('',#3642);
#3642 = CARTESIAN_POINT('',(-45.47320907144,205.8,-19.2396346966));
#3643 = LINE('',#3644,#3645);
#3644 = CARTESIAN_POINT('',(-45.47320907144,281.8,-19.2396346966));
#3645 = VECTOR('',#3646,1.);
#3646 = DIRECTION('',(0.,-1.,2.22044604925E-16));
#3647 = ORIENTED_EDGE('',*,*,#3648,.F.);
#3648 = EDGE_CURVE('',#1490,#3641,#3649,.T.);
#3649 = LINE('',#3650,#3651);
#3650 = CARTESIAN_POINT('',(-38.72465395201,205.8,-70.5));
#3651 = VECTOR('',#3652,1.);
#3652 = DIRECTION('',(-0.13052619222,0.,0.991444861374));
#3653 = PLANE('',#3654);
#3654 = AXIS2_PLACEMENT_3D('',#3655,#3656,#3657);
#3655 = CARTESIAN_POINT('',(-45.47320907144,281.8,-19.2396346966));
#3656 = DIRECTION('',(0.991444861374,2.898263678387E-17,0.13052619222));
#3657 = DIRECTION('',(0.13052619222,-2.201449825487E-16,-0.991444861374)
  );
#3658 = ADVANCED_FACE('',(#3659),#3671,.F.);
#3659 = FACE_BOUND('',#3660,.T.);
#3660 = EDGE_LOOP('',(#3661,#3662,#3663,#3670));
#3661 = ORIENTED_EDGE('',*,*,#1497,.T.);
#3662 = ORIENTED_EDGE('',*,*,#3648,.T.);
#3663 = ORIENTED_EDGE('',*,*,#3664,.F.);
#3664 = EDGE_CURVE('',#1547,#3641,#3665,.T.);
#3665 = ELLIPSE('',#3666,4.386580936551,4.);
#3666 = AXIS2_PLACEMENT_3D('',#3667,#3668,#3669);
#3667 = CARTESIAN_POINT('',(-41.27240663063,205.8,-20.50270681099));
#3668 = DIRECTION('',(-0.287939999892,-0.,-0.957648451397));
#3669 = DIRECTION('',(0.957648451397,0.,-0.287939999892));
#3670 = ORIENTED_EDGE('',*,*,#1546,.F.);
#3671 = CYLINDRICAL_SURFACE('',#3672,4.);
#3672 = AXIS2_PLACEMENT_3D('',#3673,#3674,#3675);
#3673 = CARTESIAN_POINT('',(-34.75887450651,205.8,-69.97789523112));
#3674 = DIRECTION('',(-0.13052619222,0.,0.991444861374));
#3675 = DIRECTION('',(0.,-1.,0.));
#3676 = ADVANCED_FACE('',(#3677),#3695,.T.);
#3677 = FACE_BOUND('',#3678,.T.);
#3678 = EDGE_LOOP('',(#3679,#3680,#3681,#3689));
#3679 = ORIENTED_EDGE('',*,*,#1523,.F.);
#3680 = ORIENTED_EDGE('',*,*,#3537,.T.);
#3681 = ORIENTED_EDGE('',*,*,#3682,.T.);
#3682 = EDGE_CURVE('',#3510,#3683,#3685,.T.);
#3683 = VERTEX_POINT('',#3684);
#3684 = CARTESIAN_POINT('',(-45.47320907144,175.,-19.2396346966));
#3685 = LINE('',#3686,#3687);
#3686 = CARTESIAN_POINT('',(-45.47320907144,201.8,-19.2396346966));
#3687 = VECTOR('',#3688,1.);
#3688 = DIRECTION('',(0.,-1.,2.22044604925E-16));
#3689 = ORIENTED_EDGE('',*,*,#3690,.T.);
#3690 = EDGE_CURVE('',#3683,#1524,#3691,.T.);
#3691 = LINE('',#3692,#3693);
#3692 = CARTESIAN_POINT('',(-42.18138753599,175.,-44.24350166288));
#3693 = VECTOR('',#3694,1.);
#3694 = DIRECTION('',(0.13052619222,0.,-0.991444861374));
#3695 = PLANE('',#3696);
#3696 = AXIS2_PLACEMENT_3D('',#3697,#3698,#3699);
#3697 = CARTESIAN_POINT('',(-45.47320907144,201.8,-19.2396346966));
#3698 = DIRECTION('',(0.991444861374,2.898263678387E-17,0.13052619222));
#3699 = DIRECTION('',(0.13052619222,-2.201449825487E-16,-0.991444861374)
  );
#3700 = ADVANCED_FACE('',(#3701),#3744,.T.);
#3701 = FACE_BOUND('',#3702,.T.);
#3702 = EDGE_LOOP('',(#3703,#3713,#3719,#3720,#3721,#3722,#3730,#3738));
#3703 = ORIENTED_EDGE('',*,*,#3704,.F.);
#3704 = EDGE_CURVE('',#3705,#3707,#3709,.T.);
#3705 = VERTEX_POINT('',#3706);
#3706 = CARTESIAN_POINT('',(-54.38853863709,175.,-2.));
#3707 = VERTEX_POINT('',#3708);
#3708 = CARTESIAN_POINT('',(-47.72584946113,175.,-2.));
#3709 = LINE('',#3710,#3711);
#3710 = CARTESIAN_POINT('',(-56.,175.,-2.));
#3711 = VECTOR('',#3712,1.);
#3712 = DIRECTION('',(1.,0.,0.));
#3713 = ORIENTED_EDGE('',*,*,#3714,.F.);
#3714 = EDGE_CURVE('',#3554,#3705,#3715,.T.);
#3715 = LINE('',#3716,#3717);
#3716 = CARTESIAN_POINT('',(-43.74781206121,175.,-36.8042483836));
#3717 = VECTOR('',#3718,1.);
#3718 = DIRECTION('',(-0.29237170472,0.,0.956304755964));
#3719 = ORIENTED_EDGE('',*,*,#3568,.F.);
#3720 = ORIENTED_EDGE('',*,*,#1531,.F.);
#3721 = ORIENTED_EDGE('',*,*,#3690,.F.);
#3722 = ORIENTED_EDGE('',*,*,#3723,.F.);
#3723 = EDGE_CURVE('',#3724,#3683,#3726,.T.);
#3724 = VERTEX_POINT('',#3725);
#3725 = CARTESIAN_POINT('',(-43.52842787633,175.,-17.));
#3726 = LINE('',#3727,#3728);
#3727 = CARTESIAN_POINT('',(-59.69945413366,175.,-35.62275899037));
#3728 = VECTOR('',#3729,1.);
#3729 = DIRECTION('',(-0.655654995826,-0.,-0.755060611109));
#3730 = ORIENTED_EDGE('',*,*,#3731,.F.);
#3731 = EDGE_CURVE('',#3732,#3724,#3734,.T.);
#3732 = VERTEX_POINT('',#3733);
#3733 = CARTESIAN_POINT('',(-48.02341360862,175.,-2.297564147492));
#3734 = LINE('',#3735,#3736);
#3735 = CARTESIAN_POINT('',(-39.04117792002,175.,-31.67713326939));
#3736 = VECTOR('',#3737,1.);
#3737 = DIRECTION('',(0.292371704723,0.,-0.956304755963));
#3738 = ORIENTED_EDGE('',*,*,#3739,.F.);
#3739 = EDGE_CURVE('',#3707,#3732,#3740,.T.);
#3740 = LINE('',#3741,#3742);
#3741 = CARTESIAN_POINT('',(-65.91938709584,175.,-20.19353763471));
#3742 = VECTOR('',#3743,1.);
#3743 = DIRECTION('',(-0.707106781187,-0.,-0.707106781187));
#3744 = PLANE('',#3745);
#3745 = AXIS2_PLACEMENT_3D('',#3746,#3747,#3748);
#3746 = CARTESIAN_POINT('',(-56.,175.,-71.5));
#3747 = DIRECTION('',(0.,-1.,0.));
#3748 = DIRECTION('',(0.,0.,1.));
#3749 = ADVANCED_FACE('',(#3750),#3817,.T.);
#3750 = FACE_BOUND('',#3751,.T.);
#3751 = EDGE_LOOP('',(#3752,#3760,#3761,#3762,#3771,#3779,#3787,#3795,
    #3803,#3811));
#3752 = ORIENTED_EDGE('',*,*,#3753,.F.);
#3753 = EDGE_CURVE('',#1600,#3754,#3756,.T.);
#3754 = VERTEX_POINT('',#3755);
#3755 = CARTESIAN_POINT('',(48.999999999941,204.7,-4.440892098501E-16));
#3756 = LINE('',#3757,#3758);
#3757 = CARTESIAN_POINT('',(-26.39089980626,204.7,-4.440892098501E-16));
#3758 = VECTOR('',#3759,1.);
#3759 = DIRECTION('',(-1.,0.,0.));
#3760 = ORIENTED_EDGE('',*,*,#1608,.T.);
#3761 = ORIENTED_EDGE('',*,*,#1570,.T.);
#3762 = ORIENTED_EDGE('',*,*,#3763,.T.);
#3763 = EDGE_CURVE('',#1563,#3764,#3766,.T.);
#3764 = VERTEX_POINT('',#3765);
#3765 = CARTESIAN_POINT('',(-47.24274796482,203.1831014963,
    -1.516898503694));
#3766 = ELLIPSE('',#3767,5.915325856343,4.);
#3767 = AXIS2_PLACEMENT_3D('',#3768,#3769,#3770);
#3768 = CARTESIAN_POINT('',(-44.87938618478,205.8,1.1));
#3769 = DIRECTION('',(1.273165103817E-17,0.707106781187,-0.707106781187)
  );
#3770 = DIRECTION('',(-0.396861694172,0.649038055779,0.649038055779));
#3771 = ORIENTED_EDGE('',*,*,#3772,.F.);
#3772 = EDGE_CURVE('',#3773,#3764,#3775,.T.);
#3773 = VERTEX_POINT('',#3774);
#3774 = CARTESIAN_POINT('',(-45.72584946113,204.7,-4.440892098501E-16));
#3775 = LINE('',#3776,#3777);
#3776 = CARTESIAN_POINT('',(-34.57154121761,215.85430824352,
    11.154308243522));
#3777 = VECTOR('',#3778,1.);
#3778 = DIRECTION('',(-0.57735026919,-0.57735026919,-0.57735026919));
#3779 = ORIENTED_EDGE('',*,*,#3780,.F.);
#3780 = EDGE_CURVE('',#3781,#3773,#3783,.T.);
#3781 = VERTEX_POINT('',#3782);
#3782 = CARTESIAN_POINT('',(46.599999999941,204.7,-4.440892098501E-16));
#3783 = LINE('',#3784,#3785);
#3784 = CARTESIAN_POINT('',(-26.39089980626,204.7,-4.440892098501E-16));
#3785 = VECTOR('',#3786,1.);
#3786 = DIRECTION('',(-1.,0.,0.));
#3787 = ORIENTED_EDGE('',*,*,#3788,.F.);
#3788 = EDGE_CURVE('',#3789,#3781,#3791,.T.);
#3789 = VERTEX_POINT('',#3790);
#3790 = CARTESIAN_POINT('',(46.599999999941,203.7,-1.));
#3791 = LINE('',#3792,#3793);
#3792 = CARTESIAN_POINT('',(46.599999999941,223.125,18.425));
#3793 = VECTOR('',#3794,1.);
#3794 = DIRECTION('',(0.,0.707106781187,0.707106781187));
#3795 = ORIENTED_EDGE('',*,*,#3796,.F.);
#3796 = EDGE_CURVE('',#3797,#3789,#3799,.T.);
#3797 = VERTEX_POINT('',#3798);
#3798 = CARTESIAN_POINT('',(48.399999999941,203.7,-1.));
#3799 = LINE('',#3800,#3801);
#3800 = CARTESIAN_POINT('',(-2.55000000003,203.7,-1.));
#3801 = VECTOR('',#3802,1.);
#3802 = DIRECTION('',(-1.,0.,0.));
#3803 = ORIENTED_EDGE('',*,*,#3804,.F.);
#3804 = EDGE_CURVE('',#3805,#3797,#3807,.T.);
#3805 = VERTEX_POINT('',#3806);
#3806 = CARTESIAN_POINT('',(48.999999999941,204.3,-0.4));
#3807 = LINE('',#3808,#3809);
#3808 = CARTESIAN_POINT('',(44.566666666617,199.86666666667,
    -4.833333333323));
#3809 = VECTOR('',#3810,1.);
#3810 = DIRECTION('',(-0.57735026919,-0.57735026919,-0.57735026919));
#3811 = ORIENTED_EDGE('',*,*,#3812,.F.);
#3812 = EDGE_CURVE('',#3754,#3805,#3813,.T.);
#3813 = LINE('',#3814,#3815);
#3814 = CARTESIAN_POINT('',(48.999999999941,223.5,18.8));
#3815 = VECTOR('',#3816,1.);
#3816 = DIRECTION('',(0.,-0.707106781187,-0.707106781187));
#3817 = PLANE('',#3818);
#3818 = AXIS2_PLACEMENT_3D('',#3819,#3820,#3821);
#3819 = CARTESIAN_POINT('',(-53.5,204.8,0.1));
#3820 = DIRECTION('',(0.,0.707106781187,-0.707106781187));
#3821 = DIRECTION('',(0.,-0.707106781187,-0.707106781187));
#3822 = ADVANCED_FACE('',(#3823),#3851,.F.);
#3823 = FACE_BOUND('',#3824,.T.);
#3824 = EDGE_LOOP('',(#3825,#3826,#3835,#3843,#3850));
#3825 = ORIENTED_EDGE('',*,*,#1562,.F.);
#3826 = ORIENTED_EDGE('',*,*,#3827,.T.);
#3827 = EDGE_CURVE('',#1555,#3828,#3830,.T.);
#3828 = VERTEX_POINT('',#3829);
#3829 = CARTESIAN_POINT('',(-43.52842787633,205.8,-17.));
#3830 = ELLIPSE('',#3831,4.5727381155,4.);
#3831 = AXIS2_PLACEMENT_3D('',#3832,#3833,#3834);
#3832 = CARTESIAN_POINT('',(-39.05536079409,205.8,-17.94952869926));
#3833 = DIRECTION('',(-0.207649918994,0.,-0.978203205444));
#3834 = DIRECTION('',(-0.978203205444,0.,0.207649918994));
#3835 = ORIENTED_EDGE('',*,*,#3836,.T.);
#3836 = EDGE_CURVE('',#3828,#3837,#3839,.T.);
#3837 = VERTEX_POINT('',#3838);
#3838 = CARTESIAN_POINT('',(-48.02341360862,205.8,-2.297564147492));
#3839 = LINE('',#3840,#3841);
#3840 = CARTESIAN_POINT('',(-43.52842787633,205.8,-17.));
#3841 = VECTOR('',#3842,1.);
#3842 = DIRECTION('',(-0.292371704723,0.,0.956304755963));
#3843 = ORIENTED_EDGE('',*,*,#3844,.F.);
#3844 = EDGE_CURVE('',#3764,#3837,#3845,.T.);
#3845 = ELLIPSE('',#3846,4.530280202756,4.);
#3846 = AXIS2_PLACEMENT_3D('',#3847,#3848,#3849);
#3847 = CARTESIAN_POINT('',(-44.82002175658,205.8,0.905827704552));
#3848 = DIRECTION('',(0.707106781187,-1.570092458684E-16,-0.707106781187
    ));
#3849 = DIRECTION('',(0.707106781187,-2.952914440087E-16,0.707106781187)
  );
#3850 = ORIENTED_EDGE('',*,*,#3763,.F.);
#3851 = CYLINDRICAL_SURFACE('',#3852,4.);
#3852 = AXIS2_PLACEMENT_3D('',#3853,#3854,#3855);
#3853 = CARTESIAN_POINT('',(-39.70320885248,205.8,-15.8305131811));
#3854 = DIRECTION('',(-0.292371704723,0.,0.956304755963));
#3855 = DIRECTION('',(0.,-1.,0.));
#3856 = ADVANCED_FACE('',(#3857),#3868,.F.);
#3857 = FACE_BOUND('',#3858,.T.);
#3858 = EDGE_LOOP('',(#3859,#3860,#3866,#3867));
#3859 = ORIENTED_EDGE('',*,*,#3664,.T.);
#3860 = ORIENTED_EDGE('',*,*,#3861,.T.);
#3861 = EDGE_CURVE('',#3641,#3828,#3862,.T.);
#3862 = LINE('',#3863,#3864);
#3863 = CARTESIAN_POINT('',(-45.47320907144,205.8,-19.2396346966));
#3864 = VECTOR('',#3865,1.);
#3865 = DIRECTION('',(0.655654995826,0.,0.755060611109));
#3866 = ORIENTED_EDGE('',*,*,#3827,.F.);
#3867 = ORIENTED_EDGE('',*,*,#1554,.F.);
#3868 = CYLINDRICAL_SURFACE('',#3869,4.);
#3869 = AXIS2_PLACEMENT_3D('',#3870,#3871,#3872);
#3870 = CARTESIAN_POINT('',(-42.45296662701,205.8,-21.8622546799));
#3871 = DIRECTION('',(0.655654995826,0.,0.755060611109));
#3872 = DIRECTION('',(0.,-1.,0.));
#3873 = ADVANCED_FACE('',(#3874),#3894,.F.);
#3874 = FACE_BOUND('',#3875,.F.);
#3875 = EDGE_LOOP('',(#3876,#3877,#3878,#3879,#3880,#3888));
#3876 = ORIENTED_EDGE('',*,*,#3753,.F.);
#3877 = ORIENTED_EDGE('',*,*,#1599,.F.);
#3878 = ORIENTED_EDGE('',*,*,#1679,.F.);
#3879 = ORIENTED_EDGE('',*,*,#1696,.T.);
#3880 = ORIENTED_EDGE('',*,*,#3881,.T.);
#3881 = EDGE_CURVE('',#1697,#3882,#3884,.T.);
#3882 = VERTEX_POINT('',#3883);
#3883 = CARTESIAN_POINT('',(48.999999999941,275.3,-4.440892098501E-16));
#3884 = LINE('',#3885,#3886);
#3885 = CARTESIAN_POINT('',(-26.39089980626,275.3,-4.440892098501E-16));
#3886 = VECTOR('',#3887,1.);
#3887 = DIRECTION('',(-1.,0.,0.));
#3888 = ORIENTED_EDGE('',*,*,#3889,.F.);
#3889 = EDGE_CURVE('',#3754,#3882,#3890,.T.);
#3890 = LINE('',#3891,#3892);
#3891 = CARTESIAN_POINT('',(48.999999999941,259.6,-4.440892098501E-16));
#3892 = VECTOR('',#3893,1.);
#3893 = DIRECTION('',(0.,1.,0.));
#3894 = PLANE('',#3895);
#3895 = AXIS2_PLACEMENT_3D('',#3896,#3897,#3898);
#3896 = CARTESIAN_POINT('',(0.718200387462,240.,-4.440892098501E-16));
#3897 = DIRECTION('',(0.,0.,1.));
#3898 = DIRECTION('',(1.,0.,0.));
#3899 = ADVANCED_FACE('',(#3900),#3960,.F.);
#3900 = FACE_BOUND('',#3901,.F.);
#3901 = EDGE_LOOP('',(#3902,#3903,#3904,#3905,#3914,#3922,#3930,#3938,
    #3946,#3954));
#3902 = ORIENTED_EDGE('',*,*,#3881,.F.);
#3903 = ORIENTED_EDGE('',*,*,#1705,.T.);
#3904 = ORIENTED_EDGE('',*,*,#1807,.F.);
#3905 = ORIENTED_EDGE('',*,*,#3906,.T.);
#3906 = EDGE_CURVE('',#1800,#3907,#3909,.T.);
#3907 = VERTEX_POINT('',#3908);
#3908 = CARTESIAN_POINT('',(-47.24274796482,276.81689850369,
    -1.516898503694));
#3909 = ELLIPSE('',#3910,5.915325856343,4.);
#3910 = AXIS2_PLACEMENT_3D('',#3911,#3912,#3913);
#3911 = CARTESIAN_POINT('',(-44.87938618478,274.2,1.1));
#3912 = DIRECTION('',(-3.561385464259E-17,0.707106781187,0.707106781187)
  );
#3913 = DIRECTION('',(-0.396861694172,-0.649038055779,0.649038055779));
#3914 = ORIENTED_EDGE('',*,*,#3915,.F.);
#3915 = EDGE_CURVE('',#3916,#3907,#3918,.T.);
#3916 = VERTEX_POINT('',#3917);
#3917 = CARTESIAN_POINT('',(-45.72584946113,275.3,-4.440892098501E-16));
#3918 = LINE('',#3919,#3920);
#3919 = CARTESIAN_POINT('',(-47.30487455094,276.87902508981,
    -1.579025089811));
#3920 = VECTOR('',#3921,1.);
#3921 = DIRECTION('',(-0.57735026919,0.57735026919,-0.57735026919));
#3922 = ORIENTED_EDGE('',*,*,#3923,.F.);
#3923 = EDGE_CURVE('',#3924,#3916,#3926,.T.);
#3924 = VERTEX_POINT('',#3925);
#3925 = CARTESIAN_POINT('',(46.599999999941,275.3,-4.440892098501E-16));
#3926 = LINE('',#3927,#3928);
#3927 = CARTESIAN_POINT('',(-26.39089980626,275.3,-4.440892098501E-16));
#3928 = VECTOR('',#3929,1.);
#3929 = DIRECTION('',(-1.,0.,0.));
#3930 = ORIENTED_EDGE('',*,*,#3931,.F.);
#3931 = EDGE_CURVE('',#3932,#3924,#3934,.T.);
#3932 = VERTEX_POINT('',#3933);
#3933 = CARTESIAN_POINT('',(46.599999999941,276.3,-1.));
#3934 = LINE('',#3935,#3936);
#3935 = CARTESIAN_POINT('',(46.599999999941,276.475,-1.175));
#3936 = VECTOR('',#3937,1.);
#3937 = DIRECTION('',(0.,-0.707106781187,0.707106781187));
#3938 = ORIENTED_EDGE('',*,*,#3939,.F.);
#3939 = EDGE_CURVE('',#3940,#3932,#3942,.T.);
#3940 = VERTEX_POINT('',#3941);
#3941 = CARTESIAN_POINT('',(48.399999999941,276.3,-1.));
#3942 = LINE('',#3943,#3944);
#3943 = CARTESIAN_POINT('',(-2.55000000003,276.3,-1.));
#3944 = VECTOR('',#3945,1.);
#3945 = DIRECTION('',(-1.,0.,0.));
#3946 = ORIENTED_EDGE('',*,*,#3947,.F.);
#3947 = EDGE_CURVE('',#3948,#3940,#3950,.T.);
#3948 = VERTEX_POINT('',#3949);
#3949 = CARTESIAN_POINT('',(48.999999999941,275.7,-0.4));
#3950 = LINE('',#3951,#3952);
#3951 = CARTESIAN_POINT('',(31.499999999951,293.19999999999,
    -17.89999999999));
#3952 = VECTOR('',#3953,1.);
#3953 = DIRECTION('',(-0.57735026919,0.57735026919,-0.57735026919));
#3954 = ORIENTED_EDGE('',*,*,#3955,.F.);
#3955 = EDGE_CURVE('',#3882,#3948,#3956,.T.);
#3956 = LINE('',#3957,#3958);
#3957 = CARTESIAN_POINT('',(48.999999999941,276.1,-0.8));
#3958 = VECTOR('',#3959,1.);
#3959 = DIRECTION('',(0.,0.707106781187,-0.707106781187));
#3960 = PLANE('',#3961);
#3961 = AXIS2_PLACEMENT_3D('',#3962,#3963,#3964);
#3962 = CARTESIAN_POINT('',(-53.5,275.2,0.1));
#3963 = DIRECTION('',(0.,0.707106781187,0.707106781187));
#3964 = DIRECTION('',(0.,0.707106781187,-0.707106781187));
#3965 = ADVANCED_FACE('',(#3966),#3994,.F.);
#3966 = FACE_BOUND('',#3967,.T.);
#3967 = EDGE_LOOP('',(#3968,#3978,#3985,#3986,#3987));
#3968 = ORIENTED_EDGE('',*,*,#3969,.F.);
#3969 = EDGE_CURVE('',#3970,#3972,#3974,.T.);
#3970 = VERTEX_POINT('',#3971);
#3971 = CARTESIAN_POINT('',(-43.52842787633,274.2,-17.));
#3972 = VERTEX_POINT('',#3973);
#3973 = CARTESIAN_POINT('',(-48.02341360862,274.2,-2.297564147492));
#3974 = LINE('',#3975,#3976);
#3975 = CARTESIAN_POINT('',(-43.52842787633,274.2,-17.));
#3976 = VECTOR('',#3977,1.);
#3977 = DIRECTION('',(-0.292371704723,-4.246846234515E-16,0.956304755963
    ));
#3978 = ORIENTED_EDGE('',*,*,#3979,.T.);
#3979 = EDGE_CURVE('',#3970,#1792,#3980,.T.);
#3980 = ELLIPSE('',#3981,4.5727381155,4.);
#3981 = AXIS2_PLACEMENT_3D('',#3982,#3983,#3984);
#3982 = CARTESIAN_POINT('',(-39.05536079409,274.2,-17.94952869926));
#3983 = DIRECTION('',(-0.207649918994,4.344094885786E-16,-0.978203205444
    ));
#3984 = DIRECTION('',(-0.978203205444,-9.221508845158E-17,0.207649918994
    ));
#3985 = ORIENTED_EDGE('',*,*,#1799,.T.);
#3986 = ORIENTED_EDGE('',*,*,#3906,.T.);
#3987 = ORIENTED_EDGE('',*,*,#3988,.F.);
#3988 = EDGE_CURVE('',#3972,#3907,#3989,.T.);
#3989 = ELLIPSE('',#3990,4.530280202756,4.);
#3990 = AXIS2_PLACEMENT_3D('',#3991,#3992,#3993);
#3991 = CARTESIAN_POINT('',(-44.82002175658,274.2,0.905827704552));
#3992 = DIRECTION('',(0.707106781187,-1.570092458684E-16,-0.707106781187
    ));
#3993 = DIRECTION('',(0.707106781187,-1.199892823763E-15,0.707106781187)
  );
#3994 = CYLINDRICAL_SURFACE('',#3995,4.);
#3995 = AXIS2_PLACEMENT_3D('',#3996,#3997,#3998);
#3996 = CARTESIAN_POINT('',(-39.70320885248,274.2,-15.8305131811));
#3997 = DIRECTION('',(-0.292371704723,-4.246846234515E-16,0.956304755963
    ));
#3998 = DIRECTION('',(-0.956304755963,-6.491955966642E-17,
    -0.292371704723));
#3999 = ADVANCED_FACE('',(#4000),#4019,.F.);
#4000 = FACE_BOUND('',#4001,.T.);
#4001 = EDGE_LOOP('',(#4002,#4011,#4012,#4013));
#4002 = ORIENTED_EDGE('',*,*,#4003,.T.);
#4003 = EDGE_CURVE('',#4004,#1784,#4006,.T.);
#4004 = VERTEX_POINT('',#4005);
#4005 = CARTESIAN_POINT('',(-45.47320907144,274.2,-19.2396346966));
#4006 = ELLIPSE('',#4007,4.386580936551,4.);
#4007 = AXIS2_PLACEMENT_3D('',#4008,#4009,#4010);
#4008 = CARTESIAN_POINT('',(-41.27240663063,274.2,-20.50270681099));
#4009 = DIRECTION('',(-0.287939999892,4.252813440949E-16,-0.957648451397
    ));
#4010 = DIRECTION('',(0.957648451397,1.278710470361E-16,-0.287939999892)
  );
#4011 = ORIENTED_EDGE('',*,*,#1791,.T.);
#4012 = ORIENTED_EDGE('',*,*,#3979,.F.);
#4013 = ORIENTED_EDGE('',*,*,#4014,.F.);
#4014 = EDGE_CURVE('',#4004,#3970,#4015,.T.);
#4015 = LINE('',#4016,#4017);
#4016 = CARTESIAN_POINT('',(-45.47320907144,274.2,-19.2396346966));
#4017 = VECTOR('',#4018,1.);
#4018 = DIRECTION('',(0.655654995826,-3.353142701762E-16,0.755060611109)
  );
#4019 = CYLINDRICAL_SURFACE('',#4020,4.);
#4020 = AXIS2_PLACEMENT_3D('',#4021,#4022,#4023);
#4021 = CARTESIAN_POINT('',(-42.45296662701,274.2,-21.8622546799));
#4022 = DIRECTION('',(0.655654995826,-3.353142701762E-16,0.755060611109)
  );
#4023 = DIRECTION('',(-0.755060611109,1.455846545154E-16,0.655654995826)
  );
#4024 = ADVANCED_FACE('',(#4025),#4036,.F.);
#4025 = FACE_BOUND('',#4026,.T.);
#4026 = EDGE_LOOP('',(#4027,#4028,#4029,#4030));
#4027 = ORIENTED_EDGE('',*,*,#1824,.T.);
#4028 = ORIENTED_EDGE('',*,*,#1783,.T.);
#4029 = ORIENTED_EDGE('',*,*,#4003,.F.);
#4030 = ORIENTED_EDGE('',*,*,#4031,.F.);
#4031 = EDGE_CURVE('',#1825,#4004,#4032,.T.);
#4032 = LINE('',#4033,#4034);
#4033 = CARTESIAN_POINT('',(-38.72465395201,274.2,-70.5));
#4034 = VECTOR('',#4035,1.);
#4035 = DIRECTION('',(-0.13052619222,-4.402899650974E-16,0.991444861374)
  );
#4036 = CYLINDRICAL_SURFACE('',#4037,4.);
#4037 = AXIS2_PLACEMENT_3D('',#4038,#4039,#4040);
#4038 = CARTESIAN_POINT('',(-34.75887450651,274.2,-69.97789523112));
#4039 = DIRECTION('',(-0.13052619222,-4.402899650974E-16,0.991444861374)
  );
#4040 = DIRECTION('',(-0.991444861374,-2.898263678387E-17,-0.13052619222
    ));
#4041 = ADVANCED_FACE('',(#4042),#4060,.T.);
#4042 = FACE_BOUND('',#4043,.T.);
#4043 = EDGE_LOOP('',(#4044,#4052,#4053,#4054));
#4044 = ORIENTED_EDGE('',*,*,#4045,.F.);
#4045 = EDGE_CURVE('',#1891,#4046,#4048,.T.);
#4046 = VERTEX_POINT('',#4047);
#4047 = CARTESIAN_POINT('',(-49.80257841525,255.,-17.));
#4048 = LINE('',#4049,#4050);
#4049 = CARTESIAN_POINT('',(-49.80257841525,281.8,-17.));
#4050 = VECTOR('',#4051,1.);
#4051 = DIRECTION('',(0.,-1.,2.22044604925E-16));
#4052 = ORIENTED_EDGE('',*,*,#1890,.F.);
#4053 = ORIENTED_EDGE('',*,*,#1849,.T.);
#4054 = ORIENTED_EDGE('',*,*,#4055,.T.);
#4055 = EDGE_CURVE('',#1842,#4046,#4056,.T.);
#4056 = LINE('',#4057,#4058);
#4057 = CARTESIAN_POINT('',(-44.56810977541,255.,-56.75973669902));
#4058 = VECTOR('',#4059,1.);
#4059 = DIRECTION('',(-0.13052619222,0.,0.991444861374));
#4060 = PLANE('',#4061);
#4061 = AXIS2_PLACEMENT_3D('',#4062,#4063,#4064);
#4062 = CARTESIAN_POINT('',(-46.28087410479,240.,-43.75));
#4063 = DIRECTION('',(-0.991444861374,-0.,-0.13052619222));
#4064 = DIRECTION('',(0.13052619222,0.,-0.991444861374));
#4065 = ADVANCED_FACE('',(#4066),#4116,.T.);
#4066 = FACE_BOUND('',#4067,.T.);
#4067 = EDGE_LOOP('',(#4068,#4078,#4084,#4085,#4086,#4094,#4102,#4110));
#4068 = ORIENTED_EDGE('',*,*,#4069,.F.);
#4069 = EDGE_CURVE('',#4070,#4072,#4074,.T.);
#4070 = VERTEX_POINT('',#4071);
#4071 = CARTESIAN_POINT('',(-54.38853863709,255.,-2.));
#4072 = VERTEX_POINT('',#4073);
#4073 = CARTESIAN_POINT('',(-47.72584946113,255.,-2.));
#4074 = LINE('',#4075,#4076);
#4075 = CARTESIAN_POINT('',(-56.,255.,-2.));
#4076 = VECTOR('',#4077,1.);
#4077 = DIRECTION('',(1.,0.,0.));
#4078 = ORIENTED_EDGE('',*,*,#4079,.F.);
#4079 = EDGE_CURVE('',#4046,#4070,#4080,.T.);
#4080 = LINE('',#4081,#4082);
#4081 = CARTESIAN_POINT('',(-43.74781206121,255.,-36.8042483836));
#4082 = VECTOR('',#4083,1.);
#4083 = DIRECTION('',(-0.29237170472,0.,0.956304755964));
#4084 = ORIENTED_EDGE('',*,*,#4055,.F.);
#4085 = ORIENTED_EDGE('',*,*,#1841,.F.);
#4086 = ORIENTED_EDGE('',*,*,#4087,.F.);
#4087 = EDGE_CURVE('',#4088,#1834,#4090,.T.);
#4088 = VERTEX_POINT('',#4089);
#4089 = CARTESIAN_POINT('',(-45.47320907144,255.,-19.2396346966));
#4090 = LINE('',#4091,#4092);
#4091 = CARTESIAN_POINT('',(-42.18138753599,255.,-44.24350166288));
#4092 = VECTOR('',#4093,1.);
#4093 = DIRECTION('',(0.13052619222,0.,-0.991444861374));
#4094 = ORIENTED_EDGE('',*,*,#4095,.F.);
#4095 = EDGE_CURVE('',#4096,#4088,#4098,.T.);
#4096 = VERTEX_POINT('',#4097);
#4097 = CARTESIAN_POINT('',(-43.52842787633,255.,-17.));
#4098 = LINE('',#4099,#4100);
#4099 = CARTESIAN_POINT('',(-59.69945413366,255.,-35.62275899037));
#4100 = VECTOR('',#4101,1.);
#4101 = DIRECTION('',(-0.655654995826,-0.,-0.755060611109));
#4102 = ORIENTED_EDGE('',*,*,#4103,.F.);
#4103 = EDGE_CURVE('',#4104,#4096,#4106,.T.);
#4104 = VERTEX_POINT('',#4105);
#4105 = CARTESIAN_POINT('',(-48.02341360862,255.,-2.297564147492));
#4106 = LINE('',#4107,#4108);
#4107 = CARTESIAN_POINT('',(-39.04117792002,255.,-31.67713326939));
#4108 = VECTOR('',#4109,1.);
#4109 = DIRECTION('',(0.292371704723,0.,-0.956304755963));
#4110 = ORIENTED_EDGE('',*,*,#4111,.F.);
#4111 = EDGE_CURVE('',#4072,#4104,#4112,.T.);
#4112 = LINE('',#4113,#4114);
#4113 = CARTESIAN_POINT('',(-65.91938709584,255.,-20.19353763471));
#4114 = VECTOR('',#4115,1.);
#4115 = DIRECTION('',(-0.707106781187,-0.,-0.707106781187));
#4116 = PLANE('',#4117);
#4117 = AXIS2_PLACEMENT_3D('',#4118,#4119,#4120);
#4118 = CARTESIAN_POINT('',(-56.,255.,-71.5));
#4119 = DIRECTION('',(0.,-1.,0.));
#4120 = DIRECTION('',(0.,0.,1.));
#4121 = ADVANCED_FACE('',(#4122),#4133,.T.);
#4122 = FACE_BOUND('',#4123,.T.);
#4123 = EDGE_LOOP('',(#4124,#4125,#4126,#4132));
#4124 = ORIENTED_EDGE('',*,*,#1833,.F.);
#4125 = ORIENTED_EDGE('',*,*,#4031,.T.);
#4126 = ORIENTED_EDGE('',*,*,#4127,.T.);
#4127 = EDGE_CURVE('',#4004,#4088,#4128,.T.);
#4128 = LINE('',#4129,#4130);
#4129 = CARTESIAN_POINT('',(-45.47320907144,281.8,-19.2396346966));
#4130 = VECTOR('',#4131,1.);
#4131 = DIRECTION('',(0.,-1.,2.22044604925E-16));
#4132 = ORIENTED_EDGE('',*,*,#4087,.T.);
#4133 = PLANE('',#4134);
#4134 = AXIS2_PLACEMENT_3D('',#4135,#4136,#4137);
#4135 = CARTESIAN_POINT('',(-45.47320907144,281.8,-19.2396346966));
#4136 = DIRECTION('',(0.991444861374,2.898263678387E-17,0.13052619222));
#4137 = DIRECTION('',(0.13052619222,-2.201449825487E-16,-0.991444861374)
  );
#4138 = ADVANCED_FACE('',(#4139),#4162,.T.);
#4139 = FACE_BOUND('',#4140,.T.);
#4140 = EDGE_LOOP('',(#4141,#4142,#4149,#4157));
#4141 = ORIENTED_EDGE('',*,*,#1872,.T.);
#4142 = ORIENTED_EDGE('',*,*,#4143,.T.);
#4143 = EDGE_CURVE('',#1875,#4144,#4146,.T.);
#4144 = VERTEX_POINT('',#4145);
#4145 = CARTESIAN_POINT('',(-54.5,281.4752962034,3.));
#4146 = B_SPLINE_CURVE_WITH_KNOTS('',1,(#4147,#4148),.UNSPECIFIED.,.F.,
  .F.,(2,2),(0.,1.),.PIECEWISE_BEZIER_KNOTS.);
#4147 = CARTESIAN_POINT('',(-54.5,281.8,2.5));
#4148 = CARTESIAN_POINT('',(-54.5,281.4752962034,3.));
#4149 = ORIENTED_EDGE('',*,*,#4150,.F.);
#4150 = EDGE_CURVE('',#4151,#4144,#4153,.T.);
#4151 = VERTEX_POINT('',#4152);
#4152 = CARTESIAN_POINT('',(54.500000000003,281.4752962034,3.));
#4153 = LINE('',#4154,#4155);
#4154 = CARTESIAN_POINT('',(54.500000000003,281.4752962034,3.));
#4155 = VECTOR('',#4156,1.);
#4156 = DIRECTION('',(-1.,0.,0.));
#4157 = ORIENTED_EDGE('',*,*,#4158,.F.);
#4158 = EDGE_CURVE('',#1873,#4151,#4159,.T.);
#4159 = B_SPLINE_CURVE_WITH_KNOTS('',1,(#4160,#4161),.UNSPECIFIED.,.F.,
  .F.,(2,2),(0.,1.),.PIECEWISE_BEZIER_KNOTS.);
#4160 = CARTESIAN_POINT('',(54.500000000003,281.8,2.5));
#4161 = CARTESIAN_POINT('',(54.500000000003,281.4752962034,3.));
#4162 = PLANE('',#4163);
#4163 = AXIS2_PLACEMENT_3D('',#4164,#4165,#4166);
#4164 = CARTESIAN_POINT('',(54.500000000003,281.4752962034,3.));
#4165 = DIRECTION('',(0.,0.838670567945,0.544639035015));
#4166 = DIRECTION('',(-1.,0.,0.));
#4167 = ADVANCED_FACE('',(#4168),#4187,.T.);
#4168 = FACE_BOUND('',#4169,.T.);
#4169 = EDGE_LOOP('',(#4170,#4179,#4185,#4186));
#4170 = ORIENTED_EDGE('',*,*,#4171,.F.);
#4171 = EDGE_CURVE('',#4172,#1873,#4174,.T.);
#4172 = VERTEX_POINT('',#4173);
#4173 = CARTESIAN_POINT('',(55.000000000001,281.3,2.5));
#4174 = CIRCLE('',#4175,0.499999999998);
#4175 = AXIS2_PLACEMENT_3D('',#4176,#4177,#4178);
#4176 = CARTESIAN_POINT('',(54.500000000003,281.3,2.5));
#4177 = DIRECTION('',(0.,0.,1.));
#4178 = DIRECTION('',(1.,0.,0.));
#4179 = ORIENTED_EDGE('',*,*,#4180,.F.);
#4180 = EDGE_CURVE('',#1996,#4172,#4181,.T.);
#4181 = LINE('',#4182,#4183);
#4182 = CARTESIAN_POINT('',(55.000000000001,281.3,0.));
#4183 = VECTOR('',#4184,1.);
#4184 = DIRECTION('',(0.,0.,1.));
#4185 = ORIENTED_EDGE('',*,*,#1995,.T.);
#4186 = ORIENTED_EDGE('',*,*,#1882,.F.);
#4187 = CYLINDRICAL_SURFACE('',#4188,0.499999999998);
#4188 = AXIS2_PLACEMENT_3D('',#4189,#4190,#4191);
#4189 = CARTESIAN_POINT('',(54.500000000003,281.3,0.));
#4190 = DIRECTION('',(0.,0.,1.));
#4191 = DIRECTION('',(1.,0.,0.));
#4192 = ADVANCED_FACE('',(#4193,#4244),#4271,.T.);
#4193 = FACE_BOUND('',#4194,.T.);
#4194 = EDGE_LOOP('',(#4195,#4205,#4212,#4213,#4221,#4229,#4235,#4236,
    #4237,#4238));
#4195 = ORIENTED_EDGE('',*,*,#4196,.F.);
#4196 = EDGE_CURVE('',#4197,#4199,#4201,.T.);
#4197 = VERTEX_POINT('',#4198);
#4198 = CARTESIAN_POINT('',(-55.,281.3,0.));
#4199 = VERTEX_POINT('',#4200);
#4200 = CARTESIAN_POINT('',(-55.,253.,-2.029307271514E-17));
#4201 = LINE('',#4202,#4203);
#4202 = CARTESIAN_POINT('',(-55.,281.3,0.));
#4203 = VECTOR('',#4204,1.);
#4204 = DIRECTION('',(0.,-1.,0.));
#4205 = ORIENTED_EDGE('',*,*,#4206,.T.);
#4206 = EDGE_CURVE('',#4197,#1939,#4207,.T.);
#4207 = ELLIPSE('',#4208,1.710151809922,0.499999999998);
#4208 = AXIS2_PLACEMENT_3D('',#4209,#4210,#4211);
#4209 = CARTESIAN_POINT('',(-54.5,281.3,-1.635426309281));
#4210 = DIRECTION('',(-0.956304755964,0.,-0.29237170472));
#4211 = DIRECTION('',(-0.29237170472,0.,0.956304755964));
#4212 = ORIENTED_EDGE('',*,*,#1938,.F.);
#4213 = ORIENTED_EDGE('',*,*,#4214,.F.);
#4214 = EDGE_CURVE('',#4215,#1931,#4217,.T.);
#4215 = VERTEX_POINT('',#4216);
#4216 = CARTESIAN_POINT('',(-51.,281.3,-13.08341047408));
#4217 = LINE('',#4218,#4219);
#4218 = CARTESIAN_POINT('',(-51.,261.15,-13.08341047408));
#4219 = VECTOR('',#4220,1.);
#4220 = DIRECTION('',(0.,1.,0.));
#4221 = ORIENTED_EDGE('',*,*,#4222,.T.);
#4222 = EDGE_CURVE('',#4215,#4223,#4225,.T.);
#4223 = VERTEX_POINT('',#4224);
#4224 = CARTESIAN_POINT('',(-50.41403977817,281.3,-15.));
#4225 = LINE('',#4226,#4227);
#4226 = CARTESIAN_POINT('',(-51.43270878838,281.3,-11.66808380056));
#4227 = VECTOR('',#4228,1.);
#4228 = DIRECTION('',(0.29237170472,0.,-0.956304755964));
#4229 = ORIENTED_EDGE('',*,*,#4230,.T.);
#4230 = EDGE_CURVE('',#4223,#1899,#4231,.T.);
#4231 = LINE('',#4232,#4233);
#4232 = CARTESIAN_POINT('',(-50.41403977817,261.15,-15.));
#4233 = VECTOR('',#4234,1.);
#4234 = DIRECTION('',(0.,1.,0.));
#4235 = ORIENTED_EDGE('',*,*,#1898,.F.);
#4236 = ORIENTED_EDGE('',*,*,#4045,.T.);
#4237 = ORIENTED_EDGE('',*,*,#4079,.T.);
#4238 = ORIENTED_EDGE('',*,*,#4239,.T.);
#4239 = EDGE_CURVE('',#4070,#4199,#4240,.T.);
#4240 = LINE('',#4241,#4242);
#4241 = CARTESIAN_POINT('',(-55.00081965426,252.99731903172,
    2.680968270915E-03));
#4242 = VECTOR('',#4243,1.);
#4243 = DIRECTION('',(-0.211302932279,-0.691140749345,0.691140749345));
#4244 = FACE_BOUND('',#4245,.T.);
#4245 = EDGE_LOOP('',(#4246,#4257,#4265));
#4246 = ORIENTED_EDGE('',*,*,#4247,.F.);
#4247 = EDGE_CURVE('',#4248,#4250,#4252,.T.);
#4248 = VERTEX_POINT('',#4249);
#4249 = CARTESIAN_POINT('',(-51.6088402005,264.19786550256,
    -11.09198390999));
#4250 = VERTEX_POINT('',#4251);
#4251 = CARTESIAN_POINT('',(-51.6088402005,267.80213449743,
    -11.09198390999));
#4252 = CIRCLE('',#4253,2.2);
#4253 = AXIS2_PLACEMENT_3D('',#4254,#4255,#4256);
#4254 = CARTESIAN_POINT('',(-51.97777474557,266.,-9.885253387213));
#4255 = DIRECTION('',(-0.956304755963,-0.,-0.292371704723));
#4256 = DIRECTION('',(0.292371704723,0.,-0.956304755963));
#4257 = ORIENTED_EDGE('',*,*,#4258,.T.);
#4258 = EDGE_CURVE('',#4248,#4259,#4261,.T.);
#4259 = VERTEX_POINT('',#4260);
#4260 = CARTESIAN_POINT('',(-50.85635881977,266.,-13.55323960454));
#4261 = LINE('',#4262,#4263);
#4262 = CARTESIAN_POINT('',(-53.53673840271,259.58069895637,
    -4.786113027072));
#4263 = VECTOR('',#4264,1.);
#4264 = DIRECTION('',(0.239496879614,0.573576436351,-0.783358995811));
#4265 = ORIENTED_EDGE('',*,*,#4266,.T.);
#4266 = EDGE_CURVE('',#4259,#4250,#4267,.T.);
#4267 = LINE('',#4268,#4269);
#4268 = CARTESIAN_POINT('',(-49.58888377747,262.96449565814,
    -17.69896366556));
#4269 = VECTOR('',#4270,1.);
#4270 = DIRECTION('',(-0.239496879614,0.573576436351,0.783358995811));
#4271 = PLANE('',#4272);
#4272 = AXIS2_PLACEMENT_3D('',#4273,#4274,#4275);
#4273 = CARTESIAN_POINT('',(-52.40128920763,240.,-8.5));
#4274 = DIRECTION('',(-0.956304755964,-0.,-0.29237170472));
#4275 = DIRECTION('',(0.29237170472,0.,-0.956304755964));
#4276 = ADVANCED_FACE('',(#4277),#4310,.F.);
#4277 = FACE_BOUND('',#4278,.F.);
#4278 = EDGE_LOOP('',(#4279,#4280,#4288,#4296,#4304));
#4279 = ORIENTED_EDGE('',*,*,#1906,.T.);
#4280 = ORIENTED_EDGE('',*,*,#4281,.F.);
#4281 = EDGE_CURVE('',#4282,#1907,#4284,.T.);
#4282 = VERTEX_POINT('',#4283);
#4283 = CARTESIAN_POINT('',(-45.,283.3,-12.40192378864));
#4284 = LINE('',#4285,#4286);
#4285 = CARTESIAN_POINT('',(-45.,284.00304445662,-11.18421506979));
#4286 = VECTOR('',#4287,1.);
#4287 = DIRECTION('',(0.,-0.5,-0.866025403784));
#4288 = ORIENTED_EDGE('',*,*,#4289,.T.);
#4289 = EDGE_CURVE('',#4282,#4290,#4292,.T.);
#4290 = VERTEX_POINT('',#4291);
#4291 = CARTESIAN_POINT('',(-51.,283.3,-12.40192378864));
#4292 = LINE('',#4293,#4294);
#4293 = CARTESIAN_POINT('',(-22.5,283.3,-12.40192378864));
#4294 = VECTOR('',#4295,1.);
#4295 = DIRECTION('',(-1.,-0.,-0.));
#4296 = ORIENTED_EDGE('',*,*,#4297,.F.);
#4297 = EDGE_CURVE('',#4298,#4290,#4300,.T.);
#4298 = VERTEX_POINT('',#4299);
#4299 = CARTESIAN_POINT('',(-51.,281.8,-15.));
#4300 = LINE('',#4301,#4302);
#4301 = CARTESIAN_POINT('',(-51.,284.00304445662,-11.18421506979));
#4302 = VECTOR('',#4303,1.);
#4303 = DIRECTION('',(0.,0.5,0.866025403784));
#4304 = ORIENTED_EDGE('',*,*,#4305,.F.);
#4305 = EDGE_CURVE('',#1899,#4298,#4306,.T.);
#4306 = LINE('',#4307,#4308);
#4307 = CARTESIAN_POINT('',(0.,281.8,-15.));
#4308 = VECTOR('',#4309,1.);
#4309 = DIRECTION('',(-1.,-0.,-0.));
#4310 = PLANE('',#4311);
#4311 = AXIS2_PLACEMENT_3D('',#4312,#4313,#4314);
#4312 = CARTESIAN_POINT('',(2.709234122579E-15,283.05,-12.83493649053));
#4313 = DIRECTION('',(0.,-0.866025403784,0.5));
#4314 = DIRECTION('',(0.,-0.5,-0.866025403784));
#4315 = ADVANCED_FACE('',(#4316),#4334,.T.);
#4316 = FACE_BOUND('',#4317,.T.);
#4317 = EDGE_LOOP('',(#4318,#4326,#4327,#4328));
#4318 = ORIENTED_EDGE('',*,*,#4319,.F.);
#4319 = EDGE_CURVE('',#1915,#4320,#4322,.T.);
#4320 = VERTEX_POINT('',#4321);
#4321 = CARTESIAN_POINT('',(-45.,283.3,-3.598076211365));
#4322 = LINE('',#4323,#4324);
#4323 = CARTESIAN_POINT('',(-45.,284.00304445661,-4.815784930214));
#4324 = VECTOR('',#4325,1.);
#4325 = DIRECTION('',(0.,0.499999999998,-0.866025403785));
#4326 = ORIENTED_EDGE('',*,*,#1914,.T.);
#4327 = ORIENTED_EDGE('',*,*,#4281,.F.);
#4328 = ORIENTED_EDGE('',*,*,#4329,.T.);
#4329 = EDGE_CURVE('',#4282,#4320,#4330,.T.);
#4330 = LINE('',#4331,#4332);
#4331 = CARTESIAN_POINT('',(-45.,283.3,-15.));
#4332 = VECTOR('',#4333,1.);
#4333 = DIRECTION('',(0.,0.,1.));
#4334 = PLANE('',#4335);
#4335 = AXIS2_PLACEMENT_3D('',#4336,#4337,#4338);
#4336 = CARTESIAN_POINT('',(-45.,282.3,-8.));
#4337 = DIRECTION('',(1.,0.,0.));
#4338 = DIRECTION('',(0.,0.,1.));
#4339 = ADVANCED_FACE('',(#4340),#4358,.F.);
#4340 = FACE_BOUND('',#4341,.F.);
#4341 = EDGE_LOOP('',(#4342,#4343,#4351,#4357));
#4342 = ORIENTED_EDGE('',*,*,#1922,.F.);
#4343 = ORIENTED_EDGE('',*,*,#4344,.F.);
#4344 = EDGE_CURVE('',#4345,#1923,#4347,.T.);
#4345 = VERTEX_POINT('',#4346);
#4346 = CARTESIAN_POINT('',(-51.,283.3,-3.598076211365));
#4347 = LINE('',#4348,#4349);
#4348 = CARTESIAN_POINT('',(-51.,284.00304445661,-4.815784930214));
#4349 = VECTOR('',#4350,1.);
#4350 = DIRECTION('',(0.,-0.499999999998,0.866025403785));
#4351 = ORIENTED_EDGE('',*,*,#4352,.T.);
#4352 = EDGE_CURVE('',#4345,#4320,#4353,.T.);
#4353 = LINE('',#4354,#4355);
#4354 = CARTESIAN_POINT('',(-22.5,283.3,-3.598076211365));
#4355 = VECTOR('',#4356,1.);
#4356 = DIRECTION('',(1.,0.,0.));
#4357 = ORIENTED_EDGE('',*,*,#4319,.F.);
#4358 = PLANE('',#4359);
#4359 = AXIS2_PLACEMENT_3D('',#4360,#4361,#4362);
#4360 = CARTESIAN_POINT('',(0.,283.05,-3.165063509471));
#4361 = DIRECTION('',(-0.,-0.866025403785,-0.499999999998));
#4362 = DIRECTION('',(0.,0.499999999998,-0.866025403785));
#4363 = ADVANCED_FACE('',(#4364),#4390,.T.);
#4364 = FACE_BOUND('',#4365,.T.);
#4365 = EDGE_LOOP('',(#4366,#4372,#4373,#4381,#4387,#4388,#4389));
#4366 = ORIENTED_EDGE('',*,*,#4367,.F.);
#4367 = EDGE_CURVE('',#4290,#4345,#4368,.T.);
#4368 = LINE('',#4369,#4370);
#4369 = CARTESIAN_POINT('',(-51.,283.3,-15.));
#4370 = VECTOR('',#4371,1.);
#4371 = DIRECTION('',(0.,0.,1.));
#4372 = ORIENTED_EDGE('',*,*,#4297,.F.);
#4373 = ORIENTED_EDGE('',*,*,#4374,.T.);
#4374 = EDGE_CURVE('',#4298,#4375,#4377,.T.);
#4375 = VERTEX_POINT('',#4376);
#4376 = CARTESIAN_POINT('',(-51.,281.3,-15.));
#4377 = LINE('',#4378,#4379);
#4378 = CARTESIAN_POINT('',(-51.,281.8,-15.));
#4379 = VECTOR('',#4380,1.);
#4380 = DIRECTION('',(0.,-1.,0.));
#4381 = ORIENTED_EDGE('',*,*,#4382,.T.);
#4382 = EDGE_CURVE('',#4375,#4215,#4383,.T.);
#4383 = LINE('',#4384,#4385);
#4384 = CARTESIAN_POINT('',(-51.,281.3,-15.));
#4385 = VECTOR('',#4386,1.);
#4386 = DIRECTION('',(0.,0.,1.));
#4387 = ORIENTED_EDGE('',*,*,#4214,.T.);
#4388 = ORIENTED_EDGE('',*,*,#1930,.T.);
#4389 = ORIENTED_EDGE('',*,*,#4344,.F.);
#4390 = PLANE('',#4391);
#4391 = AXIS2_PLACEMENT_3D('',#4392,#4393,#4394);
#4392 = CARTESIAN_POINT('',(-51.,282.3,-8.));
#4393 = DIRECTION('',(-1.,-0.,-0.));
#4394 = DIRECTION('',(0.,0.,-1.));
#4395 = ADVANCED_FACE('',(#4396),#4415,.T.);
#4396 = FACE_BOUND('',#4397,.T.);
#4397 = EDGE_LOOP('',(#4398,#4399,#4400,#4408));
#4398 = ORIENTED_EDGE('',*,*,#1946,.F.);
#4399 = ORIENTED_EDGE('',*,*,#4206,.F.);
#4400 = ORIENTED_EDGE('',*,*,#4401,.F.);
#4401 = EDGE_CURVE('',#4402,#4197,#4404,.T.);
#4402 = VERTEX_POINT('',#4403);
#4403 = CARTESIAN_POINT('',(-55.,281.3,2.5));
#4404 = LINE('',#4405,#4406);
#4405 = CARTESIAN_POINT('',(-55.,281.3,2.5));
#4406 = VECTOR('',#4407,1.);
#4407 = DIRECTION('',(-0.,-0.,-1.));
#4408 = ORIENTED_EDGE('',*,*,#4409,.F.);
#4409 = EDGE_CURVE('',#1875,#4402,#4410,.T.);
#4410 = CIRCLE('',#4411,0.499999999998);
#4411 = AXIS2_PLACEMENT_3D('',#4412,#4413,#4414);
#4412 = CARTESIAN_POINT('',(-54.5,281.3,2.5));
#4413 = DIRECTION('',(0.,0.,1.));
#4414 = DIRECTION('',(1.,0.,0.));
#4415 = CYLINDRICAL_SURFACE('',#4416,0.499999999998);
#4416 = AXIS2_PLACEMENT_3D('',#4417,#4418,#4419);
#4417 = CARTESIAN_POINT('',(-54.5,281.3,2.5));
#4418 = DIRECTION('',(0.,0.,1.));
#4419 = DIRECTION('',(1.,0.,0.));
#4420 = ADVANCED_FACE('',(#4421),#4446,.T.);
#4421 = FACE_BOUND('',#4422,.T.);
#4422 = EDGE_LOOP('',(#4423,#4433,#4439,#4440));
#4423 = ORIENTED_EDGE('',*,*,#4424,.F.);
#4424 = EDGE_CURVE('',#4425,#4427,#4429,.T.);
#4425 = VERTEX_POINT('',#4426);
#4426 = CARTESIAN_POINT('',(32.,283.3,-12.40192378864));
#4427 = VERTEX_POINT('',#4428);
#4428 = CARTESIAN_POINT('',(32.,283.3,-3.598076211365));
#4429 = LINE('',#4430,#4431);
#4430 = CARTESIAN_POINT('',(32.,283.3,-15.));
#4431 = VECTOR('',#4432,1.);
#4432 = DIRECTION('',(0.,0.,1.));
#4433 = ORIENTED_EDGE('',*,*,#4434,.F.);
#4434 = EDGE_CURVE('',#1955,#4425,#4435,.T.);
#4435 = LINE('',#4436,#4437);
#4436 = CARTESIAN_POINT('',(32.,284.00304445662,-11.18421506979));
#4437 = VECTOR('',#4438,1.);
#4438 = DIRECTION('',(0.,0.5,0.866025403784));
#4439 = ORIENTED_EDGE('',*,*,#1954,.T.);
#4440 = ORIENTED_EDGE('',*,*,#4441,.F.);
#4441 = EDGE_CURVE('',#4427,#1957,#4442,.T.);
#4442 = LINE('',#4443,#4444);
#4443 = CARTESIAN_POINT('',(32.,284.00304445661,-4.815784930214));
#4444 = VECTOR('',#4445,1.);
#4445 = DIRECTION('',(0.,-0.499999999998,0.866025403785));
#4446 = PLANE('',#4447);
#4447 = AXIS2_PLACEMENT_3D('',#4448,#4449,#4450);
#4448 = CARTESIAN_POINT('',(32.,282.3,-8.));
#4449 = DIRECTION('',(-1.,-0.,-0.));
#4450 = DIRECTION('',(0.,0.,-1.));
#4451 = ADVANCED_FACE('',(#4452),#4470,.F.);
#4452 = FACE_BOUND('',#4453,.F.);
#4453 = EDGE_LOOP('',(#4454,#4455,#4456,#4464));
#4454 = ORIENTED_EDGE('',*,*,#4434,.F.);
#4455 = ORIENTED_EDGE('',*,*,#1964,.T.);
#4456 = ORIENTED_EDGE('',*,*,#4457,.F.);
#4457 = EDGE_CURVE('',#4458,#1965,#4460,.T.);
#4458 = VERTEX_POINT('',#4459);
#4459 = CARTESIAN_POINT('',(38.,283.3,-12.40192378864));
#4460 = LINE('',#4461,#4462);
#4461 = CARTESIAN_POINT('',(38.,284.00304445662,-11.18421506979));
#4462 = VECTOR('',#4463,1.);
#4463 = DIRECTION('',(0.,-0.5,-0.866025403784));
#4464 = ORIENTED_EDGE('',*,*,#4465,.T.);
#4465 = EDGE_CURVE('',#4458,#4425,#4466,.T.);
#4466 = LINE('',#4467,#4468);
#4467 = CARTESIAN_POINT('',(19.,283.3,-12.40192378864));
#4468 = VECTOR('',#4469,1.);
#4469 = DIRECTION('',(-1.,-0.,-0.));
#4470 = PLANE('',#4471);
#4471 = AXIS2_PLACEMENT_3D('',#4472,#4473,#4474);
#4472 = CARTESIAN_POINT('',(2.709234122579E-15,283.05,-12.83493649053));
#4473 = DIRECTION('',(0.,-0.866025403784,0.5));
#4474 = DIRECTION('',(0.,-0.5,-0.866025403784));
#4475 = ADVANCED_FACE('',(#4476),#4494,.T.);
#4476 = FACE_BOUND('',#4477,.T.);
#4477 = EDGE_LOOP('',(#4478,#4486,#4487,#4488));
#4478 = ORIENTED_EDGE('',*,*,#4479,.F.);
#4479 = EDGE_CURVE('',#1973,#4480,#4482,.T.);
#4480 = VERTEX_POINT('',#4481);
#4481 = CARTESIAN_POINT('',(38.,283.3,-3.598076211365));
#4482 = LINE('',#4483,#4484);
#4483 = CARTESIAN_POINT('',(38.,284.00304445661,-4.815784930214));
#4484 = VECTOR('',#4485,1.);
#4485 = DIRECTION('',(0.,0.499999999998,-0.866025403785));
#4486 = ORIENTED_EDGE('',*,*,#1972,.T.);
#4487 = ORIENTED_EDGE('',*,*,#4457,.F.);
#4488 = ORIENTED_EDGE('',*,*,#4489,.T.);
#4489 = EDGE_CURVE('',#4458,#4480,#4490,.T.);
#4490 = LINE('',#4491,#4492);
#4491 = CARTESIAN_POINT('',(38.,283.3,-15.));
#4492 = VECTOR('',#4493,1.);
#4493 = DIRECTION('',(0.,0.,1.));
#4494 = PLANE('',#4495);
#4495 = AXIS2_PLACEMENT_3D('',#4496,#4497,#4498);
#4496 = CARTESIAN_POINT('',(38.,282.3,-8.));
#4497 = DIRECTION('',(1.,0.,0.));
#4498 = DIRECTION('',(0.,0.,1.));
#4499 = ADVANCED_FACE('',(#4500),#4511,.F.);
#4500 = FACE_BOUND('',#4501,.F.);
#4501 = EDGE_LOOP('',(#4502,#4503,#4504,#4510));
#4502 = ORIENTED_EDGE('',*,*,#1980,.F.);
#4503 = ORIENTED_EDGE('',*,*,#4441,.F.);
#4504 = ORIENTED_EDGE('',*,*,#4505,.T.);
#4505 = EDGE_CURVE('',#4427,#4480,#4506,.T.);
#4506 = LINE('',#4507,#4508);
#4507 = CARTESIAN_POINT('',(19.,283.3,-3.598076211365));
#4508 = VECTOR('',#4509,1.);
#4509 = DIRECTION('',(1.,0.,0.));
#4510 = ORIENTED_EDGE('',*,*,#4479,.F.);
#4511 = PLANE('',#4512);
#4512 = AXIS2_PLACEMENT_3D('',#4513,#4514,#4515);
#4513 = CARTESIAN_POINT('',(0.,283.05,-3.165063509471));
#4514 = DIRECTION('',(-0.,-0.866025403785,-0.499999999998));
#4515 = DIRECTION('',(0.,0.499999999998,-0.866025403785));
#4516 = ADVANCED_FACE('',(#4517),#4535,.T.);
#4517 = FACE_BOUND('',#4518,.T.);
#4518 = EDGE_LOOP('',(#4519,#4527,#4533,#4534));
#4519 = ORIENTED_EDGE('',*,*,#4520,.F.);
#4520 = EDGE_CURVE('',#4521,#4172,#4523,.T.);
#4521 = VERTEX_POINT('',#4522);
#4522 = CARTESIAN_POINT('',(55.000000000001,-41.3,2.5));
#4523 = LINE('',#4524,#4525);
#4524 = CARTESIAN_POINT('',(55.000000000001,-41.3,2.5));
#4525 = VECTOR('',#4526,1.);
#4526 = DIRECTION('',(0.,1.,0.));
#4527 = ORIENTED_EDGE('',*,*,#4528,.T.);
#4528 = EDGE_CURVE('',#4521,#2005,#4529,.T.);
#4529 = LINE('',#4530,#4531);
#4530 = CARTESIAN_POINT('',(55.000000000001,-41.3,2.5));
#4531 = VECTOR('',#4532,1.);
#4532 = DIRECTION('',(-0.,-0.,-1.));
#4533 = ORIENTED_EDGE('',*,*,#2004,.F.);
#4534 = ORIENTED_EDGE('',*,*,#4180,.T.);
#4535 = PLANE('',#4536);
#4536 = AXIS2_PLACEMENT_3D('',#4537,#4538,#4539);
#4537 = CARTESIAN_POINT('',(55.000000000026,120.,-3.500000000002));
#4538 = DIRECTION('',(1.,0.,4.239950711926E-12));
#4539 = DIRECTION('',(-4.239950711926E-12,0.,1.));
#4540 = ADVANCED_FACE('',(#4541),#4553,.T.);
#4541 = FACE_BOUND('',#4542,.T.);
#4542 = EDGE_LOOP('',(#4543,#4544,#4545,#4552));
#4543 = ORIENTED_EDGE('',*,*,#2012,.T.);
#4544 = ORIENTED_EDGE('',*,*,#4528,.F.);
#4545 = ORIENTED_EDGE('',*,*,#4546,.F.);
#4546 = EDGE_CURVE('',#2030,#4521,#4547,.T.);
#4547 = CIRCLE('',#4548,0.499999999998);
#4548 = AXIS2_PLACEMENT_3D('',#4549,#4550,#4551);
#4549 = CARTESIAN_POINT('',(54.500000000003,-41.3,2.5));
#4550 = DIRECTION('',(0.,0.,1.));
#4551 = DIRECTION('',(1.,0.,0.));
#4552 = ORIENTED_EDGE('',*,*,#2101,.F.);
#4553 = CYLINDRICAL_SURFACE('',#4554,0.499999999998);
#4554 = AXIS2_PLACEMENT_3D('',#4555,#4556,#4557);
#4555 = CARTESIAN_POINT('',(54.500000000003,-41.3,2.5));
#4556 = DIRECTION('',(0.,0.,1.));
#4557 = DIRECTION('',(1.,0.,0.));
#4558 = ADVANCED_FACE('',(#4559),#4582,.T.);
#4559 = FACE_BOUND('',#4560,.T.);
#4560 = EDGE_LOOP('',(#4561,#4562,#4569,#4577));
#4561 = ORIENTED_EDGE('',*,*,#2027,.T.);
#4562 = ORIENTED_EDGE('',*,*,#4563,.T.);
#4563 = EDGE_CURVE('',#2030,#4564,#4566,.T.);
#4564 = VERTEX_POINT('',#4565);
#4565 = CARTESIAN_POINT('',(54.500000000003,-41.4752962034,3.));
#4566 = B_SPLINE_CURVE_WITH_KNOTS('',1,(#4567,#4568),.UNSPECIFIED.,.F.,
  .F.,(2,2),(0.,1.),.PIECEWISE_BEZIER_KNOTS.);
#4567 = CARTESIAN_POINT('',(54.500000000003,-41.8,2.5));
#4568 = CARTESIAN_POINT('',(54.500000000003,-41.4752962034,3.));
#4569 = ORIENTED_EDGE('',*,*,#4570,.F.);
#4570 = EDGE_CURVE('',#4571,#4564,#4573,.T.);
#4571 = VERTEX_POINT('',#4572);
#4572 = CARTESIAN_POINT('',(-54.5,-41.4752962034,3.));
#4573 = LINE('',#4574,#4575);
#4574 = CARTESIAN_POINT('',(-54.5,-41.4752962034,3.));
#4575 = VECTOR('',#4576,1.);
#4576 = DIRECTION('',(1.,0.,0.));
#4577 = ORIENTED_EDGE('',*,*,#4578,.F.);
#4578 = EDGE_CURVE('',#2028,#4571,#4579,.T.);
#4579 = B_SPLINE_CURVE_WITH_KNOTS('',1,(#4580,#4581),.UNSPECIFIED.,.F.,
  .F.,(2,2),(0.,1.),.PIECEWISE_BEZIER_KNOTS.);
#4580 = CARTESIAN_POINT('',(-54.5,-41.8,2.5));
#4581 = CARTESIAN_POINT('',(-54.5,-41.4752962034,3.));
#4582 = PLANE('',#4583);
#4583 = AXIS2_PLACEMENT_3D('',#4584,#4585,#4586);
#4584 = CARTESIAN_POINT('',(-54.5,-41.4752962034,3.));
#4585 = DIRECTION('',(0.,-0.838670567945,0.544639035015));
#4586 = DIRECTION('',(1.,0.,0.));
#4587 = ADVANCED_FACE('',(#4588),#4615,.T.);
#4588 = FACE_BOUND('',#4589,.T.);
#4589 = EDGE_LOOP('',(#4590,#4599,#4607,#4614));
#4590 = ORIENTED_EDGE('',*,*,#4591,.F.);
#4591 = EDGE_CURVE('',#4592,#2028,#4594,.T.);
#4592 = VERTEX_POINT('',#4593);
#4593 = CARTESIAN_POINT('',(-55.,-41.3,2.5));
#4594 = CIRCLE('',#4595,0.499999999998);
#4595 = AXIS2_PLACEMENT_3D('',#4596,#4597,#4598);
#4596 = CARTESIAN_POINT('',(-54.5,-41.3,2.5));
#4597 = DIRECTION('',(0.,0.,1.));
#4598 = DIRECTION('',(1.,0.,0.));
#4599 = ORIENTED_EDGE('',*,*,#4600,.T.);
#4600 = EDGE_CURVE('',#4592,#4601,#4603,.T.);
#4601 = VERTEX_POINT('',#4602);
#4602 = CARTESIAN_POINT('',(-55.,-41.3,0.));
#4603 = LINE('',#4604,#4605);
#4604 = CARTESIAN_POINT('',(-55.,-41.3,2.5));
#4605 = VECTOR('',#4606,1.);
#4606 = DIRECTION('',(-0.,-0.,-1.));
#4607 = ORIENTED_EDGE('',*,*,#4608,.F.);
#4608 = EDGE_CURVE('',#2038,#4601,#4609,.T.);
#4609 = ELLIPSE('',#4610,1.710151809922,0.499999999998);
#4610 = AXIS2_PLACEMENT_3D('',#4611,#4612,#4613);
#4611 = CARTESIAN_POINT('',(-54.5,-41.3,-1.635426309281));
#4612 = DIRECTION('',(-0.956304755964,0.,-0.29237170472));
#4613 = DIRECTION('',(-0.29237170472,0.,0.956304755964));
#4614 = ORIENTED_EDGE('',*,*,#2037,.F.);
#4615 = CYLINDRICAL_SURFACE('',#4616,0.499999999998);
#4616 = AXIS2_PLACEMENT_3D('',#4617,#4618,#4619);
#4617 = CARTESIAN_POINT('',(-54.5,-41.3,0.));
#4618 = DIRECTION('',(0.,0.,1.));
#4619 = DIRECTION('',(1.,0.,0.));
#4620 = ADVANCED_FACE('',(#4621,#4656),#4683,.T.);
#4621 = FACE_BOUND('',#4622,.T.);
#4622 = EDGE_LOOP('',(#4623,#4631,#4637,#4638,#4639,#4640,#4648,#4654,
    #4655));
#4623 = ORIENTED_EDGE('',*,*,#4624,.F.);
#4624 = EDGE_CURVE('',#4625,#4601,#4627,.T.);
#4625 = VERTEX_POINT('',#4626);
#4626 = CARTESIAN_POINT('',(-55.,-13.,-1.925929944387E-34));
#4627 = LINE('',#4628,#4629);
#4628 = CARTESIAN_POINT('',(-55.,41.300000000003,0.));
#4629 = VECTOR('',#4630,1.);
#4630 = DIRECTION('',(0.,-1.,0.));
#4631 = ORIENTED_EDGE('',*,*,#4632,.T.);
#4632 = EDGE_CURVE('',#4625,#2150,#4633,.T.);
#4633 = LINE('',#4634,#4635);
#4634 = CARTESIAN_POINT('',(-55.29289978817,-12.04196796091,
    0.958032039081));
#4635 = VECTOR('',#4636,1.);
#4636 = DIRECTION('',(0.211302932279,-0.691140749345,-0.691140749345));
#4637 = ORIENTED_EDGE('',*,*,#2149,.T.);
#4638 = ORIENTED_EDGE('',*,*,#2212,.T.);
#4639 = ORIENTED_EDGE('',*,*,#2085,.T.);
#4640 = ORIENTED_EDGE('',*,*,#4641,.T.);
#4641 = EDGE_CURVE('',#2078,#4642,#4644,.T.);
#4642 = VERTEX_POINT('',#4643);
#4643 = CARTESIAN_POINT('',(-50.95,-40.78787790327,-13.24695310501));
#4644 = LINE('',#4645,#4646);
#4645 = CARTESIAN_POINT('',(-54.03078856431,-34.97003162611,
    -3.170147762339));
#4646 = VECTOR('',#4647,1.);
#4647 = DIRECTION('',(-0.255950968079,0.483344882548,0.837177894151));
#4648 = ORIENTED_EDGE('',*,*,#4649,.T.);
#4649 = EDGE_CURVE('',#4642,#2046,#4650,.T.);
#4650 = LINE('',#4651,#4652);
#4651 = CARTESIAN_POINT('',(-50.95,-20.75366357288,-13.24695310501));
#4652 = VECTOR('',#4653,1.);
#4653 = DIRECTION('',(0.,-1.,0.));
#4654 = ORIENTED_EDGE('',*,*,#2045,.T.);
#4655 = ORIENTED_EDGE('',*,*,#4608,.T.);
#4656 = FACE_BOUND('',#4657,.T.);
#4657 = EDGE_LOOP('',(#4658,#4669,#4677));
#4658 = ORIENTED_EDGE('',*,*,#4659,.F.);
#4659 = EDGE_CURVE('',#4660,#4662,#4664,.T.);
#4660 = VERTEX_POINT('',#4661);
#4661 = CARTESIAN_POINT('',(-51.6088402005,-27.80213449743,
    -11.09198390999));
#4662 = VERTEX_POINT('',#4663);
#4663 = CARTESIAN_POINT('',(-51.6088402005,-24.19786550256,
    -11.09198390999));
#4664 = CIRCLE('',#4665,2.2);
#4665 = AXIS2_PLACEMENT_3D('',#4666,#4667,#4668);
#4666 = CARTESIAN_POINT('',(-51.97777474557,-26.,-9.885253387213));
#4667 = DIRECTION('',(-0.956304755963,-0.,-0.292371704723));
#4668 = DIRECTION('',(0.292371704723,0.,-0.956304755963));
#4669 = ORIENTED_EDGE('',*,*,#4670,.T.);
#4670 = EDGE_CURVE('',#4660,#4671,#4673,.T.);
#4671 = VERTEX_POINT('',#4672);
#4672 = CARTESIAN_POINT('',(-50.85635881977,-26.,-13.55323960454));
#4673 = LINE('',#4674,#4675);
#4674 = CARTESIAN_POINT('',(-49.96512446783,-23.86556290686,
    -16.46833581829));
#4675 = VECTOR('',#4676,1.);
#4676 = DIRECTION('',(0.239496879614,0.573576436351,-0.783358995811));
#4677 = ORIENTED_EDGE('',*,*,#4678,.T.);
#4678 = EDGE_CURVE('',#4671,#4662,#4679,.T.);
#4679 = LINE('',#4680,#4681);
#4680 = CARTESIAN_POINT('',(-53.16049771235,-20.48176620509,
    -6.016740874346));
#4681 = VECTOR('',#4682,1.);
#4682 = DIRECTION('',(-0.239496879614,0.573576436351,0.783358995811));
#4683 = PLANE('',#4684);
#4684 = AXIS2_PLACEMENT_3D('',#4685,#4686,#4687);
#4685 = CARTESIAN_POINT('',(-52.40128920763,-3.346764650922E-15,-8.5));
#4686 = DIRECTION('',(-0.956304755964,-0.,-0.29237170472));
#4687 = DIRECTION('',(0.29237170472,0.,-0.956304755964));
#4688 = ADVANCED_FACE('',(#4689),#4715,.T.);
#4689 = FACE_BOUND('',#4690,.T.);
#4690 = EDGE_LOOP('',(#4691,#4699,#4700,#4701,#4709));
#4691 = ORIENTED_EDGE('',*,*,#4692,.F.);
#4692 = EDGE_CURVE('',#2054,#4693,#4695,.T.);
#4693 = VERTEX_POINT('',#4694);
#4694 = CARTESIAN_POINT('',(-50.95,-40.,-1.));
#4695 = LINE('',#4696,#4697);
#4696 = CARTESIAN_POINT('',(-50.95,-42.8,-1.));
#4697 = VECTOR('',#4698,1.);
#4698 = DIRECTION('',(0.,1.,0.));
#4699 = ORIENTED_EDGE('',*,*,#2053,.F.);
#4700 = ORIENTED_EDGE('',*,*,#4649,.F.);
#4701 = ORIENTED_EDGE('',*,*,#4702,.F.);
#4702 = EDGE_CURVE('',#4703,#4642,#4705,.T.);
#4703 = VERTEX_POINT('',#4704);
#4704 = CARTESIAN_POINT('',(-50.95,-40.,-11.88230854637));
#4705 = LINE('',#4706,#4707);
#4706 = CARTESIAN_POINT('',(-50.95,-40.,-11.88230854637));
#4707 = VECTOR('',#4708,1.);
#4708 = DIRECTION('',(0.,-0.5,-0.866025403784));
#4709 = ORIENTED_EDGE('',*,*,#4710,.F.);
#4710 = EDGE_CURVE('',#4693,#4703,#4711,.T.);
#4711 = LINE('',#4712,#4713);
#4712 = CARTESIAN_POINT('',(-50.95,-40.,-1.));
#4713 = VECTOR('',#4714,1.);
#4714 = DIRECTION('',(0.,0.,-1.));
#4715 = PLANE('',#4716);
#4716 = AXIS2_PLACEMENT_3D('',#4717,#4718,#4719);
#4717 = CARTESIAN_POINT('',(-50.95,-41.50732714576,-7.690986015527));
#4718 = DIRECTION('',(1.,0.,0.));
#4719 = DIRECTION('',(0.,0.,1.));
#4720 = ADVANCED_FACE('',(#4721),#4739,.T.);
#4721 = FACE_BOUND('',#4722,.T.);
#4722 = EDGE_LOOP('',(#4723,#4731,#4732,#4733));
#4723 = ORIENTED_EDGE('',*,*,#4724,.F.);
#4724 = EDGE_CURVE('',#2062,#4725,#4727,.T.);
#4725 = VERTEX_POINT('',#4726);
#4726 = CARTESIAN_POINT('',(-45.05,-40.,-1.));
#4727 = LINE('',#4728,#4729);
#4728 = CARTESIAN_POINT('',(-45.05,-42.8,-1.));
#4729 = VECTOR('',#4730,1.);
#4730 = DIRECTION('',(0.,1.,0.));
#4731 = ORIENTED_EDGE('',*,*,#2061,.F.);
#4732 = ORIENTED_EDGE('',*,*,#4692,.T.);
#4733 = ORIENTED_EDGE('',*,*,#4734,.F.);
#4734 = EDGE_CURVE('',#4725,#4693,#4735,.T.);
#4735 = LINE('',#4736,#4737);
#4736 = CARTESIAN_POINT('',(-45.05,-40.,-1.));
#4737 = VECTOR('',#4738,1.);
#4738 = DIRECTION('',(-1.,-0.,-0.));
#4739 = PLANE('',#4740);
#4740 = AXIS2_PLACEMENT_3D('',#4741,#4742,#4743);
#4741 = CARTESIAN_POINT('',(-45.05,-42.8,-1.));
#4742 = DIRECTION('',(0.,0.,-1.));
#4743 = DIRECTION('',(0.,1.,0.));
#4744 = ADVANCED_FACE('',(#4745),#4763,.F.);
#4745 = FACE_BOUND('',#4746,.F.);
#4746 = EDGE_LOOP('',(#4747,#4748,#4749,#4757));
#4747 = ORIENTED_EDGE('',*,*,#4724,.F.);
#4748 = ORIENTED_EDGE('',*,*,#2069,.F.);
#4749 = ORIENTED_EDGE('',*,*,#4750,.F.);
#4750 = EDGE_CURVE('',#4751,#2070,#4753,.T.);
#4751 = VERTEX_POINT('',#4752);
#4752 = CARTESIAN_POINT('',(-45.05,-40.,-11.88230854637));
#4753 = LINE('',#4754,#4755);
#4754 = CARTESIAN_POINT('',(-45.05,-40.,-11.88230854637));
#4755 = VECTOR('',#4756,1.);
#4756 = DIRECTION('',(0.,-0.5,-0.866025403784));
#4757 = ORIENTED_EDGE('',*,*,#4758,.F.);
#4758 = EDGE_CURVE('',#4725,#4751,#4759,.T.);
#4759 = LINE('',#4760,#4761);
#4760 = CARTESIAN_POINT('',(-45.05,-40.,-1.));
#4761 = VECTOR('',#4762,1.);
#4762 = DIRECTION('',(0.,0.,-1.));
#4763 = PLANE('',#4764);
#4764 = AXIS2_PLACEMENT_3D('',#4765,#4766,#4767);
#4765 = CARTESIAN_POINT('',(-45.05,-41.50732714576,-7.690986015527));
#4766 = DIRECTION('',(1.,0.,0.));
#4767 = DIRECTION('',(0.,0.,1.));
#4768 = ADVANCED_FACE('',(#4769),#4781,.T.);
#4769 = FACE_BOUND('',#4770,.T.);
#4770 = EDGE_LOOP('',(#4771,#4772,#4778,#4779,#4780));
#4771 = ORIENTED_EDGE('',*,*,#4750,.F.);
#4772 = ORIENTED_EDGE('',*,*,#4773,.T.);
#4773 = EDGE_CURVE('',#4751,#4703,#4774,.T.);
#4774 = LINE('',#4775,#4776);
#4775 = CARTESIAN_POINT('',(-45.05,-40.,-11.88230854637));
#4776 = VECTOR('',#4777,1.);
#4777 = DIRECTION('',(-1.,-0.,-0.));
#4778 = ORIENTED_EDGE('',*,*,#4702,.T.);
#4779 = ORIENTED_EDGE('',*,*,#4641,.F.);
#4780 = ORIENTED_EDGE('',*,*,#2077,.F.);
#4781 = PLANE('',#4782);
#4782 = AXIS2_PLACEMENT_3D('',#4783,#4784,#4785);
#4783 = CARTESIAN_POINT('',(-45.05,-40.,-11.88230854637));
#4784 = DIRECTION('',(0.,-0.866025403784,0.5));
#4785 = DIRECTION('',(0.,-0.5,-0.866025403784));
#4786 = ADVANCED_FACE('',(#4787),#4812,.F.);
#4787 = FACE_BOUND('',#4788,.F.);
#4788 = EDGE_LOOP('',(#4789,#4797,#4798,#4806));
#4789 = ORIENTED_EDGE('',*,*,#4790,.F.);
#4790 = EDGE_CURVE('',#2112,#4791,#4793,.T.);
#4791 = VERTEX_POINT('',#4792);
#4792 = CARTESIAN_POINT('',(37.95,-40.,-1.));
#4793 = LINE('',#4794,#4795);
#4794 = CARTESIAN_POINT('',(37.95,-42.8,-1.));
#4795 = VECTOR('',#4796,1.);
#4796 = DIRECTION('',(0.,1.,0.));
#4797 = ORIENTED_EDGE('',*,*,#2109,.F.);
#4798 = ORIENTED_EDGE('',*,*,#4799,.F.);
#4799 = EDGE_CURVE('',#4800,#2110,#4802,.T.);
#4800 = VERTEX_POINT('',#4801);
#4801 = CARTESIAN_POINT('',(37.95,-40.,-11.88230854637));
#4802 = LINE('',#4803,#4804);
#4803 = CARTESIAN_POINT('',(37.95,-40.,-11.88230854637));
#4804 = VECTOR('',#4805,1.);
#4805 = DIRECTION('',(0.,-0.5,-0.866025403784));
#4806 = ORIENTED_EDGE('',*,*,#4807,.F.);
#4807 = EDGE_CURVE('',#4791,#4800,#4808,.T.);
#4808 = LINE('',#4809,#4810);
#4809 = CARTESIAN_POINT('',(37.95,-40.,-1.));
#4810 = VECTOR('',#4811,1.);
#4811 = DIRECTION('',(0.,0.,-1.));
#4812 = PLANE('',#4813);
#4813 = AXIS2_PLACEMENT_3D('',#4814,#4815,#4816);
#4814 = CARTESIAN_POINT('',(37.95,-41.50732714576,-7.690986015527));
#4815 = DIRECTION('',(1.,0.,0.));
#4816 = DIRECTION('',(0.,0.,1.));
#4817 = ADVANCED_FACE('',(#4818),#4836,.T.);
#4818 = FACE_BOUND('',#4819,.T.);
#4819 = EDGE_LOOP('',(#4820,#4821,#4822,#4830));
#4820 = ORIENTED_EDGE('',*,*,#4790,.F.);
#4821 = ORIENTED_EDGE('',*,*,#2135,.F.);
#4822 = ORIENTED_EDGE('',*,*,#4823,.T.);
#4823 = EDGE_CURVE('',#2128,#4824,#4826,.T.);
#4824 = VERTEX_POINT('',#4825);
#4825 = CARTESIAN_POINT('',(32.05,-40.,-1.));
#4826 = LINE('',#4827,#4828);
#4827 = CARTESIAN_POINT('',(32.05,-42.8,-1.));
#4828 = VECTOR('',#4829,1.);
#4829 = DIRECTION('',(0.,1.,0.));
#4830 = ORIENTED_EDGE('',*,*,#4831,.F.);
#4831 = EDGE_CURVE('',#4791,#4824,#4832,.T.);
#4832 = LINE('',#4833,#4834);
#4833 = CARTESIAN_POINT('',(37.95,-40.,-1.));
#4834 = VECTOR('',#4835,1.);
#4835 = DIRECTION('',(-1.,-0.,-0.));
#4836 = PLANE('',#4837);
#4837 = AXIS2_PLACEMENT_3D('',#4838,#4839,#4840);
#4838 = CARTESIAN_POINT('',(37.95,-42.8,-1.));
#4839 = DIRECTION('',(0.,0.,-1.));
#4840 = DIRECTION('',(0.,1.,0.));
#4841 = ADVANCED_FACE('',(#4842),#4860,.T.);
#4842 = FACE_BOUND('',#4843,.T.);
#4843 = EDGE_LOOP('',(#4844,#4845,#4846,#4854));
#4844 = ORIENTED_EDGE('',*,*,#4823,.F.);
#4845 = ORIENTED_EDGE('',*,*,#2127,.F.);
#4846 = ORIENTED_EDGE('',*,*,#4847,.F.);
#4847 = EDGE_CURVE('',#4848,#2120,#4850,.T.);
#4848 = VERTEX_POINT('',#4849);
#4849 = CARTESIAN_POINT('',(32.05,-40.,-11.88230854637));
#4850 = LINE('',#4851,#4852);
#4851 = CARTESIAN_POINT('',(32.05,-40.,-11.88230854637));
#4852 = VECTOR('',#4853,1.);
#4853 = DIRECTION('',(0.,-0.5,-0.866025403784));
#4854 = ORIENTED_EDGE('',*,*,#4855,.F.);
#4855 = EDGE_CURVE('',#4824,#4848,#4856,.T.);
#4856 = LINE('',#4857,#4858);
#4857 = CARTESIAN_POINT('',(32.05,-40.,-1.));
#4858 = VECTOR('',#4859,1.);
#4859 = DIRECTION('',(0.,0.,-1.));
#4860 = PLANE('',#4861);
#4861 = AXIS2_PLACEMENT_3D('',#4862,#4863,#4864);
#4862 = CARTESIAN_POINT('',(32.05,-41.50732714576,-7.690986015527));
#4863 = DIRECTION('',(1.,0.,0.));
#4864 = DIRECTION('',(0.,0.,1.));
#4865 = ADVANCED_FACE('',(#4866),#4877,.T.);
#4866 = FACE_BOUND('',#4867,.T.);
#4867 = EDGE_LOOP('',(#4868,#4874,#4875,#4876));
#4868 = ORIENTED_EDGE('',*,*,#4869,.T.);
#4869 = EDGE_CURVE('',#4800,#4848,#4870,.T.);
#4870 = LINE('',#4871,#4872);
#4871 = CARTESIAN_POINT('',(37.95,-40.,-11.88230854637));
#4872 = VECTOR('',#4873,1.);
#4873 = DIRECTION('',(-1.,-0.,-0.));
#4874 = ORIENTED_EDGE('',*,*,#4847,.T.);
#4875 = ORIENTED_EDGE('',*,*,#2119,.F.);
#4876 = ORIENTED_EDGE('',*,*,#4799,.F.);
#4877 = PLANE('',#4878);
#4878 = AXIS2_PLACEMENT_3D('',#4879,#4880,#4881);
#4879 = CARTESIAN_POINT('',(37.95,-40.,-11.88230854637));
#4880 = DIRECTION('',(0.,-0.866025403784,0.5));
#4881 = DIRECTION('',(0.,-0.5,-0.866025403784));
#4882 = ADVANCED_FACE('',(#4883),#4894,.T.);
#4883 = FACE_BOUND('',#4884,.T.);
#4884 = EDGE_LOOP('',(#4885,#4886,#4887,#4893));
#4885 = ORIENTED_EDGE('',*,*,#2256,.F.);
#4886 = ORIENTED_EDGE('',*,*,#2183,.T.);
#4887 = ORIENTED_EDGE('',*,*,#4888,.T.);
#4888 = EDGE_CURVE('',#2176,#2346,#4889,.T.);
#4889 = LINE('',#4890,#4891);
#4890 = CARTESIAN_POINT('',(-43.52842787633,41.8,-17.));
#4891 = VECTOR('',#4892,1.);
#4892 = DIRECTION('',(0.,-1.,2.22044604925E-16));
#4893 = ORIENTED_EDGE('',*,*,#2379,.F.);
#4894 = PLANE('',#4895);
#4895 = AXIS2_PLACEMENT_3D('',#4896,#4897,#4898);
#4896 = CARTESIAN_POINT('',(-43.52842787633,41.8,-17.));
#4897 = DIRECTION('',(0.755060611109,-1.455846545154E-16,-0.655654995826
    ));
#4898 = DIRECTION('',(-0.655654995826,-1.676571350881E-16,
    -0.755060611109));
#4899 = ADVANCED_FACE('',(#4900,#4911),#4936,.T.);
#4900 = FACE_BOUND('',#4901,.T.);
#4901 = EDGE_LOOP('',(#4902,#4903,#4904,#4910));
#4902 = ORIENTED_EDGE('',*,*,#4888,.F.);
#4903 = ORIENTED_EDGE('',*,*,#2175,.T.);
#4904 = ORIENTED_EDGE('',*,*,#4905,.T.);
#4905 = EDGE_CURVE('',#2168,#2355,#4906,.T.);
#4906 = LINE('',#4907,#4908);
#4907 = CARTESIAN_POINT('',(-48.02341360862,38.2,-2.297564147492));
#4908 = VECTOR('',#4909,1.);
#4909 = DIRECTION('',(0.,-1.,2.22044604925E-16));
#4910 = ORIENTED_EDGE('',*,*,#2354,.F.);
#4911 = FACE_BOUND('',#4912,.T.);
#4912 = EDGE_LOOP('',(#4913,#4924,#4931));
#4913 = ORIENTED_EDGE('',*,*,#4914,.F.);
#4914 = EDGE_CURVE('',#4915,#4917,#4919,.T.);
#4915 = VERTEX_POINT('',#4916);
#4916 = CARTESIAN_POINT('',(-45.46853761559,-22.23190059631,
    -10.65418697921));
#4917 = VERTEX_POINT('',#4918);
#4918 = CARTESIAN_POINT('',(-45.46853761559,-29.76809940368,
    -10.65418697921));
#4919 = CIRCLE('',#4920,4.599999999947);
#4920 = AXIS2_PLACEMENT_3D('',#4921,#4922,#4923);
#4921 = CARTESIAN_POINT('',(-46.23994620981,-26.,-8.131023158882));
#4922 = DIRECTION('',(0.956304755963,-1.298391193328E-16,0.292371704723)
  );
#4923 = DIRECTION('',(0.292371704723,4.246846234515E-16,-0.956304755963)
  );
#4924 = ORIENTED_EDGE('',*,*,#4925,.F.);
#4925 = EDGE_CURVE('',#4926,#4915,#4928,.T.);
#4926 = VERTEX_POINT('',#4927);
#4927 = CARTESIAN_POINT('',(-43.89516745588,-26.,-15.80044888593));
#4928 = B_SPLINE_CURVE_WITH_KNOTS('',1,(#4929,#4930),.UNSPECIFIED.,.F.,
  .F.,(2,2),(0.,1.),.PIECEWISE_BEZIER_KNOTS.);
#4929 = CARTESIAN_POINT('',(-43.89516745588,-26.,-15.80044888593));
#4930 = CARTESIAN_POINT('',(-45.46853761559,-22.23190059631,
    -10.65418697921));
#4931 = ORIENTED_EDGE('',*,*,#4932,.F.);
#4932 = EDGE_CURVE('',#4917,#4926,#4933,.T.);
#4933 = B_SPLINE_CURVE_WITH_KNOTS('',1,(#4934,#4935),.UNSPECIFIED.,.F.,
  .F.,(2,2),(0.,1.),.PIECEWISE_BEZIER_KNOTS.);
#4934 = CARTESIAN_POINT('',(-45.46853761559,-29.76809940368,
    -10.65418697921));
#4935 = CARTESIAN_POINT('',(-43.89516745588,-26.,-15.80044888593));
#4936 = PLANE('',#4937);
#4937 = AXIS2_PLACEMENT_3D('',#4938,#4939,#4940);
#4938 = CARTESIAN_POINT('',(-48.72584946113,41.8,-9.281464485866E-15));
#4939 = DIRECTION('',(0.956304755963,6.491955966642E-17,0.292371704723)
  );
#4940 = DIRECTION('',(0.292371704723,-2.123423117257E-16,-0.956304755963
    ));
#4941 = ADVANCED_FACE('',(#4942),#4962,.T.);
#4942 = FACE_BOUND('',#4943,.T.);
#4943 = EDGE_LOOP('',(#4944,#4945,#4946,#4954,#4960,#4961));
#4944 = ORIENTED_EDGE('',*,*,#4905,.F.);
#4945 = ORIENTED_EDGE('',*,*,#2167,.T.);
#4946 = ORIENTED_EDGE('',*,*,#4947,.T.);
#4947 = EDGE_CURVE('',#2160,#4948,#4950,.T.);
#4948 = VERTEX_POINT('',#4949);
#4949 = CARTESIAN_POINT('',(-45.72584946113,-13.,-2.498001805407E-16));
#4950 = LINE('',#4951,#4952);
#4951 = CARTESIAN_POINT('',(-38.73820788427,-6.012358423145,
    6.987641576855));
#4952 = VECTOR('',#4953,1.);
#4953 = DIRECTION('',(0.57735026919,0.57735026919,0.57735026919));
#4954 = ORIENTED_EDGE('',*,*,#4955,.F.);
#4955 = EDGE_CURVE('',#2291,#4948,#4956,.T.);
#4956 = LINE('',#4957,#4958);
#4957 = CARTESIAN_POINT('',(-45.72584946113,19.1,-4.996003610813E-16));
#4958 = VECTOR('',#4959,1.);
#4959 = DIRECTION('',(2.22044604925E-16,1.,0.));
#4960 = ORIENTED_EDGE('',*,*,#2290,.T.);
#4961 = ORIENTED_EDGE('',*,*,#2362,.T.);
#4962 = PLANE('',#4963);
#4963 = AXIS2_PLACEMENT_3D('',#4964,#4965,#4966);
#4964 = CARTESIAN_POINT('',(-45.22584946113,38.2,0.5));
#4965 = DIRECTION('',(0.707106781187,-1.570092458684E-16,-0.707106781187
    ));
#4966 = DIRECTION('',(-0.707106781187,-1.570092458684E-16,
    -0.707106781187));
#4967 = ADVANCED_FACE('',(#4968),#4979,.T.);
#4968 = FACE_BOUND('',#4969,.T.);
#4969 = EDGE_LOOP('',(#4970,#4971,#4977,#4978));
#4970 = ORIENTED_EDGE('',*,*,#4632,.F.);
#4971 = ORIENTED_EDGE('',*,*,#4972,.T.);
#4972 = EDGE_CURVE('',#4625,#4948,#4973,.T.);
#4973 = LINE('',#4974,#4975);
#4974 = CARTESIAN_POINT('',(-56.,-13.,-3.851859888774E-34));
#4975 = VECTOR('',#4976,1.);
#4976 = DIRECTION('',(1.,0.,0.));
#4977 = ORIENTED_EDGE('',*,*,#4947,.F.);
#4978 = ORIENTED_EDGE('',*,*,#2159,.F.);
#4979 = PLANE('',#4980);
#4980 = AXIS2_PLACEMENT_3D('',#4981,#4982,#4983);
#4981 = CARTESIAN_POINT('',(-56.,-13.,-3.851859888774E-34));
#4982 = DIRECTION('',(0.,0.707106781187,-0.707106781187));
#4983 = DIRECTION('',(0.,-0.707106781187,-0.707106781187));
#4984 = ADVANCED_FACE('',(#4985),#4996,.T.);
#4985 = FACE_BOUND('',#4986,.T.);
#4986 = EDGE_LOOP('',(#4987,#4993,#4994,#4995));
#4987 = ORIENTED_EDGE('',*,*,#4988,.F.);
#4988 = EDGE_CURVE('',#2466,#2323,#4989,.T.);
#4989 = LINE('',#4990,#4991);
#4990 = CARTESIAN_POINT('',(48.999999999941,39.2,-0.4));
#4991 = VECTOR('',#4992,1.);
#4992 = DIRECTION('',(0.,-1.,2.22044604925E-16));
#4993 = ORIENTED_EDGE('',*,*,#2473,.F.);
#4994 = ORIENTED_EDGE('',*,*,#2407,.F.);
#4995 = ORIENTED_EDGE('',*,*,#2330,.T.);
#4996 = PLANE('',#4997);
#4997 = AXIS2_PLACEMENT_3D('',#4998,#4999,#5000);
#4998 = CARTESIAN_POINT('',(48.999999999941,39.2,0.5));
#4999 = DIRECTION('',(1.,0.,0.));
#5000 = DIRECTION('',(0.,-2.22044604925E-16,-1.));
#5001 = ADVANCED_FACE('',(#5002),#5013,.T.);
#5002 = FACE_BOUND('',#5003,.T.);
#5003 = EDGE_LOOP('',(#5004,#5005,#5006,#5007));
#5004 = ORIENTED_EDGE('',*,*,#2465,.F.);
#5005 = ORIENTED_EDGE('',*,*,#4988,.T.);
#5006 = ORIENTED_EDGE('',*,*,#2322,.T.);
#5007 = ORIENTED_EDGE('',*,*,#5008,.F.);
#5008 = EDGE_CURVE('',#2458,#2315,#5009,.T.);
#5009 = LINE('',#5010,#5011);
#5010 = CARTESIAN_POINT('',(48.399999999941,39.2,-1.));
#5011 = VECTOR('',#5012,1.);
#5012 = DIRECTION('',(0.,-1.,2.22044604925E-16));
#5013 = PLANE('',#5014);
#5014 = AXIS2_PLACEMENT_3D('',#5015,#5016,#5017);
#5015 = CARTESIAN_POINT('',(48.999999999941,39.2,-0.4));
#5016 = DIRECTION('',(0.707106781187,-1.570092458684E-16,-0.707106781187
    ));
#5017 = DIRECTION('',(-0.707106781187,-1.570092458684E-16,
    -0.707106781187));
#5018 = ADVANCED_FACE('',(#5019),#5030,.T.);
#5019 = FACE_BOUND('',#5020,.T.);
#5020 = EDGE_LOOP('',(#5021,#5022,#5023,#5024));
#5021 = ORIENTED_EDGE('',*,*,#2457,.F.);
#5022 = ORIENTED_EDGE('',*,*,#5008,.T.);
#5023 = ORIENTED_EDGE('',*,*,#2314,.T.);
#5024 = ORIENTED_EDGE('',*,*,#5025,.F.);
#5025 = EDGE_CURVE('',#2450,#2307,#5026,.T.);
#5026 = LINE('',#5027,#5028);
#5027 = CARTESIAN_POINT('',(46.599999999941,39.2,-1.));
#5028 = VECTOR('',#5029,1.);
#5029 = DIRECTION('',(0.,-1.,2.22044604925E-16));
#5030 = PLANE('',#5031);
#5031 = AXIS2_PLACEMENT_3D('',#5032,#5033,#5034);
#5032 = CARTESIAN_POINT('',(48.399999999941,39.2,-1.));
#5033 = DIRECTION('',(-0.,-2.22044604925E-16,-1.));
#5034 = DIRECTION('',(-1.,0.,0.));
#5035 = ADVANCED_FACE('',(#5036),#5079,.T.);
#5036 = FACE_BOUND('',#5037,.T.);
#5037 = EDGE_LOOP('',(#5038,#5039,#5040,#5041,#5049,#5057,#5065,#5073));
#5038 = ORIENTED_EDGE('',*,*,#2449,.F.);
#5039 = ORIENTED_EDGE('',*,*,#5025,.T.);
#5040 = ORIENTED_EDGE('',*,*,#2306,.T.);
#5041 = ORIENTED_EDGE('',*,*,#5042,.F.);
#5042 = EDGE_CURVE('',#5043,#2299,#5045,.T.);
#5043 = VERTEX_POINT('',#5044);
#5044 = CARTESIAN_POINT('',(46.599999999999,-31.99999999999,0.));
#5045 = LINE('',#5046,#5047);
#5046 = CARTESIAN_POINT('',(46.599999999941,19.6,-4.440892098501E-16));
#5047 = VECTOR('',#5048,1.);
#5048 = DIRECTION('',(0.,-1.,0.));
#5049 = ORIENTED_EDGE('',*,*,#5050,.F.);
#5050 = EDGE_CURVE('',#5051,#5043,#5053,.T.);
#5051 = VERTEX_POINT('',#5052);
#5052 = CARTESIAN_POINT('',(46.599999999999,-31.99999999999,2.5));
#5053 = LINE('',#5054,#5055);
#5054 = CARTESIAN_POINT('',(46.599999999999,-31.99999999999,2.5));
#5055 = VECTOR('',#5056,1.);
#5056 = DIRECTION('',(-0.,-0.,-1.));
#5057 = ORIENTED_EDGE('',*,*,#5058,.T.);
#5058 = EDGE_CURVE('',#5051,#5059,#5061,.T.);
#5059 = VERTEX_POINT('',#5060);
#5060 = CARTESIAN_POINT('',(46.599999999999,31.999999999992,2.5));
#5061 = LINE('',#5062,#5063);
#5062 = CARTESIAN_POINT('',(46.599999999999,-31.99999999999,2.5));
#5063 = VECTOR('',#5064,1.);
#5064 = DIRECTION('',(0.,1.,0.));
#5065 = ORIENTED_EDGE('',*,*,#5066,.T.);
#5066 = EDGE_CURVE('',#5059,#5067,#5069,.T.);
#5067 = VERTEX_POINT('',#5068);
#5068 = CARTESIAN_POINT('',(46.599999999999,31.999999999992,0.));
#5069 = LINE('',#5070,#5071);
#5070 = CARTESIAN_POINT('',(46.599999999999,31.999999999992,2.5));
#5071 = VECTOR('',#5072,1.);
#5072 = DIRECTION('',(-0.,-0.,-1.));
#5073 = ORIENTED_EDGE('',*,*,#5074,.F.);
#5074 = EDGE_CURVE('',#2442,#5067,#5075,.T.);
#5075 = LINE('',#5076,#5077);
#5076 = CARTESIAN_POINT('',(46.599999999941,19.6,-4.440892098501E-16));
#5077 = VECTOR('',#5078,1.);
#5078 = DIRECTION('',(0.,-1.,0.));
#5079 = PLANE('',#5080);
#5080 = AXIS2_PLACEMENT_3D('',#5081,#5082,#5083);
#5081 = CARTESIAN_POINT('',(46.599999999967,8.797780266717E-15,
    0.610718049533));
#5082 = DIRECTION('',(-1.,0.,1.675279251617E-11));
#5083 = DIRECTION('',(-1.675279251617E-11,0.,-1.));
#5084 = ADVANCED_FACE('',(#5085),#5173,.T.);
#5085 = FACE_BOUND('',#5086,.T.);
#5086 = EDGE_LOOP('',(#5087,#5088,#5089,#5090,#5098,#5106,#5112,#5113,
    #5114,#5123,#5131,#5140,#5148,#5157,#5165,#5172));
#5087 = ORIENTED_EDGE('',*,*,#2298,.T.);
#5088 = ORIENTED_EDGE('',*,*,#4955,.T.);
#5089 = ORIENTED_EDGE('',*,*,#4972,.F.);
#5090 = ORIENTED_EDGE('',*,*,#5091,.F.);
#5091 = EDGE_CURVE('',#5092,#4625,#5094,.T.);
#5092 = VERTEX_POINT('',#5093);
#5093 = CARTESIAN_POINT('',(-55.,13.,-2.029307271514E-17));
#5094 = LINE('',#5095,#5096);
#5095 = CARTESIAN_POINT('',(-55.,41.300000000003,0.));
#5096 = VECTOR('',#5097,1.);
#5097 = DIRECTION('',(0.,-1.,0.));
#5098 = ORIENTED_EDGE('',*,*,#5099,.T.);
#5099 = EDGE_CURVE('',#5092,#5100,#5102,.T.);
#5100 = VERTEX_POINT('',#5101);
#5101 = CARTESIAN_POINT('',(-45.72584946113,13.,-2.700932532558E-16));
#5102 = LINE('',#5103,#5104);
#5103 = CARTESIAN_POINT('',(-56.,13.,-4.058614543028E-17));
#5104 = VECTOR('',#5105,1.);
#5105 = DIRECTION('',(1.,0.,0.));
#5106 = ORIENTED_EDGE('',*,*,#5107,.T.);
#5107 = EDGE_CURVE('',#5100,#2434,#5108,.T.);
#5108 = LINE('',#5109,#5110);
#5109 = CARTESIAN_POINT('',(-45.72584946113,19.1,-4.996003610813E-16));
#5110 = VECTOR('',#5111,1.);
#5111 = DIRECTION('',(2.22044604925E-16,1.,0.));
#5112 = ORIENTED_EDGE('',*,*,#2441,.F.);
#5113 = ORIENTED_EDGE('',*,*,#5074,.T.);
#5114 = ORIENTED_EDGE('',*,*,#5115,.T.);
#5115 = EDGE_CURVE('',#5067,#5116,#5118,.T.);
#5116 = VERTEX_POINT('',#5117);
#5117 = CARTESIAN_POINT('',(43.599999999992,34.999999999999,0.));
#5118 = CIRCLE('',#5119,3.000000000004);
#5119 = AXIS2_PLACEMENT_3D('',#5120,#5121,#5122);
#5120 = CARTESIAN_POINT('',(43.599999999995,31.999999999995,0.));
#5121 = DIRECTION('',(0.,0.,1.));
#5122 = DIRECTION('',(1.,0.,0.));
#5123 = ORIENTED_EDGE('',*,*,#5124,.T.);
#5124 = EDGE_CURVE('',#5116,#5125,#5127,.T.);
#5125 = VERTEX_POINT('',#5126);
#5126 = CARTESIAN_POINT('',(-40.39999999999,34.999999999999,0.));
#5127 = LINE('',#5128,#5129);
#5128 = CARTESIAN_POINT('',(43.599999999992,34.999999999999,0.));
#5129 = VECTOR('',#5130,1.);
#5130 = DIRECTION('',(-1.,0.,0.));
#5131 = ORIENTED_EDGE('',*,*,#5132,.T.);
#5132 = EDGE_CURVE('',#5125,#5133,#5135,.T.);
#5133 = VERTEX_POINT('',#5134);
#5134 = CARTESIAN_POINT('',(-43.39999999999,31.999999999992,0.));
#5135 = CIRCLE('',#5136,3.000000000004);
#5136 = AXIS2_PLACEMENT_3D('',#5137,#5138,#5139);
#5137 = CARTESIAN_POINT('',(-40.39999999999,31.999999999995,0.));
#5138 = DIRECTION('',(0.,0.,1.));
#5139 = DIRECTION('',(1.,0.,0.));
#5140 = ORIENTED_EDGE('',*,*,#5141,.T.);
#5141 = EDGE_CURVE('',#5133,#5142,#5144,.T.);
#5142 = VERTEX_POINT('',#5143);
#5143 = CARTESIAN_POINT('',(-43.39999999999,-31.99999999999,0.));
#5144 = LINE('',#5145,#5146);
#5145 = CARTESIAN_POINT('',(-43.39999999999,31.999999999992,0.));
#5146 = VECTOR('',#5147,1.);
#5147 = DIRECTION('',(0.,-1.,0.));
#5148 = ORIENTED_EDGE('',*,*,#5149,.T.);
#5149 = EDGE_CURVE('',#5142,#5150,#5152,.T.);
#5150 = VERTEX_POINT('',#5151);
#5151 = CARTESIAN_POINT('',(-40.39999999999,-34.99999999999,0.));
#5152 = CIRCLE('',#5153,3.000000000004);
#5153 = AXIS2_PLACEMENT_3D('',#5154,#5155,#5156);
#5154 = CARTESIAN_POINT('',(-40.39999999999,-31.99999999999,0.));
#5155 = DIRECTION('',(0.,0.,1.));
#5156 = DIRECTION('',(1.,0.,0.));
#5157 = ORIENTED_EDGE('',*,*,#5158,.T.);
#5158 = EDGE_CURVE('',#5150,#5159,#5161,.T.);
#5159 = VERTEX_POINT('',#5160);
#5160 = CARTESIAN_POINT('',(43.599999999992,-34.99999999999,0.));
#5161 = LINE('',#5162,#5163);
#5162 = CARTESIAN_POINT('',(-40.39999999999,-34.99999999999,0.));
#5163 = VECTOR('',#5164,1.);
#5164 = DIRECTION('',(1.,0.,0.));
#5165 = ORIENTED_EDGE('',*,*,#5166,.T.);
#5166 = EDGE_CURVE('',#5159,#5043,#5167,.T.);
#5167 = CIRCLE('',#5168,3.000000000004);
#5168 = AXIS2_PLACEMENT_3D('',#5169,#5170,#5171);
#5169 = CARTESIAN_POINT('',(43.599999999995,-31.99999999999,0.));
#5170 = DIRECTION('',(0.,0.,1.));
#5171 = DIRECTION('',(1.,0.,0.));
#5172 = ORIENTED_EDGE('',*,*,#5042,.T.);
#5173 = PLANE('',#5174);
#5174 = AXIS2_PLACEMENT_3D('',#5175,#5176,#5177);
#5175 = CARTESIAN_POINT('',(-12.22939595997,2.140854065686E-15,
    -2.026069841142E-16));
#5176 = DIRECTION('',(-0.,-0.,-1.));
#5177 = DIRECTION('',(-1.,0.,0.));
#5178 = ADVANCED_FACE('',(#5179),#5197,.T.);
#5179 = FACE_BOUND('',#5180,.T.);
#5180 = EDGE_LOOP('',(#5181,#5187,#5188,#5189,#5190,#5196));
#5181 = ORIENTED_EDGE('',*,*,#5182,.F.);
#5182 = EDGE_CURVE('',#2490,#2744,#5183,.T.);
#5183 = LINE('',#5184,#5185);
#5184 = CARTESIAN_POINT('',(-48.02341360862,38.2,-2.297564147492));
#5185 = VECTOR('',#5186,1.);
#5186 = DIRECTION('',(0.,-1.,2.22044604925E-16));
#5187 = ORIENTED_EDGE('',*,*,#2506,.T.);
#5188 = ORIENTED_EDGE('',*,*,#2433,.F.);
#5189 = ORIENTED_EDGE('',*,*,#5107,.F.);
#5190 = ORIENTED_EDGE('',*,*,#5191,.T.);
#5191 = EDGE_CURVE('',#5100,#2719,#5192,.T.);
#5192 = LINE('',#5193,#5194);
#5193 = CARTESIAN_POINT('',(-52.13820788427,19.412358423145,
    -6.412358423145));
#5194 = VECTOR('',#5195,1.);
#5195 = DIRECTION('',(-0.57735026919,0.57735026919,-0.57735026919));
#5196 = ORIENTED_EDGE('',*,*,#2751,.T.);
#5197 = PLANE('',#5198);
#5198 = AXIS2_PLACEMENT_3D('',#5199,#5200,#5201);
#5199 = CARTESIAN_POINT('',(-45.22584946113,38.2,0.5));
#5200 = DIRECTION('',(0.707106781187,-1.570092458684E-16,-0.707106781187
    ));
#5201 = DIRECTION('',(-0.707106781187,-1.570092458684E-16,
    -0.707106781187));
#5202 = ADVANCED_FACE('',(#5203,#5214),#5239,.T.);
#5203 = FACE_BOUND('',#5204,.T.);
#5204 = EDGE_LOOP('',(#5205,#5211,#5212,#5213));
#5205 = ORIENTED_EDGE('',*,*,#5206,.F.);
#5206 = EDGE_CURVE('',#2488,#2736,#5207,.T.);
#5207 = LINE('',#5208,#5209);
#5208 = CARTESIAN_POINT('',(-43.52842787633,41.8,-17.));
#5209 = VECTOR('',#5210,1.);
#5210 = DIRECTION('',(0.,-1.,2.22044604925E-16));
#5211 = ORIENTED_EDGE('',*,*,#2487,.T.);
#5212 = ORIENTED_EDGE('',*,*,#5182,.T.);
#5213 = ORIENTED_EDGE('',*,*,#2743,.T.);
#5214 = FACE_BOUND('',#5215,.T.);
#5215 = EDGE_LOOP('',(#5216,#5227,#5234));
#5216 = ORIENTED_EDGE('',*,*,#5217,.F.);
#5217 = EDGE_CURVE('',#5218,#5220,#5222,.T.);
#5218 = VERTEX_POINT('',#5219);
#5219 = CARTESIAN_POINT('',(-45.46853761559,29.768099403686,
    -10.65418697921));
#5220 = VERTEX_POINT('',#5221);
#5221 = CARTESIAN_POINT('',(-45.46853761559,22.231900596314,
    -10.65418697921));
#5222 = CIRCLE('',#5223,4.599999999947);
#5223 = AXIS2_PLACEMENT_3D('',#5224,#5225,#5226);
#5224 = CARTESIAN_POINT('',(-46.23994620981,26.,-8.131023158882));
#5225 = DIRECTION('',(0.956304755963,-0.,0.292371704723));
#5226 = DIRECTION('',(0.292371704723,0.,-0.956304755963));
#5227 = ORIENTED_EDGE('',*,*,#5228,.T.);
#5228 = EDGE_CURVE('',#5218,#5229,#5231,.T.);
#5229 = VERTEX_POINT('',#5230);
#5230 = CARTESIAN_POINT('',(-43.89516745588,26.,-15.80044888593));
#5231 = B_SPLINE_CURVE_WITH_KNOTS('',1,(#5232,#5233),.UNSPECIFIED.,.F.,
  .F.,(2,2),(0.,1.),.PIECEWISE_BEZIER_KNOTS.);
#5232 = CARTESIAN_POINT('',(-45.46853761559,29.768099403686,
    -10.65418697921));
#5233 = CARTESIAN_POINT('',(-43.89516745588,26.,-15.80044888593));
#5234 = ORIENTED_EDGE('',*,*,#5235,.T.);
#5235 = EDGE_CURVE('',#5229,#5220,#5236,.T.);
#5236 = B_SPLINE_CURVE_WITH_KNOTS('',1,(#5237,#5238),.UNSPECIFIED.,.F.,
  .F.,(2,2),(0.,1.),.PIECEWISE_BEZIER_KNOTS.);
#5237 = CARTESIAN_POINT('',(-43.89516745588,26.,-15.80044888593));
#5238 = CARTESIAN_POINT('',(-45.46853761559,22.231900596314,
    -10.65418697921));
#5239 = PLANE('',#5240);
#5240 = AXIS2_PLACEMENT_3D('',#5241,#5242,#5243);
#5241 = CARTESIAN_POINT('',(-48.72584946113,41.8,-9.281464485866E-15));
#5242 = DIRECTION('',(0.956304755963,6.491955966642E-17,0.292371704723)
  );
#5243 = DIRECTION('',(0.292371704723,-2.123423117257E-16,-0.956304755963
    ));
#5244 = ADVANCED_FACE('',(#5245),#5251,.T.);
#5245 = FACE_BOUND('',#5246,.T.);
#5246 = EDGE_LOOP('',(#5247,#5248,#5249,#5250));
#5247 = ORIENTED_EDGE('',*,*,#2694,.F.);
#5248 = ORIENTED_EDGE('',*,*,#2532,.T.);
#5249 = ORIENTED_EDGE('',*,*,#5206,.T.);
#5250 = ORIENTED_EDGE('',*,*,#2735,.T.);
#5251 = PLANE('',#5252);
#5252 = AXIS2_PLACEMENT_3D('',#5253,#5254,#5255);
#5253 = CARTESIAN_POINT('',(-43.52842787633,41.8,-17.));
#5254 = DIRECTION('',(0.755060611109,-1.455846545154E-16,-0.655654995826
    ));
#5255 = DIRECTION('',(-0.655654995826,-1.676571350881E-16,
    -0.755060611109));
#5256 = ADVANCED_FACE('',(#5257,#5282,#5309),#5336,.T.);
#5257 = FACE_BOUND('',#5258,.T.);
#5258 = EDGE_LOOP('',(#5259,#5267,#5273,#5274,#5275,#5276));
#5259 = ORIENTED_EDGE('',*,*,#5260,.F.);
#5260 = EDGE_CURVE('',#5261,#5092,#5263,.T.);
#5261 = VERTEX_POINT('',#5262);
#5262 = CARTESIAN_POINT('',(-55.,67.,-1.925929944387E-34));
#5263 = LINE('',#5264,#5265);
#5264 = CARTESIAN_POINT('',(-55.,121.3,0.));
#5265 = VECTOR('',#5266,1.);
#5266 = DIRECTION('',(0.,-1.,0.));
#5267 = ORIENTED_EDGE('',*,*,#5268,.T.);
#5268 = EDGE_CURVE('',#5261,#2595,#5269,.T.);
#5269 = LINE('',#5270,#5271);
#5270 = CARTESIAN_POINT('',(-55.29289978817,67.958032039081,
    0.958032039081));
#5271 = VECTOR('',#5272,1.);
#5272 = DIRECTION('',(0.211302932279,-0.691140749345,-0.691140749345));
#5273 = ORIENTED_EDGE('',*,*,#2594,.T.);
#5274 = ORIENTED_EDGE('',*,*,#2563,.T.);
#5275 = ORIENTED_EDGE('',*,*,#2726,.T.);
#5276 = ORIENTED_EDGE('',*,*,#5277,.T.);
#5277 = EDGE_CURVE('',#2717,#5092,#5278,.T.);
#5278 = LINE('',#5279,#5280);
#5279 = CARTESIAN_POINT('',(-55.00081965426,12.997319031729,
    2.680968270915E-03));
#5280 = VECTOR('',#5281,1.);
#5281 = DIRECTION('',(-0.211302932279,-0.691140749345,0.691140749345));
#5282 = FACE_BOUND('',#5283,.T.);
#5283 = EDGE_LOOP('',(#5284,#5295,#5303));
#5284 = ORIENTED_EDGE('',*,*,#5285,.F.);
#5285 = EDGE_CURVE('',#5286,#5288,#5290,.T.);
#5286 = VERTEX_POINT('',#5287);
#5287 = CARTESIAN_POINT('',(-51.6088402005,52.197865502564,
    -11.09198390999));
#5288 = VERTEX_POINT('',#5289);
#5289 = CARTESIAN_POINT('',(-51.6088402005,55.802134497436,
    -11.09198390999));
#5290 = CIRCLE('',#5291,2.2);
#5291 = AXIS2_PLACEMENT_3D('',#5292,#5293,#5294);
#5292 = CARTESIAN_POINT('',(-51.97777474557,54.,-9.885253387213));
#5293 = DIRECTION('',(-0.956304755963,-0.,-0.292371704723));
#5294 = DIRECTION('',(0.292371704723,0.,-0.956304755963));
#5295 = ORIENTED_EDGE('',*,*,#5296,.T.);
#5296 = EDGE_CURVE('',#5286,#5297,#5299,.T.);
#5297 = VERTEX_POINT('',#5298);
#5298 = CARTESIAN_POINT('',(-50.85635881977,54.,-13.55323960454));
#5299 = LINE('',#5300,#5301);
#5300 = CARTESIAN_POINT('',(-49.96512446783,56.134437093139,
    -16.46833581829));
#5301 = VECTOR('',#5302,1.);
#5302 = DIRECTION('',(0.239496879614,0.573576436351,-0.783358995811));
#5303 = ORIENTED_EDGE('',*,*,#5304,.T.);
#5304 = EDGE_CURVE('',#5297,#5288,#5305,.T.);
#5305 = LINE('',#5306,#5307);
#5306 = CARTESIAN_POINT('',(-53.16049771235,59.518233794909,
    -6.016740874346));
#5307 = VECTOR('',#5308,1.);
#5308 = DIRECTION('',(-0.239496879614,0.573576436351,0.783358995811));
#5309 = FACE_BOUND('',#5310,.T.);
#5310 = EDGE_LOOP('',(#5311,#5322,#5330));
#5311 = ORIENTED_EDGE('',*,*,#5312,.F.);
#5312 = EDGE_CURVE('',#5313,#5315,#5317,.T.);
#5313 = VERTEX_POINT('',#5314);
#5314 = CARTESIAN_POINT('',(-51.6088402005,24.197865502564,
    -11.09198390999));
#5315 = VERTEX_POINT('',#5316);
#5316 = CARTESIAN_POINT('',(-51.6088402005,27.802134497436,
    -11.09198390999));
#5317 = CIRCLE('',#5318,2.2);
#5318 = AXIS2_PLACEMENT_3D('',#5319,#5320,#5321);
#5319 = CARTESIAN_POINT('',(-51.97777474557,26.,-9.885253387213));
#5320 = DIRECTION('',(-0.956304755963,-0.,-0.292371704723));
#5321 = DIRECTION('',(0.292371704723,0.,-0.956304755963));
#5322 = ORIENTED_EDGE('',*,*,#5323,.T.);
#5323 = EDGE_CURVE('',#5313,#5324,#5326,.T.);
#5324 = VERTEX_POINT('',#5325);
#5325 = CARTESIAN_POINT('',(-50.85635881977,26.,-13.55323960454));
#5326 = LINE('',#5327,#5328);
#5327 = CARTESIAN_POINT('',(-53.53673840271,19.580698956373,
    -4.786113027072));
#5328 = VECTOR('',#5329,1.);
#5329 = DIRECTION('',(0.239496879614,0.573576436351,-0.783358995811));
#5330 = ORIENTED_EDGE('',*,*,#5331,.T.);
#5331 = EDGE_CURVE('',#5324,#5315,#5332,.T.);
#5332 = LINE('',#5333,#5334);
#5333 = CARTESIAN_POINT('',(-49.58888377747,22.964495658143,
    -17.69896366556));
#5334 = VECTOR('',#5335,1.);
#5335 = DIRECTION('',(-0.239496879614,0.573576436351,0.783358995811));
#5336 = PLANE('',#5337);
#5337 = AXIS2_PLACEMENT_3D('',#5338,#5339,#5340);
#5338 = CARTESIAN_POINT('',(-52.50099670901,40.,-8.17387145803));
#5339 = DIRECTION('',(-0.956304755964,-0.,-0.29237170472));
#5340 = DIRECTION('',(0.29237170472,0.,-0.956304755964));
#5341 = ADVANCED_FACE('',(#5342),#5353,.T.);
#5342 = FACE_BOUND('',#5343,.T.);
#5343 = EDGE_LOOP('',(#5344,#5345,#5346,#5352));
#5344 = ORIENTED_EDGE('',*,*,#2652,.F.);
#5345 = ORIENTED_EDGE('',*,*,#2626,.T.);
#5346 = ORIENTED_EDGE('',*,*,#5347,.T.);
#5347 = EDGE_CURVE('',#2619,#2840,#5348,.T.);
#5348 = LINE('',#5349,#5350);
#5349 = CARTESIAN_POINT('',(-43.52842787633,121.8,-17.));
#5350 = VECTOR('',#5351,1.);
#5351 = DIRECTION('',(0.,-1.,2.22044604925E-16));
#5352 = ORIENTED_EDGE('',*,*,#2873,.F.);
#5353 = PLANE('',#5354);
#5354 = AXIS2_PLACEMENT_3D('',#5355,#5356,#5357);
#5355 = CARTESIAN_POINT('',(-43.52842787633,121.8,-17.));
#5356 = DIRECTION('',(0.755060611109,-1.455846545154E-16,-0.655654995826
    ));
#5357 = DIRECTION('',(-0.655654995826,-1.676571350881E-16,
    -0.755060611109));
#5358 = ADVANCED_FACE('',(#5359,#5370),#5395,.T.);
#5359 = FACE_BOUND('',#5360,.T.);
#5360 = EDGE_LOOP('',(#5361,#5362,#5363,#5369));
#5361 = ORIENTED_EDGE('',*,*,#5347,.F.);
#5362 = ORIENTED_EDGE('',*,*,#2618,.T.);
#5363 = ORIENTED_EDGE('',*,*,#5364,.T.);
#5364 = EDGE_CURVE('',#2611,#2849,#5365,.T.);
#5365 = LINE('',#5366,#5367);
#5366 = CARTESIAN_POINT('',(-48.02341360862,118.2,-2.297564147492));
#5367 = VECTOR('',#5368,1.);
#5368 = DIRECTION('',(0.,-1.,2.22044604925E-16));
#5369 = ORIENTED_EDGE('',*,*,#2848,.F.);
#5370 = FACE_BOUND('',#5371,.T.);
#5371 = EDGE_LOOP('',(#5372,#5383,#5390));
#5372 = ORIENTED_EDGE('',*,*,#5373,.F.);
#5373 = EDGE_CURVE('',#5374,#5376,#5378,.T.);
#5374 = VERTEX_POINT('',#5375);
#5375 = CARTESIAN_POINT('',(-45.46853761559,57.768099403686,
    -10.65418697921));
#5376 = VERTEX_POINT('',#5377);
#5377 = CARTESIAN_POINT('',(-45.46853761559,50.231900596314,
    -10.65418697921));
#5378 = CIRCLE('',#5379,4.599999999947);
#5379 = AXIS2_PLACEMENT_3D('',#5380,#5381,#5382);
#5380 = CARTESIAN_POINT('',(-46.23994620981,54.,-8.131023158882));
#5381 = DIRECTION('',(0.956304755963,-1.298391193328E-16,0.292371704723)
  );
#5382 = DIRECTION('',(0.292371704723,4.246846234515E-16,-0.956304755963)
  );
#5383 = ORIENTED_EDGE('',*,*,#5384,.F.);
#5384 = EDGE_CURVE('',#5385,#5374,#5387,.T.);
#5385 = VERTEX_POINT('',#5386);
#5386 = CARTESIAN_POINT('',(-43.89516745588,54.,-15.80044888593));
#5387 = B_SPLINE_CURVE_WITH_KNOTS('',1,(#5388,#5389),.UNSPECIFIED.,.F.,
  .F.,(2,2),(0.,1.),.PIECEWISE_BEZIER_KNOTS.);
#5388 = CARTESIAN_POINT('',(-43.89516745588,54.,-15.80044888593));
#5389 = CARTESIAN_POINT('',(-45.46853761559,57.768099403686,
    -10.65418697921));
#5390 = ORIENTED_EDGE('',*,*,#5391,.F.);
#5391 = EDGE_CURVE('',#5376,#5385,#5392,.T.);
#5392 = B_SPLINE_CURVE_WITH_KNOTS('',1,(#5393,#5394),.UNSPECIFIED.,.F.,
  .F.,(2,2),(0.,1.),.PIECEWISE_BEZIER_KNOTS.);
#5393 = CARTESIAN_POINT('',(-45.46853761559,50.231900596314,
    -10.65418697921));
#5394 = CARTESIAN_POINT('',(-43.89516745588,54.,-15.80044888593));
#5395 = PLANE('',#5396);
#5396 = AXIS2_PLACEMENT_3D('',#5397,#5398,#5399);
#5397 = CARTESIAN_POINT('',(-48.72584946113,121.8,-9.281464485866E-15));
#5398 = DIRECTION('',(0.956304755963,6.491955966642E-17,0.292371704723)
  );
#5399 = DIRECTION('',(0.292371704723,-2.123423117257E-16,-0.956304755963
    ));
#5400 = ADVANCED_FACE('',(#5401),#5421,.T.);
#5401 = FACE_BOUND('',#5402,.T.);
#5402 = EDGE_LOOP('',(#5403,#5404,#5405,#5413,#5419,#5420));
#5403 = ORIENTED_EDGE('',*,*,#5364,.F.);
#5404 = ORIENTED_EDGE('',*,*,#2610,.T.);
#5405 = ORIENTED_EDGE('',*,*,#5406,.T.);
#5406 = EDGE_CURVE('',#2603,#5407,#5409,.T.);
#5407 = VERTEX_POINT('',#5408);
#5408 = CARTESIAN_POINT('',(-45.72584946113,67.,-2.498001805407E-16));
#5409 = LINE('',#5410,#5411);
#5410 = CARTESIAN_POINT('',(-38.73820788427,73.987641576855,
    6.987641576855));
#5411 = VECTOR('',#5412,1.);
#5412 = DIRECTION('',(0.57735026919,0.57735026919,0.57735026919));
#5413 = ORIENTED_EDGE('',*,*,#5414,.F.);
#5414 = EDGE_CURVE('',#2785,#5407,#5415,.T.);
#5415 = LINE('',#5416,#5417);
#5416 = CARTESIAN_POINT('',(-45.72584946113,99.1,-4.996003610813E-16));
#5417 = VECTOR('',#5418,1.);
#5418 = DIRECTION('',(2.22044604925E-16,1.,0.));
#5419 = ORIENTED_EDGE('',*,*,#2784,.T.);
#5420 = ORIENTED_EDGE('',*,*,#2856,.T.);
#5421 = PLANE('',#5422);
#5422 = AXIS2_PLACEMENT_3D('',#5423,#5424,#5425);
#5423 = CARTESIAN_POINT('',(-45.22584946113,118.2,0.5));
#5424 = DIRECTION('',(0.707106781187,-1.570092458684E-16,-0.707106781187
    ));
#5425 = DIRECTION('',(-0.707106781187,-1.570092458684E-16,
    -0.707106781187));
#5426 = ADVANCED_FACE('',(#5427),#5438,.T.);
#5427 = FACE_BOUND('',#5428,.T.);
#5428 = EDGE_LOOP('',(#5429,#5430,#5436,#5437));
#5429 = ORIENTED_EDGE('',*,*,#5268,.F.);
#5430 = ORIENTED_EDGE('',*,*,#5431,.T.);
#5431 = EDGE_CURVE('',#5261,#5407,#5432,.T.);
#5432 = LINE('',#5433,#5434);
#5433 = CARTESIAN_POINT('',(-56.,67.,-3.851859888774E-34));
#5434 = VECTOR('',#5435,1.);
#5435 = DIRECTION('',(1.,0.,0.));
#5436 = ORIENTED_EDGE('',*,*,#5406,.F.);
#5437 = ORIENTED_EDGE('',*,*,#2602,.F.);
#5438 = PLANE('',#5439);
#5439 = AXIS2_PLACEMENT_3D('',#5440,#5441,#5442);
#5440 = CARTESIAN_POINT('',(-56.,67.,-3.851859888774E-34));
#5441 = DIRECTION('',(0.,0.707106781187,-0.707106781187));
#5442 = DIRECTION('',(0.,-0.707106781187,-0.707106781187));
#5443 = ADVANCED_FACE('',(#5444),#5450,.T.);
#5444 = FACE_BOUND('',#5445,.T.);
#5445 = EDGE_LOOP('',(#5446,#5447,#5448,#5449));
#5446 = ORIENTED_EDGE('',*,*,#5277,.F.);
#5447 = ORIENTED_EDGE('',*,*,#2716,.T.);
#5448 = ORIENTED_EDGE('',*,*,#5191,.F.);
#5449 = ORIENTED_EDGE('',*,*,#5099,.F.);
#5450 = PLANE('',#5451);
#5451 = AXIS2_PLACEMENT_3D('',#5452,#5453,#5454);
#5452 = CARTESIAN_POINT('',(-56.,15.,-2.));
#5453 = DIRECTION('',(0.,-0.707106781187,-0.707106781187));
#5454 = DIRECTION('',(0.,-0.707106781187,0.707106781187));
#5455 = ADVANCED_FACE('',(#5456),#5467,.T.);
#5456 = FACE_BOUND('',#5457,.T.);
#5457 = EDGE_LOOP('',(#5458,#5464,#5465,#5466));
#5458 = ORIENTED_EDGE('',*,*,#5459,.F.);
#5459 = EDGE_CURVE('',#2960,#2817,#5460,.T.);
#5460 = LINE('',#5461,#5462);
#5461 = CARTESIAN_POINT('',(48.999999999941,119.2,-0.4));
#5462 = VECTOR('',#5463,1.);
#5463 = DIRECTION('',(0.,-1.,2.22044604925E-16));
#5464 = ORIENTED_EDGE('',*,*,#2967,.F.);
#5465 = ORIENTED_EDGE('',*,*,#2901,.F.);
#5466 = ORIENTED_EDGE('',*,*,#2824,.T.);
#5467 = PLANE('',#5468);
#5468 = AXIS2_PLACEMENT_3D('',#5469,#5470,#5471);
#5469 = CARTESIAN_POINT('',(48.999999999941,119.2,0.5));
#5470 = DIRECTION('',(1.,0.,0.));
#5471 = DIRECTION('',(0.,-2.22044604925E-16,-1.));
#5472 = ADVANCED_FACE('',(#5473),#5484,.T.);
#5473 = FACE_BOUND('',#5474,.T.);
#5474 = EDGE_LOOP('',(#5475,#5476,#5477,#5478));
#5475 = ORIENTED_EDGE('',*,*,#2959,.F.);
#5476 = ORIENTED_EDGE('',*,*,#5459,.T.);
#5477 = ORIENTED_EDGE('',*,*,#2816,.T.);
#5478 = ORIENTED_EDGE('',*,*,#5479,.F.);
#5479 = EDGE_CURVE('',#2952,#2809,#5480,.T.);
#5480 = LINE('',#5481,#5482);
#5481 = CARTESIAN_POINT('',(48.399999999941,119.2,-1.));
#5482 = VECTOR('',#5483,1.);
#5483 = DIRECTION('',(0.,-1.,2.22044604925E-16));
#5484 = PLANE('',#5485);
#5485 = AXIS2_PLACEMENT_3D('',#5486,#5487,#5488);
#5486 = CARTESIAN_POINT('',(48.999999999941,119.2,-0.4));
#5487 = DIRECTION('',(0.707106781187,-1.570092458684E-16,-0.707106781187
    ));
#5488 = DIRECTION('',(-0.707106781187,-1.570092458684E-16,
    -0.707106781187));
#5489 = ADVANCED_FACE('',(#5490),#5501,.T.);
#5490 = FACE_BOUND('',#5491,.T.);
#5491 = EDGE_LOOP('',(#5492,#5493,#5494,#5495));
#5492 = ORIENTED_EDGE('',*,*,#2951,.F.);
#5493 = ORIENTED_EDGE('',*,*,#5479,.T.);
#5494 = ORIENTED_EDGE('',*,*,#2808,.T.);
#5495 = ORIENTED_EDGE('',*,*,#5496,.F.);
#5496 = EDGE_CURVE('',#2944,#2801,#5497,.T.);
#5497 = LINE('',#5498,#5499);
#5498 = CARTESIAN_POINT('',(46.599999999941,119.2,-1.));
#5499 = VECTOR('',#5500,1.);
#5500 = DIRECTION('',(0.,-1.,2.22044604925E-16));
#5501 = PLANE('',#5502);
#5502 = AXIS2_PLACEMENT_3D('',#5503,#5504,#5505);
#5503 = CARTESIAN_POINT('',(48.399999999941,119.2,-1.));
#5504 = DIRECTION('',(-0.,-2.22044604925E-16,-1.));
#5505 = DIRECTION('',(-1.,0.,0.));
#5506 = ADVANCED_FACE('',(#5507),#5550,.T.);
#5507 = FACE_BOUND('',#5508,.T.);
#5508 = EDGE_LOOP('',(#5509,#5510,#5511,#5512,#5520,#5528,#5536,#5544));
#5509 = ORIENTED_EDGE('',*,*,#2943,.F.);
#5510 = ORIENTED_EDGE('',*,*,#5496,.T.);
#5511 = ORIENTED_EDGE('',*,*,#2800,.T.);
#5512 = ORIENTED_EDGE('',*,*,#5513,.F.);
#5513 = EDGE_CURVE('',#5514,#2793,#5516,.T.);
#5514 = VERTEX_POINT('',#5515);
#5515 = CARTESIAN_POINT('',(46.599999999999,48.000000000008,0.));
#5516 = LINE('',#5517,#5518);
#5517 = CARTESIAN_POINT('',(46.599999999941,99.6,-4.440892098501E-16));
#5518 = VECTOR('',#5519,1.);
#5519 = DIRECTION('',(0.,-1.,0.));
#5520 = ORIENTED_EDGE('',*,*,#5521,.F.);
#5521 = EDGE_CURVE('',#5522,#5514,#5524,.T.);
#5522 = VERTEX_POINT('',#5523);
#5523 = CARTESIAN_POINT('',(46.599999999999,48.000000000008,2.5));
#5524 = LINE('',#5525,#5526);
#5525 = CARTESIAN_POINT('',(46.599999999999,48.000000000008,2.5));
#5526 = VECTOR('',#5527,1.);
#5527 = DIRECTION('',(-0.,-0.,-1.));
#5528 = ORIENTED_EDGE('',*,*,#5529,.T.);
#5529 = EDGE_CURVE('',#5522,#5530,#5532,.T.);
#5530 = VERTEX_POINT('',#5531);
#5531 = CARTESIAN_POINT('',(46.599999999999,111.99999999999,2.5));
#5532 = LINE('',#5533,#5534);
#5533 = CARTESIAN_POINT('',(46.599999999999,48.000000000008,2.5));
#5534 = VECTOR('',#5535,1.);
#5535 = DIRECTION('',(0.,1.,0.));
#5536 = ORIENTED_EDGE('',*,*,#5537,.T.);
#5537 = EDGE_CURVE('',#5530,#5538,#5540,.T.);
#5538 = VERTEX_POINT('',#5539);
#5539 = CARTESIAN_POINT('',(46.599999999999,111.99999999999,0.));
#5540 = LINE('',#5541,#5542);
#5541 = CARTESIAN_POINT('',(46.599999999999,111.99999999999,2.5));
#5542 = VECTOR('',#5543,1.);
#5543 = DIRECTION('',(-0.,-0.,-1.));
#5544 = ORIENTED_EDGE('',*,*,#5545,.F.);
#5545 = EDGE_CURVE('',#2936,#5538,#5546,.T.);
#5546 = LINE('',#5547,#5548);
#5547 = CARTESIAN_POINT('',(46.599999999941,99.6,-4.440892098501E-16));
#5548 = VECTOR('',#5549,1.);
#5549 = DIRECTION('',(0.,-1.,0.));
#5550 = PLANE('',#5551);
#5551 = AXIS2_PLACEMENT_3D('',#5552,#5553,#5554);
#5552 = CARTESIAN_POINT('',(46.599999999967,80.,0.610718049533));
#5553 = DIRECTION('',(-1.,0.,1.675279251617E-11));
#5554 = DIRECTION('',(-1.675279251617E-11,0.,-1.));
#5555 = ADVANCED_FACE('',(#5556),#5644,.T.);
#5556 = FACE_BOUND('',#5557,.T.);
#5557 = EDGE_LOOP('',(#5558,#5559,#5560,#5561,#5569,#5577,#5583,#5584,
    #5585,#5594,#5602,#5611,#5619,#5628,#5636,#5643));
#5558 = ORIENTED_EDGE('',*,*,#2792,.T.);
#5559 = ORIENTED_EDGE('',*,*,#5414,.T.);
#5560 = ORIENTED_EDGE('',*,*,#5431,.F.);
#5561 = ORIENTED_EDGE('',*,*,#5562,.F.);
#5562 = EDGE_CURVE('',#5563,#5261,#5565,.T.);
#5563 = VERTEX_POINT('',#5564);
#5564 = CARTESIAN_POINT('',(-55.,93.,-2.029307271514E-17));
#5565 = LINE('',#5566,#5567);
#5566 = CARTESIAN_POINT('',(-55.,121.3,0.));
#5567 = VECTOR('',#5568,1.);
#5568 = DIRECTION('',(0.,-1.,0.));
#5569 = ORIENTED_EDGE('',*,*,#5570,.T.);
#5570 = EDGE_CURVE('',#5563,#5571,#5573,.T.);
#5571 = VERTEX_POINT('',#5572);
#5572 = CARTESIAN_POINT('',(-45.72584946113,93.,-2.700932532558E-16));
#5573 = LINE('',#5574,#5575);
#5574 = CARTESIAN_POINT('',(-56.,93.,-4.058614543028E-17));
#5575 = VECTOR('',#5576,1.);
#5576 = DIRECTION('',(1.,0.,0.));
#5577 = ORIENTED_EDGE('',*,*,#5578,.T.);
#5578 = EDGE_CURVE('',#5571,#2928,#5579,.T.);
#5579 = LINE('',#5580,#5581);
#5580 = CARTESIAN_POINT('',(-45.72584946113,99.1,-4.996003610813E-16));
#5581 = VECTOR('',#5582,1.);
#5582 = DIRECTION('',(2.22044604925E-16,1.,0.));
#5583 = ORIENTED_EDGE('',*,*,#2935,.F.);
#5584 = ORIENTED_EDGE('',*,*,#5545,.T.);
#5585 = ORIENTED_EDGE('',*,*,#5586,.T.);
#5586 = EDGE_CURVE('',#5538,#5587,#5589,.T.);
#5587 = VERTEX_POINT('',#5588);
#5588 = CARTESIAN_POINT('',(43.599999999992,114.99999999999,0.));
#5589 = CIRCLE('',#5590,3.000000000004);
#5590 = AXIS2_PLACEMENT_3D('',#5591,#5592,#5593);
#5591 = CARTESIAN_POINT('',(43.599999999995,111.99999999999,0.));
#5592 = DIRECTION('',(0.,0.,1.));
#5593 = DIRECTION('',(1.,0.,0.));
#5594 = ORIENTED_EDGE('',*,*,#5595,.T.);
#5595 = EDGE_CURVE('',#5587,#5596,#5598,.T.);
#5596 = VERTEX_POINT('',#5597);
#5597 = CARTESIAN_POINT('',(-40.39999999999,114.99999999999,0.));
#5598 = LINE('',#5599,#5600);
#5599 = CARTESIAN_POINT('',(43.599999999992,114.99999999999,0.));
#5600 = VECTOR('',#5601,1.);
#5601 = DIRECTION('',(-1.,0.,0.));
#5602 = ORIENTED_EDGE('',*,*,#5603,.T.);
#5603 = EDGE_CURVE('',#5596,#5604,#5606,.T.);
#5604 = VERTEX_POINT('',#5605);
#5605 = CARTESIAN_POINT('',(-43.39999999999,111.99999999999,0.));
#5606 = CIRCLE('',#5607,3.000000000004);
#5607 = AXIS2_PLACEMENT_3D('',#5608,#5609,#5610);
#5608 = CARTESIAN_POINT('',(-40.39999999999,111.99999999999,0.));
#5609 = DIRECTION('',(0.,0.,1.));
#5610 = DIRECTION('',(1.,0.,0.));
#5611 = ORIENTED_EDGE('',*,*,#5612,.T.);
#5612 = EDGE_CURVE('',#5604,#5613,#5615,.T.);
#5613 = VERTEX_POINT('',#5614);
#5614 = CARTESIAN_POINT('',(-43.39999999999,48.000000000008,0.));
#5615 = LINE('',#5616,#5617);
#5616 = CARTESIAN_POINT('',(-43.39999999999,111.99999999999,0.));
#5617 = VECTOR('',#5618,1.);
#5618 = DIRECTION('',(0.,-1.,0.));
#5619 = ORIENTED_EDGE('',*,*,#5620,.T.);
#5620 = EDGE_CURVE('',#5613,#5621,#5623,.T.);
#5621 = VERTEX_POINT('',#5622);
#5622 = CARTESIAN_POINT('',(-40.39999999999,45.000000000001,0.));
#5623 = CIRCLE('',#5624,3.000000000004);
#5624 = AXIS2_PLACEMENT_3D('',#5625,#5626,#5627);
#5625 = CARTESIAN_POINT('',(-40.39999999999,48.000000000005,0.));
#5626 = DIRECTION('',(0.,0.,1.));
#5627 = DIRECTION('',(1.,0.,0.));
#5628 = ORIENTED_EDGE('',*,*,#5629,.T.);
#5629 = EDGE_CURVE('',#5621,#5630,#5632,.T.);
#5630 = VERTEX_POINT('',#5631);
#5631 = CARTESIAN_POINT('',(43.599999999992,45.000000000001,0.));
#5632 = LINE('',#5633,#5634);
#5633 = CARTESIAN_POINT('',(-40.39999999999,45.000000000001,0.));
#5634 = VECTOR('',#5635,1.);
#5635 = DIRECTION('',(1.,0.,0.));
#5636 = ORIENTED_EDGE('',*,*,#5637,.T.);
#5637 = EDGE_CURVE('',#5630,#5514,#5638,.T.);
#5638 = CIRCLE('',#5639,3.000000000004);
#5639 = AXIS2_PLACEMENT_3D('',#5640,#5641,#5642);
#5640 = CARTESIAN_POINT('',(43.599999999995,48.000000000005,0.));
#5641 = DIRECTION('',(0.,0.,1.));
#5642 = DIRECTION('',(1.,0.,0.));
#5643 = ORIENTED_EDGE('',*,*,#5513,.T.);
#5644 = PLANE('',#5645);
#5645 = AXIS2_PLACEMENT_3D('',#5646,#5647,#5648);
#5646 = CARTESIAN_POINT('',(-12.22939595997,80.,-2.026069841142E-16));
#5647 = DIRECTION('',(-0.,-0.,-1.));
#5648 = DIRECTION('',(-1.,0.,0.));
#5649 = ADVANCED_FACE('',(#5650),#5668,.T.);
#5650 = FACE_BOUND('',#5651,.T.);
#5651 = EDGE_LOOP('',(#5652,#5658,#5659,#5660,#5661,#5667));
#5652 = ORIENTED_EDGE('',*,*,#5653,.F.);
#5653 = EDGE_CURVE('',#2984,#3238,#5654,.T.);
#5654 = LINE('',#5655,#5656);
#5655 = CARTESIAN_POINT('',(-48.02341360862,118.2,-2.297564147492));
#5656 = VECTOR('',#5657,1.);
#5657 = DIRECTION('',(0.,-1.,2.22044604925E-16));
#5658 = ORIENTED_EDGE('',*,*,#3000,.T.);
#5659 = ORIENTED_EDGE('',*,*,#2927,.F.);
#5660 = ORIENTED_EDGE('',*,*,#5578,.F.);
#5661 = ORIENTED_EDGE('',*,*,#5662,.T.);
#5662 = EDGE_CURVE('',#5571,#3213,#5663,.T.);
#5663 = LINE('',#5664,#5665);
#5664 = CARTESIAN_POINT('',(-52.13820788427,99.412358423145,
    -6.412358423145));
#5665 = VECTOR('',#5666,1.);
#5666 = DIRECTION('',(-0.57735026919,0.57735026919,-0.57735026919));
#5667 = ORIENTED_EDGE('',*,*,#3245,.T.);
#5668 = PLANE('',#5669);
#5669 = AXIS2_PLACEMENT_3D('',#5670,#5671,#5672);
#5670 = CARTESIAN_POINT('',(-45.22584946113,118.2,0.5));
#5671 = DIRECTION('',(0.707106781187,-1.570092458684E-16,-0.707106781187
    ));
#5672 = DIRECTION('',(-0.707106781187,-1.570092458684E-16,
    -0.707106781187));
#5673 = ADVANCED_FACE('',(#5674,#5685),#5710,.T.);
#5674 = FACE_BOUND('',#5675,.T.);
#5675 = EDGE_LOOP('',(#5676,#5682,#5683,#5684));
#5676 = ORIENTED_EDGE('',*,*,#5677,.F.);
#5677 = EDGE_CURVE('',#2982,#3230,#5678,.T.);
#5678 = LINE('',#5679,#5680);
#5679 = CARTESIAN_POINT('',(-43.52842787633,121.8,-17.));
#5680 = VECTOR('',#5681,1.);
#5681 = DIRECTION('',(0.,-1.,2.22044604925E-16));
#5682 = ORIENTED_EDGE('',*,*,#2981,.T.);
#5683 = ORIENTED_EDGE('',*,*,#5653,.T.);
#5684 = ORIENTED_EDGE('',*,*,#3237,.T.);
#5685 = FACE_BOUND('',#5686,.T.);
#5686 = EDGE_LOOP('',(#5687,#5698,#5705));
#5687 = ORIENTED_EDGE('',*,*,#5688,.F.);
#5688 = EDGE_CURVE('',#5689,#5691,#5693,.T.);
#5689 = VERTEX_POINT('',#5690);
#5690 = CARTESIAN_POINT('',(-45.46853761559,109.76809940368,
    -10.65418697921));
#5691 = VERTEX_POINT('',#5692);
#5692 = CARTESIAN_POINT('',(-45.46853761559,102.23190059631,
    -10.65418697921));
#5693 = CIRCLE('',#5694,4.599999999947);
#5694 = AXIS2_PLACEMENT_3D('',#5695,#5696,#5697);
#5695 = CARTESIAN_POINT('',(-46.23994620981,106.,-8.131023158882));
#5696 = DIRECTION('',(0.956304755963,-0.,0.292371704723));
#5697 = DIRECTION('',(0.292371704723,0.,-0.956304755963));
#5698 = ORIENTED_EDGE('',*,*,#5699,.T.);
#5699 = EDGE_CURVE('',#5689,#5700,#5702,.T.);
#5700 = VERTEX_POINT('',#5701);
#5701 = CARTESIAN_POINT('',(-43.89516745588,106.,-15.80044888593));
#5702 = B_SPLINE_CURVE_WITH_KNOTS('',1,(#5703,#5704),.UNSPECIFIED.,.F.,
  .F.,(2,2),(0.,1.),.PIECEWISE_BEZIER_KNOTS.);
#5703 = CARTESIAN_POINT('',(-45.46853761559,109.76809940368,
    -10.65418697921));
#5704 = CARTESIAN_POINT('',(-43.89516745588,106.,-15.80044888593));
#5705 = ORIENTED_EDGE('',*,*,#5706,.T.);
#5706 = EDGE_CURVE('',#5700,#5691,#5707,.T.);
#5707 = B_SPLINE_CURVE_WITH_KNOTS('',1,(#5708,#5709),.UNSPECIFIED.,.F.,
  .F.,(2,2),(0.,1.),.PIECEWISE_BEZIER_KNOTS.);
#5708 = CARTESIAN_POINT('',(-43.89516745588,106.,-15.80044888593));
#5709 = CARTESIAN_POINT('',(-45.46853761559,102.23190059631,
    -10.65418697921));
#5710 = PLANE('',#5711);
#5711 = AXIS2_PLACEMENT_3D('',#5712,#5713,#5714);
#5712 = CARTESIAN_POINT('',(-48.72584946113,121.8,-9.281464485866E-15));
#5713 = DIRECTION('',(0.956304755963,6.491955966642E-17,0.292371704723)
  );
#5714 = DIRECTION('',(0.292371704723,-2.123423117257E-16,-0.956304755963
    ));
#5715 = ADVANCED_FACE('',(#5716),#5722,.T.);
#5716 = FACE_BOUND('',#5717,.T.);
#5717 = EDGE_LOOP('',(#5718,#5719,#5720,#5721));
#5718 = ORIENTED_EDGE('',*,*,#3188,.F.);
#5719 = ORIENTED_EDGE('',*,*,#3026,.T.);
#5720 = ORIENTED_EDGE('',*,*,#5677,.T.);
#5721 = ORIENTED_EDGE('',*,*,#3229,.T.);
#5722 = PLANE('',#5723);
#5723 = AXIS2_PLACEMENT_3D('',#5724,#5725,#5726);
#5724 = CARTESIAN_POINT('',(-43.52842787633,121.8,-17.));
#5725 = DIRECTION('',(0.755060611109,-1.455846545154E-16,-0.655654995826
    ));
#5726 = DIRECTION('',(-0.655654995826,-1.676571350881E-16,
    -0.755060611109));
#5727 = ADVANCED_FACE('',(#5728,#5753,#5780),#5807,.T.);
#5728 = FACE_BOUND('',#5729,.T.);
#5729 = EDGE_LOOP('',(#5730,#5738,#5744,#5745,#5746,#5747));
#5730 = ORIENTED_EDGE('',*,*,#5731,.F.);
#5731 = EDGE_CURVE('',#5732,#5563,#5734,.T.);
#5732 = VERTEX_POINT('',#5733);
#5733 = CARTESIAN_POINT('',(-55.,147.,-1.925929944387E-34));
#5734 = LINE('',#5735,#5736);
#5735 = CARTESIAN_POINT('',(-55.,201.3,0.));
#5736 = VECTOR('',#5737,1.);
#5737 = DIRECTION('',(0.,-1.,0.));
#5738 = ORIENTED_EDGE('',*,*,#5739,.T.);
#5739 = EDGE_CURVE('',#5732,#3089,#5740,.T.);
#5740 = LINE('',#5741,#5742);
#5741 = CARTESIAN_POINT('',(-55.29289978817,147.95803203908,
    0.958032039081));
#5742 = VECTOR('',#5743,1.);
#5743 = DIRECTION('',(0.211302932279,-0.691140749345,-0.691140749345));
#5744 = ORIENTED_EDGE('',*,*,#3088,.T.);
#5745 = ORIENTED_EDGE('',*,*,#3057,.T.);
#5746 = ORIENTED_EDGE('',*,*,#3220,.T.);
#5747 = ORIENTED_EDGE('',*,*,#5748,.T.);
#5748 = EDGE_CURVE('',#3211,#5563,#5749,.T.);
#5749 = LINE('',#5750,#5751);
#5750 = CARTESIAN_POINT('',(-55.00081965426,92.997319031729,
    2.680968270915E-03));
#5751 = VECTOR('',#5752,1.);
#5752 = DIRECTION('',(-0.211302932279,-0.691140749345,0.691140749345));
#5753 = FACE_BOUND('',#5754,.T.);
#5754 = EDGE_LOOP('',(#5755,#5766,#5774));
#5755 = ORIENTED_EDGE('',*,*,#5756,.F.);
#5756 = EDGE_CURVE('',#5757,#5759,#5761,.T.);
#5757 = VERTEX_POINT('',#5758);
#5758 = CARTESIAN_POINT('',(-51.6088402005,104.19786550256,
    -11.09198390999));
#5759 = VERTEX_POINT('',#5760);
#5760 = CARTESIAN_POINT('',(-51.6088402005,107.80213449743,
    -11.09198390999));
#5761 = CIRCLE('',#5762,2.2);
#5762 = AXIS2_PLACEMENT_3D('',#5763,#5764,#5765);
#5763 = CARTESIAN_POINT('',(-51.97777474557,106.,-9.885253387213));
#5764 = DIRECTION('',(-0.956304755963,-0.,-0.292371704723));
#5765 = DIRECTION('',(0.292371704723,0.,-0.956304755963));
#5766 = ORIENTED_EDGE('',*,*,#5767,.T.);
#5767 = EDGE_CURVE('',#5757,#5768,#5770,.T.);
#5768 = VERTEX_POINT('',#5769);
#5769 = CARTESIAN_POINT('',(-50.85635881977,106.,-13.55323960454));
#5770 = LINE('',#5771,#5772);
#5771 = CARTESIAN_POINT('',(-53.53673840271,99.580698956373,
    -4.786113027072));
#5772 = VECTOR('',#5773,1.);
#5773 = DIRECTION('',(0.239496879614,0.573576436351,-0.783358995811));
#5774 = ORIENTED_EDGE('',*,*,#5775,.T.);
#5775 = EDGE_CURVE('',#5768,#5759,#5776,.T.);
#5776 = LINE('',#5777,#5778);
#5777 = CARTESIAN_POINT('',(-49.58888377747,102.96449565814,
    -17.69896366556));
#5778 = VECTOR('',#5779,1.);
#5779 = DIRECTION('',(-0.239496879614,0.573576436351,0.783358995811));
#5780 = FACE_BOUND('',#5781,.T.);
#5781 = EDGE_LOOP('',(#5782,#5793,#5801));
#5782 = ORIENTED_EDGE('',*,*,#5783,.F.);
#5783 = EDGE_CURVE('',#5784,#5786,#5788,.T.);
#5784 = VERTEX_POINT('',#5785);
#5785 = CARTESIAN_POINT('',(-51.6088402005,132.19786550256,
    -11.09198390999));
#5786 = VERTEX_POINT('',#5787);
#5787 = CARTESIAN_POINT('',(-51.6088402005,135.80213449743,
    -11.09198390999));
#5788 = CIRCLE('',#5789,2.2);
#5789 = AXIS2_PLACEMENT_3D('',#5790,#5791,#5792);
#5790 = CARTESIAN_POINT('',(-51.97777474557,134.,-9.885253387213));
#5791 = DIRECTION('',(-0.956304755963,-0.,-0.292371704723));
#5792 = DIRECTION('',(0.292371704723,0.,-0.956304755963));
#5793 = ORIENTED_EDGE('',*,*,#5794,.T.);
#5794 = EDGE_CURVE('',#5784,#5795,#5797,.T.);
#5795 = VERTEX_POINT('',#5796);
#5796 = CARTESIAN_POINT('',(-50.85635881977,134.,-13.55323960454));
#5797 = LINE('',#5798,#5799);
#5798 = CARTESIAN_POINT('',(-49.96512446783,136.13443709313,
    -16.46833581829));
#5799 = VECTOR('',#5800,1.);
#5800 = DIRECTION('',(0.239496879614,0.573576436351,-0.783358995811));
#5801 = ORIENTED_EDGE('',*,*,#5802,.T.);
#5802 = EDGE_CURVE('',#5795,#5786,#5803,.T.);
#5803 = LINE('',#5804,#5805);
#5804 = CARTESIAN_POINT('',(-53.16049771235,139.5182337949,
    -6.016740874346));
#5805 = VECTOR('',#5806,1.);
#5806 = DIRECTION('',(-0.239496879614,0.573576436351,0.783358995811));
#5807 = PLANE('',#5808);
#5808 = AXIS2_PLACEMENT_3D('',#5809,#5810,#5811);
#5809 = CARTESIAN_POINT('',(-52.500996709,120.,-8.17387145803));
#5810 = DIRECTION('',(-0.956304755964,-0.,-0.29237170472));
#5811 = DIRECTION('',(0.29237170472,0.,-0.956304755964));
#5812 = ADVANCED_FACE('',(#5813),#5824,.T.);
#5813 = FACE_BOUND('',#5814,.T.);
#5814 = EDGE_LOOP('',(#5815,#5816,#5817,#5823));
#5815 = ORIENTED_EDGE('',*,*,#3146,.F.);
#5816 = ORIENTED_EDGE('',*,*,#3120,.T.);
#5817 = ORIENTED_EDGE('',*,*,#5818,.T.);
#5818 = EDGE_CURVE('',#3113,#3334,#5819,.T.);
#5819 = LINE('',#5820,#5821);
#5820 = CARTESIAN_POINT('',(-43.52842787633,201.8,-17.));
#5821 = VECTOR('',#5822,1.);
#5822 = DIRECTION('',(0.,-1.,2.22044604925E-16));
#5823 = ORIENTED_EDGE('',*,*,#3367,.F.);
#5824 = PLANE('',#5825);
#5825 = AXIS2_PLACEMENT_3D('',#5826,#5827,#5828);
#5826 = CARTESIAN_POINT('',(-43.52842787633,201.8,-17.));
#5827 = DIRECTION('',(0.755060611109,-1.455846545154E-16,-0.655654995826
    ));
#5828 = DIRECTION('',(-0.655654995826,-1.676571350881E-16,
    -0.755060611109));
#5829 = ADVANCED_FACE('',(#5830,#5841),#5866,.T.);
#5830 = FACE_BOUND('',#5831,.T.);
#5831 = EDGE_LOOP('',(#5832,#5833,#5834,#5840));
#5832 = ORIENTED_EDGE('',*,*,#5818,.F.);
#5833 = ORIENTED_EDGE('',*,*,#3112,.T.);
#5834 = ORIENTED_EDGE('',*,*,#5835,.T.);
#5835 = EDGE_CURVE('',#3105,#3343,#5836,.T.);
#5836 = LINE('',#5837,#5838);
#5837 = CARTESIAN_POINT('',(-48.02341360862,198.2,-2.297564147492));
#5838 = VECTOR('',#5839,1.);
#5839 = DIRECTION('',(0.,-1.,2.22044604925E-16));
#5840 = ORIENTED_EDGE('',*,*,#3342,.F.);
#5841 = FACE_BOUND('',#5842,.T.);
#5842 = EDGE_LOOP('',(#5843,#5854,#5861));
#5843 = ORIENTED_EDGE('',*,*,#5844,.F.);
#5844 = EDGE_CURVE('',#5845,#5847,#5849,.T.);
#5845 = VERTEX_POINT('',#5846);
#5846 = CARTESIAN_POINT('',(-45.46853761559,137.76809940368,
    -10.65418697921));
#5847 = VERTEX_POINT('',#5848);
#5848 = CARTESIAN_POINT('',(-45.46853761559,130.23190059631,
    -10.65418697921));
#5849 = CIRCLE('',#5850,4.599999999947);
#5850 = AXIS2_PLACEMENT_3D('',#5851,#5852,#5853);
#5851 = CARTESIAN_POINT('',(-46.23994620981,134.,-8.131023158882));
#5852 = DIRECTION('',(0.956304755963,-1.298391193328E-16,0.292371704723)
  );
#5853 = DIRECTION('',(0.292371704723,4.246846234515E-16,-0.956304755963)
  );
#5854 = ORIENTED_EDGE('',*,*,#5855,.F.);
#5855 = EDGE_CURVE('',#5856,#5845,#5858,.T.);
#5856 = VERTEX_POINT('',#5857);
#5857 = CARTESIAN_POINT('',(-43.89516745588,134.,-15.80044888593));
#5858 = B_SPLINE_CURVE_WITH_KNOTS('',1,(#5859,#5860),.UNSPECIFIED.,.F.,
  .F.,(2,2),(0.,1.),.PIECEWISE_BEZIER_KNOTS.);
#5859 = CARTESIAN_POINT('',(-43.89516745588,134.,-15.80044888593));
#5860 = CARTESIAN_POINT('',(-45.46853761559,137.76809940368,
    -10.65418697921));
#5861 = ORIENTED_EDGE('',*,*,#5862,.F.);
#5862 = EDGE_CURVE('',#5847,#5856,#5863,.T.);
#5863 = B_SPLINE_CURVE_WITH_KNOTS('',1,(#5864,#5865),.UNSPECIFIED.,.F.,
  .F.,(2,2),(0.,1.),.PIECEWISE_BEZIER_KNOTS.);
#5864 = CARTESIAN_POINT('',(-45.46853761559,130.23190059631,
    -10.65418697921));
#5865 = CARTESIAN_POINT('',(-43.89516745588,134.,-15.80044888593));
#5866 = PLANE('',#5867);
#5867 = AXIS2_PLACEMENT_3D('',#5868,#5869,#5870);
#5868 = CARTESIAN_POINT('',(-48.72584946113,201.8,-9.281464485866E-15));
#5869 = DIRECTION('',(0.956304755963,6.491955966642E-17,0.292371704723)
  );
#5870 = DIRECTION('',(0.292371704723,-2.123423117257E-16,-0.956304755963
    ));
#5871 = ADVANCED_FACE('',(#5872),#5892,.T.);
#5872 = FACE_BOUND('',#5873,.T.);
#5873 = EDGE_LOOP('',(#5874,#5875,#5876,#5884,#5890,#5891));
#5874 = ORIENTED_EDGE('',*,*,#5835,.F.);
#5875 = ORIENTED_EDGE('',*,*,#3104,.T.);
#5876 = ORIENTED_EDGE('',*,*,#5877,.T.);
#5877 = EDGE_CURVE('',#3097,#5878,#5880,.T.);
#5878 = VERTEX_POINT('',#5879);
#5879 = CARTESIAN_POINT('',(-45.72584946113,147.,-2.498001805407E-16));
#5880 = LINE('',#5881,#5882);
#5881 = CARTESIAN_POINT('',(-38.73820788427,153.98764157685,
    6.987641576855));
#5882 = VECTOR('',#5883,1.);
#5883 = DIRECTION('',(0.57735026919,0.57735026919,0.57735026919));
#5884 = ORIENTED_EDGE('',*,*,#5885,.F.);
#5885 = EDGE_CURVE('',#3279,#5878,#5886,.T.);
#5886 = LINE('',#5887,#5888);
#5887 = CARTESIAN_POINT('',(-45.72584946113,179.1,-4.996003610813E-16));
#5888 = VECTOR('',#5889,1.);
#5889 = DIRECTION('',(2.22044604925E-16,1.,0.));
#5890 = ORIENTED_EDGE('',*,*,#3278,.T.);
#5891 = ORIENTED_EDGE('',*,*,#3350,.T.);
#5892 = PLANE('',#5893);
#5893 = AXIS2_PLACEMENT_3D('',#5894,#5895,#5896);
#5894 = CARTESIAN_POINT('',(-45.22584946113,198.2,0.5));
#5895 = DIRECTION('',(0.707106781187,-1.570092458684E-16,-0.707106781187
    ));
#5896 = DIRECTION('',(-0.707106781187,-1.570092458684E-16,
    -0.707106781187));
#5897 = ADVANCED_FACE('',(#5898),#5909,.T.);
#5898 = FACE_BOUND('',#5899,.T.);
#5899 = EDGE_LOOP('',(#5900,#5901,#5907,#5908));
#5900 = ORIENTED_EDGE('',*,*,#5739,.F.);
#5901 = ORIENTED_EDGE('',*,*,#5902,.T.);
#5902 = EDGE_CURVE('',#5732,#5878,#5903,.T.);
#5903 = LINE('',#5904,#5905);
#5904 = CARTESIAN_POINT('',(-56.,147.,-3.851859888774E-34));
#5905 = VECTOR('',#5906,1.);
#5906 = DIRECTION('',(1.,0.,0.));
#5907 = ORIENTED_EDGE('',*,*,#5877,.F.);
#5908 = ORIENTED_EDGE('',*,*,#3096,.F.);
#5909 = PLANE('',#5910);
#5910 = AXIS2_PLACEMENT_3D('',#5911,#5912,#5913);
#5911 = CARTESIAN_POINT('',(-56.,147.,-3.851859888774E-34));
#5912 = DIRECTION('',(0.,0.707106781187,-0.707106781187));
#5913 = DIRECTION('',(0.,-0.707106781187,-0.707106781187));
#5914 = ADVANCED_FACE('',(#5915),#5921,.T.);
#5915 = FACE_BOUND('',#5916,.T.);
#5916 = EDGE_LOOP('',(#5917,#5918,#5919,#5920));
#5917 = ORIENTED_EDGE('',*,*,#5748,.F.);
#5918 = ORIENTED_EDGE('',*,*,#3210,.T.);
#5919 = ORIENTED_EDGE('',*,*,#5662,.F.);
#5920 = ORIENTED_EDGE('',*,*,#5570,.F.);
#5921 = PLANE('',#5922);
#5922 = AXIS2_PLACEMENT_3D('',#5923,#5924,#5925);
#5923 = CARTESIAN_POINT('',(-56.,95.,-2.));
#5924 = DIRECTION('',(0.,-0.707106781187,-0.707106781187));
#5925 = DIRECTION('',(0.,-0.707106781187,0.707106781187));
#5926 = ADVANCED_FACE('',(#5927),#5938,.T.);
#5927 = FACE_BOUND('',#5928,.T.);
#5928 = EDGE_LOOP('',(#5929,#5935,#5936,#5937));
#5929 = ORIENTED_EDGE('',*,*,#5930,.F.);
#5930 = EDGE_CURVE('',#3454,#3311,#5931,.T.);
#5931 = LINE('',#5932,#5933);
#5932 = CARTESIAN_POINT('',(48.999999999941,199.2,-0.4));
#5933 = VECTOR('',#5934,1.);
#5934 = DIRECTION('',(0.,-1.,2.22044604925E-16));
#5935 = ORIENTED_EDGE('',*,*,#3461,.F.);
#5936 = ORIENTED_EDGE('',*,*,#3395,.F.);
#5937 = ORIENTED_EDGE('',*,*,#3318,.T.);
#5938 = PLANE('',#5939);
#5939 = AXIS2_PLACEMENT_3D('',#5940,#5941,#5942);
#5940 = CARTESIAN_POINT('',(48.999999999941,199.2,0.5));
#5941 = DIRECTION('',(1.,0.,0.));
#5942 = DIRECTION('',(0.,-2.22044604925E-16,-1.));
#5943 = ADVANCED_FACE('',(#5944),#5955,.T.);
#5944 = FACE_BOUND('',#5945,.T.);
#5945 = EDGE_LOOP('',(#5946,#5947,#5948,#5949));
#5946 = ORIENTED_EDGE('',*,*,#3453,.F.);
#5947 = ORIENTED_EDGE('',*,*,#5930,.T.);
#5948 = ORIENTED_EDGE('',*,*,#3310,.T.);
#5949 = ORIENTED_EDGE('',*,*,#5950,.F.);
#5950 = EDGE_CURVE('',#3446,#3303,#5951,.T.);
#5951 = LINE('',#5952,#5953);
#5952 = CARTESIAN_POINT('',(48.399999999941,199.2,-1.));
#5953 = VECTOR('',#5954,1.);
#5954 = DIRECTION('',(0.,-1.,2.22044604925E-16));
#5955 = PLANE('',#5956);
#5956 = AXIS2_PLACEMENT_3D('',#5957,#5958,#5959);
#5957 = CARTESIAN_POINT('',(48.999999999941,199.2,-0.4));
#5958 = DIRECTION('',(0.707106781187,-1.570092458684E-16,-0.707106781187
    ));
#5959 = DIRECTION('',(-0.707106781187,-1.570092458684E-16,
    -0.707106781187));
#5960 = ADVANCED_FACE('',(#5961),#5972,.T.);
#5961 = FACE_BOUND('',#5962,.T.);
#5962 = EDGE_LOOP('',(#5963,#5964,#5965,#5966));
#5963 = ORIENTED_EDGE('',*,*,#3445,.F.);
#5964 = ORIENTED_EDGE('',*,*,#5950,.T.);
#5965 = ORIENTED_EDGE('',*,*,#3302,.T.);
#5966 = ORIENTED_EDGE('',*,*,#5967,.F.);
#5967 = EDGE_CURVE('',#3438,#3295,#5968,.T.);
#5968 = LINE('',#5969,#5970);
#5969 = CARTESIAN_POINT('',(46.599999999941,199.2,-1.));
#5970 = VECTOR('',#5971,1.);
#5971 = DIRECTION('',(0.,-1.,2.22044604925E-16));
#5972 = PLANE('',#5973);
#5973 = AXIS2_PLACEMENT_3D('',#5974,#5975,#5976);
#5974 = CARTESIAN_POINT('',(48.399999999941,199.2,-1.));
#5975 = DIRECTION('',(-0.,-2.22044604925E-16,-1.));
#5976 = DIRECTION('',(-1.,0.,0.));
#5977 = ADVANCED_FACE('',(#5978),#6021,.T.);
#5978 = FACE_BOUND('',#5979,.T.);
#5979 = EDGE_LOOP('',(#5980,#5981,#5982,#5983,#5991,#5999,#6007,#6015));
#5980 = ORIENTED_EDGE('',*,*,#3437,.F.);
#5981 = ORIENTED_EDGE('',*,*,#5967,.T.);
#5982 = ORIENTED_EDGE('',*,*,#3294,.T.);
#5983 = ORIENTED_EDGE('',*,*,#5984,.F.);
#5984 = EDGE_CURVE('',#5985,#3287,#5987,.T.);
#5985 = VERTEX_POINT('',#5986);
#5986 = CARTESIAN_POINT('',(46.599999999999,128.,0.));
#5987 = LINE('',#5988,#5989);
#5988 = CARTESIAN_POINT('',(46.599999999941,179.6,-4.440892098501E-16));
#5989 = VECTOR('',#5990,1.);
#5990 = DIRECTION('',(0.,-1.,0.));
#5991 = ORIENTED_EDGE('',*,*,#5992,.F.);
#5992 = EDGE_CURVE('',#5993,#5985,#5995,.T.);
#5993 = VERTEX_POINT('',#5994);
#5994 = CARTESIAN_POINT('',(46.599999999999,128.,2.5));
#5995 = LINE('',#5996,#5997);
#5996 = CARTESIAN_POINT('',(46.599999999999,128.,2.5));
#5997 = VECTOR('',#5998,1.);
#5998 = DIRECTION('',(-0.,-0.,-1.));
#5999 = ORIENTED_EDGE('',*,*,#6000,.T.);
#6000 = EDGE_CURVE('',#5993,#6001,#6003,.T.);
#6001 = VERTEX_POINT('',#6002);
#6002 = CARTESIAN_POINT('',(46.599999999999,191.99999999999,2.5));
#6003 = LINE('',#6004,#6005);
#6004 = CARTESIAN_POINT('',(46.599999999999,128.,2.5));
#6005 = VECTOR('',#6006,1.);
#6006 = DIRECTION('',(0.,1.,0.));
#6007 = ORIENTED_EDGE('',*,*,#6008,.T.);
#6008 = EDGE_CURVE('',#6001,#6009,#6011,.T.);
#6009 = VERTEX_POINT('',#6010);
#6010 = CARTESIAN_POINT('',(46.599999999999,191.99999999999,0.));
#6011 = LINE('',#6012,#6013);
#6012 = CARTESIAN_POINT('',(46.599999999999,191.99999999999,2.5));
#6013 = VECTOR('',#6014,1.);
#6014 = DIRECTION('',(-0.,-0.,-1.));
#6015 = ORIENTED_EDGE('',*,*,#6016,.F.);
#6016 = EDGE_CURVE('',#3430,#6009,#6017,.T.);
#6017 = LINE('',#6018,#6019);
#6018 = CARTESIAN_POINT('',(46.599999999941,179.6,-4.440892098501E-16));
#6019 = VECTOR('',#6020,1.);
#6020 = DIRECTION('',(0.,-1.,0.));
#6021 = PLANE('',#6022);
#6022 = AXIS2_PLACEMENT_3D('',#6023,#6024,#6025);
#6023 = CARTESIAN_POINT('',(46.599999999967,160.,0.610718049533));
#6024 = DIRECTION('',(-1.,0.,1.675279251617E-11));
#6025 = DIRECTION('',(-1.675279251617E-11,0.,-1.));
#6026 = ADVANCED_FACE('',(#6027),#6115,.T.);
#6027 = FACE_BOUND('',#6028,.T.);
#6028 = EDGE_LOOP('',(#6029,#6030,#6031,#6032,#6040,#6048,#6054,#6055,
    #6056,#6065,#6073,#6082,#6090,#6099,#6107,#6114));
#6029 = ORIENTED_EDGE('',*,*,#3286,.T.);
#6030 = ORIENTED_EDGE('',*,*,#5885,.T.);
#6031 = ORIENTED_EDGE('',*,*,#5902,.F.);
#6032 = ORIENTED_EDGE('',*,*,#6033,.F.);
#6033 = EDGE_CURVE('',#6034,#5732,#6036,.T.);
#6034 = VERTEX_POINT('',#6035);
#6035 = CARTESIAN_POINT('',(-55.,173.,-2.029307271514E-17));
#6036 = LINE('',#6037,#6038);
#6037 = CARTESIAN_POINT('',(-55.,201.3,0.));
#6038 = VECTOR('',#6039,1.);
#6039 = DIRECTION('',(0.,-1.,0.));
#6040 = ORIENTED_EDGE('',*,*,#6041,.T.);
#6041 = EDGE_CURVE('',#6034,#6042,#6044,.T.);
#6042 = VERTEX_POINT('',#6043);
#6043 = CARTESIAN_POINT('',(-45.72584946113,173.,-2.700932532558E-16));
#6044 = LINE('',#6045,#6046);
#6045 = CARTESIAN_POINT('',(-56.,173.,-4.058614543028E-17));
#6046 = VECTOR('',#6047,1.);
#6047 = DIRECTION('',(1.,0.,0.));
#6048 = ORIENTED_EDGE('',*,*,#6049,.T.);
#6049 = EDGE_CURVE('',#6042,#3422,#6050,.T.);
#6050 = LINE('',#6051,#6052);
#6051 = CARTESIAN_POINT('',(-45.72584946113,179.1,-4.996003610813E-16));
#6052 = VECTOR('',#6053,1.);
#6053 = DIRECTION('',(2.22044604925E-16,1.,0.));
#6054 = ORIENTED_EDGE('',*,*,#3429,.F.);
#6055 = ORIENTED_EDGE('',*,*,#6016,.T.);
#6056 = ORIENTED_EDGE('',*,*,#6057,.T.);
#6057 = EDGE_CURVE('',#6009,#6058,#6060,.T.);
#6058 = VERTEX_POINT('',#6059);
#6059 = CARTESIAN_POINT('',(43.599999999992,194.99999999999,0.));
#6060 = CIRCLE('',#6061,3.000000000004);
#6061 = AXIS2_PLACEMENT_3D('',#6062,#6063,#6064);
#6062 = CARTESIAN_POINT('',(43.599999999995,191.99999999999,0.));
#6063 = DIRECTION('',(0.,0.,1.));
#6064 = DIRECTION('',(1.,0.,0.));
#6065 = ORIENTED_EDGE('',*,*,#6066,.T.);
#6066 = EDGE_CURVE('',#6058,#6067,#6069,.T.);
#6067 = VERTEX_POINT('',#6068);
#6068 = CARTESIAN_POINT('',(-40.39999999999,194.99999999999,0.));
#6069 = LINE('',#6070,#6071);
#6070 = CARTESIAN_POINT('',(43.599999999992,194.99999999999,0.));
#6071 = VECTOR('',#6072,1.);
#6072 = DIRECTION('',(-1.,0.,0.));
#6073 = ORIENTED_EDGE('',*,*,#6074,.T.);
#6074 = EDGE_CURVE('',#6067,#6075,#6077,.T.);
#6075 = VERTEX_POINT('',#6076);
#6076 = CARTESIAN_POINT('',(-43.39999999999,191.99999999999,0.));
#6077 = CIRCLE('',#6078,3.000000000004);
#6078 = AXIS2_PLACEMENT_3D('',#6079,#6080,#6081);
#6079 = CARTESIAN_POINT('',(-40.39999999999,191.99999999999,0.));
#6080 = DIRECTION('',(0.,0.,1.));
#6081 = DIRECTION('',(1.,0.,0.));
#6082 = ORIENTED_EDGE('',*,*,#6083,.T.);
#6083 = EDGE_CURVE('',#6075,#6084,#6086,.T.);
#6084 = VERTEX_POINT('',#6085);
#6085 = CARTESIAN_POINT('',(-43.39999999999,128.,0.));
#6086 = LINE('',#6087,#6088);
#6087 = CARTESIAN_POINT('',(-43.39999999999,191.99999999999,0.));
#6088 = VECTOR('',#6089,1.);
#6089 = DIRECTION('',(0.,-1.,0.));
#6090 = ORIENTED_EDGE('',*,*,#6091,.T.);
#6091 = EDGE_CURVE('',#6084,#6092,#6094,.T.);
#6092 = VERTEX_POINT('',#6093);
#6093 = CARTESIAN_POINT('',(-40.39999999999,125.,0.));
#6094 = CIRCLE('',#6095,3.000000000004);
#6095 = AXIS2_PLACEMENT_3D('',#6096,#6097,#6098);
#6096 = CARTESIAN_POINT('',(-40.39999999999,128.,0.));
#6097 = DIRECTION('',(0.,0.,1.));
#6098 = DIRECTION('',(1.,0.,0.));
#6099 = ORIENTED_EDGE('',*,*,#6100,.T.);
#6100 = EDGE_CURVE('',#6092,#6101,#6103,.T.);
#6101 = VERTEX_POINT('',#6102);
#6102 = CARTESIAN_POINT('',(43.599999999992,125.,0.));
#6103 = LINE('',#6104,#6105);
#6104 = CARTESIAN_POINT('',(-40.39999999999,125.,0.));
#6105 = VECTOR('',#6106,1.);
#6106 = DIRECTION('',(1.,0.,0.));
#6107 = ORIENTED_EDGE('',*,*,#6108,.T.);
#6108 = EDGE_CURVE('',#6101,#5985,#6109,.T.);
#6109 = CIRCLE('',#6110,3.000000000004);
#6110 = AXIS2_PLACEMENT_3D('',#6111,#6112,#6113);
#6111 = CARTESIAN_POINT('',(43.599999999995,128.,0.));
#6112 = DIRECTION('',(0.,0.,1.));
#6113 = DIRECTION('',(1.,0.,0.));
#6114 = ORIENTED_EDGE('',*,*,#5984,.T.);
#6115 = PLANE('',#6116);
#6116 = AXIS2_PLACEMENT_3D('',#6117,#6118,#6119);
#6117 = CARTESIAN_POINT('',(-12.22939595997,160.,-2.026069841142E-16));
#6118 = DIRECTION('',(-0.,-0.,-1.));
#6119 = DIRECTION('',(-1.,0.,0.));
#6120 = ADVANCED_FACE('',(#6121),#6139,.T.);
#6121 = FACE_BOUND('',#6122,.T.);
#6122 = EDGE_LOOP('',(#6123,#6129,#6130,#6131,#6132,#6138));
#6123 = ORIENTED_EDGE('',*,*,#6124,.F.);
#6124 = EDGE_CURVE('',#3478,#3732,#6125,.T.);
#6125 = LINE('',#6126,#6127);
#6126 = CARTESIAN_POINT('',(-48.02341360862,198.2,-2.297564147492));
#6127 = VECTOR('',#6128,1.);
#6128 = DIRECTION('',(0.,-1.,2.22044604925E-16));
#6129 = ORIENTED_EDGE('',*,*,#3494,.T.);
#6130 = ORIENTED_EDGE('',*,*,#3421,.F.);
#6131 = ORIENTED_EDGE('',*,*,#6049,.F.);
#6132 = ORIENTED_EDGE('',*,*,#6133,.T.);
#6133 = EDGE_CURVE('',#6042,#3707,#6134,.T.);
#6134 = LINE('',#6135,#6136);
#6135 = CARTESIAN_POINT('',(-52.13820788427,179.41235842314,
    -6.412358423145));
#6136 = VECTOR('',#6137,1.);
#6137 = DIRECTION('',(-0.57735026919,0.57735026919,-0.57735026919));
#6138 = ORIENTED_EDGE('',*,*,#3739,.T.);
#6139 = PLANE('',#6140);
#6140 = AXIS2_PLACEMENT_3D('',#6141,#6142,#6143);
#6141 = CARTESIAN_POINT('',(-45.22584946113,198.2,0.5));
#6142 = DIRECTION('',(0.707106781187,-1.570092458684E-16,-0.707106781187
    ));
#6143 = DIRECTION('',(-0.707106781187,-1.570092458684E-16,
    -0.707106781187));
#6144 = ADVANCED_FACE('',(#6145,#6156),#6181,.T.);
#6145 = FACE_BOUND('',#6146,.T.);
#6146 = EDGE_LOOP('',(#6147,#6153,#6154,#6155));
#6147 = ORIENTED_EDGE('',*,*,#6148,.F.);
#6148 = EDGE_CURVE('',#3476,#3724,#6149,.T.);
#6149 = LINE('',#6150,#6151);
#6150 = CARTESIAN_POINT('',(-43.52842787633,201.8,-17.));
#6151 = VECTOR('',#6152,1.);
#6152 = DIRECTION('',(0.,-1.,2.22044604925E-16));
#6153 = ORIENTED_EDGE('',*,*,#3475,.T.);
#6154 = ORIENTED_EDGE('',*,*,#6124,.T.);
#6155 = ORIENTED_EDGE('',*,*,#3731,.T.);
#6156 = FACE_BOUND('',#6157,.T.);
#6157 = EDGE_LOOP('',(#6158,#6169,#6176));
#6158 = ORIENTED_EDGE('',*,*,#6159,.F.);
#6159 = EDGE_CURVE('',#6160,#6162,#6164,.T.);
#6160 = VERTEX_POINT('',#6161);
#6161 = CARTESIAN_POINT('',(-45.46853761559,189.76809940368,
    -10.65418697921));
#6162 = VERTEX_POINT('',#6163);
#6163 = CARTESIAN_POINT('',(-45.46853761559,182.23190059631,
    -10.65418697921));
#6164 = CIRCLE('',#6165,4.599999999947);
#6165 = AXIS2_PLACEMENT_3D('',#6166,#6167,#6168);
#6166 = CARTESIAN_POINT('',(-46.23994620981,186.,-8.131023158882));
#6167 = DIRECTION('',(0.956304755963,-0.,0.292371704723));
#6168 = DIRECTION('',(0.292371704723,0.,-0.956304755963));
#6169 = ORIENTED_EDGE('',*,*,#6170,.T.);
#6170 = EDGE_CURVE('',#6160,#6171,#6173,.T.);
#6171 = VERTEX_POINT('',#6172);
#6172 = CARTESIAN_POINT('',(-43.89516745588,186.,-15.80044888593));
#6173 = B_SPLINE_CURVE_WITH_KNOTS('',1,(#6174,#6175),.UNSPECIFIED.,.F.,
  .F.,(2,2),(0.,1.),.PIECEWISE_BEZIER_KNOTS.);
#6174 = CARTESIAN_POINT('',(-45.46853761559,189.76809940368,
    -10.65418697921));
#6175 = CARTESIAN_POINT('',(-43.89516745588,186.,-15.80044888593));
#6176 = ORIENTED_EDGE('',*,*,#6177,.T.);
#6177 = EDGE_CURVE('',#6171,#6162,#6178,.T.);
#6178 = B_SPLINE_CURVE_WITH_KNOTS('',1,(#6179,#6180),.UNSPECIFIED.,.F.,
  .F.,(2,2),(0.,1.),.PIECEWISE_BEZIER_KNOTS.);
#6179 = CARTESIAN_POINT('',(-43.89516745588,186.,-15.80044888593));
#6180 = CARTESIAN_POINT('',(-45.46853761559,182.23190059631,
    -10.65418697921));
#6181 = PLANE('',#6182);
#6182 = AXIS2_PLACEMENT_3D('',#6183,#6184,#6185);
#6183 = CARTESIAN_POINT('',(-48.72584946113,201.8,-9.281464485866E-15));
#6184 = DIRECTION('',(0.956304755963,6.491955966642E-17,0.292371704723)
  );
#6185 = DIRECTION('',(0.292371704723,-2.123423117257E-16,-0.956304755963
    ));
#6186 = ADVANCED_FACE('',(#6187),#6193,.T.);
#6187 = FACE_BOUND('',#6188,.T.);
#6188 = EDGE_LOOP('',(#6189,#6190,#6191,#6192));
#6189 = ORIENTED_EDGE('',*,*,#3682,.F.);
#6190 = ORIENTED_EDGE('',*,*,#3520,.T.);
#6191 = ORIENTED_EDGE('',*,*,#6148,.T.);
#6192 = ORIENTED_EDGE('',*,*,#3723,.T.);
#6193 = PLANE('',#6194);
#6194 = AXIS2_PLACEMENT_3D('',#6195,#6196,#6197);
#6195 = CARTESIAN_POINT('',(-43.52842787633,201.8,-17.));
#6196 = DIRECTION('',(0.755060611109,-1.455846545154E-16,-0.655654995826
    ));
#6197 = DIRECTION('',(-0.655654995826,-1.676571350881E-16,
    -0.755060611109));
#6198 = ADVANCED_FACE('',(#6199,#6224,#6251),#6278,.T.);
#6199 = FACE_BOUND('',#6200,.T.);
#6200 = EDGE_LOOP('',(#6201,#6209,#6215,#6216,#6217,#6218));
#6201 = ORIENTED_EDGE('',*,*,#6202,.F.);
#6202 = EDGE_CURVE('',#6203,#6034,#6205,.T.);
#6203 = VERTEX_POINT('',#6204);
#6204 = CARTESIAN_POINT('',(-55.,227.,-1.925929944387E-34));
#6205 = LINE('',#6206,#6207);
#6206 = CARTESIAN_POINT('',(-55.,281.3,0.));
#6207 = VECTOR('',#6208,1.);
#6208 = DIRECTION('',(0.,-1.,0.));
#6209 = ORIENTED_EDGE('',*,*,#6210,.T.);
#6210 = EDGE_CURVE('',#6203,#3583,#6211,.T.);
#6211 = LINE('',#6212,#6213);
#6212 = CARTESIAN_POINT('',(-55.29289978817,227.95803203908,
    0.958032039081));
#6213 = VECTOR('',#6214,1.);
#6214 = DIRECTION('',(0.211302932279,-0.691140749345,-0.691140749345));
#6215 = ORIENTED_EDGE('',*,*,#3582,.T.);
#6216 = ORIENTED_EDGE('',*,*,#3551,.T.);
#6217 = ORIENTED_EDGE('',*,*,#3714,.T.);
#6218 = ORIENTED_EDGE('',*,*,#6219,.T.);
#6219 = EDGE_CURVE('',#3705,#6034,#6220,.T.);
#6220 = LINE('',#6221,#6222);
#6221 = CARTESIAN_POINT('',(-55.00081965426,172.99731903172,
    2.680968270915E-03));
#6222 = VECTOR('',#6223,1.);
#6223 = DIRECTION('',(-0.211302932279,-0.691140749345,0.691140749345));
#6224 = FACE_BOUND('',#6225,.T.);
#6225 = EDGE_LOOP('',(#6226,#6237,#6245));
#6226 = ORIENTED_EDGE('',*,*,#6227,.F.);
#6227 = EDGE_CURVE('',#6228,#6230,#6232,.T.);
#6228 = VERTEX_POINT('',#6229);
#6229 = CARTESIAN_POINT('',(-51.6088402005,184.19786550256,
    -11.09198390999));
#6230 = VERTEX_POINT('',#6231);
#6231 = CARTESIAN_POINT('',(-51.6088402005,187.80213449743,
    -11.09198390999));
#6232 = CIRCLE('',#6233,2.2);
#6233 = AXIS2_PLACEMENT_3D('',#6234,#6235,#6236);
#6234 = CARTESIAN_POINT('',(-51.97777474557,186.,-9.885253387213));
#6235 = DIRECTION('',(-0.956304755963,-0.,-0.292371704723));
#6236 = DIRECTION('',(0.292371704723,0.,-0.956304755963));
#6237 = ORIENTED_EDGE('',*,*,#6238,.T.);
#6238 = EDGE_CURVE('',#6228,#6239,#6241,.T.);
#6239 = VERTEX_POINT('',#6240);
#6240 = CARTESIAN_POINT('',(-50.85635881977,186.,-13.55323960454));
#6241 = LINE('',#6242,#6243);
#6242 = CARTESIAN_POINT('',(-53.53673840271,179.58069895637,
    -4.786113027072));
#6243 = VECTOR('',#6244,1.);
#6244 = DIRECTION('',(0.239496879614,0.573576436351,-0.783358995811));
#6245 = ORIENTED_EDGE('',*,*,#6246,.T.);
#6246 = EDGE_CURVE('',#6239,#6230,#6247,.T.);
#6247 = LINE('',#6248,#6249);
#6248 = CARTESIAN_POINT('',(-49.58888377747,182.96449565814,
    -17.69896366556));
#6249 = VECTOR('',#6250,1.);
#6250 = DIRECTION('',(-0.239496879614,0.573576436351,0.783358995811));
#6251 = FACE_BOUND('',#6252,.T.);
#6252 = EDGE_LOOP('',(#6253,#6264,#6272));
#6253 = ORIENTED_EDGE('',*,*,#6254,.F.);
#6254 = EDGE_CURVE('',#6255,#6257,#6259,.T.);
#6255 = VERTEX_POINT('',#6256);
#6256 = CARTESIAN_POINT('',(-51.6088402005,212.19786550256,
    -11.09198390999));
#6257 = VERTEX_POINT('',#6258);
#6258 = CARTESIAN_POINT('',(-51.6088402005,215.80213449743,
    -11.09198390999));
#6259 = CIRCLE('',#6260,2.2);
#6260 = AXIS2_PLACEMENT_3D('',#6261,#6262,#6263);
#6261 = CARTESIAN_POINT('',(-51.97777474557,214.,-9.885253387213));
#6262 = DIRECTION('',(-0.956304755963,-0.,-0.292371704723));
#6263 = DIRECTION('',(0.292371704723,0.,-0.956304755963));
#6264 = ORIENTED_EDGE('',*,*,#6265,.T.);
#6265 = EDGE_CURVE('',#6255,#6266,#6268,.T.);
#6266 = VERTEX_POINT('',#6267);
#6267 = CARTESIAN_POINT('',(-50.85635881977,214.,-13.55323960454));
#6268 = LINE('',#6269,#6270);
#6269 = CARTESIAN_POINT('',(-49.96512446783,216.13443709313,
    -16.46833581829));
#6270 = VECTOR('',#6271,1.);
#6271 = DIRECTION('',(0.239496879614,0.573576436351,-0.783358995811));
#6272 = ORIENTED_EDGE('',*,*,#6273,.T.);
#6273 = EDGE_CURVE('',#6266,#6257,#6274,.T.);
#6274 = LINE('',#6275,#6276);
#6275 = CARTESIAN_POINT('',(-53.16049771235,219.5182337949,
    -6.016740874346));
#6276 = VECTOR('',#6277,1.);
#6277 = DIRECTION('',(-0.239496879614,0.573576436351,0.783358995811));
#6278 = PLANE('',#6279);
#6279 = AXIS2_PLACEMENT_3D('',#6280,#6281,#6282);
#6280 = CARTESIAN_POINT('',(-52.500996709,200.,-8.17387145803));
#6281 = DIRECTION('',(-0.956304755964,-0.,-0.29237170472));
#6282 = DIRECTION('',(0.29237170472,0.,-0.956304755964));
#6283 = ADVANCED_FACE('',(#6284),#6295,.T.);
#6284 = FACE_BOUND('',#6285,.T.);
#6285 = EDGE_LOOP('',(#6286,#6287,#6288,#6294));
#6286 = ORIENTED_EDGE('',*,*,#3640,.F.);
#6287 = ORIENTED_EDGE('',*,*,#3614,.T.);
#6288 = ORIENTED_EDGE('',*,*,#6289,.T.);
#6289 = EDGE_CURVE('',#3607,#3828,#6290,.T.);
#6290 = LINE('',#6291,#6292);
#6291 = CARTESIAN_POINT('',(-43.52842787633,281.8,-17.));
#6292 = VECTOR('',#6293,1.);
#6293 = DIRECTION('',(0.,-1.,2.22044604925E-16));
#6294 = ORIENTED_EDGE('',*,*,#3861,.F.);
#6295 = PLANE('',#6296);
#6296 = AXIS2_PLACEMENT_3D('',#6297,#6298,#6299);
#6297 = CARTESIAN_POINT('',(-43.52842787633,281.8,-17.));
#6298 = DIRECTION('',(0.755060611109,-1.455846545154E-16,-0.655654995826
    ));
#6299 = DIRECTION('',(-0.655654995826,-1.676571350881E-16,
    -0.755060611109));
#6300 = ADVANCED_FACE('',(#6301,#6312),#6337,.T.);
#6301 = FACE_BOUND('',#6302,.T.);
#6302 = EDGE_LOOP('',(#6303,#6304,#6305,#6311));
#6303 = ORIENTED_EDGE('',*,*,#6289,.F.);
#6304 = ORIENTED_EDGE('',*,*,#3606,.T.);
#6305 = ORIENTED_EDGE('',*,*,#6306,.T.);
#6306 = EDGE_CURVE('',#3599,#3837,#6307,.T.);
#6307 = LINE('',#6308,#6309);
#6308 = CARTESIAN_POINT('',(-48.02341360862,278.2,-2.297564147492));
#6309 = VECTOR('',#6310,1.);
#6310 = DIRECTION('',(0.,-1.,2.22044604925E-16));
#6311 = ORIENTED_EDGE('',*,*,#3836,.F.);
#6312 = FACE_BOUND('',#6313,.T.);
#6313 = EDGE_LOOP('',(#6314,#6325,#6332));
#6314 = ORIENTED_EDGE('',*,*,#6315,.F.);
#6315 = EDGE_CURVE('',#6316,#6318,#6320,.T.);
#6316 = VERTEX_POINT('',#6317);
#6317 = CARTESIAN_POINT('',(-45.46853761559,217.76809940368,
    -10.65418697921));
#6318 = VERTEX_POINT('',#6319);
#6319 = CARTESIAN_POINT('',(-45.46853761559,210.23190059631,
    -10.65418697921));
#6320 = CIRCLE('',#6321,4.599999999947);
#6321 = AXIS2_PLACEMENT_3D('',#6322,#6323,#6324);
#6322 = CARTESIAN_POINT('',(-46.23994620981,214.,-8.131023158882));
#6323 = DIRECTION('',(0.956304755963,-1.298391193328E-16,0.292371704723)
  );
#6324 = DIRECTION('',(0.292371704723,4.246846234515E-16,-0.956304755963)
  );
#6325 = ORIENTED_EDGE('',*,*,#6326,.F.);
#6326 = EDGE_CURVE('',#6327,#6316,#6329,.T.);
#6327 = VERTEX_POINT('',#6328);
#6328 = CARTESIAN_POINT('',(-43.89516745588,214.,-15.80044888593));
#6329 = B_SPLINE_CURVE_WITH_KNOTS('',1,(#6330,#6331),.UNSPECIFIED.,.F.,
  .F.,(2,2),(0.,1.),.PIECEWISE_BEZIER_KNOTS.);
#6330 = CARTESIAN_POINT('',(-43.89516745588,214.,-15.80044888593));
#6331 = CARTESIAN_POINT('',(-45.46853761559,217.76809940368,
    -10.65418697921));
#6332 = ORIENTED_EDGE('',*,*,#6333,.F.);
#6333 = EDGE_CURVE('',#6318,#6327,#6334,.T.);
#6334 = B_SPLINE_CURVE_WITH_KNOTS('',1,(#6335,#6336),.UNSPECIFIED.,.F.,
  .F.,(2,2),(0.,1.),.PIECEWISE_BEZIER_KNOTS.);
#6335 = CARTESIAN_POINT('',(-45.46853761559,210.23190059631,
    -10.65418697921));
#6336 = CARTESIAN_POINT('',(-43.89516745588,214.,-15.80044888593));
#6337 = PLANE('',#6338);
#6338 = AXIS2_PLACEMENT_3D('',#6339,#6340,#6341);
#6339 = CARTESIAN_POINT('',(-48.72584946113,281.8,-9.281464485866E-15));
#6340 = DIRECTION('',(0.956304755963,6.491955966642E-17,0.292371704723)
  );
#6341 = DIRECTION('',(0.292371704723,-2.123423117257E-16,-0.956304755963
    ));
#6342 = ADVANCED_FACE('',(#6343),#6363,.T.);
#6343 = FACE_BOUND('',#6344,.T.);
#6344 = EDGE_LOOP('',(#6345,#6346,#6347,#6355,#6361,#6362));
#6345 = ORIENTED_EDGE('',*,*,#6306,.F.);
#6346 = ORIENTED_EDGE('',*,*,#3598,.T.);
#6347 = ORIENTED_EDGE('',*,*,#6348,.T.);
#6348 = EDGE_CURVE('',#3591,#6349,#6351,.T.);
#6349 = VERTEX_POINT('',#6350);
#6350 = CARTESIAN_POINT('',(-45.72584946113,227.,-2.498001805407E-16));
#6351 = LINE('',#6352,#6353);
#6352 = CARTESIAN_POINT('',(-38.73820788427,233.98764157685,
    6.987641576855));
#6353 = VECTOR('',#6354,1.);
#6354 = DIRECTION('',(0.57735026919,0.57735026919,0.57735026919));
#6355 = ORIENTED_EDGE('',*,*,#6356,.F.);
#6356 = EDGE_CURVE('',#3773,#6349,#6357,.T.);
#6357 = LINE('',#6358,#6359);
#6358 = CARTESIAN_POINT('',(-45.72584946113,259.1,-4.996003610813E-16));
#6359 = VECTOR('',#6360,1.);
#6360 = DIRECTION('',(2.22044604925E-16,1.,0.));
#6361 = ORIENTED_EDGE('',*,*,#3772,.T.);
#6362 = ORIENTED_EDGE('',*,*,#3844,.T.);
#6363 = PLANE('',#6364);
#6364 = AXIS2_PLACEMENT_3D('',#6365,#6366,#6367);
#6365 = CARTESIAN_POINT('',(-45.22584946113,278.2,0.5));
#6366 = DIRECTION('',(0.707106781187,-1.570092458684E-16,-0.707106781187
    ));
#6367 = DIRECTION('',(-0.707106781187,-1.570092458684E-16,
    -0.707106781187));
#6368 = ADVANCED_FACE('',(#6369),#6380,.T.);
#6369 = FACE_BOUND('',#6370,.T.);
#6370 = EDGE_LOOP('',(#6371,#6372,#6378,#6379));
#6371 = ORIENTED_EDGE('',*,*,#6210,.F.);
#6372 = ORIENTED_EDGE('',*,*,#6373,.T.);
#6373 = EDGE_CURVE('',#6203,#6349,#6374,.T.);
#6374 = LINE('',#6375,#6376);
#6375 = CARTESIAN_POINT('',(-56.,227.,-3.851859888774E-34));
#6376 = VECTOR('',#6377,1.);
#6377 = DIRECTION('',(1.,0.,0.));
#6378 = ORIENTED_EDGE('',*,*,#6348,.F.);
#6379 = ORIENTED_EDGE('',*,*,#3590,.F.);
#6380 = PLANE('',#6381);
#6381 = AXIS2_PLACEMENT_3D('',#6382,#6383,#6384);
#6382 = CARTESIAN_POINT('',(-56.,227.,-3.851859888774E-34));
#6383 = DIRECTION('',(0.,0.707106781187,-0.707106781187));
#6384 = DIRECTION('',(0.,-0.707106781187,-0.707106781187));
#6385 = ADVANCED_FACE('',(#6386),#6392,.T.);
#6386 = FACE_BOUND('',#6387,.T.);
#6387 = EDGE_LOOP('',(#6388,#6389,#6390,#6391));
#6388 = ORIENTED_EDGE('',*,*,#6219,.F.);
#6389 = ORIENTED_EDGE('',*,*,#3704,.T.);
#6390 = ORIENTED_EDGE('',*,*,#6133,.F.);
#6391 = ORIENTED_EDGE('',*,*,#6041,.F.);
#6392 = PLANE('',#6393);
#6393 = AXIS2_PLACEMENT_3D('',#6394,#6395,#6396);
#6394 = CARTESIAN_POINT('',(-56.,175.,-2.));
#6395 = DIRECTION('',(0.,-0.707106781187,-0.707106781187));
#6396 = DIRECTION('',(0.,-0.707106781187,0.707106781187));
#6397 = ADVANCED_FACE('',(#6398),#6409,.T.);
#6398 = FACE_BOUND('',#6399,.T.);
#6399 = EDGE_LOOP('',(#6400,#6406,#6407,#6408));
#6400 = ORIENTED_EDGE('',*,*,#6401,.F.);
#6401 = EDGE_CURVE('',#3948,#3805,#6402,.T.);
#6402 = LINE('',#6403,#6404);
#6403 = CARTESIAN_POINT('',(48.999999999941,279.2,-0.4));
#6404 = VECTOR('',#6405,1.);
#6405 = DIRECTION('',(0.,-1.,2.22044604925E-16));
#6406 = ORIENTED_EDGE('',*,*,#3955,.F.);
#6407 = ORIENTED_EDGE('',*,*,#3889,.F.);
#6408 = ORIENTED_EDGE('',*,*,#3812,.T.);
#6409 = PLANE('',#6410);
#6410 = AXIS2_PLACEMENT_3D('',#6411,#6412,#6413);
#6411 = CARTESIAN_POINT('',(48.999999999941,279.2,0.5));
#6412 = DIRECTION('',(1.,0.,0.));
#6413 = DIRECTION('',(0.,-2.22044604925E-16,-1.));
#6414 = ADVANCED_FACE('',(#6415),#6426,.T.);
#6415 = FACE_BOUND('',#6416,.T.);
#6416 = EDGE_LOOP('',(#6417,#6418,#6419,#6420));
#6417 = ORIENTED_EDGE('',*,*,#3947,.F.);
#6418 = ORIENTED_EDGE('',*,*,#6401,.T.);
#6419 = ORIENTED_EDGE('',*,*,#3804,.T.);
#6420 = ORIENTED_EDGE('',*,*,#6421,.F.);
#6421 = EDGE_CURVE('',#3940,#3797,#6422,.T.);
#6422 = LINE('',#6423,#6424);
#6423 = CARTESIAN_POINT('',(48.399999999941,279.2,-1.));
#6424 = VECTOR('',#6425,1.);
#6425 = DIRECTION('',(0.,-1.,2.22044604925E-16));
#6426 = PLANE('',#6427);
#6427 = AXIS2_PLACEMENT_3D('',#6428,#6429,#6430);
#6428 = CARTESIAN_POINT('',(48.999999999941,279.2,-0.4));
#6429 = DIRECTION('',(0.707106781187,-1.570092458684E-16,-0.707106781187
    ));
#6430 = DIRECTION('',(-0.707106781187,-1.570092458684E-16,
    -0.707106781187));
#6431 = ADVANCED_FACE('',(#6432),#6443,.T.);
#6432 = FACE_BOUND('',#6433,.T.);
#6433 = EDGE_LOOP('',(#6434,#6435,#6436,#6437));
#6434 = ORIENTED_EDGE('',*,*,#3939,.F.);
#6435 = ORIENTED_EDGE('',*,*,#6421,.T.);
#6436 = ORIENTED_EDGE('',*,*,#3796,.T.);
#6437 = ORIENTED_EDGE('',*,*,#6438,.F.);
#6438 = EDGE_CURVE('',#3932,#3789,#6439,.T.);
#6439 = LINE('',#6440,#6441);
#6440 = CARTESIAN_POINT('',(46.599999999941,279.2,-1.));
#6441 = VECTOR('',#6442,1.);
#6442 = DIRECTION('',(0.,-1.,2.22044604925E-16));
#6443 = PLANE('',#6444);
#6444 = AXIS2_PLACEMENT_3D('',#6445,#6446,#6447);
#6445 = CARTESIAN_POINT('',(48.399999999941,279.2,-1.));
#6446 = DIRECTION('',(-0.,-2.22044604925E-16,-1.));
#6447 = DIRECTION('',(-1.,0.,0.));
#6448 = ADVANCED_FACE('',(#6449),#6492,.T.);
#6449 = FACE_BOUND('',#6450,.T.);
#6450 = EDGE_LOOP('',(#6451,#6452,#6453,#6454,#6462,#6470,#6478,#6486));
#6451 = ORIENTED_EDGE('',*,*,#3931,.F.);
#6452 = ORIENTED_EDGE('',*,*,#6438,.T.);
#6453 = ORIENTED_EDGE('',*,*,#3788,.T.);
#6454 = ORIENTED_EDGE('',*,*,#6455,.F.);
#6455 = EDGE_CURVE('',#6456,#3781,#6458,.T.);
#6456 = VERTEX_POINT('',#6457);
#6457 = CARTESIAN_POINT('',(46.599999999999,208.,0.));
#6458 = LINE('',#6459,#6460);
#6459 = CARTESIAN_POINT('',(46.599999999941,259.6,-4.440892098501E-16));
#6460 = VECTOR('',#6461,1.);
#6461 = DIRECTION('',(0.,-1.,0.));
#6462 = ORIENTED_EDGE('',*,*,#6463,.F.);
#6463 = EDGE_CURVE('',#6464,#6456,#6466,.T.);
#6464 = VERTEX_POINT('',#6465);
#6465 = CARTESIAN_POINT('',(46.599999999999,208.,2.5));
#6466 = LINE('',#6467,#6468);
#6467 = CARTESIAN_POINT('',(46.599999999999,208.,2.5));
#6468 = VECTOR('',#6469,1.);
#6469 = DIRECTION('',(-0.,-0.,-1.));
#6470 = ORIENTED_EDGE('',*,*,#6471,.T.);
#6471 = EDGE_CURVE('',#6464,#6472,#6474,.T.);
#6472 = VERTEX_POINT('',#6473);
#6473 = CARTESIAN_POINT('',(46.599999999999,271.99999999999,2.5));
#6474 = LINE('',#6475,#6476);
#6475 = CARTESIAN_POINT('',(46.599999999999,208.,2.5));
#6476 = VECTOR('',#6477,1.);
#6477 = DIRECTION('',(0.,1.,0.));
#6478 = ORIENTED_EDGE('',*,*,#6479,.T.);
#6479 = EDGE_CURVE('',#6472,#6480,#6482,.T.);
#6480 = VERTEX_POINT('',#6481);
#6481 = CARTESIAN_POINT('',(46.599999999999,271.99999999999,0.));
#6482 = LINE('',#6483,#6484);
#6483 = CARTESIAN_POINT('',(46.599999999999,271.99999999999,2.5));
#6484 = VECTOR('',#6485,1.);
#6485 = DIRECTION('',(-0.,-0.,-1.));
#6486 = ORIENTED_EDGE('',*,*,#6487,.F.);
#6487 = EDGE_CURVE('',#3924,#6480,#6488,.T.);
#6488 = LINE('',#6489,#6490);
#6489 = CARTESIAN_POINT('',(46.599999999941,259.6,-4.440892098501E-16));
#6490 = VECTOR('',#6491,1.);
#6491 = DIRECTION('',(0.,-1.,0.));
#6492 = PLANE('',#6493);
#6493 = AXIS2_PLACEMENT_3D('',#6494,#6495,#6496);
#6494 = CARTESIAN_POINT('',(46.599999999967,240.,0.610718049533));
#6495 = DIRECTION('',(-1.,0.,1.675279251617E-11));
#6496 = DIRECTION('',(-1.675279251617E-11,0.,-1.));
#6497 = ADVANCED_FACE('',(#6498),#6584,.T.);
#6498 = FACE_BOUND('',#6499,.T.);
#6499 = EDGE_LOOP('',(#6500,#6501,#6502,#6503,#6509,#6517,#6523,#6524,
    #6525,#6534,#6542,#6551,#6559,#6568,#6576,#6583));
#6500 = ORIENTED_EDGE('',*,*,#3780,.T.);
#6501 = ORIENTED_EDGE('',*,*,#6356,.T.);
#6502 = ORIENTED_EDGE('',*,*,#6373,.F.);
#6503 = ORIENTED_EDGE('',*,*,#6504,.F.);
#6504 = EDGE_CURVE('',#4199,#6203,#6505,.T.);
#6505 = LINE('',#6506,#6507);
#6506 = CARTESIAN_POINT('',(-55.,281.3,0.));
#6507 = VECTOR('',#6508,1.);
#6508 = DIRECTION('',(0.,-1.,0.));
#6509 = ORIENTED_EDGE('',*,*,#6510,.T.);
#6510 = EDGE_CURVE('',#4199,#6511,#6513,.T.);
#6511 = VERTEX_POINT('',#6512);
#6512 = CARTESIAN_POINT('',(-45.72584946113,253.,-2.700932532558E-16));
#6513 = LINE('',#6514,#6515);
#6514 = CARTESIAN_POINT('',(-56.,253.,-4.058614543028E-17));
#6515 = VECTOR('',#6516,1.);
#6516 = DIRECTION('',(1.,0.,0.));
#6517 = ORIENTED_EDGE('',*,*,#6518,.T.);
#6518 = EDGE_CURVE('',#6511,#3916,#6519,.T.);
#6519 = LINE('',#6520,#6521);
#6520 = CARTESIAN_POINT('',(-45.72584946113,259.1,-4.996003610813E-16));
#6521 = VECTOR('',#6522,1.);
#6522 = DIRECTION('',(2.22044604925E-16,1.,0.));
#6523 = ORIENTED_EDGE('',*,*,#3923,.F.);
#6524 = ORIENTED_EDGE('',*,*,#6487,.T.);
#6525 = ORIENTED_EDGE('',*,*,#6526,.T.);
#6526 = EDGE_CURVE('',#6480,#6527,#6529,.T.);
#6527 = VERTEX_POINT('',#6528);
#6528 = CARTESIAN_POINT('',(43.599999999992,274.99999999999,0.));
#6529 = CIRCLE('',#6530,3.000000000004);
#6530 = AXIS2_PLACEMENT_3D('',#6531,#6532,#6533);
#6531 = CARTESIAN_POINT('',(43.599999999995,271.99999999999,0.));
#6532 = DIRECTION('',(0.,0.,1.));
#6533 = DIRECTION('',(1.,0.,0.));
#6534 = ORIENTED_EDGE('',*,*,#6535,.T.);
#6535 = EDGE_CURVE('',#6527,#6536,#6538,.T.);
#6536 = VERTEX_POINT('',#6537);
#6537 = CARTESIAN_POINT('',(-40.39999999999,274.99999999999,0.));
#6538 = LINE('',#6539,#6540);
#6539 = CARTESIAN_POINT('',(43.599999999992,274.99999999999,0.));
#6540 = VECTOR('',#6541,1.);
#6541 = DIRECTION('',(-1.,0.,0.));
#6542 = ORIENTED_EDGE('',*,*,#6543,.T.);
#6543 = EDGE_CURVE('',#6536,#6544,#6546,.T.);
#6544 = VERTEX_POINT('',#6545);
#6545 = CARTESIAN_POINT('',(-43.39999999999,271.99999999999,0.));
#6546 = CIRCLE('',#6547,3.000000000004);
#6547 = AXIS2_PLACEMENT_3D('',#6548,#6549,#6550);
#6548 = CARTESIAN_POINT('',(-40.39999999999,271.99999999999,0.));
#6549 = DIRECTION('',(0.,0.,1.));
#6550 = DIRECTION('',(1.,0.,0.));
#6551 = ORIENTED_EDGE('',*,*,#6552,.T.);
#6552 = EDGE_CURVE('',#6544,#6553,#6555,.T.);
#6553 = VERTEX_POINT('',#6554);
#6554 = CARTESIAN_POINT('',(-43.39999999999,208.,0.));
#6555 = LINE('',#6556,#6557);
#6556 = CARTESIAN_POINT('',(-43.39999999999,271.99999999999,0.));
#6557 = VECTOR('',#6558,1.);
#6558 = DIRECTION('',(0.,-1.,0.));
#6559 = ORIENTED_EDGE('',*,*,#6560,.T.);
#6560 = EDGE_CURVE('',#6553,#6561,#6563,.T.);
#6561 = VERTEX_POINT('',#6562);
#6562 = CARTESIAN_POINT('',(-40.39999999999,205.,0.));
#6563 = CIRCLE('',#6564,3.000000000004);
#6564 = AXIS2_PLACEMENT_3D('',#6565,#6566,#6567);
#6565 = CARTESIAN_POINT('',(-40.39999999999,208.,0.));
#6566 = DIRECTION('',(0.,0.,1.));
#6567 = DIRECTION('',(1.,0.,0.));
#6568 = ORIENTED_EDGE('',*,*,#6569,.T.);
#6569 = EDGE_CURVE('',#6561,#6570,#6572,.T.);
#6570 = VERTEX_POINT('',#6571);
#6571 = CARTESIAN_POINT('',(43.599999999992,205.,0.));
#6572 = LINE('',#6573,#6574);
#6573 = CARTESIAN_POINT('',(-40.39999999999,205.,0.));
#6574 = VECTOR('',#6575,1.);
#6575 = DIRECTION('',(1.,0.,0.));
#6576 = ORIENTED_EDGE('',*,*,#6577,.T.);
#6577 = EDGE_CURVE('',#6570,#6456,#6578,.T.);
#6578 = CIRCLE('',#6579,3.000000000004);
#6579 = AXIS2_PLACEMENT_3D('',#6580,#6581,#6582);
#6580 = CARTESIAN_POINT('',(43.599999999995,208.,0.));
#6581 = DIRECTION('',(0.,0.,1.));
#6582 = DIRECTION('',(1.,0.,0.));
#6583 = ORIENTED_EDGE('',*,*,#6455,.T.);
#6584 = PLANE('',#6585);
#6585 = AXIS2_PLACEMENT_3D('',#6586,#6587,#6588);
#6586 = CARTESIAN_POINT('',(-12.22939595997,240.,-2.026069841142E-16));
#6587 = DIRECTION('',(-0.,-0.,-1.));
#6588 = DIRECTION('',(-1.,0.,0.));
#6589 = ADVANCED_FACE('',(#6590),#6608,.T.);
#6590 = FACE_BOUND('',#6591,.T.);
#6591 = EDGE_LOOP('',(#6592,#6598,#6599,#6600,#6601,#6607));
#6592 = ORIENTED_EDGE('',*,*,#6593,.F.);
#6593 = EDGE_CURVE('',#3972,#4104,#6594,.T.);
#6594 = LINE('',#6595,#6596);
#6595 = CARTESIAN_POINT('',(-48.02341360862,278.2,-2.297564147492));
#6596 = VECTOR('',#6597,1.);
#6597 = DIRECTION('',(0.,-1.,2.22044604925E-16));
#6598 = ORIENTED_EDGE('',*,*,#3988,.T.);
#6599 = ORIENTED_EDGE('',*,*,#3915,.F.);
#6600 = ORIENTED_EDGE('',*,*,#6518,.F.);
#6601 = ORIENTED_EDGE('',*,*,#6602,.T.);
#6602 = EDGE_CURVE('',#6511,#4072,#6603,.T.);
#6603 = LINE('',#6604,#6605);
#6604 = CARTESIAN_POINT('',(-52.13820788427,259.41235842314,
    -6.412358423145));
#6605 = VECTOR('',#6606,1.);
#6606 = DIRECTION('',(-0.57735026919,0.57735026919,-0.57735026919));
#6607 = ORIENTED_EDGE('',*,*,#4111,.T.);
#6608 = PLANE('',#6609);
#6609 = AXIS2_PLACEMENT_3D('',#6610,#6611,#6612);
#6610 = CARTESIAN_POINT('',(-45.22584946113,278.2,0.5));
#6611 = DIRECTION('',(0.707106781187,-1.570092458684E-16,-0.707106781187
    ));
#6612 = DIRECTION('',(-0.707106781187,-1.570092458684E-16,
    -0.707106781187));
#6613 = ADVANCED_FACE('',(#6614,#6625),#6650,.T.);
#6614 = FACE_BOUND('',#6615,.T.);
#6615 = EDGE_LOOP('',(#6616,#6622,#6623,#6624));
#6616 = ORIENTED_EDGE('',*,*,#6617,.F.);
#6617 = EDGE_CURVE('',#3970,#4096,#6618,.T.);
#6618 = LINE('',#6619,#6620);
#6619 = CARTESIAN_POINT('',(-43.52842787633,281.8,-17.));
#6620 = VECTOR('',#6621,1.);
#6621 = DIRECTION('',(0.,-1.,2.22044604925E-16));
#6622 = ORIENTED_EDGE('',*,*,#3969,.T.);
#6623 = ORIENTED_EDGE('',*,*,#6593,.T.);
#6624 = ORIENTED_EDGE('',*,*,#4103,.T.);
#6625 = FACE_BOUND('',#6626,.T.);
#6626 = EDGE_LOOP('',(#6627,#6638,#6645));
#6627 = ORIENTED_EDGE('',*,*,#6628,.F.);
#6628 = EDGE_CURVE('',#6629,#6631,#6633,.T.);
#6629 = VERTEX_POINT('',#6630);
#6630 = CARTESIAN_POINT('',(-45.46853761559,269.76809940368,
    -10.65418697921));
#6631 = VERTEX_POINT('',#6632);
#6632 = CARTESIAN_POINT('',(-45.46853761559,262.23190059631,
    -10.65418697921));
#6633 = CIRCLE('',#6634,4.599999999947);
#6634 = AXIS2_PLACEMENT_3D('',#6635,#6636,#6637);
#6635 = CARTESIAN_POINT('',(-46.23994620981,266.,-8.131023158882));
#6636 = DIRECTION('',(0.956304755963,-0.,0.292371704723));
#6637 = DIRECTION('',(0.292371704723,0.,-0.956304755963));
#6638 = ORIENTED_EDGE('',*,*,#6639,.T.);
#6639 = EDGE_CURVE('',#6629,#6640,#6642,.T.);
#6640 = VERTEX_POINT('',#6641);
#6641 = CARTESIAN_POINT('',(-43.89516745588,266.,-15.80044888593));
#6642 = B_SPLINE_CURVE_WITH_KNOTS('',1,(#6643,#6644),.UNSPECIFIED.,.F.,
  .F.,(2,2),(0.,1.),.PIECEWISE_BEZIER_KNOTS.);
#6643 = CARTESIAN_POINT('',(-45.46853761559,269.76809940368,
    -10.65418697921));
#6644 = CARTESIAN_POINT('',(-43.89516745588,266.,-15.80044888593));
#6645 = ORIENTED_EDGE('',*,*,#6646,.T.);
#6646 = EDGE_CURVE('',#6640,#6631,#6647,.T.);
#6647 = B_SPLINE_CURVE_WITH_KNOTS('',1,(#6648,#6649),.UNSPECIFIED.,.F.,
  .F.,(2,2),(0.,1.),.PIECEWISE_BEZIER_KNOTS.);
#6648 = CARTESIAN_POINT('',(-43.89516745588,266.,-15.80044888593));
#6649 = CARTESIAN_POINT('',(-45.46853761559,262.23190059631,
    -10.65418697921));
#6650 = PLANE('',#6651);
#6651 = AXIS2_PLACEMENT_3D('',#6652,#6653,#6654);
#6652 = CARTESIAN_POINT('',(-48.72584946113,281.8,-9.281464485866E-15));
#6653 = DIRECTION('',(0.956304755963,6.491955966642E-17,0.292371704723)
  );
#6654 = DIRECTION('',(0.292371704723,-2.123423117257E-16,-0.956304755963
    ));
#6655 = ADVANCED_FACE('',(#6656),#6662,.T.);
#6656 = FACE_BOUND('',#6657,.T.);
#6657 = EDGE_LOOP('',(#6658,#6659,#6660,#6661));
#6658 = ORIENTED_EDGE('',*,*,#4127,.F.);
#6659 = ORIENTED_EDGE('',*,*,#4014,.T.);
#6660 = ORIENTED_EDGE('',*,*,#6617,.T.);
#6661 = ORIENTED_EDGE('',*,*,#4095,.T.);
#6662 = PLANE('',#6663);
#6663 = AXIS2_PLACEMENT_3D('',#6664,#6665,#6666);
#6664 = CARTESIAN_POINT('',(-43.52842787633,281.8,-17.));
#6665 = DIRECTION('',(0.755060611109,-1.455846545154E-16,-0.655654995826
    ));
#6666 = DIRECTION('',(-0.655654995826,-1.676571350881E-16,
    -0.755060611109));
#6667 = ADVANCED_FACE('',(#6668),#6674,.T.);
#6668 = FACE_BOUND('',#6669,.T.);
#6669 = EDGE_LOOP('',(#6670,#6671,#6672,#6673));
#6670 = ORIENTED_EDGE('',*,*,#4239,.F.);
#6671 = ORIENTED_EDGE('',*,*,#4069,.T.);
#6672 = ORIENTED_EDGE('',*,*,#6602,.F.);
#6673 = ORIENTED_EDGE('',*,*,#6510,.F.);
#6674 = PLANE('',#6675);
#6675 = AXIS2_PLACEMENT_3D('',#6676,#6677,#6678);
#6676 = CARTESIAN_POINT('',(-56.,255.,-2.));
#6677 = DIRECTION('',(0.,-0.707106781187,-0.707106781187));
#6678 = DIRECTION('',(0.,-0.707106781187,0.707106781187));
#6679 = ADVANCED_FACE('',(#6680),#6698,.T.);
#6680 = FACE_BOUND('',#6681,.T.);
#6681 = EDGE_LOOP('',(#6682,#6683,#6690,#6697));
#6682 = ORIENTED_EDGE('',*,*,#4409,.T.);
#6683 = ORIENTED_EDGE('',*,*,#6684,.T.);
#6684 = EDGE_CURVE('',#4402,#6685,#6687,.T.);
#6685 = VERTEX_POINT('',#6686);
#6686 = CARTESIAN_POINT('',(-54.6752962034,281.3,3.));
#6687 = B_SPLINE_CURVE_WITH_KNOTS('',1,(#6688,#6689),.UNSPECIFIED.,.F.,
  .F.,(2,2),(0.,1.),.PIECEWISE_BEZIER_KNOTS.);
#6688 = CARTESIAN_POINT('',(-55.,281.3,2.5));
#6689 = CARTESIAN_POINT('',(-54.6752962034,281.3,3.));
#6690 = ORIENTED_EDGE('',*,*,#6691,.F.);
#6691 = EDGE_CURVE('',#4144,#6685,#6692,.T.);
#6692 = CIRCLE('',#6693,0.175296203399);
#6693 = AXIS2_PLACEMENT_3D('',#6694,#6695,#6696);
#6694 = CARTESIAN_POINT('',(-54.5,281.3,3.));
#6695 = DIRECTION('',(0.,0.,1.));
#6696 = DIRECTION('',(1.,0.,0.));
#6697 = ORIENTED_EDGE('',*,*,#4143,.F.);
#6698 = CONICAL_SURFACE('',#6699,0.499999999998,0.575958653158);
#6699 = AXIS2_PLACEMENT_3D('',#6700,#6701,#6702);
#6700 = CARTESIAN_POINT('',(-54.5,281.3,2.5));
#6701 = DIRECTION('',(-0.,-0.,-1.));
#6702 = DIRECTION('',(1.,0.,0.));
#6703 = ADVANCED_FACE('',(#6704,#6748,#6818,#6888,#6958),#7028,.T.);
#6704 = FACE_BOUND('',#6705,.T.);
#6705 = EDGE_LOOP('',(#6706,#6715,#6723,#6730,#6731,#6732,#6740,#6747));
#6706 = ORIENTED_EDGE('',*,*,#6707,.T.);
#6707 = EDGE_CURVE('',#4564,#6708,#6710,.T.);
#6708 = VERTEX_POINT('',#6709);
#6709 = CARTESIAN_POINT('',(54.675296203402,-41.3,3.));
#6710 = CIRCLE('',#6711,0.175296203399);
#6711 = AXIS2_PLACEMENT_3D('',#6712,#6713,#6714);
#6712 = CARTESIAN_POINT('',(54.500000000003,-41.3,3.));
#6713 = DIRECTION('',(0.,0.,1.));
#6714 = DIRECTION('',(1.,0.,0.));
#6715 = ORIENTED_EDGE('',*,*,#6716,.T.);
#6716 = EDGE_CURVE('',#6708,#6717,#6719,.T.);
#6717 = VERTEX_POINT('',#6718);
#6718 = CARTESIAN_POINT('',(54.675296203402,281.3,3.));
#6719 = LINE('',#6720,#6721);
#6720 = CARTESIAN_POINT('',(54.675296203402,-41.3,3.));
#6721 = VECTOR('',#6722,1.);
#6722 = DIRECTION('',(0.,1.,0.));
#6723 = ORIENTED_EDGE('',*,*,#6724,.T.);
#6724 = EDGE_CURVE('',#6717,#4151,#6725,.T.);
#6725 = CIRCLE('',#6726,0.175296203399);
#6726 = AXIS2_PLACEMENT_3D('',#6727,#6728,#6729);
#6727 = CARTESIAN_POINT('',(54.500000000003,281.3,3.));
#6728 = DIRECTION('',(0.,0.,1.));
#6729 = DIRECTION('',(1.,0.,0.));
#6730 = ORIENTED_EDGE('',*,*,#4150,.T.);
#6731 = ORIENTED_EDGE('',*,*,#6691,.T.);
#6732 = ORIENTED_EDGE('',*,*,#6733,.T.);
#6733 = EDGE_CURVE('',#6685,#6734,#6736,.T.);
#6734 = VERTEX_POINT('',#6735);
#6735 = CARTESIAN_POINT('',(-54.6752962034,-41.3,3.));
#6736 = LINE('',#6737,#6738);
#6737 = CARTESIAN_POINT('',(-54.6752962034,281.3,3.));
#6738 = VECTOR('',#6739,1.);
#6739 = DIRECTION('',(0.,-1.,0.));
#6740 = ORIENTED_EDGE('',*,*,#6741,.T.);
#6741 = EDGE_CURVE('',#6734,#4571,#6742,.T.);
#6742 = CIRCLE('',#6743,0.175296203399);
#6743 = AXIS2_PLACEMENT_3D('',#6744,#6745,#6746);
#6744 = CARTESIAN_POINT('',(-54.5,-41.3,3.));
#6745 = DIRECTION('',(0.,0.,1.));
#6746 = DIRECTION('',(1.,0.,0.));
#6747 = ORIENTED_EDGE('',*,*,#4570,.T.);
#6748 = FACE_BOUND('',#6749,.T.);
#6749 = EDGE_LOOP('',(#6750,#6760,#6769,#6777,#6786,#6794,#6803,#6811));
#6750 = ORIENTED_EDGE('',*,*,#6751,.F.);
#6751 = EDGE_CURVE('',#6752,#6754,#6756,.T.);
#6752 = VERTEX_POINT('',#6753);
#6753 = CARTESIAN_POINT('',(46.2752962034,48.000000000005,3.));
#6754 = VERTEX_POINT('',#6755);
#6755 = CARTESIAN_POINT('',(46.2752962034,111.99999999999,3.));
#6756 = LINE('',#6757,#6758);
#6757 = CARTESIAN_POINT('',(46.2752962034,48.000000000008,3.));
#6758 = VECTOR('',#6759,1.);
#6759 = DIRECTION('',(0.,1.,0.));
#6760 = ORIENTED_EDGE('',*,*,#6761,.F.);
#6761 = EDGE_CURVE('',#6762,#6752,#6764,.T.);
#6762 = VERTEX_POINT('',#6763);
#6763 = CARTESIAN_POINT('',(43.599999999995,45.3247037966,3.));
#6764 = CIRCLE('',#6765,2.675296203405);
#6765 = AXIS2_PLACEMENT_3D('',#6766,#6767,#6768);
#6766 = CARTESIAN_POINT('',(43.599999999995,48.000000000005,3.));
#6767 = DIRECTION('',(0.,0.,1.));
#6768 = DIRECTION('',(1.,0.,0.));
#6769 = ORIENTED_EDGE('',*,*,#6770,.F.);
#6770 = EDGE_CURVE('',#6771,#6762,#6773,.T.);
#6771 = VERTEX_POINT('',#6772);
#6772 = CARTESIAN_POINT('',(-40.39999999999,45.3247037966,3.));
#6773 = LINE('',#6774,#6775);
#6774 = CARTESIAN_POINT('',(-40.39999999999,45.3247037966,3.));
#6775 = VECTOR('',#6776,1.);
#6776 = DIRECTION('',(1.,0.,0.));
#6777 = ORIENTED_EDGE('',*,*,#6778,.F.);
#6778 = EDGE_CURVE('',#6779,#6771,#6781,.T.);
#6779 = VERTEX_POINT('',#6780);
#6780 = CARTESIAN_POINT('',(-43.0752962034,48.000000000005,3.));
#6781 = CIRCLE('',#6782,2.675296203405);
#6782 = AXIS2_PLACEMENT_3D('',#6783,#6784,#6785);
#6783 = CARTESIAN_POINT('',(-40.39999999999,48.000000000005,3.));
#6784 = DIRECTION('',(0.,0.,1.));
#6785 = DIRECTION('',(1.,0.,0.));
#6786 = ORIENTED_EDGE('',*,*,#6787,.F.);
#6787 = EDGE_CURVE('',#6788,#6779,#6790,.T.);
#6788 = VERTEX_POINT('',#6789);
#6789 = CARTESIAN_POINT('',(-43.0752962034,111.99999999999,3.));
#6790 = LINE('',#6791,#6792);
#6791 = CARTESIAN_POINT('',(-43.0752962034,111.99999999999,3.));
#6792 = VECTOR('',#6793,1.);
#6793 = DIRECTION('',(0.,-1.,0.));
#6794 = ORIENTED_EDGE('',*,*,#6795,.F.);
#6795 = EDGE_CURVE('',#6796,#6788,#6798,.T.);
#6796 = VERTEX_POINT('',#6797);
#6797 = CARTESIAN_POINT('',(-40.39999999999,114.6752962034,3.));
#6798 = CIRCLE('',#6799,2.675296203405);
#6799 = AXIS2_PLACEMENT_3D('',#6800,#6801,#6802);
#6800 = CARTESIAN_POINT('',(-40.39999999999,111.99999999999,3.));
#6801 = DIRECTION('',(0.,0.,1.));
#6802 = DIRECTION('',(1.,0.,0.));
#6803 = ORIENTED_EDGE('',*,*,#6804,.F.);
#6804 = EDGE_CURVE('',#6805,#6796,#6807,.T.);
#6805 = VERTEX_POINT('',#6806);
#6806 = CARTESIAN_POINT('',(43.599999999995,114.6752962034,3.));
#6807 = LINE('',#6808,#6809);
#6808 = CARTESIAN_POINT('',(43.599999999992,114.6752962034,3.));
#6809 = VECTOR('',#6810,1.);
#6810 = DIRECTION('',(-1.,0.,0.));
#6811 = ORIENTED_EDGE('',*,*,#6812,.F.);
#6812 = EDGE_CURVE('',#6754,#6805,#6813,.T.);
#6813 = CIRCLE('',#6814,2.675296203405);
#6814 = AXIS2_PLACEMENT_3D('',#6815,#6816,#6817);
#6815 = CARTESIAN_POINT('',(43.599999999995,111.99999999999,3.));
#6816 = DIRECTION('',(0.,0.,1.));
#6817 = DIRECTION('',(1.,0.,0.));
#6818 = FACE_BOUND('',#6819,.T.);
#6819 = EDGE_LOOP('',(#6820,#6830,#6839,#6847,#6856,#6864,#6873,#6881));
#6820 = ORIENTED_EDGE('',*,*,#6821,.F.);
#6821 = EDGE_CURVE('',#6822,#6824,#6826,.T.);
#6822 = VERTEX_POINT('',#6823);
#6823 = CARTESIAN_POINT('',(46.2752962034,128.,3.));
#6824 = VERTEX_POINT('',#6825);
#6825 = CARTESIAN_POINT('',(46.2752962034,191.99999999999,3.));
#6826 = LINE('',#6827,#6828);
#6827 = CARTESIAN_POINT('',(46.2752962034,128.,3.));
#6828 = VECTOR('',#6829,1.);
#6829 = DIRECTION('',(0.,1.,0.));
#6830 = ORIENTED_EDGE('',*,*,#6831,.F.);
#6831 = EDGE_CURVE('',#6832,#6822,#6834,.T.);
#6832 = VERTEX_POINT('',#6833);
#6833 = CARTESIAN_POINT('',(43.599999999995,125.3247037966,3.));
#6834 = CIRCLE('',#6835,2.675296203405);
#6835 = AXIS2_PLACEMENT_3D('',#6836,#6837,#6838);
#6836 = CARTESIAN_POINT('',(43.599999999995,128.,3.));
#6837 = DIRECTION('',(0.,0.,1.));
#6838 = DIRECTION('',(1.,0.,0.));
#6839 = ORIENTED_EDGE('',*,*,#6840,.F.);
#6840 = EDGE_CURVE('',#6841,#6832,#6843,.T.);
#6841 = VERTEX_POINT('',#6842);
#6842 = CARTESIAN_POINT('',(-40.39999999999,125.3247037966,3.));
#6843 = LINE('',#6844,#6845);
#6844 = CARTESIAN_POINT('',(-40.39999999999,125.3247037966,3.));
#6845 = VECTOR('',#6846,1.);
#6846 = DIRECTION('',(1.,0.,0.));
#6847 = ORIENTED_EDGE('',*,*,#6848,.F.);
#6848 = EDGE_CURVE('',#6849,#6841,#6851,.T.);
#6849 = VERTEX_POINT('',#6850);
#6850 = CARTESIAN_POINT('',(-43.0752962034,128.,3.));
#6851 = CIRCLE('',#6852,2.675296203405);
#6852 = AXIS2_PLACEMENT_3D('',#6853,#6854,#6855);
#6853 = CARTESIAN_POINT('',(-40.39999999999,128.,3.));
#6854 = DIRECTION('',(0.,0.,1.));
#6855 = DIRECTION('',(1.,0.,0.));
#6856 = ORIENTED_EDGE('',*,*,#6857,.F.);
#6857 = EDGE_CURVE('',#6858,#6849,#6860,.T.);
#6858 = VERTEX_POINT('',#6859);
#6859 = CARTESIAN_POINT('',(-43.0752962034,191.99999999999,3.));
#6860 = LINE('',#6861,#6862);
#6861 = CARTESIAN_POINT('',(-43.0752962034,191.99999999999,3.));
#6862 = VECTOR('',#6863,1.);
#6863 = DIRECTION('',(0.,-1.,0.));
#6864 = ORIENTED_EDGE('',*,*,#6865,.F.);
#6865 = EDGE_CURVE('',#6866,#6858,#6868,.T.);
#6866 = VERTEX_POINT('',#6867);
#6867 = CARTESIAN_POINT('',(-40.39999999999,194.6752962034,3.));
#6868 = CIRCLE('',#6869,2.675296203405);
#6869 = AXIS2_PLACEMENT_3D('',#6870,#6871,#6872);
#6870 = CARTESIAN_POINT('',(-40.39999999999,191.99999999999,3.));
#6871 = DIRECTION('',(0.,0.,1.));
#6872 = DIRECTION('',(1.,0.,0.));
#6873 = ORIENTED_EDGE('',*,*,#6874,.F.);
#6874 = EDGE_CURVE('',#6875,#6866,#6877,.T.);
#6875 = VERTEX_POINT('',#6876);
#6876 = CARTESIAN_POINT('',(43.599999999995,194.6752962034,3.));
#6877 = LINE('',#6878,#6879);
#6878 = CARTESIAN_POINT('',(43.599999999992,194.6752962034,3.));
#6879 = VECTOR('',#6880,1.);
#6880 = DIRECTION('',(-1.,0.,0.));
#6881 = ORIENTED_EDGE('',*,*,#6882,.F.);
#6882 = EDGE_CURVE('',#6824,#6875,#6883,.T.);
#6883 = CIRCLE('',#6884,2.675296203405);
#6884 = AXIS2_PLACEMENT_3D('',#6885,#6886,#6887);
#6885 = CARTESIAN_POINT('',(43.599999999995,191.99999999999,3.));
#6886 = DIRECTION('',(0.,0.,1.));
#6887 = DIRECTION('',(1.,0.,0.));
#6888 = FACE_BOUND('',#6889,.T.);
#6889 = EDGE_LOOP('',(#6890,#6900,#6909,#6917,#6926,#6934,#6943,#6951));
#6890 = ORIENTED_EDGE('',*,*,#6891,.F.);
#6891 = EDGE_CURVE('',#6892,#6894,#6896,.T.);
#6892 = VERTEX_POINT('',#6893);
#6893 = CARTESIAN_POINT('',(46.2752962034,-31.99999999999,3.));
#6894 = VERTEX_POINT('',#6895);
#6895 = CARTESIAN_POINT('',(46.2752962034,31.999999999995,3.));
#6896 = LINE('',#6897,#6898);
#6897 = CARTESIAN_POINT('',(46.2752962034,-31.99999999999,3.));
#6898 = VECTOR('',#6899,1.);
#6899 = DIRECTION('',(0.,1.,0.));
#6900 = ORIENTED_EDGE('',*,*,#6901,.F.);
#6901 = EDGE_CURVE('',#6902,#6892,#6904,.T.);
#6902 = VERTEX_POINT('',#6903);
#6903 = CARTESIAN_POINT('',(43.599999999995,-34.6752962034,3.));
#6904 = CIRCLE('',#6905,2.675296203405);
#6905 = AXIS2_PLACEMENT_3D('',#6906,#6907,#6908);
#6906 = CARTESIAN_POINT('',(43.599999999995,-31.99999999999,3.));
#6907 = DIRECTION('',(0.,0.,1.));
#6908 = DIRECTION('',(1.,0.,0.));
#6909 = ORIENTED_EDGE('',*,*,#6910,.F.);
#6910 = EDGE_CURVE('',#6911,#6902,#6913,.T.);
#6911 = VERTEX_POINT('',#6912);
#6912 = CARTESIAN_POINT('',(-40.39999999999,-34.6752962034,3.));
#6913 = LINE('',#6914,#6915);
#6914 = CARTESIAN_POINT('',(-40.39999999999,-34.6752962034,3.));
#6915 = VECTOR('',#6916,1.);
#6916 = DIRECTION('',(1.,0.,0.));
#6917 = ORIENTED_EDGE('',*,*,#6918,.F.);
#6918 = EDGE_CURVE('',#6919,#6911,#6921,.T.);
#6919 = VERTEX_POINT('',#6920);
#6920 = CARTESIAN_POINT('',(-43.0752962034,-31.99999999999,3.));
#6921 = CIRCLE('',#6922,2.675296203405);
#6922 = AXIS2_PLACEMENT_3D('',#6923,#6924,#6925);
#6923 = CARTESIAN_POINT('',(-40.39999999999,-31.99999999999,3.));
#6924 = DIRECTION('',(0.,0.,1.));
#6925 = DIRECTION('',(1.,0.,0.));
#6926 = ORIENTED_EDGE('',*,*,#6927,.F.);
#6927 = EDGE_CURVE('',#6928,#6919,#6930,.T.);
#6928 = VERTEX_POINT('',#6929);
#6929 = CARTESIAN_POINT('',(-43.0752962034,31.999999999995,3.));
#6930 = LINE('',#6931,#6932);
#6931 = CARTESIAN_POINT('',(-43.0752962034,31.999999999992,3.));
#6932 = VECTOR('',#6933,1.);
#6933 = DIRECTION('',(0.,-1.,0.));
#6934 = ORIENTED_EDGE('',*,*,#6935,.F.);
#6935 = EDGE_CURVE('',#6936,#6928,#6938,.T.);
#6936 = VERTEX_POINT('',#6937);
#6937 = CARTESIAN_POINT('',(-40.39999999999,34.6752962034,3.));
#6938 = CIRCLE('',#6939,2.675296203405);
#6939 = AXIS2_PLACEMENT_3D('',#6940,#6941,#6942);
#6940 = CARTESIAN_POINT('',(-40.39999999999,31.999999999995,3.));
#6941 = DIRECTION('',(0.,0.,1.));
#6942 = DIRECTION('',(1.,0.,0.));
#6943 = ORIENTED_EDGE('',*,*,#6944,.F.);
#6944 = EDGE_CURVE('',#6945,#6936,#6947,.T.);
#6945 = VERTEX_POINT('',#6946);
#6946 = CARTESIAN_POINT('',(43.599999999995,34.6752962034,3.));
#6947 = LINE('',#6948,#6949);
#6948 = CARTESIAN_POINT('',(43.599999999992,34.6752962034,3.));
#6949 = VECTOR('',#6950,1.);
#6950 = DIRECTION('',(-1.,0.,0.));
#6951 = ORIENTED_EDGE('',*,*,#6952,.F.);
#6952 = EDGE_CURVE('',#6894,#6945,#6953,.T.);
#6953 = CIRCLE('',#6954,2.675296203405);
#6954 = AXIS2_PLACEMENT_3D('',#6955,#6956,#6957);
#6955 = CARTESIAN_POINT('',(43.599999999995,31.999999999995,3.));
#6956 = DIRECTION('',(0.,0.,1.));
#6957 = DIRECTION('',(1.,0.,0.));
#6958 = FACE_BOUND('',#6959,.T.);
#6959 = EDGE_LOOP('',(#6960,#6970,#6979,#6987,#6996,#7004,#7013,#7021));
#6960 = ORIENTED_EDGE('',*,*,#6961,.F.);
#6961 = EDGE_CURVE('',#6962,#6964,#6966,.T.);
#6962 = VERTEX_POINT('',#6963);
#6963 = CARTESIAN_POINT('',(46.2752962034,208.,3.));
#6964 = VERTEX_POINT('',#6965);
#6965 = CARTESIAN_POINT('',(46.2752962034,271.99999999999,3.));
#6966 = LINE('',#6967,#6968);
#6967 = CARTESIAN_POINT('',(46.2752962034,208.,3.));
#6968 = VECTOR('',#6969,1.);
#6969 = DIRECTION('',(0.,1.,0.));
#6970 = ORIENTED_EDGE('',*,*,#6971,.F.);
#6971 = EDGE_CURVE('',#6972,#6962,#6974,.T.);
#6972 = VERTEX_POINT('',#6973);
#6973 = CARTESIAN_POINT('',(43.599999999995,205.3247037966,3.));
#6974 = CIRCLE('',#6975,2.675296203405);
#6975 = AXIS2_PLACEMENT_3D('',#6976,#6977,#6978);
#6976 = CARTESIAN_POINT('',(43.599999999995,208.,3.));
#6977 = DIRECTION('',(0.,0.,1.));
#6978 = DIRECTION('',(1.,0.,0.));
#6979 = ORIENTED_EDGE('',*,*,#6980,.F.);
#6980 = EDGE_CURVE('',#6981,#6972,#6983,.T.);
#6981 = VERTEX_POINT('',#6982);
#6982 = CARTESIAN_POINT('',(-40.39999999999,205.3247037966,3.));
#6983 = LINE('',#6984,#6985);
#6984 = CARTESIAN_POINT('',(-40.39999999999,205.3247037966,3.));
#6985 = VECTOR('',#6986,1.);
#6986 = DIRECTION('',(1.,0.,0.));
#6987 = ORIENTED_EDGE('',*,*,#6988,.F.);
#6988 = EDGE_CURVE('',#6989,#6981,#6991,.T.);
#6989 = VERTEX_POINT('',#6990);
#6990 = CARTESIAN_POINT('',(-43.0752962034,208.,3.));
#6991 = CIRCLE('',#6992,2.675296203405);
#6992 = AXIS2_PLACEMENT_3D('',#6993,#6994,#6995);
#6993 = CARTESIAN_POINT('',(-40.39999999999,208.,3.));
#6994 = DIRECTION('',(0.,0.,1.));
#6995 = DIRECTION('',(1.,0.,0.));
#6996 = ORIENTED_EDGE('',*,*,#6997,.F.);
#6997 = EDGE_CURVE('',#6998,#6989,#7000,.T.);
#6998 = VERTEX_POINT('',#6999);
#6999 = CARTESIAN_POINT('',(-43.0752962034,271.99999999999,3.));
#7000 = LINE('',#7001,#7002);
#7001 = CARTESIAN_POINT('',(-43.0752962034,271.99999999999,3.));
#7002 = VECTOR('',#7003,1.);
#7003 = DIRECTION('',(0.,-1.,0.));
#7004 = ORIENTED_EDGE('',*,*,#7005,.F.);
#7005 = EDGE_CURVE('',#7006,#6998,#7008,.T.);
#7006 = VERTEX_POINT('',#7007);
#7007 = CARTESIAN_POINT('',(-40.39999999999,274.6752962034,3.));
#7008 = CIRCLE('',#7009,2.675296203405);
#7009 = AXIS2_PLACEMENT_3D('',#7010,#7011,#7012);
#7010 = CARTESIAN_POINT('',(-40.39999999999,271.99999999999,3.));
#7011 = DIRECTION('',(0.,0.,1.));
#7012 = DIRECTION('',(1.,0.,0.));
#7013 = ORIENTED_EDGE('',*,*,#7014,.F.);
#7014 = EDGE_CURVE('',#7015,#7006,#7017,.T.);
#7015 = VERTEX_POINT('',#7016);
#7016 = CARTESIAN_POINT('',(43.599999999995,274.6752962034,3.));
#7017 = LINE('',#7018,#7019);
#7018 = CARTESIAN_POINT('',(43.599999999992,274.6752962034,3.));
#7019 = VECTOR('',#7020,1.);
#7020 = DIRECTION('',(-1.,0.,0.));
#7021 = ORIENTED_EDGE('',*,*,#7022,.F.);
#7022 = EDGE_CURVE('',#6964,#7015,#7023,.T.);
#7023 = CIRCLE('',#7024,2.675296203405);
#7024 = AXIS2_PLACEMENT_3D('',#7025,#7026,#7027);
#7025 = CARTESIAN_POINT('',(43.599999999995,271.99999999999,3.));
#7026 = DIRECTION('',(0.,0.,1.));
#7027 = DIRECTION('',(1.,0.,0.));
#7028 = PLANE('',#7029);
#7029 = AXIS2_PLACEMENT_3D('',#7030,#7031,#7032);
#7030 = CARTESIAN_POINT('',(-2.104608130269E-15,120.,3.));
#7031 = DIRECTION('',(0.,0.,1.));
#7032 = DIRECTION('',(1.,0.,0.));
#7033 = ADVANCED_FACE('',(#7034),#7044,.T.);
#7034 = FACE_BOUND('',#7035,.T.);
#7035 = EDGE_LOOP('',(#7036,#7037,#7038,#7039));
#7036 = ORIENTED_EDGE('',*,*,#4171,.T.);
#7037 = ORIENTED_EDGE('',*,*,#4158,.T.);
#7038 = ORIENTED_EDGE('',*,*,#6724,.F.);
#7039 = ORIENTED_EDGE('',*,*,#7040,.F.);
#7040 = EDGE_CURVE('',#4172,#6717,#7041,.T.);
#7041 = B_SPLINE_CURVE_WITH_KNOTS('',1,(#7042,#7043),.UNSPECIFIED.,.F.,
  .F.,(2,2),(0.,1.),.PIECEWISE_BEZIER_KNOTS.);
#7042 = CARTESIAN_POINT('',(55.000000000001,281.3,2.5));
#7043 = CARTESIAN_POINT('',(54.675296203402,281.3,3.));
#7044 = CONICAL_SURFACE('',#7045,0.499999999998,0.575958653158);
#7045 = AXIS2_PLACEMENT_3D('',#7046,#7047,#7048);
#7046 = CARTESIAN_POINT('',(54.500000000003,281.3,2.5));
#7047 = DIRECTION('',(-0.,-0.,-1.));
#7048 = DIRECTION('',(1.,0.,0.));
#7049 = ADVANCED_FACE('',(#7050),#7069,.T.);
#7050 = FACE_BOUND('',#7051,.T.);
#7051 = EDGE_LOOP('',(#7052,#7058,#7059,#7060,#7061,#7062,#7063,#7064,
    #7065,#7066,#7067,#7068));
#7052 = ORIENTED_EDGE('',*,*,#7053,.F.);
#7053 = EDGE_CURVE('',#4402,#4592,#7054,.T.);
#7054 = LINE('',#7055,#7056);
#7055 = CARTESIAN_POINT('',(-55.,41.300000000003,2.5));
#7056 = VECTOR('',#7057,1.);
#7057 = DIRECTION('',(0.,-1.,0.));
#7058 = ORIENTED_EDGE('',*,*,#4401,.T.);
#7059 = ORIENTED_EDGE('',*,*,#4196,.T.);
#7060 = ORIENTED_EDGE('',*,*,#6504,.T.);
#7061 = ORIENTED_EDGE('',*,*,#6202,.T.);
#7062 = ORIENTED_EDGE('',*,*,#6033,.T.);
#7063 = ORIENTED_EDGE('',*,*,#5731,.T.);
#7064 = ORIENTED_EDGE('',*,*,#5562,.T.);
#7065 = ORIENTED_EDGE('',*,*,#5260,.T.);
#7066 = ORIENTED_EDGE('',*,*,#5091,.T.);
#7067 = ORIENTED_EDGE('',*,*,#4624,.T.);
#7068 = ORIENTED_EDGE('',*,*,#4600,.F.);
#7069 = PLANE('',#7070);
#7070 = AXIS2_PLACEMENT_3D('',#7071,#7072,#7073);
#7071 = CARTESIAN_POINT('',(-55.,120.,1.25));
#7072 = DIRECTION('',(-1.,-0.,-0.));
#7073 = DIRECTION('',(0.,0.,-1.));
#7074 = ADVANCED_FACE('',(#7075),#7086,.F.);
#7075 = FACE_BOUND('',#7076,.F.);
#7076 = EDGE_LOOP('',(#7077,#7078,#7079,#7085));
#7077 = ORIENTED_EDGE('',*,*,#4305,.T.);
#7078 = ORIENTED_EDGE('',*,*,#4374,.T.);
#7079 = ORIENTED_EDGE('',*,*,#7080,.T.);
#7080 = EDGE_CURVE('',#4375,#4223,#7081,.T.);
#7081 = LINE('',#7082,#7083);
#7082 = CARTESIAN_POINT('',(-51.,281.3,-15.));
#7083 = VECTOR('',#7084,1.);
#7084 = DIRECTION('',(1.,0.,0.));
#7085 = ORIENTED_EDGE('',*,*,#4230,.T.);
#7086 = PLANE('',#7087);
#7087 = AXIS2_PLACEMENT_3D('',#7088,#7089,#7090);
#7088 = CARTESIAN_POINT('',(-6.5,282.3,-15.));
#7089 = DIRECTION('',(0.,0.,1.));
#7090 = DIRECTION('',(1.,0.,0.));
#7091 = ADVANCED_FACE('',(#7092),#7097,.F.);
#7092 = FACE_BOUND('',#7093,.F.);
#7093 = EDGE_LOOP('',(#7094,#7095,#7096));
#7094 = ORIENTED_EDGE('',*,*,#7080,.F.);
#7095 = ORIENTED_EDGE('',*,*,#4382,.T.);
#7096 = ORIENTED_EDGE('',*,*,#4222,.T.);
#7097 = PLANE('',#7098);
#7098 = AXIS2_PLACEMENT_3D('',#7099,#7100,#7101);
#7099 = CARTESIAN_POINT('',(-51.,281.3,-15.));
#7100 = DIRECTION('',(0.,1.,0.));
#7101 = DIRECTION('',(1.,0.,0.));
#7102 = ADVANCED_FACE('',(#7103),#7129,.F.);
#7103 = FACE_BOUND('',#7104,.T.);
#7104 = EDGE_LOOP('',(#7105,#7113,#7114,#7122));
#7105 = ORIENTED_EDGE('',*,*,#7106,.F.);
#7106 = EDGE_CURVE('',#4248,#7107,#7109,.T.);
#7107 = VERTEX_POINT('',#7108);
#7108 = CARTESIAN_POINT('',(-48.166143079,264.19786550256,
    -10.03944577298));
#7109 = LINE('',#7110,#7111);
#7110 = CARTESIAN_POINT('',(-52.56514495643,264.19786550256,
    -11.3843556147));
#7111 = VECTOR('',#7112,1.);
#7112 = DIRECTION('',(0.956304755963,0.,0.292371704723));
#7113 = ORIENTED_EDGE('',*,*,#4247,.T.);
#7114 = ORIENTED_EDGE('',*,*,#7115,.T.);
#7115 = EDGE_CURVE('',#4250,#7116,#7118,.T.);
#7116 = VERTEX_POINT('',#7117);
#7117 = CARTESIAN_POINT('',(-48.166143079,267.80213449743,
    -10.03944577298));
#7118 = LINE('',#7119,#7120);
#7119 = CARTESIAN_POINT('',(-52.56514495643,267.80213449743,
    -11.3843556147));
#7120 = VECTOR('',#7121,1.);
#7121 = DIRECTION('',(0.956304755963,0.,0.292371704723));
#7122 = ORIENTED_EDGE('',*,*,#7123,.T.);
#7123 = EDGE_CURVE('',#7116,#7107,#7124,.T.);
#7124 = CIRCLE('',#7125,2.2);
#7125 = AXIS2_PLACEMENT_3D('',#7126,#7127,#7128);
#7126 = CARTESIAN_POINT('',(-48.53507762407,266.,-8.832715250201));
#7127 = DIRECTION('',(0.956304755963,-0.,0.292371704723));
#7128 = DIRECTION('',(0.292371704723,0.,-0.956304755963));
#7129 = CYLINDRICAL_SURFACE('',#7130,2.2);
#7130 = AXIS2_PLACEMENT_3D('',#7131,#7132,#7133);
#7131 = CARTESIAN_POINT('',(-52.9340795015,266.,-10.17762509192));
#7132 = DIRECTION('',(-0.956304755963,0.,-0.292371704723));
#7133 = DIRECTION('',(0.292371704723,0.,-0.956304755963));
#7134 = ADVANCED_FACE('',(#7135),#7153,.T.);
#7135 = FACE_BOUND('',#7136,.T.);
#7136 = EDGE_LOOP('',(#7137,#7138,#7139,#7147));
#7137 = ORIENTED_EDGE('',*,*,#4258,.F.);
#7138 = ORIENTED_EDGE('',*,*,#7106,.T.);
#7139 = ORIENTED_EDGE('',*,*,#7140,.T.);
#7140 = EDGE_CURVE('',#7107,#7141,#7143,.T.);
#7141 = VERTEX_POINT('',#7142);
#7142 = CARTESIAN_POINT('',(-47.41366169826,266.,-12.50070146752));
#7143 = LINE('',#7144,#7145);
#7144 = CARTESIAN_POINT('',(-48.166143079,264.19786550256,
    -10.03944577298));
#7145 = VECTOR('',#7146,1.);
#7146 = DIRECTION('',(0.239496879616,0.573576436351,-0.78335899581));
#7147 = ORIENTED_EDGE('',*,*,#7148,.F.);
#7148 = EDGE_CURVE('',#4259,#7141,#7149,.T.);
#7149 = LINE('',#7150,#7151);
#7150 = CARTESIAN_POINT('',(-51.81266357569,266.,-13.84561130925));
#7151 = VECTOR('',#7152,1.);
#7152 = DIRECTION('',(0.956304755963,0.,0.292371704723));
#7153 = PLANE('',#7154);
#7154 = AXIS2_PLACEMENT_3D('',#7155,#7156,#7157);
#7155 = CARTESIAN_POINT('',(-52.56514495643,264.19786550256,
    -11.3843556147));
#7156 = DIRECTION('',(-0.167697520485,0.819152044289,0.548513873991));
#7157 = DIRECTION('',(0.239496879616,0.573576436351,-0.78335899581));
#7158 = ADVANCED_FACE('',(#7159),#7170,.T.);
#7159 = FACE_BOUND('',#7160,.T.);
#7160 = EDGE_LOOP('',(#7161,#7162,#7163,#7169));
#7161 = ORIENTED_EDGE('',*,*,#4266,.F.);
#7162 = ORIENTED_EDGE('',*,*,#7148,.T.);
#7163 = ORIENTED_EDGE('',*,*,#7164,.T.);
#7164 = EDGE_CURVE('',#7141,#7116,#7165,.T.);
#7165 = LINE('',#7166,#7167);
#7166 = CARTESIAN_POINT('',(-47.41366169826,266.,-12.50070146752));
#7167 = VECTOR('',#7168,1.);
#7168 = DIRECTION('',(-0.239496879616,0.573576436351,0.78335899581));
#7169 = ORIENTED_EDGE('',*,*,#7115,.F.);
#7170 = PLANE('',#7171);
#7171 = AXIS2_PLACEMENT_3D('',#7172,#7173,#7174);
#7172 = CARTESIAN_POINT('',(-51.81266357569,266.,-13.84561130925));
#7173 = DIRECTION('',(-0.167697520485,-0.819152044289,0.548513873991));
#7174 = DIRECTION('',(-0.239496879616,0.573576436351,0.78335899581));
#7175 = ADVANCED_FACE('',(#7176),#7182,.F.);
#7176 = FACE_BOUND('',#7177,.F.);
#7177 = EDGE_LOOP('',(#7178,#7179,#7180,#7181));
#7178 = ORIENTED_EDGE('',*,*,#4289,.F.);
#7179 = ORIENTED_EDGE('',*,*,#4329,.T.);
#7180 = ORIENTED_EDGE('',*,*,#4352,.F.);
#7181 = ORIENTED_EDGE('',*,*,#4367,.F.);
#7182 = PLANE('',#7183);
#7183 = AXIS2_PLACEMENT_3D('',#7184,#7185,#7186);
#7184 = CARTESIAN_POINT('',(-45.,283.3,-15.));
#7185 = DIRECTION('',(0.,-1.,0.));
#7186 = DIRECTION('',(-1.,0.,0.));
#7187 = ADVANCED_FACE('',(#7188),#7194,.F.);
#7188 = FACE_BOUND('',#7189,.F.);
#7189 = EDGE_LOOP('',(#7190,#7191,#7192,#7193));
#7190 = ORIENTED_EDGE('',*,*,#4465,.F.);
#7191 = ORIENTED_EDGE('',*,*,#4489,.T.);
#7192 = ORIENTED_EDGE('',*,*,#4505,.F.);
#7193 = ORIENTED_EDGE('',*,*,#4424,.F.);
#7194 = PLANE('',#7195);
#7195 = AXIS2_PLACEMENT_3D('',#7196,#7197,#7198);
#7196 = CARTESIAN_POINT('',(38.,283.3,-15.));
#7197 = DIRECTION('',(0.,-1.,0.));
#7198 = DIRECTION('',(-1.,0.,0.));
#7199 = ADVANCED_FACE('',(#7200),#7210,.T.);
#7200 = FACE_BOUND('',#7201,.T.);
#7201 = EDGE_LOOP('',(#7202,#7207,#7208,#7209));
#7202 = ORIENTED_EDGE('',*,*,#7203,.F.);
#7203 = EDGE_CURVE('',#4521,#6708,#7204,.T.);
#7204 = B_SPLINE_CURVE_WITH_KNOTS('',1,(#7205,#7206),.UNSPECIFIED.,.F.,
  .F.,(2,2),(0.,1.),.PIECEWISE_BEZIER_KNOTS.);
#7205 = CARTESIAN_POINT('',(55.000000000001,-41.3,2.5));
#7206 = CARTESIAN_POINT('',(54.675296203402,-41.3,3.));
#7207 = ORIENTED_EDGE('',*,*,#4520,.T.);
#7208 = ORIENTED_EDGE('',*,*,#7040,.T.);
#7209 = ORIENTED_EDGE('',*,*,#6716,.F.);
#7210 = PLANE('',#7211);
#7211 = AXIS2_PLACEMENT_3D('',#7212,#7213,#7214);
#7212 = CARTESIAN_POINT('',(54.837648101701,120.,2.75));
#7213 = DIRECTION('',(0.838670567945,0.,0.544639035015));
#7214 = DIRECTION('',(-0.544639035015,0.,0.838670567945));
#7215 = ADVANCED_FACE('',(#7216),#7222,.T.);
#7216 = FACE_BOUND('',#7217,.T.);
#7217 = EDGE_LOOP('',(#7218,#7219,#7220,#7221));
#7218 = ORIENTED_EDGE('',*,*,#4546,.T.);
#7219 = ORIENTED_EDGE('',*,*,#7203,.T.);
#7220 = ORIENTED_EDGE('',*,*,#6707,.F.);
#7221 = ORIENTED_EDGE('',*,*,#4563,.F.);
#7222 = CONICAL_SURFACE('',#7223,0.499999999998,0.575958653158);
#7223 = AXIS2_PLACEMENT_3D('',#7224,#7225,#7226);
#7224 = CARTESIAN_POINT('',(54.500000000003,-41.3,2.5));
#7225 = DIRECTION('',(-0.,-0.,-1.));
#7226 = DIRECTION('',(1.,0.,0.));
#7227 = ADVANCED_FACE('',(#7228),#7238,.T.);
#7228 = FACE_BOUND('',#7229,.T.);
#7229 = EDGE_LOOP('',(#7230,#7231,#7232,#7233));
#7230 = ORIENTED_EDGE('',*,*,#4591,.T.);
#7231 = ORIENTED_EDGE('',*,*,#4578,.T.);
#7232 = ORIENTED_EDGE('',*,*,#6741,.F.);
#7233 = ORIENTED_EDGE('',*,*,#7234,.F.);
#7234 = EDGE_CURVE('',#4592,#6734,#7235,.T.);
#7235 = B_SPLINE_CURVE_WITH_KNOTS('',1,(#7236,#7237),.UNSPECIFIED.,.F.,
  .F.,(2,2),(0.,1.),.PIECEWISE_BEZIER_KNOTS.);
#7236 = CARTESIAN_POINT('',(-55.,-41.3,2.5));
#7237 = CARTESIAN_POINT('',(-54.6752962034,-41.3,3.));
#7238 = CONICAL_SURFACE('',#7239,0.499999999998,0.575958653158);
#7239 = AXIS2_PLACEMENT_3D('',#7240,#7241,#7242);
#7240 = CARTESIAN_POINT('',(-54.5,-41.3,2.5));
#7241 = DIRECTION('',(-0.,-0.,-1.));
#7242 = DIRECTION('',(1.,0.,0.));
#7243 = ADVANCED_FACE('',(#7244),#7270,.F.);
#7244 = FACE_BOUND('',#7245,.T.);
#7245 = EDGE_LOOP('',(#7246,#7254,#7255,#7263));
#7246 = ORIENTED_EDGE('',*,*,#7247,.F.);
#7247 = EDGE_CURVE('',#4660,#7248,#7250,.T.);
#7248 = VERTEX_POINT('',#7249);
#7249 = CARTESIAN_POINT('',(-48.166143079,-27.80213449743,
    -10.03944577298));
#7250 = LINE('',#7251,#7252);
#7251 = CARTESIAN_POINT('',(-52.56514495643,-27.80213449743,
    -11.3843556147));
#7252 = VECTOR('',#7253,1.);
#7253 = DIRECTION('',(0.956304755963,0.,0.292371704723));
#7254 = ORIENTED_EDGE('',*,*,#4659,.T.);
#7255 = ORIENTED_EDGE('',*,*,#7256,.T.);
#7256 = EDGE_CURVE('',#4662,#7257,#7259,.T.);
#7257 = VERTEX_POINT('',#7258);
#7258 = CARTESIAN_POINT('',(-48.166143079,-24.19786550256,
    -10.03944577298));
#7259 = LINE('',#7260,#7261);
#7260 = CARTESIAN_POINT('',(-52.56514495643,-24.19786550256,
    -11.3843556147));
#7261 = VECTOR('',#7262,1.);
#7262 = DIRECTION('',(0.956304755963,0.,0.292371704723));
#7263 = ORIENTED_EDGE('',*,*,#7264,.F.);
#7264 = EDGE_CURVE('',#7248,#7257,#7265,.T.);
#7265 = CIRCLE('',#7266,2.2);
#7266 = AXIS2_PLACEMENT_3D('',#7267,#7268,#7269);
#7267 = CARTESIAN_POINT('',(-48.53507762407,-26.,-8.832715250201));
#7268 = DIRECTION('',(-0.956304755963,1.298391193328E-16,-0.292371704723
    ));
#7269 = DIRECTION('',(0.292371704723,4.246846234515E-16,-0.956304755963)
  );
#7270 = CYLINDRICAL_SURFACE('',#7271,2.2);
#7271 = AXIS2_PLACEMENT_3D('',#7272,#7273,#7274);
#7272 = CARTESIAN_POINT('',(-52.9340795015,-26.,-10.17762509192));
#7273 = DIRECTION('',(-0.956304755963,0.,-0.292371704723));
#7274 = DIRECTION('',(0.292371704723,0.,-0.956304755963));
#7275 = ADVANCED_FACE('',(#7276),#7294,.T.);
#7276 = FACE_BOUND('',#7277,.T.);
#7277 = EDGE_LOOP('',(#7278,#7279,#7280,#7288));
#7278 = ORIENTED_EDGE('',*,*,#4670,.F.);
#7279 = ORIENTED_EDGE('',*,*,#7247,.T.);
#7280 = ORIENTED_EDGE('',*,*,#7281,.F.);
#7281 = EDGE_CURVE('',#7282,#7248,#7284,.T.);
#7282 = VERTEX_POINT('',#7283);
#7283 = CARTESIAN_POINT('',(-47.41366169826,-26.,-12.50070146752));
#7284 = LINE('',#7285,#7286);
#7285 = CARTESIAN_POINT('',(-47.41366169826,-26.,-12.50070146752));
#7286 = VECTOR('',#7287,1.);
#7287 = DIRECTION('',(-0.239496879616,-0.573576436351,0.78335899581));
#7288 = ORIENTED_EDGE('',*,*,#7289,.F.);
#7289 = EDGE_CURVE('',#4671,#7282,#7290,.T.);
#7290 = LINE('',#7291,#7292);
#7291 = CARTESIAN_POINT('',(-51.81266357569,-26.,-13.84561130925));
#7292 = VECTOR('',#7293,1.);
#7293 = DIRECTION('',(0.956304755963,0.,0.292371704723));
#7294 = PLANE('',#7295);
#7295 = AXIS2_PLACEMENT_3D('',#7296,#7297,#7298);
#7296 = CARTESIAN_POINT('',(-52.56514495643,-27.80213449743,
    -11.3843556147));
#7297 = DIRECTION('',(-0.167697520485,0.819152044289,0.548513873991));
#7298 = DIRECTION('',(0.239496879616,0.573576436351,-0.78335899581));
#7299 = ADVANCED_FACE('',(#7300),#7311,.T.);
#7300 = FACE_BOUND('',#7301,.T.);
#7301 = EDGE_LOOP('',(#7302,#7303,#7304,#7310));
#7302 = ORIENTED_EDGE('',*,*,#4678,.F.);
#7303 = ORIENTED_EDGE('',*,*,#7289,.T.);
#7304 = ORIENTED_EDGE('',*,*,#7305,.F.);
#7305 = EDGE_CURVE('',#7257,#7282,#7306,.T.);
#7306 = LINE('',#7307,#7308);
#7307 = CARTESIAN_POINT('',(-48.166143079,-24.19786550256,
    -10.03944577298));
#7308 = VECTOR('',#7309,1.);
#7309 = DIRECTION('',(0.239496879616,-0.573576436351,-0.78335899581));
#7310 = ORIENTED_EDGE('',*,*,#7256,.F.);
#7311 = PLANE('',#7312);
#7312 = AXIS2_PLACEMENT_3D('',#7313,#7314,#7315);
#7313 = CARTESIAN_POINT('',(-51.81266357569,-26.,-13.84561130925));
#7314 = DIRECTION('',(-0.167697520485,-0.819152044289,0.548513873991));
#7315 = DIRECTION('',(-0.239496879616,0.573576436351,0.78335899581));
#7316 = ADVANCED_FACE('',(#7317),#7323,.T.);
#7317 = FACE_BOUND('',#7318,.T.);
#7318 = EDGE_LOOP('',(#7319,#7320,#7321,#7322));
#7319 = ORIENTED_EDGE('',*,*,#4734,.T.);
#7320 = ORIENTED_EDGE('',*,*,#4710,.T.);
#7321 = ORIENTED_EDGE('',*,*,#4773,.F.);
#7322 = ORIENTED_EDGE('',*,*,#4758,.F.);
#7323 = PLANE('',#7324);
#7324 = AXIS2_PLACEMENT_3D('',#7325,#7326,#7327);
#7325 = CARTESIAN_POINT('',(-45.05,-40.,-1.));
#7326 = DIRECTION('',(0.,-1.,0.));
#7327 = DIRECTION('',(0.,0.,-1.));
#7328 = ADVANCED_FACE('',(#7329),#7335,.T.);
#7329 = FACE_BOUND('',#7330,.T.);
#7330 = EDGE_LOOP('',(#7331,#7332,#7333,#7334));
#7331 = ORIENTED_EDGE('',*,*,#4831,.T.);
#7332 = ORIENTED_EDGE('',*,*,#4855,.T.);
#7333 = ORIENTED_EDGE('',*,*,#4869,.F.);
#7334 = ORIENTED_EDGE('',*,*,#4807,.F.);
#7335 = PLANE('',#7336);
#7336 = AXIS2_PLACEMENT_3D('',#7337,#7338,#7339);
#7337 = CARTESIAN_POINT('',(37.95,-40.,-1.));
#7338 = DIRECTION('',(0.,-1.,0.));
#7339 = DIRECTION('',(0.,0.,-1.));
#7340 = ADVANCED_FACE('',(#7341),#7355,.F.);
#7341 = FACE_BOUND('',#7342,.T.);
#7342 = EDGE_LOOP('',(#7343,#7348,#7349,#7354));
#7343 = ORIENTED_EDGE('',*,*,#7344,.F.);
#7344 = EDGE_CURVE('',#7248,#4917,#7345,.T.);
#7345 = B_SPLINE_CURVE_WITH_KNOTS('',1,(#7346,#7347),.UNSPECIFIED.,.F.,
  .F.,(2,2),(0.,1.),.PIECEWISE_BEZIER_KNOTS.);
#7346 = CARTESIAN_POINT('',(-48.166143079,-27.80213449743,
    -10.03944577298));
#7347 = CARTESIAN_POINT('',(-45.13133693259,-30.01384501701,-10.73102963
    ));
#7348 = ORIENTED_EDGE('',*,*,#7264,.T.);
#7349 = ORIENTED_EDGE('',*,*,#7350,.T.);
#7350 = EDGE_CURVE('',#7257,#4915,#7351,.T.);
#7351 = B_SPLINE_CURVE_WITH_KNOTS('',1,(#7352,#7353),.UNSPECIFIED.,.F.,
  .F.,(2,2),(0.,1.),.PIECEWISE_BEZIER_KNOTS.);
#7352 = CARTESIAN_POINT('',(-48.166143079,-24.19786550256,
    -10.03944577298));
#7353 = CARTESIAN_POINT('',(-45.13133693259,-21.98615498298,-10.73102963
    ));
#7354 = ORIENTED_EDGE('',*,*,#4914,.T.);
#7355 = CONICAL_SURFACE('',#7356,2.2,0.785398163397);
#7356 = AXIS2_PLACEMENT_3D('',#7357,#7358,#7359);
#7357 = CARTESIAN_POINT('',(-48.53507762407,-26.,-8.832715250201));
#7358 = DIRECTION('',(0.956304755963,-1.298391193328E-16,0.292371704723)
  );
#7359 = DIRECTION('',(0.292371704723,4.246846234515E-16,-0.956304755963)
  );
#7360 = ADVANCED_FACE('',(#7361),#7371,.T.);
#7361 = FACE_BOUND('',#7362,.T.);
#7362 = EDGE_LOOP('',(#7363,#7364,#7365,#7370));
#7363 = ORIENTED_EDGE('',*,*,#7350,.F.);
#7364 = ORIENTED_EDGE('',*,*,#7305,.T.);
#7365 = ORIENTED_EDGE('',*,*,#7366,.T.);
#7366 = EDGE_CURVE('',#7282,#4926,#7367,.T.);
#7367 = B_SPLINE_CURVE_WITH_KNOTS('',1,(#7368,#7369),.UNSPECIFIED.,.F.,
  .F.,(2,2),(0.,1.),.PIECEWISE_BEZIER_KNOTS.);
#7368 = CARTESIAN_POINT('',(-47.41366169826,-26.,-12.50070146752));
#7369 = CARTESIAN_POINT('',(-43.45535567549,-26.,-16.21291731331));
#7370 = ORIENTED_EDGE('',*,*,#4925,.T.);
#7371 = B_SPLINE_SURFACE_WITH_KNOTS('',1,1,(
    (#7372,#7373)
    ,(#7374,#7375
    )),.UNSPECIFIED.,.F.,.F.,.F.,(2,2),(2,2),(0.,6.997925233036),(0.,1.)
  ,.PIECEWISE_BEZIER_KNOTS.);
#7372 = CARTESIAN_POINT('',(-48.166143079,-24.19786550256,
    -10.03944577298));
#7373 = CARTESIAN_POINT('',(-45.13133693259,-21.98615498298,-10.73102963
    ));
#7374 = CARTESIAN_POINT('',(-47.41366169826,-26.,-12.50070146752));
#7375 = CARTESIAN_POINT('',(-43.45535567549,-26.,-16.21291731331));
#7376 = ADVANCED_FACE('',(#7377),#7383,.T.);
#7377 = FACE_BOUND('',#7378,.T.);
#7378 = EDGE_LOOP('',(#7379,#7380,#7381,#7382));
#7379 = ORIENTED_EDGE('',*,*,#7366,.F.);
#7380 = ORIENTED_EDGE('',*,*,#7281,.T.);
#7381 = ORIENTED_EDGE('',*,*,#7344,.T.);
#7382 = ORIENTED_EDGE('',*,*,#4932,.T.);
#7383 = B_SPLINE_SURFACE_WITH_KNOTS('',1,1,(
    (#7384,#7385)
    ,(#7386,#7387
    )),.UNSPECIFIED.,.F.,.F.,.F.,(2,2),(2,2),(0.,6.997925233036),(0.,1.)
  ,.PIECEWISE_BEZIER_KNOTS.);
#7384 = CARTESIAN_POINT('',(-47.41366169826,-26.,-12.50070146752));
#7385 = CARTESIAN_POINT('',(-43.45535567549,-26.,-16.21291731331));
#7386 = CARTESIAN_POINT('',(-48.166143079,-27.80213449743,
    -10.03944577298));
#7387 = CARTESIAN_POINT('',(-45.13133693259,-30.01384501701,-10.73102963
    ));
#7388 = ADVANCED_FACE('',(#7389),#7408,.F.);
#7389 = FACE_BOUND('',#7390,.F.);
#7390 = EDGE_LOOP('',(#7391,#7399,#7400,#7401));
#7391 = ORIENTED_EDGE('',*,*,#7392,.T.);
#7392 = EDGE_CURVE('',#7393,#5159,#7395,.T.);
#7393 = VERTEX_POINT('',#7394);
#7394 = CARTESIAN_POINT('',(43.599999999992,-34.99999999999,2.5));
#7395 = LINE('',#7396,#7397);
#7396 = CARTESIAN_POINT('',(43.599999999992,-34.99999999999,2.5));
#7397 = VECTOR('',#7398,1.);
#7398 = DIRECTION('',(-0.,-0.,-1.));
#7399 = ORIENTED_EDGE('',*,*,#5166,.T.);
#7400 = ORIENTED_EDGE('',*,*,#5050,.F.);
#7401 = ORIENTED_EDGE('',*,*,#7402,.F.);
#7402 = EDGE_CURVE('',#7393,#5051,#7403,.T.);
#7403 = CIRCLE('',#7404,3.000000000004);
#7404 = AXIS2_PLACEMENT_3D('',#7405,#7406,#7407);
#7405 = CARTESIAN_POINT('',(43.599999999995,-31.99999999999,2.5));
#7406 = DIRECTION('',(0.,0.,1.));
#7407 = DIRECTION('',(1.,0.,0.));
#7408 = CYLINDRICAL_SURFACE('',#7409,3.000000000004);
#7409 = AXIS2_PLACEMENT_3D('',#7410,#7411,#7412);
#7410 = CARTESIAN_POINT('',(43.599999999995,-31.99999999999,2.5));
#7411 = DIRECTION('',(0.,0.,1.));
#7412 = DIRECTION('',(1.,0.,0.));
#7413 = ADVANCED_FACE('',(#7414),#7428,.F.);
#7414 = FACE_BOUND('',#7415,.F.);
#7415 = EDGE_LOOP('',(#7416,#7417,#7422,#7423));
#7416 = ORIENTED_EDGE('',*,*,#5058,.T.);
#7417 = ORIENTED_EDGE('',*,*,#7418,.T.);
#7418 = EDGE_CURVE('',#5059,#6894,#7419,.T.);
#7419 = B_SPLINE_CURVE_WITH_KNOTS('',1,(#7420,#7421),.UNSPECIFIED.,.F.,
  .F.,(2,2),(0.,1.),.PIECEWISE_BEZIER_KNOTS.);
#7420 = CARTESIAN_POINT('',(46.599999999999,31.999999999992,2.5));
#7421 = CARTESIAN_POINT('',(46.2752962034,31.999999999995,3.));
#7422 = ORIENTED_EDGE('',*,*,#6891,.F.);
#7423 = ORIENTED_EDGE('',*,*,#7424,.F.);
#7424 = EDGE_CURVE('',#5051,#6892,#7425,.T.);
#7425 = B_SPLINE_CURVE_WITH_KNOTS('',1,(#7426,#7427),.UNSPECIFIED.,.F.,
  .F.,(2,2),(0.,1.),.PIECEWISE_BEZIER_KNOTS.);
#7426 = CARTESIAN_POINT('',(46.599999999999,-31.99999999999,2.5));
#7427 = CARTESIAN_POINT('',(46.2752962034,-31.99999999999,3.));
#7428 = B_SPLINE_SURFACE_WITH_KNOTS('',1,1,(
    (#7429,#7430)
    ,(#7431,#7432
    )),.UNSPECIFIED.,.F.,.F.,.F.,(2,2),(2,2),(-2.604139126561E-12,
    63.999999999987),(0.,1.),.PIECEWISE_BEZIER_KNOTS.);
#7429 = CARTESIAN_POINT('',(46.599999999999,-31.99999999999,2.5));
#7430 = CARTESIAN_POINT('',(46.2752962034,-31.99999999999,3.));
#7431 = CARTESIAN_POINT('',(46.599999999999,31.999999999992,2.5));
#7432 = CARTESIAN_POINT('',(46.2752962034,31.999999999995,3.));
#7433 = ADVANCED_FACE('',(#7434),#7453,.F.);
#7434 = FACE_BOUND('',#7435,.F.);
#7435 = EDGE_LOOP('',(#7436,#7437,#7438,#7446));
#7436 = ORIENTED_EDGE('',*,*,#5066,.T.);
#7437 = ORIENTED_EDGE('',*,*,#5115,.T.);
#7438 = ORIENTED_EDGE('',*,*,#7439,.F.);
#7439 = EDGE_CURVE('',#7440,#5116,#7442,.T.);
#7440 = VERTEX_POINT('',#7441);
#7441 = CARTESIAN_POINT('',(43.599999999992,34.999999999999,2.5));
#7442 = LINE('',#7443,#7444);
#7443 = CARTESIAN_POINT('',(43.599999999992,34.999999999999,2.5));
#7444 = VECTOR('',#7445,1.);
#7445 = DIRECTION('',(-0.,-0.,-1.));
#7446 = ORIENTED_EDGE('',*,*,#7447,.F.);
#7447 = EDGE_CURVE('',#5059,#7440,#7448,.T.);
#7448 = CIRCLE('',#7449,3.000000000004);
#7449 = AXIS2_PLACEMENT_3D('',#7450,#7451,#7452);
#7450 = CARTESIAN_POINT('',(43.599999999995,31.999999999995,2.5));
#7451 = DIRECTION('',(0.,0.,1.));
#7452 = DIRECTION('',(1.,0.,0.));
#7453 = CYLINDRICAL_SURFACE('',#7454,3.000000000004);
#7454 = AXIS2_PLACEMENT_3D('',#7455,#7456,#7457);
#7455 = CARTESIAN_POINT('',(43.599999999995,31.999999999995,2.5));
#7456 = DIRECTION('',(0.,0.,1.));
#7457 = DIRECTION('',(1.,0.,0.));
#7458 = ADVANCED_FACE('',(#7459),#7477,.F.);
#7459 = FACE_BOUND('',#7460,.F.);
#7460 = EDGE_LOOP('',(#7461,#7462,#7463,#7471));
#7461 = ORIENTED_EDGE('',*,*,#7439,.T.);
#7462 = ORIENTED_EDGE('',*,*,#5124,.T.);
#7463 = ORIENTED_EDGE('',*,*,#7464,.F.);
#7464 = EDGE_CURVE('',#7465,#5125,#7467,.T.);
#7465 = VERTEX_POINT('',#7466);
#7466 = CARTESIAN_POINT('',(-40.39999999999,34.999999999999,2.5));
#7467 = LINE('',#7468,#7469);
#7468 = CARTESIAN_POINT('',(-40.39999999999,34.999999999999,2.5));
#7469 = VECTOR('',#7470,1.);
#7470 = DIRECTION('',(-0.,-0.,-1.));
#7471 = ORIENTED_EDGE('',*,*,#7472,.F.);
#7472 = EDGE_CURVE('',#7440,#7465,#7473,.T.);
#7473 = LINE('',#7474,#7475);
#7474 = CARTESIAN_POINT('',(43.599999999992,34.999999999999,2.5));
#7475 = VECTOR('',#7476,1.);
#7476 = DIRECTION('',(-1.,0.,0.));
#7477 = PLANE('',#7478);
#7478 = AXIS2_PLACEMENT_3D('',#7479,#7480,#7481);
#7479 = CARTESIAN_POINT('',(43.599999999992,34.999999999999,2.5));
#7480 = DIRECTION('',(0.,1.,0.));
#7481 = DIRECTION('',(-1.,0.,0.));
#7482 = ADVANCED_FACE('',(#7483),#7502,.F.);
#7483 = FACE_BOUND('',#7484,.F.);
#7484 = EDGE_LOOP('',(#7485,#7486,#7487,#7495));
#7485 = ORIENTED_EDGE('',*,*,#7464,.T.);
#7486 = ORIENTED_EDGE('',*,*,#5132,.T.);
#7487 = ORIENTED_EDGE('',*,*,#7488,.F.);
#7488 = EDGE_CURVE('',#7489,#5133,#7491,.T.);
#7489 = VERTEX_POINT('',#7490);
#7490 = CARTESIAN_POINT('',(-43.39999999999,31.999999999992,2.5));
#7491 = LINE('',#7492,#7493);
#7492 = CARTESIAN_POINT('',(-43.39999999999,31.999999999992,2.5));
#7493 = VECTOR('',#7494,1.);
#7494 = DIRECTION('',(-0.,-0.,-1.));
#7495 = ORIENTED_EDGE('',*,*,#7496,.F.);
#7496 = EDGE_CURVE('',#7465,#7489,#7497,.T.);
#7497 = CIRCLE('',#7498,3.000000000004);
#7498 = AXIS2_PLACEMENT_3D('',#7499,#7500,#7501);
#7499 = CARTESIAN_POINT('',(-40.39999999999,31.999999999995,2.5));
#7500 = DIRECTION('',(0.,0.,1.));
#7501 = DIRECTION('',(1.,0.,0.));
#7502 = CYLINDRICAL_SURFACE('',#7503,3.000000000004);
#7503 = AXIS2_PLACEMENT_3D('',#7504,#7505,#7506);
#7504 = CARTESIAN_POINT('',(-40.39999999999,31.999999999995,2.5));
#7505 = DIRECTION('',(0.,0.,1.));
#7506 = DIRECTION('',(1.,0.,0.));
#7507 = ADVANCED_FACE('',(#7508),#7526,.F.);
#7508 = FACE_BOUND('',#7509,.F.);
#7509 = EDGE_LOOP('',(#7510,#7511,#7512,#7520));
#7510 = ORIENTED_EDGE('',*,*,#7488,.T.);
#7511 = ORIENTED_EDGE('',*,*,#5141,.T.);
#7512 = ORIENTED_EDGE('',*,*,#7513,.F.);
#7513 = EDGE_CURVE('',#7514,#5142,#7516,.T.);
#7514 = VERTEX_POINT('',#7515);
#7515 = CARTESIAN_POINT('',(-43.39999999999,-31.99999999999,2.5));
#7516 = LINE('',#7517,#7518);
#7517 = CARTESIAN_POINT('',(-43.39999999999,-31.99999999999,2.5));
#7518 = VECTOR('',#7519,1.);
#7519 = DIRECTION('',(-0.,-0.,-1.));
#7520 = ORIENTED_EDGE('',*,*,#7521,.F.);
#7521 = EDGE_CURVE('',#7489,#7514,#7522,.T.);
#7522 = LINE('',#7523,#7524);
#7523 = CARTESIAN_POINT('',(-43.39999999999,31.999999999992,2.5));
#7524 = VECTOR('',#7525,1.);
#7525 = DIRECTION('',(0.,-1.,0.));
#7526 = PLANE('',#7527);
#7527 = AXIS2_PLACEMENT_3D('',#7528,#7529,#7530);
#7528 = CARTESIAN_POINT('',(-43.39999999999,31.999999999992,2.5));
#7529 = DIRECTION('',(-1.,0.,0.));
#7530 = DIRECTION('',(0.,-1.,0.));
#7531 = ADVANCED_FACE('',(#7532),#7551,.F.);
#7532 = FACE_BOUND('',#7533,.F.);
#7533 = EDGE_LOOP('',(#7534,#7535,#7536,#7544));
#7534 = ORIENTED_EDGE('',*,*,#7513,.T.);
#7535 = ORIENTED_EDGE('',*,*,#5149,.T.);
#7536 = ORIENTED_EDGE('',*,*,#7537,.F.);
#7537 = EDGE_CURVE('',#7538,#5150,#7540,.T.);
#7538 = VERTEX_POINT('',#7539);
#7539 = CARTESIAN_POINT('',(-40.39999999999,-34.99999999999,2.5));
#7540 = LINE('',#7541,#7542);
#7541 = CARTESIAN_POINT('',(-40.39999999999,-34.99999999999,2.5));
#7542 = VECTOR('',#7543,1.);
#7543 = DIRECTION('',(-0.,-0.,-1.));
#7544 = ORIENTED_EDGE('',*,*,#7545,.F.);
#7545 = EDGE_CURVE('',#7514,#7538,#7546,.T.);
#7546 = CIRCLE('',#7547,3.000000000004);
#7547 = AXIS2_PLACEMENT_3D('',#7548,#7549,#7550);
#7548 = CARTESIAN_POINT('',(-40.39999999999,-31.99999999999,2.5));
#7549 = DIRECTION('',(0.,0.,1.));
#7550 = DIRECTION('',(1.,0.,0.));
#7551 = CYLINDRICAL_SURFACE('',#7552,3.000000000004);
#7552 = AXIS2_PLACEMENT_3D('',#7553,#7554,#7555);
#7553 = CARTESIAN_POINT('',(-40.39999999999,-31.99999999999,2.5));
#7554 = DIRECTION('',(0.,0.,1.));
#7555 = DIRECTION('',(1.,0.,0.));
#7556 = ADVANCED_FACE('',(#7557),#7568,.F.);
#7557 = FACE_BOUND('',#7558,.F.);
#7558 = EDGE_LOOP('',(#7559,#7560,#7561,#7562));
#7559 = ORIENTED_EDGE('',*,*,#7537,.T.);
#7560 = ORIENTED_EDGE('',*,*,#5158,.T.);
#7561 = ORIENTED_EDGE('',*,*,#7392,.F.);
#7562 = ORIENTED_EDGE('',*,*,#7563,.F.);
#7563 = EDGE_CURVE('',#7538,#7393,#7564,.T.);
#7564 = LINE('',#7565,#7566);
#7565 = CARTESIAN_POINT('',(-40.39999999999,-34.99999999999,2.5));
#7566 = VECTOR('',#7567,1.);
#7567 = DIRECTION('',(1.,0.,0.));
#7568 = PLANE('',#7569);
#7569 = AXIS2_PLACEMENT_3D('',#7570,#7571,#7572);
#7570 = CARTESIAN_POINT('',(-40.39999999999,-34.99999999999,2.5));
#7571 = DIRECTION('',(0.,-1.,0.));
#7572 = DIRECTION('',(1.,0.,0.));
#7573 = ADVANCED_FACE('',(#7574),#7598,.F.);
#7574 = FACE_BOUND('',#7575,.F.);
#7575 = EDGE_LOOP('',(#7576,#7583,#7592,#7597));
#7576 = ORIENTED_EDGE('',*,*,#7577,.F.);
#7577 = EDGE_CURVE('',#7578,#5218,#7580,.T.);
#7578 = VERTEX_POINT('',#7579);
#7579 = CARTESIAN_POINT('',(-48.166143079,27.802134497436,
    -10.03944577298));
#7580 = B_SPLINE_CURVE_WITH_KNOTS('',1,(#7581,#7582),.UNSPECIFIED.,.F.,
  .F.,(2,2),(0.,1.),.PIECEWISE_BEZIER_KNOTS.);
#7581 = CARTESIAN_POINT('',(-48.166143079,27.802134497436,
    -10.03944577298));
#7582 = CARTESIAN_POINT('',(-45.13133693259,30.013845017016,-10.73102963
    ));
#7583 = ORIENTED_EDGE('',*,*,#7584,.T.);
#7584 = EDGE_CURVE('',#7578,#7585,#7587,.T.);
#7585 = VERTEX_POINT('',#7586);
#7586 = CARTESIAN_POINT('',(-48.166143079,24.197865502564,
    -10.03944577298));
#7587 = CIRCLE('',#7588,2.2);
#7588 = AXIS2_PLACEMENT_3D('',#7589,#7590,#7591);
#7589 = CARTESIAN_POINT('',(-48.53507762407,26.,-8.832715250201));
#7590 = DIRECTION('',(0.956304755963,-0.,0.292371704723));
#7591 = DIRECTION('',(0.292371704723,0.,-0.956304755963));
#7592 = ORIENTED_EDGE('',*,*,#7593,.T.);
#7593 = EDGE_CURVE('',#7585,#5220,#7594,.T.);
#7594 = B_SPLINE_CURVE_WITH_KNOTS('',1,(#7595,#7596),.UNSPECIFIED.,.F.,
  .F.,(2,2),(0.,1.),.PIECEWISE_BEZIER_KNOTS.);
#7595 = CARTESIAN_POINT('',(-48.166143079,24.197865502564,
    -10.03944577298));
#7596 = CARTESIAN_POINT('',(-45.13133693259,21.986154982984,-10.73102963
    ));
#7597 = ORIENTED_EDGE('',*,*,#5217,.F.);
#7598 = CONICAL_SURFACE('',#7599,2.2,0.785398163397);
#7599 = AXIS2_PLACEMENT_3D('',#7600,#7601,#7602);
#7600 = CARTESIAN_POINT('',(-48.53507762407,26.,-8.832715250201));
#7601 = DIRECTION('',(0.956304755963,0.,0.292371704723));
#7602 = DIRECTION('',(0.292371704723,0.,-0.956304755963));
#7603 = ADVANCED_FACE('',(#7604),#7621,.F.);
#7604 = FACE_BOUND('',#7605,.F.);
#7605 = EDGE_LOOP('',(#7606,#7613,#7619,#7620));
#7606 = ORIENTED_EDGE('',*,*,#7607,.F.);
#7607 = EDGE_CURVE('',#7608,#5229,#7610,.T.);
#7608 = VERTEX_POINT('',#7609);
#7609 = CARTESIAN_POINT('',(-47.41366169826,26.,-12.50070146752));
#7610 = B_SPLINE_CURVE_WITH_KNOTS('',1,(#7611,#7612),.UNSPECIFIED.,.F.,
  .F.,(2,2),(0.,1.),.PIECEWISE_BEZIER_KNOTS.);
#7611 = CARTESIAN_POINT('',(-47.41366169826,26.,-12.50070146752));
#7612 = CARTESIAN_POINT('',(-43.45535567549,26.,-16.21291731331));
#7613 = ORIENTED_EDGE('',*,*,#7614,.T.);
#7614 = EDGE_CURVE('',#7608,#7578,#7615,.T.);
#7615 = LINE('',#7616,#7617);
#7616 = CARTESIAN_POINT('',(-47.41366169826,26.,-12.50070146752));
#7617 = VECTOR('',#7618,1.);
#7618 = DIRECTION('',(-0.239496879616,0.573576436351,0.78335899581));
#7619 = ORIENTED_EDGE('',*,*,#7577,.T.);
#7620 = ORIENTED_EDGE('',*,*,#5228,.T.);
#7621 = B_SPLINE_SURFACE_WITH_KNOTS('',1,1,(
    (#7622,#7623)
    ,(#7624,#7625
    )),.UNSPECIFIED.,.F.,.F.,.F.,(2,2),(2,2),(0.,6.997925233036),(0.,1.)
  ,.PIECEWISE_BEZIER_KNOTS.);
#7622 = CARTESIAN_POINT('',(-47.41366169826,26.,-12.50070146752));
#7623 = CARTESIAN_POINT('',(-43.45535567549,26.,-16.21291731331));
#7624 = CARTESIAN_POINT('',(-48.166143079,27.802134497436,
    -10.03944577298));
#7625 = CARTESIAN_POINT('',(-45.13133693259,30.013845017016,-10.73102963
    ));
#7626 = ADVANCED_FACE('',(#7627),#7638,.F.);
#7627 = FACE_BOUND('',#7628,.F.);
#7628 = EDGE_LOOP('',(#7629,#7630,#7636,#7637));
#7629 = ORIENTED_EDGE('',*,*,#7593,.F.);
#7630 = ORIENTED_EDGE('',*,*,#7631,.T.);
#7631 = EDGE_CURVE('',#7585,#7608,#7632,.T.);
#7632 = LINE('',#7633,#7634);
#7633 = CARTESIAN_POINT('',(-48.166143079,24.197865502564,
    -10.03944577298));
#7634 = VECTOR('',#7635,1.);
#7635 = DIRECTION('',(0.239496879616,0.573576436351,-0.78335899581));
#7636 = ORIENTED_EDGE('',*,*,#7607,.T.);
#7637 = ORIENTED_EDGE('',*,*,#5235,.T.);
#7638 = B_SPLINE_SURFACE_WITH_KNOTS('',1,1,(
    (#7639,#7640)
    ,(#7641,#7642
    )),.UNSPECIFIED.,.F.,.F.,.F.,(2,2),(2,2),(0.,6.997925233036),(0.,1.)
  ,.PIECEWISE_BEZIER_KNOTS.);
#7639 = CARTESIAN_POINT('',(-48.166143079,24.197865502564,
    -10.03944577298));
#7640 = CARTESIAN_POINT('',(-45.13133693259,21.986154982984,-10.73102963
    ));
#7641 = CARTESIAN_POINT('',(-47.41366169826,26.,-12.50070146752));
#7642 = CARTESIAN_POINT('',(-43.45535567549,26.,-16.21291731331));
#7643 = ADVANCED_FACE('',(#7644),#7670,.F.);
#7644 = FACE_BOUND('',#7645,.T.);
#7645 = EDGE_LOOP('',(#7646,#7654,#7655,#7663));
#7646 = ORIENTED_EDGE('',*,*,#7647,.F.);
#7647 = EDGE_CURVE('',#5286,#7648,#7650,.T.);
#7648 = VERTEX_POINT('',#7649);
#7649 = CARTESIAN_POINT('',(-48.166143079,52.197865502564,
    -10.03944577298));
#7650 = LINE('',#7651,#7652);
#7651 = CARTESIAN_POINT('',(-52.56514495643,52.197865502564,
    -11.3843556147));
#7652 = VECTOR('',#7653,1.);
#7653 = DIRECTION('',(0.956304755963,0.,0.292371704723));
#7654 = ORIENTED_EDGE('',*,*,#5285,.T.);
#7655 = ORIENTED_EDGE('',*,*,#7656,.T.);
#7656 = EDGE_CURVE('',#5288,#7657,#7659,.T.);
#7657 = VERTEX_POINT('',#7658);
#7658 = CARTESIAN_POINT('',(-48.166143079,55.802134497436,
    -10.03944577298));
#7659 = LINE('',#7660,#7661);
#7660 = CARTESIAN_POINT('',(-52.56514495643,55.802134497436,
    -11.3843556147));
#7661 = VECTOR('',#7662,1.);
#7662 = DIRECTION('',(0.956304755963,0.,0.292371704723));
#7663 = ORIENTED_EDGE('',*,*,#7664,.F.);
#7664 = EDGE_CURVE('',#7648,#7657,#7665,.T.);
#7665 = CIRCLE('',#7666,2.2);
#7666 = AXIS2_PLACEMENT_3D('',#7667,#7668,#7669);
#7667 = CARTESIAN_POINT('',(-48.53507762407,54.,-8.832715250201));
#7668 = DIRECTION('',(-0.956304755963,1.298391193328E-16,-0.292371704723
    ));
#7669 = DIRECTION('',(0.292371704723,4.246846234515E-16,-0.956304755963)
  );
#7670 = CYLINDRICAL_SURFACE('',#7671,2.2);
#7671 = AXIS2_PLACEMENT_3D('',#7672,#7673,#7674);
#7672 = CARTESIAN_POINT('',(-52.9340795015,54.,-10.17762509192));
#7673 = DIRECTION('',(-0.956304755963,0.,-0.292371704723));
#7674 = DIRECTION('',(0.292371704723,0.,-0.956304755963));
#7675 = ADVANCED_FACE('',(#7676),#7694,.T.);
#7676 = FACE_BOUND('',#7677,.T.);
#7677 = EDGE_LOOP('',(#7678,#7679,#7680,#7688));
#7678 = ORIENTED_EDGE('',*,*,#5296,.F.);
#7679 = ORIENTED_EDGE('',*,*,#7647,.T.);
#7680 = ORIENTED_EDGE('',*,*,#7681,.F.);
#7681 = EDGE_CURVE('',#7682,#7648,#7684,.T.);
#7682 = VERTEX_POINT('',#7683);
#7683 = CARTESIAN_POINT('',(-47.41366169826,54.,-12.50070146752));
#7684 = LINE('',#7685,#7686);
#7685 = CARTESIAN_POINT('',(-47.41366169826,54.,-12.50070146752));
#7686 = VECTOR('',#7687,1.);
#7687 = DIRECTION('',(-0.239496879616,-0.573576436351,0.78335899581));
#7688 = ORIENTED_EDGE('',*,*,#7689,.F.);
#7689 = EDGE_CURVE('',#5297,#7682,#7690,.T.);
#7690 = LINE('',#7691,#7692);
#7691 = CARTESIAN_POINT('',(-51.81266357569,54.,-13.84561130925));
#7692 = VECTOR('',#7693,1.);
#7693 = DIRECTION('',(0.956304755963,0.,0.292371704723));
#7694 = PLANE('',#7695);
#7695 = AXIS2_PLACEMENT_3D('',#7696,#7697,#7698);
#7696 = CARTESIAN_POINT('',(-52.56514495643,52.197865502564,
    -11.3843556147));
#7697 = DIRECTION('',(-0.167697520485,0.819152044289,0.548513873991));
#7698 = DIRECTION('',(0.239496879616,0.573576436351,-0.78335899581));
#7699 = ADVANCED_FACE('',(#7700),#7711,.T.);
#7700 = FACE_BOUND('',#7701,.T.);
#7701 = EDGE_LOOP('',(#7702,#7703,#7704,#7710));
#7702 = ORIENTED_EDGE('',*,*,#5304,.F.);
#7703 = ORIENTED_EDGE('',*,*,#7689,.T.);
#7704 = ORIENTED_EDGE('',*,*,#7705,.F.);
#7705 = EDGE_CURVE('',#7657,#7682,#7706,.T.);
#7706 = LINE('',#7707,#7708);
#7707 = CARTESIAN_POINT('',(-48.166143079,55.802134497436,
    -10.03944577298));
#7708 = VECTOR('',#7709,1.);
#7709 = DIRECTION('',(0.239496879616,-0.573576436351,-0.78335899581));
#7710 = ORIENTED_EDGE('',*,*,#7656,.F.);
#7711 = PLANE('',#7712);
#7712 = AXIS2_PLACEMENT_3D('',#7713,#7714,#7715);
#7713 = CARTESIAN_POINT('',(-51.81266357569,54.,-13.84561130925));
#7714 = DIRECTION('',(-0.167697520485,-0.819152044289,0.548513873991));
#7715 = DIRECTION('',(-0.239496879616,0.573576436351,0.78335899581));
#7716 = ADVANCED_FACE('',(#7717),#7733,.F.);
#7717 = FACE_BOUND('',#7718,.T.);
#7718 = EDGE_LOOP('',(#7719,#7725,#7726,#7732));
#7719 = ORIENTED_EDGE('',*,*,#7720,.F.);
#7720 = EDGE_CURVE('',#5313,#7585,#7721,.T.);
#7721 = LINE('',#7722,#7723);
#7722 = CARTESIAN_POINT('',(-52.56514495643,24.197865502564,
    -11.3843556147));
#7723 = VECTOR('',#7724,1.);
#7724 = DIRECTION('',(0.956304755963,0.,0.292371704723));
#7725 = ORIENTED_EDGE('',*,*,#5312,.T.);
#7726 = ORIENTED_EDGE('',*,*,#7727,.T.);
#7727 = EDGE_CURVE('',#5315,#7578,#7728,.T.);
#7728 = LINE('',#7729,#7730);
#7729 = CARTESIAN_POINT('',(-52.56514495643,27.802134497436,
    -11.3843556147));
#7730 = VECTOR('',#7731,1.);
#7731 = DIRECTION('',(0.956304755963,0.,0.292371704723));
#7732 = ORIENTED_EDGE('',*,*,#7584,.T.);
#7733 = CYLINDRICAL_SURFACE('',#7734,2.2);
#7734 = AXIS2_PLACEMENT_3D('',#7735,#7736,#7737);
#7735 = CARTESIAN_POINT('',(-52.9340795015,26.,-10.17762509192));
#7736 = DIRECTION('',(-0.956304755963,0.,-0.292371704723));
#7737 = DIRECTION('',(0.292371704723,0.,-0.956304755963));
#7738 = ADVANCED_FACE('',(#7739),#7750,.T.);
#7739 = FACE_BOUND('',#7740,.T.);
#7740 = EDGE_LOOP('',(#7741,#7742,#7743,#7744));
#7741 = ORIENTED_EDGE('',*,*,#5323,.F.);
#7742 = ORIENTED_EDGE('',*,*,#7720,.T.);
#7743 = ORIENTED_EDGE('',*,*,#7631,.T.);
#7744 = ORIENTED_EDGE('',*,*,#7745,.F.);
#7745 = EDGE_CURVE('',#5324,#7608,#7746,.T.);
#7746 = LINE('',#7747,#7748);
#7747 = CARTESIAN_POINT('',(-51.81266357569,26.,-13.84561130925));
#7748 = VECTOR('',#7749,1.);
#7749 = DIRECTION('',(0.956304755963,0.,0.292371704723));
#7750 = PLANE('',#7751);
#7751 = AXIS2_PLACEMENT_3D('',#7752,#7753,#7754);
#7752 = CARTESIAN_POINT('',(-52.56514495643,24.197865502564,
    -11.3843556147));
#7753 = DIRECTION('',(-0.167697520485,0.819152044289,0.548513873991));
#7754 = DIRECTION('',(0.239496879616,0.573576436351,-0.78335899581));
#7755 = ADVANCED_FACE('',(#7756),#7762,.T.);
#7756 = FACE_BOUND('',#7757,.T.);
#7757 = EDGE_LOOP('',(#7758,#7759,#7760,#7761));
#7758 = ORIENTED_EDGE('',*,*,#5331,.F.);
#7759 = ORIENTED_EDGE('',*,*,#7745,.T.);
#7760 = ORIENTED_EDGE('',*,*,#7614,.T.);
#7761 = ORIENTED_EDGE('',*,*,#7727,.F.);
#7762 = PLANE('',#7763);
#7763 = AXIS2_PLACEMENT_3D('',#7764,#7765,#7766);
#7764 = CARTESIAN_POINT('',(-51.81266357569,26.,-13.84561130925));
#7765 = DIRECTION('',(-0.167697520485,-0.819152044289,0.548513873991));
#7766 = DIRECTION('',(-0.239496879616,0.573576436351,0.78335899581));
#7767 = ADVANCED_FACE('',(#7768),#7782,.F.);
#7768 = FACE_BOUND('',#7769,.T.);
#7769 = EDGE_LOOP('',(#7770,#7775,#7776,#7781));
#7770 = ORIENTED_EDGE('',*,*,#7771,.F.);
#7771 = EDGE_CURVE('',#7648,#5376,#7772,.T.);
#7772 = B_SPLINE_CURVE_WITH_KNOTS('',1,(#7773,#7774),.UNSPECIFIED.,.F.,
  .F.,(2,2),(0.,1.),.PIECEWISE_BEZIER_KNOTS.);
#7773 = CARTESIAN_POINT('',(-48.166143079,52.197865502564,
    -10.03944577298));
#7774 = CARTESIAN_POINT('',(-45.13133693259,49.986154982984,-10.73102963
    ));
#7775 = ORIENTED_EDGE('',*,*,#7664,.T.);
#7776 = ORIENTED_EDGE('',*,*,#7777,.T.);
#7777 = EDGE_CURVE('',#7657,#5374,#7778,.T.);
#7778 = B_SPLINE_CURVE_WITH_KNOTS('',1,(#7779,#7780),.UNSPECIFIED.,.F.,
  .F.,(2,2),(0.,1.),.PIECEWISE_BEZIER_KNOTS.);
#7779 = CARTESIAN_POINT('',(-48.166143079,55.802134497436,
    -10.03944577298));
#7780 = CARTESIAN_POINT('',(-45.13133693259,58.013845017016,-10.73102963
    ));
#7781 = ORIENTED_EDGE('',*,*,#5373,.T.);
#7782 = CONICAL_SURFACE('',#7783,2.2,0.785398163397);
#7783 = AXIS2_PLACEMENT_3D('',#7784,#7785,#7786);
#7784 = CARTESIAN_POINT('',(-48.53507762407,54.,-8.832715250201));
#7785 = DIRECTION('',(0.956304755963,-1.298391193328E-16,0.292371704723)
  );
#7786 = DIRECTION('',(0.292371704723,4.246846234515E-16,-0.956304755963)
  );
#7787 = ADVANCED_FACE('',(#7788),#7798,.T.);
#7788 = FACE_BOUND('',#7789,.T.);
#7789 = EDGE_LOOP('',(#7790,#7791,#7792,#7797));
#7790 = ORIENTED_EDGE('',*,*,#7777,.F.);
#7791 = ORIENTED_EDGE('',*,*,#7705,.T.);
#7792 = ORIENTED_EDGE('',*,*,#7793,.T.);
#7793 = EDGE_CURVE('',#7682,#5385,#7794,.T.);
#7794 = B_SPLINE_CURVE_WITH_KNOTS('',1,(#7795,#7796),.UNSPECIFIED.,.F.,
  .F.,(2,2),(0.,1.),.PIECEWISE_BEZIER_KNOTS.);
#7795 = CARTESIAN_POINT('',(-47.41366169826,54.,-12.50070146752));
#7796 = CARTESIAN_POINT('',(-43.45535567549,54.,-16.21291731331));
#7797 = ORIENTED_EDGE('',*,*,#5384,.T.);
#7798 = B_SPLINE_SURFACE_WITH_KNOTS('',1,1,(
    (#7799,#7800)
    ,(#7801,#7802
    )),.UNSPECIFIED.,.F.,.F.,.F.,(2,2),(2,2),(0.,6.997925233036),(0.,1.)
  ,.PIECEWISE_BEZIER_KNOTS.);
#7799 = CARTESIAN_POINT('',(-48.166143079,55.802134497436,
    -10.03944577298));
#7800 = CARTESIAN_POINT('',(-45.13133693259,58.013845017016,-10.73102963
    ));
#7801 = CARTESIAN_POINT('',(-47.41366169826,54.,-12.50070146752));
#7802 = CARTESIAN_POINT('',(-43.45535567549,54.,-16.21291731331));
#7803 = ADVANCED_FACE('',(#7804),#7810,.T.);
#7804 = FACE_BOUND('',#7805,.T.);
#7805 = EDGE_LOOP('',(#7806,#7807,#7808,#7809));
#7806 = ORIENTED_EDGE('',*,*,#7793,.F.);
#7807 = ORIENTED_EDGE('',*,*,#7681,.T.);
#7808 = ORIENTED_EDGE('',*,*,#7771,.T.);
#7809 = ORIENTED_EDGE('',*,*,#5391,.T.);
#7810 = B_SPLINE_SURFACE_WITH_KNOTS('',1,1,(
    (#7811,#7812)
    ,(#7813,#7814
    )),.UNSPECIFIED.,.F.,.F.,.F.,(2,2),(2,2),(0.,6.997925233036),(0.,1.)
  ,.PIECEWISE_BEZIER_KNOTS.);
#7811 = CARTESIAN_POINT('',(-47.41366169826,54.,-12.50070146752));
#7812 = CARTESIAN_POINT('',(-43.45535567549,54.,-16.21291731331));
#7813 = CARTESIAN_POINT('',(-48.166143079,52.197865502564,
    -10.03944577298));
#7814 = CARTESIAN_POINT('',(-45.13133693259,49.986154982984,-10.73102963
    ));
#7815 = ADVANCED_FACE('',(#7816),#7835,.F.);
#7816 = FACE_BOUND('',#7817,.F.);
#7817 = EDGE_LOOP('',(#7818,#7826,#7827,#7828));
#7818 = ORIENTED_EDGE('',*,*,#7819,.T.);
#7819 = EDGE_CURVE('',#7820,#5630,#7822,.T.);
#7820 = VERTEX_POINT('',#7821);
#7821 = CARTESIAN_POINT('',(43.599999999992,45.000000000001,2.5));
#7822 = LINE('',#7823,#7824);
#7823 = CARTESIAN_POINT('',(43.599999999992,45.000000000001,2.5));
#7824 = VECTOR('',#7825,1.);
#7825 = DIRECTION('',(-0.,-0.,-1.));
#7826 = ORIENTED_EDGE('',*,*,#5637,.T.);
#7827 = ORIENTED_EDGE('',*,*,#5521,.F.);
#7828 = ORIENTED_EDGE('',*,*,#7829,.F.);
#7829 = EDGE_CURVE('',#7820,#5522,#7830,.T.);
#7830 = CIRCLE('',#7831,3.000000000004);
#7831 = AXIS2_PLACEMENT_3D('',#7832,#7833,#7834);
#7832 = CARTESIAN_POINT('',(43.599999999995,48.000000000005,2.5));
#7833 = DIRECTION('',(0.,0.,1.));
#7834 = DIRECTION('',(1.,0.,0.));
#7835 = CYLINDRICAL_SURFACE('',#7836,3.000000000004);
#7836 = AXIS2_PLACEMENT_3D('',#7837,#7838,#7839);
#7837 = CARTESIAN_POINT('',(43.599999999995,48.000000000005,2.5));
#7838 = DIRECTION('',(0.,0.,1.));
#7839 = DIRECTION('',(1.,0.,0.));
#7840 = ADVANCED_FACE('',(#7841),#7855,.F.);
#7841 = FACE_BOUND('',#7842,.F.);
#7842 = EDGE_LOOP('',(#7843,#7844,#7849,#7850));
#7843 = ORIENTED_EDGE('',*,*,#5529,.T.);
#7844 = ORIENTED_EDGE('',*,*,#7845,.T.);
#7845 = EDGE_CURVE('',#5530,#6754,#7846,.T.);
#7846 = B_SPLINE_CURVE_WITH_KNOTS('',1,(#7847,#7848),.UNSPECIFIED.,.F.,
  .F.,(2,2),(0.,1.),.PIECEWISE_BEZIER_KNOTS.);
#7847 = CARTESIAN_POINT('',(46.599999999999,111.99999999999,2.5));
#7848 = CARTESIAN_POINT('',(46.2752962034,111.99999999999,3.));
#7849 = ORIENTED_EDGE('',*,*,#6751,.F.);
#7850 = ORIENTED_EDGE('',*,*,#7851,.F.);
#7851 = EDGE_CURVE('',#5522,#6752,#7852,.T.);
#7852 = B_SPLINE_CURVE_WITH_KNOTS('',1,(#7853,#7854),.UNSPECIFIED.,.F.,
  .F.,(2,2),(0.,1.),.PIECEWISE_BEZIER_KNOTS.);
#7853 = CARTESIAN_POINT('',(46.599999999999,48.000000000008,2.5));
#7854 = CARTESIAN_POINT('',(46.2752962034,48.000000000005,3.));
#7855 = B_SPLINE_SURFACE_WITH_KNOTS('',1,1,(
    (#7856,#7857)
    ,(#7858,#7859
    )),.UNSPECIFIED.,.F.,.F.,.F.,(2,2),(2,2),(-2.604139126561E-12,
    63.999999999987),(0.,1.),.PIECEWISE_BEZIER_KNOTS.);
#7856 = CARTESIAN_POINT('',(46.599999999999,48.000000000008,2.5));
#7857 = CARTESIAN_POINT('',(46.2752962034,48.000000000005,3.));
#7858 = CARTESIAN_POINT('',(46.599999999999,111.99999999999,2.5));
#7859 = CARTESIAN_POINT('',(46.2752962034,111.99999999999,3.));
#7860 = ADVANCED_FACE('',(#7861),#7880,.F.);
#7861 = FACE_BOUND('',#7862,.F.);
#7862 = EDGE_LOOP('',(#7863,#7864,#7865,#7873));
#7863 = ORIENTED_EDGE('',*,*,#5537,.T.);
#7864 = ORIENTED_EDGE('',*,*,#5586,.T.);
#7865 = ORIENTED_EDGE('',*,*,#7866,.F.);
#7866 = EDGE_CURVE('',#7867,#5587,#7869,.T.);
#7867 = VERTEX_POINT('',#7868);
#7868 = CARTESIAN_POINT('',(43.599999999992,114.99999999999,2.5));
#7869 = LINE('',#7870,#7871);
#7870 = CARTESIAN_POINT('',(43.599999999992,114.99999999999,2.5));
#7871 = VECTOR('',#7872,1.);
#7872 = DIRECTION('',(-0.,-0.,-1.));
#7873 = ORIENTED_EDGE('',*,*,#7874,.F.);
#7874 = EDGE_CURVE('',#5530,#7867,#7875,.T.);
#7875 = CIRCLE('',#7876,3.000000000004);
#7876 = AXIS2_PLACEMENT_3D('',#7877,#7878,#7879);
#7877 = CARTESIAN_POINT('',(43.599999999995,111.99999999999,2.5));
#7878 = DIRECTION('',(0.,0.,1.));
#7879 = DIRECTION('',(1.,0.,0.));
#7880 = CYLINDRICAL_SURFACE('',#7881,3.000000000004);
#7881 = AXIS2_PLACEMENT_3D('',#7882,#7883,#7884);
#7882 = CARTESIAN_POINT('',(43.599999999995,111.99999999999,2.5));
#7883 = DIRECTION('',(0.,0.,1.));
#7884 = DIRECTION('',(1.,0.,0.));
#7885 = ADVANCED_FACE('',(#7886),#7904,.F.);
#7886 = FACE_BOUND('',#7887,.F.);
#7887 = EDGE_LOOP('',(#7888,#7889,#7890,#7898));
#7888 = ORIENTED_EDGE('',*,*,#7866,.T.);
#7889 = ORIENTED_EDGE('',*,*,#5595,.T.);
#7890 = ORIENTED_EDGE('',*,*,#7891,.F.);
#7891 = EDGE_CURVE('',#7892,#5596,#7894,.T.);
#7892 = VERTEX_POINT('',#7893);
#7893 = CARTESIAN_POINT('',(-40.39999999999,114.99999999999,2.5));
#7894 = LINE('',#7895,#7896);
#7895 = CARTESIAN_POINT('',(-40.39999999999,114.99999999999,2.5));
#7896 = VECTOR('',#7897,1.);
#7897 = DIRECTION('',(-0.,-0.,-1.));
#7898 = ORIENTED_EDGE('',*,*,#7899,.F.);
#7899 = EDGE_CURVE('',#7867,#7892,#7900,.T.);
#7900 = LINE('',#7901,#7902);
#7901 = CARTESIAN_POINT('',(43.599999999992,114.99999999999,2.5));
#7902 = VECTOR('',#7903,1.);
#7903 = DIRECTION('',(-1.,0.,0.));
#7904 = PLANE('',#7905);
#7905 = AXIS2_PLACEMENT_3D('',#7906,#7907,#7908);
#7906 = CARTESIAN_POINT('',(43.599999999992,114.99999999999,2.5));
#7907 = DIRECTION('',(0.,1.,0.));
#7908 = DIRECTION('',(-1.,0.,0.));
#7909 = ADVANCED_FACE('',(#7910),#7929,.F.);
#7910 = FACE_BOUND('',#7911,.F.);
#7911 = EDGE_LOOP('',(#7912,#7913,#7914,#7922));
#7912 = ORIENTED_EDGE('',*,*,#7891,.T.);
#7913 = ORIENTED_EDGE('',*,*,#5603,.T.);
#7914 = ORIENTED_EDGE('',*,*,#7915,.F.);
#7915 = EDGE_CURVE('',#7916,#5604,#7918,.T.);
#7916 = VERTEX_POINT('',#7917);
#7917 = CARTESIAN_POINT('',(-43.39999999999,111.99999999999,2.5));
#7918 = LINE('',#7919,#7920);
#7919 = CARTESIAN_POINT('',(-43.39999999999,111.99999999999,2.5));
#7920 = VECTOR('',#7921,1.);
#7921 = DIRECTION('',(-0.,-0.,-1.));
#7922 = ORIENTED_EDGE('',*,*,#7923,.F.);
#7923 = EDGE_CURVE('',#7892,#7916,#7924,.T.);
#7924 = CIRCLE('',#7925,3.000000000004);
#7925 = AXIS2_PLACEMENT_3D('',#7926,#7927,#7928);
#7926 = CARTESIAN_POINT('',(-40.39999999999,111.99999999999,2.5));
#7927 = DIRECTION('',(0.,0.,1.));
#7928 = DIRECTION('',(1.,0.,0.));
#7929 = CYLINDRICAL_SURFACE('',#7930,3.000000000004);
#7930 = AXIS2_PLACEMENT_3D('',#7931,#7932,#7933);
#7931 = CARTESIAN_POINT('',(-40.39999999999,111.99999999999,2.5));
#7932 = DIRECTION('',(0.,0.,1.));
#7933 = DIRECTION('',(1.,0.,0.));
#7934 = ADVANCED_FACE('',(#7935),#7953,.F.);
#7935 = FACE_BOUND('',#7936,.F.);
#7936 = EDGE_LOOP('',(#7937,#7938,#7939,#7947));
#7937 = ORIENTED_EDGE('',*,*,#7915,.T.);
#7938 = ORIENTED_EDGE('',*,*,#5612,.T.);
#7939 = ORIENTED_EDGE('',*,*,#7940,.F.);
#7940 = EDGE_CURVE('',#7941,#5613,#7943,.T.);
#7941 = VERTEX_POINT('',#7942);
#7942 = CARTESIAN_POINT('',(-43.39999999999,48.000000000008,2.5));
#7943 = LINE('',#7944,#7945);
#7944 = CARTESIAN_POINT('',(-43.39999999999,48.000000000008,2.5));
#7945 = VECTOR('',#7946,1.);
#7946 = DIRECTION('',(-0.,-0.,-1.));
#7947 = ORIENTED_EDGE('',*,*,#7948,.F.);
#7948 = EDGE_CURVE('',#7916,#7941,#7949,.T.);
#7949 = LINE('',#7950,#7951);
#7950 = CARTESIAN_POINT('',(-43.39999999999,111.99999999999,2.5));
#7951 = VECTOR('',#7952,1.);
#7952 = DIRECTION('',(0.,-1.,0.));
#7953 = PLANE('',#7954);
#7954 = AXIS2_PLACEMENT_3D('',#7955,#7956,#7957);
#7955 = CARTESIAN_POINT('',(-43.39999999999,111.99999999999,2.5));
#7956 = DIRECTION('',(-1.,0.,0.));
#7957 = DIRECTION('',(0.,-1.,0.));
#7958 = ADVANCED_FACE('',(#7959),#7978,.F.);
#7959 = FACE_BOUND('',#7960,.F.);
#7960 = EDGE_LOOP('',(#7961,#7962,#7963,#7971));
#7961 = ORIENTED_EDGE('',*,*,#7940,.T.);
#7962 = ORIENTED_EDGE('',*,*,#5620,.T.);
#7963 = ORIENTED_EDGE('',*,*,#7964,.F.);
#7964 = EDGE_CURVE('',#7965,#5621,#7967,.T.);
#7965 = VERTEX_POINT('',#7966);
#7966 = CARTESIAN_POINT('',(-40.39999999999,45.000000000001,2.5));
#7967 = LINE('',#7968,#7969);
#7968 = CARTESIAN_POINT('',(-40.39999999999,45.000000000001,2.5));
#7969 = VECTOR('',#7970,1.);
#7970 = DIRECTION('',(-0.,-0.,-1.));
#7971 = ORIENTED_EDGE('',*,*,#7972,.F.);
#7972 = EDGE_CURVE('',#7941,#7965,#7973,.T.);
#7973 = CIRCLE('',#7974,3.000000000004);
#7974 = AXIS2_PLACEMENT_3D('',#7975,#7976,#7977);
#7975 = CARTESIAN_POINT('',(-40.39999999999,48.000000000005,2.5));
#7976 = DIRECTION('',(0.,0.,1.));
#7977 = DIRECTION('',(1.,0.,0.));
#7978 = CYLINDRICAL_SURFACE('',#7979,3.000000000004);
#7979 = AXIS2_PLACEMENT_3D('',#7980,#7981,#7982);
#7980 = CARTESIAN_POINT('',(-40.39999999999,48.000000000005,2.5));
#7981 = DIRECTION('',(0.,0.,1.));
#7982 = DIRECTION('',(1.,0.,0.));
#7983 = ADVANCED_FACE('',(#7984),#7995,.F.);
#7984 = FACE_BOUND('',#7985,.F.);
#7985 = EDGE_LOOP('',(#7986,#7987,#7988,#7989));
#7986 = ORIENTED_EDGE('',*,*,#7964,.T.);
#7987 = ORIENTED_EDGE('',*,*,#5629,.T.);
#7988 = ORIENTED_EDGE('',*,*,#7819,.F.);
#7989 = ORIENTED_EDGE('',*,*,#7990,.F.);
#7990 = EDGE_CURVE('',#7965,#7820,#7991,.T.);
#7991 = LINE('',#7992,#7993);
#7992 = CARTESIAN_POINT('',(-40.39999999999,45.000000000001,2.5));
#7993 = VECTOR('',#7994,1.);
#7994 = DIRECTION('',(1.,0.,0.));
#7995 = PLANE('',#7996);
#7996 = AXIS2_PLACEMENT_3D('',#7997,#7998,#7999);
#7997 = CARTESIAN_POINT('',(-40.39999999999,45.000000000001,2.5));
#7998 = DIRECTION('',(0.,-1.,0.));
#7999 = DIRECTION('',(1.,0.,0.));
#8000 = ADVANCED_FACE('',(#8001),#8025,.F.);
#8001 = FACE_BOUND('',#8002,.F.);
#8002 = EDGE_LOOP('',(#8003,#8010,#8019,#8024));
#8003 = ORIENTED_EDGE('',*,*,#8004,.F.);
#8004 = EDGE_CURVE('',#8005,#5689,#8007,.T.);
#8005 = VERTEX_POINT('',#8006);
#8006 = CARTESIAN_POINT('',(-48.166143079,107.80213449743,
    -10.03944577298));
#8007 = B_SPLINE_CURVE_WITH_KNOTS('',1,(#8008,#8009),.UNSPECIFIED.,.F.,
  .F.,(2,2),(0.,1.),.PIECEWISE_BEZIER_KNOTS.);
#8008 = CARTESIAN_POINT('',(-48.166143079,107.80213449743,
    -10.03944577298));
#8009 = CARTESIAN_POINT('',(-45.13133693259,110.01384501701,-10.73102963
    ));
#8010 = ORIENTED_EDGE('',*,*,#8011,.T.);
#8011 = EDGE_CURVE('',#8005,#8012,#8014,.T.);
#8012 = VERTEX_POINT('',#8013);
#8013 = CARTESIAN_POINT('',(-48.166143079,104.19786550256,
    -10.03944577298));
#8014 = CIRCLE('',#8015,2.2);
#8015 = AXIS2_PLACEMENT_3D('',#8016,#8017,#8018);
#8016 = CARTESIAN_POINT('',(-48.53507762407,106.,-8.832715250201));
#8017 = DIRECTION('',(0.956304755963,-0.,0.292371704723));
#8018 = DIRECTION('',(0.292371704723,0.,-0.956304755963));
#8019 = ORIENTED_EDGE('',*,*,#8020,.T.);
#8020 = EDGE_CURVE('',#8012,#5691,#8021,.T.);
#8021 = B_SPLINE_CURVE_WITH_KNOTS('',1,(#8022,#8023),.UNSPECIFIED.,.F.,
  .F.,(2,2),(0.,1.),.PIECEWISE_BEZIER_KNOTS.);
#8022 = CARTESIAN_POINT('',(-48.166143079,104.19786550256,
    -10.03944577298));
#8023 = CARTESIAN_POINT('',(-45.13133693259,101.98615498298,-10.73102963
    ));
#8024 = ORIENTED_EDGE('',*,*,#5688,.F.);
#8025 = CONICAL_SURFACE('',#8026,2.2,0.785398163397);
#8026 = AXIS2_PLACEMENT_3D('',#8027,#8028,#8029);
#8027 = CARTESIAN_POINT('',(-48.53507762407,106.,-8.832715250201));
#8028 = DIRECTION('',(0.956304755963,0.,0.292371704723));
#8029 = DIRECTION('',(0.292371704723,0.,-0.956304755963));
#8030 = ADVANCED_FACE('',(#8031),#8048,.F.);
#8031 = FACE_BOUND('',#8032,.F.);
#8032 = EDGE_LOOP('',(#8033,#8040,#8046,#8047));
#8033 = ORIENTED_EDGE('',*,*,#8034,.F.);
#8034 = EDGE_CURVE('',#8035,#5700,#8037,.T.);
#8035 = VERTEX_POINT('',#8036);
#8036 = CARTESIAN_POINT('',(-47.41366169826,106.,-12.50070146752));
#8037 = B_SPLINE_CURVE_WITH_KNOTS('',1,(#8038,#8039),.UNSPECIFIED.,.F.,
  .F.,(2,2),(0.,1.),.PIECEWISE_BEZIER_KNOTS.);
#8038 = CARTESIAN_POINT('',(-47.41366169826,106.,-12.50070146752));
#8039 = CARTESIAN_POINT('',(-43.45535567549,106.,-16.21291731331));
#8040 = ORIENTED_EDGE('',*,*,#8041,.T.);
#8041 = EDGE_CURVE('',#8035,#8005,#8042,.T.);
#8042 = LINE('',#8043,#8044);
#8043 = CARTESIAN_POINT('',(-47.41366169826,106.,-12.50070146752));
#8044 = VECTOR('',#8045,1.);
#8045 = DIRECTION('',(-0.239496879616,0.573576436351,0.78335899581));
#8046 = ORIENTED_EDGE('',*,*,#8004,.T.);
#8047 = ORIENTED_EDGE('',*,*,#5699,.T.);
#8048 = B_SPLINE_SURFACE_WITH_KNOTS('',1,1,(
    (#8049,#8050)
    ,(#8051,#8052
    )),.UNSPECIFIED.,.F.,.F.,.F.,(2,2),(2,2),(0.,6.997925233036),(0.,1.)
  ,.PIECEWISE_BEZIER_KNOTS.);
#8049 = CARTESIAN_POINT('',(-47.41366169826,106.,-12.50070146752));
#8050 = CARTESIAN_POINT('',(-43.45535567549,106.,-16.21291731331));
#8051 = CARTESIAN_POINT('',(-48.166143079,107.80213449743,
    -10.03944577298));
#8052 = CARTESIAN_POINT('',(-45.13133693259,110.01384501701,-10.73102963
    ));
#8053 = ADVANCED_FACE('',(#8054),#8065,.F.);
#8054 = FACE_BOUND('',#8055,.F.);
#8055 = EDGE_LOOP('',(#8056,#8057,#8063,#8064));
#8056 = ORIENTED_EDGE('',*,*,#8020,.F.);
#8057 = ORIENTED_EDGE('',*,*,#8058,.T.);
#8058 = EDGE_CURVE('',#8012,#8035,#8059,.T.);
#8059 = LINE('',#8060,#8061);
#8060 = CARTESIAN_POINT('',(-48.166143079,104.19786550256,
    -10.03944577298));
#8061 = VECTOR('',#8062,1.);
#8062 = DIRECTION('',(0.239496879616,0.573576436351,-0.78335899581));
#8063 = ORIENTED_EDGE('',*,*,#8034,.T.);
#8064 = ORIENTED_EDGE('',*,*,#5706,.T.);
#8065 = B_SPLINE_SURFACE_WITH_KNOTS('',1,1,(
    (#8066,#8067)
    ,(#8068,#8069
    )),.UNSPECIFIED.,.F.,.F.,.F.,(2,2),(2,2),(0.,6.997925233036),(0.,1.)
  ,.PIECEWISE_BEZIER_KNOTS.);
#8066 = CARTESIAN_POINT('',(-48.166143079,104.19786550256,
    -10.03944577298));
#8067 = CARTESIAN_POINT('',(-45.13133693259,101.98615498298,-10.73102963
    ));
#8068 = CARTESIAN_POINT('',(-47.41366169826,106.,-12.50070146752));
#8069 = CARTESIAN_POINT('',(-43.45535567549,106.,-16.21291731331));
#8070 = ADVANCED_FACE('',(#8071),#8087,.F.);
#8071 = FACE_BOUND('',#8072,.T.);
#8072 = EDGE_LOOP('',(#8073,#8079,#8080,#8086));
#8073 = ORIENTED_EDGE('',*,*,#8074,.F.);
#8074 = EDGE_CURVE('',#5757,#8012,#8075,.T.);
#8075 = LINE('',#8076,#8077);
#8076 = CARTESIAN_POINT('',(-52.56514495643,104.19786550256,
    -11.3843556147));
#8077 = VECTOR('',#8078,1.);
#8078 = DIRECTION('',(0.956304755963,0.,0.292371704723));
#8079 = ORIENTED_EDGE('',*,*,#5756,.T.);
#8080 = ORIENTED_EDGE('',*,*,#8081,.T.);
#8081 = EDGE_CURVE('',#5759,#8005,#8082,.T.);
#8082 = LINE('',#8083,#8084);
#8083 = CARTESIAN_POINT('',(-52.56514495643,107.80213449743,
    -11.3843556147));
#8084 = VECTOR('',#8085,1.);
#8085 = DIRECTION('',(0.956304755963,0.,0.292371704723));
#8086 = ORIENTED_EDGE('',*,*,#8011,.T.);
#8087 = CYLINDRICAL_SURFACE('',#8088,2.2);
#8088 = AXIS2_PLACEMENT_3D('',#8089,#8090,#8091);
#8089 = CARTESIAN_POINT('',(-52.9340795015,106.,-10.17762509192));
#8090 = DIRECTION('',(-0.956304755963,0.,-0.292371704723));
#8091 = DIRECTION('',(0.292371704723,0.,-0.956304755963));
#8092 = ADVANCED_FACE('',(#8093),#8104,.T.);
#8093 = FACE_BOUND('',#8094,.T.);
#8094 = EDGE_LOOP('',(#8095,#8096,#8097,#8098));
#8095 = ORIENTED_EDGE('',*,*,#5767,.F.);
#8096 = ORIENTED_EDGE('',*,*,#8074,.T.);
#8097 = ORIENTED_EDGE('',*,*,#8058,.T.);
#8098 = ORIENTED_EDGE('',*,*,#8099,.F.);
#8099 = EDGE_CURVE('',#5768,#8035,#8100,.T.);
#8100 = LINE('',#8101,#8102);
#8101 = CARTESIAN_POINT('',(-51.81266357569,106.,-13.84561130925));
#8102 = VECTOR('',#8103,1.);
#8103 = DIRECTION('',(0.956304755963,0.,0.292371704723));
#8104 = PLANE('',#8105);
#8105 = AXIS2_PLACEMENT_3D('',#8106,#8107,#8108);
#8106 = CARTESIAN_POINT('',(-52.56514495643,104.19786550256,
    -11.3843556147));
#8107 = DIRECTION('',(-0.167697520485,0.819152044289,0.548513873991));
#8108 = DIRECTION('',(0.239496879616,0.573576436351,-0.78335899581));
#8109 = ADVANCED_FACE('',(#8110),#8116,.T.);
#8110 = FACE_BOUND('',#8111,.T.);
#8111 = EDGE_LOOP('',(#8112,#8113,#8114,#8115));
#8112 = ORIENTED_EDGE('',*,*,#5775,.F.);
#8113 = ORIENTED_EDGE('',*,*,#8099,.T.);
#8114 = ORIENTED_EDGE('',*,*,#8041,.T.);
#8115 = ORIENTED_EDGE('',*,*,#8081,.F.);
#8116 = PLANE('',#8117);
#8117 = AXIS2_PLACEMENT_3D('',#8118,#8119,#8120);
#8118 = CARTESIAN_POINT('',(-51.81266357569,106.,-13.84561130925));
#8119 = DIRECTION('',(-0.167697520485,-0.819152044289,0.548513873991));
#8120 = DIRECTION('',(-0.239496879616,0.573576436351,0.78335899581));
#8121 = ADVANCED_FACE('',(#8122),#8148,.F.);
#8122 = FACE_BOUND('',#8123,.T.);
#8123 = EDGE_LOOP('',(#8124,#8132,#8133,#8141));
#8124 = ORIENTED_EDGE('',*,*,#8125,.F.);
#8125 = EDGE_CURVE('',#5784,#8126,#8128,.T.);
#8126 = VERTEX_POINT('',#8127);
#8127 = CARTESIAN_POINT('',(-48.166143079,132.19786550256,
    -10.03944577298));
#8128 = LINE('',#8129,#8130);
#8129 = CARTESIAN_POINT('',(-52.56514495643,132.19786550256,
    -11.3843556147));
#8130 = VECTOR('',#8131,1.);
#8131 = DIRECTION('',(0.956304755963,0.,0.292371704723));
#8132 = ORIENTED_EDGE('',*,*,#5783,.T.);
#8133 = ORIENTED_EDGE('',*,*,#8134,.T.);
#8134 = EDGE_CURVE('',#5786,#8135,#8137,.T.);
#8135 = VERTEX_POINT('',#8136);
#8136 = CARTESIAN_POINT('',(-48.166143079,135.80213449743,
    -10.03944577298));
#8137 = LINE('',#8138,#8139);
#8138 = CARTESIAN_POINT('',(-52.56514495643,135.80213449743,
    -11.3843556147));
#8139 = VECTOR('',#8140,1.);
#8140 = DIRECTION('',(0.956304755963,0.,0.292371704723));
#8141 = ORIENTED_EDGE('',*,*,#8142,.F.);
#8142 = EDGE_CURVE('',#8126,#8135,#8143,.T.);
#8143 = CIRCLE('',#8144,2.2);
#8144 = AXIS2_PLACEMENT_3D('',#8145,#8146,#8147);
#8145 = CARTESIAN_POINT('',(-48.53507762407,134.,-8.832715250201));
#8146 = DIRECTION('',(-0.956304755963,1.298391193328E-16,-0.292371704723
    ));
#8147 = DIRECTION('',(0.292371704723,4.246846234515E-16,-0.956304755963)
  );
#8148 = CYLINDRICAL_SURFACE('',#8149,2.2);
#8149 = AXIS2_PLACEMENT_3D('',#8150,#8151,#8152);
#8150 = CARTESIAN_POINT('',(-52.9340795015,134.,-10.17762509192));
#8151 = DIRECTION('',(-0.956304755963,0.,-0.292371704723));
#8152 = DIRECTION('',(0.292371704723,0.,-0.956304755963));
#8153 = ADVANCED_FACE('',(#8154),#8172,.T.);
#8154 = FACE_BOUND('',#8155,.T.);
#8155 = EDGE_LOOP('',(#8156,#8157,#8158,#8166));
#8156 = ORIENTED_EDGE('',*,*,#5794,.F.);
#8157 = ORIENTED_EDGE('',*,*,#8125,.T.);
#8158 = ORIENTED_EDGE('',*,*,#8159,.F.);
#8159 = EDGE_CURVE('',#8160,#8126,#8162,.T.);
#8160 = VERTEX_POINT('',#8161);
#8161 = CARTESIAN_POINT('',(-47.41366169826,134.,-12.50070146752));
#8162 = LINE('',#8163,#8164);
#8163 = CARTESIAN_POINT('',(-47.41366169826,134.,-12.50070146752));
#8164 = VECTOR('',#8165,1.);
#8165 = DIRECTION('',(-0.239496879616,-0.573576436351,0.78335899581));
#8166 = ORIENTED_EDGE('',*,*,#8167,.F.);
#8167 = EDGE_CURVE('',#5795,#8160,#8168,.T.);
#8168 = LINE('',#8169,#8170);
#8169 = CARTESIAN_POINT('',(-51.81266357569,134.,-13.84561130925));
#8170 = VECTOR('',#8171,1.);
#8171 = DIRECTION('',(0.956304755963,0.,0.292371704723));
#8172 = PLANE('',#8173);
#8173 = AXIS2_PLACEMENT_3D('',#8174,#8175,#8176);
#8174 = CARTESIAN_POINT('',(-52.56514495643,132.19786550256,
    -11.3843556147));
#8175 = DIRECTION('',(-0.167697520485,0.819152044289,0.548513873991));
#8176 = DIRECTION('',(0.239496879616,0.573576436351,-0.78335899581));
#8177 = ADVANCED_FACE('',(#8178),#8189,.T.);
#8178 = FACE_BOUND('',#8179,.T.);
#8179 = EDGE_LOOP('',(#8180,#8181,#8182,#8188));
#8180 = ORIENTED_EDGE('',*,*,#5802,.F.);
#8181 = ORIENTED_EDGE('',*,*,#8167,.T.);
#8182 = ORIENTED_EDGE('',*,*,#8183,.F.);
#8183 = EDGE_CURVE('',#8135,#8160,#8184,.T.);
#8184 = LINE('',#8185,#8186);
#8185 = CARTESIAN_POINT('',(-48.166143079,135.80213449743,
    -10.03944577298));
#8186 = VECTOR('',#8187,1.);
#8187 = DIRECTION('',(0.239496879616,-0.573576436351,-0.78335899581));
#8188 = ORIENTED_EDGE('',*,*,#8134,.F.);
#8189 = PLANE('',#8190);
#8190 = AXIS2_PLACEMENT_3D('',#8191,#8192,#8193);
#8191 = CARTESIAN_POINT('',(-51.81266357569,134.,-13.84561130925));
#8192 = DIRECTION('',(-0.167697520485,-0.819152044289,0.548513873991));
#8193 = DIRECTION('',(-0.239496879616,0.573576436351,0.78335899581));
#8194 = ADVANCED_FACE('',(#8195),#8209,.F.);
#8195 = FACE_BOUND('',#8196,.T.);
#8196 = EDGE_LOOP('',(#8197,#8202,#8203,#8208));
#8197 = ORIENTED_EDGE('',*,*,#8198,.F.);
#8198 = EDGE_CURVE('',#8126,#5847,#8199,.T.);
#8199 = B_SPLINE_CURVE_WITH_KNOTS('',1,(#8200,#8201),.UNSPECIFIED.,.F.,
  .F.,(2,2),(0.,1.),.PIECEWISE_BEZIER_KNOTS.);
#8200 = CARTESIAN_POINT('',(-48.166143079,132.19786550256,
    -10.03944577298));
#8201 = CARTESIAN_POINT('',(-45.13133693259,129.98615498298,-10.73102963
    ));
#8202 = ORIENTED_EDGE('',*,*,#8142,.T.);
#8203 = ORIENTED_EDGE('',*,*,#8204,.T.);
#8204 = EDGE_CURVE('',#8135,#5845,#8205,.T.);
#8205 = B_SPLINE_CURVE_WITH_KNOTS('',1,(#8206,#8207),.UNSPECIFIED.,.F.,
  .F.,(2,2),(0.,1.),.PIECEWISE_BEZIER_KNOTS.);
#8206 = CARTESIAN_POINT('',(-48.166143079,135.80213449743,
    -10.03944577298));
#8207 = CARTESIAN_POINT('',(-45.13133693259,138.01384501701,-10.73102963
    ));
#8208 = ORIENTED_EDGE('',*,*,#5844,.T.);
#8209 = CONICAL_SURFACE('',#8210,2.2,0.785398163397);
#8210 = AXIS2_PLACEMENT_3D('',#8211,#8212,#8213);
#8211 = CARTESIAN_POINT('',(-48.53507762407,134.,-8.832715250201));
#8212 = DIRECTION('',(0.956304755963,-1.298391193328E-16,0.292371704723)
  );
#8213 = DIRECTION('',(0.292371704723,4.246846234515E-16,-0.956304755963)
  );
#8214 = ADVANCED_FACE('',(#8215),#8225,.T.);
#8215 = FACE_BOUND('',#8216,.T.);
#8216 = EDGE_LOOP('',(#8217,#8218,#8219,#8224));
#8217 = ORIENTED_EDGE('',*,*,#8204,.F.);
#8218 = ORIENTED_EDGE('',*,*,#8183,.T.);
#8219 = ORIENTED_EDGE('',*,*,#8220,.T.);
#8220 = EDGE_CURVE('',#8160,#5856,#8221,.T.);
#8221 = B_SPLINE_CURVE_WITH_KNOTS('',1,(#8222,#8223),.UNSPECIFIED.,.F.,
  .F.,(2,2),(0.,1.),.PIECEWISE_BEZIER_KNOTS.);
#8222 = CARTESIAN_POINT('',(-47.41366169826,134.,-12.50070146752));
#8223 = CARTESIAN_POINT('',(-43.45535567549,134.,-16.21291731331));
#8224 = ORIENTED_EDGE('',*,*,#5855,.T.);
#8225 = B_SPLINE_SURFACE_WITH_KNOTS('',1,1,(
    (#8226,#8227)
    ,(#8228,#8229
    )),.UNSPECIFIED.,.F.,.F.,.F.,(2,2),(2,2),(0.,6.997925233036),(0.,1.)
  ,.PIECEWISE_BEZIER_KNOTS.);
#8226 = CARTESIAN_POINT('',(-48.166143079,135.80213449743,
    -10.03944577298));
#8227 = CARTESIAN_POINT('',(-45.13133693259,138.01384501701,-10.73102963
    ));
#8228 = CARTESIAN_POINT('',(-47.41366169826,134.,-12.50070146752));
#8229 = CARTESIAN_POINT('',(-43.45535567549,134.,-16.21291731331));
#8230 = ADVANCED_FACE('',(#8231),#8237,.T.);
#8231 = FACE_BOUND('',#8232,.T.);
#8232 = EDGE_LOOP('',(#8233,#8234,#8235,#8236));
#8233 = ORIENTED_EDGE('',*,*,#8220,.F.);
#8234 = ORIENTED_EDGE('',*,*,#8159,.T.);
#8235 = ORIENTED_EDGE('',*,*,#8198,.T.);
#8236 = ORIENTED_EDGE('',*,*,#5862,.T.);
#8237 = B_SPLINE_SURFACE_WITH_KNOTS('',1,1,(
    (#8238,#8239)
    ,(#8240,#8241
    )),.UNSPECIFIED.,.F.,.F.,.F.,(2,2),(2,2),(0.,6.997925233036),(0.,1.)
  ,.PIECEWISE_BEZIER_KNOTS.);
#8238 = CARTESIAN_POINT('',(-47.41366169826,134.,-12.50070146752));
#8239 = CARTESIAN_POINT('',(-43.45535567549,134.,-16.21291731331));
#8240 = CARTESIAN_POINT('',(-48.166143079,132.19786550256,
    -10.03944577298));
#8241 = CARTESIAN_POINT('',(-45.13133693259,129.98615498298,-10.73102963
    ));
#8242 = ADVANCED_FACE('',(#8243),#8262,.F.);
#8243 = FACE_BOUND('',#8244,.F.);
#8244 = EDGE_LOOP('',(#8245,#8253,#8254,#8255));
#8245 = ORIENTED_EDGE('',*,*,#8246,.T.);
#8246 = EDGE_CURVE('',#8247,#6101,#8249,.T.);
#8247 = VERTEX_POINT('',#8248);
#8248 = CARTESIAN_POINT('',(43.599999999992,125.,2.5));
#8249 = LINE('',#8250,#8251);
#8250 = CARTESIAN_POINT('',(43.599999999992,125.,2.5));
#8251 = VECTOR('',#8252,1.);
#8252 = DIRECTION('',(-0.,-0.,-1.));
#8253 = ORIENTED_EDGE('',*,*,#6108,.T.);
#8254 = ORIENTED_EDGE('',*,*,#5992,.F.);
#8255 = ORIENTED_EDGE('',*,*,#8256,.F.);
#8256 = EDGE_CURVE('',#8247,#5993,#8257,.T.);
#8257 = CIRCLE('',#8258,3.000000000004);
#8258 = AXIS2_PLACEMENT_3D('',#8259,#8260,#8261);
#8259 = CARTESIAN_POINT('',(43.599999999995,128.,2.5));
#8260 = DIRECTION('',(0.,0.,1.));
#8261 = DIRECTION('',(1.,0.,0.));
#8262 = CYLINDRICAL_SURFACE('',#8263,3.000000000004);
#8263 = AXIS2_PLACEMENT_3D('',#8264,#8265,#8266);
#8264 = CARTESIAN_POINT('',(43.599999999995,128.,2.5));
#8265 = DIRECTION('',(0.,0.,1.));
#8266 = DIRECTION('',(1.,0.,0.));
#8267 = ADVANCED_FACE('',(#8268),#8282,.F.);
#8268 = FACE_BOUND('',#8269,.F.);
#8269 = EDGE_LOOP('',(#8270,#8271,#8276,#8277));
#8270 = ORIENTED_EDGE('',*,*,#6000,.T.);
#8271 = ORIENTED_EDGE('',*,*,#8272,.T.);
#8272 = EDGE_CURVE('',#6001,#6824,#8273,.T.);
#8273 = B_SPLINE_CURVE_WITH_KNOTS('',1,(#8274,#8275),.UNSPECIFIED.,.F.,
  .F.,(2,2),(0.,1.),.PIECEWISE_BEZIER_KNOTS.);
#8274 = CARTESIAN_POINT('',(46.599999999999,191.99999999999,2.5));
#8275 = CARTESIAN_POINT('',(46.2752962034,191.99999999999,3.));
#8276 = ORIENTED_EDGE('',*,*,#6821,.F.);
#8277 = ORIENTED_EDGE('',*,*,#8278,.F.);
#8278 = EDGE_CURVE('',#5993,#6822,#8279,.T.);
#8279 = B_SPLINE_CURVE_WITH_KNOTS('',1,(#8280,#8281),.UNSPECIFIED.,.F.,
  .F.,(2,2),(0.,1.),.PIECEWISE_BEZIER_KNOTS.);
#8280 = CARTESIAN_POINT('',(46.599999999999,128.,2.5));
#8281 = CARTESIAN_POINT('',(46.2752962034,128.,3.));
#8282 = B_SPLINE_SURFACE_WITH_KNOTS('',1,1,(
    (#8283,#8284)
    ,(#8285,#8286
    )),.UNSPECIFIED.,.F.,.F.,.F.,(2,2),(2,2),(-2.604139126561E-12,
    63.999999999987),(0.,1.),.PIECEWISE_BEZIER_KNOTS.);
#8283 = CARTESIAN_POINT('',(46.599999999999,128.,2.5));
#8284 = CARTESIAN_POINT('',(46.2752962034,128.,3.));
#8285 = CARTESIAN_POINT('',(46.599999999999,191.99999999999,2.5));
#8286 = CARTESIAN_POINT('',(46.2752962034,191.99999999999,3.));
#8287 = ADVANCED_FACE('',(#8288),#8307,.F.);
#8288 = FACE_BOUND('',#8289,.F.);
#8289 = EDGE_LOOP('',(#8290,#8291,#8292,#8300));
#8290 = ORIENTED_EDGE('',*,*,#6008,.T.);
#8291 = ORIENTED_EDGE('',*,*,#6057,.T.);
#8292 = ORIENTED_EDGE('',*,*,#8293,.F.);
#8293 = EDGE_CURVE('',#8294,#6058,#8296,.T.);
#8294 = VERTEX_POINT('',#8295);
#8295 = CARTESIAN_POINT('',(43.599999999992,194.99999999999,2.5));
#8296 = LINE('',#8297,#8298);
#8297 = CARTESIAN_POINT('',(43.599999999992,194.99999999999,2.5));
#8298 = VECTOR('',#8299,1.);
#8299 = DIRECTION('',(-0.,-0.,-1.));
#8300 = ORIENTED_EDGE('',*,*,#8301,.F.);
#8301 = EDGE_CURVE('',#6001,#8294,#8302,.T.);
#8302 = CIRCLE('',#8303,3.000000000004);
#8303 = AXIS2_PLACEMENT_3D('',#8304,#8305,#8306);
#8304 = CARTESIAN_POINT('',(43.599999999995,191.99999999999,2.5));
#8305 = DIRECTION('',(0.,0.,1.));
#8306 = DIRECTION('',(1.,0.,0.));
#8307 = CYLINDRICAL_SURFACE('',#8308,3.000000000004);
#8308 = AXIS2_PLACEMENT_3D('',#8309,#8310,#8311);
#8309 = CARTESIAN_POINT('',(43.599999999995,191.99999999999,2.5));
#8310 = DIRECTION('',(0.,0.,1.));
#8311 = DIRECTION('',(1.,0.,0.));
#8312 = ADVANCED_FACE('',(#8313),#8331,.F.);
#8313 = FACE_BOUND('',#8314,.F.);
#8314 = EDGE_LOOP('',(#8315,#8316,#8317,#8325));
#8315 = ORIENTED_EDGE('',*,*,#8293,.T.);
#8316 = ORIENTED_EDGE('',*,*,#6066,.T.);
#8317 = ORIENTED_EDGE('',*,*,#8318,.F.);
#8318 = EDGE_CURVE('',#8319,#6067,#8321,.T.);
#8319 = VERTEX_POINT('',#8320);
#8320 = CARTESIAN_POINT('',(-40.39999999999,194.99999999999,2.5));
#8321 = LINE('',#8322,#8323);
#8322 = CARTESIAN_POINT('',(-40.39999999999,194.99999999999,2.5));
#8323 = VECTOR('',#8324,1.);
#8324 = DIRECTION('',(-0.,-0.,-1.));
#8325 = ORIENTED_EDGE('',*,*,#8326,.F.);
#8326 = EDGE_CURVE('',#8294,#8319,#8327,.T.);
#8327 = LINE('',#8328,#8329);
#8328 = CARTESIAN_POINT('',(43.599999999992,194.99999999999,2.5));
#8329 = VECTOR('',#8330,1.);
#8330 = DIRECTION('',(-1.,0.,0.));
#8331 = PLANE('',#8332);
#8332 = AXIS2_PLACEMENT_3D('',#8333,#8334,#8335);
#8333 = CARTESIAN_POINT('',(43.599999999992,194.99999999999,2.5));
#8334 = DIRECTION('',(0.,1.,0.));
#8335 = DIRECTION('',(-1.,0.,0.));
#8336 = ADVANCED_FACE('',(#8337),#8356,.F.);
#8337 = FACE_BOUND('',#8338,.F.);
#8338 = EDGE_LOOP('',(#8339,#8340,#8341,#8349));
#8339 = ORIENTED_EDGE('',*,*,#8318,.T.);
#8340 = ORIENTED_EDGE('',*,*,#6074,.T.);
#8341 = ORIENTED_EDGE('',*,*,#8342,.F.);
#8342 = EDGE_CURVE('',#8343,#6075,#8345,.T.);
#8343 = VERTEX_POINT('',#8344);
#8344 = CARTESIAN_POINT('',(-43.39999999999,191.99999999999,2.5));
#8345 = LINE('',#8346,#8347);
#8346 = CARTESIAN_POINT('',(-43.39999999999,191.99999999999,2.5));
#8347 = VECTOR('',#8348,1.);
#8348 = DIRECTION('',(-0.,-0.,-1.));
#8349 = ORIENTED_EDGE('',*,*,#8350,.F.);
#8350 = EDGE_CURVE('',#8319,#8343,#8351,.T.);
#8351 = CIRCLE('',#8352,3.000000000004);
#8352 = AXIS2_PLACEMENT_3D('',#8353,#8354,#8355);
#8353 = CARTESIAN_POINT('',(-40.39999999999,191.99999999999,2.5));
#8354 = DIRECTION('',(0.,0.,1.));
#8355 = DIRECTION('',(1.,0.,0.));
#8356 = CYLINDRICAL_SURFACE('',#8357,3.000000000004);
#8357 = AXIS2_PLACEMENT_3D('',#8358,#8359,#8360);
#8358 = CARTESIAN_POINT('',(-40.39999999999,191.99999999999,2.5));
#8359 = DIRECTION('',(0.,0.,1.));
#8360 = DIRECTION('',(1.,0.,0.));
#8361 = ADVANCED_FACE('',(#8362),#8380,.F.);
#8362 = FACE_BOUND('',#8363,.F.);
#8363 = EDGE_LOOP('',(#8364,#8365,#8366,#8374));
#8364 = ORIENTED_EDGE('',*,*,#8342,.T.);
#8365 = ORIENTED_EDGE('',*,*,#6083,.T.);
#8366 = ORIENTED_EDGE('',*,*,#8367,.F.);
#8367 = EDGE_CURVE('',#8368,#6084,#8370,.T.);
#8368 = VERTEX_POINT('',#8369);
#8369 = CARTESIAN_POINT('',(-43.39999999999,128.,2.5));
#8370 = LINE('',#8371,#8372);
#8371 = CARTESIAN_POINT('',(-43.39999999999,128.,2.5));
#8372 = VECTOR('',#8373,1.);
#8373 = DIRECTION('',(-0.,-0.,-1.));
#8374 = ORIENTED_EDGE('',*,*,#8375,.F.);
#8375 = EDGE_CURVE('',#8343,#8368,#8376,.T.);
#8376 = LINE('',#8377,#8378);
#8377 = CARTESIAN_POINT('',(-43.39999999999,191.99999999999,2.5));
#8378 = VECTOR('',#8379,1.);
#8379 = DIRECTION('',(0.,-1.,0.));
#8380 = PLANE('',#8381);
#8381 = AXIS2_PLACEMENT_3D('',#8382,#8383,#8384);
#8382 = CARTESIAN_POINT('',(-43.39999999999,191.99999999999,2.5));
#8383 = DIRECTION('',(-1.,0.,0.));
#8384 = DIRECTION('',(0.,-1.,0.));
#8385 = ADVANCED_FACE('',(#8386),#8405,.F.);
#8386 = FACE_BOUND('',#8387,.F.);
#8387 = EDGE_LOOP('',(#8388,#8389,#8390,#8398));
#8388 = ORIENTED_EDGE('',*,*,#8367,.T.);
#8389 = ORIENTED_EDGE('',*,*,#6091,.T.);
#8390 = ORIENTED_EDGE('',*,*,#8391,.F.);
#8391 = EDGE_CURVE('',#8392,#6092,#8394,.T.);
#8392 = VERTEX_POINT('',#8393);
#8393 = CARTESIAN_POINT('',(-40.39999999999,125.,2.5));
#8394 = LINE('',#8395,#8396);
#8395 = CARTESIAN_POINT('',(-40.39999999999,125.,2.5));
#8396 = VECTOR('',#8397,1.);
#8397 = DIRECTION('',(-0.,-0.,-1.));
#8398 = ORIENTED_EDGE('',*,*,#8399,.F.);
#8399 = EDGE_CURVE('',#8368,#8392,#8400,.T.);
#8400 = CIRCLE('',#8401,3.000000000004);
#8401 = AXIS2_PLACEMENT_3D('',#8402,#8403,#8404);
#8402 = CARTESIAN_POINT('',(-40.39999999999,128.,2.5));
#8403 = DIRECTION('',(0.,0.,1.));
#8404 = DIRECTION('',(1.,0.,0.));
#8405 = CYLINDRICAL_SURFACE('',#8406,3.000000000004);
#8406 = AXIS2_PLACEMENT_3D('',#8407,#8408,#8409);
#8407 = CARTESIAN_POINT('',(-40.39999999999,128.,2.5));
#8408 = DIRECTION('',(0.,0.,1.));
#8409 = DIRECTION('',(1.,0.,0.));
#8410 = ADVANCED_FACE('',(#8411),#8422,.F.);
#8411 = FACE_BOUND('',#8412,.F.);
#8412 = EDGE_LOOP('',(#8413,#8414,#8415,#8416));
#8413 = ORIENTED_EDGE('',*,*,#8391,.T.);
#8414 = ORIENTED_EDGE('',*,*,#6100,.T.);
#8415 = ORIENTED_EDGE('',*,*,#8246,.F.);
#8416 = ORIENTED_EDGE('',*,*,#8417,.F.);
#8417 = EDGE_CURVE('',#8392,#8247,#8418,.T.);
#8418 = LINE('',#8419,#8420);
#8419 = CARTESIAN_POINT('',(-40.39999999999,125.,2.5));
#8420 = VECTOR('',#8421,1.);
#8421 = DIRECTION('',(1.,0.,0.));
#8422 = PLANE('',#8423);
#8423 = AXIS2_PLACEMENT_3D('',#8424,#8425,#8426);
#8424 = CARTESIAN_POINT('',(-40.39999999999,125.,2.5));
#8425 = DIRECTION('',(0.,-1.,0.));
#8426 = DIRECTION('',(1.,0.,0.));
#8427 = ADVANCED_FACE('',(#8428),#8452,.F.);
#8428 = FACE_BOUND('',#8429,.F.);
#8429 = EDGE_LOOP('',(#8430,#8437,#8446,#8451));
#8430 = ORIENTED_EDGE('',*,*,#8431,.F.);
#8431 = EDGE_CURVE('',#8432,#6160,#8434,.T.);
#8432 = VERTEX_POINT('',#8433);
#8433 = CARTESIAN_POINT('',(-48.166143079,187.80213449743,
    -10.03944577298));
#8434 = B_SPLINE_CURVE_WITH_KNOTS('',1,(#8435,#8436),.UNSPECIFIED.,.F.,
  .F.,(2,2),(0.,1.),.PIECEWISE_BEZIER_KNOTS.);
#8435 = CARTESIAN_POINT('',(-48.166143079,187.80213449743,
    -10.03944577298));
#8436 = CARTESIAN_POINT('',(-45.13133693259,190.01384501701,-10.73102963
    ));
#8437 = ORIENTED_EDGE('',*,*,#8438,.T.);
#8438 = EDGE_CURVE('',#8432,#8439,#8441,.T.);
#8439 = VERTEX_POINT('',#8440);
#8440 = CARTESIAN_POINT('',(-48.166143079,184.19786550256,
    -10.03944577298));
#8441 = CIRCLE('',#8442,2.2);
#8442 = AXIS2_PLACEMENT_3D('',#8443,#8444,#8445);
#8443 = CARTESIAN_POINT('',(-48.53507762407,186.,-8.832715250201));
#8444 = DIRECTION('',(0.956304755963,-0.,0.292371704723));
#8445 = DIRECTION('',(0.292371704723,0.,-0.956304755963));
#8446 = ORIENTED_EDGE('',*,*,#8447,.T.);
#8447 = EDGE_CURVE('',#8439,#6162,#8448,.T.);
#8448 = B_SPLINE_CURVE_WITH_KNOTS('',1,(#8449,#8450),.UNSPECIFIED.,.F.,
  .F.,(2,2),(0.,1.),.PIECEWISE_BEZIER_KNOTS.);
#8449 = CARTESIAN_POINT('',(-48.166143079,184.19786550256,
    -10.03944577298));
#8450 = CARTESIAN_POINT('',(-45.13133693259,181.98615498298,-10.73102963
    ));
#8451 = ORIENTED_EDGE('',*,*,#6159,.F.);
#8452 = CONICAL_SURFACE('',#8453,2.2,0.785398163397);
#8453 = AXIS2_PLACEMENT_3D('',#8454,#8455,#8456);
#8454 = CARTESIAN_POINT('',(-48.53507762407,186.,-8.832715250201));
#8455 = DIRECTION('',(0.956304755963,0.,0.292371704723));
#8456 = DIRECTION('',(0.292371704723,0.,-0.956304755963));
#8457 = ADVANCED_FACE('',(#8458),#8475,.F.);
#8458 = FACE_BOUND('',#8459,.F.);
#8459 = EDGE_LOOP('',(#8460,#8467,#8473,#8474));
#8460 = ORIENTED_EDGE('',*,*,#8461,.F.);
#8461 = EDGE_CURVE('',#8462,#6171,#8464,.T.);
#8462 = VERTEX_POINT('',#8463);
#8463 = CARTESIAN_POINT('',(-47.41366169826,186.,-12.50070146752));
#8464 = B_SPLINE_CURVE_WITH_KNOTS('',1,(#8465,#8466),.UNSPECIFIED.,.F.,
  .F.,(2,2),(0.,1.),.PIECEWISE_BEZIER_KNOTS.);
#8465 = CARTESIAN_POINT('',(-47.41366169826,186.,-12.50070146752));
#8466 = CARTESIAN_POINT('',(-43.45535567549,186.,-16.21291731331));
#8467 = ORIENTED_EDGE('',*,*,#8468,.T.);
#8468 = EDGE_CURVE('',#8462,#8432,#8469,.T.);
#8469 = LINE('',#8470,#8471);
#8470 = CARTESIAN_POINT('',(-47.41366169826,186.,-12.50070146752));
#8471 = VECTOR('',#8472,1.);
#8472 = DIRECTION('',(-0.239496879616,0.573576436351,0.78335899581));
#8473 = ORIENTED_EDGE('',*,*,#8431,.T.);
#8474 = ORIENTED_EDGE('',*,*,#6170,.T.);
#8475 = B_SPLINE_SURFACE_WITH_KNOTS('',1,1,(
    (#8476,#8477)
    ,(#8478,#8479
    )),.UNSPECIFIED.,.F.,.F.,.F.,(2,2),(2,2),(0.,6.997925233036),(0.,1.)
  ,.PIECEWISE_BEZIER_KNOTS.);
#8476 = CARTESIAN_POINT('',(-47.41366169826,186.,-12.50070146752));
#8477 = CARTESIAN_POINT('',(-43.45535567549,186.,-16.21291731331));
#8478 = CARTESIAN_POINT('',(-48.166143079,187.80213449743,
    -10.03944577298));
#8479 = CARTESIAN_POINT('',(-45.13133693259,190.01384501701,-10.73102963
    ));
#8480 = ADVANCED_FACE('',(#8481),#8492,.F.);
#8481 = FACE_BOUND('',#8482,.F.);
#8482 = EDGE_LOOP('',(#8483,#8484,#8490,#8491));
#8483 = ORIENTED_EDGE('',*,*,#8447,.F.);
#8484 = ORIENTED_EDGE('',*,*,#8485,.T.);
#8485 = EDGE_CURVE('',#8439,#8462,#8486,.T.);
#8486 = LINE('',#8487,#8488);
#8487 = CARTESIAN_POINT('',(-48.166143079,184.19786550256,
    -10.03944577298));
#8488 = VECTOR('',#8489,1.);
#8489 = DIRECTION('',(0.239496879616,0.573576436351,-0.78335899581));
#8490 = ORIENTED_EDGE('',*,*,#8461,.T.);
#8491 = ORIENTED_EDGE('',*,*,#6177,.T.);
#8492 = B_SPLINE_SURFACE_WITH_KNOTS('',1,1,(
    (#8493,#8494)
    ,(#8495,#8496
    )),.UNSPECIFIED.,.F.,.F.,.F.,(2,2),(2,2),(0.,6.997925233036),(0.,1.)
  ,.PIECEWISE_BEZIER_KNOTS.);
#8493 = CARTESIAN_POINT('',(-48.166143079,184.19786550256,
    -10.03944577298));
#8494 = CARTESIAN_POINT('',(-45.13133693259,181.98615498298,-10.73102963
    ));
#8495 = CARTESIAN_POINT('',(-47.41366169826,186.,-12.50070146752));
#8496 = CARTESIAN_POINT('',(-43.45535567549,186.,-16.21291731331));
#8497 = ADVANCED_FACE('',(#8498),#8514,.F.);
#8498 = FACE_BOUND('',#8499,.T.);
#8499 = EDGE_LOOP('',(#8500,#8506,#8507,#8513));
#8500 = ORIENTED_EDGE('',*,*,#8501,.F.);
#8501 = EDGE_CURVE('',#6228,#8439,#8502,.T.);
#8502 = LINE('',#8503,#8504);
#8503 = CARTESIAN_POINT('',(-52.56514495643,184.19786550256,
    -11.3843556147));
#8504 = VECTOR('',#8505,1.);
#8505 = DIRECTION('',(0.956304755963,0.,0.292371704723));
#8506 = ORIENTED_EDGE('',*,*,#6227,.T.);
#8507 = ORIENTED_EDGE('',*,*,#8508,.T.);
#8508 = EDGE_CURVE('',#6230,#8432,#8509,.T.);
#8509 = LINE('',#8510,#8511);
#8510 = CARTESIAN_POINT('',(-52.56514495643,187.80213449743,
    -11.3843556147));
#8511 = VECTOR('',#8512,1.);
#8512 = DIRECTION('',(0.956304755963,0.,0.292371704723));
#8513 = ORIENTED_EDGE('',*,*,#8438,.T.);
#8514 = CYLINDRICAL_SURFACE('',#8515,2.2);
#8515 = AXIS2_PLACEMENT_3D('',#8516,#8517,#8518);
#8516 = CARTESIAN_POINT('',(-52.9340795015,186.,-10.17762509192));
#8517 = DIRECTION('',(-0.956304755963,0.,-0.292371704723));
#8518 = DIRECTION('',(0.292371704723,0.,-0.956304755963));
#8519 = ADVANCED_FACE('',(#8520),#8531,.T.);
#8520 = FACE_BOUND('',#8521,.T.);
#8521 = EDGE_LOOP('',(#8522,#8523,#8524,#8525));
#8522 = ORIENTED_EDGE('',*,*,#6238,.F.);
#8523 = ORIENTED_EDGE('',*,*,#8501,.T.);
#8524 = ORIENTED_EDGE('',*,*,#8485,.T.);
#8525 = ORIENTED_EDGE('',*,*,#8526,.F.);
#8526 = EDGE_CURVE('',#6239,#8462,#8527,.T.);
#8527 = LINE('',#8528,#8529);
#8528 = CARTESIAN_POINT('',(-51.81266357569,186.,-13.84561130925));
#8529 = VECTOR('',#8530,1.);
#8530 = DIRECTION('',(0.956304755963,0.,0.292371704723));
#8531 = PLANE('',#8532);
#8532 = AXIS2_PLACEMENT_3D('',#8533,#8534,#8535);
#8533 = CARTESIAN_POINT('',(-52.56514495643,184.19786550256,
    -11.3843556147));
#8534 = DIRECTION('',(-0.167697520485,0.819152044289,0.548513873991));
#8535 = DIRECTION('',(0.239496879616,0.573576436351,-0.78335899581));
#8536 = ADVANCED_FACE('',(#8537),#8543,.T.);
#8537 = FACE_BOUND('',#8538,.T.);
#8538 = EDGE_LOOP('',(#8539,#8540,#8541,#8542));
#8539 = ORIENTED_EDGE('',*,*,#6246,.F.);
#8540 = ORIENTED_EDGE('',*,*,#8526,.T.);
#8541 = ORIENTED_EDGE('',*,*,#8468,.T.);
#8542 = ORIENTED_EDGE('',*,*,#8508,.F.);
#8543 = PLANE('',#8544);
#8544 = AXIS2_PLACEMENT_3D('',#8545,#8546,#8547);
#8545 = CARTESIAN_POINT('',(-51.81266357569,186.,-13.84561130925));
#8546 = DIRECTION('',(-0.167697520485,-0.819152044289,0.548513873991));
#8547 = DIRECTION('',(-0.239496879616,0.573576436351,0.78335899581));
#8548 = ADVANCED_FACE('',(#8549),#8575,.F.);
#8549 = FACE_BOUND('',#8550,.T.);
#8550 = EDGE_LOOP('',(#8551,#8559,#8560,#8568));
#8551 = ORIENTED_EDGE('',*,*,#8552,.F.);
#8552 = EDGE_CURVE('',#6255,#8553,#8555,.T.);
#8553 = VERTEX_POINT('',#8554);
#8554 = CARTESIAN_POINT('',(-48.166143079,212.19786550256,
    -10.03944577298));
#8555 = LINE('',#8556,#8557);
#8556 = CARTESIAN_POINT('',(-52.56514495643,212.19786550256,
    -11.3843556147));
#8557 = VECTOR('',#8558,1.);
#8558 = DIRECTION('',(0.956304755963,0.,0.292371704723));
#8559 = ORIENTED_EDGE('',*,*,#6254,.T.);
#8560 = ORIENTED_EDGE('',*,*,#8561,.T.);
#8561 = EDGE_CURVE('',#6257,#8562,#8564,.T.);
#8562 = VERTEX_POINT('',#8563);
#8563 = CARTESIAN_POINT('',(-48.166143079,215.80213449743,
    -10.03944577298));
#8564 = LINE('',#8565,#8566);
#8565 = CARTESIAN_POINT('',(-52.56514495643,215.80213449743,
    -11.3843556147));
#8566 = VECTOR('',#8567,1.);
#8567 = DIRECTION('',(0.956304755963,0.,0.292371704723));
#8568 = ORIENTED_EDGE('',*,*,#8569,.F.);
#8569 = EDGE_CURVE('',#8553,#8562,#8570,.T.);
#8570 = CIRCLE('',#8571,2.2);
#8571 = AXIS2_PLACEMENT_3D('',#8572,#8573,#8574);
#8572 = CARTESIAN_POINT('',(-48.53507762407,214.,-8.832715250201));
#8573 = DIRECTION('',(-0.956304755963,1.298391193328E-16,-0.292371704723
    ));
#8574 = DIRECTION('',(0.292371704723,4.246846234515E-16,-0.956304755963)
  );
#8575 = CYLINDRICAL_SURFACE('',#8576,2.2);
#8576 = AXIS2_PLACEMENT_3D('',#8577,#8578,#8579);
#8577 = CARTESIAN_POINT('',(-52.9340795015,214.,-10.17762509192));
#8578 = DIRECTION('',(-0.956304755963,0.,-0.292371704723));
#8579 = DIRECTION('',(0.292371704723,0.,-0.956304755963));
#8580 = ADVANCED_FACE('',(#8581),#8599,.T.);
#8581 = FACE_BOUND('',#8582,.T.);
#8582 = EDGE_LOOP('',(#8583,#8584,#8585,#8593));
#8583 = ORIENTED_EDGE('',*,*,#6265,.F.);
#8584 = ORIENTED_EDGE('',*,*,#8552,.T.);
#8585 = ORIENTED_EDGE('',*,*,#8586,.F.);
#8586 = EDGE_CURVE('',#8587,#8553,#8589,.T.);
#8587 = VERTEX_POINT('',#8588);
#8588 = CARTESIAN_POINT('',(-47.41366169826,214.,-12.50070146752));
#8589 = LINE('',#8590,#8591);
#8590 = CARTESIAN_POINT('',(-47.41366169826,214.,-12.50070146752));
#8591 = VECTOR('',#8592,1.);
#8592 = DIRECTION('',(-0.239496879616,-0.573576436351,0.78335899581));
#8593 = ORIENTED_EDGE('',*,*,#8594,.F.);
#8594 = EDGE_CURVE('',#6266,#8587,#8595,.T.);
#8595 = LINE('',#8596,#8597);
#8596 = CARTESIAN_POINT('',(-51.81266357569,214.,-13.84561130925));
#8597 = VECTOR('',#8598,1.);
#8598 = DIRECTION('',(0.956304755963,0.,0.292371704723));
#8599 = PLANE('',#8600);
#8600 = AXIS2_PLACEMENT_3D('',#8601,#8602,#8603);
#8601 = CARTESIAN_POINT('',(-52.56514495643,212.19786550256,
    -11.3843556147));
#8602 = DIRECTION('',(-0.167697520485,0.819152044289,0.548513873991));
#8603 = DIRECTION('',(0.239496879616,0.573576436351,-0.78335899581));
#8604 = ADVANCED_FACE('',(#8605),#8616,.T.);
#8605 = FACE_BOUND('',#8606,.T.);
#8606 = EDGE_LOOP('',(#8607,#8608,#8609,#8615));
#8607 = ORIENTED_EDGE('',*,*,#6273,.F.);
#8608 = ORIENTED_EDGE('',*,*,#8594,.T.);
#8609 = ORIENTED_EDGE('',*,*,#8610,.F.);
#8610 = EDGE_CURVE('',#8562,#8587,#8611,.T.);
#8611 = LINE('',#8612,#8613);
#8612 = CARTESIAN_POINT('',(-48.166143079,215.80213449743,
    -10.03944577298));
#8613 = VECTOR('',#8614,1.);
#8614 = DIRECTION('',(0.239496879616,-0.573576436351,-0.78335899581));
#8615 = ORIENTED_EDGE('',*,*,#8561,.F.);
#8616 = PLANE('',#8617);
#8617 = AXIS2_PLACEMENT_3D('',#8618,#8619,#8620);
#8618 = CARTESIAN_POINT('',(-51.81266357569,214.,-13.84561130925));
#8619 = DIRECTION('',(-0.167697520485,-0.819152044289,0.548513873991));
#8620 = DIRECTION('',(-0.239496879616,0.573576436351,0.78335899581));
#8621 = ADVANCED_FACE('',(#8622),#8636,.F.);
#8622 = FACE_BOUND('',#8623,.T.);
#8623 = EDGE_LOOP('',(#8624,#8629,#8630,#8635));
#8624 = ORIENTED_EDGE('',*,*,#8625,.F.);
#8625 = EDGE_CURVE('',#8553,#6318,#8626,.T.);
#8626 = B_SPLINE_CURVE_WITH_KNOTS('',1,(#8627,#8628),.UNSPECIFIED.,.F.,
  .F.,(2,2),(0.,1.),.PIECEWISE_BEZIER_KNOTS.);
#8627 = CARTESIAN_POINT('',(-48.166143079,212.19786550256,
    -10.03944577298));
#8628 = CARTESIAN_POINT('',(-45.13133693259,209.98615498298,-10.73102963
    ));
#8629 = ORIENTED_EDGE('',*,*,#8569,.T.);
#8630 = ORIENTED_EDGE('',*,*,#8631,.T.);
#8631 = EDGE_CURVE('',#8562,#6316,#8632,.T.);
#8632 = B_SPLINE_CURVE_WITH_KNOTS('',1,(#8633,#8634),.UNSPECIFIED.,.F.,
  .F.,(2,2),(0.,1.),.PIECEWISE_BEZIER_KNOTS.);
#8633 = CARTESIAN_POINT('',(-48.166143079,215.80213449743,
    -10.03944577298));
#8634 = CARTESIAN_POINT('',(-45.13133693259,218.01384501701,-10.73102963
    ));
#8635 = ORIENTED_EDGE('',*,*,#6315,.T.);
#8636 = CONICAL_SURFACE('',#8637,2.2,0.785398163397);
#8637 = AXIS2_PLACEMENT_3D('',#8638,#8639,#8640);
#8638 = CARTESIAN_POINT('',(-48.53507762407,214.,-8.832715250201));
#8639 = DIRECTION('',(0.956304755963,-1.298391193328E-16,0.292371704723)
  );
#8640 = DIRECTION('',(0.292371704723,4.246846234515E-16,-0.956304755963)
  );
#8641 = ADVANCED_FACE('',(#8642),#8652,.T.);
#8642 = FACE_BOUND('',#8643,.T.);
#8643 = EDGE_LOOP('',(#8644,#8645,#8646,#8651));
#8644 = ORIENTED_EDGE('',*,*,#8631,.F.);
#8645 = ORIENTED_EDGE('',*,*,#8610,.T.);
#8646 = ORIENTED_EDGE('',*,*,#8647,.T.);
#8647 = EDGE_CURVE('',#8587,#6327,#8648,.T.);
#8648 = B_SPLINE_CURVE_WITH_KNOTS('',1,(#8649,#8650),.UNSPECIFIED.,.F.,
  .F.,(2,2),(0.,1.),.PIECEWISE_BEZIER_KNOTS.);
#8649 = CARTESIAN_POINT('',(-47.41366169826,214.,-12.50070146752));
#8650 = CARTESIAN_POINT('',(-43.45535567549,214.,-16.21291731331));
#8651 = ORIENTED_EDGE('',*,*,#6326,.T.);
#8652 = B_SPLINE_SURFACE_WITH_KNOTS('',1,1,(
    (#8653,#8654)
    ,(#8655,#8656
    )),.UNSPECIFIED.,.F.,.F.,.F.,(2,2),(2,2),(0.,6.997925233036),(0.,1.)
  ,.PIECEWISE_BEZIER_KNOTS.);
#8653 = CARTESIAN_POINT('',(-48.166143079,215.80213449743,
    -10.03944577298));
#8654 = CARTESIAN_POINT('',(-45.13133693259,218.01384501701,-10.73102963
    ));
#8655 = CARTESIAN_POINT('',(-47.41366169826,214.,-12.50070146752));
#8656 = CARTESIAN_POINT('',(-43.45535567549,214.,-16.21291731331));
#8657 = ADVANCED_FACE('',(#8658),#8664,.T.);
#8658 = FACE_BOUND('',#8659,.T.);
#8659 = EDGE_LOOP('',(#8660,#8661,#8662,#8663));
#8660 = ORIENTED_EDGE('',*,*,#8647,.F.);
#8661 = ORIENTED_EDGE('',*,*,#8586,.T.);
#8662 = ORIENTED_EDGE('',*,*,#8625,.T.);
#8663 = ORIENTED_EDGE('',*,*,#6333,.T.);
#8664 = B_SPLINE_SURFACE_WITH_KNOTS('',1,1,(
    (#8665,#8666)
    ,(#8667,#8668
    )),.UNSPECIFIED.,.F.,.F.,.F.,(2,2),(2,2),(0.,6.997925233036),(0.,1.)
  ,.PIECEWISE_BEZIER_KNOTS.);
#8665 = CARTESIAN_POINT('',(-47.41366169826,214.,-12.50070146752));
#8666 = CARTESIAN_POINT('',(-43.45535567549,214.,-16.21291731331));
#8667 = CARTESIAN_POINT('',(-48.166143079,212.19786550256,
    -10.03944577298));
#8668 = CARTESIAN_POINT('',(-45.13133693259,209.98615498298,-10.73102963
    ));
#8669 = ADVANCED_FACE('',(#8670),#8689,.F.);
#8670 = FACE_BOUND('',#8671,.F.);
#8671 = EDGE_LOOP('',(#8672,#8680,#8681,#8682));
#8672 = ORIENTED_EDGE('',*,*,#8673,.T.);
#8673 = EDGE_CURVE('',#8674,#6570,#8676,.T.);
#8674 = VERTEX_POINT('',#8675);
#8675 = CARTESIAN_POINT('',(43.599999999992,205.,2.5));
#8676 = LINE('',#8677,#8678);
#8677 = CARTESIAN_POINT('',(43.599999999992,205.,2.5));
#8678 = VECTOR('',#8679,1.);
#8679 = DIRECTION('',(-0.,-0.,-1.));
#8680 = ORIENTED_EDGE('',*,*,#6577,.T.);
#8681 = ORIENTED_EDGE('',*,*,#6463,.F.);
#8682 = ORIENTED_EDGE('',*,*,#8683,.F.);
#8683 = EDGE_CURVE('',#8674,#6464,#8684,.T.);
#8684 = CIRCLE('',#8685,3.000000000004);
#8685 = AXIS2_PLACEMENT_3D('',#8686,#8687,#8688);
#8686 = CARTESIAN_POINT('',(43.599999999995,208.,2.5));
#8687 = DIRECTION('',(0.,0.,1.));
#8688 = DIRECTION('',(1.,0.,0.));
#8689 = CYLINDRICAL_SURFACE('',#8690,3.000000000004);
#8690 = AXIS2_PLACEMENT_3D('',#8691,#8692,#8693);
#8691 = CARTESIAN_POINT('',(43.599999999995,208.,2.5));
#8692 = DIRECTION('',(0.,0.,1.));
#8693 = DIRECTION('',(1.,0.,0.));
#8694 = ADVANCED_FACE('',(#8695),#8709,.F.);
#8695 = FACE_BOUND('',#8696,.F.);
#8696 = EDGE_LOOP('',(#8697,#8698,#8703,#8704));
#8697 = ORIENTED_EDGE('',*,*,#6471,.T.);
#8698 = ORIENTED_EDGE('',*,*,#8699,.T.);
#8699 = EDGE_CURVE('',#6472,#6964,#8700,.T.);
#8700 = B_SPLINE_CURVE_WITH_KNOTS('',1,(#8701,#8702),.UNSPECIFIED.,.F.,
  .F.,(2,2),(0.,1.),.PIECEWISE_BEZIER_KNOTS.);
#8701 = CARTESIAN_POINT('',(46.599999999999,271.99999999999,2.5));
#8702 = CARTESIAN_POINT('',(46.2752962034,271.99999999999,3.));
#8703 = ORIENTED_EDGE('',*,*,#6961,.F.);
#8704 = ORIENTED_EDGE('',*,*,#8705,.F.);
#8705 = EDGE_CURVE('',#6464,#6962,#8706,.T.);
#8706 = B_SPLINE_CURVE_WITH_KNOTS('',1,(#8707,#8708),.UNSPECIFIED.,.F.,
  .F.,(2,2),(0.,1.),.PIECEWISE_BEZIER_KNOTS.);
#8707 = CARTESIAN_POINT('',(46.599999999999,208.,2.5));
#8708 = CARTESIAN_POINT('',(46.2752962034,208.,3.));
#8709 = B_SPLINE_SURFACE_WITH_KNOTS('',1,1,(
    (#8710,#8711)
    ,(#8712,#8713
    )),.UNSPECIFIED.,.F.,.F.,.F.,(2,2),(2,2),(-2.604139126561E-12,
    63.999999999987),(0.,1.),.PIECEWISE_BEZIER_KNOTS.);
#8710 = CARTESIAN_POINT('',(46.599999999999,208.,2.5));
#8711 = CARTESIAN_POINT('',(46.2752962034,208.,3.));
#8712 = CARTESIAN_POINT('',(46.599999999999,271.99999999999,2.5));
#8713 = CARTESIAN_POINT('',(46.2752962034,271.99999999999,3.));
#8714 = ADVANCED_FACE('',(#8715),#8734,.F.);
#8715 = FACE_BOUND('',#8716,.F.);
#8716 = EDGE_LOOP('',(#8717,#8718,#8719,#8727));
#8717 = ORIENTED_EDGE('',*,*,#6479,.T.);
#8718 = ORIENTED_EDGE('',*,*,#6526,.T.);
#8719 = ORIENTED_EDGE('',*,*,#8720,.F.);
#8720 = EDGE_CURVE('',#8721,#6527,#8723,.T.);
#8721 = VERTEX_POINT('',#8722);
#8722 = CARTESIAN_POINT('',(43.599999999992,274.99999999999,2.5));
#8723 = LINE('',#8724,#8725);
#8724 = CARTESIAN_POINT('',(43.599999999992,274.99999999999,2.5));
#8725 = VECTOR('',#8726,1.);
#8726 = DIRECTION('',(-0.,-0.,-1.));
#8727 = ORIENTED_EDGE('',*,*,#8728,.F.);
#8728 = EDGE_CURVE('',#6472,#8721,#8729,.T.);
#8729 = CIRCLE('',#8730,3.000000000004);
#8730 = AXIS2_PLACEMENT_3D('',#8731,#8732,#8733);
#8731 = CARTESIAN_POINT('',(43.599999999995,271.99999999999,2.5));
#8732 = DIRECTION('',(0.,0.,1.));
#8733 = DIRECTION('',(1.,0.,0.));
#8734 = CYLINDRICAL_SURFACE('',#8735,3.000000000004);
#8735 = AXIS2_PLACEMENT_3D('',#8736,#8737,#8738);
#8736 = CARTESIAN_POINT('',(43.599999999995,271.99999999999,2.5));
#8737 = DIRECTION('',(0.,0.,1.));
#8738 = DIRECTION('',(1.,0.,0.));
#8739 = ADVANCED_FACE('',(#8740),#8758,.F.);
#8740 = FACE_BOUND('',#8741,.F.);
#8741 = EDGE_LOOP('',(#8742,#8743,#8744,#8752));
#8742 = ORIENTED_EDGE('',*,*,#8720,.T.);
#8743 = ORIENTED_EDGE('',*,*,#6535,.T.);
#8744 = ORIENTED_EDGE('',*,*,#8745,.F.);
#8745 = EDGE_CURVE('',#8746,#6536,#8748,.T.);
#8746 = VERTEX_POINT('',#8747);
#8747 = CARTESIAN_POINT('',(-40.39999999999,274.99999999999,2.5));
#8748 = LINE('',#8749,#8750);
#8749 = CARTESIAN_POINT('',(-40.39999999999,274.99999999999,2.5));
#8750 = VECTOR('',#8751,1.);
#8751 = DIRECTION('',(-0.,-0.,-1.));
#8752 = ORIENTED_EDGE('',*,*,#8753,.F.);
#8753 = EDGE_CURVE('',#8721,#8746,#8754,.T.);
#8754 = LINE('',#8755,#8756);
#8755 = CARTESIAN_POINT('',(43.599999999992,274.99999999999,2.5));
#8756 = VECTOR('',#8757,1.);
#8757 = DIRECTION('',(-1.,0.,0.));
#8758 = PLANE('',#8759);
#8759 = AXIS2_PLACEMENT_3D('',#8760,#8761,#8762);
#8760 = CARTESIAN_POINT('',(43.599999999992,274.99999999999,2.5));
#8761 = DIRECTION('',(0.,1.,0.));
#8762 = DIRECTION('',(-1.,0.,0.));
#8763 = ADVANCED_FACE('',(#8764),#8783,.F.);
#8764 = FACE_BOUND('',#8765,.F.);
#8765 = EDGE_LOOP('',(#8766,#8767,#8768,#8776));
#8766 = ORIENTED_EDGE('',*,*,#8745,.T.);
#8767 = ORIENTED_EDGE('',*,*,#6543,.T.);
#8768 = ORIENTED_EDGE('',*,*,#8769,.F.);
#8769 = EDGE_CURVE('',#8770,#6544,#8772,.T.);
#8770 = VERTEX_POINT('',#8771);
#8771 = CARTESIAN_POINT('',(-43.39999999999,271.99999999999,2.5));
#8772 = LINE('',#8773,#8774);
#8773 = CARTESIAN_POINT('',(-43.39999999999,271.99999999999,2.5));
#8774 = VECTOR('',#8775,1.);
#8775 = DIRECTION('',(-0.,-0.,-1.));
#8776 = ORIENTED_EDGE('',*,*,#8777,.F.);
#8777 = EDGE_CURVE('',#8746,#8770,#8778,.T.);
#8778 = CIRCLE('',#8779,3.000000000004);
#8779 = AXIS2_PLACEMENT_3D('',#8780,#8781,#8782);
#8780 = CARTESIAN_POINT('',(-40.39999999999,271.99999999999,2.5));
#8781 = DIRECTION('',(0.,0.,1.));
#8782 = DIRECTION('',(1.,0.,0.));
#8783 = CYLINDRICAL_SURFACE('',#8784,3.000000000004);
#8784 = AXIS2_PLACEMENT_3D('',#8785,#8786,#8787);
#8785 = CARTESIAN_POINT('',(-40.39999999999,271.99999999999,2.5));
#8786 = DIRECTION('',(0.,0.,1.));
#8787 = DIRECTION('',(1.,0.,0.));
#8788 = ADVANCED_FACE('',(#8789),#8807,.F.);
#8789 = FACE_BOUND('',#8790,.F.);
#8790 = EDGE_LOOP('',(#8791,#8792,#8793,#8801));
#8791 = ORIENTED_EDGE('',*,*,#8769,.T.);
#8792 = ORIENTED_EDGE('',*,*,#6552,.T.);
#8793 = ORIENTED_EDGE('',*,*,#8794,.F.);
#8794 = EDGE_CURVE('',#8795,#6553,#8797,.T.);
#8795 = VERTEX_POINT('',#8796);
#8796 = CARTESIAN_POINT('',(-43.39999999999,208.,2.5));
#8797 = LINE('',#8798,#8799);
#8798 = CARTESIAN_POINT('',(-43.39999999999,208.,2.5));
#8799 = VECTOR('',#8800,1.);
#8800 = DIRECTION('',(-0.,-0.,-1.));
#8801 = ORIENTED_EDGE('',*,*,#8802,.F.);
#8802 = EDGE_CURVE('',#8770,#8795,#8803,.T.);
#8803 = LINE('',#8804,#8805);
#8804 = CARTESIAN_POINT('',(-43.39999999999,271.99999999999,2.5));
#8805 = VECTOR('',#8806,1.);
#8806 = DIRECTION('',(0.,-1.,0.));
#8807 = PLANE('',#8808);
#8808 = AXIS2_PLACEMENT_3D('',#8809,#8810,#8811);
#8809 = CARTESIAN_POINT('',(-43.39999999999,271.99999999999,2.5));
#8810 = DIRECTION('',(-1.,0.,0.));
#8811 = DIRECTION('',(0.,-1.,0.));
#8812 = ADVANCED_FACE('',(#8813),#8832,.F.);
#8813 = FACE_BOUND('',#8814,.F.);
#8814 = EDGE_LOOP('',(#8815,#8816,#8817,#8825));
#8815 = ORIENTED_EDGE('',*,*,#8794,.T.);
#8816 = ORIENTED_EDGE('',*,*,#6560,.T.);
#8817 = ORIENTED_EDGE('',*,*,#8818,.F.);
#8818 = EDGE_CURVE('',#8819,#6561,#8821,.T.);
#8819 = VERTEX_POINT('',#8820);
#8820 = CARTESIAN_POINT('',(-40.39999999999,205.,2.5));
#8821 = LINE('',#8822,#8823);
#8822 = CARTESIAN_POINT('',(-40.39999999999,205.,2.5));
#8823 = VECTOR('',#8824,1.);
#8824 = DIRECTION('',(-0.,-0.,-1.));
#8825 = ORIENTED_EDGE('',*,*,#8826,.F.);
#8826 = EDGE_CURVE('',#8795,#8819,#8827,.T.);
#8827 = CIRCLE('',#8828,3.000000000004);
#8828 = AXIS2_PLACEMENT_3D('',#8829,#8830,#8831);
#8829 = CARTESIAN_POINT('',(-40.39999999999,208.,2.5));
#8830 = DIRECTION('',(0.,0.,1.));
#8831 = DIRECTION('',(1.,0.,0.));
#8832 = CYLINDRICAL_SURFACE('',#8833,3.000000000004);
#8833 = AXIS2_PLACEMENT_3D('',#8834,#8835,#8836);
#8834 = CARTESIAN_POINT('',(-40.39999999999,208.,2.5));
#8835 = DIRECTION('',(0.,0.,1.));
#8836 = DIRECTION('',(1.,0.,0.));
#8837 = ADVANCED_FACE('',(#8838),#8849,.F.);
#8838 = FACE_BOUND('',#8839,.F.);
#8839 = EDGE_LOOP('',(#8840,#8841,#8842,#8843));
#8840 = ORIENTED_EDGE('',*,*,#8818,.T.);
#8841 = ORIENTED_EDGE('',*,*,#6569,.T.);
#8842 = ORIENTED_EDGE('',*,*,#8673,.F.);
#8843 = ORIENTED_EDGE('',*,*,#8844,.F.);
#8844 = EDGE_CURVE('',#8819,#8674,#8845,.T.);
#8845 = LINE('',#8846,#8847);
#8846 = CARTESIAN_POINT('',(-40.39999999999,205.,2.5));
#8847 = VECTOR('',#8848,1.);
#8848 = DIRECTION('',(1.,0.,0.));
#8849 = PLANE('',#8850);
#8850 = AXIS2_PLACEMENT_3D('',#8851,#8852,#8853);
#8851 = CARTESIAN_POINT('',(-40.39999999999,205.,2.5));
#8852 = DIRECTION('',(0.,-1.,0.));
#8853 = DIRECTION('',(1.,0.,0.));
#8854 = ADVANCED_FACE('',(#8855),#8869,.F.);
#8855 = FACE_BOUND('',#8856,.F.);
#8856 = EDGE_LOOP('',(#8857,#8862,#8863,#8868));
#8857 = ORIENTED_EDGE('',*,*,#8858,.F.);
#8858 = EDGE_CURVE('',#7116,#6629,#8859,.T.);
#8859 = B_SPLINE_CURVE_WITH_KNOTS('',1,(#8860,#8861),.UNSPECIFIED.,.F.,
  .F.,(2,2),(0.,1.),.PIECEWISE_BEZIER_KNOTS.);
#8860 = CARTESIAN_POINT('',(-48.166143079,267.80213449743,
    -10.03944577298));
#8861 = CARTESIAN_POINT('',(-45.13133693259,270.01384501701,-10.73102963
    ));
#8862 = ORIENTED_EDGE('',*,*,#7123,.T.);
#8863 = ORIENTED_EDGE('',*,*,#8864,.T.);
#8864 = EDGE_CURVE('',#7107,#6631,#8865,.T.);
#8865 = B_SPLINE_CURVE_WITH_KNOTS('',1,(#8866,#8867),.UNSPECIFIED.,.F.,
  .F.,(2,2),(0.,1.),.PIECEWISE_BEZIER_KNOTS.);
#8866 = CARTESIAN_POINT('',(-48.166143079,264.19786550256,
    -10.03944577298));
#8867 = CARTESIAN_POINT('',(-45.13133693259,261.98615498298,-10.73102963
    ));
#8868 = ORIENTED_EDGE('',*,*,#6628,.F.);
#8869 = CONICAL_SURFACE('',#8870,2.2,0.785398163397);
#8870 = AXIS2_PLACEMENT_3D('',#8871,#8872,#8873);
#8871 = CARTESIAN_POINT('',(-48.53507762407,266.,-8.832715250201));
#8872 = DIRECTION('',(0.956304755963,0.,0.292371704723));
#8873 = DIRECTION('',(0.292371704723,0.,-0.956304755963));
#8874 = ADVANCED_FACE('',(#8875),#8885,.F.);
#8875 = FACE_BOUND('',#8876,.F.);
#8876 = EDGE_LOOP('',(#8877,#8882,#8883,#8884));
#8877 = ORIENTED_EDGE('',*,*,#8878,.F.);
#8878 = EDGE_CURVE('',#7141,#6640,#8879,.T.);
#8879 = B_SPLINE_CURVE_WITH_KNOTS('',1,(#8880,#8881),.UNSPECIFIED.,.F.,
  .F.,(2,2),(0.,1.),.PIECEWISE_BEZIER_KNOTS.);
#8880 = CARTESIAN_POINT('',(-47.41366169826,266.,-12.50070146752));
#8881 = CARTESIAN_POINT('',(-43.45535567549,266.,-16.21291731331));
#8882 = ORIENTED_EDGE('',*,*,#7164,.T.);
#8883 = ORIENTED_EDGE('',*,*,#8858,.T.);
#8884 = ORIENTED_EDGE('',*,*,#6639,.T.);
#8885 = B_SPLINE_SURFACE_WITH_KNOTS('',1,1,(
    (#8886,#8887)
    ,(#8888,#8889
    )),.UNSPECIFIED.,.F.,.F.,.F.,(2,2),(2,2),(0.,6.997925233036),(0.,1.)
  ,.PIECEWISE_BEZIER_KNOTS.);
#8886 = CARTESIAN_POINT('',(-47.41366169826,266.,-12.50070146752));
#8887 = CARTESIAN_POINT('',(-43.45535567549,266.,-16.21291731331));
#8888 = CARTESIAN_POINT('',(-48.166143079,267.80213449743,
    -10.03944577298));
#8889 = CARTESIAN_POINT('',(-45.13133693259,270.01384501701,-10.73102963
    ));
#8890 = ADVANCED_FACE('',(#8891),#8897,.F.);
#8891 = FACE_BOUND('',#8892,.F.);
#8892 = EDGE_LOOP('',(#8893,#8894,#8895,#8896));
#8893 = ORIENTED_EDGE('',*,*,#8864,.F.);
#8894 = ORIENTED_EDGE('',*,*,#7140,.T.);
#8895 = ORIENTED_EDGE('',*,*,#8878,.T.);
#8896 = ORIENTED_EDGE('',*,*,#6646,.T.);
#8897 = B_SPLINE_SURFACE_WITH_KNOTS('',1,1,(
    (#8898,#8899)
    ,(#8900,#8901
    )),.UNSPECIFIED.,.F.,.F.,.F.,(2,2),(2,2),(0.,6.997925233036),(0.,1.)
  ,.PIECEWISE_BEZIER_KNOTS.);
#8898 = CARTESIAN_POINT('',(-48.166143079,264.19786550256,
    -10.03944577298));
#8899 = CARTESIAN_POINT('',(-45.13133693259,261.98615498298,-10.73102963
    ));
#8900 = CARTESIAN_POINT('',(-47.41366169826,266.,-12.50070146752));
#8901 = CARTESIAN_POINT('',(-43.45535567549,266.,-16.21291731331));
#8902 = ADVANCED_FACE('',(#8903),#8909,.T.);
#8903 = FACE_BOUND('',#8904,.T.);
#8904 = EDGE_LOOP('',(#8905,#8906,#8907,#8908));
#8905 = ORIENTED_EDGE('',*,*,#6733,.F.);
#8906 = ORIENTED_EDGE('',*,*,#6684,.F.);
#8907 = ORIENTED_EDGE('',*,*,#7053,.T.);
#8908 = ORIENTED_EDGE('',*,*,#7234,.T.);
#8909 = PLANE('',#8910);
#8910 = AXIS2_PLACEMENT_3D('',#8911,#8912,#8913);
#8911 = CARTESIAN_POINT('',(-54.8376481017,120.,2.75));
#8912 = DIRECTION('',(-0.838670567945,0.,0.544639035015));
#8913 = DIRECTION('',(-0.544639035015,0.,-0.838670567945));
#8914 = ADVANCED_FACE('',(#8915),#8925,.F.);
#8915 = FACE_BOUND('',#8916,.F.);
#8916 = EDGE_LOOP('',(#8917,#8918,#8919,#8920));
#8917 = ORIENTED_EDGE('',*,*,#7829,.T.);
#8918 = ORIENTED_EDGE('',*,*,#7851,.T.);
#8919 = ORIENTED_EDGE('',*,*,#6761,.F.);
#8920 = ORIENTED_EDGE('',*,*,#8921,.F.);
#8921 = EDGE_CURVE('',#7820,#6762,#8922,.T.);
#8922 = B_SPLINE_CURVE_WITH_KNOTS('',1,(#8923,#8924),.UNSPECIFIED.,.F.,
  .F.,(2,2),(0.,1.),.PIECEWISE_BEZIER_KNOTS.);
#8923 = CARTESIAN_POINT('',(43.599999999992,45.000000000001,2.5));
#8924 = CARTESIAN_POINT('',(43.599999999995,45.3247037966,3.));
#8925 = CONICAL_SURFACE('',#8926,3.000000000004,0.575958653158);
#8926 = AXIS2_PLACEMENT_3D('',#8927,#8928,#8929);
#8927 = CARTESIAN_POINT('',(43.599999999995,48.000000000005,2.5));
#8928 = DIRECTION('',(-0.,-0.,-1.));
#8929 = DIRECTION('',(1.,0.,0.));
#8930 = ADVANCED_FACE('',(#8931),#8941,.F.);
#8931 = FACE_BOUND('',#8932,.F.);
#8932 = EDGE_LOOP('',(#8933,#8934,#8935,#8936));
#8933 = ORIENTED_EDGE('',*,*,#7990,.T.);
#8934 = ORIENTED_EDGE('',*,*,#8921,.T.);
#8935 = ORIENTED_EDGE('',*,*,#6770,.F.);
#8936 = ORIENTED_EDGE('',*,*,#8937,.F.);
#8937 = EDGE_CURVE('',#7965,#6771,#8938,.T.);
#8938 = B_SPLINE_CURVE_WITH_KNOTS('',1,(#8939,#8940),.UNSPECIFIED.,.F.,
  .F.,(2,2),(0.,1.),.PIECEWISE_BEZIER_KNOTS.);
#8939 = CARTESIAN_POINT('',(-40.39999999999,45.000000000001,2.5));
#8940 = CARTESIAN_POINT('',(-40.39999999999,45.3247037966,3.));
#8941 = B_SPLINE_SURFACE_WITH_KNOTS('',1,1,(
    (#8942,#8943)
    ,(#8944,#8945
    )),.UNSPECIFIED.,.F.,.F.,.F.,(2,2),(2,2),(-2.600586412882E-12,
    83.999999999987),(0.,1.),.PIECEWISE_BEZIER_KNOTS.);
#8942 = CARTESIAN_POINT('',(-40.39999999999,45.000000000001,2.5));
#8943 = CARTESIAN_POINT('',(-40.39999999999,45.3247037966,3.));
#8944 = CARTESIAN_POINT('',(43.599999999992,45.000000000001,2.5));
#8945 = CARTESIAN_POINT('',(43.599999999995,45.3247037966,3.));
#8946 = ADVANCED_FACE('',(#8947),#8957,.F.);
#8947 = FACE_BOUND('',#8948,.F.);
#8948 = EDGE_LOOP('',(#8949,#8950,#8951,#8952));
#8949 = ORIENTED_EDGE('',*,*,#7972,.T.);
#8950 = ORIENTED_EDGE('',*,*,#8937,.T.);
#8951 = ORIENTED_EDGE('',*,*,#6778,.F.);
#8952 = ORIENTED_EDGE('',*,*,#8953,.F.);
#8953 = EDGE_CURVE('',#7941,#6779,#8954,.T.);
#8954 = B_SPLINE_CURVE_WITH_KNOTS('',1,(#8955,#8956),.UNSPECIFIED.,.F.,
  .F.,(2,2),(0.,1.),.PIECEWISE_BEZIER_KNOTS.);
#8955 = CARTESIAN_POINT('',(-43.39999999999,48.000000000008,2.5));
#8956 = CARTESIAN_POINT('',(-43.0752962034,48.000000000005,3.));
#8957 = CONICAL_SURFACE('',#8958,3.000000000004,0.575958653158);
#8958 = AXIS2_PLACEMENT_3D('',#8959,#8960,#8961);
#8959 = CARTESIAN_POINT('',(-40.39999999999,48.000000000005,2.5));
#8960 = DIRECTION('',(-0.,-0.,-1.));
#8961 = DIRECTION('',(1.,0.,0.));
#8962 = ADVANCED_FACE('',(#8963),#8973,.F.);
#8963 = FACE_BOUND('',#8964,.F.);
#8964 = EDGE_LOOP('',(#8965,#8966,#8967,#8968));
#8965 = ORIENTED_EDGE('',*,*,#7948,.T.);
#8966 = ORIENTED_EDGE('',*,*,#8953,.T.);
#8967 = ORIENTED_EDGE('',*,*,#6787,.F.);
#8968 = ORIENTED_EDGE('',*,*,#8969,.F.);
#8969 = EDGE_CURVE('',#7916,#6788,#8970,.T.);
#8970 = B_SPLINE_CURVE_WITH_KNOTS('',1,(#8971,#8972),.UNSPECIFIED.,.F.,
  .F.,(2,2),(0.,1.),.PIECEWISE_BEZIER_KNOTS.);
#8971 = CARTESIAN_POINT('',(-43.39999999999,111.99999999999,2.5));
#8972 = CARTESIAN_POINT('',(-43.0752962034,111.99999999999,3.));
#8973 = B_SPLINE_SURFACE_WITH_KNOTS('',1,1,(
    (#8974,#8975)
    ,(#8976,#8977
    )),.UNSPECIFIED.,.F.,.F.,.F.,(2,2),(2,2),(-2.568611989773E-12,
    63.999999999987),(0.,1.),.PIECEWISE_BEZIER_KNOTS.);
#8974 = CARTESIAN_POINT('',(-43.39999999999,111.99999999999,2.5));
#8975 = CARTESIAN_POINT('',(-43.0752962034,111.99999999999,3.));
#8976 = CARTESIAN_POINT('',(-43.39999999999,48.000000000008,2.5));
#8977 = CARTESIAN_POINT('',(-43.0752962034,48.000000000005,3.));
#8978 = ADVANCED_FACE('',(#8979),#8989,.F.);
#8979 = FACE_BOUND('',#8980,.F.);
#8980 = EDGE_LOOP('',(#8981,#8982,#8983,#8984));
#8981 = ORIENTED_EDGE('',*,*,#7923,.T.);
#8982 = ORIENTED_EDGE('',*,*,#8969,.T.);
#8983 = ORIENTED_EDGE('',*,*,#6795,.F.);
#8984 = ORIENTED_EDGE('',*,*,#8985,.F.);
#8985 = EDGE_CURVE('',#7892,#6796,#8986,.T.);
#8986 = B_SPLINE_CURVE_WITH_KNOTS('',1,(#8987,#8988),.UNSPECIFIED.,.F.,
  .F.,(2,2),(0.,1.),.PIECEWISE_BEZIER_KNOTS.);
#8987 = CARTESIAN_POINT('',(-40.39999999999,114.99999999999,2.5));
#8988 = CARTESIAN_POINT('',(-40.39999999999,114.6752962034,3.));
#8989 = CONICAL_SURFACE('',#8990,3.000000000004,0.575958653158);
#8990 = AXIS2_PLACEMENT_3D('',#8991,#8992,#8993);
#8991 = CARTESIAN_POINT('',(-40.39999999999,111.99999999999,2.5));
#8992 = DIRECTION('',(-0.,-0.,-1.));
#8993 = DIRECTION('',(1.,0.,0.));
#8994 = ADVANCED_FACE('',(#8995),#9005,.F.);
#8995 = FACE_BOUND('',#8996,.F.);
#8996 = EDGE_LOOP('',(#8997,#8998,#8999,#9000));
#8997 = ORIENTED_EDGE('',*,*,#7899,.T.);
#8998 = ORIENTED_EDGE('',*,*,#8985,.T.);
#8999 = ORIENTED_EDGE('',*,*,#6804,.F.);
#9000 = ORIENTED_EDGE('',*,*,#9001,.F.);
#9001 = EDGE_CURVE('',#7867,#6805,#9002,.T.);
#9002 = B_SPLINE_CURVE_WITH_KNOTS('',1,(#9003,#9004),.UNSPECIFIED.,.F.,
  .F.,(2,2),(0.,1.),.PIECEWISE_BEZIER_KNOTS.);
#9003 = CARTESIAN_POINT('',(43.599999999992,114.99999999999,2.5));
#9004 = CARTESIAN_POINT('',(43.599999999995,114.6752962034,3.));
#9005 = B_SPLINE_SURFACE_WITH_KNOTS('',1,1,(
    (#9006,#9007)
    ,(#9008,#9009
    )),.UNSPECIFIED.,.F.,.F.,.F.,(2,2),(2,2),(-2.756905814749E-12,
    83.999999999986),(0.,1.),.PIECEWISE_BEZIER_KNOTS.);
#9006 = CARTESIAN_POINT('',(43.599999999992,114.99999999999,2.5));
#9007 = CARTESIAN_POINT('',(43.599999999995,114.6752962034,3.));
#9008 = CARTESIAN_POINT('',(-40.39999999999,114.99999999999,2.5));
#9009 = CARTESIAN_POINT('',(-40.39999999999,114.6752962034,3.));
#9010 = ADVANCED_FACE('',(#9011),#9017,.F.);
#9011 = FACE_BOUND('',#9012,.F.);
#9012 = EDGE_LOOP('',(#9013,#9014,#9015,#9016));
#9013 = ORIENTED_EDGE('',*,*,#7874,.T.);
#9014 = ORIENTED_EDGE('',*,*,#9001,.T.);
#9015 = ORIENTED_EDGE('',*,*,#6812,.F.);
#9016 = ORIENTED_EDGE('',*,*,#7845,.F.);
#9017 = CONICAL_SURFACE('',#9018,3.000000000004,0.575958653158);
#9018 = AXIS2_PLACEMENT_3D('',#9019,#9020,#9021);
#9019 = CARTESIAN_POINT('',(43.599999999995,111.99999999999,2.5));
#9020 = DIRECTION('',(-0.,-0.,-1.));
#9021 = DIRECTION('',(1.,0.,0.));
#9022 = ADVANCED_FACE('',(#9023),#9033,.F.);
#9023 = FACE_BOUND('',#9024,.F.);
#9024 = EDGE_LOOP('',(#9025,#9026,#9027,#9028));
#9025 = ORIENTED_EDGE('',*,*,#8256,.T.);
#9026 = ORIENTED_EDGE('',*,*,#8278,.T.);
#9027 = ORIENTED_EDGE('',*,*,#6831,.F.);
#9028 = ORIENTED_EDGE('',*,*,#9029,.F.);
#9029 = EDGE_CURVE('',#8247,#6832,#9030,.T.);
#9030 = B_SPLINE_CURVE_WITH_KNOTS('',1,(#9031,#9032),.UNSPECIFIED.,.F.,
  .F.,(2,2),(0.,1.),.PIECEWISE_BEZIER_KNOTS.);
#9031 = CARTESIAN_POINT('',(43.599999999992,125.,2.5));
#9032 = CARTESIAN_POINT('',(43.599999999995,125.3247037966,3.));
#9033 = CONICAL_SURFACE('',#9034,3.000000000004,0.575958653158);
#9034 = AXIS2_PLACEMENT_3D('',#9035,#9036,#9037);
#9035 = CARTESIAN_POINT('',(43.599999999995,128.,2.5));
#9036 = DIRECTION('',(-0.,-0.,-1.));
#9037 = DIRECTION('',(1.,0.,0.));
#9038 = ADVANCED_FACE('',(#9039),#9049,.F.);
#9039 = FACE_BOUND('',#9040,.F.);
#9040 = EDGE_LOOP('',(#9041,#9042,#9043,#9044));
#9041 = ORIENTED_EDGE('',*,*,#8417,.T.);
#9042 = ORIENTED_EDGE('',*,*,#9029,.T.);
#9043 = ORIENTED_EDGE('',*,*,#6840,.F.);
#9044 = ORIENTED_EDGE('',*,*,#9045,.F.);
#9045 = EDGE_CURVE('',#8392,#6841,#9046,.T.);
#9046 = B_SPLINE_CURVE_WITH_KNOTS('',1,(#9047,#9048),.UNSPECIFIED.,.F.,
  .F.,(2,2),(0.,1.),.PIECEWISE_BEZIER_KNOTS.);
#9047 = CARTESIAN_POINT('',(-40.39999999999,125.,2.5));
#9048 = CARTESIAN_POINT('',(-40.39999999999,125.3247037966,3.));
#9049 = B_SPLINE_SURFACE_WITH_KNOTS('',1,1,(
    (#9050,#9051)
    ,(#9052,#9053
    )),.UNSPECIFIED.,.F.,.F.,.F.,(2,2),(2,2),(-2.600586412882E-12,
    83.999999999987),(0.,1.),.PIECEWISE_BEZIER_KNOTS.);
#9050 = CARTESIAN_POINT('',(-40.39999999999,125.,2.5));
#9051 = CARTESIAN_POINT('',(-40.39999999999,125.3247037966,3.));
#9052 = CARTESIAN_POINT('',(43.599999999992,125.,2.5));
#9053 = CARTESIAN_POINT('',(43.599999999995,125.3247037966,3.));
#9054 = ADVANCED_FACE('',(#9055),#9065,.F.);
#9055 = FACE_BOUND('',#9056,.F.);
#9056 = EDGE_LOOP('',(#9057,#9058,#9059,#9060));
#9057 = ORIENTED_EDGE('',*,*,#8399,.T.);
#9058 = ORIENTED_EDGE('',*,*,#9045,.T.);
#9059 = ORIENTED_EDGE('',*,*,#6848,.F.);
#9060 = ORIENTED_EDGE('',*,*,#9061,.F.);
#9061 = EDGE_CURVE('',#8368,#6849,#9062,.T.);
#9062 = B_SPLINE_CURVE_WITH_KNOTS('',1,(#9063,#9064),.UNSPECIFIED.,.F.,
  .F.,(2,2),(0.,1.),.PIECEWISE_BEZIER_KNOTS.);
#9063 = CARTESIAN_POINT('',(-43.39999999999,128.,2.5));
#9064 = CARTESIAN_POINT('',(-43.0752962034,128.,3.));
#9065 = CONICAL_SURFACE('',#9066,3.000000000004,0.575958653158);
#9066 = AXIS2_PLACEMENT_3D('',#9067,#9068,#9069);
#9067 = CARTESIAN_POINT('',(-40.39999999999,128.,2.5));
#9068 = DIRECTION('',(-0.,-0.,-1.));
#9069 = DIRECTION('',(1.,0.,0.));
#9070 = ADVANCED_FACE('',(#9071),#9081,.F.);
#9071 = FACE_BOUND('',#9072,.F.);
#9072 = EDGE_LOOP('',(#9073,#9074,#9075,#9076));
#9073 = ORIENTED_EDGE('',*,*,#8375,.T.);
#9074 = ORIENTED_EDGE('',*,*,#9061,.T.);
#9075 = ORIENTED_EDGE('',*,*,#6857,.F.);
#9076 = ORIENTED_EDGE('',*,*,#9077,.F.);
#9077 = EDGE_CURVE('',#8343,#6858,#9078,.T.);
#9078 = B_SPLINE_CURVE_WITH_KNOTS('',1,(#9079,#9080),.UNSPECIFIED.,.F.,
  .F.,(2,2),(0.,1.),.PIECEWISE_BEZIER_KNOTS.);
#9079 = CARTESIAN_POINT('',(-43.39999999999,191.99999999999,2.5));
#9080 = CARTESIAN_POINT('',(-43.0752962034,191.99999999999,3.));
#9081 = B_SPLINE_SURFACE_WITH_KNOTS('',1,1,(
    (#9082,#9083)
    ,(#9084,#9085
    )),.UNSPECIFIED.,.F.,.F.,.F.,(2,2),(2,2),(-2.568611989773E-12,
    63.999999999987),(0.,1.),.PIECEWISE_BEZIER_KNOTS.);
#9082 = CARTESIAN_POINT('',(-43.39999999999,191.99999999999,2.5));
#9083 = CARTESIAN_POINT('',(-43.0752962034,191.99999999999,3.));
#9084 = CARTESIAN_POINT('',(-43.39999999999,128.,2.5));
#9085 = CARTESIAN_POINT('',(-43.0752962034,128.,3.));
#9086 = ADVANCED_FACE('',(#9087),#9097,.F.);
#9087 = FACE_BOUND('',#9088,.F.);
#9088 = EDGE_LOOP('',(#9089,#9090,#9091,#9092));
#9089 = ORIENTED_EDGE('',*,*,#8350,.T.);
#9090 = ORIENTED_EDGE('',*,*,#9077,.T.);
#9091 = ORIENTED_EDGE('',*,*,#6865,.F.);
#9092 = ORIENTED_EDGE('',*,*,#9093,.F.);
#9093 = EDGE_CURVE('',#8319,#6866,#9094,.T.);
#9094 = B_SPLINE_CURVE_WITH_KNOTS('',1,(#9095,#9096),.UNSPECIFIED.,.F.,
  .F.,(2,2),(0.,1.),.PIECEWISE_BEZIER_KNOTS.);
#9095 = CARTESIAN_POINT('',(-40.39999999999,194.99999999999,2.5));
#9096 = CARTESIAN_POINT('',(-40.39999999999,194.6752962034,3.));
#9097 = CONICAL_SURFACE('',#9098,3.000000000004,0.575958653158);
#9098 = AXIS2_PLACEMENT_3D('',#9099,#9100,#9101);
#9099 = CARTESIAN_POINT('',(-40.39999999999,191.99999999999,2.5));
#9100 = DIRECTION('',(-0.,-0.,-1.));
#9101 = DIRECTION('',(1.,0.,0.));
#9102 = ADVANCED_FACE('',(#9103),#9113,.F.);
#9103 = FACE_BOUND('',#9104,.F.);
#9104 = EDGE_LOOP('',(#9105,#9106,#9107,#9108));
#9105 = ORIENTED_EDGE('',*,*,#8326,.T.);
#9106 = ORIENTED_EDGE('',*,*,#9093,.T.);
#9107 = ORIENTED_EDGE('',*,*,#6874,.F.);
#9108 = ORIENTED_EDGE('',*,*,#9109,.F.);
#9109 = EDGE_CURVE('',#8294,#6875,#9110,.T.);
#9110 = B_SPLINE_CURVE_WITH_KNOTS('',1,(#9111,#9112),.UNSPECIFIED.,.F.,
  .F.,(2,2),(0.,1.),.PIECEWISE_BEZIER_KNOTS.);
#9111 = CARTESIAN_POINT('',(43.599999999992,194.99999999999,2.5));
#9112 = CARTESIAN_POINT('',(43.599999999995,194.6752962034,3.));
#9113 = B_SPLINE_SURFACE_WITH_KNOTS('',1,1,(
    (#9114,#9115)
    ,(#9116,#9117
    )),.UNSPECIFIED.,.F.,.F.,.F.,(2,2),(2,2),(-2.756905814749E-12,
    83.999999999986),(0.,1.),.PIECEWISE_BEZIER_KNOTS.);
#9114 = CARTESIAN_POINT('',(43.599999999992,194.99999999999,2.5));
#9115 = CARTESIAN_POINT('',(43.599999999995,194.6752962034,3.));
#9116 = CARTESIAN_POINT('',(-40.39999999999,194.99999999999,2.5));
#9117 = CARTESIAN_POINT('',(-40.39999999999,194.6752962034,3.));
#9118 = ADVANCED_FACE('',(#9119),#9125,.F.);
#9119 = FACE_BOUND('',#9120,.F.);
#9120 = EDGE_LOOP('',(#9121,#9122,#9123,#9124));
#9121 = ORIENTED_EDGE('',*,*,#8301,.T.);
#9122 = ORIENTED_EDGE('',*,*,#9109,.T.);
#9123 = ORIENTED_EDGE('',*,*,#6882,.F.);
#9124 = ORIENTED_EDGE('',*,*,#8272,.F.);
#9125 = CONICAL_SURFACE('',#9126,3.000000000004,0.575958653158);
#9126 = AXIS2_PLACEMENT_3D('',#9127,#9128,#9129);
#9127 = CARTESIAN_POINT('',(43.599999999995,191.99999999999,2.5));
#9128 = DIRECTION('',(-0.,-0.,-1.));
#9129 = DIRECTION('',(1.,0.,0.));
#9130 = ADVANCED_FACE('',(#9131),#9141,.F.);
#9131 = FACE_BOUND('',#9132,.F.);
#9132 = EDGE_LOOP('',(#9133,#9134,#9135,#9136));
#9133 = ORIENTED_EDGE('',*,*,#7402,.T.);
#9134 = ORIENTED_EDGE('',*,*,#7424,.T.);
#9135 = ORIENTED_EDGE('',*,*,#6901,.F.);
#9136 = ORIENTED_EDGE('',*,*,#9137,.F.);
#9137 = EDGE_CURVE('',#7393,#6902,#9138,.T.);
#9138 = B_SPLINE_CURVE_WITH_KNOTS('',1,(#9139,#9140),.UNSPECIFIED.,.F.,
  .F.,(2,2),(0.,1.),.PIECEWISE_BEZIER_KNOTS.);
#9139 = CARTESIAN_POINT('',(43.599999999992,-34.99999999999,2.5));
#9140 = CARTESIAN_POINT('',(43.599999999995,-34.6752962034,3.));
#9141 = CONICAL_SURFACE('',#9142,3.000000000004,0.575958653158);
#9142 = AXIS2_PLACEMENT_3D('',#9143,#9144,#9145);
#9143 = CARTESIAN_POINT('',(43.599999999995,-31.99999999999,2.5));
#9144 = DIRECTION('',(-0.,-0.,-1.));
#9145 = DIRECTION('',(1.,0.,0.));
#9146 = ADVANCED_FACE('',(#9147),#9157,.F.);
#9147 = FACE_BOUND('',#9148,.F.);
#9148 = EDGE_LOOP('',(#9149,#9150,#9151,#9152));
#9149 = ORIENTED_EDGE('',*,*,#7563,.T.);
#9150 = ORIENTED_EDGE('',*,*,#9137,.T.);
#9151 = ORIENTED_EDGE('',*,*,#6910,.F.);
#9152 = ORIENTED_EDGE('',*,*,#9153,.F.);
#9153 = EDGE_CURVE('',#7538,#6911,#9154,.T.);
#9154 = B_SPLINE_CURVE_WITH_KNOTS('',1,(#9155,#9156),.UNSPECIFIED.,.F.,
  .F.,(2,2),(0.,1.),.PIECEWISE_BEZIER_KNOTS.);
#9155 = CARTESIAN_POINT('',(-40.39999999999,-34.99999999999,2.5));
#9156 = CARTESIAN_POINT('',(-40.39999999999,-34.6752962034,3.));
#9157 = B_SPLINE_SURFACE_WITH_KNOTS('',1,1,(
    (#9158,#9159)
    ,(#9160,#9161
    )),.UNSPECIFIED.,.F.,.F.,.F.,(2,2),(2,2),(-2.600586412882E-12,
    83.999999999987),(0.,1.),.PIECEWISE_BEZIER_KNOTS.);
#9158 = CARTESIAN_POINT('',(-40.39999999999,-34.99999999999,2.5));
#9159 = CARTESIAN_POINT('',(-40.39999999999,-34.6752962034,3.));
#9160 = CARTESIAN_POINT('',(43.599999999992,-34.99999999999,2.5));
#9161 = CARTESIAN_POINT('',(43.599999999995,-34.6752962034,3.));
#9162 = ADVANCED_FACE('',(#9163),#9173,.F.);
#9163 = FACE_BOUND('',#9164,.F.);
#9164 = EDGE_LOOP('',(#9165,#9166,#9167,#9168));
#9165 = ORIENTED_EDGE('',*,*,#7545,.T.);
#9166 = ORIENTED_EDGE('',*,*,#9153,.T.);
#9167 = ORIENTED_EDGE('',*,*,#6918,.F.);
#9168 = ORIENTED_EDGE('',*,*,#9169,.F.);
#9169 = EDGE_CURVE('',#7514,#6919,#9170,.T.);
#9170 = B_SPLINE_CURVE_WITH_KNOTS('',1,(#9171,#9172),.UNSPECIFIED.,.F.,
  .F.,(2,2),(0.,1.),.PIECEWISE_BEZIER_KNOTS.);
#9171 = CARTESIAN_POINT('',(-43.39999999999,-31.99999999999,2.5));
#9172 = CARTESIAN_POINT('',(-43.0752962034,-31.99999999999,3.));
#9173 = CONICAL_SURFACE('',#9174,3.000000000004,0.575958653158);
#9174 = AXIS2_PLACEMENT_3D('',#9175,#9176,#9177);
#9175 = CARTESIAN_POINT('',(-40.39999999999,-31.99999999999,2.5));
#9176 = DIRECTION('',(-0.,-0.,-1.));
#9177 = DIRECTION('',(1.,0.,0.));
#9178 = ADVANCED_FACE('',(#9179),#9189,.F.);
#9179 = FACE_BOUND('',#9180,.F.);
#9180 = EDGE_LOOP('',(#9181,#9182,#9183,#9184));
#9181 = ORIENTED_EDGE('',*,*,#7521,.T.);
#9182 = ORIENTED_EDGE('',*,*,#9169,.T.);
#9183 = ORIENTED_EDGE('',*,*,#6927,.F.);
#9184 = ORIENTED_EDGE('',*,*,#9185,.F.);
#9185 = EDGE_CURVE('',#7489,#6928,#9186,.T.);
#9186 = B_SPLINE_CURVE_WITH_KNOTS('',1,(#9187,#9188),.UNSPECIFIED.,.F.,
  .F.,(2,2),(0.,1.),.PIECEWISE_BEZIER_KNOTS.);
#9187 = CARTESIAN_POINT('',(-43.39999999999,31.999999999992,2.5));
#9188 = CARTESIAN_POINT('',(-43.0752962034,31.999999999995,3.));
#9189 = B_SPLINE_SURFACE_WITH_KNOTS('',1,1,(
    (#9190,#9191)
    ,(#9192,#9193
    )),.UNSPECIFIED.,.F.,.F.,.F.,(2,2),(2,2),(-2.568611989773E-12,
    63.999999999987),(0.,1.),.PIECEWISE_BEZIER_KNOTS.);
#9190 = CARTESIAN_POINT('',(-43.39999999999,31.999999999992,2.5));
#9191 = CARTESIAN_POINT('',(-43.0752962034,31.999999999995,3.));
#9192 = CARTESIAN_POINT('',(-43.39999999999,-31.99999999999,2.5));
#9193 = CARTESIAN_POINT('',(-43.0752962034,-31.99999999999,3.));
#9194 = ADVANCED_FACE('',(#9195),#9205,.F.);
#9195 = FACE_BOUND('',#9196,.F.);
#9196 = EDGE_LOOP('',(#9197,#9198,#9199,#9200));
#9197 = ORIENTED_EDGE('',*,*,#7496,.T.);
#9198 = ORIENTED_EDGE('',*,*,#9185,.T.);
#9199 = ORIENTED_EDGE('',*,*,#6935,.F.);
#9200 = ORIENTED_EDGE('',*,*,#9201,.F.);
#9201 = EDGE_CURVE('',#7465,#6936,#9202,.T.);
#9202 = B_SPLINE_CURVE_WITH_KNOTS('',1,(#9203,#9204),.UNSPECIFIED.,.F.,
  .F.,(2,2),(0.,1.),.PIECEWISE_BEZIER_KNOTS.);
#9203 = CARTESIAN_POINT('',(-40.39999999999,34.999999999999,2.5));
#9204 = CARTESIAN_POINT('',(-40.39999999999,34.6752962034,3.));
#9205 = CONICAL_SURFACE('',#9206,3.000000000004,0.575958653158);
#9206 = AXIS2_PLACEMENT_3D('',#9207,#9208,#9209);
#9207 = CARTESIAN_POINT('',(-40.39999999999,31.999999999995,2.5));
#9208 = DIRECTION('',(-0.,-0.,-1.));
#9209 = DIRECTION('',(1.,0.,0.));
#9210 = ADVANCED_FACE('',(#9211),#9221,.F.);
#9211 = FACE_BOUND('',#9212,.F.);
#9212 = EDGE_LOOP('',(#9213,#9214,#9215,#9216));
#9213 = ORIENTED_EDGE('',*,*,#7472,.T.);
#9214 = ORIENTED_EDGE('',*,*,#9201,.T.);
#9215 = ORIENTED_EDGE('',*,*,#6944,.F.);
#9216 = ORIENTED_EDGE('',*,*,#9217,.F.);
#9217 = EDGE_CURVE('',#7440,#6945,#9218,.T.);
#9218 = B_SPLINE_CURVE_WITH_KNOTS('',1,(#9219,#9220),.UNSPECIFIED.,.F.,
  .F.,(2,2),(0.,1.),.PIECEWISE_BEZIER_KNOTS.);
#9219 = CARTESIAN_POINT('',(43.599999999992,34.999999999999,2.5));
#9220 = CARTESIAN_POINT('',(43.599999999995,34.6752962034,3.));
#9221 = B_SPLINE_SURFACE_WITH_KNOTS('',1,1,(
    (#9222,#9223)
    ,(#9224,#9225
    )),.UNSPECIFIED.,.F.,.F.,.F.,(2,2),(2,2),(-2.756905814749E-12,
    83.999999999986),(0.,1.),.PIECEWISE_BEZIER_KNOTS.);
#9222 = CARTESIAN_POINT('',(43.599999999992,34.999999999999,2.5));
#9223 = CARTESIAN_POINT('',(43.599999999995,34.6752962034,3.));
#9224 = CARTESIAN_POINT('',(-40.39999999999,34.999999999999,2.5));
#9225 = CARTESIAN_POINT('',(-40.39999999999,34.6752962034,3.));
#9226 = ADVANCED_FACE('',(#9227),#9233,.F.);
#9227 = FACE_BOUND('',#9228,.F.);
#9228 = EDGE_LOOP('',(#9229,#9230,#9231,#9232));
#9229 = ORIENTED_EDGE('',*,*,#7447,.T.);
#9230 = ORIENTED_EDGE('',*,*,#9217,.T.);
#9231 = ORIENTED_EDGE('',*,*,#6952,.F.);
#9232 = ORIENTED_EDGE('',*,*,#7418,.F.);
#9233 = CONICAL_SURFACE('',#9234,3.000000000004,0.575958653158);
#9234 = AXIS2_PLACEMENT_3D('',#9235,#9236,#9237);
#9235 = CARTESIAN_POINT('',(43.599999999995,31.999999999995,2.5));
#9236 = DIRECTION('',(-0.,-0.,-1.));
#9237 = DIRECTION('',(1.,0.,0.));
#9238 = ADVANCED_FACE('',(#9239),#9249,.F.);
#9239 = FACE_BOUND('',#9240,.F.);
#9240 = EDGE_LOOP('',(#9241,#9242,#9243,#9244));
#9241 = ORIENTED_EDGE('',*,*,#8683,.T.);
#9242 = ORIENTED_EDGE('',*,*,#8705,.T.);
#9243 = ORIENTED_EDGE('',*,*,#6971,.F.);
#9244 = ORIENTED_EDGE('',*,*,#9245,.F.);
#9245 = EDGE_CURVE('',#8674,#6972,#9246,.T.);
#9246 = B_SPLINE_CURVE_WITH_KNOTS('',1,(#9247,#9248),.UNSPECIFIED.,.F.,
  .F.,(2,2),(0.,1.),.PIECEWISE_BEZIER_KNOTS.);
#9247 = CARTESIAN_POINT('',(43.599999999992,205.,2.5));
#9248 = CARTESIAN_POINT('',(43.599999999995,205.3247037966,3.));
#9249 = CONICAL_SURFACE('',#9250,3.000000000004,0.575958653158);
#9250 = AXIS2_PLACEMENT_3D('',#9251,#9252,#9253);
#9251 = CARTESIAN_POINT('',(43.599999999995,208.,2.5));
#9252 = DIRECTION('',(-0.,-0.,-1.));
#9253 = DIRECTION('',(1.,0.,0.));
#9254 = ADVANCED_FACE('',(#9255),#9265,.F.);
#9255 = FACE_BOUND('',#9256,.F.);
#9256 = EDGE_LOOP('',(#9257,#9258,#9259,#9260));
#9257 = ORIENTED_EDGE('',*,*,#8844,.T.);
#9258 = ORIENTED_EDGE('',*,*,#9245,.T.);
#9259 = ORIENTED_EDGE('',*,*,#6980,.F.);
#9260 = ORIENTED_EDGE('',*,*,#9261,.F.);
#9261 = EDGE_CURVE('',#8819,#6981,#9262,.T.);
#9262 = B_SPLINE_CURVE_WITH_KNOTS('',1,(#9263,#9264),.UNSPECIFIED.,.F.,
  .F.,(2,2),(0.,1.),.PIECEWISE_BEZIER_KNOTS.);
#9263 = CARTESIAN_POINT('',(-40.39999999999,205.,2.5));
#9264 = CARTESIAN_POINT('',(-40.39999999999,205.3247037966,3.));
#9265 = B_SPLINE_SURFACE_WITH_KNOTS('',1,1,(
    (#9266,#9267)
    ,(#9268,#9269
    )),.UNSPECIFIED.,.F.,.F.,.F.,(2,2),(2,2),(-2.600586412882E-12,
    83.999999999987),(0.,1.),.PIECEWISE_BEZIER_KNOTS.);
#9266 = CARTESIAN_POINT('',(-40.39999999999,205.,2.5));
#9267 = CARTESIAN_POINT('',(-40.39999999999,205.3247037966,3.));
#9268 = CARTESIAN_POINT('',(43.599999999992,205.,2.5));
#9269 = CARTESIAN_POINT('',(43.599999999995,205.3247037966,3.));
#9270 = ADVANCED_FACE('',(#9271),#9281,.F.);
#9271 = FACE_BOUND('',#9272,.F.);
#9272 = EDGE_LOOP('',(#9273,#9274,#9275,#9276));
#9273 = ORIENTED_EDGE('',*,*,#8826,.T.);
#9274 = ORIENTED_EDGE('',*,*,#9261,.T.);
#9275 = ORIENTED_EDGE('',*,*,#6988,.F.);
#9276 = ORIENTED_EDGE('',*,*,#9277,.F.);
#9277 = EDGE_CURVE('',#8795,#6989,#9278,.T.);
#9278 = B_SPLINE_CURVE_WITH_KNOTS('',1,(#9279,#9280),.UNSPECIFIED.,.F.,
  .F.,(2,2),(0.,1.),.PIECEWISE_BEZIER_KNOTS.);
#9279 = CARTESIAN_POINT('',(-43.39999999999,208.,2.5));
#9280 = CARTESIAN_POINT('',(-43.0752962034,208.,3.));
#9281 = CONICAL_SURFACE('',#9282,3.000000000004,0.575958653158);
#9282 = AXIS2_PLACEMENT_3D('',#9283,#9284,#9285);
#9283 = CARTESIAN_POINT('',(-40.39999999999,208.,2.5));
#9284 = DIRECTION('',(-0.,-0.,-1.));
#9285 = DIRECTION('',(1.,0.,0.));
#9286 = ADVANCED_FACE('',(#9287),#9297,.F.);
#9287 = FACE_BOUND('',#9288,.F.);
#9288 = EDGE_LOOP('',(#9289,#9290,#9291,#9292));
#9289 = ORIENTED_EDGE('',*,*,#8802,.T.);
#9290 = ORIENTED_EDGE('',*,*,#9277,.T.);
#9291 = ORIENTED_EDGE('',*,*,#6997,.F.);
#9292 = ORIENTED_EDGE('',*,*,#9293,.F.);
#9293 = EDGE_CURVE('',#8770,#6998,#9294,.T.);
#9294 = B_SPLINE_CURVE_WITH_KNOTS('',1,(#9295,#9296),.UNSPECIFIED.,.F.,
  .F.,(2,2),(0.,1.),.PIECEWISE_BEZIER_KNOTS.);
#9295 = CARTESIAN_POINT('',(-43.39999999999,271.99999999999,2.5));
#9296 = CARTESIAN_POINT('',(-43.0752962034,271.99999999999,3.));
#9297 = B_SPLINE_SURFACE_WITH_KNOTS('',1,1,(
    (#9298,#9299)
    ,(#9300,#9301
    )),.UNSPECIFIED.,.F.,.F.,.F.,(2,2),(2,2),(-2.568611989773E-12,
    63.999999999987),(0.,1.),.PIECEWISE_BEZIER_KNOTS.);
#9298 = CARTESIAN_POINT('',(-43.39999999999,271.99999999999,2.5));
#9299 = CARTESIAN_POINT('',(-43.0752962034,271.99999999999,3.));
#9300 = CARTESIAN_POINT('',(-43.39999999999,208.,2.5));
#9301 = CARTESIAN_POINT('',(-43.0752962034,208.,3.));
#9302 = ADVANCED_FACE('',(#9303),#9313,.F.);
#9303 = FACE_BOUND('',#9304,.F.);
#9304 = EDGE_LOOP('',(#9305,#9306,#9307,#9308));
#9305 = ORIENTED_EDGE('',*,*,#8777,.T.);
#9306 = ORIENTED_EDGE('',*,*,#9293,.T.);
#9307 = ORIENTED_EDGE('',*,*,#7005,.F.);
#9308 = ORIENTED_EDGE('',*,*,#9309,.F.);
#9309 = EDGE_CURVE('',#8746,#7006,#9310,.T.);
#9310 = B_SPLINE_CURVE_WITH_KNOTS('',1,(#9311,#9312),.UNSPECIFIED.,.F.,
  .F.,(2,2),(0.,1.),.PIECEWISE_BEZIER_KNOTS.);
#9311 = CARTESIAN_POINT('',(-40.39999999999,274.99999999999,2.5));
#9312 = CARTESIAN_POINT('',(-40.39999999999,274.6752962034,3.));
#9313 = CONICAL_SURFACE('',#9314,3.000000000004,0.575958653158);
#9314 = AXIS2_PLACEMENT_3D('',#9315,#9316,#9317);
#9315 = CARTESIAN_POINT('',(-40.39999999999,271.99999999999,2.5));
#9316 = DIRECTION('',(-0.,-0.,-1.));
#9317 = DIRECTION('',(1.,0.,0.));
#9318 = ADVANCED_FACE('',(#9319),#9329,.F.);
#9319 = FACE_BOUND('',#9320,.F.);
#9320 = EDGE_LOOP('',(#9321,#9322,#9323,#9324));
#9321 = ORIENTED_EDGE('',*,*,#8753,.T.);
#9322 = ORIENTED_EDGE('',*,*,#9309,.T.);
#9323 = ORIENTED_EDGE('',*,*,#7014,.F.);
#9324 = ORIENTED_EDGE('',*,*,#9325,.F.);
#9325 = EDGE_CURVE('',#8721,#7015,#9326,.T.);
#9326 = B_SPLINE_CURVE_WITH_KNOTS('',1,(#9327,#9328),.UNSPECIFIED.,.F.,
  .F.,(2,2),(0.,1.),.PIECEWISE_BEZIER_KNOTS.);
#9327 = CARTESIAN_POINT('',(43.599999999992,274.99999999999,2.5));
#9328 = CARTESIAN_POINT('',(43.599999999995,274.6752962034,3.));
#9329 = B_SPLINE_SURFACE_WITH_KNOTS('',1,1,(
    (#9330,#9331)
    ,(#9332,#9333
    )),.UNSPECIFIED.,.F.,.F.,.F.,(2,2),(2,2),(-2.756905814749E-12,
    83.999999999986),(0.,1.),.PIECEWISE_BEZIER_KNOTS.);
#9330 = CARTESIAN_POINT('',(43.599999999992,274.99999999999,2.5));
#9331 = CARTESIAN_POINT('',(43.599999999995,274.6752962034,3.));
#9332 = CARTESIAN_POINT('',(-40.39999999999,274.99999999999,2.5));
#9333 = CARTESIAN_POINT('',(-40.39999999999,274.6752962034,3.));
#9334 = ADVANCED_FACE('',(#9335),#9341,.F.);
#9335 = FACE_BOUND('',#9336,.F.);
#9336 = EDGE_LOOP('',(#9337,#9338,#9339,#9340));
#9337 = ORIENTED_EDGE('',*,*,#8728,.T.);
#9338 = ORIENTED_EDGE('',*,*,#9325,.T.);
#9339 = ORIENTED_EDGE('',*,*,#7022,.F.);
#9340 = ORIENTED_EDGE('',*,*,#8699,.F.);
#9341 = CONICAL_SURFACE('',#9342,3.000000000004,0.575958653158);
#9342 = AXIS2_PLACEMENT_3D('',#9343,#9344,#9345);
#9343 = CARTESIAN_POINT('',(43.599999999995,271.99999999999,2.5));
#9344 = DIRECTION('',(-0.,-0.,-1.));
#9345 = DIRECTION('',(1.,0.,0.));
#9346 = ( GEOMETRIC_REPRESENTATION_CONTEXT(3) 
GLOBAL_UNCERTAINTY_ASSIGNED_CONTEXT((#9350)) 
GLOBAL_UNIT_ASSIGNED_CONTEXT((#9347,#9348,#9349)) REPRESENTATION_CONTEXT
('Context #1','3D Context with UNIT and UNCERTAINTY') );
#9347 = ( LENGTH_UNIT() NAMED_UNIT(*) SI_UNIT(.MILLI.,.METRE.) );
#9348 = ( NAMED_UNIT(*) PLANE_ANGLE_UNIT() SI_UNIT($,.RADIAN.) );
#9349 = ( NAMED_UNIT(*) SI_UNIT($,.STERADIAN.) SOLID_ANGLE_UNIT() );
#9350 = UNCERTAINTY_MEASURE_WITH_UNIT(LENGTH_MEASURE(1.E-04),#9347,
  'distance_accuracy_value','confusion accuracy');
#9351 = PRODUCT_RELATED_PRODUCT_CATEGORY('part',$,(#7));
ENDSEC;
END-ISO-10303-21;
