ISO-10303-21;
HEADER;
FILE_DESCRIPTION(('FreeCAD Model'),'2;1');
FILE_NAME('Open CASCADE Shape Model','2026-10-07T16:48:01',('FreeCAD'),(
    'FreeCAD'),'Open CASCADE STEP processor 8.0','FreeCAD','Unknown');
FILE_SCHEMA(('AUTOMOTIVE_DESIGN { 1 0 10303 214 1 1 1 1 }'));
ENDSEC;
DATA;
#1 = APPLICATION_PROTOCOL_DEFINITION('international standard',
  'automotive_design',2000,#2);
#2 = APPLICATION_CONTEXT(
  'core data for automotive mechanical design processes');
#3 = SHAPE_DEFINITION_REPRESENTATION(#4,#10);
#4 = PRODUCT_DEFINITION_SHAPE('','',#5);
#5 = PRODUCT_DEFINITION('design','',#6,#9);
#6 = PRODUCT_DEFINITION_FORMATION('','',#7);
#7 = PRODUCT('Open CASCADE STEP translator 8.0 3',
  'Open CASCADE STEP translator 8.0 3','',(#8));
#8 = PRODUCT_CONTEXT('',#2,'mechanical');
#9 = PRODUCT_DEFINITION_CONTEXT('part definition',#2,'design');
#10 = ADVANCED_BREP_SHAPE_REPRESENTATION('',(#11,#15),#3813);
#11 = AXIS2_PLACEMENT_3D('',#12,#13,#14);
#12 = CARTESIAN_POINT('',(0.,0.,0.));
#13 = DIRECTION('',(0.,0.,1.));
#14 = DIRECTION('',(1.,0.,-0.));
#15 = MANIFOLD_SOLID_BREP('',#16);
#16 = CLOSED_SHELL('',(#17,#59,#92,#155,#197,#230,#261,#294,#345,#378,
    #409,#442,#475,#508,#571,#604,#637,#670,#703,#736,#767,#800,#851,
    #884,#915,#948,#981,#1027,#1052,#1090,#1107,#1119,#1150,#1183,#1216,
    #1279,#1427,#1452,#1592,#1624,#1656,#1678,#1703,#1728,#1752,#1777,
    #1809,#1833,#1858,#1870,#1895,#1920,#1944,#1969,#2001,#2025,#2050,
    #2431,#2463,#2488,#2560,#2585,#2630,#2655,#2692,#2718,#2760,#2820,
    #2889,#2917,#2970,#2994,#3022,#3047,#3065,#3082,#3094,#3169,#3194,
    #3219,#3245,#3270,#3337,#3362,#3387,#3405,#3438,#3462,#3490,#3515,
    #3540,#3560,#3578,#3590,#3725,#3737,#3753,#3767,#3781,#3797));
#17 = ADVANCED_FACE('',(#18),#54,.F.);
#18 = FACE_BOUND('',#19,.T.);
#19 = EDGE_LOOP('',(#20,#30,#39,#47));
#20 = ORIENTED_EDGE('',*,*,#21,.T.);
#21 = EDGE_CURVE('',#22,#24,#26,.T.);
#22 = VERTEX_POINT('',#23);
#23 = CARTESIAN_POINT('',(-16.,13.377671379323,4.166666666667));
#24 = VERTEX_POINT('',#25);
#25 = CARTESIAN_POINT('',(16.,13.377671379323,4.166666666667));
#26 = LINE('',#27,#28);
#27 = CARTESIAN_POINT('',(-16.,13.377671379323,4.166666666667));
#28 = VECTOR('',#29,1.);
#29 = DIRECTION('',(1.,-1.656082678399E-15,-4.903485025428E-16));
#30 = ORIENTED_EDGE('',*,*,#31,.T.);
#31 = EDGE_CURVE('',#24,#32,#34,.T.);
#32 = VERTEX_POINT('',#33);
#33 = CARTESIAN_POINT('',(16.,11.753205655188,5.));
#34 = CIRCLE('',#35,2.);
#35 = AXIS2_PLACEMENT_3D('',#36,#37,#38);
#36 = CARTESIAN_POINT('',(16.,11.753205655188,3.));
#37 = DIRECTION('',(1.,1.33226762955E-15,2.498001805407E-15));
#38 = DIRECTION('',(-1.33226762955E-15,1.,-2.498001805407E-15));
#39 = ORIENTED_EDGE('',*,*,#40,.F.);
#40 = EDGE_CURVE('',#41,#32,#43,.T.);
#41 = VERTEX_POINT('',#42);
#42 = CARTESIAN_POINT('',(-16.,11.753205655188,5.));
#43 = LINE('',#44,#45);
#44 = CARTESIAN_POINT('',(-16.,11.753205655189,5.));
#45 = VECTOR('',#46,1.);
#46 = DIRECTION('',(1.,-1.656082678399E-15,-4.903485025428E-16));
#47 = ORIENTED_EDGE('',*,*,#48,.F.);
#48 = EDGE_CURVE('',#22,#41,#49,.T.);
#49 = CIRCLE('',#50,2.);
#50 = AXIS2_PLACEMENT_3D('',#51,#52,#53);
#51 = CARTESIAN_POINT('',(-16.,11.753205655189,3.));
#52 = DIRECTION('',(1.,1.33226762955E-15,2.498001805407E-15));
#53 = DIRECTION('',(-1.33226762955E-15,1.,-2.498001805407E-15));
#54 = CYLINDRICAL_SURFACE('',#55,2.);
#55 = AXIS2_PLACEMENT_3D('',#56,#57,#58);
#56 = CARTESIAN_POINT('',(-16.,11.753205655189,3.));
#57 = DIRECTION('',(-1.,1.480297366167E-15,3.145631903105E-16));
#58 = DIRECTION('',(-1.156482317318E-15,1.,-2.322216493174E-15));
#59 = ADVANCED_FACE('',(#60),#87,.T.);
#60 = FACE_BOUND('',#61,.F.);
#61 = EDGE_LOOP('',(#62,#63,#72,#80));
#62 = ORIENTED_EDGE('',*,*,#21,.T.);
#63 = ORIENTED_EDGE('',*,*,#64,.T.);
#64 = EDGE_CURVE('',#24,#65,#67,.T.);
#65 = VERTEX_POINT('',#66);
#66 = CARTESIAN_POINT('',(16.,31.080192795969,7.132962157196));
#67 = CIRCLE('',#68,10.);
#68 = AXIS2_PLACEMENT_3D('',#69,#70,#71);
#69 = CARTESIAN_POINT('',(16.,21.5,10.));
#70 = DIRECTION('',(1.,1.7763568394E-15,3.330669073875E-15));
#71 = DIRECTION('',(-1.7763568394E-15,1.,-3.330669073875E-15));
#72 = ORIENTED_EDGE('',*,*,#73,.F.);
#73 = EDGE_CURVE('',#74,#65,#76,.T.);
#74 = VERTEX_POINT('',#75);
#75 = CARTESIAN_POINT('',(-16.,31.080192795969,7.132962157196));
#76 = LINE('',#77,#78);
#77 = CARTESIAN_POINT('',(-16.,31.080192795969,7.132962157196));
#78 = VECTOR('',#79,1.);
#79 = DIRECTION('',(1.,-1.961394010171E-15,-6.013708050053E-16));
#80 = ORIENTED_EDGE('',*,*,#81,.F.);
#81 = EDGE_CURVE('',#22,#74,#82,.T.);
#82 = CIRCLE('',#83,10.);
#83 = AXIS2_PLACEMENT_3D('',#84,#85,#86);
#84 = CARTESIAN_POINT('',(-16.,21.5,10.));
#85 = DIRECTION('',(1.,1.7763568394E-15,3.330669073875E-15));
#86 = DIRECTION('',(-1.7763568394E-15,1.,-3.330669073875E-15));
#87 = CYLINDRICAL_SURFACE('',#88,10.);
#88 = AXIS2_PLACEMENT_3D('',#89,#90,#91);
#89 = CARTESIAN_POINT('',(-16.,21.5,10.));
#90 = DIRECTION('',(-1.,2.090920029711E-15,5.366077952355E-16));
#91 = DIRECTION('',(-1.600571527168E-15,1.,-3.154883761643E-15));
#92 = ADVANCED_FACE('',(#93),#150,.T.);
#93 = FACE_BOUND('',#94,.T.);
#94 = EDGE_LOOP('',(#95,#103,#111,#119,#127,#135,#143,#149));
#95 = ORIENTED_EDGE('',*,*,#96,.F.);
#96 = EDGE_CURVE('',#97,#74,#99,.T.);
#97 = VERTEX_POINT('',#98);
#98 = CARTESIAN_POINT('',(-16.,39.686780047363,35.89183096342));
#99 = LINE('',#100,#101);
#100 = CARTESIAN_POINT('',(-16.,39.686780047363,35.89183096342));
#101 = VECTOR('',#102,1.);
#102 = DIRECTION('',(3.237616737966E-15,-0.28670378428,-0.958019279597)
  );
#103 = ORIENTED_EDGE('',*,*,#104,.T.);
#104 = EDGE_CURVE('',#97,#105,#107,.T.);
#105 = VERTEX_POINT('',#106);
#106 = CARTESIAN_POINT('',(-11.,39.686780047363,35.89183096342));
#107 = LINE('',#108,#109);
#108 = CARTESIAN_POINT('',(-16.,39.686780047363,35.89183096342));
#109 = VECTOR('',#110,1.);
#110 = DIRECTION('',(1.,-1.961394010171E-15,-6.013708050053E-16));
#111 = ORIENTED_EDGE('',*,*,#112,.T.);
#112 = EDGE_CURVE('',#105,#113,#115,.T.);
#113 = VERTEX_POINT('',#114);
#114 = CARTESIAN_POINT('',(-11.,35.982217782774,23.513054447263));
#115 = LINE('',#116,#117);
#116 = CARTESIAN_POINT('',(-11.,40.742593322436,39.419825809085));
#117 = VECTOR('',#118,1.);
#118 = DIRECTION('',(1.412458642556E-15,-0.28670378428,-0.958019279597)
  );
#119 = ORIENTED_EDGE('',*,*,#120,.F.);
#120 = EDGE_CURVE('',#121,#113,#123,.T.);
#121 = VERTEX_POINT('',#122);
#122 = CARTESIAN_POINT('',(11.,35.982217782774,23.513054447263));
#123 = LINE('',#124,#125);
#124 = CARTESIAN_POINT('',(11.,35.982217782774,23.513054447263));
#125 = VECTOR('',#126,1.);
#126 = DIRECTION('',(-1.,1.045460014855E-15,2.683038976177E-16));
#127 = ORIENTED_EDGE('',*,*,#128,.F.);
#128 = EDGE_CURVE('',#129,#121,#131,.T.);
#129 = VERTEX_POINT('',#130);
#130 = CARTESIAN_POINT('',(11.,39.686780047363,35.89183096342));
#131 = LINE('',#132,#133);
#132 = CARTESIAN_POINT('',(11.,40.742593322436,39.419825809085));
#133 = VECTOR('',#134,1.);
#134 = DIRECTION('',(1.412458642556E-15,-0.28670378428,-0.958019279597)
  );
#135 = ORIENTED_EDGE('',*,*,#136,.T.);
#136 = EDGE_CURVE('',#129,#137,#139,.T.);
#137 = VERTEX_POINT('',#138);
#138 = CARTESIAN_POINT('',(16.,39.686780047363,35.89183096342));
#139 = LINE('',#140,#141);
#140 = CARTESIAN_POINT('',(-16.,39.686780047363,35.89183096342));
#141 = VECTOR('',#142,1.);
#142 = DIRECTION('',(1.,-1.961394010171E-15,-6.013708050053E-16));
#143 = ORIENTED_EDGE('',*,*,#144,.T.);
#144 = EDGE_CURVE('',#137,#65,#145,.T.);
#145 = LINE('',#146,#147);
#146 = CARTESIAN_POINT('',(16.,39.686780047363,35.89183096342));
#147 = VECTOR('',#148,1.);
#148 = DIRECTION('',(3.237616737966E-15,-0.28670378428,-0.958019279597)
  );
#149 = ORIENTED_EDGE('',*,*,#73,.F.);
#150 = PLANE('',#151);
#151 = AXIS2_PLACEMENT_3D('',#152,#153,#154);
#152 = CARTESIAN_POINT('',(-16.,39.686780047363,35.89183096342));
#153 = DIRECTION('',(-4.174952800317E-16,0.958019279597,-0.28670378428)
  );
#154 = DIRECTION('',(3.018812705539E-15,-0.28670378428,-0.958019279597)
  );
#155 = ADVANCED_FACE('',(#156),#192,.T.);
#156 = FACE_BOUND('',#157,.F.);
#157 = EDGE_LOOP('',(#158,#168,#177,#184,#185));
#158 = ORIENTED_EDGE('',*,*,#159,.F.);
#159 = EDGE_CURVE('',#160,#162,#164,.T.);
#160 = VERTEX_POINT('',#161);
#161 = CARTESIAN_POINT('',(-16.,32.711584723972,44.893584579148));
#162 = VERTEX_POINT('',#163);
#163 = CARTESIAN_POINT('',(-11.,32.711584723972,44.893584579148));
#164 = LINE('',#165,#166);
#165 = CARTESIAN_POINT('',(3.54829634886E-14,32.711584723971,
    44.893584579148));
#166 = VECTOR('',#167,1.);
#167 = DIRECTION('',(1.,-7.401486830834E-16,-1.572815951552E-16));
#168 = ORIENTED_EDGE('',*,*,#169,.F.);
#169 = EDGE_CURVE('',#170,#160,#172,.T.);
#170 = VERTEX_POINT('',#171);
#171 = CARTESIAN_POINT('',(-16.,39.980645090185,37.898757453383));
#172 = CIRCLE('',#173,7.);
#173 = AXIS2_PLACEMENT_3D('',#174,#175,#176);
#174 = CARTESIAN_POINT('',(-16.,32.980645090185,37.898757453383));
#175 = DIRECTION('',(1.,1.7763568394E-15,3.330669073875E-15));
#176 = DIRECTION('',(-1.7763568394E-15,1.,-3.330669073875E-15));
#177 = ORIENTED_EDGE('',*,*,#178,.F.);
#178 = EDGE_CURVE('',#97,#170,#179,.T.);
#179 = CIRCLE('',#180,7.);
#180 = AXIS2_PLACEMENT_3D('',#181,#182,#183);
#181 = CARTESIAN_POINT('',(-16.,32.980645090185,37.898757453383));
#182 = DIRECTION('',(1.,1.7763568394E-15,3.330669073875E-15));
#183 = DIRECTION('',(-1.7763568394E-15,1.,-3.330669073875E-15));
#184 = ORIENTED_EDGE('',*,*,#104,.T.);
#185 = ORIENTED_EDGE('',*,*,#186,.F.);
#186 = EDGE_CURVE('',#162,#105,#187,.T.);
#187 = CIRCLE('',#188,7.);
#188 = AXIS2_PLACEMENT_3D('',#189,#190,#191);
#189 = CARTESIAN_POINT('',(-11.,32.980645090185,37.898757453383));
#190 = DIRECTION('',(-1.,-1.942890293094E-16,-1.748601263785E-15));
#191 = DIRECTION('',(-1.942890293094E-16,1.,-2.451742512714E-15));
#192 = CYLINDRICAL_SURFACE('',#193,7.);
#193 = AXIS2_PLACEMENT_3D('',#194,#195,#196);
#194 = CARTESIAN_POINT('',(-16.,32.980645090185,37.898757453383));
#195 = DIRECTION('',(-1.,1.915134717478E-15,3.608224830032E-16));
#196 = DIRECTION('',(-1.424786214936E-15,1.,-2.979098449411E-15));
#197 = ADVANCED_FACE('',(#198),#225,.T.);
#198 = FACE_BOUND('',#199,.T.);
#199 = EDGE_LOOP('',(#200,#201,#210,#218));
#200 = ORIENTED_EDGE('',*,*,#159,.F.);
#201 = ORIENTED_EDGE('',*,*,#202,.T.);
#202 = EDGE_CURVE('',#160,#203,#205,.T.);
#203 = VERTEX_POINT('',#204);
#204 = CARTESIAN_POINT('',(-16.,31.930869874856,43.32074712483));
#205 = CIRCLE('',#206,1.);
#206 = AXIS2_PLACEMENT_3D('',#207,#208,#209);
#207 = CARTESIAN_POINT('',(-16.,32.750021919145,43.894323561181));
#208 = DIRECTION('',(1.,4.903485025428E-16,1.073215590471E-15));
#209 = DIRECTION('',(-4.903485025428E-16,1.,-1.073215590471E-15));
#210 = ORIENTED_EDGE('',*,*,#211,.F.);
#211 = EDGE_CURVE('',#212,#203,#214,.T.);
#212 = VERTEX_POINT('',#213);
#213 = CARTESIAN_POINT('',(-11.,31.930869874856,43.32074712483));
#214 = LINE('',#215,#216);
#215 = CARTESIAN_POINT('',(3.562388560208E-14,31.930869874856,
    43.32074712483));
#216 = VECTOR('',#217,1.);
#217 = DIRECTION('',(-1.,7.401486830834E-16,1.572815951552E-16));
#218 = ORIENTED_EDGE('',*,*,#219,.F.);
#219 = EDGE_CURVE('',#162,#212,#220,.T.);
#220 = CIRCLE('',#221,1.);
#221 = AXIS2_PLACEMENT_3D('',#222,#223,#224);
#222 = CARTESIAN_POINT('',(-11.,32.750021919145,43.894323561181));
#223 = DIRECTION('',(1.,4.903485025428E-16,1.073215590471E-15));
#224 = DIRECTION('',(-4.903485025428E-16,1.,-1.073215590471E-15));
#225 = CYLINDRICAL_SURFACE('',#226,1.);
#226 = AXIS2_PLACEMENT_3D('',#227,#228,#229);
#227 = CARTESIAN_POINT('',(3.460664444999E-14,32.750021919145,
    43.894323561181));
#228 = DIRECTION('',(1.,-5.643633708511E-16,1.850371707709E-17));
#229 = DIRECTION('',(-4.903485025428E-16,1.,-1.073215590471E-15));
#230 = ADVANCED_FACE('',(#231),#256,.F.);
#231 = FACE_BOUND('',#232,.F.);
#232 = EDGE_LOOP('',(#233,#243,#249,#250));
#233 = ORIENTED_EDGE('',*,*,#234,.F.);
#234 = EDGE_CURVE('',#235,#237,#239,.T.);
#235 = VERTEX_POINT('',#236);
#236 = CARTESIAN_POINT('',(-16.,33.491174569093,41.092401085845));
#237 = VERTEX_POINT('',#238);
#238 = CARTESIAN_POINT('',(-11.,33.491174569093,41.092401085845));
#239 = LINE('',#240,#241);
#240 = CARTESIAN_POINT('',(3.811787859693E-14,33.491174569093,
    41.092401085845));
#241 = VECTOR('',#242,1.);
#242 = DIRECTION('',(1.,-7.401486830834E-16,-1.572815951552E-16));
#243 = ORIENTED_EDGE('',*,*,#244,.F.);
#244 = EDGE_CURVE('',#203,#235,#245,.T.);
#245 = LINE('',#246,#247);
#246 = CARTESIAN_POINT('',(-16.,36.291717998679,37.092810569088));
#247 = VECTOR('',#248,1.);
#248 = DIRECTION('',(1.362509561229E-15,0.573576436351,-0.819152044289)
  );
#249 = ORIENTED_EDGE('',*,*,#211,.F.);
#250 = ORIENTED_EDGE('',*,*,#251,.F.);
#251 = EDGE_CURVE('',#237,#212,#252,.T.);
#252 = LINE('',#253,#254);
#253 = CARTESIAN_POINT('',(-11.,33.000285837332,41.793462849642));
#254 = VECTOR('',#255,1.);
#255 = DIRECTION('',(-6.820496378701E-16,-0.573576436351,0.819152044289)
  );
#256 = PLANE('',#257);
#257 = AXIS2_PLACEMENT_3D('',#258,#259,#260);
#258 = CARTESIAN_POINT('',(4.835896262048E-14,32.711022221974,
    42.206574105338));
#259 = DIRECTION('',(-7.62096795597E-16,0.819152044289,0.573576436351));
#260 = DIRECTION('',(-5.183061347949E-16,-0.573576436351,0.819152044289)
  );
#261 = ADVANCED_FACE('',(#262),#289,.T.);
#262 = FACE_BOUND('',#263,.T.);
#263 = EDGE_LOOP('',(#264,#265,#274,#282));
#264 = ORIENTED_EDGE('',*,*,#234,.F.);
#265 = ORIENTED_EDGE('',*,*,#266,.T.);
#266 = EDGE_CURVE('',#235,#267,#269,.T.);
#267 = VERTEX_POINT('',#268);
#268 = CARTESIAN_POINT('',(-16.,33.772958160536,40.895795991432));
#269 = CIRCLE('',#270,0.5);
#270 = AXIS2_PLACEMENT_3D('',#271,#272,#273);
#271 = CARTESIAN_POINT('',(-16.,33.900750591237,41.379189304021));
#272 = DIRECTION('',(1.,4.903485025428E-16,1.073215590471E-15));
#273 = DIRECTION('',(-4.903485025428E-16,1.,-1.073215590471E-15));
#274 = ORIENTED_EDGE('',*,*,#275,.F.);
#275 = EDGE_CURVE('',#276,#267,#278,.T.);
#276 = VERTEX_POINT('',#277);
#277 = CARTESIAN_POINT('',(-11.,33.772958160536,40.895795991432));
#278 = LINE('',#279,#280);
#279 = CARTESIAN_POINT('',(3.732311573214E-14,33.772958160536,
    40.895795991432));
#280 = VECTOR('',#281,1.);
#281 = DIRECTION('',(-1.,7.401486830834E-16,1.572815951552E-16));
#282 = ORIENTED_EDGE('',*,*,#283,.F.);
#283 = EDGE_CURVE('',#237,#276,#284,.T.);
#284 = CIRCLE('',#285,0.5);
#285 = AXIS2_PLACEMENT_3D('',#286,#287,#288);
#286 = CARTESIAN_POINT('',(-11.,33.900750591237,41.379189304021));
#287 = DIRECTION('',(1.,4.903485025428E-16,1.073215590471E-15));
#288 = DIRECTION('',(-4.903485025428E-16,1.,-1.073215590471E-15));
#289 = CYLINDRICAL_SURFACE('',#290,0.5);
#290 = AXIS2_PLACEMENT_3D('',#291,#292,#293);
#291 = CARTESIAN_POINT('',(3.674166766571E-14,33.900750591237,
    41.379189304021));
#292 = DIRECTION('',(1.,-5.643633708511E-16,1.850371707709E-17));
#293 = DIRECTION('',(-4.903485025428E-16,1.,-1.073215590471E-15));
#294 = ADVANCED_FACE('',(#295),#340,.F.);
#295 = FACE_BOUND('',#296,.F.);
#296 = EDGE_LOOP('',(#297,#307,#316,#323,#324,#333));
#297 = ORIENTED_EDGE('',*,*,#298,.F.);
#298 = EDGE_CURVE('',#299,#301,#303,.T.);
#299 = VERTEX_POINT('',#300);
#300 = CARTESIAN_POINT('',(-16.,29.893363061889,38.179274258159));
#301 = VERTEX_POINT('',#302);
#302 = CARTESIAN_POINT('',(-11.,29.893363061889,38.179274258159));
#303 = LINE('',#304,#305);
#304 = CARTESIAN_POINT('',(4.071941855417E-14,29.893363061889,
    38.179274258159));
#305 = VECTOR('',#306,1.);
#306 = DIRECTION('',(1.,-7.401486830834E-16,-1.572815951552E-16));
#307 = ORIENTED_EDGE('',*,*,#308,.T.);
#308 = EDGE_CURVE('',#299,#309,#311,.T.);
#309 = VERTEX_POINT('',#310);
#310 = CARTESIAN_POINT('',(-16.,35.964893015224,38.737962030291));
#311 = CIRCLE('',#312,3.1);
#312 = AXIS2_PLACEMENT_3D('',#313,#314,#315);
#313 = CARTESIAN_POINT('',(-16.,32.980645090185,37.898757453383));
#314 = DIRECTION('',(1.,9.344377123928E-16,1.90588285894E-15));
#315 = DIRECTION('',(-1.415490136309E-15,0.96266062098,0.270711153841));
#316 = ORIENTED_EDGE('',*,*,#317,.T.);
#317 = EDGE_CURVE('',#309,#267,#318,.T.);
#318 = CIRCLE('',#319,3.1);
#319 = AXIS2_PLACEMENT_3D('',#320,#321,#322);
#320 = CARTESIAN_POINT('',(-16.,32.980645090185,37.898757453383));
#321 = DIRECTION('',(1.,9.344377123928E-16,1.90588285894E-15));
#322 = DIRECTION('',(-1.415490136309E-15,0.96266062098,0.270711153841));
#323 = ORIENTED_EDGE('',*,*,#275,.F.);
#324 = ORIENTED_EDGE('',*,*,#325,.F.);
#325 = EDGE_CURVE('',#326,#276,#328,.T.);
#326 = VERTEX_POINT('',#327);
#327 = CARTESIAN_POINT('',(-11.,35.964893015224,38.737962030291));
#328 = CIRCLE('',#329,3.1);
#329 = AXIS2_PLACEMENT_3D('',#330,#331,#332);
#330 = CARTESIAN_POINT('',(-11.,32.980645090185,37.898757453383));
#331 = DIRECTION('',(1.,5.828670879282E-16,1.554312234475E-15));
#332 = DIRECTION('',(-9.818728512384E-16,0.96266062098,0.270711153841));
#333 = ORIENTED_EDGE('',*,*,#334,.F.);
#334 = EDGE_CURVE('',#301,#326,#335,.T.);
#335 = CIRCLE('',#336,3.1);
#336 = AXIS2_PLACEMENT_3D('',#337,#338,#339);
#337 = CARTESIAN_POINT('',(-11.,32.980645090185,37.898757453383));
#338 = DIRECTION('',(1.,5.828670879282E-16,1.554312234475E-15));
#339 = DIRECTION('',(-9.818728512384E-16,0.96266062098,0.270711153841));
#340 = CYLINDRICAL_SURFACE('',#341,3.1);
#341 = AXIS2_PLACEMENT_3D('',#342,#343,#344);
#342 = CARTESIAN_POINT('',(2.445477253245E-14,32.980645090185,
    37.898757453383));
#343 = DIRECTION('',(1.,-8.234154099303E-16,1.480297366167E-16));
#344 = DIRECTION('',(-9.818728512384E-16,0.96266062098,0.270711153841));
#345 = ADVANCED_FACE('',(#346),#373,.T.);
#346 = FACE_BOUND('',#347,.T.);
#347 = EDGE_LOOP('',(#348,#349,#358,#366));
#348 = ORIENTED_EDGE('',*,*,#298,.F.);
#349 = ORIENTED_EDGE('',*,*,#350,.T.);
#350 = EDGE_CURVE('',#299,#351,#353,.T.);
#351 = VERTEX_POINT('',#352);
#352 = CARTESIAN_POINT('',(-16.,29.804990369793,38.511307122266));
#353 = CIRCLE('',#354,0.5);
#354 = AXIS2_PLACEMENT_3D('',#355,#356,#357);
#355 = CARTESIAN_POINT('',(-16.,29.395414347648,38.22451890409));
#356 = DIRECTION('',(1.,4.903485025428E-16,1.073215590471E-15));
#357 = DIRECTION('',(-4.903485025428E-16,1.,-1.073215590471E-15));
#358 = ORIENTED_EDGE('',*,*,#359,.F.);
#359 = EDGE_CURVE('',#360,#351,#362,.T.);
#360 = VERTEX_POINT('',#361);
#361 = CARTESIAN_POINT('',(-11.,29.804990369793,38.511307122266));
#362 = LINE('',#363,#364);
#363 = CARTESIAN_POINT('',(4.182787342616E-14,29.804990369793,
    38.511307122266));
#364 = VECTOR('',#365,1.);
#365 = DIRECTION('',(-1.,7.401486830834E-16,1.572815951552E-16));
#366 = ORIENTED_EDGE('',*,*,#367,.F.);
#367 = EDGE_CURVE('',#301,#360,#368,.T.);
#368 = CIRCLE('',#369,0.5);
#369 = AXIS2_PLACEMENT_3D('',#370,#371,#372);
#370 = CARTESIAN_POINT('',(-11.,29.395414347648,38.22451890409));
#371 = DIRECTION('',(1.,4.903485025428E-16,1.073215590471E-15));
#372 = DIRECTION('',(-4.903485025428E-16,1.,-1.073215590471E-15));
#373 = CYLINDRICAL_SURFACE('',#374,0.5);
#374 = AXIS2_PLACEMENT_3D('',#375,#376,#377);
#375 = CARTESIAN_POINT('',(4.233649400221E-14,29.395414347648,
    38.22451890409));
#376 = DIRECTION('',(1.,-5.643633708511E-16,1.850371707709E-17));
#377 = DIRECTION('',(-4.903485025428E-16,1.,-1.073215590471E-15));
#378 = ADVANCED_FACE('',(#379),#404,.F.);
#379 = FACE_BOUND('',#380,.F.);
#380 = EDGE_LOOP('',(#381,#391,#397,#398));
#381 = ORIENTED_EDGE('',*,*,#382,.F.);
#382 = EDGE_CURVE('',#383,#385,#387,.T.);
#383 = VERTEX_POINT('',#384);
#384 = CARTESIAN_POINT('',(-16.,28.244685675555,40.739653161251));
#385 = VERTEX_POINT('',#386);
#386 = CARTESIAN_POINT('',(-11.,28.244685675555,40.739653161251));
#387 = LINE('',#388,#389);
#388 = CARTESIAN_POINT('',(3.910053395699E-14,28.244685675555,
    40.739653161251));
#389 = VECTOR('',#390,1.);
#390 = DIRECTION('',(1.,-7.401486830834E-16,-1.572815951552E-16));
#391 = ORIENTED_EDGE('',*,*,#392,.F.);
#392 = EDGE_CURVE('',#351,#383,#393,.T.);
#393 = LINE('',#394,#395);
#394 = CARTESIAN_POINT('',(-16.,32.605533799378,34.511716605508));
#395 = VECTOR('',#396,1.);
#396 = DIRECTION('',(-1.362509561229E-15,-0.573576436351,0.819152044289)
  );
#397 = ORIENTED_EDGE('',*,*,#359,.F.);
#398 = ORIENTED_EDGE('',*,*,#399,.F.);
#399 = EDGE_CURVE('',#385,#360,#400,.T.);
#400 = LINE('',#401,#402);
#401 = CARTESIAN_POINT('',(-11.,29.314101638031,39.212368886063));
#402 = VECTOR('',#403,1.);
#403 = DIRECTION('',(6.8204963787E-16,0.573576436351,-0.819152044289));
#404 = PLANE('',#405);
#405 = AXIS2_PLACEMENT_3D('',#406,#407,#408);
#406 = CARTESIAN_POINT('',(4.619461110348E-14,29.024838022674,
    39.625480141758));
#407 = DIRECTION('',(7.722482045189E-16,-0.819152044289,-0.573576436351)
  );
#408 = DIRECTION('',(5.183061347949E-16,0.573576436351,-0.819152044289)
  );
#409 = ADVANCED_FACE('',(#410),#437,.T.);
#410 = FACE_BOUND('',#411,.T.);
#411 = EDGE_LOOP('',(#412,#413,#422,#430));
#412 = ORIENTED_EDGE('',*,*,#382,.F.);
#413 = ORIENTED_EDGE('',*,*,#414,.T.);
#414 = EDGE_CURVE('',#383,#415,#417,.T.);
#415 = VERTEX_POINT('',#416);
#416 = CARTESIAN_POINT('',(-16.,26.499681721447,40.543963270153));
#417 = CIRCLE('',#418,1.);
#418 = AXIS2_PLACEMENT_3D('',#419,#420,#421);
#419 = CARTESIAN_POINT('',(-16.,27.425533631266,40.1660767249));
#420 = DIRECTION('',(1.,4.903485025428E-16,1.073215590471E-15));
#421 = DIRECTION('',(-4.903485025428E-16,1.,-1.073215590471E-15));
#422 = ORIENTED_EDGE('',*,*,#423,.F.);
#423 = EDGE_CURVE('',#424,#415,#426,.T.);
#424 = VERTEX_POINT('',#425);
#425 = CARTESIAN_POINT('',(-11.,26.499681721447,40.543963270152));
#426 = LINE('',#427,#428);
#427 = CARTESIAN_POINT('',(4.126714830434E-14,26.499681721447,
    40.543963270153));
#428 = VECTOR('',#429,1.);
#429 = DIRECTION('',(-1.,7.401486830834E-16,1.572815951552E-16));
#430 = ORIENTED_EDGE('',*,*,#431,.F.);
#431 = EDGE_CURVE('',#385,#424,#432,.T.);
#432 = CIRCLE('',#433,1.);
#433 = AXIS2_PLACEMENT_3D('',#434,#435,#436);
#434 = CARTESIAN_POINT('',(-11.,27.425533631266,40.1660767249));
#435 = DIRECTION('',(1.,4.903485025428E-16,1.073215590471E-15));
#436 = DIRECTION('',(-4.903485025428E-16,1.,-1.073215590471E-15));
#437 = CYLINDRICAL_SURFACE('',#438,1.);
#438 = AXIS2_PLACEMENT_3D('',#439,#440,#441);
#439 = CARTESIAN_POINT('',(4.121871193858E-14,27.425533631266,
    40.1660767249));
#440 = DIRECTION('',(1.,-5.643633708511E-16,1.850371707709E-17));
#441 = DIRECTION('',(-4.903485025428E-16,1.,-1.073215590471E-15));
#442 = ADVANCED_FACE('',(#443),#470,.T.);
#443 = FACE_BOUND('',#444,.F.);
#444 = EDGE_LOOP('',(#445,#455,#462,#463));
#445 = ORIENTED_EDGE('',*,*,#446,.F.);
#446 = EDGE_CURVE('',#447,#449,#451,.T.);
#447 = VERTEX_POINT('',#448);
#448 = CARTESIAN_POINT('',(-16.,27.306578759763,33.799370758039));
#449 = VERTEX_POINT('',#450);
#450 = CARTESIAN_POINT('',(-11.,27.306578759763,33.799370758039));
#451 = LINE('',#452,#453);
#452 = CARTESIAN_POINT('',(-16.,27.306578759763,33.799370758039));
#453 = VECTOR('',#454,1.);
#454 = DIRECTION('',(1.,-1.961394010171E-15,-6.013708050053E-16));
#455 = ORIENTED_EDGE('',*,*,#456,.F.);
#456 = EDGE_CURVE('',#415,#447,#457,.T.);
#457 = CIRCLE('',#458,7.);
#458 = AXIS2_PLACEMENT_3D('',#459,#460,#461);
#459 = CARTESIAN_POINT('',(-16.,32.980645090185,37.898757453383));
#460 = DIRECTION('',(1.,1.7763568394E-15,3.330669073875E-15));
#461 = DIRECTION('',(-1.7763568394E-15,1.,-3.330669073875E-15));
#462 = ORIENTED_EDGE('',*,*,#423,.F.);
#463 = ORIENTED_EDGE('',*,*,#464,.F.);
#464 = EDGE_CURVE('',#449,#424,#465,.T.);
#465 = CIRCLE('',#466,7.);
#466 = AXIS2_PLACEMENT_3D('',#467,#468,#469);
#467 = CARTESIAN_POINT('',(-11.,32.980645090185,37.898757453383));
#468 = DIRECTION('',(-1.,-1.942890293094E-16,-1.748601263785E-15));
#469 = DIRECTION('',(-1.942890293094E-16,1.,-2.451742512714E-15));
#470 = CYLINDRICAL_SURFACE('',#471,7.);
#471 = AXIS2_PLACEMENT_3D('',#472,#473,#474);
#472 = CARTESIAN_POINT('',(-16.,32.980645090185,37.898757453383));
#473 = DIRECTION('',(-1.,1.915134717478E-15,3.608224830032E-16));
#474 = DIRECTION('',(-1.424786214936E-15,1.,-2.979098449411E-15));
#475 = ADVANCED_FACE('',(#476),#503,.F.);
#476 = FACE_BOUND('',#477,.T.);
#477 = EDGE_LOOP('',(#478,#487,#495,#502));
#478 = ORIENTED_EDGE('',*,*,#479,.F.);
#479 = EDGE_CURVE('',#480,#447,#482,.T.);
#480 = VERTEX_POINT('',#481);
#481 = CARTESIAN_POINT('',(-16.,27.019539284295,29.944813930137));
#482 = CIRCLE('',#483,3.);
#483 = AXIS2_PLACEMENT_3D('',#484,#485,#486);
#484 = CARTESIAN_POINT('',(-16.,24.874836046725,32.042490745748));
#485 = DIRECTION('',(1.,1.554312234475E-15,2.914335439641E-15));
#486 = DIRECTION('',(-1.554312234475E-15,1.,-2.914335439641E-15));
#487 = ORIENTED_EDGE('',*,*,#488,.T.);
#488 = EDGE_CURVE('',#480,#489,#491,.T.);
#489 = VERTEX_POINT('',#490);
#490 = CARTESIAN_POINT('',(-11.,27.019539284295,29.944813930137));
#491 = LINE('',#492,#493);
#492 = CARTESIAN_POINT('',(-16.,27.019539284296,29.944813930137));
#493 = VECTOR('',#494,1.);
#494 = DIRECTION('',(1.,-1.961394010171E-15,-6.013708050053E-16));
#495 = ORIENTED_EDGE('',*,*,#496,.F.);
#496 = EDGE_CURVE('',#449,#489,#497,.T.);
#497 = CIRCLE('',#498,3.);
#498 = AXIS2_PLACEMENT_3D('',#499,#500,#501);
#499 = CARTESIAN_POINT('',(-11.,24.874836046725,32.042490745748));
#500 = DIRECTION('',(-1.,-3.23815048849E-16,-1.683838254015E-15));
#501 = DIRECTION('',(-3.23815048849E-16,1.,-2.211194190712E-15));
#502 = ORIENTED_EDGE('',*,*,#446,.F.);
#503 = CYLINDRICAL_SURFACE('',#504,3.);
#504 = AXIS2_PLACEMENT_3D('',#505,#506,#507);
#505 = CARTESIAN_POINT('',(-16.,24.874836046725,32.042490745748));
#506 = DIRECTION('',(-1.,1.785608697939E-15,4.25585492773E-16));
#507 = DIRECTION('',(-1.378526922243E-15,1.,-2.738550127409E-15));
#508 = ADVANCED_FACE('',(#509),#566,.T.);
#509 = FACE_BOUND('',#510,.T.);
#510 = EDGE_LOOP('',(#511,#519,#527,#535,#543,#551,#559,#565));
#511 = ORIENTED_EDGE('',*,*,#512,.F.);
#512 = EDGE_CURVE('',#513,#480,#515,.T.);
#513 = VERTEX_POINT('',#514);
#514 = CARTESIAN_POINT('',(-16.,14.350989208097,16.992256052038));
#515 = LINE('',#516,#517);
#516 = CARTESIAN_POINT('',(-16.,14.350989208097,16.992256052038));
#517 = VECTOR('',#518,1.);
#518 = DIRECTION('',(-3.170276463748E-15,0.699225605204,0.71490107919));
#519 = ORIENTED_EDGE('',*,*,#520,.T.);
#520 = EDGE_CURVE('',#513,#521,#523,.T.);
#521 = VERTEX_POINT('',#522);
#522 = CARTESIAN_POINT('',(16.,14.350989208097,16.992256052038));
#523 = LINE('',#524,#525);
#524 = CARTESIAN_POINT('',(-16.,14.350989208097,16.992256052038));
#525 = VECTOR('',#526,1.);
#526 = DIRECTION('',(1.,-1.434038073474E-15,-7.401486830834E-17));
#527 = ORIENTED_EDGE('',*,*,#528,.T.);
#528 = EDGE_CURVE('',#521,#529,#531,.T.);
#529 = VERTEX_POINT('',#530);
#530 = CARTESIAN_POINT('',(16.,27.019539284295,29.944813930137));
#531 = LINE('',#532,#533);
#532 = CARTESIAN_POINT('',(16.,14.350989208097,16.992256052038));
#533 = VECTOR('',#534,1.);
#534 = DIRECTION('',(-3.170276463748E-15,0.699225605204,0.71490107919));
#535 = ORIENTED_EDGE('',*,*,#536,.F.);
#536 = EDGE_CURVE('',#537,#529,#539,.T.);
#537 = VERTEX_POINT('',#538);
#538 = CARTESIAN_POINT('',(11.,27.019539284295,29.944813930137));
#539 = LINE('',#540,#541);
#540 = CARTESIAN_POINT('',(-16.,27.019539284296,29.944813930137));
#541 = VECTOR('',#542,1.);
#542 = DIRECTION('',(1.,-1.961394010171E-15,-6.013708050053E-16));
#543 = ORIENTED_EDGE('',*,*,#544,.F.);
#544 = EDGE_CURVE('',#545,#537,#547,.T.);
#545 = VERTEX_POINT('',#546);
#546 = CARTESIAN_POINT('',(11.,24.224082633382,27.086687795031));
#547 = LINE('',#548,#549);
#548 = CARTESIAN_POINT('',(11.,26.802750551308,29.723165154669));
#549 = VECTOR('',#550,1.);
#550 = DIRECTION('',(-1.314421149209E-15,0.699225605204,0.71490107919));
#551 = ORIENTED_EDGE('',*,*,#552,.T.);
#552 = EDGE_CURVE('',#545,#553,#555,.T.);
#553 = VERTEX_POINT('',#554);
#554 = CARTESIAN_POINT('',(-11.,24.224082633382,27.086687795031));
#555 = LINE('',#556,#557);
#556 = CARTESIAN_POINT('',(11.,24.224082633382,27.086687795031));
#557 = VECTOR('',#558,1.);
#558 = DIRECTION('',(-1.,1.045460014855E-15,2.683038976177E-16));
#559 = ORIENTED_EDGE('',*,*,#560,.T.);
#560 = EDGE_CURVE('',#553,#489,#561,.T.);
#561 = LINE('',#562,#563);
#562 = CARTESIAN_POINT('',(-11.,26.802750551308,29.723165154669));
#563 = VECTOR('',#564,1.);
#564 = DIRECTION('',(-1.314421149209E-15,0.699225605204,0.71490107919));
#565 = ORIENTED_EDGE('',*,*,#488,.F.);
#566 = PLANE('',#567);
#567 = AXIS2_PLACEMENT_3D('',#568,#569,#570);
#568 = CARTESIAN_POINT('',(4.174100151441E-14,20.481737324302,
    23.260445334439));
#569 = DIRECTION('',(-9.111141193024E-16,-0.71490107919,0.699225605204)
  );
#570 = DIRECTION('',(1.43805987688E-15,-0.699225605204,-0.71490107919));
#571 = ADVANCED_FACE('',(#572),#599,.T.);
#572 = FACE_BOUND('',#573,.F.);
#573 = EDGE_LOOP('',(#574,#575,#584,#592));
#574 = ORIENTED_EDGE('',*,*,#520,.T.);
#575 = ORIENTED_EDGE('',*,*,#576,.T.);
#576 = EDGE_CURVE('',#521,#577,#579,.T.);
#577 = VERTEX_POINT('',#578);
#578 = CARTESIAN_POINT('',(16.,13.377671379323,15.833333333333));
#579 = CIRCLE('',#580,10.);
#580 = AXIS2_PLACEMENT_3D('',#581,#582,#583);
#581 = CARTESIAN_POINT('',(16.,21.5,10.));
#582 = DIRECTION('',(1.,1.7763568394E-15,3.330669073875E-15));
#583 = DIRECTION('',(-1.7763568394E-15,1.,-3.330669073875E-15));
#584 = ORIENTED_EDGE('',*,*,#585,.F.);
#585 = EDGE_CURVE('',#586,#577,#588,.T.);
#586 = VERTEX_POINT('',#587);
#587 = CARTESIAN_POINT('',(-16.,13.377671379323,15.833333333333));
#588 = LINE('',#589,#590);
#589 = CARTESIAN_POINT('',(-16.,13.377671379323,15.833333333333));
#590 = VECTOR('',#591,1.);
#591 = DIRECTION('',(1.,-1.656082678399E-15,-4.903485025428E-16));
#592 = ORIENTED_EDGE('',*,*,#593,.F.);
#593 = EDGE_CURVE('',#513,#586,#594,.T.);
#594 = CIRCLE('',#595,10.);
#595 = AXIS2_PLACEMENT_3D('',#596,#597,#598);
#596 = CARTESIAN_POINT('',(-16.,21.5,10.));
#597 = DIRECTION('',(1.,1.7763568394E-15,3.330669073875E-15));
#598 = DIRECTION('',(-1.7763568394E-15,1.,-3.330669073875E-15));
#599 = CYLINDRICAL_SURFACE('',#600,10.);
#600 = AXIS2_PLACEMENT_3D('',#601,#602,#603);
#601 = CARTESIAN_POINT('',(-16.,21.5,10.));
#602 = DIRECTION('',(-1.,2.090920029711E-15,5.366077952355E-16));
#603 = DIRECTION('',(-1.600571527168E-15,1.,-3.154883761643E-15));
#604 = ADVANCED_FACE('',(#605),#632,.F.);
#605 = FACE_BOUND('',#606,.T.);
#606 = EDGE_LOOP('',(#607,#617,#624,#625));
#607 = ORIENTED_EDGE('',*,*,#608,.T.);
#608 = EDGE_CURVE('',#609,#611,#613,.T.);
#609 = VERTEX_POINT('',#610);
#610 = CARTESIAN_POINT('',(-16.,11.753205655188,15.));
#611 = VERTEX_POINT('',#612);
#612 = CARTESIAN_POINT('',(16.,11.753205655188,15.));
#613 = LINE('',#614,#615);
#614 = CARTESIAN_POINT('',(-16.,11.753205655189,15.));
#615 = VECTOR('',#616,1.);
#616 = DIRECTION('',(1.,-1.656082678399E-15,-4.903485025428E-16));
#617 = ORIENTED_EDGE('',*,*,#618,.T.);
#618 = EDGE_CURVE('',#611,#577,#619,.T.);
#619 = CIRCLE('',#620,2.);
#620 = AXIS2_PLACEMENT_3D('',#621,#622,#623);
#621 = CARTESIAN_POINT('',(16.,11.753205655188,17.));
#622 = DIRECTION('',(1.,1.33226762955E-15,2.498001805407E-15));
#623 = DIRECTION('',(-1.33226762955E-15,1.,-2.498001805407E-15));
#624 = ORIENTED_EDGE('',*,*,#585,.F.);
#625 = ORIENTED_EDGE('',*,*,#626,.F.);
#626 = EDGE_CURVE('',#609,#586,#627,.T.);
#627 = CIRCLE('',#628,2.);
#628 = AXIS2_PLACEMENT_3D('',#629,#630,#631);
#629 = CARTESIAN_POINT('',(-16.,11.753205655188,17.));
#630 = DIRECTION('',(1.,1.33226762955E-15,2.498001805407E-15));
#631 = DIRECTION('',(-1.33226762955E-15,1.,-2.498001805407E-15));
#632 = CYLINDRICAL_SURFACE('',#633,2.);
#633 = AXIS2_PLACEMENT_3D('',#634,#635,#636);
#634 = CARTESIAN_POINT('',(-16.,11.753205655189,17.));
#635 = DIRECTION('',(-1.,1.480297366167E-15,3.145631903105E-16));
#636 = DIRECTION('',(-1.156482317318E-15,1.,-2.322216493174E-15));
#637 = ADVANCED_FACE('',(#638),#665,.F.);
#638 = FACE_BOUND('',#639,.T.);
#639 = EDGE_LOOP('',(#640,#649,#650,#659));
#640 = ORIENTED_EDGE('',*,*,#641,.T.);
#641 = EDGE_CURVE('',#642,#537,#644,.T.);
#642 = VERTEX_POINT('',#643);
#643 = CARTESIAN_POINT('',(11.,27.306578759763,33.799370758039));
#644 = CIRCLE('',#645,3.);
#645 = AXIS2_PLACEMENT_3D('',#646,#647,#648);
#646 = CARTESIAN_POINT('',(11.,24.874836046725,32.042490745748));
#647 = DIRECTION('',(-1.,-3.23815048849E-16,-1.683838254015E-15));
#648 = DIRECTION('',(-3.23815048849E-16,1.,-2.211194190712E-15));
#649 = ORIENTED_EDGE('',*,*,#536,.T.);
#650 = ORIENTED_EDGE('',*,*,#651,.T.);
#651 = EDGE_CURVE('',#529,#652,#654,.T.);
#652 = VERTEX_POINT('',#653);
#653 = CARTESIAN_POINT('',(16.,27.306578759763,33.799370758039));
#654 = CIRCLE('',#655,3.);
#655 = AXIS2_PLACEMENT_3D('',#656,#657,#658);
#656 = CARTESIAN_POINT('',(16.,24.874836046725,32.042490745748));
#657 = DIRECTION('',(1.,1.554312234475E-15,2.914335439641E-15));
#658 = DIRECTION('',(-1.554312234475E-15,1.,-2.914335439641E-15));
#659 = ORIENTED_EDGE('',*,*,#660,.F.);
#660 = EDGE_CURVE('',#642,#652,#661,.T.);
#661 = LINE('',#662,#663);
#662 = CARTESIAN_POINT('',(-16.,27.306578759763,33.799370758039));
#663 = VECTOR('',#664,1.);
#664 = DIRECTION('',(1.,-1.961394010171E-15,-6.013708050053E-16));
#665 = CYLINDRICAL_SURFACE('',#666,3.);
#666 = AXIS2_PLACEMENT_3D('',#667,#668,#669);
#667 = CARTESIAN_POINT('',(-16.,24.874836046725,32.042490745748));
#668 = DIRECTION('',(-1.,1.785608697939E-15,4.25585492773E-16));
#669 = DIRECTION('',(-1.378526922243E-15,1.,-2.738550127409E-15));
#670 = ADVANCED_FACE('',(#671),#698,.T.);
#671 = FACE_BOUND('',#672,.F.);
#672 = EDGE_LOOP('',(#673,#674,#683,#691));
#673 = ORIENTED_EDGE('',*,*,#660,.F.);
#674 = ORIENTED_EDGE('',*,*,#675,.T.);
#675 = EDGE_CURVE('',#642,#676,#678,.T.);
#676 = VERTEX_POINT('',#677);
#677 = CARTESIAN_POINT('',(11.,26.499681721447,40.543963270152));
#678 = CIRCLE('',#679,7.);
#679 = AXIS2_PLACEMENT_3D('',#680,#681,#682);
#680 = CARTESIAN_POINT('',(11.,32.980645090185,37.898757453383));
#681 = DIRECTION('',(-1.,-1.942890293094E-16,-1.748601263785E-15));
#682 = DIRECTION('',(-1.942890293094E-16,1.,-2.451742512714E-15));
#683 = ORIENTED_EDGE('',*,*,#684,.F.);
#684 = EDGE_CURVE('',#685,#676,#687,.T.);
#685 = VERTEX_POINT('',#686);
#686 = CARTESIAN_POINT('',(16.,26.499681721447,40.543963270153));
#687 = LINE('',#688,#689);
#688 = CARTESIAN_POINT('',(4.126714830434E-14,26.499681721447,
    40.543963270153));
#689 = VECTOR('',#690,1.);
#690 = DIRECTION('',(-1.,7.401486830834E-16,1.572815951552E-16));
#691 = ORIENTED_EDGE('',*,*,#692,.T.);
#692 = EDGE_CURVE('',#685,#652,#693,.T.);
#693 = CIRCLE('',#694,7.);
#694 = AXIS2_PLACEMENT_3D('',#695,#696,#697);
#695 = CARTESIAN_POINT('',(16.,32.980645090185,37.898757453383));
#696 = DIRECTION('',(1.,1.7763568394E-15,3.330669073875E-15));
#697 = DIRECTION('',(-1.7763568394E-15,1.,-3.330669073875E-15));
#698 = CYLINDRICAL_SURFACE('',#699,7.);
#699 = AXIS2_PLACEMENT_3D('',#700,#701,#702);
#700 = CARTESIAN_POINT('',(-16.,32.980645090185,37.898757453383));
#701 = DIRECTION('',(-1.,1.915134717478E-15,3.608224830032E-16));
#702 = DIRECTION('',(-1.424786214936E-15,1.,-2.979098449411E-15));
#703 = ADVANCED_FACE('',(#704),#731,.T.);
#704 = FACE_BOUND('',#705,.T.);
#705 = EDGE_LOOP('',(#706,#716,#723,#724));
#706 = ORIENTED_EDGE('',*,*,#707,.F.);
#707 = EDGE_CURVE('',#708,#710,#712,.T.);
#708 = VERTEX_POINT('',#709);
#709 = CARTESIAN_POINT('',(11.,28.244685675555,40.739653161251));
#710 = VERTEX_POINT('',#711);
#711 = CARTESIAN_POINT('',(16.,28.244685675555,40.739653161251));
#712 = LINE('',#713,#714);
#713 = CARTESIAN_POINT('',(3.910053395699E-14,28.244685675555,
    40.739653161251));
#714 = VECTOR('',#715,1.);
#715 = DIRECTION('',(1.,-7.401486830834E-16,-1.572815951552E-16));
#716 = ORIENTED_EDGE('',*,*,#717,.T.);
#717 = EDGE_CURVE('',#708,#676,#718,.T.);
#718 = CIRCLE('',#719,1.);
#719 = AXIS2_PLACEMENT_3D('',#720,#721,#722);
#720 = CARTESIAN_POINT('',(11.,27.425533631266,40.1660767249));
#721 = DIRECTION('',(1.,4.903485025428E-16,1.073215590471E-15));
#722 = DIRECTION('',(-4.903485025428E-16,1.,-1.073215590471E-15));
#723 = ORIENTED_EDGE('',*,*,#684,.F.);
#724 = ORIENTED_EDGE('',*,*,#725,.F.);
#725 = EDGE_CURVE('',#710,#685,#726,.T.);
#726 = CIRCLE('',#727,1.);
#727 = AXIS2_PLACEMENT_3D('',#728,#729,#730);
#728 = CARTESIAN_POINT('',(16.,27.425533631266,40.1660767249));
#729 = DIRECTION('',(1.,4.903485025428E-16,1.073215590471E-15));
#730 = DIRECTION('',(-4.903485025428E-16,1.,-1.073215590471E-15));
#731 = CYLINDRICAL_SURFACE('',#732,1.);
#732 = AXIS2_PLACEMENT_3D('',#733,#734,#735);
#733 = CARTESIAN_POINT('',(4.121871193858E-14,27.425533631266,
    40.1660767249));
#734 = DIRECTION('',(1.,-5.643633708511E-16,1.850371707709E-17));
#735 = DIRECTION('',(-4.903485025428E-16,1.,-1.073215590471E-15));
#736 = ADVANCED_FACE('',(#737),#762,.F.);
#737 = FACE_BOUND('',#738,.F.);
#738 = EDGE_LOOP('',(#739,#740,#748,#756));
#739 = ORIENTED_EDGE('',*,*,#707,.F.);
#740 = ORIENTED_EDGE('',*,*,#741,.T.);
#741 = EDGE_CURVE('',#708,#742,#744,.T.);
#742 = VERTEX_POINT('',#743);
#743 = CARTESIAN_POINT('',(11.,29.804990369793,38.511307122266));
#744 = LINE('',#745,#746);
#745 = CARTESIAN_POINT('',(11.,29.314101638031,39.212368886063));
#746 = VECTOR('',#747,1.);
#747 = DIRECTION('',(6.8204963787E-16,0.573576436351,-0.819152044289));
#748 = ORIENTED_EDGE('',*,*,#749,.F.);
#749 = EDGE_CURVE('',#750,#742,#752,.T.);
#750 = VERTEX_POINT('',#751);
#751 = CARTESIAN_POINT('',(16.,29.804990369793,38.511307122266));
#752 = LINE('',#753,#754);
#753 = CARTESIAN_POINT('',(4.182787342616E-14,29.804990369793,
    38.511307122266));
#754 = VECTOR('',#755,1.);
#755 = DIRECTION('',(-1.,7.401486830834E-16,1.572815951552E-16));
#756 = ORIENTED_EDGE('',*,*,#757,.F.);
#757 = EDGE_CURVE('',#710,#750,#758,.T.);
#758 = LINE('',#759,#760);
#759 = CARTESIAN_POINT('',(16.,32.605533799378,34.511716605508));
#760 = VECTOR('',#761,1.);
#761 = DIRECTION('',(1.163860201696E-15,0.573576436351,-0.819152044289)
  );
#762 = PLANE('',#763);
#763 = AXIS2_PLACEMENT_3D('',#764,#765,#766);
#764 = CARTESIAN_POINT('',(4.619461110348E-14,29.024838022674,
    39.625480141758));
#765 = DIRECTION('',(7.722482045189E-16,-0.819152044289,-0.573576436351)
  );
#766 = DIRECTION('',(5.183061347949E-16,0.573576436351,-0.819152044289)
  );
#767 = ADVANCED_FACE('',(#768),#795,.T.);
#768 = FACE_BOUND('',#769,.T.);
#769 = EDGE_LOOP('',(#770,#780,#787,#788));
#770 = ORIENTED_EDGE('',*,*,#771,.F.);
#771 = EDGE_CURVE('',#772,#774,#776,.T.);
#772 = VERTEX_POINT('',#773);
#773 = CARTESIAN_POINT('',(11.,29.893363061889,38.179274258159));
#774 = VERTEX_POINT('',#775);
#775 = CARTESIAN_POINT('',(16.,29.893363061889,38.179274258159));
#776 = LINE('',#777,#778);
#777 = CARTESIAN_POINT('',(4.071941855417E-14,29.893363061889,
    38.179274258159));
#778 = VECTOR('',#779,1.);
#779 = DIRECTION('',(1.,-7.401486830834E-16,-1.572815951552E-16));
#780 = ORIENTED_EDGE('',*,*,#781,.T.);
#781 = EDGE_CURVE('',#772,#742,#782,.T.);
#782 = CIRCLE('',#783,0.5);
#783 = AXIS2_PLACEMENT_3D('',#784,#785,#786);
#784 = CARTESIAN_POINT('',(11.,29.395414347648,38.22451890409));
#785 = DIRECTION('',(1.,4.903485025428E-16,1.073215590471E-15));
#786 = DIRECTION('',(-4.903485025428E-16,1.,-1.073215590471E-15));
#787 = ORIENTED_EDGE('',*,*,#749,.F.);
#788 = ORIENTED_EDGE('',*,*,#789,.F.);
#789 = EDGE_CURVE('',#774,#750,#790,.T.);
#790 = CIRCLE('',#791,0.5);
#791 = AXIS2_PLACEMENT_3D('',#792,#793,#794);
#792 = CARTESIAN_POINT('',(16.,29.395414347648,38.22451890409));
#793 = DIRECTION('',(1.,4.903485025428E-16,1.073215590471E-15));
#794 = DIRECTION('',(-4.903485025428E-16,1.,-1.073215590471E-15));
#795 = CYLINDRICAL_SURFACE('',#796,0.5);
#796 = AXIS2_PLACEMENT_3D('',#797,#798,#799);
#797 = CARTESIAN_POINT('',(4.233649400221E-14,29.395414347648,
    38.22451890409));
#798 = DIRECTION('',(1.,-5.643633708511E-16,1.850371707709E-17));
#799 = DIRECTION('',(-4.903485025428E-16,1.,-1.073215590471E-15));
#800 = ADVANCED_FACE('',(#801),#846,.F.);
#801 = FACE_BOUND('',#802,.F.);
#802 = EDGE_LOOP('',(#803,#813,#822,#829,#830,#839));
#803 = ORIENTED_EDGE('',*,*,#804,.F.);
#804 = EDGE_CURVE('',#805,#807,#809,.T.);
#805 = VERTEX_POINT('',#806);
#806 = CARTESIAN_POINT('',(16.,33.772958160536,40.895795991432));
#807 = VERTEX_POINT('',#808);
#808 = CARTESIAN_POINT('',(11.,33.772958160536,40.895795991432));
#809 = LINE('',#810,#811);
#810 = CARTESIAN_POINT('',(3.732311573214E-14,33.772958160536,
    40.895795991432));
#811 = VECTOR('',#812,1.);
#812 = DIRECTION('',(-1.,7.401486830834E-16,1.572815951552E-16));
#813 = ORIENTED_EDGE('',*,*,#814,.F.);
#814 = EDGE_CURVE('',#815,#805,#817,.T.);
#815 = VERTEX_POINT('',#816);
#816 = CARTESIAN_POINT('',(16.,35.964893015224,38.737962030291));
#817 = CIRCLE('',#818,3.1);
#818 = AXIS2_PLACEMENT_3D('',#819,#820,#821);
#819 = CARTESIAN_POINT('',(16.,32.980645090185,37.898757453383));
#820 = DIRECTION('',(1.,9.344377123928E-16,1.90588285894E-15));
#821 = DIRECTION('',(-1.415490136309E-15,0.96266062098,0.270711153841));
#822 = ORIENTED_EDGE('',*,*,#823,.F.);
#823 = EDGE_CURVE('',#774,#815,#824,.T.);
#824 = CIRCLE('',#825,3.1);
#825 = AXIS2_PLACEMENT_3D('',#826,#827,#828);
#826 = CARTESIAN_POINT('',(16.,32.980645090185,37.898757453383));
#827 = DIRECTION('',(1.,9.344377123928E-16,1.90588285894E-15));
#828 = DIRECTION('',(-1.415490136309E-15,0.96266062098,0.270711153841));
#829 = ORIENTED_EDGE('',*,*,#771,.F.);
#830 = ORIENTED_EDGE('',*,*,#831,.T.);
#831 = EDGE_CURVE('',#772,#832,#834,.T.);
#832 = VERTEX_POINT('',#833);
#833 = CARTESIAN_POINT('',(11.,35.964893015224,38.737962030291));
#834 = CIRCLE('',#835,3.1);
#835 = AXIS2_PLACEMENT_3D('',#836,#837,#838);
#836 = CARTESIAN_POINT('',(11.,32.980645090185,37.898757453383));
#837 = DIRECTION('',(1.,5.828670879282E-16,1.554312234475E-15));
#838 = DIRECTION('',(-9.818728512384E-16,0.96266062098,0.270711153841));
#839 = ORIENTED_EDGE('',*,*,#840,.T.);
#840 = EDGE_CURVE('',#832,#807,#841,.T.);
#841 = CIRCLE('',#842,3.1);
#842 = AXIS2_PLACEMENT_3D('',#843,#844,#845);
#843 = CARTESIAN_POINT('',(11.,32.980645090185,37.898757453383));
#844 = DIRECTION('',(1.,5.828670879282E-16,1.554312234475E-15));
#845 = DIRECTION('',(-9.818728512384E-16,0.96266062098,0.270711153841));
#846 = CYLINDRICAL_SURFACE('',#847,3.1);
#847 = AXIS2_PLACEMENT_3D('',#848,#849,#850);
#848 = CARTESIAN_POINT('',(2.445477253245E-14,32.980645090185,
    37.898757453383));
#849 = DIRECTION('',(1.,-8.234154099303E-16,1.480297366167E-16));
#850 = DIRECTION('',(-9.818728512384E-16,0.96266062098,0.270711153841));
#851 = ADVANCED_FACE('',(#852),#879,.T.);
#852 = FACE_BOUND('',#853,.T.);
#853 = EDGE_LOOP('',(#854,#864,#871,#872));
#854 = ORIENTED_EDGE('',*,*,#855,.F.);
#855 = EDGE_CURVE('',#856,#858,#860,.T.);
#856 = VERTEX_POINT('',#857);
#857 = CARTESIAN_POINT('',(11.,33.491174569093,41.092401085845));
#858 = VERTEX_POINT('',#859);
#859 = CARTESIAN_POINT('',(16.,33.491174569093,41.092401085845));
#860 = LINE('',#861,#862);
#861 = CARTESIAN_POINT('',(3.811787859693E-14,33.491174569093,
    41.092401085845));
#862 = VECTOR('',#863,1.);
#863 = DIRECTION('',(1.,-7.401486830834E-16,-1.572815951552E-16));
#864 = ORIENTED_EDGE('',*,*,#865,.T.);
#865 = EDGE_CURVE('',#856,#807,#866,.T.);
#866 = CIRCLE('',#867,0.5);
#867 = AXIS2_PLACEMENT_3D('',#868,#869,#870);
#868 = CARTESIAN_POINT('',(11.,33.900750591237,41.379189304021));
#869 = DIRECTION('',(1.,4.903485025428E-16,1.073215590471E-15));
#870 = DIRECTION('',(-4.903485025428E-16,1.,-1.073215590471E-15));
#871 = ORIENTED_EDGE('',*,*,#804,.F.);
#872 = ORIENTED_EDGE('',*,*,#873,.F.);
#873 = EDGE_CURVE('',#858,#805,#874,.T.);
#874 = CIRCLE('',#875,0.5);
#875 = AXIS2_PLACEMENT_3D('',#876,#877,#878);
#876 = CARTESIAN_POINT('',(16.,33.900750591237,41.379189304021));
#877 = DIRECTION('',(1.,4.903485025428E-16,1.073215590471E-15));
#878 = DIRECTION('',(-4.903485025428E-16,1.,-1.073215590471E-15));
#879 = CYLINDRICAL_SURFACE('',#880,0.5);
#880 = AXIS2_PLACEMENT_3D('',#881,#882,#883);
#881 = CARTESIAN_POINT('',(3.674166766571E-14,33.900750591237,
    41.379189304021));
#882 = DIRECTION('',(1.,-5.643633708511E-16,1.850371707709E-17));
#883 = DIRECTION('',(-4.903485025428E-16,1.,-1.073215590471E-15));
#884 = ADVANCED_FACE('',(#885),#910,.F.);
#885 = FACE_BOUND('',#886,.F.);
#886 = EDGE_LOOP('',(#887,#888,#896,#904));
#887 = ORIENTED_EDGE('',*,*,#855,.F.);
#888 = ORIENTED_EDGE('',*,*,#889,.T.);
#889 = EDGE_CURVE('',#856,#890,#892,.T.);
#890 = VERTEX_POINT('',#891);
#891 = CARTESIAN_POINT('',(11.,31.930869874856,43.32074712483));
#892 = LINE('',#893,#894);
#893 = CARTESIAN_POINT('',(11.,33.000285837332,41.793462849642));
#894 = VECTOR('',#895,1.);
#895 = DIRECTION('',(-6.820496378701E-16,-0.573576436351,0.819152044289)
  );
#896 = ORIENTED_EDGE('',*,*,#897,.F.);
#897 = EDGE_CURVE('',#898,#890,#900,.T.);
#898 = VERTEX_POINT('',#899);
#899 = CARTESIAN_POINT('',(16.,31.930869874856,43.32074712483));
#900 = LINE('',#901,#902);
#901 = CARTESIAN_POINT('',(3.562388560208E-14,31.930869874856,
    43.32074712483));
#902 = VECTOR('',#903,1.);
#903 = DIRECTION('',(-1.,7.401486830834E-16,1.572815951552E-16));
#904 = ORIENTED_EDGE('',*,*,#905,.F.);
#905 = EDGE_CURVE('',#858,#898,#906,.T.);
#906 = LINE('',#907,#908);
#907 = CARTESIAN_POINT('',(16.,36.291717998679,37.092810569088));
#908 = VECTOR('',#909,1.);
#909 = DIRECTION('',(-1.163860201696E-15,-0.573576436351,0.819152044289)
  );
#910 = PLANE('',#911);
#911 = AXIS2_PLACEMENT_3D('',#912,#913,#914);
#912 = CARTESIAN_POINT('',(4.835896262048E-14,32.711022221974,
    42.206574105338));
#913 = DIRECTION('',(-7.62096795597E-16,0.819152044289,0.573576436351));
#914 = DIRECTION('',(-5.183061347949E-16,-0.573576436351,0.819152044289)
  );
#915 = ADVANCED_FACE('',(#916),#943,.T.);
#916 = FACE_BOUND('',#917,.T.);
#917 = EDGE_LOOP('',(#918,#928,#935,#936));
#918 = ORIENTED_EDGE('',*,*,#919,.F.);
#919 = EDGE_CURVE('',#920,#922,#924,.T.);
#920 = VERTEX_POINT('',#921);
#921 = CARTESIAN_POINT('',(11.,32.711584723972,44.893584579148));
#922 = VERTEX_POINT('',#923);
#923 = CARTESIAN_POINT('',(16.,32.711584723972,44.893584579148));
#924 = LINE('',#925,#926);
#925 = CARTESIAN_POINT('',(3.54829634886E-14,32.711584723971,
    44.893584579148));
#926 = VECTOR('',#927,1.);
#927 = DIRECTION('',(1.,-7.401486830834E-16,-1.572815951552E-16));
#928 = ORIENTED_EDGE('',*,*,#929,.T.);
#929 = EDGE_CURVE('',#920,#890,#930,.T.);
#930 = CIRCLE('',#931,1.);
#931 = AXIS2_PLACEMENT_3D('',#932,#933,#934);
#932 = CARTESIAN_POINT('',(11.,32.750021919145,43.894323561181));
#933 = DIRECTION('',(1.,4.903485025428E-16,1.073215590471E-15));
#934 = DIRECTION('',(-4.903485025428E-16,1.,-1.073215590471E-15));
#935 = ORIENTED_EDGE('',*,*,#897,.F.);
#936 = ORIENTED_EDGE('',*,*,#937,.F.);
#937 = EDGE_CURVE('',#922,#898,#938,.T.);
#938 = CIRCLE('',#939,1.);
#939 = AXIS2_PLACEMENT_3D('',#940,#941,#942);
#940 = CARTESIAN_POINT('',(16.,32.750021919145,43.894323561181));
#941 = DIRECTION('',(1.,4.903485025428E-16,1.073215590471E-15));
#942 = DIRECTION('',(-4.903485025428E-16,1.,-1.073215590471E-15));
#943 = CYLINDRICAL_SURFACE('',#944,1.);
#944 = AXIS2_PLACEMENT_3D('',#945,#946,#947);
#945 = CARTESIAN_POINT('',(3.460664444999E-14,32.750021919145,
    43.894323561181));
#946 = DIRECTION('',(1.,-5.643633708511E-16,1.850371707709E-17));
#947 = DIRECTION('',(-4.903485025428E-16,1.,-1.073215590471E-15));
#948 = ADVANCED_FACE('',(#949),#976,.T.);
#949 = FACE_BOUND('',#950,.F.);
#950 = EDGE_LOOP('',(#951,#952,#959,#960,#969));
#951 = ORIENTED_EDGE('',*,*,#919,.F.);
#952 = ORIENTED_EDGE('',*,*,#953,.T.);
#953 = EDGE_CURVE('',#920,#129,#954,.T.);
#954 = CIRCLE('',#955,7.);
#955 = AXIS2_PLACEMENT_3D('',#956,#957,#958);
#956 = CARTESIAN_POINT('',(11.,32.980645090185,37.898757453383));
#957 = DIRECTION('',(-1.,-1.942890293094E-16,-1.748601263785E-15));
#958 = DIRECTION('',(-1.942890293094E-16,1.,-2.451742512714E-15));
#959 = ORIENTED_EDGE('',*,*,#136,.T.);
#960 = ORIENTED_EDGE('',*,*,#961,.T.);
#961 = EDGE_CURVE('',#137,#962,#964,.T.);
#962 = VERTEX_POINT('',#963);
#963 = CARTESIAN_POINT('',(16.,39.980645090185,37.898757453383));
#964 = CIRCLE('',#965,7.);
#965 = AXIS2_PLACEMENT_3D('',#966,#967,#968);
#966 = CARTESIAN_POINT('',(16.,32.980645090185,37.898757453383));
#967 = DIRECTION('',(1.,1.7763568394E-15,3.330669073875E-15));
#968 = DIRECTION('',(-1.7763568394E-15,1.,-3.330669073875E-15));
#969 = ORIENTED_EDGE('',*,*,#970,.T.);
#970 = EDGE_CURVE('',#962,#922,#971,.T.);
#971 = CIRCLE('',#972,7.);
#972 = AXIS2_PLACEMENT_3D('',#973,#974,#975);
#973 = CARTESIAN_POINT('',(16.,32.980645090185,37.898757453383));
#974 = DIRECTION('',(1.,1.7763568394E-15,3.330669073875E-15));
#975 = DIRECTION('',(-1.7763568394E-15,1.,-3.330669073875E-15));
#976 = CYLINDRICAL_SURFACE('',#977,7.);
#977 = AXIS2_PLACEMENT_3D('',#978,#979,#980);
#978 = CARTESIAN_POINT('',(-16.,32.980645090185,37.898757453383));
#979 = DIRECTION('',(-1.,1.915134717478E-15,3.608224830032E-16));
#980 = DIRECTION('',(-1.424786214936E-15,1.,-2.979098449411E-15));
#981 = ADVANCED_FACE('',(#982),#1022,.F.);
#982 = FACE_BOUND('',#983,.F.);
#983 = EDGE_LOOP('',(#984,#993,#1002,#1009,#1010,#1011,#1012,#1013,#1014
    ,#1015,#1016,#1017,#1018,#1019,#1020,#1021));
#984 = ORIENTED_EDGE('',*,*,#985,.F.);
#985 = EDGE_CURVE('',#986,#545,#988,.T.);
#986 = VERTEX_POINT('',#987);
#987 = CARTESIAN_POINT('',(11.,25.489156195896,27.222513229341));
#988 = CIRCLE('',#989,1.);
#989 = AXIS2_PLACEMENT_3D('',#990,#991,#992);
#990 = CARTESIAN_POINT('',(11.,24.938983712572,26.387462189828));
#991 = DIRECTION('',(1.,8.881784197001E-16,1.665334536938E-15));
#992 = DIRECTION('',(-8.881784197001E-16,1.,-1.665334536938E-15));
#993 = ORIENTED_EDGE('',*,*,#994,.T.);
#994 = EDGE_CURVE('',#986,#995,#997,.T.);
#995 = VERTEX_POINT('',#996);
#996 = CARTESIAN_POINT('',(11.,34.944045062088,24.79654076845));
#997 = CIRCLE('',#998,15.);
#998 = AXIS2_PLACEMENT_3D('',#999,#1000,#1001);
#999 = CARTESIAN_POINT('',(11.,33.74174344576,39.748278822046));
#1000 = DIRECTION('',(1.,8.881784197001E-16,1.665334536938E-15));
#1001 = DIRECTION('',(-8.881784197001E-16,1.,-1.665334536938E-15));
#1002 = ORIENTED_EDGE('',*,*,#1003,.F.);
#1003 = EDGE_CURVE('',#121,#995,#1004,.T.);
#1004 = CIRCLE('',#1005,1.);
#1005 = AXIS2_PLACEMENT_3D('',#1006,#1007,#1008);
#1006 = CARTESIAN_POINT('',(11.,35.024198503177,23.799758231543));
#1007 = DIRECTION('',(1.,8.881784197001E-16,1.665334536938E-15));
#1008 = DIRECTION('',(-8.881784197001E-16,1.,-1.665334536938E-15));
#1009 = ORIENTED_EDGE('',*,*,#128,.F.);
#1010 = ORIENTED_EDGE('',*,*,#953,.F.);
#1011 = ORIENTED_EDGE('',*,*,#929,.T.);
#1012 = ORIENTED_EDGE('',*,*,#889,.F.);
#1013 = ORIENTED_EDGE('',*,*,#865,.T.);
#1014 = ORIENTED_EDGE('',*,*,#840,.F.);
#1015 = ORIENTED_EDGE('',*,*,#831,.F.);
#1016 = ORIENTED_EDGE('',*,*,#781,.T.);
#1017 = ORIENTED_EDGE('',*,*,#741,.F.);
#1018 = ORIENTED_EDGE('',*,*,#717,.T.);
#1019 = ORIENTED_EDGE('',*,*,#675,.F.);
#1020 = ORIENTED_EDGE('',*,*,#641,.T.);
#1021 = ORIENTED_EDGE('',*,*,#544,.F.);
#1022 = PLANE('',#1023);
#1023 = AXIS2_PLACEMENT_3D('',#1024,#1025,#1026);
#1024 = CARTESIAN_POINT('',(11.,37.405602541168,44.262442994171));
#1025 = DIRECTION('',(1.,-1.221245327088E-15,-4.440892098501E-16));
#1026 = DIRECTION('',(-1.665334536938E-15,-4.440892098501E-16,1.));
#1027 = ADVANCED_FACE('',(#1028),#1047,.T.);
#1028 = FACE_BOUND('',#1029,.T.);
#1029 = EDGE_LOOP('',(#1030,#1031,#1040,#1046));
#1030 = ORIENTED_EDGE('',*,*,#120,.T.);
#1031 = ORIENTED_EDGE('',*,*,#1032,.T.);
#1032 = EDGE_CURVE('',#113,#1033,#1035,.T.);
#1033 = VERTEX_POINT('',#1034);
#1034 = CARTESIAN_POINT('',(-11.,34.944045062088,24.79654076845));
#1035 = CIRCLE('',#1036,1.);
#1036 = AXIS2_PLACEMENT_3D('',#1037,#1038,#1039);
#1037 = CARTESIAN_POINT('',(-11.,35.024198503177,23.799758231543));
#1038 = DIRECTION('',(1.,8.881784197001E-16,1.665334536938E-15));
#1039 = DIRECTION('',(-8.881784197001E-16,1.,-1.665334536938E-15));
#1040 = ORIENTED_EDGE('',*,*,#1041,.F.);
#1041 = EDGE_CURVE('',#995,#1033,#1042,.T.);
#1042 = LINE('',#1043,#1044);
#1043 = CARTESIAN_POINT('',(11.,34.944045062088,24.79654076845));
#1044 = VECTOR('',#1045,1.);
#1045 = DIRECTION('',(-1.,1.045460014855E-15,2.683038976177E-16));
#1046 = ORIENTED_EDGE('',*,*,#1003,.F.);
#1047 = CYLINDRICAL_SURFACE('',#1048,1.);
#1048 = AXIS2_PLACEMENT_3D('',#1049,#1050,#1051);
#1049 = CARTESIAN_POINT('',(11.,35.024198503177,23.799758231543));
#1050 = DIRECTION('',(1.,-8.69674702623E-16,-9.251858538543E-17));
#1051 = DIRECTION('',(-7.123931074678E-16,1.,-1.489549224705E-15));
#1052 = ADVANCED_FACE('',(#1053),#1085,.T.);
#1053 = FACE_BOUND('',#1054,.T.);
#1054 = EDGE_LOOP('',(#1055,#1064,#1071,#1072,#1073,#1074,#1075,#1076,
    #1077,#1078,#1079,#1080,#1081,#1082,#1083,#1084));
#1055 = ORIENTED_EDGE('',*,*,#1056,.F.);
#1056 = EDGE_CURVE('',#1057,#553,#1059,.T.);
#1057 = VERTEX_POINT('',#1058);
#1058 = CARTESIAN_POINT('',(-11.,25.489156195896,27.222513229341));
#1059 = CIRCLE('',#1060,1.);
#1060 = AXIS2_PLACEMENT_3D('',#1061,#1062,#1063);
#1061 = CARTESIAN_POINT('',(-11.,24.938983712572,26.387462189828));
#1062 = DIRECTION('',(1.,8.881784197001E-16,1.665334536938E-15));
#1063 = DIRECTION('',(-8.881784197001E-16,1.,-1.665334536938E-15));
#1064 = ORIENTED_EDGE('',*,*,#1065,.T.);
#1065 = EDGE_CURVE('',#1057,#1033,#1066,.T.);
#1066 = CIRCLE('',#1067,15.);
#1067 = AXIS2_PLACEMENT_3D('',#1068,#1069,#1070);
#1068 = CARTESIAN_POINT('',(-11.,33.74174344576,39.748278822046));
#1069 = DIRECTION('',(1.,8.881784197001E-16,1.665334536938E-15));
#1070 = DIRECTION('',(-8.881784197001E-16,1.,-1.665334536938E-15));
#1071 = ORIENTED_EDGE('',*,*,#1032,.F.);
#1072 = ORIENTED_EDGE('',*,*,#112,.F.);
#1073 = ORIENTED_EDGE('',*,*,#186,.F.);
#1074 = ORIENTED_EDGE('',*,*,#219,.T.);
#1075 = ORIENTED_EDGE('',*,*,#251,.F.);
#1076 = ORIENTED_EDGE('',*,*,#283,.T.);
#1077 = ORIENTED_EDGE('',*,*,#325,.F.);
#1078 = ORIENTED_EDGE('',*,*,#334,.F.);
#1079 = ORIENTED_EDGE('',*,*,#367,.T.);
#1080 = ORIENTED_EDGE('',*,*,#399,.F.);
#1081 = ORIENTED_EDGE('',*,*,#431,.T.);
#1082 = ORIENTED_EDGE('',*,*,#464,.F.);
#1083 = ORIENTED_EDGE('',*,*,#496,.T.);
#1084 = ORIENTED_EDGE('',*,*,#560,.F.);
#1085 = PLANE('',#1086);
#1086 = AXIS2_PLACEMENT_3D('',#1087,#1088,#1089);
#1087 = CARTESIAN_POINT('',(-11.,37.405602541168,44.262442994171));
#1088 = DIRECTION('',(1.,-1.221245327088E-15,-4.440892098501E-16));
#1089 = DIRECTION('',(-1.665334536938E-15,-4.440892098501E-16,1.));
#1090 = ADVANCED_FACE('',(#1091),#1102,.T.);
#1091 = FACE_BOUND('',#1092,.T.);
#1092 = EDGE_LOOP('',(#1093,#1099,#1100,#1101));
#1093 = ORIENTED_EDGE('',*,*,#1094,.T.);
#1094 = EDGE_CURVE('',#986,#1057,#1095,.T.);
#1095 = LINE('',#1096,#1097);
#1096 = CARTESIAN_POINT('',(11.,25.489156195896,27.222513229341));
#1097 = VECTOR('',#1098,1.);
#1098 = DIRECTION('',(-1.,1.045460014855E-15,2.683038976177E-16));
#1099 = ORIENTED_EDGE('',*,*,#1056,.T.);
#1100 = ORIENTED_EDGE('',*,*,#552,.F.);
#1101 = ORIENTED_EDGE('',*,*,#985,.F.);
#1102 = CYLINDRICAL_SURFACE('',#1103,1.);
#1103 = AXIS2_PLACEMENT_3D('',#1104,#1105,#1106);
#1104 = CARTESIAN_POINT('',(11.,24.938983712572,26.387462189828));
#1105 = DIRECTION('',(1.,-8.69674702623E-16,-9.251858538543E-17));
#1106 = DIRECTION('',(-7.123931074678E-16,1.,-1.489549224705E-15));
#1107 = ADVANCED_FACE('',(#1108),#1114,.F.);
#1108 = FACE_BOUND('',#1109,.F.);
#1109 = EDGE_LOOP('',(#1110,#1111,#1112,#1113));
#1110 = ORIENTED_EDGE('',*,*,#1094,.T.);
#1111 = ORIENTED_EDGE('',*,*,#1065,.T.);
#1112 = ORIENTED_EDGE('',*,*,#1041,.F.);
#1113 = ORIENTED_EDGE('',*,*,#994,.F.);
#1114 = CYLINDRICAL_SURFACE('',#1115,15.);
#1115 = AXIS2_PLACEMENT_3D('',#1116,#1117,#1118);
#1116 = CARTESIAN_POINT('',(11.,33.741743445759,39.748278822046));
#1117 = DIRECTION('',(1.,-8.69674702623E-16,-9.251858538543E-17));
#1118 = DIRECTION('',(-7.123931074678E-16,1.,-1.489549224705E-15));
#1119 = ADVANCED_FACE('',(#1120),#1145,.T.);
#1120 = FACE_BOUND('',#1121,.T.);
#1121 = EDGE_LOOP('',(#1122,#1123,#1131,#1139));
#1122 = ORIENTED_EDGE('',*,*,#40,.T.);
#1123 = ORIENTED_EDGE('',*,*,#1124,.F.);
#1124 = EDGE_CURVE('',#1125,#32,#1127,.T.);
#1125 = VERTEX_POINT('',#1126);
#1126 = CARTESIAN_POINT('',(16.,-11.75320565518,5.));
#1127 = LINE('',#1128,#1129);
#1128 = CARTESIAN_POINT('',(16.,-1.,5.));
#1129 = VECTOR('',#1130,1.);
#1130 = DIRECTION('',(-4.163336342344E-16,1.,-2.164934898019E-15));
#1131 = ORIENTED_EDGE('',*,*,#1132,.F.);
#1132 = EDGE_CURVE('',#1133,#1125,#1135,.T.);
#1133 = VERTEX_POINT('',#1134);
#1134 = CARTESIAN_POINT('',(-16.,-11.75320565518,5.));
#1135 = LINE('',#1136,#1137);
#1136 = CARTESIAN_POINT('',(-16.,-11.75320565518,5.));
#1137 = VECTOR('',#1138,1.);
#1138 = DIRECTION('',(1.,-8.326672684689E-17,-5.273559366969E-16));
#1139 = ORIENTED_EDGE('',*,*,#1140,.F.);
#1140 = EDGE_CURVE('',#41,#1133,#1141,.T.);
#1141 = LINE('',#1142,#1143);
#1142 = CARTESIAN_POINT('',(-16.,1.,5.));
#1143 = VECTOR('',#1144,1.);
#1144 = DIRECTION('',(2.683038976177E-16,-1.,2.127927463865E-16));
#1145 = PLANE('',#1146);
#1146 = AXIS2_PLACEMENT_3D('',#1147,#1148,#1149);
#1147 = CARTESIAN_POINT('',(8.465234524265E-14,-2.859360886918E-14,5.));
#1148 = DIRECTION('',(1.110223024625E-16,-9.552948748094E-16,-1.));
#1149 = DIRECTION('',(-9.373308488791E-32,-1.,9.552948748094E-16));
#1150 = ADVANCED_FACE('',(#1151),#1178,.F.);
#1151 = FACE_BOUND('',#1152,.F.);
#1152 = EDGE_LOOP('',(#1153,#1163,#1170,#1171));
#1153 = ORIENTED_EDGE('',*,*,#1154,.T.);
#1154 = EDGE_CURVE('',#1155,#1157,#1159,.T.);
#1155 = VERTEX_POINT('',#1156);
#1156 = CARTESIAN_POINT('',(-16.,-13.37767137932,4.166666666667));
#1157 = VERTEX_POINT('',#1158);
#1158 = CARTESIAN_POINT('',(16.,-13.37767137932,4.166666666667));
#1159 = LINE('',#1160,#1161);
#1160 = CARTESIAN_POINT('',(-16.,-13.37767137932,4.166666666667));
#1161 = VECTOR('',#1162,1.);
#1162 = DIRECTION('',(1.,-8.326672684689E-17,-5.273559366969E-16));
#1163 = ORIENTED_EDGE('',*,*,#1164,.T.);
#1164 = EDGE_CURVE('',#1157,#1125,#1165,.T.);
#1165 = CIRCLE('',#1166,2.);
#1166 = AXIS2_PLACEMENT_3D('',#1167,#1168,#1169);
#1167 = CARTESIAN_POINT('',(16.,-11.75320565518,3.));
#1168 = DIRECTION('',(-1.,-6.198745220824E-16,-8.789265611616E-16));
#1169 = DIRECTION('',(6.198745220824E-16,-1.,5.643633708511E-16));
#1170 = ORIENTED_EDGE('',*,*,#1132,.F.);
#1171 = ORIENTED_EDGE('',*,*,#1172,.F.);
#1172 = EDGE_CURVE('',#1155,#1133,#1173,.T.);
#1173 = CIRCLE('',#1174,2.);
#1174 = AXIS2_PLACEMENT_3D('',#1175,#1176,#1177);
#1175 = CARTESIAN_POINT('',(-16.,-11.75320565518,3.));
#1176 = DIRECTION('',(-1.,-6.198745220824E-16,-8.789265611616E-16));
#1177 = DIRECTION('',(6.198745220824E-16,-1.,5.643633708511E-16));
#1178 = CYLINDRICAL_SURFACE('',#1179,2.);
#1179 = AXIS2_PLACEMENT_3D('',#1180,#1181,#1182);
#1180 = CARTESIAN_POINT('',(-16.,-11.75320565518,3.));
#1181 = DIRECTION('',(-1.,2.590520390792E-16,3.515706244646E-16));
#1182 = DIRECTION('',(2.683038976177E-16,-1.,2.127927463865E-16));
#1183 = ADVANCED_FACE('',(#1184),#1211,.T.);
#1184 = FACE_BOUND('',#1185,.T.);
#1185 = EDGE_LOOP('',(#1186,#1196,#1203,#1204));
#1186 = ORIENTED_EDGE('',*,*,#1187,.F.);
#1187 = EDGE_CURVE('',#1188,#1190,#1192,.T.);
#1188 = VERTEX_POINT('',#1189);
#1189 = CARTESIAN_POINT('',(-16.,-31.08019279596,7.132962157196));
#1190 = VERTEX_POINT('',#1191);
#1191 = CARTESIAN_POINT('',(16.,-31.08019279596,7.132962157196));
#1192 = LINE('',#1193,#1194);
#1193 = CARTESIAN_POINT('',(-16.,-31.08019279596,7.132962157196));
#1194 = VECTOR('',#1195,1.);
#1195 = DIRECTION('',(1.,-8.326672684689E-17,-5.273559366969E-16));
#1196 = ORIENTED_EDGE('',*,*,#1197,.F.);
#1197 = EDGE_CURVE('',#1155,#1188,#1198,.T.);
#1198 = CIRCLE('',#1199,10.);
#1199 = AXIS2_PLACEMENT_3D('',#1200,#1201,#1202);
#1200 = CARTESIAN_POINT('',(-16.,-21.5,10.));
#1201 = DIRECTION('',(-1.,-6.198745220824E-16,-8.789265611616E-16));
#1202 = DIRECTION('',(6.198745220824E-16,-1.,5.643633708511E-16));
#1203 = ORIENTED_EDGE('',*,*,#1154,.T.);
#1204 = ORIENTED_EDGE('',*,*,#1205,.T.);
#1205 = EDGE_CURVE('',#1157,#1190,#1206,.T.);
#1206 = CIRCLE('',#1207,10.);
#1207 = AXIS2_PLACEMENT_3D('',#1208,#1209,#1210);
#1208 = CARTESIAN_POINT('',(16.,-21.5,10.));
#1209 = DIRECTION('',(-1.,-6.198745220824E-16,-8.789265611616E-16));
#1210 = DIRECTION('',(6.198745220824E-16,-1.,5.643633708511E-16));
#1211 = CYLINDRICAL_SURFACE('',#1212,10.);
#1212 = AXIS2_PLACEMENT_3D('',#1213,#1214,#1215);
#1213 = CARTESIAN_POINT('',(-16.,-21.5,10.));
#1214 = DIRECTION('',(-1.,2.590520390792E-16,3.515706244646E-16));
#1215 = DIRECTION('',(2.683038976177E-16,-1.,2.127927463865E-16));
#1216 = ADVANCED_FACE('',(#1217),#1274,.T.);
#1217 = FACE_BOUND('',#1218,.F.);
#1218 = EDGE_LOOP('',(#1219,#1227,#1235,#1243,#1251,#1259,#1267,#1273));
#1219 = ORIENTED_EDGE('',*,*,#1220,.F.);
#1220 = EDGE_CURVE('',#1221,#1188,#1223,.T.);
#1221 = VERTEX_POINT('',#1222);
#1222 = CARTESIAN_POINT('',(-16.,-39.68678004736,35.89183096342));
#1223 = LINE('',#1224,#1225);
#1224 = CARTESIAN_POINT('',(-16.,-39.68678004736,35.89183096342));
#1225 = VECTOR('',#1226,1.);
#1226 = DIRECTION('',(6.643082196825E-16,0.28670378428,-0.958019279597)
  );
#1227 = ORIENTED_EDGE('',*,*,#1228,.T.);
#1228 = EDGE_CURVE('',#1221,#1229,#1231,.T.);
#1229 = VERTEX_POINT('',#1230);
#1230 = CARTESIAN_POINT('',(-11.,-39.68678004736,35.89183096342));
#1231 = LINE('',#1232,#1233);
#1232 = CARTESIAN_POINT('',(-16.,-39.68678004736,35.89183096342));
#1233 = VECTOR('',#1234,1.);
#1234 = DIRECTION('',(1.,-8.326672684689E-17,-5.273559366969E-16));
#1235 = ORIENTED_EDGE('',*,*,#1236,.F.);
#1236 = EDGE_CURVE('',#1237,#1229,#1239,.T.);
#1237 = VERTEX_POINT('',#1238);
#1238 = CARTESIAN_POINT('',(-11.,-35.98221778277,23.513054447263));
#1239 = LINE('',#1240,#1241);
#1240 = CARTESIAN_POINT('',(-11.,-40.74259332243,39.419825809085));
#1241 = VECTOR('',#1242,1.);
#1242 = DIRECTION('',(4.813442688739E-16,-0.28670378428,0.958019279597)
  );
#1243 = ORIENTED_EDGE('',*,*,#1244,.F.);
#1244 = EDGE_CURVE('',#1245,#1237,#1247,.T.);
#1245 = VERTEX_POINT('',#1246);
#1246 = CARTESIAN_POINT('',(11.,-35.98221778277,23.513054447263));
#1247 = LINE('',#1248,#1249);
#1248 = CARTESIAN_POINT('',(11.,-35.98221778277,23.513054447263));
#1249 = VECTOR('',#1250,1.);
#1250 = DIRECTION('',(-1.,8.326672684689E-17,5.273559366969E-16));
#1251 = ORIENTED_EDGE('',*,*,#1252,.T.);
#1252 = EDGE_CURVE('',#1245,#1253,#1255,.T.);
#1253 = VERTEX_POINT('',#1254);
#1254 = CARTESIAN_POINT('',(11.,-39.68678004736,35.89183096342));
#1255 = LINE('',#1256,#1257);
#1256 = CARTESIAN_POINT('',(11.,-40.74259332243,39.419825809085));
#1257 = VECTOR('',#1258,1.);
#1258 = DIRECTION('',(4.813442688739E-16,-0.28670378428,0.958019279597)
  );
#1259 = ORIENTED_EDGE('',*,*,#1260,.T.);
#1260 = EDGE_CURVE('',#1253,#1261,#1263,.T.);
#1261 = VERTEX_POINT('',#1262);
#1262 = CARTESIAN_POINT('',(16.,-39.68678004736,35.89183096342));
#1263 = LINE('',#1264,#1265);
#1264 = CARTESIAN_POINT('',(-16.,-39.68678004736,35.89183096342));
#1265 = VECTOR('',#1266,1.);
#1266 = DIRECTION('',(1.,-8.326672684689E-17,-5.273559366969E-16));
#1267 = ORIENTED_EDGE('',*,*,#1268,.T.);
#1268 = EDGE_CURVE('',#1261,#1190,#1269,.T.);
#1269 = LINE('',#1270,#1271);
#1270 = CARTESIAN_POINT('',(16.,-39.68678004736,35.89183096342));
#1271 = VECTOR('',#1272,1.);
#1272 = DIRECTION('',(6.643082196825E-16,0.28670378428,-0.958019279597)
  );
#1273 = ORIENTED_EDGE('',*,*,#1187,.F.);
#1274 = PLANE('',#1275);
#1275 = AXIS2_PLACEMENT_3D('',#1276,#1277,#1278);
#1276 = CARTESIAN_POINT('',(-16.,-39.68678004736,35.89183096342));
#1277 = DIRECTION('',(5.262426533731E-16,-0.958019279597,-0.28670378428)
  );
#1278 = DIRECTION('',(-4.282934117813E-16,-0.28670378428,0.958019279597)
  );
#1279 = ADVANCED_FACE('',(#1280),#1422,.F.);
#1280 = FACE_BOUND('',#1281,.T.);
#1281 = EDGE_LOOP('',(#1282,#1293,#1302,#1309,#1310,#1319,#1328,#1337,
    #1345,#1354,#1363,#1372,#1381,#1389,#1398,#1407,#1416));
#1282 = ORIENTED_EDGE('',*,*,#1283,.F.);
#1283 = EDGE_CURVE('',#1284,#1286,#1288,.T.);
#1284 = VERTEX_POINT('',#1285);
#1285 = CARTESIAN_POINT('',(11.,-25.48915619589,27.222513229341));
#1286 = VERTEX_POINT('',#1287);
#1287 = CARTESIAN_POINT('',(11.,-24.22408263338,27.086687795031));
#1288 = CIRCLE('',#1289,1.);
#1289 = AXIS2_PLACEMENT_3D('',#1290,#1291,#1292);
#1290 = CARTESIAN_POINT('',(11.,-24.93898371257,26.387462189828));
#1291 = DIRECTION('',(-1.,-6.198745220824E-16,-8.789265611616E-16));
#1292 = DIRECTION('',(6.198745220824E-16,-1.,5.643633708511E-16));
#1293 = ORIENTED_EDGE('',*,*,#1294,.T.);
#1294 = EDGE_CURVE('',#1284,#1295,#1297,.T.);
#1295 = VERTEX_POINT('',#1296);
#1296 = CARTESIAN_POINT('',(11.,-34.94404506208,24.79654076845));
#1297 = CIRCLE('',#1298,15.);
#1298 = AXIS2_PLACEMENT_3D('',#1299,#1300,#1301);
#1299 = CARTESIAN_POINT('',(11.,-33.74174344576,39.748278822046));
#1300 = DIRECTION('',(-1.,-6.198745220824E-16,-8.789265611616E-16));
#1301 = DIRECTION('',(6.198745220824E-16,-1.,5.643633708511E-16));
#1302 = ORIENTED_EDGE('',*,*,#1303,.F.);
#1303 = EDGE_CURVE('',#1245,#1295,#1304,.T.);
#1304 = CIRCLE('',#1305,1.);
#1305 = AXIS2_PLACEMENT_3D('',#1306,#1307,#1308);
#1306 = CARTESIAN_POINT('',(11.,-35.02419850317,23.799758231543));
#1307 = DIRECTION('',(-1.,-6.198745220824E-16,-8.789265611616E-16));
#1308 = DIRECTION('',(6.198745220824E-16,-1.,5.643633708511E-16));
#1309 = ORIENTED_EDGE('',*,*,#1252,.T.);
#1310 = ORIENTED_EDGE('',*,*,#1311,.T.);
#1311 = EDGE_CURVE('',#1253,#1312,#1314,.T.);
#1312 = VERTEX_POINT('',#1313);
#1313 = CARTESIAN_POINT('',(11.,-39.98064509018,37.898757453383));
#1314 = CIRCLE('',#1315,7.);
#1315 = AXIS2_PLACEMENT_3D('',#1316,#1317,#1318);
#1316 = CARTESIAN_POINT('',(11.,-32.98064509018,37.898757453383));
#1317 = DIRECTION('',(-1.,8.326672684689E-17,1.757853122323E-16));
#1318 = DIRECTION('',(-8.326672684689E-17,-1.,3.700743415417E-17));
#1319 = ORIENTED_EDGE('',*,*,#1320,.T.);
#1320 = EDGE_CURVE('',#1312,#1321,#1323,.T.);
#1321 = VERTEX_POINT('',#1322);
#1322 = CARTESIAN_POINT('',(11.,-32.71158472397,44.893584579148));
#1323 = CIRCLE('',#1324,7.);
#1324 = AXIS2_PLACEMENT_3D('',#1325,#1326,#1327);
#1325 = CARTESIAN_POINT('',(11.,-32.98064509018,37.898757453383));
#1326 = DIRECTION('',(-1.,8.326672684689E-17,1.757853122323E-16));
#1327 = DIRECTION('',(-8.326672684689E-17,-1.,3.700743415417E-17));
#1328 = ORIENTED_EDGE('',*,*,#1329,.F.);
#1329 = EDGE_CURVE('',#1330,#1321,#1332,.T.);
#1330 = VERTEX_POINT('',#1331);
#1331 = CARTESIAN_POINT('',(11.,-31.93086987485,43.32074712483));
#1332 = CIRCLE('',#1333,1.);
#1333 = AXIS2_PLACEMENT_3D('',#1334,#1335,#1336);
#1334 = CARTESIAN_POINT('',(11.,-32.75002191914,43.894323561181));
#1335 = DIRECTION('',(1.,-8.326672684689E-17,-1.757853122323E-16));
#1336 = DIRECTION('',(-8.326672684689E-17,-1.,3.700743415417E-17));
#1337 = ORIENTED_EDGE('',*,*,#1338,.T.);
#1338 = EDGE_CURVE('',#1330,#1339,#1341,.T.);
#1339 = VERTEX_POINT('',#1340);
#1340 = CARTESIAN_POINT('',(11.,-33.49117456909,41.092401085845));
#1341 = LINE('',#1342,#1343);
#1342 = CARTESIAN_POINT('',(11.,-33.00028583733,41.793462849642));
#1343 = VECTOR('',#1344,1.);
#1344 = DIRECTION('',(-4.797445260647E-16,-0.573576436351,
    -0.819152044289));
#1345 = ORIENTED_EDGE('',*,*,#1346,.F.);
#1346 = EDGE_CURVE('',#1347,#1339,#1349,.T.);
#1347 = VERTEX_POINT('',#1348);
#1348 = CARTESIAN_POINT('',(11.,-33.77295816053,40.895795991432));
#1349 = CIRCLE('',#1350,0.5);
#1350 = AXIS2_PLACEMENT_3D('',#1351,#1352,#1353);
#1351 = CARTESIAN_POINT('',(11.,-33.90075059123,41.379189304021));
#1352 = DIRECTION('',(1.,-8.326672684689E-17,-1.757853122323E-16));
#1353 = DIRECTION('',(-8.326672684689E-17,-1.,3.700743415417E-17));
#1354 = ORIENTED_EDGE('',*,*,#1355,.T.);
#1355 = EDGE_CURVE('',#1347,#1356,#1358,.T.);
#1356 = VERTEX_POINT('',#1357);
#1357 = CARTESIAN_POINT('',(11.,-35.96489301522,38.737962030291));
#1358 = CIRCLE('',#1359,3.1);
#1359 = AXIS2_PLACEMENT_3D('',#1360,#1361,#1362);
#1360 = CARTESIAN_POINT('',(11.,-32.98064509018,37.898757453383));
#1361 = DIRECTION('',(1.,-8.326672684689E-17,-1.757853122323E-16));
#1362 = DIRECTION('',(-3.257055427063E-17,-0.96266062098,0.270711153841)
  );
#1363 = ORIENTED_EDGE('',*,*,#1364,.T.);
#1364 = EDGE_CURVE('',#1356,#1365,#1367,.T.);
#1365 = VERTEX_POINT('',#1366);
#1366 = CARTESIAN_POINT('',(11.,-29.89336306188,38.179274258159));
#1367 = CIRCLE('',#1368,3.1);
#1368 = AXIS2_PLACEMENT_3D('',#1369,#1370,#1371);
#1369 = CARTESIAN_POINT('',(11.,-32.98064509018,37.898757453383));
#1370 = DIRECTION('',(1.,-8.326672684689E-17,-1.757853122323E-16));
#1371 = DIRECTION('',(-3.257055427063E-17,-0.96266062098,0.270711153841)
  );
#1372 = ORIENTED_EDGE('',*,*,#1373,.F.);
#1373 = EDGE_CURVE('',#1374,#1365,#1376,.T.);
#1374 = VERTEX_POINT('',#1375);
#1375 = CARTESIAN_POINT('',(11.,-29.80499036979,38.511307122266));
#1376 = CIRCLE('',#1377,0.5);
#1377 = AXIS2_PLACEMENT_3D('',#1378,#1379,#1380);
#1378 = CARTESIAN_POINT('',(11.,-29.39541434764,38.22451890409));
#1379 = DIRECTION('',(1.,-8.326672684689E-17,-1.757853122323E-16));
#1380 = DIRECTION('',(-8.326672684689E-17,-1.,3.700743415417E-17));
#1381 = ORIENTED_EDGE('',*,*,#1382,.T.);
#1382 = EDGE_CURVE('',#1374,#1383,#1385,.T.);
#1383 = VERTEX_POINT('',#1384);
#1384 = CARTESIAN_POINT('',(11.,-28.24468567555,40.739653161251));
#1385 = LINE('',#1386,#1387);
#1386 = CARTESIAN_POINT('',(11.,-29.31410163803,39.212368886063));
#1387 = VECTOR('',#1388,1.);
#1388 = DIRECTION('',(4.797445260647E-16,0.573576436351,0.819152044289)
  );
#1389 = ORIENTED_EDGE('',*,*,#1390,.F.);
#1390 = EDGE_CURVE('',#1391,#1383,#1393,.T.);
#1391 = VERTEX_POINT('',#1392);
#1392 = CARTESIAN_POINT('',(11.,-26.49968172144,40.543963270153));
#1393 = CIRCLE('',#1394,1.);
#1394 = AXIS2_PLACEMENT_3D('',#1395,#1396,#1397);
#1395 = CARTESIAN_POINT('',(11.,-27.42553363126,40.1660767249));
#1396 = DIRECTION('',(1.,-8.326672684689E-17,-1.757853122323E-16));
#1397 = DIRECTION('',(-8.326672684689E-17,-1.,3.700743415417E-17));
#1398 = ORIENTED_EDGE('',*,*,#1399,.T.);
#1399 = EDGE_CURVE('',#1391,#1400,#1402,.T.);
#1400 = VERTEX_POINT('',#1401);
#1401 = CARTESIAN_POINT('',(11.,-27.30657875976,33.799370758039));
#1402 = CIRCLE('',#1403,7.);
#1403 = AXIS2_PLACEMENT_3D('',#1404,#1405,#1406);
#1404 = CARTESIAN_POINT('',(11.,-32.98064509018,37.898757453383));
#1405 = DIRECTION('',(-1.,8.326672684689E-17,1.757853122323E-16));
#1406 = DIRECTION('',(-8.326672684689E-17,-1.,3.700743415417E-17));
#1407 = ORIENTED_EDGE('',*,*,#1408,.F.);
#1408 = EDGE_CURVE('',#1409,#1400,#1411,.T.);
#1409 = VERTEX_POINT('',#1410);
#1410 = CARTESIAN_POINT('',(11.,-27.01953928429,29.944813930137));
#1411 = CIRCLE('',#1412,3.);
#1412 = AXIS2_PLACEMENT_3D('',#1413,#1414,#1415);
#1413 = CARTESIAN_POINT('',(11.,-24.87483604672,32.042490745748));
#1414 = DIRECTION('',(-1.,8.326672684689E-17,1.757853122323E-16));
#1415 = DIRECTION('',(-8.326672684689E-17,-1.,3.700743415417E-17));
#1416 = ORIENTED_EDGE('',*,*,#1417,.T.);
#1417 = EDGE_CURVE('',#1409,#1286,#1418,.T.);
#1418 = LINE('',#1419,#1420);
#1419 = CARTESIAN_POINT('',(11.,-26.8027505513,29.723165154669));
#1420 = VECTOR('',#1421,1.);
#1421 = DIRECTION('',(-3.187851007892E-16,0.699225605204,-0.71490107919)
  );
#1422 = PLANE('',#1423);
#1423 = AXIS2_PLACEMENT_3D('',#1424,#1425,#1426);
#1424 = CARTESIAN_POINT('',(11.,-37.40560254116,44.262442994171));
#1425 = DIRECTION('',(1.,-4.348373513115E-16,-8.789265611616E-16));
#1426 = DIRECTION('',(8.789265611616E-16,4.903485025428E-16,-1.));
#1427 = ADVANCED_FACE('',(#1428),#1447,.T.);
#1428 = FACE_BOUND('',#1429,.F.);
#1429 = EDGE_LOOP('',(#1430,#1431,#1440,#1446));
#1430 = ORIENTED_EDGE('',*,*,#1244,.T.);
#1431 = ORIENTED_EDGE('',*,*,#1432,.T.);
#1432 = EDGE_CURVE('',#1237,#1433,#1435,.T.);
#1433 = VERTEX_POINT('',#1434);
#1434 = CARTESIAN_POINT('',(-11.,-34.94404506208,24.79654076845));
#1435 = CIRCLE('',#1436,1.);
#1436 = AXIS2_PLACEMENT_3D('',#1437,#1438,#1439);
#1437 = CARTESIAN_POINT('',(-11.,-35.02419850317,23.799758231543));
#1438 = DIRECTION('',(-1.,-6.198745220824E-16,-8.789265611616E-16));
#1439 = DIRECTION('',(6.198745220824E-16,-1.,5.643633708511E-16));
#1440 = ORIENTED_EDGE('',*,*,#1441,.F.);
#1441 = EDGE_CURVE('',#1295,#1433,#1442,.T.);
#1442 = LINE('',#1443,#1444);
#1443 = CARTESIAN_POINT('',(11.,-34.94404506208,24.79654076845));
#1444 = VECTOR('',#1445,1.);
#1445 = DIRECTION('',(-1.,8.326672684689E-17,5.273559366969E-16));
#1446 = ORIENTED_EDGE('',*,*,#1303,.F.);
#1447 = CYLINDRICAL_SURFACE('',#1448,1.);
#1448 = AXIS2_PLACEMENT_3D('',#1449,#1450,#1451);
#1449 = CARTESIAN_POINT('',(11.,-35.02419850317,23.799758231543));
#1450 = DIRECTION('',(1.,-2.590520390792E-16,-3.515706244646E-16));
#1451 = DIRECTION('',(2.683038976177E-16,-1.,2.127927463865E-16));
#1452 = ADVANCED_FACE('',(#1453),#1587,.T.);
#1453 = FACE_BOUND('',#1454,.F.);
#1454 = EDGE_LOOP('',(#1455,#1466,#1473,#1474,#1475,#1484,#1493,#1502,
    #1510,#1519,#1528,#1537,#1546,#1554,#1563,#1572,#1581));
#1455 = ORIENTED_EDGE('',*,*,#1456,.F.);
#1456 = EDGE_CURVE('',#1457,#1459,#1461,.T.);
#1457 = VERTEX_POINT('',#1458);
#1458 = CARTESIAN_POINT('',(-11.,-25.48915619589,27.222513229341));
#1459 = VERTEX_POINT('',#1460);
#1460 = CARTESIAN_POINT('',(-11.,-24.22408263338,27.086687795031));
#1461 = CIRCLE('',#1462,1.);
#1462 = AXIS2_PLACEMENT_3D('',#1463,#1464,#1465);
#1463 = CARTESIAN_POINT('',(-11.,-24.93898371257,26.387462189828));
#1464 = DIRECTION('',(-1.,-6.198745220824E-16,-8.789265611616E-16));
#1465 = DIRECTION('',(6.198745220824E-16,-1.,5.643633708511E-16));
#1466 = ORIENTED_EDGE('',*,*,#1467,.T.);
#1467 = EDGE_CURVE('',#1457,#1433,#1468,.T.);
#1468 = CIRCLE('',#1469,15.);
#1469 = AXIS2_PLACEMENT_3D('',#1470,#1471,#1472);
#1470 = CARTESIAN_POINT('',(-11.,-33.74174344576,39.748278822046));
#1471 = DIRECTION('',(-1.,-6.198745220824E-16,-8.789265611616E-16));
#1472 = DIRECTION('',(6.198745220824E-16,-1.,5.643633708511E-16));
#1473 = ORIENTED_EDGE('',*,*,#1432,.F.);
#1474 = ORIENTED_EDGE('',*,*,#1236,.T.);
#1475 = ORIENTED_EDGE('',*,*,#1476,.T.);
#1476 = EDGE_CURVE('',#1229,#1477,#1479,.T.);
#1477 = VERTEX_POINT('',#1478);
#1478 = CARTESIAN_POINT('',(-11.,-39.98064509018,37.898757453383));
#1479 = CIRCLE('',#1480,7.);
#1480 = AXIS2_PLACEMENT_3D('',#1481,#1482,#1483);
#1481 = CARTESIAN_POINT('',(-11.,-32.98064509018,37.898757453383));
#1482 = DIRECTION('',(-1.,8.326672684689E-17,1.757853122323E-16));
#1483 = DIRECTION('',(-8.326672684689E-17,-1.,3.700743415417E-17));
#1484 = ORIENTED_EDGE('',*,*,#1485,.T.);
#1485 = EDGE_CURVE('',#1477,#1486,#1488,.T.);
#1486 = VERTEX_POINT('',#1487);
#1487 = CARTESIAN_POINT('',(-11.,-32.71158472397,44.893584579148));
#1488 = CIRCLE('',#1489,7.);
#1489 = AXIS2_PLACEMENT_3D('',#1490,#1491,#1492);
#1490 = CARTESIAN_POINT('',(-11.,-32.98064509018,37.898757453383));
#1491 = DIRECTION('',(-1.,8.326672684689E-17,1.757853122323E-16));
#1492 = DIRECTION('',(-8.326672684689E-17,-1.,3.700743415417E-17));
#1493 = ORIENTED_EDGE('',*,*,#1494,.F.);
#1494 = EDGE_CURVE('',#1495,#1486,#1497,.T.);
#1495 = VERTEX_POINT('',#1496);
#1496 = CARTESIAN_POINT('',(-11.,-31.93086987485,43.32074712483));
#1497 = CIRCLE('',#1498,1.);
#1498 = AXIS2_PLACEMENT_3D('',#1499,#1500,#1501);
#1499 = CARTESIAN_POINT('',(-11.,-32.75002191914,43.894323561181));
#1500 = DIRECTION('',(1.,-8.326672684689E-17,-1.757853122323E-16));
#1501 = DIRECTION('',(-8.326672684689E-17,-1.,3.700743415417E-17));
#1502 = ORIENTED_EDGE('',*,*,#1503,.T.);
#1503 = EDGE_CURVE('',#1495,#1504,#1506,.T.);
#1504 = VERTEX_POINT('',#1505);
#1505 = CARTESIAN_POINT('',(-11.,-33.49117456909,41.092401085845));
#1506 = LINE('',#1507,#1508);
#1507 = CARTESIAN_POINT('',(-11.,-33.00028583733,41.793462849642));
#1508 = VECTOR('',#1509,1.);
#1509 = DIRECTION('',(-4.797445260647E-16,-0.573576436351,
    -0.819152044289));
#1510 = ORIENTED_EDGE('',*,*,#1511,.F.);
#1511 = EDGE_CURVE('',#1512,#1504,#1514,.T.);
#1512 = VERTEX_POINT('',#1513);
#1513 = CARTESIAN_POINT('',(-11.,-33.77295816053,40.895795991432));
#1514 = CIRCLE('',#1515,0.5);
#1515 = AXIS2_PLACEMENT_3D('',#1516,#1517,#1518);
#1516 = CARTESIAN_POINT('',(-11.,-33.90075059123,41.379189304021));
#1517 = DIRECTION('',(1.,-8.326672684689E-17,-1.757853122323E-16));
#1518 = DIRECTION('',(-8.326672684689E-17,-1.,3.700743415417E-17));
#1519 = ORIENTED_EDGE('',*,*,#1520,.T.);
#1520 = EDGE_CURVE('',#1512,#1521,#1523,.T.);
#1521 = VERTEX_POINT('',#1522);
#1522 = CARTESIAN_POINT('',(-11.,-35.96489301522,38.737962030291));
#1523 = CIRCLE('',#1524,3.1);
#1524 = AXIS2_PLACEMENT_3D('',#1525,#1526,#1527);
#1525 = CARTESIAN_POINT('',(-11.,-32.98064509018,37.898757453383));
#1526 = DIRECTION('',(1.,-8.326672684689E-17,-1.757853122323E-16));
#1527 = DIRECTION('',(-3.257055427063E-17,-0.96266062098,0.270711153841)
  );
#1528 = ORIENTED_EDGE('',*,*,#1529,.T.);
#1529 = EDGE_CURVE('',#1521,#1530,#1532,.T.);
#1530 = VERTEX_POINT('',#1531);
#1531 = CARTESIAN_POINT('',(-11.,-29.89336306188,38.179274258159));
#1532 = CIRCLE('',#1533,3.1);
#1533 = AXIS2_PLACEMENT_3D('',#1534,#1535,#1536);
#1534 = CARTESIAN_POINT('',(-11.,-32.98064509018,37.898757453383));
#1535 = DIRECTION('',(1.,-8.326672684689E-17,-1.757853122323E-16));
#1536 = DIRECTION('',(-3.257055427063E-17,-0.96266062098,0.270711153841)
  );
#1537 = ORIENTED_EDGE('',*,*,#1538,.F.);
#1538 = EDGE_CURVE('',#1539,#1530,#1541,.T.);
#1539 = VERTEX_POINT('',#1540);
#1540 = CARTESIAN_POINT('',(-11.,-29.80499036979,38.511307122266));
#1541 = CIRCLE('',#1542,0.5);
#1542 = AXIS2_PLACEMENT_3D('',#1543,#1544,#1545);
#1543 = CARTESIAN_POINT('',(-11.,-29.39541434764,38.22451890409));
#1544 = DIRECTION('',(1.,-8.326672684689E-17,-1.757853122323E-16));
#1545 = DIRECTION('',(-8.326672684689E-17,-1.,3.700743415417E-17));
#1546 = ORIENTED_EDGE('',*,*,#1547,.T.);
#1547 = EDGE_CURVE('',#1539,#1548,#1550,.T.);
#1548 = VERTEX_POINT('',#1549);
#1549 = CARTESIAN_POINT('',(-11.,-28.24468567555,40.739653161251));
#1550 = LINE('',#1551,#1552);
#1551 = CARTESIAN_POINT('',(-11.,-29.31410163803,39.212368886063));
#1552 = VECTOR('',#1553,1.);
#1553 = DIRECTION('',(4.797445260647E-16,0.573576436351,0.819152044289)
  );
#1554 = ORIENTED_EDGE('',*,*,#1555,.F.);
#1555 = EDGE_CURVE('',#1556,#1548,#1558,.T.);
#1556 = VERTEX_POINT('',#1557);
#1557 = CARTESIAN_POINT('',(-11.,-26.49968172144,40.543963270153));
#1558 = CIRCLE('',#1559,1.);
#1559 = AXIS2_PLACEMENT_3D('',#1560,#1561,#1562);
#1560 = CARTESIAN_POINT('',(-11.,-27.42553363126,40.1660767249));
#1561 = DIRECTION('',(1.,-8.326672684689E-17,-1.757853122323E-16));
#1562 = DIRECTION('',(-8.326672684689E-17,-1.,3.700743415417E-17));
#1563 = ORIENTED_EDGE('',*,*,#1564,.T.);
#1564 = EDGE_CURVE('',#1556,#1565,#1567,.T.);
#1565 = VERTEX_POINT('',#1566);
#1566 = CARTESIAN_POINT('',(-11.,-27.30657875976,33.799370758039));
#1567 = CIRCLE('',#1568,7.);
#1568 = AXIS2_PLACEMENT_3D('',#1569,#1570,#1571);
#1569 = CARTESIAN_POINT('',(-11.,-32.98064509018,37.898757453383));
#1570 = DIRECTION('',(-1.,8.326672684689E-17,1.757853122323E-16));
#1571 = DIRECTION('',(-8.326672684689E-17,-1.,3.700743415417E-17));
#1572 = ORIENTED_EDGE('',*,*,#1573,.F.);
#1573 = EDGE_CURVE('',#1574,#1565,#1576,.T.);
#1574 = VERTEX_POINT('',#1575);
#1575 = CARTESIAN_POINT('',(-11.,-27.01953928429,29.944813930137));
#1576 = CIRCLE('',#1577,3.);
#1577 = AXIS2_PLACEMENT_3D('',#1578,#1579,#1580);
#1578 = CARTESIAN_POINT('',(-11.,-24.87483604672,32.042490745748));
#1579 = DIRECTION('',(-1.,8.326672684689E-17,1.757853122323E-16));
#1580 = DIRECTION('',(-8.326672684689E-17,-1.,3.700743415417E-17));
#1581 = ORIENTED_EDGE('',*,*,#1582,.T.);
#1582 = EDGE_CURVE('',#1574,#1459,#1583,.T.);
#1583 = LINE('',#1584,#1585);
#1584 = CARTESIAN_POINT('',(-11.,-26.8027505513,29.723165154669));
#1585 = VECTOR('',#1586,1.);
#1586 = DIRECTION('',(-3.187851007892E-16,0.699225605204,-0.71490107919)
  );
#1587 = PLANE('',#1588);
#1588 = AXIS2_PLACEMENT_3D('',#1589,#1590,#1591);
#1589 = CARTESIAN_POINT('',(-11.,-37.40560254116,44.262442994171));
#1590 = DIRECTION('',(1.,-4.348373513115E-16,-8.789265611616E-16));
#1591 = DIRECTION('',(8.789265611616E-16,4.903485025428E-16,-1.));
#1592 = ADVANCED_FACE('',(#1593),#1619,.F.);
#1593 = FACE_BOUND('',#1594,.F.);
#1594 = EDGE_LOOP('',(#1595,#1606,#1612,#1613));
#1595 = ORIENTED_EDGE('',*,*,#1596,.F.);
#1596 = EDGE_CURVE('',#1597,#1599,#1601,.T.);
#1597 = VERTEX_POINT('',#1598);
#1598 = CARTESIAN_POINT('',(-16.,-27.01953928429,29.944813930137));
#1599 = VERTEX_POINT('',#1600);
#1600 = CARTESIAN_POINT('',(-16.,-27.30657875976,33.799370758039));
#1601 = CIRCLE('',#1602,3.);
#1602 = AXIS2_PLACEMENT_3D('',#1603,#1604,#1605);
#1603 = CARTESIAN_POINT('',(-16.,-24.87483604672,32.042490745748));
#1604 = DIRECTION('',(-1.,-6.198745220824E-16,-8.789265611616E-16));
#1605 = DIRECTION('',(6.198745220824E-16,-1.,5.643633708511E-16));
#1606 = ORIENTED_EDGE('',*,*,#1607,.T.);
#1607 = EDGE_CURVE('',#1597,#1574,#1608,.T.);
#1608 = LINE('',#1609,#1610);
#1609 = CARTESIAN_POINT('',(-16.,-27.01953928429,29.944813930137));
#1610 = VECTOR('',#1611,1.);
#1611 = DIRECTION('',(1.,-8.326672684689E-17,-5.273559366969E-16));
#1612 = ORIENTED_EDGE('',*,*,#1573,.T.);
#1613 = ORIENTED_EDGE('',*,*,#1614,.F.);
#1614 = EDGE_CURVE('',#1599,#1565,#1615,.T.);
#1615 = LINE('',#1616,#1617);
#1616 = CARTESIAN_POINT('',(-16.,-27.30657875976,33.799370758039));
#1617 = VECTOR('',#1618,1.);
#1618 = DIRECTION('',(1.,-8.326672684689E-17,-5.273559366969E-16));
#1619 = CYLINDRICAL_SURFACE('',#1620,3.);
#1620 = AXIS2_PLACEMENT_3D('',#1621,#1622,#1623);
#1621 = CARTESIAN_POINT('',(-16.,-24.87483604672,32.042490745748));
#1622 = DIRECTION('',(-1.,2.590520390792E-16,3.515706244646E-16));
#1623 = DIRECTION('',(2.683038976177E-16,-1.,2.127927463865E-16));
#1624 = ADVANCED_FACE('',(#1625),#1651,.F.);
#1625 = FACE_BOUND('',#1626,.F.);
#1626 = EDGE_LOOP('',(#1627,#1628,#1636,#1645));
#1627 = ORIENTED_EDGE('',*,*,#1408,.F.);
#1628 = ORIENTED_EDGE('',*,*,#1629,.T.);
#1629 = EDGE_CURVE('',#1409,#1630,#1632,.T.);
#1630 = VERTEX_POINT('',#1631);
#1631 = CARTESIAN_POINT('',(16.,-27.01953928429,29.944813930137));
#1632 = LINE('',#1633,#1634);
#1633 = CARTESIAN_POINT('',(-16.,-27.01953928429,29.944813930137));
#1634 = VECTOR('',#1635,1.);
#1635 = DIRECTION('',(1.,-8.326672684689E-17,-5.273559366969E-16));
#1636 = ORIENTED_EDGE('',*,*,#1637,.T.);
#1637 = EDGE_CURVE('',#1630,#1638,#1640,.T.);
#1638 = VERTEX_POINT('',#1639);
#1639 = CARTESIAN_POINT('',(16.,-27.30657875976,33.799370758039));
#1640 = CIRCLE('',#1641,3.);
#1641 = AXIS2_PLACEMENT_3D('',#1642,#1643,#1644);
#1642 = CARTESIAN_POINT('',(16.,-24.87483604672,32.042490745748));
#1643 = DIRECTION('',(-1.,-6.198745220824E-16,-8.789265611616E-16));
#1644 = DIRECTION('',(6.198745220824E-16,-1.,5.643633708511E-16));
#1645 = ORIENTED_EDGE('',*,*,#1646,.F.);
#1646 = EDGE_CURVE('',#1400,#1638,#1647,.T.);
#1647 = LINE('',#1648,#1649);
#1648 = CARTESIAN_POINT('',(-16.,-27.30657875976,33.799370758039));
#1649 = VECTOR('',#1650,1.);
#1650 = DIRECTION('',(1.,-8.326672684689E-17,-5.273559366969E-16));
#1651 = CYLINDRICAL_SURFACE('',#1652,3.);
#1652 = AXIS2_PLACEMENT_3D('',#1653,#1654,#1655);
#1653 = CARTESIAN_POINT('',(-16.,-24.87483604672,32.042490745748));
#1654 = DIRECTION('',(-1.,2.590520390792E-16,3.515706244646E-16));
#1655 = DIRECTION('',(2.683038976177E-16,-1.,2.127927463865E-16));
#1656 = ADVANCED_FACE('',(#1657),#1673,.T.);
#1657 = FACE_BOUND('',#1658,.F.);
#1658 = EDGE_LOOP('',(#1659,#1665,#1666,#1672));
#1659 = ORIENTED_EDGE('',*,*,#1660,.T.);
#1660 = EDGE_CURVE('',#1284,#1457,#1661,.T.);
#1661 = LINE('',#1662,#1663);
#1662 = CARTESIAN_POINT('',(11.,-25.48915619589,27.222513229341));
#1663 = VECTOR('',#1664,1.);
#1664 = DIRECTION('',(-1.,8.326672684689E-17,5.273559366969E-16));
#1665 = ORIENTED_EDGE('',*,*,#1456,.T.);
#1666 = ORIENTED_EDGE('',*,*,#1667,.F.);
#1667 = EDGE_CURVE('',#1286,#1459,#1668,.T.);
#1668 = LINE('',#1669,#1670);
#1669 = CARTESIAN_POINT('',(11.,-24.22408263338,27.086687795031));
#1670 = VECTOR('',#1671,1.);
#1671 = DIRECTION('',(-1.,8.326672684689E-17,5.273559366969E-16));
#1672 = ORIENTED_EDGE('',*,*,#1283,.F.);
#1673 = CYLINDRICAL_SURFACE('',#1674,1.);
#1674 = AXIS2_PLACEMENT_3D('',#1675,#1676,#1677);
#1675 = CARTESIAN_POINT('',(11.,-24.93898371257,26.387462189828));
#1676 = DIRECTION('',(1.,-2.590520390792E-16,-3.515706244646E-16));
#1677 = DIRECTION('',(2.683038976177E-16,-1.,2.127927463865E-16));
#1678 = ADVANCED_FACE('',(#1679),#1698,.T.);
#1679 = FACE_BOUND('',#1680,.T.);
#1680 = EDGE_LOOP('',(#1681,#1682,#1690,#1697));
#1681 = ORIENTED_EDGE('',*,*,#1399,.F.);
#1682 = ORIENTED_EDGE('',*,*,#1683,.F.);
#1683 = EDGE_CURVE('',#1684,#1391,#1686,.T.);
#1684 = VERTEX_POINT('',#1685);
#1685 = CARTESIAN_POINT('',(16.,-26.49968172144,40.543963270153));
#1686 = LINE('',#1687,#1688);
#1687 = CARTESIAN_POINT('',(7.804391266134E-14,-26.49968172144,
    40.543963270153));
#1688 = VECTOR('',#1689,1.);
#1689 = DIRECTION('',(-1.,8.326672684689E-17,5.273559366969E-16));
#1690 = ORIENTED_EDGE('',*,*,#1691,.T.);
#1691 = EDGE_CURVE('',#1684,#1638,#1692,.T.);
#1692 = CIRCLE('',#1693,7.);
#1693 = AXIS2_PLACEMENT_3D('',#1694,#1695,#1696);
#1694 = CARTESIAN_POINT('',(16.,-32.98064509018,37.898757453383));
#1695 = DIRECTION('',(-1.,-6.198745220824E-16,-8.789265611616E-16));
#1696 = DIRECTION('',(6.198745220824E-16,-1.,5.643633708511E-16));
#1697 = ORIENTED_EDGE('',*,*,#1646,.F.);
#1698 = CYLINDRICAL_SURFACE('',#1699,7.);
#1699 = AXIS2_PLACEMENT_3D('',#1700,#1701,#1702);
#1700 = CARTESIAN_POINT('',(-16.,-32.98064509018,37.898757453383));
#1701 = DIRECTION('',(-1.,2.590520390792E-16,3.515706244646E-16));
#1702 = DIRECTION('',(2.683038976177E-16,-1.,2.127927463865E-16));
#1703 = ADVANCED_FACE('',(#1704),#1723,.T.);
#1704 = FACE_BOUND('',#1705,.F.);
#1705 = EDGE_LOOP('',(#1706,#1714,#1715,#1716));
#1706 = ORIENTED_EDGE('',*,*,#1707,.F.);
#1707 = EDGE_CURVE('',#1383,#1708,#1710,.T.);
#1708 = VERTEX_POINT('',#1709);
#1709 = CARTESIAN_POINT('',(16.,-28.24468567555,40.739653161251));
#1710 = LINE('',#1711,#1712);
#1711 = CARTESIAN_POINT('',(7.730796896827E-14,-28.24468567555,
    40.739653161251));
#1712 = VECTOR('',#1713,1.);
#1713 = DIRECTION('',(1.,-8.326672684689E-17,-5.273559366969E-16));
#1714 = ORIENTED_EDGE('',*,*,#1390,.F.);
#1715 = ORIENTED_EDGE('',*,*,#1683,.F.);
#1716 = ORIENTED_EDGE('',*,*,#1717,.T.);
#1717 = EDGE_CURVE('',#1684,#1708,#1718,.T.);
#1718 = CIRCLE('',#1719,1.);
#1719 = AXIS2_PLACEMENT_3D('',#1720,#1721,#1722);
#1720 = CARTESIAN_POINT('',(16.,-27.42553363126,40.1660767249));
#1721 = DIRECTION('',(1.,-8.326672684689E-17,-1.757853122323E-16));
#1722 = DIRECTION('',(-8.326672684689E-17,-1.,3.700743415417E-17));
#1723 = CYLINDRICAL_SURFACE('',#1724,1.);
#1724 = AXIS2_PLACEMENT_3D('',#1725,#1726,#1727);
#1725 = CARTESIAN_POINT('',(7.84916030504E-14,-27.42553363126,
    40.1660767249));
#1726 = DIRECTION('',(1.,-2.590520390792E-16,-3.515706244646E-16));
#1727 = DIRECTION('',(2.683038976177E-16,-1.,2.127927463865E-16));
#1728 = ADVANCED_FACE('',(#1729),#1747,.F.);
#1729 = FACE_BOUND('',#1730,.T.);
#1730 = EDGE_LOOP('',(#1731,#1732,#1733,#1741));
#1731 = ORIENTED_EDGE('',*,*,#1707,.F.);
#1732 = ORIENTED_EDGE('',*,*,#1382,.F.);
#1733 = ORIENTED_EDGE('',*,*,#1734,.F.);
#1734 = EDGE_CURVE('',#1735,#1374,#1737,.T.);
#1735 = VERTEX_POINT('',#1736);
#1736 = CARTESIAN_POINT('',(16.,-29.80499036979,38.511307122266));
#1737 = LINE('',#1738,#1739);
#1738 = CARTESIAN_POINT('',(8.000267314137E-14,-29.80499036979,
    38.511307122266));
#1739 = VECTOR('',#1740,1.);
#1740 = DIRECTION('',(-1.,8.326672684689E-17,5.273559366969E-16));
#1741 = ORIENTED_EDGE('',*,*,#1742,.T.);
#1742 = EDGE_CURVE('',#1735,#1708,#1743,.T.);
#1743 = LINE('',#1744,#1745);
#1744 = CARTESIAN_POINT('',(16.,-32.82564010911,34.197372217986));
#1745 = VECTOR('',#1746,1.);
#1746 = DIRECTION('',(4.797445260647E-16,0.573576436351,0.819152044289)
  );
#1747 = PLANE('',#1748);
#1748 = AXIS2_PLACEMENT_3D('',#1749,#1750,#1751);
#1749 = CARTESIAN_POINT('',(8.438572846673E-14,-29.02483802267,
    39.625480141758));
#1750 = DIRECTION('',(-1.622956949369E-16,0.819152044289,-0.573576436351
    ));
#1751 = DIRECTION('',(-5.063092236243E-16,0.573576436351,0.819152044289)
  );
#1752 = ADVANCED_FACE('',(#1753),#1772,.T.);
#1753 = FACE_BOUND('',#1754,.F.);
#1754 = EDGE_LOOP('',(#1755,#1763,#1764,#1765));
#1755 = ORIENTED_EDGE('',*,*,#1756,.F.);
#1756 = EDGE_CURVE('',#1365,#1757,#1759,.T.);
#1757 = VERTEX_POINT('',#1758);
#1758 = CARTESIAN_POINT('',(16.,-29.89336306188,38.179274258159));
#1759 = LINE('',#1760,#1761);
#1760 = CARTESIAN_POINT('',(7.87800190801E-14,-29.89336306188,
    38.179274258159));
#1761 = VECTOR('',#1762,1.);
#1762 = DIRECTION('',(1.,-8.326672684689E-17,-5.273559366969E-16));
#1763 = ORIENTED_EDGE('',*,*,#1373,.F.);
#1764 = ORIENTED_EDGE('',*,*,#1734,.F.);
#1765 = ORIENTED_EDGE('',*,*,#1766,.T.);
#1766 = EDGE_CURVE('',#1735,#1757,#1767,.T.);
#1767 = CIRCLE('',#1768,0.5);
#1768 = AXIS2_PLACEMENT_3D('',#1769,#1770,#1771);
#1769 = CARTESIAN_POINT('',(16.,-29.39541434764,38.22451890409));
#1770 = DIRECTION('',(1.,-8.326672684689E-17,-1.757853122323E-16));
#1771 = DIRECTION('',(-8.326672684689E-17,-1.,3.700743415417E-17));
#1772 = CYLINDRICAL_SURFACE('',#1773,0.5);
#1773 = AXIS2_PLACEMENT_3D('',#1774,#1775,#1776);
#1774 = CARTESIAN_POINT('',(8.004402176769E-14,-29.39541434764,
    38.22451890409));
#1775 = DIRECTION('',(1.,-2.590520390792E-16,-3.515706244646E-16));
#1776 = DIRECTION('',(2.683038976177E-16,-1.,2.127927463865E-16));
#1777 = ADVANCED_FACE('',(#1778),#1804,.T.);
#1778 = FACE_BOUND('',#1779,.F.);
#1779 = EDGE_LOOP('',(#1780,#1788,#1789,#1797));
#1780 = ORIENTED_EDGE('',*,*,#1781,.F.);
#1781 = EDGE_CURVE('',#1339,#1782,#1784,.T.);
#1782 = VERTEX_POINT('',#1783);
#1783 = CARTESIAN_POINT('',(16.,-33.49117456909,41.092401085845));
#1784 = LINE('',#1785,#1786);
#1785 = CARTESIAN_POINT('',(8.049812585969E-14,-33.49117456909,
    41.092401085845));
#1786 = VECTOR('',#1787,1.);
#1787 = DIRECTION('',(1.,-8.326672684689E-17,-5.273559366969E-16));
#1788 = ORIENTED_EDGE('',*,*,#1346,.F.);
#1789 = ORIENTED_EDGE('',*,*,#1790,.F.);
#1790 = EDGE_CURVE('',#1791,#1347,#1793,.T.);
#1791 = VERTEX_POINT('',#1792);
#1792 = CARTESIAN_POINT('',(16.,-33.77295816053,40.895795991432));
#1793 = LINE('',#1794,#1795);
#1794 = CARTESIAN_POINT('',(7.980982000411E-14,-33.77295816053,
    40.895795991432));
#1795 = VECTOR('',#1796,1.);
#1796 = DIRECTION('',(-1.,8.326672684689E-17,5.273559366969E-16));
#1797 = ORIENTED_EDGE('',*,*,#1798,.T.);
#1798 = EDGE_CURVE('',#1791,#1782,#1799,.T.);
#1799 = CIRCLE('',#1800,0.5);
#1800 = AXIS2_PLACEMENT_3D('',#1801,#1802,#1803);
#1801 = CARTESIAN_POINT('',(16.,-33.90075059123,41.379189304021));
#1802 = DIRECTION('',(1.,-8.326672684689E-17,-1.757853122323E-16));
#1803 = DIRECTION('',(-8.326672684689E-17,-1.,3.700743415417E-17));
#1804 = CYLINDRICAL_SURFACE('',#1805,0.5);
#1805 = AXIS2_PLACEMENT_3D('',#1806,#1807,#1808);
#1806 = CARTESIAN_POINT('',(7.95891868782E-14,-33.90075059123,
    41.379189304021));
#1807 = DIRECTION('',(1.,-2.590520390792E-16,-3.515706244646E-16));
#1808 = DIRECTION('',(2.683038976177E-16,-1.,2.127927463865E-16));
#1809 = ADVANCED_FACE('',(#1810),#1828,.F.);
#1810 = FACE_BOUND('',#1811,.T.);
#1811 = EDGE_LOOP('',(#1812,#1813,#1814,#1822));
#1812 = ORIENTED_EDGE('',*,*,#1781,.F.);
#1813 = ORIENTED_EDGE('',*,*,#1338,.F.);
#1814 = ORIENTED_EDGE('',*,*,#1815,.F.);
#1815 = EDGE_CURVE('',#1816,#1330,#1818,.T.);
#1816 = VERTEX_POINT('',#1817);
#1817 = CARTESIAN_POINT('',(16.,-31.93086987485,43.32074712483));
#1818 = LINE('',#1819,#1820);
#1819 = CARTESIAN_POINT('',(7.80367681609E-14,-31.93086987485,
    43.32074712483));
#1820 = VECTOR('',#1821,1.);
#1821 = DIRECTION('',(-1.,8.326672684689E-17,5.273559366969E-16));
#1822 = ORIENTED_EDGE('',*,*,#1823,.T.);
#1823 = EDGE_CURVE('',#1816,#1782,#1824,.T.);
#1824 = LINE('',#1825,#1826);
#1825 = CARTESIAN_POINT('',(16.,-36.51182430841,36.778466181566));
#1826 = VECTOR('',#1827,1.);
#1827 = DIRECTION('',(-4.797445260647E-16,-0.573576436351,
    -0.819152044289));
#1828 = PLANE('',#1829);
#1829 = AXIS2_PLACEMENT_3D('',#1830,#1831,#1832);
#1830 = CARTESIAN_POINT('',(9.075552753127E-14,-32.71102222197,
    42.206574105338));
#1831 = DIRECTION('',(1.724471038588E-16,-0.819152044289,0.573576436351)
  );
#1832 = DIRECTION('',(5.063092236243E-16,-0.573576436351,-0.819152044289
    ));
#1833 = ADVANCED_FACE('',(#1834),#1853,.T.);
#1834 = FACE_BOUND('',#1835,.F.);
#1835 = EDGE_LOOP('',(#1836,#1844,#1845,#1846));
#1836 = ORIENTED_EDGE('',*,*,#1837,.F.);
#1837 = EDGE_CURVE('',#1321,#1838,#1840,.T.);
#1838 = VERTEX_POINT('',#1839);
#1839 = CARTESIAN_POINT('',(16.,-32.71158472397,44.893584579148));
#1840 = LINE('',#1841,#1842);
#1841 = CARTESIAN_POINT('',(7.934668574981E-14,-32.71158472397,
    44.893584579148));
#1842 = VECTOR('',#1843,1.);
#1843 = DIRECTION('',(1.,-8.326672684689E-17,-5.273559366969E-16));
#1844 = ORIENTED_EDGE('',*,*,#1329,.F.);
#1845 = ORIENTED_EDGE('',*,*,#1815,.F.);
#1846 = ORIENTED_EDGE('',*,*,#1847,.T.);
#1847 = EDGE_CURVE('',#1816,#1838,#1848,.T.);
#1848 = CIRCLE('',#1849,1.);
#1849 = AXIS2_PLACEMENT_3D('',#1850,#1851,#1852);
#1850 = CARTESIAN_POINT('',(16.,-32.75002191914,43.894323561181));
#1851 = DIRECTION('',(1.,-8.326672684689E-17,-1.757853122323E-16));
#1852 = DIRECTION('',(-8.326672684689E-17,-1.,3.700743415417E-17));
#1853 = CYLINDRICAL_SURFACE('',#1854,1.);
#1854 = AXIS2_PLACEMENT_3D('',#1855,#1856,#1857);
#1855 = CARTESIAN_POINT('',(7.795407090827E-14,-32.75002191914,
    43.894323561181));
#1856 = DIRECTION('',(1.,-2.590520390792E-16,-3.515706244646E-16));
#1857 = DIRECTION('',(2.683038976177E-16,-1.,2.127927463865E-16));
#1858 = ADVANCED_FACE('',(#1859),#1865,.F.);
#1859 = FACE_BOUND('',#1860,.T.);
#1860 = EDGE_LOOP('',(#1861,#1862,#1863,#1864));
#1861 = ORIENTED_EDGE('',*,*,#1660,.T.);
#1862 = ORIENTED_EDGE('',*,*,#1467,.T.);
#1863 = ORIENTED_EDGE('',*,*,#1441,.F.);
#1864 = ORIENTED_EDGE('',*,*,#1294,.F.);
#1865 = CYLINDRICAL_SURFACE('',#1866,15.);
#1866 = AXIS2_PLACEMENT_3D('',#1867,#1868,#1869);
#1867 = CARTESIAN_POINT('',(11.,-33.74174344576,39.748278822046));
#1868 = DIRECTION('',(1.,-2.590520390792E-16,-3.515706244646E-16));
#1869 = DIRECTION('',(2.683038976177E-16,-1.,2.127927463865E-16));
#1870 = ADVANCED_FACE('',(#1871),#1890,.T.);
#1871 = FACE_BOUND('',#1872,.T.);
#1872 = EDGE_LOOP('',(#1873,#1882,#1888,#1889));
#1873 = ORIENTED_EDGE('',*,*,#1874,.F.);
#1874 = EDGE_CURVE('',#1875,#1599,#1877,.T.);
#1875 = VERTEX_POINT('',#1876);
#1876 = CARTESIAN_POINT('',(-16.,-26.49968172144,40.543963270153));
#1877 = CIRCLE('',#1878,7.);
#1878 = AXIS2_PLACEMENT_3D('',#1879,#1880,#1881);
#1879 = CARTESIAN_POINT('',(-16.,-32.98064509018,37.898757453383));
#1880 = DIRECTION('',(-1.,-6.198745220824E-16,-8.789265611616E-16));
#1881 = DIRECTION('',(6.198745220824E-16,-1.,5.643633708511E-16));
#1882 = ORIENTED_EDGE('',*,*,#1883,.F.);
#1883 = EDGE_CURVE('',#1556,#1875,#1884,.T.);
#1884 = LINE('',#1885,#1886);
#1885 = CARTESIAN_POINT('',(7.804391266134E-14,-26.49968172144,
    40.543963270153));
#1886 = VECTOR('',#1887,1.);
#1887 = DIRECTION('',(-1.,8.326672684689E-17,5.273559366969E-16));
#1888 = ORIENTED_EDGE('',*,*,#1564,.T.);
#1889 = ORIENTED_EDGE('',*,*,#1614,.F.);
#1890 = CYLINDRICAL_SURFACE('',#1891,7.);
#1891 = AXIS2_PLACEMENT_3D('',#1892,#1893,#1894);
#1892 = CARTESIAN_POINT('',(-16.,-32.98064509018,37.898757453383));
#1893 = DIRECTION('',(-1.,2.590520390792E-16,3.515706244646E-16));
#1894 = DIRECTION('',(2.683038976177E-16,-1.,2.127927463865E-16));
#1895 = ADVANCED_FACE('',(#1896),#1915,.T.);
#1896 = FACE_BOUND('',#1897,.F.);
#1897 = EDGE_LOOP('',(#1898,#1906,#1913,#1914));
#1898 = ORIENTED_EDGE('',*,*,#1899,.F.);
#1899 = EDGE_CURVE('',#1900,#1548,#1902,.T.);
#1900 = VERTEX_POINT('',#1901);
#1901 = CARTESIAN_POINT('',(-16.,-28.24468567555,40.739653161251));
#1902 = LINE('',#1903,#1904);
#1903 = CARTESIAN_POINT('',(7.730796896827E-14,-28.24468567555,
    40.739653161251));
#1904 = VECTOR('',#1905,1.);
#1905 = DIRECTION('',(1.,-8.326672684689E-17,-5.273559366969E-16));
#1906 = ORIENTED_EDGE('',*,*,#1907,.F.);
#1907 = EDGE_CURVE('',#1875,#1900,#1908,.T.);
#1908 = CIRCLE('',#1909,1.);
#1909 = AXIS2_PLACEMENT_3D('',#1910,#1911,#1912);
#1910 = CARTESIAN_POINT('',(-16.,-27.42553363126,40.1660767249));
#1911 = DIRECTION('',(1.,-8.326672684689E-17,-1.757853122323E-16));
#1912 = DIRECTION('',(-8.326672684689E-17,-1.,3.700743415417E-17));
#1913 = ORIENTED_EDGE('',*,*,#1883,.F.);
#1914 = ORIENTED_EDGE('',*,*,#1555,.T.);
#1915 = CYLINDRICAL_SURFACE('',#1916,1.);
#1916 = AXIS2_PLACEMENT_3D('',#1917,#1918,#1919);
#1917 = CARTESIAN_POINT('',(7.84916030504E-14,-27.42553363126,
    40.1660767249));
#1918 = DIRECTION('',(1.,-2.590520390792E-16,-3.515706244646E-16));
#1919 = DIRECTION('',(2.683038976177E-16,-1.,2.127927463865E-16));
#1920 = ADVANCED_FACE('',(#1921),#1939,.F.);
#1921 = FACE_BOUND('',#1922,.T.);
#1922 = EDGE_LOOP('',(#1923,#1924,#1932,#1938));
#1923 = ORIENTED_EDGE('',*,*,#1899,.F.);
#1924 = ORIENTED_EDGE('',*,*,#1925,.F.);
#1925 = EDGE_CURVE('',#1926,#1900,#1928,.T.);
#1926 = VERTEX_POINT('',#1927);
#1927 = CARTESIAN_POINT('',(-16.,-29.80499036979,38.511307122266));
#1928 = LINE('',#1929,#1930);
#1929 = CARTESIAN_POINT('',(-16.,-32.82564010911,34.197372217986));
#1930 = VECTOR('',#1931,1.);
#1931 = DIRECTION('',(4.797445260647E-16,0.573576436351,0.819152044289)
  );
#1932 = ORIENTED_EDGE('',*,*,#1933,.F.);
#1933 = EDGE_CURVE('',#1539,#1926,#1934,.T.);
#1934 = LINE('',#1935,#1936);
#1935 = CARTESIAN_POINT('',(8.000267314137E-14,-29.80499036979,
    38.511307122266));
#1936 = VECTOR('',#1937,1.);
#1937 = DIRECTION('',(-1.,8.326672684689E-17,5.273559366969E-16));
#1938 = ORIENTED_EDGE('',*,*,#1547,.T.);
#1939 = PLANE('',#1940);
#1940 = AXIS2_PLACEMENT_3D('',#1941,#1942,#1943);
#1941 = CARTESIAN_POINT('',(8.438572846673E-14,-29.02483802267,
    39.625480141758));
#1942 = DIRECTION('',(-1.622956949369E-16,0.819152044289,-0.573576436351
    ));
#1943 = DIRECTION('',(-5.063092236243E-16,0.573576436351,0.819152044289)
  );
#1944 = ADVANCED_FACE('',(#1945),#1964,.T.);
#1945 = FACE_BOUND('',#1946,.F.);
#1946 = EDGE_LOOP('',(#1947,#1955,#1962,#1963));
#1947 = ORIENTED_EDGE('',*,*,#1948,.F.);
#1948 = EDGE_CURVE('',#1949,#1530,#1951,.T.);
#1949 = VERTEX_POINT('',#1950);
#1950 = CARTESIAN_POINT('',(-16.,-29.89336306188,38.179274258159));
#1951 = LINE('',#1952,#1953);
#1952 = CARTESIAN_POINT('',(7.87800190801E-14,-29.89336306188,
    38.179274258159));
#1953 = VECTOR('',#1954,1.);
#1954 = DIRECTION('',(1.,-8.326672684689E-17,-5.273559366969E-16));
#1955 = ORIENTED_EDGE('',*,*,#1956,.F.);
#1956 = EDGE_CURVE('',#1926,#1949,#1957,.T.);
#1957 = CIRCLE('',#1958,0.5);
#1958 = AXIS2_PLACEMENT_3D('',#1959,#1960,#1961);
#1959 = CARTESIAN_POINT('',(-16.,-29.39541434764,38.22451890409));
#1960 = DIRECTION('',(1.,-8.326672684689E-17,-1.757853122323E-16));
#1961 = DIRECTION('',(-8.326672684689E-17,-1.,3.700743415417E-17));
#1962 = ORIENTED_EDGE('',*,*,#1933,.F.);
#1963 = ORIENTED_EDGE('',*,*,#1538,.T.);
#1964 = CYLINDRICAL_SURFACE('',#1965,0.5);
#1965 = AXIS2_PLACEMENT_3D('',#1966,#1967,#1968);
#1966 = CARTESIAN_POINT('',(8.004402176769E-14,-29.39541434764,
    38.22451890409));
#1967 = DIRECTION('',(1.,-2.590520390792E-16,-3.515706244646E-16));
#1968 = DIRECTION('',(2.683038976177E-16,-1.,2.127927463865E-16));
#1969 = ADVANCED_FACE('',(#1970),#1996,.T.);
#1970 = FACE_BOUND('',#1971,.F.);
#1971 = EDGE_LOOP('',(#1972,#1980,#1989,#1995));
#1972 = ORIENTED_EDGE('',*,*,#1973,.F.);
#1973 = EDGE_CURVE('',#1974,#1504,#1976,.T.);
#1974 = VERTEX_POINT('',#1975);
#1975 = CARTESIAN_POINT('',(-16.,-33.49117456909,41.092401085845));
#1976 = LINE('',#1977,#1978);
#1977 = CARTESIAN_POINT('',(8.049812585969E-14,-33.49117456909,
    41.092401085845));
#1978 = VECTOR('',#1979,1.);
#1979 = DIRECTION('',(1.,-8.326672684689E-17,-5.273559366969E-16));
#1980 = ORIENTED_EDGE('',*,*,#1981,.F.);
#1981 = EDGE_CURVE('',#1982,#1974,#1984,.T.);
#1982 = VERTEX_POINT('',#1983);
#1983 = CARTESIAN_POINT('',(-16.,-33.77295816053,40.895795991432));
#1984 = CIRCLE('',#1985,0.5);
#1985 = AXIS2_PLACEMENT_3D('',#1986,#1987,#1988);
#1986 = CARTESIAN_POINT('',(-16.,-33.90075059123,41.379189304021));
#1987 = DIRECTION('',(1.,-8.326672684689E-17,-1.757853122323E-16));
#1988 = DIRECTION('',(-8.326672684689E-17,-1.,3.700743415417E-17));
#1989 = ORIENTED_EDGE('',*,*,#1990,.F.);
#1990 = EDGE_CURVE('',#1512,#1982,#1991,.T.);
#1991 = LINE('',#1992,#1993);
#1992 = CARTESIAN_POINT('',(7.980982000411E-14,-33.77295816053,
    40.895795991432));
#1993 = VECTOR('',#1994,1.);
#1994 = DIRECTION('',(-1.,8.326672684689E-17,5.273559366969E-16));
#1995 = ORIENTED_EDGE('',*,*,#1511,.T.);
#1996 = CYLINDRICAL_SURFACE('',#1997,0.5);
#1997 = AXIS2_PLACEMENT_3D('',#1998,#1999,#2000);
#1998 = CARTESIAN_POINT('',(7.95891868782E-14,-33.90075059123,
    41.379189304021));
#1999 = DIRECTION('',(1.,-2.590520390792E-16,-3.515706244646E-16));
#2000 = DIRECTION('',(2.683038976177E-16,-1.,2.127927463865E-16));
#2001 = ADVANCED_FACE('',(#2002),#2020,.F.);
#2002 = FACE_BOUND('',#2003,.T.);
#2003 = EDGE_LOOP('',(#2004,#2005,#2013,#2019));
#2004 = ORIENTED_EDGE('',*,*,#1973,.F.);
#2005 = ORIENTED_EDGE('',*,*,#2006,.F.);
#2006 = EDGE_CURVE('',#2007,#1974,#2009,.T.);
#2007 = VERTEX_POINT('',#2008);
#2008 = CARTESIAN_POINT('',(-16.,-31.93086987485,43.32074712483));
#2009 = LINE('',#2010,#2011);
#2010 = CARTESIAN_POINT('',(-16.,-36.51182430841,36.778466181566));
#2011 = VECTOR('',#2012,1.);
#2012 = DIRECTION('',(-4.797445260647E-16,-0.573576436351,
    -0.819152044289));
#2013 = ORIENTED_EDGE('',*,*,#2014,.F.);
#2014 = EDGE_CURVE('',#1495,#2007,#2015,.T.);
#2015 = LINE('',#2016,#2017);
#2016 = CARTESIAN_POINT('',(7.80367681609E-14,-31.93086987485,
    43.32074712483));
#2017 = VECTOR('',#2018,1.);
#2018 = DIRECTION('',(-1.,8.326672684689E-17,5.273559366969E-16));
#2019 = ORIENTED_EDGE('',*,*,#1503,.T.);
#2020 = PLANE('',#2021);
#2021 = AXIS2_PLACEMENT_3D('',#2022,#2023,#2024);
#2022 = CARTESIAN_POINT('',(9.075552753127E-14,-32.71102222197,
    42.206574105338));
#2023 = DIRECTION('',(1.724471038588E-16,-0.819152044289,0.573576436351)
  );
#2024 = DIRECTION('',(5.063092236243E-16,-0.573576436351,-0.819152044289
    ));
#2025 = ADVANCED_FACE('',(#2026),#2045,.T.);
#2026 = FACE_BOUND('',#2027,.F.);
#2027 = EDGE_LOOP('',(#2028,#2036,#2043,#2044));
#2028 = ORIENTED_EDGE('',*,*,#2029,.F.);
#2029 = EDGE_CURVE('',#2030,#1486,#2032,.T.);
#2030 = VERTEX_POINT('',#2031);
#2031 = CARTESIAN_POINT('',(-16.,-32.71158472397,44.893584579148));
#2032 = LINE('',#2033,#2034);
#2033 = CARTESIAN_POINT('',(7.934668574981E-14,-32.71158472397,
    44.893584579148));
#2034 = VECTOR('',#2035,1.);
#2035 = DIRECTION('',(1.,-8.326672684689E-17,-5.273559366969E-16));
#2036 = ORIENTED_EDGE('',*,*,#2037,.F.);
#2037 = EDGE_CURVE('',#2007,#2030,#2038,.T.);
#2038 = CIRCLE('',#2039,1.);
#2039 = AXIS2_PLACEMENT_3D('',#2040,#2041,#2042);
#2040 = CARTESIAN_POINT('',(-16.,-32.75002191914,43.894323561181));
#2041 = DIRECTION('',(1.,-8.326672684689E-17,-1.757853122323E-16));
#2042 = DIRECTION('',(-8.326672684689E-17,-1.,3.700743415417E-17));
#2043 = ORIENTED_EDGE('',*,*,#2014,.F.);
#2044 = ORIENTED_EDGE('',*,*,#1494,.T.);
#2045 = CYLINDRICAL_SURFACE('',#2046,1.);
#2046 = AXIS2_PLACEMENT_3D('',#2047,#2048,#2049);
#2047 = CARTESIAN_POINT('',(7.795407090827E-14,-32.75002191914,
    43.894323561181));
#2048 = DIRECTION('',(1.,-2.590520390792E-16,-3.515706244646E-16));
#2049 = DIRECTION('',(2.683038976177E-16,-1.,2.127927463865E-16));
#2050 = ADVANCED_FACE('',(#2051,#2165,#2345),#2426,.T.);
#2051 = FACE_BOUND('',#2052,.T.);
#2052 = EDGE_LOOP('',(#2053,#2054,#2055,#2056,#2057,#2066,#2073,#2074,
    #2075,#2076,#2085,#2094,#2103,#2110,#2111,#2112,#2113,#2114,#2115,
    #2123,#2132,#2141,#2147,#2148,#2149,#2150,#2151,#2152,#2153,#2154,
    #2155,#2156,#2157,#2158,#2159,#2160,#2161,#2162,#2163,#2164));
#2053 = ORIENTED_EDGE('',*,*,#1140,.T.);
#2054 = ORIENTED_EDGE('',*,*,#1172,.F.);
#2055 = ORIENTED_EDGE('',*,*,#1197,.T.);
#2056 = ORIENTED_EDGE('',*,*,#1220,.F.);
#2057 = ORIENTED_EDGE('',*,*,#2058,.T.);
#2058 = EDGE_CURVE('',#1221,#2059,#2061,.T.);
#2059 = VERTEX_POINT('',#2060);
#2060 = CARTESIAN_POINT('',(-16.,-39.98064509018,37.898757453383));
#2061 = CIRCLE('',#2062,7.);
#2062 = AXIS2_PLACEMENT_3D('',#2063,#2064,#2065);
#2063 = CARTESIAN_POINT('',(-16.,-32.98064509018,37.898757453383));
#2064 = DIRECTION('',(-1.,-6.198745220824E-16,-8.789265611616E-16));
#2065 = DIRECTION('',(6.198745220824E-16,-1.,5.643633708511E-16));
#2066 = ORIENTED_EDGE('',*,*,#2067,.T.);
#2067 = EDGE_CURVE('',#2059,#2030,#2068,.T.);
#2068 = CIRCLE('',#2069,7.);
#2069 = AXIS2_PLACEMENT_3D('',#2070,#2071,#2072);
#2070 = CARTESIAN_POINT('',(-16.,-32.98064509018,37.898757453383));
#2071 = DIRECTION('',(-1.,-6.198745220824E-16,-8.789265611616E-16));
#2072 = DIRECTION('',(6.198745220824E-16,-1.,5.643633708511E-16));
#2073 = ORIENTED_EDGE('',*,*,#2037,.F.);
#2074 = ORIENTED_EDGE('',*,*,#2006,.T.);
#2075 = ORIENTED_EDGE('',*,*,#1981,.F.);
#2076 = ORIENTED_EDGE('',*,*,#2077,.T.);
#2077 = EDGE_CURVE('',#1982,#2078,#2080,.T.);
#2078 = VERTEX_POINT('',#2079);
#2079 = CARTESIAN_POINT('',(-16.,-35.96489301522,38.737962030291));
#2080 = CIRCLE('',#2081,3.1);
#2081 = AXIS2_PLACEMENT_3D('',#2082,#2083,#2084);
#2082 = CARTESIAN_POINT('',(-16.,-32.98064509018,37.898757453383));
#2083 = DIRECTION('',(1.,-8.326672684689E-17,-1.757853122323E-16));
#2084 = DIRECTION('',(-3.257055427063E-17,-0.96266062098,0.270711153841)
  );
#2085 = ORIENTED_EDGE('',*,*,#2086,.T.);
#2086 = EDGE_CURVE('',#2078,#2087,#2089,.T.);
#2087 = VERTEX_POINT('',#2088);
#2088 = CARTESIAN_POINT('',(-16.,-33.64274092681,34.870287690761));
#2089 = CIRCLE('',#2090,3.1);
#2090 = AXIS2_PLACEMENT_3D('',#2091,#2092,#2093);
#2091 = CARTESIAN_POINT('',(-16.,-32.98064509018,37.898757453383));
#2092 = DIRECTION('',(1.,-8.326672684689E-17,-1.757853122323E-16));
#2093 = DIRECTION('',(-3.257055427063E-17,-0.96266062098,0.270711153841)
  );
#2094 = ORIENTED_EDGE('',*,*,#2095,.T.);
#2095 = EDGE_CURVE('',#2087,#2096,#2098,.T.);
#2096 = VERTEX_POINT('',#2097);
#2097 = CARTESIAN_POINT('',(-16.,-33.35061788031,34.820914030698));
#2098 = CIRCLE('',#2099,3.1);
#2099 = AXIS2_PLACEMENT_3D('',#2100,#2101,#2102);
#2100 = CARTESIAN_POINT('',(-16.,-32.98064509018,37.898757453383));
#2101 = DIRECTION('',(1.,-8.326672684689E-17,-1.757853122323E-16));
#2102 = DIRECTION('',(-3.257055427063E-17,-0.96266062098,0.270711153841)
  );
#2103 = ORIENTED_EDGE('',*,*,#2104,.T.);
#2104 = EDGE_CURVE('',#2096,#1949,#2105,.T.);
#2105 = CIRCLE('',#2106,3.1);
#2106 = AXIS2_PLACEMENT_3D('',#2107,#2108,#2109);
#2107 = CARTESIAN_POINT('',(-16.,-32.98064509018,37.898757453383));
#2108 = DIRECTION('',(1.,-8.326672684689E-17,-1.757853122323E-16));
#2109 = DIRECTION('',(-3.257055427063E-17,-0.96266062098,0.270711153841)
  );
#2110 = ORIENTED_EDGE('',*,*,#1956,.F.);
#2111 = ORIENTED_EDGE('',*,*,#1925,.T.);
#2112 = ORIENTED_EDGE('',*,*,#1907,.F.);
#2113 = ORIENTED_EDGE('',*,*,#1874,.T.);
#2114 = ORIENTED_EDGE('',*,*,#1596,.F.);
#2115 = ORIENTED_EDGE('',*,*,#2116,.F.);
#2116 = EDGE_CURVE('',#2117,#1597,#2119,.T.);
#2117 = VERTEX_POINT('',#2118);
#2118 = CARTESIAN_POINT('',(-16.,-14.35098920809,16.992256052038));
#2119 = LINE('',#2120,#2121);
#2120 = CARTESIAN_POINT('',(-16.,-14.35098920809,16.992256052038));
#2121 = VECTOR('',#2122,1.);
#2122 = DIRECTION('',(-1.9491340925E-16,-0.699225605204,0.71490107919));
#2123 = ORIENTED_EDGE('',*,*,#2124,.T.);
#2124 = EDGE_CURVE('',#2117,#2125,#2127,.T.);
#2125 = VERTEX_POINT('',#2126);
#2126 = CARTESIAN_POINT('',(-16.,-13.37767137932,15.833333333333));
#2127 = CIRCLE('',#2128,10.);
#2128 = AXIS2_PLACEMENT_3D('',#2129,#2130,#2131);
#2129 = CARTESIAN_POINT('',(-16.,-21.5,10.));
#2130 = DIRECTION('',(-1.,-6.198745220824E-16,-8.789265611616E-16));
#2131 = DIRECTION('',(6.198745220824E-16,-1.,5.643633708511E-16));
#2132 = ORIENTED_EDGE('',*,*,#2133,.F.);
#2133 = EDGE_CURVE('',#2134,#2125,#2136,.T.);
#2134 = VERTEX_POINT('',#2135);
#2135 = CARTESIAN_POINT('',(-16.,-11.75320565518,15.));
#2136 = CIRCLE('',#2137,2.);
#2137 = AXIS2_PLACEMENT_3D('',#2138,#2139,#2140);
#2138 = CARTESIAN_POINT('',(-16.,-11.75320565518,17.));
#2139 = DIRECTION('',(-1.,-6.198745220824E-16,-8.789265611616E-16));
#2140 = DIRECTION('',(6.198745220824E-16,-1.,5.643633708511E-16));
#2141 = ORIENTED_EDGE('',*,*,#2142,.T.);
#2142 = EDGE_CURVE('',#2134,#609,#2143,.T.);
#2143 = LINE('',#2144,#2145);
#2144 = CARTESIAN_POINT('',(-16.,-21.5,15.));
#2145 = VECTOR('',#2146,1.);
#2146 = DIRECTION('',(-2.683038976177E-16,1.,-2.127927463865E-16));
#2147 = ORIENTED_EDGE('',*,*,#626,.T.);
#2148 = ORIENTED_EDGE('',*,*,#593,.F.);
#2149 = ORIENTED_EDGE('',*,*,#512,.T.);
#2150 = ORIENTED_EDGE('',*,*,#479,.T.);
#2151 = ORIENTED_EDGE('',*,*,#456,.F.);
#2152 = ORIENTED_EDGE('',*,*,#414,.F.);
#2153 = ORIENTED_EDGE('',*,*,#392,.F.);
#2154 = ORIENTED_EDGE('',*,*,#350,.F.);
#2155 = ORIENTED_EDGE('',*,*,#308,.T.);
#2156 = ORIENTED_EDGE('',*,*,#317,.T.);
#2157 = ORIENTED_EDGE('',*,*,#266,.F.);
#2158 = ORIENTED_EDGE('',*,*,#244,.F.);
#2159 = ORIENTED_EDGE('',*,*,#202,.F.);
#2160 = ORIENTED_EDGE('',*,*,#169,.F.);
#2161 = ORIENTED_EDGE('',*,*,#178,.F.);
#2162 = ORIENTED_EDGE('',*,*,#96,.T.);
#2163 = ORIENTED_EDGE('',*,*,#81,.F.);
#2164 = ORIENTED_EDGE('',*,*,#48,.T.);
#2165 = FACE_BOUND('',#2166,.T.);
#2166 = EDGE_LOOP('',(#2167,#2178,#2187,#2196,#2205,#2214,#2223,#2232,
    #2240,#2249,#2258,#2267,#2276,#2285,#2294,#2302,#2311,#2320,#2329,
    #2338));
#2167 = ORIENTED_EDGE('',*,*,#2168,.T.);
#2168 = EDGE_CURVE('',#2169,#2171,#2173,.T.);
#2169 = VERTEX_POINT('',#2170);
#2170 = CARTESIAN_POINT('',(-16.,-15.90983005625,15.));
#2171 = VERTEX_POINT('',#2172);
#2172 = CARTESIAN_POINT('',(-16.,-15.92984952945,15.022292677201));
#2173 = CIRCLE('',#2174,7.5);
#2174 = AXIS2_PLACEMENT_3D('',#2175,#2176,#2177);
#2175 = CARTESIAN_POINT('',(-16.,-21.5,10.));
#2176 = DIRECTION('',(1.,-8.326672684689E-17,-1.757853122323E-16));
#2177 = DIRECTION('',(-8.326672684689E-17,-1.,3.700743415417E-17));
#2178 = ORIENTED_EDGE('',*,*,#2179,.T.);
#2179 = EDGE_CURVE('',#2171,#2180,#2182,.T.);
#2180 = VERTEX_POINT('',#2181);
#2181 = CARTESIAN_POINT('',(-16.,-16.5922821829,15.671358375888));
#2182 = CIRCLE('',#2183,7.5);
#2183 = AXIS2_PLACEMENT_3D('',#2184,#2185,#2186);
#2184 = CARTESIAN_POINT('',(-16.,-21.5,10.));
#2185 = DIRECTION('',(1.,-8.326672684689E-17,-1.757853122323E-16));
#2186 = DIRECTION('',(-8.326672684689E-17,-1.,3.700743415417E-17));
#2187 = ORIENTED_EDGE('',*,*,#2188,.T.);
#2188 = EDGE_CURVE('',#2180,#2189,#2191,.T.);
#2189 = VERTEX_POINT('',#2190);
#2190 = CARTESIAN_POINT('',(-16.,-28.83889982116,8.453859833346));
#2191 = CIRCLE('',#2192,7.5);
#2192 = AXIS2_PLACEMENT_3D('',#2193,#2194,#2195);
#2193 = CARTESIAN_POINT('',(-16.,-21.5,10.));
#2194 = DIRECTION('',(1.,-8.326672684689E-17,-1.757853122323E-16));
#2195 = DIRECTION('',(-8.326672684689E-17,-1.,3.700743415417E-17));
#2196 = ORIENTED_EDGE('',*,*,#2197,.T.);
#2197 = EDGE_CURVE('',#2189,#2198,#2200,.T.);
#2198 = VERTEX_POINT('',#2199);
#2199 = CARTESIAN_POINT('',(-16.,-23.14019975644,2.681547652751));
#2200 = CIRCLE('',#2201,7.5);
#2201 = AXIS2_PLACEMENT_3D('',#2202,#2203,#2204);
#2202 = CARTESIAN_POINT('',(-16.,-21.5,10.));
#2203 = DIRECTION('',(1.,-8.326672684689E-17,-1.757853122323E-16));
#2204 = DIRECTION('',(-8.326672684689E-17,-1.,3.700743415417E-17));
#2205 = ORIENTED_EDGE('',*,*,#2206,.T.);
#2206 = EDGE_CURVE('',#2198,#2207,#2209,.T.);
#2207 = VERTEX_POINT('',#2208);
#2208 = CARTESIAN_POINT('',(-16.,-22.87776779541,3.852500028311));
#2209 = CIRCLE('',#2210,0.6);
#2210 = AXIS2_PLACEMENT_3D('',#2211,#2212,#2213);
#2211 = CARTESIAN_POINT('',(-16.,-23.00898377593,3.267023840531));
#2212 = DIRECTION('',(1.,-8.326672684689E-17,-1.757853122323E-16));
#2213 = DIRECTION('',(-8.326672684689E-17,-1.,3.700743415417E-17));
#2214 = ORIENTED_EDGE('',*,*,#2215,.F.);
#2215 = EDGE_CURVE('',#2216,#2207,#2218,.T.);
#2216 = VERTEX_POINT('',#2217);
#2217 = CARTESIAN_POINT('',(-16.,-27.73594224741,9.103883775971));
#2218 = CIRCLE('',#2219,6.3);
#2219 = AXIS2_PLACEMENT_3D('',#2220,#2221,#2222);
#2220 = CARTESIAN_POINT('',(-16.,-21.5,10.));
#2221 = DIRECTION('',(1.,-8.326672684689E-17,-1.757853122323E-16));
#2222 = DIRECTION('',(-8.326672684689E-17,-1.,3.700743415417E-17));
#2223 = ORIENTED_EDGE('',*,*,#2224,.F.);
#2224 = EDGE_CURVE('',#2225,#2216,#2227,.T.);
#2225 = VERTEX_POINT('',#2226);
#2226 = CARTESIAN_POINT('',(-16.,-24.26252684332,15.662017788731));
#2227 = CIRCLE('',#2228,6.3);
#2228 = AXIS2_PLACEMENT_3D('',#2229,#2230,#2231);
#2229 = CARTESIAN_POINT('',(-16.,-21.5,10.));
#2230 = DIRECTION('',(1.,-8.326672684689E-17,-1.757853122323E-16));
#2231 = DIRECTION('',(-8.326672684689E-17,-1.,3.700743415417E-17));
#2232 = ORIENTED_EDGE('',*,*,#2233,.T.);
#2233 = EDGE_CURVE('',#2225,#2234,#2236,.T.);
#2234 = VERTEX_POINT('',#2235);
#2235 = CARTESIAN_POINT('',(-16.,-23.97230071163,14.956748320761));
#2236 = LINE('',#2237,#2238);
#2237 = CARTESIAN_POINT('',(-16.,-25.27724512331,18.127853023131));
#2238 = VECTOR('',#2239,1.);
#2239 = DIRECTION('',(-4.559909524676E-16,0.380549177787,-0.924760684332
    ));
#2240 = ORIENTED_EDGE('',*,*,#2241,.T.);
#2241 = EDGE_CURVE('',#2234,#2242,#2244,.T.);
#2242 = VERTEX_POINT('',#2243);
#2243 = CARTESIAN_POINT('',(-16.,-27.0188255606,9.526513827362));
#2244 = CIRCLE('',#2245,5.539099631177);
#2245 = AXIS2_PLACEMENT_3D('',#2246,#2247,#2248);
#2246 = CARTESIAN_POINT('',(-16.,-21.5,10.));
#2247 = DIRECTION('',(1.,9.251858538543E-17,-3.515706244646E-16));
#2248 = DIRECTION('',(3.515706244646E-16,-9.251858538543E-18,1.));
#2249 = ORIENTED_EDGE('',*,*,#2250,.T.);
#2250 = EDGE_CURVE('',#2242,#2251,#2253,.T.);
#2251 = VERTEX_POINT('',#2252);
#2252 = CARTESIAN_POINT('',(-16.,-19.11638410726,5.));
#2253 = CIRCLE('',#2254,5.539099631177);
#2254 = AXIS2_PLACEMENT_3D('',#2255,#2256,#2257);
#2255 = CARTESIAN_POINT('',(-16.,-21.5,10.));
#2256 = DIRECTION('',(1.,9.251858538543E-17,-3.515706244646E-16));
#2257 = DIRECTION('',(3.515706244646E-16,-9.251858538543E-18,1.));
#2258 = ORIENTED_EDGE('',*,*,#2259,.T.);
#2259 = EDGE_CURVE('',#2251,#2260,#2262,.T.);
#2260 = VERTEX_POINT('',#2261);
#2261 = CARTESIAN_POINT('',(-16.,-18.41235644345,14.598704381872));
#2262 = CIRCLE('',#2263,5.539099631177);
#2263 = AXIS2_PLACEMENT_3D('',#2264,#2265,#2266);
#2264 = CARTESIAN_POINT('',(-16.,-21.5,10.));
#2265 = DIRECTION('',(1.,9.251858538543E-17,-3.515706244646E-16));
#2266 = DIRECTION('',(3.515706244646E-16,-9.251858538543E-18,1.));
#2267 = ORIENTED_EDGE('',*,*,#2268,.T.);
#2268 = EDGE_CURVE('',#2260,#2269,#2271,.T.);
#2269 = VERTEX_POINT('',#2270);
#2270 = CARTESIAN_POINT('',(-16.,-19.11638410726,15.));
#2271 = CIRCLE('',#2272,5.539099631177);
#2272 = AXIS2_PLACEMENT_3D('',#2273,#2274,#2275);
#2273 = CARTESIAN_POINT('',(-16.,-21.5,10.));
#2274 = DIRECTION('',(1.,9.251858538543E-17,-3.515706244646E-16));
#2275 = DIRECTION('',(3.515706244646E-16,-9.251858538543E-18,1.));
#2276 = ORIENTED_EDGE('',*,*,#2277,.T.);
#2277 = EDGE_CURVE('',#2269,#2278,#2280,.T.);
#2278 = VERTEX_POINT('',#2279);
#2279 = CARTESIAN_POINT('',(-16.,-21.5,15.539099631177));
#2280 = CIRCLE('',#2281,5.539099631177);
#2281 = AXIS2_PLACEMENT_3D('',#2282,#2283,#2284);
#2282 = CARTESIAN_POINT('',(-16.,-21.5,10.));
#2283 = DIRECTION('',(1.,9.251858538543E-17,-3.515706244646E-16));
#2284 = DIRECTION('',(3.515706244646E-16,-9.251858538543E-18,1.));
#2285 = ORIENTED_EDGE('',*,*,#2286,.T.);
#2286 = EDGE_CURVE('',#2278,#2287,#2289,.T.);
#2287 = VERTEX_POINT('',#2288);
#2288 = CARTESIAN_POINT('',(-16.,-23.23249216416,15.261187662991));
#2289 = CIRCLE('',#2290,5.539099631177);
#2290 = AXIS2_PLACEMENT_3D('',#2291,#2292,#2293);
#2291 = CARTESIAN_POINT('',(-16.,-21.5,10.));
#2292 = DIRECTION('',(1.,9.251858538543E-17,-3.515706244646E-16));
#2293 = DIRECTION('',(3.515706244646E-16,-9.251858538543E-18,1.));
#2294 = ORIENTED_EDGE('',*,*,#2295,.T.);
#2295 = EDGE_CURVE('',#2287,#2296,#2298,.T.);
#2296 = VERTEX_POINT('',#2297);
#2297 = CARTESIAN_POINT('',(-16.,-23.52271829586,15.966457130961));
#2298 = LINE('',#2299,#2300);
#2299 = CARTESIAN_POINT('',(-16.,-24.53743657585,18.432292365361));
#2300 = VECTOR('',#2301,1.);
#2301 = DIRECTION('',(4.559909524676E-16,-0.380549177787,0.924760684332)
  );
#2302 = ORIENTED_EDGE('',*,*,#2303,.F.);
#2303 = EDGE_CURVE('',#2304,#2296,#2306,.T.);
#2304 = VERTEX_POINT('',#2305);
#2305 = CARTESIAN_POINT('',(-16.,-17.69523975665,15.021334433263));
#2306 = CIRCLE('',#2307,6.3);
#2307 = AXIS2_PLACEMENT_3D('',#2308,#2309,#2310);
#2308 = CARTESIAN_POINT('',(-16.,-21.5,10.));
#2309 = DIRECTION('',(1.,-8.326672684689E-17,-1.757853122323E-16));
#2310 = DIRECTION('',(-8.326672684689E-17,-1.,3.700743415417E-17));
#2311 = ORIENTED_EDGE('',*,*,#2312,.F.);
#2312 = EDGE_CURVE('',#2313,#2304,#2315,.T.);
#2313 = VERTEX_POINT('',#2314);
#2314 = CARTESIAN_POINT('',(-16.,-17.66724642065,15.));
#2315 = CIRCLE('',#2316,6.3);
#2316 = AXIS2_PLACEMENT_3D('',#2317,#2318,#2319);
#2317 = CARTESIAN_POINT('',(-16.,-21.5,10.));
#2318 = DIRECTION('',(1.,-8.326672684689E-17,-1.757853122323E-16));
#2319 = DIRECTION('',(-8.326672684689E-17,-1.,3.700743415417E-17));
#2320 = ORIENTED_EDGE('',*,*,#2321,.F.);
#2321 = EDGE_CURVE('',#2322,#2313,#2324,.T.);
#2322 = VERTEX_POINT('',#2323);
#2323 = CARTESIAN_POINT('',(-16.,-16.19446397918,6.60275294808));
#2324 = CIRCLE('',#2325,6.3);
#2325 = AXIS2_PLACEMENT_3D('',#2326,#2327,#2328);
#2326 = CARTESIAN_POINT('',(-16.,-21.5,10.));
#2327 = DIRECTION('',(1.,-8.326672684689E-17,-1.757853122323E-16));
#2328 = DIRECTION('',(-8.326672684689E-17,-1.,3.700743415417E-17));
#2329 = ORIENTED_EDGE('',*,*,#2330,.T.);
#2330 = EDGE_CURVE('',#2322,#2331,#2333,.T.);
#2331 = VERTEX_POINT('',#2332);
#2332 = CARTESIAN_POINT('',(-16.,-15.1838856895,5.955658271524));
#2333 = CIRCLE('',#2334,0.6);
#2334 = AXIS2_PLACEMENT_3D('',#2335,#2336,#2337);
#2335 = CARTESIAN_POINT('',(-16.,-15.68917483434,6.279205609802));
#2336 = DIRECTION('',(1.,-8.326672684689E-17,-1.757853122323E-16));
#2337 = DIRECTION('',(-8.326672684689E-17,-1.,3.700743415417E-17));
#2338 = ORIENTED_EDGE('',*,*,#2339,.T.);
#2339 = EDGE_CURVE('',#2331,#2169,#2340,.T.);
#2340 = CIRCLE('',#2341,7.5);
#2341 = AXIS2_PLACEMENT_3D('',#2342,#2343,#2344);
#2342 = CARTESIAN_POINT('',(-16.,-21.5,10.));
#2343 = DIRECTION('',(1.,-8.326672684689E-17,-1.757853122323E-16));
#2344 = DIRECTION('',(-8.326672684689E-17,-1.,3.700743415417E-17));
#2345 = FACE_BOUND('',#2346,.T.);
#2346 = EDGE_LOOP('',(#2347,#2357,#2366,#2375,#2383,#2392,#2401,#2410,
    #2419));
#2347 = ORIENTED_EDGE('',*,*,#2348,.F.);
#2348 = EDGE_CURVE('',#2349,#2351,#2353,.T.);
#2349 = VERTEX_POINT('',#2350);
#2350 = CARTESIAN_POINT('',(-16.,23.232492164168,15.261187662991));
#2351 = VERTEX_POINT('',#2352);
#2352 = CARTESIAN_POINT('',(-16.,23.52271829586,15.966457130961));
#2353 = LINE('',#2354,#2355);
#2354 = CARTESIAN_POINT('',(-16.,23.875678261483,16.824174131559));
#2355 = VECTOR('',#2356,1.);
#2356 = DIRECTION('',(-1.136331157395E-15,0.380549177787,0.924760684332)
  );
#2357 = ORIENTED_EDGE('',*,*,#2358,.T.);
#2358 = EDGE_CURVE('',#2349,#2359,#2361,.T.);
#2359 = VERTEX_POINT('',#2360);
#2360 = CARTESIAN_POINT('',(-16.,21.5,15.539099631177));
#2361 = CIRCLE('',#2362,5.539099631177);
#2362 = AXIS2_PLACEMENT_3D('',#2363,#2364,#2365);
#2363 = CARTESIAN_POINT('',(-16.,21.5,10.));
#2364 = DIRECTION('',(1.,-1.295260195396E-16,6.47630097698E-17));
#2365 = DIRECTION('',(-6.47630097698E-17,1.110223024625E-16,1.));
#2366 = ORIENTED_EDGE('',*,*,#2367,.T.);
#2367 = EDGE_CURVE('',#2359,#2368,#2370,.T.);
#2368 = VERTEX_POINT('',#2369);
#2369 = CARTESIAN_POINT('',(-16.,23.972300711633,14.956748320761));
#2370 = CIRCLE('',#2371,5.539099631177);
#2371 = AXIS2_PLACEMENT_3D('',#2372,#2373,#2374);
#2372 = CARTESIAN_POINT('',(-16.,21.5,10.));
#2373 = DIRECTION('',(1.,-1.295260195396E-16,6.47630097698E-17));
#2374 = DIRECTION('',(-6.47630097698E-17,1.110223024625E-16,1.));
#2375 = ORIENTED_EDGE('',*,*,#2376,.F.);
#2376 = EDGE_CURVE('',#2377,#2368,#2379,.T.);
#2377 = VERTEX_POINT('',#2378);
#2378 = CARTESIAN_POINT('',(-16.,24.262526843325,15.662017788731));
#2379 = LINE('',#2380,#2381);
#2380 = CARTESIAN_POINT('',(-16.,24.615486808948,16.519734789329));
#2381 = VECTOR('',#2382,1.);
#2382 = DIRECTION('',(1.136331157395E-15,-0.380549177787,-0.924760684332
    ));
#2383 = ORIENTED_EDGE('',*,*,#2384,.F.);
#2384 = EDGE_CURVE('',#2385,#2377,#2387,.T.);
#2385 = VERTEX_POINT('',#2386);
#2386 = CARTESIAN_POINT('',(-16.,22.877767795416,3.852500028311));
#2387 = CIRCLE('',#2388,6.3);
#2388 = AXIS2_PLACEMENT_3D('',#2389,#2390,#2391);
#2389 = CARTESIAN_POINT('',(-16.,21.5,10.));
#2390 = DIRECTION('',(1.,2.683038976177E-16,6.568819562366E-16));
#2391 = DIRECTION('',(-2.683038976177E-16,1.,-6.568819562366E-16));
#2392 = ORIENTED_EDGE('',*,*,#2393,.T.);
#2393 = EDGE_CURVE('',#2385,#2394,#2396,.T.);
#2394 = VERTEX_POINT('',#2395);
#2395 = CARTESIAN_POINT('',(-16.,23.140199756447,2.681547652751));
#2396 = CIRCLE('',#2397,0.6);
#2397 = AXIS2_PLACEMENT_3D('',#2398,#2399,#2400);
#2398 = CARTESIAN_POINT('',(-16.,23.008983775932,3.267023840531));
#2399 = DIRECTION('',(1.,2.683038976177E-16,6.568819562366E-16));
#2400 = DIRECTION('',(-2.683038976177E-16,1.,-6.568819562366E-16));
#2401 = ORIENTED_EDGE('',*,*,#2402,.T.);
#2402 = EDGE_CURVE('',#2394,#2403,#2405,.T.);
#2403 = VERTEX_POINT('',#2404);
#2404 = CARTESIAN_POINT('',(-16.,15.1838856895,5.955658271524));
#2405 = CIRCLE('',#2406,7.5);
#2406 = AXIS2_PLACEMENT_3D('',#2407,#2408,#2409);
#2407 = CARTESIAN_POINT('',(-16.,21.5,10.));
#2408 = DIRECTION('',(1.,2.683038976177E-16,6.568819562366E-16));
#2409 = DIRECTION('',(-2.683038976177E-16,1.,-6.568819562366E-16));
#2410 = ORIENTED_EDGE('',*,*,#2411,.T.);
#2411 = EDGE_CURVE('',#2403,#2412,#2414,.T.);
#2412 = VERTEX_POINT('',#2413);
#2413 = CARTESIAN_POINT('',(-16.,16.19446397918,6.60275294808));
#2414 = CIRCLE('',#2415,0.6);
#2415 = AXIS2_PLACEMENT_3D('',#2416,#2417,#2418);
#2416 = CARTESIAN_POINT('',(-16.,15.68917483434,6.279205609802));
#2417 = DIRECTION('',(1.,2.683038976177E-16,6.568819562366E-16));
#2418 = DIRECTION('',(-2.683038976177E-16,1.,-6.568819562366E-16));
#2419 = ORIENTED_EDGE('',*,*,#2420,.F.);
#2420 = EDGE_CURVE('',#2351,#2412,#2421,.T.);
#2421 = CIRCLE('',#2422,6.3);
#2422 = AXIS2_PLACEMENT_3D('',#2423,#2424,#2425);
#2423 = CARTESIAN_POINT('',(-16.,21.5,10.));
#2424 = DIRECTION('',(1.,2.683038976177E-16,6.568819562366E-16));
#2425 = DIRECTION('',(-2.683038976177E-16,1.,-6.568819562366E-16));
#2426 = PLANE('',#2427);
#2427 = AXIS2_PLACEMENT_3D('',#2428,#2429,#2430);
#2428 = CARTESIAN_POINT('',(-16.,-5.321421189923E-02,22.428820692187));
#2429 = DIRECTION('',(-1.,-9.944488777738E-16,-9.652345428897E-16));
#2430 = DIRECTION('',(9.944488777738E-16,-1.,1.110223024625E-16));
#2431 = ADVANCED_FACE('',(#2432),#2458,.F.);
#2432 = FACE_BOUND('',#2433,.F.);
#2433 = EDGE_LOOP('',(#2434,#2442,#2451,#2457));
#2434 = ORIENTED_EDGE('',*,*,#2435,.T.);
#2435 = EDGE_CURVE('',#2134,#2436,#2438,.T.);
#2436 = VERTEX_POINT('',#2437);
#2437 = CARTESIAN_POINT('',(16.,-11.75320565518,15.));
#2438 = LINE('',#2439,#2440);
#2439 = CARTESIAN_POINT('',(-16.,-11.75320565518,15.));
#2440 = VECTOR('',#2441,1.);
#2441 = DIRECTION('',(1.,-8.326672684689E-17,-5.273559366969E-16));
#2442 = ORIENTED_EDGE('',*,*,#2443,.T.);
#2443 = EDGE_CURVE('',#2436,#2444,#2446,.T.);
#2444 = VERTEX_POINT('',#2445);
#2445 = CARTESIAN_POINT('',(16.,-13.37767137932,15.833333333333));
#2446 = CIRCLE('',#2447,2.);
#2447 = AXIS2_PLACEMENT_3D('',#2448,#2449,#2450);
#2448 = CARTESIAN_POINT('',(16.,-11.75320565518,17.));
#2449 = DIRECTION('',(-1.,-6.198745220824E-16,-8.789265611616E-16));
#2450 = DIRECTION('',(6.198745220824E-16,-1.,5.643633708511E-16));
#2451 = ORIENTED_EDGE('',*,*,#2452,.F.);
#2452 = EDGE_CURVE('',#2125,#2444,#2453,.T.);
#2453 = LINE('',#2454,#2455);
#2454 = CARTESIAN_POINT('',(-16.,-13.37767137932,15.833333333333));
#2455 = VECTOR('',#2456,1.);
#2456 = DIRECTION('',(1.,-8.326672684689E-17,-5.273559366969E-16));
#2457 = ORIENTED_EDGE('',*,*,#2133,.F.);
#2458 = CYLINDRICAL_SURFACE('',#2459,2.);
#2459 = AXIS2_PLACEMENT_3D('',#2460,#2461,#2462);
#2460 = CARTESIAN_POINT('',(-16.,-11.75320565518,17.));
#2461 = DIRECTION('',(-1.,2.590520390792E-16,3.515706244646E-16));
#2462 = DIRECTION('',(2.683038976177E-16,-1.,2.127927463865E-16));
#2463 = ADVANCED_FACE('',(#2464),#2483,.T.);
#2464 = FACE_BOUND('',#2465,.T.);
#2465 = EDGE_LOOP('',(#2466,#2467,#2475,#2482));
#2466 = ORIENTED_EDGE('',*,*,#2124,.F.);
#2467 = ORIENTED_EDGE('',*,*,#2468,.T.);
#2468 = EDGE_CURVE('',#2117,#2469,#2471,.T.);
#2469 = VERTEX_POINT('',#2470);
#2470 = CARTESIAN_POINT('',(16.,-14.35098920809,16.992256052038));
#2471 = LINE('',#2472,#2473);
#2472 = CARTESIAN_POINT('',(-16.,-14.35098920809,16.992256052038));
#2473 = VECTOR('',#2474,1.);
#2474 = DIRECTION('',(1.,9.251858538543E-17,-3.515706244646E-16));
#2475 = ORIENTED_EDGE('',*,*,#2476,.T.);
#2476 = EDGE_CURVE('',#2469,#2444,#2477,.T.);
#2477 = CIRCLE('',#2478,10.);
#2478 = AXIS2_PLACEMENT_3D('',#2479,#2480,#2481);
#2479 = CARTESIAN_POINT('',(16.,-21.5,10.));
#2480 = DIRECTION('',(-1.,-6.198745220824E-16,-8.789265611616E-16));
#2481 = DIRECTION('',(6.198745220824E-16,-1.,5.643633708511E-16));
#2482 = ORIENTED_EDGE('',*,*,#2452,.F.);
#2483 = CYLINDRICAL_SURFACE('',#2484,10.);
#2484 = AXIS2_PLACEMENT_3D('',#2485,#2486,#2487);
#2485 = CARTESIAN_POINT('',(-16.,-21.5,10.));
#2486 = DIRECTION('',(-1.,2.590520390792E-16,3.515706244646E-16));
#2487 = DIRECTION('',(2.683038976177E-16,-1.,2.127927463865E-16));
#2488 = ADVANCED_FACE('',(#2489),#2555,.F.);
#2489 = FACE_BOUND('',#2490,.T.);
#2490 = EDGE_LOOP('',(#2491,#2502,#2508,#2509,#2510,#2511,#2512,#2513,
    #2521,#2530,#2539,#2548));
#2491 = ORIENTED_EDGE('',*,*,#2492,.T.);
#2492 = EDGE_CURVE('',#2493,#2495,#2497,.T.);
#2493 = VERTEX_POINT('',#2494);
#2494 = CARTESIAN_POINT('',(16.,-28.83889982116,8.453859833346));
#2495 = VERTEX_POINT('',#2496);
#2496 = CARTESIAN_POINT('',(16.,-23.14019975644,2.681547652751));
#2497 = CIRCLE('',#2498,7.5);
#2498 = AXIS2_PLACEMENT_3D('',#2499,#2500,#2501);
#2499 = CARTESIAN_POINT('',(16.,-21.5,10.));
#2500 = DIRECTION('',(1.,-8.326672684689E-17,-1.757853122323E-16));
#2501 = DIRECTION('',(-8.326672684689E-17,-1.,3.700743415417E-17));
#2502 = ORIENTED_EDGE('',*,*,#2503,.T.);
#2503 = EDGE_CURVE('',#2495,#2198,#2504,.T.);
#2504 = LINE('',#2505,#2506);
#2505 = CARTESIAN_POINT('',(9.710952020968E-14,-23.14019975644,
    2.681547652751));
#2506 = VECTOR('',#2507,1.);
#2507 = DIRECTION('',(-1.,8.326672684689E-17,5.273559366969E-16));
#2508 = ORIENTED_EDGE('',*,*,#2197,.F.);
#2509 = ORIENTED_EDGE('',*,*,#2188,.F.);
#2510 = ORIENTED_EDGE('',*,*,#2179,.F.);
#2511 = ORIENTED_EDGE('',*,*,#2168,.F.);
#2512 = ORIENTED_EDGE('',*,*,#2339,.F.);
#2513 = ORIENTED_EDGE('',*,*,#2514,.T.);
#2514 = EDGE_CURVE('',#2331,#2515,#2517,.T.);
#2515 = VERTEX_POINT('',#2516);
#2516 = CARTESIAN_POINT('',(16.,-15.1838856895,5.955658271524));
#2517 = LINE('',#2518,#2519);
#2518 = CARTESIAN_POINT('',(8.945130365896E-14,-15.1838856895,
    5.955658271524));
#2519 = VECTOR('',#2520,1.);
#2520 = DIRECTION('',(1.,-8.326672684689E-17,-5.273559366969E-16));
#2521 = ORIENTED_EDGE('',*,*,#2522,.T.);
#2522 = EDGE_CURVE('',#2515,#2523,#2525,.T.);
#2523 = VERTEX_POINT('',#2524);
#2524 = CARTESIAN_POINT('',(16.,-15.90983005625,15.));
#2525 = CIRCLE('',#2526,7.5);
#2526 = AXIS2_PLACEMENT_3D('',#2527,#2528,#2529);
#2527 = CARTESIAN_POINT('',(16.,-21.5,10.));
#2528 = DIRECTION('',(1.,-8.326672684689E-17,-1.757853122323E-16));
#2529 = DIRECTION('',(-8.326672684689E-17,-1.,3.700743415417E-17));
#2530 = ORIENTED_EDGE('',*,*,#2531,.T.);
#2531 = EDGE_CURVE('',#2523,#2532,#2534,.T.);
#2532 = VERTEX_POINT('',#2533);
#2533 = CARTESIAN_POINT('',(16.,-15.92984952945,15.022292677201));
#2534 = CIRCLE('',#2535,7.5);
#2535 = AXIS2_PLACEMENT_3D('',#2536,#2537,#2538);
#2536 = CARTESIAN_POINT('',(16.,-21.5,10.));
#2537 = DIRECTION('',(1.,-8.326672684689E-17,-1.757853122323E-16));
#2538 = DIRECTION('',(-8.326672684689E-17,-1.,3.700743415417E-17));
#2539 = ORIENTED_EDGE('',*,*,#2540,.T.);
#2540 = EDGE_CURVE('',#2532,#2541,#2543,.T.);
#2541 = VERTEX_POINT('',#2542);
#2542 = CARTESIAN_POINT('',(16.,-16.5922821829,15.671358375888));
#2543 = CIRCLE('',#2544,7.5);
#2544 = AXIS2_PLACEMENT_3D('',#2545,#2546,#2547);
#2545 = CARTESIAN_POINT('',(16.,-21.5,10.));
#2546 = DIRECTION('',(1.,-8.326672684689E-17,-1.757853122323E-16));
#2547 = DIRECTION('',(-8.326672684689E-17,-1.,3.700743415417E-17));
#2548 = ORIENTED_EDGE('',*,*,#2549,.T.);
#2549 = EDGE_CURVE('',#2541,#2493,#2550,.T.);
#2550 = CIRCLE('',#2551,7.5);
#2551 = AXIS2_PLACEMENT_3D('',#2552,#2553,#2554);
#2552 = CARTESIAN_POINT('',(16.,-21.5,10.));
#2553 = DIRECTION('',(1.,-8.326672684689E-17,-1.757853122323E-16));
#2554 = DIRECTION('',(-8.326672684689E-17,-1.,3.700743415417E-17));
#2555 = CYLINDRICAL_SURFACE('',#2556,7.5);
#2556 = AXIS2_PLACEMENT_3D('',#2557,#2558,#2559);
#2557 = CARTESIAN_POINT('',(9.281001892939E-14,-21.5,10.));
#2558 = DIRECTION('',(1.,-2.590520390792E-16,-3.515706244646E-16));
#2559 = DIRECTION('',(2.683038976177E-16,-1.,2.127927463865E-16));
#2560 = ADVANCED_FACE('',(#2561),#2580,.F.);
#2561 = FACE_BOUND('',#2562,.T.);
#2562 = EDGE_LOOP('',(#2563,#2572,#2573,#2574));
#2563 = ORIENTED_EDGE('',*,*,#2564,.T.);
#2564 = EDGE_CURVE('',#2565,#2515,#2567,.T.);
#2565 = VERTEX_POINT('',#2566);
#2566 = CARTESIAN_POINT('',(16.,-16.19446397918,6.60275294808));
#2567 = CIRCLE('',#2568,0.6);
#2568 = AXIS2_PLACEMENT_3D('',#2569,#2570,#2571);
#2569 = CARTESIAN_POINT('',(16.,-15.68917483434,6.279205609802));
#2570 = DIRECTION('',(1.,-8.326672684689E-17,-1.757853122323E-16));
#2571 = DIRECTION('',(-8.326672684689E-17,-1.,3.700743415417E-17));
#2572 = ORIENTED_EDGE('',*,*,#2514,.F.);
#2573 = ORIENTED_EDGE('',*,*,#2330,.F.);
#2574 = ORIENTED_EDGE('',*,*,#2575,.T.);
#2575 = EDGE_CURVE('',#2322,#2565,#2576,.T.);
#2576 = LINE('',#2577,#2578);
#2577 = CARTESIAN_POINT('',(8.996398565354E-14,-16.19446397918,
    6.60275294808));
#2578 = VECTOR('',#2579,1.);
#2579 = DIRECTION('',(1.,-8.326672684689E-17,-5.273559366969E-16));
#2580 = CYLINDRICAL_SURFACE('',#2581,0.6);
#2581 = AXIS2_PLACEMENT_3D('',#2582,#2583,#2584);
#2582 = CARTESIAN_POINT('',(9.321313489997E-14,-15.68917483434,
    6.279205609802));
#2583 = DIRECTION('',(1.,-2.590520390792E-16,-3.515706244646E-16));
#2584 = DIRECTION('',(2.683038976177E-16,-1.,2.127927463865E-16));
#2585 = ADVANCED_FACE('',(#2586),#2625,.T.);
#2586 = FACE_BOUND('',#2587,.F.);
#2587 = EDGE_LOOP('',(#2588,#2596,#2597,#2598,#2599,#2600,#2609,#2618));
#2588 = ORIENTED_EDGE('',*,*,#2589,.F.);
#2589 = EDGE_CURVE('',#2296,#2590,#2592,.T.);
#2590 = VERTEX_POINT('',#2591);
#2591 = CARTESIAN_POINT('',(16.,-23.52271829586,15.966457130961));
#2592 = LINE('',#2593,#2594);
#2593 = CARTESIAN_POINT('',(9.286058213235E-14,-23.52271829586,
    15.966457130961));
#2594 = VECTOR('',#2595,1.);
#2595 = DIRECTION('',(1.,-8.326672684689E-17,-5.273559366969E-16));
#2596 = ORIENTED_EDGE('',*,*,#2303,.F.);
#2597 = ORIENTED_EDGE('',*,*,#2312,.F.);
#2598 = ORIENTED_EDGE('',*,*,#2321,.F.);
#2599 = ORIENTED_EDGE('',*,*,#2575,.T.);
#2600 = ORIENTED_EDGE('',*,*,#2601,.T.);
#2601 = EDGE_CURVE('',#2565,#2602,#2604,.T.);
#2602 = VERTEX_POINT('',#2603);
#2603 = CARTESIAN_POINT('',(16.,-17.66724642065,15.));
#2604 = CIRCLE('',#2605,6.3);
#2605 = AXIS2_PLACEMENT_3D('',#2606,#2607,#2608);
#2606 = CARTESIAN_POINT('',(16.,-21.5,10.));
#2607 = DIRECTION('',(1.,-8.326672684689E-17,-1.757853122323E-16));
#2608 = DIRECTION('',(-8.326672684689E-17,-1.,3.700743415417E-17));
#2609 = ORIENTED_EDGE('',*,*,#2610,.T.);
#2610 = EDGE_CURVE('',#2602,#2611,#2613,.T.);
#2611 = VERTEX_POINT('',#2612);
#2612 = CARTESIAN_POINT('',(16.,-17.69523975665,15.021334433263));
#2613 = CIRCLE('',#2614,6.3);
#2614 = AXIS2_PLACEMENT_3D('',#2615,#2616,#2617);
#2615 = CARTESIAN_POINT('',(16.,-21.5,10.));
#2616 = DIRECTION('',(1.,-8.326672684689E-17,-1.757853122323E-16));
#2617 = DIRECTION('',(-8.326672684689E-17,-1.,3.700743415417E-17));
#2618 = ORIENTED_EDGE('',*,*,#2619,.T.);
#2619 = EDGE_CURVE('',#2611,#2590,#2620,.T.);
#2620 = CIRCLE('',#2621,6.3);
#2621 = AXIS2_PLACEMENT_3D('',#2622,#2623,#2624);
#2622 = CARTESIAN_POINT('',(16.,-21.5,10.));
#2623 = DIRECTION('',(1.,-8.326672684689E-17,-1.757853122323E-16));
#2624 = DIRECTION('',(-8.326672684689E-17,-1.,3.700743415417E-17));
#2625 = CYLINDRICAL_SURFACE('',#2626,6.3);
#2626 = AXIS2_PLACEMENT_3D('',#2627,#2628,#2629);
#2627 = CARTESIAN_POINT('',(9.281001892939E-14,-21.5,10.));
#2628 = DIRECTION('',(1.,-2.590520390792E-16,-3.515706244646E-16));
#2629 = DIRECTION('',(2.683038976177E-16,-1.,2.127927463865E-16));
#2630 = ADVANCED_FACE('',(#2631),#2650,.F.);
#2631 = FACE_BOUND('',#2632,.T.);
#2632 = EDGE_LOOP('',(#2633,#2642,#2648,#2649));
#2633 = ORIENTED_EDGE('',*,*,#2634,.T.);
#2634 = EDGE_CURVE('',#2495,#2635,#2637,.T.);
#2635 = VERTEX_POINT('',#2636);
#2636 = CARTESIAN_POINT('',(16.,-22.87776779541,3.852500028311));
#2637 = CIRCLE('',#2638,0.6);
#2638 = AXIS2_PLACEMENT_3D('',#2639,#2640,#2641);
#2639 = CARTESIAN_POINT('',(16.,-23.00898377593,3.267023840531));
#2640 = DIRECTION('',(1.,-8.326672684689E-17,-1.757853122323E-16));
#2641 = DIRECTION('',(-8.326672684689E-17,-1.,3.700743415417E-17));
#2642 = ORIENTED_EDGE('',*,*,#2643,.T.);
#2643 = EDGE_CURVE('',#2635,#2207,#2644,.T.);
#2644 = LINE('',#2645,#2646);
#2645 = CARTESIAN_POINT('',(9.642160000483E-14,-22.87776779541,
    3.852500028311));
#2646 = VECTOR('',#2647,1.);
#2647 = DIRECTION('',(-1.,8.326672684689E-17,5.273559366969E-16));
#2648 = ORIENTED_EDGE('',*,*,#2206,.F.);
#2649 = ORIENTED_EDGE('',*,*,#2503,.F.);
#2650 = CYLINDRICAL_SURFACE('',#2651,0.6);
#2651 = AXIS2_PLACEMENT_3D('',#2652,#2653,#2654);
#2652 = CARTESIAN_POINT('',(9.676556010725E-14,-23.00898377593,
    3.267023840531));
#2653 = DIRECTION('',(1.,-2.590520390792E-16,-3.515706244646E-16));
#2654 = DIRECTION('',(2.683038976177E-16,-1.,2.127927463865E-16));
#2655 = ADVANCED_FACE('',(#2656),#2687,.F.);
#2656 = FACE_BOUND('',#2657,.T.);
#2657 = EDGE_LOOP('',(#2658,#2666,#2667,#2668,#2669,#2670,#2671,#2680));
#2658 = ORIENTED_EDGE('',*,*,#2659,.F.);
#2659 = EDGE_CURVE('',#2278,#2660,#2662,.T.);
#2660 = VERTEX_POINT('',#2661);
#2661 = CARTESIAN_POINT('',(-15.,-21.5,14.7));
#2662 = LINE('',#2663,#2664);
#2663 = CARTESIAN_POINT('',(-16.5,-21.5,15.958649446766));
#2664 = VECTOR('',#2665,1.);
#2665 = DIRECTION('',(0.766044443119,1.248127260736E-16,-0.642787609687)
  );
#2666 = ORIENTED_EDGE('',*,*,#2277,.F.);
#2667 = ORIENTED_EDGE('',*,*,#2268,.F.);
#2668 = ORIENTED_EDGE('',*,*,#2259,.F.);
#2669 = ORIENTED_EDGE('',*,*,#2250,.F.);
#2670 = ORIENTED_EDGE('',*,*,#2241,.F.);
#2671 = ORIENTED_EDGE('',*,*,#2672,.F.);
#2672 = EDGE_CURVE('',#2673,#2234,#2675,.T.);
#2673 = VERTEX_POINT('',#2674);
#2674 = CARTESIAN_POINT('',(-15.,-23.65199620468,14.178386331473));
#2675 = HYPERBOLA('',#2676,0.476701437038,0.4);
#2676 = AXIS2_PLACEMENT_3D('',#2677,#2678,#2679);
#2677 = CARTESIAN_POINT('',(-9.398758114807,-21.86990427373,
    9.847780328885));
#2678 = DIRECTION('',(-2.128352173379E-16,0.924760684332,0.380549177787)
  );
#2679 = DIRECTION('',(-1.,-3.339436184701E-16,2.522215718998E-16));
#2680 = ORIENTED_EDGE('',*,*,#2681,.F.);
#2681 = EDGE_CURVE('',#2660,#2673,#2682,.T.);
#2682 = CIRCLE('',#2683,4.7);
#2683 = AXIS2_PLACEMENT_3D('',#2684,#2685,#2686);
#2684 = CARTESIAN_POINT('',(-15.,-21.5,10.));
#2685 = DIRECTION('',(-1.,-4.440892098501E-16,-3.515706244646E-16));
#2686 = DIRECTION('',(-3.515706244646E-16,-1.850371707709E-16,1.));
#2687 = CONICAL_SURFACE('',#2688,5.958649446766,0.698131700798);
#2688 = AXIS2_PLACEMENT_3D('',#2689,#2690,#2691);
#2689 = CARTESIAN_POINT('',(-16.5,-21.5,10.));
#2690 = DIRECTION('',(-1.,8.326672684689E-17,5.273559366969E-16));
#2691 = DIRECTION('',(-3.515706244646E-16,-1.850371707709E-16,1.));
#2692 = ADVANCED_FACE('',(#2693),#2713,.F.);
#2693 = FACE_BOUND('',#2694,.T.);
#2694 = EDGE_LOOP('',(#2695,#2696,#2697,#2706));
#2695 = ORIENTED_EDGE('',*,*,#2286,.F.);
#2696 = ORIENTED_EDGE('',*,*,#2659,.T.);
#2697 = ORIENTED_EDGE('',*,*,#2698,.F.);
#2698 = EDGE_CURVE('',#2699,#2660,#2701,.T.);
#2699 = VERTEX_POINT('',#2700);
#2700 = CARTESIAN_POINT('',(-15.,-22.91218765721,14.482825673703));
#2701 = CIRCLE('',#2702,4.7);
#2702 = AXIS2_PLACEMENT_3D('',#2703,#2704,#2705);
#2703 = CARTESIAN_POINT('',(-15.,-21.5,10.));
#2704 = DIRECTION('',(-1.,-4.440892098501E-16,-3.515706244646E-16));
#2705 = DIRECTION('',(-3.515706244646E-16,-1.850371707709E-16,1.));
#2706 = ORIENTED_EDGE('',*,*,#2707,.F.);
#2707 = EDGE_CURVE('',#2287,#2699,#2708,.T.);
#2708 = HYPERBOLA('',#2709,0.476701437038,0.4);
#2709 = AXIS2_PLACEMENT_3D('',#2710,#2711,#2712);
#2710 = CARTESIAN_POINT('',(-9.398758114807,-21.13009572626,
    10.152219671115));
#2711 = DIRECTION('',(2.128352173379E-16,-0.924760684332,-0.380549177787
    ));
#2712 = DIRECTION('',(-1.,-3.339436184701E-16,2.522215718998E-16));
#2713 = CONICAL_SURFACE('',#2714,5.958649446766,0.698131700798);
#2714 = AXIS2_PLACEMENT_3D('',#2715,#2716,#2717);
#2715 = CARTESIAN_POINT('',(-16.5,-21.5,10.));
#2716 = DIRECTION('',(-1.,8.326672684689E-17,5.273559366969E-16));
#2717 = DIRECTION('',(-3.515706244646E-16,-1.850371707709E-16,1.));
#2718 = ADVANCED_FACE('',(#2719),#2755,.F.);
#2719 = FACE_BOUND('',#2720,.T.);
#2720 = EDGE_LOOP('',(#2721,#2732,#2738,#2739,#2740,#2748));
#2721 = ORIENTED_EDGE('',*,*,#2722,.T.);
#2722 = EDGE_CURVE('',#2723,#2725,#2727,.T.);
#2723 = VERTEX_POINT('',#2724);
#2724 = CARTESIAN_POINT('',(-1.,-21.5,14.7));
#2725 = VERTEX_POINT('',#2726);
#2726 = CARTESIAN_POINT('',(-1.,-22.91218765721,14.482825673703));
#2727 = CIRCLE('',#2728,4.7);
#2728 = AXIS2_PLACEMENT_3D('',#2729,#2730,#2731);
#2729 = CARTESIAN_POINT('',(-1.,-21.5,10.));
#2730 = DIRECTION('',(1.,-8.326672684689E-17,-1.757853122323E-16));
#2731 = DIRECTION('',(-1.757853122323E-16,-1.110223024625E-16,-1.));
#2732 = ORIENTED_EDGE('',*,*,#2733,.T.);
#2733 = EDGE_CURVE('',#2725,#2699,#2734,.T.);
#2734 = LINE('',#2735,#2736);
#2735 = CARTESIAN_POINT('',(9.082486964979E-14,-22.91218765721,
    14.482825673703));
#2736 = VECTOR('',#2737,1.);
#2737 = DIRECTION('',(-1.,8.326672684689E-17,5.273559366969E-16));
#2738 = ORIENTED_EDGE('',*,*,#2698,.T.);
#2739 = ORIENTED_EDGE('',*,*,#2681,.T.);
#2740 = ORIENTED_EDGE('',*,*,#2741,.T.);
#2741 = EDGE_CURVE('',#2673,#2742,#2744,.T.);
#2742 = VERTEX_POINT('',#2743);
#2743 = CARTESIAN_POINT('',(-1.,-23.65199620468,14.178386331473));
#2744 = LINE('',#2745,#2746);
#2745 = CARTESIAN_POINT('',(9.325503479808E-14,-23.65199620468,
    14.178386331473));
#2746 = VECTOR('',#2747,1.);
#2747 = DIRECTION('',(1.,-8.326672684689E-17,-5.273559366969E-16));
#2748 = ORIENTED_EDGE('',*,*,#2749,.T.);
#2749 = EDGE_CURVE('',#2742,#2723,#2750,.T.);
#2750 = CIRCLE('',#2751,4.7);
#2751 = AXIS2_PLACEMENT_3D('',#2752,#2753,#2754);
#2752 = CARTESIAN_POINT('',(-1.,-21.5,10.));
#2753 = DIRECTION('',(1.,-8.326672684689E-17,-1.757853122323E-16));
#2754 = DIRECTION('',(-1.757853122323E-16,-1.110223024625E-16,-1.));
#2755 = CYLINDRICAL_SURFACE('',#2756,4.7);
#2756 = AXIS2_PLACEMENT_3D('',#2757,#2758,#2759);
#2757 = CARTESIAN_POINT('',(9.281001892939E-14,-21.5,10.));
#2758 = DIRECTION('',(1.,-2.590520390792E-16,-3.515706244646E-16));
#2759 = DIRECTION('',(2.683038976177E-16,-1.,2.127927463865E-16));
#2760 = ADVANCED_FACE('',(#2761),#2815,.F.);
#2761 = FACE_BOUND('',#2762,.T.);
#2762 = EDGE_LOOP('',(#2763,#2764,#2765,#2766,#2774,#2782,#2791,#2799,
    #2808));
#2763 = ORIENTED_EDGE('',*,*,#2741,.F.);
#2764 = ORIENTED_EDGE('',*,*,#2672,.T.);
#2765 = ORIENTED_EDGE('',*,*,#2233,.F.);
#2766 = ORIENTED_EDGE('',*,*,#2767,.F.);
#2767 = EDGE_CURVE('',#2768,#2225,#2770,.T.);
#2768 = VERTEX_POINT('',#2769);
#2769 = CARTESIAN_POINT('',(16.,-24.26252684332,15.662017788731));
#2770 = LINE('',#2771,#2772);
#2771 = CARTESIAN_POINT('',(9.056531695416E-14,-24.26252684332,
    15.662017788731));
#2772 = VECTOR('',#2773,1.);
#2773 = DIRECTION('',(-1.,8.326672684689E-17,5.273559366969E-16));
#2774 = ORIENTED_EDGE('',*,*,#2775,.T.);
#2775 = EDGE_CURVE('',#2768,#2776,#2778,.T.);
#2776 = VERTEX_POINT('',#2777);
#2777 = CARTESIAN_POINT('',(16.,-23.97230071163,14.956748320761));
#2778 = LINE('',#2779,#2780);
#2779 = CARTESIAN_POINT('',(16.,-25.27724512331,18.127853023131));
#2780 = VECTOR('',#2781,1.);
#2781 = DIRECTION('',(-4.559909524676E-16,0.380549177787,-0.924760684332
    ));
#2782 = ORIENTED_EDGE('',*,*,#2783,.T.);
#2783 = EDGE_CURVE('',#2776,#2784,#2786,.T.);
#2784 = VERTEX_POINT('',#2785);
#2785 = CARTESIAN_POINT('',(15.,-23.65199620468,14.178386331473));
#2786 = HYPERBOLA('',#2787,0.476701437038,0.4);
#2787 = AXIS2_PLACEMENT_3D('',#2788,#2789,#2790);
#2788 = CARTESIAN_POINT('',(9.398758114807,-21.86990427373,
    9.847780328885));
#2789 = DIRECTION('',(-2.128352173379E-16,0.924760684332,0.380549177787)
  );
#2790 = DIRECTION('',(1.,3.339436184701E-16,-2.522215718998E-16));
#2791 = ORIENTED_EDGE('',*,*,#2792,.F.);
#2792 = EDGE_CURVE('',#2793,#2784,#2795,.T.);
#2793 = VERTEX_POINT('',#2794);
#2794 = CARTESIAN_POINT('',(1.,-23.65199620468,14.178386331473));
#2795 = LINE('',#2796,#2797);
#2796 = CARTESIAN_POINT('',(9.325503479808E-14,-23.65199620468,
    14.178386331473));
#2797 = VECTOR('',#2798,1.);
#2798 = DIRECTION('',(1.,-8.326672684689E-17,-5.273559366969E-16));
#2799 = ORIENTED_EDGE('',*,*,#2800,.T.);
#2800 = EDGE_CURVE('',#2793,#2801,#2803,.T.);
#2801 = VERTEX_POINT('',#2802);
#2802 = CARTESIAN_POINT('',(8.526512829121E-14,-23.97230071163,
    14.956748320761));
#2803 = HYPERBOLA('',#2804,0.476701437038,0.4);
#2804 = AXIS2_PLACEMENT_3D('',#2805,#2806,#2807);
#2805 = CARTESIAN_POINT('',(6.601241885193,-21.86990427373,
    9.847780328885));
#2806 = DIRECTION('',(-2.128352173379E-16,0.924760684332,0.380549177787)
  );
#2807 = DIRECTION('',(-1.,-3.339436184701E-16,2.522215718998E-16));
#2808 = ORIENTED_EDGE('',*,*,#2809,.T.);
#2809 = EDGE_CURVE('',#2801,#2742,#2810,.T.);
#2810 = HYPERBOLA('',#2811,0.476701437038,0.4);
#2811 = AXIS2_PLACEMENT_3D('',#2812,#2813,#2814);
#2812 = CARTESIAN_POINT('',(-6.601241885193,-21.86990427373,
    9.847780328885));
#2813 = DIRECTION('',(-2.128352173379E-16,0.924760684332,0.380549177787)
  );
#2814 = DIRECTION('',(1.,3.339436184701E-16,-2.522215718998E-16));
#2815 = PLANE('',#2816);
#2816 = AXIS2_PLACEMENT_3D('',#2817,#2818,#2819);
#2817 = CARTESIAN_POINT('',(9.262015416874E-14,-23.957261524,
    14.920202060102));
#2818 = DIRECTION('',(4.422895190104E-16,-0.924760684332,-0.380549177787
    ));
#2819 = DIRECTION('',(2.481907030033E-16,0.380549177787,-0.924760684332)
  );
#2820 = ADVANCED_FACE('',(#2821),#2884,.F.);
#2821 = FACE_BOUND('',#2822,.T.);
#2822 = EDGE_LOOP('',(#2823,#2833,#2840,#2841,#2850,#2859,#2868,#2877));
#2823 = ORIENTED_EDGE('',*,*,#2824,.F.);
#2824 = EDGE_CURVE('',#2825,#2827,#2829,.T.);
#2825 = VERTEX_POINT('',#2826);
#2826 = CARTESIAN_POINT('',(15.,-21.5,14.7));
#2827 = VERTEX_POINT('',#2828);
#2828 = CARTESIAN_POINT('',(16.,-21.5,15.539099631177));
#2829 = LINE('',#2830,#2831);
#2830 = CARTESIAN_POINT('',(15.,-21.5,14.7));
#2831 = VECTOR('',#2832,1.);
#2832 = DIRECTION('',(0.766044443119,-7.910221993392E-16,0.642787609687)
  );
#2833 = ORIENTED_EDGE('',*,*,#2834,.T.);
#2834 = EDGE_CURVE('',#2825,#2784,#2835,.T.);
#2835 = CIRCLE('',#2836,4.7);
#2836 = AXIS2_PLACEMENT_3D('',#2837,#2838,#2839);
#2837 = CARTESIAN_POINT('',(15.,-21.5,10.));
#2838 = DIRECTION('',(-1.,-4.440892098501E-16,-3.515706244646E-16));
#2839 = DIRECTION('',(-3.515706244646E-16,-9.409336981752E-16,1.));
#2840 = ORIENTED_EDGE('',*,*,#2783,.F.);
#2841 = ORIENTED_EDGE('',*,*,#2842,.T.);
#2842 = EDGE_CURVE('',#2776,#2843,#2845,.T.);
#2843 = VERTEX_POINT('',#2844);
#2844 = CARTESIAN_POINT('',(16.,-27.0188255606,9.526513827362));
#2845 = CIRCLE('',#2846,5.539099631177);
#2846 = AXIS2_PLACEMENT_3D('',#2847,#2848,#2849);
#2847 = CARTESIAN_POINT('',(16.,-21.5,10.));
#2848 = DIRECTION('',(1.,9.251858538543E-17,-3.515706244646E-16));
#2849 = DIRECTION('',(3.515706244646E-16,-7.651483859429E-16,1.));
#2850 = ORIENTED_EDGE('',*,*,#2851,.T.);
#2851 = EDGE_CURVE('',#2843,#2852,#2854,.T.);
#2852 = VERTEX_POINT('',#2853);
#2853 = CARTESIAN_POINT('',(16.,-19.11638410726,5.));
#2854 = CIRCLE('',#2855,5.539099631177);
#2855 = AXIS2_PLACEMENT_3D('',#2856,#2857,#2858);
#2856 = CARTESIAN_POINT('',(16.,-21.5,10.));
#2857 = DIRECTION('',(1.,9.251858538543E-17,-3.515706244646E-16));
#2858 = DIRECTION('',(3.515706244646E-16,-7.651483859429E-16,1.));
#2859 = ORIENTED_EDGE('',*,*,#2860,.T.);
#2860 = EDGE_CURVE('',#2852,#2861,#2863,.T.);
#2861 = VERTEX_POINT('',#2862);
#2862 = CARTESIAN_POINT('',(16.,-18.41235644345,14.598704381872));
#2863 = CIRCLE('',#2864,5.539099631177);
#2864 = AXIS2_PLACEMENT_3D('',#2865,#2866,#2867);
#2865 = CARTESIAN_POINT('',(16.,-21.5,10.));
#2866 = DIRECTION('',(1.,9.251858538543E-17,-3.515706244646E-16));
#2867 = DIRECTION('',(3.515706244646E-16,-7.651483859429E-16,1.));
#2868 = ORIENTED_EDGE('',*,*,#2869,.T.);
#2869 = EDGE_CURVE('',#2861,#2870,#2872,.T.);
#2870 = VERTEX_POINT('',#2871);
#2871 = CARTESIAN_POINT('',(16.,-19.11638410726,15.));
#2872 = CIRCLE('',#2873,5.539099631177);
#2873 = AXIS2_PLACEMENT_3D('',#2874,#2875,#2876);
#2874 = CARTESIAN_POINT('',(16.,-21.5,10.));
#2875 = DIRECTION('',(1.,9.251858538543E-17,-3.515706244646E-16));
#2876 = DIRECTION('',(3.515706244646E-16,-7.651483859429E-16,1.));
#2877 = ORIENTED_EDGE('',*,*,#2878,.T.);
#2878 = EDGE_CURVE('',#2870,#2827,#2879,.T.);
#2879 = CIRCLE('',#2880,5.539099631177);
#2880 = AXIS2_PLACEMENT_3D('',#2881,#2882,#2883);
#2881 = CARTESIAN_POINT('',(16.,-21.5,10.));
#2882 = DIRECTION('',(1.,9.251858538543E-17,-3.515706244646E-16));
#2883 = DIRECTION('',(3.515706244646E-16,-7.651483859429E-16,1.));
#2884 = CONICAL_SURFACE('',#2885,4.7,0.698131700798);
#2885 = AXIS2_PLACEMENT_3D('',#2886,#2887,#2888);
#2886 = CARTESIAN_POINT('',(15.,-21.5,10.));
#2887 = DIRECTION('',(1.,-8.326672684689E-17,-5.273559366969E-16));
#2888 = DIRECTION('',(-3.515706244646E-16,-9.409336981752E-16,1.));
#2889 = ADVANCED_FACE('',(#2890),#2912,.T.);
#2890 = FACE_BOUND('',#2891,.F.);
#2891 = EDGE_LOOP('',(#2892,#2901,#2902,#2903,#2904,#2905));
#2892 = ORIENTED_EDGE('',*,*,#2893,.T.);
#2893 = EDGE_CURVE('',#2894,#2635,#2896,.T.);
#2894 = VERTEX_POINT('',#2895);
#2895 = CARTESIAN_POINT('',(16.,-27.73594224741,9.103883775971));
#2896 = CIRCLE('',#2897,6.3);
#2897 = AXIS2_PLACEMENT_3D('',#2898,#2899,#2900);
#2898 = CARTESIAN_POINT('',(16.,-21.5,10.));
#2899 = DIRECTION('',(1.,-8.326672684689E-17,-1.757853122323E-16));
#2900 = DIRECTION('',(-8.326672684689E-17,-1.,3.700743415417E-17));
#2901 = ORIENTED_EDGE('',*,*,#2643,.T.);
#2902 = ORIENTED_EDGE('',*,*,#2215,.F.);
#2903 = ORIENTED_EDGE('',*,*,#2224,.F.);
#2904 = ORIENTED_EDGE('',*,*,#2767,.F.);
#2905 = ORIENTED_EDGE('',*,*,#2906,.T.);
#2906 = EDGE_CURVE('',#2768,#2894,#2907,.T.);
#2907 = CIRCLE('',#2908,6.3);
#2908 = AXIS2_PLACEMENT_3D('',#2909,#2910,#2911);
#2909 = CARTESIAN_POINT('',(16.,-21.5,10.));
#2910 = DIRECTION('',(1.,-8.326672684689E-17,-1.757853122323E-16));
#2911 = DIRECTION('',(-8.326672684689E-17,-1.,3.700743415417E-17));
#2912 = CYLINDRICAL_SURFACE('',#2913,6.3);
#2913 = AXIS2_PLACEMENT_3D('',#2914,#2915,#2916);
#2914 = CARTESIAN_POINT('',(9.281001892939E-14,-21.5,10.));
#2915 = DIRECTION('',(1.,-2.590520390792E-16,-3.515706244646E-16));
#2916 = DIRECTION('',(2.683038976177E-16,-1.,2.127927463865E-16));
#2917 = ADVANCED_FACE('',(#2918),#2965,.F.);
#2918 = FACE_BOUND('',#2919,.T.);
#2919 = EDGE_LOOP('',(#2920,#2921,#2922,#2923,#2924,#2933,#2942,#2950,
    #2959));
#2920 = ORIENTED_EDGE('',*,*,#2589,.F.);
#2921 = ORIENTED_EDGE('',*,*,#2295,.F.);
#2922 = ORIENTED_EDGE('',*,*,#2707,.T.);
#2923 = ORIENTED_EDGE('',*,*,#2733,.F.);
#2924 = ORIENTED_EDGE('',*,*,#2925,.T.);
#2925 = EDGE_CURVE('',#2725,#2926,#2928,.T.);
#2926 = VERTEX_POINT('',#2927);
#2927 = CARTESIAN_POINT('',(8.526512829121E-14,-23.23249216416,
    15.261187662991));
#2928 = HYPERBOLA('',#2929,0.476701437038,0.4);
#2929 = AXIS2_PLACEMENT_3D('',#2930,#2931,#2932);
#2930 = CARTESIAN_POINT('',(-6.601241885193,-21.13009572626,
    10.152219671115));
#2931 = DIRECTION('',(2.128352173379E-16,-0.924760684332,-0.380549177787
    ));
#2932 = DIRECTION('',(1.,3.339436184701E-16,-2.522215718998E-16));
#2933 = ORIENTED_EDGE('',*,*,#2934,.T.);
#2934 = EDGE_CURVE('',#2926,#2935,#2937,.T.);
#2935 = VERTEX_POINT('',#2936);
#2936 = CARTESIAN_POINT('',(1.,-22.91218765721,14.482825673703));
#2937 = HYPERBOLA('',#2938,0.476701437038,0.4);
#2938 = AXIS2_PLACEMENT_3D('',#2939,#2940,#2941);
#2939 = CARTESIAN_POINT('',(6.601241885193,-21.13009572626,
    10.152219671115));
#2940 = DIRECTION('',(2.128352173379E-16,-0.924760684332,-0.380549177787
    ));
#2941 = DIRECTION('',(-1.,-3.339436184701E-16,2.522215718998E-16));
#2942 = ORIENTED_EDGE('',*,*,#2943,.F.);
#2943 = EDGE_CURVE('',#2944,#2935,#2946,.T.);
#2944 = VERTEX_POINT('',#2945);
#2945 = CARTESIAN_POINT('',(15.,-22.91218765721,14.482825673703));
#2946 = LINE('',#2947,#2948);
#2947 = CARTESIAN_POINT('',(9.082486964979E-14,-22.91218765721,
    14.482825673703));
#2948 = VECTOR('',#2949,1.);
#2949 = DIRECTION('',(-1.,8.326672684689E-17,5.273559366969E-16));
#2950 = ORIENTED_EDGE('',*,*,#2951,.T.);
#2951 = EDGE_CURVE('',#2944,#2952,#2954,.T.);
#2952 = VERTEX_POINT('',#2953);
#2953 = CARTESIAN_POINT('',(16.,-23.23249216416,15.261187662991));
#2954 = HYPERBOLA('',#2955,0.476701437038,0.4);
#2955 = AXIS2_PLACEMENT_3D('',#2956,#2957,#2958);
#2956 = CARTESIAN_POINT('',(9.398758114807,-21.13009572626,
    10.152219671115));
#2957 = DIRECTION('',(2.128352173379E-16,-0.924760684332,-0.380549177787
    ));
#2958 = DIRECTION('',(1.,3.339436184701E-16,-2.522215718998E-16));
#2959 = ORIENTED_EDGE('',*,*,#2960,.T.);
#2960 = EDGE_CURVE('',#2952,#2590,#2961,.T.);
#2961 = LINE('',#2962,#2963);
#2962 = CARTESIAN_POINT('',(16.,-24.53743657585,18.432292365361));
#2963 = VECTOR('',#2964,1.);
#2964 = DIRECTION('',(4.559909524676E-16,-0.380549177787,0.924760684332)
  );
#2965 = PLANE('',#2966);
#2966 = AXIS2_PLACEMENT_3D('',#2967,#2968,#2969);
#2967 = CARTESIAN_POINT('',(9.226632255353E-14,-23.21745297653,
    15.224641402332));
#2968 = DIRECTION('',(-4.422895190104E-16,0.924760684332,0.380549177787)
  );
#2969 = DIRECTION('',(-2.481907030033E-16,-0.380549177787,0.924760684332
    ));
#2970 = ADVANCED_FACE('',(#2971),#2989,.F.);
#2971 = FACE_BOUND('',#2972,.T.);
#2972 = EDGE_LOOP('',(#2973,#2980,#2981,#2988));
#2973 = ORIENTED_EDGE('',*,*,#2974,.T.);
#2974 = EDGE_CURVE('',#2944,#2825,#2975,.T.);
#2975 = CIRCLE('',#2976,4.7);
#2976 = AXIS2_PLACEMENT_3D('',#2977,#2978,#2979);
#2977 = CARTESIAN_POINT('',(15.,-21.5,10.));
#2978 = DIRECTION('',(-1.,-4.440892098501E-16,-3.515706244646E-16));
#2979 = DIRECTION('',(-3.515706244646E-16,-9.409336981752E-16,1.));
#2980 = ORIENTED_EDGE('',*,*,#2824,.T.);
#2981 = ORIENTED_EDGE('',*,*,#2982,.T.);
#2982 = EDGE_CURVE('',#2827,#2952,#2983,.T.);
#2983 = CIRCLE('',#2984,5.539099631177);
#2984 = AXIS2_PLACEMENT_3D('',#2985,#2986,#2987);
#2985 = CARTESIAN_POINT('',(16.,-21.5,10.));
#2986 = DIRECTION('',(1.,9.251858538543E-17,-3.515706244646E-16));
#2987 = DIRECTION('',(3.515706244646E-16,-7.651483859429E-16,1.));
#2988 = ORIENTED_EDGE('',*,*,#2951,.F.);
#2989 = CONICAL_SURFACE('',#2990,4.7,0.698131700798);
#2990 = AXIS2_PLACEMENT_3D('',#2991,#2992,#2993);
#2991 = CARTESIAN_POINT('',(15.,-21.5,10.));
#2992 = DIRECTION('',(1.,-8.326672684689E-17,-5.273559366969E-16));
#2993 = DIRECTION('',(-3.515706244646E-16,-9.409336981752E-16,1.));
#2994 = ADVANCED_FACE('',(#2995),#3017,.F.);
#2995 = FACE_BOUND('',#2996,.T.);
#2996 = EDGE_LOOP('',(#2997,#2998,#2999,#3008,#3015,#3016));
#2997 = ORIENTED_EDGE('',*,*,#2974,.F.);
#2998 = ORIENTED_EDGE('',*,*,#2943,.T.);
#2999 = ORIENTED_EDGE('',*,*,#3000,.F.);
#3000 = EDGE_CURVE('',#3001,#2935,#3003,.T.);
#3001 = VERTEX_POINT('',#3002);
#3002 = CARTESIAN_POINT('',(1.,-21.5,14.7));
#3003 = CIRCLE('',#3004,4.7);
#3004 = AXIS2_PLACEMENT_3D('',#3005,#3006,#3007);
#3005 = CARTESIAN_POINT('',(1.,-21.5,10.));
#3006 = DIRECTION('',(1.,-8.326672684689E-17,-1.757853122323E-16));
#3007 = DIRECTION('',(-1.757853122323E-16,-1.110223024625E-16,-1.));
#3008 = ORIENTED_EDGE('',*,*,#3009,.F.);
#3009 = EDGE_CURVE('',#2793,#3001,#3010,.T.);
#3010 = CIRCLE('',#3011,4.7);
#3011 = AXIS2_PLACEMENT_3D('',#3012,#3013,#3014);
#3012 = CARTESIAN_POINT('',(1.,-21.5,10.));
#3013 = DIRECTION('',(1.,-8.326672684689E-17,-1.757853122323E-16));
#3014 = DIRECTION('',(-1.757853122323E-16,-1.110223024625E-16,-1.));
#3015 = ORIENTED_EDGE('',*,*,#2792,.T.);
#3016 = ORIENTED_EDGE('',*,*,#2834,.F.);
#3017 = CYLINDRICAL_SURFACE('',#3018,4.7);
#3018 = AXIS2_PLACEMENT_3D('',#3019,#3020,#3021);
#3019 = CARTESIAN_POINT('',(9.281001892939E-14,-21.5,10.));
#3020 = DIRECTION('',(1.,-2.590520390792E-16,-3.515706244646E-16));
#3021 = DIRECTION('',(2.683038976177E-16,-1.,2.127927463865E-16));
#3022 = ADVANCED_FACE('',(#3023),#3042,.F.);
#3023 = FACE_BOUND('',#3024,.F.);
#3024 = EDGE_LOOP('',(#3025,#3034,#3040,#3041));
#3025 = ORIENTED_EDGE('',*,*,#3026,.T.);
#3026 = EDGE_CURVE('',#2926,#3027,#3029,.T.);
#3027 = VERTEX_POINT('',#3028);
#3028 = CARTESIAN_POINT('',(8.526512829121E-14,-21.5,15.539099631177));
#3029 = CIRCLE('',#3030,5.539099631177);
#3030 = AXIS2_PLACEMENT_3D('',#3031,#3032,#3033);
#3031 = CARTESIAN_POINT('',(9.209778208845E-14,-21.5,10.));
#3032 = DIRECTION('',(-1.,-4.440892098501E-16,-3.515706244646E-16));
#3033 = DIRECTION('',(-3.515706244646E-16,-1.850371707709E-16,1.));
#3034 = ORIENTED_EDGE('',*,*,#3035,.T.);
#3035 = EDGE_CURVE('',#3027,#2723,#3036,.T.);
#3036 = LINE('',#3037,#3038);
#3037 = CARTESIAN_POINT('',(8.171241461241E-14,-21.5,15.539099631177));
#3038 = VECTOR('',#3039,1.);
#3039 = DIRECTION('',(-0.766044443119,7.910221993392E-16,-0.642787609687
    ));
#3040 = ORIENTED_EDGE('',*,*,#2722,.T.);
#3041 = ORIENTED_EDGE('',*,*,#2925,.T.);
#3042 = CONICAL_SURFACE('',#3043,5.539099631177,0.698131700798);
#3043 = AXIS2_PLACEMENT_3D('',#3044,#3045,#3046);
#3044 = CARTESIAN_POINT('',(9.209778208845E-14,-21.5,10.));
#3045 = DIRECTION('',(1.,-8.326672684689E-17,-5.273559366969E-16));
#3046 = DIRECTION('',(-3.515706244646E-16,-1.850371707709E-16,1.));
#3047 = ADVANCED_FACE('',(#3048),#3060,.F.);
#3048 = FACE_BOUND('',#3049,.F.);
#3049 = EDGE_LOOP('',(#3050,#3051,#3058,#3059));
#3050 = ORIENTED_EDGE('',*,*,#3035,.F.);
#3051 = ORIENTED_EDGE('',*,*,#3052,.T.);
#3052 = EDGE_CURVE('',#3027,#2801,#3053,.T.);
#3053 = CIRCLE('',#3054,5.539099631177);
#3054 = AXIS2_PLACEMENT_3D('',#3055,#3056,#3057);
#3055 = CARTESIAN_POINT('',(9.209778208845E-14,-21.5,10.));
#3056 = DIRECTION('',(-1.,-4.440892098501E-16,-3.515706244646E-16));
#3057 = DIRECTION('',(-3.515706244646E-16,-1.850371707709E-16,1.));
#3058 = ORIENTED_EDGE('',*,*,#2809,.T.);
#3059 = ORIENTED_EDGE('',*,*,#2749,.T.);
#3060 = CONICAL_SURFACE('',#3061,5.539099631177,0.698131700798);
#3061 = AXIS2_PLACEMENT_3D('',#3062,#3063,#3064);
#3062 = CARTESIAN_POINT('',(9.209778208845E-14,-21.5,10.));
#3063 = DIRECTION('',(1.,-8.326672684689E-17,-5.273559366969E-16));
#3064 = DIRECTION('',(-3.515706244646E-16,-1.850371707709E-16,1.));
#3065 = ADVANCED_FACE('',(#3066),#3077,.F.);
#3066 = FACE_BOUND('',#3067,.F.);
#3067 = EDGE_LOOP('',(#3068,#3074,#3075,#3076));
#3068 = ORIENTED_EDGE('',*,*,#3069,.F.);
#3069 = EDGE_CURVE('',#3001,#3027,#3070,.T.);
#3070 = LINE('',#3071,#3072);
#3071 = CARTESIAN_POINT('',(1.357526077778,-21.5,14.4));
#3072 = VECTOR('',#3073,1.);
#3073 = DIRECTION('',(-0.766044443119,-1.248127260736E-16,0.642787609687
    ));
#3074 = ORIENTED_EDGE('',*,*,#3009,.F.);
#3075 = ORIENTED_EDGE('',*,*,#2800,.T.);
#3076 = ORIENTED_EDGE('',*,*,#3052,.F.);
#3077 = CONICAL_SURFACE('',#3078,4.4,0.698131700798);
#3078 = AXIS2_PLACEMENT_3D('',#3079,#3080,#3081);
#3079 = CARTESIAN_POINT('',(1.357526077778,-21.5,10.));
#3080 = DIRECTION('',(-1.,8.326672684689E-17,5.273559366969E-16));
#3081 = DIRECTION('',(-3.515706244646E-16,-1.850371707709E-16,1.));
#3082 = ADVANCED_FACE('',(#3083),#3089,.F.);
#3083 = FACE_BOUND('',#3084,.F.);
#3084 = EDGE_LOOP('',(#3085,#3086,#3087,#3088));
#3085 = ORIENTED_EDGE('',*,*,#3000,.F.);
#3086 = ORIENTED_EDGE('',*,*,#3069,.T.);
#3087 = ORIENTED_EDGE('',*,*,#3026,.F.);
#3088 = ORIENTED_EDGE('',*,*,#2934,.T.);
#3089 = CONICAL_SURFACE('',#3090,4.4,0.698131700798);
#3090 = AXIS2_PLACEMENT_3D('',#3091,#3092,#3093);
#3091 = CARTESIAN_POINT('',(1.357526077778,-21.5,10.));
#3092 = DIRECTION('',(-1.,8.326672684689E-17,5.273559366969E-16));
#3093 = DIRECTION('',(-3.515706244646E-16,-1.850371707709E-16,1.));
#3094 = ADVANCED_FACE('',(#3095),#3164,.F.);
#3095 = FACE_BOUND('',#3096,.F.);
#3096 = EDGE_LOOP('',(#3097,#3105,#3106,#3115,#3123,#3132,#3141,#3149,
    #3158));
#3097 = ORIENTED_EDGE('',*,*,#3098,.F.);
#3098 = EDGE_CURVE('',#2351,#3099,#3101,.T.);
#3099 = VERTEX_POINT('',#3100);
#3100 = CARTESIAN_POINT('',(16.,23.52271829586,15.966457130961));
#3101 = LINE('',#3102,#3103);
#3102 = CARTESIAN_POINT('',(7.946529668674E-14,23.52271829586,
    15.966457130961));
#3103 = VECTOR('',#3104,1.);
#3104 = DIRECTION('',(1.,-4.348373513115E-16,-4.625929269271E-17));
#3105 = ORIENTED_EDGE('',*,*,#2348,.F.);
#3106 = ORIENTED_EDGE('',*,*,#3107,.T.);
#3107 = EDGE_CURVE('',#2349,#3108,#3110,.T.);
#3108 = VERTEX_POINT('',#3109);
#3109 = CARTESIAN_POINT('',(-15.,22.912187657215,14.482825673703));
#3110 = HYPERBOLA('',#3111,0.476701437038,0.4);
#3111 = AXIS2_PLACEMENT_3D('',#3112,#3113,#3114);
#3112 = CARTESIAN_POINT('',(-9.398758114807,21.130095726267,
    10.152219671115));
#3113 = DIRECTION('',(-9.101113690692E-17,-0.924760684332,0.380549177787
    ));
#3114 = DIRECTION('',(-1.,8.012997966837E-17,-4.443599687076E-17));
#3115 = ORIENTED_EDGE('',*,*,#3116,.F.);
#3116 = EDGE_CURVE('',#3117,#3108,#3119,.T.);
#3117 = VERTEX_POINT('',#3118);
#3118 = CARTESIAN_POINT('',(-1.,22.912187657215,14.482825673703));
#3119 = LINE('',#3120,#3121);
#3120 = CARTESIAN_POINT('',(7.794936858122E-14,22.912187657215,
    14.482825673703));
#3121 = VECTOR('',#3122,1.);
#3122 = DIRECTION('',(-1.,4.348373513115E-16,4.625929269271E-17));
#3123 = ORIENTED_EDGE('',*,*,#3124,.T.);
#3124 = EDGE_CURVE('',#3117,#3125,#3127,.T.);
#3125 = VERTEX_POINT('',#3126);
#3126 = CARTESIAN_POINT('',(8.526512829121E-14,23.232492164168,
    15.261187662991));
#3127 = HYPERBOLA('',#3128,0.476701437038,0.4);
#3128 = AXIS2_PLACEMENT_3D('',#3129,#3130,#3131);
#3129 = CARTESIAN_POINT('',(-6.601241885193,21.130095726267,
    10.152219671115));
#3130 = DIRECTION('',(-9.101113690692E-17,-0.924760684332,0.380549177787
    ));
#3131 = DIRECTION('',(1.,-8.012997966837E-17,4.443599687076E-17));
#3132 = ORIENTED_EDGE('',*,*,#3133,.T.);
#3133 = EDGE_CURVE('',#3125,#3134,#3136,.T.);
#3134 = VERTEX_POINT('',#3135);
#3135 = CARTESIAN_POINT('',(1.,22.912187657215,14.482825673703));
#3136 = HYPERBOLA('',#3137,0.476701437038,0.4);
#3137 = AXIS2_PLACEMENT_3D('',#3138,#3139,#3140);
#3138 = CARTESIAN_POINT('',(6.601241885193,21.130095726267,
    10.152219671115));
#3139 = DIRECTION('',(-9.101113690692E-17,-0.924760684332,0.380549177787
    ));
#3140 = DIRECTION('',(-1.,8.012997966837E-17,-4.443599687076E-17));
#3141 = ORIENTED_EDGE('',*,*,#3142,.F.);
#3142 = EDGE_CURVE('',#3143,#3134,#3145,.T.);
#3143 = VERTEX_POINT('',#3144);
#3144 = CARTESIAN_POINT('',(15.,22.912187657215,14.482825673703));
#3145 = LINE('',#3146,#3147);
#3146 = CARTESIAN_POINT('',(7.794936858122E-14,22.912187657215,
    14.482825673703));
#3147 = VECTOR('',#3148,1.);
#3148 = DIRECTION('',(-1.,4.348373513115E-16,4.625929269271E-17));
#3149 = ORIENTED_EDGE('',*,*,#3150,.T.);
#3150 = EDGE_CURVE('',#3143,#3151,#3153,.T.);
#3151 = VERTEX_POINT('',#3152);
#3152 = CARTESIAN_POINT('',(16.,23.232492164168,15.261187662991));
#3153 = HYPERBOLA('',#3154,0.476701437038,0.4);
#3154 = AXIS2_PLACEMENT_3D('',#3155,#3156,#3157);
#3155 = CARTESIAN_POINT('',(9.398758114807,21.130095726267,
    10.152219671115));
#3156 = DIRECTION('',(-9.101113690692E-17,-0.924760684332,0.380549177787
    ));
#3157 = DIRECTION('',(1.,-8.012997966837E-17,4.443599687076E-17));
#3158 = ORIENTED_EDGE('',*,*,#3159,.F.);
#3159 = EDGE_CURVE('',#3099,#3151,#3160,.T.);
#3160 = LINE('',#3161,#3162);
#3161 = CARTESIAN_POINT('',(16.,23.875678261483,16.824174131559));
#3162 = VECTOR('',#3163,1.);
#3163 = DIRECTION('',(1.17276675529E-15,-0.380549177787,-0.924760684332)
  );
#3164 = PLANE('',#3165);
#3165 = AXIS2_PLACEMENT_3D('',#3166,#3167,#3168);
#3166 = CARTESIAN_POINT('',(7.913092929644E-14,23.217452976537,
    15.224641402332));
#3167 = DIRECTION('',(4.653252691418E-18,-0.924760684332,0.380549177787)
  );
#3168 = DIRECTION('',(5.721769287425E-16,-0.380549177787,-0.924760684332
    ));
#3169 = ADVANCED_FACE('',(#3170),#3189,.F.);
#3170 = FACE_BOUND('',#3171,.F.);
#3171 = EDGE_LOOP('',(#3172,#3173,#3181,#3188));
#3172 = ORIENTED_EDGE('',*,*,#2358,.T.);
#3173 = ORIENTED_EDGE('',*,*,#3174,.T.);
#3174 = EDGE_CURVE('',#2359,#3175,#3177,.T.);
#3175 = VERTEX_POINT('',#3176);
#3176 = CARTESIAN_POINT('',(-15.,21.5,14.7));
#3177 = LINE('',#3178,#3179);
#3178 = CARTESIAN_POINT('',(-16.5,21.5,15.958649446766));
#3179 = VECTOR('',#3180,1.);
#3180 = DIRECTION('',(0.766044443119,-3.052458095469E-16,-0.642787609687
    ));
#3181 = ORIENTED_EDGE('',*,*,#3182,.F.);
#3182 = EDGE_CURVE('',#3108,#3175,#3183,.T.);
#3183 = CIRCLE('',#3184,4.7);
#3184 = AXIS2_PLACEMENT_3D('',#3185,#3186,#3187);
#3185 = CARTESIAN_POINT('',(-15.,21.5,10.));
#3186 = DIRECTION('',(1.,-1.295260195396E-16,6.47630097698E-17));
#3187 = DIRECTION('',(-6.47630097698E-17,1.110223024625E-16,1.));
#3188 = ORIENTED_EDGE('',*,*,#3107,.F.);
#3189 = CONICAL_SURFACE('',#3190,5.958649446766,0.698131700798);
#3190 = AXIS2_PLACEMENT_3D('',#3191,#3192,#3193);
#3191 = CARTESIAN_POINT('',(-16.5,21.5,10.));
#3192 = DIRECTION('',(-1.,1.295260195396E-16,-6.47630097698E-17));
#3193 = DIRECTION('',(-6.47630097698E-17,1.110223024625E-16,1.));
#3194 = ADVANCED_FACE('',(#3195),#3214,.T.);
#3195 = FACE_BOUND('',#3196,.T.);
#3196 = EDGE_LOOP('',(#3197,#3198,#3199,#3207));
#3197 = ORIENTED_EDGE('',*,*,#3098,.F.);
#3198 = ORIENTED_EDGE('',*,*,#2420,.T.);
#3199 = ORIENTED_EDGE('',*,*,#3200,.T.);
#3200 = EDGE_CURVE('',#2412,#3201,#3203,.T.);
#3201 = VERTEX_POINT('',#3202);
#3202 = CARTESIAN_POINT('',(16.,16.19446397918,6.60275294808));
#3203 = LINE('',#3204,#3205);
#3204 = CARTESIAN_POINT('',(8.171394193068E-14,16.19446397918,
    6.60275294808));
#3205 = VECTOR('',#3206,1.);
#3206 = DIRECTION('',(1.,-4.348373513115E-16,-4.625929269271E-17));
#3207 = ORIENTED_EDGE('',*,*,#3208,.F.);
#3208 = EDGE_CURVE('',#3099,#3201,#3209,.T.);
#3209 = CIRCLE('',#3210,6.3);
#3210 = AXIS2_PLACEMENT_3D('',#3211,#3212,#3213);
#3211 = CARTESIAN_POINT('',(16.,21.5,10.));
#3212 = DIRECTION('',(1.,2.683038976177E-16,6.568819562366E-16));
#3213 = DIRECTION('',(-2.683038976177E-16,1.,-6.568819562366E-16));
#3214 = CYLINDRICAL_SURFACE('',#3215,6.3);
#3215 = AXIS2_PLACEMENT_3D('',#3216,#3217,#3218);
#3216 = CARTESIAN_POINT('',(8.127295133183E-14,21.5,10.));
#3217 = DIRECTION('',(1.,-2.590520390792E-16,1.295260195396E-16));
#3218 = DIRECTION('',(-2.683038976177E-16,1.,-6.568819562366E-16));
#3219 = ADVANCED_FACE('',(#3220),#3240,.F.);
#3220 = FACE_BOUND('',#3221,.F.);
#3221 = EDGE_LOOP('',(#3222,#3223,#3224,#3233));
#3222 = ORIENTED_EDGE('',*,*,#3174,.F.);
#3223 = ORIENTED_EDGE('',*,*,#2367,.T.);
#3224 = ORIENTED_EDGE('',*,*,#3225,.F.);
#3225 = EDGE_CURVE('',#3226,#2368,#3228,.T.);
#3226 = VERTEX_POINT('',#3227);
#3227 = CARTESIAN_POINT('',(-15.,23.65199620468,14.178386331473));
#3228 = HYPERBOLA('',#3229,0.476701437038,0.4);
#3229 = AXIS2_PLACEMENT_3D('',#3230,#3231,#3232);
#3230 = CARTESIAN_POINT('',(-9.398758114807,21.869904273733,
    9.847780328885));
#3231 = DIRECTION('',(9.101113690692E-17,0.924760684332,-0.380549177787)
  );
#3232 = DIRECTION('',(-1.,8.012997966837E-17,-4.443599687076E-17));
#3233 = ORIENTED_EDGE('',*,*,#3234,.F.);
#3234 = EDGE_CURVE('',#3175,#3226,#3235,.T.);
#3235 = CIRCLE('',#3236,4.7);
#3236 = AXIS2_PLACEMENT_3D('',#3237,#3238,#3239);
#3237 = CARTESIAN_POINT('',(-15.,21.5,10.));
#3238 = DIRECTION('',(1.,-1.295260195396E-16,6.47630097698E-17));
#3239 = DIRECTION('',(-6.47630097698E-17,1.110223024625E-16,1.));
#3240 = CONICAL_SURFACE('',#3241,5.958649446766,0.698131700798);
#3241 = AXIS2_PLACEMENT_3D('',#3242,#3243,#3244);
#3242 = CARTESIAN_POINT('',(-16.5,21.5,10.));
#3243 = DIRECTION('',(-1.,1.295260195396E-16,-6.47630097698E-17));
#3244 = DIRECTION('',(-6.47630097698E-17,1.110223024625E-16,1.));
#3245 = ADVANCED_FACE('',(#3246),#3265,.F.);
#3246 = FACE_BOUND('',#3247,.F.);
#3247 = EDGE_LOOP('',(#3248,#3257,#3263,#3264));
#3248 = ORIENTED_EDGE('',*,*,#3249,.F.);
#3249 = EDGE_CURVE('',#3250,#3201,#3252,.T.);
#3250 = VERTEX_POINT('',#3251);
#3251 = CARTESIAN_POINT('',(16.,15.1838856895,5.955658271524));
#3252 = CIRCLE('',#3253,0.6);
#3253 = AXIS2_PLACEMENT_3D('',#3254,#3255,#3256);
#3254 = CARTESIAN_POINT('',(16.,15.68917483434,6.279205609802));
#3255 = DIRECTION('',(1.,2.683038976177E-16,6.568819562366E-16));
#3256 = DIRECTION('',(-2.683038976177E-16,1.,-6.568819562366E-16));
#3257 = ORIENTED_EDGE('',*,*,#3258,.F.);
#3258 = EDGE_CURVE('',#2403,#3250,#3259,.T.);
#3259 = LINE('',#3260,#3261);
#3260 = CARTESIAN_POINT('',(8.182735972176E-14,15.1838856895,
    5.955658271524));
#3261 = VECTOR('',#3262,1.);
#3262 = DIRECTION('',(1.,-4.348373513115E-16,-4.625929269271E-17));
#3263 = ORIENTED_EDGE('',*,*,#2411,.T.);
#3264 = ORIENTED_EDGE('',*,*,#3200,.T.);
#3265 = CYLINDRICAL_SURFACE('',#3266,0.6);
#3266 = AXIS2_PLACEMENT_3D('',#3267,#3268,#3269);
#3267 = CARTESIAN_POINT('',(8.527614106994E-14,15.68917483434,
    6.279205609802));
#3268 = DIRECTION('',(1.,-2.590520390792E-16,1.295260195396E-16));
#3269 = DIRECTION('',(-2.683038976177E-16,1.,-6.568819562366E-16));
#3270 = ADVANCED_FACE('',(#3271),#3332,.F.);
#3271 = FACE_BOUND('',#3272,.F.);
#3272 = EDGE_LOOP('',(#3273,#3281,#3282,#3283,#3291,#3299,#3308,#3316,
    #3325));
#3273 = ORIENTED_EDGE('',*,*,#3274,.F.);
#3274 = EDGE_CURVE('',#3226,#3275,#3277,.T.);
#3275 = VERTEX_POINT('',#3276);
#3276 = CARTESIAN_POINT('',(-1.,23.65199620468,14.178386331473));
#3277 = LINE('',#3278,#3279);
#3278 = CARTESIAN_POINT('',(8.002197951215E-14,23.65199620468,
    14.178386331473));
#3279 = VECTOR('',#3280,1.);
#3280 = DIRECTION('',(1.,-4.348373513115E-16,-4.625929269271E-17));
#3281 = ORIENTED_EDGE('',*,*,#3225,.T.);
#3282 = ORIENTED_EDGE('',*,*,#2376,.F.);
#3283 = ORIENTED_EDGE('',*,*,#3284,.F.);
#3284 = EDGE_CURVE('',#3285,#2377,#3287,.T.);
#3285 = VERTEX_POINT('',#3286);
#3286 = CARTESIAN_POINT('',(16.,24.262526843325,15.662017788731));
#3287 = LINE('',#3288,#3289);
#3288 = CARTESIAN_POINT('',(7.681247729119E-14,24.262526843325,
    15.662017788731));
#3289 = VECTOR('',#3290,1.);
#3290 = DIRECTION('',(-1.,4.348373513115E-16,4.625929269271E-17));
#3291 = ORIENTED_EDGE('',*,*,#3292,.F.);
#3292 = EDGE_CURVE('',#3293,#3285,#3295,.T.);
#3293 = VERTEX_POINT('',#3294);
#3294 = CARTESIAN_POINT('',(16.,23.972300711633,14.956748320761));
#3295 = LINE('',#3296,#3297);
#3296 = CARTESIAN_POINT('',(16.,24.615486808948,16.519734789329));
#3297 = VECTOR('',#3298,1.);
#3298 = DIRECTION('',(-1.17276675529E-15,0.380549177787,0.924760684332)
  );
#3299 = ORIENTED_EDGE('',*,*,#3300,.T.);
#3300 = EDGE_CURVE('',#3293,#3301,#3303,.T.);
#3301 = VERTEX_POINT('',#3302);
#3302 = CARTESIAN_POINT('',(15.,23.65199620468,14.178386331473));
#3303 = HYPERBOLA('',#3304,0.476701437038,0.4);
#3304 = AXIS2_PLACEMENT_3D('',#3305,#3306,#3307);
#3305 = CARTESIAN_POINT('',(9.398758114807,21.869904273733,
    9.847780328885));
#3306 = DIRECTION('',(9.101113690692E-17,0.924760684332,-0.380549177787)
  );
#3307 = DIRECTION('',(1.,-8.012997966837E-17,4.443599687076E-17));
#3308 = ORIENTED_EDGE('',*,*,#3309,.F.);
#3309 = EDGE_CURVE('',#3310,#3301,#3312,.T.);
#3310 = VERTEX_POINT('',#3311);
#3311 = CARTESIAN_POINT('',(1.,23.65199620468,14.178386331473));
#3312 = LINE('',#3313,#3314);
#3313 = CARTESIAN_POINT('',(8.002197951215E-14,23.65199620468,
    14.178386331473));
#3314 = VECTOR('',#3315,1.);
#3315 = DIRECTION('',(1.,-4.348373513115E-16,-4.625929269271E-17));
#3316 = ORIENTED_EDGE('',*,*,#3317,.T.);
#3317 = EDGE_CURVE('',#3310,#3318,#3320,.T.);
#3318 = VERTEX_POINT('',#3319);
#3319 = CARTESIAN_POINT('',(8.526512829121E-14,23.972300711633,
    14.956748320761));
#3320 = HYPERBOLA('',#3321,0.476701437038,0.4);
#3321 = AXIS2_PLACEMENT_3D('',#3322,#3323,#3324);
#3322 = CARTESIAN_POINT('',(6.601241885193,21.869904273733,
    9.847780328885));
#3323 = DIRECTION('',(9.101113690692E-17,0.924760684332,-0.380549177787)
  );
#3324 = DIRECTION('',(-1.,8.012997966837E-17,-4.443599687076E-17));
#3325 = ORIENTED_EDGE('',*,*,#3326,.T.);
#3326 = EDGE_CURVE('',#3318,#3275,#3327,.T.);
#3327 = HYPERBOLA('',#3328,0.476701437038,0.4);
#3328 = AXIS2_PLACEMENT_3D('',#3329,#3330,#3331);
#3329 = CARTESIAN_POINT('',(-6.601241885193,21.869904273733,
    9.847780328885));
#3330 = DIRECTION('',(9.101113690692E-17,0.924760684332,-0.380549177787)
  );
#3331 = DIRECTION('',(1.,-8.012997966837E-17,4.443599687076E-17));
#3332 = PLANE('',#3333);
#3333 = AXIS2_PLACEMENT_3D('',#3334,#3335,#3336);
#3334 = CARTESIAN_POINT('',(7.912720669429E-14,23.957261524003,
    14.920202060102));
#3335 = DIRECTION('',(-4.653252691418E-18,0.924760684332,-0.380549177787
    ));
#3336 = DIRECTION('',(-5.721769287425E-16,0.380549177787,0.924760684332)
  );
#3337 = ADVANCED_FACE('',(#3338),#3357,.F.);
#3338 = FACE_BOUND('',#3339,.F.);
#3339 = EDGE_LOOP('',(#3340,#3349,#3355,#3356));
#3340 = ORIENTED_EDGE('',*,*,#3341,.F.);
#3341 = EDGE_CURVE('',#3342,#3250,#3344,.T.);
#3342 = VERTEX_POINT('',#3343);
#3343 = CARTESIAN_POINT('',(16.,23.140199756447,2.681547652751));
#3344 = CIRCLE('',#3345,7.5);
#3345 = AXIS2_PLACEMENT_3D('',#3346,#3347,#3348);
#3346 = CARTESIAN_POINT('',(16.,21.5,10.));
#3347 = DIRECTION('',(1.,2.683038976177E-16,6.568819562366E-16));
#3348 = DIRECTION('',(-2.683038976177E-16,1.,-6.568819562366E-16));
#3349 = ORIENTED_EDGE('',*,*,#3350,.T.);
#3350 = EDGE_CURVE('',#3342,#2394,#3351,.T.);
#3351 = LINE('',#3352,#3353);
#3352 = CARTESIAN_POINT('',(8.564023863879E-14,23.140199756447,
    2.681547652751));
#3353 = VECTOR('',#3354,1.);
#3354 = DIRECTION('',(-1.,4.348373513115E-16,4.625929269271E-17));
#3355 = ORIENTED_EDGE('',*,*,#2402,.T.);
#3356 = ORIENTED_EDGE('',*,*,#3258,.T.);
#3357 = CYLINDRICAL_SURFACE('',#3358,7.5);
#3358 = AXIS2_PLACEMENT_3D('',#3359,#3360,#3361);
#3359 = CARTESIAN_POINT('',(8.127295133183E-14,21.5,10.));
#3360 = DIRECTION('',(1.,-2.590520390792E-16,1.295260195396E-16));
#3361 = DIRECTION('',(-2.683038976177E-16,1.,-6.568819562366E-16));
#3362 = ADVANCED_FACE('',(#3363),#3382,.T.);
#3363 = FACE_BOUND('',#3364,.T.);
#3364 = EDGE_LOOP('',(#3365,#3374,#3380,#3381));
#3365 = ORIENTED_EDGE('',*,*,#3366,.F.);
#3366 = EDGE_CURVE('',#3367,#3285,#3369,.T.);
#3367 = VERTEX_POINT('',#3368);
#3368 = CARTESIAN_POINT('',(16.,22.877767795416,3.852500028311));
#3369 = CIRCLE('',#3370,6.3);
#3370 = AXIS2_PLACEMENT_3D('',#3371,#3372,#3373);
#3371 = CARTESIAN_POINT('',(16.,21.5,10.));
#3372 = DIRECTION('',(1.,2.683038976177E-16,6.568819562366E-16));
#3373 = DIRECTION('',(-2.683038976177E-16,1.,-6.568819562366E-16));
#3374 = ORIENTED_EDGE('',*,*,#3375,.T.);
#3375 = EDGE_CURVE('',#3367,#2385,#3376,.T.);
#3376 = LINE('',#3377,#3378);
#3377 = CARTESIAN_POINT('',(8.494147266968E-14,22.877767795416,
    3.852500028311));
#3378 = VECTOR('',#3379,1.);
#3379 = DIRECTION('',(-1.,4.348373513115E-16,4.625929269271E-17));
#3380 = ORIENTED_EDGE('',*,*,#2384,.T.);
#3381 = ORIENTED_EDGE('',*,*,#3284,.F.);
#3382 = CYLINDRICAL_SURFACE('',#3383,6.3);
#3383 = AXIS2_PLACEMENT_3D('',#3384,#3385,#3386);
#3384 = CARTESIAN_POINT('',(8.127295133183E-14,21.5,10.));
#3385 = DIRECTION('',(1.,-2.590520390792E-16,1.295260195396E-16));
#3386 = DIRECTION('',(-2.683038976177E-16,1.,-6.568819562366E-16));
#3387 = ADVANCED_FACE('',(#3388),#3400,.F.);
#3388 = FACE_BOUND('',#3389,.F.);
#3389 = EDGE_LOOP('',(#3390,#3397,#3398,#3399));
#3390 = ORIENTED_EDGE('',*,*,#3391,.F.);
#3391 = EDGE_CURVE('',#3367,#3342,#3392,.T.);
#3392 = CIRCLE('',#3393,0.6);
#3393 = AXIS2_PLACEMENT_3D('',#3394,#3395,#3396);
#3394 = CARTESIAN_POINT('',(16.,23.008983775932,3.267023840531));
#3395 = DIRECTION('',(1.,2.683038976177E-16,6.568819562366E-16));
#3396 = DIRECTION('',(-2.683038976177E-16,1.,-6.568819562366E-16));
#3397 = ORIENTED_EDGE('',*,*,#3375,.T.);
#3398 = ORIENTED_EDGE('',*,*,#2393,.T.);
#3399 = ORIENTED_EDGE('',*,*,#3350,.F.);
#3400 = CYLINDRICAL_SURFACE('',#3401,0.6);
#3401 = AXIS2_PLACEMENT_3D('',#3402,#3403,#3404);
#3402 = CARTESIAN_POINT('',(8.529085565423E-14,23.008983775932,
    3.267023840531));
#3403 = DIRECTION('',(1.,-2.590520390792E-16,1.295260195396E-16));
#3404 = DIRECTION('',(-2.683038976177E-16,1.,-6.568819562366E-16));
#3405 = ADVANCED_FACE('',(#3406),#3433,.F.);
#3406 = FACE_BOUND('',#3407,.F.);
#3407 = EDGE_LOOP('',(#3408,#3417,#3425,#3432));
#3408 = ORIENTED_EDGE('',*,*,#3409,.T.);
#3409 = EDGE_CURVE('',#3143,#3410,#3412,.T.);
#3410 = VERTEX_POINT('',#3411);
#3411 = CARTESIAN_POINT('',(15.,21.5,14.7));
#3412 = CIRCLE('',#3413,4.7);
#3413 = AXIS2_PLACEMENT_3D('',#3414,#3415,#3416);
#3414 = CARTESIAN_POINT('',(15.,21.5,10.));
#3415 = DIRECTION('',(1.,-1.295260195396E-16,6.47630097698E-17));
#3416 = DIRECTION('',(-6.47630097698E-17,8.669188298669E-16,1.));
#3417 = ORIENTED_EDGE('',*,*,#3418,.T.);
#3418 = EDGE_CURVE('',#3410,#3419,#3421,.T.);
#3419 = VERTEX_POINT('',#3420);
#3420 = CARTESIAN_POINT('',(16.,21.5,15.539099631177));
#3421 = LINE('',#3422,#3423);
#3422 = CARTESIAN_POINT('',(15.,21.5,14.7));
#3423 = VECTOR('',#3424,1.);
#3424 = DIRECTION('',(0.766044443119,-1.625182887034E-16,0.642787609687)
  );
#3425 = ORIENTED_EDGE('',*,*,#3426,.F.);
#3426 = EDGE_CURVE('',#3151,#3419,#3427,.T.);
#3427 = CIRCLE('',#3428,5.539099631177);
#3428 = AXIS2_PLACEMENT_3D('',#3429,#3430,#3431);
#3429 = CARTESIAN_POINT('',(16.,21.5,10.));
#3430 = DIRECTION('',(1.,-1.295260195396E-16,6.47630097698E-17));
#3431 = DIRECTION('',(-6.47630097698E-17,8.669188298669E-16,1.));
#3432 = ORIENTED_EDGE('',*,*,#3150,.F.);
#3433 = CONICAL_SURFACE('',#3434,4.7,0.698131700798);
#3434 = AXIS2_PLACEMENT_3D('',#3435,#3436,#3437);
#3435 = CARTESIAN_POINT('',(15.,21.5,10.));
#3436 = DIRECTION('',(1.,-1.295260195396E-16,6.47630097698E-17));
#3437 = DIRECTION('',(-6.47630097698E-17,8.669188298669E-16,1.));
#3438 = ADVANCED_FACE('',(#3439),#3457,.F.);
#3439 = FACE_BOUND('',#3440,.F.);
#3440 = EDGE_LOOP('',(#3441,#3442,#3449,#3450));
#3441 = ORIENTED_EDGE('',*,*,#3418,.F.);
#3442 = ORIENTED_EDGE('',*,*,#3443,.T.);
#3443 = EDGE_CURVE('',#3410,#3301,#3444,.T.);
#3444 = CIRCLE('',#3445,4.7);
#3445 = AXIS2_PLACEMENT_3D('',#3446,#3447,#3448);
#3446 = CARTESIAN_POINT('',(15.,21.5,10.));
#3447 = DIRECTION('',(1.,-1.295260195396E-16,6.47630097698E-17));
#3448 = DIRECTION('',(-6.47630097698E-17,8.669188298669E-16,1.));
#3449 = ORIENTED_EDGE('',*,*,#3300,.F.);
#3450 = ORIENTED_EDGE('',*,*,#3451,.F.);
#3451 = EDGE_CURVE('',#3419,#3293,#3452,.T.);
#3452 = CIRCLE('',#3453,5.539099631177);
#3453 = AXIS2_PLACEMENT_3D('',#3454,#3455,#3456);
#3454 = CARTESIAN_POINT('',(16.,21.5,10.));
#3455 = DIRECTION('',(1.,-1.295260195396E-16,6.47630097698E-17));
#3456 = DIRECTION('',(-6.47630097698E-17,8.669188298669E-16,1.));
#3457 = CONICAL_SURFACE('',#3458,4.7,0.698131700798);
#3458 = AXIS2_PLACEMENT_3D('',#3459,#3460,#3461);
#3459 = CARTESIAN_POINT('',(15.,21.5,10.));
#3460 = DIRECTION('',(1.,-1.295260195396E-16,6.47630097698E-17));
#3461 = DIRECTION('',(-6.47630097698E-17,8.669188298669E-16,1.));
#3462 = ADVANCED_FACE('',(#3463),#3485,.F.);
#3463 = FACE_BOUND('',#3464,.F.);
#3464 = EDGE_LOOP('',(#3465,#3466,#3467,#3476,#3483,#3484));
#3465 = ORIENTED_EDGE('',*,*,#3409,.F.);
#3466 = ORIENTED_EDGE('',*,*,#3142,.T.);
#3467 = ORIENTED_EDGE('',*,*,#3468,.T.);
#3468 = EDGE_CURVE('',#3134,#3469,#3471,.T.);
#3469 = VERTEX_POINT('',#3470);
#3470 = CARTESIAN_POINT('',(1.,21.5,14.7));
#3471 = CIRCLE('',#3472,4.7);
#3472 = AXIS2_PLACEMENT_3D('',#3473,#3474,#3475);
#3473 = CARTESIAN_POINT('',(1.,21.5,10.));
#3474 = DIRECTION('',(1.,-8.326672684689E-17,3.053113317719E-16));
#3475 = DIRECTION('',(3.053113317719E-16,-1.110223024625E-16,-1.));
#3476 = ORIENTED_EDGE('',*,*,#3477,.T.);
#3477 = EDGE_CURVE('',#3469,#3310,#3478,.T.);
#3478 = CIRCLE('',#3479,4.7);
#3479 = AXIS2_PLACEMENT_3D('',#3480,#3481,#3482);
#3480 = CARTESIAN_POINT('',(1.,21.5,10.));
#3481 = DIRECTION('',(1.,-8.326672684689E-17,3.053113317719E-16));
#3482 = DIRECTION('',(3.053113317719E-16,-1.110223024625E-16,-1.));
#3483 = ORIENTED_EDGE('',*,*,#3309,.T.);
#3484 = ORIENTED_EDGE('',*,*,#3443,.F.);
#3485 = CYLINDRICAL_SURFACE('',#3486,4.7);
#3486 = AXIS2_PLACEMENT_3D('',#3487,#3488,#3489);
#3487 = CARTESIAN_POINT('',(8.127295133183E-14,21.5,10.));
#3488 = DIRECTION('',(1.,-2.590520390792E-16,1.295260195396E-16));
#3489 = DIRECTION('',(-2.683038976177E-16,1.,-6.568819562366E-16));
#3490 = ADVANCED_FACE('',(#3491),#3510,.F.);
#3491 = FACE_BOUND('',#3492,.T.);
#3492 = EDGE_LOOP('',(#3493,#3494,#3502,#3509));
#3493 = ORIENTED_EDGE('',*,*,#3468,.T.);
#3494 = ORIENTED_EDGE('',*,*,#3495,.T.);
#3495 = EDGE_CURVE('',#3469,#3496,#3498,.T.);
#3496 = VERTEX_POINT('',#3497);
#3497 = CARTESIAN_POINT('',(8.526512829121E-14,21.5,15.539099631177));
#3498 = LINE('',#3499,#3500);
#3499 = CARTESIAN_POINT('',(1.357526077778,21.5,14.4));
#3500 = VECTOR('',#3501,1.);
#3501 = DIRECTION('',(-0.766044443119,3.052458095469E-16,0.642787609687)
  );
#3502 = ORIENTED_EDGE('',*,*,#3503,.F.);
#3503 = EDGE_CURVE('',#3125,#3496,#3504,.T.);
#3504 = CIRCLE('',#3505,5.539099631177);
#3505 = AXIS2_PLACEMENT_3D('',#3506,#3507,#3508);
#3506 = CARTESIAN_POINT('',(8.533467349678E-14,21.5,10.));
#3507 = DIRECTION('',(1.,-1.295260195396E-16,6.47630097698E-17));
#3508 = DIRECTION('',(-6.47630097698E-17,1.110223024625E-16,1.));
#3509 = ORIENTED_EDGE('',*,*,#3133,.T.);
#3510 = CONICAL_SURFACE('',#3511,4.4,0.698131700798);
#3511 = AXIS2_PLACEMENT_3D('',#3512,#3513,#3514);
#3512 = CARTESIAN_POINT('',(1.357526077778,21.5,10.));
#3513 = DIRECTION('',(-1.,1.295260195396E-16,-6.47630097698E-17));
#3514 = DIRECTION('',(-6.47630097698E-17,1.110223024625E-16,1.));
#3515 = ADVANCED_FACE('',(#3516),#3535,.F.);
#3516 = FACE_BOUND('',#3517,.T.);
#3517 = EDGE_LOOP('',(#3518,#3519,#3527,#3534));
#3518 = ORIENTED_EDGE('',*,*,#3503,.T.);
#3519 = ORIENTED_EDGE('',*,*,#3520,.T.);
#3520 = EDGE_CURVE('',#3496,#3521,#3523,.T.);
#3521 = VERTEX_POINT('',#3522);
#3522 = CARTESIAN_POINT('',(-1.,21.5,14.7));
#3523 = LINE('',#3524,#3525);
#3524 = CARTESIAN_POINT('',(7.815970093361E-14,21.5,15.539099631177));
#3525 = VECTOR('',#3526,1.);
#3526 = DIRECTION('',(-0.766044443119,1.625182887034E-16,-0.642787609687
    ));
#3527 = ORIENTED_EDGE('',*,*,#3528,.F.);
#3528 = EDGE_CURVE('',#3117,#3521,#3529,.T.);
#3529 = CIRCLE('',#3530,4.7);
#3530 = AXIS2_PLACEMENT_3D('',#3531,#3532,#3533);
#3531 = CARTESIAN_POINT('',(-1.,21.5,10.));
#3532 = DIRECTION('',(1.,-8.326672684689E-17,3.053113317719E-16));
#3533 = DIRECTION('',(3.053113317719E-16,-1.110223024625E-16,-1.));
#3534 = ORIENTED_EDGE('',*,*,#3124,.T.);
#3535 = CONICAL_SURFACE('',#3536,5.539099631177,0.698131700798);
#3536 = AXIS2_PLACEMENT_3D('',#3537,#3538,#3539);
#3537 = CARTESIAN_POINT('',(8.533467349678E-14,21.5,10.));
#3538 = DIRECTION('',(1.,-1.295260195396E-16,6.47630097698E-17));
#3539 = DIRECTION('',(-6.47630097698E-17,1.110223024625E-16,1.));
#3540 = ADVANCED_FACE('',(#3541),#3555,.F.);
#3541 = FACE_BOUND('',#3542,.F.);
#3542 = EDGE_LOOP('',(#3543,#3544,#3545,#3546,#3547,#3548));
#3543 = ORIENTED_EDGE('',*,*,#3528,.F.);
#3544 = ORIENTED_EDGE('',*,*,#3116,.T.);
#3545 = ORIENTED_EDGE('',*,*,#3182,.T.);
#3546 = ORIENTED_EDGE('',*,*,#3234,.T.);
#3547 = ORIENTED_EDGE('',*,*,#3274,.T.);
#3548 = ORIENTED_EDGE('',*,*,#3549,.F.);
#3549 = EDGE_CURVE('',#3521,#3275,#3550,.T.);
#3550 = CIRCLE('',#3551,4.7);
#3551 = AXIS2_PLACEMENT_3D('',#3552,#3553,#3554);
#3552 = CARTESIAN_POINT('',(-1.,21.5,10.));
#3553 = DIRECTION('',(1.,-8.326672684689E-17,3.053113317719E-16));
#3554 = DIRECTION('',(3.053113317719E-16,-1.110223024625E-16,-1.));
#3555 = CYLINDRICAL_SURFACE('',#3556,4.7);
#3556 = AXIS2_PLACEMENT_3D('',#3557,#3558,#3559);
#3557 = CARTESIAN_POINT('',(8.127295133183E-14,21.5,10.));
#3558 = DIRECTION('',(1.,-2.590520390792E-16,1.295260195396E-16));
#3559 = DIRECTION('',(-2.683038976177E-16,1.,-6.568819562366E-16));
#3560 = ADVANCED_FACE('',(#3561),#3573,.F.);
#3561 = FACE_BOUND('',#3562,.T.);
#3562 = EDGE_LOOP('',(#3563,#3564,#3571,#3572));
#3563 = ORIENTED_EDGE('',*,*,#3520,.F.);
#3564 = ORIENTED_EDGE('',*,*,#3565,.T.);
#3565 = EDGE_CURVE('',#3496,#3318,#3566,.T.);
#3566 = CIRCLE('',#3567,5.539099631177);
#3567 = AXIS2_PLACEMENT_3D('',#3568,#3569,#3570);
#3568 = CARTESIAN_POINT('',(8.533467349678E-14,21.5,10.));
#3569 = DIRECTION('',(1.,-1.295260195396E-16,6.47630097698E-17));
#3570 = DIRECTION('',(-6.47630097698E-17,1.110223024625E-16,1.));
#3571 = ORIENTED_EDGE('',*,*,#3326,.T.);
#3572 = ORIENTED_EDGE('',*,*,#3549,.F.);
#3573 = CONICAL_SURFACE('',#3574,5.539099631177,0.698131700798);
#3574 = AXIS2_PLACEMENT_3D('',#3575,#3576,#3577);
#3575 = CARTESIAN_POINT('',(8.533467349678E-14,21.5,10.));
#3576 = DIRECTION('',(1.,-1.295260195396E-16,6.47630097698E-17));
#3577 = DIRECTION('',(-6.47630097698E-17,1.110223024625E-16,1.));
#3578 = ADVANCED_FACE('',(#3579),#3585,.F.);
#3579 = FACE_BOUND('',#3580,.T.);
#3580 = EDGE_LOOP('',(#3581,#3582,#3583,#3584));
#3581 = ORIENTED_EDGE('',*,*,#3495,.F.);
#3582 = ORIENTED_EDGE('',*,*,#3477,.T.);
#3583 = ORIENTED_EDGE('',*,*,#3317,.T.);
#3584 = ORIENTED_EDGE('',*,*,#3565,.F.);
#3585 = CONICAL_SURFACE('',#3586,4.4,0.698131700798);
#3586 = AXIS2_PLACEMENT_3D('',#3587,#3588,#3589);
#3587 = CARTESIAN_POINT('',(1.357526077778,21.5,10.));
#3588 = DIRECTION('',(-1.,1.295260195396E-16,-6.47630097698E-17));
#3589 = DIRECTION('',(-6.47630097698E-17,1.110223024625E-16,1.));
#3590 = ADVANCED_FACE('',(#3591,#3687,#3709),#3720,.T.);
#3591 = FACE_BOUND('',#3592,.T.);
#3592 = EDGE_LOOP('',(#3593,#3594,#3595,#3596,#3597,#3598,#3599,#3600,
    #3601,#3602,#3603,#3604,#3605,#3606,#3607,#3608,#3609,#3610,#3611,
    #3612,#3618,#3619,#3620,#3626,#3627,#3628,#3629,#3630,#3631,#3640,
    #3649,#3658,#3665,#3666,#3667,#3668,#3677,#3684,#3685,#3686));
#3593 = ORIENTED_EDGE('',*,*,#1124,.T.);
#3594 = ORIENTED_EDGE('',*,*,#31,.F.);
#3595 = ORIENTED_EDGE('',*,*,#64,.T.);
#3596 = ORIENTED_EDGE('',*,*,#144,.F.);
#3597 = ORIENTED_EDGE('',*,*,#961,.T.);
#3598 = ORIENTED_EDGE('',*,*,#970,.T.);
#3599 = ORIENTED_EDGE('',*,*,#937,.T.);
#3600 = ORIENTED_EDGE('',*,*,#905,.F.);
#3601 = ORIENTED_EDGE('',*,*,#873,.T.);
#3602 = ORIENTED_EDGE('',*,*,#814,.F.);
#3603 = ORIENTED_EDGE('',*,*,#823,.F.);
#3604 = ORIENTED_EDGE('',*,*,#789,.T.);
#3605 = ORIENTED_EDGE('',*,*,#757,.F.);
#3606 = ORIENTED_EDGE('',*,*,#725,.T.);
#3607 = ORIENTED_EDGE('',*,*,#692,.T.);
#3608 = ORIENTED_EDGE('',*,*,#651,.F.);
#3609 = ORIENTED_EDGE('',*,*,#528,.F.);
#3610 = ORIENTED_EDGE('',*,*,#576,.T.);
#3611 = ORIENTED_EDGE('',*,*,#618,.F.);
#3612 = ORIENTED_EDGE('',*,*,#3613,.T.);
#3613 = EDGE_CURVE('',#611,#2436,#3614,.T.);
#3614 = LINE('',#3615,#3616);
#3615 = CARTESIAN_POINT('',(16.,21.5,15.));
#3616 = VECTOR('',#3617,1.);
#3617 = DIRECTION('',(4.163336342344E-16,-1.,2.164934898019E-15));
#3618 = ORIENTED_EDGE('',*,*,#2443,.T.);
#3619 = ORIENTED_EDGE('',*,*,#2476,.F.);
#3620 = ORIENTED_EDGE('',*,*,#3621,.T.);
#3621 = EDGE_CURVE('',#2469,#1630,#3622,.T.);
#3622 = LINE('',#3623,#3624);
#3623 = CARTESIAN_POINT('',(16.,-14.35098920809,16.992256052038));
#3624 = VECTOR('',#3625,1.);
#3625 = DIRECTION('',(-1.9491340925E-16,-0.699225605204,0.71490107919));
#3626 = ORIENTED_EDGE('',*,*,#1637,.T.);
#3627 = ORIENTED_EDGE('',*,*,#1691,.F.);
#3628 = ORIENTED_EDGE('',*,*,#1717,.T.);
#3629 = ORIENTED_EDGE('',*,*,#1742,.F.);
#3630 = ORIENTED_EDGE('',*,*,#1766,.T.);
#3631 = ORIENTED_EDGE('',*,*,#3632,.F.);
#3632 = EDGE_CURVE('',#3633,#1757,#3635,.T.);
#3633 = VERTEX_POINT('',#3634);
#3634 = CARTESIAN_POINT('',(16.,-33.3506178803,34.820914030698));
#3635 = CIRCLE('',#3636,3.1);
#3636 = AXIS2_PLACEMENT_3D('',#3637,#3638,#3639);
#3637 = CARTESIAN_POINT('',(16.,-32.98064509018,37.898757453383));
#3638 = DIRECTION('',(1.,-8.326672684689E-17,-1.757853122323E-16));
#3639 = DIRECTION('',(-3.257055427063E-17,-0.96266062098,0.270711153841)
  );
#3640 = ORIENTED_EDGE('',*,*,#3641,.F.);
#3641 = EDGE_CURVE('',#3642,#3633,#3644,.T.);
#3642 = VERTEX_POINT('',#3643);
#3643 = CARTESIAN_POINT('',(16.,-33.64274092681,34.870287690761));
#3644 = CIRCLE('',#3645,3.1);
#3645 = AXIS2_PLACEMENT_3D('',#3646,#3647,#3648);
#3646 = CARTESIAN_POINT('',(16.,-32.98064509018,37.898757453383));
#3647 = DIRECTION('',(1.,-8.326672684689E-17,-1.757853122323E-16));
#3648 = DIRECTION('',(-3.257055427063E-17,-0.96266062098,0.270711153841)
  );
#3649 = ORIENTED_EDGE('',*,*,#3650,.F.);
#3650 = EDGE_CURVE('',#3651,#3642,#3653,.T.);
#3651 = VERTEX_POINT('',#3652);
#3652 = CARTESIAN_POINT('',(16.,-35.96489301522,38.737962030291));
#3653 = CIRCLE('',#3654,3.1);
#3654 = AXIS2_PLACEMENT_3D('',#3655,#3656,#3657);
#3655 = CARTESIAN_POINT('',(16.,-32.98064509018,37.898757453383));
#3656 = DIRECTION('',(1.,-8.326672684689E-17,-1.757853122323E-16));
#3657 = DIRECTION('',(-3.257055427063E-17,-0.96266062098,0.270711153841)
  );
#3658 = ORIENTED_EDGE('',*,*,#3659,.F.);
#3659 = EDGE_CURVE('',#1791,#3651,#3660,.T.);
#3660 = CIRCLE('',#3661,3.1);
#3661 = AXIS2_PLACEMENT_3D('',#3662,#3663,#3664);
#3662 = CARTESIAN_POINT('',(16.,-32.98064509018,37.898757453383));
#3663 = DIRECTION('',(1.,-8.326672684689E-17,-1.757853122323E-16));
#3664 = DIRECTION('',(-3.257055427063E-17,-0.96266062098,0.270711153841)
  );
#3665 = ORIENTED_EDGE('',*,*,#1798,.T.);
#3666 = ORIENTED_EDGE('',*,*,#1823,.F.);
#3667 = ORIENTED_EDGE('',*,*,#1847,.T.);
#3668 = ORIENTED_EDGE('',*,*,#3669,.F.);
#3669 = EDGE_CURVE('',#3670,#1838,#3672,.T.);
#3670 = VERTEX_POINT('',#3671);
#3671 = CARTESIAN_POINT('',(16.,-39.98064509018,37.898757453383));
#3672 = CIRCLE('',#3673,7.);
#3673 = AXIS2_PLACEMENT_3D('',#3674,#3675,#3676);
#3674 = CARTESIAN_POINT('',(16.,-32.98064509018,37.898757453383));
#3675 = DIRECTION('',(-1.,-6.198745220824E-16,-8.789265611616E-16));
#3676 = DIRECTION('',(6.198745220824E-16,-1.,5.643633708511E-16));
#3677 = ORIENTED_EDGE('',*,*,#3678,.F.);
#3678 = EDGE_CURVE('',#1261,#3670,#3679,.T.);
#3679 = CIRCLE('',#3680,7.);
#3680 = AXIS2_PLACEMENT_3D('',#3681,#3682,#3683);
#3681 = CARTESIAN_POINT('',(16.,-32.98064509018,37.898757453383));
#3682 = DIRECTION('',(-1.,-6.198745220824E-16,-8.789265611616E-16));
#3683 = DIRECTION('',(6.198745220824E-16,-1.,5.643633708511E-16));
#3684 = ORIENTED_EDGE('',*,*,#1268,.T.);
#3685 = ORIENTED_EDGE('',*,*,#1205,.F.);
#3686 = ORIENTED_EDGE('',*,*,#1164,.T.);
#3687 = FACE_BOUND('',#3688,.T.);
#3688 = EDGE_LOOP('',(#3689,#3690,#3691,#3692,#3693,#3694,#3695,#3696,
    #3697,#3698,#3699,#3700,#3701,#3702,#3703,#3704,#3705,#3706,#3707,
    #3708));
#3689 = ORIENTED_EDGE('',*,*,#2531,.F.);
#3690 = ORIENTED_EDGE('',*,*,#2522,.F.);
#3691 = ORIENTED_EDGE('',*,*,#2564,.F.);
#3692 = ORIENTED_EDGE('',*,*,#2601,.T.);
#3693 = ORIENTED_EDGE('',*,*,#2610,.T.);
#3694 = ORIENTED_EDGE('',*,*,#2619,.T.);
#3695 = ORIENTED_EDGE('',*,*,#2960,.F.);
#3696 = ORIENTED_EDGE('',*,*,#2982,.F.);
#3697 = ORIENTED_EDGE('',*,*,#2878,.F.);
#3698 = ORIENTED_EDGE('',*,*,#2869,.F.);
#3699 = ORIENTED_EDGE('',*,*,#2860,.F.);
#3700 = ORIENTED_EDGE('',*,*,#2851,.F.);
#3701 = ORIENTED_EDGE('',*,*,#2842,.F.);
#3702 = ORIENTED_EDGE('',*,*,#2775,.F.);
#3703 = ORIENTED_EDGE('',*,*,#2906,.T.);
#3704 = ORIENTED_EDGE('',*,*,#2893,.T.);
#3705 = ORIENTED_EDGE('',*,*,#2634,.F.);
#3706 = ORIENTED_EDGE('',*,*,#2492,.F.);
#3707 = ORIENTED_EDGE('',*,*,#2549,.F.);
#3708 = ORIENTED_EDGE('',*,*,#2540,.F.);
#3709 = FACE_BOUND('',#3710,.T.);
#3710 = EDGE_LOOP('',(#3711,#3712,#3713,#3714,#3715,#3716,#3717,#3718,
    #3719));
#3711 = ORIENTED_EDGE('',*,*,#3159,.F.);
#3712 = ORIENTED_EDGE('',*,*,#3208,.T.);
#3713 = ORIENTED_EDGE('',*,*,#3249,.F.);
#3714 = ORIENTED_EDGE('',*,*,#3341,.F.);
#3715 = ORIENTED_EDGE('',*,*,#3391,.F.);
#3716 = ORIENTED_EDGE('',*,*,#3366,.T.);
#3717 = ORIENTED_EDGE('',*,*,#3292,.F.);
#3718 = ORIENTED_EDGE('',*,*,#3451,.F.);
#3719 = ORIENTED_EDGE('',*,*,#3426,.F.);
#3720 = PLANE('',#3721);
#3721 = AXIS2_PLACEMENT_3D('',#3722,#3723,#3724);
#3722 = CARTESIAN_POINT('',(16.,-5.321421189926E-02,22.428820692187));
#3723 = DIRECTION('',(1.,3.573954980961E-16,1.042884894446E-15));
#3724 = DIRECTION('',(-1.042884894446E-15,1.110223024625E-16,1.));
#3725 = ADVANCED_FACE('',(#3726),#3732,.T.);
#3726 = FACE_BOUND('',#3727,.T.);
#3727 = EDGE_LOOP('',(#3728,#3729,#3730,#3731));
#3728 = ORIENTED_EDGE('',*,*,#2142,.F.);
#3729 = ORIENTED_EDGE('',*,*,#2435,.T.);
#3730 = ORIENTED_EDGE('',*,*,#3613,.F.);
#3731 = ORIENTED_EDGE('',*,*,#608,.F.);
#3732 = PLANE('',#3733);
#3733 = AXIS2_PLACEMENT_3D('',#3734,#3735,#3736);
#3734 = CARTESIAN_POINT('',(7.432533522586E-14,-2.929954092027E-14,15.)
  );
#3735 = DIRECTION('',(-1.110223024625E-16,7.524552885007E-16,1.));
#3736 = DIRECTION('',(7.121336698537E-32,1.,-7.524552885007E-16));
#3737 = ADVANCED_FACE('',(#3738),#3748,.T.);
#3738 = FACE_BOUND('',#3739,.T.);
#3739 = EDGE_LOOP('',(#3740,#3741,#3742,#3743,#3744,#3745,#3746,#3747));
#3740 = ORIENTED_EDGE('',*,*,#2116,.T.);
#3741 = ORIENTED_EDGE('',*,*,#1607,.T.);
#3742 = ORIENTED_EDGE('',*,*,#1582,.T.);
#3743 = ORIENTED_EDGE('',*,*,#1667,.F.);
#3744 = ORIENTED_EDGE('',*,*,#1417,.F.);
#3745 = ORIENTED_EDGE('',*,*,#1629,.T.);
#3746 = ORIENTED_EDGE('',*,*,#3621,.F.);
#3747 = ORIENTED_EDGE('',*,*,#2468,.F.);
#3748 = PLANE('',#3749);
#3749 = AXIS2_PLACEMENT_3D('',#3750,#3751,#3752);
#3750 = CARTESIAN_POINT('',(8.156462483288E-14,-20.4817373243,
    23.260445334439));
#3751 = DIRECTION('',(-7.762963663047E-17,0.71490107919,0.699225605204)
  );
#3752 = DIRECTION('',(-7.936996384464E-17,-0.699225605204,0.71490107919)
  );
#3753 = ADVANCED_FACE('',(#3754),#3762,.T.);
#3754 = FACE_BOUND('',#3755,.T.);
#3755 = EDGE_LOOP('',(#3756,#3757,#3758,#3759,#3760,#3761));
#3756 = ORIENTED_EDGE('',*,*,#3669,.T.);
#3757 = ORIENTED_EDGE('',*,*,#1837,.F.);
#3758 = ORIENTED_EDGE('',*,*,#1320,.F.);
#3759 = ORIENTED_EDGE('',*,*,#1311,.F.);
#3760 = ORIENTED_EDGE('',*,*,#1260,.T.);
#3761 = ORIENTED_EDGE('',*,*,#3678,.T.);
#3762 = CYLINDRICAL_SURFACE('',#3763,7.);
#3763 = AXIS2_PLACEMENT_3D('',#3764,#3765,#3766);
#3764 = CARTESIAN_POINT('',(-16.,-32.98064509018,37.898757453383));
#3765 = DIRECTION('',(-1.,8.326672684689E-17,1.757853122323E-16));
#3766 = DIRECTION('',(9.251858538543E-17,-1.,3.700743415417E-17));
#3767 = ADVANCED_FACE('',(#3768),#3776,.T.);
#3768 = FACE_BOUND('',#3769,.T.);
#3769 = EDGE_LOOP('',(#3770,#3771,#3772,#3773,#3774,#3775));
#3770 = ORIENTED_EDGE('',*,*,#1485,.T.);
#3771 = ORIENTED_EDGE('',*,*,#2029,.F.);
#3772 = ORIENTED_EDGE('',*,*,#2067,.F.);
#3773 = ORIENTED_EDGE('',*,*,#2058,.F.);
#3774 = ORIENTED_EDGE('',*,*,#1228,.T.);
#3775 = ORIENTED_EDGE('',*,*,#1476,.T.);
#3776 = CYLINDRICAL_SURFACE('',#3777,7.);
#3777 = AXIS2_PLACEMENT_3D('',#3778,#3779,#3780);
#3778 = CARTESIAN_POINT('',(-16.,-32.98064509018,37.898757453383));
#3779 = DIRECTION('',(-1.,8.326672684689E-17,1.757853122323E-16));
#3780 = DIRECTION('',(9.251858538543E-17,-1.,3.700743415417E-17));
#3781 = ADVANCED_FACE('',(#3782),#3792,.F.);
#3782 = FACE_BOUND('',#3783,.T.);
#3783 = EDGE_LOOP('',(#3784,#3785,#3786,#3787,#3788,#3789,#3790,#3791));
#3784 = ORIENTED_EDGE('',*,*,#1355,.F.);
#3785 = ORIENTED_EDGE('',*,*,#1790,.F.);
#3786 = ORIENTED_EDGE('',*,*,#3659,.T.);
#3787 = ORIENTED_EDGE('',*,*,#3650,.T.);
#3788 = ORIENTED_EDGE('',*,*,#3641,.T.);
#3789 = ORIENTED_EDGE('',*,*,#3632,.T.);
#3790 = ORIENTED_EDGE('',*,*,#1756,.F.);
#3791 = ORIENTED_EDGE('',*,*,#1364,.F.);
#3792 = CYLINDRICAL_SURFACE('',#3793,3.1);
#3793 = AXIS2_PLACEMENT_3D('',#3794,#3795,#3796);
#3794 = CARTESIAN_POINT('',(8.028442417978E-14,-32.98064509018,
    37.898757453383));
#3795 = DIRECTION('',(1.,-8.326672684689E-17,-1.757853122323E-16));
#3796 = DIRECTION('',(-6.110090546207E-18,-0.96266062098,0.270711153841)
  );
#3797 = ADVANCED_FACE('',(#3798),#3808,.F.);
#3798 = FACE_BOUND('',#3799,.T.);
#3799 = EDGE_LOOP('',(#3800,#3801,#3802,#3803,#3804,#3805,#3806,#3807));
#3800 = ORIENTED_EDGE('',*,*,#2077,.F.);
#3801 = ORIENTED_EDGE('',*,*,#1990,.F.);
#3802 = ORIENTED_EDGE('',*,*,#1520,.T.);
#3803 = ORIENTED_EDGE('',*,*,#1529,.T.);
#3804 = ORIENTED_EDGE('',*,*,#1948,.F.);
#3805 = ORIENTED_EDGE('',*,*,#2104,.F.);
#3806 = ORIENTED_EDGE('',*,*,#2095,.F.);
#3807 = ORIENTED_EDGE('',*,*,#2086,.F.);
#3808 = CYLINDRICAL_SURFACE('',#3809,3.1);
#3809 = AXIS2_PLACEMENT_3D('',#3810,#3811,#3812);
#3810 = CARTESIAN_POINT('',(8.028442417978E-14,-32.98064509018,
    37.898757453383));
#3811 = DIRECTION('',(1.,-8.326672684689E-17,-1.757853122323E-16));
#3812 = DIRECTION('',(-6.110090546207E-18,-0.96266062098,0.270711153841)
  );
#3813 = ( GEOMETRIC_REPRESENTATION_CONTEXT(3) 
GLOBAL_UNCERTAINTY_ASSIGNED_CONTEXT((#3817)) 
GLOBAL_UNIT_ASSIGNED_CONTEXT((#3814,#3815,#3816)) REPRESENTATION_CONTEXT
('Context #1','3D Context with UNIT and UNCERTAINTY') );
#3814 = ( LENGTH_UNIT() NAMED_UNIT(*) SI_UNIT(.MILLI.,.METRE.) );
#3815 = ( NAMED_UNIT(*) PLANE_ANGLE_UNIT() SI_UNIT($,.RADIAN.) );
#3816 = ( NAMED_UNIT(*) SI_UNIT($,.STERADIAN.) SOLID_ANGLE_UNIT() );
#3817 = UNCERTAINTY_MEASURE_WITH_UNIT(LENGTH_MEASURE(5.E-05),#3814,
  'distance_accuracy_value','confusion accuracy');
#3818 = PRODUCT_RELATED_PRODUCT_CATEGORY('part',$,(#7));
ENDSEC;
END-ISO-10303-21;
