ISO-10303-21;
HEADER;
FILE_DESCRIPTION(('FreeCAD Model'),'2;1');
FILE_NAME('Open CASCADE Shape Model','2026-10-07T16:48:02',('FreeCAD'),(
    'FreeCAD'),'Open CASCADE STEP processor 8.0','FreeCAD','Unknown');
FILE_SCHEMA(('AUTOMOTIVE_DESIGN { 1 0 10303 214 1 1 1 1 }'));
ENDSEC;
DATA;
#1 = APPLICATION_PROTOCOL_DEFINITION('international standard',
  'automotive_design',2000,#2);
#2 = APPLICATION_CONTEXT(
  'core data for automotive mechanical design processes');
#3 = SHAPE_DEFINITION_REPRESENTATION(#4,#10);
#4 = PRODUCT_DEFINITION_SHAPE('','',#5);
#5 = PRODUCT_DEFINITION('design','',#6,#9);
#6 = PRODUCT_DEFINITION_FORMATION('','',#7);
#7 = PRODUCT('Open CASCADE STEP translator 8.0 5',
  'Open CASCADE STEP translator 8.0 5','',(#8));
#8 = PRODUCT_CONTEXT('',#2,'mechanical');
#9 = PRODUCT_DEFINITION_CONTEXT('part definition',#2,'design');
#10 = ADVANCED_BREP_SHAPE_REPRESENTATION('',(#11,#15),#4621);
#11 = AXIS2_PLACEMENT_3D('',#12,#13,#14);
#12 = CARTESIAN_POINT('',(0.,0.,0.));
#13 = DIRECTION('',(0.,0.,1.));
#14 = DIRECTION('',(1.,0.,-0.));
#15 = MANIFOLD_SOLID_BREP('',#16);
#16 = CLOSED_SHELL('',(#17,#59,#592,#617,#642,#1159,#1176,#1193,#1294,
    #1311,#1375,#1392,#1472,#1489,#1577,#1594,#1611,#1712,#1729,#1791,
    #1808,#1857,#1883,#1968,#1993,#2081,#2105,#2122,#2147,#2164,#2199,
    #2216,#2265,#2290,#2325,#2349,#2374,#2399,#2424,#2448,#2473,#2498,
    #2545,#2582,#2599,#2616,#2633,#2650,#2675,#2692,#2716,#2765,#2790,
    #2815,#2833,#2895,#2962,#3026,#3088,#3123,#3149,#3174,#3198,#3223,
    #3248,#3272,#3309,#3334,#3369,#3394,#3419,#3443,#3467,#3492,#3517,
    #3542,#3567,#3585,#3603,#3659,#3694,#3758,#3777,#3814,#3858,#3909,
    #3943,#3957,#4008,#4042,#4102,#4119,#4156,#4202,#4227,#4265,#4314,
    #4335,#4401,#4420,#4467,#4492,#4531,#4548,#4565,#4581,#4597,#4609));
#17 = ADVANCED_FACE('',(#18),#54,.T.);
#18 = FACE_BOUND('',#19,.F.);
#19 = EDGE_LOOP('',(#20,#31,#39,#48));
#20 = ORIENTED_EDGE('',*,*,#21,.F.);
#21 = EDGE_CURVE('',#22,#24,#26,.T.);
#22 = VERTEX_POINT('',#23);
#23 = CARTESIAN_POINT('',(-16.,13.377671379323,0.960767156835));
#24 = VERTEX_POINT('',#25);
#25 = CARTESIAN_POINT('',(-16.,13.676470588235,0.565746972323));
#26 = CIRCLE('',#27,10.);
#27 = AXIS2_PLACEMENT_3D('',#28,#29,#30);
#28 = CARTESIAN_POINT('',(-16.,21.5,6.794100490168));
#29 = DIRECTION('',(1.,1.998401444325E-15,3.74700270811E-15));
#30 = DIRECTION('',(-1.998401444325E-15,1.,-3.74700270811E-15));
#31 = ORIENTED_EDGE('',*,*,#32,.T.);
#32 = EDGE_CURVE('',#22,#33,#35,.T.);
#33 = VERTEX_POINT('',#34);
#34 = CARTESIAN_POINT('',(16.,13.377671379323,0.960767156835));
#35 = LINE('',#36,#37);
#36 = CARTESIAN_POINT('',(-16.,13.377671379323,0.960767156835));
#37 = VECTOR('',#38,1.);
#38 = DIRECTION('',(1.,-1.961394010171E-15,-6.013708050053E-16));
#39 = ORIENTED_EDGE('',*,*,#40,.T.);
#40 = EDGE_CURVE('',#33,#41,#43,.T.);
#41 = VERTEX_POINT('',#42);
#42 = CARTESIAN_POINT('',(16.,13.676470588235,0.565746972323));
#43 = CIRCLE('',#44,10.);
#44 = AXIS2_PLACEMENT_3D('',#45,#46,#47);
#45 = CARTESIAN_POINT('',(16.,21.5,6.794100490168));
#46 = DIRECTION('',(1.,1.998401444325E-15,3.74700270811E-15));
#47 = DIRECTION('',(-1.998401444325E-15,1.,-3.74700270811E-15));
#48 = ORIENTED_EDGE('',*,*,#49,.T.);
#49 = EDGE_CURVE('',#41,#24,#50,.T.);
#50 = LINE('',#51,#52);
#51 = CARTESIAN_POINT('',(16.,13.676470588235,0.565746972323));
#52 = VECTOR('',#53,1.);
#53 = DIRECTION('',(-1.,9.899488636241E-16,-7.586524001605E-16));
#54 = CYLINDRICAL_SURFACE('',#55,10.);
#55 = AXIS2_PLACEMENT_3D('',#56,#57,#58);
#56 = CARTESIAN_POINT('',(-16.,21.5,6.794100490168));
#57 = DIRECTION('',(-1.,2.396231361483E-15,6.47630097698E-16));
#58 = DIRECTION('',(-1.822616132093E-15,1.,-3.571217395878E-15));
#59 = ADVANCED_FACE('',(#60),#587,.T.);
#60 = FACE_BOUND('',#61,.T.);
#61 = EDGE_LOOP('',(#62,#63,#72,#80,#89,#98,#107,#115,#124,#133,#142,
    #151,#160,#169,#178,#186,#195,#204,#212,#221,#230,#239,#247,#256,
    #265,#274,#283,#292,#301,#309,#318,#327,#336,#344,#353,#362,#370,
    #379,#388,#396,#405,#414,#423,#431,#440,#449,#458,#467,#475,#484,
    #493,#502,#510,#519,#528,#536,#545,#554,#563,#572,#580));
#62 = ORIENTED_EDGE('',*,*,#21,.F.);
#63 = ORIENTED_EDGE('',*,*,#64,.T.);
#64 = EDGE_CURVE('',#22,#65,#67,.T.);
#65 = VERTEX_POINT('',#66);
#66 = CARTESIAN_POINT('',(-16.,11.753205655188,1.794100490168));
#67 = CIRCLE('',#68,2.);
#68 = AXIS2_PLACEMENT_3D('',#69,#70,#71);
#69 = CARTESIAN_POINT('',(-16.,11.753205655189,-0.205899509832));
#70 = DIRECTION('',(1.,1.554312234475E-15,2.914335439641E-15));
#71 = DIRECTION('',(-1.554312234475E-15,1.,-2.914335439641E-15));
#72 = ORIENTED_EDGE('',*,*,#73,.T.);
#73 = EDGE_CURVE('',#65,#74,#76,.T.);
#74 = VERTEX_POINT('',#75);
#75 = CARTESIAN_POINT('',(-16.,-11.75320565518,1.794100490168));
#76 = LINE('',#77,#78);
#77 = CARTESIAN_POINT('',(-16.,1.,1.794100490168));
#78 = VECTOR('',#79,1.);
#79 = DIRECTION('',(4.903485025428E-16,-1.,6.291263806209E-16));
#80 = ORIENTED_EDGE('',*,*,#81,.F.);
#81 = EDGE_CURVE('',#82,#74,#84,.T.);
#82 = VERTEX_POINT('',#83);
#83 = CARTESIAN_POINT('',(-16.,-13.37767137932,0.960767156836));
#84 = CIRCLE('',#85,2.);
#85 = AXIS2_PLACEMENT_3D('',#86,#87,#88);
#86 = CARTESIAN_POINT('',(-16.,-11.75320565518,-0.205899509832));
#87 = DIRECTION('',(-1.,-8.419191270074E-16,-1.295260195396E-15));
#88 = DIRECTION('',(8.419191270074E-16,-1.,9.806970050856E-16));
#89 = ORIENTED_EDGE('',*,*,#90,.T.);
#90 = EDGE_CURVE('',#82,#91,#93,.T.);
#91 = VERTEX_POINT('',#92);
#92 = CARTESIAN_POINT('',(-16.,-13.67647058823,0.565746972323));
#93 = CIRCLE('',#94,10.);
#94 = AXIS2_PLACEMENT_3D('',#95,#96,#97);
#95 = CARTESIAN_POINT('',(-16.,-21.5,6.794100490168));
#96 = DIRECTION('',(-1.,-8.419191270074E-16,-1.295260195396E-15));
#97 = DIRECTION('',(8.419191270074E-16,-1.,9.806970050856E-16));
#98 = ORIENTED_EDGE('',*,*,#99,.F.);
#99 = EDGE_CURVE('',#100,#91,#102,.T.);
#100 = VERTEX_POINT('',#101);
#101 = CARTESIAN_POINT('',(-16.,-16.35,1.5));
#102 = CIRCLE('',#103,1.5);
#103 = AXIS2_PLACEMENT_3D('',#104,#105,#106);
#104 = CARTESIAN_POINT('',(-16.,-14.85,1.5));
#105 = DIRECTION('',(1.,-2.127927463865E-16,-1.110223024625E-16));
#106 = DIRECTION('',(1.110223024625E-16,1.110223024625E-16,1.));
#107 = ORIENTED_EDGE('',*,*,#108,.F.);
#108 = EDGE_CURVE('',#109,#100,#111,.T.);
#109 = VERTEX_POINT('',#110);
#110 = CARTESIAN_POINT('',(-16.,-16.35,3.828195197985));
#111 = LINE('',#112,#113);
#112 = CARTESIAN_POINT('',(-16.,-16.35,9.017034513216));
#113 = VECTOR('',#114,1.);
#114 = DIRECTION('',(1.029997552659E-15,-1.110223024625E-16,-1.));
#115 = ORIENTED_EDGE('',*,*,#116,.T.);
#116 = EDGE_CURVE('',#109,#117,#119,.T.);
#117 = VERTEX_POINT('',#118);
#118 = CARTESIAN_POINT('',(-16.,-16.40222571996,4.050677094199));
#119 = CIRCLE('',#120,0.5);
#120 = AXIS2_PLACEMENT_3D('',#121,#122,#123);
#121 = CARTESIAN_POINT('',(-16.,-16.85,3.828195197985));
#122 = DIRECTION('',(1.,4.625929269271E-17,2.405483220021E-16));
#123 = DIRECTION('',(-4.625929269271E-17,1.,-2.405483220021E-16));
#124 = ORIENTED_EDGE('',*,*,#125,.T.);
#125 = EDGE_CURVE('',#117,#126,#128,.T.);
#126 = VERTEX_POINT('',#127);
#127 = CARTESIAN_POINT('',(-16.,-18.17468788925,11.532873950233));
#128 = CIRCLE('',#129,5.789099631177);
#129 = AXIS2_PLACEMENT_3D('',#130,#131,#132);
#130 = CARTESIAN_POINT('',(-16.,-21.5,6.794100490168));
#131 = DIRECTION('',(1.,3.145631903105E-16,6.47630097698E-17));
#132 = DIRECTION('',(-6.47630097698E-17,-1.202741610011E-16,1.));
#133 = ORIENTED_EDGE('',*,*,#134,.T.);
#134 = EDGE_CURVE('',#126,#135,#137,.T.);
#135 = VERTEX_POINT('',#136);
#136 = CARTESIAN_POINT('',(-16.,-18.58217983081,11.794100490168));
#137 = CIRCLE('',#138,5.789099631177);
#138 = AXIS2_PLACEMENT_3D('',#139,#140,#141);
#139 = CARTESIAN_POINT('',(-16.,-21.5,6.794100490168));
#140 = DIRECTION('',(1.,3.145631903105E-16,6.47630097698E-17));
#141 = DIRECTION('',(-6.47630097698E-17,-1.202741610011E-16,1.));
#142 = ORIENTED_EDGE('',*,*,#143,.T.);
#143 = EDGE_CURVE('',#135,#144,#146,.T.);
#144 = VERTEX_POINT('',#145);
#145 = CARTESIAN_POINT('',(-16.,-21.5,12.583200121346));
#146 = CIRCLE('',#147,5.789099631177);
#147 = AXIS2_PLACEMENT_3D('',#148,#149,#150);
#148 = CARTESIAN_POINT('',(-16.,-21.5,6.794100490168));
#149 = DIRECTION('',(1.,3.145631903105E-16,6.47630097698E-17));
#150 = DIRECTION('',(-6.47630097698E-17,-1.202741610011E-16,1.));
#151 = ORIENTED_EDGE('',*,*,#152,.T.);
#152 = EDGE_CURVE('',#144,#153,#155,.T.);
#153 = VERTEX_POINT('',#154);
#154 = CARTESIAN_POINT('',(-16.,-27.25649411481,6.180545239337));
#155 = CIRCLE('',#156,5.789099631177);
#156 = AXIS2_PLACEMENT_3D('',#157,#158,#159);
#157 = CARTESIAN_POINT('',(-16.,-21.5,6.794100490168));
#158 = DIRECTION('',(1.,3.145631903105E-16,6.47630097698E-17));
#159 = DIRECTION('',(-6.47630097698E-17,-1.202741610011E-16,1.));
#160 = ORIENTED_EDGE('',*,*,#161,.T.);
#161 = EDGE_CURVE('',#153,#162,#164,.T.);
#162 = VERTEX_POINT('',#163);
#163 = CARTESIAN_POINT('',(-16.,-26.59777428003,4.050677094199));
#164 = CIRCLE('',#165,5.789099631177);
#165 = AXIS2_PLACEMENT_3D('',#166,#167,#168);
#166 = CARTESIAN_POINT('',(-16.,-21.5,6.794100490168));
#167 = DIRECTION('',(1.,3.145631903105E-16,6.47630097698E-17));
#168 = DIRECTION('',(-6.47630097698E-17,-1.202741610011E-16,1.));
#169 = ORIENTED_EDGE('',*,*,#170,.T.);
#170 = EDGE_CURVE('',#162,#171,#173,.T.);
#171 = VERTEX_POINT('',#172);
#172 = CARTESIAN_POINT('',(-16.,-26.65,3.828195197985));
#173 = CIRCLE('',#174,0.5);
#174 = AXIS2_PLACEMENT_3D('',#175,#176,#177);
#175 = CARTESIAN_POINT('',(-16.,-26.15,3.828195197985));
#176 = DIRECTION('',(1.,4.625929269271E-17,2.405483220021E-16));
#177 = DIRECTION('',(-4.625929269271E-17,1.,-2.405483220021E-16));
#178 = ORIENTED_EDGE('',*,*,#179,.F.);
#179 = EDGE_CURVE('',#180,#171,#182,.T.);
#180 = VERTEX_POINT('',#181);
#181 = CARTESIAN_POINT('',(-16.,-26.65,1.5));
#182 = LINE('',#183,#184);
#183 = CARTESIAN_POINT('',(-16.,-26.65,9.017034513216));
#184 = VECTOR('',#185,1.);
#185 = DIRECTION('',(-1.029997552659E-15,-2.430418938852E-16,1.));
#186 = ORIENTED_EDGE('',*,*,#187,.F.);
#187 = EDGE_CURVE('',#188,#180,#190,.T.);
#188 = VERTEX_POINT('',#189);
#189 = CARTESIAN_POINT('',(-16.,-29.32352941176,0.565746972323));
#190 = CIRCLE('',#191,1.5);
#191 = AXIS2_PLACEMENT_3D('',#192,#193,#194);
#192 = CARTESIAN_POINT('',(-16.,-28.15,1.5));
#193 = DIRECTION('',(1.,-2.127927463865E-16,-1.110223024625E-16));
#194 = DIRECTION('',(1.110223024625E-16,1.110223024625E-16,1.));
#195 = ORIENTED_EDGE('',*,*,#196,.T.);
#196 = EDGE_CURVE('',#188,#197,#199,.T.);
#197 = VERTEX_POINT('',#198);
#198 = CARTESIAN_POINT('',(-16.,-31.08019279596,3.927062647364));
#199 = CIRCLE('',#200,10.);
#200 = AXIS2_PLACEMENT_3D('',#201,#202,#203);
#201 = CARTESIAN_POINT('',(-16.,-21.5,6.794100490168));
#202 = DIRECTION('',(-1.,-8.419191270074E-16,-1.295260195396E-15));
#203 = DIRECTION('',(8.419191270074E-16,-1.,9.806970050856E-16));
#204 = ORIENTED_EDGE('',*,*,#205,.F.);
#205 = EDGE_CURVE('',#206,#197,#208,.T.);
#206 = VERTEX_POINT('',#207);
#207 = CARTESIAN_POINT('',(-16.,-39.68678004736,32.685931453588));
#208 = LINE('',#209,#210);
#209 = CARTESIAN_POINT('',(-16.,-39.68678004736,32.685931453589));
#210 = VECTOR('',#211,1.);
#211 = DIRECTION('',(9.995028395127E-16,0.28670378428,-0.958019279597));
#212 = ORIENTED_EDGE('',*,*,#213,.T.);
#213 = EDGE_CURVE('',#206,#214,#216,.T.);
#214 = VERTEX_POINT('',#215);
#215 = CARTESIAN_POINT('',(-16.,-39.98064509018,34.692857943551));
#216 = CIRCLE('',#217,7.);
#217 = AXIS2_PLACEMENT_3D('',#218,#219,#220);
#218 = CARTESIAN_POINT('',(-16.,-32.98064509018,34.692857943552));
#219 = DIRECTION('',(-1.,-8.419191270074E-16,-1.295260195396E-15));
#220 = DIRECTION('',(8.419191270074E-16,-1.,9.806970050856E-16));
#221 = ORIENTED_EDGE('',*,*,#222,.T.);
#222 = EDGE_CURVE('',#214,#223,#225,.T.);
#223 = VERTEX_POINT('',#224);
#224 = CARTESIAN_POINT('',(-16.,-32.71158472397,41.687685069316));
#225 = CIRCLE('',#226,7.);
#226 = AXIS2_PLACEMENT_3D('',#227,#228,#229);
#227 = CARTESIAN_POINT('',(-16.,-32.98064509018,34.692857943552));
#228 = DIRECTION('',(-1.,-8.419191270074E-16,-1.295260195396E-15));
#229 = DIRECTION('',(8.419191270074E-16,-1.,9.806970050856E-16));
#230 = ORIENTED_EDGE('',*,*,#231,.F.);
#231 = EDGE_CURVE('',#232,#223,#234,.T.);
#232 = VERTEX_POINT('',#233);
#233 = CARTESIAN_POINT('',(-16.,-31.93086987485,40.114847614999));
#234 = CIRCLE('',#235,1.);
#235 = AXIS2_PLACEMENT_3D('',#236,#237,#238);
#236 = CARTESIAN_POINT('',(-16.,-32.75002191914,40.68842405135));
#237 = DIRECTION('',(1.,1.387778780781E-16,2.405483220021E-16));
#238 = DIRECTION('',(1.387778780781E-16,-1.,4.533410683886E-16));
#239 = ORIENTED_EDGE('',*,*,#240,.T.);
#240 = EDGE_CURVE('',#232,#241,#243,.T.);
#241 = VERTEX_POINT('',#242);
#242 = CARTESIAN_POINT('',(-16.,-33.49117456909,37.886501576014));
#243 = LINE('',#244,#245);
#244 = CARTESIAN_POINT('',(-16.,-36.51182430841,33.572566671734));
#245 = VECTOR('',#246,1.);
#246 = DIRECTION('',(-1.134442527142E-17,-0.573576436351,-0.819152044289
    ));
#247 = ORIENTED_EDGE('',*,*,#248,.F.);
#248 = EDGE_CURVE('',#249,#241,#251,.T.);
#249 = VERTEX_POINT('',#250);
#250 = CARTESIAN_POINT('',(-16.,-33.77295816053,37.689896481601));
#251 = CIRCLE('',#252,0.5);
#252 = AXIS2_PLACEMENT_3D('',#253,#254,#255);
#253 = CARTESIAN_POINT('',(-16.,-33.90075059123,38.173289794189));
#254 = DIRECTION('',(1.,1.387778780781E-16,2.405483220021E-16));
#255 = DIRECTION('',(1.387778780781E-16,-1.,4.533410683886E-16));
#256 = ORIENTED_EDGE('',*,*,#257,.T.);
#257 = EDGE_CURVE('',#249,#258,#260,.T.);
#258 = VERTEX_POINT('',#259);
#259 = CARTESIAN_POINT('',(-16.,-35.96489301522,35.53206252046));
#260 = CIRCLE('',#261,3.1);
#261 = AXIS2_PLACEMENT_3D('',#262,#263,#264);
#262 = CARTESIAN_POINT('',(-16.,-32.98064509018,34.692857943551));
#263 = DIRECTION('',(1.,1.387778780781E-16,2.405483220021E-16));
#264 = DIRECTION('',(6.847688448522E-17,-0.96266062098,0.270711153841));
#265 = ORIENTED_EDGE('',*,*,#266,.T.);
#266 = EDGE_CURVE('',#258,#267,#269,.T.);
#267 = VERTEX_POINT('',#268);
#268 = CARTESIAN_POINT('',(-16.,-33.64274092681,31.664388180929));
#269 = CIRCLE('',#270,3.1);
#270 = AXIS2_PLACEMENT_3D('',#271,#272,#273);
#271 = CARTESIAN_POINT('',(-16.,-32.98064509018,34.692857943551));
#272 = DIRECTION('',(1.,1.387778780781E-16,2.405483220021E-16));
#273 = DIRECTION('',(6.847688448522E-17,-0.96266062098,0.270711153841));
#274 = ORIENTED_EDGE('',*,*,#275,.T.);
#275 = EDGE_CURVE('',#267,#276,#278,.T.);
#276 = VERTEX_POINT('',#277);
#277 = CARTESIAN_POINT('',(-16.,-33.35061788031,31.615014520866));
#278 = CIRCLE('',#279,3.1);
#279 = AXIS2_PLACEMENT_3D('',#280,#281,#282);
#280 = CARTESIAN_POINT('',(-16.,-32.98064509018,34.692857943551));
#281 = DIRECTION('',(1.,1.387778780781E-16,2.405483220021E-16));
#282 = DIRECTION('',(6.847688448522E-17,-0.96266062098,0.270711153841));
#283 = ORIENTED_EDGE('',*,*,#284,.T.);
#284 = EDGE_CURVE('',#276,#285,#287,.T.);
#285 = VERTEX_POINT('',#286);
#286 = CARTESIAN_POINT('',(-16.,-29.89336306188,34.973374748327));
#287 = CIRCLE('',#288,3.1);
#288 = AXIS2_PLACEMENT_3D('',#289,#290,#291);
#289 = CARTESIAN_POINT('',(-16.,-32.98064509018,34.692857943551));
#290 = DIRECTION('',(1.,1.387778780781E-16,2.405483220021E-16));
#291 = DIRECTION('',(6.847688448522E-17,-0.96266062098,0.270711153841));
#292 = ORIENTED_EDGE('',*,*,#293,.F.);
#293 = EDGE_CURVE('',#294,#285,#296,.T.);
#294 = VERTEX_POINT('',#295);
#295 = CARTESIAN_POINT('',(-16.,-29.80499036979,35.305407612434));
#296 = CIRCLE('',#297,0.5);
#297 = AXIS2_PLACEMENT_3D('',#298,#299,#300);
#298 = CARTESIAN_POINT('',(-16.,-29.39541434764,35.018619394259));
#299 = DIRECTION('',(1.,1.387778780781E-16,2.405483220021E-16));
#300 = DIRECTION('',(1.387778780781E-16,-1.,4.533410683886E-16));
#301 = ORIENTED_EDGE('',*,*,#302,.T.);
#302 = EDGE_CURVE('',#294,#303,#305,.T.);
#303 = VERTEX_POINT('',#304);
#304 = CARTESIAN_POINT('',(-16.,-28.24468567555,37.533753651419));
#305 = LINE('',#306,#307);
#306 = CARTESIAN_POINT('',(-16.,-32.82564010911,30.991472708155));
#307 = VECTOR('',#308,1.);
#308 = DIRECTION('',(1.134442527142E-17,0.573576436351,0.819152044289));
#309 = ORIENTED_EDGE('',*,*,#310,.F.);
#310 = EDGE_CURVE('',#311,#303,#313,.T.);
#311 = VERTEX_POINT('',#312);
#312 = CARTESIAN_POINT('',(-16.,-26.49968172144,37.338063760321));
#313 = CIRCLE('',#314,1.);
#314 = AXIS2_PLACEMENT_3D('',#315,#316,#317);
#315 = CARTESIAN_POINT('',(-16.,-27.42553363126,36.960177215068));
#316 = DIRECTION('',(1.,1.387778780781E-16,2.405483220021E-16));
#317 = DIRECTION('',(1.387778780781E-16,-1.,4.533410683886E-16));
#318 = ORIENTED_EDGE('',*,*,#319,.T.);
#319 = EDGE_CURVE('',#311,#320,#322,.T.);
#320 = VERTEX_POINT('',#321);
#321 = CARTESIAN_POINT('',(-16.,-27.30657875976,30.593471248207));
#322 = CIRCLE('',#323,7.);
#323 = AXIS2_PLACEMENT_3D('',#324,#325,#326);
#324 = CARTESIAN_POINT('',(-16.,-32.98064509018,34.692857943552));
#325 = DIRECTION('',(-1.,-8.419191270074E-16,-1.295260195396E-15));
#326 = DIRECTION('',(8.419191270074E-16,-1.,9.806970050856E-16));
#327 = ORIENTED_EDGE('',*,*,#328,.F.);
#328 = EDGE_CURVE('',#329,#320,#331,.T.);
#329 = VERTEX_POINT('',#330);
#330 = CARTESIAN_POINT('',(-16.,-27.01953928429,26.738914420305));
#331 = CIRCLE('',#332,3.);
#332 = AXIS2_PLACEMENT_3D('',#333,#334,#335);
#333 = CARTESIAN_POINT('',(-16.,-24.87483604672,28.836591235917));
#334 = DIRECTION('',(-1.,-8.419191270074E-16,-1.295260195396E-15));
#335 = DIRECTION('',(8.419191270074E-16,-1.,9.806970050856E-16));
#336 = ORIENTED_EDGE('',*,*,#337,.F.);
#337 = EDGE_CURVE('',#338,#329,#340,.T.);
#338 = VERTEX_POINT('',#339);
#339 = CARTESIAN_POINT('',(-16.,-14.35098920809,13.786356542206));
#340 = LINE('',#341,#342);
#341 = CARTESIAN_POINT('',(-16.,-14.35098920809,13.786356542206));
#342 = VECTOR('',#343,1.);
#343 = DIRECTION('',(-3.372915004065E-16,-0.699225605204,0.71490107919)
  );
#344 = ORIENTED_EDGE('',*,*,#345,.T.);
#345 = EDGE_CURVE('',#338,#346,#348,.T.);
#346 = VERTEX_POINT('',#347);
#347 = CARTESIAN_POINT('',(-16.,-13.37767137932,12.627433823501));
#348 = CIRCLE('',#349,10.);
#349 = AXIS2_PLACEMENT_3D('',#350,#351,#352);
#350 = CARTESIAN_POINT('',(-16.,-21.5,6.794100490168));
#351 = DIRECTION('',(-1.,-8.419191270074E-16,-1.295260195396E-15));
#352 = DIRECTION('',(8.419191270074E-16,-1.,9.806970050856E-16));
#353 = ORIENTED_EDGE('',*,*,#354,.F.);
#354 = EDGE_CURVE('',#355,#346,#357,.T.);
#355 = VERTEX_POINT('',#356);
#356 = CARTESIAN_POINT('',(-16.,-11.75320565518,11.794100490168));
#357 = CIRCLE('',#358,2.);
#358 = AXIS2_PLACEMENT_3D('',#359,#360,#361);
#359 = CARTESIAN_POINT('',(-16.,-11.75320565518,13.794100490168));
#360 = DIRECTION('',(-1.,-8.419191270074E-16,-1.295260195396E-15));
#361 = DIRECTION('',(8.419191270074E-16,-1.,9.806970050856E-16));
#362 = ORIENTED_EDGE('',*,*,#363,.T.);
#363 = EDGE_CURVE('',#355,#364,#366,.T.);
#364 = VERTEX_POINT('',#365);
#365 = CARTESIAN_POINT('',(-16.,11.753205655188,11.794100490168));
#366 = LINE('',#367,#368);
#367 = CARTESIAN_POINT('',(-16.,-21.5,11.794100490168));
#368 = VECTOR('',#369,1.);
#369 = DIRECTION('',(-4.903485025428E-16,1.,-6.291263806209E-16));
#370 = ORIENTED_EDGE('',*,*,#371,.T.);
#371 = EDGE_CURVE('',#364,#372,#374,.T.);
#372 = VERTEX_POINT('',#373);
#373 = CARTESIAN_POINT('',(-16.,13.377671379323,12.627433823501));
#374 = CIRCLE('',#375,2.);
#375 = AXIS2_PLACEMENT_3D('',#376,#377,#378);
#376 = CARTESIAN_POINT('',(-16.,11.753205655189,13.794100490168));
#377 = DIRECTION('',(1.,1.554312234475E-15,2.914335439641E-15));
#378 = DIRECTION('',(-1.554312234475E-15,1.,-2.914335439641E-15));
#379 = ORIENTED_EDGE('',*,*,#380,.F.);
#380 = EDGE_CURVE('',#381,#372,#383,.T.);
#381 = VERTEX_POINT('',#382);
#382 = CARTESIAN_POINT('',(-16.,14.350989208097,13.786356542206));
#383 = CIRCLE('',#384,10.);
#384 = AXIS2_PLACEMENT_3D('',#385,#386,#387);
#385 = CARTESIAN_POINT('',(-16.,21.5,6.794100490168));
#386 = DIRECTION('',(1.,1.998401444325E-15,3.74700270811E-15));
#387 = DIRECTION('',(-1.998401444325E-15,1.,-3.74700270811E-15));
#388 = ORIENTED_EDGE('',*,*,#389,.T.);
#389 = EDGE_CURVE('',#381,#390,#392,.T.);
#390 = VERTEX_POINT('',#391);
#391 = CARTESIAN_POINT('',(-16.,27.019539284295,26.738914420305));
#392 = LINE('',#393,#394);
#393 = CARTESIAN_POINT('',(-16.,14.350989208097,13.786356542206));
#394 = VECTOR('',#395,1.);
#395 = DIRECTION('',(-3.623173101427E-15,0.699225605204,0.71490107919));
#396 = ORIENTED_EDGE('',*,*,#397,.T.);
#397 = EDGE_CURVE('',#390,#398,#400,.T.);
#398 = VERTEX_POINT('',#399);
#399 = CARTESIAN_POINT('',(-16.,27.306578759763,30.593471248207));
#400 = CIRCLE('',#401,3.);
#401 = AXIS2_PLACEMENT_3D('',#402,#403,#404);
#402 = CARTESIAN_POINT('',(-16.,24.874836046725,28.836591235917));
#403 = DIRECTION('',(1.,1.7763568394E-15,3.330669073875E-15));
#404 = DIRECTION('',(-1.7763568394E-15,1.,-3.330669073875E-15));
#405 = ORIENTED_EDGE('',*,*,#406,.F.);
#406 = EDGE_CURVE('',#407,#398,#409,.T.);
#407 = VERTEX_POINT('',#408);
#408 = CARTESIAN_POINT('',(-16.,26.499681721447,37.338063760321));
#409 = CIRCLE('',#410,7.);
#410 = AXIS2_PLACEMENT_3D('',#411,#412,#413);
#411 = CARTESIAN_POINT('',(-16.,32.980645090185,34.692857943552));
#412 = DIRECTION('',(1.,1.998401444325E-15,3.74700270811E-15));
#413 = DIRECTION('',(-1.998401444325E-15,1.,-3.74700270811E-15));
#414 = ORIENTED_EDGE('',*,*,#415,.F.);
#415 = EDGE_CURVE('',#416,#407,#418,.T.);
#416 = VERTEX_POINT('',#417);
#417 = CARTESIAN_POINT('',(-16.,28.244685675555,37.533753651419));
#418 = CIRCLE('',#419,1.);
#419 = AXIS2_PLACEMENT_3D('',#420,#421,#422);
#420 = CARTESIAN_POINT('',(-16.,27.425533631266,36.960177215068));
#421 = DIRECTION('',(1.,7.123931074678E-16,1.489549224705E-15));
#422 = DIRECTION('',(-7.123931074678E-16,1.,-1.489549224705E-15));
#423 = ORIENTED_EDGE('',*,*,#424,.F.);
#424 = EDGE_CURVE('',#425,#416,#427,.T.);
#425 = VERTEX_POINT('',#426);
#426 = CARTESIAN_POINT('',(-16.,29.804990369793,35.305407612434));
#427 = LINE('',#428,#429);
#428 = CARTESIAN_POINT('',(-16.,32.605533799378,31.305817095676));
#429 = VECTOR('',#430,1.);
#430 = DIRECTION('',(-1.576190555614E-15,-0.573576436351,0.819152044289)
  );
#431 = ORIENTED_EDGE('',*,*,#432,.F.);
#432 = EDGE_CURVE('',#433,#425,#435,.T.);
#433 = VERTEX_POINT('',#434);
#434 = CARTESIAN_POINT('',(-16.,29.893363061889,34.973374748327));
#435 = CIRCLE('',#436,0.5);
#436 = AXIS2_PLACEMENT_3D('',#437,#438,#439);
#437 = CARTESIAN_POINT('',(-16.,29.395414347648,35.018619394259));
#438 = DIRECTION('',(1.,7.123931074678E-16,1.489549224705E-15));
#439 = DIRECTION('',(-7.123931074678E-16,1.,-1.489549224705E-15));
#440 = ORIENTED_EDGE('',*,*,#441,.T.);
#441 = EDGE_CURVE('',#433,#442,#444,.T.);
#442 = VERTEX_POINT('',#443);
#443 = CARTESIAN_POINT('',(-16.,35.964893015224,35.53206252046));
#444 = CIRCLE('',#445,3.1);
#445 = AXIS2_PLACEMENT_3D('',#446,#447,#448);
#446 = CARTESIAN_POINT('',(-16.,32.980645090185,34.692857943551));
#447 = DIRECTION('',(1.,1.156482317318E-15,2.322216493174E-15));
#448 = DIRECTION('',(-1.741949892078E-15,0.96266062098,0.270711153841));
#449 = ORIENTED_EDGE('',*,*,#450,.T.);
#450 = EDGE_CURVE('',#442,#451,#453,.T.);
#451 = VERTEX_POINT('',#452);
#452 = CARTESIAN_POINT('',(-16.,33.772958160536,37.689896481601));
#453 = CIRCLE('',#454,3.1);
#454 = AXIS2_PLACEMENT_3D('',#455,#456,#457);
#455 = CARTESIAN_POINT('',(-16.,32.980645090185,34.692857943551));
#456 = DIRECTION('',(1.,1.156482317318E-15,2.322216493174E-15));
#457 = DIRECTION('',(-1.741949892078E-15,0.96266062098,0.270711153841));
#458 = ORIENTED_EDGE('',*,*,#459,.F.);
#459 = EDGE_CURVE('',#460,#451,#462,.T.);
#460 = VERTEX_POINT('',#461);
#461 = CARTESIAN_POINT('',(-16.,33.491174569093,37.886501576014));
#462 = CIRCLE('',#463,0.5);
#463 = AXIS2_PLACEMENT_3D('',#464,#465,#466);
#464 = CARTESIAN_POINT('',(-16.,33.900750591237,38.173289794189));
#465 = DIRECTION('',(1.,7.123931074678E-16,1.489549224705E-15));
#466 = DIRECTION('',(-7.123931074678E-16,1.,-1.489549224705E-15));
#467 = ORIENTED_EDGE('',*,*,#468,.F.);
#468 = EDGE_CURVE('',#469,#460,#471,.T.);
#469 = VERTEX_POINT('',#470);
#470 = CARTESIAN_POINT('',(-16.,31.930869874856,40.114847614999));
#471 = LINE('',#472,#473);
#472 = CARTESIAN_POINT('',(-16.,36.291717998679,33.886911059256));
#473 = VECTOR('',#474,1.);
#474 = DIRECTION('',(1.576190555614E-15,0.573576436351,-0.819152044289)
  );
#475 = ORIENTED_EDGE('',*,*,#476,.F.);
#476 = EDGE_CURVE('',#477,#469,#479,.T.);
#477 = VERTEX_POINT('',#478);
#478 = CARTESIAN_POINT('',(-16.,32.711584723972,41.687685069316));
#479 = CIRCLE('',#480,1.);
#480 = AXIS2_PLACEMENT_3D('',#481,#482,#483);
#481 = CARTESIAN_POINT('',(-16.,32.750021919145,40.68842405135));
#482 = DIRECTION('',(1.,7.123931074678E-16,1.489549224705E-15));
#483 = DIRECTION('',(-7.123931074678E-16,1.,-1.489549224705E-15));
#484 = ORIENTED_EDGE('',*,*,#485,.F.);
#485 = EDGE_CURVE('',#486,#477,#488,.T.);
#486 = VERTEX_POINT('',#487);
#487 = CARTESIAN_POINT('',(-16.,39.980645090185,34.692857943551));
#488 = CIRCLE('',#489,7.);
#489 = AXIS2_PLACEMENT_3D('',#490,#491,#492);
#490 = CARTESIAN_POINT('',(-16.,32.980645090185,34.692857943552));
#491 = DIRECTION('',(1.,1.998401444325E-15,3.74700270811E-15));
#492 = DIRECTION('',(-1.998401444325E-15,1.,-3.74700270811E-15));
#493 = ORIENTED_EDGE('',*,*,#494,.F.);
#494 = EDGE_CURVE('',#495,#486,#497,.T.);
#495 = VERTEX_POINT('',#496);
#496 = CARTESIAN_POINT('',(-16.,39.686780047363,32.685931453588));
#497 = CIRCLE('',#498,7.);
#498 = AXIS2_PLACEMENT_3D('',#499,#500,#501);
#499 = CARTESIAN_POINT('',(-16.,32.980645090185,34.692857943552));
#500 = DIRECTION('',(1.,1.998401444325E-15,3.74700270811E-15));
#501 = DIRECTION('',(-1.998401444325E-15,1.,-3.74700270811E-15));
#502 = ORIENTED_EDGE('',*,*,#503,.T.);
#503 = EDGE_CURVE('',#495,#504,#506,.T.);
#504 = VERTEX_POINT('',#505);
#505 = CARTESIAN_POINT('',(-16.,31.080192795969,3.927062647364));
#506 = LINE('',#507,#508);
#507 = CARTESIAN_POINT('',(-16.,39.686780047363,32.685931453589));
#508 = VECTOR('',#509,1.);
#509 = DIRECTION('',(3.700133414818E-15,-0.28670378428,-0.958019279597)
  );
#510 = ORIENTED_EDGE('',*,*,#511,.F.);
#511 = EDGE_CURVE('',#512,#504,#514,.T.);
#512 = VERTEX_POINT('',#513);
#513 = CARTESIAN_POINT('',(-16.,29.323529411765,0.565746972323));
#514 = CIRCLE('',#515,10.);
#515 = AXIS2_PLACEMENT_3D('',#516,#517,#518);
#516 = CARTESIAN_POINT('',(-16.,21.5,6.794100490168));
#517 = DIRECTION('',(1.,1.998401444325E-15,3.74700270811E-15));
#518 = DIRECTION('',(-1.998401444325E-15,1.,-3.74700270811E-15));
#519 = ORIENTED_EDGE('',*,*,#520,.F.);
#520 = EDGE_CURVE('',#521,#512,#523,.T.);
#521 = VERTEX_POINT('',#522);
#522 = CARTESIAN_POINT('',(-16.,26.65,1.5));
#523 = CIRCLE('',#524,1.5);
#524 = AXIS2_PLACEMENT_3D('',#525,#526,#527);
#525 = CARTESIAN_POINT('',(-16.,28.15,1.5));
#526 = DIRECTION('',(1.,-9.899488636241E-16,7.586524001605E-16));
#527 = DIRECTION('',(9.899488636241E-16,1.,-1.110223024625E-16));
#528 = ORIENTED_EDGE('',*,*,#529,.F.);
#529 = EDGE_CURVE('',#530,#521,#532,.T.);
#530 = VERTEX_POINT('',#531);
#531 = CARTESIAN_POINT('',(-16.,26.65,3.828195197985));
#532 = LINE('',#533,#534);
#533 = CARTESIAN_POINT('',(-16.,26.65,9.017034513216));
#534 = VECTOR('',#535,1.);
#535 = DIRECTION('',(1.029997552659E-15,-1.110223024625E-16,-1.));
#536 = ORIENTED_EDGE('',*,*,#537,.T.);
#537 = EDGE_CURVE('',#530,#538,#540,.T.);
#538 = VERTEX_POINT('',#539);
#539 = CARTESIAN_POINT('',(-16.,26.597774280031,4.050677094199));
#540 = CIRCLE('',#541,0.5);
#541 = AXIS2_PLACEMENT_3D('',#542,#543,#544);
#542 = CARTESIAN_POINT('',(-16.,26.15,3.828195197985));
#543 = DIRECTION('',(1.,4.625929269271E-17,2.405483220021E-16));
#544 = DIRECTION('',(-4.625929269271E-17,1.,-2.405483220021E-16));
#545 = ORIENTED_EDGE('',*,*,#546,.T.);
#546 = EDGE_CURVE('',#538,#547,#549,.T.);
#547 = VERTEX_POINT('',#548);
#548 = CARTESIAN_POINT('',(-16.,21.5,12.583200121346));
#549 = CIRCLE('',#550,5.789099631177);
#550 = AXIS2_PLACEMENT_3D('',#551,#552,#553);
#551 = CARTESIAN_POINT('',(-16.,21.5,6.794100490168));
#552 = DIRECTION('',(1.,9.251858538543E-17,4.810966440042E-16));
#553 = DIRECTION('',(-4.810966440042E-16,1.109335647967E-31,1.));
#554 = ORIENTED_EDGE('',*,*,#555,.T.);
#555 = EDGE_CURVE('',#547,#556,#558,.T.);
#556 = VERTEX_POINT('',#557);
#557 = CARTESIAN_POINT('',(-16.,16.402225719969,4.050677094199));
#558 = CIRCLE('',#559,5.789099631177);
#559 = AXIS2_PLACEMENT_3D('',#560,#561,#562);
#560 = CARTESIAN_POINT('',(-16.,21.5,6.794100490168));
#561 = DIRECTION('',(1.,9.251858538543E-17,4.810966440042E-16));
#562 = DIRECTION('',(-4.810966440042E-16,1.109335647967E-31,1.));
#563 = ORIENTED_EDGE('',*,*,#564,.T.);
#564 = EDGE_CURVE('',#556,#565,#567,.T.);
#565 = VERTEX_POINT('',#566);
#566 = CARTESIAN_POINT('',(-16.,16.35,3.828195197985));
#567 = CIRCLE('',#568,0.5);
#568 = AXIS2_PLACEMENT_3D('',#569,#570,#571);
#569 = CARTESIAN_POINT('',(-16.,16.85,3.828195197985));
#570 = DIRECTION('',(1.,4.625929269271E-17,2.405483220021E-16));
#571 = DIRECTION('',(-4.625929269271E-17,1.,-2.405483220021E-16));
#572 = ORIENTED_EDGE('',*,*,#573,.F.);
#573 = EDGE_CURVE('',#574,#565,#576,.T.);
#574 = VERTEX_POINT('',#575);
#575 = CARTESIAN_POINT('',(-16.,16.35,1.5));
#576 = LINE('',#577,#578);
#577 = CARTESIAN_POINT('',(-16.,16.35,9.017034513216));
#578 = VECTOR('',#579,1.);
#579 = DIRECTION('',(-1.029997552659E-15,1.110223024625E-16,1.));
#580 = ORIENTED_EDGE('',*,*,#581,.F.);
#581 = EDGE_CURVE('',#24,#574,#582,.T.);
#582 = CIRCLE('',#583,1.5);
#583 = AXIS2_PLACEMENT_3D('',#584,#585,#586);
#584 = CARTESIAN_POINT('',(-16.,14.85,1.5));
#585 = DIRECTION('',(1.,-9.899488636241E-16,7.586524001605E-16));
#586 = DIRECTION('',(9.899488636241E-16,1.,-1.110223024625E-16));
#587 = PLANE('',#588);
#588 = AXIS2_PLACEMENT_3D('',#589,#590,#591);
#589 = CARTESIAN_POINT('',(-16.,-5.321421189923E-02,19.222921182355));
#590 = DIRECTION('',(-1.,-6.891375460019E-16,-8.542122404272E-16));
#591 = DIRECTION('',(1.216493482699E-15,-1.,5.273559366969E-16));
#592 = ADVANCED_FACE('',(#593),#612,.T.);
#593 = FACE_BOUND('',#594,.F.);
#594 = EDGE_LOOP('',(#595,#604,#610,#611));
#595 = ORIENTED_EDGE('',*,*,#596,.T.);
#596 = EDGE_CURVE('',#41,#597,#599,.T.);
#597 = VERTEX_POINT('',#598);
#598 = CARTESIAN_POINT('',(16.,16.35,1.5));
#599 = CIRCLE('',#600,1.5);
#600 = AXIS2_PLACEMENT_3D('',#601,#602,#603);
#601 = CARTESIAN_POINT('',(16.,14.85,1.5));
#602 = DIRECTION('',(1.,-9.899488636241E-16,7.586524001605E-16));
#603 = DIRECTION('',(9.899488636241E-16,1.,-1.110223024625E-16));
#604 = ORIENTED_EDGE('',*,*,#605,.T.);
#605 = EDGE_CURVE('',#597,#574,#606,.T.);
#606 = LINE('',#607,#608);
#607 = CARTESIAN_POINT('',(16.,16.35,1.5));
#608 = VECTOR('',#609,1.);
#609 = DIRECTION('',(-1.,9.899488636241E-16,-7.586524001605E-16));
#610 = ORIENTED_EDGE('',*,*,#581,.F.);
#611 = ORIENTED_EDGE('',*,*,#49,.F.);
#612 = CYLINDRICAL_SURFACE('',#613,1.5);
#613 = AXIS2_PLACEMENT_3D('',#614,#615,#616);
#614 = CARTESIAN_POINT('',(16.,14.85,1.5));
#615 = DIRECTION('',(-1.,9.899488636241E-16,-7.586524001605E-16));
#616 = DIRECTION('',(-3.019738705345E-16,-0.782352941176,-0.622835351784
    ));
#617 = ADVANCED_FACE('',(#618),#637,.F.);
#618 = FACE_BOUND('',#619,.T.);
#619 = EDGE_LOOP('',(#620,#621,#630,#636));
#620 = ORIENTED_EDGE('',*,*,#32,.T.);
#621 = ORIENTED_EDGE('',*,*,#622,.T.);
#622 = EDGE_CURVE('',#33,#623,#625,.T.);
#623 = VERTEX_POINT('',#624);
#624 = CARTESIAN_POINT('',(16.,11.753205655188,1.794100490168));
#625 = CIRCLE('',#626,2.);
#626 = AXIS2_PLACEMENT_3D('',#627,#628,#629);
#627 = CARTESIAN_POINT('',(16.,11.753205655188,-0.205899509832));
#628 = DIRECTION('',(1.,1.554312234475E-15,2.914335439641E-15));
#629 = DIRECTION('',(-1.554312234475E-15,1.,-2.914335439641E-15));
#630 = ORIENTED_EDGE('',*,*,#631,.F.);
#631 = EDGE_CURVE('',#65,#623,#632,.T.);
#632 = LINE('',#633,#634);
#633 = CARTESIAN_POINT('',(-16.,11.753205655189,1.794100490168));
#634 = VECTOR('',#635,1.);
#635 = DIRECTION('',(1.,-1.961394010171E-15,-6.013708050053E-16));
#636 = ORIENTED_EDGE('',*,*,#64,.F.);
#637 = CYLINDRICAL_SURFACE('',#638,2.);
#638 = AXIS2_PLACEMENT_3D('',#639,#640,#641);
#639 = CARTESIAN_POINT('',(-16.,11.753205655189,-0.205899509832));
#640 = DIRECTION('',(-1.,1.785608697939E-15,4.25585492773E-16));
#641 = DIRECTION('',(-1.378526922243E-15,1.,-2.738550127409E-15));
#642 = ADVANCED_FACE('',(#643),#1154,.T.);
#643 = FACE_BOUND('',#644,.T.);
#644 = EDGE_LOOP('',(#645,#656,#665,#671,#672,#673,#674,#682,#691,#700,
    #709,#718,#726,#735,#744,#752,#761,#770,#779,#787,#796,#805,#814,
    #823,#831,#840,#849,#858,#866,#875,#884,#892,#901,#910,#918,#927,
    #936,#945,#953,#962,#971,#980,#989,#998,#1007,#1015,#1024,#1033,
    #1042,#1050,#1059,#1068,#1076,#1085,#1094,#1103,#1112,#1121,#1130,
    #1139,#1147));
#645 = ORIENTED_EDGE('',*,*,#646,.F.);
#646 = EDGE_CURVE('',#647,#649,#651,.T.);
#647 = VERTEX_POINT('',#648);
#648 = CARTESIAN_POINT('',(16.,-13.37767137932,0.960767156836));
#649 = VERTEX_POINT('',#650);
#650 = CARTESIAN_POINT('',(16.,-13.67647058823,0.565746972323));
#651 = CIRCLE('',#652,10.);
#652 = AXIS2_PLACEMENT_3D('',#653,#654,#655);
#653 = CARTESIAN_POINT('',(16.,-21.5,6.794100490168));
#654 = DIRECTION('',(-1.,-8.419191270074E-16,-1.295260195396E-15));
#655 = DIRECTION('',(8.419191270074E-16,-1.,9.806970050856E-16));
#656 = ORIENTED_EDGE('',*,*,#657,.T.);
#657 = EDGE_CURVE('',#647,#658,#660,.T.);
#658 = VERTEX_POINT('',#659);
#659 = CARTESIAN_POINT('',(16.,-11.75320565518,1.794100490168));
#660 = CIRCLE('',#661,2.);
#661 = AXIS2_PLACEMENT_3D('',#662,#663,#664);
#662 = CARTESIAN_POINT('',(16.,-11.75320565518,-0.205899509832));
#663 = DIRECTION('',(-1.,-8.419191270074E-16,-1.295260195396E-15));
#664 = DIRECTION('',(8.419191270074E-16,-1.,9.806970050856E-16));
#665 = ORIENTED_EDGE('',*,*,#666,.T.);
#666 = EDGE_CURVE('',#658,#623,#667,.T.);
#667 = LINE('',#668,#669);
#668 = CARTESIAN_POINT('',(16.,-1.,1.794100490168));
#669 = VECTOR('',#670,1.);
#670 = DIRECTION('',(-6.383782391595E-16,1.,-2.581268532253E-15));
#671 = ORIENTED_EDGE('',*,*,#622,.F.);
#672 = ORIENTED_EDGE('',*,*,#40,.T.);
#673 = ORIENTED_EDGE('',*,*,#596,.T.);
#674 = ORIENTED_EDGE('',*,*,#675,.F.);
#675 = EDGE_CURVE('',#676,#597,#678,.T.);
#676 = VERTEX_POINT('',#677);
#677 = CARTESIAN_POINT('',(16.,16.35,3.828195197985));
#678 = LINE('',#679,#680);
#679 = CARTESIAN_POINT('',(16.,16.35,9.017034513216));
#680 = VECTOR('',#681,1.);
#681 = DIRECTION('',(1.107647904215E-15,-1.110223024625E-16,-1.));
#682 = ORIENTED_EDGE('',*,*,#683,.F.);
#683 = EDGE_CURVE('',#684,#676,#686,.T.);
#684 = VERTEX_POINT('',#685);
#685 = CARTESIAN_POINT('',(16.,16.402225719969,4.050677094199));
#686 = CIRCLE('',#687,0.5);
#687 = AXIS2_PLACEMENT_3D('',#688,#689,#690);
#688 = CARTESIAN_POINT('',(16.,16.85,3.828195197985));
#689 = DIRECTION('',(1.,4.625929269271E-17,2.405483220021E-16));
#690 = DIRECTION('',(-4.625929269271E-17,1.,-2.405483220021E-16));
#691 = ORIENTED_EDGE('',*,*,#692,.F.);
#692 = EDGE_CURVE('',#693,#684,#695,.T.);
#693 = VERTEX_POINT('',#694);
#694 = CARTESIAN_POINT('',(16.,21.5,12.583200121346));
#695 = CIRCLE('',#696,5.789099631177);
#696 = AXIS2_PLACEMENT_3D('',#697,#698,#699);
#697 = CARTESIAN_POINT('',(16.,21.5,6.794100490168));
#698 = DIRECTION('',(1.,9.251858538543E-17,4.810966440042E-16));
#699 = DIRECTION('',(-4.810966440042E-16,7.177199351112E-16,1.));
#700 = ORIENTED_EDGE('',*,*,#701,.F.);
#701 = EDGE_CURVE('',#702,#693,#704,.T.);
#702 = VERTEX_POINT('',#703);
#703 = CARTESIAN_POINT('',(16.,26.597774280031,4.050677094199));
#704 = CIRCLE('',#705,5.789099631177);
#705 = AXIS2_PLACEMENT_3D('',#706,#707,#708);
#706 = CARTESIAN_POINT('',(16.,21.5,6.794100490168));
#707 = DIRECTION('',(1.,9.251858538543E-17,4.810966440042E-16));
#708 = DIRECTION('',(-4.810966440042E-16,7.177199351112E-16,1.));
#709 = ORIENTED_EDGE('',*,*,#710,.F.);
#710 = EDGE_CURVE('',#711,#702,#713,.T.);
#711 = VERTEX_POINT('',#712);
#712 = CARTESIAN_POINT('',(16.,26.65,3.828195197985));
#713 = CIRCLE('',#714,0.5);
#714 = AXIS2_PLACEMENT_3D('',#715,#716,#717);
#715 = CARTESIAN_POINT('',(16.,26.15,3.828195197985));
#716 = DIRECTION('',(1.,4.625929269271E-17,2.405483220021E-16));
#717 = DIRECTION('',(-4.625929269271E-17,1.,-2.405483220021E-16));
#718 = ORIENTED_EDGE('',*,*,#719,.F.);
#719 = EDGE_CURVE('',#720,#711,#722,.T.);
#720 = VERTEX_POINT('',#721);
#721 = CARTESIAN_POINT('',(16.,26.65,1.5));
#722 = LINE('',#723,#724);
#723 = CARTESIAN_POINT('',(16.,26.65,9.017034513216));
#724 = VECTOR('',#725,1.);
#725 = DIRECTION('',(-1.107647904215E-15,1.110223024625E-16,1.));
#726 = ORIENTED_EDGE('',*,*,#727,.T.);
#727 = EDGE_CURVE('',#720,#728,#730,.T.);
#728 = VERTEX_POINT('',#729);
#729 = CARTESIAN_POINT('',(16.,29.323529411765,0.565746972323));
#730 = CIRCLE('',#731,1.5);
#731 = AXIS2_PLACEMENT_3D('',#732,#733,#734);
#732 = CARTESIAN_POINT('',(16.,28.15,1.5));
#733 = DIRECTION('',(1.,-9.899488636241E-16,7.586524001605E-16));
#734 = DIRECTION('',(9.899488636241E-16,1.,-1.110223024625E-16));
#735 = ORIENTED_EDGE('',*,*,#736,.T.);
#736 = EDGE_CURVE('',#728,#737,#739,.T.);
#737 = VERTEX_POINT('',#738);
#738 = CARTESIAN_POINT('',(16.,31.080192795969,3.927062647364));
#739 = CIRCLE('',#740,10.);
#740 = AXIS2_PLACEMENT_3D('',#741,#742,#743);
#741 = CARTESIAN_POINT('',(16.,21.5,6.794100490168));
#742 = DIRECTION('',(1.,1.998401444325E-15,3.74700270811E-15));
#743 = DIRECTION('',(-1.998401444325E-15,1.,-3.74700270811E-15));
#744 = ORIENTED_EDGE('',*,*,#745,.F.);
#745 = EDGE_CURVE('',#746,#737,#748,.T.);
#746 = VERTEX_POINT('',#747);
#747 = CARTESIAN_POINT('',(16.,39.686780047363,32.685931453588));
#748 = LINE('',#749,#750);
#749 = CARTESIAN_POINT('',(16.,39.686780047363,32.685931453588));
#750 = VECTOR('',#751,1.);
#751 = DIRECTION('',(3.700133414818E-15,-0.28670378428,-0.958019279597)
  );
#752 = ORIENTED_EDGE('',*,*,#753,.T.);
#753 = EDGE_CURVE('',#746,#754,#756,.T.);
#754 = VERTEX_POINT('',#755);
#755 = CARTESIAN_POINT('',(16.,39.980645090185,34.692857943551));
#756 = CIRCLE('',#757,7.);
#757 = AXIS2_PLACEMENT_3D('',#758,#759,#760);
#758 = CARTESIAN_POINT('',(16.,32.980645090185,34.692857943551));
#759 = DIRECTION('',(1.,1.998401444325E-15,3.74700270811E-15));
#760 = DIRECTION('',(-1.998401444325E-15,1.,-3.74700270811E-15));
#761 = ORIENTED_EDGE('',*,*,#762,.T.);
#762 = EDGE_CURVE('',#754,#763,#765,.T.);
#763 = VERTEX_POINT('',#764);
#764 = CARTESIAN_POINT('',(16.,32.711584723972,41.687685069316));
#765 = CIRCLE('',#766,7.);
#766 = AXIS2_PLACEMENT_3D('',#767,#768,#769);
#767 = CARTESIAN_POINT('',(16.,32.980645090185,34.692857943551));
#768 = DIRECTION('',(1.,1.998401444325E-15,3.74700270811E-15));
#769 = DIRECTION('',(-1.998401444325E-15,1.,-3.74700270811E-15));
#770 = ORIENTED_EDGE('',*,*,#771,.T.);
#771 = EDGE_CURVE('',#763,#772,#774,.T.);
#772 = VERTEX_POINT('',#773);
#773 = CARTESIAN_POINT('',(16.,31.930869874856,40.114847614999));
#774 = CIRCLE('',#775,1.);
#775 = AXIS2_PLACEMENT_3D('',#776,#777,#778);
#776 = CARTESIAN_POINT('',(16.,32.750021919145,40.68842405135));
#777 = DIRECTION('',(1.,7.123931074678E-16,1.489549224705E-15));
#778 = DIRECTION('',(-7.123931074678E-16,1.,-1.489549224705E-15));
#779 = ORIENTED_EDGE('',*,*,#780,.F.);
#780 = EDGE_CURVE('',#781,#772,#783,.T.);
#781 = VERTEX_POINT('',#782);
#782 = CARTESIAN_POINT('',(16.,33.491174569093,37.886501576014));
#783 = LINE('',#784,#785);
#784 = CARTESIAN_POINT('',(16.,36.291717998679,33.886911059256));
#785 = VECTOR('',#786,1.);
#786 = DIRECTION('',(-1.377541196081E-15,-0.573576436351,0.819152044289)
  );
#787 = ORIENTED_EDGE('',*,*,#788,.T.);
#788 = EDGE_CURVE('',#781,#789,#791,.T.);
#789 = VERTEX_POINT('',#790);
#790 = CARTESIAN_POINT('',(16.,33.772958160536,37.689896481601));
#791 = CIRCLE('',#792,0.5);
#792 = AXIS2_PLACEMENT_3D('',#793,#794,#795);
#793 = CARTESIAN_POINT('',(16.,33.900750591237,38.173289794189));
#794 = DIRECTION('',(1.,7.123931074678E-16,1.489549224705E-15));
#795 = DIRECTION('',(-7.123931074678E-16,1.,-1.489549224705E-15));
#796 = ORIENTED_EDGE('',*,*,#797,.F.);
#797 = EDGE_CURVE('',#798,#789,#800,.T.);
#798 = VERTEX_POINT('',#799);
#799 = CARTESIAN_POINT('',(16.,35.964893015224,35.53206252046));
#800 = CIRCLE('',#801,3.1);
#801 = AXIS2_PLACEMENT_3D('',#802,#803,#804);
#802 = CARTESIAN_POINT('',(16.,32.980645090185,34.692857943551));
#803 = DIRECTION('',(1.,1.156482317318E-15,2.322216493174E-15));
#804 = DIRECTION('',(-1.741949892078E-15,0.96266062098,0.270711153841));
#805 = ORIENTED_EDGE('',*,*,#806,.F.);
#806 = EDGE_CURVE('',#807,#798,#809,.T.);
#807 = VERTEX_POINT('',#808);
#808 = CARTESIAN_POINT('',(16.,29.893363061889,34.973374748327));
#809 = CIRCLE('',#810,3.1);
#810 = AXIS2_PLACEMENT_3D('',#811,#812,#813);
#811 = CARTESIAN_POINT('',(16.,32.980645090185,34.692857943551));
#812 = DIRECTION('',(1.,1.156482317318E-15,2.322216493174E-15));
#813 = DIRECTION('',(-1.741949892078E-15,0.96266062098,0.270711153841));
#814 = ORIENTED_EDGE('',*,*,#815,.T.);
#815 = EDGE_CURVE('',#807,#816,#818,.T.);
#816 = VERTEX_POINT('',#817);
#817 = CARTESIAN_POINT('',(16.,29.804990369793,35.305407612434));
#818 = CIRCLE('',#819,0.5);
#819 = AXIS2_PLACEMENT_3D('',#820,#821,#822);
#820 = CARTESIAN_POINT('',(16.,29.395414347648,35.018619394259));
#821 = DIRECTION('',(1.,7.123931074678E-16,1.489549224705E-15));
#822 = DIRECTION('',(-7.123931074678E-16,1.,-1.489549224705E-15));
#823 = ORIENTED_EDGE('',*,*,#824,.F.);
#824 = EDGE_CURVE('',#825,#816,#827,.T.);
#825 = VERTEX_POINT('',#826);
#826 = CARTESIAN_POINT('',(16.,28.244685675555,37.533753651419));
#827 = LINE('',#828,#829);
#828 = CARTESIAN_POINT('',(16.,32.605533799378,31.305817095676));
#829 = VECTOR('',#830,1.);
#830 = DIRECTION('',(1.377541196081E-15,0.573576436351,-0.819152044289)
  );
#831 = ORIENTED_EDGE('',*,*,#832,.T.);
#832 = EDGE_CURVE('',#825,#833,#835,.T.);
#833 = VERTEX_POINT('',#834);
#834 = CARTESIAN_POINT('',(16.,26.499681721447,37.338063760321));
#835 = CIRCLE('',#836,1.);
#836 = AXIS2_PLACEMENT_3D('',#837,#838,#839);
#837 = CARTESIAN_POINT('',(16.,27.425533631266,36.960177215068));
#838 = DIRECTION('',(1.,7.123931074678E-16,1.489549224705E-15));
#839 = DIRECTION('',(-7.123931074678E-16,1.,-1.489549224705E-15));
#840 = ORIENTED_EDGE('',*,*,#841,.T.);
#841 = EDGE_CURVE('',#833,#842,#844,.T.);
#842 = VERTEX_POINT('',#843);
#843 = CARTESIAN_POINT('',(16.,27.306578759763,30.593471248207));
#844 = CIRCLE('',#845,7.);
#845 = AXIS2_PLACEMENT_3D('',#846,#847,#848);
#846 = CARTESIAN_POINT('',(16.,32.980645090185,34.692857943551));
#847 = DIRECTION('',(1.,1.998401444325E-15,3.74700270811E-15));
#848 = DIRECTION('',(-1.998401444325E-15,1.,-3.74700270811E-15));
#849 = ORIENTED_EDGE('',*,*,#850,.F.);
#850 = EDGE_CURVE('',#851,#842,#853,.T.);
#851 = VERTEX_POINT('',#852);
#852 = CARTESIAN_POINT('',(16.,27.019539284295,26.738914420305));
#853 = CIRCLE('',#854,3.);
#854 = AXIS2_PLACEMENT_3D('',#855,#856,#857);
#855 = CARTESIAN_POINT('',(16.,24.874836046725,28.836591235917));
#856 = DIRECTION('',(1.,1.7763568394E-15,3.330669073875E-15));
#857 = DIRECTION('',(-1.7763568394E-15,1.,-3.330669073875E-15));
#858 = ORIENTED_EDGE('',*,*,#859,.F.);
#859 = EDGE_CURVE('',#860,#851,#862,.T.);
#860 = VERTEX_POINT('',#861);
#861 = CARTESIAN_POINT('',(16.,14.350989208097,13.786356542206));
#862 = LINE('',#863,#864);
#863 = CARTESIAN_POINT('',(16.,14.350989208097,13.786356542206));
#864 = VECTOR('',#865,1.);
#865 = DIRECTION('',(-3.623173101427E-15,0.699225605204,0.71490107919));
#866 = ORIENTED_EDGE('',*,*,#867,.T.);
#867 = EDGE_CURVE('',#860,#868,#870,.T.);
#868 = VERTEX_POINT('',#869);
#869 = CARTESIAN_POINT('',(16.,13.377671379323,12.627433823501));
#870 = CIRCLE('',#871,10.);
#871 = AXIS2_PLACEMENT_3D('',#872,#873,#874);
#872 = CARTESIAN_POINT('',(16.,21.5,6.794100490168));
#873 = DIRECTION('',(1.,1.998401444325E-15,3.74700270811E-15));
#874 = DIRECTION('',(-1.998401444325E-15,1.,-3.74700270811E-15));
#875 = ORIENTED_EDGE('',*,*,#876,.F.);
#876 = EDGE_CURVE('',#877,#868,#879,.T.);
#877 = VERTEX_POINT('',#878);
#878 = CARTESIAN_POINT('',(16.,11.753205655188,11.794100490168));
#879 = CIRCLE('',#880,2.);
#880 = AXIS2_PLACEMENT_3D('',#881,#882,#883);
#881 = CARTESIAN_POINT('',(16.,11.753205655188,13.794100490168));
#882 = DIRECTION('',(1.,1.554312234475E-15,2.914335439641E-15));
#883 = DIRECTION('',(-1.554312234475E-15,1.,-2.914335439641E-15));
#884 = ORIENTED_EDGE('',*,*,#885,.T.);
#885 = EDGE_CURVE('',#877,#886,#888,.T.);
#886 = VERTEX_POINT('',#887);
#887 = CARTESIAN_POINT('',(16.,-11.75320565518,11.794100490168));
#888 = LINE('',#889,#890);
#889 = CARTESIAN_POINT('',(16.,21.5,11.794100490168));
#890 = VECTOR('',#891,1.);
#891 = DIRECTION('',(6.383782391595E-16,-1.,2.581268532253E-15));
#892 = ORIENTED_EDGE('',*,*,#893,.T.);
#893 = EDGE_CURVE('',#886,#894,#896,.T.);
#894 = VERTEX_POINT('',#895);
#895 = CARTESIAN_POINT('',(16.,-13.37767137932,12.627433823501));
#896 = CIRCLE('',#897,2.);
#897 = AXIS2_PLACEMENT_3D('',#898,#899,#900);
#898 = CARTESIAN_POINT('',(16.,-11.75320565518,13.794100490168));
#899 = DIRECTION('',(-1.,-8.419191270074E-16,-1.295260195396E-15));
#900 = DIRECTION('',(8.419191270074E-16,-1.,9.806970050856E-16));
#901 = ORIENTED_EDGE('',*,*,#902,.F.);
#902 = EDGE_CURVE('',#903,#894,#905,.T.);
#903 = VERTEX_POINT('',#904);
#904 = CARTESIAN_POINT('',(16.,-14.35098920809,13.786356542206));
#905 = CIRCLE('',#906,10.);
#906 = AXIS2_PLACEMENT_3D('',#907,#908,#909);
#907 = CARTESIAN_POINT('',(16.,-21.5,6.794100490168));
#908 = DIRECTION('',(-1.,-8.419191270074E-16,-1.295260195396E-15));
#909 = DIRECTION('',(8.419191270074E-16,-1.,9.806970050856E-16));
#910 = ORIENTED_EDGE('',*,*,#911,.T.);
#911 = EDGE_CURVE('',#903,#912,#914,.T.);
#912 = VERTEX_POINT('',#913);
#913 = CARTESIAN_POINT('',(16.,-27.01953928429,26.738914420305));
#914 = LINE('',#915,#916);
#915 = CARTESIAN_POINT('',(16.,-14.35098920809,13.786356542206));
#916 = VECTOR('',#917,1.);
#917 = DIRECTION('',(-3.372915004065E-16,-0.699225605204,0.71490107919)
  );
#918 = ORIENTED_EDGE('',*,*,#919,.T.);
#919 = EDGE_CURVE('',#912,#920,#922,.T.);
#920 = VERTEX_POINT('',#921);
#921 = CARTESIAN_POINT('',(16.,-27.30657875976,30.593471248207));
#922 = CIRCLE('',#923,3.);
#923 = AXIS2_PLACEMENT_3D('',#924,#925,#926);
#924 = CARTESIAN_POINT('',(16.,-24.87483604672,28.836591235917));
#925 = DIRECTION('',(-1.,-8.419191270074E-16,-1.295260195396E-15));
#926 = DIRECTION('',(8.419191270074E-16,-1.,9.806970050856E-16));
#927 = ORIENTED_EDGE('',*,*,#928,.F.);
#928 = EDGE_CURVE('',#929,#920,#931,.T.);
#929 = VERTEX_POINT('',#930);
#930 = CARTESIAN_POINT('',(16.,-26.49968172144,37.338063760321));
#931 = CIRCLE('',#932,7.);
#932 = AXIS2_PLACEMENT_3D('',#933,#934,#935);
#933 = CARTESIAN_POINT('',(16.,-32.98064509018,34.692857943551));
#934 = DIRECTION('',(-1.,-8.419191270074E-16,-1.295260195396E-15));
#935 = DIRECTION('',(8.419191270074E-16,-1.,9.806970050856E-16));
#936 = ORIENTED_EDGE('',*,*,#937,.T.);
#937 = EDGE_CURVE('',#929,#938,#940,.T.);
#938 = VERTEX_POINT('',#939);
#939 = CARTESIAN_POINT('',(16.,-28.24468567555,37.533753651419));
#940 = CIRCLE('',#941,1.);
#941 = AXIS2_PLACEMENT_3D('',#942,#943,#944);
#942 = CARTESIAN_POINT('',(16.,-27.42553363126,36.960177215068));
#943 = DIRECTION('',(1.,1.387778780781E-16,2.405483220021E-16));
#944 = DIRECTION('',(1.387778780781E-16,-1.,4.533410683886E-16));
#945 = ORIENTED_EDGE('',*,*,#946,.F.);
#946 = EDGE_CURVE('',#947,#938,#949,.T.);
#947 = VERTEX_POINT('',#948);
#948 = CARTESIAN_POINT('',(16.,-29.80499036979,35.305407612434));
#949 = LINE('',#950,#951);
#950 = CARTESIAN_POINT('',(16.,-32.82564010911,30.991472708155));
#951 = VECTOR('',#952,1.);
#952 = DIRECTION('',(1.134442527142E-17,0.573576436351,0.819152044289));
#953 = ORIENTED_EDGE('',*,*,#954,.T.);
#954 = EDGE_CURVE('',#947,#955,#957,.T.);
#955 = VERTEX_POINT('',#956);
#956 = CARTESIAN_POINT('',(16.,-29.89336306188,34.973374748327));
#957 = CIRCLE('',#958,0.5);
#958 = AXIS2_PLACEMENT_3D('',#959,#960,#961);
#959 = CARTESIAN_POINT('',(16.,-29.39541434764,35.018619394259));
#960 = DIRECTION('',(1.,1.387778780781E-16,2.405483220021E-16));
#961 = DIRECTION('',(1.387778780781E-16,-1.,4.533410683886E-16));
#962 = ORIENTED_EDGE('',*,*,#963,.F.);
#963 = EDGE_CURVE('',#964,#955,#966,.T.);
#964 = VERTEX_POINT('',#965);
#965 = CARTESIAN_POINT('',(16.,-33.3506178803,31.615014520866));
#966 = CIRCLE('',#967,3.1);
#967 = AXIS2_PLACEMENT_3D('',#968,#969,#970);
#968 = CARTESIAN_POINT('',(16.,-32.98064509018,34.692857943551));
#969 = DIRECTION('',(1.,1.387778780781E-16,2.405483220021E-16));
#970 = DIRECTION('',(6.847688448522E-17,-0.96266062098,0.270711153841));
#971 = ORIENTED_EDGE('',*,*,#972,.F.);
#972 = EDGE_CURVE('',#973,#964,#975,.T.);
#973 = VERTEX_POINT('',#974);
#974 = CARTESIAN_POINT('',(16.,-33.64274092681,31.66438818093));
#975 = CIRCLE('',#976,3.1);
#976 = AXIS2_PLACEMENT_3D('',#977,#978,#979);
#977 = CARTESIAN_POINT('',(16.,-32.98064509018,34.692857943551));
#978 = DIRECTION('',(1.,1.387778780781E-16,2.405483220021E-16));
#979 = DIRECTION('',(6.847688448522E-17,-0.96266062098,0.270711153841));
#980 = ORIENTED_EDGE('',*,*,#981,.F.);
#981 = EDGE_CURVE('',#982,#973,#984,.T.);
#982 = VERTEX_POINT('',#983);
#983 = CARTESIAN_POINT('',(16.,-35.96489301522,35.53206252046));
#984 = CIRCLE('',#985,3.1);
#985 = AXIS2_PLACEMENT_3D('',#986,#987,#988);
#986 = CARTESIAN_POINT('',(16.,-32.98064509018,34.692857943551));
#987 = DIRECTION('',(1.,1.387778780781E-16,2.405483220021E-16));
#988 = DIRECTION('',(6.847688448522E-17,-0.96266062098,0.270711153841));
#989 = ORIENTED_EDGE('',*,*,#990,.F.);
#990 = EDGE_CURVE('',#991,#982,#993,.T.);
#991 = VERTEX_POINT('',#992);
#992 = CARTESIAN_POINT('',(16.,-33.77295816053,37.689896481601));
#993 = CIRCLE('',#994,3.1);
#994 = AXIS2_PLACEMENT_3D('',#995,#996,#997);
#995 = CARTESIAN_POINT('',(16.,-32.98064509018,34.692857943551));
#996 = DIRECTION('',(1.,1.387778780781E-16,2.405483220021E-16));
#997 = DIRECTION('',(6.847688448522E-17,-0.96266062098,0.270711153841));
#998 = ORIENTED_EDGE('',*,*,#999,.T.);
#999 = EDGE_CURVE('',#991,#1000,#1002,.T.);
#1000 = VERTEX_POINT('',#1001);
#1001 = CARTESIAN_POINT('',(16.,-33.49117456909,37.886501576014));
#1002 = CIRCLE('',#1003,0.5);
#1003 = AXIS2_PLACEMENT_3D('',#1004,#1005,#1006);
#1004 = CARTESIAN_POINT('',(16.,-33.90075059123,38.173289794189));
#1005 = DIRECTION('',(1.,1.387778780781E-16,2.405483220021E-16));
#1006 = DIRECTION('',(1.387778780781E-16,-1.,4.533410683886E-16));
#1007 = ORIENTED_EDGE('',*,*,#1008,.F.);
#1008 = EDGE_CURVE('',#1009,#1000,#1011,.T.);
#1009 = VERTEX_POINT('',#1010);
#1010 = CARTESIAN_POINT('',(16.,-31.93086987485,40.114847614999));
#1011 = LINE('',#1012,#1013);
#1012 = CARTESIAN_POINT('',(16.,-36.51182430841,33.572566671734));
#1013 = VECTOR('',#1014,1.);
#1014 = DIRECTION('',(-1.134442527142E-17,-0.573576436351,
    -0.819152044289));
#1015 = ORIENTED_EDGE('',*,*,#1016,.T.);
#1016 = EDGE_CURVE('',#1009,#1017,#1019,.T.);
#1017 = VERTEX_POINT('',#1018);
#1018 = CARTESIAN_POINT('',(16.,-32.71158472397,41.687685069316));
#1019 = CIRCLE('',#1020,1.);
#1020 = AXIS2_PLACEMENT_3D('',#1021,#1022,#1023);
#1021 = CARTESIAN_POINT('',(16.,-32.75002191914,40.68842405135));
#1022 = DIRECTION('',(1.,1.387778780781E-16,2.405483220021E-16));
#1023 = DIRECTION('',(1.387778780781E-16,-1.,4.533410683886E-16));
#1024 = ORIENTED_EDGE('',*,*,#1025,.F.);
#1025 = EDGE_CURVE('',#1026,#1017,#1028,.T.);
#1026 = VERTEX_POINT('',#1027);
#1027 = CARTESIAN_POINT('',(16.,-39.98064509018,34.692857943551));
#1028 = CIRCLE('',#1029,7.);
#1029 = AXIS2_PLACEMENT_3D('',#1030,#1031,#1032);
#1030 = CARTESIAN_POINT('',(16.,-32.98064509018,34.692857943551));
#1031 = DIRECTION('',(-1.,-8.419191270074E-16,-1.295260195396E-15));
#1032 = DIRECTION('',(8.419191270074E-16,-1.,9.806970050856E-16));
#1033 = ORIENTED_EDGE('',*,*,#1034,.F.);
#1034 = EDGE_CURVE('',#1035,#1026,#1037,.T.);
#1035 = VERTEX_POINT('',#1036);
#1036 = CARTESIAN_POINT('',(16.,-39.68678004736,32.685931453588));
#1037 = CIRCLE('',#1038,7.);
#1038 = AXIS2_PLACEMENT_3D('',#1039,#1040,#1041);
#1039 = CARTESIAN_POINT('',(16.,-32.98064509018,34.692857943551));
#1040 = DIRECTION('',(-1.,-8.419191270074E-16,-1.295260195396E-15));
#1041 = DIRECTION('',(8.419191270074E-16,-1.,9.806970050856E-16));
#1042 = ORIENTED_EDGE('',*,*,#1043,.T.);
#1043 = EDGE_CURVE('',#1035,#1044,#1046,.T.);
#1044 = VERTEX_POINT('',#1045);
#1045 = CARTESIAN_POINT('',(16.,-31.08019279596,3.927062647364));
#1046 = LINE('',#1047,#1048);
#1047 = CARTESIAN_POINT('',(16.,-39.68678004736,32.685931453589));
#1048 = VECTOR('',#1049,1.);
#1049 = DIRECTION('',(9.995028395127E-16,0.28670378428,-0.958019279597)
  );
#1050 = ORIENTED_EDGE('',*,*,#1051,.F.);
#1051 = EDGE_CURVE('',#1052,#1044,#1054,.T.);
#1052 = VERTEX_POINT('',#1053);
#1053 = CARTESIAN_POINT('',(16.,-29.32352941176,0.565746972323));
#1054 = CIRCLE('',#1055,10.);
#1055 = AXIS2_PLACEMENT_3D('',#1056,#1057,#1058);
#1056 = CARTESIAN_POINT('',(16.,-21.5,6.794100490168));
#1057 = DIRECTION('',(-1.,-8.419191270074E-16,-1.295260195396E-15));
#1058 = DIRECTION('',(8.419191270074E-16,-1.,9.806970050856E-16));
#1059 = ORIENTED_EDGE('',*,*,#1060,.T.);
#1060 = EDGE_CURVE('',#1052,#1061,#1063,.T.);
#1061 = VERTEX_POINT('',#1062);
#1062 = CARTESIAN_POINT('',(16.,-26.65,1.5));
#1063 = CIRCLE('',#1064,1.5);
#1064 = AXIS2_PLACEMENT_3D('',#1065,#1066,#1067);
#1065 = CARTESIAN_POINT('',(16.,-28.15,1.5));
#1066 = DIRECTION('',(1.,-2.127927463865E-16,-1.110223024625E-16));
#1067 = DIRECTION('',(1.110223024625E-16,1.110223024625E-16,1.));
#1068 = ORIENTED_EDGE('',*,*,#1069,.F.);
#1069 = EDGE_CURVE('',#1070,#1061,#1072,.T.);
#1070 = VERTEX_POINT('',#1071);
#1071 = CARTESIAN_POINT('',(16.,-26.65,3.828195197985));
#1072 = LINE('',#1073,#1074);
#1073 = CARTESIAN_POINT('',(16.,-26.65,9.017034513216));
#1074 = VECTOR('',#1075,1.);
#1075 = DIRECTION('',(1.107647904215E-15,2.430418938852E-16,-1.));
#1076 = ORIENTED_EDGE('',*,*,#1077,.F.);
#1077 = EDGE_CURVE('',#1078,#1070,#1080,.T.);
#1078 = VERTEX_POINT('',#1079);
#1079 = CARTESIAN_POINT('',(16.,-26.59777428003,4.050677094199));
#1080 = CIRCLE('',#1081,0.5);
#1081 = AXIS2_PLACEMENT_3D('',#1082,#1083,#1084);
#1082 = CARTESIAN_POINT('',(16.,-26.15,3.828195197985));
#1083 = DIRECTION('',(1.,4.625929269271E-17,2.405483220021E-16));
#1084 = DIRECTION('',(-4.625929269271E-17,1.,-2.405483220021E-16));
#1085 = ORIENTED_EDGE('',*,*,#1086,.F.);
#1086 = EDGE_CURVE('',#1087,#1078,#1089,.T.);
#1087 = VERTEX_POINT('',#1088);
#1088 = CARTESIAN_POINT('',(16.,-27.25649411481,6.180545239337));
#1089 = CIRCLE('',#1090,5.789099631177);
#1090 = AXIS2_PLACEMENT_3D('',#1091,#1092,#1093);
#1091 = CARTESIAN_POINT('',(16.,-21.5,6.794100490168));
#1092 = DIRECTION('',(1.,3.145631903105E-16,6.47630097698E-17));
#1093 = DIRECTION('',(-6.47630097698E-17,-8.379940961123E-16,1.));
#1094 = ORIENTED_EDGE('',*,*,#1095,.F.);
#1095 = EDGE_CURVE('',#1096,#1087,#1098,.T.);
#1096 = VERTEX_POINT('',#1097);
#1097 = CARTESIAN_POINT('',(16.,-21.5,12.583200121346));
#1098 = CIRCLE('',#1099,5.789099631177);
#1099 = AXIS2_PLACEMENT_3D('',#1100,#1101,#1102);
#1100 = CARTESIAN_POINT('',(16.,-21.5,6.794100490168));
#1101 = DIRECTION('',(1.,3.145631903105E-16,6.47630097698E-17));
#1102 = DIRECTION('',(-6.47630097698E-17,-8.379940961123E-16,1.));
#1103 = ORIENTED_EDGE('',*,*,#1104,.F.);
#1104 = EDGE_CURVE('',#1105,#1096,#1107,.T.);
#1105 = VERTEX_POINT('',#1106);
#1106 = CARTESIAN_POINT('',(16.,-18.58217983081,11.794100490168));
#1107 = CIRCLE('',#1108,5.789099631177);
#1108 = AXIS2_PLACEMENT_3D('',#1109,#1110,#1111);
#1109 = CARTESIAN_POINT('',(16.,-21.5,6.794100490168));
#1110 = DIRECTION('',(1.,3.145631903105E-16,6.47630097698E-17));
#1111 = DIRECTION('',(-6.47630097698E-17,-8.379940961123E-16,1.));
#1112 = ORIENTED_EDGE('',*,*,#1113,.F.);
#1113 = EDGE_CURVE('',#1114,#1105,#1116,.T.);
#1114 = VERTEX_POINT('',#1115);
#1115 = CARTESIAN_POINT('',(16.,-18.17468788925,11.532873950233));
#1116 = CIRCLE('',#1117,5.789099631177);
#1117 = AXIS2_PLACEMENT_3D('',#1118,#1119,#1120);
#1118 = CARTESIAN_POINT('',(16.,-21.5,6.794100490168));
#1119 = DIRECTION('',(1.,3.145631903105E-16,6.47630097698E-17));
#1120 = DIRECTION('',(-6.47630097698E-17,-8.379940961123E-16,1.));
#1121 = ORIENTED_EDGE('',*,*,#1122,.F.);
#1122 = EDGE_CURVE('',#1123,#1114,#1125,.T.);
#1123 = VERTEX_POINT('',#1124);
#1124 = CARTESIAN_POINT('',(16.,-16.40222571996,4.050677094199));
#1125 = CIRCLE('',#1126,5.789099631177);
#1126 = AXIS2_PLACEMENT_3D('',#1127,#1128,#1129);
#1127 = CARTESIAN_POINT('',(16.,-21.5,6.794100490168));
#1128 = DIRECTION('',(1.,3.145631903105E-16,6.47630097698E-17));
#1129 = DIRECTION('',(-6.47630097698E-17,-8.379940961123E-16,1.));
#1130 = ORIENTED_EDGE('',*,*,#1131,.F.);
#1131 = EDGE_CURVE('',#1132,#1123,#1134,.T.);
#1132 = VERTEX_POINT('',#1133);
#1133 = CARTESIAN_POINT('',(16.,-16.35,3.828195197985));
#1134 = CIRCLE('',#1135,0.5);
#1135 = AXIS2_PLACEMENT_3D('',#1136,#1137,#1138);
#1136 = CARTESIAN_POINT('',(16.,-16.85,3.828195197985));
#1137 = DIRECTION('',(1.,4.625929269271E-17,2.405483220021E-16));
#1138 = DIRECTION('',(-4.625929269271E-17,1.,-2.405483220021E-16));
#1139 = ORIENTED_EDGE('',*,*,#1140,.F.);
#1140 = EDGE_CURVE('',#1141,#1132,#1143,.T.);
#1141 = VERTEX_POINT('',#1142);
#1142 = CARTESIAN_POINT('',(16.,-16.35,1.5));
#1143 = LINE('',#1144,#1145);
#1144 = CARTESIAN_POINT('',(16.,-16.35,9.017034513216));
#1145 = VECTOR('',#1146,1.);
#1146 = DIRECTION('',(-1.107647904215E-15,1.110223024625E-16,1.));
#1147 = ORIENTED_EDGE('',*,*,#1148,.T.);
#1148 = EDGE_CURVE('',#1141,#649,#1149,.T.);
#1149 = CIRCLE('',#1150,1.5);
#1150 = AXIS2_PLACEMENT_3D('',#1151,#1152,#1153);
#1151 = CARTESIAN_POINT('',(16.,-14.85,1.5));
#1152 = DIRECTION('',(1.,-2.127927463865E-16,-1.110223024625E-16));
#1153 = DIRECTION('',(1.110223024625E-16,1.110223024625E-16,1.));
#1154 = PLANE('',#1155);
#1155 = AXIS2_PLACEMENT_3D('',#1156,#1157,#1158);
#1156 = CARTESIAN_POINT('',(16.,-5.321421189927E-02,19.222921182355));
#1157 = DIRECTION('',(1.,5.208416632416E-17,9.31862591983E-16));
#1158 = DIRECTION('',(-1.45921852868E-15,4.067564042546E-31,1.));
#1159 = ADVANCED_FACE('',(#1160),#1171,.F.);
#1160 = FACE_BOUND('',#1161,.F.);
#1161 = EDGE_LOOP('',(#1162,#1163,#1169,#1170));
#1162 = ORIENTED_EDGE('',*,*,#675,.F.);
#1163 = ORIENTED_EDGE('',*,*,#1164,.F.);
#1164 = EDGE_CURVE('',#565,#676,#1165,.T.);
#1165 = LINE('',#1166,#1167);
#1166 = CARTESIAN_POINT('',(1.085533675144E-13,16.35,3.828195197985));
#1167 = VECTOR('',#1168,1.);
#1168 = DIRECTION('',(1.,-1.295260195396E-16,6.47630097698E-17));
#1169 = ORIENTED_EDGE('',*,*,#573,.F.);
#1170 = ORIENTED_EDGE('',*,*,#605,.F.);
#1171 = PLANE('',#1172);
#1172 = AXIS2_PLACEMENT_3D('',#1173,#1174,#1175);
#1173 = CARTESIAN_POINT('',(1.02138625629E-13,16.35,-1.188852155923));
#1174 = DIRECTION('',(0.,-1.,1.110223024625E-16));
#1175 = DIRECTION('',(-1.,-1.232595164408E-32,-1.110223024625E-16));
#1176 = ADVANCED_FACE('',(#1177),#1188,.T.);
#1177 = FACE_BOUND('',#1178,.T.);
#1178 = EDGE_LOOP('',(#1179,#1180,#1181,#1187));
#1179 = ORIENTED_EDGE('',*,*,#631,.T.);
#1180 = ORIENTED_EDGE('',*,*,#666,.F.);
#1181 = ORIENTED_EDGE('',*,*,#1182,.F.);
#1182 = EDGE_CURVE('',#74,#658,#1183,.T.);
#1183 = LINE('',#1184,#1185);
#1184 = CARTESIAN_POINT('',(-16.,-11.75320565518,1.794100490168));
#1185 = VECTOR('',#1186,1.);
#1186 = DIRECTION('',(1.,-3.885780586188E-16,-6.383782391595E-16));
#1187 = ORIENTED_EDGE('',*,*,#73,.F.);
#1188 = PLANE('',#1189);
#1189 = AXIS2_PLACEMENT_3D('',#1190,#1191,#1192);
#1190 = CARTESIAN_POINT('',(1.00944868129E-13,-3.159121103567E-14,
    1.794100490168));
#1191 = DIRECTION('',(5.273559366969E-16,-8.442725723469E-16,-1.));
#1192 = DIRECTION('',(2.22044604925E-16,-1.,1.371628509044E-15));
#1193 = ADVANCED_FACE('',(#1194),#1289,.F.);
#1194 = FACE_BOUND('',#1195,.F.);
#1195 = EDGE_LOOP('',(#1196,#1215,#1223,#1242,#1261,#1269,#1286,#1287,
    #1288));
#1196 = ORIENTED_EDGE('',*,*,#1197,.F.);
#1197 = EDGE_CURVE('',#1198,#684,#1200,.T.);
#1198 = VERTEX_POINT('',#1199);
#1199 = CARTESIAN_POINT('',(15.607706707306,16.65,4.286452767481));
#1200 = B_SPLINE_CURVE_WITH_KNOTS('',7,(#1201,#1202,#1203,#1204,#1205,
    #1206,#1207,#1208,#1209,#1210,#1211,#1212,#1213,#1214),
  .UNSPECIFIED.,.F.,.F.,(8,6,8),(0.,9.869991482156E-02,1.),
  .UNSPECIFIED.);
#1201 = CARTESIAN_POINT('',(15.607706707306,16.65,4.286452767481));
#1202 = CARTESIAN_POINT('',(15.613401897589,16.645610666786,
    4.284537105414));
#1203 = CARTESIAN_POINT('',(15.619099157462,16.641244390494,
    4.282573114132));
#1204 = CARTESIAN_POINT('',(15.624798057105,16.636901457302,
    4.280560997212));
#1205 = CARTESIAN_POINT('',(15.630498169946,16.632582159754,
    4.278500947214));
#1206 = CARTESIAN_POINT('',(15.636199072663,16.628286796766,
    4.276393145686));
#1207 = CARTESIAN_POINT('',(15.641900345184,16.624015673623,
    4.274237763161));
#1208 = CARTESIAN_POINT('',(15.699663571361,16.580990594518,
    4.251919567572));
#1209 = CARTESIAN_POINT('',(15.751694249052,16.544279758868,
    4.22786042721));
#1210 = CARTESIAN_POINT('',(15.803418159735,16.509838979208,
    4.199970028517));
#1211 = CARTESIAN_POINT('',(15.854531542276,16.477960286362,
    4.168287768407));
#1212 = CARTESIAN_POINT('',(15.904660406354,16.449036981479,
    4.132832393635));
#1213 = CARTESIAN_POINT('',(15.953353304437,16.423563561287,
    4.093622325682));
#1214 = CARTESIAN_POINT('',(16.,16.402225719969,4.050677094199));
#1215 = ORIENTED_EDGE('',*,*,#1216,.T.);
#1216 = EDGE_CURVE('',#1198,#1217,#1219,.T.);
#1217 = VERTEX_POINT('',#1218);
#1218 = CARTESIAN_POINT('',(0.392293292694,16.65,4.286452767481));
#1219 = LINE('',#1220,#1221);
#1220 = CARTESIAN_POINT('',(1.010853330743E-13,16.65,4.286452767481));
#1221 = VECTOR('',#1222,1.);
#1222 = DIRECTION('',(-1.,1.295260195396E-16,-6.47630097698E-17));
#1223 = ORIENTED_EDGE('',*,*,#1224,.T.);
#1224 = EDGE_CURVE('',#1217,#1225,#1227,.T.);
#1225 = VERTEX_POINT('',#1226);
#1226 = CARTESIAN_POINT('',(1.136868377216E-13,16.402225719969,
    4.050677094199));
#1227 = B_SPLINE_CURVE_WITH_KNOTS('',7,(#1228,#1229,#1230,#1231,#1232,
    #1233,#1234,#1235,#1236,#1237,#1238,#1239,#1240,#1241),
  .UNSPECIFIED.,.F.,.F.,(8,6,8),(0.,9.869991482158E-02,1.),
  .UNSPECIFIED.);
#1228 = CARTESIAN_POINT('',(0.392293292694,16.65,4.286452767481));
#1229 = CARTESIAN_POINT('',(0.386598102412,16.645610666786,
    4.284537105414));
#1230 = CARTESIAN_POINT('',(0.380900842538,16.641244390494,
    4.282573114132));
#1231 = CARTESIAN_POINT('',(0.375201942895,16.636901457302,
    4.280560997212));
#1232 = CARTESIAN_POINT('',(0.369501830054,16.632582159754,
    4.278500947214));
#1233 = CARTESIAN_POINT('',(0.363800927337,16.628286796766,
    4.276393145686));
#1234 = CARTESIAN_POINT('',(0.358099654816,16.624015673623,
    4.274237763161));
#1235 = CARTESIAN_POINT('',(0.300336428639,16.580990594518,
    4.251919567572));
#1236 = CARTESIAN_POINT('',(0.248305750948,16.544279758868,4.22786042721
    ));
#1237 = CARTESIAN_POINT('',(0.196581840265,16.509838979208,
    4.199970028516));
#1238 = CARTESIAN_POINT('',(0.145468457724,16.477960286362,
    4.168287768408));
#1239 = CARTESIAN_POINT('',(9.533959364664E-02,16.449036981479,
    4.132832393635));
#1240 = CARTESIAN_POINT('',(4.664669556309E-02,16.423563561287,
    4.093622325682));
#1241 = CARTESIAN_POINT('',(9.955851958354E-14,16.402225719969,
    4.050677094199));
#1242 = ORIENTED_EDGE('',*,*,#1243,.F.);
#1243 = EDGE_CURVE('',#1244,#1225,#1246,.T.);
#1244 = VERTEX_POINT('',#1245);
#1245 = CARTESIAN_POINT('',(-0.392293292694,16.65,4.286452767481));
#1246 = B_SPLINE_CURVE_WITH_KNOTS('',7,(#1247,#1248,#1249,#1250,#1251,
    #1252,#1253,#1254,#1255,#1256,#1257,#1258,#1259,#1260),
  .UNSPECIFIED.,.F.,.F.,(8,6,8),(0.,9.869991482163E-02,1.),
  .UNSPECIFIED.);
#1247 = CARTESIAN_POINT('',(-0.392293292694,16.65,4.286452767481));
#1248 = CARTESIAN_POINT('',(-0.386598102411,16.645610666786,
    4.284537105414));
#1249 = CARTESIAN_POINT('',(-0.380900842538,16.641244390494,
    4.282573114132));
#1250 = CARTESIAN_POINT('',(-0.375201942895,16.636901457302,
    4.280560997212));
#1251 = CARTESIAN_POINT('',(-0.369501830054,16.632582159754,
    4.278500947214));
#1252 = CARTESIAN_POINT('',(-0.363800927337,16.628286796766,
    4.276393145686));
#1253 = CARTESIAN_POINT('',(-0.358099654816,16.624015673623,
    4.274237763161));
#1254 = CARTESIAN_POINT('',(-0.300336428639,16.580990594518,
    4.251919567572));
#1255 = CARTESIAN_POINT('',(-0.248305750948,16.544279758868,
    4.22786042721));
#1256 = CARTESIAN_POINT('',(-0.196581840266,16.509838979208,
    4.199970028516));
#1257 = CARTESIAN_POINT('',(-0.145468457723,16.477960286362,
    4.168287768407));
#1258 = CARTESIAN_POINT('',(-9.533959364672E-02,16.449036981479,
    4.132832393635));
#1259 = CARTESIAN_POINT('',(-4.664669556285E-02,16.423563561287,
    4.093622325682));
#1260 = CARTESIAN_POINT('',(9.894789692E-14,16.402225719969,
    4.050677094199));
#1261 = ORIENTED_EDGE('',*,*,#1262,.T.);
#1262 = EDGE_CURVE('',#1244,#1263,#1265,.T.);
#1263 = VERTEX_POINT('',#1264);
#1264 = CARTESIAN_POINT('',(-15.6077067073,16.65,4.286452767481));
#1265 = LINE('',#1266,#1267);
#1266 = CARTESIAN_POINT('',(1.010853330743E-13,16.65,4.286452767481));
#1267 = VECTOR('',#1268,1.);
#1268 = DIRECTION('',(-1.,1.295260195396E-16,-6.47630097698E-17));
#1269 = ORIENTED_EDGE('',*,*,#1270,.T.);
#1270 = EDGE_CURVE('',#1263,#556,#1271,.T.);
#1271 = B_SPLINE_CURVE_WITH_KNOTS('',7,(#1272,#1273,#1274,#1275,#1276,
    #1277,#1278,#1279,#1280,#1281,#1282,#1283,#1284,#1285),
  .UNSPECIFIED.,.F.,.F.,(8,6,8),(0.,9.869991482154E-02,1.),
  .UNSPECIFIED.);
#1272 = CARTESIAN_POINT('',(-15.6077067073,16.65,4.286452767481));
#1273 = CARTESIAN_POINT('',(-15.61340189758,16.645610666786,
    4.284537105414));
#1274 = CARTESIAN_POINT('',(-15.61909915746,16.641244390494,
    4.282573114132));
#1275 = CARTESIAN_POINT('',(-15.6247980571,16.636901457302,
    4.280560997212));
#1276 = CARTESIAN_POINT('',(-15.63049816994,16.632582159754,
    4.278500947214));
#1277 = CARTESIAN_POINT('',(-15.63619907266,16.628286796766,
    4.276393145686));
#1278 = CARTESIAN_POINT('',(-15.64190034518,16.624015673623,
    4.274237763161));
#1279 = CARTESIAN_POINT('',(-15.69966357136,16.580990594517,
    4.251919567572));
#1280 = CARTESIAN_POINT('',(-15.75169424905,16.544279758868,
    4.22786042721));
#1281 = CARTESIAN_POINT('',(-15.80341815973,16.509838979207,
    4.199970028517));
#1282 = CARTESIAN_POINT('',(-15.85453154227,16.477960286363,
    4.168287768407));
#1283 = CARTESIAN_POINT('',(-15.90466040635,16.449036981479,
    4.132832393635));
#1284 = CARTESIAN_POINT('',(-15.95335330443,16.423563561287,
    4.093622325682));
#1285 = CARTESIAN_POINT('',(-16.,16.402225719969,4.050677094199));
#1286 = ORIENTED_EDGE('',*,*,#564,.T.);
#1287 = ORIENTED_EDGE('',*,*,#1164,.T.);
#1288 = ORIENTED_EDGE('',*,*,#683,.F.);
#1289 = CYLINDRICAL_SURFACE('',#1290,0.5);
#1290 = AXIS2_PLACEMENT_3D('',#1291,#1292,#1293);
#1291 = CARTESIAN_POINT('',(1.011863143052E-13,16.85,3.828195197985));
#1292 = DIRECTION('',(1.,4.625929269271E-17,2.405483220021E-16));
#1293 = DIRECTION('',(-4.625929269271E-17,1.,-2.405483220021E-16));
#1294 = ADVANCED_FACE('',(#1295),#1306,.F.);
#1295 = FACE_BOUND('',#1296,.F.);
#1296 = EDGE_LOOP('',(#1297,#1303,#1304,#1305));
#1297 = ORIENTED_EDGE('',*,*,#1298,.T.);
#1298 = EDGE_CURVE('',#82,#647,#1299,.T.);
#1299 = LINE('',#1300,#1301);
#1300 = CARTESIAN_POINT('',(-16.,-13.37767137932,0.960767156836));
#1301 = VECTOR('',#1302,1.);
#1302 = DIRECTION('',(1.,-3.885780586188E-16,-6.383782391595E-16));
#1303 = ORIENTED_EDGE('',*,*,#657,.T.);
#1304 = ORIENTED_EDGE('',*,*,#1182,.F.);
#1305 = ORIENTED_EDGE('',*,*,#81,.F.);
#1306 = CYLINDRICAL_SURFACE('',#1307,2.);
#1307 = AXIS2_PLACEMENT_3D('',#1308,#1309,#1310);
#1308 = CARTESIAN_POINT('',(-16.,-11.75320565518,-0.205899509832));
#1309 = DIRECTION('',(-1.,5.643633708511E-16,4.625929269271E-16));
#1310 = DIRECTION('',(4.903485025428E-16,-1.,6.291263806209E-16));
#1311 = ADVANCED_FACE('',(#1312),#1370,.F.);
#1312 = FACE_BOUND('',#1313,.F.);
#1313 = EDGE_LOOP('',(#1314,#1322,#1323,#1324,#1351,#1363));
#1314 = ORIENTED_EDGE('',*,*,#1315,.F.);
#1315 = EDGE_CURVE('',#547,#1316,#1318,.T.);
#1316 = VERTEX_POINT('',#1317);
#1317 = CARTESIAN_POINT('',(-15.,21.5,11.744100490168));
#1318 = LINE('',#1319,#1320);
#1319 = CARTESIAN_POINT('',(-16.5,21.5,13.002749936934));
#1320 = VECTOR('',#1321,1.);
#1321 = DIRECTION('',(0.766044443119,-4.677640982503E-16,-0.642787609687
    ));
#1322 = ORIENTED_EDGE('',*,*,#555,.T.);
#1323 = ORIENTED_EDGE('',*,*,#1270,.F.);
#1324 = ORIENTED_EDGE('',*,*,#1325,.T.);
#1325 = EDGE_CURVE('',#1263,#1326,#1328,.T.);
#1326 = VERTEX_POINT('',#1327);
#1327 = CARTESIAN_POINT('',(-15.04795673084,16.95,4.744710336976));
#1328 = B_SPLINE_CURVE_WITH_KNOTS('',6,(#1329,#1330,#1331,#1332,#1333,
    #1334,#1335,#1336,#1337,#1338,#1339,#1340,#1341,#1342,#1343,#1344,
    #1345,#1346,#1347,#1348,#1349,#1350),.UNSPECIFIED.,.F.,.F.,(7,5,5,5,
    7),(0.,5.921584347491E-02,0.492593205092,0.868788343075,1.),
  .UNSPECIFIED.);
#1329 = CARTESIAN_POINT('',(-15.6077067073,16.65,4.286452767481));
#1330 = CARTESIAN_POINT('',(-15.60148039561,16.654798673151,
    4.288547080143));
#1331 = CARTESIAN_POINT('',(-15.5952515701,16.659569025078,
    4.290700817633));
#1332 = CARTESIAN_POINT('',(-15.58902082791,16.664310626033,
    4.292913679776));
#1333 = CARTESIAN_POINT('',(-15.58278876723,16.669023040651,
    4.295185388115));
#1334 = CARTESIAN_POINT('',(-15.57655598735,16.673705827947,
    4.297515685909));
#1335 = CARTESIAN_POINT('',(-15.52470696532,16.712409912148,
    4.317385939984));
#1336 = CARTESIAN_POINT('',(-15.47909481988,16.74484270923,
    4.337989253963));
#1337 = CARTESIAN_POINT('',(-15.43370175563,16.775498485804,
    4.361626778656));
#1338 = CARTESIAN_POINT('',(-15.38878223838,16.804169642674,
    4.388272150414));
#1339 = CARTESIAN_POINT('',(-15.34464665308,16.83059880087,
    4.417931862837));
#1340 = CARTESIAN_POINT('',(-15.26447830318,16.875080248751,
    4.479112398556));
#1341 = CARTESIAN_POINT('',(-15.22818021975,16.893757965183,
    4.509844407531));
#1342 = CARTESIAN_POINT('',(-15.19308159028,16.910225584864,
    4.542950328081));
#1343 = CARTESIAN_POINT('',(-15.15960493739,16.924127621803,
    4.578482333557));
#1344 = CARTESIAN_POINT('',(-15.12836878661,16.934988836689,
    4.616427484245));
#1345 = CARTESIAN_POINT('',(-15.09043351338,16.944696979591,4.6706958965
    ));
#1346 = CARTESIAN_POINT('',(-15.08100540958,16.946760905233,
    4.685003253693));
#1347 = CARTESIAN_POINT('',(-15.07199742577,16.948351955606,
    4.699575996795));
#1348 = CARTESIAN_POINT('',(-15.06345394208,16.949441392385,
    4.714399986972));
#1349 = CARTESIAN_POINT('',(-15.05542345089,16.95,4.729454352862));
#1350 = CARTESIAN_POINT('',(-15.04795673084,16.95,4.744710336976));
#1351 = ORIENTED_EDGE('',*,*,#1352,.T.);
#1352 = EDGE_CURVE('',#1326,#1353,#1355,.T.);
#1353 = VERTEX_POINT('',#1354);
#1354 = CARTESIAN_POINT('',(-15.,16.913302752293,4.932727782224));
#1355 = B_SPLINE_CURVE_WITH_KNOTS('',6,(#1356,#1357,#1358,#1359,#1360,
    #1361,#1362),.UNSPECIFIED.,.F.,.F.,(7,7),(0.,1.),
  .PIECEWISE_BEZIER_KNOTS.);
#1356 = CARTESIAN_POINT('',(-15.04795673084,16.95,4.744710336976));
#1357 = CARTESIAN_POINT('',(-15.03303241762,16.95,4.7752036572));
#1358 = CARTESIAN_POINT('',(-15.02034461239,16.947768312057,
    4.806534848046));
#1359 = CARTESIAN_POINT('',(-15.0103328796,16.943075437813,
    4.838422132704));
#1360 = CARTESIAN_POINT('',(-15.00344224798,16.935742120234,
    4.870457260332));
#1361 = CARTESIAN_POINT('',(-15.,16.925735385043,4.902091939026));
#1362 = CARTESIAN_POINT('',(-15.,16.913302752294,4.932727782223));
#1363 = ORIENTED_EDGE('',*,*,#1364,.F.);
#1364 = EDGE_CURVE('',#1316,#1353,#1365,.T.);
#1365 = CIRCLE('',#1366,4.95);
#1366 = AXIS2_PLACEMENT_3D('',#1367,#1368,#1369);
#1367 = CARTESIAN_POINT('',(-15.,21.5,6.794100490168));
#1368 = DIRECTION('',(1.,9.251858538543E-17,4.810966440042E-16));
#1369 = DIRECTION('',(-4.810966440042E-16,1.109335647967E-31,1.));
#1370 = CONICAL_SURFACE('',#1371,6.208649446766,0.698131700798);
#1371 = AXIS2_PLACEMENT_3D('',#1372,#1373,#1374);
#1372 = CARTESIAN_POINT('',(-16.5,21.5,6.794100490168));
#1373 = DIRECTION('',(-1.,4.348373513115E-16,4.625929269271E-17));
#1374 = DIRECTION('',(-4.810966440042E-16,1.109335647967E-31,1.));
#1375 = ADVANCED_FACE('',(#1376),#1387,.T.);
#1376 = FACE_BOUND('',#1377,.T.);
#1377 = EDGE_LOOP('',(#1378,#1379,#1385,#1386));
#1378 = ORIENTED_EDGE('',*,*,#646,.T.);
#1379 = ORIENTED_EDGE('',*,*,#1380,.T.);
#1380 = EDGE_CURVE('',#649,#91,#1381,.T.);
#1381 = LINE('',#1382,#1383);
#1382 = CARTESIAN_POINT('',(16.,-13.67647058823,0.565746972323));
#1383 = VECTOR('',#1384,1.);
#1384 = DIRECTION('',(-1.,2.127927463865E-16,1.110223024625E-16));
#1385 = ORIENTED_EDGE('',*,*,#90,.F.);
#1386 = ORIENTED_EDGE('',*,*,#1298,.T.);
#1387 = CYLINDRICAL_SURFACE('',#1388,10.);
#1388 = AXIS2_PLACEMENT_3D('',#1389,#1390,#1391);
#1389 = CARTESIAN_POINT('',(-16.,-21.5,6.794100490168));
#1390 = DIRECTION('',(-1.,5.643633708511E-16,4.625929269271E-16));
#1391 = DIRECTION('',(4.903485025428E-16,-1.,6.291263806209E-16));
#1392 = ADVANCED_FACE('',(#1393),#1467,.F.);
#1393 = FACE_BOUND('',#1394,.F.);
#1394 = EDGE_LOOP('',(#1395,#1396,#1397,#1406,#1415,#1450));
#1395 = ORIENTED_EDGE('',*,*,#546,.T.);
#1396 = ORIENTED_EDGE('',*,*,#1315,.T.);
#1397 = ORIENTED_EDGE('',*,*,#1398,.F.);
#1398 = EDGE_CURVE('',#1399,#1316,#1401,.T.);
#1399 = VERTEX_POINT('',#1400);
#1400 = CARTESIAN_POINT('',(-15.,26.45,6.794100490168));
#1401 = CIRCLE('',#1402,4.95);
#1402 = AXIS2_PLACEMENT_3D('',#1403,#1404,#1405);
#1403 = CARTESIAN_POINT('',(-15.,21.5,6.794100490168));
#1404 = DIRECTION('',(1.,9.251858538543E-17,4.810966440042E-16));
#1405 = DIRECTION('',(-4.810966440042E-16,1.109335647967E-31,1.));
#1406 = ORIENTED_EDGE('',*,*,#1407,.F.);
#1407 = EDGE_CURVE('',#1408,#1399,#1410,.T.);
#1408 = VERTEX_POINT('',#1409);
#1409 = CARTESIAN_POINT('',(-15.,26.086697247706,4.932727782223));
#1410 = CIRCLE('',#1411,4.95);
#1411 = AXIS2_PLACEMENT_3D('',#1412,#1413,#1414);
#1412 = CARTESIAN_POINT('',(-15.,21.5,6.794100490168));
#1413 = DIRECTION('',(1.,9.251858538543E-17,4.810966440042E-16));
#1414 = DIRECTION('',(-4.810966440042E-16,1.109335647967E-31,1.));
#1415 = ORIENTED_EDGE('',*,*,#1416,.T.);
#1416 = EDGE_CURVE('',#1408,#1417,#1419,.T.);
#1417 = VERTEX_POINT('',#1418);
#1418 = CARTESIAN_POINT('',(-15.6077067073,26.35,4.286452767481));
#1419 = B_SPLINE_CURVE_WITH_KNOTS('',8,(#1420,#1421,#1422,#1423,#1424,
    #1425,#1426,#1427,#1428,#1429,#1430,#1431,#1432,#1433,#1434,#1435,
    #1436,#1437,#1438,#1439,#1440,#1441,#1442,#1443,#1444,#1445,#1446,
    #1447,#1448,#1449),.UNSPECIFIED.,.F.,.F.,(9,7,7,7,9),(0.,
    0.286434869465,0.805071751141,0.952907886318,1.),.UNSPECIFIED.);
#1420 = CARTESIAN_POINT('',(-15.,26.086697247706,4.932727782223));
#1421 = CARTESIAN_POINT('',(-15.,26.073823372599,4.901004652691));
#1422 = CARTESIAN_POINT('',(-15.00351527115,26.063432619197,4.8682753605
    ));
#1423 = CARTESIAN_POINT('',(-15.01054544936,26.055755343283,
    4.835110529572));
#1424 = CARTESIAN_POINT('',(-15.02082962591,26.050795006365,
    4.802019439843));
#1425 = CARTESIAN_POINT('',(-15.03397520936,26.048415130819,
    4.76941731382));
#1426 = CARTESIAN_POINT('',(-15.04955308732,26.048407246301,
    4.737611545629));
#1427 = CARTESIAN_POINT('',(-15.06715908833,26.050539827435,
    4.70680687256));
#1428 = CARTESIAN_POINT('',(-15.12135612474,26.061918500505,
    4.623393763289));
#1429 = CARTESIAN_POINT('',(-15.16174793698,26.075525664639,
    4.573382695207));
#1430 = CARTESIAN_POINT('',(-15.20591068042,26.094147936218,
    4.527233432835));
#1431 = CARTESIAN_POINT('',(-15.25268758773,26.116915522329,
    4.484992506243));
#1432 = CARTESIAN_POINT('',(-15.30120921918,26.143123655007,
    4.446616736688));
#1433 = CARTESIAN_POINT('',(-15.35090361197,26.172273595721,
    4.412012917334));
#1434 = CARTESIAN_POINT('',(-15.40142412202,26.204040426591,
    4.381073320195));
#1435 = CARTESIAN_POINT('',(-15.46722340107,26.248066804587,
    4.345971899065));
#1436 = CARTESIAN_POINT('',(-15.48186135697,26.258026545582,
    4.338487194878));
#1437 = CARTESIAN_POINT('',(-15.49653393109,26.268173757937,
    4.331304409458));
#1438 = CARTESIAN_POINT('',(-15.51123362802,26.278502416656,
    4.324424447813));
#1439 = CARTESIAN_POINT('',(-15.52595323713,26.289006827402,
    4.317848642945));
#1440 = CARTESIAN_POINT('',(-15.54068578146,26.299681583615,
    4.31157875245));
#1441 = CARTESIAN_POINT('',(-15.55542446653,26.310521523629,
    4.305616955128));
#1442 = CARTESIAN_POINT('',(-15.57485736248,26.325025709183,
    4.29816572883));
#1443 = CARTESIAN_POINT('',(-15.57955203715,26.328545984309,
    4.296397138041));
#1444 = CARTESIAN_POINT('',(-15.58424643597,26.332082351572,
    4.294660160135));
#1445 = CARTESIAN_POINT('',(-15.58894034201,26.335634650605,
    4.292954884767));
#1446 = CARTESIAN_POINT('',(-15.59363353853,26.339202722268,
    4.291281406328));
#1447 = CARTESIAN_POINT('',(-15.59832580905,26.342786408644,
    4.289639823939));
#1448 = CARTESIAN_POINT('',(-15.60301693731,26.346385553043,
    4.288030241459));
#1449 = CARTESIAN_POINT('',(-15.6077067073,26.35,4.286452767481));
#1450 = ORIENTED_EDGE('',*,*,#1451,.F.);
#1451 = EDGE_CURVE('',#538,#1417,#1452,.T.);
#1452 = B_SPLINE_CURVE_WITH_KNOTS('',7,(#1453,#1454,#1455,#1456,#1457,
    #1458,#1459,#1460,#1461,#1462,#1463,#1464,#1465,#1466),
  .UNSPECIFIED.,.F.,.F.,(8,6,8),(0.,0.898158614573,1.),.UNSPECIFIED.);
#1453 = CARTESIAN_POINT('',(-16.,26.597774280031,4.050677094199));
#1454 = CARTESIAN_POINT('',(-15.95351599111,26.57651085733,4.09347254836
    ));
#1455 = CARTESIAN_POINT('',(-15.90499981487,26.551140553699,
    4.132559041494));
#1456 = CARTESIAN_POINT('',(-15.85505558714,26.522341980236,
    4.167916944342));
#1457 = CARTESIAN_POINT('',(-15.80413072776,26.490605249828,
    4.199527994574));
#1458 = CARTESIAN_POINT('',(-15.75259583294,26.456320300575,
    4.227373765084));
#1459 = CARTESIAN_POINT('',(-15.70075196114,26.419776972203,
    4.251415598791));
#1460 = CARTESIAN_POINT('',(-15.64298903842,26.376799551249,
    4.273825458743));
#1461 = CARTESIAN_POINT('',(-15.63710626157,26.372396479098,
    4.276057248941));
#1462 = CARTESIAN_POINT('',(-15.63122382149,26.367967558201,
    4.278238404396));
#1463 = CARTESIAN_POINT('',(-15.62534217936,26.363513124629,
    4.280368738889));
#1464 = CARTESIAN_POINT('',(-15.61946180002,26.359033507216,
    4.28244805374));
#1465 = CARTESIAN_POINT('',(-15.61358315196,26.354529027554,
    4.284476137805));
#1466 = CARTESIAN_POINT('',(-15.6077067073,26.35,4.286452767481));
#1467 = CONICAL_SURFACE('',#1468,6.208649446766,0.698131700798);
#1468 = AXIS2_PLACEMENT_3D('',#1469,#1470,#1471);
#1469 = CARTESIAN_POINT('',(-16.5,21.5,6.794100490168));
#1470 = DIRECTION('',(-1.,4.348373513115E-16,4.625929269271E-17));
#1471 = DIRECTION('',(-4.810966440042E-16,1.109335647967E-31,1.));
#1472 = ADVANCED_FACE('',(#1473),#1484,.T.);
#1473 = FACE_BOUND('',#1474,.F.);
#1474 = EDGE_LOOP('',(#1475,#1476,#1477,#1478));
#1475 = ORIENTED_EDGE('',*,*,#1148,.T.);
#1476 = ORIENTED_EDGE('',*,*,#1380,.T.);
#1477 = ORIENTED_EDGE('',*,*,#99,.F.);
#1478 = ORIENTED_EDGE('',*,*,#1479,.F.);
#1479 = EDGE_CURVE('',#1141,#100,#1480,.T.);
#1480 = LINE('',#1481,#1482);
#1481 = CARTESIAN_POINT('',(16.,-16.35,1.5));
#1482 = VECTOR('',#1483,1.);
#1483 = DIRECTION('',(-1.,2.127927463865E-16,1.110223024625E-16));
#1484 = CYLINDRICAL_SURFACE('',#1485,1.5);
#1485 = AXIS2_PLACEMENT_3D('',#1486,#1487,#1488);
#1486 = CARTESIAN_POINT('',(16.,-14.85,1.5));
#1487 = DIRECTION('',(-1.,2.127927463865E-16,1.110223024625E-16));
#1488 = DIRECTION('',(-2.127927463865E-16,-1.,1.110223024625E-16));
#1489 = ADVANCED_FACE('',(#1490),#1572,.F.);
#1490 = FACE_BOUND('',#1491,.F.);
#1491 = EDGE_LOOP('',(#1492,#1493,#1499,#1500,#1501,#1509,#1528,#1547,
    #1555));
#1492 = ORIENTED_EDGE('',*,*,#710,.F.);
#1493 = ORIENTED_EDGE('',*,*,#1494,.T.);
#1494 = EDGE_CURVE('',#711,#530,#1495,.T.);
#1495 = LINE('',#1496,#1497);
#1496 = CARTESIAN_POINT('',(1.007329732368E-13,26.65,3.828195197985));
#1497 = VECTOR('',#1498,1.);
#1498 = DIRECTION('',(-1.,1.295260195396E-16,-6.47630097698E-17));
#1499 = ORIENTED_EDGE('',*,*,#537,.T.);
#1500 = ORIENTED_EDGE('',*,*,#1451,.T.);
#1501 = ORIENTED_EDGE('',*,*,#1502,.T.);
#1502 = EDGE_CURVE('',#1417,#1503,#1505,.T.);
#1503 = VERTEX_POINT('',#1504);
#1504 = CARTESIAN_POINT('',(-0.392293292694,26.35,4.286452767481));
#1505 = LINE('',#1506,#1507);
#1506 = CARTESIAN_POINT('',(1.116573576426E-13,26.35,4.286452767481));
#1507 = VECTOR('',#1508,1.);
#1508 = DIRECTION('',(1.,-1.295260195396E-16,6.47630097698E-17));
#1509 = ORIENTED_EDGE('',*,*,#1510,.F.);
#1510 = EDGE_CURVE('',#1511,#1503,#1513,.T.);
#1511 = VERTEX_POINT('',#1512);
#1512 = CARTESIAN_POINT('',(1.136868377216E-13,26.597774280031,
    4.050677094199));
#1513 = B_SPLINE_CURVE_WITH_KNOTS('',7,(#1514,#1515,#1516,#1517,#1518,
    #1519,#1520,#1521,#1522,#1523,#1524,#1525,#1526,#1527),
  .UNSPECIFIED.,.F.,.F.,(8,6,8),(0.,0.898158614574,1.),.UNSPECIFIED.);
#1514 = CARTESIAN_POINT('',(1.158232868943E-13,26.597774280031,
    4.050677094199));
#1515 = CARTESIAN_POINT('',(-4.648400888291E-02,26.57651085733,
    4.09347254836));
#1516 = CARTESIAN_POINT('',(-9.500018512914E-02,26.551140553699,
    4.132559041494));
#1517 = CARTESIAN_POINT('',(-0.144944412855,26.522341980236,
    4.167916944342));
#1518 = CARTESIAN_POINT('',(-0.195869272233,26.490605249828,
    4.199527994574));
#1519 = CARTESIAN_POINT('',(-0.247404167052,26.456320300575,
    4.227373765084));
#1520 = CARTESIAN_POINT('',(-0.299248038851,26.419776972203,
    4.251415598791));
#1521 = CARTESIAN_POINT('',(-0.357010961577,26.376799551249,
    4.273825458743));
#1522 = CARTESIAN_POINT('',(-0.362893738426,26.372396479098,
    4.276057248941));
#1523 = CARTESIAN_POINT('',(-0.368776178507,26.367967558201,
    4.278238404396));
#1524 = CARTESIAN_POINT('',(-0.374657820635,26.363513124629,
    4.280368738889));
#1525 = CARTESIAN_POINT('',(-0.380538199973,26.359033507216,
    4.28244805374));
#1526 = CARTESIAN_POINT('',(-0.386416848036,26.354529027554,
    4.284476137806));
#1527 = CARTESIAN_POINT('',(-0.392293292694,26.35,4.286452767481));
#1528 = ORIENTED_EDGE('',*,*,#1529,.T.);
#1529 = EDGE_CURVE('',#1511,#1530,#1532,.T.);
#1530 = VERTEX_POINT('',#1531);
#1531 = CARTESIAN_POINT('',(0.392293292694,26.35,4.286452767481));
#1532 = B_SPLINE_CURVE_WITH_KNOTS('',7,(#1533,#1534,#1535,#1536,#1537,
    #1538,#1539,#1540,#1541,#1542,#1543,#1544,#1545,#1546),
  .UNSPECIFIED.,.F.,.F.,(8,6,8),(0.,0.898158614574,1.),.UNSPECIFIED.);
#1533 = CARTESIAN_POINT('',(5.526934576025E-14,26.597774280031,
    4.050677094199));
#1534 = CARTESIAN_POINT('',(4.648400888307E-02,26.57651085733,
    4.09347254836));
#1535 = CARTESIAN_POINT('',(9.500018512938E-02,26.551140553699,
    4.132559041494));
#1536 = CARTESIAN_POINT('',(0.144944412855,26.522341980236,
    4.167916944342));
#1537 = CARTESIAN_POINT('',(0.195869272233,26.490605249828,
    4.199527994574));
#1538 = CARTESIAN_POINT('',(0.247404167052,26.456320300575,
    4.227373765084));
#1539 = CARTESIAN_POINT('',(0.299248038851,26.419776972203,
    4.251415598791));
#1540 = CARTESIAN_POINT('',(0.357010961577,26.376799551249,
    4.273825458743));
#1541 = CARTESIAN_POINT('',(0.362893738426,26.372396479098,
    4.276057248941));
#1542 = CARTESIAN_POINT('',(0.368776178507,26.367967558201,
    4.278238404396));
#1543 = CARTESIAN_POINT('',(0.374657820635,26.363513124629,
    4.280368738889));
#1544 = CARTESIAN_POINT('',(0.380538199973,26.359033507216,4.28244805374
    ));
#1545 = CARTESIAN_POINT('',(0.386416848037,26.354529027554,
    4.284476137806));
#1546 = CARTESIAN_POINT('',(0.392293292694,26.35,4.286452767481));
#1547 = ORIENTED_EDGE('',*,*,#1548,.T.);
#1548 = EDGE_CURVE('',#1530,#1549,#1551,.T.);
#1549 = VERTEX_POINT('',#1550);
#1550 = CARTESIAN_POINT('',(15.607706707306,26.35,4.286452767481));
#1551 = LINE('',#1552,#1553);
#1552 = CARTESIAN_POINT('',(1.116573576426E-13,26.35,4.286452767481));
#1553 = VECTOR('',#1554,1.);
#1554 = DIRECTION('',(1.,-1.295260195396E-16,6.47630097698E-17));
#1555 = ORIENTED_EDGE('',*,*,#1556,.F.);
#1556 = EDGE_CURVE('',#702,#1549,#1557,.T.);
#1557 = B_SPLINE_CURVE_WITH_KNOTS('',7,(#1558,#1559,#1560,#1561,#1562,
    #1563,#1564,#1565,#1566,#1567,#1568,#1569,#1570,#1571),
  .UNSPECIFIED.,.F.,.F.,(8,6,8),(0.,0.898158614574,1.),.UNSPECIFIED.);
#1558 = CARTESIAN_POINT('',(16.,26.597774280031,4.050677094199));
#1559 = CARTESIAN_POINT('',(15.953515991117,26.57651085733,4.09347254836
    ));
#1560 = CARTESIAN_POINT('',(15.904999814871,26.551140553699,
    4.132559041494));
#1561 = CARTESIAN_POINT('',(15.855055587145,26.522341980236,
    4.167916944342));
#1562 = CARTESIAN_POINT('',(15.804130727767,26.490605249828,
    4.199527994574));
#1563 = CARTESIAN_POINT('',(15.752595832948,26.456320300575,
    4.227373765084));
#1564 = CARTESIAN_POINT('',(15.700751961149,26.419776972203,
    4.251415598791));
#1565 = CARTESIAN_POINT('',(15.642989038423,26.376799551249,
    4.273825458743));
#1566 = CARTESIAN_POINT('',(15.637106261574,26.372396479098,
    4.276057248941));
#1567 = CARTESIAN_POINT('',(15.631223821493,26.367967558201,
    4.278238404396));
#1568 = CARTESIAN_POINT('',(15.625342179365,26.363513124629,
    4.280368738889));
#1569 = CARTESIAN_POINT('',(15.619461800027,26.359033507216,
    4.28244805374));
#1570 = CARTESIAN_POINT('',(15.613583151964,26.354529027554,
    4.284476137806));
#1571 = CARTESIAN_POINT('',(15.607706707306,26.35,4.286452767481));
#1572 = CYLINDRICAL_SURFACE('',#1573,0.5);
#1573 = AXIS2_PLACEMENT_3D('',#1574,#1575,#1576);
#1574 = CARTESIAN_POINT('',(1.007561028832E-13,26.15,3.828195197985));
#1575 = DIRECTION('',(1.,4.625929269271E-17,2.405483220021E-16));
#1576 = DIRECTION('',(-4.625929269271E-17,1.,-2.405483220021E-16));
#1577 = ADVANCED_FACE('',(#1578),#1589,.F.);
#1578 = FACE_BOUND('',#1579,.F.);
#1579 = EDGE_LOOP('',(#1580,#1581,#1587,#1588));
#1580 = ORIENTED_EDGE('',*,*,#108,.F.);
#1581 = ORIENTED_EDGE('',*,*,#1582,.F.);
#1582 = EDGE_CURVE('',#1132,#109,#1583,.T.);
#1583 = LINE('',#1584,#1585);
#1584 = CARTESIAN_POINT('',(1.027221228226E-13,-16.35,3.828195197985));
#1585 = VECTOR('',#1586,1.);
#1586 = DIRECTION('',(-1.,1.295260195396E-16,-6.47630097698E-17));
#1587 = ORIENTED_EDGE('',*,*,#1140,.F.);
#1588 = ORIENTED_EDGE('',*,*,#1479,.T.);
#1589 = PLANE('',#1590);
#1590 = AXIS2_PLACEMENT_3D('',#1591,#1592,#1593);
#1591 = CARTESIAN_POINT('',(1.054809142086E-13,-16.35,-1.188852155923));
#1592 = DIRECTION('',(0.,1.,-1.110223024625E-16));
#1593 = DIRECTION('',(1.,1.232595164408E-32,1.110223024625E-16));
#1594 = ADVANCED_FACE('',(#1595),#1606,.F.);
#1595 = FACE_BOUND('',#1596,.F.);
#1596 = EDGE_LOOP('',(#1597,#1598,#1599,#1600));
#1597 = ORIENTED_EDGE('',*,*,#529,.F.);
#1598 = ORIENTED_EDGE('',*,*,#1494,.F.);
#1599 = ORIENTED_EDGE('',*,*,#719,.F.);
#1600 = ORIENTED_EDGE('',*,*,#1601,.T.);
#1601 = EDGE_CURVE('',#720,#521,#1602,.T.);
#1602 = LINE('',#1603,#1604);
#1603 = CARTESIAN_POINT('',(16.,26.65,1.5));
#1604 = VECTOR('',#1605,1.);
#1605 = DIRECTION('',(-1.,9.899488636241E-16,-7.586524001605E-16));
#1606 = PLANE('',#1607);
#1607 = AXIS2_PLACEMENT_3D('',#1608,#1609,#1610);
#1608 = CARTESIAN_POINT('',(1.054809142086E-13,26.65,-1.188852155923));
#1609 = DIRECTION('',(0.,1.,-1.110223024625E-16));
#1610 = DIRECTION('',(1.,1.232595164408E-32,1.110223024625E-16));
#1611 = ADVANCED_FACE('',(#1612),#1707,.F.);
#1612 = FACE_BOUND('',#1613,.F.);
#1613 = EDGE_LOOP('',(#1614,#1615,#1616,#1617,#1636,#1644,#1663,#1682,
    #1690));
#1614 = ORIENTED_EDGE('',*,*,#1131,.F.);
#1615 = ORIENTED_EDGE('',*,*,#1582,.T.);
#1616 = ORIENTED_EDGE('',*,*,#116,.T.);
#1617 = ORIENTED_EDGE('',*,*,#1618,.T.);
#1618 = EDGE_CURVE('',#117,#1619,#1621,.T.);
#1619 = VERTEX_POINT('',#1620);
#1620 = CARTESIAN_POINT('',(-15.6077067073,-16.65,4.286452767481));
#1621 = B_SPLINE_CURVE_WITH_KNOTS('',7,(#1622,#1623,#1624,#1625,#1626,
    #1627,#1628,#1629,#1630,#1631,#1632,#1633,#1634,#1635),
  .UNSPECIFIED.,.F.,.F.,(8,6,8),(0.,0.898158614573,1.),.UNSPECIFIED.);
#1622 = CARTESIAN_POINT('',(-16.,-16.40222571996,4.050677094199));
#1623 = CARTESIAN_POINT('',(-15.95351599111,-16.42348914267,
    4.09347254836));
#1624 = CARTESIAN_POINT('',(-15.90499981487,-16.4488594463,
    4.132559041494));
#1625 = CARTESIAN_POINT('',(-15.85505558714,-16.47765801976,
    4.167916944342));
#1626 = CARTESIAN_POINT('',(-15.80413072776,-16.50939475017,
    4.199527994574));
#1627 = CARTESIAN_POINT('',(-15.75259583294,-16.54367969942,
    4.227373765084));
#1628 = CARTESIAN_POINT('',(-15.70075196114,-16.58022302779,
    4.251415598791));
#1629 = CARTESIAN_POINT('',(-15.64298903842,-16.62320044875,
    4.273825458743));
#1630 = CARTESIAN_POINT('',(-15.63710626157,-16.6276035209,
    4.276057248941));
#1631 = CARTESIAN_POINT('',(-15.63122382149,-16.63203244179,
    4.278238404396));
#1632 = CARTESIAN_POINT('',(-15.62534217936,-16.63648687537,
    4.280368738889));
#1633 = CARTESIAN_POINT('',(-15.61946180002,-16.64096649278,
    4.28244805374));
#1634 = CARTESIAN_POINT('',(-15.61358315196,-16.64547097244,
    4.284476137806));
#1635 = CARTESIAN_POINT('',(-15.6077067073,-16.65,4.286452767481));
#1636 = ORIENTED_EDGE('',*,*,#1637,.T.);
#1637 = EDGE_CURVE('',#1619,#1638,#1640,.T.);
#1638 = VERTEX_POINT('',#1639);
#1639 = CARTESIAN_POINT('',(-0.392293292694,-16.65,4.286452767481));
#1640 = LINE('',#1641,#1642);
#1641 = CARTESIAN_POINT('',(9.852897037643E-14,-16.65,4.286452767481));
#1642 = VECTOR('',#1643,1.);
#1643 = DIRECTION('',(1.,-1.295260195396E-16,6.47630097698E-17));
#1644 = ORIENTED_EDGE('',*,*,#1645,.F.);
#1645 = EDGE_CURVE('',#1646,#1638,#1648,.T.);
#1646 = VERTEX_POINT('',#1647);
#1647 = CARTESIAN_POINT('',(1.136868377216E-13,-16.40222571996,
    4.050677094199));
#1648 = B_SPLINE_CURVE_WITH_KNOTS('',7,(#1649,#1650,#1651,#1652,#1653,
    #1654,#1655,#1656,#1657,#1658,#1659,#1660,#1661,#1662),
  .UNSPECIFIED.,.F.,.F.,(8,6,8),(0.,0.898158614574,1.),.UNSPECIFIED.);
#1649 = CARTESIAN_POINT('',(1.418025056705E-13,-16.40222571996,
    4.050677094199));
#1650 = CARTESIAN_POINT('',(-4.648400888286E-02,-16.42348914267,
    4.09347254836));
#1651 = CARTESIAN_POINT('',(-9.50001851292E-02,-16.4488594463,
    4.132559041495));
#1652 = CARTESIAN_POINT('',(-0.144944412855,-16.47765801976,
    4.167916944342));
#1653 = CARTESIAN_POINT('',(-0.195869272233,-16.50939475017,
    4.199527994574));
#1654 = CARTESIAN_POINT('',(-0.247404167052,-16.54367969942,
    4.227373765084));
#1655 = CARTESIAN_POINT('',(-0.299248038851,-16.58022302779,
    4.251415598791));
#1656 = CARTESIAN_POINT('',(-0.357010961577,-16.62320044875,
    4.273825458743));
#1657 = CARTESIAN_POINT('',(-0.362893738425,-16.6276035209,
    4.276057248941));
#1658 = CARTESIAN_POINT('',(-0.368776178507,-16.63203244179,
    4.278238404396));
#1659 = CARTESIAN_POINT('',(-0.374657820635,-16.63648687537,
    4.280368738889));
#1660 = CARTESIAN_POINT('',(-0.380538199972,-16.64096649278,
    4.28244805374));
#1661 = CARTESIAN_POINT('',(-0.386416848036,-16.64547097244,
    4.284476137806));
#1662 = CARTESIAN_POINT('',(-0.392293292694,-16.65,4.286452767481));
#1663 = ORIENTED_EDGE('',*,*,#1664,.T.);
#1664 = EDGE_CURVE('',#1646,#1665,#1667,.T.);
#1665 = VERTEX_POINT('',#1666);
#1666 = CARTESIAN_POINT('',(0.392293292694,-16.65,4.286452767481));
#1667 = B_SPLINE_CURVE_WITH_KNOTS('',7,(#1668,#1669,#1670,#1671,#1672,
    #1673,#1674,#1675,#1676,#1677,#1678,#1679,#1680,#1681),
  .UNSPECIFIED.,.F.,.F.,(8,6,8),(0.,0.898158614574,1.),.UNSPECIFIED.);
#1668 = CARTESIAN_POINT('',(5.978141344352E-14,-16.40222571996,
    4.050677094199));
#1669 = CARTESIAN_POINT('',(4.648400888309E-02,-16.42348914267,
    4.09347254836));
#1670 = CARTESIAN_POINT('',(9.500018512931E-02,-16.4488594463,
    4.132559041494));
#1671 = CARTESIAN_POINT('',(0.144944412855,-16.47765801976,
    4.167916944342));
#1672 = CARTESIAN_POINT('',(0.195869272233,-16.50939475017,
    4.199527994574));
#1673 = CARTESIAN_POINT('',(0.247404167052,-16.54367969942,
    4.227373765084));
#1674 = CARTESIAN_POINT('',(0.299248038851,-16.58022302779,
    4.251415598791));
#1675 = CARTESIAN_POINT('',(0.357010961577,-16.62320044875,
    4.273825458743));
#1676 = CARTESIAN_POINT('',(0.362893738426,-16.6276035209,4.276057248941
    ));
#1677 = CARTESIAN_POINT('',(0.368776178507,-16.63203244179,
    4.278238404396));
#1678 = CARTESIAN_POINT('',(0.374657820635,-16.63648687537,
    4.280368738889));
#1679 = CARTESIAN_POINT('',(0.380538199973,-16.64096649278,4.28244805374
    ));
#1680 = CARTESIAN_POINT('',(0.386416848037,-16.64547097244,
    4.284476137806));
#1681 = CARTESIAN_POINT('',(0.392293292694,-16.65,4.286452767481));
#1682 = ORIENTED_EDGE('',*,*,#1683,.T.);
#1683 = EDGE_CURVE('',#1665,#1684,#1686,.T.);
#1684 = VERTEX_POINT('',#1685);
#1685 = CARTESIAN_POINT('',(15.607706707306,-16.65,4.286452767481));
#1686 = LINE('',#1687,#1688);
#1687 = CARTESIAN_POINT('',(9.852897037643E-14,-16.65,4.286452767481));
#1688 = VECTOR('',#1689,1.);
#1689 = DIRECTION('',(1.,-1.295260195396E-16,6.47630097698E-17));
#1690 = ORIENTED_EDGE('',*,*,#1691,.F.);
#1691 = EDGE_CURVE('',#1123,#1684,#1692,.T.);
#1692 = B_SPLINE_CURVE_WITH_KNOTS('',7,(#1693,#1694,#1695,#1696,#1697,
    #1698,#1699,#1700,#1701,#1702,#1703,#1704,#1705,#1706),
  .UNSPECIFIED.,.F.,.F.,(8,6,8),(0.,0.898158614574,1.),.UNSPECIFIED.);
#1693 = CARTESIAN_POINT('',(16.,-16.40222571996,4.050677094199));
#1694 = CARTESIAN_POINT('',(15.953515991117,-16.42348914267,
    4.09347254836));
#1695 = CARTESIAN_POINT('',(15.904999814871,-16.4488594463,
    4.132559041494));
#1696 = CARTESIAN_POINT('',(15.855055587145,-16.47765801976,
    4.167916944342));
#1697 = CARTESIAN_POINT('',(15.804130727767,-16.50939475017,
    4.199527994574));
#1698 = CARTESIAN_POINT('',(15.752595832948,-16.54367969942,
    4.227373765084));
#1699 = CARTESIAN_POINT('',(15.700751961149,-16.58022302779,
    4.251415598791));
#1700 = CARTESIAN_POINT('',(15.642989038423,-16.62320044875,
    4.273825458743));
#1701 = CARTESIAN_POINT('',(15.637106261575,-16.6276035209,
    4.276057248941));
#1702 = CARTESIAN_POINT('',(15.631223821493,-16.63203244179,
    4.278238404396));
#1703 = CARTESIAN_POINT('',(15.625342179365,-16.63648687537,
    4.280368738889));
#1704 = CARTESIAN_POINT('',(15.619461800028,-16.64096649278,
    4.28244805374));
#1705 = CARTESIAN_POINT('',(15.613583151964,-16.64547097244,
    4.284476137806));
#1706 = CARTESIAN_POINT('',(15.607706707306,-16.65,4.286452767481));
#1707 = CYLINDRICAL_SURFACE('',#1708,0.5);
#1708 = AXIS2_PLACEMENT_3D('',#1709,#1710,#1711);
#1709 = CARTESIAN_POINT('',(1.027452524689E-13,-16.85,3.828195197985));
#1710 = DIRECTION('',(1.,4.625929269271E-17,2.405483220021E-16));
#1711 = DIRECTION('',(-4.625929269271E-17,1.,-2.405483220021E-16));
#1712 = ADVANCED_FACE('',(#1713),#1724,.T.);
#1713 = FACE_BOUND('',#1714,.F.);
#1714 = EDGE_LOOP('',(#1715,#1716,#1722,#1723));
#1715 = ORIENTED_EDGE('',*,*,#727,.T.);
#1716 = ORIENTED_EDGE('',*,*,#1717,.T.);
#1717 = EDGE_CURVE('',#728,#512,#1718,.T.);
#1718 = LINE('',#1719,#1720);
#1719 = CARTESIAN_POINT('',(16.,29.323529411765,0.565746972323));
#1720 = VECTOR('',#1721,1.);
#1721 = DIRECTION('',(-1.,9.899488636241E-16,-7.586524001605E-16));
#1722 = ORIENTED_EDGE('',*,*,#520,.F.);
#1723 = ORIENTED_EDGE('',*,*,#1601,.F.);
#1724 = CYLINDRICAL_SURFACE('',#1725,1.5);
#1725 = AXIS2_PLACEMENT_3D('',#1726,#1727,#1728);
#1726 = CARTESIAN_POINT('',(16.,28.15,1.5));
#1727 = DIRECTION('',(-1.,9.899488636241E-16,-7.586524001605E-16));
#1728 = DIRECTION('',(-9.899488636241E-16,-1.,1.110223024625E-16));
#1729 = ADVANCED_FACE('',(#1730),#1786,.F.);
#1730 = FACE_BOUND('',#1731,.T.);
#1731 = EDGE_LOOP('',(#1732,#1740,#1741,#1742,#1743,#1744,#1779));
#1732 = ORIENTED_EDGE('',*,*,#1733,.F.);
#1733 = EDGE_CURVE('',#144,#1734,#1736,.T.);
#1734 = VERTEX_POINT('',#1735);
#1735 = CARTESIAN_POINT('',(-15.,-21.5,11.744100490168));
#1736 = LINE('',#1737,#1738);
#1737 = CARTESIAN_POINT('',(-16.5,-21.5,13.002749936934));
#1738 = VECTOR('',#1739,1.);
#1739 = DIRECTION('',(0.766044443119,-3.770556262972E-17,-0.642787609687
    ));
#1740 = ORIENTED_EDGE('',*,*,#143,.F.);
#1741 = ORIENTED_EDGE('',*,*,#134,.F.);
#1742 = ORIENTED_EDGE('',*,*,#125,.F.);
#1743 = ORIENTED_EDGE('',*,*,#1618,.T.);
#1744 = ORIENTED_EDGE('',*,*,#1745,.F.);
#1745 = EDGE_CURVE('',#1746,#1619,#1748,.T.);
#1746 = VERTEX_POINT('',#1747);
#1747 = CARTESIAN_POINT('',(-15.,-16.91330275229,4.932727782224));
#1748 = B_SPLINE_CURVE_WITH_KNOTS('',8,(#1749,#1750,#1751,#1752,#1753,
    #1754,#1755,#1756,#1757,#1758,#1759,#1760,#1761,#1762,#1763,#1764,
    #1765,#1766,#1767,#1768,#1769,#1770,#1771,#1772,#1773,#1774,#1775,
    #1776,#1777,#1778),.UNSPECIFIED.,.F.,.F.,(9,7,7,7,9),(0.,
    0.286434869465,0.805071751141,0.952907886318,1.),.UNSPECIFIED.);
#1749 = CARTESIAN_POINT('',(-15.,-16.91330275229,4.932727782223));
#1750 = CARTESIAN_POINT('',(-15.,-16.9261766274,4.901004652691));
#1751 = CARTESIAN_POINT('',(-15.00351527115,-16.9365673808,
    4.868275360501));
#1752 = CARTESIAN_POINT('',(-15.01054544936,-16.94424465671,
    4.835110529572));
#1753 = CARTESIAN_POINT('',(-15.02082962591,-16.94920499363,
    4.802019439843));
#1754 = CARTESIAN_POINT('',(-15.03397520936,-16.95158486918,
    4.76941731382));
#1755 = CARTESIAN_POINT('',(-15.04955308732,-16.95159275369,
    4.737611545629));
#1756 = CARTESIAN_POINT('',(-15.06715908833,-16.94946017256,
    4.70680687256));
#1757 = CARTESIAN_POINT('',(-15.12135612474,-16.93808149949,
    4.623393763289));
#1758 = CARTESIAN_POINT('',(-15.16174793698,-16.92447433536,
    4.573382695207));
#1759 = CARTESIAN_POINT('',(-15.20591068042,-16.90585206378,
    4.527233432835));
#1760 = CARTESIAN_POINT('',(-15.25268758773,-16.88308447767,
    4.484992506243));
#1761 = CARTESIAN_POINT('',(-15.30120921918,-16.85687634499,
    4.446616736688));
#1762 = CARTESIAN_POINT('',(-15.35090361197,-16.82772640427,
    4.412012917334));
#1763 = CARTESIAN_POINT('',(-15.40142412202,-16.7959595734,
    4.381073320196));
#1764 = CARTESIAN_POINT('',(-15.46722340107,-16.75193319541,
    4.345971899065));
#1765 = CARTESIAN_POINT('',(-15.48186135697,-16.74197345441,
    4.338487194878));
#1766 = CARTESIAN_POINT('',(-15.49653393109,-16.73182624206,
    4.331304409458));
#1767 = CARTESIAN_POINT('',(-15.51123362802,-16.72149758334,
    4.324424447813));
#1768 = CARTESIAN_POINT('',(-15.52595323713,-16.71099317259,
    4.317848642945));
#1769 = CARTESIAN_POINT('',(-15.54068578146,-16.70031841638,
    4.31157875245));
#1770 = CARTESIAN_POINT('',(-15.55542446653,-16.68947847637,
    4.305616955128));
#1771 = CARTESIAN_POINT('',(-15.57485736248,-16.67497429081,
    4.29816572883));
#1772 = CARTESIAN_POINT('',(-15.57955203715,-16.67145401569,
    4.296397138041));
#1773 = CARTESIAN_POINT('',(-15.58424643597,-16.66791764842,
    4.294660160135));
#1774 = CARTESIAN_POINT('',(-15.58894034201,-16.66436534939,
    4.292954884767));
#1775 = CARTESIAN_POINT('',(-15.59363353853,-16.66079727773,
    4.291281406328));
#1776 = CARTESIAN_POINT('',(-15.59832580905,-16.65721359135,
    4.289639823939));
#1777 = CARTESIAN_POINT('',(-15.60301693731,-16.65361444695,
    4.288030241459));
#1778 = CARTESIAN_POINT('',(-15.6077067073,-16.65,4.286452767481));
#1779 = ORIENTED_EDGE('',*,*,#1780,.F.);
#1780 = EDGE_CURVE('',#1734,#1746,#1781,.T.);
#1781 = CIRCLE('',#1782,4.95);
#1782 = AXIS2_PLACEMENT_3D('',#1783,#1784,#1785);
#1783 = CARTESIAN_POINT('',(-15.,-21.5,6.794100490168));
#1784 = DIRECTION('',(-1.,-6.661338147751E-16,-7.679042586991E-16));
#1785 = DIRECTION('',(-7.679042586991E-16,-2.960594732334E-16,1.));
#1786 = CONICAL_SURFACE('',#1787,6.208649446766,0.698131700798);
#1787 = AXIS2_PLACEMENT_3D('',#1788,#1789,#1790);
#1788 = CARTESIAN_POINT('',(-16.5,-21.5,6.794100490168));
#1789 = DIRECTION('',(-1.,3.885780586188E-16,6.383782391595E-16));
#1790 = DIRECTION('',(-7.679042586991E-16,-2.960594732334E-16,1.));
#1791 = ADVANCED_FACE('',(#1792),#1803,.T.);
#1792 = FACE_BOUND('',#1793,.F.);
#1793 = EDGE_LOOP('',(#1794,#1795,#1796,#1797));
#1794 = ORIENTED_EDGE('',*,*,#511,.F.);
#1795 = ORIENTED_EDGE('',*,*,#1717,.F.);
#1796 = ORIENTED_EDGE('',*,*,#736,.T.);
#1797 = ORIENTED_EDGE('',*,*,#1798,.F.);
#1798 = EDGE_CURVE('',#504,#737,#1799,.T.);
#1799 = LINE('',#1800,#1801);
#1800 = CARTESIAN_POINT('',(-16.,31.080192795969,3.927062647364));
#1801 = VECTOR('',#1802,1.);
#1802 = DIRECTION('',(1.,-2.266705341943E-15,-7.123931074678E-16));
#1803 = CYLINDRICAL_SURFACE('',#1804,10.);
#1804 = AXIS2_PLACEMENT_3D('',#1805,#1806,#1807);
#1805 = CARTESIAN_POINT('',(-16.,21.5,6.794100490168));
#1806 = DIRECTION('',(-1.,2.396231361483E-15,6.47630097698E-16));
#1807 = DIRECTION('',(-1.822616132093E-15,1.,-3.571217395878E-15));
#1808 = ADVANCED_FACE('',(#1809),#1852,.T.);
#1809 = FACE_BOUND('',#1810,.T.);
#1810 = EDGE_LOOP('',(#1811,#1812,#1820,#1828,#1836,#1844,#1850,#1851));
#1811 = ORIENTED_EDGE('',*,*,#503,.F.);
#1812 = ORIENTED_EDGE('',*,*,#1813,.T.);
#1813 = EDGE_CURVE('',#495,#1814,#1816,.T.);
#1814 = VERTEX_POINT('',#1815);
#1815 = CARTESIAN_POINT('',(-11.,39.686780047363,32.685931453588));
#1816 = LINE('',#1817,#1818);
#1817 = CARTESIAN_POINT('',(-16.,39.686780047363,32.685931453588));
#1818 = VECTOR('',#1819,1.);
#1819 = DIRECTION('',(1.,-2.266705341943E-15,-7.123931074678E-16));
#1820 = ORIENTED_EDGE('',*,*,#1821,.T.);
#1821 = EDGE_CURVE('',#1814,#1822,#1824,.T.);
#1822 = VERTEX_POINT('',#1823);
#1823 = CARTESIAN_POINT('',(-11.,35.982217782774,20.307154937431));
#1824 = LINE('',#1825,#1826);
#1825 = CARTESIAN_POINT('',(-11.,40.742593322436,36.213926299253));
#1826 = VECTOR('',#1827,1.);
#1827 = DIRECTION('',(1.874975319408E-15,-0.28670378428,-0.958019279597)
  );
#1828 = ORIENTED_EDGE('',*,*,#1829,.F.);
#1829 = EDGE_CURVE('',#1830,#1822,#1832,.T.);
#1830 = VERTEX_POINT('',#1831);
#1831 = CARTESIAN_POINT('',(11.,35.982217782774,20.307154937431));
#1832 = LINE('',#1833,#1834);
#1833 = CARTESIAN_POINT('',(11.,35.982217782774,20.307154937431));
#1834 = VECTOR('',#1835,1.);
#1835 = DIRECTION('',(-1.,1.350771346627E-15,3.793262000803E-16));
#1836 = ORIENTED_EDGE('',*,*,#1837,.F.);
#1837 = EDGE_CURVE('',#1838,#1830,#1840,.T.);
#1838 = VERTEX_POINT('',#1839);
#1839 = CARTESIAN_POINT('',(11.,39.686780047363,32.685931453588));
#1840 = LINE('',#1841,#1842);
#1841 = CARTESIAN_POINT('',(11.,40.742593322436,36.213926299253));
#1842 = VECTOR('',#1843,1.);
#1843 = DIRECTION('',(1.874975319408E-15,-0.28670378428,-0.958019279597)
  );
#1844 = ORIENTED_EDGE('',*,*,#1845,.T.);
#1845 = EDGE_CURVE('',#1838,#746,#1846,.T.);
#1846 = LINE('',#1847,#1848);
#1847 = CARTESIAN_POINT('',(-16.,39.686780047363,32.685931453588));
#1848 = VECTOR('',#1849,1.);
#1849 = DIRECTION('',(1.,-2.266705341943E-15,-7.123931074678E-16));
#1850 = ORIENTED_EDGE('',*,*,#745,.T.);
#1851 = ORIENTED_EDGE('',*,*,#1798,.F.);
#1852 = PLANE('',#1853);
#1853 = AXIS2_PLACEMENT_3D('',#1854,#1855,#1856);
#1854 = CARTESIAN_POINT('',(-16.,39.686780047363,32.685931453588));
#1855 = DIRECTION('',(-5.108538640221E-16,0.958019279597,-0.28670378428)
  );
#1856 = DIRECTION('',(3.481329382392E-15,-0.28670378428,-0.958019279597)
  );
#1857 = ADVANCED_FACE('',(#1858),#1878,.T.);
#1858 = FACE_BOUND('',#1859,.F.);
#1859 = EDGE_LOOP('',(#1860,#1868,#1869,#1870,#1871));
#1860 = ORIENTED_EDGE('',*,*,#1861,.F.);
#1861 = EDGE_CURVE('',#477,#1862,#1864,.T.);
#1862 = VERTEX_POINT('',#1863);
#1863 = CARTESIAN_POINT('',(-11.,32.711584723972,41.687685069316));
#1864 = LINE('',#1865,#1866);
#1865 = CARTESIAN_POINT('',(2.790301441799E-14,32.711584723971,
    41.687685069316));
#1866 = VECTOR('',#1867,1.);
#1867 = DIRECTION('',(1.,-1.045460014855E-15,-2.683038976177E-16));
#1868 = ORIENTED_EDGE('',*,*,#485,.F.);
#1869 = ORIENTED_EDGE('',*,*,#494,.F.);
#1870 = ORIENTED_EDGE('',*,*,#1813,.T.);
#1871 = ORIENTED_EDGE('',*,*,#1872,.F.);
#1872 = EDGE_CURVE('',#1862,#1814,#1873,.T.);
#1873 = CIRCLE('',#1874,7.);
#1874 = AXIS2_PLACEMENT_3D('',#1875,#1876,#1877);
#1875 = CARTESIAN_POINT('',(-11.,32.980645090185,34.692857943551));
#1876 = DIRECTION('',(-1.,-4.163336342344E-16,-2.164934898019E-15));
#1877 = DIRECTION('',(-4.163336342344E-16,1.,-2.868076146948E-15));
#1878 = CYLINDRICAL_SURFACE('',#1879,7.);
#1879 = AXIS2_PLACEMENT_3D('',#1880,#1881,#1882);
#1880 = CARTESIAN_POINT('',(-16.,32.980645090185,34.692857943551));
#1881 = DIRECTION('',(-1.,2.22044604925E-15,4.718447854657E-16));
#1882 = DIRECTION('',(-1.646830819861E-15,1.,-3.395432083645E-15));
#1883 = ADVANCED_FACE('',(#1884),#1963,.F.);
#1884 = FACE_BOUND('',#1885,.T.);
#1885 = EDGE_LOOP('',(#1886,#1887,#1888,#1897,#1906,#1918,#1945,#1962));
#1886 = ORIENTED_EDGE('',*,*,#152,.F.);
#1887 = ORIENTED_EDGE('',*,*,#1733,.T.);
#1888 = ORIENTED_EDGE('',*,*,#1889,.F.);
#1889 = EDGE_CURVE('',#1890,#1734,#1892,.T.);
#1890 = VERTEX_POINT('',#1891);
#1891 = CARTESIAN_POINT('',(-15.,-26.45,6.794100490168));
#1892 = CIRCLE('',#1893,4.95);
#1893 = AXIS2_PLACEMENT_3D('',#1894,#1895,#1896);
#1894 = CARTESIAN_POINT('',(-15.,-21.5,6.794100490168));
#1895 = DIRECTION('',(-1.,-6.661338147751E-16,-7.679042586991E-16));
#1896 = DIRECTION('',(-7.679042586991E-16,-2.960594732334E-16,1.));
#1897 = ORIENTED_EDGE('',*,*,#1898,.F.);
#1898 = EDGE_CURVE('',#1899,#1890,#1901,.T.);
#1899 = VERTEX_POINT('',#1900);
#1900 = CARTESIAN_POINT('',(-15.,-26.0866972477,4.932727782223));
#1901 = CIRCLE('',#1902,4.95);
#1902 = AXIS2_PLACEMENT_3D('',#1903,#1904,#1905);
#1903 = CARTESIAN_POINT('',(-15.,-21.5,6.794100490168));
#1904 = DIRECTION('',(-1.,-6.661338147751E-16,-7.679042586991E-16));
#1905 = DIRECTION('',(-7.679042586991E-16,-2.960594732334E-16,1.));
#1906 = ORIENTED_EDGE('',*,*,#1907,.F.);
#1907 = EDGE_CURVE('',#1908,#1899,#1910,.T.);
#1908 = VERTEX_POINT('',#1909);
#1909 = CARTESIAN_POINT('',(-15.04795673084,-26.05,4.744710336976));
#1910 = B_SPLINE_CURVE_WITH_KNOTS('',6,(#1911,#1912,#1913,#1914,#1915,
    #1916,#1917),.UNSPECIFIED.,.F.,.F.,(7,7),(0.,1.),
  .PIECEWISE_BEZIER_KNOTS.);
#1911 = CARTESIAN_POINT('',(-15.04795673084,-26.05,4.744710336976));
#1912 = CARTESIAN_POINT('',(-15.03303241762,-26.05,4.7752036572));
#1913 = CARTESIAN_POINT('',(-15.02034461239,-26.05223168794,
    4.806534848046));
#1914 = CARTESIAN_POINT('',(-15.0103328796,-26.05692456218,
    4.838422132704));
#1915 = CARTESIAN_POINT('',(-15.00344224798,-26.06425787976,
    4.870457260332));
#1916 = CARTESIAN_POINT('',(-15.,-26.07426461495,4.902091939026));
#1917 = CARTESIAN_POINT('',(-15.,-26.0866972477,4.932727782223));
#1918 = ORIENTED_EDGE('',*,*,#1919,.F.);
#1919 = EDGE_CURVE('',#1920,#1908,#1922,.T.);
#1920 = VERTEX_POINT('',#1921);
#1921 = CARTESIAN_POINT('',(-15.6077067073,-26.35,4.286452767481));
#1922 = B_SPLINE_CURVE_WITH_KNOTS('',6,(#1923,#1924,#1925,#1926,#1927,
    #1928,#1929,#1930,#1931,#1932,#1933,#1934,#1935,#1936,#1937,#1938,
    #1939,#1940,#1941,#1942,#1943,#1944),.UNSPECIFIED.,.F.,.F.,(7,5,5,5,
    7),(0.,5.921584347332E-02,0.492593205104,0.868788343084,1.),
  .UNSPECIFIED.);
#1923 = CARTESIAN_POINT('',(-15.6077067073,-26.35,4.286452767481));
#1924 = CARTESIAN_POINT('',(-15.60148039561,-26.34520132684,
    4.288547080143));
#1925 = CARTESIAN_POINT('',(-15.5952515701,-26.34043097492,
    4.290700817633));
#1926 = CARTESIAN_POINT('',(-15.58902082791,-26.33568937396,
    4.292913679776));
#1927 = CARTESIAN_POINT('',(-15.58278876723,-26.33097695934,
    4.295185388115));
#1928 = CARTESIAN_POINT('',(-15.57655598735,-26.32629417205,
    4.297515685908));
#1929 = CARTESIAN_POINT('',(-15.52470696532,-26.28759008785,
    4.317385939984));
#1930 = CARTESIAN_POINT('',(-15.47909481987,-26.25515729076,
    4.337989253964));
#1931 = CARTESIAN_POINT('',(-15.43370175563,-26.22450151419,
    4.361626778657));
#1932 = CARTESIAN_POINT('',(-15.38878223838,-26.19583035732,
    4.388272150416));
#1933 = CARTESIAN_POINT('',(-15.34464665308,-26.16940119912,
    4.417931862841));
#1934 = CARTESIAN_POINT('',(-15.26447830317,-26.12491975124,
    4.479112398562));
#1935 = CARTESIAN_POINT('',(-15.22818021974,-26.10624203481,
    4.509844407537));
#1936 = CARTESIAN_POINT('',(-15.19308159027,-26.08977441513,
    4.542950328086));
#1937 = CARTESIAN_POINT('',(-15.15960493738,-26.07587237819,
    4.578482333562));
#1938 = CARTESIAN_POINT('',(-15.1283687866,-26.0650111633,4.616427484251
    ));
#1939 = CARTESIAN_POINT('',(-15.09043351337,-26.0553030204,
    4.670695896505));
#1940 = CARTESIAN_POINT('',(-15.08100540957,-26.05323909476,
    4.685003253697));
#1941 = CARTESIAN_POINT('',(-15.07199742577,-26.05164804439,
    4.699575996798));
#1942 = CARTESIAN_POINT('',(-15.06345394208,-26.05055860761,
    4.714399986975));
#1943 = CARTESIAN_POINT('',(-15.05542345089,-26.05,4.729454352864));
#1944 = CARTESIAN_POINT('',(-15.04795673084,-26.05,4.744710336976));
#1945 = ORIENTED_EDGE('',*,*,#1946,.T.);
#1946 = EDGE_CURVE('',#1920,#162,#1947,.T.);
#1947 = B_SPLINE_CURVE_WITH_KNOTS('',7,(#1948,#1949,#1950,#1951,#1952,
    #1953,#1954,#1955,#1956,#1957,#1958,#1959,#1960,#1961),
  .UNSPECIFIED.,.F.,.F.,(8,6,8),(0.,9.869991482151E-02,1.),
  .UNSPECIFIED.);
#1948 = CARTESIAN_POINT('',(-15.6077067073,-26.35,4.286452767481));
#1949 = CARTESIAN_POINT('',(-15.61340189758,-26.35438933321,
    4.284537105414));
#1950 = CARTESIAN_POINT('',(-15.61909915746,-26.3587556095,
    4.282573114132));
#1951 = CARTESIAN_POINT('',(-15.6247980571,-26.36309854269,
    4.280560997212));
#1952 = CARTESIAN_POINT('',(-15.63049816994,-26.36741784024,
    4.278500947214));
#1953 = CARTESIAN_POINT('',(-15.63619907266,-26.37171320323,
    4.276393145686));
#1954 = CARTESIAN_POINT('',(-15.64190034518,-26.37598432637,
    4.274237763161));
#1955 = CARTESIAN_POINT('',(-15.69966357136,-26.41900940548,
    4.251919567572));
#1956 = CARTESIAN_POINT('',(-15.75169424905,-26.45572024113,
    4.22786042721));
#1957 = CARTESIAN_POINT('',(-15.80341815973,-26.49016102079,
    4.199970028517));
#1958 = CARTESIAN_POINT('',(-15.85453154227,-26.52203971363,
    4.168287768406));
#1959 = CARTESIAN_POINT('',(-15.90466040635,-26.55096301852,
    4.132832393636));
#1960 = CARTESIAN_POINT('',(-15.95335330443,-26.57643643871,
    4.093622325682));
#1961 = CARTESIAN_POINT('',(-16.,-26.59777428003,4.050677094199));
#1962 = ORIENTED_EDGE('',*,*,#161,.F.);
#1963 = CONICAL_SURFACE('',#1964,6.208649446766,0.698131700798);
#1964 = AXIS2_PLACEMENT_3D('',#1965,#1966,#1967);
#1965 = CARTESIAN_POINT('',(-16.5,-21.5,6.794100490168));
#1966 = DIRECTION('',(-1.,3.885780586188E-16,6.383782391595E-16));
#1967 = DIRECTION('',(-7.679042586991E-16,-2.960594732334E-16,1.));
#1968 = ADVANCED_FACE('',(#1969),#1988,.T.);
#1969 = FACE_BOUND('',#1970,.T.);
#1970 = EDGE_LOOP('',(#1971,#1972,#1973,#1981));
#1971 = ORIENTED_EDGE('',*,*,#1861,.F.);
#1972 = ORIENTED_EDGE('',*,*,#476,.T.);
#1973 = ORIENTED_EDGE('',*,*,#1974,.F.);
#1974 = EDGE_CURVE('',#1975,#469,#1977,.T.);
#1975 = VERTEX_POINT('',#1976);
#1976 = CARTESIAN_POINT('',(-11.,31.930869874856,40.114847614999));
#1977 = LINE('',#1978,#1979);
#1978 = CARTESIAN_POINT('',(2.887211518512E-14,31.930869874856,
    40.114847614999));
#1979 = VECTOR('',#1980,1.);
#1980 = DIRECTION('',(-1.,1.045460014855E-15,2.683038976177E-16));
#1981 = ORIENTED_EDGE('',*,*,#1982,.F.);
#1982 = EDGE_CURVE('',#1862,#1975,#1983,.T.);
#1983 = CIRCLE('',#1984,1.);
#1984 = AXIS2_PLACEMENT_3D('',#1985,#1986,#1987);
#1985 = CARTESIAN_POINT('',(-11.,32.750021919145,40.68842405135));
#1986 = DIRECTION('',(1.,7.123931074678E-16,1.489549224705E-15));
#1987 = DIRECTION('',(-7.123931074678E-16,1.,-1.489549224705E-15));
#1988 = CYLINDRICAL_SURFACE('',#1989,1.);
#1989 = AXIS2_PLACEMENT_3D('',#1990,#1991,#1992);
#1990 = CARTESIAN_POINT('',(2.743418657872E-14,32.750021919145,
    40.68842405135));
#1991 = DIRECTION('',(1.,-8.69674702623E-16,-9.251858538543E-17));
#1992 = DIRECTION('',(-7.123931074678E-16,1.,-1.489549224705E-15));
#1993 = ADVANCED_FACE('',(#1994),#2076,.F.);
#1994 = FACE_BOUND('',#1995,.F.);
#1995 = EDGE_LOOP('',(#1996,#2015,#2023,#2042,#2061,#2067,#2068,#2069,
    #2075));
#1996 = ORIENTED_EDGE('',*,*,#1997,.F.);
#1997 = EDGE_CURVE('',#1998,#1078,#2000,.T.);
#1998 = VERTEX_POINT('',#1999);
#1999 = CARTESIAN_POINT('',(15.607706707306,-26.35,4.286452767481));
#2000 = B_SPLINE_CURVE_WITH_KNOTS('',7,(#2001,#2002,#2003,#2004,#2005,
    #2006,#2007,#2008,#2009,#2010,#2011,#2012,#2013,#2014),
  .UNSPECIFIED.,.F.,.F.,(8,6,8),(0.,9.869991482156E-02,1.),
  .UNSPECIFIED.);
#2001 = CARTESIAN_POINT('',(15.607706707306,-26.35,4.286452767481));
#2002 = CARTESIAN_POINT('',(15.613401897589,-26.35438933321,
    4.284537105414));
#2003 = CARTESIAN_POINT('',(15.619099157462,-26.3587556095,
    4.282573114132));
#2004 = CARTESIAN_POINT('',(15.624798057105,-26.36309854269,
    4.280560997212));
#2005 = CARTESIAN_POINT('',(15.630498169946,-26.36741784024,
    4.278500947214));
#2006 = CARTESIAN_POINT('',(15.636199072663,-26.37171320323,
    4.276393145686));
#2007 = CARTESIAN_POINT('',(15.641900345184,-26.37598432637,
    4.274237763161));
#2008 = CARTESIAN_POINT('',(15.699663571361,-26.41900940548,
    4.251919567572));
#2009 = CARTESIAN_POINT('',(15.751694249052,-26.45572024113,
    4.22786042721));
#2010 = CARTESIAN_POINT('',(15.803418159735,-26.49016102079,
    4.199970028517));
#2011 = CARTESIAN_POINT('',(15.854531542276,-26.52203971363,
    4.168287768407));
#2012 = CARTESIAN_POINT('',(15.904660406354,-26.55096301852,
    4.132832393635));
#2013 = CARTESIAN_POINT('',(15.953353304437,-26.57643643871,
    4.093622325682));
#2014 = CARTESIAN_POINT('',(16.,-26.59777428003,4.050677094199));
#2015 = ORIENTED_EDGE('',*,*,#2016,.T.);
#2016 = EDGE_CURVE('',#1998,#2017,#2019,.T.);
#2017 = VERTEX_POINT('',#2018);
#2018 = CARTESIAN_POINT('',(0.392293292694,-26.35,4.286452767481));
#2019 = LINE('',#2020,#2021);
#2020 = CARTESIAN_POINT('',(1.030744826601E-13,-26.35,4.286452767481));
#2021 = VECTOR('',#2022,1.);
#2022 = DIRECTION('',(-1.,1.295260195396E-16,-6.47630097698E-17));
#2023 = ORIENTED_EDGE('',*,*,#2024,.T.);
#2024 = EDGE_CURVE('',#2017,#2025,#2027,.T.);
#2025 = VERTEX_POINT('',#2026);
#2026 = CARTESIAN_POINT('',(1.136868377216E-13,-26.59777428003,
    4.050677094199));
#2027 = B_SPLINE_CURVE_WITH_KNOTS('',7,(#2028,#2029,#2030,#2031,#2032,
    #2033,#2034,#2035,#2036,#2037,#2038,#2039,#2040,#2041),
  .UNSPECIFIED.,.F.,.F.,(8,6,8),(0.,9.869991482153E-02,1.),
  .UNSPECIFIED.);
#2028 = CARTESIAN_POINT('',(0.392293292694,-26.35,4.286452767481));
#2029 = CARTESIAN_POINT('',(0.386598102412,-26.35438933321,
    4.284537105414));
#2030 = CARTESIAN_POINT('',(0.380900842538,-26.3587556095,4.282573114132
    ));
#2031 = CARTESIAN_POINT('',(0.375201942895,-26.36309854269,
    4.280560997212));
#2032 = CARTESIAN_POINT('',(0.369501830054,-26.36741784024,
    4.278500947214));
#2033 = CARTESIAN_POINT('',(0.363800927337,-26.37171320323,
    4.276393145686));
#2034 = CARTESIAN_POINT('',(0.358099654816,-26.37598432637,
    4.274237763161));
#2035 = CARTESIAN_POINT('',(0.300336428639,-26.41900940548,
    4.251919567572));
#2036 = CARTESIAN_POINT('',(0.248305750948,-26.45572024113,4.22786042721
    ));
#2037 = CARTESIAN_POINT('',(0.196581840265,-26.49016102079,
    4.199970028517));
#2038 = CARTESIAN_POINT('',(0.145468457724,-26.52203971363,
    4.168287768407));
#2039 = CARTESIAN_POINT('',(9.53395936465E-02,-26.55096301852,
    4.132832393635));
#2040 = CARTESIAN_POINT('',(4.66466955631E-02,-26.57643643871,
    4.093622325682));
#2041 = CARTESIAN_POINT('',(1.079962145707E-13,-26.59777428003,
    4.050677094199));
#2042 = ORIENTED_EDGE('',*,*,#2043,.F.);
#2043 = EDGE_CURVE('',#2044,#2025,#2046,.T.);
#2044 = VERTEX_POINT('',#2045);
#2045 = CARTESIAN_POINT('',(-0.392293292694,-26.35,4.286452767481));
#2046 = B_SPLINE_CURVE_WITH_KNOTS('',7,(#2047,#2048,#2049,#2050,#2051,
    #2052,#2053,#2054,#2055,#2056,#2057,#2058,#2059,#2060),
  .UNSPECIFIED.,.F.,.F.,(8,6,8),(0.,9.86999148216E-02,1.),
  .UNSPECIFIED.);
#2047 = CARTESIAN_POINT('',(-0.392293292694,-26.35,4.286452767481));
#2048 = CARTESIAN_POINT('',(-0.386598102411,-26.35438933321,
    4.284537105414));
#2049 = CARTESIAN_POINT('',(-0.380900842538,-26.3587556095,
    4.282573114132));
#2050 = CARTESIAN_POINT('',(-0.375201942895,-26.36309854269,
    4.280560997212));
#2051 = CARTESIAN_POINT('',(-0.369501830054,-26.36741784024,
    4.278500947214));
#2052 = CARTESIAN_POINT('',(-0.363800927337,-26.37171320323,
    4.276393145686));
#2053 = CARTESIAN_POINT('',(-0.358099654816,-26.37598432637,
    4.274237763161));
#2054 = CARTESIAN_POINT('',(-0.300336428639,-26.41900940548,
    4.251919567572));
#2055 = CARTESIAN_POINT('',(-0.248305750948,-26.45572024113,
    4.22786042721));
#2056 = CARTESIAN_POINT('',(-0.196581840265,-26.49016102079,
    4.199970028517));
#2057 = CARTESIAN_POINT('',(-0.145468457724,-26.52203971363,
    4.168287768407));
#2058 = CARTESIAN_POINT('',(-9.533959364638E-02,-26.55096301852,
    4.132832393635));
#2059 = CARTESIAN_POINT('',(-4.664669556288E-02,-26.57643643871,
    4.093622325682));
#2060 = CARTESIAN_POINT('',(1.062753688825E-13,-26.59777428003,
    4.050677094199));
#2061 = ORIENTED_EDGE('',*,*,#2062,.T.);
#2062 = EDGE_CURVE('',#2044,#1920,#2063,.T.);
#2063 = LINE('',#2064,#2065);
#2064 = CARTESIAN_POINT('',(1.030744826601E-13,-26.35,4.286452767481));
#2065 = VECTOR('',#2066,1.);
#2066 = DIRECTION('',(-1.,1.295260195396E-16,-6.47630097698E-17));
#2067 = ORIENTED_EDGE('',*,*,#1946,.T.);
#2068 = ORIENTED_EDGE('',*,*,#170,.T.);
#2069 = ORIENTED_EDGE('',*,*,#2070,.T.);
#2070 = EDGE_CURVE('',#171,#1070,#2071,.T.);
#2071 = LINE('',#2072,#2073);
#2072 = CARTESIAN_POINT('',(9.542498024823E-14,-26.65,3.828195197985));
#2073 = VECTOR('',#2074,1.);
#2074 = DIRECTION('',(1.,-1.295260195396E-16,6.47630097698E-17));
#2075 = ORIENTED_EDGE('',*,*,#1077,.F.);
#2076 = CYLINDRICAL_SURFACE('',#2077,0.5);
#2077 = AXIS2_PLACEMENT_3D('',#2078,#2079,#2080);
#2078 = CARTESIAN_POINT('',(1.03175463891E-13,-26.15,3.828195197985));
#2079 = DIRECTION('',(1.,4.625929269271E-17,2.405483220021E-16));
#2080 = DIRECTION('',(-4.625929269271E-17,1.,-2.405483220021E-16));
#2081 = ADVANCED_FACE('',(#2082),#2100,.F.);
#2082 = FACE_BOUND('',#2083,.F.);
#2083 = EDGE_LOOP('',(#2084,#2092,#2093,#2094));
#2084 = ORIENTED_EDGE('',*,*,#2085,.F.);
#2085 = EDGE_CURVE('',#460,#2086,#2088,.T.);
#2086 = VERTEX_POINT('',#2087);
#2087 = CARTESIAN_POINT('',(-11.,33.491174569093,37.886501576014));
#2088 = LINE('',#2089,#2090);
#2089 = CARTESIAN_POINT('',(3.194738634532E-14,33.491174569093,
    37.886501576014));
#2090 = VECTOR('',#2091,1.);
#2091 = DIRECTION('',(1.,-1.045460014855E-15,-2.683038976177E-16));
#2092 = ORIENTED_EDGE('',*,*,#468,.F.);
#2093 = ORIENTED_EDGE('',*,*,#1974,.F.);
#2094 = ORIENTED_EDGE('',*,*,#2095,.F.);
#2095 = EDGE_CURVE('',#2086,#1975,#2096,.T.);
#2096 = LINE('',#2097,#2098);
#2097 = CARTESIAN_POINT('',(-11.,33.000285837332,38.587563339811));
#2098 = VECTOR('',#2099,1.);
#2099 = DIRECTION('',(-8.957306322556E-16,-0.573576436351,0.819152044289
    ));
#2100 = PLANE('',#2101);
#2101 = AXIS2_PLACEMENT_3D('',#2102,#2103,#2104);
#2102 = CARTESIAN_POINT('',(4.189783128619E-14,32.711022221974,
    39.000674595506));
#2103 = DIRECTION('',(-1.182784249902E-15,0.819152044289,0.573576436351)
  );
#2104 = DIRECTION('',(-7.319871291804E-16,-0.573576436351,0.819152044289
    ));
#2105 = ADVANCED_FACE('',(#2106),#2117,.F.);
#2106 = FACE_BOUND('',#2107,.F.);
#2107 = EDGE_LOOP('',(#2108,#2109,#2110,#2111));
#2108 = ORIENTED_EDGE('',*,*,#1069,.F.);
#2109 = ORIENTED_EDGE('',*,*,#2070,.F.);
#2110 = ORIENTED_EDGE('',*,*,#179,.F.);
#2111 = ORIENTED_EDGE('',*,*,#2112,.F.);
#2112 = EDGE_CURVE('',#1061,#180,#2113,.T.);
#2113 = LINE('',#2114,#2115);
#2114 = CARTESIAN_POINT('',(16.,-26.65,1.5));
#2115 = VECTOR('',#2116,1.);
#2116 = DIRECTION('',(-1.,2.127927463865E-16,1.110223024625E-16));
#2117 = PLANE('',#2118);
#2118 = AXIS2_PLACEMENT_3D('',#2119,#2120,#2121);
#2119 = CARTESIAN_POINT('',(1.02138625629E-13,-26.65,-1.188852155923));
#2120 = DIRECTION('',(3.930902229807E-32,-1.,-2.430418938852E-16));
#2121 = DIRECTION('',(1.110223024625E-16,2.430418938852E-16,-1.));
#2122 = ADVANCED_FACE('',(#2123),#2142,.T.);
#2123 = FACE_BOUND('',#2124,.T.);
#2124 = EDGE_LOOP('',(#2125,#2126,#2127,#2135));
#2125 = ORIENTED_EDGE('',*,*,#2085,.F.);
#2126 = ORIENTED_EDGE('',*,*,#459,.T.);
#2127 = ORIENTED_EDGE('',*,*,#2128,.F.);
#2128 = EDGE_CURVE('',#2129,#451,#2131,.T.);
#2129 = VERTEX_POINT('',#2130);
#2130 = CARTESIAN_POINT('',(-11.,33.772958160536,37.689896481601));
#2131 = LINE('',#2132,#2133);
#2132 = CARTESIAN_POINT('',(3.117190826776E-14,33.772958160536,
    37.689896481601));
#2133 = VECTOR('',#2134,1.);
#2134 = DIRECTION('',(-1.,1.045460014855E-15,2.683038976177E-16));
#2135 = ORIENTED_EDGE('',*,*,#2136,.F.);
#2136 = EDGE_CURVE('',#2086,#2129,#2137,.T.);
#2137 = CIRCLE('',#2138,0.5);
#2138 = AXIS2_PLACEMENT_3D('',#2139,#2140,#2141);
#2139 = CARTESIAN_POINT('',(-11.,33.900750591237,38.173289794189));
#2140 = DIRECTION('',(1.,7.123931074678E-16,1.489549224705E-15));
#2141 = DIRECTION('',(-7.123931074678E-16,1.,-1.489549224705E-15));
#2142 = CYLINDRICAL_SURFACE('',#2143,0.5);
#2143 = AXIS2_PLACEMENT_3D('',#2144,#2145,#2146);
#2144 = CARTESIAN_POINT('',(3.036083168694E-14,33.900750591237,
    38.173289794189));
#2145 = DIRECTION('',(1.,-8.69674702623E-16,-9.251858538543E-17));
#2146 = DIRECTION('',(-7.123931074678E-16,1.,-1.489549224705E-15));
#2147 = ADVANCED_FACE('',(#2148),#2159,.T.);
#2148 = FACE_BOUND('',#2149,.F.);
#2149 = EDGE_LOOP('',(#2150,#2151,#2152,#2153));
#2150 = ORIENTED_EDGE('',*,*,#1060,.T.);
#2151 = ORIENTED_EDGE('',*,*,#2112,.T.);
#2152 = ORIENTED_EDGE('',*,*,#187,.F.);
#2153 = ORIENTED_EDGE('',*,*,#2154,.F.);
#2154 = EDGE_CURVE('',#1052,#188,#2155,.T.);
#2155 = LINE('',#2156,#2157);
#2156 = CARTESIAN_POINT('',(16.,-29.32352941176,0.565746972323));
#2157 = VECTOR('',#2158,1.);
#2158 = DIRECTION('',(-1.,2.127927463865E-16,1.110223024625E-16));
#2159 = CYLINDRICAL_SURFACE('',#2160,1.5);
#2160 = AXIS2_PLACEMENT_3D('',#2161,#2162,#2163);
#2161 = CARTESIAN_POINT('',(16.,-28.15,1.5));
#2162 = DIRECTION('',(-1.,2.127927463865E-16,1.110223024625E-16));
#2163 = DIRECTION('',(-2.356276458067E-16,-0.782352941176,
    -0.622835351785));
#2164 = ADVANCED_FACE('',(#2165),#2194,.F.);
#2165 = FACE_BOUND('',#2166,.F.);
#2166 = EDGE_LOOP('',(#2167,#2175,#2176,#2177,#2178,#2187));
#2167 = ORIENTED_EDGE('',*,*,#2168,.F.);
#2168 = EDGE_CURVE('',#433,#2169,#2171,.T.);
#2169 = VERTEX_POINT('',#2170);
#2170 = CARTESIAN_POINT('',(-11.,29.893363061889,34.973374748327));
#2171 = LINE('',#2172,#2173);
#2172 = CARTESIAN_POINT('',(3.656063361642E-14,29.893363061889,
    34.973374748327));
#2173 = VECTOR('',#2174,1.);
#2174 = DIRECTION('',(1.,-1.045460014855E-15,-2.683038976177E-16));
#2175 = ORIENTED_EDGE('',*,*,#441,.T.);
#2176 = ORIENTED_EDGE('',*,*,#450,.T.);
#2177 = ORIENTED_EDGE('',*,*,#2128,.F.);
#2178 = ORIENTED_EDGE('',*,*,#2179,.F.);
#2179 = EDGE_CURVE('',#2180,#2129,#2182,.T.);
#2180 = VERTEX_POINT('',#2181);
#2181 = CARTESIAN_POINT('',(-11.,35.964893015224,35.53206252046));
#2182 = CIRCLE('',#2183,3.1);
#2183 = AXIS2_PLACEMENT_3D('',#2184,#2185,#2186);
#2184 = CARTESIAN_POINT('',(-11.,32.980645090185,34.692857943551));
#2185 = DIRECTION('',(1.,8.049116928532E-16,1.97064586871E-15));
#2186 = DIRECTION('',(-1.308332607007E-15,0.96266062098,0.270711153841)
  );
#2187 = ORIENTED_EDGE('',*,*,#2188,.F.);
#2188 = EDGE_CURVE('',#2169,#2180,#2189,.T.);
#2189 = CIRCLE('',#2190,3.1);
#2190 = AXIS2_PLACEMENT_3D('',#2191,#2192,#2193);
#2191 = CARTESIAN_POINT('',(-11.,32.980645090185,34.692857943551));
#2192 = DIRECTION('',(1.,8.049116928532E-16,1.97064586871E-15));
#2193 = DIRECTION('',(-1.308332607007E-15,0.96266062098,0.270711153841)
  );
#2194 = CYLINDRICAL_SURFACE('',#2195,3.1);
#2195 = AXIS2_PLACEMENT_3D('',#2196,#2197,#2198);
#2196 = CARTESIAN_POINT('',(1.972726185724E-14,32.980645090185,
    34.692857943551));
#2197 = DIRECTION('',(1.,-1.128726741702E-15,3.700743415417E-17));
#2198 = DIRECTION('',(-1.308332607007E-15,0.96266062098,0.270711153841)
  );
#2199 = ADVANCED_FACE('',(#2200),#2211,.T.);
#2200 = FACE_BOUND('',#2201,.T.);
#2201 = EDGE_LOOP('',(#2202,#2203,#2209,#2210));
#2202 = ORIENTED_EDGE('',*,*,#1051,.T.);
#2203 = ORIENTED_EDGE('',*,*,#2204,.F.);
#2204 = EDGE_CURVE('',#197,#1044,#2205,.T.);
#2205 = LINE('',#2206,#2207);
#2206 = CARTESIAN_POINT('',(-16.,-31.08019279596,3.927062647364));
#2207 = VECTOR('',#2208,1.);
#2208 = DIRECTION('',(1.,-3.885780586188E-16,-6.383782391595E-16));
#2209 = ORIENTED_EDGE('',*,*,#196,.F.);
#2210 = ORIENTED_EDGE('',*,*,#2154,.F.);
#2211 = CYLINDRICAL_SURFACE('',#2212,10.);
#2212 = AXIS2_PLACEMENT_3D('',#2213,#2214,#2215);
#2213 = CARTESIAN_POINT('',(-16.,-21.5,6.794100490168));
#2214 = DIRECTION('',(-1.,5.643633708511E-16,4.625929269271E-16));
#2215 = DIRECTION('',(4.903485025428E-16,-1.,6.291263806209E-16));
#2216 = ADVANCED_FACE('',(#2217),#2260,.T.);
#2217 = FACE_BOUND('',#2218,.F.);
#2218 = EDGE_LOOP('',(#2219,#2220,#2228,#2236,#2244,#2252,#2258,#2259));
#2219 = ORIENTED_EDGE('',*,*,#205,.F.);
#2220 = ORIENTED_EDGE('',*,*,#2221,.T.);
#2221 = EDGE_CURVE('',#206,#2222,#2224,.T.);
#2222 = VERTEX_POINT('',#2223);
#2223 = CARTESIAN_POINT('',(-11.,-39.68678004736,32.685931453588));
#2224 = LINE('',#2225,#2226);
#2225 = CARTESIAN_POINT('',(-16.,-39.68678004736,32.685931453589));
#2226 = VECTOR('',#2227,1.);
#2227 = DIRECTION('',(1.,-3.885780586188E-16,-6.383782391595E-16));
#2228 = ORIENTED_EDGE('',*,*,#2229,.F.);
#2229 = EDGE_CURVE('',#2230,#2222,#2232,.T.);
#2230 = VERTEX_POINT('',#2231);
#2231 = CARTESIAN_POINT('',(-11.,-35.98221778277,20.307154937431));
#2232 = LINE('',#2233,#2234);
#2233 = CARTESIAN_POINT('',(-11.,-40.74259332243,36.213926299253));
#2234 = VECTOR('',#2235,1.);
#2235 = DIRECTION('',(1.461496490437E-16,-0.28670378428,0.958019279597)
  );
#2236 = ORIENTED_EDGE('',*,*,#2237,.F.);
#2237 = EDGE_CURVE('',#2238,#2230,#2240,.T.);
#2238 = VERTEX_POINT('',#2239);
#2239 = CARTESIAN_POINT('',(11.,-35.98221778277,20.307154937431));
#2240 = LINE('',#2241,#2242);
#2241 = CARTESIAN_POINT('',(11.,-35.98221778277,20.307154937431));
#2242 = VECTOR('',#2243,1.);
#2243 = DIRECTION('',(-1.,3.885780586188E-16,6.383782391595E-16));
#2244 = ORIENTED_EDGE('',*,*,#2245,.T.);
#2245 = EDGE_CURVE('',#2238,#2246,#2248,.T.);
#2246 = VERTEX_POINT('',#2247);
#2247 = CARTESIAN_POINT('',(11.,-39.68678004736,32.685931453588));
#2248 = LINE('',#2249,#2250);
#2249 = CARTESIAN_POINT('',(11.,-40.74259332243,36.213926299253));
#2250 = VECTOR('',#2251,1.);
#2251 = DIRECTION('',(1.461496490437E-16,-0.28670378428,0.958019279597)
  );
#2252 = ORIENTED_EDGE('',*,*,#2253,.T.);
#2253 = EDGE_CURVE('',#2246,#1035,#2254,.T.);
#2254 = LINE('',#2255,#2256);
#2255 = CARTESIAN_POINT('',(-16.,-39.68678004736,32.685931453589));
#2256 = VECTOR('',#2257,1.);
#2257 = DIRECTION('',(1.,-3.885780586188E-16,-6.383782391595E-16));
#2258 = ORIENTED_EDGE('',*,*,#1043,.T.);
#2259 = ORIENTED_EDGE('',*,*,#2204,.F.);
#2260 = PLANE('',#2261);
#2261 = AXIS2_PLACEMENT_3D('',#2262,#2263,#2264);
#2262 = CARTESIAN_POINT('',(-16.,-39.68678004736,32.685931453589));
#2263 = DIRECTION('',(8.5833009428E-16,-0.958019279597,-0.28670378428));
#2264 = DIRECTION('',(-7.634880316115E-16,-0.28670378428,0.958019279597)
  );
#2265 = ADVANCED_FACE('',(#2266),#2285,.T.);
#2266 = FACE_BOUND('',#2267,.T.);
#2267 = EDGE_LOOP('',(#2268,#2269,#2270,#2278));
#2268 = ORIENTED_EDGE('',*,*,#2168,.F.);
#2269 = ORIENTED_EDGE('',*,*,#432,.T.);
#2270 = ORIENTED_EDGE('',*,*,#2271,.F.);
#2271 = EDGE_CURVE('',#2272,#425,#2274,.T.);
#2272 = VERTEX_POINT('',#2273);
#2273 = CARTESIAN_POINT('',(-11.,29.804990369793,35.305407612434));
#2274 = LINE('',#2275,#2276);
#2275 = CARTESIAN_POINT('',(3.755047471892E-14,29.804990369793,
    35.305407612434));
#2276 = VECTOR('',#2277,1.);
#2277 = DIRECTION('',(-1.,1.045460014855E-15,2.683038976177E-16));
#2278 = ORIENTED_EDGE('',*,*,#2279,.F.);
#2279 = EDGE_CURVE('',#2169,#2272,#2280,.T.);
#2280 = CIRCLE('',#2281,0.5);
#2281 = AXIS2_PLACEMENT_3D('',#2282,#2283,#2284);
#2282 = CARTESIAN_POINT('',(-11.,29.395414347648,35.018619394259));
#2283 = DIRECTION('',(1.,7.123931074678E-16,1.489549224705E-15));
#2284 = DIRECTION('',(-7.123931074678E-16,1.,-1.489549224705E-15));
#2285 = CYLINDRICAL_SURFACE('',#2286,0.5);
#2286 = AXIS2_PLACEMENT_3D('',#2287,#2288,#2289);
#2287 = CARTESIAN_POINT('',(3.826943902212E-14,29.395414347648,
    35.018619394259));
#2288 = DIRECTION('',(1.,-8.69674702623E-16,-9.251858538543E-17));
#2289 = DIRECTION('',(-7.123931074678E-16,1.,-1.489549224705E-15));
#2290 = ADVANCED_FACE('',(#2291),#2320,.T.);
#2291 = FACE_BOUND('',#2292,.T.);
#2292 = EDGE_LOOP('',(#2293,#2304,#2310,#2311,#2312,#2313));
#2293 = ORIENTED_EDGE('',*,*,#2294,.T.);
#2294 = EDGE_CURVE('',#2295,#2297,#2299,.T.);
#2295 = VERTEX_POINT('',#2296);
#2296 = CARTESIAN_POINT('',(-11.,-39.98064509018,34.692857943551));
#2297 = VERTEX_POINT('',#2298);
#2298 = CARTESIAN_POINT('',(-11.,-32.71158472397,41.687685069316));
#2299 = CIRCLE('',#2300,7.);
#2300 = AXIS2_PLACEMENT_3D('',#2301,#2302,#2303);
#2301 = CARTESIAN_POINT('',(-11.,-32.98064509018,34.692857943551));
#2302 = DIRECTION('',(-1.,-1.387778780781E-16,-2.405483220021E-16));
#2303 = DIRECTION('',(1.387778780781E-16,-1.,4.533410683886E-16));
#2304 = ORIENTED_EDGE('',*,*,#2305,.F.);
#2305 = EDGE_CURVE('',#223,#2297,#2306,.T.);
#2306 = LINE('',#2307,#2308);
#2307 = CARTESIAN_POINT('',(8.629359849221E-14,-32.71158472397,
    41.687685069316));
#2308 = VECTOR('',#2309,1.);
#2309 = DIRECTION('',(1.,-3.885780586188E-16,-6.383782391595E-16));
#2310 = ORIENTED_EDGE('',*,*,#222,.F.);
#2311 = ORIENTED_EDGE('',*,*,#213,.F.);
#2312 = ORIENTED_EDGE('',*,*,#2221,.T.);
#2313 = ORIENTED_EDGE('',*,*,#2314,.T.);
#2314 = EDGE_CURVE('',#2222,#2295,#2315,.T.);
#2315 = CIRCLE('',#2316,7.);
#2316 = AXIS2_PLACEMENT_3D('',#2317,#2318,#2319);
#2317 = CARTESIAN_POINT('',(-11.,-32.98064509018,34.692857943551));
#2318 = DIRECTION('',(-1.,-1.387778780781E-16,-2.405483220021E-16));
#2319 = DIRECTION('',(1.387778780781E-16,-1.,4.533410683886E-16));
#2320 = CYLINDRICAL_SURFACE('',#2321,7.);
#2321 = AXIS2_PLACEMENT_3D('',#2322,#2323,#2324);
#2322 = CARTESIAN_POINT('',(-16.,-32.98064509018,34.692857943551));
#2323 = DIRECTION('',(-1.,3.885780586188E-16,2.868076146948E-16));
#2324 = DIRECTION('',(3.145631903105E-16,-1.,4.533410683886E-16));
#2325 = ADVANCED_FACE('',(#2326),#2344,.F.);
#2326 = FACE_BOUND('',#2327,.F.);
#2327 = EDGE_LOOP('',(#2328,#2336,#2337,#2338));
#2328 = ORIENTED_EDGE('',*,*,#2329,.F.);
#2329 = EDGE_CURVE('',#416,#2330,#2332,.T.);
#2330 = VERTEX_POINT('',#2331);
#2331 = CARTESIAN_POINT('',(-11.,28.244685675555,37.533753651419));
#2332 = LINE('',#2333,#2334);
#2333 = CARTESIAN_POINT('',(3.42418570844E-14,28.244685675555,
    37.533753651419));
#2334 = VECTOR('',#2335,1.);
#2335 = DIRECTION('',(1.,-1.045460014855E-15,-2.683038976177E-16));
#2336 = ORIENTED_EDGE('',*,*,#424,.F.);
#2337 = ORIENTED_EDGE('',*,*,#2271,.F.);
#2338 = ORIENTED_EDGE('',*,*,#2339,.F.);
#2339 = EDGE_CURVE('',#2330,#2272,#2340,.T.);
#2340 = LINE('',#2341,#2342);
#2341 = CARTESIAN_POINT('',(-11.,29.314101638031,36.006469376231));
#2342 = VECTOR('',#2343,1.);
#2343 = DIRECTION('',(8.957306322556E-16,0.573576436351,-0.819152044289)
  );
#2344 = PLANE('',#2345);
#2345 = AXIS2_PLACEMENT_3D('',#2346,#2347,#2348);
#2346 = CARTESIAN_POINT('',(4.162657331357E-14,29.024838022674,
    36.419580631927));
#2347 = DIRECTION('',(1.192935658824E-15,-0.819152044289,-0.573576436351
    ));
#2348 = DIRECTION('',(7.319871291804E-16,0.573576436351,-0.819152044289)
  );
#2349 = ADVANCED_FACE('',(#2350),#2369,.T.);
#2350 = FACE_BOUND('',#2351,.T.);
#2351 = EDGE_LOOP('',(#2352,#2353,#2354,#2362));
#2352 = ORIENTED_EDGE('',*,*,#2329,.F.);
#2353 = ORIENTED_EDGE('',*,*,#415,.T.);
#2354 = ORIENTED_EDGE('',*,*,#2355,.F.);
#2355 = EDGE_CURVE('',#2356,#407,#2358,.T.);
#2356 = VERTEX_POINT('',#2357);
#2357 = CARTESIAN_POINT('',(-11.,26.499681721447,37.338063760321));
#2358 = LINE('',#2359,#2360);
#2359 = CARTESIAN_POINT('',(3.687741242888E-14,26.499681721447,
    37.338063760321));
#2360 = VECTOR('',#2361,1.);
#2361 = DIRECTION('',(-1.,1.045460014855E-15,2.683038976177E-16));
#2362 = ORIENTED_EDGE('',*,*,#2363,.F.);
#2363 = EDGE_CURVE('',#2330,#2356,#2364,.T.);
#2364 = CIRCLE('',#2365,1.);
#2365 = AXIS2_PLACEMENT_3D('',#2366,#2367,#2368);
#2366 = CARTESIAN_POINT('',(-11.,27.425533631266,36.960177215068));
#2367 = DIRECTION('',(1.,7.123931074678E-16,1.489549224705E-15));
#2368 = DIRECTION('',(-7.123931074678E-16,1.,-1.489549224705E-15));
#2369 = CYLINDRICAL_SURFACE('',#2370,1.);
#2370 = AXIS2_PLACEMENT_3D('',#2371,#2372,#2373);
#2371 = CARTESIAN_POINT('',(3.678072252029E-14,27.425533631266,
    36.960177215068));
#2372 = DIRECTION('',(1.,-8.69674702623E-16,-9.251858538543E-17));
#2373 = DIRECTION('',(-7.123931074678E-16,1.,-1.489549224705E-15));
#2374 = ADVANCED_FACE('',(#2375),#2394,.T.);
#2375 = FACE_BOUND('',#2376,.F.);
#2376 = EDGE_LOOP('',(#2377,#2378,#2379,#2387));
#2377 = ORIENTED_EDGE('',*,*,#2305,.F.);
#2378 = ORIENTED_EDGE('',*,*,#231,.F.);
#2379 = ORIENTED_EDGE('',*,*,#2380,.F.);
#2380 = EDGE_CURVE('',#2381,#232,#2383,.T.);
#2381 = VERTEX_POINT('',#2382);
#2382 = CARTESIAN_POINT('',(-11.,-31.93086987485,40.114847614999));
#2383 = LINE('',#2384,#2385);
#2384 = CARTESIAN_POINT('',(8.546515251649E-14,-31.93086987485,
    40.114847614999));
#2385 = VECTOR('',#2386,1.);
#2386 = DIRECTION('',(-1.,3.885780586188E-16,6.383782391595E-16));
#2387 = ORIENTED_EDGE('',*,*,#2388,.T.);
#2388 = EDGE_CURVE('',#2381,#2297,#2389,.T.);
#2389 = CIRCLE('',#2390,1.);
#2390 = AXIS2_PLACEMENT_3D('',#2391,#2392,#2393);
#2391 = CARTESIAN_POINT('',(-11.,-32.75002191914,40.68842405135));
#2392 = DIRECTION('',(1.,1.387778780781E-16,2.405483220021E-16));
#2393 = DIRECTION('',(1.387778780781E-16,-1.,4.533410683886E-16));
#2394 = CYLINDRICAL_SURFACE('',#2395,1.);
#2395 = AXIS2_PLACEMENT_3D('',#2396,#2397,#2398);
#2396 = CARTESIAN_POINT('',(8.532554439365E-14,-32.75002191914,
    40.68842405135));
#2397 = DIRECTION('',(1.,-5.643633708511E-16,-4.625929269271E-16));
#2398 = DIRECTION('',(4.903485025428E-16,-1.,6.291263806209E-16));
#2399 = ADVANCED_FACE('',(#2400),#2419,.T.);
#2400 = FACE_BOUND('',#2401,.F.);
#2401 = EDGE_LOOP('',(#2402,#2410,#2411,#2412));
#2402 = ORIENTED_EDGE('',*,*,#2403,.F.);
#2403 = EDGE_CURVE('',#398,#2404,#2406,.T.);
#2404 = VERTEX_POINT('',#2405);
#2405 = CARTESIAN_POINT('',(-11.,27.306578759763,30.593471248207));
#2406 = LINE('',#2407,#2408);
#2407 = CARTESIAN_POINT('',(-16.,27.306578759763,30.593471248207));
#2408 = VECTOR('',#2409,1.);
#2409 = DIRECTION('',(1.,-2.266705341943E-15,-7.123931074678E-16));
#2410 = ORIENTED_EDGE('',*,*,#406,.F.);
#2411 = ORIENTED_EDGE('',*,*,#2355,.F.);
#2412 = ORIENTED_EDGE('',*,*,#2413,.F.);
#2413 = EDGE_CURVE('',#2404,#2356,#2414,.T.);
#2414 = CIRCLE('',#2415,7.);
#2415 = AXIS2_PLACEMENT_3D('',#2416,#2417,#2418);
#2416 = CARTESIAN_POINT('',(-11.,32.980645090185,34.692857943551));
#2417 = DIRECTION('',(-1.,-4.163336342344E-16,-2.164934898019E-15));
#2418 = DIRECTION('',(-4.163336342344E-16,1.,-2.868076146948E-15));
#2419 = CYLINDRICAL_SURFACE('',#2420,7.);
#2420 = AXIS2_PLACEMENT_3D('',#2421,#2422,#2423);
#2421 = CARTESIAN_POINT('',(-16.,32.980645090185,34.692857943551));
#2422 = DIRECTION('',(-1.,2.22044604925E-15,4.718447854657E-16));
#2423 = DIRECTION('',(-1.646830819861E-15,1.,-3.395432083645E-15));
#2424 = ADVANCED_FACE('',(#2425),#2443,.F.);
#2425 = FACE_BOUND('',#2426,.T.);
#2426 = EDGE_LOOP('',(#2427,#2435,#2436,#2437));
#2427 = ORIENTED_EDGE('',*,*,#2428,.F.);
#2428 = EDGE_CURVE('',#241,#2429,#2431,.T.);
#2429 = VERTEX_POINT('',#2430);
#2430 = CARTESIAN_POINT('',(-11.,-33.49117456909,37.886501576014));
#2431 = LINE('',#2432,#2433);
#2432 = CARTESIAN_POINT('',(8.920070285942E-14,-33.49117456909,
    37.886501576014));
#2433 = VECTOR('',#2434,1.);
#2434 = DIRECTION('',(1.,-3.885780586188E-16,-6.383782391595E-16));
#2435 = ORIENTED_EDGE('',*,*,#240,.F.);
#2436 = ORIENTED_EDGE('',*,*,#2380,.F.);
#2437 = ORIENTED_EDGE('',*,*,#2438,.T.);
#2438 = EDGE_CURVE('',#2381,#2429,#2439,.T.);
#2439 = LINE('',#2440,#2441);
#2440 = CARTESIAN_POINT('',(-11.,-33.00028583733,38.587563339811));
#2441 = VECTOR('',#2442,1.);
#2442 = DIRECTION('',(-1.134442527142E-17,-0.573576436351,
    -0.819152044289));
#2443 = PLANE('',#2444);
#2444 = AXIS2_PLACEMENT_3D('',#2445,#2446,#2447);
#2445 = CARTESIAN_POINT('',(9.882100820893E-14,-32.71102222197,
    39.000674595506));
#2446 = DIRECTION('',(1.155362336492E-16,-0.819152044289,0.573576436351)
  );
#2447 = DIRECTION('',(9.747093244175E-16,-0.573576436351,-0.819152044289
    ));
#2448 = ADVANCED_FACE('',(#2449),#2468,.F.);
#2449 = FACE_BOUND('',#2450,.T.);
#2450 = EDGE_LOOP('',(#2451,#2452,#2460,#2467));
#2451 = ORIENTED_EDGE('',*,*,#397,.F.);
#2452 = ORIENTED_EDGE('',*,*,#2453,.T.);
#2453 = EDGE_CURVE('',#390,#2454,#2456,.T.);
#2454 = VERTEX_POINT('',#2455);
#2455 = CARTESIAN_POINT('',(-11.,27.019539284295,26.738914420305));
#2456 = LINE('',#2457,#2458);
#2457 = CARTESIAN_POINT('',(-16.,27.019539284296,26.738914420305));
#2458 = VECTOR('',#2459,1.);
#2459 = DIRECTION('',(1.,-2.266705341943E-15,-7.123931074678E-16));
#2460 = ORIENTED_EDGE('',*,*,#2461,.F.);
#2461 = EDGE_CURVE('',#2404,#2454,#2462,.T.);
#2462 = CIRCLE('',#2463,3.);
#2463 = AXIS2_PLACEMENT_3D('',#2464,#2465,#2466);
#2464 = CARTESIAN_POINT('',(-11.,24.874836046725,28.836591235917));
#2465 = DIRECTION('',(-1.,-5.45859653774E-16,-2.100171888249E-15));
#2466 = DIRECTION('',(-5.45859653774E-16,1.,-2.627527824946E-15));
#2467 = ORIENTED_EDGE('',*,*,#2403,.F.);
#2468 = CYLINDRICAL_SURFACE('',#2469,3.);
#2469 = AXIS2_PLACEMENT_3D('',#2470,#2471,#2472);
#2470 = CARTESIAN_POINT('',(-16.,24.874836046725,28.836591235917));
#2471 = DIRECTION('',(-1.,2.090920029711E-15,5.366077952355E-16));
#2472 = DIRECTION('',(-1.600571527168E-15,1.,-3.154883761643E-15));
#2473 = ADVANCED_FACE('',(#2474),#2493,.T.);
#2474 = FACE_BOUND('',#2475,.F.);
#2475 = EDGE_LOOP('',(#2476,#2477,#2478,#2486));
#2476 = ORIENTED_EDGE('',*,*,#2428,.F.);
#2477 = ORIENTED_EDGE('',*,*,#248,.F.);
#2478 = ORIENTED_EDGE('',*,*,#2479,.F.);
#2479 = EDGE_CURVE('',#2480,#249,#2482,.T.);
#2480 = VERTEX_POINT('',#2481);
#2481 = CARTESIAN_POINT('',(-11.,-33.77295816053,37.689896481601));
#2482 = LINE('',#2483,#2484);
#2483 = CARTESIAN_POINT('',(8.865681884353E-14,-33.77295816053,
    37.689896481601));
#2484 = VECTOR('',#2485,1.);
#2485 = DIRECTION('',(-1.,3.885780586188E-16,6.383782391595E-16));
#2486 = ORIENTED_EDGE('',*,*,#2487,.T.);
#2487 = EDGE_CURVE('',#2480,#2429,#2488,.T.);
#2488 = CIRCLE('',#2489,0.5);
#2489 = AXIS2_PLACEMENT_3D('',#2490,#2491,#2492);
#2490 = CARTESIAN_POINT('',(-11.,-33.90075059123,38.173289794189));
#2491 = DIRECTION('',(1.,1.387778780781E-16,2.405483220021E-16));
#2492 = DIRECTION('',(1.387778780781E-16,-1.,4.533410683886E-16));
#2493 = CYLINDRICAL_SURFACE('',#2494,0.5);
#2494 = AXIS2_PLACEMENT_3D('',#2495,#2496,#2497);
#2495 = CARTESIAN_POINT('',(8.826330844282E-14,-33.90075059123,
    38.173289794189));
#2496 = DIRECTION('',(1.,-5.643633708511E-16,-4.625929269271E-16));
#2497 = DIRECTION('',(4.903485025428E-16,-1.,6.291263806209E-16));
#2498 = ADVANCED_FACE('',(#2499),#2540,.T.);
#2499 = FACE_BOUND('',#2500,.T.);
#2500 = EDGE_LOOP('',(#2501,#2502,#2508,#2509,#2517,#2525,#2533,#2539));
#2501 = ORIENTED_EDGE('',*,*,#389,.F.);
#2502 = ORIENTED_EDGE('',*,*,#2503,.T.);
#2503 = EDGE_CURVE('',#381,#860,#2504,.T.);
#2504 = LINE('',#2505,#2506);
#2505 = CARTESIAN_POINT('',(-16.,14.350989208097,13.786356542206));
#2506 = VECTOR('',#2507,1.);
#2507 = DIRECTION('',(1.,-1.739349405246E-15,-1.850371707709E-16));
#2508 = ORIENTED_EDGE('',*,*,#859,.T.);
#2509 = ORIENTED_EDGE('',*,*,#2510,.F.);
#2510 = EDGE_CURVE('',#2511,#851,#2513,.T.);
#2511 = VERTEX_POINT('',#2512);
#2512 = CARTESIAN_POINT('',(11.,27.019539284295,26.738914420305));
#2513 = LINE('',#2514,#2515);
#2514 = CARTESIAN_POINT('',(-16.,27.019539284296,26.738914420305));
#2515 = VECTOR('',#2516,1.);
#2516 = DIRECTION('',(1.,-2.266705341943E-15,-7.123931074678E-16));
#2517 = ORIENTED_EDGE('',*,*,#2518,.F.);
#2518 = EDGE_CURVE('',#2519,#2511,#2521,.T.);
#2519 = VERTEX_POINT('',#2520);
#2520 = CARTESIAN_POINT('',(11.,24.224082633382,23.8807882852));
#2521 = LINE('',#2522,#2523);
#2522 = CARTESIAN_POINT('',(11.,26.802750551308,26.517265644837));
#2523 = VECTOR('',#2524,1.);
#2524 = DIRECTION('',(-1.767317786887E-15,0.699225605204,0.71490107919)
  );
#2525 = ORIENTED_EDGE('',*,*,#2526,.T.);
#2526 = EDGE_CURVE('',#2519,#2527,#2529,.T.);
#2527 = VERTEX_POINT('',#2528);
#2528 = CARTESIAN_POINT('',(-11.,24.224082633382,23.8807882852));
#2529 = LINE('',#2530,#2531);
#2530 = CARTESIAN_POINT('',(11.,24.224082633382,23.8807882852));
#2531 = VECTOR('',#2532,1.);
#2532 = DIRECTION('',(-1.,1.350771346627E-15,3.793262000803E-16));
#2533 = ORIENTED_EDGE('',*,*,#2534,.T.);
#2534 = EDGE_CURVE('',#2527,#2454,#2535,.T.);
#2535 = LINE('',#2536,#2537);
#2536 = CARTESIAN_POINT('',(-11.,26.802750551308,26.517265644837));
#2537 = VECTOR('',#2538,1.);
#2538 = DIRECTION('',(-1.767317786887E-15,0.699225605204,0.71490107919)
  );
#2539 = ORIENTED_EDGE('',*,*,#2453,.F.);
#2540 = PLANE('',#2541);
#2541 = AXIS2_PLACEMENT_3D('',#2542,#2543,#2544);
#2542 = CARTESIAN_POINT('',(4.588322755961E-14,20.481737324302,
    20.054545824607));
#2543 = DIRECTION('',(-1.043485328977E-15,-0.71490107919,0.699225605204)
  );
#2544 = DIRECTION('',(1.890956514558E-15,-0.699225605204,-0.71490107919)
  );
#2545 = ADVANCED_FACE('',(#2546),#2577,.F.);
#2546 = FACE_BOUND('',#2547,.T.);
#2547 = EDGE_LOOP('',(#2548,#2549,#2550,#2559,#2568,#2574,#2575,#2576));
#2548 = ORIENTED_EDGE('',*,*,#257,.F.);
#2549 = ORIENTED_EDGE('',*,*,#2479,.F.);
#2550 = ORIENTED_EDGE('',*,*,#2551,.T.);
#2551 = EDGE_CURVE('',#2480,#2552,#2554,.T.);
#2552 = VERTEX_POINT('',#2553);
#2553 = CARTESIAN_POINT('',(-11.,-35.96489301522,35.53206252046));
#2554 = CIRCLE('',#2555,3.1);
#2555 = AXIS2_PLACEMENT_3D('',#2556,#2557,#2558);
#2556 = CARTESIAN_POINT('',(-11.,-32.98064509018,34.692857943551));
#2557 = DIRECTION('',(1.,1.387778780781E-16,2.405483220021E-16));
#2558 = DIRECTION('',(6.847688448522E-17,-0.96266062098,0.270711153841)
  );
#2559 = ORIENTED_EDGE('',*,*,#2560,.T.);
#2560 = EDGE_CURVE('',#2552,#2561,#2563,.T.);
#2561 = VERTEX_POINT('',#2562);
#2562 = CARTESIAN_POINT('',(-11.,-29.89336306188,34.973374748327));
#2563 = CIRCLE('',#2564,3.1);
#2564 = AXIS2_PLACEMENT_3D('',#2565,#2566,#2567);
#2565 = CARTESIAN_POINT('',(-11.,-32.98064509018,34.692857943551));
#2566 = DIRECTION('',(1.,1.387778780781E-16,2.405483220021E-16));
#2567 = DIRECTION('',(6.847688448522E-17,-0.96266062098,0.270711153841)
  );
#2568 = ORIENTED_EDGE('',*,*,#2569,.F.);
#2569 = EDGE_CURVE('',#285,#2561,#2570,.T.);
#2570 = LINE('',#2571,#2572);
#2571 = CARTESIAN_POINT('',(8.789655412427E-14,-29.89336306188,
    34.973374748327));
#2572 = VECTOR('',#2573,1.);
#2573 = DIRECTION('',(1.,-3.885780586188E-16,-6.383782391595E-16));
#2574 = ORIENTED_EDGE('',*,*,#284,.F.);
#2575 = ORIENTED_EDGE('',*,*,#275,.F.);
#2576 = ORIENTED_EDGE('',*,*,#266,.F.);
#2577 = CYLINDRICAL_SURFACE('',#2578,3.1);
#2578 = AXIS2_PLACEMENT_3D('',#2579,#2580,#2581);
#2579 = CARTESIAN_POINT('',(9.020326212301E-14,-32.98064509018,
    34.692857943551));
#2580 = DIRECTION('',(1.,-3.885780586188E-16,-2.868076146948E-16));
#2581 = DIRECTION('',(9.493734820964E-17,-0.96266062098,0.270711153841)
  );
#2582 = ADVANCED_FACE('',(#2583),#2594,.T.);
#2583 = FACE_BOUND('',#2584,.F.);
#2584 = EDGE_LOOP('',(#2585,#2586,#2587,#2593));
#2585 = ORIENTED_EDGE('',*,*,#2503,.T.);
#2586 = ORIENTED_EDGE('',*,*,#867,.T.);
#2587 = ORIENTED_EDGE('',*,*,#2588,.F.);
#2588 = EDGE_CURVE('',#372,#868,#2589,.T.);
#2589 = LINE('',#2590,#2591);
#2590 = CARTESIAN_POINT('',(-16.,13.377671379323,12.627433823501));
#2591 = VECTOR('',#2592,1.);
#2592 = DIRECTION('',(1.,-1.961394010171E-15,-6.013708050053E-16));
#2593 = ORIENTED_EDGE('',*,*,#380,.F.);
#2594 = CYLINDRICAL_SURFACE('',#2595,10.);
#2595 = AXIS2_PLACEMENT_3D('',#2596,#2597,#2598);
#2596 = CARTESIAN_POINT('',(-16.,21.5,6.794100490168));
#2597 = DIRECTION('',(-1.,2.396231361483E-15,6.47630097698E-16));
#2598 = DIRECTION('',(-1.822616132093E-15,1.,-3.571217395878E-15));
#2599 = ADVANCED_FACE('',(#2600),#2611,.F.);
#2600 = FACE_BOUND('',#2601,.T.);
#2601 = EDGE_LOOP('',(#2602,#2608,#2609,#2610));
#2602 = ORIENTED_EDGE('',*,*,#2603,.T.);
#2603 = EDGE_CURVE('',#364,#877,#2604,.T.);
#2604 = LINE('',#2605,#2606);
#2605 = CARTESIAN_POINT('',(-16.,11.753205655189,11.794100490168));
#2606 = VECTOR('',#2607,1.);
#2607 = DIRECTION('',(1.,-1.961394010171E-15,-6.013708050053E-16));
#2608 = ORIENTED_EDGE('',*,*,#876,.T.);
#2609 = ORIENTED_EDGE('',*,*,#2588,.F.);
#2610 = ORIENTED_EDGE('',*,*,#371,.F.);
#2611 = CYLINDRICAL_SURFACE('',#2612,2.);
#2612 = AXIS2_PLACEMENT_3D('',#2613,#2614,#2615);
#2613 = CARTESIAN_POINT('',(-16.,11.753205655189,13.794100490168));
#2614 = DIRECTION('',(-1.,1.785608697939E-15,4.25585492773E-16));
#2615 = DIRECTION('',(-1.378526922243E-15,1.,-2.738550127409E-15));
#2616 = ADVANCED_FACE('',(#2617),#2628,.T.);
#2617 = FACE_BOUND('',#2618,.T.);
#2618 = EDGE_LOOP('',(#2619,#2620,#2626,#2627));
#2619 = ORIENTED_EDGE('',*,*,#363,.F.);
#2620 = ORIENTED_EDGE('',*,*,#2621,.T.);
#2621 = EDGE_CURVE('',#355,#886,#2622,.T.);
#2622 = LINE('',#2623,#2624);
#2623 = CARTESIAN_POINT('',(-16.,-11.75320565518,11.794100490168));
#2624 = VECTOR('',#2625,1.);
#2625 = DIRECTION('',(1.,-3.885780586188E-16,-6.383782391595E-16));
#2626 = ORIENTED_EDGE('',*,*,#885,.F.);
#2627 = ORIENTED_EDGE('',*,*,#2603,.F.);
#2628 = PLANE('',#2629);
#2629 = AXIS2_PLACEMENT_3D('',#2630,#2631,#2632);
#2630 = CARTESIAN_POINT('',(8.645452176989E-14,-3.340736611138E-14,
    11.794100490168));
#2631 = DIRECTION('',(-5.273559366969E-16,6.414329860382E-16,1.));
#2632 = DIRECTION('',(-2.22044604925E-16,1.,-1.168788922735E-15));
#2633 = ADVANCED_FACE('',(#2634),#2645,.F.);
#2634 = FACE_BOUND('',#2635,.F.);
#2635 = EDGE_LOOP('',(#2636,#2637,#2638,#2644));
#2636 = ORIENTED_EDGE('',*,*,#2621,.T.);
#2637 = ORIENTED_EDGE('',*,*,#893,.T.);
#2638 = ORIENTED_EDGE('',*,*,#2639,.F.);
#2639 = EDGE_CURVE('',#346,#894,#2640,.T.);
#2640 = LINE('',#2641,#2642);
#2641 = CARTESIAN_POINT('',(-16.,-13.37767137932,12.627433823501));
#2642 = VECTOR('',#2643,1.);
#2643 = DIRECTION('',(1.,-3.885780586188E-16,-6.383782391595E-16));
#2644 = ORIENTED_EDGE('',*,*,#354,.F.);
#2645 = CYLINDRICAL_SURFACE('',#2646,2.);
#2646 = AXIS2_PLACEMENT_3D('',#2647,#2648,#2649);
#2647 = CARTESIAN_POINT('',(-16.,-11.75320565518,13.794100490168));
#2648 = DIRECTION('',(-1.,5.643633708511E-16,4.625929269271E-16));
#2649 = DIRECTION('',(4.903485025428E-16,-1.,6.291263806209E-16));
#2650 = ADVANCED_FACE('',(#2651),#2670,.T.);
#2651 = FACE_BOUND('',#2652,.F.);
#2652 = EDGE_LOOP('',(#2653,#2654,#2655,#2663));
#2653 = ORIENTED_EDGE('',*,*,#2569,.F.);
#2654 = ORIENTED_EDGE('',*,*,#293,.F.);
#2655 = ORIENTED_EDGE('',*,*,#2656,.F.);
#2656 = EDGE_CURVE('',#2657,#294,#2659,.T.);
#2657 = VERTEX_POINT('',#2658);
#2658 = CARTESIAN_POINT('',(-11.,-29.80499036979,35.305407612434));
#2659 = LINE('',#2660,#2661);
#2660 = CARTESIAN_POINT('',(8.896134905704E-14,-29.80499036979,
    35.305407612434));
#2661 = VECTOR('',#2662,1.);
#2662 = DIRECTION('',(-1.,3.885780586188E-16,6.383782391595E-16));
#2663 = ORIENTED_EDGE('',*,*,#2664,.T.);
#2664 = EDGE_CURVE('',#2657,#2561,#2665,.T.);
#2665 = CIRCLE('',#2666,0.5);
#2666 = AXIS2_PLACEMENT_3D('',#2667,#2668,#2669);
#2667 = CARTESIAN_POINT('',(-11.,-29.39541434764,35.018619394259));
#2668 = DIRECTION('',(1.,1.387778780781E-16,2.405483220021E-16));
#2669 = DIRECTION('',(1.387778780781E-16,-1.,4.533410683886E-16));
#2670 = CYLINDRICAL_SURFACE('',#2671,0.5);
#2671 = AXIS2_PLACEMENT_3D('',#2672,#2673,#2674);
#2672 = CARTESIAN_POINT('',(8.903115311846E-14,-29.39541434764,
    35.018619394259));
#2673 = DIRECTION('',(1.,-5.643633708511E-16,-4.625929269271E-16));
#2674 = DIRECTION('',(4.903485025428E-16,-1.,6.291263806209E-16));
#2675 = ADVANCED_FACE('',(#2676),#2687,.T.);
#2676 = FACE_BOUND('',#2677,.T.);
#2677 = EDGE_LOOP('',(#2678,#2679,#2685,#2686));
#2678 = ORIENTED_EDGE('',*,*,#345,.F.);
#2679 = ORIENTED_EDGE('',*,*,#2680,.T.);
#2680 = EDGE_CURVE('',#338,#903,#2681,.T.);
#2681 = LINE('',#2682,#2683);
#2682 = CARTESIAN_POINT('',(-16.,-14.35098920809,13.786356542206));
#2683 = VECTOR('',#2684,1.);
#2684 = DIRECTION('',(1.,-2.127927463865E-16,-4.625929269271E-16));
#2685 = ORIENTED_EDGE('',*,*,#902,.T.);
#2686 = ORIENTED_EDGE('',*,*,#2639,.F.);
#2687 = CYLINDRICAL_SURFACE('',#2688,10.);
#2688 = AXIS2_PLACEMENT_3D('',#2689,#2690,#2691);
#2689 = CARTESIAN_POINT('',(-16.,-21.5,6.794100490168));
#2690 = DIRECTION('',(-1.,5.643633708511E-16,4.625929269271E-16));
#2691 = DIRECTION('',(4.903485025428E-16,-1.,6.291263806209E-16));
#2692 = ADVANCED_FACE('',(#2693),#2711,.F.);
#2693 = FACE_BOUND('',#2694,.T.);
#2694 = EDGE_LOOP('',(#2695,#2703,#2704,#2705));
#2695 = ORIENTED_EDGE('',*,*,#2696,.F.);
#2696 = EDGE_CURVE('',#303,#2697,#2699,.T.);
#2697 = VERTEX_POINT('',#2698);
#2698 = CARTESIAN_POINT('',(-11.,-28.24468567555,37.533753651419));
#2699 = LINE('',#2700,#2701);
#2700 = CARTESIAN_POINT('',(8.49924522398E-14,-28.24468567555,
    37.533753651419));
#2701 = VECTOR('',#2702,1.);
#2702 = DIRECTION('',(1.,-3.885780586188E-16,-6.383782391595E-16));
#2703 = ORIENTED_EDGE('',*,*,#302,.F.);
#2704 = ORIENTED_EDGE('',*,*,#2656,.F.);
#2705 = ORIENTED_EDGE('',*,*,#2706,.T.);
#2706 = EDGE_CURVE('',#2657,#2697,#2707,.T.);
#2707 = LINE('',#2708,#2709);
#2708 = CARTESIAN_POINT('',(-11.,-29.31410163803,36.006469376231));
#2709 = VECTOR('',#2710,1.);
#2710 = DIRECTION('',(1.134442527142E-17,0.573576436351,0.819152044289)
  );
#2711 = PLANE('',#2712);
#2712 = AXIS2_PLACEMENT_3D('',#2713,#2714,#2715);
#2713 = CARTESIAN_POINT('',(9.270730806033E-14,-29.02483802267,
    36.419580631927));
#2714 = DIRECTION('',(-1.053848247273E-16,0.819152044289,-0.573576436351
    ));
#2715 = DIRECTION('',(-9.747093244175E-16,0.573576436351,0.819152044289)
  );
#2716 = ADVANCED_FACE('',(#2717),#2760,.T.);
#2717 = FACE_BOUND('',#2718,.T.);
#2718 = EDGE_LOOP('',(#2719,#2720,#2728,#2736,#2744,#2752,#2758,#2759));
#2719 = ORIENTED_EDGE('',*,*,#337,.T.);
#2720 = ORIENTED_EDGE('',*,*,#2721,.T.);
#2721 = EDGE_CURVE('',#329,#2722,#2724,.T.);
#2722 = VERTEX_POINT('',#2723);
#2723 = CARTESIAN_POINT('',(-11.,-27.01953928429,26.738914420305));
#2724 = LINE('',#2725,#2726);
#2725 = CARTESIAN_POINT('',(-16.,-27.01953928429,26.738914420305));
#2726 = VECTOR('',#2727,1.);
#2727 = DIRECTION('',(1.,-3.885780586188E-16,-6.383782391595E-16));
#2728 = ORIENTED_EDGE('',*,*,#2729,.T.);
#2729 = EDGE_CURVE('',#2722,#2730,#2732,.T.);
#2730 = VERTEX_POINT('',#2731);
#2731 = CARTESIAN_POINT('',(-11.,-24.22408263338,23.8807882852));
#2732 = LINE('',#2733,#2734);
#2733 = CARTESIAN_POINT('',(-11.,-26.8027505513,26.517265644837));
#2734 = VECTOR('',#2735,1.);
#2735 = DIRECTION('',(-1.764070096327E-16,0.699225605204,-0.71490107919)
  );
#2736 = ORIENTED_EDGE('',*,*,#2737,.F.);
#2737 = EDGE_CURVE('',#2738,#2730,#2740,.T.);
#2738 = VERTEX_POINT('',#2739);
#2739 = CARTESIAN_POINT('',(11.,-24.22408263338,23.8807882852));
#2740 = LINE('',#2741,#2742);
#2741 = CARTESIAN_POINT('',(11.,-24.22408263338,23.8807882852));
#2742 = VECTOR('',#2743,1.);
#2743 = DIRECTION('',(-1.,3.885780586188E-16,6.383782391595E-16));
#2744 = ORIENTED_EDGE('',*,*,#2745,.F.);
#2745 = EDGE_CURVE('',#2746,#2738,#2748,.T.);
#2746 = VERTEX_POINT('',#2747);
#2747 = CARTESIAN_POINT('',(11.,-27.01953928429,26.738914420305));
#2748 = LINE('',#2749,#2750);
#2749 = CARTESIAN_POINT('',(11.,-26.8027505513,26.517265644837));
#2750 = VECTOR('',#2751,1.);
#2751 = DIRECTION('',(-1.764070096327E-16,0.699225605204,-0.71490107919)
  );
#2752 = ORIENTED_EDGE('',*,*,#2753,.T.);
#2753 = EDGE_CURVE('',#2746,#912,#2754,.T.);
#2754 = LINE('',#2755,#2756);
#2755 = CARTESIAN_POINT('',(-16.,-27.01953928429,26.738914420305));
#2756 = VECTOR('',#2757,1.);
#2757 = DIRECTION('',(1.,-3.885780586188E-16,-6.383782391595E-16));
#2758 = ORIENTED_EDGE('',*,*,#911,.F.);
#2759 = ORIENTED_EDGE('',*,*,#2680,.F.);
#2760 = PLANE('',#2761);
#2761 = AXIS2_PLACEMENT_3D('',#2762,#2763,#2764);
#2762 = CARTESIAN_POINT('',(9.480256942279E-14,-20.4817373243,
    20.054545824607));
#2763 = DIRECTION('',(-5.27480701684E-16,0.71490107919,0.699225605204));
#2764 = DIRECTION('',(-2.217480550011E-16,-0.699225605204,0.71490107919)
  );
#2765 = ADVANCED_FACE('',(#2766),#2785,.T.);
#2766 = FACE_BOUND('',#2767,.F.);
#2767 = EDGE_LOOP('',(#2768,#2769,#2770,#2778));
#2768 = ORIENTED_EDGE('',*,*,#2696,.F.);
#2769 = ORIENTED_EDGE('',*,*,#310,.F.);
#2770 = ORIENTED_EDGE('',*,*,#2771,.F.);
#2771 = EDGE_CURVE('',#2772,#311,#2774,.T.);
#2772 = VERTEX_POINT('',#2773);
#2773 = CARTESIAN_POINT('',(-11.,-26.49968172144,37.338063760321));
#2774 = LINE('',#2775,#2776);
#2775 = CARTESIAN_POINT('',(8.542239950283E-14,-26.49968172144,
    37.338063760321));
#2776 = VECTOR('',#2777,1.);
#2777 = DIRECTION('',(-1.,3.885780586188E-16,6.383782391595E-16));
#2778 = ORIENTED_EDGE('',*,*,#2779,.T.);
#2779 = EDGE_CURVE('',#2772,#2697,#2780,.T.);
#2780 = CIRCLE('',#2781,1.);
#2781 = AXIS2_PLACEMENT_3D('',#2782,#2783,#2784);
#2782 = CARTESIAN_POINT('',(-11.,-27.42553363126,36.960177215068));
#2783 = DIRECTION('',(1.,1.387778780781E-16,2.405483220021E-16));
#2784 = DIRECTION('',(1.387778780781E-16,-1.,4.533410683886E-16));
#2785 = CYLINDRICAL_SURFACE('',#2786,1.);
#2786 = AXIS2_PLACEMENT_3D('',#2787,#2788,#2789);
#2787 = CARTESIAN_POINT('',(8.623299719214E-14,-27.42553363126,
    36.960177215068));
#2788 = DIRECTION('',(1.,-5.643633708511E-16,-4.625929269271E-16));
#2789 = DIRECTION('',(4.903485025428E-16,-1.,6.291263806209E-16));
#2790 = ADVANCED_FACE('',(#2791),#2810,.F.);
#2791 = FACE_BOUND('',#2792,.F.);
#2792 = EDGE_LOOP('',(#2793,#2794,#2795,#2804));
#2793 = ORIENTED_EDGE('',*,*,#328,.F.);
#2794 = ORIENTED_EDGE('',*,*,#2721,.T.);
#2795 = ORIENTED_EDGE('',*,*,#2796,.T.);
#2796 = EDGE_CURVE('',#2722,#2797,#2799,.T.);
#2797 = VERTEX_POINT('',#2798);
#2798 = CARTESIAN_POINT('',(-11.,-27.30657875976,30.593471248207));
#2799 = CIRCLE('',#2800,3.);
#2800 = AXIS2_PLACEMENT_3D('',#2801,#2802,#2803);
#2801 = CARTESIAN_POINT('',(-11.,-24.87483604672,28.836591235917));
#2802 = DIRECTION('',(-1.,-1.387778780781E-16,-2.405483220021E-16));
#2803 = DIRECTION('',(1.387778780781E-16,-1.,4.533410683886E-16));
#2804 = ORIENTED_EDGE('',*,*,#2805,.F.);
#2805 = EDGE_CURVE('',#320,#2797,#2806,.T.);
#2806 = LINE('',#2807,#2808);
#2807 = CARTESIAN_POINT('',(-16.,-27.30657875976,30.593471248207));
#2808 = VECTOR('',#2809,1.);
#2809 = DIRECTION('',(1.,-3.885780586188E-16,-6.383782391595E-16));
#2810 = CYLINDRICAL_SURFACE('',#2811,3.);
#2811 = AXIS2_PLACEMENT_3D('',#2812,#2813,#2814);
#2812 = CARTESIAN_POINT('',(-16.,-24.87483604672,28.836591235917));
#2813 = DIRECTION('',(-1.,5.643633708511E-16,4.625929269271E-16));
#2814 = DIRECTION('',(4.903485025428E-16,-1.,6.291263806209E-16));
#2815 = ADVANCED_FACE('',(#2816),#2828,.T.);
#2816 = FACE_BOUND('',#2817,.T.);
#2817 = EDGE_LOOP('',(#2818,#2819,#2820,#2827));
#2818 = ORIENTED_EDGE('',*,*,#319,.F.);
#2819 = ORIENTED_EDGE('',*,*,#2771,.F.);
#2820 = ORIENTED_EDGE('',*,*,#2821,.T.);
#2821 = EDGE_CURVE('',#2772,#2797,#2822,.T.);
#2822 = CIRCLE('',#2823,7.);
#2823 = AXIS2_PLACEMENT_3D('',#2824,#2825,#2826);
#2824 = CARTESIAN_POINT('',(-11.,-32.98064509018,34.692857943551));
#2825 = DIRECTION('',(-1.,-1.387778780781E-16,-2.405483220021E-16));
#2826 = DIRECTION('',(1.387778780781E-16,-1.,4.533410683886E-16));
#2827 = ORIENTED_EDGE('',*,*,#2805,.F.);
#2828 = CYLINDRICAL_SURFACE('',#2829,7.);
#2829 = AXIS2_PLACEMENT_3D('',#2830,#2831,#2832);
#2830 = CARTESIAN_POINT('',(-16.,-32.98064509018,34.692857943551));
#2831 = DIRECTION('',(-1.,5.643633708511E-16,4.625929269271E-16));
#2832 = DIRECTION('',(4.903485025428E-16,-1.,6.291263806209E-16));
#2833 = ADVANCED_FACE('',(#2834),#2890,.F.);
#2834 = FACE_BOUND('',#2835,.T.);
#2835 = EDGE_LOOP('',(#2836,#2844,#2853,#2886,#2887,#2888,#2889));
#2836 = ORIENTED_EDGE('',*,*,#2837,.F.);
#2837 = EDGE_CURVE('',#2838,#1096,#2840,.T.);
#2838 = VERTEX_POINT('',#2839);
#2839 = CARTESIAN_POINT('',(15.,-21.5,11.744100490168));
#2840 = LINE('',#2841,#2842);
#2841 = CARTESIAN_POINT('',(15.,-21.5,11.744100490168));
#2842 = VECTOR('',#2843,1.);
#2843 = DIRECTION('',(0.766044443119,-1.096268008886E-15,0.642787609687)
  );
#2844 = ORIENTED_EDGE('',*,*,#2845,.T.);
#2845 = EDGE_CURVE('',#2838,#2846,#2848,.T.);
#2846 = VERTEX_POINT('',#2847);
#2847 = CARTESIAN_POINT('',(15.,-16.91330275229,4.932727782224));
#2848 = CIRCLE('',#2849,4.95);
#2849 = AXIS2_PLACEMENT_3D('',#2850,#2851,#2852);
#2850 = CARTESIAN_POINT('',(15.,-21.5,6.794100490168));
#2851 = DIRECTION('',(-1.,-6.661338147751E-16,-7.679042586991E-16));
#2852 = DIRECTION('',(-7.679042586991E-16,-1.013779408345E-15,1.));
#2853 = ORIENTED_EDGE('',*,*,#2854,.T.);
#2854 = EDGE_CURVE('',#2846,#1684,#2855,.T.);
#2855 = B_SPLINE_CURVE_WITH_KNOTS('',8,(#2856,#2857,#2858,#2859,#2860,
    #2861,#2862,#2863,#2864,#2865,#2866,#2867,#2868,#2869,#2870,#2871,
    #2872,#2873,#2874,#2875,#2876,#2877,#2878,#2879,#2880,#2881,#2882,
    #2883,#2884,#2885),.UNSPECIFIED.,.F.,.F.,(9,7,7,7,9),(0.,
    0.286434869537,0.805071751337,0.952907886536,1.),.UNSPECIFIED.);
#2856 = CARTESIAN_POINT('',(15.,-16.91330275239,4.932727781976));
#2857 = CARTESIAN_POINT('',(15.000000000024,-16.92617662748,
    4.901004652438));
#2858 = CARTESIAN_POINT('',(15.003515271204,-16.93656738086,
    4.868275360244));
#2859 = CARTESIAN_POINT('',(15.010545449432,-16.94424465676,
    4.835110529316));
#2860 = CARTESIAN_POINT('',(15.020829626005,-16.94920499366,
    4.80201943959));
#2861 = CARTESIAN_POINT('',(15.033975209472,-16.95158486919,
    4.769417313573));
#2862 = CARTESIAN_POINT('',(15.049553087452,-16.95159275369,
    4.737611545389));
#2863 = CARTESIAN_POINT('',(15.067159088468,-16.94946017254,
    4.706806872327));
#2864 = CARTESIAN_POINT('',(15.121356124908,-16.93808149944,
    4.623393763079));
#2865 = CARTESIAN_POINT('',(15.161747937163,-16.92447433528,
    4.573382695014));
#2866 = CARTESIAN_POINT('',(15.205910680618,-16.90585206369,
    4.527233432655));
#2867 = CARTESIAN_POINT('',(15.252687587922,-16.88308447757,
    4.484992506083));
#2868 = CARTESIAN_POINT('',(15.301209219385,-16.85687634488,
    4.446616736539));
#2869 = CARTESIAN_POINT('',(15.350903612171,-16.82772640416,
    4.412012917201));
#2870 = CARTESIAN_POINT('',(15.401424122219,-16.79595957328,
    4.381073320076));
#2871 = CARTESIAN_POINT('',(15.46722340127,-16.75193319527,
    4.345971898964));
#2872 = CARTESIAN_POINT('',(15.48186135717,-16.74197345428,
    4.338487194781));
#2873 = CARTESIAN_POINT('',(15.49653393129,-16.73182624192,
    4.331304409366));
#2874 = CARTESIAN_POINT('',(15.511233628212,-16.7214975832,
    4.324424447726));
#2875 = CARTESIAN_POINT('',(15.525953237324,-16.71099317246,
    4.317848642862));
#2876 = CARTESIAN_POINT('',(15.540685781657,-16.70031841624,
    4.311578752371));
#2877 = CARTESIAN_POINT('',(15.555424466722,-16.68947847623,
    4.305616955053));
#2878 = CARTESIAN_POINT('',(15.574857362647,-16.67497429069,
    4.298165728769));
#2879 = CARTESIAN_POINT('',(15.57955203729,-16.67145401558,4.29639713799
    ));
#2880 = CARTESIAN_POINT('',(15.584246436093,-16.66791764834,
    4.294660160093));
#2881 = CARTESIAN_POINT('',(15.588940342103,-16.66436534932,
    4.292954884735));
#2882 = CARTESIAN_POINT('',(15.5936335386,-16.66079727768,4.291281406303
    ));
#2883 = CARTESIAN_POINT('',(15.598325809097,-16.65721359132,
    4.289639823923));
#2884 = CARTESIAN_POINT('',(15.603016937339,-16.65361444693,
    4.288030241452));
#2885 = CARTESIAN_POINT('',(15.607706707307,-16.65,4.286452767481));
#2886 = ORIENTED_EDGE('',*,*,#1691,.F.);
#2887 = ORIENTED_EDGE('',*,*,#1122,.T.);
#2888 = ORIENTED_EDGE('',*,*,#1113,.T.);
#2889 = ORIENTED_EDGE('',*,*,#1104,.T.);
#2890 = CONICAL_SURFACE('',#2891,4.95,0.698131700798);
#2891 = AXIS2_PLACEMENT_3D('',#2892,#2893,#2894);
#2892 = CARTESIAN_POINT('',(15.,-21.5,6.794100490168));
#2893 = DIRECTION('',(1.,-3.885780586188E-16,-6.383782391595E-16));
#2894 = DIRECTION('',(-7.679042586991E-16,-1.013779408345E-15,1.));
#2895 = ADVANCED_FACE('',(#2896),#2957,.F.);
#2896 = FACE_BOUND('',#2897,.T.);
#2897 = EDGE_LOOP('',(#2898,#2907,#2908,#2909,#2910,#2911,#2938,#2950));
#2898 = ORIENTED_EDGE('',*,*,#2899,.T.);
#2899 = EDGE_CURVE('',#2900,#2838,#2902,.T.);
#2900 = VERTEX_POINT('',#2901);
#2901 = CARTESIAN_POINT('',(15.,-26.45,6.794100490168));
#2902 = CIRCLE('',#2903,4.95);
#2903 = AXIS2_PLACEMENT_3D('',#2904,#2905,#2906);
#2904 = CARTESIAN_POINT('',(15.,-21.5,6.794100490168));
#2905 = DIRECTION('',(-1.,-6.661338147751E-16,-7.679042586991E-16));
#2906 = DIRECTION('',(-7.679042586991E-16,-1.013779408345E-15,1.));
#2907 = ORIENTED_EDGE('',*,*,#2837,.T.);
#2908 = ORIENTED_EDGE('',*,*,#1095,.T.);
#2909 = ORIENTED_EDGE('',*,*,#1086,.T.);
#2910 = ORIENTED_EDGE('',*,*,#1997,.F.);
#2911 = ORIENTED_EDGE('',*,*,#2912,.T.);
#2912 = EDGE_CURVE('',#1998,#2913,#2915,.T.);
#2913 = VERTEX_POINT('',#2914);
#2914 = CARTESIAN_POINT('',(15.047956730849,-26.05,4.744710336976));
#2915 = B_SPLINE_CURVE_WITH_KNOTS('',6,(#2916,#2917,#2918,#2919,#2920,
    #2921,#2922,#2923,#2924,#2925,#2926,#2927,#2928,#2929,#2930,#2931,
    #2932,#2933,#2934,#2935,#2936,#2937),.UNSPECIFIED.,.F.,.F.,(7,5,5,5,
    7),(0.,5.921584347656E-02,0.492593205106,0.868788343088,1.),
  .UNSPECIFIED.);
#2916 = CARTESIAN_POINT('',(15.607706707307,-26.35,4.286452767481));
#2917 = CARTESIAN_POINT('',(15.601480395617,-26.34520132684,
    4.288547080143));
#2918 = CARTESIAN_POINT('',(15.595251570106,-26.34043097492,
    4.290700817633));
#2919 = CARTESIAN_POINT('',(15.58902082791,-26.33568937396,
    4.292913679777));
#2920 = CARTESIAN_POINT('',(15.582788767236,-26.33097695934,
    4.295185388116));
#2921 = CARTESIAN_POINT('',(15.576555987354,-26.32629417205,
    4.297515685909));
#2922 = CARTESIAN_POINT('',(15.524706965324,-26.28759008785,
    4.317385939985));
#2923 = CARTESIAN_POINT('',(15.479094819878,-26.25515729076,
    4.337989253965));
#2924 = CARTESIAN_POINT('',(15.433701755631,-26.22450151419,
    4.361626778658));
#2925 = CARTESIAN_POINT('',(15.38878223838,-26.19583035732,
    4.388272150417));
#2926 = CARTESIAN_POINT('',(15.344646653081,-26.16940119912,
    4.417931862841));
#2927 = CARTESIAN_POINT('',(15.264478303175,-26.12491975124,
    4.479112398563));
#2928 = CARTESIAN_POINT('',(15.228180219744,-26.10624203481,
    4.509844407538));
#2929 = CARTESIAN_POINT('',(15.193081590276,-26.08977441513,
    4.542950328088));
#2930 = CARTESIAN_POINT('',(15.159604937386,-26.07587237819,
    4.578482333564));
#2931 = CARTESIAN_POINT('',(15.128368786608,-26.0650111633,
    4.616427484253));
#2932 = CARTESIAN_POINT('',(15.090433513377,-26.0553030204,
    4.670695896507));
#2933 = CARTESIAN_POINT('',(15.081005409578,-26.05323909476,
    4.685003253699));
#2934 = CARTESIAN_POINT('',(15.071997425777,-26.05164804439,
    4.699575996799));
#2935 = CARTESIAN_POINT('',(15.063453942083,-26.05055860761,
    4.714399986975));
#2936 = CARTESIAN_POINT('',(15.055423450895,-26.05,4.729454352864));
#2937 = CARTESIAN_POINT('',(15.047956730849,-26.05,4.744710336976));
#2938 = ORIENTED_EDGE('',*,*,#2939,.T.);
#2939 = EDGE_CURVE('',#2913,#2940,#2942,.T.);
#2940 = VERTEX_POINT('',#2941);
#2941 = CARTESIAN_POINT('',(15.,-26.0866972477,4.932727782223));
#2942 = B_SPLINE_CURVE_WITH_KNOTS('',6,(#2943,#2944,#2945,#2946,#2947,
    #2948,#2949),.UNSPECIFIED.,.F.,.F.,(7,7),(0.,1.),
  .PIECEWISE_BEZIER_KNOTS.);
#2943 = CARTESIAN_POINT('',(15.047956730849,-26.05,4.744710336976));
#2944 = CARTESIAN_POINT('',(15.033032407704,-26.05,4.775203677476));
#2945 = CARTESIAN_POINT('',(15.020344595472,-26.05223169091,
    4.806534889812));
#2946 = CARTESIAN_POINT('',(15.010332859571,-26.05692457157,
    4.838422196504));
#2947 = CARTESIAN_POINT('',(15.003442229627,-26.06425789933,
    4.870457345752));
#2948 = CARTESIAN_POINT('',(14.999999988529,-26.07426464828,
    4.902092044403));
#2949 = CARTESIAN_POINT('',(15.,-26.08669729742,4.932727904726));
#2950 = ORIENTED_EDGE('',*,*,#2951,.T.);
#2951 = EDGE_CURVE('',#2940,#2900,#2952,.T.);
#2952 = CIRCLE('',#2953,4.95);
#2953 = AXIS2_PLACEMENT_3D('',#2954,#2955,#2956);
#2954 = CARTESIAN_POINT('',(15.,-21.5,6.794100490168));
#2955 = DIRECTION('',(-1.,-6.661338147751E-16,-7.679042586991E-16));
#2956 = DIRECTION('',(-7.679042586991E-16,-1.013779408345E-15,1.));
#2957 = CONICAL_SURFACE('',#2958,4.95,0.698131700798);
#2958 = AXIS2_PLACEMENT_3D('',#2959,#2960,#2961);
#2959 = CARTESIAN_POINT('',(15.,-21.5,6.794100490168));
#2960 = DIRECTION('',(1.,-3.885780586188E-16,-6.383782391595E-16));
#2961 = DIRECTION('',(-7.679042586991E-16,-1.013779408345E-15,1.));
#2962 = ADVANCED_FACE('',(#2963),#3021,.F.);
#2963 = FACE_BOUND('',#2964,.F.);
#2964 = EDGE_LOOP('',(#2965,#2973,#2982,#2994,#3019,#3020));
#2965 = ORIENTED_EDGE('',*,*,#2966,.F.);
#2966 = EDGE_CURVE('',#2967,#693,#2969,.T.);
#2967 = VERTEX_POINT('',#2968);
#2968 = CARTESIAN_POINT('',(15.,21.5,11.744100490168));
#2969 = LINE('',#2970,#2971);
#2970 = CARTESIAN_POINT('',(15.,21.5,11.744100490168));
#2971 = VECTOR('',#2972,1.);
#2972 = DIRECTION('',(0.766044443119,-4.677640982503E-16,0.642787609687)
  );
#2973 = ORIENTED_EDGE('',*,*,#2974,.T.);
#2974 = EDGE_CURVE('',#2967,#2975,#2977,.T.);
#2975 = VERTEX_POINT('',#2976);
#2976 = CARTESIAN_POINT('',(15.,16.913302752293,4.932727782224));
#2977 = CIRCLE('',#2978,4.95);
#2978 = AXIS2_PLACEMENT_3D('',#2979,#2980,#2981);
#2979 = CARTESIAN_POINT('',(15.,21.5,6.794100490168));
#2980 = DIRECTION('',(1.,9.251858538543E-17,4.810966440042E-16));
#2981 = DIRECTION('',(-4.810966440042E-16,7.177199351112E-16,1.));
#2982 = ORIENTED_EDGE('',*,*,#2983,.F.);
#2983 = EDGE_CURVE('',#2984,#2975,#2986,.T.);
#2984 = VERTEX_POINT('',#2985);
#2985 = CARTESIAN_POINT('',(15.047956730849,16.95,4.744710336976));
#2986 = B_SPLINE_CURVE_WITH_KNOTS('',6,(#2987,#2988,#2989,#2990,#2991,
    #2992,#2993),.UNSPECIFIED.,.F.,.F.,(7,7),(0.,1.),
  .PIECEWISE_BEZIER_KNOTS.);
#2987 = CARTESIAN_POINT('',(15.047956730849,16.95,4.744710336976));
#2988 = CARTESIAN_POINT('',(15.03303242418,16.95,4.775203643814));
#2989 = CARTESIAN_POINT('',(15.020344623565,16.947768314017,
    4.806534820472));
#2990 = CARTESIAN_POINT('',(15.010332892831,16.943075444011,
    4.838422090583));
#2991 = CARTESIAN_POINT('',(15.003442260108,16.93574213315,
    4.870457203938));
#2992 = CARTESIAN_POINT('',(15.000000007573,16.925735407047,
    4.902091869456));
#2993 = CARTESIAN_POINT('',(15.,16.913302785115,4.932727701347));
#2994 = ORIENTED_EDGE('',*,*,#2995,.F.);
#2995 = EDGE_CURVE('',#1198,#2984,#2996,.T.);
#2996 = B_SPLINE_CURVE_WITH_KNOTS('',6,(#2997,#2998,#2999,#3000,#3001,
    #3002,#3003,#3004,#3005,#3006,#3007,#3008,#3009,#3010,#3011,#3012,
    #3013,#3014,#3015,#3016,#3017,#3018),.UNSPECIFIED.,.F.,.F.,(7,5,5,5,
    7),(0.,5.921584347542E-02,0.492593205101,0.868788343082,1.),
  .UNSPECIFIED.);
#2997 = CARTESIAN_POINT('',(15.607706707306,16.65,4.286452767481));
#2998 = CARTESIAN_POINT('',(15.601480395618,16.654798673151,
    4.288547080143));
#2999 = CARTESIAN_POINT('',(15.595251570106,16.659569025078,
    4.290700817633));
#3000 = CARTESIAN_POINT('',(15.58902082791,16.664310626033,
    4.292913679776));
#3001 = CARTESIAN_POINT('',(15.582788767236,16.669023040651,
    4.295185388115));
#3002 = CARTESIAN_POINT('',(15.576555987355,16.673705827947,
    4.297515685909));
#3003 = CARTESIAN_POINT('',(15.524706965325,16.712409912149,
    4.317385939985));
#3004 = CARTESIAN_POINT('',(15.479094819879,16.744842709231,
    4.337989253964));
#3005 = CARTESIAN_POINT('',(15.433701755633,16.775498485806,
    4.361626778657));
#3006 = CARTESIAN_POINT('',(15.388782238382,16.804169642676,
    4.388272150416));
#3007 = CARTESIAN_POINT('',(15.344646653083,16.830598800873,
    4.41793186284));
#3008 = CARTESIAN_POINT('',(15.264478303178,16.875080248753,
    4.47911239856));
#3009 = CARTESIAN_POINT('',(15.228180219747,16.893757965185,
    4.509844407535));
#3010 = CARTESIAN_POINT('',(15.193081590279,16.910225584866,
    4.542950328085));
#3011 = CARTESIAN_POINT('',(15.159604937388,16.924127621804,
    4.578482333561));
#3012 = CARTESIAN_POINT('',(15.12836878661,16.93498883669,4.616427484249
    ));
#3013 = CARTESIAN_POINT('',(15.090433513379,16.944696979591,
    4.670695896504));
#3014 = CARTESIAN_POINT('',(15.08100540958,16.946760905233,
    4.685003253696));
#3015 = CARTESIAN_POINT('',(15.071997425778,16.948351955606,
    4.699575996797));
#3016 = CARTESIAN_POINT('',(15.063453942084,16.949441392385,
    4.714399986974));
#3017 = CARTESIAN_POINT('',(15.055423450895,16.95,4.729454352863));
#3018 = CARTESIAN_POINT('',(15.047956730849,16.95,4.744710336976));
#3019 = ORIENTED_EDGE('',*,*,#1197,.T.);
#3020 = ORIENTED_EDGE('',*,*,#692,.F.);
#3021 = CONICAL_SURFACE('',#3022,4.95,0.698131700798);
#3022 = AXIS2_PLACEMENT_3D('',#3023,#3024,#3025);
#3023 = CARTESIAN_POINT('',(15.,21.5,6.794100490168));
#3024 = DIRECTION('',(1.,-4.348373513115E-16,-4.625929269271E-17));
#3025 = DIRECTION('',(-4.810966440042E-16,7.177199351112E-16,1.));
#3026 = ADVANCED_FACE('',(#3027),#3083,.F.);
#3027 = FACE_BOUND('',#3028,.F.);
#3028 = EDGE_LOOP('',(#3029,#3038,#3039,#3040,#3041,#3076));
#3029 = ORIENTED_EDGE('',*,*,#3030,.T.);
#3030 = EDGE_CURVE('',#3031,#2967,#3033,.T.);
#3031 = VERTEX_POINT('',#3032);
#3032 = CARTESIAN_POINT('',(15.,26.45,6.794100490168));
#3033 = CIRCLE('',#3034,4.95);
#3034 = AXIS2_PLACEMENT_3D('',#3035,#3036,#3037);
#3035 = CARTESIAN_POINT('',(15.,21.5,6.794100490168));
#3036 = DIRECTION('',(1.,9.251858538543E-17,4.810966440042E-16));
#3037 = DIRECTION('',(-4.810966440042E-16,7.177199351112E-16,1.));
#3038 = ORIENTED_EDGE('',*,*,#2966,.T.);
#3039 = ORIENTED_EDGE('',*,*,#701,.F.);
#3040 = ORIENTED_EDGE('',*,*,#1556,.T.);
#3041 = ORIENTED_EDGE('',*,*,#3042,.F.);
#3042 = EDGE_CURVE('',#3043,#1549,#3045,.T.);
#3043 = VERTEX_POINT('',#3044);
#3044 = CARTESIAN_POINT('',(15.,26.086697247706,4.932727782223));
#3045 = B_SPLINE_CURVE_WITH_KNOTS('',8,(#3046,#3047,#3048,#3049,#3050,
    #3051,#3052,#3053,#3054,#3055,#3056,#3057,#3058,#3059,#3060,#3061,
    #3062,#3063,#3064,#3065,#3066,#3067,#3068,#3069,#3070,#3071,#3072,
    #3073,#3074,#3075),.UNSPECIFIED.,.F.,.F.,(9,7,7,7,9),(0.,
    0.286434869534,0.805071751328,0.952907886525,1.),.UNSPECIFIED.);
#3046 = CARTESIAN_POINT('',(15.,26.086697247611,4.932727781988));
#3047 = CARTESIAN_POINT('',(15.000000000023,26.07382337252,4.90100465245
    ));
#3048 = CARTESIAN_POINT('',(15.003515271202,26.063432619136,
    4.868275360257));
#3049 = CARTESIAN_POINT('',(15.010545449428,26.055755343239,
    4.835110529329));
#3050 = CARTESIAN_POINT('',(15.020829626001,26.050795006338,
    4.802019439603));
#3051 = CARTESIAN_POINT('',(15.033975209466,26.048415130808,
    4.769417313585));
#3052 = CARTESIAN_POINT('',(15.049553087446,26.048407246304,4.7376115454
    ));
#3053 = CARTESIAN_POINT('',(15.067159088461,26.050539827452,
    4.706806872338));
#3054 = CARTESIAN_POINT('',(15.1213561249,26.061918500556,4.623393763089
    ));
#3055 = CARTESIAN_POINT('',(15.161747937155,26.075525664708,
    4.573382695023));
#3056 = CARTESIAN_POINT('',(15.205910680608,26.094147936301,
    4.527233432665));
#3057 = CARTESIAN_POINT('',(15.252687587915,26.116915522423,
    4.484992506089));
#3058 = CARTESIAN_POINT('',(15.301209219373,26.143123655111,
    4.446616736547));
#3059 = CARTESIAN_POINT('',(15.350903612162,26.172273595834,
    4.412012917207));
#3060 = CARTESIAN_POINT('',(15.401424122209,26.204040426711,
    4.381073320082));
#3061 = CARTESIAN_POINT('',(15.46722340126,26.248066804715,
    4.345971898969));
#3062 = CARTESIAN_POINT('',(15.48186135716,26.25802654571,4.338487194786
    ));
#3063 = CARTESIAN_POINT('',(15.496533931281,26.268173758066,
    4.33130440937));
#3064 = CARTESIAN_POINT('',(15.511233628202,26.278502416785,
    4.32442444773));
#3065 = CARTESIAN_POINT('',(15.525953237314,26.289006827532,
    4.317848642866));
#3066 = CARTESIAN_POINT('',(15.540685781648,26.299681583745,
    4.311578752375));
#3067 = CARTESIAN_POINT('',(15.555424466713,26.31052152376,
    4.305616955057));
#3068 = CARTESIAN_POINT('',(15.574857362639,26.325025709298,
    4.298165728772));
#3069 = CARTESIAN_POINT('',(15.579552037283,26.328545984408,
    4.296397137992));
#3070 = CARTESIAN_POINT('',(15.584246436088,26.332082351655,
    4.294660160095));
#3071 = CARTESIAN_POINT('',(15.588940342099,26.335634650672,
    4.292954884736));
#3072 = CARTESIAN_POINT('',(15.593633538597,26.339202722318,
    4.291281406305));
#3073 = CARTESIAN_POINT('',(15.598325809095,26.342786408678,
    4.289639823924));
#3074 = CARTESIAN_POINT('',(15.603016937338,26.34638555306,
    4.288030241452));
#3075 = CARTESIAN_POINT('',(15.607706707307,26.35,4.286452767481));
#3076 = ORIENTED_EDGE('',*,*,#3077,.T.);
#3077 = EDGE_CURVE('',#3043,#3031,#3078,.T.);
#3078 = CIRCLE('',#3079,4.95);
#3079 = AXIS2_PLACEMENT_3D('',#3080,#3081,#3082);
#3080 = CARTESIAN_POINT('',(15.,21.5,6.794100490168));
#3081 = DIRECTION('',(1.,9.251858538543E-17,4.810966440042E-16));
#3082 = DIRECTION('',(-4.810966440042E-16,7.177199351112E-16,1.));
#3083 = CONICAL_SURFACE('',#3084,4.95,0.698131700798);
#3084 = AXIS2_PLACEMENT_3D('',#3085,#3086,#3087);
#3085 = CARTESIAN_POINT('',(15.,21.5,6.794100490168));
#3086 = DIRECTION('',(1.,-4.348373513115E-16,-4.625929269271E-17));
#3087 = DIRECTION('',(-4.810966440042E-16,7.177199351112E-16,1.));
#3088 = ADVANCED_FACE('',(#3089),#3118,.T.);
#3089 = FACE_BOUND('',#3090,.T.);
#3090 = EDGE_LOOP('',(#3091,#3092,#3100,#3109,#3116,#3117));
#3091 = ORIENTED_EDGE('',*,*,#1025,.T.);
#3092 = ORIENTED_EDGE('',*,*,#3093,.F.);
#3093 = EDGE_CURVE('',#3094,#1017,#3096,.T.);
#3094 = VERTEX_POINT('',#3095);
#3095 = CARTESIAN_POINT('',(11.,-32.71158472397,41.687685069316));
#3096 = LINE('',#3097,#3098);
#3097 = CARTESIAN_POINT('',(8.629359849221E-14,-32.71158472397,
    41.687685069316));
#3098 = VECTOR('',#3099,1.);
#3099 = DIRECTION('',(1.,-3.885780586188E-16,-6.383782391595E-16));
#3100 = ORIENTED_EDGE('',*,*,#3101,.F.);
#3101 = EDGE_CURVE('',#3102,#3094,#3104,.T.);
#3102 = VERTEX_POINT('',#3103);
#3103 = CARTESIAN_POINT('',(11.,-39.98064509018,34.692857943551));
#3104 = CIRCLE('',#3105,7.);
#3105 = AXIS2_PLACEMENT_3D('',#3106,#3107,#3108);
#3106 = CARTESIAN_POINT('',(11.,-32.98064509018,34.692857943551));
#3107 = DIRECTION('',(-1.,-1.387778780781E-16,-2.405483220021E-16));
#3108 = DIRECTION('',(1.387778780781E-16,-1.,4.533410683886E-16));
#3109 = ORIENTED_EDGE('',*,*,#3110,.F.);
#3110 = EDGE_CURVE('',#2246,#3102,#3111,.T.);
#3111 = CIRCLE('',#3112,7.);
#3112 = AXIS2_PLACEMENT_3D('',#3113,#3114,#3115);
#3113 = CARTESIAN_POINT('',(11.,-32.98064509018,34.692857943551));
#3114 = DIRECTION('',(-1.,-1.387778780781E-16,-2.405483220021E-16));
#3115 = DIRECTION('',(1.387778780781E-16,-1.,4.533410683886E-16));
#3116 = ORIENTED_EDGE('',*,*,#2253,.T.);
#3117 = ORIENTED_EDGE('',*,*,#1034,.T.);
#3118 = CYLINDRICAL_SURFACE('',#3119,7.);
#3119 = AXIS2_PLACEMENT_3D('',#3120,#3121,#3122);
#3120 = CARTESIAN_POINT('',(-16.,-32.98064509018,34.692857943551));
#3121 = DIRECTION('',(-1.,3.885780586188E-16,2.868076146948E-16));
#3122 = DIRECTION('',(3.145631903105E-16,-1.,4.533410683886E-16));
#3123 = ADVANCED_FACE('',(#3124),#3144,.T.);
#3124 = FACE_BOUND('',#3125,.F.);
#3125 = EDGE_LOOP('',(#3126,#3134,#3141,#3142,#3143));
#3126 = ORIENTED_EDGE('',*,*,#3127,.F.);
#3127 = EDGE_CURVE('',#3128,#763,#3130,.T.);
#3128 = VERTEX_POINT('',#3129);
#3129 = CARTESIAN_POINT('',(11.,32.711584723972,41.687685069316));
#3130 = LINE('',#3131,#3132);
#3131 = CARTESIAN_POINT('',(2.790301441799E-14,32.711584723971,
    41.687685069316));
#3132 = VECTOR('',#3133,1.);
#3133 = DIRECTION('',(1.,-1.045460014855E-15,-2.683038976177E-16));
#3134 = ORIENTED_EDGE('',*,*,#3135,.T.);
#3135 = EDGE_CURVE('',#3128,#1838,#3136,.T.);
#3136 = CIRCLE('',#3137,7.);
#3137 = AXIS2_PLACEMENT_3D('',#3138,#3139,#3140);
#3138 = CARTESIAN_POINT('',(11.,32.980645090185,34.692857943551));
#3139 = DIRECTION('',(-1.,-4.163336342344E-16,-2.164934898019E-15));
#3140 = DIRECTION('',(-4.163336342344E-16,1.,-2.868076146948E-15));
#3141 = ORIENTED_EDGE('',*,*,#1845,.T.);
#3142 = ORIENTED_EDGE('',*,*,#753,.T.);
#3143 = ORIENTED_EDGE('',*,*,#762,.T.);
#3144 = CYLINDRICAL_SURFACE('',#3145,7.);
#3145 = AXIS2_PLACEMENT_3D('',#3146,#3147,#3148);
#3146 = CARTESIAN_POINT('',(-16.,32.980645090185,34.692857943551));
#3147 = DIRECTION('',(-1.,2.22044604925E-15,4.718447854657E-16));
#3148 = DIRECTION('',(-1.646830819861E-15,1.,-3.395432083645E-15));
#3149 = ADVANCED_FACE('',(#3150),#3169,.T.);
#3150 = FACE_BOUND('',#3151,.F.);
#3151 = EDGE_LOOP('',(#3152,#3153,#3162,#3168));
#3152 = ORIENTED_EDGE('',*,*,#3093,.F.);
#3153 = ORIENTED_EDGE('',*,*,#3154,.F.);
#3154 = EDGE_CURVE('',#3155,#3094,#3157,.T.);
#3155 = VERTEX_POINT('',#3156);
#3156 = CARTESIAN_POINT('',(11.,-31.93086987485,40.114847614999));
#3157 = CIRCLE('',#3158,1.);
#3158 = AXIS2_PLACEMENT_3D('',#3159,#3160,#3161);
#3159 = CARTESIAN_POINT('',(11.,-32.75002191914,40.68842405135));
#3160 = DIRECTION('',(1.,1.387778780781E-16,2.405483220021E-16));
#3161 = DIRECTION('',(1.387778780781E-16,-1.,4.533410683886E-16));
#3162 = ORIENTED_EDGE('',*,*,#3163,.F.);
#3163 = EDGE_CURVE('',#1009,#3155,#3164,.T.);
#3164 = LINE('',#3165,#3166);
#3165 = CARTESIAN_POINT('',(8.546515251649E-14,-31.93086987485,
    40.114847614999));
#3166 = VECTOR('',#3167,1.);
#3167 = DIRECTION('',(-1.,3.885780586188E-16,6.383782391595E-16));
#3168 = ORIENTED_EDGE('',*,*,#1016,.T.);
#3169 = CYLINDRICAL_SURFACE('',#3170,1.);
#3170 = AXIS2_PLACEMENT_3D('',#3171,#3172,#3173);
#3171 = CARTESIAN_POINT('',(8.532554439365E-14,-32.75002191914,
    40.68842405135));
#3172 = DIRECTION('',(1.,-5.643633708511E-16,-4.625929269271E-16));
#3173 = DIRECTION('',(4.903485025428E-16,-1.,6.291263806209E-16));
#3174 = ADVANCED_FACE('',(#3175),#3193,.F.);
#3175 = FACE_BOUND('',#3176,.T.);
#3176 = EDGE_LOOP('',(#3177,#3185,#3191,#3192));
#3177 = ORIENTED_EDGE('',*,*,#3178,.F.);
#3178 = EDGE_CURVE('',#3179,#1000,#3181,.T.);
#3179 = VERTEX_POINT('',#3180);
#3180 = CARTESIAN_POINT('',(11.,-33.49117456909,37.886501576014));
#3181 = LINE('',#3182,#3183);
#3182 = CARTESIAN_POINT('',(8.920070285942E-14,-33.49117456909,
    37.886501576014));
#3183 = VECTOR('',#3184,1.);
#3184 = DIRECTION('',(1.,-3.885780586188E-16,-6.383782391595E-16));
#3185 = ORIENTED_EDGE('',*,*,#3186,.F.);
#3186 = EDGE_CURVE('',#3155,#3179,#3187,.T.);
#3187 = LINE('',#3188,#3189);
#3188 = CARTESIAN_POINT('',(11.,-33.00028583733,38.587563339811));
#3189 = VECTOR('',#3190,1.);
#3190 = DIRECTION('',(-1.134442527142E-17,-0.573576436351,
    -0.819152044289));
#3191 = ORIENTED_EDGE('',*,*,#3163,.F.);
#3192 = ORIENTED_EDGE('',*,*,#1008,.T.);
#3193 = PLANE('',#3194);
#3194 = AXIS2_PLACEMENT_3D('',#3195,#3196,#3197);
#3195 = CARTESIAN_POINT('',(9.882100820893E-14,-32.71102222197,
    39.000674595506));
#3196 = DIRECTION('',(1.155362336492E-16,-0.819152044289,0.573576436351)
  );
#3197 = DIRECTION('',(9.747093244175E-16,-0.573576436351,-0.819152044289
    ));
#3198 = ADVANCED_FACE('',(#3199),#3218,.T.);
#3199 = FACE_BOUND('',#3200,.T.);
#3200 = EDGE_LOOP('',(#3201,#3202,#3211,#3217));
#3201 = ORIENTED_EDGE('',*,*,#3127,.F.);
#3202 = ORIENTED_EDGE('',*,*,#3203,.T.);
#3203 = EDGE_CURVE('',#3128,#3204,#3206,.T.);
#3204 = VERTEX_POINT('',#3205);
#3205 = CARTESIAN_POINT('',(11.,31.930869874856,40.114847614999));
#3206 = CIRCLE('',#3207,1.);
#3207 = AXIS2_PLACEMENT_3D('',#3208,#3209,#3210);
#3208 = CARTESIAN_POINT('',(11.,32.750021919145,40.68842405135));
#3209 = DIRECTION('',(1.,7.123931074678E-16,1.489549224705E-15));
#3210 = DIRECTION('',(-7.123931074678E-16,1.,-1.489549224705E-15));
#3211 = ORIENTED_EDGE('',*,*,#3212,.F.);
#3212 = EDGE_CURVE('',#772,#3204,#3213,.T.);
#3213 = LINE('',#3214,#3215);
#3214 = CARTESIAN_POINT('',(2.887211518512E-14,31.930869874856,
    40.114847614999));
#3215 = VECTOR('',#3216,1.);
#3216 = DIRECTION('',(-1.,1.045460014855E-15,2.683038976177E-16));
#3217 = ORIENTED_EDGE('',*,*,#771,.F.);
#3218 = CYLINDRICAL_SURFACE('',#3219,1.);
#3219 = AXIS2_PLACEMENT_3D('',#3220,#3221,#3222);
#3220 = CARTESIAN_POINT('',(2.743418657872E-14,32.750021919145,
    40.68842405135));
#3221 = DIRECTION('',(1.,-8.69674702623E-16,-9.251858538543E-17));
#3222 = DIRECTION('',(-7.123931074678E-16,1.,-1.489549224705E-15));
#3223 = ADVANCED_FACE('',(#3224),#3243,.T.);
#3224 = FACE_BOUND('',#3225,.F.);
#3225 = EDGE_LOOP('',(#3226,#3227,#3236,#3242));
#3226 = ORIENTED_EDGE('',*,*,#3178,.F.);
#3227 = ORIENTED_EDGE('',*,*,#3228,.F.);
#3228 = EDGE_CURVE('',#3229,#3179,#3231,.T.);
#3229 = VERTEX_POINT('',#3230);
#3230 = CARTESIAN_POINT('',(11.,-33.77295816053,37.689896481601));
#3231 = CIRCLE('',#3232,0.5);
#3232 = AXIS2_PLACEMENT_3D('',#3233,#3234,#3235);
#3233 = CARTESIAN_POINT('',(11.,-33.90075059123,38.173289794189));
#3234 = DIRECTION('',(1.,1.387778780781E-16,2.405483220021E-16));
#3235 = DIRECTION('',(1.387778780781E-16,-1.,4.533410683886E-16));
#3236 = ORIENTED_EDGE('',*,*,#3237,.F.);
#3237 = EDGE_CURVE('',#991,#3229,#3238,.T.);
#3238 = LINE('',#3239,#3240);
#3239 = CARTESIAN_POINT('',(8.865681884353E-14,-33.77295816053,
    37.689896481601));
#3240 = VECTOR('',#3241,1.);
#3241 = DIRECTION('',(-1.,3.885780586188E-16,6.383782391595E-16));
#3242 = ORIENTED_EDGE('',*,*,#999,.T.);
#3243 = CYLINDRICAL_SURFACE('',#3244,0.5);
#3244 = AXIS2_PLACEMENT_3D('',#3245,#3246,#3247);
#3245 = CARTESIAN_POINT('',(8.826330844282E-14,-33.90075059123,
    38.173289794189));
#3246 = DIRECTION('',(1.,-5.643633708511E-16,-4.625929269271E-16));
#3247 = DIRECTION('',(4.903485025428E-16,-1.,6.291263806209E-16));
#3248 = ADVANCED_FACE('',(#3249),#3267,.F.);
#3249 = FACE_BOUND('',#3250,.F.);
#3250 = EDGE_LOOP('',(#3251,#3259,#3265,#3266));
#3251 = ORIENTED_EDGE('',*,*,#3252,.F.);
#3252 = EDGE_CURVE('',#3253,#781,#3255,.T.);
#3253 = VERTEX_POINT('',#3254);
#3254 = CARTESIAN_POINT('',(11.,33.491174569093,37.886501576014));
#3255 = LINE('',#3256,#3257);
#3256 = CARTESIAN_POINT('',(3.194738634532E-14,33.491174569093,
    37.886501576014));
#3257 = VECTOR('',#3258,1.);
#3258 = DIRECTION('',(1.,-1.045460014855E-15,-2.683038976177E-16));
#3259 = ORIENTED_EDGE('',*,*,#3260,.T.);
#3260 = EDGE_CURVE('',#3253,#3204,#3261,.T.);
#3261 = LINE('',#3262,#3263);
#3262 = CARTESIAN_POINT('',(11.,33.000285837332,38.587563339811));
#3263 = VECTOR('',#3264,1.);
#3264 = DIRECTION('',(-8.957306322556E-16,-0.573576436351,0.819152044289
    ));
#3265 = ORIENTED_EDGE('',*,*,#3212,.F.);
#3266 = ORIENTED_EDGE('',*,*,#780,.F.);
#3267 = PLANE('',#3268);
#3268 = AXIS2_PLACEMENT_3D('',#3269,#3270,#3271);
#3269 = CARTESIAN_POINT('',(4.189783128619E-14,32.711022221974,
    39.000674595506));
#3270 = DIRECTION('',(-1.182784249902E-15,0.819152044289,0.573576436351)
  );
#3271 = DIRECTION('',(-7.319871291804E-16,-0.573576436351,0.819152044289
    ));
#3272 = ADVANCED_FACE('',(#3273),#3304,.F.);
#3273 = FACE_BOUND('',#3274,.T.);
#3274 = EDGE_LOOP('',(#3275,#3284,#3285,#3286,#3287,#3288,#3289,#3297));
#3275 = ORIENTED_EDGE('',*,*,#3276,.F.);
#3276 = EDGE_CURVE('',#3229,#3277,#3279,.T.);
#3277 = VERTEX_POINT('',#3278);
#3278 = CARTESIAN_POINT('',(11.,-35.96489301522,35.53206252046));
#3279 = CIRCLE('',#3280,3.1);
#3280 = AXIS2_PLACEMENT_3D('',#3281,#3282,#3283);
#3281 = CARTESIAN_POINT('',(11.,-32.98064509018,34.692857943551));
#3282 = DIRECTION('',(1.,1.387778780781E-16,2.405483220021E-16));
#3283 = DIRECTION('',(6.847688448522E-17,-0.96266062098,0.270711153841)
  );
#3284 = ORIENTED_EDGE('',*,*,#3237,.F.);
#3285 = ORIENTED_EDGE('',*,*,#990,.T.);
#3286 = ORIENTED_EDGE('',*,*,#981,.T.);
#3287 = ORIENTED_EDGE('',*,*,#972,.T.);
#3288 = ORIENTED_EDGE('',*,*,#963,.T.);
#3289 = ORIENTED_EDGE('',*,*,#3290,.F.);
#3290 = EDGE_CURVE('',#3291,#955,#3293,.T.);
#3291 = VERTEX_POINT('',#3292);
#3292 = CARTESIAN_POINT('',(11.,-29.89336306188,34.973374748327));
#3293 = LINE('',#3294,#3295);
#3294 = CARTESIAN_POINT('',(8.789655412427E-14,-29.89336306188,
    34.973374748327));
#3295 = VECTOR('',#3296,1.);
#3296 = DIRECTION('',(1.,-3.885780586188E-16,-6.383782391595E-16));
#3297 = ORIENTED_EDGE('',*,*,#3298,.F.);
#3298 = EDGE_CURVE('',#3277,#3291,#3299,.T.);
#3299 = CIRCLE('',#3300,3.1);
#3300 = AXIS2_PLACEMENT_3D('',#3301,#3302,#3303);
#3301 = CARTESIAN_POINT('',(11.,-32.98064509018,34.692857943551));
#3302 = DIRECTION('',(1.,1.387778780781E-16,2.405483220021E-16));
#3303 = DIRECTION('',(6.847688448522E-17,-0.96266062098,0.270711153841)
  );
#3304 = CYLINDRICAL_SURFACE('',#3305,3.1);
#3305 = AXIS2_PLACEMENT_3D('',#3306,#3307,#3308);
#3306 = CARTESIAN_POINT('',(9.020326212301E-14,-32.98064509018,
    34.692857943551));
#3307 = DIRECTION('',(1.,-3.885780586188E-16,-2.868076146948E-16));
#3308 = DIRECTION('',(9.493734820964E-17,-0.96266062098,0.270711153841)
  );
#3309 = ADVANCED_FACE('',(#3310),#3329,.T.);
#3310 = FACE_BOUND('',#3311,.T.);
#3311 = EDGE_LOOP('',(#3312,#3313,#3322,#3328));
#3312 = ORIENTED_EDGE('',*,*,#3252,.F.);
#3313 = ORIENTED_EDGE('',*,*,#3314,.T.);
#3314 = EDGE_CURVE('',#3253,#3315,#3317,.T.);
#3315 = VERTEX_POINT('',#3316);
#3316 = CARTESIAN_POINT('',(11.,33.772958160536,37.689896481601));
#3317 = CIRCLE('',#3318,0.5);
#3318 = AXIS2_PLACEMENT_3D('',#3319,#3320,#3321);
#3319 = CARTESIAN_POINT('',(11.,33.900750591237,38.173289794189));
#3320 = DIRECTION('',(1.,7.123931074678E-16,1.489549224705E-15));
#3321 = DIRECTION('',(-7.123931074678E-16,1.,-1.489549224705E-15));
#3322 = ORIENTED_EDGE('',*,*,#3323,.F.);
#3323 = EDGE_CURVE('',#789,#3315,#3324,.T.);
#3324 = LINE('',#3325,#3326);
#3325 = CARTESIAN_POINT('',(3.117190826776E-14,33.772958160536,
    37.689896481601));
#3326 = VECTOR('',#3327,1.);
#3327 = DIRECTION('',(-1.,1.045460014855E-15,2.683038976177E-16));
#3328 = ORIENTED_EDGE('',*,*,#788,.F.);
#3329 = CYLINDRICAL_SURFACE('',#3330,0.5);
#3330 = AXIS2_PLACEMENT_3D('',#3331,#3332,#3333);
#3331 = CARTESIAN_POINT('',(3.036083168694E-14,33.900750591237,
    38.173289794189));
#3332 = DIRECTION('',(1.,-8.69674702623E-16,-9.251858538543E-17));
#3333 = DIRECTION('',(-7.123931074678E-16,1.,-1.489549224705E-15));
#3334 = ADVANCED_FACE('',(#3335),#3364,.F.);
#3335 = FACE_BOUND('',#3336,.F.);
#3336 = EDGE_LOOP('',(#3337,#3338,#3339,#3340,#3348,#3357));
#3337 = ORIENTED_EDGE('',*,*,#3323,.F.);
#3338 = ORIENTED_EDGE('',*,*,#797,.F.);
#3339 = ORIENTED_EDGE('',*,*,#806,.F.);
#3340 = ORIENTED_EDGE('',*,*,#3341,.F.);
#3341 = EDGE_CURVE('',#3342,#807,#3344,.T.);
#3342 = VERTEX_POINT('',#3343);
#3343 = CARTESIAN_POINT('',(11.,29.893363061889,34.973374748327));
#3344 = LINE('',#3345,#3346);
#3345 = CARTESIAN_POINT('',(3.656063361642E-14,29.893363061889,
    34.973374748327));
#3346 = VECTOR('',#3347,1.);
#3347 = DIRECTION('',(1.,-1.045460014855E-15,-2.683038976177E-16));
#3348 = ORIENTED_EDGE('',*,*,#3349,.T.);
#3349 = EDGE_CURVE('',#3342,#3350,#3352,.T.);
#3350 = VERTEX_POINT('',#3351);
#3351 = CARTESIAN_POINT('',(11.,35.964893015224,35.53206252046));
#3352 = CIRCLE('',#3353,3.1);
#3353 = AXIS2_PLACEMENT_3D('',#3354,#3355,#3356);
#3354 = CARTESIAN_POINT('',(11.,32.980645090185,34.692857943551));
#3355 = DIRECTION('',(1.,8.049116928532E-16,1.97064586871E-15));
#3356 = DIRECTION('',(-1.308332607007E-15,0.96266062098,0.270711153841)
  );
#3357 = ORIENTED_EDGE('',*,*,#3358,.T.);
#3358 = EDGE_CURVE('',#3350,#3315,#3359,.T.);
#3359 = CIRCLE('',#3360,3.1);
#3360 = AXIS2_PLACEMENT_3D('',#3361,#3362,#3363);
#3361 = CARTESIAN_POINT('',(11.,32.980645090185,34.692857943551));
#3362 = DIRECTION('',(1.,8.049116928532E-16,1.97064586871E-15));
#3363 = DIRECTION('',(-1.308332607007E-15,0.96266062098,0.270711153841)
  );
#3364 = CYLINDRICAL_SURFACE('',#3365,3.1);
#3365 = AXIS2_PLACEMENT_3D('',#3366,#3367,#3368);
#3366 = CARTESIAN_POINT('',(1.972726185724E-14,32.980645090185,
    34.692857943551));
#3367 = DIRECTION('',(1.,-1.128726741702E-15,3.700743415417E-17));
#3368 = DIRECTION('',(-1.308332607007E-15,0.96266062098,0.270711153841)
  );
#3369 = ADVANCED_FACE('',(#3370),#3389,.T.);
#3370 = FACE_BOUND('',#3371,.T.);
#3371 = EDGE_LOOP('',(#3372,#3373,#3382,#3388));
#3372 = ORIENTED_EDGE('',*,*,#3341,.F.);
#3373 = ORIENTED_EDGE('',*,*,#3374,.T.);
#3374 = EDGE_CURVE('',#3342,#3375,#3377,.T.);
#3375 = VERTEX_POINT('',#3376);
#3376 = CARTESIAN_POINT('',(11.,29.804990369793,35.305407612434));
#3377 = CIRCLE('',#3378,0.5);
#3378 = AXIS2_PLACEMENT_3D('',#3379,#3380,#3381);
#3379 = CARTESIAN_POINT('',(11.,29.395414347648,35.018619394259));
#3380 = DIRECTION('',(1.,7.123931074678E-16,1.489549224705E-15));
#3381 = DIRECTION('',(-7.123931074678E-16,1.,-1.489549224705E-15));
#3382 = ORIENTED_EDGE('',*,*,#3383,.F.);
#3383 = EDGE_CURVE('',#816,#3375,#3384,.T.);
#3384 = LINE('',#3385,#3386);
#3385 = CARTESIAN_POINT('',(3.755047471892E-14,29.804990369793,
    35.305407612434));
#3386 = VECTOR('',#3387,1.);
#3387 = DIRECTION('',(-1.,1.045460014855E-15,2.683038976177E-16));
#3388 = ORIENTED_EDGE('',*,*,#815,.F.);
#3389 = CYLINDRICAL_SURFACE('',#3390,0.5);
#3390 = AXIS2_PLACEMENT_3D('',#3391,#3392,#3393);
#3391 = CARTESIAN_POINT('',(3.826943902212E-14,29.395414347648,
    35.018619394259));
#3392 = DIRECTION('',(1.,-8.69674702623E-16,-9.251858538543E-17));
#3393 = DIRECTION('',(-7.123931074678E-16,1.,-1.489549224705E-15));
#3394 = ADVANCED_FACE('',(#3395),#3414,.T.);
#3395 = FACE_BOUND('',#3396,.F.);
#3396 = EDGE_LOOP('',(#3397,#3398,#3407,#3413));
#3397 = ORIENTED_EDGE('',*,*,#3290,.F.);
#3398 = ORIENTED_EDGE('',*,*,#3399,.F.);
#3399 = EDGE_CURVE('',#3400,#3291,#3402,.T.);
#3400 = VERTEX_POINT('',#3401);
#3401 = CARTESIAN_POINT('',(11.,-29.80499036979,35.305407612434));
#3402 = CIRCLE('',#3403,0.5);
#3403 = AXIS2_PLACEMENT_3D('',#3404,#3405,#3406);
#3404 = CARTESIAN_POINT('',(11.,-29.39541434764,35.018619394259));
#3405 = DIRECTION('',(1.,1.387778780781E-16,2.405483220021E-16));
#3406 = DIRECTION('',(1.387778780781E-16,-1.,4.533410683886E-16));
#3407 = ORIENTED_EDGE('',*,*,#3408,.F.);
#3408 = EDGE_CURVE('',#947,#3400,#3409,.T.);
#3409 = LINE('',#3410,#3411);
#3410 = CARTESIAN_POINT('',(8.896134905704E-14,-29.80499036979,
    35.305407612434));
#3411 = VECTOR('',#3412,1.);
#3412 = DIRECTION('',(-1.,3.885780586188E-16,6.383782391595E-16));
#3413 = ORIENTED_EDGE('',*,*,#954,.T.);
#3414 = CYLINDRICAL_SURFACE('',#3415,0.5);
#3415 = AXIS2_PLACEMENT_3D('',#3416,#3417,#3418);
#3416 = CARTESIAN_POINT('',(8.903115311846E-14,-29.39541434764,
    35.018619394259));
#3417 = DIRECTION('',(1.,-5.643633708511E-16,-4.625929269271E-16));
#3418 = DIRECTION('',(4.903485025428E-16,-1.,6.291263806209E-16));
#3419 = ADVANCED_FACE('',(#3420),#3438,.F.);
#3420 = FACE_BOUND('',#3421,.F.);
#3421 = EDGE_LOOP('',(#3422,#3430,#3436,#3437));
#3422 = ORIENTED_EDGE('',*,*,#3423,.F.);
#3423 = EDGE_CURVE('',#3424,#825,#3426,.T.);
#3424 = VERTEX_POINT('',#3425);
#3425 = CARTESIAN_POINT('',(11.,28.244685675555,37.533753651419));
#3426 = LINE('',#3427,#3428);
#3427 = CARTESIAN_POINT('',(3.42418570844E-14,28.244685675555,
    37.533753651419));
#3428 = VECTOR('',#3429,1.);
#3429 = DIRECTION('',(1.,-1.045460014855E-15,-2.683038976177E-16));
#3430 = ORIENTED_EDGE('',*,*,#3431,.T.);
#3431 = EDGE_CURVE('',#3424,#3375,#3432,.T.);
#3432 = LINE('',#3433,#3434);
#3433 = CARTESIAN_POINT('',(11.,29.314101638031,36.006469376231));
#3434 = VECTOR('',#3435,1.);
#3435 = DIRECTION('',(8.957306322556E-16,0.573576436351,-0.819152044289)
  );
#3436 = ORIENTED_EDGE('',*,*,#3383,.F.);
#3437 = ORIENTED_EDGE('',*,*,#824,.F.);
#3438 = PLANE('',#3439);
#3439 = AXIS2_PLACEMENT_3D('',#3440,#3441,#3442);
#3440 = CARTESIAN_POINT('',(4.162657331357E-14,29.024838022674,
    36.419580631927));
#3441 = DIRECTION('',(1.192935658824E-15,-0.819152044289,-0.573576436351
    ));
#3442 = DIRECTION('',(7.319871291804E-16,0.573576436351,-0.819152044289)
  );
#3443 = ADVANCED_FACE('',(#3444),#3462,.F.);
#3444 = FACE_BOUND('',#3445,.T.);
#3445 = EDGE_LOOP('',(#3446,#3454,#3460,#3461));
#3446 = ORIENTED_EDGE('',*,*,#3447,.F.);
#3447 = EDGE_CURVE('',#3448,#938,#3450,.T.);
#3448 = VERTEX_POINT('',#3449);
#3449 = CARTESIAN_POINT('',(11.,-28.24468567555,37.533753651419));
#3450 = LINE('',#3451,#3452);
#3451 = CARTESIAN_POINT('',(8.49924522398E-14,-28.24468567555,
    37.533753651419));
#3452 = VECTOR('',#3453,1.);
#3453 = DIRECTION('',(1.,-3.885780586188E-16,-6.383782391595E-16));
#3454 = ORIENTED_EDGE('',*,*,#3455,.F.);
#3455 = EDGE_CURVE('',#3400,#3448,#3456,.T.);
#3456 = LINE('',#3457,#3458);
#3457 = CARTESIAN_POINT('',(11.,-29.31410163803,36.006469376231));
#3458 = VECTOR('',#3459,1.);
#3459 = DIRECTION('',(1.134442527142E-17,0.573576436351,0.819152044289)
  );
#3460 = ORIENTED_EDGE('',*,*,#3408,.F.);
#3461 = ORIENTED_EDGE('',*,*,#946,.T.);
#3462 = PLANE('',#3463);
#3463 = AXIS2_PLACEMENT_3D('',#3464,#3465,#3466);
#3464 = CARTESIAN_POINT('',(9.270730806033E-14,-29.02483802267,
    36.419580631927));
#3465 = DIRECTION('',(-1.053848247273E-16,0.819152044289,-0.573576436351
    ));
#3466 = DIRECTION('',(-9.747093244175E-16,0.573576436351,0.819152044289)
  );
#3467 = ADVANCED_FACE('',(#3468),#3487,.T.);
#3468 = FACE_BOUND('',#3469,.T.);
#3469 = EDGE_LOOP('',(#3470,#3471,#3480,#3486));
#3470 = ORIENTED_EDGE('',*,*,#3423,.F.);
#3471 = ORIENTED_EDGE('',*,*,#3472,.T.);
#3472 = EDGE_CURVE('',#3424,#3473,#3475,.T.);
#3473 = VERTEX_POINT('',#3474);
#3474 = CARTESIAN_POINT('',(11.,26.499681721447,37.338063760321));
#3475 = CIRCLE('',#3476,1.);
#3476 = AXIS2_PLACEMENT_3D('',#3477,#3478,#3479);
#3477 = CARTESIAN_POINT('',(11.,27.425533631266,36.960177215068));
#3478 = DIRECTION('',(1.,7.123931074678E-16,1.489549224705E-15));
#3479 = DIRECTION('',(-7.123931074678E-16,1.,-1.489549224705E-15));
#3480 = ORIENTED_EDGE('',*,*,#3481,.F.);
#3481 = EDGE_CURVE('',#833,#3473,#3482,.T.);
#3482 = LINE('',#3483,#3484);
#3483 = CARTESIAN_POINT('',(3.687741242888E-14,26.499681721447,
    37.338063760321));
#3484 = VECTOR('',#3485,1.);
#3485 = DIRECTION('',(-1.,1.045460014855E-15,2.683038976177E-16));
#3486 = ORIENTED_EDGE('',*,*,#832,.F.);
#3487 = CYLINDRICAL_SURFACE('',#3488,1.);
#3488 = AXIS2_PLACEMENT_3D('',#3489,#3490,#3491);
#3489 = CARTESIAN_POINT('',(3.678072252029E-14,27.425533631266,
    36.960177215068));
#3490 = DIRECTION('',(1.,-8.69674702623E-16,-9.251858538543E-17));
#3491 = DIRECTION('',(-7.123931074678E-16,1.,-1.489549224705E-15));
#3492 = ADVANCED_FACE('',(#3493),#3512,.T.);
#3493 = FACE_BOUND('',#3494,.F.);
#3494 = EDGE_LOOP('',(#3495,#3496,#3505,#3511));
#3495 = ORIENTED_EDGE('',*,*,#3447,.F.);
#3496 = ORIENTED_EDGE('',*,*,#3497,.F.);
#3497 = EDGE_CURVE('',#3498,#3448,#3500,.T.);
#3498 = VERTEX_POINT('',#3499);
#3499 = CARTESIAN_POINT('',(11.,-26.49968172144,37.338063760321));
#3500 = CIRCLE('',#3501,1.);
#3501 = AXIS2_PLACEMENT_3D('',#3502,#3503,#3504);
#3502 = CARTESIAN_POINT('',(11.,-27.42553363126,36.960177215068));
#3503 = DIRECTION('',(1.,1.387778780781E-16,2.405483220021E-16));
#3504 = DIRECTION('',(1.387778780781E-16,-1.,4.533410683886E-16));
#3505 = ORIENTED_EDGE('',*,*,#3506,.F.);
#3506 = EDGE_CURVE('',#929,#3498,#3507,.T.);
#3507 = LINE('',#3508,#3509);
#3508 = CARTESIAN_POINT('',(8.542239950283E-14,-26.49968172144,
    37.338063760321));
#3509 = VECTOR('',#3510,1.);
#3510 = DIRECTION('',(-1.,3.885780586188E-16,6.383782391595E-16));
#3511 = ORIENTED_EDGE('',*,*,#937,.T.);
#3512 = CYLINDRICAL_SURFACE('',#3513,1.);
#3513 = AXIS2_PLACEMENT_3D('',#3514,#3515,#3516);
#3514 = CARTESIAN_POINT('',(8.623299719214E-14,-27.42553363126,
    36.960177215068));
#3515 = DIRECTION('',(1.,-5.643633708511E-16,-4.625929269271E-16));
#3516 = DIRECTION('',(4.903485025428E-16,-1.,6.291263806209E-16));
#3517 = ADVANCED_FACE('',(#3518),#3537,.T.);
#3518 = FACE_BOUND('',#3519,.F.);
#3519 = EDGE_LOOP('',(#3520,#3528,#3535,#3536));
#3520 = ORIENTED_EDGE('',*,*,#3521,.F.);
#3521 = EDGE_CURVE('',#3522,#842,#3524,.T.);
#3522 = VERTEX_POINT('',#3523);
#3523 = CARTESIAN_POINT('',(11.,27.306578759763,30.593471248207));
#3524 = LINE('',#3525,#3526);
#3525 = CARTESIAN_POINT('',(-16.,27.306578759763,30.593471248207));
#3526 = VECTOR('',#3527,1.);
#3527 = DIRECTION('',(1.,-2.266705341943E-15,-7.123931074678E-16));
#3528 = ORIENTED_EDGE('',*,*,#3529,.T.);
#3529 = EDGE_CURVE('',#3522,#3473,#3530,.T.);
#3530 = CIRCLE('',#3531,7.);
#3531 = AXIS2_PLACEMENT_3D('',#3532,#3533,#3534);
#3532 = CARTESIAN_POINT('',(11.,32.980645090185,34.692857943551));
#3533 = DIRECTION('',(-1.,-4.163336342344E-16,-2.164934898019E-15));
#3534 = DIRECTION('',(-4.163336342344E-16,1.,-2.868076146948E-15));
#3535 = ORIENTED_EDGE('',*,*,#3481,.F.);
#3536 = ORIENTED_EDGE('',*,*,#841,.T.);
#3537 = CYLINDRICAL_SURFACE('',#3538,7.);
#3538 = AXIS2_PLACEMENT_3D('',#3539,#3540,#3541);
#3539 = CARTESIAN_POINT('',(-16.,32.980645090185,34.692857943551));
#3540 = DIRECTION('',(-1.,2.22044604925E-15,4.718447854657E-16));
#3541 = DIRECTION('',(-1.646830819861E-15,1.,-3.395432083645E-15));
#3542 = ADVANCED_FACE('',(#3543),#3562,.T.);
#3543 = FACE_BOUND('',#3544,.T.);
#3544 = EDGE_LOOP('',(#3545,#3554,#3555,#3556));
#3545 = ORIENTED_EDGE('',*,*,#3546,.F.);
#3546 = EDGE_CURVE('',#3498,#3547,#3549,.T.);
#3547 = VERTEX_POINT('',#3548);
#3548 = CARTESIAN_POINT('',(11.,-27.30657875976,30.593471248207));
#3549 = CIRCLE('',#3550,7.);
#3550 = AXIS2_PLACEMENT_3D('',#3551,#3552,#3553);
#3551 = CARTESIAN_POINT('',(11.,-32.98064509018,34.692857943551));
#3552 = DIRECTION('',(-1.,-1.387778780781E-16,-2.405483220021E-16));
#3553 = DIRECTION('',(1.387778780781E-16,-1.,4.533410683886E-16));
#3554 = ORIENTED_EDGE('',*,*,#3506,.F.);
#3555 = ORIENTED_EDGE('',*,*,#928,.T.);
#3556 = ORIENTED_EDGE('',*,*,#3557,.F.);
#3557 = EDGE_CURVE('',#3547,#920,#3558,.T.);
#3558 = LINE('',#3559,#3560);
#3559 = CARTESIAN_POINT('',(-16.,-27.30657875976,30.593471248207));
#3560 = VECTOR('',#3561,1.);
#3561 = DIRECTION('',(1.,-3.885780586188E-16,-6.383782391595E-16));
#3562 = CYLINDRICAL_SURFACE('',#3563,7.);
#3563 = AXIS2_PLACEMENT_3D('',#3564,#3565,#3566);
#3564 = CARTESIAN_POINT('',(-16.,-32.98064509018,34.692857943551));
#3565 = DIRECTION('',(-1.,5.643633708511E-16,4.625929269271E-16));
#3566 = DIRECTION('',(4.903485025428E-16,-1.,6.291263806209E-16));
#3567 = ADVANCED_FACE('',(#3568),#3580,.F.);
#3568 = FACE_BOUND('',#3569,.T.);
#3569 = EDGE_LOOP('',(#3570,#3577,#3578,#3579));
#3570 = ORIENTED_EDGE('',*,*,#3571,.T.);
#3571 = EDGE_CURVE('',#3522,#2511,#3572,.T.);
#3572 = CIRCLE('',#3573,3.);
#3573 = AXIS2_PLACEMENT_3D('',#3574,#3575,#3576);
#3574 = CARTESIAN_POINT('',(11.,24.874836046725,28.836591235917));
#3575 = DIRECTION('',(-1.,-5.45859653774E-16,-2.100171888249E-15));
#3576 = DIRECTION('',(-5.45859653774E-16,1.,-2.627527824946E-15));
#3577 = ORIENTED_EDGE('',*,*,#2510,.T.);
#3578 = ORIENTED_EDGE('',*,*,#850,.T.);
#3579 = ORIENTED_EDGE('',*,*,#3521,.F.);
#3580 = CYLINDRICAL_SURFACE('',#3581,3.);
#3581 = AXIS2_PLACEMENT_3D('',#3582,#3583,#3584);
#3582 = CARTESIAN_POINT('',(-16.,24.874836046725,28.836591235917));
#3583 = DIRECTION('',(-1.,2.090920029711E-15,5.366077952355E-16));
#3584 = DIRECTION('',(-1.600571527168E-15,1.,-3.154883761643E-15));
#3585 = ADVANCED_FACE('',(#3586),#3598,.F.);
#3586 = FACE_BOUND('',#3587,.F.);
#3587 = EDGE_LOOP('',(#3588,#3595,#3596,#3597));
#3588 = ORIENTED_EDGE('',*,*,#3589,.F.);
#3589 = EDGE_CURVE('',#2746,#3547,#3590,.T.);
#3590 = CIRCLE('',#3591,3.);
#3591 = AXIS2_PLACEMENT_3D('',#3592,#3593,#3594);
#3592 = CARTESIAN_POINT('',(11.,-24.87483604672,28.836591235917));
#3593 = DIRECTION('',(-1.,-1.387778780781E-16,-2.405483220021E-16));
#3594 = DIRECTION('',(1.387778780781E-16,-1.,4.533410683886E-16));
#3595 = ORIENTED_EDGE('',*,*,#2753,.T.);
#3596 = ORIENTED_EDGE('',*,*,#919,.T.);
#3597 = ORIENTED_EDGE('',*,*,#3557,.F.);
#3598 = CYLINDRICAL_SURFACE('',#3599,3.);
#3599 = AXIS2_PLACEMENT_3D('',#3600,#3601,#3602);
#3600 = CARTESIAN_POINT('',(-16.,-24.87483604672,28.836591235917));
#3601 = DIRECTION('',(-1.,5.643633708511E-16,4.625929269271E-16));
#3602 = DIRECTION('',(4.903485025428E-16,-1.,6.291263806209E-16));
#3603 = ADVANCED_FACE('',(#3604),#3654,.T.);
#3604 = FACE_BOUND('',#3605,.T.);
#3605 = EDGE_LOOP('',(#3606,#3633,#3634,#3635,#3636,#3644));
#3606 = ORIENTED_EDGE('',*,*,#3607,.F.);
#3607 = EDGE_CURVE('',#1244,#3608,#3610,.T.);
#3608 = VERTEX_POINT('',#3609);
#3609 = CARTESIAN_POINT('',(-0.952043269151,16.95,4.744710336976));
#3610 = B_SPLINE_CURVE_WITH_KNOTS('',6,(#3611,#3612,#3613,#3614,#3615,
    #3616,#3617,#3618,#3619,#3620,#3621,#3622,#3623,#3624,#3625,#3626,
    #3627,#3628,#3629,#3630,#3631,#3632),.UNSPECIFIED.,.F.,.F.,(7,5,5,5,
    7),(0.,5.921584347468E-02,0.492593205096,0.868788343078,1.),
  .UNSPECIFIED.);
#3611 = CARTESIAN_POINT('',(-0.392293292694,16.65,4.286452767481));
#3612 = CARTESIAN_POINT('',(-0.398519604382,16.654798673151,
    4.288547080143));
#3613 = CARTESIAN_POINT('',(-0.404748429894,16.659569025078,
    4.290700817633));
#3614 = CARTESIAN_POINT('',(-0.41097917209,16.664310626033,
    4.292913679776));
#3615 = CARTESIAN_POINT('',(-0.417211232764,16.669023040651,
    4.295185388115));
#3616 = CARTESIAN_POINT('',(-0.423444012645,16.673705827947,
    4.297515685909));
#3617 = CARTESIAN_POINT('',(-0.475293034674,16.712409912149,
    4.317385939984));
#3618 = CARTESIAN_POINT('',(-0.520905180119,16.74484270923,
    4.337989253964));
#3619 = CARTESIAN_POINT('',(-0.566298244366,16.775498485805,
    4.361626778656));
#3620 = CARTESIAN_POINT('',(-0.611217761615,16.804169642675,
    4.388272150415));
#3621 = CARTESIAN_POINT('',(-0.655353346914,16.830598800871,
    4.417931862838));
#3622 = CARTESIAN_POINT('',(-0.73552169682,16.875080248752,
    4.479112398558));
#3623 = CARTESIAN_POINT('',(-0.77181978025,16.893757965184,
    4.509844407533));
#3624 = CARTESIAN_POINT('',(-0.806918409719,16.910225584865,
    4.542950328083));
#3625 = CARTESIAN_POINT('',(-0.84039506261,16.924127621803,
    4.578482333559));
#3626 = CARTESIAN_POINT('',(-0.871631213388,16.93498883669,
    4.616427484247));
#3627 = CARTESIAN_POINT('',(-0.90956648662,16.944696979591,
    4.670695896502));
#3628 = CARTESIAN_POINT('',(-0.918994590419,16.946760905233,
    4.685003253694));
#3629 = CARTESIAN_POINT('',(-0.928002574221,16.948351955606,
    4.699575996796));
#3630 = CARTESIAN_POINT('',(-0.936546057916,16.949441392385,
    4.714399986973));
#3631 = CARTESIAN_POINT('',(-0.944576549105,16.95,4.729454352863));
#3632 = CARTESIAN_POINT('',(-0.952043269151,16.95,4.744710336976));
#3633 = ORIENTED_EDGE('',*,*,#1262,.T.);
#3634 = ORIENTED_EDGE('',*,*,#1325,.T.);
#3635 = ORIENTED_EDGE('',*,*,#1352,.T.);
#3636 = ORIENTED_EDGE('',*,*,#3637,.F.);
#3637 = EDGE_CURVE('',#3638,#1353,#3640,.T.);
#3638 = VERTEX_POINT('',#3639);
#3639 = CARTESIAN_POINT('',(-1.,16.913302752293,4.932727782224));
#3640 = LINE('',#3641,#3642);
#3641 = CARTESIAN_POINT('',(1.009176925049E-13,16.913302752294,
    4.932727782223));
#3642 = VECTOR('',#3643,1.);
#3643 = DIRECTION('',(-1.,1.295260195396E-16,-6.47630097698E-17));
#3644 = ORIENTED_EDGE('',*,*,#3645,.F.);
#3645 = EDGE_CURVE('',#3608,#3638,#3646,.T.);
#3646 = B_SPLINE_CURVE_WITH_KNOTS('',6,(#3647,#3648,#3649,#3650,#3651,
    #3652,#3653),.UNSPECIFIED.,.F.,.F.,(7,7),(0.,1.),
  .PIECEWISE_BEZIER_KNOTS.);
#3647 = CARTESIAN_POINT('',(-0.952043269151,16.95,4.744710336976));
#3648 = CARTESIAN_POINT('',(-0.966967582355,16.95,4.775203657165));
#3649 = CARTESIAN_POINT('',(-0.979655387577,16.947768312062,
    4.806534847973));
#3650 = CARTESIAN_POINT('',(-0.98966712036,16.94307543783,4.838422132593
    ));
#3651 = CARTESIAN_POINT('',(-0.996557751981,16.935742120268,
    4.870457260183));
#3652 = CARTESIAN_POINT('',(-0.99999999998,16.925735385101,
    4.902091938842));
#3653 = CARTESIAN_POINT('',(-1.,16.91330275238,4.93272778201));
#3654 = CYLINDRICAL_SURFACE('',#3655,0.5);
#3655 = AXIS2_PLACEMENT_3D('',#3656,#3657,#3658);
#3656 = CARTESIAN_POINT('',(1.009843518435E-13,16.45,4.744710336976));
#3657 = DIRECTION('',(1.,4.625929269271E-17,2.405483220021E-16));
#3658 = DIRECTION('',(-4.625929269271E-17,1.,-2.405483220021E-16));
#3659 = ADVANCED_FACE('',(#3660),#3689,.F.);
#3660 = FACE_BOUND('',#3661,.T.);
#3661 = EDGE_LOOP('',(#3662,#3672,#3679,#3680,#3681,#3682));
#3662 = ORIENTED_EDGE('',*,*,#3663,.F.);
#3663 = EDGE_CURVE('',#3664,#3666,#3668,.T.);
#3664 = VERTEX_POINT('',#3665);
#3665 = CARTESIAN_POINT('',(1.136868377216E-13,21.5,12.583200121346));
#3666 = VERTEX_POINT('',#3667);
#3667 = CARTESIAN_POINT('',(-1.,21.5,11.744100490168));
#3668 = LINE('',#3669,#3670);
#3669 = CARTESIAN_POINT('',(6.750155989721E-14,21.5,12.583200121346));
#3670 = VECTOR('',#3671,1.);
#3671 = DIRECTION('',(-0.766044443119,4.677640982503E-16,-0.642787609687
    ));
#3672 = ORIENTED_EDGE('',*,*,#3673,.T.);
#3673 = EDGE_CURVE('',#3664,#1225,#3674,.T.);
#3674 = CIRCLE('',#3675,5.789099631177);
#3675 = AXIS2_PLACEMENT_3D('',#3676,#3677,#3678);
#3676 = CARTESIAN_POINT('',(9.477957144723E-14,21.5,6.794100490168));
#3677 = DIRECTION('',(1.,9.251858538543E-17,4.810966440042E-16));
#3678 = DIRECTION('',(-4.810966440042E-16,1.109335647967E-31,1.));
#3679 = ORIENTED_EDGE('',*,*,#1243,.F.);
#3680 = ORIENTED_EDGE('',*,*,#3607,.T.);
#3681 = ORIENTED_EDGE('',*,*,#3645,.T.);
#3682 = ORIENTED_EDGE('',*,*,#3683,.F.);
#3683 = EDGE_CURVE('',#3666,#3638,#3684,.T.);
#3684 = CIRCLE('',#3685,4.95);
#3685 = AXIS2_PLACEMENT_3D('',#3686,#3687,#3688);
#3686 = CARTESIAN_POINT('',(-1.,21.5,6.794100490168));
#3687 = DIRECTION('',(1.,1.387778780781E-16,7.216449660064E-16));
#3688 = DIRECTION('',(7.216449660064E-16,-1.848892746612E-31,-1.));
#3689 = CONICAL_SURFACE('',#3690,5.789099631177,0.698131700798);
#3690 = AXIS2_PLACEMENT_3D('',#3691,#3692,#3693);
#3691 = CARTESIAN_POINT('',(9.477957144723E-14,21.5,6.794100490168));
#3692 = DIRECTION('',(1.,-4.348373513115E-16,-4.625929269271E-17));
#3693 = DIRECTION('',(-4.810966440042E-16,1.109335647967E-31,1.));
#3694 = ADVANCED_FACE('',(#3695),#3753,.F.);
#3695 = FACE_BOUND('',#3696,.T.);
#3696 = EDGE_LOOP('',(#3697,#3705,#3714,#3726,#3751,#3752));
#3697 = ORIENTED_EDGE('',*,*,#3698,.F.);
#3698 = EDGE_CURVE('',#3699,#3664,#3701,.T.);
#3699 = VERTEX_POINT('',#3700);
#3700 = CARTESIAN_POINT('',(1.,21.5,11.744100490168));
#3701 = LINE('',#3702,#3703);
#3702 = CARTESIAN_POINT('',(1.357526077778,21.5,11.444100490168));
#3703 = VECTOR('',#3704,1.);
#3704 = DIRECTION('',(-0.766044443119,4.677640982503E-16,0.642787609687)
  );
#3705 = ORIENTED_EDGE('',*,*,#3706,.T.);
#3706 = EDGE_CURVE('',#3699,#3707,#3709,.T.);
#3707 = VERTEX_POINT('',#3708);
#3708 = CARTESIAN_POINT('',(1.,16.913302752293,4.932727782224));
#3709 = CIRCLE('',#3710,4.95);
#3710 = AXIS2_PLACEMENT_3D('',#3711,#3712,#3713);
#3711 = CARTESIAN_POINT('',(1.,21.5,6.794100490168));
#3712 = DIRECTION('',(1.,1.387778780781E-16,7.216449660064E-16));
#3713 = DIRECTION('',(7.216449660064E-16,-1.848892746612E-31,-1.));
#3714 = ORIENTED_EDGE('',*,*,#3715,.F.);
#3715 = EDGE_CURVE('',#3716,#3707,#3718,.T.);
#3716 = VERTEX_POINT('',#3717);
#3717 = CARTESIAN_POINT('',(0.952043269152,16.95,4.744710336976));
#3718 = B_SPLINE_CURVE_WITH_KNOTS('',6,(#3719,#3720,#3721,#3722,#3723,
    #3724,#3725),.UNSPECIFIED.,.F.,.F.,(7,7),(0.,1.),
  .PIECEWISE_BEZIER_KNOTS.);
#3719 = CARTESIAN_POINT('',(0.952043269152,16.95,4.744710336976));
#3720 = CARTESIAN_POINT('',(0.966967582392,16.95,4.775203657241));
#3721 = CARTESIAN_POINT('',(0.979655387641,16.947768312051,4.80653484813
    ));
#3722 = CARTESIAN_POINT('',(0.989667120436,16.943075437794,
    4.838422132833));
#3723 = CARTESIAN_POINT('',(0.99655775205,16.935742120194,4.870457260504
    ));
#3724 = CARTESIAN_POINT('',(1.000000000023,16.925735384976,
    4.902091939239));
#3725 = CARTESIAN_POINT('',(1.,16.913302752193,4.932727782471));
#3726 = ORIENTED_EDGE('',*,*,#3727,.F.);
#3727 = EDGE_CURVE('',#1217,#3716,#3728,.T.);
#3728 = B_SPLINE_CURVE_WITH_KNOTS('',6,(#3729,#3730,#3731,#3732,#3733,
    #3734,#3735,#3736,#3737,#3738,#3739,#3740,#3741,#3742,#3743,#3744,
    #3745,#3746,#3747,#3748,#3749,#3750),.UNSPECIFIED.,.F.,.F.,(7,5,5,5,
    7),(0.,5.921584347575E-02,0.4925932051,0.868788343083,1.),
  .UNSPECIFIED.);
#3729 = CARTESIAN_POINT('',(0.392293292694,16.65,4.286452767481));
#3730 = CARTESIAN_POINT('',(0.398519604383,16.654798673151,
    4.288547080143));
#3731 = CARTESIAN_POINT('',(0.404748429895,16.659569025078,
    4.290700817633));
#3732 = CARTESIAN_POINT('',(0.41097917209,16.664310626033,4.292913679776
    ));
#3733 = CARTESIAN_POINT('',(0.417211232764,16.669023040651,
    4.295185388115));
#3734 = CARTESIAN_POINT('',(0.423444012646,16.673705827948,
    4.297515685909));
#3735 = CARTESIAN_POINT('',(0.475293034675,16.712409912149,
    4.317385939985));
#3736 = CARTESIAN_POINT('',(0.520905180121,16.744842709231,
    4.337989253964));
#3737 = CARTESIAN_POINT('',(0.566298244368,16.775498485806,
    4.361626778657));
#3738 = CARTESIAN_POINT('',(0.611217761618,16.804169642676,
    4.388272150416));
#3739 = CARTESIAN_POINT('',(0.655353346917,16.830598800873,4.41793186284
    ));
#3740 = CARTESIAN_POINT('',(0.735521696822,16.875080248753,4.47911239856
    ));
#3741 = CARTESIAN_POINT('',(0.771819780253,16.893757965185,
    4.509844407535));
#3742 = CARTESIAN_POINT('',(0.806918409722,16.910225584866,
    4.542950328085));
#3743 = CARTESIAN_POINT('',(0.840395062612,16.924127621804,
    4.578482333561));
#3744 = CARTESIAN_POINT('',(0.87163121339,16.93498883669,4.61642748425)
  );
#3745 = CARTESIAN_POINT('',(0.909566486622,16.944696979591,
    4.670695896504));
#3746 = CARTESIAN_POINT('',(0.91899459042,16.946760905233,4.685003253696
    ));
#3747 = CARTESIAN_POINT('',(0.928002574222,16.948351955606,
    4.699575996798));
#3748 = CARTESIAN_POINT('',(0.936546057917,16.949441392385,
    4.714399986974));
#3749 = CARTESIAN_POINT('',(0.944576549105,16.95,4.729454352863));
#3750 = CARTESIAN_POINT('',(0.952043269152,16.95,4.744710336976));
#3751 = ORIENTED_EDGE('',*,*,#1224,.T.);
#3752 = ORIENTED_EDGE('',*,*,#3673,.F.);
#3753 = CONICAL_SURFACE('',#3754,4.65,0.698131700798);
#3754 = AXIS2_PLACEMENT_3D('',#3755,#3756,#3757);
#3755 = CARTESIAN_POINT('',(1.357526077778,21.5,6.794100490168));
#3756 = DIRECTION('',(-1.,4.348373513115E-16,4.625929269271E-17));
#3757 = DIRECTION('',(-4.810966440042E-16,1.109335647967E-31,1.));
#3758 = ADVANCED_FACE('',(#3759),#3772,.T.);
#3759 = FACE_BOUND('',#3760,.T.);
#3760 = EDGE_LOOP('',(#3761,#3762,#3763,#3764,#3765,#3771));
#3761 = ORIENTED_EDGE('',*,*,#2995,.F.);
#3762 = ORIENTED_EDGE('',*,*,#1216,.T.);
#3763 = ORIENTED_EDGE('',*,*,#3727,.T.);
#3764 = ORIENTED_EDGE('',*,*,#3715,.T.);
#3765 = ORIENTED_EDGE('',*,*,#3766,.F.);
#3766 = EDGE_CURVE('',#2975,#3707,#3767,.T.);
#3767 = LINE('',#3768,#3769);
#3768 = CARTESIAN_POINT('',(1.009176925049E-13,16.913302752294,
    4.932727782223));
#3769 = VECTOR('',#3770,1.);
#3770 = DIRECTION('',(-1.,1.295260195396E-16,-6.47630097698E-17));
#3771 = ORIENTED_EDGE('',*,*,#2983,.F.);
#3772 = CYLINDRICAL_SURFACE('',#3773,0.5);
#3773 = AXIS2_PLACEMENT_3D('',#3774,#3775,#3776);
#3774 = CARTESIAN_POINT('',(1.009843518435E-13,16.45,4.744710336976));
#3775 = DIRECTION('',(1.,4.625929269271E-17,2.405483220021E-16));
#3776 = DIRECTION('',(-4.625929269271E-17,1.,-2.405483220021E-16));
#3777 = ADVANCED_FACE('',(#3778),#3809,.F.);
#3778 = FACE_BOUND('',#3779,.F.);
#3779 = EDGE_LOOP('',(#3780,#3788,#3789,#3790,#3791,#3792,#3793,#3802));
#3780 = ORIENTED_EDGE('',*,*,#3781,.F.);
#3781 = EDGE_CURVE('',#1408,#3782,#3784,.T.);
#3782 = VERTEX_POINT('',#3783);
#3783 = CARTESIAN_POINT('',(-1.,26.086697247706,4.932727782223));
#3784 = LINE('',#3785,#3786);
#3785 = CARTESIAN_POINT('',(1.116487192688E-13,26.086697247706,
    4.932727782223));
#3786 = VECTOR('',#3787,1.);
#3787 = DIRECTION('',(1.,-1.295260195396E-16,6.47630097698E-17));
#3788 = ORIENTED_EDGE('',*,*,#1407,.T.);
#3789 = ORIENTED_EDGE('',*,*,#1398,.T.);
#3790 = ORIENTED_EDGE('',*,*,#1364,.T.);
#3791 = ORIENTED_EDGE('',*,*,#3637,.F.);
#3792 = ORIENTED_EDGE('',*,*,#3683,.F.);
#3793 = ORIENTED_EDGE('',*,*,#3794,.F.);
#3794 = EDGE_CURVE('',#3795,#3666,#3797,.T.);
#3795 = VERTEX_POINT('',#3796);
#3796 = CARTESIAN_POINT('',(-1.,26.45,6.794100490168));
#3797 = CIRCLE('',#3798,4.95);
#3798 = AXIS2_PLACEMENT_3D('',#3799,#3800,#3801);
#3799 = CARTESIAN_POINT('',(-1.,21.5,6.794100490168));
#3800 = DIRECTION('',(1.,1.387778780781E-16,7.216449660064E-16));
#3801 = DIRECTION('',(7.216449660064E-16,-1.848892746612E-31,-1.));
#3802 = ORIENTED_EDGE('',*,*,#3803,.F.);
#3803 = EDGE_CURVE('',#3782,#3795,#3804,.T.);
#3804 = CIRCLE('',#3805,4.95);
#3805 = AXIS2_PLACEMENT_3D('',#3806,#3807,#3808);
#3806 = CARTESIAN_POINT('',(-1.,21.5,6.794100490168));
#3807 = DIRECTION('',(1.,1.387778780781E-16,7.216449660064E-16));
#3808 = DIRECTION('',(7.216449660064E-16,-1.848892746612E-31,-1.));
#3809 = CYLINDRICAL_SURFACE('',#3810,4.95);
#3810 = AXIS2_PLACEMENT_3D('',#3811,#3812,#3813);
#3811 = CARTESIAN_POINT('',(9.826861546713E-14,21.5,6.794100490168));
#3812 = DIRECTION('',(1.,-2.127927463865E-16,3.700743415417E-16));
#3813 = DIRECTION('',(-1.387778780781E-16,1.,-7.216449660064E-16));
#3814 = ADVANCED_FACE('',(#3815),#3853,.T.);
#3815 = FACE_BOUND('',#3816,.T.);
#3816 = EDGE_LOOP('',(#3817,#3818,#3819,#3820));
#3817 = ORIENTED_EDGE('',*,*,#3781,.F.);
#3818 = ORIENTED_EDGE('',*,*,#1416,.T.);
#3819 = ORIENTED_EDGE('',*,*,#1502,.T.);
#3820 = ORIENTED_EDGE('',*,*,#3821,.F.);
#3821 = EDGE_CURVE('',#3782,#1503,#3822,.T.);
#3822 = B_SPLINE_CURVE_WITH_KNOTS('',8,(#3823,#3824,#3825,#3826,#3827,
    #3828,#3829,#3830,#3831,#3832,#3833,#3834,#3835,#3836,#3837,#3838,
    #3839,#3840,#3841,#3842,#3843,#3844,#3845,#3846,#3847,#3848,#3849,
    #3850,#3851,#3852),.UNSPECIFIED.,.F.,.F.,(9,7,7,7,9),(0.,
    0.286434868035,0.805071747316,0.952907882078,1.),.UNSPECIFIED.);
#3823 = CARTESIAN_POINT('',(-1.,26.086697249657,4.93272778703));
#3824 = CARTESIAN_POINT('',(-1.000000000466,26.073823374215,
    4.901004657617));
#3825 = CARTESIAN_POINT('',(-0.996484729772,26.063432620455,
    4.868275365481));
#3826 = CARTESIAN_POINT('',(-0.989454552003,26.055755344178,
    4.835110534545));
#3827 = CARTESIAN_POINT('',(-0.979170375841,26.050795006911,
    4.802019444756));
#3828 = CARTESIAN_POINT('',(-0.966024792733,26.048415131038,
    4.769417318631));
#3829 = CARTESIAN_POINT('',(-0.950446915058,26.048407246221,
    4.737611550309));
#3830 = CARTESIAN_POINT('',(-0.932840914302,26.050539827084,
    4.706806877093));
#3831 = CARTESIAN_POINT('',(-0.878643878475,26.061918499464,
    4.623393767375));
#3832 = CARTESIAN_POINT('',(-0.838252066484,26.07552566324,
    4.573382698978));
#3833 = CARTESIAN_POINT('',(-0.794089323203,26.094147934531,
    4.527233436291));
#3834 = CARTESIAN_POINT('',(-0.747312416008,26.116915520403,
    4.484992509399));
#3835 = CARTESIAN_POINT('',(-0.698790784619,26.143123652881,
    4.446616739555));
#3836 = CARTESIAN_POINT('',(-0.649096391873,26.172273593422,
    4.412012919926));
#3837 = CARTESIAN_POINT('',(-0.598575881844,26.20404042414,4.38107332252
    ));
#3838 = CARTESIAN_POINT('',(-0.532776602756,26.248066801988,
    4.345971901033));
#3839 = CARTESIAN_POINT('',(-0.518138646824,26.258026542965,
    4.338487196756));
#3840 = CARTESIAN_POINT('',(-0.50346607267,26.268173755306,
    4.331304411249));
#3841 = CARTESIAN_POINT('',(-0.488766375713,26.278502414012,
    4.324424449519));
#3842 = CARTESIAN_POINT('',(-0.474046766564,26.289006824747,
    4.317848644566));
#3843 = CARTESIAN_POINT('',(-0.459314222193,26.299681580951,
    4.311578753988));
#3844 = CARTESIAN_POINT('',(-0.444575537088,26.310521520958,
    4.305616956584));
#3845 = CARTESIAN_POINT('',(-0.425142640652,26.325025706831,
    4.298165730012));
#3846 = CARTESIAN_POINT('',(-0.420447965537,26.328545982283,
    4.296397139036));
#3847 = CARTESIAN_POINT('',(-0.415753566262,26.332082349876,
    4.294660160949));
#3848 = CARTESIAN_POINT('',(-0.411059659781,26.335634649243,
    4.292954885406));
#3849 = CARTESIAN_POINT('',(-0.406366462813,26.339202721241,
    4.291281406798));
#3850 = CARTESIAN_POINT('',(-0.401674191845,26.342786407957,
    4.289639824246));
#3851 = CARTESIAN_POINT('',(-0.396983063131,26.346385552698,
    4.28803024161));
#3852 = CARTESIAN_POINT('',(-0.392293292693,26.35,4.286452767481));
#3853 = CYLINDRICAL_SURFACE('',#3854,0.5);
#3854 = AXIS2_PLACEMENT_3D('',#3855,#3856,#3857);
#3855 = CARTESIAN_POINT('',(1.005171329873E-13,26.55,4.744710336976));
#3856 = DIRECTION('',(1.,4.625929269271E-17,2.405483220021E-16));
#3857 = DIRECTION('',(-4.625929269271E-17,1.,-2.405483220021E-16));
#3858 = ADVANCED_FACE('',(#3859),#3904,.T.);
#3859 = FACE_BOUND('',#3860,.T.);
#3860 = EDGE_LOOP('',(#3861,#3869,#3902,#3903));
#3861 = ORIENTED_EDGE('',*,*,#3862,.F.);
#3862 = EDGE_CURVE('',#3863,#3043,#3865,.T.);
#3863 = VERTEX_POINT('',#3864);
#3864 = CARTESIAN_POINT('',(1.,26.086697247706,4.932727782223));
#3865 = LINE('',#3866,#3867);
#3866 = CARTESIAN_POINT('',(1.116487192688E-13,26.086697247706,
    4.932727782223));
#3867 = VECTOR('',#3868,1.);
#3868 = DIRECTION('',(1.,-1.295260195396E-16,6.47630097698E-17));
#3869 = ORIENTED_EDGE('',*,*,#3870,.T.);
#3870 = EDGE_CURVE('',#3863,#1530,#3871,.T.);
#3871 = B_SPLINE_CURVE_WITH_KNOTS('',8,(#3872,#3873,#3874,#3875,#3876,
    #3877,#3878,#3879,#3880,#3881,#3882,#3883,#3884,#3885,#3886,#3887,
    #3888,#3889,#3890,#3891,#3892,#3893,#3894,#3895,#3896,#3897,#3898,
    #3899,#3900,#3901),.UNSPECIFIED.,.F.,.F.,(9,7,7,7,9),(0.,
    0.286434869465,0.80507175114,0.952907886318,1.),.UNSPECIFIED.);
#3872 = CARTESIAN_POINT('',(1.,26.086697247706,4.932727782223));
#3873 = CARTESIAN_POINT('',(1.,26.073823372599,4.901004652691));
#3874 = CARTESIAN_POINT('',(0.996484728844,26.063432619197,
    4.868275360501));
#3875 = CARTESIAN_POINT('',(0.989454550639,26.055755343283,
    4.835110529572));
#3876 = CARTESIAN_POINT('',(0.979170374085,26.050795006365,
    4.802019439843));
#3877 = CARTESIAN_POINT('',(0.966024790636,26.048415130819,4.76941731382
    ));
#3878 = CARTESIAN_POINT('',(0.950446912671,26.048407246301,
    4.737611545629));
#3879 = CARTESIAN_POINT('',(0.932840911668,26.050539827435,4.70680687256
    ));
#3880 = CARTESIAN_POINT('',(0.878643875258,26.061918500505,
    4.623393763289));
#3881 = CARTESIAN_POINT('',(0.838252063015,26.075525664639,
    4.573382695207));
#3882 = CARTESIAN_POINT('',(0.79408931957,26.094147936218,4.527233432834
    ));
#3883 = CARTESIAN_POINT('',(0.747312412268,26.116915522329,
    4.484992506244));
#3884 = CARTESIAN_POINT('',(0.698790780813,26.143123655007,
    4.446616736687));
#3885 = CARTESIAN_POINT('',(0.649096388026,26.172273595721,
    4.412012917334));
#3886 = CARTESIAN_POINT('',(0.59857587798,26.204040426591,4.381073320195
    ));
#3887 = CARTESIAN_POINT('',(0.532776598928,26.248066804587,
    4.345971899065));
#3888 = CARTESIAN_POINT('',(0.518138643026,26.258026545582,
    4.338487194878));
#3889 = CARTESIAN_POINT('',(0.503466068904,26.268173757937,
    4.331304409458));
#3890 = CARTESIAN_POINT('',(0.48876637198,26.278502416656,4.324424447813
    ));
#3891 = CARTESIAN_POINT('',(0.474046762867,26.289006827402,
    4.317848642945));
#3892 = CARTESIAN_POINT('',(0.459314218532,26.299681583615,4.31157875245
    ));
#3893 = CARTESIAN_POINT('',(0.444575533464,26.310521523629,
    4.305616955128));
#3894 = CARTESIAN_POINT('',(0.425142637515,26.325025709183,4.29816572883
    ));
#3895 = CARTESIAN_POINT('',(0.420447962848,26.328545984309,
    4.296397138041));
#3896 = CARTESIAN_POINT('',(0.415753564022,26.332082351572,
    4.294660160135));
#3897 = CARTESIAN_POINT('',(0.411059657989,26.335634650605,
    4.292954884767));
#3898 = CARTESIAN_POINT('',(0.406366461469,26.339202722268,
    4.291281406328));
#3899 = CARTESIAN_POINT('',(0.401674190949,26.342786408644,
    4.289639823939));
#3900 = CARTESIAN_POINT('',(0.396983062684,26.346385553043,
    4.288030241459));
#3901 = CARTESIAN_POINT('',(0.392293292694,26.35,4.286452767481));
#3902 = ORIENTED_EDGE('',*,*,#1548,.T.);
#3903 = ORIENTED_EDGE('',*,*,#3042,.F.);
#3904 = CYLINDRICAL_SURFACE('',#3905,0.5);
#3905 = AXIS2_PLACEMENT_3D('',#3906,#3907,#3908);
#3906 = CARTESIAN_POINT('',(1.005171329873E-13,26.55,4.744710336976));
#3907 = DIRECTION('',(1.,4.625929269271E-17,2.405483220021E-16));
#3908 = DIRECTION('',(-4.625929269271E-17,1.,-2.405483220021E-16));
#3909 = ADVANCED_FACE('',(#3910),#3938,.F.);
#3910 = FACE_BOUND('',#3911,.T.);
#3911 = EDGE_LOOP('',(#3912,#3921,#3928,#3929,#3936,#3937));
#3912 = ORIENTED_EDGE('',*,*,#3913,.T.);
#3913 = EDGE_CURVE('',#3863,#3914,#3916,.T.);
#3914 = VERTEX_POINT('',#3915);
#3915 = CARTESIAN_POINT('',(1.,26.45,6.794100490168));
#3916 = CIRCLE('',#3917,4.95);
#3917 = AXIS2_PLACEMENT_3D('',#3918,#3919,#3920);
#3918 = CARTESIAN_POINT('',(1.,21.5,6.794100490168));
#3919 = DIRECTION('',(1.,1.387778780781E-16,7.216449660064E-16));
#3920 = DIRECTION('',(7.216449660064E-16,-1.848892746612E-31,-1.));
#3921 = ORIENTED_EDGE('',*,*,#3922,.T.);
#3922 = EDGE_CURVE('',#3914,#3699,#3923,.T.);
#3923 = CIRCLE('',#3924,4.95);
#3924 = AXIS2_PLACEMENT_3D('',#3925,#3926,#3927);
#3925 = CARTESIAN_POINT('',(1.,21.5,6.794100490168));
#3926 = DIRECTION('',(1.,1.387778780781E-16,7.216449660064E-16));
#3927 = DIRECTION('',(7.216449660064E-16,-1.848892746612E-31,-1.));
#3928 = ORIENTED_EDGE('',*,*,#3698,.T.);
#3929 = ORIENTED_EDGE('',*,*,#3930,.F.);
#3930 = EDGE_CURVE('',#1511,#3664,#3931,.T.);
#3931 = CIRCLE('',#3932,5.789099631177);
#3932 = AXIS2_PLACEMENT_3D('',#3933,#3934,#3935);
#3933 = CARTESIAN_POINT('',(9.477957144723E-14,21.5,6.794100490168));
#3934 = DIRECTION('',(1.,9.251858538543E-17,4.810966440042E-16));
#3935 = DIRECTION('',(-4.810966440042E-16,1.109335647967E-31,1.));
#3936 = ORIENTED_EDGE('',*,*,#1529,.T.);
#3937 = ORIENTED_EDGE('',*,*,#3870,.F.);
#3938 = CONICAL_SURFACE('',#3939,4.65,0.698131700798);
#3939 = AXIS2_PLACEMENT_3D('',#3940,#3941,#3942);
#3940 = CARTESIAN_POINT('',(1.357526077778,21.5,6.794100490168));
#3941 = DIRECTION('',(-1.,4.348373513115E-16,4.625929269271E-17));
#3942 = DIRECTION('',(-4.810966440042E-16,1.109335647967E-31,1.));
#3943 = ADVANCED_FACE('',(#3944),#3952,.F.);
#3944 = FACE_BOUND('',#3945,.T.);
#3945 = EDGE_LOOP('',(#3946,#3947,#3948,#3949,#3950,#3951));
#3946 = ORIENTED_EDGE('',*,*,#3930,.T.);
#3947 = ORIENTED_EDGE('',*,*,#3663,.T.);
#3948 = ORIENTED_EDGE('',*,*,#3794,.F.);
#3949 = ORIENTED_EDGE('',*,*,#3803,.F.);
#3950 = ORIENTED_EDGE('',*,*,#3821,.T.);
#3951 = ORIENTED_EDGE('',*,*,#1510,.F.);
#3952 = CONICAL_SURFACE('',#3953,5.789099631177,0.698131700798);
#3953 = AXIS2_PLACEMENT_3D('',#3954,#3955,#3956);
#3954 = CARTESIAN_POINT('',(9.477957144723E-14,21.5,6.794100490168));
#3955 = DIRECTION('',(1.,-4.348373513115E-16,-4.625929269271E-17));
#3956 = DIRECTION('',(-4.810966440042E-16,1.109335647967E-31,1.));
#3957 = ADVANCED_FACE('',(#3958),#4003,.T.);
#3958 = FACE_BOUND('',#3959,.T.);
#3959 = EDGE_LOOP('',(#3960,#3968,#4001,#4002));
#3960 = ORIENTED_EDGE('',*,*,#3961,.F.);
#3961 = EDGE_CURVE('',#3962,#2846,#3964,.T.);
#3962 = VERTEX_POINT('',#3963);
#3963 = CARTESIAN_POINT('',(1.,-16.91330275229,4.932727782224));
#3964 = LINE('',#3965,#3966);
#3965 = CARTESIAN_POINT('',(9.852033200263E-14,-16.91330275229,
    4.932727782223));
#3966 = VECTOR('',#3967,1.);
#3967 = DIRECTION('',(1.,-1.295260195396E-16,6.47630097698E-17));
#3968 = ORIENTED_EDGE('',*,*,#3969,.T.);
#3969 = EDGE_CURVE('',#3962,#1665,#3970,.T.);
#3970 = B_SPLINE_CURVE_WITH_KNOTS('',8,(#3971,#3972,#3973,#3974,#3975,
    #3976,#3977,#3978,#3979,#3980,#3981,#3982,#3983,#3984,#3985,#3986,
    #3987,#3988,#3989,#3990,#3991,#3992,#3993,#3994,#3995,#3996,#3997,
    #3998,#3999,#4000),.UNSPECIFIED.,.F.,.F.,(9,7,7,7,9),(0.,
    0.286434869539,0.805071751338,0.952907886536,1.),.UNSPECIFIED.);
#3971 = CARTESIAN_POINT('',(1.,-16.91330275239,4.932727781976));
#3972 = CARTESIAN_POINT('',(0.999999999976,-16.92617662748,
    4.901004652438));
#3973 = CARTESIAN_POINT('',(0.996484728796,-16.93656738086,
    4.868275360244));
#3974 = CARTESIAN_POINT('',(0.989454550569,-16.94424465676,
    4.835110529316));
#3975 = CARTESIAN_POINT('',(0.979170373995,-16.94920499366,4.80201943959
    ));
#3976 = CARTESIAN_POINT('',(0.966024790529,-16.95158486919,
    4.769417313573));
#3977 = CARTESIAN_POINT('',(0.950446912548,-16.95159275369,
    4.737611545389));
#3978 = CARTESIAN_POINT('',(0.932840911533,-16.94946017254,
    4.706806872327));
#3979 = CARTESIAN_POINT('',(0.878643875092,-16.93808149944,
    4.623393763079));
#3980 = CARTESIAN_POINT('',(0.838252062836,-16.92447433528,
    4.573382695013));
#3981 = CARTESIAN_POINT('',(0.794089319385,-16.90585206369,
    4.527233432658));
#3982 = CARTESIAN_POINT('',(0.747312412074,-16.88308447757,4.48499250608
    ));
#3983 = CARTESIAN_POINT('',(0.698790780619,-16.85687634488,
    4.446616736541));
#3984 = CARTESIAN_POINT('',(0.649096387828,-16.82772640416,4.4120129172)
  );
#3985 = CARTESIAN_POINT('',(0.598575877781,-16.79595957328,
    4.381073320076));
#3986 = CARTESIAN_POINT('',(0.532776598731,-16.75193319527,
    4.345971898964));
#3987 = CARTESIAN_POINT('',(0.51813864283,-16.74197345428,4.338487194781
    ));
#3988 = CARTESIAN_POINT('',(0.50346606871,-16.73182624192,4.331304409366
    ));
#3989 = CARTESIAN_POINT('',(0.488766371788,-16.7214975832,4.324424447726
    ));
#3990 = CARTESIAN_POINT('',(0.474046762676,-16.71099317246,
    4.317848642862));
#3991 = CARTESIAN_POINT('',(0.459314218343,-16.70031841624,
    4.311578752371));
#3992 = CARTESIAN_POINT('',(0.444575533278,-16.68947847623,
    4.305616955053));
#3993 = CARTESIAN_POINT('',(0.425142637354,-16.67497429069,
    4.298165728769));
#3994 = CARTESIAN_POINT('',(0.42044796271,-16.67145401558,4.29639713799)
  );
#3995 = CARTESIAN_POINT('',(0.415753563907,-16.66791764834,
    4.294660160093));
#3996 = CARTESIAN_POINT('',(0.411059657897,-16.66436534932,
    4.292954884735));
#3997 = CARTESIAN_POINT('',(0.4063664614,-16.66079727768,4.291281406303)
  );
#3998 = CARTESIAN_POINT('',(0.401674190903,-16.65721359132,
    4.289639823923));
#3999 = CARTESIAN_POINT('',(0.396983062661,-16.65361444693,
    4.288030241452));
#4000 = CARTESIAN_POINT('',(0.392293292694,-16.65,4.286452767481));
#4001 = ORIENTED_EDGE('',*,*,#1683,.T.);
#4002 = ORIENTED_EDGE('',*,*,#2854,.F.);
#4003 = CYLINDRICAL_SURFACE('',#4004,0.5);
#4004 = AXIS2_PLACEMENT_3D('',#4005,#4006,#4007);
#4005 = CARTESIAN_POINT('',(1.025062825731E-13,-16.45,4.744710336976));
#4006 = DIRECTION('',(1.,4.625929269271E-17,2.405483220021E-16));
#4007 = DIRECTION('',(-4.625929269271E-17,1.,-2.405483220021E-16));
#4008 = ADVANCED_FACE('',(#4009),#4037,.F.);
#4009 = FACE_BOUND('',#4010,.F.);
#4010 = EDGE_LOOP('',(#4011,#4021,#4028,#4029,#4030));
#4011 = ORIENTED_EDGE('',*,*,#4012,.F.);
#4012 = EDGE_CURVE('',#4013,#4015,#4017,.T.);
#4013 = VERTEX_POINT('',#4014);
#4014 = CARTESIAN_POINT('',(1.,-21.5,11.744100490168));
#4015 = VERTEX_POINT('',#4016);
#4016 = CARTESIAN_POINT('',(1.136868377216E-13,-21.5,12.583200121346));
#4017 = LINE('',#4018,#4019);
#4018 = CARTESIAN_POINT('',(1.357526077778,-21.5,11.444100490168));
#4019 = VECTOR('',#4020,1.);
#4020 = DIRECTION('',(-0.766044443119,3.770556262972E-17,0.642787609687)
  );
#4021 = ORIENTED_EDGE('',*,*,#4022,.F.);
#4022 = EDGE_CURVE('',#3962,#4013,#4023,.T.);
#4023 = CIRCLE('',#4024,4.95);
#4024 = AXIS2_PLACEMENT_3D('',#4025,#4026,#4027);
#4025 = CARTESIAN_POINT('',(1.,-21.5,6.794100490168));
#4026 = DIRECTION('',(1.,1.387778780781E-16,2.405483220021E-16));
#4027 = DIRECTION('',(2.405483220021E-16,-2.465190328816E-32,-1.));
#4028 = ORIENTED_EDGE('',*,*,#3969,.T.);
#4029 = ORIENTED_EDGE('',*,*,#1664,.F.);
#4030 = ORIENTED_EDGE('',*,*,#4031,.F.);
#4031 = EDGE_CURVE('',#4015,#1646,#4032,.T.);
#4032 = CIRCLE('',#4033,5.789099631177);
#4033 = AXIS2_PLACEMENT_3D('',#4034,#4035,#4036);
#4034 = CARTESIAN_POINT('',(1.110905980507E-13,-21.5,6.794100490168));
#4035 = DIRECTION('',(-1.,-6.661338147751E-16,-7.679042586991E-16));
#4036 = DIRECTION('',(-7.679042586991E-16,-2.960594732334E-16,1.));
#4037 = CONICAL_SURFACE('',#4038,4.65,0.698131700798);
#4038 = AXIS2_PLACEMENT_3D('',#4039,#4040,#4041);
#4039 = CARTESIAN_POINT('',(1.357526077778,-21.5,6.794100490168));
#4040 = DIRECTION('',(-1.,3.885780586188E-16,6.383782391595E-16));
#4041 = DIRECTION('',(-7.679042586991E-16,-2.960594732334E-16,1.));
#4042 = ADVANCED_FACE('',(#4043),#4097,.F.);
#4043 = FACE_BOUND('',#4044,.F.);
#4044 = EDGE_LOOP('',(#4045,#4053,#4054,#4055,#4090));
#4045 = ORIENTED_EDGE('',*,*,#4046,.F.);
#4046 = EDGE_CURVE('',#4015,#4047,#4049,.T.);
#4047 = VERTEX_POINT('',#4048);
#4048 = CARTESIAN_POINT('',(-1.,-21.5,11.744100490168));
#4049 = LINE('',#4050,#4051);
#4050 = CARTESIAN_POINT('',(8.526512829121E-14,-21.5,12.583200121346));
#4051 = VECTOR('',#4052,1.);
#4052 = DIRECTION('',(-0.766044443119,1.096268008886E-15,-0.642787609687
    ));
#4053 = ORIENTED_EDGE('',*,*,#4031,.T.);
#4054 = ORIENTED_EDGE('',*,*,#1645,.T.);
#4055 = ORIENTED_EDGE('',*,*,#4056,.F.);
#4056 = EDGE_CURVE('',#4057,#1638,#4059,.T.);
#4057 = VERTEX_POINT('',#4058);
#4058 = CARTESIAN_POINT('',(-1.,-16.91330275229,4.932727782224));
#4059 = B_SPLINE_CURVE_WITH_KNOTS('',8,(#4060,#4061,#4062,#4063,#4064,
    #4065,#4066,#4067,#4068,#4069,#4070,#4071,#4072,#4073,#4074,#4075,
    #4076,#4077,#4078,#4079,#4080,#4081,#4082,#4083,#4084,#4085,#4086,
    #4087,#4088,#4089),.UNSPECIFIED.,.F.,.F.,(9,7,7,7,9),(0.,
    0.286434869528,0.80507175131,0.952907886506,1.),.UNSPECIFIED.);
#4060 = CARTESIAN_POINT('',(-1.,-16.91330275238,4.93272778201));
#4061 = CARTESIAN_POINT('',(-0.999999999979,-16.92617662747,
    4.901004652473));
#4062 = CARTESIAN_POINT('',(-0.996484728802,-16.93656738085,
    4.868275360279));
#4063 = CARTESIAN_POINT('',(-0.989454550578,-16.94424465675,
    4.835110529351));
#4064 = CARTESIAN_POINT('',(-0.979170374007,-16.94920499365,
    4.802019439625));
#4065 = CARTESIAN_POINT('',(-0.966024790543,-16.95158486919,
    4.769417313607));
#4066 = CARTESIAN_POINT('',(-0.950446912565,-16.95159275369,
    4.737611545421));
#4067 = CARTESIAN_POINT('',(-0.932840911551,-16.94946017255,
    4.706806872359));
#4068 = CARTESIAN_POINT('',(-0.878643875115,-16.93808149944,
    4.623393763108));
#4069 = CARTESIAN_POINT('',(-0.838252062861,-16.92447433529,
    4.57338269504));
#4070 = CARTESIAN_POINT('',(-0.794089319409,-16.9058520637,
    4.527233432681));
#4071 = CARTESIAN_POINT('',(-0.747312412102,-16.88308447758,
    4.484992506104));
#4072 = CARTESIAN_POINT('',(-0.698790780645,-16.85687634489,
    4.44661673656));
#4073 = CARTESIAN_POINT('',(-0.649096387855,-16.82772640417,
    4.412012917219));
#4074 = CARTESIAN_POINT('',(-0.598575877808,-16.7959595733,
    4.381073320092));
#4075 = CARTESIAN_POINT('',(-0.532776598757,-16.75193319529,
    4.345971898978));
#4076 = CARTESIAN_POINT('',(-0.518138642857,-16.7419734543,
    4.338487194794));
#4077 = CARTESIAN_POINT('',(-0.503466068737,-16.73182624194,
    4.331304409378));
#4078 = CARTESIAN_POINT('',(-0.488766371814,-16.72149758322,
    4.324424447738));
#4079 = CARTESIAN_POINT('',(-0.474046762702,-16.71099317248,
    4.317848642873));
#4080 = CARTESIAN_POINT('',(-0.459314218369,-16.70031841626,
    4.311578752382));
#4081 = CARTESIAN_POINT('',(-0.444575533303,-16.68947847625,
    4.305616955064));
#4082 = CARTESIAN_POINT('',(-0.425142637376,-16.67497429071,
    4.298165728777));
#4083 = CARTESIAN_POINT('',(-0.420447962729,-16.6714540156,
    4.296397137997));
#4084 = CARTESIAN_POINT('',(-0.415753563923,-16.66791764835,
    4.294660160099));
#4085 = CARTESIAN_POINT('',(-0.411059657909,-16.66436534933,
    4.292954884739));
#4086 = CARTESIAN_POINT('',(-0.406366461409,-16.66079727768,
    4.291281406307));
#4087 = CARTESIAN_POINT('',(-0.401674190909,-16.65721359132,
    4.289639823925));
#4088 = CARTESIAN_POINT('',(-0.396983062664,-16.65361444694,
    4.288030241453));
#4089 = CARTESIAN_POINT('',(-0.392293292693,-16.65,4.286452767481));
#4090 = ORIENTED_EDGE('',*,*,#4091,.T.);
#4091 = EDGE_CURVE('',#4057,#4047,#4092,.T.);
#4092 = CIRCLE('',#4093,4.95);
#4093 = AXIS2_PLACEMENT_3D('',#4094,#4095,#4096);
#4094 = CARTESIAN_POINT('',(-1.,-21.5,6.794100490168));
#4095 = DIRECTION('',(1.,1.387778780781E-16,2.405483220021E-16));
#4096 = DIRECTION('',(2.405483220021E-16,-2.465190328816E-32,-1.));
#4097 = CONICAL_SURFACE('',#4098,5.789099631177,0.698131700798);
#4098 = AXIS2_PLACEMENT_3D('',#4099,#4100,#4101);
#4099 = CARTESIAN_POINT('',(1.110905980507E-13,-21.5,6.794100490168));
#4100 = DIRECTION('',(1.,-3.885780586188E-16,-6.383782391595E-16));
#4101 = DIRECTION('',(-7.679042586991E-16,-2.960594732334E-16,1.));
#4102 = ADVANCED_FACE('',(#4103),#4114,.T.);
#4103 = FACE_BOUND('',#4104,.T.);
#4104 = EDGE_LOOP('',(#4105,#4111,#4112,#4113));
#4105 = ORIENTED_EDGE('',*,*,#4106,.F.);
#4106 = EDGE_CURVE('',#1746,#4057,#4107,.T.);
#4107 = LINE('',#4108,#4109);
#4108 = CARTESIAN_POINT('',(9.852033200263E-14,-16.91330275229,
    4.932727782223));
#4109 = VECTOR('',#4110,1.);
#4110 = DIRECTION('',(1.,-1.295260195396E-16,6.47630097698E-17));
#4111 = ORIENTED_EDGE('',*,*,#1745,.T.);
#4112 = ORIENTED_EDGE('',*,*,#1637,.T.);
#4113 = ORIENTED_EDGE('',*,*,#4056,.F.);
#4114 = CYLINDRICAL_SURFACE('',#4115,0.5);
#4115 = AXIS2_PLACEMENT_3D('',#4116,#4117,#4118);
#4116 = CARTESIAN_POINT('',(1.025062825731E-13,-16.45,4.744710336976));
#4117 = DIRECTION('',(1.,4.625929269271E-17,2.405483220021E-16));
#4118 = DIRECTION('',(-4.625929269271E-17,1.,-2.405483220021E-16));
#4119 = ADVANCED_FACE('',(#4120),#4151,.F.);
#4120 = FACE_BOUND('',#4121,.T.);
#4121 = EDGE_LOOP('',(#4122,#4131,#4140,#4146,#4147,#4148,#4149,#4150));
#4122 = ORIENTED_EDGE('',*,*,#4123,.T.);
#4123 = EDGE_CURVE('',#4047,#4124,#4126,.T.);
#4124 = VERTEX_POINT('',#4125);
#4125 = CARTESIAN_POINT('',(-1.,-26.45,6.794100490168));
#4126 = CIRCLE('',#4127,4.95);
#4127 = AXIS2_PLACEMENT_3D('',#4128,#4129,#4130);
#4128 = CARTESIAN_POINT('',(-1.,-21.5,6.794100490168));
#4129 = DIRECTION('',(1.,1.387778780781E-16,2.405483220021E-16));
#4130 = DIRECTION('',(2.405483220021E-16,-2.465190328816E-32,-1.));
#4131 = ORIENTED_EDGE('',*,*,#4132,.T.);
#4132 = EDGE_CURVE('',#4124,#4133,#4135,.T.);
#4133 = VERTEX_POINT('',#4134);
#4134 = CARTESIAN_POINT('',(-1.,-26.0866972477,4.932727782223));
#4135 = CIRCLE('',#4136,4.95);
#4136 = AXIS2_PLACEMENT_3D('',#4137,#4138,#4139);
#4137 = CARTESIAN_POINT('',(-1.,-21.5,6.794100490168));
#4138 = DIRECTION('',(1.,1.387778780781E-16,2.405483220021E-16));
#4139 = DIRECTION('',(2.405483220021E-16,-2.465190328816E-32,-1.));
#4140 = ORIENTED_EDGE('',*,*,#4141,.T.);
#4141 = EDGE_CURVE('',#4133,#1899,#4142,.T.);
#4142 = LINE('',#4143,#4144);
#4143 = CARTESIAN_POINT('',(1.029068420907E-13,-26.0866972477,
    4.932727782223));
#4144 = VECTOR('',#4145,1.);
#4145 = DIRECTION('',(-1.,1.295260195396E-16,-6.47630097698E-17));
#4146 = ORIENTED_EDGE('',*,*,#1898,.T.);
#4147 = ORIENTED_EDGE('',*,*,#1889,.T.);
#4148 = ORIENTED_EDGE('',*,*,#1780,.T.);
#4149 = ORIENTED_EDGE('',*,*,#4106,.T.);
#4150 = ORIENTED_EDGE('',*,*,#4091,.T.);
#4151 = CYLINDRICAL_SURFACE('',#4152,4.95);
#4152 = AXIS2_PLACEMENT_3D('',#4153,#4154,#4155);
#4153 = CARTESIAN_POINT('',(1.042360642245E-13,-21.5,6.794100490168));
#4154 = DIRECTION('',(1.,-2.127927463865E-16,-1.110223024625E-16));
#4155 = DIRECTION('',(1.387778780781E-16,-1.,2.775557561563E-16));
#4156 = ADVANCED_FACE('',(#4157),#4197,.F.);
#4157 = FACE_BOUND('',#4158,.F.);
#4158 = EDGE_LOOP('',(#4159,#4168,#4177,#4184,#4185,#4186,#4187,#4188,
    #4189,#4190,#4191,#4192,#4193,#4194,#4195,#4196));
#4159 = ORIENTED_EDGE('',*,*,#4160,.F.);
#4160 = EDGE_CURVE('',#4161,#2519,#4163,.T.);
#4161 = VERTEX_POINT('',#4162);
#4162 = CARTESIAN_POINT('',(11.,25.489156195896,24.01661371951));
#4163 = CIRCLE('',#4164,1.);
#4164 = AXIS2_PLACEMENT_3D('',#4165,#4166,#4167);
#4165 = CARTESIAN_POINT('',(11.,24.938983712572,23.181562679996));
#4166 = DIRECTION('',(1.,1.110223024625E-15,2.081668171172E-15));
#4167 = DIRECTION('',(-1.110223024625E-15,1.,-2.081668171172E-15));
#4168 = ORIENTED_EDGE('',*,*,#4169,.T.);
#4169 = EDGE_CURVE('',#4161,#4170,#4172,.T.);
#4170 = VERTEX_POINT('',#4171);
#4171 = CARTESIAN_POINT('',(11.,34.944045062088,21.590641258618));
#4172 = CIRCLE('',#4173,15.);
#4173 = AXIS2_PLACEMENT_3D('',#4174,#4175,#4176);
#4174 = CARTESIAN_POINT('',(11.,33.74174344576,36.542379312215));
#4175 = DIRECTION('',(1.,1.110223024625E-15,2.081668171172E-15));
#4176 = DIRECTION('',(-1.110223024625E-15,1.,-2.081668171172E-15));
#4177 = ORIENTED_EDGE('',*,*,#4178,.F.);
#4178 = EDGE_CURVE('',#1830,#4170,#4179,.T.);
#4179 = CIRCLE('',#4180,1.);
#4180 = AXIS2_PLACEMENT_3D('',#4181,#4182,#4183);
#4181 = CARTESIAN_POINT('',(11.,35.024198503177,20.593858721711));
#4182 = DIRECTION('',(1.,1.110223024625E-15,2.081668171172E-15));
#4183 = DIRECTION('',(-1.110223024625E-15,1.,-2.081668171172E-15));
#4184 = ORIENTED_EDGE('',*,*,#1837,.F.);
#4185 = ORIENTED_EDGE('',*,*,#3135,.F.);
#4186 = ORIENTED_EDGE('',*,*,#3203,.T.);
#4187 = ORIENTED_EDGE('',*,*,#3260,.F.);
#4188 = ORIENTED_EDGE('',*,*,#3314,.T.);
#4189 = ORIENTED_EDGE('',*,*,#3358,.F.);
#4190 = ORIENTED_EDGE('',*,*,#3349,.F.);
#4191 = ORIENTED_EDGE('',*,*,#3374,.T.);
#4192 = ORIENTED_EDGE('',*,*,#3431,.F.);
#4193 = ORIENTED_EDGE('',*,*,#3472,.T.);
#4194 = ORIENTED_EDGE('',*,*,#3529,.F.);
#4195 = ORIENTED_EDGE('',*,*,#3571,.T.);
#4196 = ORIENTED_EDGE('',*,*,#2518,.F.);
#4197 = PLANE('',#4198);
#4198 = AXIS2_PLACEMENT_3D('',#4199,#4200,#4201);
#4199 = CARTESIAN_POINT('',(11.,37.405602541168,41.05654348434));
#4200 = DIRECTION('',(1.,-1.52655665886E-15,-5.551115123126E-16));
#4201 = DIRECTION('',(-2.081668171172E-15,-5.551115123126E-16,1.));
#4202 = ADVANCED_FACE('',(#4203),#4222,.T.);
#4203 = FACE_BOUND('',#4204,.T.);
#4204 = EDGE_LOOP('',(#4205,#4206,#4215,#4221));
#4205 = ORIENTED_EDGE('',*,*,#1829,.T.);
#4206 = ORIENTED_EDGE('',*,*,#4207,.T.);
#4207 = EDGE_CURVE('',#1822,#4208,#4210,.T.);
#4208 = VERTEX_POINT('',#4209);
#4209 = CARTESIAN_POINT('',(-11.,34.944045062088,21.590641258618));
#4210 = CIRCLE('',#4211,1.);
#4211 = AXIS2_PLACEMENT_3D('',#4212,#4213,#4214);
#4212 = CARTESIAN_POINT('',(-11.,35.024198503177,20.593858721711));
#4213 = DIRECTION('',(1.,1.110223024625E-15,2.081668171172E-15));
#4214 = DIRECTION('',(-1.110223024625E-15,1.,-2.081668171172E-15));
#4215 = ORIENTED_EDGE('',*,*,#4216,.F.);
#4216 = EDGE_CURVE('',#4170,#4208,#4217,.T.);
#4217 = LINE('',#4218,#4219);
#4218 = CARTESIAN_POINT('',(11.,34.944045062088,21.590641258618));
#4219 = VECTOR('',#4220,1.);
#4220 = DIRECTION('',(-1.,1.350771346627E-15,3.793262000803E-16));
#4221 = ORIENTED_EDGE('',*,*,#4178,.F.);
#4222 = CYLINDRICAL_SURFACE('',#4223,1.);
#4223 = AXIS2_PLACEMENT_3D('',#4224,#4225,#4226);
#4224 = CARTESIAN_POINT('',(11.,35.024198503177,20.593858721711));
#4225 = DIRECTION('',(1.,-1.174986034395E-15,-2.035408878479E-16));
#4226 = DIRECTION('',(-9.344377123928E-16,1.,-1.90588285894E-15));
#4227 = ADVANCED_FACE('',(#4228),#4260,.T.);
#4228 = FACE_BOUND('',#4229,.T.);
#4229 = EDGE_LOOP('',(#4230,#4239,#4246,#4247,#4248,#4249,#4250,#4251,
    #4252,#4253,#4254,#4255,#4256,#4257,#4258,#4259));
#4230 = ORIENTED_EDGE('',*,*,#4231,.F.);
#4231 = EDGE_CURVE('',#4232,#2527,#4234,.T.);
#4232 = VERTEX_POINT('',#4233);
#4233 = CARTESIAN_POINT('',(-11.,25.489156195896,24.01661371951));
#4234 = CIRCLE('',#4235,1.);
#4235 = AXIS2_PLACEMENT_3D('',#4236,#4237,#4238);
#4236 = CARTESIAN_POINT('',(-11.,24.938983712572,23.181562679996));
#4237 = DIRECTION('',(1.,1.110223024625E-15,2.081668171172E-15));
#4238 = DIRECTION('',(-1.110223024625E-15,1.,-2.081668171172E-15));
#4239 = ORIENTED_EDGE('',*,*,#4240,.T.);
#4240 = EDGE_CURVE('',#4232,#4208,#4241,.T.);
#4241 = CIRCLE('',#4242,15.);
#4242 = AXIS2_PLACEMENT_3D('',#4243,#4244,#4245);
#4243 = CARTESIAN_POINT('',(-11.,33.74174344576,36.542379312215));
#4244 = DIRECTION('',(1.,1.110223024625E-15,2.081668171172E-15));
#4245 = DIRECTION('',(-1.110223024625E-15,1.,-2.081668171172E-15));
#4246 = ORIENTED_EDGE('',*,*,#4207,.F.);
#4247 = ORIENTED_EDGE('',*,*,#1821,.F.);
#4248 = ORIENTED_EDGE('',*,*,#1872,.F.);
#4249 = ORIENTED_EDGE('',*,*,#1982,.T.);
#4250 = ORIENTED_EDGE('',*,*,#2095,.F.);
#4251 = ORIENTED_EDGE('',*,*,#2136,.T.);
#4252 = ORIENTED_EDGE('',*,*,#2179,.F.);
#4253 = ORIENTED_EDGE('',*,*,#2188,.F.);
#4254 = ORIENTED_EDGE('',*,*,#2279,.T.);
#4255 = ORIENTED_EDGE('',*,*,#2339,.F.);
#4256 = ORIENTED_EDGE('',*,*,#2363,.T.);
#4257 = ORIENTED_EDGE('',*,*,#2413,.F.);
#4258 = ORIENTED_EDGE('',*,*,#2461,.T.);
#4259 = ORIENTED_EDGE('',*,*,#2534,.F.);
#4260 = PLANE('',#4261);
#4261 = AXIS2_PLACEMENT_3D('',#4262,#4263,#4264);
#4262 = CARTESIAN_POINT('',(-11.,37.405602541168,41.05654348434));
#4263 = DIRECTION('',(1.,-1.52655665886E-15,-5.551115123126E-16));
#4264 = DIRECTION('',(-2.081668171172E-15,-5.551115123126E-16,1.));
#4265 = ADVANCED_FACE('',(#4266),#4309,.T.);
#4266 = FACE_BOUND('',#4267,.T.);
#4267 = EDGE_LOOP('',(#4268,#4295,#4296,#4297,#4298,#4299));
#4268 = ORIENTED_EDGE('',*,*,#4269,.F.);
#4269 = EDGE_CURVE('',#2044,#4270,#4272,.T.);
#4270 = VERTEX_POINT('',#4271);
#4271 = CARTESIAN_POINT('',(-0.952043269151,-26.05,4.744710336976));
#4272 = B_SPLINE_CURVE_WITH_KNOTS('',6,(#4273,#4274,#4275,#4276,#4277,
    #4278,#4279,#4280,#4281,#4282,#4283,#4284,#4285,#4286,#4287,#4288,
    #4289,#4290,#4291,#4292,#4293,#4294),.UNSPECIFIED.,.F.,.F.,(7,5,5,5,
    7),(0.,5.921584347581E-02,0.492593205097,0.868788343079,1.),
  .UNSPECIFIED.);
#4273 = CARTESIAN_POINT('',(-0.392293292693,-26.35,4.286452767481));
#4274 = CARTESIAN_POINT('',(-0.398519604383,-26.34520132684,
    4.288547080143));
#4275 = CARTESIAN_POINT('',(-0.404748429894,-26.34043097492,
    4.290700817633));
#4276 = CARTESIAN_POINT('',(-0.41097917209,-26.33568937396,
    4.292913679777));
#4277 = CARTESIAN_POINT('',(-0.417211232764,-26.33097695934,
    4.295185388115));
#4278 = CARTESIAN_POINT('',(-0.423444012646,-26.32629417205,
    4.297515685909));
#4279 = CARTESIAN_POINT('',(-0.475293034675,-26.28759008785,
    4.317385939985));
#4280 = CARTESIAN_POINT('',(-0.52090518012,-26.25515729076,
    4.337989253964));
#4281 = CARTESIAN_POINT('',(-0.566298244367,-26.22450151419,
    4.361626778657));
#4282 = CARTESIAN_POINT('',(-0.611217761616,-26.19583035732,
    4.388272150415));
#4283 = CARTESIAN_POINT('',(-0.655353346915,-26.16940119912,
    4.417931862839));
#4284 = CARTESIAN_POINT('',(-0.735521696821,-26.12491975124,
    4.479112398559));
#4285 = CARTESIAN_POINT('',(-0.771819780251,-26.10624203481,
    4.509844407534));
#4286 = CARTESIAN_POINT('',(-0.80691840972,-26.08977441513,
    4.542950328083));
#4287 = CARTESIAN_POINT('',(-0.84039506261,-26.07587237819,
    4.578482333559));
#4288 = CARTESIAN_POINT('',(-0.871631213388,-26.06501116331,
    4.616427484247));
#4289 = CARTESIAN_POINT('',(-0.90956648662,-26.0553030204,4.670695896502
    ));
#4290 = CARTESIAN_POINT('',(-0.918994590419,-26.05323909476,
    4.685003253695));
#4291 = CARTESIAN_POINT('',(-0.928002574221,-26.05164804439,
    4.699575996796));
#4292 = CARTESIAN_POINT('',(-0.936546057916,-26.05055860761,
    4.714399986973));
#4293 = CARTESIAN_POINT('',(-0.944576549105,-26.05,4.729454352863));
#4294 = CARTESIAN_POINT('',(-0.952043269151,-26.05,4.744710336976));
#4295 = ORIENTED_EDGE('',*,*,#2062,.T.);
#4296 = ORIENTED_EDGE('',*,*,#1919,.T.);
#4297 = ORIENTED_EDGE('',*,*,#1907,.T.);
#4298 = ORIENTED_EDGE('',*,*,#4141,.F.);
#4299 = ORIENTED_EDGE('',*,*,#4300,.F.);
#4300 = EDGE_CURVE('',#4270,#4133,#4301,.T.);
#4301 = B_SPLINE_CURVE_WITH_KNOTS('',6,(#4302,#4303,#4304,#4305,#4306,
    #4307,#4308),.UNSPECIFIED.,.F.,.F.,(7,7),(0.,1.),
  .PIECEWISE_BEZIER_KNOTS.);
#4302 = CARTESIAN_POINT('',(-0.952043269151,-26.05,4.744710336976));
#4303 = CARTESIAN_POINT('',(-0.966967574093,-26.05,4.775203640284));
#4304 = CARTESIAN_POINT('',(-0.979655373489,-26.05223168546,4.8065348132
    ));
#4305 = CARTESIAN_POINT('',(-0.989667103681,-26.05692455435,
    4.838422079475));
#4306 = CARTESIAN_POINT('',(-0.996557736696,-26.06425786344,
    4.870457189066));
#4307 = CARTESIAN_POINT('',(-0.99999999043,-26.07426458715,4.90209185111
    ));
#4308 = CARTESIAN_POINT('',(-1.,-26.08669720623,4.932727680019));
#4309 = CYLINDRICAL_SURFACE('',#4310,0.5);
#4310 = AXIS2_PLACEMENT_3D('',#4311,#4312,#4313);
#4311 = CARTESIAN_POINT('',(1.029735014293E-13,-26.55,4.744710336976));
#4312 = DIRECTION('',(1.,4.625929269271E-17,2.405483220021E-16));
#4313 = DIRECTION('',(-4.625929269271E-17,1.,-2.405483220021E-16));
#4314 = ADVANCED_FACE('',(#4315),#4330,.F.);
#4315 = FACE_BOUND('',#4316,.F.);
#4316 = EDGE_LOOP('',(#4317,#4324,#4325,#4326,#4327,#4328,#4329));
#4317 = ORIENTED_EDGE('',*,*,#4318,.T.);
#4318 = EDGE_CURVE('',#2025,#4015,#4319,.T.);
#4319 = CIRCLE('',#4320,5.789099631177);
#4320 = AXIS2_PLACEMENT_3D('',#4321,#4322,#4323);
#4321 = CARTESIAN_POINT('',(1.110905980507E-13,-21.5,6.794100490168));
#4322 = DIRECTION('',(-1.,-6.661338147751E-16,-7.679042586991E-16));
#4323 = DIRECTION('',(-7.679042586991E-16,-2.960594732334E-16,1.));
#4324 = ORIENTED_EDGE('',*,*,#4046,.T.);
#4325 = ORIENTED_EDGE('',*,*,#4123,.T.);
#4326 = ORIENTED_EDGE('',*,*,#4132,.T.);
#4327 = ORIENTED_EDGE('',*,*,#4300,.F.);
#4328 = ORIENTED_EDGE('',*,*,#4269,.F.);
#4329 = ORIENTED_EDGE('',*,*,#2043,.T.);
#4330 = CONICAL_SURFACE('',#4331,5.789099631177,0.698131700798);
#4331 = AXIS2_PLACEMENT_3D('',#4332,#4333,#4334);
#4332 = CARTESIAN_POINT('',(1.110905980507E-13,-21.5,6.794100490168));
#4333 = DIRECTION('',(1.,-3.885780586188E-16,-6.383782391595E-16));
#4334 = DIRECTION('',(-7.679042586991E-16,-2.960594732334E-16,1.));
#4335 = ADVANCED_FACE('',(#4336),#4396,.F.);
#4336 = FACE_BOUND('',#4337,.F.);
#4337 = EDGE_LOOP('',(#4338,#4347,#4348,#4349,#4350,#4377,#4389));
#4338 = ORIENTED_EDGE('',*,*,#4339,.F.);
#4339 = EDGE_CURVE('',#4013,#4340,#4342,.T.);
#4340 = VERTEX_POINT('',#4341);
#4341 = CARTESIAN_POINT('',(1.,-26.45,6.794100490168));
#4342 = CIRCLE('',#4343,4.95);
#4343 = AXIS2_PLACEMENT_3D('',#4344,#4345,#4346);
#4344 = CARTESIAN_POINT('',(1.,-21.5,6.794100490168));
#4345 = DIRECTION('',(1.,1.387778780781E-16,2.405483220021E-16));
#4346 = DIRECTION('',(2.405483220021E-16,-2.465190328816E-32,-1.));
#4347 = ORIENTED_EDGE('',*,*,#4012,.T.);
#4348 = ORIENTED_EDGE('',*,*,#4318,.F.);
#4349 = ORIENTED_EDGE('',*,*,#2024,.F.);
#4350 = ORIENTED_EDGE('',*,*,#4351,.T.);
#4351 = EDGE_CURVE('',#2017,#4352,#4354,.T.);
#4352 = VERTEX_POINT('',#4353);
#4353 = CARTESIAN_POINT('',(0.952043269152,-26.05,4.744710336976));
#4354 = B_SPLINE_CURVE_WITH_KNOTS('',6,(#4355,#4356,#4357,#4358,#4359,
    #4360,#4361,#4362,#4363,#4364,#4365,#4366,#4367,#4368,#4369,#4370,
    #4371,#4372,#4373,#4374,#4375,#4376),.UNSPECIFIED.,.F.,.F.,(7,5,5,5,
    7),(0.,5.921584347343E-02,0.492593205098,0.86878834308,1.),
  .UNSPECIFIED.);
#4355 = CARTESIAN_POINT('',(0.392293292694,-26.35,4.286452767481));
#4356 = CARTESIAN_POINT('',(0.398519604382,-26.34520132684,
    4.288547080143));
#4357 = CARTESIAN_POINT('',(0.404748429894,-26.34043097492,
    4.290700817633));
#4358 = CARTESIAN_POINT('',(0.410979172089,-26.33568937396,
    4.292913679776));
#4359 = CARTESIAN_POINT('',(0.417211232763,-26.33097695934,
    4.295185388115));
#4360 = CARTESIAN_POINT('',(0.423444012645,-26.32629417205,
    4.297515685908));
#4361 = CARTESIAN_POINT('',(0.475293034674,-26.28759008785,
    4.317385939984));
#4362 = CARTESIAN_POINT('',(0.52090518012,-26.25515729077,4.337989253964
    ));
#4363 = CARTESIAN_POINT('',(0.566298244367,-26.22450151419,
    4.361626778657));
#4364 = CARTESIAN_POINT('',(0.611217761617,-26.19583035732,
    4.388272150415));
#4365 = CARTESIAN_POINT('',(0.655353346916,-26.16940119912,
    4.417931862839));
#4366 = CARTESIAN_POINT('',(0.735521696821,-26.12491975124,
    4.479112398559));
#4367 = CARTESIAN_POINT('',(0.771819780252,-26.10624203481,
    4.509844407534));
#4368 = CARTESIAN_POINT('',(0.806918409721,-26.08977441513,
    4.542950328084));
#4369 = CARTESIAN_POINT('',(0.840395062611,-26.07587237819,4.57848233356
    ));
#4370 = CARTESIAN_POINT('',(0.871631213389,-26.06501116331,
    4.616427484248));
#4371 = CARTESIAN_POINT('',(0.909566486621,-26.0553030204,4.670695896503
    ));
#4372 = CARTESIAN_POINT('',(0.91899459042,-26.05323909476,4.685003253695
    ));
#4373 = CARTESIAN_POINT('',(0.928002574222,-26.05164804439,
    4.699575996797));
#4374 = CARTESIAN_POINT('',(0.936546057916,-26.05055860761,
    4.714399986974));
#4375 = CARTESIAN_POINT('',(0.944576549105,-26.05,4.729454352863));
#4376 = CARTESIAN_POINT('',(0.952043269152,-26.05,4.744710336976));
#4377 = ORIENTED_EDGE('',*,*,#4378,.T.);
#4378 = EDGE_CURVE('',#4352,#4379,#4381,.T.);
#4379 = VERTEX_POINT('',#4380);
#4380 = CARTESIAN_POINT('',(1.,-26.0866972477,4.932727782223));
#4381 = B_SPLINE_CURVE_WITH_KNOTS('',6,(#4382,#4383,#4384,#4385,#4386,
    #4387,#4388),.UNSPECIFIED.,.F.,.F.,(7,7),(0.,1.),
  .PIECEWISE_BEZIER_KNOTS.);
#4382 = CARTESIAN_POINT('',(0.952043269152,-26.05,4.744710336976));
#4383 = CARTESIAN_POINT('',(0.966967591391,-26.05,4.775203675627));
#4384 = CARTESIAN_POINT('',(0.979655402986,-26.05223169064,
    4.806534886004));
#4385 = CARTESIAN_POINT('',(0.989667138603,-26.05692457071,
    4.838422190686));
#4386 = CARTESIAN_POINT('',(0.996557768699,-26.06425789754,
    4.870457337963));
#4387 = CARTESIAN_POINT('',(1.000000010425,-26.07426464524,
    4.902092034794));
#4388 = CARTESIAN_POINT('',(1.,-26.08669729288,4.932727893555));
#4389 = ORIENTED_EDGE('',*,*,#4390,.F.);
#4390 = EDGE_CURVE('',#4340,#4379,#4391,.T.);
#4391 = CIRCLE('',#4392,4.95);
#4392 = AXIS2_PLACEMENT_3D('',#4393,#4394,#4395);
#4393 = CARTESIAN_POINT('',(1.,-21.5,6.794100490168));
#4394 = DIRECTION('',(1.,1.387778780781E-16,2.405483220021E-16));
#4395 = DIRECTION('',(2.405483220021E-16,-2.465190328816E-32,-1.));
#4396 = CONICAL_SURFACE('',#4397,4.65,0.698131700798);
#4397 = AXIS2_PLACEMENT_3D('',#4398,#4399,#4400);
#4398 = CARTESIAN_POINT('',(1.357526077778,-21.5,6.794100490168));
#4399 = DIRECTION('',(-1.,3.885780586188E-16,6.383782391595E-16));
#4400 = DIRECTION('',(-7.679042586991E-16,-2.960594732334E-16,1.));
#4401 = ADVANCED_FACE('',(#4402),#4415,.T.);
#4402 = FACE_BOUND('',#4403,.T.);
#4403 = EDGE_LOOP('',(#4404,#4405,#4406,#4407,#4408,#4414));
#4404 = ORIENTED_EDGE('',*,*,#2912,.F.);
#4405 = ORIENTED_EDGE('',*,*,#2016,.T.);
#4406 = ORIENTED_EDGE('',*,*,#4351,.T.);
#4407 = ORIENTED_EDGE('',*,*,#4378,.T.);
#4408 = ORIENTED_EDGE('',*,*,#4409,.F.);
#4409 = EDGE_CURVE('',#2940,#4379,#4410,.T.);
#4410 = LINE('',#4411,#4412);
#4411 = CARTESIAN_POINT('',(1.029068420907E-13,-26.0866972477,
    4.932727782223));
#4412 = VECTOR('',#4413,1.);
#4413 = DIRECTION('',(-1.,1.295260195396E-16,-6.47630097698E-17));
#4414 = ORIENTED_EDGE('',*,*,#2939,.F.);
#4415 = CYLINDRICAL_SURFACE('',#4416,0.5);
#4416 = AXIS2_PLACEMENT_3D('',#4417,#4418,#4419);
#4417 = CARTESIAN_POINT('',(1.029735014293E-13,-26.55,4.744710336976));
#4418 = DIRECTION('',(1.,4.625929269271E-17,2.405483220021E-16));
#4419 = DIRECTION('',(-4.625929269271E-17,1.,-2.405483220021E-16));
#4420 = ADVANCED_FACE('',(#4421),#4462,.F.);
#4421 = FACE_BOUND('',#4422,.T.);
#4422 = EDGE_LOOP('',(#4423,#4432,#4441,#4448,#4449,#4450,#4451,#4452,
    #4453,#4454,#4455,#4456,#4457,#4458,#4459,#4460,#4461));
#4423 = ORIENTED_EDGE('',*,*,#4424,.F.);
#4424 = EDGE_CURVE('',#4425,#2738,#4427,.T.);
#4425 = VERTEX_POINT('',#4426);
#4426 = CARTESIAN_POINT('',(11.,-25.48915619589,24.01661371951));
#4427 = CIRCLE('',#4428,1.);
#4428 = AXIS2_PLACEMENT_3D('',#4429,#4430,#4431);
#4429 = CARTESIAN_POINT('',(11.,-24.93898371257,23.181562679996));
#4430 = DIRECTION('',(-1.,-8.419191270074E-16,-1.295260195396E-15));
#4431 = DIRECTION('',(8.419191270074E-16,-1.,9.806970050856E-16));
#4432 = ORIENTED_EDGE('',*,*,#4433,.T.);
#4433 = EDGE_CURVE('',#4425,#4434,#4436,.T.);
#4434 = VERTEX_POINT('',#4435);
#4435 = CARTESIAN_POINT('',(11.,-34.94404506208,21.590641258618));
#4436 = CIRCLE('',#4437,15.);
#4437 = AXIS2_PLACEMENT_3D('',#4438,#4439,#4440);
#4438 = CARTESIAN_POINT('',(11.,-33.74174344576,36.542379312215));
#4439 = DIRECTION('',(-1.,-8.419191270074E-16,-1.295260195396E-15));
#4440 = DIRECTION('',(8.419191270074E-16,-1.,9.806970050856E-16));
#4441 = ORIENTED_EDGE('',*,*,#4442,.F.);
#4442 = EDGE_CURVE('',#2238,#4434,#4443,.T.);
#4443 = CIRCLE('',#4444,1.);
#4444 = AXIS2_PLACEMENT_3D('',#4445,#4446,#4447);
#4445 = CARTESIAN_POINT('',(11.,-35.02419850317,20.593858721711));
#4446 = DIRECTION('',(-1.,-8.419191270074E-16,-1.295260195396E-15));
#4447 = DIRECTION('',(8.419191270074E-16,-1.,9.806970050856E-16));
#4448 = ORIENTED_EDGE('',*,*,#2245,.T.);
#4449 = ORIENTED_EDGE('',*,*,#3110,.T.);
#4450 = ORIENTED_EDGE('',*,*,#3101,.T.);
#4451 = ORIENTED_EDGE('',*,*,#3154,.F.);
#4452 = ORIENTED_EDGE('',*,*,#3186,.T.);
#4453 = ORIENTED_EDGE('',*,*,#3228,.F.);
#4454 = ORIENTED_EDGE('',*,*,#3276,.T.);
#4455 = ORIENTED_EDGE('',*,*,#3298,.T.);
#4456 = ORIENTED_EDGE('',*,*,#3399,.F.);
#4457 = ORIENTED_EDGE('',*,*,#3455,.T.);
#4458 = ORIENTED_EDGE('',*,*,#3497,.F.);
#4459 = ORIENTED_EDGE('',*,*,#3546,.T.);
#4460 = ORIENTED_EDGE('',*,*,#3589,.F.);
#4461 = ORIENTED_EDGE('',*,*,#2745,.T.);
#4462 = PLANE('',#4463);
#4463 = AXIS2_PLACEMENT_3D('',#4464,#4465,#4466);
#4464 = CARTESIAN_POINT('',(11.,-37.40560254116,41.05654348434));
#4465 = DIRECTION('',(1.,-7.401486830834E-16,-9.899488636241E-16));
#4466 = DIRECTION('',(1.295260195396E-15,6.013708050053E-16,-1.));
#4467 = ADVANCED_FACE('',(#4468),#4487,.T.);
#4468 = FACE_BOUND('',#4469,.F.);
#4469 = EDGE_LOOP('',(#4470,#4471,#4480,#4486));
#4470 = ORIENTED_EDGE('',*,*,#2237,.T.);
#4471 = ORIENTED_EDGE('',*,*,#4472,.T.);
#4472 = EDGE_CURVE('',#2230,#4473,#4475,.T.);
#4473 = VERTEX_POINT('',#4474);
#4474 = CARTESIAN_POINT('',(-11.,-34.94404506208,21.590641258618));
#4475 = CIRCLE('',#4476,1.);
#4476 = AXIS2_PLACEMENT_3D('',#4477,#4478,#4479);
#4477 = CARTESIAN_POINT('',(-11.,-35.02419850317,20.593858721712));
#4478 = DIRECTION('',(-1.,-8.419191270074E-16,-1.295260195396E-15));
#4479 = DIRECTION('',(8.419191270074E-16,-1.,9.806970050856E-16));
#4480 = ORIENTED_EDGE('',*,*,#4481,.F.);
#4481 = EDGE_CURVE('',#4434,#4473,#4482,.T.);
#4482 = LINE('',#4483,#4484);
#4483 = CARTESIAN_POINT('',(11.,-34.94404506208,21.590641258618));
#4484 = VECTOR('',#4485,1.);
#4485 = DIRECTION('',(-1.,3.885780586188E-16,6.383782391595E-16));
#4486 = ORIENTED_EDGE('',*,*,#4442,.F.);
#4487 = CYLINDRICAL_SURFACE('',#4488,1.);
#4488 = AXIS2_PLACEMENT_3D('',#4489,#4490,#4491);
#4489 = CARTESIAN_POINT('',(11.,-35.02419850317,20.593858721711));
#4490 = DIRECTION('',(1.,-5.643633708511E-16,-4.625929269271E-16));
#4491 = DIRECTION('',(4.903485025428E-16,-1.,6.291263806209E-16));
#4492 = ADVANCED_FACE('',(#4493),#4526,.T.);
#4493 = FACE_BOUND('',#4494,.F.);
#4494 = EDGE_LOOP('',(#4495,#4504,#4511,#4512,#4513,#4514,#4515,#4516,
    #4517,#4518,#4519,#4520,#4521,#4522,#4523,#4524,#4525));
#4495 = ORIENTED_EDGE('',*,*,#4496,.F.);
#4496 = EDGE_CURVE('',#4497,#2730,#4499,.T.);
#4497 = VERTEX_POINT('',#4498);
#4498 = CARTESIAN_POINT('',(-11.,-25.48915619589,24.01661371951));
#4499 = CIRCLE('',#4500,1.);
#4500 = AXIS2_PLACEMENT_3D('',#4501,#4502,#4503);
#4501 = CARTESIAN_POINT('',(-11.,-24.93898371257,23.181562679996));
#4502 = DIRECTION('',(-1.,-8.419191270074E-16,-1.295260195396E-15));
#4503 = DIRECTION('',(8.419191270074E-16,-1.,9.806970050856E-16));
#4504 = ORIENTED_EDGE('',*,*,#4505,.T.);
#4505 = EDGE_CURVE('',#4497,#4473,#4506,.T.);
#4506 = CIRCLE('',#4507,15.);
#4507 = AXIS2_PLACEMENT_3D('',#4508,#4509,#4510);
#4508 = CARTESIAN_POINT('',(-11.,-33.74174344576,36.542379312215));
#4509 = DIRECTION('',(-1.,-8.419191270074E-16,-1.295260195396E-15));
#4510 = DIRECTION('',(8.419191270074E-16,-1.,9.806970050856E-16));
#4511 = ORIENTED_EDGE('',*,*,#4472,.F.);
#4512 = ORIENTED_EDGE('',*,*,#2229,.T.);
#4513 = ORIENTED_EDGE('',*,*,#2314,.T.);
#4514 = ORIENTED_EDGE('',*,*,#2294,.T.);
#4515 = ORIENTED_EDGE('',*,*,#2388,.F.);
#4516 = ORIENTED_EDGE('',*,*,#2438,.T.);
#4517 = ORIENTED_EDGE('',*,*,#2487,.F.);
#4518 = ORIENTED_EDGE('',*,*,#2551,.T.);
#4519 = ORIENTED_EDGE('',*,*,#2560,.T.);
#4520 = ORIENTED_EDGE('',*,*,#2664,.F.);
#4521 = ORIENTED_EDGE('',*,*,#2706,.T.);
#4522 = ORIENTED_EDGE('',*,*,#2779,.F.);
#4523 = ORIENTED_EDGE('',*,*,#2821,.T.);
#4524 = ORIENTED_EDGE('',*,*,#2796,.F.);
#4525 = ORIENTED_EDGE('',*,*,#2729,.T.);
#4526 = PLANE('',#4527);
#4527 = AXIS2_PLACEMENT_3D('',#4528,#4529,#4530);
#4528 = CARTESIAN_POINT('',(-11.,-37.40560254116,41.05654348434));
#4529 = DIRECTION('',(1.,-7.401486830834E-16,-9.899488636241E-16));
#4530 = DIRECTION('',(1.295260195396E-15,6.013708050053E-16,-1.));
#4531 = ADVANCED_FACE('',(#4532),#4543,.T.);
#4532 = FACE_BOUND('',#4533,.T.);
#4533 = EDGE_LOOP('',(#4534,#4540,#4541,#4542));
#4534 = ORIENTED_EDGE('',*,*,#4535,.T.);
#4535 = EDGE_CURVE('',#4161,#4232,#4536,.T.);
#4536 = LINE('',#4537,#4538);
#4537 = CARTESIAN_POINT('',(11.,25.489156195896,24.01661371951));
#4538 = VECTOR('',#4539,1.);
#4539 = DIRECTION('',(-1.,1.350771346627E-15,3.793262000803E-16));
#4540 = ORIENTED_EDGE('',*,*,#4231,.T.);
#4541 = ORIENTED_EDGE('',*,*,#2526,.F.);
#4542 = ORIENTED_EDGE('',*,*,#4160,.F.);
#4543 = CYLINDRICAL_SURFACE('',#4544,1.);
#4544 = AXIS2_PLACEMENT_3D('',#4545,#4546,#4547);
#4545 = CARTESIAN_POINT('',(11.,24.938983712572,23.181562679996));
#4546 = DIRECTION('',(1.,-1.174986034395E-15,-2.035408878479E-16));
#4547 = DIRECTION('',(-9.344377123928E-16,1.,-1.90588285894E-15));
#4548 = ADVANCED_FACE('',(#4549),#4560,.T.);
#4549 = FACE_BOUND('',#4550,.F.);
#4550 = EDGE_LOOP('',(#4551,#4557,#4558,#4559));
#4551 = ORIENTED_EDGE('',*,*,#4552,.T.);
#4552 = EDGE_CURVE('',#4425,#4497,#4553,.T.);
#4553 = LINE('',#4554,#4555);
#4554 = CARTESIAN_POINT('',(11.,-25.48915619589,24.01661371951));
#4555 = VECTOR('',#4556,1.);
#4556 = DIRECTION('',(-1.,3.885780586188E-16,6.383782391595E-16));
#4557 = ORIENTED_EDGE('',*,*,#4496,.T.);
#4558 = ORIENTED_EDGE('',*,*,#2737,.F.);
#4559 = ORIENTED_EDGE('',*,*,#4424,.F.);
#4560 = CYLINDRICAL_SURFACE('',#4561,1.);
#4561 = AXIS2_PLACEMENT_3D('',#4562,#4563,#4564);
#4562 = CARTESIAN_POINT('',(11.,-24.93898371257,23.181562679996));
#4563 = DIRECTION('',(1.,-5.643633708511E-16,-4.625929269271E-16));
#4564 = DIRECTION('',(4.903485025428E-16,-1.,6.291263806209E-16));
#4565 = ADVANCED_FACE('',(#4566),#4576,.F.);
#4566 = FACE_BOUND('',#4567,.T.);
#4567 = EDGE_LOOP('',(#4568,#4569,#4570,#4571,#4572,#4573,#4574,#4575));
#4568 = ORIENTED_EDGE('',*,*,#2951,.F.);
#4569 = ORIENTED_EDGE('',*,*,#4409,.T.);
#4570 = ORIENTED_EDGE('',*,*,#4390,.F.);
#4571 = ORIENTED_EDGE('',*,*,#4339,.F.);
#4572 = ORIENTED_EDGE('',*,*,#4022,.F.);
#4573 = ORIENTED_EDGE('',*,*,#3961,.T.);
#4574 = ORIENTED_EDGE('',*,*,#2845,.F.);
#4575 = ORIENTED_EDGE('',*,*,#2899,.F.);
#4576 = CYLINDRICAL_SURFACE('',#4577,4.95);
#4577 = AXIS2_PLACEMENT_3D('',#4578,#4579,#4580);
#4578 = CARTESIAN_POINT('',(1.042360642245E-13,-21.5,6.794100490168));
#4579 = DIRECTION('',(1.,-2.127927463865E-16,-1.110223024625E-16));
#4580 = DIRECTION('',(1.387778780781E-16,-1.,2.775557561563E-16));
#4581 = ADVANCED_FACE('',(#4582),#4592,.F.);
#4582 = FACE_BOUND('',#4583,.F.);
#4583 = EDGE_LOOP('',(#4584,#4585,#4586,#4587,#4588,#4589,#4590,#4591));
#4584 = ORIENTED_EDGE('',*,*,#3862,.F.);
#4585 = ORIENTED_EDGE('',*,*,#3913,.T.);
#4586 = ORIENTED_EDGE('',*,*,#3922,.T.);
#4587 = ORIENTED_EDGE('',*,*,#3706,.T.);
#4588 = ORIENTED_EDGE('',*,*,#3766,.F.);
#4589 = ORIENTED_EDGE('',*,*,#2974,.F.);
#4590 = ORIENTED_EDGE('',*,*,#3030,.F.);
#4591 = ORIENTED_EDGE('',*,*,#3077,.F.);
#4592 = CYLINDRICAL_SURFACE('',#4593,4.95);
#4593 = AXIS2_PLACEMENT_3D('',#4594,#4595,#4596);
#4594 = CARTESIAN_POINT('',(9.826861546713E-14,21.5,6.794100490168));
#4595 = DIRECTION('',(1.,-2.127927463865E-16,3.700743415417E-16));
#4596 = DIRECTION('',(-1.387778780781E-16,1.,-7.216449660064E-16));
#4597 = ADVANCED_FACE('',(#4598),#4604,.F.);
#4598 = FACE_BOUND('',#4599,.F.);
#4599 = EDGE_LOOP('',(#4600,#4601,#4602,#4603));
#4600 = ORIENTED_EDGE('',*,*,#4535,.T.);
#4601 = ORIENTED_EDGE('',*,*,#4240,.T.);
#4602 = ORIENTED_EDGE('',*,*,#4216,.F.);
#4603 = ORIENTED_EDGE('',*,*,#4169,.F.);
#4604 = CYLINDRICAL_SURFACE('',#4605,15.);
#4605 = AXIS2_PLACEMENT_3D('',#4606,#4607,#4608);
#4606 = CARTESIAN_POINT('',(11.,33.74174344576,36.542379312215));
#4607 = DIRECTION('',(1.,-1.174986034395E-15,-2.035408878479E-16));
#4608 = DIRECTION('',(-9.344377123928E-16,1.,-1.90588285894E-15));
#4609 = ADVANCED_FACE('',(#4610),#4616,.F.);
#4610 = FACE_BOUND('',#4611,.T.);
#4611 = EDGE_LOOP('',(#4612,#4613,#4614,#4615));
#4612 = ORIENTED_EDGE('',*,*,#4552,.T.);
#4613 = ORIENTED_EDGE('',*,*,#4505,.T.);
#4614 = ORIENTED_EDGE('',*,*,#4481,.F.);
#4615 = ORIENTED_EDGE('',*,*,#4433,.F.);
#4616 = CYLINDRICAL_SURFACE('',#4617,15.);
#4617 = AXIS2_PLACEMENT_3D('',#4618,#4619,#4620);
#4618 = CARTESIAN_POINT('',(11.,-33.74174344576,36.542379312215));
#4619 = DIRECTION('',(1.,-5.643633708511E-16,-4.625929269271E-16));
#4620 = DIRECTION('',(4.903485025428E-16,-1.,6.291263806209E-16));
#4621 = ( GEOMETRIC_REPRESENTATION_CONTEXT(3) 
GLOBAL_UNCERTAINTY_ASSIGNED_CONTEXT((#4625)) 
GLOBAL_UNIT_ASSIGNED_CONTEXT((#4622,#4623,#4624)) REPRESENTATION_CONTEXT
('Context #1','3D Context with UNIT and UNCERTAINTY') );
#4622 = ( LENGTH_UNIT() NAMED_UNIT(*) SI_UNIT(.MILLI.,.METRE.) );
#4623 = ( NAMED_UNIT(*) PLANE_ANGLE_UNIT() SI_UNIT($,.RADIAN.) );
#4624 = ( NAMED_UNIT(*) SI_UNIT($,.STERADIAN.) SOLID_ANGLE_UNIT() );
#4625 = UNCERTAINTY_MEASURE_WITH_UNIT(LENGTH_MEASURE(1.E-04),#4622,
  'distance_accuracy_value','confusion accuracy');
#4626 = PRODUCT_RELATED_PRODUCT_CATEGORY('part',$,(#7));
ENDSEC;
END-ISO-10303-21;
