ISO-10303-21;
HEADER;
FILE_DESCRIPTION(('FreeCAD Model'),'2;1');
FILE_NAME('Open CASCADE Shape Model','2026-09-27T19:09:19',(''),(''),
  'Open CASCADE STEP processor 7.8','FreeCAD','Unknown');
FILE_SCHEMA(('AUTOMOTIVE_DESIGN { 1 0 10303 214 1 1 1 1 }'));
ENDSEC;
DATA;
#1 = APPLICATION_PROTOCOL_DEFINITION('international standard',
  'automotive_design',2000,#2);
#2 = APPLICATION_CONTEXT(
  'core data for automotive mechanical design processes');
#3 = SHAPE_DEFINITION_REPRESENTATION(#4,#10);
#4 = PRODUCT_DEFINITION_SHAPE('','',#5);
#5 = PRODUCT_DEFINITION('design','',#6,#9);
#6 = PRODUCT_DEFINITION_FORMATION('','',#7);
#7 = PRODUCT('JoboKnob','JoboKnob','',(#8));
#8 = PRODUCT_CONTEXT('',#2,'mechanical');
#9 = PRODUCT_DEFINITION_CONTEXT('part definition',#2,'design');
#10 = SHAPE_REPRESENTATION('',(#11,#15,#19,#23),#27);
#11 = AXIS2_PLACEMENT_3D('',#12,#13,#14);
#12 = CARTESIAN_POINT('',(0.,0.,0.));
#13 = DIRECTION('',(0.,0.,1.));
#14 = DIRECTION('',(1.,0.,-0.));
#15 = AXIS2_PLACEMENT_3D('',#16,#17,#18);
#16 = CARTESIAN_POINT('',(0.,0.,0.));
#17 = DIRECTION('',(0.,0.,1.));
#18 = DIRECTION('',(1.,0.,0.));
#19 = AXIS2_PLACEMENT_3D('',#20,#21,#22);
#20 = CARTESIAN_POINT('',(0.,0.,0.));
#21 = DIRECTION('',(0.,0.,1.));
#22 = DIRECTION('',(1.,0.,0.));
#23 = AXIS2_PLACEMENT_3D('',#24,#25,#26);
#24 = CARTESIAN_POINT('',(0.,0.,0.));
#25 = DIRECTION('',(0.,0.,1.));
#26 = DIRECTION('',(1.,0.,0.));
#27 = ( GEOMETRIC_REPRESENTATION_CONTEXT(3) 
GLOBAL_UNCERTAINTY_ASSIGNED_CONTEXT((#31)) GLOBAL_UNIT_ASSIGNED_CONTEXT(
(#28,#29,#30)) REPRESENTATION_CONTEXT('Context #1',
  '3D Context with UNIT and UNCERTAINTY') );
#28 = ( LENGTH_UNIT() NAMED_UNIT(*) SI_UNIT(.MILLI.,.METRE.) );
#29 = ( NAMED_UNIT(*) PLANE_ANGLE_UNIT() SI_UNIT($,.RADIAN.) );
#30 = ( NAMED_UNIT(*) SI_UNIT($,.STERADIAN.) SOLID_ANGLE_UNIT() );
#31 = UNCERTAINTY_MEASURE_WITH_UNIT(LENGTH_MEASURE(5.E-07),#28,
  'distance_accuracy_value','confusion accuracy');
#32 = PRODUCT_RELATED_PRODUCT_CATEGORY('part',$,(#7));
#33 = SHAPE_DEFINITION_REPRESENTATION(#34,#40);
#34 = PRODUCT_DEFINITION_SHAPE('','',#35);
#35 = PRODUCT_DEFINITION('design','',#36,#39);
#36 = PRODUCT_DEFINITION_FORMATION('','',#37);
#37 = PRODUCT('Knob','Knob','',(#38));
#38 = PRODUCT_CONTEXT('',#2,'mechanical');
#39 = PRODUCT_DEFINITION_CONTEXT('part definition',#2,'design');
#40 = ADVANCED_BREP_SHAPE_REPRESENTATION('',(#11,#41),#4721);
#41 = MANIFOLD_SOLID_BREP('',#42);
#42 = CLOSED_SHELL('',(#43,#137,#159,#176,#314,#324,#383,#443,#495,#529,
    #545,#579,#596,#622,#638,#661,#672,#706,#764,#789,#840,#858,#892,
    #917,#942,#961,#1017,#1041,#1100,#1118,#1152,#1164,#1248,#1264,#1275
    ,#1285,#1303,#1356,#1381,#1415,#1470,#1506,#1523,#1535,#1547,#1571,
    #1598,#1622,#1642,#1654,#1679,#1699,#1724,#1744,#2696,#2782,#2800,
    #2930,#3010,#3028,#3108,#3126,#3206,#3224,#3304,#3322,#3402,#3420,
    #3456,#3496,#3539,#3550,#3586,#3626,#3669,#3680,#3716,#3756,#3799,
    #3810,#3846,#3886,#3929,#3940,#3976,#4016,#4059,#4070,#4150,#4168,
    #4248,#4267,#4347,#4365,#4445,#4463,#4543,#4561,#4571,#4581,#4591,
    #4601,#4611,#4621,#4631,#4641,#4651,#4661,#4671,#4681,#4691,#4701,
    #4711));
#43 = ADVANCED_FACE('',(#44),#132,.F.);
#44 = FACE_BOUND('',#45,.T.);
#45 = EDGE_LOOP('',(#46,#56,#65,#73,#82,#90,#99,#107,#116,#125));
#46 = ORIENTED_EDGE('',*,*,#47,.T.);
#47 = EDGE_CURVE('',#48,#50,#52,.T.);
#48 = VERTEX_POINT('',#49);
#49 = CARTESIAN_POINT('',(-2.323790007725,1.650000000003,2.));
#50 = VERTEX_POINT('',#51);
#51 = CARTESIAN_POINT('',(-2.323790007725,1.650000000004,14.));
#52 = LINE('',#53,#54);
#53 = CARTESIAN_POINT('',(-2.323790007725,1.650000000004,2.));
#54 = VECTOR('',#55,1.);
#55 = DIRECTION('',(0.,0.,1.));
#56 = ORIENTED_EDGE('',*,*,#57,.T.);
#57 = EDGE_CURVE('',#50,#58,#60,.T.);
#58 = VERTEX_POINT('',#59);
#59 = CARTESIAN_POINT('',(-2.805797569327,0.5,14.));
#60 = CIRCLE('',#61,2.850000000007);
#61 = AXIS2_PLACEMENT_3D('',#62,#63,#64);
#62 = CARTESIAN_POINT('',(0.,0.,14.));
#63 = DIRECTION('',(0.,0.,1.));
#64 = DIRECTION('',(1.,0.,0.));
#65 = ORIENTED_EDGE('',*,*,#66,.T.);
#66 = EDGE_CURVE('',#58,#67,#69,.T.);
#67 = VERTEX_POINT('',#68);
#68 = CARTESIAN_POINT('',(-2.805797569327,0.5,0.));
#69 = LINE('',#70,#71);
#70 = CARTESIAN_POINT('',(-2.805797569327,0.5,0.));
#71 = VECTOR('',#72,1.);
#72 = DIRECTION('',(-0.,-0.,-1.));
#73 = ORIENTED_EDGE('',*,*,#74,.F.);
#74 = EDGE_CURVE('',#75,#67,#77,.T.);
#75 = VERTEX_POINT('',#76);
#76 = CARTESIAN_POINT('',(2.805797569327,0.5,0.));
#77 = CIRCLE('',#78,2.850000000007);
#78 = AXIS2_PLACEMENT_3D('',#79,#80,#81);
#79 = CARTESIAN_POINT('',(0.,0.,0.));
#80 = DIRECTION('',(0.,0.,1.));
#81 = DIRECTION('',(1.,0.,0.));
#82 = ORIENTED_EDGE('',*,*,#83,.F.);
#83 = EDGE_CURVE('',#84,#75,#86,.T.);
#84 = VERTEX_POINT('',#85);
#85 = CARTESIAN_POINT('',(2.805797569327,0.5,14.));
#86 = LINE('',#87,#88);
#87 = CARTESIAN_POINT('',(2.805797569327,0.5,0.));
#88 = VECTOR('',#89,1.);
#89 = DIRECTION('',(-0.,-0.,-1.));
#90 = ORIENTED_EDGE('',*,*,#91,.T.);
#91 = EDGE_CURVE('',#84,#92,#94,.T.);
#92 = VERTEX_POINT('',#93);
#93 = CARTESIAN_POINT('',(2.323790007725,1.650000000003,14.));
#94 = CIRCLE('',#95,2.850000000007);
#95 = AXIS2_PLACEMENT_3D('',#96,#97,#98);
#96 = CARTESIAN_POINT('',(0.,0.,14.));
#97 = DIRECTION('',(0.,0.,1.));
#98 = DIRECTION('',(1.,0.,0.));
#99 = ORIENTED_EDGE('',*,*,#100,.T.);
#100 = EDGE_CURVE('',#92,#101,#103,.T.);
#101 = VERTEX_POINT('',#102);
#102 = CARTESIAN_POINT('',(2.323790007725,1.650000000003,2.));
#103 = LINE('',#104,#105);
#104 = CARTESIAN_POINT('',(2.323790007725,1.650000000003,2.));
#105 = VECTOR('',#106,1.);
#106 = DIRECTION('',(-0.,-0.,-1.));
#107 = ORIENTED_EDGE('',*,*,#108,.T.);
#108 = EDGE_CURVE('',#101,#109,#111,.T.);
#109 = VERTEX_POINT('',#110);
#110 = CARTESIAN_POINT('',(1.048808848165,2.650000000003,1.));
#111 = ELLIPSE('',#112,4.030508652773,2.850000000007);
#112 = AXIS2_PLACEMENT_3D('',#113,#114,#115);
#113 = CARTESIAN_POINT('',(0.,0.,3.650000000003));
#114 = DIRECTION('',(3.319E-14,0.707106781187,0.707106781187));
#115 = DIRECTION('',(3.319E-14,0.707106781187,-0.707106781187));
#116 = ORIENTED_EDGE('',*,*,#117,.T.);
#117 = EDGE_CURVE('',#109,#118,#120,.T.);
#118 = VERTEX_POINT('',#119);
#119 = CARTESIAN_POINT('',(-1.048808848165,2.650000000003,1.));
#120 = CIRCLE('',#121,2.850000000004);
#121 = AXIS2_PLACEMENT_3D('',#122,#123,#124);
#122 = CARTESIAN_POINT('',(2.485E-13,-3.457E-12,1.));
#123 = DIRECTION('',(0.,0.,1.));
#124 = DIRECTION('',(1.,0.,0.));
#125 = ORIENTED_EDGE('',*,*,#126,.F.);
#126 = EDGE_CURVE('',#48,#118,#127,.T.);
#127 = ELLIPSE('',#128,4.030508652773,2.850000000007);
#128 = AXIS2_PLACEMENT_3D('',#129,#130,#131);
#129 = CARTESIAN_POINT('',(0.,0.,3.650000000003));
#130 = DIRECTION('',(-3.319E-14,-0.707106781187,-0.707106781187));
#131 = DIRECTION('',(3.319E-14,0.707106781187,-0.707106781187));
#132 = CYLINDRICAL_SURFACE('',#133,2.850000000007);
#133 = AXIS2_PLACEMENT_3D('',#134,#135,#136);
#134 = CARTESIAN_POINT('',(0.,0.,0.));
#135 = DIRECTION('',(-0.,-0.,-1.));
#136 = DIRECTION('',(1.,0.,0.));
#137 = ADVANCED_FACE('',(#138),#154,.T.);
#138 = FACE_BOUND('',#139,.T.);
#139 = EDGE_LOOP('',(#140,#141,#147,#148));
#140 = ORIENTED_EDGE('',*,*,#47,.F.);
#141 = ORIENTED_EDGE('',*,*,#142,.F.);
#142 = EDGE_CURVE('',#101,#48,#143,.T.);
#143 = LINE('',#144,#145);
#144 = CARTESIAN_POINT('',(2.323790007725,1.650000000003,2.));
#145 = VECTOR('',#146,1.);
#146 = DIRECTION('',(-1.,0.,0.));
#147 = ORIENTED_EDGE('',*,*,#100,.F.);
#148 = ORIENTED_EDGE('',*,*,#149,.T.);
#149 = EDGE_CURVE('',#92,#50,#150,.T.);
#150 = LINE('',#151,#152);
#151 = CARTESIAN_POINT('',(1.161895003863,1.650000000004,14.));
#152 = VECTOR('',#153,1.);
#153 = DIRECTION('',(-1.,0.,0.));
#154 = PLANE('',#155);
#155 = AXIS2_PLACEMENT_3D('',#156,#157,#158);
#156 = CARTESIAN_POINT('',(4.5882E-13,1.650000000003,7.5));
#157 = DIRECTION('',(-4.691E-14,-1.,-0.));
#158 = DIRECTION('',(-1.,4.691E-14,0.));
#159 = ADVANCED_FACE('',(#160),#171,.F.);
#160 = FACE_BOUND('',#161,.T.);
#161 = EDGE_LOOP('',(#162,#163,#164,#165));
#162 = ORIENTED_EDGE('',*,*,#108,.F.);
#163 = ORIENTED_EDGE('',*,*,#142,.T.);
#164 = ORIENTED_EDGE('',*,*,#126,.T.);
#165 = ORIENTED_EDGE('',*,*,#166,.F.);
#166 = EDGE_CURVE('',#109,#118,#167,.T.);
#167 = LINE('',#168,#169);
#168 = CARTESIAN_POINT('',(2.323790007725,2.650000000003,1.));
#169 = VECTOR('',#170,1.);
#170 = DIRECTION('',(-1.,0.,0.));
#171 = PLANE('',#172);
#172 = AXIS2_PLACEMENT_3D('',#173,#174,#175);
#173 = CARTESIAN_POINT('',(2.323790007725,2.150000000003,1.5));
#174 = DIRECTION('',(3.319E-14,0.707106781187,0.707106781187));
#175 = DIRECTION('',(1.,-2.346887406758E-14,-2.346887406758E-14));
#176 = ADVANCED_FACE('',(#177,#245,#281),#309,.T.);
#177 = FACE_BOUND('',#178,.T.);
#178 = EDGE_LOOP('',(#179,#190,#198,#206,#214,#223,#231,#239));
#179 = ORIENTED_EDGE('',*,*,#180,.F.);
#180 = EDGE_CURVE('',#181,#183,#185,.T.);
#181 = VERTEX_POINT('',#182);
#182 = CARTESIAN_POINT('',(8.986100377806,0.5,14.));
#183 = VERTEX_POINT('',#184);
#184 = CARTESIAN_POINT('',(-8.986100377806,0.5,14.));
#185 = CIRCLE('',#186,9.);
#186 = AXIS2_PLACEMENT_3D('',#187,#188,#189);
#187 = CARTESIAN_POINT('',(0.,3.11E-15,14.));
#188 = DIRECTION('',(-0.,2.2E-16,1.));
#189 = DIRECTION('',(1.,0.,0.));
#190 = ORIENTED_EDGE('',*,*,#191,.F.);
#191 = EDGE_CURVE('',#192,#181,#194,.T.);
#192 = VERTEX_POINT('',#193);
#193 = CARTESIAN_POINT('',(9.987492177719,0.5,14.));
#194 = LINE('',#195,#196);
#195 = CARTESIAN_POINT('',(4.993746088859,0.5,14.));
#196 = VECTOR('',#197,1.);
#197 = DIRECTION('',(-1.,0.,0.));
#198 = ORIENTED_EDGE('',*,*,#199,.F.);
#199 = EDGE_CURVE('',#200,#192,#202,.T.);
#200 = VERTEX_POINT('',#201);
#201 = CARTESIAN_POINT('',(9.987492177719,-0.5,14.));
#202 = LINE('',#203,#204);
#203 = CARTESIAN_POINT('',(9.987492177719,-0.25,14.));
#204 = VECTOR('',#205,1.);
#205 = DIRECTION('',(0.,1.,0.));
#206 = ORIENTED_EDGE('',*,*,#207,.F.);
#207 = EDGE_CURVE('',#208,#200,#210,.T.);
#208 = VERTEX_POINT('',#209);
#209 = CARTESIAN_POINT('',(8.986100377806,-0.5,14.));
#210 = LINE('',#211,#212);
#211 = CARTESIAN_POINT('',(-4.993746088859,-0.5,14.));
#212 = VECTOR('',#213,1.);
#213 = DIRECTION('',(1.,0.,0.));
#214 = ORIENTED_EDGE('',*,*,#215,.F.);
#215 = EDGE_CURVE('',#216,#208,#218,.T.);
#216 = VERTEX_POINT('',#217);
#217 = CARTESIAN_POINT('',(-8.986100377806,-0.5,14.));
#218 = CIRCLE('',#219,9.);
#219 = AXIS2_PLACEMENT_3D('',#220,#221,#222);
#220 = CARTESIAN_POINT('',(0.,3.11E-15,14.));
#221 = DIRECTION('',(-0.,2.2E-16,1.));
#222 = DIRECTION('',(1.,0.,0.));
#223 = ORIENTED_EDGE('',*,*,#224,.F.);
#224 = EDGE_CURVE('',#225,#216,#227,.T.);
#225 = VERTEX_POINT('',#226);
#226 = CARTESIAN_POINT('',(-9.987492177719,-0.5,14.));
#227 = LINE('',#228,#229);
#228 = CARTESIAN_POINT('',(-4.993746088859,-0.5,14.));
#229 = VECTOR('',#230,1.);
#230 = DIRECTION('',(1.,0.,0.));
#231 = ORIENTED_EDGE('',*,*,#232,.F.);
#232 = EDGE_CURVE('',#233,#225,#235,.T.);
#233 = VERTEX_POINT('',#234);
#234 = CARTESIAN_POINT('',(-9.987492177719,0.5,14.));
#235 = LINE('',#236,#237);
#236 = CARTESIAN_POINT('',(-9.987492177719,0.25,14.));
#237 = VECTOR('',#238,1.);
#238 = DIRECTION('',(0.,-1.,0.));
#239 = ORIENTED_EDGE('',*,*,#240,.F.);
#240 = EDGE_CURVE('',#183,#233,#241,.T.);
#241 = LINE('',#242,#243);
#242 = CARTESIAN_POINT('',(4.993746088859,0.5,14.));
#243 = VECTOR('',#244,1.);
#244 = DIRECTION('',(-1.,0.,0.));
#245 = FACE_BOUND('',#246,.T.);
#246 = EDGE_LOOP('',(#247,#258,#266,#275));
#247 = ORIENTED_EDGE('',*,*,#248,.T.);
#248 = EDGE_CURVE('',#249,#251,#253,.T.);
#249 = VERTEX_POINT('',#250);
#250 = CARTESIAN_POINT('',(-7.984359711336,-0.5,14.));
#251 = VERTEX_POINT('',#252);
#252 = CARTESIAN_POINT('',(7.984359711336,-0.5,14.));
#253 = CIRCLE('',#254,8.);
#254 = AXIS2_PLACEMENT_3D('',#255,#256,#257);
#255 = CARTESIAN_POINT('',(0.,3.11E-15,14.));
#256 = DIRECTION('',(-0.,2.2E-16,1.));
#257 = DIRECTION('',(1.,0.,0.));
#258 = ORIENTED_EDGE('',*,*,#259,.F.);
#259 = EDGE_CURVE('',#260,#251,#262,.T.);
#260 = VERTEX_POINT('',#261);
#261 = CARTESIAN_POINT('',(2.805797569327,-0.5,14.));
#262 = LINE('',#263,#264);
#263 = CARTESIAN_POINT('',(-4.993746088859,-0.5,14.));
#264 = VECTOR('',#265,1.);
#265 = DIRECTION('',(1.,0.,0.));
#266 = ORIENTED_EDGE('',*,*,#267,.F.);
#267 = EDGE_CURVE('',#268,#260,#270,.T.);
#268 = VERTEX_POINT('',#269);
#269 = CARTESIAN_POINT('',(-2.805797569327,-0.5,14.));
#270 = CIRCLE('',#271,2.850000000007);
#271 = AXIS2_PLACEMENT_3D('',#272,#273,#274);
#272 = CARTESIAN_POINT('',(0.,0.,14.));
#273 = DIRECTION('',(0.,0.,1.));
#274 = DIRECTION('',(1.,0.,0.));
#275 = ORIENTED_EDGE('',*,*,#276,.F.);
#276 = EDGE_CURVE('',#249,#268,#277,.T.);
#277 = LINE('',#278,#279);
#278 = CARTESIAN_POINT('',(-4.993746088859,-0.5,14.));
#279 = VECTOR('',#280,1.);
#280 = DIRECTION('',(1.,0.,0.));
#281 = FACE_BOUND('',#282,.T.);
#282 = EDGE_LOOP('',(#283,#294,#300,#301,#302,#303));
#283 = ORIENTED_EDGE('',*,*,#284,.T.);
#284 = EDGE_CURVE('',#285,#287,#289,.T.);
#285 = VERTEX_POINT('',#286);
#286 = CARTESIAN_POINT('',(7.984359711336,0.5,14.));
#287 = VERTEX_POINT('',#288);
#288 = CARTESIAN_POINT('',(-7.984359711336,0.5,14.));
#289 = CIRCLE('',#290,8.);
#290 = AXIS2_PLACEMENT_3D('',#291,#292,#293);
#291 = CARTESIAN_POINT('',(0.,3.11E-15,14.));
#292 = DIRECTION('',(-0.,2.2E-16,1.));
#293 = DIRECTION('',(1.,0.,0.));
#294 = ORIENTED_EDGE('',*,*,#295,.F.);
#295 = EDGE_CURVE('',#58,#287,#296,.T.);
#296 = LINE('',#297,#298);
#297 = CARTESIAN_POINT('',(4.993746088859,0.5,14.));
#298 = VECTOR('',#299,1.);
#299 = DIRECTION('',(-1.,0.,0.));
#300 = ORIENTED_EDGE('',*,*,#57,.F.);
#301 = ORIENTED_EDGE('',*,*,#149,.F.);
#302 = ORIENTED_EDGE('',*,*,#91,.F.);
#303 = ORIENTED_EDGE('',*,*,#304,.F.);
#304 = EDGE_CURVE('',#285,#84,#305,.T.);
#305 = LINE('',#306,#307);
#306 = CARTESIAN_POINT('',(4.993746088859,0.5,14.));
#307 = VECTOR('',#308,1.);
#308 = DIRECTION('',(-1.,0.,0.));
#309 = PLANE('',#310);
#310 = AXIS2_PLACEMENT_3D('',#311,#312,#313);
#311 = CARTESIAN_POINT('',(3.2E-16,2.78E-15,14.));
#312 = DIRECTION('',(-0.,-2.2E-16,-1.));
#313 = DIRECTION('',(0.,-1.,2.2E-16));
#314 = ADVANCED_FACE('',(#315),#319,.F.);
#315 = FACE_BOUND('',#316,.F.);
#316 = EDGE_LOOP('',(#317,#318));
#317 = ORIENTED_EDGE('',*,*,#117,.T.);
#318 = ORIENTED_EDGE('',*,*,#166,.F.);
#319 = PLANE('',#320);
#320 = AXIS2_PLACEMENT_3D('',#321,#322,#323);
#321 = CARTESIAN_POINT('',(5.0691E-13,2.026969675409,1.));
#322 = DIRECTION('',(0.,0.,1.));
#323 = DIRECTION('',(1.,0.,0.));
#324 = ADVANCED_FACE('',(#325),#378,.T.);
#325 = FACE_BOUND('',#326,.T.);
#326 = EDGE_LOOP('',(#327,#335,#336,#337,#346,#354,#363,#372));
#327 = ORIENTED_EDGE('',*,*,#328,.F.);
#328 = EDGE_CURVE('',#67,#329,#331,.T.);
#329 = VERTEX_POINT('',#330);
#330 = CARTESIAN_POINT('',(-6.982120021884,0.5,0.));
#331 = LINE('',#332,#333);
#332 = CARTESIAN_POINT('',(9.987492177719,0.5,0.));
#333 = VECTOR('',#334,1.);
#334 = DIRECTION('',(-1.,0.,0.));
#335 = ORIENTED_EDGE('',*,*,#66,.F.);
#336 = ORIENTED_EDGE('',*,*,#295,.T.);
#337 = ORIENTED_EDGE('',*,*,#338,.F.);
#338 = EDGE_CURVE('',#339,#287,#341,.T.);
#339 = VERTEX_POINT('',#340);
#340 = CARTESIAN_POINT('',(-6.982120021884,0.5,13.));
#341 = HYPERBOLA('',#342,0.5,0.5);
#342 = AXIS2_PLACEMENT_3D('',#343,#344,#345);
#343 = CARTESIAN_POINT('',(0.,0.5,6.));
#344 = DIRECTION('',(0.,-1.,0.));
#345 = DIRECTION('',(0.,0.,1.));
#346 = ORIENTED_EDGE('',*,*,#347,.T.);
#347 = EDGE_CURVE('',#339,#348,#350,.T.);
#348 = VERTEX_POINT('',#349);
#349 = CARTESIAN_POINT('',(-6.982120021884,0.5,3.999407209439));
#350 = LINE('',#351,#352);
#351 = CARTESIAN_POINT('',(-6.982120021884,0.5,0.));
#352 = VECTOR('',#353,1.);
#353 = DIRECTION('',(-0.,-0.,-1.));
#354 = ORIENTED_EDGE('',*,*,#355,.F.);
#355 = EDGE_CURVE('',#356,#348,#358,.T.);
#356 = VERTEX_POINT('',#357);
#357 = CARTESIAN_POINT('',(-5.928850239163,0.5,2.499703604719));
#358 = HYPERBOLA('',#359,0.714074003371,0.5);
#359 = AXIS2_PLACEMENT_3D('',#360,#361,#362);
#360 = CARTESIAN_POINT('',(0.,0.5,-5.997628837756));
#361 = DIRECTION('',(0.,-1.,0.));
#362 = DIRECTION('',(0.,0.,1.));
#363 = ORIENTED_EDGE('',*,*,#364,.F.);
#364 = EDGE_CURVE('',#365,#356,#367,.T.);
#365 = VERTEX_POINT('',#366);
#366 = CARTESIAN_POINT('',(-6.982120021884,0.5,1.));
#367 = HYPERBOLA('',#368,0.714074003371,0.5);
#368 = AXIS2_PLACEMENT_3D('',#369,#370,#371);
#369 = CARTESIAN_POINT('',(0.,0.5,10.997036047195));
#370 = DIRECTION('',(0.,-1.,0.));
#371 = DIRECTION('',(0.,0.,-1.));
#372 = ORIENTED_EDGE('',*,*,#373,.T.);
#373 = EDGE_CURVE('',#365,#329,#374,.T.);
#374 = LINE('',#375,#376);
#375 = CARTESIAN_POINT('',(-6.982120021884,0.5,0.));
#376 = VECTOR('',#377,1.);
#377 = DIRECTION('',(-0.,-0.,-1.));
#378 = PLANE('',#379);
#379 = AXIS2_PLACEMENT_3D('',#380,#381,#382);
#380 = CARTESIAN_POINT('',(9.987492177719,0.5,0.));
#381 = DIRECTION('',(0.,-1.,0.));
#382 = DIRECTION('',(-1.,0.,0.));
#383 = ADVANCED_FACE('',(#384),#438,.F.);
#384 = FACE_BOUND('',#385,.F.);
#385 = EDGE_LOOP('',(#386,#394,#403,#412,#420,#429,#436,#437));
#386 = ORIENTED_EDGE('',*,*,#387,.F.);
#387 = EDGE_CURVE('',#388,#75,#390,.T.);
#388 = VERTEX_POINT('',#389);
#389 = CARTESIAN_POINT('',(6.982120021884,0.5,0.));
#390 = LINE('',#391,#392);
#391 = CARTESIAN_POINT('',(9.987492177719,0.5,0.));
#392 = VECTOR('',#393,1.);
#393 = DIRECTION('',(-1.,0.,0.));
#394 = ORIENTED_EDGE('',*,*,#395,.T.);
#395 = EDGE_CURVE('',#388,#396,#398,.T.);
#396 = VERTEX_POINT('',#397);
#397 = CARTESIAN_POINT('',(6.80957044904,1.62165048625,0.));
#398 = CIRCLE('',#399,7.);
#399 = AXIS2_PLACEMENT_3D('',#400,#401,#402);
#400 = CARTESIAN_POINT('',(0.,0.,0.));
#401 = DIRECTION('',(0.,0.,1.));
#402 = DIRECTION('',(1.,0.,0.));
#403 = ORIENTED_EDGE('',*,*,#404,.F.);
#404 = EDGE_CURVE('',#405,#396,#407,.T.);
#405 = VERTEX_POINT('',#406);
#406 = CARTESIAN_POINT('',(3.374434535829,2.593982722551,0.));
#407 = CIRCLE('',#408,2.25);
#408 = AXIS2_PLACEMENT_3D('',#409,#410,#411);
#409 = CARTESIAN_POINT('',(5.465049063424,3.425746449224,0.));
#410 = DIRECTION('',(0.,0.,1.));
#411 = DIRECTION('',(1.,0.,0.));
#412 = ORIENTED_EDGE('',*,*,#413,.T.);
#413 = EDGE_CURVE('',#405,#414,#416,.T.);
#414 = VERTEX_POINT('',#415);
#415 = CARTESIAN_POINT('',(2.58537117286,4.577271097503,0.));
#416 = LINE('',#417,#418);
#417 = CARTESIAN_POINT('',(3.374434535829,2.593982722551,0.));
#418 = VECTOR('',#419,1.);
#419 = DIRECTION('',(-0.36967276741,0.929162012265,0.));
#420 = ORIENTED_EDGE('',*,*,#421,.F.);
#421 = EDGE_CURVE('',#422,#414,#424,.T.);
#422 = VERTEX_POINT('',#423);
#423 = CARTESIAN_POINT('',(2.688232642682,6.463234891199,0.));
#424 = CIRCLE('',#425,2.25);
#425 = AXIS2_PLACEMENT_3D('',#426,#427,#428);
#426 = CARTESIAN_POINT('',(4.675985700455,5.409034824175,0.));
#427 = DIRECTION('',(0.,0.,1.));
#428 = DIRECTION('',(1.,0.,0.));
#429 = ORIENTED_EDGE('',*,*,#430,.T.);
#430 = EDGE_CURVE('',#422,#329,#431,.T.);
#431 = CIRCLE('',#432,7.);
#432 = AXIS2_PLACEMENT_3D('',#433,#434,#435);
#433 = CARTESIAN_POINT('',(0.,0.,0.));
#434 = DIRECTION('',(0.,0.,1.));
#435 = DIRECTION('',(1.,0.,0.));
#436 = ORIENTED_EDGE('',*,*,#328,.F.);
#437 = ORIENTED_EDGE('',*,*,#74,.F.);
#438 = PLANE('',#439);
#439 = AXIS2_PLACEMENT_3D('',#440,#441,#442);
#440 = CARTESIAN_POINT('',(0.,0.,0.));
#441 = DIRECTION('',(0.,0.,1.));
#442 = DIRECTION('',(1.,0.,0.));
#443 = ADVANCED_FACE('',(#444),#490,.T.);
#444 = FACE_BOUND('',#445,.T.);
#445 = EDGE_LOOP('',(#446,#447,#455,#464,#473,#481,#488,#489));
#446 = ORIENTED_EDGE('',*,*,#387,.F.);
#447 = ORIENTED_EDGE('',*,*,#448,.F.);
#448 = EDGE_CURVE('',#449,#388,#451,.T.);
#449 = VERTEX_POINT('',#450);
#450 = CARTESIAN_POINT('',(6.982120021884,0.5,1.));
#451 = LINE('',#452,#453);
#452 = CARTESIAN_POINT('',(6.982120021884,0.5,0.));
#453 = VECTOR('',#454,1.);
#454 = DIRECTION('',(-0.,-0.,-1.));
#455 = ORIENTED_EDGE('',*,*,#456,.F.);
#456 = EDGE_CURVE('',#457,#449,#459,.T.);
#457 = VERTEX_POINT('',#458);
#458 = CARTESIAN_POINT('',(5.928850239163,0.5,2.499703604719));
#459 = HYPERBOLA('',#460,0.714074003371,0.5);
#460 = AXIS2_PLACEMENT_3D('',#461,#462,#463);
#461 = CARTESIAN_POINT('',(0.,0.5,10.997036047195));
#462 = DIRECTION('',(0.,-1.,0.));
#463 = DIRECTION('',(0.,0.,-1.));
#464 = ORIENTED_EDGE('',*,*,#465,.F.);
#465 = EDGE_CURVE('',#466,#457,#468,.T.);
#466 = VERTEX_POINT('',#467);
#467 = CARTESIAN_POINT('',(6.982120021884,0.5,3.999407209439));
#468 = HYPERBOLA('',#469,0.714074003371,0.5);
#469 = AXIS2_PLACEMENT_3D('',#470,#471,#472);
#470 = CARTESIAN_POINT('',(0.,0.5,-5.997628837756));
#471 = DIRECTION('',(0.,-1.,0.));
#472 = DIRECTION('',(0.,0.,1.));
#473 = ORIENTED_EDGE('',*,*,#474,.F.);
#474 = EDGE_CURVE('',#475,#466,#477,.T.);
#475 = VERTEX_POINT('',#476);
#476 = CARTESIAN_POINT('',(6.982120021884,0.5,13.));
#477 = LINE('',#478,#479);
#478 = CARTESIAN_POINT('',(6.982120021884,0.5,0.));
#479 = VECTOR('',#480,1.);
#480 = DIRECTION('',(-0.,-0.,-1.));
#481 = ORIENTED_EDGE('',*,*,#482,.F.);
#482 = EDGE_CURVE('',#285,#475,#483,.T.);
#483 = HYPERBOLA('',#484,0.5,0.5);
#484 = AXIS2_PLACEMENT_3D('',#485,#486,#487);
#485 = CARTESIAN_POINT('',(0.,0.5,6.));
#486 = DIRECTION('',(0.,-1.,0.));
#487 = DIRECTION('',(0.,0.,1.));
#488 = ORIENTED_EDGE('',*,*,#304,.T.);
#489 = ORIENTED_EDGE('',*,*,#83,.T.);
#490 = PLANE('',#491);
#491 = AXIS2_PLACEMENT_3D('',#492,#493,#494);
#492 = CARTESIAN_POINT('',(9.987492177719,0.5,0.));
#493 = DIRECTION('',(0.,-1.,0.));
#494 = DIRECTION('',(-1.,0.,0.));
#495 = ADVANCED_FACE('',(#496),#524,.F.);
#496 = FACE_BOUND('',#497,.T.);
#497 = EDGE_LOOP('',(#498,#507,#508,#517));
#498 = ORIENTED_EDGE('',*,*,#499,.F.);
#499 = EDGE_CURVE('',#181,#500,#502,.T.);
#500 = VERTEX_POINT('',#501);
#501 = CARTESIAN_POINT('',(9.987492177719,0.5,13.));
#502 = HYPERBOLA('',#503,0.5,0.5);
#503 = AXIS2_PLACEMENT_3D('',#504,#505,#506);
#504 = CARTESIAN_POINT('',(0.,0.5,23.));
#505 = DIRECTION('',(0.,-1.,0.));
#506 = DIRECTION('',(0.,0.,-1.));
#507 = ORIENTED_EDGE('',*,*,#180,.T.);
#508 = ORIENTED_EDGE('',*,*,#509,.F.);
#509 = EDGE_CURVE('',#510,#183,#512,.T.);
#510 = VERTEX_POINT('',#511);
#511 = CARTESIAN_POINT('',(-9.987492177719,0.5,13.));
#512 = HYPERBOLA('',#513,0.5,0.5);
#513 = AXIS2_PLACEMENT_3D('',#514,#515,#516);
#514 = CARTESIAN_POINT('',(0.,0.5,23.));
#515 = DIRECTION('',(0.,-1.,0.));
#516 = DIRECTION('',(0.,0.,-1.));
#517 = ORIENTED_EDGE('',*,*,#518,.F.);
#518 = EDGE_CURVE('',#500,#510,#519,.T.);
#519 = CIRCLE('',#520,10.);
#520 = AXIS2_PLACEMENT_3D('',#521,#522,#523);
#521 = CARTESIAN_POINT('',(0.,2.89E-15,13.));
#522 = DIRECTION('',(-0.,2.2E-16,1.));
#523 = DIRECTION('',(1.,0.,0.));
#524 = CONICAL_SURFACE('',#525,9.,0.785398163397);
#525 = AXIS2_PLACEMENT_3D('',#526,#527,#528);
#526 = CARTESIAN_POINT('',(0.,3.11E-15,14.));
#527 = DIRECTION('',(-0.,-2.2E-16,-1.));
#528 = DIRECTION('',(1.,0.,0.));
#529 = ADVANCED_FACE('',(#530),#540,.T.);
#530 = FACE_BOUND('',#531,.T.);
#531 = EDGE_LOOP('',(#532,#533,#539));
#532 = ORIENTED_EDGE('',*,*,#499,.T.);
#533 = ORIENTED_EDGE('',*,*,#534,.T.);
#534 = EDGE_CURVE('',#500,#192,#535,.T.);
#535 = LINE('',#536,#537);
#536 = CARTESIAN_POINT('',(9.987492177719,0.5,0.));
#537 = VECTOR('',#538,1.);
#538 = DIRECTION('',(0.,0.,1.));
#539 = ORIENTED_EDGE('',*,*,#191,.T.);
#540 = PLANE('',#541);
#541 = AXIS2_PLACEMENT_3D('',#542,#543,#544);
#542 = CARTESIAN_POINT('',(9.987492177719,0.5,0.));
#543 = DIRECTION('',(0.,-1.,0.));
#544 = DIRECTION('',(-1.,0.,0.));
#545 = ADVANCED_FACE('',(#546),#574,.T.);
#546 = FACE_BOUND('',#547,.T.);
#547 = EDGE_LOOP('',(#548,#559,#565,#566,#567));
#548 = ORIENTED_EDGE('',*,*,#549,.T.);
#549 = EDGE_CURVE('',#550,#552,#554,.T.);
#550 = VERTEX_POINT('',#551);
#551 = CARTESIAN_POINT('',(9.987492177719,3.E-15,13.012507822281));
#552 = VERTEX_POINT('',#553);
#553 = CARTESIAN_POINT('',(9.987492177719,-0.5,13.));
#554 = HYPERBOLA('',#555,9.987492177719,9.987492177719);
#555 = AXIS2_PLACEMENT_3D('',#556,#557,#558);
#556 = CARTESIAN_POINT('',(9.987492177719,5.11E-15,23.));
#557 = DIRECTION('',(-1.,0.,0.));
#558 = DIRECTION('',(-0.,-2.2E-16,-1.));
#559 = ORIENTED_EDGE('',*,*,#560,.T.);
#560 = EDGE_CURVE('',#552,#200,#561,.T.);
#561 = LINE('',#562,#563);
#562 = CARTESIAN_POINT('',(9.987492177719,-0.5,0.));
#563 = VECTOR('',#564,1.);
#564 = DIRECTION('',(0.,0.,1.));
#565 = ORIENTED_EDGE('',*,*,#199,.T.);
#566 = ORIENTED_EDGE('',*,*,#534,.F.);
#567 = ORIENTED_EDGE('',*,*,#568,.T.);
#568 = EDGE_CURVE('',#500,#550,#569,.T.);
#569 = HYPERBOLA('',#570,9.987492177719,9.987492177719);
#570 = AXIS2_PLACEMENT_3D('',#571,#572,#573);
#571 = CARTESIAN_POINT('',(9.987492177719,5.11E-15,23.));
#572 = DIRECTION('',(-1.,0.,0.));
#573 = DIRECTION('',(-0.,-2.2E-16,-1.));
#574 = PLANE('',#575);
#575 = AXIS2_PLACEMENT_3D('',#576,#577,#578);
#576 = CARTESIAN_POINT('',(9.987492177719,-0.5,0.));
#577 = DIRECTION('',(-1.,0.,0.));
#578 = DIRECTION('',(0.,1.,0.));
#579 = ADVANCED_FACE('',(#580),#591,.T.);
#580 = FACE_BOUND('',#581,.T.);
#581 = EDGE_LOOP('',(#582,#583,#590));
#582 = ORIENTED_EDGE('',*,*,#560,.F.);
#583 = ORIENTED_EDGE('',*,*,#584,.T.);
#584 = EDGE_CURVE('',#552,#208,#585,.T.);
#585 = HYPERBOLA('',#586,0.5,0.5);
#586 = AXIS2_PLACEMENT_3D('',#587,#588,#589);
#587 = CARTESIAN_POINT('',(0.,-0.5,23.));
#588 = DIRECTION('',(0.,1.,0.));
#589 = DIRECTION('',(0.,0.,-1.));
#590 = ORIENTED_EDGE('',*,*,#207,.T.);
#591 = PLANE('',#592);
#592 = AXIS2_PLACEMENT_3D('',#593,#594,#595);
#593 = CARTESIAN_POINT('',(-9.987492177719,-0.5,0.));
#594 = DIRECTION('',(0.,1.,0.));
#595 = DIRECTION('',(1.,0.,0.));
#596 = ADVANCED_FACE('',(#597),#617,.F.);
#597 = FACE_BOUND('',#598,.T.);
#598 = EDGE_LOOP('',(#599,#600,#601,#610));
#599 = ORIENTED_EDGE('',*,*,#215,.T.);
#600 = ORIENTED_EDGE('',*,*,#584,.F.);
#601 = ORIENTED_EDGE('',*,*,#602,.F.);
#602 = EDGE_CURVE('',#603,#552,#605,.T.);
#603 = VERTEX_POINT('',#604);
#604 = CARTESIAN_POINT('',(-9.987492177719,-0.5,13.));
#605 = CIRCLE('',#606,10.);
#606 = AXIS2_PLACEMENT_3D('',#607,#608,#609);
#607 = CARTESIAN_POINT('',(0.,2.89E-15,13.));
#608 = DIRECTION('',(-0.,2.2E-16,1.));
#609 = DIRECTION('',(1.,0.,0.));
#610 = ORIENTED_EDGE('',*,*,#611,.F.);
#611 = EDGE_CURVE('',#216,#603,#612,.T.);
#612 = HYPERBOLA('',#613,0.5,0.5);
#613 = AXIS2_PLACEMENT_3D('',#614,#615,#616);
#614 = CARTESIAN_POINT('',(0.,-0.5,23.));
#615 = DIRECTION('',(0.,1.,0.));
#616 = DIRECTION('',(0.,0.,-1.));
#617 = CONICAL_SURFACE('',#618,9.,0.785398163397);
#618 = AXIS2_PLACEMENT_3D('',#619,#620,#621);
#619 = CARTESIAN_POINT('',(0.,3.11E-15,14.));
#620 = DIRECTION('',(-0.,-2.2E-16,-1.));
#621 = DIRECTION('',(1.,0.,0.));
#622 = ADVANCED_FACE('',(#623),#633,.T.);
#623 = FACE_BOUND('',#624,.T.);
#624 = EDGE_LOOP('',(#625,#626,#632));
#625 = ORIENTED_EDGE('',*,*,#611,.T.);
#626 = ORIENTED_EDGE('',*,*,#627,.T.);
#627 = EDGE_CURVE('',#603,#225,#628,.T.);
#628 = LINE('',#629,#630);
#629 = CARTESIAN_POINT('',(-9.987492177719,-0.5,0.));
#630 = VECTOR('',#631,1.);
#631 = DIRECTION('',(0.,0.,1.));
#632 = ORIENTED_EDGE('',*,*,#224,.T.);
#633 = PLANE('',#634);
#634 = AXIS2_PLACEMENT_3D('',#635,#636,#637);
#635 = CARTESIAN_POINT('',(-9.987492177719,-0.5,0.));
#636 = DIRECTION('',(0.,1.,0.));
#637 = DIRECTION('',(1.,0.,0.));
#638 = ADVANCED_FACE('',(#639),#656,.T.);
#639 = FACE_BOUND('',#640,.T.);
#640 = EDGE_LOOP('',(#641,#648,#654,#655));
#641 = ORIENTED_EDGE('',*,*,#642,.T.);
#642 = EDGE_CURVE('',#603,#510,#643,.T.);
#643 = HYPERBOLA('',#644,9.987492177719,9.987492177719);
#644 = AXIS2_PLACEMENT_3D('',#645,#646,#647);
#645 = CARTESIAN_POINT('',(-9.987492177719,5.11E-15,23.));
#646 = DIRECTION('',(1.,0.,0.));
#647 = DIRECTION('',(0.,-2.2E-16,-1.));
#648 = ORIENTED_EDGE('',*,*,#649,.T.);
#649 = EDGE_CURVE('',#510,#233,#650,.T.);
#650 = LINE('',#651,#652);
#651 = CARTESIAN_POINT('',(-9.987492177719,0.5,0.));
#652 = VECTOR('',#653,1.);
#653 = DIRECTION('',(0.,0.,1.));
#654 = ORIENTED_EDGE('',*,*,#232,.T.);
#655 = ORIENTED_EDGE('',*,*,#627,.F.);
#656 = PLANE('',#657);
#657 = AXIS2_PLACEMENT_3D('',#658,#659,#660);
#658 = CARTESIAN_POINT('',(-9.987492177719,0.5,0.));
#659 = DIRECTION('',(1.,0.,0.));
#660 = DIRECTION('',(0.,-1.,0.));
#661 = ADVANCED_FACE('',(#662),#667,.T.);
#662 = FACE_BOUND('',#663,.T.);
#663 = EDGE_LOOP('',(#664,#665,#666));
#664 = ORIENTED_EDGE('',*,*,#649,.F.);
#665 = ORIENTED_EDGE('',*,*,#509,.T.);
#666 = ORIENTED_EDGE('',*,*,#240,.T.);
#667 = PLANE('',#668);
#668 = AXIS2_PLACEMENT_3D('',#669,#670,#671);
#669 = CARTESIAN_POINT('',(9.987492177719,0.5,0.));
#670 = DIRECTION('',(0.,-1.,0.));
#671 = DIRECTION('',(-1.,0.,0.));
#672 = ADVANCED_FACE('',(#673),#701,.T.);
#673 = FACE_BOUND('',#674,.F.);
#674 = EDGE_LOOP('',(#675,#676,#685,#694));
#675 = ORIENTED_EDGE('',*,*,#248,.T.);
#676 = ORIENTED_EDGE('',*,*,#677,.F.);
#677 = EDGE_CURVE('',#678,#251,#680,.T.);
#678 = VERTEX_POINT('',#679);
#679 = CARTESIAN_POINT('',(6.982120021884,-0.5,13.));
#680 = HYPERBOLA('',#681,0.5,0.5);
#681 = AXIS2_PLACEMENT_3D('',#682,#683,#684);
#682 = CARTESIAN_POINT('',(0.,-0.5,6.));
#683 = DIRECTION('',(0.,1.,0.));
#684 = DIRECTION('',(0.,0.,1.));
#685 = ORIENTED_EDGE('',*,*,#686,.F.);
#686 = EDGE_CURVE('',#687,#678,#689,.T.);
#687 = VERTEX_POINT('',#688);
#688 = CARTESIAN_POINT('',(-6.982120021884,-0.5,13.));
#689 = CIRCLE('',#690,7.);
#690 = AXIS2_PLACEMENT_3D('',#691,#692,#693);
#691 = CARTESIAN_POINT('',(0.,2.89E-15,13.));
#692 = DIRECTION('',(-0.,2.2E-16,1.));
#693 = DIRECTION('',(1.,0.,0.));
#694 = ORIENTED_EDGE('',*,*,#695,.F.);
#695 = EDGE_CURVE('',#249,#687,#696,.T.);
#696 = HYPERBOLA('',#697,0.5,0.5);
#697 = AXIS2_PLACEMENT_3D('',#698,#699,#700);
#698 = CARTESIAN_POINT('',(0.,-0.5,6.));
#699 = DIRECTION('',(0.,1.,0.));
#700 = DIRECTION('',(0.,0.,1.));
#701 = CONICAL_SURFACE('',#702,8.,0.785398163397);
#702 = AXIS2_PLACEMENT_3D('',#703,#704,#705);
#703 = CARTESIAN_POINT('',(0.,3.11E-15,14.));
#704 = DIRECTION('',(0.,2.2E-16,1.));
#705 = DIRECTION('',(1.,0.,0.));
#706 = ADVANCED_FACE('',(#707),#759,.T.);
#707 = FACE_BOUND('',#708,.T.);
#708 = EDGE_LOOP('',(#709,#719,#725,#726,#727,#735,#744,#753));
#709 = ORIENTED_EDGE('',*,*,#710,.F.);
#710 = EDGE_CURVE('',#711,#713,#715,.T.);
#711 = VERTEX_POINT('',#712);
#712 = CARTESIAN_POINT('',(2.805797569327,-0.5,0.));
#713 = VERTEX_POINT('',#714);
#714 = CARTESIAN_POINT('',(6.982120021884,-0.5,0.));
#715 = LINE('',#716,#717);
#716 = CARTESIAN_POINT('',(-9.987492177719,-0.5,0.));
#717 = VECTOR('',#718,1.);
#718 = DIRECTION('',(1.,0.,0.));
#719 = ORIENTED_EDGE('',*,*,#720,.F.);
#720 = EDGE_CURVE('',#260,#711,#721,.T.);
#721 = LINE('',#722,#723);
#722 = CARTESIAN_POINT('',(2.805797569327,-0.5,0.));
#723 = VECTOR('',#724,1.);
#724 = DIRECTION('',(-0.,-0.,-1.));
#725 = ORIENTED_EDGE('',*,*,#259,.T.);
#726 = ORIENTED_EDGE('',*,*,#677,.F.);
#727 = ORIENTED_EDGE('',*,*,#728,.T.);
#728 = EDGE_CURVE('',#678,#729,#731,.T.);
#729 = VERTEX_POINT('',#730);
#730 = CARTESIAN_POINT('',(6.982120021884,-0.5,3.999407209439));
#731 = LINE('',#732,#733);
#732 = CARTESIAN_POINT('',(6.982120021884,-0.5,0.));
#733 = VECTOR('',#734,1.);
#734 = DIRECTION('',(-0.,-0.,-1.));
#735 = ORIENTED_EDGE('',*,*,#736,.F.);
#736 = EDGE_CURVE('',#737,#729,#739,.T.);
#737 = VERTEX_POINT('',#738);
#738 = CARTESIAN_POINT('',(5.928850239163,-0.5,2.499703604719));
#739 = HYPERBOLA('',#740,0.714074003371,0.5);
#740 = AXIS2_PLACEMENT_3D('',#741,#742,#743);
#741 = CARTESIAN_POINT('',(0.,-0.5,-5.997628837756));
#742 = DIRECTION('',(0.,1.,0.));
#743 = DIRECTION('',(0.,0.,1.));
#744 = ORIENTED_EDGE('',*,*,#745,.F.);
#745 = EDGE_CURVE('',#746,#737,#748,.T.);
#746 = VERTEX_POINT('',#747);
#747 = CARTESIAN_POINT('',(6.982120021884,-0.5,1.));
#748 = HYPERBOLA('',#749,0.714074003371,0.5);
#749 = AXIS2_PLACEMENT_3D('',#750,#751,#752);
#750 = CARTESIAN_POINT('',(0.,-0.5,10.997036047195));
#751 = DIRECTION('',(0.,1.,0.));
#752 = DIRECTION('',(0.,0.,-1.));
#753 = ORIENTED_EDGE('',*,*,#754,.T.);
#754 = EDGE_CURVE('',#746,#713,#755,.T.);
#755 = LINE('',#756,#757);
#756 = CARTESIAN_POINT('',(6.982120021884,-0.5,0.));
#757 = VECTOR('',#758,1.);
#758 = DIRECTION('',(-0.,-0.,-1.));
#759 = PLANE('',#760);
#760 = AXIS2_PLACEMENT_3D('',#761,#762,#763);
#761 = CARTESIAN_POINT('',(-9.987492177719,-0.5,0.));
#762 = DIRECTION('',(0.,1.,0.));
#763 = DIRECTION('',(1.,0.,0.));
#764 = ADVANCED_FACE('',(#765),#784,.F.);
#765 = FACE_BOUND('',#766,.T.);
#766 = EDGE_LOOP('',(#767,#768,#777,#783));
#767 = ORIENTED_EDGE('',*,*,#720,.T.);
#768 = ORIENTED_EDGE('',*,*,#769,.F.);
#769 = EDGE_CURVE('',#770,#711,#772,.T.);
#770 = VERTEX_POINT('',#771);
#771 = CARTESIAN_POINT('',(-2.805797569327,-0.5,0.));
#772 = CIRCLE('',#773,2.850000000007);
#773 = AXIS2_PLACEMENT_3D('',#774,#775,#776);
#774 = CARTESIAN_POINT('',(0.,0.,0.));
#775 = DIRECTION('',(0.,0.,1.));
#776 = DIRECTION('',(1.,0.,0.));
#777 = ORIENTED_EDGE('',*,*,#778,.F.);
#778 = EDGE_CURVE('',#268,#770,#779,.T.);
#779 = LINE('',#780,#781);
#780 = CARTESIAN_POINT('',(-2.805797569327,-0.5,0.));
#781 = VECTOR('',#782,1.);
#782 = DIRECTION('',(-0.,-0.,-1.));
#783 = ORIENTED_EDGE('',*,*,#267,.T.);
#784 = CYLINDRICAL_SURFACE('',#785,2.850000000007);
#785 = AXIS2_PLACEMENT_3D('',#786,#787,#788);
#786 = CARTESIAN_POINT('',(0.,0.,0.));
#787 = DIRECTION('',(-0.,-0.,-1.));
#788 = DIRECTION('',(1.,0.,0.));
#789 = ADVANCED_FACE('',(#790),#835,.T.);
#790 = FACE_BOUND('',#791,.T.);
#791 = EDGE_LOOP('',(#792,#800,#808,#817,#826,#832,#833,#834));
#792 = ORIENTED_EDGE('',*,*,#793,.F.);
#793 = EDGE_CURVE('',#794,#770,#796,.T.);
#794 = VERTEX_POINT('',#795);
#795 = CARTESIAN_POINT('',(-6.982120021884,-0.5,0.));
#796 = LINE('',#797,#798);
#797 = CARTESIAN_POINT('',(-9.987492177719,-0.5,0.));
#798 = VECTOR('',#799,1.);
#799 = DIRECTION('',(1.,0.,0.));
#800 = ORIENTED_EDGE('',*,*,#801,.F.);
#801 = EDGE_CURVE('',#802,#794,#804,.T.);
#802 = VERTEX_POINT('',#803);
#803 = CARTESIAN_POINT('',(-6.982120021884,-0.5,1.));
#804 = LINE('',#805,#806);
#805 = CARTESIAN_POINT('',(-6.982120021884,-0.5,0.));
#806 = VECTOR('',#807,1.);
#807 = DIRECTION('',(-0.,-0.,-1.));
#808 = ORIENTED_EDGE('',*,*,#809,.F.);
#809 = EDGE_CURVE('',#810,#802,#812,.T.);
#810 = VERTEX_POINT('',#811);
#811 = CARTESIAN_POINT('',(-5.928850239163,-0.5,2.499703604719));
#812 = HYPERBOLA('',#813,0.714074003371,0.5);
#813 = AXIS2_PLACEMENT_3D('',#814,#815,#816);
#814 = CARTESIAN_POINT('',(0.,-0.5,10.997036047195));
#815 = DIRECTION('',(0.,1.,0.));
#816 = DIRECTION('',(0.,0.,-1.));
#817 = ORIENTED_EDGE('',*,*,#818,.F.);
#818 = EDGE_CURVE('',#819,#810,#821,.T.);
#819 = VERTEX_POINT('',#820);
#820 = CARTESIAN_POINT('',(-6.982120021884,-0.5,3.999407209439));
#821 = HYPERBOLA('',#822,0.714074003371,0.5);
#822 = AXIS2_PLACEMENT_3D('',#823,#824,#825);
#823 = CARTESIAN_POINT('',(0.,-0.5,-5.997628837756));
#824 = DIRECTION('',(0.,1.,0.));
#825 = DIRECTION('',(0.,0.,1.));
#826 = ORIENTED_EDGE('',*,*,#827,.F.);
#827 = EDGE_CURVE('',#687,#819,#828,.T.);
#828 = LINE('',#829,#830);
#829 = CARTESIAN_POINT('',(-6.982120021884,-0.5,0.));
#830 = VECTOR('',#831,1.);
#831 = DIRECTION('',(-0.,-0.,-1.));
#832 = ORIENTED_EDGE('',*,*,#695,.F.);
#833 = ORIENTED_EDGE('',*,*,#276,.T.);
#834 = ORIENTED_EDGE('',*,*,#778,.T.);
#835 = PLANE('',#836);
#836 = AXIS2_PLACEMENT_3D('',#837,#838,#839);
#837 = CARTESIAN_POINT('',(-9.987492177719,-0.5,0.));
#838 = DIRECTION('',(0.,1.,0.));
#839 = DIRECTION('',(1.,0.,0.));
#840 = ADVANCED_FACE('',(#841),#853,.T.);
#841 = FACE_BOUND('',#842,.F.);
#842 = EDGE_LOOP('',(#843,#844,#845,#846));
#843 = ORIENTED_EDGE('',*,*,#482,.F.);
#844 = ORIENTED_EDGE('',*,*,#284,.T.);
#845 = ORIENTED_EDGE('',*,*,#338,.F.);
#846 = ORIENTED_EDGE('',*,*,#847,.F.);
#847 = EDGE_CURVE('',#475,#339,#848,.T.);
#848 = CIRCLE('',#849,7.);
#849 = AXIS2_PLACEMENT_3D('',#850,#851,#852);
#850 = CARTESIAN_POINT('',(0.,2.89E-15,13.));
#851 = DIRECTION('',(-0.,2.2E-16,1.));
#852 = DIRECTION('',(1.,0.,0.));
#853 = CONICAL_SURFACE('',#854,8.,0.785398163397);
#854 = AXIS2_PLACEMENT_3D('',#855,#856,#857);
#855 = CARTESIAN_POINT('',(0.,3.11E-15,14.));
#856 = DIRECTION('',(0.,2.2E-16,1.));
#857 = DIRECTION('',(1.,0.,0.));
#858 = ADVANCED_FACE('',(#859),#887,.T.);
#859 = FACE_BOUND('',#860,.F.);
#860 = EDGE_LOOP('',(#861,#862,#870,#879,#886));
#861 = ORIENTED_EDGE('',*,*,#430,.F.);
#862 = ORIENTED_EDGE('',*,*,#863,.F.);
#863 = EDGE_CURVE('',#864,#422,#866,.T.);
#864 = VERTEX_POINT('',#865);
#865 = CARTESIAN_POINT('',(2.688232642682,6.463234891199,1.));
#866 = LINE('',#867,#868);
#867 = CARTESIAN_POINT('',(2.688232642682,6.463234891199,0.));
#868 = VECTOR('',#869,1.);
#869 = DIRECTION('',(-0.,-0.,-1.));
#870 = ORIENTED_EDGE('',*,*,#871,.T.);
#871 = EDGE_CURVE('',#864,#872,#874,.T.);
#872 = VERTEX_POINT('',#873);
#873 = CARTESIAN_POINT('',(0.,7.,1.));
#874 = CIRCLE('',#875,7.);
#875 = AXIS2_PLACEMENT_3D('',#876,#877,#878);
#876 = CARTESIAN_POINT('',(0.,0.,1.));
#877 = DIRECTION('',(0.,-0.,1.));
#878 = DIRECTION('',(0.,1.,0.));
#879 = ORIENTED_EDGE('',*,*,#880,.T.);
#880 = EDGE_CURVE('',#872,#365,#881,.T.);
#881 = CIRCLE('',#882,7.);
#882 = AXIS2_PLACEMENT_3D('',#883,#884,#885);
#883 = CARTESIAN_POINT('',(0.,0.,1.));
#884 = DIRECTION('',(0.,-0.,1.));
#885 = DIRECTION('',(0.,1.,0.));
#886 = ORIENTED_EDGE('',*,*,#373,.T.);
#887 = CYLINDRICAL_SURFACE('',#888,7.);
#888 = AXIS2_PLACEMENT_3D('',#889,#890,#891);
#889 = CARTESIAN_POINT('',(0.,0.,0.));
#890 = DIRECTION('',(-0.,-0.,-1.));
#891 = DIRECTION('',(1.,0.,0.));
#892 = ADVANCED_FACE('',(#893),#912,.T.);
#893 = FACE_BOUND('',#894,.F.);
#894 = EDGE_LOOP('',(#895,#903,#910,#911));
#895 = ORIENTED_EDGE('',*,*,#896,.F.);
#896 = EDGE_CURVE('',#897,#872,#899,.T.);
#897 = VERTEX_POINT('',#898);
#898 = CARTESIAN_POINT('',(0.,5.949896230895,2.499703604719));
#899 = LINE('',#900,#901);
#900 = CARTESIAN_POINT('',(0.,5.949896230895,2.499703604719));
#901 = VECTOR('',#902,1.);
#902 = DIRECTION('',(0.,0.573576436351,-0.819152044289));
#903 = ORIENTED_EDGE('',*,*,#904,.T.);
#904 = EDGE_CURVE('',#897,#356,#905,.T.);
#905 = CIRCLE('',#906,5.949896230895);
#906 = AXIS2_PLACEMENT_3D('',#907,#908,#909);
#907 = CARTESIAN_POINT('',(0.,0.,2.499703604719));
#908 = DIRECTION('',(0.,-0.,1.));
#909 = DIRECTION('',(0.,1.,0.));
#910 = ORIENTED_EDGE('',*,*,#364,.F.);
#911 = ORIENTED_EDGE('',*,*,#880,.F.);
#912 = CONICAL_SURFACE('',#913,5.949896230895,0.610865238198);
#913 = AXIS2_PLACEMENT_3D('',#914,#915,#916);
#914 = CARTESIAN_POINT('',(0.,0.,2.499703604719));
#915 = DIRECTION('',(-0.,-0.,-1.));
#916 = DIRECTION('',(0.,1.,0.));
#917 = ADVANCED_FACE('',(#918),#937,.T.);
#918 = FACE_BOUND('',#919,.F.);
#919 = EDGE_LOOP('',(#920,#928,#935,#936));
#920 = ORIENTED_EDGE('',*,*,#921,.F.);
#921 = EDGE_CURVE('',#922,#897,#924,.T.);
#922 = VERTEX_POINT('',#923);
#923 = CARTESIAN_POINT('',(0.,7.,3.999407209439));
#924 = LINE('',#925,#926);
#925 = CARTESIAN_POINT('',(0.,7.,3.999407209439));
#926 = VECTOR('',#927,1.);
#927 = DIRECTION('',(0.,-0.573576436351,-0.819152044289));
#928 = ORIENTED_EDGE('',*,*,#929,.T.);
#929 = EDGE_CURVE('',#922,#348,#930,.T.);
#930 = CIRCLE('',#931,7.);
#931 = AXIS2_PLACEMENT_3D('',#932,#933,#934);
#932 = CARTESIAN_POINT('',(0.,0.,3.999407209439));
#933 = DIRECTION('',(0.,-0.,1.));
#934 = DIRECTION('',(0.,1.,0.));
#935 = ORIENTED_EDGE('',*,*,#355,.F.);
#936 = ORIENTED_EDGE('',*,*,#904,.F.);
#937 = CONICAL_SURFACE('',#938,7.,0.610865238198);
#938 = AXIS2_PLACEMENT_3D('',#939,#940,#941);
#939 = CARTESIAN_POINT('',(0.,0.,3.999407209439));
#940 = DIRECTION('',(0.,0.,1.));
#941 = DIRECTION('',(0.,1.,0.));
#942 = ADVANCED_FACE('',(#943),#956,.T.);
#943 = FACE_BOUND('',#944,.F.);
#944 = EDGE_LOOP('',(#945,#952,#953,#954,#955));
#945 = ORIENTED_EDGE('',*,*,#946,.F.);
#946 = EDGE_CURVE('',#466,#922,#947,.T.);
#947 = CIRCLE('',#948,7.);
#948 = AXIS2_PLACEMENT_3D('',#949,#950,#951);
#949 = CARTESIAN_POINT('',(0.,0.,3.999407209439));
#950 = DIRECTION('',(0.,-0.,1.));
#951 = DIRECTION('',(0.,1.,0.));
#952 = ORIENTED_EDGE('',*,*,#474,.F.);
#953 = ORIENTED_EDGE('',*,*,#847,.T.);
#954 = ORIENTED_EDGE('',*,*,#347,.T.);
#955 = ORIENTED_EDGE('',*,*,#929,.F.);
#956 = CYLINDRICAL_SURFACE('',#957,7.);
#957 = AXIS2_PLACEMENT_3D('',#958,#959,#960);
#958 = CARTESIAN_POINT('',(0.,0.,0.));
#959 = DIRECTION('',(-0.,-0.,-1.));
#960 = DIRECTION('',(1.,0.,0.));
#961 = ADVANCED_FACE('',(#962),#1012,.F.);
#962 = FACE_BOUND('',#963,.T.);
#963 = EDGE_LOOP('',(#964,#965,#966,#985,#997,#1006));
#964 = ORIENTED_EDGE('',*,*,#421,.F.);
#965 = ORIENTED_EDGE('',*,*,#863,.F.);
#966 = ORIENTED_EDGE('',*,*,#967,.T.);
#967 = EDGE_CURVE('',#864,#968,#970,.T.);
#968 = VERTEX_POINT('',#969);
#969 = CARTESIAN_POINT('',(2.426111147284,5.43279392757,2.499703604719)
  );
#970 = B_SPLINE_CURVE_WITH_KNOTS('',7,(#971,#972,#973,#974,#975,#976,
    #977,#978,#979,#980,#981,#982,#983,#984),.UNSPECIFIED.,.F.,.F.,(8,6,
    8),(0.,0.186679085629,1.),.UNSPECIFIED.);
#971 = CARTESIAN_POINT('',(2.688232642682,6.463234891199,1.));
#972 = CARTESIAN_POINT('',(2.675017922677,6.438317799161,1.040104285332)
  );
#973 = CARTESIAN_POINT('',(2.662182591133,6.413235697402,1.080216428326)
  );
#974 = CARTESIAN_POINT('',(2.649725841769,6.387990684342,1.120335015735)
  );
#975 = CARTESIAN_POINT('',(2.637647141376,6.362584599403,1.160458618853)
  );
#976 = CARTESIAN_POINT('',(2.625946229807,6.337019023004,1.200585793514)
  );
#977 = CARTESIAN_POINT('',(2.614623119984,6.311295276567,1.240715080089)
  );
#978 = CARTESIAN_POINT('',(2.555992973759,6.172657067744,1.455682510769)
  );
#979 = CARTESIAN_POINT('',(2.515491080086,6.05693361456,1.630507483655)
  );
#980 = CARTESIAN_POINT('',(2.482186416518,5.938309223696,1.805231115884)
  );
#981 = CARTESIAN_POINT('',(2.45620633491,5.816776857584,1.979724734906)
  );
#982 = CARTESIAN_POINT('',(2.437835551466,5.69222057865,2.153807577079)
  );
#983 = CARTESIAN_POINT('',(2.42750115689,5.564421253247,2.327248376082)
  );
#984 = CARTESIAN_POINT('',(2.426111147284,5.43279392757,2.499703604719)
  );
#985 = ORIENTED_EDGE('',*,*,#986,.F.);
#986 = EDGE_CURVE('',#987,#968,#989,.T.);
#987 = VERTEX_POINT('',#988);
#988 = CARTESIAN_POINT('',(2.526963380852,6.075520435309,3.399703604719)
  );
#989 = B_SPLINE_CURVE_WITH_KNOTS('',6,(#990,#991,#992,#993,#994,#995,
    #996),.UNSPECIFIED.,.F.,.F.,(7,7),(0.,1.),.PIECEWISE_BEZIER_KNOTS.);
#990 = CARTESIAN_POINT('',(2.526984020472,6.075586982248,3.399802675892)
  );
#991 = CARTESIAN_POINT('',(2.495579604571,5.974337377526,3.249067263525)
  );
#992 = CARTESIAN_POINT('',(2.469755799304,5.87084692331,3.0984634143));
#993 = CARTESIAN_POINT('',(2.449610441915,5.765093699901,2.948074006949)
  );
#994 = CARTESIAN_POINT('',(2.435356671828,5.656982922872,2.798024806403)
  );
#995 = CARTESIAN_POINT('',(2.427310332576,5.546351094622,2.648483708749)
  );
#996 = CARTESIAN_POINT('',(2.426111147284,5.43279392757,2.499703604719)
  );
#997 = ORIENTED_EDGE('',*,*,#998,.T.);
#998 = EDGE_CURVE('',#987,#999,#1001,.T.);
#999 = VERTEX_POINT('',#1000);
#1000 = CARTESIAN_POINT('',(2.58537117286,4.577271097503,3.399703604719)
  );
#1001 = CIRCLE('',#1002,2.25);
#1002 = AXIS2_PLACEMENT_3D('',#1003,#1004,#1005);
#1003 = CARTESIAN_POINT('',(4.675985700455,5.409034824175,3.399703604719
    ));
#1004 = DIRECTION('',(0.,0.,1.));
#1005 = DIRECTION('',(1.,0.,0.));
#1006 = ORIENTED_EDGE('',*,*,#1007,.F.);
#1007 = EDGE_CURVE('',#414,#999,#1008,.T.);
#1008 = LINE('',#1009,#1010);
#1009 = CARTESIAN_POINT('',(2.58537117286,4.577271097503,0.));
#1010 = VECTOR('',#1011,1.);
#1011 = DIRECTION('',(0.,0.,1.));
#1012 = CYLINDRICAL_SURFACE('',#1013,2.25);
#1013 = AXIS2_PLACEMENT_3D('',#1014,#1015,#1016);
#1014 = CARTESIAN_POINT('',(4.675985700455,5.409034824175,0.));
#1015 = DIRECTION('',(-0.,-0.,-1.));
#1016 = DIRECTION('',(1.,0.,0.));
#1017 = ADVANCED_FACE('',(#1018),#1036,.F.);
#1018 = FACE_BOUND('',#1019,.F.);
#1019 = EDGE_LOOP('',(#1020,#1028,#1034,#1035));
#1020 = ORIENTED_EDGE('',*,*,#1021,.T.);
#1021 = EDGE_CURVE('',#405,#1022,#1024,.T.);
#1022 = VERTEX_POINT('',#1023);
#1023 = CARTESIAN_POINT('',(3.374434535829,2.593982722551,3.399703604719
    ));
#1024 = LINE('',#1025,#1026);
#1025 = CARTESIAN_POINT('',(3.374434535829,2.593982722551,0.));
#1026 = VECTOR('',#1027,1.);
#1027 = DIRECTION('',(0.,0.,1.));
#1028 = ORIENTED_EDGE('',*,*,#1029,.T.);
#1029 = EDGE_CURVE('',#1022,#999,#1030,.T.);
#1030 = LINE('',#1031,#1032);
#1031 = CARTESIAN_POINT('',(3.374434535829,2.593982722551,3.399703604719
    ));
#1032 = VECTOR('',#1033,1.);
#1033 = DIRECTION('',(-0.36967276741,0.929162012265,0.));
#1034 = ORIENTED_EDGE('',*,*,#1007,.F.);
#1035 = ORIENTED_EDGE('',*,*,#413,.F.);
#1036 = PLANE('',#1037);
#1037 = AXIS2_PLACEMENT_3D('',#1038,#1039,#1040);
#1038 = CARTESIAN_POINT('',(3.374434535829,2.593982722551,0.));
#1039 = DIRECTION('',(-0.929162012265,-0.36967276741,0.));
#1040 = DIRECTION('',(-0.36967276741,0.929162012265,0.));
#1041 = ADVANCED_FACE('',(#1042),#1095,.F.);
#1042 = FACE_BOUND('',#1043,.T.);
#1043 = EDGE_LOOP('',(#1044,#1045,#1046,#1055,#1070,#1089));
#1044 = ORIENTED_EDGE('',*,*,#404,.F.);
#1045 = ORIENTED_EDGE('',*,*,#1021,.T.);
#1046 = ORIENTED_EDGE('',*,*,#1047,.T.);
#1047 = EDGE_CURVE('',#1022,#1048,#1050,.T.);
#1048 = VERTEX_POINT('',#1049);
#1049 = CARTESIAN_POINT('',(6.430822847002,1.393560188333,3.399703604719
    ));
#1050 = CIRCLE('',#1051,2.25);
#1051 = AXIS2_PLACEMENT_3D('',#1052,#1053,#1054);
#1052 = CARTESIAN_POINT('',(5.465049063424,3.425746449224,3.399703604719
    ));
#1053 = DIRECTION('',(0.,0.,1.));
#1054 = DIRECTION('',(1.,0.,0.));
#1055 = ORIENTED_EDGE('',*,*,#1056,.F.);
#1056 = EDGE_CURVE('',#1057,#1048,#1059,.T.);
#1057 = VERTEX_POINT('',#1058);
#1058 = CARTESIAN_POINT('',(5.826600704002,1.20498522586,2.499703604719)
  );
#1059 = B_SPLINE_CURVE_WITH_KNOTS('',5,(#1060,#1061,#1062,#1063,#1064,
    #1065,#1066,#1067,#1068,#1069),.UNSPECIFIED.,.F.,.F.,(6,4,6),(0.,
    0.189374570358,1.),.UNSPECIFIED.);
#1060 = CARTESIAN_POINT('',(5.826600704002,1.20498522586,2.499703604719)
  );
#1061 = CARTESIAN_POINT('',(5.850206667234,1.208828401184,2.533829374409
    ));
#1062 = CARTESIAN_POINT('',(5.873750003005,1.212983346372,2.567958038957
    ));
#1063 = CARTESIAN_POINT('',(5.897230240885,1.21744936293,2.602088349637)
  );
#1064 = CARTESIAN_POINT('',(5.920646696468,1.222226087656,2.636219100736
    ));
#1065 = CARTESIAN_POINT('',(6.043956678733,1.24909033331,2.816444084261)
  );
#1066 = CARTESIAN_POINT('',(6.142728938455,1.276559226464,2.962524320816
    ));
#1067 = CARTESIAN_POINT('',(6.240246727088,1.309719694429,3.108502614928
    ));
#1068 = CARTESIAN_POINT('',(6.336369482106,1.348668615548,3.254292113785
    ));
#1069 = CARTESIAN_POINT('',(6.430887199853,1.393590772555,3.399802675892
    ));
#1070 = ORIENTED_EDGE('',*,*,#1071,.T.);
#1071 = EDGE_CURVE('',#1057,#1072,#1074,.T.);
#1072 = VERTEX_POINT('',#1073);
#1073 = CARTESIAN_POINT('',(6.809570449041,1.62165048625,1.));
#1074 = B_SPLINE_CURVE_WITH_KNOTS('',5,(#1075,#1076,#1077,#1078,#1079,
    #1080,#1081,#1082,#1083,#1084,#1085,#1086,#1087,#1088),
  .UNSPECIFIED.,.F.,.F.,(6,4,4,6),(0.,0.113340166908,0.565100155231,1.),
  .UNSPECIFIED.);
#1075 = CARTESIAN_POINT('',(5.826600704002,1.20498522586,2.499703604719)
  );
#1076 = CARTESIAN_POINT('',(5.850206667234,1.208828401184,2.46557783503)
  );
#1077 = CARTESIAN_POINT('',(5.873750003005,1.212983346372,2.431449170482
    ));
#1078 = CARTESIAN_POINT('',(5.897230240885,1.21744936293,2.397318859802)
  );
#1079 = CARTESIAN_POINT('',(5.920646696468,1.222226087656,2.363188108703
    ));
#1080 = CARTESIAN_POINT('',(6.03707577883,1.247591264201,2.193019975799)
  );
#1081 = CARTESIAN_POINT('',(6.129124923883,1.272804502472,2.056994387214
    ));
#1082 = CARTESIAN_POINT('',(6.220090436676,1.302952504194,1.921052204513
    ));
#1083 = CARTESIAN_POINT('',(6.309862570757,1.338108513757,1.785263495025
    ));
#1084 = CARTESIAN_POINT('',(6.483397893678,1.417210651171,1.519196153151
    ));
#1085 = CARTESIAN_POINT('',(6.567258825262,1.460779069731,1.388903285532
    ));
#1086 = CARTESIAN_POINT('',(6.649718408669,1.509243160959,1.258884781158
    ));
#1087 = CARTESIAN_POINT('',(6.730579405582,1.562781584937,1.12921880262)
  );
#1088 = CARTESIAN_POINT('',(6.809570449041,1.62165048625,1.));
#1089 = ORIENTED_EDGE('',*,*,#1090,.T.);
#1090 = EDGE_CURVE('',#1072,#396,#1091,.T.);
#1091 = LINE('',#1092,#1093);
#1092 = CARTESIAN_POINT('',(6.80957044904,1.62165048625,0.));
#1093 = VECTOR('',#1094,1.);
#1094 = DIRECTION('',(-0.,-0.,-1.));
#1095 = CYLINDRICAL_SURFACE('',#1096,2.25);
#1096 = AXIS2_PLACEMENT_3D('',#1097,#1098,#1099);
#1097 = CARTESIAN_POINT('',(5.465049063424,3.425746449224,0.));
#1098 = DIRECTION('',(-0.,-0.,-1.));
#1099 = DIRECTION('',(1.,0.,0.));
#1100 = ADVANCED_FACE('',(#1101),#1113,.T.);
#1101 = FACE_BOUND('',#1102,.F.);
#1102 = EDGE_LOOP('',(#1103,#1104,#1105,#1112));
#1103 = ORIENTED_EDGE('',*,*,#395,.F.);
#1104 = ORIENTED_EDGE('',*,*,#448,.F.);
#1105 = ORIENTED_EDGE('',*,*,#1106,.T.);
#1106 = EDGE_CURVE('',#449,#1072,#1107,.T.);
#1107 = CIRCLE('',#1108,7.);
#1108 = AXIS2_PLACEMENT_3D('',#1109,#1110,#1111);
#1109 = CARTESIAN_POINT('',(0.,0.,1.));
#1110 = DIRECTION('',(0.,-0.,1.));
#1111 = DIRECTION('',(0.,1.,0.));
#1112 = ORIENTED_EDGE('',*,*,#1090,.T.);
#1113 = CYLINDRICAL_SURFACE('',#1114,7.);
#1114 = AXIS2_PLACEMENT_3D('',#1115,#1116,#1117);
#1115 = CARTESIAN_POINT('',(0.,0.,0.));
#1116 = DIRECTION('',(-0.,-0.,-1.));
#1117 = DIRECTION('',(1.,0.,0.));
#1118 = ADVANCED_FACE('',(#1119),#1147,.T.);
#1119 = FACE_BOUND('',#1120,.F.);
#1120 = EDGE_LOOP('',(#1121,#1122,#1123,#1124,#1131,#1132,#1139,#1140));
#1121 = ORIENTED_EDGE('',*,*,#465,.F.);
#1122 = ORIENTED_EDGE('',*,*,#946,.T.);
#1123 = ORIENTED_EDGE('',*,*,#921,.T.);
#1124 = ORIENTED_EDGE('',*,*,#1125,.F.);
#1125 = EDGE_CURVE('',#968,#897,#1126,.T.);
#1126 = CIRCLE('',#1127,5.949896230895);
#1127 = AXIS2_PLACEMENT_3D('',#1128,#1129,#1130);
#1128 = CARTESIAN_POINT('',(0.,0.,2.499703604719));
#1129 = DIRECTION('',(0.,-0.,1.));
#1130 = DIRECTION('',(0.,1.,0.));
#1131 = ORIENTED_EDGE('',*,*,#986,.F.);
#1132 = ORIENTED_EDGE('',*,*,#1133,.T.);
#1133 = EDGE_CURVE('',#987,#1048,#1134,.T.);
#1134 = CIRCLE('',#1135,6.580083015284);
#1135 = AXIS2_PLACEMENT_3D('',#1136,#1137,#1138);
#1136 = CARTESIAN_POINT('',(0.,0.,3.399703604719));
#1137 = DIRECTION('',(0.,0.,-1.));
#1138 = DIRECTION('',(0.,1.,0.));
#1139 = ORIENTED_EDGE('',*,*,#1056,.F.);
#1140 = ORIENTED_EDGE('',*,*,#1141,.F.);
#1141 = EDGE_CURVE('',#457,#1057,#1142,.T.);
#1142 = CIRCLE('',#1143,5.949896230895);
#1143 = AXIS2_PLACEMENT_3D('',#1144,#1145,#1146);
#1144 = CARTESIAN_POINT('',(0.,0.,2.499703604719));
#1145 = DIRECTION('',(0.,-0.,1.));
#1146 = DIRECTION('',(0.,1.,0.));
#1147 = CONICAL_SURFACE('',#1148,7.,0.610865238198);
#1148 = AXIS2_PLACEMENT_3D('',#1149,#1150,#1151);
#1149 = CARTESIAN_POINT('',(0.,0.,3.999407209439));
#1150 = DIRECTION('',(0.,0.,1.));
#1151 = DIRECTION('',(0.,1.,0.));
#1152 = ADVANCED_FACE('',(#1153),#1159,.T.);
#1153 = FACE_BOUND('',#1154,.F.);
#1154 = EDGE_LOOP('',(#1155,#1156,#1157,#1158));
#1155 = ORIENTED_EDGE('',*,*,#456,.F.);
#1156 = ORIENTED_EDGE('',*,*,#1141,.T.);
#1157 = ORIENTED_EDGE('',*,*,#1071,.T.);
#1158 = ORIENTED_EDGE('',*,*,#1106,.F.);
#1159 = CONICAL_SURFACE('',#1160,5.949896230895,0.610865238198);
#1160 = AXIS2_PLACEMENT_3D('',#1161,#1162,#1163);
#1161 = CARTESIAN_POINT('',(0.,0.,2.499703604719));
#1162 = DIRECTION('',(-0.,-0.,-1.));
#1163 = DIRECTION('',(0.,1.,0.));
#1164 = ADVANCED_FACE('',(#1165),#1243,.F.);
#1165 = FACE_BOUND('',#1166,.T.);
#1166 = EDGE_LOOP('',(#1167,#1176,#1183,#1192,#1201,#1210,#1219,#1226,
    #1227,#1234,#1235,#1242));
#1167 = ORIENTED_EDGE('',*,*,#1168,.T.);
#1168 = EDGE_CURVE('',#552,#1169,#1171,.T.);
#1169 = VERTEX_POINT('',#1170);
#1170 = CARTESIAN_POINT('',(10.,3.E-15,13.));
#1171 = CIRCLE('',#1172,10.);
#1172 = AXIS2_PLACEMENT_3D('',#1173,#1174,#1175);
#1173 = CARTESIAN_POINT('',(0.,2.89E-15,13.));
#1174 = DIRECTION('',(-0.,2.2E-16,1.));
#1175 = DIRECTION('',(1.,0.,0.));
#1176 = ORIENTED_EDGE('',*,*,#1177,.T.);
#1177 = EDGE_CURVE('',#1169,#1178,#1180,.T.);
#1178 = VERTEX_POINT('',#1179);
#1179 = CARTESIAN_POINT('',(10.,0.,0.));
#1180 = B_SPLINE_CURVE_WITH_KNOTS('',1,(#1181,#1182),.UNSPECIFIED.,.F.,
  .F.,(2,2),(-13.,0.),.PIECEWISE_BEZIER_KNOTS.);
#1181 = CARTESIAN_POINT('',(10.,0.,13.));
#1182 = CARTESIAN_POINT('',(10.,0.,0.));
#1183 = ORIENTED_EDGE('',*,*,#1184,.F.);
#1184 = EDGE_CURVE('',#1185,#1178,#1187,.T.);
#1185 = VERTEX_POINT('',#1186);
#1186 = CARTESIAN_POINT('',(9.987492177719,-0.5,0.));
#1187 = CIRCLE('',#1188,10.);
#1188 = AXIS2_PLACEMENT_3D('',#1189,#1190,#1191);
#1189 = CARTESIAN_POINT('',(0.,0.,0.));
#1190 = DIRECTION('',(0.,0.,1.));
#1191 = DIRECTION('',(1.,0.,0.));
#1192 = ORIENTED_EDGE('',*,*,#1193,.F.);
#1193 = EDGE_CURVE('',#1194,#1185,#1196,.T.);
#1194 = VERTEX_POINT('',#1195);
#1195 = CARTESIAN_POINT('',(-9.987492177719,-0.5,0.));
#1196 = CIRCLE('',#1197,10.);
#1197 = AXIS2_PLACEMENT_3D('',#1198,#1199,#1200);
#1198 = CARTESIAN_POINT('',(0.,0.,0.));
#1199 = DIRECTION('',(0.,0.,1.));
#1200 = DIRECTION('',(1.,0.,0.));
#1201 = ORIENTED_EDGE('',*,*,#1202,.F.);
#1202 = EDGE_CURVE('',#1203,#1194,#1205,.T.);
#1203 = VERTEX_POINT('',#1204);
#1204 = CARTESIAN_POINT('',(-9.987492177719,0.5,0.));
#1205 = CIRCLE('',#1206,10.);
#1206 = AXIS2_PLACEMENT_3D('',#1207,#1208,#1209);
#1207 = CARTESIAN_POINT('',(0.,0.,0.));
#1208 = DIRECTION('',(0.,0.,1.));
#1209 = DIRECTION('',(1.,0.,0.));
#1210 = ORIENTED_EDGE('',*,*,#1211,.F.);
#1211 = EDGE_CURVE('',#1212,#1203,#1214,.T.);
#1212 = VERTEX_POINT('',#1213);
#1213 = CARTESIAN_POINT('',(9.987492177719,0.5,0.));
#1214 = CIRCLE('',#1215,10.);
#1215 = AXIS2_PLACEMENT_3D('',#1216,#1217,#1218);
#1216 = CARTESIAN_POINT('',(0.,0.,0.));
#1217 = DIRECTION('',(0.,0.,1.));
#1218 = DIRECTION('',(1.,0.,0.));
#1219 = ORIENTED_EDGE('',*,*,#1220,.F.);
#1220 = EDGE_CURVE('',#1178,#1212,#1221,.T.);
#1221 = CIRCLE('',#1222,10.);
#1222 = AXIS2_PLACEMENT_3D('',#1223,#1224,#1225);
#1223 = CARTESIAN_POINT('',(0.,0.,0.));
#1224 = DIRECTION('',(0.,0.,1.));
#1225 = DIRECTION('',(1.,0.,0.));
#1226 = ORIENTED_EDGE('',*,*,#1177,.F.);
#1227 = ORIENTED_EDGE('',*,*,#1228,.T.);
#1228 = EDGE_CURVE('',#1169,#500,#1229,.T.);
#1229 = CIRCLE('',#1230,10.);
#1230 = AXIS2_PLACEMENT_3D('',#1231,#1232,#1233);
#1231 = CARTESIAN_POINT('',(0.,2.89E-15,13.));
#1232 = DIRECTION('',(-0.,2.2E-16,1.));
#1233 = DIRECTION('',(1.,0.,0.));
#1234 = ORIENTED_EDGE('',*,*,#518,.T.);
#1235 = ORIENTED_EDGE('',*,*,#1236,.T.);
#1236 = EDGE_CURVE('',#510,#603,#1237,.T.);
#1237 = CIRCLE('',#1238,10.);
#1238 = AXIS2_PLACEMENT_3D('',#1239,#1240,#1241);
#1239 = CARTESIAN_POINT('',(0.,2.89E-15,13.));
#1240 = DIRECTION('',(-0.,2.2E-16,1.));
#1241 = DIRECTION('',(1.,0.,0.));
#1242 = ORIENTED_EDGE('',*,*,#602,.T.);
#1243 = CYLINDRICAL_SURFACE('',#1244,10.);
#1244 = AXIS2_PLACEMENT_3D('',#1245,#1246,#1247);
#1245 = CARTESIAN_POINT('',(0.,0.,0.));
#1246 = DIRECTION('',(-0.,-0.,-1.));
#1247 = DIRECTION('',(1.,0.,0.));
#1248 = ADVANCED_FACE('',(#1249),#1259,.F.);
#1249 = FACE_BOUND('',#1250,.T.);
#1250 = EDGE_LOOP('',(#1251,#1252,#1258));
#1251 = ORIENTED_EDGE('',*,*,#549,.F.);
#1252 = ORIENTED_EDGE('',*,*,#1253,.T.);
#1253 = EDGE_CURVE('',#550,#1169,#1254,.T.);
#1254 = LINE('',#1255,#1256);
#1255 = CARTESIAN_POINT('',(9.,0.,14.));
#1256 = VECTOR('',#1257,1.);
#1257 = DIRECTION('',(0.707106781187,0.,-0.707106781187));
#1258 = ORIENTED_EDGE('',*,*,#1168,.F.);
#1259 = CONICAL_SURFACE('',#1260,9.,0.785398163397);
#1260 = AXIS2_PLACEMENT_3D('',#1261,#1262,#1263);
#1261 = CARTESIAN_POINT('',(0.,3.11E-15,14.));
#1262 = DIRECTION('',(-0.,-2.2E-16,-1.));
#1263 = DIRECTION('',(1.,0.,0.));
#1264 = ADVANCED_FACE('',(#1265),#1270,.F.);
#1265 = FACE_BOUND('',#1266,.T.);
#1266 = EDGE_LOOP('',(#1267,#1268,#1269));
#1267 = ORIENTED_EDGE('',*,*,#1253,.F.);
#1268 = ORIENTED_EDGE('',*,*,#568,.F.);
#1269 = ORIENTED_EDGE('',*,*,#1228,.F.);
#1270 = CONICAL_SURFACE('',#1271,9.,0.785398163397);
#1271 = AXIS2_PLACEMENT_3D('',#1272,#1273,#1274);
#1272 = CARTESIAN_POINT('',(0.,3.11E-15,14.));
#1273 = DIRECTION('',(-0.,-2.2E-16,-1.));
#1274 = DIRECTION('',(1.,0.,0.));
#1275 = ADVANCED_FACE('',(#1276),#1280,.F.);
#1276 = FACE_BOUND('',#1277,.T.);
#1277 = EDGE_LOOP('',(#1278,#1279));
#1278 = ORIENTED_EDGE('',*,*,#1236,.F.);
#1279 = ORIENTED_EDGE('',*,*,#642,.F.);
#1280 = CONICAL_SURFACE('',#1281,9.,0.785398163397);
#1281 = AXIS2_PLACEMENT_3D('',#1282,#1283,#1284);
#1282 = CARTESIAN_POINT('',(0.,3.11E-15,14.));
#1283 = DIRECTION('',(-0.,-2.2E-16,-1.));
#1284 = DIRECTION('',(1.,0.,0.));
#1285 = ADVANCED_FACE('',(#1286),#1298,.T.);
#1286 = FACE_BOUND('',#1287,.F.);
#1287 = EDGE_LOOP('',(#1288,#1289,#1290,#1297));
#1288 = ORIENTED_EDGE('',*,*,#686,.T.);
#1289 = ORIENTED_EDGE('',*,*,#728,.T.);
#1290 = ORIENTED_EDGE('',*,*,#1291,.F.);
#1291 = EDGE_CURVE('',#819,#729,#1292,.T.);
#1292 = CIRCLE('',#1293,7.);
#1293 = AXIS2_PLACEMENT_3D('',#1294,#1295,#1296);
#1294 = CARTESIAN_POINT('',(0.,0.,3.999407209439));
#1295 = DIRECTION('',(0.,-0.,1.));
#1296 = DIRECTION('',(0.,1.,0.));
#1297 = ORIENTED_EDGE('',*,*,#827,.F.);
#1298 = CYLINDRICAL_SURFACE('',#1299,7.);
#1299 = AXIS2_PLACEMENT_3D('',#1300,#1301,#1302);
#1300 = CARTESIAN_POINT('',(0.,0.,0.));
#1301 = DIRECTION('',(-0.,-0.,-1.));
#1302 = DIRECTION('',(1.,0.,0.));
#1303 = ADVANCED_FACE('',(#1304),#1351,.F.);
#1304 = FACE_BOUND('',#1305,.F.);
#1305 = EDGE_LOOP('',(#1306,#1307,#1316,#1325,#1333,#1342,#1349,#1350));
#1306 = ORIENTED_EDGE('',*,*,#793,.F.);
#1307 = ORIENTED_EDGE('',*,*,#1308,.T.);
#1308 = EDGE_CURVE('',#794,#1309,#1311,.T.);
#1309 = VERTEX_POINT('',#1310);
#1310 = CARTESIAN_POINT('',(2.688232642682,-6.463234891199,0.));
#1311 = CIRCLE('',#1312,7.);
#1312 = AXIS2_PLACEMENT_3D('',#1313,#1314,#1315);
#1313 = CARTESIAN_POINT('',(0.,0.,0.));
#1314 = DIRECTION('',(0.,0.,1.));
#1315 = DIRECTION('',(1.,0.,0.));
#1316 = ORIENTED_EDGE('',*,*,#1317,.F.);
#1317 = EDGE_CURVE('',#1318,#1309,#1320,.T.);
#1318 = VERTEX_POINT('',#1319);
#1319 = CARTESIAN_POINT('',(2.58537117286,-4.577271097503,0.));
#1320 = CIRCLE('',#1321,2.25);
#1321 = AXIS2_PLACEMENT_3D('',#1322,#1323,#1324);
#1322 = CARTESIAN_POINT('',(4.675985700455,-5.409034824175,0.));
#1323 = DIRECTION('',(0.,0.,1.));
#1324 = DIRECTION('',(1.,0.,0.));
#1325 = ORIENTED_EDGE('',*,*,#1326,.F.);
#1326 = EDGE_CURVE('',#1327,#1318,#1329,.T.);
#1327 = VERTEX_POINT('',#1328);
#1328 = CARTESIAN_POINT('',(3.374434535829,-2.593982722551,0.));
#1329 = LINE('',#1330,#1331);
#1330 = CARTESIAN_POINT('',(3.374434535829,-2.593982722551,0.));
#1331 = VECTOR('',#1332,1.);
#1332 = DIRECTION('',(-0.36967276741,-0.929162012265,0.));
#1333 = ORIENTED_EDGE('',*,*,#1334,.F.);
#1334 = EDGE_CURVE('',#1335,#1327,#1337,.T.);
#1335 = VERTEX_POINT('',#1336);
#1336 = CARTESIAN_POINT('',(6.80957044904,-1.62165048625,0.));
#1337 = CIRCLE('',#1338,2.25);
#1338 = AXIS2_PLACEMENT_3D('',#1339,#1340,#1341);
#1339 = CARTESIAN_POINT('',(5.465049063424,-3.425746449224,0.));
#1340 = DIRECTION('',(0.,0.,1.));
#1341 = DIRECTION('',(1.,0.,0.));
#1342 = ORIENTED_EDGE('',*,*,#1343,.T.);
#1343 = EDGE_CURVE('',#1335,#713,#1344,.T.);
#1344 = CIRCLE('',#1345,7.);
#1345 = AXIS2_PLACEMENT_3D('',#1346,#1347,#1348);
#1346 = CARTESIAN_POINT('',(0.,0.,0.));
#1347 = DIRECTION('',(0.,0.,1.));
#1348 = DIRECTION('',(1.,0.,0.));
#1349 = ORIENTED_EDGE('',*,*,#710,.F.);
#1350 = ORIENTED_EDGE('',*,*,#769,.F.);
#1351 = PLANE('',#1352);
#1352 = AXIS2_PLACEMENT_3D('',#1353,#1354,#1355);
#1353 = CARTESIAN_POINT('',(0.,0.,0.));
#1354 = DIRECTION('',(0.,0.,1.));
#1355 = DIRECTION('',(1.,0.,0.));
#1356 = ADVANCED_FACE('',(#1357),#1376,.T.);
#1357 = FACE_BOUND('',#1358,.F.);
#1358 = EDGE_LOOP('',(#1359,#1367,#1374,#1375));
#1359 = ORIENTED_EDGE('',*,*,#1360,.F.);
#1360 = EDGE_CURVE('',#1361,#1335,#1363,.T.);
#1361 = VERTEX_POINT('',#1362);
#1362 = CARTESIAN_POINT('',(6.809570449041,-1.62165048625,1.));
#1363 = LINE('',#1364,#1365);
#1364 = CARTESIAN_POINT('',(6.80957044904,-1.62165048625,0.));
#1365 = VECTOR('',#1366,1.);
#1366 = DIRECTION('',(-0.,-0.,-1.));
#1367 = ORIENTED_EDGE('',*,*,#1368,.T.);
#1368 = EDGE_CURVE('',#1361,#746,#1369,.T.);
#1369 = CIRCLE('',#1370,7.);
#1370 = AXIS2_PLACEMENT_3D('',#1371,#1372,#1373);
#1371 = CARTESIAN_POINT('',(0.,0.,1.));
#1372 = DIRECTION('',(0.,-0.,1.));
#1373 = DIRECTION('',(0.,1.,0.));
#1374 = ORIENTED_EDGE('',*,*,#754,.T.);
#1375 = ORIENTED_EDGE('',*,*,#1343,.F.);
#1376 = CYLINDRICAL_SURFACE('',#1377,7.);
#1377 = AXIS2_PLACEMENT_3D('',#1378,#1379,#1380);
#1378 = CARTESIAN_POINT('',(0.,0.,0.));
#1379 = DIRECTION('',(-0.,-0.,-1.));
#1380 = DIRECTION('',(1.,0.,0.));
#1381 = ADVANCED_FACE('',(#1382),#1410,.T.);
#1382 = FACE_BOUND('',#1383,.F.);
#1383 = EDGE_LOOP('',(#1384,#1401,#1408,#1409));
#1384 = ORIENTED_EDGE('',*,*,#1385,.T.);
#1385 = EDGE_CURVE('',#1361,#1386,#1388,.T.);
#1386 = VERTEX_POINT('',#1387);
#1387 = CARTESIAN_POINT('',(5.826600704002,-1.20498522586,2.499703604719
    ));
#1388 = B_SPLINE_CURVE_WITH_KNOTS('',6,(#1389,#1390,#1391,#1392,#1393,
    #1394,#1395,#1396,#1397,#1398,#1399,#1400),.UNSPECIFIED.,.F.,.F.,(7,
    5,7),(0.,0.884628838156,1.),.UNSPECIFIED.);
#1389 = CARTESIAN_POINT('',(6.809570449041,-1.62165048625,1.));
#1390 = CARTESIAN_POINT('',(6.675671261205,-1.521860716051,
    1.219041197158));
#1391 = CARTESIAN_POINT('',(6.536625801898,-1.436784140467,
    1.439296181228));
#1392 = CARTESIAN_POINT('',(6.393555292332,-1.365317657366,
    1.660405528497));
#1393 = CARTESIAN_POINT('',(6.247166555979,-1.306856842352,
    1.882061160756));
#1394 = CARTESIAN_POINT('',(6.097952578279,-1.26100653271,2.104000754275
    ));
#1395 = CARTESIAN_POINT('',(5.926288467619,-1.223436470717,
    2.354947729968));
#1396 = CARTESIAN_POINT('',(5.906438664299,-1.219316588579,
    2.383900316369));
#1397 = CARTESIAN_POINT('',(5.886544623302,-1.215411334602,
    2.412852832563));
#1398 = CARTESIAN_POINT('',(5.86660674586,-1.211720837268,2.441804650718
    ));
#1399 = CARTESIAN_POINT('',(5.846625356692,-1.208245344938,
    2.470755127629));
#1400 = CARTESIAN_POINT('',(5.826600704002,-1.20498522586,2.499703604719
    ));
#1401 = ORIENTED_EDGE('',*,*,#1402,.T.);
#1402 = EDGE_CURVE('',#1386,#737,#1403,.T.);
#1403 = CIRCLE('',#1404,5.949896230895);
#1404 = AXIS2_PLACEMENT_3D('',#1405,#1406,#1407);
#1405 = CARTESIAN_POINT('',(0.,0.,2.499703604719));
#1406 = DIRECTION('',(0.,-0.,1.));
#1407 = DIRECTION('',(0.,1.,0.));
#1408 = ORIENTED_EDGE('',*,*,#745,.F.);
#1409 = ORIENTED_EDGE('',*,*,#1368,.F.);
#1410 = CONICAL_SURFACE('',#1411,5.949896230895,0.610865238198);
#1411 = AXIS2_PLACEMENT_3D('',#1412,#1413,#1414);
#1412 = CARTESIAN_POINT('',(0.,0.,2.499703604719));
#1413 = DIRECTION('',(-0.,-0.,-1.));
#1414 = DIRECTION('',(0.,1.,0.));
#1415 = ADVANCED_FACE('',(#1416),#1465,.T.);
#1416 = FACE_BOUND('',#1417,.F.);
#1417 = EDGE_LOOP('',(#1418,#1419,#1420,#1421,#1422,#1437,#1446,#1458));
#1418 = ORIENTED_EDGE('',*,*,#818,.F.);
#1419 = ORIENTED_EDGE('',*,*,#1291,.T.);
#1420 = ORIENTED_EDGE('',*,*,#736,.F.);
#1421 = ORIENTED_EDGE('',*,*,#1402,.F.);
#1422 = ORIENTED_EDGE('',*,*,#1423,.F.);
#1423 = EDGE_CURVE('',#1424,#1386,#1426,.T.);
#1424 = VERTEX_POINT('',#1425);
#1425 = CARTESIAN_POINT('',(6.430822847002,-1.393560188333,
    3.399703604719));
#1426 = B_SPLINE_CURVE_WITH_KNOTS('',5,(#1427,#1428,#1429,#1430,#1431,
    #1432,#1433,#1434,#1435,#1436),.UNSPECIFIED.,.F.,.F.,(6,4,6),(0.,
    0.81572677967,1.),.UNSPECIFIED.);
#1427 = CARTESIAN_POINT('',(6.430887199853,-1.393590772555,
    3.399802675892));
#1428 = CARTESIAN_POINT('',(6.335774666327,-1.348385912914,
    3.253376391522));
#1429 = CARTESIAN_POINT('',(6.239036853872,-1.309229708247,
    3.106667677209));
#1430 = CARTESIAN_POINT('',(6.140887699661,-1.275933880179,
    2.959768334621));
#1431 = CARTESIAN_POINT('',(6.041470035153,-1.248400216665,
    2.812766846931));
#1432 = CARTESIAN_POINT('',(5.918123264732,-1.221712741857,
    2.632541468952));
#1433 = CARTESIAN_POINT('',(5.895332583444,-1.217089125777,
    2.599330163602));
#1434 = CARTESIAN_POINT('',(5.872481544671,-1.212759722324,
    2.566119336677));
#1435 = CARTESIAN_POINT('',(5.84957077372,-1.208724874366,2.532910100098
    ));
#1436 = CARTESIAN_POINT('',(5.826600704002,-1.20498522586,2.499703604719
    ));
#1437 = ORIENTED_EDGE('',*,*,#1438,.T.);
#1438 = EDGE_CURVE('',#1424,#1439,#1441,.T.);
#1439 = VERTEX_POINT('',#1440);
#1440 = CARTESIAN_POINT('',(2.526963380852,-6.075520435309,
    3.399703604719));
#1441 = CIRCLE('',#1442,6.580083015284);
#1442 = AXIS2_PLACEMENT_3D('',#1443,#1444,#1445);
#1443 = CARTESIAN_POINT('',(0.,0.,3.399703604719));
#1444 = DIRECTION('',(0.,0.,-1.));
#1445 = DIRECTION('',(0.,1.,0.));
#1446 = ORIENTED_EDGE('',*,*,#1447,.F.);
#1447 = EDGE_CURVE('',#1448,#1439,#1450,.T.);
#1448 = VERTEX_POINT('',#1449);
#1449 = CARTESIAN_POINT('',(2.426111147284,-5.43279392757,2.499703604719
    ));
#1450 = B_SPLINE_CURVE_WITH_KNOTS('',6,(#1451,#1452,#1453,#1454,#1455,
    #1456,#1457),.UNSPECIFIED.,.F.,.F.,(7,7),(0.,1.),
  .PIECEWISE_BEZIER_KNOTS.);
#1451 = CARTESIAN_POINT('',(2.426111147284,-5.43279392757,2.499703604719
    ));
#1452 = CARTESIAN_POINT('',(2.427310332576,-5.546351094597,
    2.648483708717));
#1453 = CARTESIAN_POINT('',(2.435356671824,-5.65698292278,2.798024806281
    ));
#1454 = CARTESIAN_POINT('',(2.449610441896,-5.765093699795,
    2.948074006799));
#1455 = CARTESIAN_POINT('',(2.469755799285,-5.870846923248,
    3.098463414207));
#1456 = CARTESIAN_POINT('',(2.495579604571,-5.974337377526,
    3.249067263525));
#1457 = CARTESIAN_POINT('',(2.526984020472,-6.075586982248,
    3.399802675892));
#1458 = ORIENTED_EDGE('',*,*,#1459,.F.);
#1459 = EDGE_CURVE('',#810,#1448,#1460,.T.);
#1460 = CIRCLE('',#1461,5.949896230895);
#1461 = AXIS2_PLACEMENT_3D('',#1462,#1463,#1464);
#1462 = CARTESIAN_POINT('',(0.,0.,2.499703604719));
#1463 = DIRECTION('',(0.,-0.,1.));
#1464 = DIRECTION('',(0.,1.,0.));
#1465 = CONICAL_SURFACE('',#1466,7.,0.610865238198);
#1466 = AXIS2_PLACEMENT_3D('',#1467,#1468,#1469);
#1467 = CARTESIAN_POINT('',(0.,0.,3.999407209439));
#1468 = DIRECTION('',(0.,0.,1.));
#1469 = DIRECTION('',(0.,1.,0.));
#1470 = ADVANCED_FACE('',(#1471),#1501,.T.);
#1471 = FACE_BOUND('',#1472,.F.);
#1472 = EDGE_LOOP('',(#1473,#1474,#1475,#1494));
#1473 = ORIENTED_EDGE('',*,*,#809,.F.);
#1474 = ORIENTED_EDGE('',*,*,#1459,.T.);
#1475 = ORIENTED_EDGE('',*,*,#1476,.T.);
#1476 = EDGE_CURVE('',#1448,#1477,#1479,.T.);
#1477 = VERTEX_POINT('',#1478);
#1478 = CARTESIAN_POINT('',(2.688232642682,-6.463234891199,1.));
#1479 = B_SPLINE_CURVE_WITH_KNOTS('',7,(#1480,#1481,#1482,#1483,#1484,
    #1485,#1486,#1487,#1488,#1489,#1490,#1491,#1492,#1493),
  .UNSPECIFIED.,.F.,.F.,(8,6,8),(0.,0.814747383002,1.),.UNSPECIFIED.);
#1480 = CARTESIAN_POINT('',(2.426111147284,-5.43279392757,2.499703604719
    ));
#1481 = CARTESIAN_POINT('',(2.427503594971,-5.564652128025,
    2.326945889023));
#1482 = CARTESIAN_POINT('',(2.437871828344,-5.692668841477,
    2.153199207021));
#1483 = CARTESIAN_POINT('',(2.456303074137,-5.817432168389,
    1.978808798104));
#1484 = CARTESIAN_POINT('',(2.482368803106,-5.939161805055,
    1.804006931297));
#1485 = CARTESIAN_POINT('',(2.515783392949,-6.057973844909,
    1.628975161973));
#1486 = CARTESIAN_POINT('',(2.55641954687,-6.173874791511,1.453842671737
    ));
#1487 = CARTESIAN_POINT('',(2.615142566518,-6.312474459993,
    1.238875328282));
#1488 = CARTESIAN_POINT('',(2.626393480487,-6.337995655372,
    1.199052748285));
#1489 = CARTESIAN_POINT('',(2.638016444364,-6.363361048774,
    1.159232292034));
#1490 = CARTESIAN_POINT('',(2.650011451832,-6.388569342992,
    1.119415385459));
#1491 = CARTESIAN_POINT('',(2.662378761244,-6.413618989669,
    1.079603439617));
#1492 = CARTESIAN_POINT('',(2.675118895627,-6.438508189292,
    1.039797850692));
#1493 = CARTESIAN_POINT('',(2.688232642682,-6.463234891199,1.));
#1494 = ORIENTED_EDGE('',*,*,#1495,.F.);
#1495 = EDGE_CURVE('',#802,#1477,#1496,.T.);
#1496 = CIRCLE('',#1497,7.);
#1497 = AXIS2_PLACEMENT_3D('',#1498,#1499,#1500);
#1498 = CARTESIAN_POINT('',(0.,0.,1.));
#1499 = DIRECTION('',(0.,-0.,1.));
#1500 = DIRECTION('',(0.,1.,0.));
#1501 = CONICAL_SURFACE('',#1502,5.949896230895,0.610865238198);
#1502 = AXIS2_PLACEMENT_3D('',#1503,#1504,#1505);
#1503 = CARTESIAN_POINT('',(0.,0.,2.499703604719));
#1504 = DIRECTION('',(-0.,-0.,-1.));
#1505 = DIRECTION('',(0.,1.,0.));
#1506 = ADVANCED_FACE('',(#1507),#1518,.T.);
#1507 = FACE_BOUND('',#1508,.F.);
#1508 = EDGE_LOOP('',(#1509,#1510,#1511,#1517));
#1509 = ORIENTED_EDGE('',*,*,#801,.F.);
#1510 = ORIENTED_EDGE('',*,*,#1495,.T.);
#1511 = ORIENTED_EDGE('',*,*,#1512,.T.);
#1512 = EDGE_CURVE('',#1477,#1309,#1513,.T.);
#1513 = LINE('',#1514,#1515);
#1514 = CARTESIAN_POINT('',(2.688232642682,-6.463234891199,0.));
#1515 = VECTOR('',#1516,1.);
#1516 = DIRECTION('',(-0.,-0.,-1.));
#1517 = ORIENTED_EDGE('',*,*,#1308,.F.);
#1518 = CYLINDRICAL_SURFACE('',#1519,7.);
#1519 = AXIS2_PLACEMENT_3D('',#1520,#1521,#1522);
#1520 = CARTESIAN_POINT('',(0.,0.,0.));
#1521 = DIRECTION('',(-0.,-0.,-1.));
#1522 = DIRECTION('',(1.,0.,0.));
#1523 = ADVANCED_FACE('',(#1524),#1530,.T.);
#1524 = FACE_BOUND('',#1525,.F.);
#1525 = EDGE_LOOP('',(#1526,#1527,#1528,#1529));
#1526 = ORIENTED_EDGE('',*,*,#967,.T.);
#1527 = ORIENTED_EDGE('',*,*,#1125,.T.);
#1528 = ORIENTED_EDGE('',*,*,#896,.T.);
#1529 = ORIENTED_EDGE('',*,*,#871,.F.);
#1530 = CONICAL_SURFACE('',#1531,5.949896230895,0.610865238198);
#1531 = AXIS2_PLACEMENT_3D('',#1532,#1533,#1534);
#1532 = CARTESIAN_POINT('',(0.,0.,2.499703604719));
#1533 = DIRECTION('',(-0.,-0.,-1.));
#1534 = DIRECTION('',(0.,1.,0.));
#1535 = ADVANCED_FACE('',(#1536),#1542,.F.);
#1536 = FACE_BOUND('',#1537,.F.);
#1537 = EDGE_LOOP('',(#1538,#1539,#1540,#1541));
#1538 = ORIENTED_EDGE('',*,*,#1029,.F.);
#1539 = ORIENTED_EDGE('',*,*,#1047,.T.);
#1540 = ORIENTED_EDGE('',*,*,#1133,.F.);
#1541 = ORIENTED_EDGE('',*,*,#998,.T.);
#1542 = PLANE('',#1543);
#1543 = AXIS2_PLACEMENT_3D('',#1544,#1545,#1546);
#1544 = CARTESIAN_POINT('',(5.07051738194,2.E-16,3.399703604719));
#1545 = DIRECTION('',(0.,0.,1.));
#1546 = DIRECTION('',(1.,0.,0.));
#1547 = ADVANCED_FACE('',(#1548,#1559),#1566,.F.);
#1548 = FACE_BOUND('',#1549,.F.);
#1549 = EDGE_LOOP('',(#1550));
#1550 = ORIENTED_EDGE('',*,*,#1551,.T.);
#1551 = EDGE_CURVE('',#1552,#1552,#1554,.T.);
#1552 = VERTEX_POINT('',#1553);
#1553 = CARTESIAN_POINT('',(12.,0.,0.));
#1554 = CIRCLE('',#1555,12.);
#1555 = AXIS2_PLACEMENT_3D('',#1556,#1557,#1558);
#1556 = CARTESIAN_POINT('',(0.,0.,0.));
#1557 = DIRECTION('',(0.,0.,1.));
#1558 = DIRECTION('',(1.,0.,0.));
#1559 = FACE_BOUND('',#1560,.F.);
#1560 = EDGE_LOOP('',(#1561,#1562,#1563,#1564,#1565));
#1561 = ORIENTED_EDGE('',*,*,#1220,.F.);
#1562 = ORIENTED_EDGE('',*,*,#1184,.F.);
#1563 = ORIENTED_EDGE('',*,*,#1193,.F.);
#1564 = ORIENTED_EDGE('',*,*,#1202,.F.);
#1565 = ORIENTED_EDGE('',*,*,#1211,.F.);
#1566 = PLANE('',#1567);
#1567 = AXIS2_PLACEMENT_3D('',#1568,#1569,#1570);
#1568 = CARTESIAN_POINT('',(0.,0.,0.));
#1569 = DIRECTION('',(0.,0.,1.));
#1570 = DIRECTION('',(1.,0.,0.));
#1571 = ADVANCED_FACE('',(#1572),#1593,.F.);
#1572 = FACE_BOUND('',#1573,.T.);
#1573 = EDGE_LOOP('',(#1574,#1575,#1576,#1577,#1578,#1587));
#1574 = ORIENTED_EDGE('',*,*,#1334,.F.);
#1575 = ORIENTED_EDGE('',*,*,#1360,.F.);
#1576 = ORIENTED_EDGE('',*,*,#1385,.T.);
#1577 = ORIENTED_EDGE('',*,*,#1423,.F.);
#1578 = ORIENTED_EDGE('',*,*,#1579,.T.);
#1579 = EDGE_CURVE('',#1424,#1580,#1582,.T.);
#1580 = VERTEX_POINT('',#1581);
#1581 = CARTESIAN_POINT('',(3.374434535829,-2.593982722551,
    3.399703604719));
#1582 = CIRCLE('',#1583,2.25);
#1583 = AXIS2_PLACEMENT_3D('',#1584,#1585,#1586);
#1584 = CARTESIAN_POINT('',(5.465049063424,-3.425746449224,
    3.399703604719));
#1585 = DIRECTION('',(0.,0.,1.));
#1586 = DIRECTION('',(1.,0.,0.));
#1587 = ORIENTED_EDGE('',*,*,#1588,.F.);
#1588 = EDGE_CURVE('',#1327,#1580,#1589,.T.);
#1589 = LINE('',#1590,#1591);
#1590 = CARTESIAN_POINT('',(3.374434535829,-2.593982722551,0.));
#1591 = VECTOR('',#1592,1.);
#1592 = DIRECTION('',(0.,0.,1.));
#1593 = CYLINDRICAL_SURFACE('',#1594,2.25);
#1594 = AXIS2_PLACEMENT_3D('',#1595,#1596,#1597);
#1595 = CARTESIAN_POINT('',(5.465049063424,-3.425746449224,0.));
#1596 = DIRECTION('',(-0.,-0.,-1.));
#1597 = DIRECTION('',(1.,0.,0.));
#1598 = ADVANCED_FACE('',(#1599),#1617,.T.);
#1599 = FACE_BOUND('',#1600,.T.);
#1600 = EDGE_LOOP('',(#1601,#1602,#1610,#1616));
#1601 = ORIENTED_EDGE('',*,*,#1588,.T.);
#1602 = ORIENTED_EDGE('',*,*,#1603,.T.);
#1603 = EDGE_CURVE('',#1580,#1604,#1606,.T.);
#1604 = VERTEX_POINT('',#1605);
#1605 = CARTESIAN_POINT('',(2.58537117286,-4.577271097503,3.399703604719
    ));
#1606 = LINE('',#1607,#1608);
#1607 = CARTESIAN_POINT('',(3.374434535829,-2.593982722551,
    3.399703604719));
#1608 = VECTOR('',#1609,1.);
#1609 = DIRECTION('',(-0.36967276741,-0.929162012265,0.));
#1610 = ORIENTED_EDGE('',*,*,#1611,.F.);
#1611 = EDGE_CURVE('',#1318,#1604,#1612,.T.);
#1612 = LINE('',#1613,#1614);
#1613 = CARTESIAN_POINT('',(2.58537117286,-4.577271097503,0.));
#1614 = VECTOR('',#1615,1.);
#1615 = DIRECTION('',(0.,0.,1.));
#1616 = ORIENTED_EDGE('',*,*,#1326,.F.);
#1617 = PLANE('',#1618);
#1618 = AXIS2_PLACEMENT_3D('',#1619,#1620,#1621);
#1619 = CARTESIAN_POINT('',(3.374434535829,-2.593982722551,0.));
#1620 = DIRECTION('',(0.929162012265,-0.36967276741,0.));
#1621 = DIRECTION('',(-0.36967276741,-0.929162012265,0.));
#1622 = ADVANCED_FACE('',(#1623),#1637,.F.);
#1623 = FACE_BOUND('',#1624,.T.);
#1624 = EDGE_LOOP('',(#1625,#1626,#1627,#1634,#1635,#1636));
#1625 = ORIENTED_EDGE('',*,*,#1317,.F.);
#1626 = ORIENTED_EDGE('',*,*,#1611,.T.);
#1627 = ORIENTED_EDGE('',*,*,#1628,.T.);
#1628 = EDGE_CURVE('',#1604,#1439,#1629,.T.);
#1629 = CIRCLE('',#1630,2.25);
#1630 = AXIS2_PLACEMENT_3D('',#1631,#1632,#1633);
#1631 = CARTESIAN_POINT('',(4.675985700455,-5.409034824175,
    3.399703604719));
#1632 = DIRECTION('',(0.,0.,1.));
#1633 = DIRECTION('',(1.,0.,0.));
#1634 = ORIENTED_EDGE('',*,*,#1447,.F.);
#1635 = ORIENTED_EDGE('',*,*,#1476,.T.);
#1636 = ORIENTED_EDGE('',*,*,#1512,.T.);
#1637 = CYLINDRICAL_SURFACE('',#1638,2.25);
#1638 = AXIS2_PLACEMENT_3D('',#1639,#1640,#1641);
#1639 = CARTESIAN_POINT('',(4.675985700455,-5.409034824175,0.));
#1640 = DIRECTION('',(-0.,-0.,-1.));
#1641 = DIRECTION('',(1.,0.,0.));
#1642 = ADVANCED_FACE('',(#1643),#1649,.F.);
#1643 = FACE_BOUND('',#1644,.F.);
#1644 = EDGE_LOOP('',(#1645,#1646,#1647,#1648));
#1645 = ORIENTED_EDGE('',*,*,#1438,.F.);
#1646 = ORIENTED_EDGE('',*,*,#1579,.T.);
#1647 = ORIENTED_EDGE('',*,*,#1603,.T.);
#1648 = ORIENTED_EDGE('',*,*,#1628,.T.);
#1649 = PLANE('',#1650);
#1650 = AXIS2_PLACEMENT_3D('',#1651,#1652,#1653);
#1651 = CARTESIAN_POINT('',(5.07051738194,2.E-16,3.399703604719));
#1652 = DIRECTION('',(0.,0.,1.));
#1653 = DIRECTION('',(1.,0.,0.));
#1654 = ADVANCED_FACE('',(#1655),#1674,.T.);
#1655 = FACE_BOUND('',#1656,.F.);
#1656 = EDGE_LOOP('',(#1657,#1665,#1672,#1673));
#1657 = ORIENTED_EDGE('',*,*,#1658,.T.);
#1658 = EDGE_CURVE('',#1552,#1659,#1661,.T.);
#1659 = VERTEX_POINT('',#1660);
#1660 = CARTESIAN_POINT('',(12.,0.,7.));
#1661 = LINE('',#1662,#1663);
#1662 = CARTESIAN_POINT('',(12.,0.,0.));
#1663 = VECTOR('',#1664,1.);
#1664 = DIRECTION('',(0.,0.,1.));
#1665 = ORIENTED_EDGE('',*,*,#1666,.T.);
#1666 = EDGE_CURVE('',#1659,#1659,#1667,.T.);
#1667 = CIRCLE('',#1668,12.);
#1668 = AXIS2_PLACEMENT_3D('',#1669,#1670,#1671);
#1669 = CARTESIAN_POINT('',(0.,0.,7.));
#1670 = DIRECTION('',(0.,0.,1.));
#1671 = DIRECTION('',(1.,0.,0.));
#1672 = ORIENTED_EDGE('',*,*,#1658,.F.);
#1673 = ORIENTED_EDGE('',*,*,#1551,.F.);
#1674 = CYLINDRICAL_SURFACE('',#1675,12.);
#1675 = AXIS2_PLACEMENT_3D('',#1676,#1677,#1678);
#1676 = CARTESIAN_POINT('',(0.,0.,0.));
#1677 = DIRECTION('',(-0.,-0.,-1.));
#1678 = DIRECTION('',(1.,0.,0.));
#1679 = ADVANCED_FACE('',(#1680,#1691),#1694,.F.);
#1680 = FACE_BOUND('',#1681,.F.);
#1681 = EDGE_LOOP('',(#1682));
#1682 = ORIENTED_EDGE('',*,*,#1683,.T.);
#1683 = EDGE_CURVE('',#1684,#1684,#1686,.T.);
#1684 = VERTEX_POINT('',#1685);
#1685 = CARTESIAN_POINT('',(14.,0.,7.));
#1686 = CIRCLE('',#1687,14.);
#1687 = AXIS2_PLACEMENT_3D('',#1688,#1689,#1690);
#1688 = CARTESIAN_POINT('',(0.,0.,7.));
#1689 = DIRECTION('',(0.,0.,1.));
#1690 = DIRECTION('',(1.,0.,0.));
#1691 = FACE_BOUND('',#1692,.T.);
#1692 = EDGE_LOOP('',(#1693));
#1693 = ORIENTED_EDGE('',*,*,#1666,.T.);
#1694 = PLANE('',#1695);
#1695 = AXIS2_PLACEMENT_3D('',#1696,#1697,#1698);
#1696 = CARTESIAN_POINT('',(-8.4E-16,5.3E-16,7.));
#1697 = DIRECTION('',(0.,0.,1.));
#1698 = DIRECTION('',(1.,0.,0.));
#1699 = ADVANCED_FACE('',(#1700),#1719,.F.);
#1700 = FACE_BOUND('',#1701,.T.);
#1701 = EDGE_LOOP('',(#1702,#1710,#1711,#1712));
#1702 = ORIENTED_EDGE('',*,*,#1703,.T.);
#1703 = EDGE_CURVE('',#1704,#1684,#1706,.T.);
#1704 = VERTEX_POINT('',#1705);
#1705 = CARTESIAN_POINT('',(14.,0.,0.));
#1706 = LINE('',#1707,#1708);
#1707 = CARTESIAN_POINT('',(14.,0.,0.));
#1708 = VECTOR('',#1709,1.);
#1709 = DIRECTION('',(0.,0.,1.));
#1710 = ORIENTED_EDGE('',*,*,#1683,.T.);
#1711 = ORIENTED_EDGE('',*,*,#1703,.F.);
#1712 = ORIENTED_EDGE('',*,*,#1713,.F.);
#1713 = EDGE_CURVE('',#1704,#1704,#1714,.T.);
#1714 = CIRCLE('',#1715,14.);
#1715 = AXIS2_PLACEMENT_3D('',#1716,#1717,#1718);
#1716 = CARTESIAN_POINT('',(0.,0.,0.));
#1717 = DIRECTION('',(0.,0.,1.));
#1718 = DIRECTION('',(1.,0.,0.));
#1719 = CYLINDRICAL_SURFACE('',#1720,14.);
#1720 = AXIS2_PLACEMENT_3D('',#1721,#1722,#1723);
#1721 = CARTESIAN_POINT('',(0.,0.,0.));
#1722 = DIRECTION('',(-0.,-0.,-1.));
#1723 = DIRECTION('',(1.,0.,0.));
#1724 = ADVANCED_FACE('',(#1725,#1736),#1739,.F.);
#1725 = FACE_BOUND('',#1726,.F.);
#1726 = EDGE_LOOP('',(#1727));
#1727 = ORIENTED_EDGE('',*,*,#1728,.T.);
#1728 = EDGE_CURVE('',#1729,#1729,#1731,.T.);
#1729 = VERTEX_POINT('',#1730);
#1730 = CARTESIAN_POINT('',(16.5,0.,0.));
#1731 = CIRCLE('',#1732,16.5);
#1732 = AXIS2_PLACEMENT_3D('',#1733,#1734,#1735);
#1733 = CARTESIAN_POINT('',(0.,0.,0.));
#1734 = DIRECTION('',(0.,0.,1.));
#1735 = DIRECTION('',(1.,0.,0.));
#1736 = FACE_BOUND('',#1737,.F.);
#1737 = EDGE_LOOP('',(#1738));
#1738 = ORIENTED_EDGE('',*,*,#1713,.F.);
#1739 = PLANE('',#1740);
#1740 = AXIS2_PLACEMENT_3D('',#1741,#1742,#1743);
#1741 = CARTESIAN_POINT('',(0.,0.,0.));
#1742 = DIRECTION('',(0.,0.,1.));
#1743 = DIRECTION('',(1.,0.,0.));
#1744 = ADVANCED_FACE('',(#1745),#2691,.T.);
#1745 = FACE_BOUND('',#1746,.T.);
#1746 = EDGE_LOOP('',(#1747,#1759,#1769,#1778,#1788,#1798,#1807,#1817,
    #1827,#1836,#1846,#1856,#1865,#1875,#1885,#1894,#1904,#1914,#1923,
    #1933,#1943,#1952,#1962,#1972,#1981,#1986,#1987,#1988,#1997,#2007,
    #2017,#2026,#2036,#2046,#2055,#2065,#2075,#2084,#2094,#2104,#2113,
    #2123,#2133,#2142,#2152,#2162,#2171,#2181,#2191,#2200,#2210,#2220,
    #2229,#2239,#2249,#2258,#2268,#2278,#2287,#2297,#2307,#2316,#2326,
    #2336,#2345,#2355,#2365,#2374,#2384,#2394,#2403,#2413,#2423,#2432,
    #2442,#2452,#2461,#2471,#2481,#2490,#2500,#2510,#2519,#2529,#2539,
    #2548,#2558,#2568,#2577,#2587,#2597,#2606,#2616,#2626,#2635,#2645,
    #2655,#2664,#2674,#2684));
#1747 = ORIENTED_EDGE('',*,*,#1748,.F.);
#1748 = EDGE_CURVE('',#1749,#1751,#1753,.T.);
#1749 = VERTEX_POINT('',#1750);
#1750 = CARTESIAN_POINT('',(2.031491037481,15.987318709412,11.));
#1751 = VERTEX_POINT('',#1752);
#1752 = CARTESIAN_POINT('',(2.057798861574,16.06840025014,8.601462015154
    ));
#1753 = B_SPLINE_CURVE_WITH_KNOTS('',4,(#1754,#1755,#1756,#1757,#1758),
  .UNSPECIFIED.,.F.,.F.,(5,5),(0.,1.),.PIECEWISE_BEZIER_KNOTS.);
#1754 = CARTESIAN_POINT('',(2.031491037481,15.987318709412,11.));
#1755 = CARTESIAN_POINT('',(2.038496878356,16.00753651408,10.40036673611
    ));
#1756 = CARTESIAN_POINT('',(2.045214372516,16.02778937456,9.800732583055
    ));
#1757 = CARTESIAN_POINT('',(2.051647380077,16.048077287581,
    9.201097644753));
#1758 = CARTESIAN_POINT('',(2.057798861574,16.06840025014,8.601462015154
    ));
#1759 = ORIENTED_EDGE('',*,*,#1760,.F.);
#1760 = EDGE_CURVE('',#1761,#1749,#1763,.T.);
#1761 = VERTEX_POINT('',#1762);
#1762 = CARTESIAN_POINT('',(1.965395058913,15.819647207415,16.));
#1763 = B_SPLINE_CURVE_WITH_KNOTS('',4,(#1764,#1765,#1766,#1767,#1768),
  .UNSPECIFIED.,.F.,.F.,(5,5),(0.,1.),.PIECEWISE_BEZIER_KNOTS.);
#1764 = CARTESIAN_POINT('',(1.965395058913,15.819647207415,16.));
#1765 = CARTESIAN_POINT('',(1.983883959819,15.861337364185,
    14.749982218433));
#1766 = CARTESIAN_POINT('',(2.0010295553,15.90317993358,13.499958427036)
  );
#1767 = CARTESIAN_POINT('',(2.016887505903,15.945174878341,
    12.249929840214));
#1768 = CARTESIAN_POINT('',(2.031492236381,15.987322169266,
    10.999897385305));
#1769 = ORIENTED_EDGE('',*,*,#1770,.F.);
#1770 = EDGE_CURVE('',#1771,#1761,#1773,.T.);
#1771 = VERTEX_POINT('',#1772);
#1772 = CARTESIAN_POINT('',(4.23812862391,15.367572393579,16.));
#1773 = CIRCLE('',#1774,15.941267688132);
#1774 = AXIS2_PLACEMENT_3D('',#1775,#1776,#1777);
#1775 = CARTESIAN_POINT('',(0.,0.,16.));
#1776 = DIRECTION('',(0.,0.,1.));
#1777 = DIRECTION('',(1.,0.,0.));
#1778 = ORIENTED_EDGE('',*,*,#1779,.F.);
#1779 = EDGE_CURVE('',#1780,#1771,#1782,.T.);
#1780 = VERTEX_POINT('',#1781);
#1781 = CARTESIAN_POINT('',(4.241229008024,15.547774498402,11.));
#1782 = B_SPLINE_CURVE_WITH_KNOTS('',4,(#1783,#1784,#1785,#1786,#1787),
  .UNSPECIFIED.,.F.,.F.,(5,5),(0.,1.),.PIECEWISE_BEZIER_KNOTS.);
#1783 = CARTESIAN_POINT('',(4.24122923994,15.547778415964,
    10.999890022513));
#1784 = CARTESIAN_POINT('',(4.238593114316,15.503249364666,
    12.24995181283));
#1785 = CARTESIAN_POINT('',(4.237173170422,15.458381460441,
    13.500009734881));
#1786 = CARTESIAN_POINT('',(4.237001226058,15.413161555532,
    14.750062861269));
#1787 = CARTESIAN_POINT('',(4.238128723102,15.367568382353,
    16.000109977487));
#1788 = ORIENTED_EDGE('',*,*,#1789,.T.);
#1789 = EDGE_CURVE('',#1780,#1790,#1792,.T.);
#1790 = VERTEX_POINT('',#1791);
#1791 = CARTESIAN_POINT('',(4.247952310106,15.632751642767,
    8.601462015154));
#1792 = B_SPLINE_CURVE_WITH_KNOTS('',4,(#1793,#1794,#1795,#1796,#1797),
  .UNSPECIFIED.,.F.,.F.,(5,5),(0.,1.),.PIECEWISE_BEZIER_KNOTS.);
#1793 = CARTESIAN_POINT('',(4.241229008024,15.547774498402,11.));
#1794 = CARTESIAN_POINT('',(4.242493473916,15.56913433356,10.40036673611
    ));
#1795 = CARTESIAN_POINT('',(4.244037752716,15.590416210555,
    9.800732583055));
#1796 = CARTESIAN_POINT('',(4.245858276888,15.611621603566,
    9.201097644753));
#1797 = CARTESIAN_POINT('',(4.247952310106,15.632751642767,
    8.601462015154));
#1798 = ORIENTED_EDGE('',*,*,#1799,.F.);
#1799 = EDGE_CURVE('',#1800,#1790,#1802,.T.);
#1800 = VERTEX_POINT('',#1801);
#1801 = CARTESIAN_POINT('',(8.050268810573,14.057780579839,
    8.601462015154));
#1802 = CIRCLE('',#1803,16.199630327677);
#1803 = AXIS2_PLACEMENT_3D('',#1804,#1805,#1806);
#1804 = CARTESIAN_POINT('',(0.,0.,8.601462015154));
#1805 = DIRECTION('',(0.,-0.,1.));
#1806 = DIRECTION('',(0.496090761855,0.868270669781,0.));
#1807 = ORIENTED_EDGE('',*,*,#1808,.F.);
#1808 = EDGE_CURVE('',#1809,#1800,#1811,.T.);
#1809 = VERTEX_POINT('',#1810);
#1810 = CARTESIAN_POINT('',(7.994934988041,13.992938572318,11.));
#1811 = B_SPLINE_CURVE_WITH_KNOTS('',4,(#1812,#1813,#1814,#1815,#1816),
  .UNSPECIFIED.,.F.,.F.,(5,5),(0.,1.),.PIECEWISE_BEZIER_KNOTS.);
#1812 = CARTESIAN_POINT('',(7.994934988041,13.992938572318,11.));
#1813 = CARTESIAN_POINT('',(8.009144559919,14.008936369011,
    10.40036673611));
#1814 = CARTESIAN_POINT('',(8.023101149447,14.025076898561,
    9.800732583055));
#1815 = CARTESIAN_POINT('',(8.036808321655,14.041358680745,
    9.201097644753));
#1816 = CARTESIAN_POINT('',(8.050268810573,14.057780579839,
    8.601462015154));
#1817 = ORIENTED_EDGE('',*,*,#1818,.F.);
#1818 = EDGE_CURVE('',#1819,#1809,#1821,.T.);
#1819 = VERTEX_POINT('',#1820);
#1820 = CARTESIAN_POINT('',(7.869705160367,13.863324139382,16.));
#1821 = B_SPLINE_CURVE_WITH_KNOTS('',4,(#1822,#1823,#1824,#1825,#1826),
  .UNSPECIFIED.,.F.,.F.,(5,5),(0.,1.),.PIECEWISE_BEZIER_KNOTS.);
#1822 = CARTESIAN_POINT('',(7.869705160367,13.863324139382,16.));
#1823 = CARTESIAN_POINT('',(7.902740858426,13.894765472167,
    14.749980377757));
#1824 = CARTESIAN_POINT('',(7.934593826403,13.926861678517,
    13.499954745666));
#1825 = CARTESIAN_POINT('',(7.965315473901,13.959591423545,
    12.249924318137));
#1826 = CARTESIAN_POINT('',(7.994937594185,13.992941506442,
    10.999890022513));
#1827 = ORIENTED_EDGE('',*,*,#1828,.F.);
#1828 = EDGE_CURVE('',#1829,#1819,#1831,.T.);
#1829 = VERTEX_POINT('',#1830);
#1830 = CARTESIAN_POINT('',(9.796435642474,12.57592399021,16.));
#1831 = CIRCLE('',#1832,15.941267688132);
#1832 = AXIS2_PLACEMENT_3D('',#1833,#1834,#1835);
#1833 = CARTESIAN_POINT('',(0.,0.,16.));
#1834 = DIRECTION('',(0.,0.,1.));
#1835 = DIRECTION('',(1.,0.,0.));
#1836 = ORIENTED_EDGE('',*,*,#1837,.F.);
#1837 = EDGE_CURVE('',#1838,#1829,#1840,.T.);
#1838 = VERTEX_POINT('',#1839);
#1839 = CARTESIAN_POINT('',(9.868260383893,12.741222560938,11.));
#1840 = B_SPLINE_CURVE_WITH_KNOTS('',4,(#1841,#1842,#1843,#1844,#1845),
  .UNSPECIFIED.,.F.,.F.,(5,5),(0.,1.),.PIECEWISE_BEZIER_KNOTS.);
#1841 = CARTESIAN_POINT('',(9.868262097342,12.741226091542,
    10.999890022513));
#1842 = CARTESIAN_POINT('',(9.848786104642,12.701095414048,
    12.24995181283));
#1843 = CARTESIAN_POINT('',(9.830304043949,12.660186264671,
    13.500009734881));
#1844 = CARTESIAN_POINT('',(9.812840279649,12.618474320323,
    14.750062861269));
#1845 = CARTESIAN_POINT('',(9.796434199086,12.575920246362,
    16.000109977487));
#1846 = ORIENTED_EDGE('',*,*,#1847,.T.);
#1847 = EDGE_CURVE('',#1838,#1848,#1850,.T.);
#1848 = VERTEX_POINT('',#1849);
#1849 = CARTESIAN_POINT('',(9.906991250357,12.81715830903,8.601462015154
    ));
#1850 = B_SPLINE_CURVE_WITH_KNOTS('',4,(#1851,#1852,#1853,#1854,#1855),
  .UNSPECIFIED.,.F.,.F.,(5,5),(0.,1.),.PIECEWISE_BEZIER_KNOTS.);
#1851 = CARTESIAN_POINT('',(9.868260383893,12.741222560938,11.));
#1852 = CARTESIAN_POINT('',(9.877602653084,12.76047258531,10.40036673611
    ));
#1853 = CARTESIAN_POINT('',(9.887173602395,12.779543505967,
    9.800732583055));
#1854 = CARTESIAN_POINT('',(9.896970499998,12.79843805011,9.201097644753
    ));
#1855 = CARTESIAN_POINT('',(9.906991250357,12.81715830903,8.601462015154
    ));
#1856 = ORIENTED_EDGE('',*,*,#1857,.F.);
#1857 = EDGE_CURVE('',#1858,#1848,#1860,.T.);
#1858 = VERTEX_POINT('',#1859);
#1859 = CARTESIAN_POINT('',(12.81715830903,9.906991250357,8.601462015154
    ));
#1860 = CIRCLE('',#1861,16.199630327677);
#1861 = AXIS2_PLACEMENT_3D('',#1862,#1863,#1864);
#1862 = CARTESIAN_POINT('',(0.,0.,8.601462015154));
#1863 = DIRECTION('',(0.,-0.,1.));
#1864 = DIRECTION('',(0.790600901279,0.61233178498,0.));
#1865 = ORIENTED_EDGE('',*,*,#1866,.F.);
#1866 = EDGE_CURVE('',#1867,#1858,#1869,.T.);
#1867 = VERTEX_POINT('',#1868);
#1868 = CARTESIAN_POINT('',(12.741222560938,9.868260383893,11.));
#1869 = B_SPLINE_CURVE_WITH_KNOTS('',4,(#1870,#1871,#1872,#1873,#1874),
  .UNSPECIFIED.,.F.,.F.,(5,5),(0.,1.),.PIECEWISE_BEZIER_KNOTS.);
#1870 = CARTESIAN_POINT('',(12.741222560938,9.868260383893,11.));
#1871 = CARTESIAN_POINT('',(12.76047258531,9.877602653084,10.40036673611
    ));
#1872 = CARTESIAN_POINT('',(12.779543505967,9.887173602395,
    9.800732583055));
#1873 = CARTESIAN_POINT('',(12.79843805011,9.896970499998,9.201097644753
    ));
#1874 = CARTESIAN_POINT('',(12.81715830903,9.906991250357,8.601462015154
    ));
#1875 = ORIENTED_EDGE('',*,*,#1876,.F.);
#1876 = EDGE_CURVE('',#1877,#1867,#1879,.T.);
#1877 = VERTEX_POINT('',#1878);
#1878 = CARTESIAN_POINT('',(12.57592399021,9.796435642474,16.));
#1879 = B_SPLINE_CURVE_WITH_KNOTS('',4,(#1880,#1881,#1882,#1883,#1884),
  .UNSPECIFIED.,.F.,.F.,(5,5),(0.,1.),.PIECEWISE_BEZIER_KNOTS.);
#1880 = CARTESIAN_POINT('',(12.57592399021,9.796435642474,16.));
#1881 = CARTESIAN_POINT('',(12.618477072638,9.812841431985,
    14.749980377757));
#1882 = CARTESIAN_POINT('',(12.660188064213,9.830304856987,
    13.499954745666));
#1883 = CARTESIAN_POINT('',(12.701096296709,9.84878653301,
    12.249924318137));
#1884 = CARTESIAN_POINT('',(12.741226091542,9.868262097342,
    10.999890022513));
#1885 = ORIENTED_EDGE('',*,*,#1886,.F.);
#1886 = EDGE_CURVE('',#1887,#1877,#1889,.T.);
#1887 = VERTEX_POINT('',#1888);
#1888 = CARTESIAN_POINT('',(13.863324139382,7.869705160367,16.));
#1889 = CIRCLE('',#1890,15.941267688132);
#1890 = AXIS2_PLACEMENT_3D('',#1891,#1892,#1893);
#1891 = CARTESIAN_POINT('',(0.,0.,16.));
#1892 = DIRECTION('',(0.,0.,1.));
#1893 = DIRECTION('',(1.,0.,0.));
#1894 = ORIENTED_EDGE('',*,*,#1895,.F.);
#1895 = EDGE_CURVE('',#1896,#1887,#1898,.T.);
#1896 = VERTEX_POINT('',#1897);
#1897 = CARTESIAN_POINT('',(13.992938572318,7.994934988041,11.));
#1898 = B_SPLINE_CURVE_WITH_KNOTS('',4,(#1899,#1900,#1901,#1902,#1903),
  .UNSPECIFIED.,.F.,.F.,(5,5),(0.,1.),.PIECEWISE_BEZIER_KNOTS.);
#1899 = CARTESIAN_POINT('',(13.992941506442,7.994937594185,
    10.999890022513));
#1900 = CARTESIAN_POINT('',(13.959590690005,7.965314822358,
    12.24995181283));
#1901 = CARTESIAN_POINT('',(13.926860238713,7.934592474979,
    13.500009734881));
#1902 = CARTESIAN_POINT('',(13.894763354282,7.9027387566,14.750062861269
    ));
#1903 = CARTESIAN_POINT('',(13.863321373156,7.869702253863,
    16.000109977487));
#1904 = ORIENTED_EDGE('',*,*,#1905,.T.);
#1905 = EDGE_CURVE('',#1896,#1906,#1908,.T.);
#1906 = VERTEX_POINT('',#1907);
#1907 = CARTESIAN_POINT('',(14.057780579839,8.050268810573,
    8.601462015154));
#1908 = B_SPLINE_CURVE_WITH_KNOTS('',4,(#1909,#1910,#1911,#1912,#1913),
  .UNSPECIFIED.,.F.,.F.,(5,5),(0.,1.),.PIECEWISE_BEZIER_KNOTS.);
#1909 = CARTESIAN_POINT('',(13.992938572318,7.994934988041,11.));
#1910 = CARTESIAN_POINT('',(14.008936369011,8.009144559919,
    10.40036673611));
#1911 = CARTESIAN_POINT('',(14.025076898561,8.023101149447,
    9.800732583055));
#1912 = CARTESIAN_POINT('',(14.041358680745,8.036808321655,
    9.201097644753));
#1913 = CARTESIAN_POINT('',(14.057780579839,8.050268810573,
    8.601462015154));
#1914 = ORIENTED_EDGE('',*,*,#1915,.F.);
#1915 = EDGE_CURVE('',#1916,#1906,#1918,.T.);
#1916 = VERTEX_POINT('',#1917);
#1917 = CARTESIAN_POINT('',(15.632751642767,4.247952310106,
    8.601462015154));
#1918 = CIRCLE('',#1919,16.199630327677);
#1919 = AXIS2_PLACEMENT_3D('',#1920,#1921,#1922);
#1920 = CARTESIAN_POINT('',(0.,0.,8.601462015154));
#1921 = DIRECTION('',(0.,-0.,1.));
#1922 = DIRECTION('',(0.964749220299,0.263170936716,0.));
#1923 = ORIENTED_EDGE('',*,*,#1924,.F.);
#1924 = EDGE_CURVE('',#1925,#1916,#1927,.T.);
#1925 = VERTEX_POINT('',#1926);
#1926 = CARTESIAN_POINT('',(15.547774498402,4.241229008024,11.));
#1927 = B_SPLINE_CURVE_WITH_KNOTS('',4,(#1928,#1929,#1930,#1931,#1932),
  .UNSPECIFIED.,.F.,.F.,(5,5),(0.,1.),.PIECEWISE_BEZIER_KNOTS.);
#1928 = CARTESIAN_POINT('',(15.547774498402,4.241229008024,11.));
#1929 = CARTESIAN_POINT('',(15.56913433356,4.242493473916,10.40036673611
    ));
#1930 = CARTESIAN_POINT('',(15.590416210555,4.244037752716,
    9.800732583055));
#1931 = CARTESIAN_POINT('',(15.611621603566,4.245858276888,
    9.201097644753));
#1932 = CARTESIAN_POINT('',(15.632751642767,4.247952310106,
    8.601462015154));
#1933 = ORIENTED_EDGE('',*,*,#1934,.F.);
#1934 = EDGE_CURVE('',#1935,#1925,#1937,.T.);
#1935 = VERTEX_POINT('',#1936);
#1936 = CARTESIAN_POINT('',(15.367572393579,4.23812862391,16.));
#1937 = B_SPLINE_CURVE_WITH_KNOTS('',4,(#1938,#1939,#1940,#1941,#1942),
  .UNSPECIFIED.,.F.,.F.,(5,5),(0.,1.),.PIECEWISE_BEZIER_KNOTS.);
#1938 = CARTESIAN_POINT('',(15.367572393579,4.23812862391,16.));
#1939 = CARTESIAN_POINT('',(15.413164539319,4.237001237413,
    14.749980377757));
#1940 = CARTESIAN_POINT('',(15.458383434137,4.237173232916,
    13.499954745666));
#1941 = CARTESIAN_POINT('',(15.503250344067,4.238593172297,
    12.249924318137));
#1942 = CARTESIAN_POINT('',(15.547778415964,4.24122923994,
    10.999890022513));
#1943 = ORIENTED_EDGE('',*,*,#1944,.F.);
#1944 = EDGE_CURVE('',#1945,#1935,#1947,.T.);
#1945 = VERTEX_POINT('',#1946);
#1946 = CARTESIAN_POINT('',(15.819647207415,1.965395058913,16.));
#1947 = CIRCLE('',#1948,15.941267688132);
#1948 = AXIS2_PLACEMENT_3D('',#1949,#1950,#1951);
#1949 = CARTESIAN_POINT('',(0.,0.,16.));
#1950 = DIRECTION('',(0.,0.,1.));
#1951 = DIRECTION('',(1.,0.,0.));
#1952 = ORIENTED_EDGE('',*,*,#1953,.F.);
#1953 = EDGE_CURVE('',#1954,#1945,#1956,.T.);
#1954 = VERTEX_POINT('',#1955);
#1955 = CARTESIAN_POINT('',(15.987318709412,2.031491037481,11.));
#1956 = B_SPLINE_CURVE_WITH_KNOTS('',4,(#1957,#1958,#1959,#1960,#1961),
  .UNSPECIFIED.,.F.,.F.,(5,5),(0.,1.),.PIECEWISE_BEZIER_KNOTS.);
#1957 = CARTESIAN_POINT('',(15.987322417517,2.031492322404,
    10.999890022513));
#1958 = CARTESIAN_POINT('',(15.945174136819,2.016887254722,
    12.24995181283));
#1959 = CARTESIAN_POINT('',(15.903178209435,2.001028908232,
    13.500009734881));
#1960 = CARTESIAN_POINT('',(15.861334664569,1.983882855689,
    14.750062861269));
#1961 = CARTESIAN_POINT('',(15.819643539485,1.965393432242,
    16.000109977487));
#1962 = ORIENTED_EDGE('',*,*,#1963,.T.);
#1963 = EDGE_CURVE('',#1954,#1964,#1966,.T.);
#1964 = VERTEX_POINT('',#1965);
#1965 = CARTESIAN_POINT('',(16.06840025014,2.057798861574,8.601462015154
    ));
#1966 = B_SPLINE_CURVE_WITH_KNOTS('',4,(#1967,#1968,#1969,#1970,#1971),
  .UNSPECIFIED.,.F.,.F.,(5,5),(0.,1.),.PIECEWISE_BEZIER_KNOTS.);
#1967 = CARTESIAN_POINT('',(15.987318709412,2.031491037481,11.));
#1968 = CARTESIAN_POINT('',(16.00753651408,2.038496878356,10.40036673611
    ));
#1969 = CARTESIAN_POINT('',(16.02778937456,2.045214372516,9.800732583055
    ));
#1970 = CARTESIAN_POINT('',(16.048077287581,2.051647380077,
    9.201097644753));
#1971 = CARTESIAN_POINT('',(16.06840025014,2.057798861574,8.601462015154
    ));
#1972 = ORIENTED_EDGE('',*,*,#1973,.F.);
#1973 = EDGE_CURVE('',#1974,#1964,#1976,.T.);
#1974 = VERTEX_POINT('',#1975);
#1975 = CARTESIAN_POINT('',(16.199630327677,0.,8.601462015155));
#1976 = CIRCLE('',#1977,16.199630327677);
#1977 = AXIS2_PLACEMENT_3D('',#1978,#1979,#1980);
#1978 = CARTESIAN_POINT('',(0.,0.,8.601462015154));
#1979 = DIRECTION('',(-0.,0.,1.));
#1980 = DIRECTION('',(0.992023216002,-0.126055301011,0.));
#1981 = ORIENTED_EDGE('',*,*,#1982,.F.);
#1982 = EDGE_CURVE('',#1729,#1974,#1983,.T.);
#1983 = B_SPLINE_CURVE_WITH_KNOTS('',1,(#1984,#1985),.UNSPECIFIED.,.F.,
  .F.,(2,2),(0.,1.),.PIECEWISE_BEZIER_KNOTS.);
#1984 = CARTESIAN_POINT('',(16.5,0.,0.));
#1985 = CARTESIAN_POINT('',(15.941267688132,0.,16.));
#1986 = ORIENTED_EDGE('',*,*,#1728,.T.);
#1987 = ORIENTED_EDGE('',*,*,#1982,.T.);
#1988 = ORIENTED_EDGE('',*,*,#1989,.F.);
#1989 = EDGE_CURVE('',#1990,#1974,#1992,.T.);
#1990 = VERTEX_POINT('',#1991);
#1991 = CARTESIAN_POINT('',(16.06840025014,-2.057798861574,
    8.601462015154));
#1992 = CIRCLE('',#1993,16.199630327677);
#1993 = AXIS2_PLACEMENT_3D('',#1994,#1995,#1996);
#1994 = CARTESIAN_POINT('',(0.,0.,8.601462015154));
#1995 = DIRECTION('',(-0.,0.,1.));
#1996 = DIRECTION('',(0.992023216002,-0.126055301011,0.));
#1997 = ORIENTED_EDGE('',*,*,#1998,.F.);
#1998 = EDGE_CURVE('',#1999,#1990,#2001,.T.);
#1999 = VERTEX_POINT('',#2000);
#2000 = CARTESIAN_POINT('',(15.987318709412,-2.031491037481,11.));
#2001 = B_SPLINE_CURVE_WITH_KNOTS('',4,(#2002,#2003,#2004,#2005,#2006),
  .UNSPECIFIED.,.F.,.F.,(5,5),(0.,1.),.PIECEWISE_BEZIER_KNOTS.);
#2002 = CARTESIAN_POINT('',(15.987318709412,-2.031491037481,11.));
#2003 = CARTESIAN_POINT('',(16.00753651408,-2.038496878356,
    10.40036673611));
#2004 = CARTESIAN_POINT('',(16.02778937456,-2.045214372516,
    9.800732583055));
#2005 = CARTESIAN_POINT('',(16.048077287581,-2.051647380077,
    9.201097644753));
#2006 = CARTESIAN_POINT('',(16.06840025014,-2.057798861574,
    8.601462015154));
#2007 = ORIENTED_EDGE('',*,*,#2008,.F.);
#2008 = EDGE_CURVE('',#2009,#1999,#2011,.T.);
#2009 = VERTEX_POINT('',#2010);
#2010 = CARTESIAN_POINT('',(15.819647207415,-1.965395058913,16.));
#2011 = B_SPLINE_CURVE_WITH_KNOTS('',4,(#2012,#2013,#2014,#2015,#2016),
  .UNSPECIFIED.,.F.,.F.,(5,5),(0.,1.),.PIECEWISE_BEZIER_KNOTS.);
#2012 = CARTESIAN_POINT('',(15.819647207415,-1.965395058913,16.));
#2013 = CARTESIAN_POINT('',(15.861337425574,-1.983883987044,
    14.749980377757));
#2014 = CARTESIAN_POINT('',(15.903180056808,-2.001029605795,
    13.499954745666));
#2015 = CARTESIAN_POINT('',(15.945175063856,-2.016887575956,
    12.249924318137));
#2016 = CARTESIAN_POINT('',(15.987322417517,-2.031492322404,
    10.999890022513));
#2017 = ORIENTED_EDGE('',*,*,#2018,.F.);
#2018 = EDGE_CURVE('',#2019,#2009,#2021,.T.);
#2019 = VERTEX_POINT('',#2020);
#2020 = CARTESIAN_POINT('',(15.367572393579,-4.23812862391,16.));
#2021 = CIRCLE('',#2022,15.941267688132);
#2022 = AXIS2_PLACEMENT_3D('',#2023,#2024,#2025);
#2023 = CARTESIAN_POINT('',(0.,0.,16.));
#2024 = DIRECTION('',(0.,0.,1.));
#2025 = DIRECTION('',(1.,0.,0.));
#2026 = ORIENTED_EDGE('',*,*,#2027,.F.);
#2027 = EDGE_CURVE('',#2028,#2019,#2030,.T.);
#2028 = VERTEX_POINT('',#2029);
#2029 = CARTESIAN_POINT('',(15.547774498402,-4.241229008024,11.));
#2030 = B_SPLINE_CURVE_WITH_KNOTS('',4,(#2031,#2032,#2033,#2034,#2035),
  .UNSPECIFIED.,.F.,.F.,(5,5),(0.,1.),.PIECEWISE_BEZIER_KNOTS.);
#2031 = CARTESIAN_POINT('',(15.547778415964,-4.24122923994,
    10.999890022513));
#2032 = CARTESIAN_POINT('',(15.503249364666,-4.238593114316,
    12.24995181283));
#2033 = CARTESIAN_POINT('',(15.458381460441,-4.237173170422,
    13.500009734881));
#2034 = CARTESIAN_POINT('',(15.413161555532,-4.237001226058,
    14.750062861269));
#2035 = CARTESIAN_POINT('',(15.367568382353,-4.238128723102,
    16.000109977487));
#2036 = ORIENTED_EDGE('',*,*,#2037,.T.);
#2037 = EDGE_CURVE('',#2028,#2038,#2040,.T.);
#2038 = VERTEX_POINT('',#2039);
#2039 = CARTESIAN_POINT('',(15.632751642767,-4.247952310106,
    8.601462015154));
#2040 = B_SPLINE_CURVE_WITH_KNOTS('',4,(#2041,#2042,#2043,#2044,#2045),
  .UNSPECIFIED.,.F.,.F.,(5,5),(0.,1.),.PIECEWISE_BEZIER_KNOTS.);
#2041 = CARTESIAN_POINT('',(15.547774498402,-4.241229008024,11.));
#2042 = CARTESIAN_POINT('',(15.56913433356,-4.242493473916,
    10.40036673611));
#2043 = CARTESIAN_POINT('',(15.590416210555,-4.244037752716,
    9.800732583055));
#2044 = CARTESIAN_POINT('',(15.611621603566,-4.245858276888,
    9.201097644753));
#2045 = CARTESIAN_POINT('',(15.632751642767,-4.247952310106,
    8.601462015154));
#2046 = ORIENTED_EDGE('',*,*,#2047,.F.);
#2047 = EDGE_CURVE('',#2048,#2038,#2050,.T.);
#2048 = VERTEX_POINT('',#2049);
#2049 = CARTESIAN_POINT('',(14.057780579839,-8.050268810573,
    8.601462015154));
#2050 = CIRCLE('',#2051,16.199630327677);
#2051 = AXIS2_PLACEMENT_3D('',#2052,#2053,#2054);
#2052 = CARTESIAN_POINT('',(0.,0.,8.601462015154));
#2053 = DIRECTION('',(-0.,0.,1.));
#2054 = DIRECTION('',(0.868270669781,-0.496090761855,0.));
#2055 = ORIENTED_EDGE('',*,*,#2056,.F.);
#2056 = EDGE_CURVE('',#2057,#2048,#2059,.T.);
#2057 = VERTEX_POINT('',#2058);
#2058 = CARTESIAN_POINT('',(13.992938572318,-7.994934988041,11.));
#2059 = B_SPLINE_CURVE_WITH_KNOTS('',4,(#2060,#2061,#2062,#2063,#2064),
  .UNSPECIFIED.,.F.,.F.,(5,5),(0.,1.),.PIECEWISE_BEZIER_KNOTS.);
#2060 = CARTESIAN_POINT('',(13.992938572318,-7.994934988041,11.));
#2061 = CARTESIAN_POINT('',(14.008936369011,-8.009144559919,
    10.40036673611));
#2062 = CARTESIAN_POINT('',(14.025076898561,-8.023101149447,
    9.800732583055));
#2063 = CARTESIAN_POINT('',(14.041358680745,-8.036808321655,
    9.201097644753));
#2064 = CARTESIAN_POINT('',(14.057780579839,-8.050268810573,
    8.601462015154));
#2065 = ORIENTED_EDGE('',*,*,#2066,.F.);
#2066 = EDGE_CURVE('',#2067,#2057,#2069,.T.);
#2067 = VERTEX_POINT('',#2068);
#2068 = CARTESIAN_POINT('',(13.863324139382,-7.869705160367,16.));
#2069 = B_SPLINE_CURVE_WITH_KNOTS('',4,(#2070,#2071,#2072,#2073,#2074),
  .UNSPECIFIED.,.F.,.F.,(5,5),(0.,1.),.PIECEWISE_BEZIER_KNOTS.);
#2070 = CARTESIAN_POINT('',(13.863324139382,-7.869705160367,16.));
#2071 = CARTESIAN_POINT('',(13.894765472167,-7.902740858426,
    14.749980377757));
#2072 = CARTESIAN_POINT('',(13.926861678517,-7.934593826403,
    13.499954745666));
#2073 = CARTESIAN_POINT('',(13.959591423545,-7.965315473901,
    12.249924318137));
#2074 = CARTESIAN_POINT('',(13.992941506442,-7.994937594185,
    10.999890022513));
#2075 = ORIENTED_EDGE('',*,*,#2076,.F.);
#2076 = EDGE_CURVE('',#2077,#2067,#2079,.T.);
#2077 = VERTEX_POINT('',#2078);
#2078 = CARTESIAN_POINT('',(12.57592399021,-9.796435642474,16.));
#2079 = CIRCLE('',#2080,15.941267688132);
#2080 = AXIS2_PLACEMENT_3D('',#2081,#2082,#2083);
#2081 = CARTESIAN_POINT('',(0.,0.,16.));
#2082 = DIRECTION('',(0.,0.,1.));
#2083 = DIRECTION('',(1.,0.,0.));
#2084 = ORIENTED_EDGE('',*,*,#2085,.F.);
#2085 = EDGE_CURVE('',#2086,#2077,#2088,.T.);
#2086 = VERTEX_POINT('',#2087);
#2087 = CARTESIAN_POINT('',(12.741222560938,-9.868260383893,11.));
#2088 = B_SPLINE_CURVE_WITH_KNOTS('',4,(#2089,#2090,#2091,#2092,#2093),
  .UNSPECIFIED.,.F.,.F.,(5,5),(0.,1.),.PIECEWISE_BEZIER_KNOTS.);
#2089 = CARTESIAN_POINT('',(12.741226091542,-9.868262097342,
    10.999890022513));
#2090 = CARTESIAN_POINT('',(12.701095414048,-9.848786104642,
    12.24995181283));
#2091 = CARTESIAN_POINT('',(12.660186264671,-9.830304043949,
    13.500009734881));
#2092 = CARTESIAN_POINT('',(12.618474320323,-9.812840279649,
    14.750062861269));
#2093 = CARTESIAN_POINT('',(12.575920246362,-9.796434199086,
    16.000109977487));
#2094 = ORIENTED_EDGE('',*,*,#2095,.T.);
#2095 = EDGE_CURVE('',#2086,#2096,#2098,.T.);
#2096 = VERTEX_POINT('',#2097);
#2097 = CARTESIAN_POINT('',(12.81715830903,-9.906991250357,
    8.601462015154));
#2098 = B_SPLINE_CURVE_WITH_KNOTS('',4,(#2099,#2100,#2101,#2102,#2103),
  .UNSPECIFIED.,.F.,.F.,(5,5),(0.,1.),.PIECEWISE_BEZIER_KNOTS.);
#2099 = CARTESIAN_POINT('',(12.741222560938,-9.868260383893,11.));
#2100 = CARTESIAN_POINT('',(12.76047258531,-9.877602653084,
    10.40036673611));
#2101 = CARTESIAN_POINT('',(12.779543505967,-9.887173602395,
    9.800732583055));
#2102 = CARTESIAN_POINT('',(12.79843805011,-9.896970499998,
    9.201097644753));
#2103 = CARTESIAN_POINT('',(12.81715830903,-9.906991250357,
    8.601462015154));
#2104 = ORIENTED_EDGE('',*,*,#2105,.F.);
#2105 = EDGE_CURVE('',#2106,#2096,#2108,.T.);
#2106 = VERTEX_POINT('',#2107);
#2107 = CARTESIAN_POINT('',(9.906991250357,-12.81715830903,
    8.601462015154));
#2108 = CIRCLE('',#2109,16.199630327677);
#2109 = AXIS2_PLACEMENT_3D('',#2110,#2111,#2112);
#2110 = CARTESIAN_POINT('',(0.,0.,8.601462015154));
#2111 = DIRECTION('',(-0.,0.,1.));
#2112 = DIRECTION('',(0.61233178498,-0.790600901279,0.));
#2113 = ORIENTED_EDGE('',*,*,#2114,.F.);
#2114 = EDGE_CURVE('',#2115,#2106,#2117,.T.);
#2115 = VERTEX_POINT('',#2116);
#2116 = CARTESIAN_POINT('',(9.868260383893,-12.74122256093,11.));
#2117 = B_SPLINE_CURVE_WITH_KNOTS('',4,(#2118,#2119,#2120,#2121,#2122),
  .UNSPECIFIED.,.F.,.F.,(5,5),(0.,1.),.PIECEWISE_BEZIER_KNOTS.);
#2118 = CARTESIAN_POINT('',(9.868260383893,-12.74122256093,11.));
#2119 = CARTESIAN_POINT('',(9.877602653084,-12.76047258531,
    10.40036673611));
#2120 = CARTESIAN_POINT('',(9.887173602395,-12.77954350596,
    9.800732583055));
#2121 = CARTESIAN_POINT('',(9.896970499998,-12.79843805011,
    9.201097644753));
#2122 = CARTESIAN_POINT('',(9.906991250357,-12.81715830903,
    8.601462015154));
#2123 = ORIENTED_EDGE('',*,*,#2124,.F.);
#2124 = EDGE_CURVE('',#2125,#2115,#2127,.T.);
#2125 = VERTEX_POINT('',#2126);
#2126 = CARTESIAN_POINT('',(9.796435642474,-12.57592399021,16.));
#2127 = B_SPLINE_CURVE_WITH_KNOTS('',4,(#2128,#2129,#2130,#2131,#2132),
  .UNSPECIFIED.,.F.,.F.,(5,5),(0.,1.),.PIECEWISE_BEZIER_KNOTS.);
#2128 = CARTESIAN_POINT('',(9.796435642474,-12.57592399021,16.));
#2129 = CARTESIAN_POINT('',(9.812841431985,-12.61847707263,
    14.749980377757));
#2130 = CARTESIAN_POINT('',(9.830304856987,-12.66018806421,
    13.499954745666));
#2131 = CARTESIAN_POINT('',(9.84878653301,-12.7010962967,12.249924318137
    ));
#2132 = CARTESIAN_POINT('',(9.868262097342,-12.74122609154,
    10.999890022513));
#2133 = ORIENTED_EDGE('',*,*,#2134,.F.);
#2134 = EDGE_CURVE('',#2135,#2125,#2137,.T.);
#2135 = VERTEX_POINT('',#2136);
#2136 = CARTESIAN_POINT('',(7.869705160367,-13.86332413938,16.));
#2137 = CIRCLE('',#2138,15.941267688132);
#2138 = AXIS2_PLACEMENT_3D('',#2139,#2140,#2141);
#2139 = CARTESIAN_POINT('',(0.,0.,16.));
#2140 = DIRECTION('',(0.,0.,1.));
#2141 = DIRECTION('',(1.,0.,0.));
#2142 = ORIENTED_EDGE('',*,*,#2143,.F.);
#2143 = EDGE_CURVE('',#2144,#2135,#2146,.T.);
#2144 = VERTEX_POINT('',#2145);
#2145 = CARTESIAN_POINT('',(7.994934988041,-13.99293857231,11.));
#2146 = B_SPLINE_CURVE_WITH_KNOTS('',4,(#2147,#2148,#2149,#2150,#2151),
  .UNSPECIFIED.,.F.,.F.,(5,5),(0.,1.),.PIECEWISE_BEZIER_KNOTS.);
#2147 = CARTESIAN_POINT('',(7.994937594185,-13.99294150644,
    10.999890022513));
#2148 = CARTESIAN_POINT('',(7.965314822358,-13.95959069,12.24995181283)
  );
#2149 = CARTESIAN_POINT('',(7.934592474979,-13.92686023871,
    13.500009734881));
#2150 = CARTESIAN_POINT('',(7.9027387566,-13.89476335428,14.750062861269
    ));
#2151 = CARTESIAN_POINT('',(7.869702253863,-13.86332137315,
    16.000109977487));
#2152 = ORIENTED_EDGE('',*,*,#2153,.T.);
#2153 = EDGE_CURVE('',#2144,#2154,#2156,.T.);
#2154 = VERTEX_POINT('',#2155);
#2155 = CARTESIAN_POINT('',(8.050268810573,-14.05778057983,
    8.601462015154));
#2156 = B_SPLINE_CURVE_WITH_KNOTS('',4,(#2157,#2158,#2159,#2160,#2161),
  .UNSPECIFIED.,.F.,.F.,(5,5),(0.,1.),.PIECEWISE_BEZIER_KNOTS.);
#2157 = CARTESIAN_POINT('',(7.994934988041,-13.99293857231,11.));
#2158 = CARTESIAN_POINT('',(8.009144559919,-14.00893636901,
    10.40036673611));
#2159 = CARTESIAN_POINT('',(8.023101149447,-14.02507689856,
    9.800732583055));
#2160 = CARTESIAN_POINT('',(8.036808321655,-14.04135868074,
    9.201097644753));
#2161 = CARTESIAN_POINT('',(8.050268810573,-14.05778057983,
    8.601462015154));
#2162 = ORIENTED_EDGE('',*,*,#2163,.F.);
#2163 = EDGE_CURVE('',#2164,#2154,#2166,.T.);
#2164 = VERTEX_POINT('',#2165);
#2165 = CARTESIAN_POINT('',(4.247952310106,-15.63275164276,
    8.601462015154));
#2166 = CIRCLE('',#2167,16.199630327677);
#2167 = AXIS2_PLACEMENT_3D('',#2168,#2169,#2170);
#2168 = CARTESIAN_POINT('',(0.,0.,8.601462015154));
#2169 = DIRECTION('',(-0.,0.,1.));
#2170 = DIRECTION('',(0.263170936716,-0.964749220299,0.));
#2171 = ORIENTED_EDGE('',*,*,#2172,.F.);
#2172 = EDGE_CURVE('',#2173,#2164,#2175,.T.);
#2173 = VERTEX_POINT('',#2174);
#2174 = CARTESIAN_POINT('',(4.241229008024,-15.5477744984,11.));
#2175 = B_SPLINE_CURVE_WITH_KNOTS('',4,(#2176,#2177,#2178,#2179,#2180),
  .UNSPECIFIED.,.F.,.F.,(5,5),(0.,1.),.PIECEWISE_BEZIER_KNOTS.);
#2176 = CARTESIAN_POINT('',(4.241229008024,-15.5477744984,11.));
#2177 = CARTESIAN_POINT('',(4.242493473916,-15.56913433356,
    10.40036673611));
#2178 = CARTESIAN_POINT('',(4.244037752716,-15.59041621055,
    9.800732583055));
#2179 = CARTESIAN_POINT('',(4.245858276888,-15.61162160356,
    9.201097644753));
#2180 = CARTESIAN_POINT('',(4.247952310106,-15.63275164276,
    8.601462015154));
#2181 = ORIENTED_EDGE('',*,*,#2182,.F.);
#2182 = EDGE_CURVE('',#2183,#2173,#2185,.T.);
#2183 = VERTEX_POINT('',#2184);
#2184 = CARTESIAN_POINT('',(4.23812862391,-15.36757239357,16.));
#2185 = B_SPLINE_CURVE_WITH_KNOTS('',4,(#2186,#2187,#2188,#2189,#2190),
  .UNSPECIFIED.,.F.,.F.,(5,5),(0.,1.),.PIECEWISE_BEZIER_KNOTS.);
#2186 = CARTESIAN_POINT('',(4.23812862391,-15.36757239357,16.));
#2187 = CARTESIAN_POINT('',(4.237001237413,-15.41316453931,
    14.749980377757));
#2188 = CARTESIAN_POINT('',(4.237173232916,-15.45838343413,
    13.499954745666));
#2189 = CARTESIAN_POINT('',(4.238593172297,-15.50325034406,
    12.249924318137));
#2190 = CARTESIAN_POINT('',(4.24122923994,-15.54777841596,
    10.999890022513));
#2191 = ORIENTED_EDGE('',*,*,#2192,.F.);
#2192 = EDGE_CURVE('',#2193,#2183,#2195,.T.);
#2193 = VERTEX_POINT('',#2194);
#2194 = CARTESIAN_POINT('',(1.965395058913,-15.81964720741,16.));
#2195 = CIRCLE('',#2196,15.941267688132);
#2196 = AXIS2_PLACEMENT_3D('',#2197,#2198,#2199);
#2197 = CARTESIAN_POINT('',(0.,0.,16.));
#2198 = DIRECTION('',(0.,0.,1.));
#2199 = DIRECTION('',(1.,0.,0.));
#2200 = ORIENTED_EDGE('',*,*,#2201,.F.);
#2201 = EDGE_CURVE('',#2202,#2193,#2204,.T.);
#2202 = VERTEX_POINT('',#2203);
#2203 = CARTESIAN_POINT('',(2.031491037481,-15.98731870941,11.));
#2204 = B_SPLINE_CURVE_WITH_KNOTS('',4,(#2205,#2206,#2207,#2208,#2209),
  .UNSPECIFIED.,.F.,.F.,(5,5),(0.,1.),.PIECEWISE_BEZIER_KNOTS.);
#2205 = CARTESIAN_POINT('',(2.031492322404,-15.98732241751,
    10.999890022513));
#2206 = CARTESIAN_POINT('',(2.016887254722,-15.94517413681,
    12.24995181283));
#2207 = CARTESIAN_POINT('',(2.001028908232,-15.90317820943,
    13.500009734881));
#2208 = CARTESIAN_POINT('',(1.983882855689,-15.86133466456,
    14.750062861269));
#2209 = CARTESIAN_POINT('',(1.965393432242,-15.81964353948,
    16.000109977487));
#2210 = ORIENTED_EDGE('',*,*,#2211,.T.);
#2211 = EDGE_CURVE('',#2202,#2212,#2214,.T.);
#2212 = VERTEX_POINT('',#2213);
#2213 = CARTESIAN_POINT('',(2.057798861574,-16.06840025014,
    8.601462015154));
#2214 = B_SPLINE_CURVE_WITH_KNOTS('',4,(#2215,#2216,#2217,#2218,#2219),
  .UNSPECIFIED.,.F.,.F.,(5,5),(0.,1.),.PIECEWISE_BEZIER_KNOTS.);
#2215 = CARTESIAN_POINT('',(2.031491037481,-15.98731870941,11.));
#2216 = CARTESIAN_POINT('',(2.038496878356,-16.00753651408,
    10.40036673611));
#2217 = CARTESIAN_POINT('',(2.045214372516,-16.02778937456,
    9.800732583055));
#2218 = CARTESIAN_POINT('',(2.051647380077,-16.04807728758,
    9.201097644753));
#2219 = CARTESIAN_POINT('',(2.057798861574,-16.06840025014,
    8.601462015154));
#2220 = ORIENTED_EDGE('',*,*,#2221,.F.);
#2221 = EDGE_CURVE('',#2222,#2212,#2224,.T.);
#2222 = VERTEX_POINT('',#2223);
#2223 = CARTESIAN_POINT('',(-2.057798861574,-16.06840025014,
    8.601462015154));
#2224 = CIRCLE('',#2225,16.199630327677);
#2225 = AXIS2_PLACEMENT_3D('',#2226,#2227,#2228);
#2226 = CARTESIAN_POINT('',(0.,0.,8.601462015154));
#2227 = DIRECTION('',(0.,0.,1.));
#2228 = DIRECTION('',(-0.126055301011,-0.992023216002,0.));
#2229 = ORIENTED_EDGE('',*,*,#2230,.F.);
#2230 = EDGE_CURVE('',#2231,#2222,#2233,.T.);
#2231 = VERTEX_POINT('',#2232);
#2232 = CARTESIAN_POINT('',(-2.031491037481,-15.98731870941,11.));
#2233 = B_SPLINE_CURVE_WITH_KNOTS('',4,(#2234,#2235,#2236,#2237,#2238),
  .UNSPECIFIED.,.F.,.F.,(5,5),(0.,1.),.PIECEWISE_BEZIER_KNOTS.);
#2234 = CARTESIAN_POINT('',(-2.031491037481,-15.98731870941,11.));
#2235 = CARTESIAN_POINT('',(-2.038496878356,-16.00753651408,
    10.40036673611));
#2236 = CARTESIAN_POINT('',(-2.045214372516,-16.02778937456,
    9.800732583055));
#2237 = CARTESIAN_POINT('',(-2.051647380077,-16.04807728758,
    9.201097644753));
#2238 = CARTESIAN_POINT('',(-2.057798861574,-16.06840025014,
    8.601462015154));
#2239 = ORIENTED_EDGE('',*,*,#2240,.F.);
#2240 = EDGE_CURVE('',#2241,#2231,#2243,.T.);
#2241 = VERTEX_POINT('',#2242);
#2242 = CARTESIAN_POINT('',(-1.965395058913,-15.81964720741,16.));
#2243 = B_SPLINE_CURVE_WITH_KNOTS('',4,(#2244,#2245,#2246,#2247,#2248),
  .UNSPECIFIED.,.F.,.F.,(5,5),(0.,1.),.PIECEWISE_BEZIER_KNOTS.);
#2244 = CARTESIAN_POINT('',(-1.965395058913,-15.81964720741,16.));
#2245 = CARTESIAN_POINT('',(-1.983883987044,-15.86133742557,
    14.749980377757));
#2246 = CARTESIAN_POINT('',(-2.001029605795,-15.9031800568,
    13.499954745666));
#2247 = CARTESIAN_POINT('',(-2.016887575956,-15.94517506385,
    12.249924318137));
#2248 = CARTESIAN_POINT('',(-2.031492322404,-15.98732241751,
    10.999890022513));
#2249 = ORIENTED_EDGE('',*,*,#2250,.F.);
#2250 = EDGE_CURVE('',#2251,#2241,#2253,.T.);
#2251 = VERTEX_POINT('',#2252);
#2252 = CARTESIAN_POINT('',(-4.23812862391,-15.36757239357,16.));
#2253 = CIRCLE('',#2254,15.941267688132);
#2254 = AXIS2_PLACEMENT_3D('',#2255,#2256,#2257);
#2255 = CARTESIAN_POINT('',(0.,0.,16.));
#2256 = DIRECTION('',(0.,0.,1.));
#2257 = DIRECTION('',(1.,0.,0.));
#2258 = ORIENTED_EDGE('',*,*,#2259,.F.);
#2259 = EDGE_CURVE('',#2260,#2251,#2262,.T.);
#2260 = VERTEX_POINT('',#2261);
#2261 = CARTESIAN_POINT('',(-4.241229008024,-15.5477744984,11.));
#2262 = B_SPLINE_CURVE_WITH_KNOTS('',4,(#2263,#2264,#2265,#2266,#2267),
  .UNSPECIFIED.,.F.,.F.,(5,5),(0.,1.),.PIECEWISE_BEZIER_KNOTS.);
#2263 = CARTESIAN_POINT('',(-4.24122923994,-15.54777841596,
    10.999890022513));
#2264 = CARTESIAN_POINT('',(-4.238593114316,-15.50324936466,
    12.24995181283));
#2265 = CARTESIAN_POINT('',(-4.237173170422,-15.45838146044,
    13.500009734881));
#2266 = CARTESIAN_POINT('',(-4.237001226058,-15.41316155553,
    14.750062861269));
#2267 = CARTESIAN_POINT('',(-4.238128723102,-15.36756838235,
    16.000109977487));
#2268 = ORIENTED_EDGE('',*,*,#2269,.T.);
#2269 = EDGE_CURVE('',#2260,#2270,#2272,.T.);
#2270 = VERTEX_POINT('',#2271);
#2271 = CARTESIAN_POINT('',(-4.247952310106,-15.63275164276,
    8.601462015154));
#2272 = B_SPLINE_CURVE_WITH_KNOTS('',4,(#2273,#2274,#2275,#2276,#2277),
  .UNSPECIFIED.,.F.,.F.,(5,5),(0.,1.),.PIECEWISE_BEZIER_KNOTS.);
#2273 = CARTESIAN_POINT('',(-4.241229008024,-15.5477744984,11.));
#2274 = CARTESIAN_POINT('',(-4.242493473916,-15.56913433356,
    10.40036673611));
#2275 = CARTESIAN_POINT('',(-4.244037752716,-15.59041621055,
    9.800732583055));
#2276 = CARTESIAN_POINT('',(-4.245858276888,-15.61162160356,
    9.201097644753));
#2277 = CARTESIAN_POINT('',(-4.247952310106,-15.63275164276,
    8.601462015154));
#2278 = ORIENTED_EDGE('',*,*,#2279,.F.);
#2279 = EDGE_CURVE('',#2280,#2270,#2282,.T.);
#2280 = VERTEX_POINT('',#2281);
#2281 = CARTESIAN_POINT('',(-8.050268810573,-14.05778057983,
    8.601462015154));
#2282 = CIRCLE('',#2283,16.199630327677);
#2283 = AXIS2_PLACEMENT_3D('',#2284,#2285,#2286);
#2284 = CARTESIAN_POINT('',(0.,0.,8.601462015154));
#2285 = DIRECTION('',(0.,0.,1.));
#2286 = DIRECTION('',(-0.496090761855,-0.868270669781,0.));
#2287 = ORIENTED_EDGE('',*,*,#2288,.F.);
#2288 = EDGE_CURVE('',#2289,#2280,#2291,.T.);
#2289 = VERTEX_POINT('',#2290);
#2290 = CARTESIAN_POINT('',(-7.994934988041,-13.99293857231,11.));
#2291 = B_SPLINE_CURVE_WITH_KNOTS('',4,(#2292,#2293,#2294,#2295,#2296),
  .UNSPECIFIED.,.F.,.F.,(5,5),(0.,1.),.PIECEWISE_BEZIER_KNOTS.);
#2292 = CARTESIAN_POINT('',(-7.994934988041,-13.99293857231,11.));
#2293 = CARTESIAN_POINT('',(-8.009144559919,-14.00893636901,
    10.40036673611));
#2294 = CARTESIAN_POINT('',(-8.023101149447,-14.02507689856,
    9.800732583055));
#2295 = CARTESIAN_POINT('',(-8.036808321655,-14.04135868074,
    9.201097644753));
#2296 = CARTESIAN_POINT('',(-8.050268810573,-14.05778057983,
    8.601462015154));
#2297 = ORIENTED_EDGE('',*,*,#2298,.F.);
#2298 = EDGE_CURVE('',#2299,#2289,#2301,.T.);
#2299 = VERTEX_POINT('',#2300);
#2300 = CARTESIAN_POINT('',(-7.869705160367,-13.86332413938,16.));
#2301 = B_SPLINE_CURVE_WITH_KNOTS('',4,(#2302,#2303,#2304,#2305,#2306),
  .UNSPECIFIED.,.F.,.F.,(5,5),(0.,1.),.PIECEWISE_BEZIER_KNOTS.);
#2302 = CARTESIAN_POINT('',(-7.869705160367,-13.86332413938,16.));
#2303 = CARTESIAN_POINT('',(-7.902740858426,-13.89476547216,
    14.749980377757));
#2304 = CARTESIAN_POINT('',(-7.934593826403,-13.92686167851,
    13.499954745666));
#2305 = CARTESIAN_POINT('',(-7.965315473901,-13.95959142354,
    12.249924318137));
#2306 = CARTESIAN_POINT('',(-7.994937594185,-13.99294150644,
    10.999890022513));
#2307 = ORIENTED_EDGE('',*,*,#2308,.F.);
#2308 = EDGE_CURVE('',#2309,#2299,#2311,.T.);
#2309 = VERTEX_POINT('',#2310);
#2310 = CARTESIAN_POINT('',(-9.796435642474,-12.57592399021,16.));
#2311 = CIRCLE('',#2312,15.941267688132);
#2312 = AXIS2_PLACEMENT_3D('',#2313,#2314,#2315);
#2313 = CARTESIAN_POINT('',(0.,0.,16.));
#2314 = DIRECTION('',(0.,0.,1.));
#2315 = DIRECTION('',(1.,0.,0.));
#2316 = ORIENTED_EDGE('',*,*,#2317,.F.);
#2317 = EDGE_CURVE('',#2318,#2309,#2320,.T.);
#2318 = VERTEX_POINT('',#2319);
#2319 = CARTESIAN_POINT('',(-9.868260383893,-12.74122256093,11.));
#2320 = B_SPLINE_CURVE_WITH_KNOTS('',4,(#2321,#2322,#2323,#2324,#2325),
  .UNSPECIFIED.,.F.,.F.,(5,5),(0.,1.),.PIECEWISE_BEZIER_KNOTS.);
#2321 = CARTESIAN_POINT('',(-9.868262097342,-12.74122609154,
    10.999890022513));
#2322 = CARTESIAN_POINT('',(-9.848786104642,-12.70109541404,
    12.24995181283));
#2323 = CARTESIAN_POINT('',(-9.830304043949,-12.66018626467,
    13.500009734881));
#2324 = CARTESIAN_POINT('',(-9.812840279649,-12.61847432032,
    14.750062861269));
#2325 = CARTESIAN_POINT('',(-9.796434199086,-12.57592024636,
    16.000109977487));
#2326 = ORIENTED_EDGE('',*,*,#2327,.T.);
#2327 = EDGE_CURVE('',#2318,#2328,#2330,.T.);
#2328 = VERTEX_POINT('',#2329);
#2329 = CARTESIAN_POINT('',(-9.906991250357,-12.81715830903,
    8.601462015154));
#2330 = B_SPLINE_CURVE_WITH_KNOTS('',4,(#2331,#2332,#2333,#2334,#2335),
  .UNSPECIFIED.,.F.,.F.,(5,5),(0.,1.),.PIECEWISE_BEZIER_KNOTS.);
#2331 = CARTESIAN_POINT('',(-9.868260383893,-12.74122256093,11.));
#2332 = CARTESIAN_POINT('',(-9.877602653084,-12.76047258531,
    10.40036673611));
#2333 = CARTESIAN_POINT('',(-9.887173602395,-12.77954350596,
    9.800732583055));
#2334 = CARTESIAN_POINT('',(-9.896970499998,-12.79843805011,
    9.201097644753));
#2335 = CARTESIAN_POINT('',(-9.906991250357,-12.81715830903,
    8.601462015154));
#2336 = ORIENTED_EDGE('',*,*,#2337,.F.);
#2337 = EDGE_CURVE('',#2338,#2328,#2340,.T.);
#2338 = VERTEX_POINT('',#2339);
#2339 = CARTESIAN_POINT('',(-12.81715830903,-9.906991250357,
    8.601462015154));
#2340 = CIRCLE('',#2341,16.199630327677);
#2341 = AXIS2_PLACEMENT_3D('',#2342,#2343,#2344);
#2342 = CARTESIAN_POINT('',(0.,0.,8.601462015154));
#2343 = DIRECTION('',(0.,0.,1.));
#2344 = DIRECTION('',(-0.790600901279,-0.61233178498,0.));
#2345 = ORIENTED_EDGE('',*,*,#2346,.F.);
#2346 = EDGE_CURVE('',#2347,#2338,#2349,.T.);
#2347 = VERTEX_POINT('',#2348);
#2348 = CARTESIAN_POINT('',(-12.74122256093,-9.868260383893,11.));
#2349 = B_SPLINE_CURVE_WITH_KNOTS('',4,(#2350,#2351,#2352,#2353,#2354),
  .UNSPECIFIED.,.F.,.F.,(5,5),(0.,1.),.PIECEWISE_BEZIER_KNOTS.);
#2350 = CARTESIAN_POINT('',(-12.74122256093,-9.868260383893,11.));
#2351 = CARTESIAN_POINT('',(-12.76047258531,-9.877602653084,
    10.40036673611));
#2352 = CARTESIAN_POINT('',(-12.77954350596,-9.887173602395,
    9.800732583055));
#2353 = CARTESIAN_POINT('',(-12.79843805011,-9.896970499998,
    9.201097644753));
#2354 = CARTESIAN_POINT('',(-12.81715830903,-9.906991250357,
    8.601462015154));
#2355 = ORIENTED_EDGE('',*,*,#2356,.F.);
#2356 = EDGE_CURVE('',#2357,#2347,#2359,.T.);
#2357 = VERTEX_POINT('',#2358);
#2358 = CARTESIAN_POINT('',(-12.57592399021,-9.796435642474,16.));
#2359 = B_SPLINE_CURVE_WITH_KNOTS('',4,(#2360,#2361,#2362,#2363,#2364),
  .UNSPECIFIED.,.F.,.F.,(5,5),(0.,1.),.PIECEWISE_BEZIER_KNOTS.);
#2360 = CARTESIAN_POINT('',(-12.57592399021,-9.796435642474,16.));
#2361 = CARTESIAN_POINT('',(-12.61847707263,-9.812841431985,
    14.749980377757));
#2362 = CARTESIAN_POINT('',(-12.66018806421,-9.830304856987,
    13.499954745666));
#2363 = CARTESIAN_POINT('',(-12.7010962967,-9.84878653301,
    12.249924318137));
#2364 = CARTESIAN_POINT('',(-12.74122609154,-9.868262097342,
    10.999890022513));
#2365 = ORIENTED_EDGE('',*,*,#2366,.F.);
#2366 = EDGE_CURVE('',#2367,#2357,#2369,.T.);
#2367 = VERTEX_POINT('',#2368);
#2368 = CARTESIAN_POINT('',(-13.86332413938,-7.869705160367,16.));
#2369 = CIRCLE('',#2370,15.941267688132);
#2370 = AXIS2_PLACEMENT_3D('',#2371,#2372,#2373);
#2371 = CARTESIAN_POINT('',(0.,0.,16.));
#2372 = DIRECTION('',(0.,0.,1.));
#2373 = DIRECTION('',(1.,0.,0.));
#2374 = ORIENTED_EDGE('',*,*,#2375,.F.);
#2375 = EDGE_CURVE('',#2376,#2367,#2378,.T.);
#2376 = VERTEX_POINT('',#2377);
#2377 = CARTESIAN_POINT('',(-13.99293857231,-7.994934988041,11.));
#2378 = B_SPLINE_CURVE_WITH_KNOTS('',4,(#2379,#2380,#2381,#2382,#2383),
  .UNSPECIFIED.,.F.,.F.,(5,5),(0.,1.),.PIECEWISE_BEZIER_KNOTS.);
#2379 = CARTESIAN_POINT('',(-13.99294150644,-7.994937594185,
    10.999890022513));
#2380 = CARTESIAN_POINT('',(-13.95959069,-7.965314822358,12.24995181283)
  );
#2381 = CARTESIAN_POINT('',(-13.92686023871,-7.934592474979,
    13.500009734881));
#2382 = CARTESIAN_POINT('',(-13.89476335428,-7.9027387566,
    14.750062861269));
#2383 = CARTESIAN_POINT('',(-13.86332137315,-7.869702253863,
    16.000109977487));
#2384 = ORIENTED_EDGE('',*,*,#2385,.T.);
#2385 = EDGE_CURVE('',#2376,#2386,#2388,.T.);
#2386 = VERTEX_POINT('',#2387);
#2387 = CARTESIAN_POINT('',(-14.05778057983,-8.050268810573,
    8.601462015154));
#2388 = B_SPLINE_CURVE_WITH_KNOTS('',4,(#2389,#2390,#2391,#2392,#2393),
  .UNSPECIFIED.,.F.,.F.,(5,5),(0.,1.),.PIECEWISE_BEZIER_KNOTS.);
#2389 = CARTESIAN_POINT('',(-13.99293857231,-7.994934988041,11.));
#2390 = CARTESIAN_POINT('',(-14.00893636901,-8.009144559919,
    10.40036673611));
#2391 = CARTESIAN_POINT('',(-14.02507689856,-8.023101149447,
    9.800732583055));
#2392 = CARTESIAN_POINT('',(-14.04135868074,-8.036808321655,
    9.201097644753));
#2393 = CARTESIAN_POINT('',(-14.05778057983,-8.050268810573,
    8.601462015154));
#2394 = ORIENTED_EDGE('',*,*,#2395,.F.);
#2395 = EDGE_CURVE('',#2396,#2386,#2398,.T.);
#2396 = VERTEX_POINT('',#2397);
#2397 = CARTESIAN_POINT('',(-15.63275164276,-4.247952310106,
    8.601462015154));
#2398 = CIRCLE('',#2399,16.199630327677);
#2399 = AXIS2_PLACEMENT_3D('',#2400,#2401,#2402);
#2400 = CARTESIAN_POINT('',(0.,0.,8.601462015154));
#2401 = DIRECTION('',(0.,0.,1.));
#2402 = DIRECTION('',(-0.964749220299,-0.263170936716,0.));
#2403 = ORIENTED_EDGE('',*,*,#2404,.F.);
#2404 = EDGE_CURVE('',#2405,#2396,#2407,.T.);
#2405 = VERTEX_POINT('',#2406);
#2406 = CARTESIAN_POINT('',(-15.5477744984,-4.241229008024,11.));
#2407 = B_SPLINE_CURVE_WITH_KNOTS('',4,(#2408,#2409,#2410,#2411,#2412),
  .UNSPECIFIED.,.F.,.F.,(5,5),(0.,1.),.PIECEWISE_BEZIER_KNOTS.);
#2408 = CARTESIAN_POINT('',(-15.5477744984,-4.241229008024,11.));
#2409 = CARTESIAN_POINT('',(-15.56913433356,-4.242493473916,
    10.40036673611));
#2410 = CARTESIAN_POINT('',(-15.59041621055,-4.244037752716,
    9.800732583055));
#2411 = CARTESIAN_POINT('',(-15.61162160356,-4.245858276888,
    9.201097644753));
#2412 = CARTESIAN_POINT('',(-15.63275164276,-4.247952310106,
    8.601462015154));
#2413 = ORIENTED_EDGE('',*,*,#2414,.F.);
#2414 = EDGE_CURVE('',#2415,#2405,#2417,.T.);
#2415 = VERTEX_POINT('',#2416);
#2416 = CARTESIAN_POINT('',(-15.36757239357,-4.23812862391,16.));
#2417 = B_SPLINE_CURVE_WITH_KNOTS('',4,(#2418,#2419,#2420,#2421,#2422),
  .UNSPECIFIED.,.F.,.F.,(5,5),(0.,1.),.PIECEWISE_BEZIER_KNOTS.);
#2418 = CARTESIAN_POINT('',(-15.36757239357,-4.23812862391,16.));
#2419 = CARTESIAN_POINT('',(-15.41316453931,-4.237001237413,
    14.749980377757));
#2420 = CARTESIAN_POINT('',(-15.45838343413,-4.237173232916,
    13.499954745666));
#2421 = CARTESIAN_POINT('',(-15.50325034406,-4.238593172297,
    12.249924318137));
#2422 = CARTESIAN_POINT('',(-15.54777841596,-4.24122923994,
    10.999890022513));
#2423 = ORIENTED_EDGE('',*,*,#2424,.F.);
#2424 = EDGE_CURVE('',#2425,#2415,#2427,.T.);
#2425 = VERTEX_POINT('',#2426);
#2426 = CARTESIAN_POINT('',(-15.81964720741,-1.965395058913,16.));
#2427 = CIRCLE('',#2428,15.941267688132);
#2428 = AXIS2_PLACEMENT_3D('',#2429,#2430,#2431);
#2429 = CARTESIAN_POINT('',(0.,0.,16.));
#2430 = DIRECTION('',(0.,0.,1.));
#2431 = DIRECTION('',(1.,0.,0.));
#2432 = ORIENTED_EDGE('',*,*,#2433,.F.);
#2433 = EDGE_CURVE('',#2434,#2425,#2436,.T.);
#2434 = VERTEX_POINT('',#2435);
#2435 = CARTESIAN_POINT('',(-15.98731870941,-2.031491037481,11.));
#2436 = B_SPLINE_CURVE_WITH_KNOTS('',4,(#2437,#2438,#2439,#2440,#2441),
  .UNSPECIFIED.,.F.,.F.,(5,5),(0.,1.),.PIECEWISE_BEZIER_KNOTS.);
#2437 = CARTESIAN_POINT('',(-15.98732241751,-2.031492322404,
    10.999890022513));
#2438 = CARTESIAN_POINT('',(-15.94517413681,-2.016887254722,
    12.24995181283));
#2439 = CARTESIAN_POINT('',(-15.90317820943,-2.001028908232,
    13.500009734881));
#2440 = CARTESIAN_POINT('',(-15.86133466456,-1.983882855689,
    14.750062861269));
#2441 = CARTESIAN_POINT('',(-15.81964353948,-1.965393432242,
    16.000109977487));
#2442 = ORIENTED_EDGE('',*,*,#2443,.T.);
#2443 = EDGE_CURVE('',#2434,#2444,#2446,.T.);
#2444 = VERTEX_POINT('',#2445);
#2445 = CARTESIAN_POINT('',(-16.06840025014,-2.057798861574,
    8.601462015154));
#2446 = B_SPLINE_CURVE_WITH_KNOTS('',4,(#2447,#2448,#2449,#2450,#2451),
  .UNSPECIFIED.,.F.,.F.,(5,5),(0.,1.),.PIECEWISE_BEZIER_KNOTS.);
#2447 = CARTESIAN_POINT('',(-15.98731870941,-2.031491037481,11.));
#2448 = CARTESIAN_POINT('',(-16.00753651408,-2.038496878356,
    10.40036673611));
#2449 = CARTESIAN_POINT('',(-16.02778937456,-2.045214372516,
    9.800732583055));
#2450 = CARTESIAN_POINT('',(-16.04807728758,-2.051647380077,
    9.201097644753));
#2451 = CARTESIAN_POINT('',(-16.06840025014,-2.057798861574,
    8.601462015154));
#2452 = ORIENTED_EDGE('',*,*,#2453,.F.);
#2453 = EDGE_CURVE('',#2454,#2444,#2456,.T.);
#2454 = VERTEX_POINT('',#2455);
#2455 = CARTESIAN_POINT('',(-16.06840025014,2.057798861574,
    8.601462015154));
#2456 = CIRCLE('',#2457,16.199630327677);
#2457 = AXIS2_PLACEMENT_3D('',#2458,#2459,#2460);
#2458 = CARTESIAN_POINT('',(0.,0.,8.601462015154));
#2459 = DIRECTION('',(0.,0.,1.));
#2460 = DIRECTION('',(-0.992023216002,0.126055301011,0.));
#2461 = ORIENTED_EDGE('',*,*,#2462,.F.);
#2462 = EDGE_CURVE('',#2463,#2454,#2465,.T.);
#2463 = VERTEX_POINT('',#2464);
#2464 = CARTESIAN_POINT('',(-15.98731870941,2.031491037481,11.));
#2465 = B_SPLINE_CURVE_WITH_KNOTS('',4,(#2466,#2467,#2468,#2469,#2470),
  .UNSPECIFIED.,.F.,.F.,(5,5),(0.,1.),.PIECEWISE_BEZIER_KNOTS.);
#2466 = CARTESIAN_POINT('',(-15.98731870941,2.031491037481,11.));
#2467 = CARTESIAN_POINT('',(-16.00753651408,2.038496878356,
    10.40036673611));
#2468 = CARTESIAN_POINT('',(-16.02778937456,2.045214372516,
    9.800732583055));
#2469 = CARTESIAN_POINT('',(-16.04807728758,2.051647380077,
    9.201097644753));
#2470 = CARTESIAN_POINT('',(-16.06840025014,2.057798861574,
    8.601462015154));
#2471 = ORIENTED_EDGE('',*,*,#2472,.F.);
#2472 = EDGE_CURVE('',#2473,#2463,#2475,.T.);
#2473 = VERTEX_POINT('',#2474);
#2474 = CARTESIAN_POINT('',(-15.81964720741,1.965395058913,16.));
#2475 = B_SPLINE_CURVE_WITH_KNOTS('',4,(#2476,#2477,#2478,#2479,#2480),
  .UNSPECIFIED.,.F.,.F.,(5,5),(0.,1.),.PIECEWISE_BEZIER_KNOTS.);
#2476 = CARTESIAN_POINT('',(-15.81964720741,1.965395058913,16.));
#2477 = CARTESIAN_POINT('',(-15.86133742557,1.983883987044,
    14.749980377757));
#2478 = CARTESIAN_POINT('',(-15.9031800568,2.001029605795,
    13.499954745666));
#2479 = CARTESIAN_POINT('',(-15.94517506385,2.016887575956,
    12.249924318137));
#2480 = CARTESIAN_POINT('',(-15.98732241751,2.031492322404,
    10.999890022513));
#2481 = ORIENTED_EDGE('',*,*,#2482,.F.);
#2482 = EDGE_CURVE('',#2483,#2473,#2485,.T.);
#2483 = VERTEX_POINT('',#2484);
#2484 = CARTESIAN_POINT('',(-15.36757239357,4.23812862391,16.));
#2485 = CIRCLE('',#2486,15.941267688132);
#2486 = AXIS2_PLACEMENT_3D('',#2487,#2488,#2489);
#2487 = CARTESIAN_POINT('',(0.,0.,16.));
#2488 = DIRECTION('',(0.,0.,1.));
#2489 = DIRECTION('',(1.,0.,0.));
#2490 = ORIENTED_EDGE('',*,*,#2491,.F.);
#2491 = EDGE_CURVE('',#2492,#2483,#2494,.T.);
#2492 = VERTEX_POINT('',#2493);
#2493 = CARTESIAN_POINT('',(-15.5477744984,4.241229008024,11.));
#2494 = B_SPLINE_CURVE_WITH_KNOTS('',4,(#2495,#2496,#2497,#2498,#2499),
  .UNSPECIFIED.,.F.,.F.,(5,5),(0.,1.),.PIECEWISE_BEZIER_KNOTS.);
#2495 = CARTESIAN_POINT('',(-15.54777841596,4.24122923994,
    10.999890022513));
#2496 = CARTESIAN_POINT('',(-15.50324936466,4.238593114316,
    12.24995181283));
#2497 = CARTESIAN_POINT('',(-15.45838146044,4.237173170422,
    13.500009734881));
#2498 = CARTESIAN_POINT('',(-15.41316155553,4.237001226058,
    14.750062861269));
#2499 = CARTESIAN_POINT('',(-15.36756838235,4.238128723102,
    16.000109977487));
#2500 = ORIENTED_EDGE('',*,*,#2501,.T.);
#2501 = EDGE_CURVE('',#2492,#2502,#2504,.T.);
#2502 = VERTEX_POINT('',#2503);
#2503 = CARTESIAN_POINT('',(-15.63275164276,4.247952310106,
    8.601462015154));
#2504 = B_SPLINE_CURVE_WITH_KNOTS('',4,(#2505,#2506,#2507,#2508,#2509),
  .UNSPECIFIED.,.F.,.F.,(5,5),(0.,1.),.PIECEWISE_BEZIER_KNOTS.);
#2505 = CARTESIAN_POINT('',(-15.5477744984,4.241229008024,11.));
#2506 = CARTESIAN_POINT('',(-15.56913433356,4.242493473916,
    10.40036673611));
#2507 = CARTESIAN_POINT('',(-15.59041621055,4.244037752716,
    9.800732583055));
#2508 = CARTESIAN_POINT('',(-15.61162160356,4.245858276888,
    9.201097644753));
#2509 = CARTESIAN_POINT('',(-15.63275164276,4.247952310106,
    8.601462015154));
#2510 = ORIENTED_EDGE('',*,*,#2511,.F.);
#2511 = EDGE_CURVE('',#2512,#2502,#2514,.T.);
#2512 = VERTEX_POINT('',#2513);
#2513 = CARTESIAN_POINT('',(-14.05778057983,8.050268810573,
    8.601462015154));
#2514 = CIRCLE('',#2515,16.199630327677);
#2515 = AXIS2_PLACEMENT_3D('',#2516,#2517,#2518);
#2516 = CARTESIAN_POINT('',(0.,0.,8.601462015154));
#2517 = DIRECTION('',(0.,0.,1.));
#2518 = DIRECTION('',(-0.868270669781,0.496090761855,0.));
#2519 = ORIENTED_EDGE('',*,*,#2520,.F.);
#2520 = EDGE_CURVE('',#2521,#2512,#2523,.T.);
#2521 = VERTEX_POINT('',#2522);
#2522 = CARTESIAN_POINT('',(-13.99293857231,7.994934988041,11.));
#2523 = B_SPLINE_CURVE_WITH_KNOTS('',4,(#2524,#2525,#2526,#2527,#2528),
  .UNSPECIFIED.,.F.,.F.,(5,5),(0.,1.),.PIECEWISE_BEZIER_KNOTS.);
#2524 = CARTESIAN_POINT('',(-13.99293857231,7.994934988041,11.));
#2525 = CARTESIAN_POINT('',(-14.00893636901,8.009144559919,
    10.40036673611));
#2526 = CARTESIAN_POINT('',(-14.02507689856,8.023101149447,
    9.800732583055));
#2527 = CARTESIAN_POINT('',(-14.04135868074,8.036808321655,
    9.201097644753));
#2528 = CARTESIAN_POINT('',(-14.05778057983,8.050268810573,
    8.601462015154));
#2529 = ORIENTED_EDGE('',*,*,#2530,.F.);
#2530 = EDGE_CURVE('',#2531,#2521,#2533,.T.);
#2531 = VERTEX_POINT('',#2532);
#2532 = CARTESIAN_POINT('',(-13.86332413938,7.869705160367,16.));
#2533 = B_SPLINE_CURVE_WITH_KNOTS('',4,(#2534,#2535,#2536,#2537,#2538),
  .UNSPECIFIED.,.F.,.F.,(5,5),(0.,1.),.PIECEWISE_BEZIER_KNOTS.);
#2534 = CARTESIAN_POINT('',(-13.86332413938,7.869705160367,16.));
#2535 = CARTESIAN_POINT('',(-13.89476547216,7.902740858426,
    14.749980377757));
#2536 = CARTESIAN_POINT('',(-13.92686167851,7.934593826403,
    13.499954745666));
#2537 = CARTESIAN_POINT('',(-13.95959142354,7.965315473901,
    12.249924318137));
#2538 = CARTESIAN_POINT('',(-13.99294150644,7.994937594185,
    10.999890022513));
#2539 = ORIENTED_EDGE('',*,*,#2540,.F.);
#2540 = EDGE_CURVE('',#2541,#2531,#2543,.T.);
#2541 = VERTEX_POINT('',#2542);
#2542 = CARTESIAN_POINT('',(-12.57592399021,9.796435642474,16.));
#2543 = CIRCLE('',#2544,15.941267688132);
#2544 = AXIS2_PLACEMENT_3D('',#2545,#2546,#2547);
#2545 = CARTESIAN_POINT('',(0.,0.,16.));
#2546 = DIRECTION('',(0.,0.,1.));
#2547 = DIRECTION('',(1.,0.,0.));
#2548 = ORIENTED_EDGE('',*,*,#2549,.F.);
#2549 = EDGE_CURVE('',#2550,#2541,#2552,.T.);
#2550 = VERTEX_POINT('',#2551);
#2551 = CARTESIAN_POINT('',(-12.74122256093,9.868260383893,11.));
#2552 = B_SPLINE_CURVE_WITH_KNOTS('',4,(#2553,#2554,#2555,#2556,#2557),
  .UNSPECIFIED.,.F.,.F.,(5,5),(0.,1.),.PIECEWISE_BEZIER_KNOTS.);
#2553 = CARTESIAN_POINT('',(-12.74122609154,9.868262097342,
    10.999890022513));
#2554 = CARTESIAN_POINT('',(-12.70109541404,9.848786104642,
    12.24995181283));
#2555 = CARTESIAN_POINT('',(-12.66018626467,9.830304043949,
    13.500009734881));
#2556 = CARTESIAN_POINT('',(-12.61847432032,9.812840279649,
    14.750062861269));
#2557 = CARTESIAN_POINT('',(-12.57592024636,9.796434199086,
    16.000109977487));
#2558 = ORIENTED_EDGE('',*,*,#2559,.T.);
#2559 = EDGE_CURVE('',#2550,#2560,#2562,.T.);
#2560 = VERTEX_POINT('',#2561);
#2561 = CARTESIAN_POINT('',(-12.81715830903,9.906991250357,
    8.601462015154));
#2562 = B_SPLINE_CURVE_WITH_KNOTS('',4,(#2563,#2564,#2565,#2566,#2567),
  .UNSPECIFIED.,.F.,.F.,(5,5),(0.,1.),.PIECEWISE_BEZIER_KNOTS.);
#2563 = CARTESIAN_POINT('',(-12.74122256093,9.868260383893,11.));
#2564 = CARTESIAN_POINT('',(-12.76047258531,9.877602653084,
    10.40036673611));
#2565 = CARTESIAN_POINT('',(-12.77954350596,9.887173602395,
    9.800732583055));
#2566 = CARTESIAN_POINT('',(-12.79843805011,9.896970499998,
    9.201097644753));
#2567 = CARTESIAN_POINT('',(-12.81715830903,9.906991250357,
    8.601462015154));
#2568 = ORIENTED_EDGE('',*,*,#2569,.F.);
#2569 = EDGE_CURVE('',#2570,#2560,#2572,.T.);
#2570 = VERTEX_POINT('',#2571);
#2571 = CARTESIAN_POINT('',(-9.906991250357,12.81715830903,
    8.601462015154));
#2572 = CIRCLE('',#2573,16.199630327677);
#2573 = AXIS2_PLACEMENT_3D('',#2574,#2575,#2576);
#2574 = CARTESIAN_POINT('',(0.,0.,8.601462015154));
#2575 = DIRECTION('',(0.,0.,1.));
#2576 = DIRECTION('',(-0.61233178498,0.790600901279,0.));
#2577 = ORIENTED_EDGE('',*,*,#2578,.F.);
#2578 = EDGE_CURVE('',#2579,#2570,#2581,.T.);
#2579 = VERTEX_POINT('',#2580);
#2580 = CARTESIAN_POINT('',(-9.868260383893,12.741222560938,11.));
#2581 = B_SPLINE_CURVE_WITH_KNOTS('',4,(#2582,#2583,#2584,#2585,#2586),
  .UNSPECIFIED.,.F.,.F.,(5,5),(0.,1.),.PIECEWISE_BEZIER_KNOTS.);
#2582 = CARTESIAN_POINT('',(-9.868260383893,12.741222560938,11.));
#2583 = CARTESIAN_POINT('',(-9.877602653084,12.76047258531,
    10.40036673611));
#2584 = CARTESIAN_POINT('',(-9.887173602395,12.779543505967,
    9.800732583055));
#2585 = CARTESIAN_POINT('',(-9.896970499998,12.79843805011,
    9.201097644753));
#2586 = CARTESIAN_POINT('',(-9.906991250357,12.81715830903,
    8.601462015154));
#2587 = ORIENTED_EDGE('',*,*,#2588,.F.);
#2588 = EDGE_CURVE('',#2589,#2579,#2591,.T.);
#2589 = VERTEX_POINT('',#2590);
#2590 = CARTESIAN_POINT('',(-9.796435642474,12.57592399021,16.));
#2591 = B_SPLINE_CURVE_WITH_KNOTS('',4,(#2592,#2593,#2594,#2595,#2596),
  .UNSPECIFIED.,.F.,.F.,(5,5),(0.,1.),.PIECEWISE_BEZIER_KNOTS.);
#2592 = CARTESIAN_POINT('',(-9.796435642474,12.57592399021,16.));
#2593 = CARTESIAN_POINT('',(-9.812841431985,12.618477072638,
    14.749980377757));
#2594 = CARTESIAN_POINT('',(-9.830304856987,12.660188064213,
    13.499954745666));
#2595 = CARTESIAN_POINT('',(-9.84878653301,12.701096296709,
    12.249924318137));
#2596 = CARTESIAN_POINT('',(-9.868262097342,12.741226091542,
    10.999890022513));
#2597 = ORIENTED_EDGE('',*,*,#2598,.F.);
#2598 = EDGE_CURVE('',#2599,#2589,#2601,.T.);
#2599 = VERTEX_POINT('',#2600);
#2600 = CARTESIAN_POINT('',(-7.869705160367,13.863324139382,16.));
#2601 = CIRCLE('',#2602,15.941267688132);
#2602 = AXIS2_PLACEMENT_3D('',#2603,#2604,#2605);
#2603 = CARTESIAN_POINT('',(0.,0.,16.));
#2604 = DIRECTION('',(0.,0.,1.));
#2605 = DIRECTION('',(1.,0.,0.));
#2606 = ORIENTED_EDGE('',*,*,#2607,.F.);
#2607 = EDGE_CURVE('',#2608,#2599,#2610,.T.);
#2608 = VERTEX_POINT('',#2609);
#2609 = CARTESIAN_POINT('',(-7.994934988041,13.992938572318,11.));
#2610 = B_SPLINE_CURVE_WITH_KNOTS('',4,(#2611,#2612,#2613,#2614,#2615),
  .UNSPECIFIED.,.F.,.F.,(5,5),(0.,1.),.PIECEWISE_BEZIER_KNOTS.);
#2611 = CARTESIAN_POINT('',(-7.994937594185,13.992941506442,
    10.999890022513));
#2612 = CARTESIAN_POINT('',(-7.965314822358,13.959590690005,
    12.24995181283));
#2613 = CARTESIAN_POINT('',(-7.934592474979,13.926860238713,
    13.500009734881));
#2614 = CARTESIAN_POINT('',(-7.9027387566,13.894763354282,
    14.750062861269));
#2615 = CARTESIAN_POINT('',(-7.869702253863,13.863321373156,
    16.000109977487));
#2616 = ORIENTED_EDGE('',*,*,#2617,.T.);
#2617 = EDGE_CURVE('',#2608,#2618,#2620,.T.);
#2618 = VERTEX_POINT('',#2619);
#2619 = CARTESIAN_POINT('',(-8.050268810573,14.057780579839,
    8.601462015154));
#2620 = B_SPLINE_CURVE_WITH_KNOTS('',4,(#2621,#2622,#2623,#2624,#2625),
  .UNSPECIFIED.,.F.,.F.,(5,5),(0.,1.),.PIECEWISE_BEZIER_KNOTS.);
#2621 = CARTESIAN_POINT('',(-7.994934988041,13.992938572318,11.));
#2622 = CARTESIAN_POINT('',(-8.009144559919,14.008936369011,
    10.40036673611));
#2623 = CARTESIAN_POINT('',(-8.023101149447,14.025076898561,
    9.800732583055));
#2624 = CARTESIAN_POINT('',(-8.036808321655,14.041358680745,
    9.201097644753));
#2625 = CARTESIAN_POINT('',(-8.050268810573,14.057780579839,
    8.601462015154));
#2626 = ORIENTED_EDGE('',*,*,#2627,.F.);
#2627 = EDGE_CURVE('',#2628,#2618,#2630,.T.);
#2628 = VERTEX_POINT('',#2629);
#2629 = CARTESIAN_POINT('',(-4.247952310106,15.632751642767,
    8.601462015154));
#2630 = CIRCLE('',#2631,16.199630327677);
#2631 = AXIS2_PLACEMENT_3D('',#2632,#2633,#2634);
#2632 = CARTESIAN_POINT('',(0.,0.,8.601462015154));
#2633 = DIRECTION('',(0.,0.,1.));
#2634 = DIRECTION('',(-0.263170936716,0.964749220299,0.));
#2635 = ORIENTED_EDGE('',*,*,#2636,.F.);
#2636 = EDGE_CURVE('',#2637,#2628,#2639,.T.);
#2637 = VERTEX_POINT('',#2638);
#2638 = CARTESIAN_POINT('',(-4.241229008024,15.547774498402,11.));
#2639 = B_SPLINE_CURVE_WITH_KNOTS('',4,(#2640,#2641,#2642,#2643,#2644),
  .UNSPECIFIED.,.F.,.F.,(5,5),(0.,1.),.PIECEWISE_BEZIER_KNOTS.);
#2640 = CARTESIAN_POINT('',(-4.241229008024,15.547774498402,11.));
#2641 = CARTESIAN_POINT('',(-4.242493473916,15.56913433356,
    10.40036673611));
#2642 = CARTESIAN_POINT('',(-4.244037752716,15.590416210555,
    9.800732583055));
#2643 = CARTESIAN_POINT('',(-4.245858276888,15.611621603566,
    9.201097644753));
#2644 = CARTESIAN_POINT('',(-4.247952310106,15.632751642767,
    8.601462015154));
#2645 = ORIENTED_EDGE('',*,*,#2646,.F.);
#2646 = EDGE_CURVE('',#2647,#2637,#2649,.T.);
#2647 = VERTEX_POINT('',#2648);
#2648 = CARTESIAN_POINT('',(-4.23812862391,15.367572393579,16.));
#2649 = B_SPLINE_CURVE_WITH_KNOTS('',4,(#2650,#2651,#2652,#2653,#2654),
  .UNSPECIFIED.,.F.,.F.,(5,5),(0.,1.),.PIECEWISE_BEZIER_KNOTS.);
#2650 = CARTESIAN_POINT('',(-4.23812862391,15.367572393579,16.));
#2651 = CARTESIAN_POINT('',(-4.237001237413,15.413164539319,
    14.749980377757));
#2652 = CARTESIAN_POINT('',(-4.237173232916,15.458383434137,
    13.499954745666));
#2653 = CARTESIAN_POINT('',(-4.238593172297,15.503250344067,
    12.249924318137));
#2654 = CARTESIAN_POINT('',(-4.24122923994,15.547778415964,
    10.999890022513));
#2655 = ORIENTED_EDGE('',*,*,#2656,.F.);
#2656 = EDGE_CURVE('',#2657,#2647,#2659,.T.);
#2657 = VERTEX_POINT('',#2658);
#2658 = CARTESIAN_POINT('',(-1.965395058913,15.819647207415,16.));
#2659 = CIRCLE('',#2660,15.941267688132);
#2660 = AXIS2_PLACEMENT_3D('',#2661,#2662,#2663);
#2661 = CARTESIAN_POINT('',(0.,0.,16.));
#2662 = DIRECTION('',(0.,0.,1.));
#2663 = DIRECTION('',(1.,0.,0.));
#2664 = ORIENTED_EDGE('',*,*,#2665,.F.);
#2665 = EDGE_CURVE('',#2666,#2657,#2668,.T.);
#2666 = VERTEX_POINT('',#2667);
#2667 = CARTESIAN_POINT('',(-2.031491037481,15.987318709412,11.));
#2668 = B_SPLINE_CURVE_WITH_KNOTS('',4,(#2669,#2670,#2671,#2672,#2673),
  .UNSPECIFIED.,.F.,.F.,(5,5),(0.,1.),.PIECEWISE_BEZIER_KNOTS.);
#2669 = CARTESIAN_POINT('',(-2.031492236381,15.987322169266,
    10.999897385305));
#2670 = CARTESIAN_POINT('',(-2.016887206175,15.945174013367,
    12.249955494187));
#2671 = CARTESIAN_POINT('',(-2.00102890444,15.903178209886,
    13.500009734824));
#2672 = CARTESIAN_POINT('',(-1.983882904206,15.861334788024,
    14.750059179825));
#2673 = CARTESIAN_POINT('',(-1.965393541145,15.819643785046,
    16.000102614695));
#2674 = ORIENTED_EDGE('',*,*,#2675,.T.);
#2675 = EDGE_CURVE('',#2666,#2676,#2678,.T.);
#2676 = VERTEX_POINT('',#2677);
#2677 = CARTESIAN_POINT('',(-2.057798861574,16.06840025014,
    8.601462015154));
#2678 = B_SPLINE_CURVE_WITH_KNOTS('',4,(#2679,#2680,#2681,#2682,#2683),
  .UNSPECIFIED.,.F.,.F.,(5,5),(0.,1.),.PIECEWISE_BEZIER_KNOTS.);
#2679 = CARTESIAN_POINT('',(-2.031491037481,15.987318709412,11.));
#2680 = CARTESIAN_POINT('',(-2.038496878356,16.00753651408,
    10.40036673611));
#2681 = CARTESIAN_POINT('',(-2.045214372516,16.02778937456,
    9.800732583055));
#2682 = CARTESIAN_POINT('',(-2.051647380077,16.048077287581,
    9.201097644753));
#2683 = CARTESIAN_POINT('',(-2.057798861574,16.06840025014,
    8.601462015154));
#2684 = ORIENTED_EDGE('',*,*,#2685,.F.);
#2685 = EDGE_CURVE('',#1751,#2676,#2686,.T.);
#2686 = CIRCLE('',#2687,16.199630327677);
#2687 = AXIS2_PLACEMENT_3D('',#2688,#2689,#2690);
#2688 = CARTESIAN_POINT('',(0.,0.,8.601462015154));
#2689 = DIRECTION('',(0.,-0.,1.));
#2690 = DIRECTION('',(0.126055301011,0.992023216002,0.));
#2691 = CONICAL_SURFACE('',#2692,16.5,3.490658503989E-02);
#2692 = AXIS2_PLACEMENT_3D('',#2693,#2694,#2695);
#2693 = CARTESIAN_POINT('',(0.,0.,0.));
#2694 = DIRECTION('',(-0.,-0.,-1.));
#2695 = DIRECTION('',(1.,0.,0.));
#2696 = ADVANCED_FACE('',(#2697),#2777,.F.);
#2697 = FACE_BOUND('',#2698,.F.);
#2698 = EDGE_LOOP('',(#2699,#2710,#2740,#2741,#2742,#2749,#2750,#2751));
#2699 = ORIENTED_EDGE('',*,*,#2700,.T.);
#2700 = EDGE_CURVE('',#2701,#2703,#2705,.T.);
#2701 = VERTEX_POINT('',#2702);
#2702 = CARTESIAN_POINT('',(-0.762613760714,14.681063655708,11.));
#2703 = VERTEX_POINT('',#2704);
#2704 = CARTESIAN_POINT('',(0.762613760714,14.681063655708,11.));
#2705 = CIRCLE('',#2706,2.150000000001);
#2706 = AXIS2_PLACEMENT_3D('',#2707,#2708,#2709);
#2707 = CARTESIAN_POINT('',(0.,16.691267688132,11.));
#2708 = DIRECTION('',(0.,0.,1.));
#2709 = DIRECTION('',(1.,0.,0.));
#2710 = ORIENTED_EDGE('',*,*,#2711,.F.);
#2711 = EDGE_CURVE('',#1751,#2703,#2712,.T.);
#2712 = B_SPLINE_CURVE_WITH_KNOTS('',6,(#2713,#2714,#2715,#2716,#2717,
    #2718,#2719,#2720,#2721,#2722,#2723,#2724,#2725,#2726,#2727,#2728,
    #2729,#2730,#2731,#2732,#2733,#2734,#2735,#2736,#2737,#2738,#2739),
  .UNSPECIFIED.,.F.,.F.,(7,5,5,5,5,7),(0.,0.25089625162,0.486046381191,
    0.704094530378,0.88879929093,1.),.UNSPECIFIED.);
#2713 = CARTESIAN_POINT('',(2.057798861574,16.06840025014,8.601462015154
    ));
#2714 = CARTESIAN_POINT('',(2.038530189831,16.004741358443,
    8.706429325019));
#2715 = CARTESIAN_POINT('',(2.016791303651,15.941443504198,8.81131132564
    ));
#2716 = CARTESIAN_POINT('',(1.992531824459,15.87852109141,8.916082700238
    ));
#2717 = CARTESIAN_POINT('',(1.965681852572,15.815991203744,
    9.020712930027));
#2718 = CARTESIAN_POINT('',(1.936141904615,15.753874090203,
    9.125165101073));
#2719 = CARTESIAN_POINT('',(1.873435262724,15.634384244659,
    9.327082923542));
#2720 = CARTESIAN_POINT('',(1.84061357701,15.57695980991,9.424573293341)
  );
#2721 = CARTESIAN_POINT('',(1.805189668693,15.519939043916,
    9.521830752459));
#2722 = CARTESIAN_POINT('',(1.767020202523,15.463347114829,
    9.618808329231));
#2723 = CARTESIAN_POINT('',(1.725912106441,15.407217378449,
    9.715443330178));
#2724 = CARTESIAN_POINT('',(1.640506853037,15.300014250247,
    9.900866546017));
#2725 = CARTESIAN_POINT('',(1.596661674664,15.248874266402,
    9.989706935334));
#2726 = CARTESIAN_POINT('',(1.549845688453,15.198203106106,
    10.078116833512));
#2727 = CARTESIAN_POINT('',(1.499781325083,15.148050476966,
    10.166002508031));
#2728 = CARTESIAN_POINT('',(1.446123814487,15.09848564695,
    10.253233149965));
#2729 = CARTESIAN_POINT('',(1.339376033095,15.008210209711,
    10.412785899657));
#2730 = CARTESIAN_POINT('',(1.287467214102,14.967316932948,
    10.485326281093));
#2731 = CARTESIAN_POINT('',(1.232265909009,14.92697877671,
    10.557142639043));
#2732 = CARTESIAN_POINT('',(1.173337241742,14.887294382628,
    10.62804970336));
#2733 = CARTESIAN_POINT('',(1.110166582903,14.84840833198,
    10.697775651282));
#2734 = CARTESIAN_POINT('',(1.000710830954,14.787773796504,
    10.806863604402));
#2735 = CARTESIAN_POINT('',(0.957724302825,14.765371786576,
    10.847252069448));
#2736 = CARTESIAN_POINT('',(0.912679869258,14.743401350258,
    10.88694426199));
#2737 = CARTESIAN_POINT('',(0.865343569077,14.721942636962,
    10.925790124449));
#2738 = CARTESIAN_POINT('',(0.8154502092,14.701108289005,10.963578691286
    ));
#2739 = CARTESIAN_POINT('',(0.762613760714,14.681063655708,11.));
#2740 = ORIENTED_EDGE('',*,*,#1748,.F.);
#2741 = ORIENTED_EDGE('',*,*,#1760,.F.);
#2742 = ORIENTED_EDGE('',*,*,#2743,.F.);
#2743 = EDGE_CURVE('',#2657,#1761,#2744,.T.);
#2744 = CIRCLE('',#2745,2.150000000001);
#2745 = AXIS2_PLACEMENT_3D('',#2746,#2747,#2748);
#2746 = CARTESIAN_POINT('',(0.,16.691267688132,16.));
#2747 = DIRECTION('',(0.,0.,1.));
#2748 = DIRECTION('',(1.,0.,0.));
#2749 = ORIENTED_EDGE('',*,*,#2665,.F.);
#2750 = ORIENTED_EDGE('',*,*,#2675,.T.);
#2751 = ORIENTED_EDGE('',*,*,#2752,.T.);
#2752 = EDGE_CURVE('',#2676,#2701,#2753,.T.);
#2753 = B_SPLINE_CURVE_WITH_KNOTS('',8,(#2754,#2755,#2756,#2757,#2758,
    #2759,#2760,#2761,#2762,#2763,#2764,#2765,#2766,#2767,#2768,#2769,
    #2770,#2771,#2772,#2773,#2774,#2775,#2776),.UNSPECIFIED.,.F.,.F.,(9,
    7,7,9),(0.,0.417601128479,0.773153660831,1.),.UNSPECIFIED.);
#2754 = CARTESIAN_POINT('',(-2.057798861574,16.06840025014,
    8.601462015154));
#2755 = CARTESIAN_POINT('',(-2.033739867699,15.988915327368,
    8.732524908268));
#2756 = CARTESIAN_POINT('',(-2.006013719228,15.909970885987,
    8.863453836106));
#2757 = CARTESIAN_POINT('',(-1.974540229852,15.831585736541,
    8.994215107705));
#2758 = CARTESIAN_POINT('',(-1.939197397495,15.753786257577,
    9.124761373593));
#2759 = CARTESIAN_POINT('',(-1.899824697338,15.676605885923,
    9.255031964412));
#2760 = CARTESIAN_POINT('',(-1.85621000374,15.600085716543,
    9.384951158406));
#2761 = CARTESIAN_POINT('',(-1.808060141072,15.524276211961,
    9.514424377757));
#2762 = CARTESIAN_POINT('',(-1.709740518906,15.385352963019,
    9.753086670182));
#2763 = CARTESIAN_POINT('',(-1.660953294554,15.32205343811,
    9.862384955403));
#2764 = CARTESIAN_POINT('',(-1.608317250737,15.259357394749,
    9.97119164821));
#2765 = CARTESIAN_POINT('',(-1.551509421339,15.197308655148,
    10.079422670208));
#2766 = CARTESIAN_POINT('',(-1.490100835001,15.135985807032,
    10.186930598091));
#2767 = CARTESIAN_POINT('',(-1.423562795129,15.075500280577,
    10.293506084493));
#2768 = CARTESIAN_POINT('',(-1.351184409053,15.016004399673,
    10.398860728754));
#2769 = CARTESIAN_POINT('',(-1.221065335515,14.920547352055,
    10.568715744756));
#2770 = CARTESIAN_POINT('',(-1.167588227703,14.883920900297,
    10.634096591793));
#2771 = CARTESIAN_POINT('',(-1.1109514558,14.847858823209,
    10.698672875375));
#2772 = CARTESIAN_POINT('',(-1.050738497972,14.812435517636,
    10.762303199735));
#2773 = CARTESIAN_POINT('',(-0.986497233991,14.777783805057,
    10.824739191526));
#2774 = CARTESIAN_POINT('',(-0.917626869795,14.744119322724,
    10.885577979204));
#2775 = CARTESIAN_POINT('',(-0.843437198814,14.711725750246,
    10.944286652968));
#2776 = CARTESIAN_POINT('',(-0.762613760714,14.681063655708,11.));
#2777 = CYLINDRICAL_SURFACE('',#2778,2.150000000001);
#2778 = AXIS2_PLACEMENT_3D('',#2779,#2780,#2781);
#2779 = CARTESIAN_POINT('',(0.,16.691267688132,16.));
#2780 = DIRECTION('',(0.,0.,1.));
#2781 = DIRECTION('',(1.,0.,0.));
#2782 = ADVANCED_FACE('',(#2783),#2795,.T.);
#2783 = FACE_BOUND('',#2784,.T.);
#2784 = EDGE_LOOP('',(#2785,#2786,#2787,#2788));
#2785 = ORIENTED_EDGE('',*,*,#2711,.F.);
#2786 = ORIENTED_EDGE('',*,*,#2685,.T.);
#2787 = ORIENTED_EDGE('',*,*,#2752,.T.);
#2788 = ORIENTED_EDGE('',*,*,#2789,.F.);
#2789 = EDGE_CURVE('',#2703,#2701,#2790,.T.);
#2790 = CIRCLE('',#2791,14.700857451556);
#2791 = AXIS2_PLACEMENT_3D('',#2792,#2793,#2794);
#2792 = CARTESIAN_POINT('',(0.,0.,11.));
#2793 = DIRECTION('',(0.,-0.,1.));
#2794 = DIRECTION('',(0.126055301011,0.992023216002,0.));
#2795 = CONICAL_SURFACE('',#2796,14.700857451556,0.558505360638);
#2796 = AXIS2_PLACEMENT_3D('',#2797,#2798,#2799);
#2797 = CARTESIAN_POINT('',(0.,0.,11.));
#2798 = DIRECTION('',(-0.,-0.,-1.));
#2799 = DIRECTION('',(0.126055301011,0.992023216002,0.));
#2800 = ADVANCED_FACE('',(#2801),#2925,.T.);
#2801 = FACE_BOUND('',#2802,.T.);
#2802 = EDGE_LOOP('',(#2803,#2804,#2805,#2812,#2813,#2820,#2821,#2828,
    #2829,#2836,#2837,#2844,#2845,#2852,#2853,#2860,#2861,#2868,#2869,
    #2876,#2877,#2884,#2885,#2892,#2893,#2900,#2901,#2908,#2909,#2916,
    #2917,#2924));
#2803 = ORIENTED_EDGE('',*,*,#2743,.F.);
#2804 = ORIENTED_EDGE('',*,*,#2656,.T.);
#2805 = ORIENTED_EDGE('',*,*,#2806,.F.);
#2806 = EDGE_CURVE('',#2599,#2647,#2807,.T.);
#2807 = CIRCLE('',#2808,2.150000000001);
#2808 = AXIS2_PLACEMENT_3D('',#2809,#2810,#2811);
#2809 = CARTESIAN_POINT('',(-6.387471609419,15.420720588732,16.));
#2810 = DIRECTION('',(0.,-0.,1.));
#2811 = DIRECTION('',(0.923879532511,0.382683432365,0.));
#2812 = ORIENTED_EDGE('',*,*,#2598,.T.);
#2813 = ORIENTED_EDGE('',*,*,#2814,.F.);
#2814 = EDGE_CURVE('',#2541,#2589,#2815,.T.);
#2815 = CIRCLE('',#2816,2.150000000001);
#2816 = AXIS2_PLACEMENT_3D('',#2817,#2818,#2819);
#2817 = CARTESIAN_POINT('',(-11.80250856887,11.802508568878,16.));
#2818 = DIRECTION('',(0.,-0.,1.));
#2819 = DIRECTION('',(0.707106781187,0.707106781187,0.));
#2820 = ORIENTED_EDGE('',*,*,#2540,.T.);
#2821 = ORIENTED_EDGE('',*,*,#2822,.F.);
#2822 = EDGE_CURVE('',#2483,#2531,#2823,.T.);
#2823 = CIRCLE('',#2824,2.150000000001);
#2824 = AXIS2_PLACEMENT_3D('',#2825,#2826,#2827);
#2825 = CARTESIAN_POINT('',(-15.42072058873,6.387471609419,16.));
#2826 = DIRECTION('',(0.,-0.,1.));
#2827 = DIRECTION('',(0.382683432365,0.923879532511,0.));
#2828 = ORIENTED_EDGE('',*,*,#2482,.T.);
#2829 = ORIENTED_EDGE('',*,*,#2830,.F.);
#2830 = EDGE_CURVE('',#2425,#2473,#2831,.T.);
#2831 = CIRCLE('',#2832,2.150000000001);
#2832 = AXIS2_PLACEMENT_3D('',#2833,#2834,#2835);
#2833 = CARTESIAN_POINT('',(-16.69126768813,0.,16.));
#2834 = DIRECTION('',(0.,-0.,1.));
#2835 = DIRECTION('',(0.,1.,0.));
#2836 = ORIENTED_EDGE('',*,*,#2424,.T.);
#2837 = ORIENTED_EDGE('',*,*,#2838,.F.);
#2838 = EDGE_CURVE('',#2367,#2415,#2839,.T.);
#2839 = CIRCLE('',#2840,2.150000000001);
#2840 = AXIS2_PLACEMENT_3D('',#2841,#2842,#2843);
#2841 = CARTESIAN_POINT('',(-15.42072058873,-6.387471609419,16.));
#2842 = DIRECTION('',(0.,0.,1.));
#2843 = DIRECTION('',(-0.382683432365,0.923879532511,0.));
#2844 = ORIENTED_EDGE('',*,*,#2366,.T.);
#2845 = ORIENTED_EDGE('',*,*,#2846,.F.);
#2846 = EDGE_CURVE('',#2309,#2357,#2847,.T.);
#2847 = CIRCLE('',#2848,2.150000000001);
#2848 = AXIS2_PLACEMENT_3D('',#2849,#2850,#2851);
#2849 = CARTESIAN_POINT('',(-11.80250856887,-11.80250856887,16.));
#2850 = DIRECTION('',(0.,0.,1.));
#2851 = DIRECTION('',(-0.707106781187,0.707106781187,0.));
#2852 = ORIENTED_EDGE('',*,*,#2308,.T.);
#2853 = ORIENTED_EDGE('',*,*,#2854,.F.);
#2854 = EDGE_CURVE('',#2251,#2299,#2855,.T.);
#2855 = CIRCLE('',#2856,2.150000000001);
#2856 = AXIS2_PLACEMENT_3D('',#2857,#2858,#2859);
#2857 = CARTESIAN_POINT('',(-6.387471609419,-15.42072058873,16.));
#2858 = DIRECTION('',(0.,0.,1.));
#2859 = DIRECTION('',(-0.923879532511,0.382683432365,0.));
#2860 = ORIENTED_EDGE('',*,*,#2250,.T.);
#2861 = ORIENTED_EDGE('',*,*,#2862,.F.);
#2862 = EDGE_CURVE('',#2193,#2241,#2863,.T.);
#2863 = CIRCLE('',#2864,2.150000000001);
#2864 = AXIS2_PLACEMENT_3D('',#2865,#2866,#2867);
#2865 = CARTESIAN_POINT('',(0.,-16.69126768813,16.));
#2866 = DIRECTION('',(0.,0.,1.));
#2867 = DIRECTION('',(-1.,0.,0.));
#2868 = ORIENTED_EDGE('',*,*,#2192,.T.);
#2869 = ORIENTED_EDGE('',*,*,#2870,.F.);
#2870 = EDGE_CURVE('',#2135,#2183,#2871,.T.);
#2871 = CIRCLE('',#2872,2.150000000001);
#2872 = AXIS2_PLACEMENT_3D('',#2873,#2874,#2875);
#2873 = CARTESIAN_POINT('',(6.387471609419,-15.42072058873,16.));
#2874 = DIRECTION('',(0.,0.,1.));
#2875 = DIRECTION('',(-0.923879532511,-0.382683432365,0.));
#2876 = ORIENTED_EDGE('',*,*,#2134,.T.);
#2877 = ORIENTED_EDGE('',*,*,#2878,.F.);
#2878 = EDGE_CURVE('',#2077,#2125,#2879,.T.);
#2879 = CIRCLE('',#2880,2.150000000001);
#2880 = AXIS2_PLACEMENT_3D('',#2881,#2882,#2883);
#2881 = CARTESIAN_POINT('',(11.802508568878,-11.80250856887,16.));
#2882 = DIRECTION('',(0.,0.,1.));
#2883 = DIRECTION('',(-0.707106781187,-0.707106781187,0.));
#2884 = ORIENTED_EDGE('',*,*,#2076,.T.);
#2885 = ORIENTED_EDGE('',*,*,#2886,.F.);
#2886 = EDGE_CURVE('',#2019,#2067,#2887,.T.);
#2887 = CIRCLE('',#2888,2.150000000001);
#2888 = AXIS2_PLACEMENT_3D('',#2889,#2890,#2891);
#2889 = CARTESIAN_POINT('',(15.420720588732,-6.387471609419,16.));
#2890 = DIRECTION('',(0.,0.,1.));
#2891 = DIRECTION('',(-0.382683432365,-0.923879532511,0.));
#2892 = ORIENTED_EDGE('',*,*,#2018,.T.);
#2893 = ORIENTED_EDGE('',*,*,#2894,.F.);
#2894 = EDGE_CURVE('',#1945,#2009,#2895,.T.);
#2895 = CIRCLE('',#2896,2.150000000001);
#2896 = AXIS2_PLACEMENT_3D('',#2897,#2898,#2899);
#2897 = CARTESIAN_POINT('',(16.691267688132,0.,16.));
#2898 = DIRECTION('',(-0.,0.,1.));
#2899 = DIRECTION('',(0.,-1.,0.));
#2900 = ORIENTED_EDGE('',*,*,#1944,.T.);
#2901 = ORIENTED_EDGE('',*,*,#2902,.F.);
#2902 = EDGE_CURVE('',#1887,#1935,#2903,.T.);
#2903 = CIRCLE('',#2904,2.150000000001);
#2904 = AXIS2_PLACEMENT_3D('',#2905,#2906,#2907);
#2905 = CARTESIAN_POINT('',(15.420720588732,6.387471609419,16.));
#2906 = DIRECTION('',(-0.,0.,1.));
#2907 = DIRECTION('',(0.382683432365,-0.923879532511,0.));
#2908 = ORIENTED_EDGE('',*,*,#1886,.T.);
#2909 = ORIENTED_EDGE('',*,*,#2910,.F.);
#2910 = EDGE_CURVE('',#1829,#1877,#2911,.T.);
#2911 = CIRCLE('',#2912,2.150000000001);
#2912 = AXIS2_PLACEMENT_3D('',#2913,#2914,#2915);
#2913 = CARTESIAN_POINT('',(11.802508568878,11.802508568878,16.));
#2914 = DIRECTION('',(-0.,0.,1.));
#2915 = DIRECTION('',(0.707106781187,-0.707106781187,0.));
#2916 = ORIENTED_EDGE('',*,*,#1828,.T.);
#2917 = ORIENTED_EDGE('',*,*,#2918,.F.);
#2918 = EDGE_CURVE('',#1771,#1819,#2919,.T.);
#2919 = CIRCLE('',#2920,2.150000000001);
#2920 = AXIS2_PLACEMENT_3D('',#2921,#2922,#2923);
#2921 = CARTESIAN_POINT('',(6.387471609419,15.420720588732,16.));
#2922 = DIRECTION('',(-0.,0.,1.));
#2923 = DIRECTION('',(0.923879532511,-0.382683432365,0.));
#2924 = ORIENTED_EDGE('',*,*,#1770,.T.);
#2925 = PLANE('',#2926);
#2926 = AXIS2_PLACEMENT_3D('',#2927,#2928,#2929);
#2927 = CARTESIAN_POINT('',(0.,0.,16.));
#2928 = DIRECTION('',(0.,0.,1.));
#2929 = DIRECTION('',(1.,0.,0.));
#2930 = ADVANCED_FACE('',(#2931),#3005,.F.);
#2931 = FACE_BOUND('',#2932,.F.);
#2932 = EDGE_LOOP('',(#2933,#2934,#2935,#2936,#2937,#2938,#2966,#2975));
#2933 = ORIENTED_EDGE('',*,*,#2636,.F.);
#2934 = ORIENTED_EDGE('',*,*,#2646,.F.);
#2935 = ORIENTED_EDGE('',*,*,#2806,.F.);
#2936 = ORIENTED_EDGE('',*,*,#2607,.F.);
#2937 = ORIENTED_EDGE('',*,*,#2617,.T.);
#2938 = ORIENTED_EDGE('',*,*,#2939,.T.);
#2939 = EDGE_CURVE('',#2618,#2940,#2942,.T.);
#2940 = VERTEX_POINT('',#2941);
#2941 = CARTESIAN_POINT('',(-6.322763075272,13.271694575485,11.));
#2942 = B_SPLINE_CURVE_WITH_KNOTS('',8,(#2943,#2944,#2945,#2946,#2947,
    #2948,#2949,#2950,#2951,#2952,#2953,#2954,#2955,#2956,#2957,#2958,
    #2959,#2960,#2961,#2962,#2963,#2964,#2965),.UNSPECIFIED.,.F.,.F.,(9,
    7,7,9),(0.,0.417601128479,0.773153660831,1.),.UNSPECIFIED.);
#2943 = CARTESIAN_POINT('',(-8.050268810573,14.057780579839,
    8.601462015154));
#2944 = CARTESIAN_POINT('',(-7.997623635491,13.993553064902,
    8.732524908268));
#2945 = CARTESIAN_POINT('',(-7.94179728461,13.931228248969,
    8.863453836106));
#2946 = CARTESIAN_POINT('',(-7.882722873922,13.870854196686,
    8.994215107705));
#2947 = CARTESIAN_POINT('',(-7.82029778284,13.812501966826,
    9.124761373593));
#2948 = CARTESIAN_POINT('',(-7.75438650149,13.75626388118,9.255031964412
    ));
#2949 = CARTESIAN_POINT('',(-7.684808777694,13.702259083514,
    9.384951158406));
#2950 = CARTESIAN_POINT('',(-7.611313063663,13.650646388575,
    9.514424377757));
#2951 = CARTESIAN_POINT('',(-7.467313951359,13.559923332767,
    9.753086670182));
#2952 = CARTESIAN_POINT('',(-7.398016753872,13.520112259756,
    9.862384955403));
#2953 = CARTESIAN_POINT('',(-7.325394653249,13.48233161044,9.97119164821
    ));
#2954 = CARTESIAN_POINT('',(-7.249166037737,13.446745465044,
    10.079422670208));
#2955 = CARTESIAN_POINT('',(-7.1689646637,13.41359058939,10.186930598091
    ));
#2956 = CARTESIAN_POINT('',(-7.084344721657,13.383172254965,
    10.293506084493));
#2957 = CARTESIAN_POINT('',(-6.994707724249,13.355903237543,
    10.398860728754));
#2958 = CARTESIAN_POINT('',(-6.837963544792,13.317506838692,
    10.568715744756));
#2959 = CARTESIAN_POINT('',(-6.774540803152,13.304133212734,
    10.634096591793));
#2960 = CARTESIAN_POINT('',(-6.708414889365,13.292490152083,
    10.698672875375));
#2961 = CARTESIAN_POINT('',(-6.639229457874,13.282805786465,
    10.762303199735));
#2962 = CARTESIAN_POINT('',(-6.566617632632,13.275375845847,
    10.824739191526));
#2963 = CARTESIAN_POINT('',(-6.490106873106,13.270629467005,
    10.885577979204));
#2964 = CARTESIAN_POINT('',(-6.409168071061,13.269092866345,
    10.944286652968));
#2965 = CARTESIAN_POINT('',(-6.322763075272,13.271694575485,11.));
#2966 = ORIENTED_EDGE('',*,*,#2967,.T.);
#2967 = EDGE_CURVE('',#2940,#2968,#2970,.T.);
#2968 = VERTEX_POINT('',#2969);
#2969 = CARTESIAN_POINT('',(-4.913636585801,13.855373878523,11.));
#2970 = CIRCLE('',#2971,2.150000000001);
#2971 = AXIS2_PLACEMENT_3D('',#2972,#2973,#2974);
#2972 = CARTESIAN_POINT('',(-6.387471609419,15.420720588732,11.));
#2973 = DIRECTION('',(0.,-0.,1.));
#2974 = DIRECTION('',(0.923879532511,0.382683432365,0.));
#2975 = ORIENTED_EDGE('',*,*,#2976,.F.);
#2976 = EDGE_CURVE('',#2628,#2968,#2977,.T.);
#2977 = B_SPLINE_CURVE_WITH_KNOTS('',6,(#2978,#2979,#2980,#2981,#2982,
    #2983,#2984,#2985,#2986,#2987,#2988,#2989,#2990,#2991,#2992,#2993,
    #2994,#2995,#2996,#2997,#2998,#2999,#3000,#3001,#3002,#3003,#3004),
  .UNSPECIFIED.,.F.,.F.,(7,5,5,5,5,7),(0.,0.25089625162,0.486046381191,
    0.704094530378,0.88879929093,1.),.UNSPECIFIED.);
#2978 = CARTESIAN_POINT('',(-4.247952310106,15.632751642767,
    8.601462015154));
#2979 = CARTESIAN_POINT('',(-4.241393038373,15.566564694227,
    8.706429325019));
#2980 = CARTESIAN_POINT('',(-4.23725411025,15.499765990659,8.81131132564
    ));
#2981 = CARTESIAN_POINT('',(-4.235587581647,15.432349560583,
    8.916082700238));
#2982 = CARTESIAN_POINT('',(-4.236464569085,15.364304437797,
    9.020712930027));
#2983 = CARTESIAN_POINT('',(-4.239984732175,15.295611259303,
    9.125165101073));
#2984 = CARTESIAN_POINT('',(-4.252191330945,15.16122024371,
    9.327082923542));
#2985 = CARTESIAN_POINT('',(-4.260539234808,15.095606668435,
    9.424573293341));
#2986 = CARTESIAN_POINT('',(-4.271445756216,15.029370206983,
    9.521830752459));
#2987 = CARTESIAN_POINT('',(-4.28505295111,14.962479259668,
    9.618808329231));
#2988 = CARTESIAN_POINT('',(-4.301551959526,14.894890757754,
    9.715443330178));
#2989 = CARTESIAN_POINT('',(-4.339431264054,14.763164806273,
    9.900866546017));
#2990 = CARTESIAN_POINT('',(-4.360368502404,14.699138798553,
    9.989706935334));
#2991 = CARTESIAN_POINT('',(-4.384229820314,14.634409048374,
    10.078116833512));
#2992 = CARTESIAN_POINT('',(-4.411290680678,14.568915258397,
    10.166002508031));
#2993 = CARTESIAN_POINT('',(-4.441896117208,14.502589486085,
    10.253233149965));
#2994 = CARTESIAN_POINT('',(-4.505971293396,14.378335249951,
    10.412785899657));
#2995 = CARTESIAN_POINT('',(-4.538279609309,14.32069014351,
    10.485326281093));
#2996 = CARTESIAN_POINT('',(-4.573842221168,14.262297921679,
    10.557142639043));
#2997 = CARTESIAN_POINT('',(-4.613098650595,14.203083297572,
    10.62804970336));
#2998 = CARTESIAN_POINT('',(-4.656579682019,14.142982906728,
    10.697775651282));
#2999 = CARTESIAN_POINT('',(-4.734499778804,14.045076997592,
    10.806863604402));
#3000 = CARTESIAN_POINT('',(-4.765641274265,14.007930007002,
    10.847252069448));
#3001 = CARTESIAN_POINT('',(-4.79884918251,13.97039421212,10.88694426199
    ));
#3002 = CARTESIAN_POINT('',(-4.834370327333,13.932454128284,
    10.925790124449));
#3003 = CARTESIAN_POINT('',(-4.872492821546,13.894112338423,
    10.963578691286));
#3004 = CARTESIAN_POINT('',(-4.913636585801,13.855373878523,11.));
#3005 = CYLINDRICAL_SURFACE('',#3006,2.150000000001);
#3006 = AXIS2_PLACEMENT_3D('',#3007,#3008,#3009);
#3007 = CARTESIAN_POINT('',(-6.387471609419,15.420720588732,16.));
#3008 = DIRECTION('',(5.E-17,-3.E-17,1.));
#3009 = DIRECTION('',(0.923879532511,0.382683432365,-3.471347365461E-17)
  );
#3010 = ADVANCED_FACE('',(#3011),#3023,.T.);
#3011 = FACE_BOUND('',#3012,.T.);
#3012 = EDGE_LOOP('',(#3013,#3014,#3015,#3016));
#3013 = ORIENTED_EDGE('',*,*,#2976,.F.);
#3014 = ORIENTED_EDGE('',*,*,#2627,.T.);
#3015 = ORIENTED_EDGE('',*,*,#2939,.T.);
#3016 = ORIENTED_EDGE('',*,*,#3017,.F.);
#3017 = EDGE_CURVE('',#2968,#2940,#3018,.T.);
#3018 = CIRCLE('',#3019,14.700857451556);
#3019 = AXIS2_PLACEMENT_3D('',#3020,#3021,#3022);
#3020 = CARTESIAN_POINT('',(0.,0.,11.));
#3021 = DIRECTION('',(0.,0.,1.));
#3022 = DIRECTION('',(-0.263170936716,0.964749220299,0.));
#3023 = CONICAL_SURFACE('',#3024,14.700857451556,0.558505360638);
#3024 = AXIS2_PLACEMENT_3D('',#3025,#3026,#3027);
#3025 = CARTESIAN_POINT('',(0.,0.,11.));
#3026 = DIRECTION('',(0.,-0.,-1.));
#3027 = DIRECTION('',(-0.263170936716,0.964749220299,0.));
#3028 = ADVANCED_FACE('',(#3029),#3103,.F.);
#3029 = FACE_BOUND('',#3030,.F.);
#3030 = EDGE_LOOP('',(#3031,#3032,#3033,#3034,#3035,#3036,#3064,#3073));
#3031 = ORIENTED_EDGE('',*,*,#2578,.F.);
#3032 = ORIENTED_EDGE('',*,*,#2588,.F.);
#3033 = ORIENTED_EDGE('',*,*,#2814,.F.);
#3034 = ORIENTED_EDGE('',*,*,#2549,.F.);
#3035 = ORIENTED_EDGE('',*,*,#2559,.T.);
#3036 = ORIENTED_EDGE('',*,*,#3037,.T.);
#3037 = EDGE_CURVE('',#2560,#3038,#3040,.T.);
#3038 = VERTEX_POINT('',#3039);
#3039 = CARTESIAN_POINT('',(-10.92032902761,9.841830304355,11.));
#3040 = B_SPLINE_CURVE_WITH_KNOTS('',8,(#3041,#3042,#3043,#3044,#3045,
    #3046,#3047,#3048,#3049,#3050,#3051,#3052,#3053,#3054,#3055,#3056,
    #3057,#3058,#3059,#3060,#3061,#3062,#3063),.UNSPECIFIED.,.F.,.F.,(9,
    7,7,9),(0.,0.417601128479,0.773153660831,1.),.UNSPECIFIED.);
#3041 = CARTESIAN_POINT('',(-12.81715830903,9.906991250357,
    8.601462015154));
#3042 = CARTESIAN_POINT('',(-12.74394170341,9.86779920018,8.732524908268
    ));
#3043 = CARTESIAN_POINT('',(-12.66851420598,9.831582397943,
    8.863453836106));
#3044 = CARTESIAN_POINT('',(-12.59083241749,9.798410844991,
    8.994215107705));
#3045 = CARTESIAN_POINT('',(-12.51082872192,9.768389462268,
    9.124761373593));
#3046 = CARTESIAN_POINT('',(-12.42841325447,9.741655401371,
    9.255031964412));
#3047 = CARTESIAN_POINT('',(-12.34346507821,9.718387716308,
    9.384951158406));
#3048 = CARTESIAN_POINT('',(-12.25581256903,9.698829395946,
    9.514424377757));
#3049 = CARTESIAN_POINT('',(-12.08805652608,9.670118296111,
    9.753086670182));
#3050 = CARTESIAN_POINT('',(-12.0087992256,9.659856549977,9.862384955403
    ));
#3051 = CARTESIAN_POINT('',(-11.92724712467,9.652743056081,9.97119164821
    ));
#3052 = CARTESIAN_POINT('',(-11.84320283874,9.649037172937,
    10.079422670208));
#3053 = CARTESIAN_POINT('',(-11.75641860917,9.649097799015,
    10.186930598091));
#3054 = CARTESIAN_POINT('',(-11.66659938405,9.653377572294,
    10.293506084493));
#3055 = CARTESIAN_POINT('',(-11.57335019561,9.662486879061,
    10.398860728754));
#3056 = CARTESIAN_POINT('',(-11.41384379066,9.686996632638,
    10.568715744756));
#3057 = CARTESIAN_POINT('',(-11.35013095268,9.698911845801,
    10.634096591793));
#3058 = CARTESIAN_POINT('',(-11.28458296795,9.713460352026,
    10.698672875375));
#3059 = CARTESIAN_POINT('',(-11.21695791757,9.730989283239,
    10.762303199735));
#3060 = CARTESIAN_POINT('',(-11.14703002324,9.751912255688,
    10.824739191526));
#3061 = CARTESIAN_POINT('',(-11.07452693795,9.776806573491,
    10.885577979204));
#3062 = CARTESIAN_POINT('',(-10.99916120374,9.806360878169,
    10.944286652968));
#3063 = CARTESIAN_POINT('',(-10.92032902761,9.841830304355,11.));
#3064 = ORIENTED_EDGE('',*,*,#3065,.T.);
#3065 = EDGE_CURVE('',#3038,#3066,#3068,.T.);
#3066 = VERTEX_POINT('',#3067);
#3067 = CARTESIAN_POINT('',(-9.841830304355,10.92032902761,11.));
#3068 = CIRCLE('',#3069,2.150000000001);
#3069 = AXIS2_PLACEMENT_3D('',#3070,#3071,#3072);
#3070 = CARTESIAN_POINT('',(-11.80250856887,11.802508568878,11.));
#3071 = DIRECTION('',(0.,-0.,1.));
#3072 = DIRECTION('',(0.707106781187,0.707106781187,0.));
#3073 = ORIENTED_EDGE('',*,*,#3074,.F.);
#3074 = EDGE_CURVE('',#2570,#3066,#3075,.T.);
#3075 = B_SPLINE_CURVE_WITH_KNOTS('',6,(#3076,#3077,#3078,#3079,#3080,
    #3081,#3082,#3083,#3084,#3085,#3086,#3087,#3088,#3089,#3090,#3091,
    #3092,#3093,#3094,#3095,#3096,#3097,#3098,#3099,#3100,#3101,#3102),
  .UNSPECIFIED.,.F.,.F.,(7,5,5,5,5,7),(0.,0.25089625162,0.486046381191,
    0.704094530378,0.88879929093,1.),.UNSPECIFIED.);
#3076 = CARTESIAN_POINT('',(-9.906991250357,12.81715830903,
    8.601462015154));
#3077 = CARTESIAN_POINT('',(-9.875602624809,12.758519666575,
    8.706429325019));
#3078 = CARTESIAN_POINT('',(-9.846215996671,12.69838961077,8.81131132564
    ));
#3079 = CARTESIAN_POINT('',(-9.818877174145,12.636742703755,
    8.916082700238));
#3080 = CARTESIAN_POINT('',(-9.793647663745,12.573541598963,
    9.020712930027));
#3081 = CARTESIAN_POINT('',(-9.770612129049,12.508730269235,
    9.125165101073));
#3082 = CARTESIAN_POINT('',(-9.730460340688,12.37989789746,
    9.327082923542));
#3083 = CARTESIAN_POINT('',(-9.71306357001,12.316084253705,
    9.424573293341));
#3084 = CARTESIAN_POINT('',(-9.697792285494,12.250715997616,
    9.521830752459));
#3085 = CARTESIAN_POINT('',(-9.684765637039,12.183709572435,
    9.618808329231));
#3086 = CARTESIAN_POINT('',(-9.67414373332,12.114952041712,
    9.715443330178));
#3087 = CARTESIAN_POINT('',(-9.658730308235,11.978757348966,
    9.900866546017));
#3088 = CARTESIAN_POINT('',(-9.653572101819,11.911592696649,
    9.989706935334));
#3089 = CARTESIAN_POINT('',(-9.65084608208,11.842658874276,
    10.078116833512));
#3090 = CARTESIAN_POINT('',(-9.650783668756,11.771794759282,
    10.166002508031));
#3091 = CARTESIAN_POINT('',(-9.653677630947,11.698805542265,
    10.253233149965));
#3092 = CARTESIAN_POINT('',(-9.6653253372,11.55948908832,10.412785899657
    ));
#3093 = CARTESIAN_POINT('',(-9.673114501809,11.493868097103,
    10.485326281093));
#3094 = CARTESIAN_POINT('',(-9.683624335154,11.426311496125,
    10.557142639043));
#3095 = CARTESIAN_POINT('',(-9.697232091223,11.356581531731,
    10.62804970336));
#3096 = CARTESIAN_POINT('',(-9.714403902353,11.284416540387,
    10.697775651282));
#3097 = CARTESIAN_POINT('',(-9.748925715587,11.164144544735,
    10.806863604402));
#3098 = CARTESIAN_POINT('',(-9.763481167994,11.117907866063,
    10.847252069448));
#3099 = CARTESIAN_POINT('',(-9.779796947918,11.070521197127,
    10.88694426199));
#3100 = CARTESIAN_POINT('',(-9.798095165084,11.021875776586,
    10.925790124449));
#3101 = CARTESIAN_POINT('',(-9.818642989468,10.971863734758,
    10.963578691286));
#3102 = CARTESIAN_POINT('',(-9.841830304355,10.92032902761,11.));
#3103 = CYLINDRICAL_SURFACE('',#3104,2.150000000001);
#3104 = AXIS2_PLACEMENT_3D('',#3105,#3106,#3107);
#3105 = CARTESIAN_POINT('',(-11.80250856887,11.802508568878,16.));
#3106 = DIRECTION('',(1.1E-16,-5.E-17,1.));
#3107 = DIRECTION('',(0.707106781187,0.707106781187,-4.242640687119E-17)
  );
#3108 = ADVANCED_FACE('',(#3109),#3121,.T.);
#3109 = FACE_BOUND('',#3110,.T.);
#3110 = EDGE_LOOP('',(#3111,#3112,#3113,#3114));
#3111 = ORIENTED_EDGE('',*,*,#3074,.F.);
#3112 = ORIENTED_EDGE('',*,*,#2569,.T.);
#3113 = ORIENTED_EDGE('',*,*,#3037,.T.);
#3114 = ORIENTED_EDGE('',*,*,#3115,.F.);
#3115 = EDGE_CURVE('',#3066,#3038,#3116,.T.);
#3116 = CIRCLE('',#3117,14.700857451556);
#3117 = AXIS2_PLACEMENT_3D('',#3118,#3119,#3120);
#3118 = CARTESIAN_POINT('',(0.,0.,11.));
#3119 = DIRECTION('',(0.,0.,1.));
#3120 = DIRECTION('',(-0.61233178498,0.790600901279,0.));
#3121 = CONICAL_SURFACE('',#3122,14.700857451556,0.558505360638);
#3122 = AXIS2_PLACEMENT_3D('',#3123,#3124,#3125);
#3123 = CARTESIAN_POINT('',(0.,0.,11.));
#3124 = DIRECTION('',(0.,-0.,-1.));
#3125 = DIRECTION('',(-0.61233178498,0.790600901279,0.));
#3126 = ADVANCED_FACE('',(#3127),#3201,.F.);
#3127 = FACE_BOUND('',#3128,.F.);
#3128 = EDGE_LOOP('',(#3129,#3130,#3131,#3132,#3133,#3134,#3162,#3171));
#3129 = ORIENTED_EDGE('',*,*,#2520,.F.);
#3130 = ORIENTED_EDGE('',*,*,#2530,.F.);
#3131 = ORIENTED_EDGE('',*,*,#2822,.F.);
#3132 = ORIENTED_EDGE('',*,*,#2491,.F.);
#3133 = ORIENTED_EDGE('',*,*,#2501,.T.);
#3134 = ORIENTED_EDGE('',*,*,#3135,.T.);
#3135 = EDGE_CURVE('',#2502,#3136,#3138,.T.);
#3136 = VERTEX_POINT('',#3137);
#3137 = CARTESIAN_POINT('',(-13.85537387852,4.913636585801,11.));
#3138 = B_SPLINE_CURVE_WITH_KNOTS('',8,(#3139,#3140,#3141,#3142,#3143,
    #3144,#3145,#3146,#3147,#3148,#3149,#3150,#3151,#3152,#3153,#3154,
    #3155,#3156,#3157,#3158,#3159,#3160,#3161),.UNSPECIFIED.,.F.,.F.,(9,
    7,7,9),(0.,0.417601128479,0.773153660831,1.),.UNSPECIFIED.);
#3139 = CARTESIAN_POINT('',(-15.63275164276,4.247952310106,
    8.601462015154));
#3140 = CARTESIAN_POINT('',(-15.55011017112,4.239762359052,
    8.732524908268));
#3141 = CARTESIAN_POINT('',(-15.46656467986,4.235167250347,
    8.863453836106));
#3142 = CARTESIAN_POINT('',(-15.38210186169,4.234248264962,
    8.994215107705));
#3143 = CARTESIAN_POINT('',(-15.29669939904,4.23712821275,9.124761373593
    ));
#3144 = CARTESIAN_POINT('',(-15.21032675331,4.243968195029,
    9.255031964412));
#3145 = CARTESIAN_POINT('',(-15.12294071435,4.254979916698,
    9.384951158406));
#3146 = CARTESIAN_POINT('',(-15.03447570999,4.270453547891,
    9.514424377757));
#3147 = CARTESIAN_POINT('',(-14.86850207322,4.308125408714,
    9.753086670182));
#3148 = CARTESIAN_POINT('',(-14.79135087527,4.328975247282,
    9.862384955403));
#3149 = CARTESIAN_POINT('',(-14.71328434212,4.353611873767,9.97119164821
    ));
#3150 = CARTESIAN_POINT('',(-14.63421936645,4.382350439991,
    10.079422670208));
#3151 = CARTESIAN_POINT('',(-14.5540643936,4.415617338029,
    10.186930598091));
#3152 = CARTESIAN_POINT('',(-14.47272004822,4.453943662327,
    10.293506084493));
#3153 = CARTESIAN_POINT('',(-14.39005501237,4.498044483904,
    10.398860728754));
#3154 = CARTESIAN_POINT('',(-14.25206978616,4.581729002108,
    10.568715744756));
#3155 = CARTESIAN_POINT('',(-14.19776655386,4.6171190712,10.634096591793
    ));
#3156 = CARTESIAN_POINT('',(-14.14277558467,4.65564426611,
    10.698672875375));
#3157 = CARTESIAN_POINT('',(-14.08700621631,4.697717873277,
    10.762303199735));
#3158 = CARTESIAN_POINT('',(-14.03040814089,4.743808425905,
    10.824739191526));
#3159 = CARTESIAN_POINT('',(-13.97295066733,4.794553506134,
    10.885577979204));
#3160 = CARTESIAN_POINT('',(-13.91463175079,4.850699341175,
    10.944286652968));
#3161 = CARTESIAN_POINT('',(-13.85537387852,4.913636585801,11.));
#3162 = ORIENTED_EDGE('',*,*,#3163,.T.);
#3163 = EDGE_CURVE('',#3136,#3164,#3166,.T.);
#3164 = VERTEX_POINT('',#3165);
#3165 = CARTESIAN_POINT('',(-13.27169457548,6.322763075272,11.));
#3166 = CIRCLE('',#3167,2.150000000001);
#3167 = AXIS2_PLACEMENT_3D('',#3168,#3169,#3170);
#3168 = CARTESIAN_POINT('',(-15.42072058873,6.387471609419,11.));
#3169 = DIRECTION('',(0.,-0.,1.));
#3170 = DIRECTION('',(0.382683432365,0.923879532511,0.));
#3171 = ORIENTED_EDGE('',*,*,#3172,.F.);
#3172 = EDGE_CURVE('',#2512,#3164,#3173,.T.);
#3173 = B_SPLINE_CURVE_WITH_KNOTS('',6,(#3174,#3175,#3176,#3177,#3178,
    #3179,#3180,#3181,#3182,#3183,#3184,#3185,#3186,#3187,#3188,#3189,
    #3190,#3191,#3192,#3193,#3194,#3195,#3196,#3197,#3198,#3199,#3200),
  .UNSPECIFIED.,.F.,.F.,(7,5,5,5,5,7),(0.,0.25089625162,0.486046381191,
    0.704094530378,0.88879929093,1.),.UNSPECIFIED.);
#3174 = CARTESIAN_POINT('',(-14.05778057983,8.050268810573,
    8.601462015154));
#3175 = CARTESIAN_POINT('',(-14.00634123417,8.008105675956,
    8.706429325019));
#3176 = CARTESIAN_POINT('',(-13.95618075376,7.963798523831,8.81131132564
    ));
#3177 = CARTESIAN_POINT('',(-13.90733172522,7.917306322637,
    8.916082700238));
#3178 = CARTESIAN_POINT('',(-13.85983668123,7.868571031125,
    9.020712930027));
#3179 = CARTESIAN_POINT('',(-13.81375240009,7.817508487598,
    9.125165101073));
#3180 = CARTESIAN_POINT('',(-13.7273549704,7.713848320376,9.327082923542
    ));
#3181 = CARTESIAN_POINT('',(-13.68686202581,7.661549656931,
    9.424573293341));
#3182 = CARTESIAN_POINT('',(-13.64773785001,7.60700133063,9.521830752459
    ));
#3183 = CARTESIAN_POINT('',(-13.61006054734,7.550080548401,
    9.618808329231));
#3184 = CARTESIAN_POINT('',(-13.57393482004,7.490621699634,
    9.715443330178));
#3185 = CARTESIAN_POINT('',(-13.50757521959,7.370692672985,
    9.900866546017));
#3186 = CARTESIAN_POINT('',(-13.47710685858,7.310614585537,
    9.989706935334));
#3187 = CARTESIAN_POINT('',(-13.44820851298,7.247971240539,
    10.078116833512));
#3188 = CARTESIAN_POINT('',(-13.42103232783,7.182525219652,
    10.166002508031));
#3189 = CARTESIAN_POINT('',(-13.39577423618,7.113984504571,
    10.253233149965));
#3190 = CARTESIAN_POINT('',(-13.3532212148,6.980815500021,
    10.412785899657));
#3191 = CARTESIAN_POINT('',(-13.33530539841,6.917208825085,
    10.485326281093));
#3192 = CARTESIAN_POINT('',(-13.31916242638,6.850772725057,
    10.557142639043));
#3193 = CARTESIAN_POINT('',(-13.30504985158,6.781143175352,
    10.62804970336));
#3194 = CARTESIAN_POINT('',(-13.29329818984,6.707900049262,
    10.697775651282));
#3195 = CARTESIAN_POINT('',(-13.2791660864,6.583572288166,
    10.806863604402));
#3196 = CARTESIAN_POINT('',(-13.27491956007,6.535285036602,
    10.847252069448));
#3197 = CARTESIAN_POINT('',(-13.27185928208,6.485261684395,
    10.88694426199));
#3198 = CARTESIAN_POINT('',(-13.2701488339,6.433316751455,
    10.925790124449));
#3199 = CARTESIAN_POINT('',(-13.26999376846,6.379248337669,
    10.963578691286));
#3200 = CARTESIAN_POINT('',(-13.27169457548,6.322763075272,11.));
#3201 = CYLINDRICAL_SURFACE('',#3202,2.150000000001);
#3202 = AXIS2_PLACEMENT_3D('',#3203,#3204,#3205);
#3203 = CARTESIAN_POINT('',(-15.42072058873,6.387471609419,16.));
#3204 = DIRECTION('',(1.7E-16,-3.E-17,1.));
#3205 = DIRECTION('',(0.382683432365,0.923879532511,-3.733979752673E-17)
  );
#3206 = ADVANCED_FACE('',(#3207),#3219,.T.);
#3207 = FACE_BOUND('',#3208,.T.);
#3208 = EDGE_LOOP('',(#3209,#3210,#3211,#3212));
#3209 = ORIENTED_EDGE('',*,*,#3172,.F.);
#3210 = ORIENTED_EDGE('',*,*,#2511,.T.);
#3211 = ORIENTED_EDGE('',*,*,#3135,.T.);
#3212 = ORIENTED_EDGE('',*,*,#3213,.F.);
#3213 = EDGE_CURVE('',#3164,#3136,#3214,.T.);
#3214 = CIRCLE('',#3215,14.700857451556);
#3215 = AXIS2_PLACEMENT_3D('',#3216,#3217,#3218);
#3216 = CARTESIAN_POINT('',(0.,0.,11.));
#3217 = DIRECTION('',(0.,0.,1.));
#3218 = DIRECTION('',(-0.868270669781,0.496090761855,0.));
#3219 = CONICAL_SURFACE('',#3220,14.700857451556,0.558505360638);
#3220 = AXIS2_PLACEMENT_3D('',#3221,#3222,#3223);
#3221 = CARTESIAN_POINT('',(0.,0.,11.));
#3222 = DIRECTION('',(0.,0.,-1.));
#3223 = DIRECTION('',(-0.868270669781,0.496090761855,0.));
#3224 = ADVANCED_FACE('',(#3225),#3299,.F.);
#3225 = FACE_BOUND('',#3226,.F.);
#3226 = EDGE_LOOP('',(#3227,#3228,#3229,#3230,#3231,#3232,#3260,#3269));
#3227 = ORIENTED_EDGE('',*,*,#2462,.F.);
#3228 = ORIENTED_EDGE('',*,*,#2472,.F.);
#3229 = ORIENTED_EDGE('',*,*,#2830,.F.);
#3230 = ORIENTED_EDGE('',*,*,#2433,.F.);
#3231 = ORIENTED_EDGE('',*,*,#2443,.T.);
#3232 = ORIENTED_EDGE('',*,*,#3233,.T.);
#3233 = EDGE_CURVE('',#2444,#3234,#3236,.T.);
#3234 = VERTEX_POINT('',#3235);
#3235 = CARTESIAN_POINT('',(-14.6810636557,-0.762613760714,11.));
#3236 = B_SPLINE_CURVE_WITH_KNOTS('',8,(#3237,#3238,#3239,#3240,#3241,
    #3242,#3243,#3244,#3245,#3246,#3247,#3248,#3249,#3250,#3251,#3252,
    #3253,#3254,#3255,#3256,#3257,#3258,#3259),.UNSPECIFIED.,.F.,.F.,(9,
    7,7,9),(0.,0.417601128479,0.773153660831,1.),.UNSPECIFIED.);
#3237 = CARTESIAN_POINT('',(-16.06840025014,-2.057798861574,
    8.601462015154));
#3238 = CARTESIAN_POINT('',(-15.98891532736,-2.033739867699,
    8.732524908268));
#3239 = CARTESIAN_POINT('',(-15.90997088598,-2.006013719228,
    8.863453836106));
#3240 = CARTESIAN_POINT('',(-15.83158573654,-1.974540229852,
    8.994215107705));
#3241 = CARTESIAN_POINT('',(-15.75378625757,-1.939197397495,
    9.124761373593));
#3242 = CARTESIAN_POINT('',(-15.67660588592,-1.899824697338,
    9.255031964412));
#3243 = CARTESIAN_POINT('',(-15.60008571654,-1.85621000374,
    9.384951158406));
#3244 = CARTESIAN_POINT('',(-15.52427621196,-1.808060141072,
    9.514424377757));
#3245 = CARTESIAN_POINT('',(-15.38535296301,-1.709740518906,
    9.753086670182));
#3246 = CARTESIAN_POINT('',(-15.32205343811,-1.660953294554,
    9.862384955403));
#3247 = CARTESIAN_POINT('',(-15.25935739474,-1.608317250737,
    9.97119164821));
#3248 = CARTESIAN_POINT('',(-15.19730865514,-1.551509421339,
    10.079422670208));
#3249 = CARTESIAN_POINT('',(-15.13598580703,-1.490100835001,
    10.186930598091));
#3250 = CARTESIAN_POINT('',(-15.07550028057,-1.423562795129,
    10.293506084493));
#3251 = CARTESIAN_POINT('',(-15.01600439967,-1.351184409053,
    10.398860728754));
#3252 = CARTESIAN_POINT('',(-14.92054735205,-1.221065335515,
    10.568715744756));
#3253 = CARTESIAN_POINT('',(-14.88392090029,-1.167588227703,
    10.634096591793));
#3254 = CARTESIAN_POINT('',(-14.8478588232,-1.1109514558,10.698672875375
    ));
#3255 = CARTESIAN_POINT('',(-14.81243551763,-1.050738497972,
    10.762303199735));
#3256 = CARTESIAN_POINT('',(-14.77778380505,-0.986497233991,
    10.824739191526));
#3257 = CARTESIAN_POINT('',(-14.74411932272,-0.917626869795,
    10.885577979204));
#3258 = CARTESIAN_POINT('',(-14.71172575024,-0.843437198814,
    10.944286652968));
#3259 = CARTESIAN_POINT('',(-14.6810636557,-0.762613760714,11.));
#3260 = ORIENTED_EDGE('',*,*,#3261,.T.);
#3261 = EDGE_CURVE('',#3234,#3262,#3264,.T.);
#3262 = VERTEX_POINT('',#3263);
#3263 = CARTESIAN_POINT('',(-14.6810636557,0.762613760714,11.));
#3264 = CIRCLE('',#3265,2.150000000001);
#3265 = AXIS2_PLACEMENT_3D('',#3266,#3267,#3268);
#3266 = CARTESIAN_POINT('',(-16.69126768813,0.,11.));
#3267 = DIRECTION('',(0.,-0.,1.));
#3268 = DIRECTION('',(0.,1.,0.));
#3269 = ORIENTED_EDGE('',*,*,#3270,.F.);
#3270 = EDGE_CURVE('',#2454,#3262,#3271,.T.);
#3271 = B_SPLINE_CURVE_WITH_KNOTS('',6,(#3272,#3273,#3274,#3275,#3276,
    #3277,#3278,#3279,#3280,#3281,#3282,#3283,#3284,#3285,#3286,#3287,
    #3288,#3289,#3290,#3291,#3292,#3293,#3294,#3295,#3296,#3297,#3298),
  .UNSPECIFIED.,.F.,.F.,(7,5,5,5,5,7),(0.,0.25089625162,0.486046381191,
    0.704094530378,0.88879929093,1.),.UNSPECIFIED.);
#3272 = CARTESIAN_POINT('',(-16.06840025014,2.057798861574,
    8.601462015154));
#3273 = CARTESIAN_POINT('',(-16.00474135844,2.038530189831,
    8.706429325019));
#3274 = CARTESIAN_POINT('',(-15.94144350419,2.016791303651,8.81131132564
    ));
#3275 = CARTESIAN_POINT('',(-15.87852109141,1.992531824459,
    8.916082700238));
#3276 = CARTESIAN_POINT('',(-15.81599120374,1.965681852572,
    9.020712930027));
#3277 = CARTESIAN_POINT('',(-15.7538740902,1.936141904615,9.125165101073
    ));
#3278 = CARTESIAN_POINT('',(-15.63438424465,1.873435262724,
    9.327082923542));
#3279 = CARTESIAN_POINT('',(-15.57695980991,1.84061357701,9.424573293341
    ));
#3280 = CARTESIAN_POINT('',(-15.51993904391,1.805189668693,
    9.521830752459));
#3281 = CARTESIAN_POINT('',(-15.46334711482,1.767020202523,
    9.618808329231));
#3282 = CARTESIAN_POINT('',(-15.40721737844,1.725912106441,
    9.715443330178));
#3283 = CARTESIAN_POINT('',(-15.30001425024,1.640506853037,
    9.900866546017));
#3284 = CARTESIAN_POINT('',(-15.2488742664,1.596661674664,9.989706935334
    ));
#3285 = CARTESIAN_POINT('',(-15.1982031061,1.549845688453,
    10.078116833512));
#3286 = CARTESIAN_POINT('',(-15.14805047696,1.499781325083,
    10.166002508031));
#3287 = CARTESIAN_POINT('',(-15.09848564695,1.446123814487,
    10.253233149965));
#3288 = CARTESIAN_POINT('',(-15.00821020971,1.339376033095,
    10.412785899657));
#3289 = CARTESIAN_POINT('',(-14.96731693294,1.287467214102,
    10.485326281093));
#3290 = CARTESIAN_POINT('',(-14.92697877671,1.232265909009,
    10.557142639043));
#3291 = CARTESIAN_POINT('',(-14.88729438262,1.173337241742,
    10.62804970336));
#3292 = CARTESIAN_POINT('',(-14.84840833198,1.110166582903,
    10.697775651282));
#3293 = CARTESIAN_POINT('',(-14.7877737965,1.000710830954,
    10.806863604402));
#3294 = CARTESIAN_POINT('',(-14.76537178657,0.957724302825,
    10.847252069448));
#3295 = CARTESIAN_POINT('',(-14.74340135025,0.912679869258,
    10.88694426199));
#3296 = CARTESIAN_POINT('',(-14.72194263696,0.865343569077,
    10.925790124449));
#3297 = CARTESIAN_POINT('',(-14.701108289,0.8154502092,10.963578691286)
  );
#3298 = CARTESIAN_POINT('',(-14.6810636557,0.762613760714,11.));
#3299 = CYLINDRICAL_SURFACE('',#3300,2.150000000001);
#3300 = AXIS2_PLACEMENT_3D('',#3301,#3302,#3303);
#3301 = CARTESIAN_POINT('',(-16.69126768813,1.85E-15,16.));
#3302 = DIRECTION('',(2.2E-16,0.,1.));
#3303 = DIRECTION('',(1.1E-16,1.,-2.42E-32));
#3304 = ADVANCED_FACE('',(#3305),#3317,.T.);
#3305 = FACE_BOUND('',#3306,.T.);
#3306 = EDGE_LOOP('',(#3307,#3308,#3309,#3310));
#3307 = ORIENTED_EDGE('',*,*,#3270,.F.);
#3308 = ORIENTED_EDGE('',*,*,#2453,.T.);
#3309 = ORIENTED_EDGE('',*,*,#3233,.T.);
#3310 = ORIENTED_EDGE('',*,*,#3311,.F.);
#3311 = EDGE_CURVE('',#3262,#3234,#3312,.T.);
#3312 = CIRCLE('',#3313,14.700857451556);
#3313 = AXIS2_PLACEMENT_3D('',#3314,#3315,#3316);
#3314 = CARTESIAN_POINT('',(0.,0.,11.));
#3315 = DIRECTION('',(0.,0.,1.));
#3316 = DIRECTION('',(-0.992023216002,0.126055301011,0.));
#3317 = CONICAL_SURFACE('',#3318,14.700857451556,0.558505360638);
#3318 = AXIS2_PLACEMENT_3D('',#3319,#3320,#3321);
#3319 = CARTESIAN_POINT('',(0.,0.,11.));
#3320 = DIRECTION('',(0.,-0.,-1.));
#3321 = DIRECTION('',(-0.992023216002,0.126055301011,0.));
#3322 = ADVANCED_FACE('',(#3323),#3397,.F.);
#3323 = FACE_BOUND('',#3324,.F.);
#3324 = EDGE_LOOP('',(#3325,#3326,#3327,#3328,#3329,#3330,#3358,#3367));
#3325 = ORIENTED_EDGE('',*,*,#2404,.F.);
#3326 = ORIENTED_EDGE('',*,*,#2414,.F.);
#3327 = ORIENTED_EDGE('',*,*,#2838,.F.);
#3328 = ORIENTED_EDGE('',*,*,#2375,.F.);
#3329 = ORIENTED_EDGE('',*,*,#2385,.T.);
#3330 = ORIENTED_EDGE('',*,*,#3331,.T.);
#3331 = EDGE_CURVE('',#2386,#3332,#3334,.T.);
#3332 = VERTEX_POINT('',#3333);
#3333 = CARTESIAN_POINT('',(-13.27169457548,-6.322763075272,11.));
#3334 = B_SPLINE_CURVE_WITH_KNOTS('',8,(#3335,#3336,#3337,#3338,#3339,
    #3340,#3341,#3342,#3343,#3344,#3345,#3346,#3347,#3348,#3349,#3350,
    #3351,#3352,#3353,#3354,#3355,#3356,#3357),.UNSPECIFIED.,.F.,.F.,(9,
    7,7,9),(0.,0.417601128479,0.773153660831,1.),.UNSPECIFIED.);
#3335 = CARTESIAN_POINT('',(-14.05778057983,-8.050268810573,
    8.601462015154));
#3336 = CARTESIAN_POINT('',(-13.9935530649,-7.997623635491,
    8.732524908268));
#3337 = CARTESIAN_POINT('',(-13.93122824896,-7.94179728461,
    8.863453836106));
#3338 = CARTESIAN_POINT('',(-13.87085419668,-7.882722873922,
    8.994215107705));
#3339 = CARTESIAN_POINT('',(-13.81250196682,-7.82029778284,
    9.124761373593));
#3340 = CARTESIAN_POINT('',(-13.75626388118,-7.75438650149,
    9.255031964412));
#3341 = CARTESIAN_POINT('',(-13.70225908351,-7.684808777694,
    9.384951158406));
#3342 = CARTESIAN_POINT('',(-13.65064638857,-7.611313063663,
    9.514424377757));
#3343 = CARTESIAN_POINT('',(-13.55992333276,-7.467313951359,
    9.753086670182));
#3344 = CARTESIAN_POINT('',(-13.52011225975,-7.398016753872,
    9.862384955403));
#3345 = CARTESIAN_POINT('',(-13.48233161044,-7.325394653249,
    9.97119164821));
#3346 = CARTESIAN_POINT('',(-13.44674546504,-7.249166037737,
    10.079422670208));
#3347 = CARTESIAN_POINT('',(-13.41359058939,-7.1689646637,
    10.186930598091));
#3348 = CARTESIAN_POINT('',(-13.38317225496,-7.084344721657,
    10.293506084493));
#3349 = CARTESIAN_POINT('',(-13.35590323754,-6.994707724249,
    10.398860728754));
#3350 = CARTESIAN_POINT('',(-13.31750683869,-6.837963544792,
    10.568715744756));
#3351 = CARTESIAN_POINT('',(-13.30413321273,-6.774540803152,
    10.634096591793));
#3352 = CARTESIAN_POINT('',(-13.29249015208,-6.708414889365,
    10.698672875375));
#3353 = CARTESIAN_POINT('',(-13.28280578646,-6.639229457874,
    10.762303199735));
#3354 = CARTESIAN_POINT('',(-13.27537584584,-6.566617632632,
    10.824739191526));
#3355 = CARTESIAN_POINT('',(-13.270629467,-6.490106873106,
    10.885577979204));
#3356 = CARTESIAN_POINT('',(-13.26909286634,-6.409168071061,
    10.944286652968));
#3357 = CARTESIAN_POINT('',(-13.27169457548,-6.322763075272,11.));
#3358 = ORIENTED_EDGE('',*,*,#3359,.T.);
#3359 = EDGE_CURVE('',#3332,#3360,#3362,.T.);
#3360 = VERTEX_POINT('',#3361);
#3361 = CARTESIAN_POINT('',(-13.85537387852,-4.913636585801,11.));
#3362 = CIRCLE('',#3363,2.150000000001);
#3363 = AXIS2_PLACEMENT_3D('',#3364,#3365,#3366);
#3364 = CARTESIAN_POINT('',(-15.42072058873,-6.387471609419,11.));
#3365 = DIRECTION('',(0.,0.,1.));
#3366 = DIRECTION('',(-0.382683432365,0.923879532511,0.));
#3367 = ORIENTED_EDGE('',*,*,#3368,.F.);
#3368 = EDGE_CURVE('',#2396,#3360,#3369,.T.);
#3369 = B_SPLINE_CURVE_WITH_KNOTS('',6,(#3370,#3371,#3372,#3373,#3374,
    #3375,#3376,#3377,#3378,#3379,#3380,#3381,#3382,#3383,#3384,#3385,
    #3386,#3387,#3388,#3389,#3390,#3391,#3392,#3393,#3394,#3395,#3396),
  .UNSPECIFIED.,.F.,.F.,(7,5,5,5,5,7),(0.,0.25089625162,0.486046381191,
    0.704094530378,0.88879929093,1.),.UNSPECIFIED.);
#3370 = CARTESIAN_POINT('',(-15.63275164276,-4.247952310106,
    8.601462015154));
#3371 = CARTESIAN_POINT('',(-15.56656469422,-4.241393038373,
    8.706429325019));
#3372 = CARTESIAN_POINT('',(-15.49976599065,-4.23725411025,8.81131132564
    ));
#3373 = CARTESIAN_POINT('',(-15.43234956058,-4.235587581647,
    8.916082700238));
#3374 = CARTESIAN_POINT('',(-15.36430443779,-4.236464569085,
    9.020712930027));
#3375 = CARTESIAN_POINT('',(-15.2956112593,-4.239984732175,
    9.125165101073));
#3376 = CARTESIAN_POINT('',(-15.16122024371,-4.252191330945,
    9.327082923542));
#3377 = CARTESIAN_POINT('',(-15.09560666843,-4.260539234808,
    9.424573293341));
#3378 = CARTESIAN_POINT('',(-15.02937020698,-4.271445756216,
    9.521830752459));
#3379 = CARTESIAN_POINT('',(-14.96247925966,-4.28505295111,
    9.618808329231));
#3380 = CARTESIAN_POINT('',(-14.89489075775,-4.301551959526,
    9.715443330178));
#3381 = CARTESIAN_POINT('',(-14.76316480627,-4.339431264054,
    9.900866546017));
#3382 = CARTESIAN_POINT('',(-14.69913879855,-4.360368502404,
    9.989706935334));
#3383 = CARTESIAN_POINT('',(-14.63440904837,-4.384229820314,
    10.078116833512));
#3384 = CARTESIAN_POINT('',(-14.56891525839,-4.411290680678,
    10.166002508031));
#3385 = CARTESIAN_POINT('',(-14.50258948608,-4.441896117208,
    10.253233149965));
#3386 = CARTESIAN_POINT('',(-14.37833524995,-4.505971293396,
    10.412785899657));
#3387 = CARTESIAN_POINT('',(-14.32069014351,-4.538279609309,
    10.485326281093));
#3388 = CARTESIAN_POINT('',(-14.26229792167,-4.573842221168,
    10.557142639043));
#3389 = CARTESIAN_POINT('',(-14.20308329757,-4.613098650595,
    10.62804970336));
#3390 = CARTESIAN_POINT('',(-14.14298290672,-4.656579682019,
    10.697775651282));
#3391 = CARTESIAN_POINT('',(-14.04507699759,-4.734499778804,
    10.806863604402));
#3392 = CARTESIAN_POINT('',(-14.007930007,-4.765641274265,
    10.847252069448));
#3393 = CARTESIAN_POINT('',(-13.97039421212,-4.79884918251,
    10.88694426199));
#3394 = CARTESIAN_POINT('',(-13.93245412828,-4.834370327333,
    10.925790124449));
#3395 = CARTESIAN_POINT('',(-13.89411233842,-4.872492821546,
    10.963578691286));
#3396 = CARTESIAN_POINT('',(-13.85537387852,-4.913636585801,11.));
#3397 = CYLINDRICAL_SURFACE('',#3398,2.150000000001);
#3398 = AXIS2_PLACEMENT_3D('',#3399,#3400,#3401);
#3399 = CARTESIAN_POINT('',(-15.42072058873,-6.387471609419,16.));
#3400 = DIRECTION('',(2.6E-16,5.E-17,1.));
#3401 = DIRECTION('',(-0.382683432365,0.923879532511,5.330371578936E-17)
  );
#3402 = ADVANCED_FACE('',(#3403),#3415,.T.);
#3403 = FACE_BOUND('',#3404,.T.);
#3404 = EDGE_LOOP('',(#3405,#3406,#3407,#3408));
#3405 = ORIENTED_EDGE('',*,*,#3368,.F.);
#3406 = ORIENTED_EDGE('',*,*,#2395,.T.);
#3407 = ORIENTED_EDGE('',*,*,#3331,.T.);
#3408 = ORIENTED_EDGE('',*,*,#3409,.F.);
#3409 = EDGE_CURVE('',#3360,#3332,#3410,.T.);
#3410 = CIRCLE('',#3411,14.700857451556);
#3411 = AXIS2_PLACEMENT_3D('',#3412,#3413,#3414);
#3412 = CARTESIAN_POINT('',(0.,0.,11.));
#3413 = DIRECTION('',(0.,0.,1.));
#3414 = DIRECTION('',(-0.964749220299,-0.263170936716,0.));
#3415 = CONICAL_SURFACE('',#3416,14.700857451556,0.558505360638);
#3416 = AXIS2_PLACEMENT_3D('',#3417,#3418,#3419);
#3417 = CARTESIAN_POINT('',(0.,0.,11.));
#3418 = DIRECTION('',(0.,0.,-1.));
#3419 = DIRECTION('',(-0.964749220299,-0.263170936716,0.));
#3420 = ADVANCED_FACE('',(#3421),#3451,.F.);
#3421 = FACE_BOUND('',#3422,.F.);
#3422 = EDGE_LOOP('',(#3423,#3424,#3425,#3434,#3443,#3450));
#3423 = ORIENTED_EDGE('',*,*,#2846,.F.);
#3424 = ORIENTED_EDGE('',*,*,#2317,.F.);
#3425 = ORIENTED_EDGE('',*,*,#3426,.T.);
#3426 = EDGE_CURVE('',#2318,#3427,#3429,.T.);
#3427 = VERTEX_POINT('',#3428);
#3428 = CARTESIAN_POINT('',(-9.841830304355,-10.92032902761,11.));
#3429 = CIRCLE('',#3430,2.150000000001);
#3430 = AXIS2_PLACEMENT_3D('',#3431,#3432,#3433);
#3431 = CARTESIAN_POINT('',(-11.80250856887,-11.80250856887,11.));
#3432 = DIRECTION('',(0.,0.,1.));
#3433 = DIRECTION('',(-0.707106781187,0.707106781187,0.));
#3434 = ORIENTED_EDGE('',*,*,#3435,.T.);
#3435 = EDGE_CURVE('',#3427,#3436,#3438,.T.);
#3436 = VERTEX_POINT('',#3437);
#3437 = CARTESIAN_POINT('',(-10.92032902761,-9.841830304355,11.));
#3438 = CIRCLE('',#3439,2.150000000001);
#3439 = AXIS2_PLACEMENT_3D('',#3440,#3441,#3442);
#3440 = CARTESIAN_POINT('',(-11.80250856887,-11.80250856887,11.));
#3441 = DIRECTION('',(0.,0.,1.));
#3442 = DIRECTION('',(-0.707106781187,0.707106781187,0.));
#3443 = ORIENTED_EDGE('',*,*,#3444,.T.);
#3444 = EDGE_CURVE('',#3436,#2347,#3445,.T.);
#3445 = CIRCLE('',#3446,2.150000000001);
#3446 = AXIS2_PLACEMENT_3D('',#3447,#3448,#3449);
#3447 = CARTESIAN_POINT('',(-11.80250856887,-11.80250856887,11.));
#3448 = DIRECTION('',(0.,0.,1.));
#3449 = DIRECTION('',(-0.707106781187,0.707106781187,0.));
#3450 = ORIENTED_EDGE('',*,*,#2356,.F.);
#3451 = CYLINDRICAL_SURFACE('',#3452,2.150000000001);
#3452 = AXIS2_PLACEMENT_3D('',#3453,#3454,#3455);
#3453 = CARTESIAN_POINT('',(-11.80250856887,-11.80250856887,16.));
#3454 = DIRECTION('',(0.,0.,1.));
#3455 = DIRECTION('',(-0.707106781187,0.707106781187,0.));
#3456 = ADVANCED_FACE('',(#3457),#3491,.F.);
#3457 = FACE_BOUND('',#3458,.F.);
#3458 = EDGE_LOOP('',(#3459,#3460,#3490));
#3459 = ORIENTED_EDGE('',*,*,#3444,.F.);
#3460 = ORIENTED_EDGE('',*,*,#3461,.F.);
#3461 = EDGE_CURVE('',#2338,#3436,#3462,.T.);
#3462 = B_SPLINE_CURVE_WITH_KNOTS('',6,(#3463,#3464,#3465,#3466,#3467,
    #3468,#3469,#3470,#3471,#3472,#3473,#3474,#3475,#3476,#3477,#3478,
    #3479,#3480,#3481,#3482,#3483,#3484,#3485,#3486,#3487,#3488,#3489),
  .UNSPECIFIED.,.F.,.F.,(7,5,5,5,5,7),(0.,0.25089625162,0.486046381191,
    0.704094530378,0.88879929093,1.),.UNSPECIFIED.);
#3463 = CARTESIAN_POINT('',(-12.81715830903,-9.906991250357,
    8.601462015154));
#3464 = CARTESIAN_POINT('',(-12.75851966657,-9.875602624809,
    8.706429325019));
#3465 = CARTESIAN_POINT('',(-12.69838961077,-9.846215996671,
    8.81131132564));
#3466 = CARTESIAN_POINT('',(-12.63674270375,-9.818877174145,
    8.916082700238));
#3467 = CARTESIAN_POINT('',(-12.57354159896,-9.793647663745,
    9.020712930027));
#3468 = CARTESIAN_POINT('',(-12.50873026923,-9.770612129049,
    9.125165101073));
#3469 = CARTESIAN_POINT('',(-12.37989789746,-9.730460340688,
    9.327082923542));
#3470 = CARTESIAN_POINT('',(-12.3160842537,-9.71306357001,9.424573293341
    ));
#3471 = CARTESIAN_POINT('',(-12.25071599761,-9.697792285494,
    9.521830752459));
#3472 = CARTESIAN_POINT('',(-12.18370957243,-9.684765637039,
    9.618808329231));
#3473 = CARTESIAN_POINT('',(-12.11495204171,-9.67414373332,
    9.715443330178));
#3474 = CARTESIAN_POINT('',(-11.97875734896,-9.658730308235,
    9.900866546017));
#3475 = CARTESIAN_POINT('',(-11.91159269664,-9.653572101819,
    9.989706935334));
#3476 = CARTESIAN_POINT('',(-11.84265887427,-9.65084608208,
    10.078116833512));
#3477 = CARTESIAN_POINT('',(-11.77179475928,-9.650783668756,
    10.166002508031));
#3478 = CARTESIAN_POINT('',(-11.69880554226,-9.653677630947,
    10.253233149965));
#3479 = CARTESIAN_POINT('',(-11.55948908832,-9.6653253372,
    10.412785899657));
#3480 = CARTESIAN_POINT('',(-11.4938680971,-9.673114501809,
    10.485326281093));
#3481 = CARTESIAN_POINT('',(-11.42631149612,-9.683624335154,
    10.557142639043));
#3482 = CARTESIAN_POINT('',(-11.35658153173,-9.697232091223,
    10.62804970336));
#3483 = CARTESIAN_POINT('',(-11.28441654038,-9.714403902353,
    10.697775651282));
#3484 = CARTESIAN_POINT('',(-11.16414454473,-9.748925715587,
    10.806863604402));
#3485 = CARTESIAN_POINT('',(-11.11790786606,-9.763481167994,
    10.847252069448));
#3486 = CARTESIAN_POINT('',(-11.07052119712,-9.779796947918,
    10.88694426199));
#3487 = CARTESIAN_POINT('',(-11.02187577658,-9.798095165084,
    10.925790124449));
#3488 = CARTESIAN_POINT('',(-10.97186373475,-9.818642989468,
    10.963578691286));
#3489 = CARTESIAN_POINT('',(-10.92032902761,-9.841830304355,11.));
#3490 = ORIENTED_EDGE('',*,*,#2346,.F.);
#3491 = CYLINDRICAL_SURFACE('',#3492,2.150000000001);
#3492 = AXIS2_PLACEMENT_3D('',#3493,#3494,#3495);
#3493 = CARTESIAN_POINT('',(-11.80250856887,-11.80250856887,16.));
#3494 = DIRECTION('',(0.,0.,1.));
#3495 = DIRECTION('',(-0.707106781187,0.707106781187,0.));
#3496 = ADVANCED_FACE('',(#3497),#3534,.T.);
#3497 = FACE_BOUND('',#3498,.T.);
#3498 = EDGE_LOOP('',(#3499,#3500,#3501,#3527));
#3499 = ORIENTED_EDGE('',*,*,#3461,.F.);
#3500 = ORIENTED_EDGE('',*,*,#2337,.T.);
#3501 = ORIENTED_EDGE('',*,*,#3502,.T.);
#3502 = EDGE_CURVE('',#2328,#3427,#3503,.T.);
#3503 = B_SPLINE_CURVE_WITH_KNOTS('',8,(#3504,#3505,#3506,#3507,#3508,
    #3509,#3510,#3511,#3512,#3513,#3514,#3515,#3516,#3517,#3518,#3519,
    #3520,#3521,#3522,#3523,#3524,#3525,#3526),.UNSPECIFIED.,.F.,.F.,(9,
    7,7,9),(0.,0.417601128479,0.773153660831,1.),.UNSPECIFIED.);
#3504 = CARTESIAN_POINT('',(-9.906991250357,-12.81715830903,
    8.601462015154));
#3505 = CARTESIAN_POINT('',(-9.86779920018,-12.74394170341,
    8.732524908268));
#3506 = CARTESIAN_POINT('',(-9.831582397943,-12.66851420598,
    8.863453836106));
#3507 = CARTESIAN_POINT('',(-9.798410844991,-12.59083241749,
    8.994215107705));
#3508 = CARTESIAN_POINT('',(-9.768389462268,-12.51082872192,
    9.124761373593));
#3509 = CARTESIAN_POINT('',(-9.741655401371,-12.42841325447,
    9.255031964412));
#3510 = CARTESIAN_POINT('',(-9.718387716308,-12.34346507821,
    9.384951158406));
#3511 = CARTESIAN_POINT('',(-9.698829395946,-12.25581256903,
    9.514424377757));
#3512 = CARTESIAN_POINT('',(-9.670118296111,-12.08805652608,
    9.753086670182));
#3513 = CARTESIAN_POINT('',(-9.659856549977,-12.0087992256,
    9.862384955403));
#3514 = CARTESIAN_POINT('',(-9.652743056081,-11.92724712467,
    9.97119164821));
#3515 = CARTESIAN_POINT('',(-9.649037172937,-11.84320283874,
    10.079422670208));
#3516 = CARTESIAN_POINT('',(-9.649097799015,-11.75641860917,
    10.186930598091));
#3517 = CARTESIAN_POINT('',(-9.653377572294,-11.66659938405,
    10.293506084493));
#3518 = CARTESIAN_POINT('',(-9.662486879061,-11.57335019561,
    10.398860728754));
#3519 = CARTESIAN_POINT('',(-9.686996632638,-11.41384379066,
    10.568715744756));
#3520 = CARTESIAN_POINT('',(-9.698911845801,-11.35013095268,
    10.634096591793));
#3521 = CARTESIAN_POINT('',(-9.713460352026,-11.28458296795,
    10.698672875375));
#3522 = CARTESIAN_POINT('',(-9.730989283239,-11.21695791757,
    10.762303199735));
#3523 = CARTESIAN_POINT('',(-9.751912255688,-11.14703002324,
    10.824739191526));
#3524 = CARTESIAN_POINT('',(-9.776806573491,-11.07452693795,
    10.885577979204));
#3525 = CARTESIAN_POINT('',(-9.806360878169,-10.99916120374,
    10.944286652968));
#3526 = CARTESIAN_POINT('',(-9.841830304355,-10.92032902761,11.));
#3527 = ORIENTED_EDGE('',*,*,#3528,.F.);
#3528 = EDGE_CURVE('',#3436,#3427,#3529,.T.);
#3529 = CIRCLE('',#3530,14.700857451556);
#3530 = AXIS2_PLACEMENT_3D('',#3531,#3532,#3533);
#3531 = CARTESIAN_POINT('',(0.,0.,11.));
#3532 = DIRECTION('',(0.,0.,1.));
#3533 = DIRECTION('',(-0.790600901279,-0.61233178498,0.));
#3534 = CONICAL_SURFACE('',#3535,14.700857451556,0.558505360638);
#3535 = AXIS2_PLACEMENT_3D('',#3536,#3537,#3538);
#3536 = CARTESIAN_POINT('',(0.,0.,11.));
#3537 = DIRECTION('',(0.,0.,-1.));
#3538 = DIRECTION('',(-0.790600901279,-0.61233178498,0.));
#3539 = ADVANCED_FACE('',(#3540),#3545,.F.);
#3540 = FACE_BOUND('',#3541,.F.);
#3541 = EDGE_LOOP('',(#3542,#3543,#3544));
#3542 = ORIENTED_EDGE('',*,*,#3502,.T.);
#3543 = ORIENTED_EDGE('',*,*,#3426,.F.);
#3544 = ORIENTED_EDGE('',*,*,#2327,.T.);
#3545 = CYLINDRICAL_SURFACE('',#3546,2.150000000001);
#3546 = AXIS2_PLACEMENT_3D('',#3547,#3548,#3549);
#3547 = CARTESIAN_POINT('',(-11.80250856887,-11.80250856887,16.));
#3548 = DIRECTION('',(0.,0.,1.));
#3549 = DIRECTION('',(-0.707106781187,0.707106781187,0.));
#3550 = ADVANCED_FACE('',(#3551),#3581,.F.);
#3551 = FACE_BOUND('',#3552,.F.);
#3552 = EDGE_LOOP('',(#3553,#3554,#3555,#3564,#3573,#3580));
#3553 = ORIENTED_EDGE('',*,*,#2854,.F.);
#3554 = ORIENTED_EDGE('',*,*,#2259,.F.);
#3555 = ORIENTED_EDGE('',*,*,#3556,.T.);
#3556 = EDGE_CURVE('',#2260,#3557,#3559,.T.);
#3557 = VERTEX_POINT('',#3558);
#3558 = CARTESIAN_POINT('',(-4.913636585801,-13.85537387852,11.));
#3559 = CIRCLE('',#3560,2.150000000001);
#3560 = AXIS2_PLACEMENT_3D('',#3561,#3562,#3563);
#3561 = CARTESIAN_POINT('',(-6.387471609419,-15.42072058873,11.));
#3562 = DIRECTION('',(0.,0.,1.));
#3563 = DIRECTION('',(-0.923879532511,0.382683432365,0.));
#3564 = ORIENTED_EDGE('',*,*,#3565,.T.);
#3565 = EDGE_CURVE('',#3557,#3566,#3568,.T.);
#3566 = VERTEX_POINT('',#3567);
#3567 = CARTESIAN_POINT('',(-6.322763075272,-13.27169457548,11.));
#3568 = CIRCLE('',#3569,2.150000000001);
#3569 = AXIS2_PLACEMENT_3D('',#3570,#3571,#3572);
#3570 = CARTESIAN_POINT('',(-6.387471609419,-15.42072058873,11.));
#3571 = DIRECTION('',(0.,0.,1.));
#3572 = DIRECTION('',(-0.923879532511,0.382683432365,0.));
#3573 = ORIENTED_EDGE('',*,*,#3574,.T.);
#3574 = EDGE_CURVE('',#3566,#2289,#3575,.T.);
#3575 = CIRCLE('',#3576,2.150000000001);
#3576 = AXIS2_PLACEMENT_3D('',#3577,#3578,#3579);
#3577 = CARTESIAN_POINT('',(-6.387471609419,-15.42072058873,11.));
#3578 = DIRECTION('',(0.,0.,1.));
#3579 = DIRECTION('',(-0.923879532511,0.382683432365,0.));
#3580 = ORIENTED_EDGE('',*,*,#2298,.F.);
#3581 = CYLINDRICAL_SURFACE('',#3582,2.150000000001);
#3582 = AXIS2_PLACEMENT_3D('',#3583,#3584,#3585);
#3583 = CARTESIAN_POINT('',(-6.387471609419,-15.42072058873,16.));
#3584 = DIRECTION('',(0.,0.,1.));
#3585 = DIRECTION('',(-0.923879532511,0.382683432365,0.));
#3586 = ADVANCED_FACE('',(#3587),#3621,.F.);
#3587 = FACE_BOUND('',#3588,.F.);
#3588 = EDGE_LOOP('',(#3589,#3590,#3620));
#3589 = ORIENTED_EDGE('',*,*,#3574,.F.);
#3590 = ORIENTED_EDGE('',*,*,#3591,.F.);
#3591 = EDGE_CURVE('',#2280,#3566,#3592,.T.);
#3592 = B_SPLINE_CURVE_WITH_KNOTS('',6,(#3593,#3594,#3595,#3596,#3597,
    #3598,#3599,#3600,#3601,#3602,#3603,#3604,#3605,#3606,#3607,#3608,
    #3609,#3610,#3611,#3612,#3613,#3614,#3615,#3616,#3617,#3618,#3619),
  .UNSPECIFIED.,.F.,.F.,(7,5,5,5,5,7),(0.,0.25089625162,0.486046381191,
    0.704094530378,0.88879929093,1.),.UNSPECIFIED.);
#3593 = CARTESIAN_POINT('',(-8.050268810573,-14.05778057983,
    8.601462015154));
#3594 = CARTESIAN_POINT('',(-8.008105675956,-14.00634123417,
    8.706429325019));
#3595 = CARTESIAN_POINT('',(-7.963798523831,-13.95618075376,
    8.81131132564));
#3596 = CARTESIAN_POINT('',(-7.917306322637,-13.90733172522,
    8.916082700238));
#3597 = CARTESIAN_POINT('',(-7.868571031125,-13.85983668123,
    9.020712930027));
#3598 = CARTESIAN_POINT('',(-7.817508487598,-13.81375240009,
    9.125165101073));
#3599 = CARTESIAN_POINT('',(-7.713848320376,-13.7273549704,
    9.327082923542));
#3600 = CARTESIAN_POINT('',(-7.661549656931,-13.68686202581,
    9.424573293341));
#3601 = CARTESIAN_POINT('',(-7.60700133063,-13.64773785001,
    9.521830752459));
#3602 = CARTESIAN_POINT('',(-7.550080548401,-13.61006054734,
    9.618808329231));
#3603 = CARTESIAN_POINT('',(-7.490621699634,-13.57393482004,
    9.715443330178));
#3604 = CARTESIAN_POINT('',(-7.370692672985,-13.50757521959,
    9.900866546017));
#3605 = CARTESIAN_POINT('',(-7.310614585537,-13.47710685858,
    9.989706935334));
#3606 = CARTESIAN_POINT('',(-7.247971240539,-13.44820851298,
    10.078116833512));
#3607 = CARTESIAN_POINT('',(-7.182525219652,-13.42103232783,
    10.166002508031));
#3608 = CARTESIAN_POINT('',(-7.113984504571,-13.39577423618,
    10.253233149965));
#3609 = CARTESIAN_POINT('',(-6.980815500021,-13.3532212148,
    10.412785899657));
#3610 = CARTESIAN_POINT('',(-6.917208825085,-13.33530539841,
    10.485326281093));
#3611 = CARTESIAN_POINT('',(-6.850772725057,-13.31916242638,
    10.557142639043));
#3612 = CARTESIAN_POINT('',(-6.781143175352,-13.30504985158,
    10.62804970336));
#3613 = CARTESIAN_POINT('',(-6.707900049262,-13.29329818984,
    10.697775651282));
#3614 = CARTESIAN_POINT('',(-6.583572288166,-13.2791660864,
    10.806863604402));
#3615 = CARTESIAN_POINT('',(-6.535285036602,-13.27491956007,
    10.847252069448));
#3616 = CARTESIAN_POINT('',(-6.485261684395,-13.27185928208,
    10.88694426199));
#3617 = CARTESIAN_POINT('',(-6.433316751455,-13.2701488339,
    10.925790124449));
#3618 = CARTESIAN_POINT('',(-6.379248337669,-13.26999376846,
    10.963578691286));
#3619 = CARTESIAN_POINT('',(-6.322763075272,-13.27169457548,11.));
#3620 = ORIENTED_EDGE('',*,*,#2288,.F.);
#3621 = CYLINDRICAL_SURFACE('',#3622,2.150000000001);
#3622 = AXIS2_PLACEMENT_3D('',#3623,#3624,#3625);
#3623 = CARTESIAN_POINT('',(-6.387471609419,-15.42072058873,16.));
#3624 = DIRECTION('',(0.,0.,1.));
#3625 = DIRECTION('',(-0.923879532511,0.382683432365,0.));
#3626 = ADVANCED_FACE('',(#3627),#3664,.T.);
#3627 = FACE_BOUND('',#3628,.T.);
#3628 = EDGE_LOOP('',(#3629,#3630,#3631,#3657));
#3629 = ORIENTED_EDGE('',*,*,#3591,.F.);
#3630 = ORIENTED_EDGE('',*,*,#2279,.T.);
#3631 = ORIENTED_EDGE('',*,*,#3632,.T.);
#3632 = EDGE_CURVE('',#2270,#3557,#3633,.T.);
#3633 = B_SPLINE_CURVE_WITH_KNOTS('',8,(#3634,#3635,#3636,#3637,#3638,
    #3639,#3640,#3641,#3642,#3643,#3644,#3645,#3646,#3647,#3648,#3649,
    #3650,#3651,#3652,#3653,#3654,#3655,#3656),.UNSPECIFIED.,.F.,.F.,(9,
    7,7,9),(0.,0.417601128479,0.773153660831,1.),.UNSPECIFIED.);
#3634 = CARTESIAN_POINT('',(-4.247952310106,-15.63275164276,
    8.601462015154));
#3635 = CARTESIAN_POINT('',(-4.239762359052,-15.55011017112,
    8.732524908268));
#3636 = CARTESIAN_POINT('',(-4.235167250347,-15.46656467986,
    8.863453836106));
#3637 = CARTESIAN_POINT('',(-4.234248264962,-15.38210186169,
    8.994215107705));
#3638 = CARTESIAN_POINT('',(-4.23712821275,-15.29669939904,
    9.124761373593));
#3639 = CARTESIAN_POINT('',(-4.243968195029,-15.21032675331,
    9.255031964412));
#3640 = CARTESIAN_POINT('',(-4.254979916698,-15.12294071435,
    9.384951158406));
#3641 = CARTESIAN_POINT('',(-4.270453547891,-15.03447570999,
    9.514424377757));
#3642 = CARTESIAN_POINT('',(-4.308125408714,-14.86850207322,
    9.753086670182));
#3643 = CARTESIAN_POINT('',(-4.328975247282,-14.79135087527,
    9.862384955403));
#3644 = CARTESIAN_POINT('',(-4.353611873767,-14.71328434212,
    9.97119164821));
#3645 = CARTESIAN_POINT('',(-4.382350439991,-14.63421936645,
    10.079422670208));
#3646 = CARTESIAN_POINT('',(-4.415617338029,-14.5540643936,
    10.186930598091));
#3647 = CARTESIAN_POINT('',(-4.453943662327,-14.47272004822,
    10.293506084493));
#3648 = CARTESIAN_POINT('',(-4.498044483904,-14.39005501237,
    10.398860728754));
#3649 = CARTESIAN_POINT('',(-4.581729002108,-14.25206978616,
    10.568715744756));
#3650 = CARTESIAN_POINT('',(-4.6171190712,-14.19776655386,
    10.634096591793));
#3651 = CARTESIAN_POINT('',(-4.65564426611,-14.14277558467,
    10.698672875375));
#3652 = CARTESIAN_POINT('',(-4.697717873277,-14.08700621631,
    10.762303199735));
#3653 = CARTESIAN_POINT('',(-4.743808425905,-14.03040814089,
    10.824739191526));
#3654 = CARTESIAN_POINT('',(-4.794553506134,-13.97295066733,
    10.885577979204));
#3655 = CARTESIAN_POINT('',(-4.850699341175,-13.91463175079,
    10.944286652968));
#3656 = CARTESIAN_POINT('',(-4.913636585801,-13.85537387852,11.));
#3657 = ORIENTED_EDGE('',*,*,#3658,.F.);
#3658 = EDGE_CURVE('',#3566,#3557,#3659,.T.);
#3659 = CIRCLE('',#3660,14.700857451556);
#3660 = AXIS2_PLACEMENT_3D('',#3661,#3662,#3663);
#3661 = CARTESIAN_POINT('',(0.,0.,11.));
#3662 = DIRECTION('',(0.,0.,1.));
#3663 = DIRECTION('',(-0.496090761855,-0.868270669781,0.));
#3664 = CONICAL_SURFACE('',#3665,14.700857451556,0.558505360638);
#3665 = AXIS2_PLACEMENT_3D('',#3666,#3667,#3668);
#3666 = CARTESIAN_POINT('',(0.,0.,11.));
#3667 = DIRECTION('',(0.,-0.,-1.));
#3668 = DIRECTION('',(-0.496090761855,-0.868270669781,0.));
#3669 = ADVANCED_FACE('',(#3670),#3675,.F.);
#3670 = FACE_BOUND('',#3671,.F.);
#3671 = EDGE_LOOP('',(#3672,#3673,#3674));
#3672 = ORIENTED_EDGE('',*,*,#3632,.T.);
#3673 = ORIENTED_EDGE('',*,*,#3556,.F.);
#3674 = ORIENTED_EDGE('',*,*,#2269,.T.);
#3675 = CYLINDRICAL_SURFACE('',#3676,2.150000000001);
#3676 = AXIS2_PLACEMENT_3D('',#3677,#3678,#3679);
#3677 = CARTESIAN_POINT('',(-6.387471609419,-15.42072058873,16.));
#3678 = DIRECTION('',(0.,0.,1.));
#3679 = DIRECTION('',(-0.923879532511,0.382683432365,0.));
#3680 = ADVANCED_FACE('',(#3681),#3711,.F.);
#3681 = FACE_BOUND('',#3682,.F.);
#3682 = EDGE_LOOP('',(#3683,#3684,#3685,#3694,#3703,#3710));
#3683 = ORIENTED_EDGE('',*,*,#2862,.F.);
#3684 = ORIENTED_EDGE('',*,*,#2201,.F.);
#3685 = ORIENTED_EDGE('',*,*,#3686,.T.);
#3686 = EDGE_CURVE('',#2202,#3687,#3689,.T.);
#3687 = VERTEX_POINT('',#3688);
#3688 = CARTESIAN_POINT('',(0.762613760714,-14.6810636557,11.));
#3689 = CIRCLE('',#3690,2.150000000001);
#3690 = AXIS2_PLACEMENT_3D('',#3691,#3692,#3693);
#3691 = CARTESIAN_POINT('',(0.,-16.69126768813,11.));
#3692 = DIRECTION('',(0.,0.,1.));
#3693 = DIRECTION('',(-1.,0.,0.));
#3694 = ORIENTED_EDGE('',*,*,#3695,.T.);
#3695 = EDGE_CURVE('',#3687,#3696,#3698,.T.);
#3696 = VERTEX_POINT('',#3697);
#3697 = CARTESIAN_POINT('',(-0.762613760714,-14.6810636557,11.));
#3698 = CIRCLE('',#3699,2.150000000001);
#3699 = AXIS2_PLACEMENT_3D('',#3700,#3701,#3702);
#3700 = CARTESIAN_POINT('',(0.,-16.69126768813,11.));
#3701 = DIRECTION('',(0.,0.,1.));
#3702 = DIRECTION('',(-1.,0.,0.));
#3703 = ORIENTED_EDGE('',*,*,#3704,.T.);
#3704 = EDGE_CURVE('',#3696,#2231,#3705,.T.);
#3705 = CIRCLE('',#3706,2.150000000001);
#3706 = AXIS2_PLACEMENT_3D('',#3707,#3708,#3709);
#3707 = CARTESIAN_POINT('',(0.,-16.69126768813,11.));
#3708 = DIRECTION('',(0.,0.,1.));
#3709 = DIRECTION('',(-1.,0.,0.));
#3710 = ORIENTED_EDGE('',*,*,#2240,.F.);
#3711 = CYLINDRICAL_SURFACE('',#3712,2.150000000001);
#3712 = AXIS2_PLACEMENT_3D('',#3713,#3714,#3715);
#3713 = CARTESIAN_POINT('',(0.,-16.69126768813,16.));
#3714 = DIRECTION('',(0.,0.,1.));
#3715 = DIRECTION('',(-1.,0.,0.));
#3716 = ADVANCED_FACE('',(#3717),#3751,.F.);
#3717 = FACE_BOUND('',#3718,.F.);
#3718 = EDGE_LOOP('',(#3719,#3720,#3750));
#3719 = ORIENTED_EDGE('',*,*,#3704,.F.);
#3720 = ORIENTED_EDGE('',*,*,#3721,.F.);
#3721 = EDGE_CURVE('',#2222,#3696,#3722,.T.);
#3722 = B_SPLINE_CURVE_WITH_KNOTS('',6,(#3723,#3724,#3725,#3726,#3727,
    #3728,#3729,#3730,#3731,#3732,#3733,#3734,#3735,#3736,#3737,#3738,
    #3739,#3740,#3741,#3742,#3743,#3744,#3745,#3746,#3747,#3748,#3749),
  .UNSPECIFIED.,.F.,.F.,(7,5,5,5,5,7),(0.,0.25089625162,0.486046381191,
    0.704094530378,0.88879929093,1.),.UNSPECIFIED.);
#3723 = CARTESIAN_POINT('',(-2.057798861574,-16.06840025014,
    8.601462015154));
#3724 = CARTESIAN_POINT('',(-2.038530189831,-16.00474135844,
    8.706429325019));
#3725 = CARTESIAN_POINT('',(-2.016791303651,-15.94144350419,
    8.81131132564));
#3726 = CARTESIAN_POINT('',(-1.992531824459,-15.87852109141,
    8.916082700238));
#3727 = CARTESIAN_POINT('',(-1.965681852572,-15.81599120374,
    9.020712930027));
#3728 = CARTESIAN_POINT('',(-1.936141904615,-15.7538740902,
    9.125165101073));
#3729 = CARTESIAN_POINT('',(-1.873435262724,-15.63438424465,
    9.327082923542));
#3730 = CARTESIAN_POINT('',(-1.84061357701,-15.57695980991,
    9.424573293341));
#3731 = CARTESIAN_POINT('',(-1.805189668693,-15.51993904391,
    9.521830752459));
#3732 = CARTESIAN_POINT('',(-1.767020202523,-15.46334711482,
    9.618808329231));
#3733 = CARTESIAN_POINT('',(-1.725912106441,-15.40721737844,
    9.715443330178));
#3734 = CARTESIAN_POINT('',(-1.640506853037,-15.30001425024,
    9.900866546017));
#3735 = CARTESIAN_POINT('',(-1.596661674664,-15.2488742664,
    9.989706935334));
#3736 = CARTESIAN_POINT('',(-1.549845688453,-15.1982031061,
    10.078116833512));
#3737 = CARTESIAN_POINT('',(-1.499781325083,-15.14805047696,
    10.166002508031));
#3738 = CARTESIAN_POINT('',(-1.446123814487,-15.09848564695,
    10.253233149965));
#3739 = CARTESIAN_POINT('',(-1.339376033095,-15.00821020971,
    10.412785899657));
#3740 = CARTESIAN_POINT('',(-1.287467214102,-14.96731693294,
    10.485326281093));
#3741 = CARTESIAN_POINT('',(-1.232265909009,-14.92697877671,
    10.557142639043));
#3742 = CARTESIAN_POINT('',(-1.173337241742,-14.88729438262,
    10.62804970336));
#3743 = CARTESIAN_POINT('',(-1.110166582903,-14.84840833198,
    10.697775651282));
#3744 = CARTESIAN_POINT('',(-1.000710830954,-14.7877737965,
    10.806863604402));
#3745 = CARTESIAN_POINT('',(-0.957724302825,-14.76537178657,
    10.847252069448));
#3746 = CARTESIAN_POINT('',(-0.912679869258,-14.74340135025,
    10.88694426199));
#3747 = CARTESIAN_POINT('',(-0.865343569077,-14.72194263696,
    10.925790124449));
#3748 = CARTESIAN_POINT('',(-0.8154502092,-14.701108289,10.963578691286)
  );
#3749 = CARTESIAN_POINT('',(-0.762613760714,-14.6810636557,11.));
#3750 = ORIENTED_EDGE('',*,*,#2230,.F.);
#3751 = CYLINDRICAL_SURFACE('',#3752,2.150000000001);
#3752 = AXIS2_PLACEMENT_3D('',#3753,#3754,#3755);
#3753 = CARTESIAN_POINT('',(0.,-16.69126768813,16.));
#3754 = DIRECTION('',(0.,0.,1.));
#3755 = DIRECTION('',(-1.,0.,0.));
#3756 = ADVANCED_FACE('',(#3757),#3794,.T.);
#3757 = FACE_BOUND('',#3758,.T.);
#3758 = EDGE_LOOP('',(#3759,#3760,#3761,#3787));
#3759 = ORIENTED_EDGE('',*,*,#3721,.F.);
#3760 = ORIENTED_EDGE('',*,*,#2221,.T.);
#3761 = ORIENTED_EDGE('',*,*,#3762,.T.);
#3762 = EDGE_CURVE('',#2212,#3687,#3763,.T.);
#3763 = B_SPLINE_CURVE_WITH_KNOTS('',8,(#3764,#3765,#3766,#3767,#3768,
    #3769,#3770,#3771,#3772,#3773,#3774,#3775,#3776,#3777,#3778,#3779,
    #3780,#3781,#3782,#3783,#3784,#3785,#3786),.UNSPECIFIED.,.F.,.F.,(9,
    7,7,9),(0.,0.417601128479,0.773153660831,1.),.UNSPECIFIED.);
#3764 = CARTESIAN_POINT('',(2.057798861574,-16.06840025014,
    8.601462015154));
#3765 = CARTESIAN_POINT('',(2.033739867699,-15.98891532736,
    8.732524908268));
#3766 = CARTESIAN_POINT('',(2.006013719228,-15.90997088598,
    8.863453836106));
#3767 = CARTESIAN_POINT('',(1.974540229852,-15.83158573654,
    8.994215107705));
#3768 = CARTESIAN_POINT('',(1.939197397495,-15.75378625757,
    9.124761373593));
#3769 = CARTESIAN_POINT('',(1.899824697338,-15.67660588592,
    9.255031964412));
#3770 = CARTESIAN_POINT('',(1.85621000374,-15.60008571654,9.384951158406
    ));
#3771 = CARTESIAN_POINT('',(1.808060141072,-15.52427621196,
    9.514424377757));
#3772 = CARTESIAN_POINT('',(1.709740518906,-15.38535296301,
    9.753086670182));
#3773 = CARTESIAN_POINT('',(1.660953294554,-15.32205343811,
    9.862384955403));
#3774 = CARTESIAN_POINT('',(1.608317250737,-15.25935739474,9.97119164821
    ));
#3775 = CARTESIAN_POINT('',(1.551509421339,-15.19730865514,
    10.079422670208));
#3776 = CARTESIAN_POINT('',(1.490100835001,-15.13598580703,
    10.186930598091));
#3777 = CARTESIAN_POINT('',(1.423562795129,-15.07550028057,
    10.293506084493));
#3778 = CARTESIAN_POINT('',(1.351184409053,-15.01600439967,
    10.398860728754));
#3779 = CARTESIAN_POINT('',(1.221065335515,-14.92054735205,
    10.568715744756));
#3780 = CARTESIAN_POINT('',(1.167588227703,-14.88392090029,
    10.634096591793));
#3781 = CARTESIAN_POINT('',(1.1109514558,-14.8478588232,10.698672875375)
  );
#3782 = CARTESIAN_POINT('',(1.050738497972,-14.81243551763,
    10.762303199735));
#3783 = CARTESIAN_POINT('',(0.986497233991,-14.77778380505,
    10.824739191526));
#3784 = CARTESIAN_POINT('',(0.917626869795,-14.74411932272,
    10.885577979204));
#3785 = CARTESIAN_POINT('',(0.843437198814,-14.71172575024,
    10.944286652968));
#3786 = CARTESIAN_POINT('',(0.762613760714,-14.6810636557,11.));
#3787 = ORIENTED_EDGE('',*,*,#3788,.F.);
#3788 = EDGE_CURVE('',#3696,#3687,#3789,.T.);
#3789 = CIRCLE('',#3790,14.700857451556);
#3790 = AXIS2_PLACEMENT_3D('',#3791,#3792,#3793);
#3791 = CARTESIAN_POINT('',(0.,0.,11.));
#3792 = DIRECTION('',(0.,0.,1.));
#3793 = DIRECTION('',(-0.126055301011,-0.992023216002,0.));
#3794 = CONICAL_SURFACE('',#3795,14.700857451556,0.558505360638);
#3795 = AXIS2_PLACEMENT_3D('',#3796,#3797,#3798);
#3796 = CARTESIAN_POINT('',(0.,0.,11.));
#3797 = DIRECTION('',(0.,0.,-1.));
#3798 = DIRECTION('',(-0.126055301011,-0.992023216002,0.));
#3799 = ADVANCED_FACE('',(#3800),#3805,.F.);
#3800 = FACE_BOUND('',#3801,.F.);
#3801 = EDGE_LOOP('',(#3802,#3803,#3804));
#3802 = ORIENTED_EDGE('',*,*,#3762,.T.);
#3803 = ORIENTED_EDGE('',*,*,#3686,.F.);
#3804 = ORIENTED_EDGE('',*,*,#2211,.T.);
#3805 = CYLINDRICAL_SURFACE('',#3806,2.150000000001);
#3806 = AXIS2_PLACEMENT_3D('',#3807,#3808,#3809);
#3807 = CARTESIAN_POINT('',(0.,-16.69126768813,16.));
#3808 = DIRECTION('',(0.,0.,1.));
#3809 = DIRECTION('',(-1.,0.,0.));
#3810 = ADVANCED_FACE('',(#3811),#3841,.F.);
#3811 = FACE_BOUND('',#3812,.F.);
#3812 = EDGE_LOOP('',(#3813,#3814,#3815,#3824,#3833,#3840));
#3813 = ORIENTED_EDGE('',*,*,#2870,.F.);
#3814 = ORIENTED_EDGE('',*,*,#2143,.F.);
#3815 = ORIENTED_EDGE('',*,*,#3816,.T.);
#3816 = EDGE_CURVE('',#2144,#3817,#3819,.T.);
#3817 = VERTEX_POINT('',#3818);
#3818 = CARTESIAN_POINT('',(6.322763075272,-13.27169457548,11.));
#3819 = CIRCLE('',#3820,2.150000000001);
#3820 = AXIS2_PLACEMENT_3D('',#3821,#3822,#3823);
#3821 = CARTESIAN_POINT('',(6.387471609419,-15.42072058873,11.));
#3822 = DIRECTION('',(0.,0.,1.));
#3823 = DIRECTION('',(-0.923879532511,-0.382683432365,0.));
#3824 = ORIENTED_EDGE('',*,*,#3825,.T.);
#3825 = EDGE_CURVE('',#3817,#3826,#3828,.T.);
#3826 = VERTEX_POINT('',#3827);
#3827 = CARTESIAN_POINT('',(4.913636585801,-13.85537387852,11.));
#3828 = CIRCLE('',#3829,2.150000000001);
#3829 = AXIS2_PLACEMENT_3D('',#3830,#3831,#3832);
#3830 = CARTESIAN_POINT('',(6.387471609419,-15.42072058873,11.));
#3831 = DIRECTION('',(0.,0.,1.));
#3832 = DIRECTION('',(-0.923879532511,-0.382683432365,0.));
#3833 = ORIENTED_EDGE('',*,*,#3834,.T.);
#3834 = EDGE_CURVE('',#3826,#2173,#3835,.T.);
#3835 = CIRCLE('',#3836,2.150000000001);
#3836 = AXIS2_PLACEMENT_3D('',#3837,#3838,#3839);
#3837 = CARTESIAN_POINT('',(6.387471609419,-15.42072058873,11.));
#3838 = DIRECTION('',(0.,0.,1.));
#3839 = DIRECTION('',(-0.923879532511,-0.382683432365,0.));
#3840 = ORIENTED_EDGE('',*,*,#2182,.F.);
#3841 = CYLINDRICAL_SURFACE('',#3842,2.150000000001);
#3842 = AXIS2_PLACEMENT_3D('',#3843,#3844,#3845);
#3843 = CARTESIAN_POINT('',(6.387471609419,-15.42072058873,16.));
#3844 = DIRECTION('',(0.,0.,1.));
#3845 = DIRECTION('',(-0.923879532511,-0.382683432365,0.));
#3846 = ADVANCED_FACE('',(#3847),#3881,.F.);
#3847 = FACE_BOUND('',#3848,.F.);
#3848 = EDGE_LOOP('',(#3849,#3850,#3880));
#3849 = ORIENTED_EDGE('',*,*,#3834,.F.);
#3850 = ORIENTED_EDGE('',*,*,#3851,.F.);
#3851 = EDGE_CURVE('',#2164,#3826,#3852,.T.);
#3852 = B_SPLINE_CURVE_WITH_KNOTS('',6,(#3853,#3854,#3855,#3856,#3857,
    #3858,#3859,#3860,#3861,#3862,#3863,#3864,#3865,#3866,#3867,#3868,
    #3869,#3870,#3871,#3872,#3873,#3874,#3875,#3876,#3877,#3878,#3879),
  .UNSPECIFIED.,.F.,.F.,(7,5,5,5,5,7),(0.,0.25089625162,0.486046381191,
    0.704094530378,0.88879929093,1.),.UNSPECIFIED.);
#3853 = CARTESIAN_POINT('',(4.247952310106,-15.63275164276,
    8.601462015154));
#3854 = CARTESIAN_POINT('',(4.241393038373,-15.56656469422,
    8.706429325019));
#3855 = CARTESIAN_POINT('',(4.23725411025,-15.49976599065,8.81131132564)
  );
#3856 = CARTESIAN_POINT('',(4.235587581647,-15.43234956058,
    8.916082700238));
#3857 = CARTESIAN_POINT('',(4.236464569085,-15.36430443779,
    9.020712930027));
#3858 = CARTESIAN_POINT('',(4.239984732175,-15.2956112593,9.125165101073
    ));
#3859 = CARTESIAN_POINT('',(4.252191330945,-15.16122024371,
    9.327082923542));
#3860 = CARTESIAN_POINT('',(4.260539234808,-15.09560666843,
    9.424573293341));
#3861 = CARTESIAN_POINT('',(4.271445756216,-15.02937020698,
    9.521830752459));
#3862 = CARTESIAN_POINT('',(4.28505295111,-14.96247925966,9.618808329231
    ));
#3863 = CARTESIAN_POINT('',(4.301551959526,-14.89489075775,
    9.715443330178));
#3864 = CARTESIAN_POINT('',(4.339431264054,-14.76316480627,
    9.900866546017));
#3865 = CARTESIAN_POINT('',(4.360368502404,-14.69913879855,
    9.989706935334));
#3866 = CARTESIAN_POINT('',(4.384229820314,-14.63440904837,
    10.078116833512));
#3867 = CARTESIAN_POINT('',(4.411290680678,-14.56891525839,
    10.166002508031));
#3868 = CARTESIAN_POINT('',(4.441896117208,-14.50258948608,
    10.253233149965));
#3869 = CARTESIAN_POINT('',(4.505971293396,-14.37833524995,
    10.412785899657));
#3870 = CARTESIAN_POINT('',(4.538279609309,-14.32069014351,
    10.485326281093));
#3871 = CARTESIAN_POINT('',(4.573842221168,-14.26229792167,
    10.557142639043));
#3872 = CARTESIAN_POINT('',(4.613098650595,-14.20308329757,
    10.62804970336));
#3873 = CARTESIAN_POINT('',(4.656579682019,-14.14298290672,
    10.697775651282));
#3874 = CARTESIAN_POINT('',(4.734499778804,-14.04507699759,
    10.806863604402));
#3875 = CARTESIAN_POINT('',(4.765641274265,-14.007930007,10.847252069448
    ));
#3876 = CARTESIAN_POINT('',(4.79884918251,-13.97039421212,10.88694426199
    ));
#3877 = CARTESIAN_POINT('',(4.834370327333,-13.93245412828,
    10.925790124449));
#3878 = CARTESIAN_POINT('',(4.872492821546,-13.89411233842,
    10.963578691286));
#3879 = CARTESIAN_POINT('',(4.913636585801,-13.85537387852,11.));
#3880 = ORIENTED_EDGE('',*,*,#2172,.F.);
#3881 = CYLINDRICAL_SURFACE('',#3882,2.150000000001);
#3882 = AXIS2_PLACEMENT_3D('',#3883,#3884,#3885);
#3883 = CARTESIAN_POINT('',(6.387471609419,-15.42072058873,16.));
#3884 = DIRECTION('',(0.,0.,1.));
#3885 = DIRECTION('',(-0.923879532511,-0.382683432365,0.));
#3886 = ADVANCED_FACE('',(#3887),#3924,.T.);
#3887 = FACE_BOUND('',#3888,.T.);
#3888 = EDGE_LOOP('',(#3889,#3890,#3891,#3917));
#3889 = ORIENTED_EDGE('',*,*,#3851,.F.);
#3890 = ORIENTED_EDGE('',*,*,#2163,.T.);
#3891 = ORIENTED_EDGE('',*,*,#3892,.T.);
#3892 = EDGE_CURVE('',#2154,#3817,#3893,.T.);
#3893 = B_SPLINE_CURVE_WITH_KNOTS('',8,(#3894,#3895,#3896,#3897,#3898,
    #3899,#3900,#3901,#3902,#3903,#3904,#3905,#3906,#3907,#3908,#3909,
    #3910,#3911,#3912,#3913,#3914,#3915,#3916),.UNSPECIFIED.,.F.,.F.,(9,
    7,7,9),(0.,0.417601128479,0.773153660831,1.),.UNSPECIFIED.);
#3894 = CARTESIAN_POINT('',(8.050268810573,-14.05778057983,
    8.601462015154));
#3895 = CARTESIAN_POINT('',(7.997623635491,-13.9935530649,8.732524908268
    ));
#3896 = CARTESIAN_POINT('',(7.94179728461,-13.93122824896,8.863453836106
    ));
#3897 = CARTESIAN_POINT('',(7.882722873922,-13.87085419668,
    8.994215107705));
#3898 = CARTESIAN_POINT('',(7.82029778284,-13.81250196682,9.124761373593
    ));
#3899 = CARTESIAN_POINT('',(7.75438650149,-13.75626388118,9.255031964412
    ));
#3900 = CARTESIAN_POINT('',(7.684808777694,-13.70225908351,
    9.384951158406));
#3901 = CARTESIAN_POINT('',(7.611313063663,-13.65064638857,
    9.514424377757));
#3902 = CARTESIAN_POINT('',(7.467313951359,-13.55992333276,
    9.753086670182));
#3903 = CARTESIAN_POINT('',(7.398016753872,-13.52011225975,
    9.862384955403));
#3904 = CARTESIAN_POINT('',(7.325394653249,-13.48233161044,9.97119164821
    ));
#3905 = CARTESIAN_POINT('',(7.249166037737,-13.44674546504,
    10.079422670208));
#3906 = CARTESIAN_POINT('',(7.1689646637,-13.41359058939,10.186930598091
    ));
#3907 = CARTESIAN_POINT('',(7.084344721657,-13.38317225496,
    10.293506084493));
#3908 = CARTESIAN_POINT('',(6.994707724249,-13.35590323754,
    10.398860728754));
#3909 = CARTESIAN_POINT('',(6.837963544792,-13.31750683869,
    10.568715744756));
#3910 = CARTESIAN_POINT('',(6.774540803152,-13.30413321273,
    10.634096591793));
#3911 = CARTESIAN_POINT('',(6.708414889365,-13.29249015208,
    10.698672875375));
#3912 = CARTESIAN_POINT('',(6.639229457874,-13.28280578646,
    10.762303199735));
#3913 = CARTESIAN_POINT('',(6.566617632632,-13.27537584584,
    10.824739191526));
#3914 = CARTESIAN_POINT('',(6.490106873106,-13.270629467,10.885577979204
    ));
#3915 = CARTESIAN_POINT('',(6.409168071061,-13.26909286634,
    10.944286652968));
#3916 = CARTESIAN_POINT('',(6.322763075272,-13.27169457548,11.));
#3917 = ORIENTED_EDGE('',*,*,#3918,.F.);
#3918 = EDGE_CURVE('',#3826,#3817,#3919,.T.);
#3919 = CIRCLE('',#3920,14.700857451556);
#3920 = AXIS2_PLACEMENT_3D('',#3921,#3922,#3923);
#3921 = CARTESIAN_POINT('',(0.,0.,11.));
#3922 = DIRECTION('',(-0.,0.,1.));
#3923 = DIRECTION('',(0.263170936716,-0.964749220299,0.));
#3924 = CONICAL_SURFACE('',#3925,14.700857451556,0.558505360638);
#3925 = AXIS2_PLACEMENT_3D('',#3926,#3927,#3928);
#3926 = CARTESIAN_POINT('',(0.,0.,11.));
#3927 = DIRECTION('',(0.,-0.,-1.));
#3928 = DIRECTION('',(0.263170936716,-0.964749220299,0.));
#3929 = ADVANCED_FACE('',(#3930),#3935,.F.);
#3930 = FACE_BOUND('',#3931,.F.);
#3931 = EDGE_LOOP('',(#3932,#3933,#3934));
#3932 = ORIENTED_EDGE('',*,*,#3892,.T.);
#3933 = ORIENTED_EDGE('',*,*,#3816,.F.);
#3934 = ORIENTED_EDGE('',*,*,#2153,.T.);
#3935 = CYLINDRICAL_SURFACE('',#3936,2.150000000001);
#3936 = AXIS2_PLACEMENT_3D('',#3937,#3938,#3939);
#3937 = CARTESIAN_POINT('',(6.387471609419,-15.42072058873,16.));
#3938 = DIRECTION('',(0.,0.,1.));
#3939 = DIRECTION('',(-0.923879532511,-0.382683432365,0.));
#3940 = ADVANCED_FACE('',(#3941),#3971,.F.);
#3941 = FACE_BOUND('',#3942,.F.);
#3942 = EDGE_LOOP('',(#3943,#3944,#3945,#3954,#3963,#3970));
#3943 = ORIENTED_EDGE('',*,*,#2878,.F.);
#3944 = ORIENTED_EDGE('',*,*,#2085,.F.);
#3945 = ORIENTED_EDGE('',*,*,#3946,.T.);
#3946 = EDGE_CURVE('',#2086,#3947,#3949,.T.);
#3947 = VERTEX_POINT('',#3948);
#3948 = CARTESIAN_POINT('',(10.92032902761,-9.841830304355,11.));
#3949 = CIRCLE('',#3950,2.150000000001);
#3950 = AXIS2_PLACEMENT_3D('',#3951,#3952,#3953);
#3951 = CARTESIAN_POINT('',(11.802508568878,-11.80250856887,11.));
#3952 = DIRECTION('',(0.,0.,1.));
#3953 = DIRECTION('',(-0.707106781187,-0.707106781187,0.));
#3954 = ORIENTED_EDGE('',*,*,#3955,.T.);
#3955 = EDGE_CURVE('',#3947,#3956,#3958,.T.);
#3956 = VERTEX_POINT('',#3957);
#3957 = CARTESIAN_POINT('',(9.841830304355,-10.92032902761,11.));
#3958 = CIRCLE('',#3959,2.150000000001);
#3959 = AXIS2_PLACEMENT_3D('',#3960,#3961,#3962);
#3960 = CARTESIAN_POINT('',(11.802508568878,-11.80250856887,11.));
#3961 = DIRECTION('',(0.,0.,1.));
#3962 = DIRECTION('',(-0.707106781187,-0.707106781187,0.));
#3963 = ORIENTED_EDGE('',*,*,#3964,.T.);
#3964 = EDGE_CURVE('',#3956,#2115,#3965,.T.);
#3965 = CIRCLE('',#3966,2.150000000001);
#3966 = AXIS2_PLACEMENT_3D('',#3967,#3968,#3969);
#3967 = CARTESIAN_POINT('',(11.802508568878,-11.80250856887,11.));
#3968 = DIRECTION('',(0.,0.,1.));
#3969 = DIRECTION('',(-0.707106781187,-0.707106781187,0.));
#3970 = ORIENTED_EDGE('',*,*,#2124,.F.);
#3971 = CYLINDRICAL_SURFACE('',#3972,2.150000000001);
#3972 = AXIS2_PLACEMENT_3D('',#3973,#3974,#3975);
#3973 = CARTESIAN_POINT('',(11.802508568878,-11.80250856887,16.));
#3974 = DIRECTION('',(0.,0.,1.));
#3975 = DIRECTION('',(-0.707106781187,-0.707106781187,0.));
#3976 = ADVANCED_FACE('',(#3977),#4011,.F.);
#3977 = FACE_BOUND('',#3978,.F.);
#3978 = EDGE_LOOP('',(#3979,#3980,#4010));
#3979 = ORIENTED_EDGE('',*,*,#3964,.F.);
#3980 = ORIENTED_EDGE('',*,*,#3981,.F.);
#3981 = EDGE_CURVE('',#2106,#3956,#3982,.T.);
#3982 = B_SPLINE_CURVE_WITH_KNOTS('',6,(#3983,#3984,#3985,#3986,#3987,
    #3988,#3989,#3990,#3991,#3992,#3993,#3994,#3995,#3996,#3997,#3998,
    #3999,#4000,#4001,#4002,#4003,#4004,#4005,#4006,#4007,#4008,#4009),
  .UNSPECIFIED.,.F.,.F.,(7,5,5,5,5,7),(0.,0.25089625162,0.486046381191,
    0.704094530378,0.88879929093,1.),.UNSPECIFIED.);
#3983 = CARTESIAN_POINT('',(9.906991250357,-12.81715830903,
    8.601462015154));
#3984 = CARTESIAN_POINT('',(9.875602624809,-12.75851966657,
    8.706429325019));
#3985 = CARTESIAN_POINT('',(9.846215996671,-12.69838961077,8.81131132564
    ));
#3986 = CARTESIAN_POINT('',(9.818877174145,-12.63674270375,
    8.916082700238));
#3987 = CARTESIAN_POINT('',(9.793647663745,-12.57354159896,
    9.020712930027));
#3988 = CARTESIAN_POINT('',(9.770612129049,-12.50873026923,
    9.125165101073));
#3989 = CARTESIAN_POINT('',(9.730460340688,-12.37989789746,
    9.327082923542));
#3990 = CARTESIAN_POINT('',(9.71306357001,-12.3160842537,9.424573293341)
  );
#3991 = CARTESIAN_POINT('',(9.697792285494,-12.25071599761,
    9.521830752459));
#3992 = CARTESIAN_POINT('',(9.684765637039,-12.18370957243,
    9.618808329231));
#3993 = CARTESIAN_POINT('',(9.67414373332,-12.11495204171,9.715443330178
    ));
#3994 = CARTESIAN_POINT('',(9.658730308235,-11.97875734896,
    9.900866546017));
#3995 = CARTESIAN_POINT('',(9.653572101819,-11.91159269664,
    9.989706935334));
#3996 = CARTESIAN_POINT('',(9.65084608208,-11.84265887427,
    10.078116833512));
#3997 = CARTESIAN_POINT('',(9.650783668756,-11.77179475928,
    10.166002508031));
#3998 = CARTESIAN_POINT('',(9.653677630947,-11.69880554226,
    10.253233149965));
#3999 = CARTESIAN_POINT('',(9.6653253372,-11.55948908832,10.412785899657
    ));
#4000 = CARTESIAN_POINT('',(9.673114501809,-11.4938680971,
    10.485326281093));
#4001 = CARTESIAN_POINT('',(9.683624335154,-11.42631149612,
    10.557142639043));
#4002 = CARTESIAN_POINT('',(9.697232091223,-11.35658153173,
    10.62804970336));
#4003 = CARTESIAN_POINT('',(9.714403902353,-11.28441654038,
    10.697775651282));
#4004 = CARTESIAN_POINT('',(9.748925715587,-11.16414454473,
    10.806863604402));
#4005 = CARTESIAN_POINT('',(9.763481167994,-11.11790786606,
    10.847252069448));
#4006 = CARTESIAN_POINT('',(9.779796947918,-11.07052119712,
    10.88694426199));
#4007 = CARTESIAN_POINT('',(9.798095165084,-11.02187577658,
    10.925790124449));
#4008 = CARTESIAN_POINT('',(9.818642989468,-10.97186373475,
    10.963578691286));
#4009 = CARTESIAN_POINT('',(9.841830304355,-10.92032902761,11.));
#4010 = ORIENTED_EDGE('',*,*,#2114,.F.);
#4011 = CYLINDRICAL_SURFACE('',#4012,2.150000000001);
#4012 = AXIS2_PLACEMENT_3D('',#4013,#4014,#4015);
#4013 = CARTESIAN_POINT('',(11.802508568878,-11.80250856887,16.));
#4014 = DIRECTION('',(0.,0.,1.));
#4015 = DIRECTION('',(-0.707106781187,-0.707106781187,0.));
#4016 = ADVANCED_FACE('',(#4017),#4054,.T.);
#4017 = FACE_BOUND('',#4018,.T.);
#4018 = EDGE_LOOP('',(#4019,#4020,#4021,#4047));
#4019 = ORIENTED_EDGE('',*,*,#3981,.F.);
#4020 = ORIENTED_EDGE('',*,*,#2105,.T.);
#4021 = ORIENTED_EDGE('',*,*,#4022,.T.);
#4022 = EDGE_CURVE('',#2096,#3947,#4023,.T.);
#4023 = B_SPLINE_CURVE_WITH_KNOTS('',8,(#4024,#4025,#4026,#4027,#4028,
    #4029,#4030,#4031,#4032,#4033,#4034,#4035,#4036,#4037,#4038,#4039,
    #4040,#4041,#4042,#4043,#4044,#4045,#4046),.UNSPECIFIED.,.F.,.F.,(9,
    7,7,9),(0.,0.417601128479,0.773153660831,1.),.UNSPECIFIED.);
#4024 = CARTESIAN_POINT('',(12.81715830903,-9.906991250357,
    8.601462015154));
#4025 = CARTESIAN_POINT('',(12.743941703419,-9.86779920018,
    8.732524908268));
#4026 = CARTESIAN_POINT('',(12.668514205981,-9.831582397943,
    8.863453836106));
#4027 = CARTESIAN_POINT('',(12.590832417498,-9.798410844991,
    8.994215107705));
#4028 = CARTESIAN_POINT('',(12.510828721924,-9.768389462268,
    9.124761373593));
#4029 = CARTESIAN_POINT('',(12.428413254478,-9.741655401371,
    9.255031964412));
#4030 = CARTESIAN_POINT('',(12.34346507821,-9.718387716308,
    9.384951158406));
#4031 = CARTESIAN_POINT('',(12.255812569036,-9.698829395946,
    9.514424377757));
#4032 = CARTESIAN_POINT('',(12.088056526087,-9.670118296111,
    9.753086670182));
#4033 = CARTESIAN_POINT('',(12.008799225603,-9.659856549977,
    9.862384955403));
#4034 = CARTESIAN_POINT('',(11.927247124672,-9.652743056081,
    9.97119164821));
#4035 = CARTESIAN_POINT('',(11.843202838744,-9.649037172937,
    10.079422670208));
#4036 = CARTESIAN_POINT('',(11.756418609177,-9.649097799015,
    10.186930598091));
#4037 = CARTESIAN_POINT('',(11.666599384056,-9.653377572294,
    10.293506084493));
#4038 = CARTESIAN_POINT('',(11.573350195611,-9.662486879061,
    10.398860728754));
#4039 = CARTESIAN_POINT('',(11.413843790668,-9.686996632638,
    10.568715744756));
#4040 = CARTESIAN_POINT('',(11.350130952686,-9.698911845801,
    10.634096591793));
#4041 = CARTESIAN_POINT('',(11.284582967957,-9.713460352026,
    10.698672875375));
#4042 = CARTESIAN_POINT('',(11.216957917579,-9.730989283239,
    10.762303199735));
#4043 = CARTESIAN_POINT('',(11.147030023242,-9.751912255688,
    10.824739191526));
#4044 = CARTESIAN_POINT('',(11.074526937952,-9.776806573491,
    10.885577979204));
#4045 = CARTESIAN_POINT('',(10.999161203742,-9.806360878169,
    10.944286652968));
#4046 = CARTESIAN_POINT('',(10.92032902761,-9.841830304355,11.));
#4047 = ORIENTED_EDGE('',*,*,#4048,.F.);
#4048 = EDGE_CURVE('',#3956,#3947,#4049,.T.);
#4049 = CIRCLE('',#4050,14.700857451556);
#4050 = AXIS2_PLACEMENT_3D('',#4051,#4052,#4053);
#4051 = CARTESIAN_POINT('',(0.,0.,11.));
#4052 = DIRECTION('',(-0.,0.,1.));
#4053 = DIRECTION('',(0.61233178498,-0.790600901279,0.));
#4054 = CONICAL_SURFACE('',#4055,14.700857451556,0.558505360638);
#4055 = AXIS2_PLACEMENT_3D('',#4056,#4057,#4058);
#4056 = CARTESIAN_POINT('',(0.,0.,11.));
#4057 = DIRECTION('',(0.,0.,-1.));
#4058 = DIRECTION('',(0.61233178498,-0.790600901279,0.));
#4059 = ADVANCED_FACE('',(#4060),#4065,.F.);
#4060 = FACE_BOUND('',#4061,.F.);
#4061 = EDGE_LOOP('',(#4062,#4063,#4064));
#4062 = ORIENTED_EDGE('',*,*,#4022,.T.);
#4063 = ORIENTED_EDGE('',*,*,#3946,.F.);
#4064 = ORIENTED_EDGE('',*,*,#2095,.T.);
#4065 = CYLINDRICAL_SURFACE('',#4066,2.150000000001);
#4066 = AXIS2_PLACEMENT_3D('',#4067,#4068,#4069);
#4067 = CARTESIAN_POINT('',(11.802508568878,-11.80250856887,16.));
#4068 = DIRECTION('',(0.,0.,1.));
#4069 = DIRECTION('',(-0.707106781187,-0.707106781187,0.));
#4070 = ADVANCED_FACE('',(#4071),#4145,.F.);
#4071 = FACE_BOUND('',#4072,.F.);
#4072 = EDGE_LOOP('',(#4073,#4074,#4075,#4076,#4077,#4078,#4106,#4115));
#4073 = ORIENTED_EDGE('',*,*,#2056,.F.);
#4074 = ORIENTED_EDGE('',*,*,#2066,.F.);
#4075 = ORIENTED_EDGE('',*,*,#2886,.F.);
#4076 = ORIENTED_EDGE('',*,*,#2027,.F.);
#4077 = ORIENTED_EDGE('',*,*,#2037,.T.);
#4078 = ORIENTED_EDGE('',*,*,#4079,.T.);
#4079 = EDGE_CURVE('',#2038,#4080,#4082,.T.);
#4080 = VERTEX_POINT('',#4081);
#4081 = CARTESIAN_POINT('',(13.855373878523,-4.913636585801,11.));
#4082 = B_SPLINE_CURVE_WITH_KNOTS('',8,(#4083,#4084,#4085,#4086,#4087,
    #4088,#4089,#4090,#4091,#4092,#4093,#4094,#4095,#4096,#4097,#4098,
    #4099,#4100,#4101,#4102,#4103,#4104,#4105),.UNSPECIFIED.,.F.,.F.,(9,
    7,7,9),(0.,0.417601128479,0.773153660831,1.),.UNSPECIFIED.);
#4083 = CARTESIAN_POINT('',(15.632751642767,-4.247952310106,
    8.601462015154));
#4084 = CARTESIAN_POINT('',(15.55011017112,-4.239762359052,
    8.732524908268));
#4085 = CARTESIAN_POINT('',(15.46656467986,-4.235167250347,
    8.863453836106));
#4086 = CARTESIAN_POINT('',(15.382101861691,-4.234248264962,
    8.994215107705));
#4087 = CARTESIAN_POINT('',(15.29669939904,-4.23712821275,9.124761373593
    ));
#4088 = CARTESIAN_POINT('',(15.210326753319,-4.243968195029,
    9.255031964412));
#4089 = CARTESIAN_POINT('',(15.122940714357,-4.254979916698,
    9.384951158406));
#4090 = CARTESIAN_POINT('',(15.034475709991,-4.270453547891,
    9.514424377757));
#4091 = CARTESIAN_POINT('',(14.868502073224,-4.308125408714,
    9.753086670182));
#4092 = CARTESIAN_POINT('',(14.791350875272,-4.328975247282,
    9.862384955403));
#4093 = CARTESIAN_POINT('',(14.713284342128,-4.353611873767,
    9.97119164821));
#4094 = CARTESIAN_POINT('',(14.634219366453,-4.382350439991,
    10.079422670208));
#4095 = CARTESIAN_POINT('',(14.554064393607,-4.415617338029,
    10.186930598091));
#4096 = CARTESIAN_POINT('',(14.47272004822,-4.453943662327,
    10.293506084493));
#4097 = CARTESIAN_POINT('',(14.390055012372,-4.498044483904,
    10.398860728754));
#4098 = CARTESIAN_POINT('',(14.252069786166,-4.581729002108,
    10.568715744756));
#4099 = CARTESIAN_POINT('',(14.197766553868,-4.6171190712,
    10.634096591793));
#4100 = CARTESIAN_POINT('',(14.142775584676,-4.65564426611,
    10.698672875375));
#4101 = CARTESIAN_POINT('',(14.08700621631,-4.697717873277,
    10.762303199735));
#4102 = CARTESIAN_POINT('',(14.030408140891,-4.743808425905,
    10.824739191526));
#4103 = CARTESIAN_POINT('',(13.972950667332,-4.794553506134,
    10.885577979204));
#4104 = CARTESIAN_POINT('',(13.914631750798,-4.850699341175,
    10.944286652968));
#4105 = CARTESIAN_POINT('',(13.855373878523,-4.913636585801,11.));
#4106 = ORIENTED_EDGE('',*,*,#4107,.T.);
#4107 = EDGE_CURVE('',#4080,#4108,#4110,.T.);
#4108 = VERTEX_POINT('',#4109);
#4109 = CARTESIAN_POINT('',(13.271694575485,-6.322763075272,11.));
#4110 = CIRCLE('',#4111,2.150000000001);
#4111 = AXIS2_PLACEMENT_3D('',#4112,#4113,#4114);
#4112 = CARTESIAN_POINT('',(15.420720588732,-6.387471609419,11.));
#4113 = DIRECTION('',(0.,0.,1.));
#4114 = DIRECTION('',(-0.382683432365,-0.923879532511,0.));
#4115 = ORIENTED_EDGE('',*,*,#4116,.F.);
#4116 = EDGE_CURVE('',#2048,#4108,#4117,.T.);
#4117 = B_SPLINE_CURVE_WITH_KNOTS('',6,(#4118,#4119,#4120,#4121,#4122,
    #4123,#4124,#4125,#4126,#4127,#4128,#4129,#4130,#4131,#4132,#4133,
    #4134,#4135,#4136,#4137,#4138,#4139,#4140,#4141,#4142,#4143,#4144),
  .UNSPECIFIED.,.F.,.F.,(7,5,5,5,5,7),(0.,0.25089625162,0.486046381191,
    0.704094530378,0.88879929093,1.),.UNSPECIFIED.);
#4118 = CARTESIAN_POINT('',(14.057780579839,-8.050268810573,
    8.601462015154));
#4119 = CARTESIAN_POINT('',(14.006341234178,-8.008105675956,
    8.706429325019));
#4120 = CARTESIAN_POINT('',(13.956180753768,-7.963798523831,
    8.81131132564));
#4121 = CARTESIAN_POINT('',(13.907331725222,-7.917306322637,
    8.916082700238));
#4122 = CARTESIAN_POINT('',(13.859836681237,-7.868571031125,
    9.020712930027));
#4123 = CARTESIAN_POINT('',(13.813752400095,-7.817508487598,
    9.125165101073));
#4124 = CARTESIAN_POINT('',(13.727354970404,-7.713848320376,
    9.327082923542));
#4125 = CARTESIAN_POINT('',(13.686862025819,-7.661549656931,
    9.424573293341));
#4126 = CARTESIAN_POINT('',(13.647737850011,-7.60700133063,
    9.521830752459));
#4127 = CARTESIAN_POINT('',(13.610060547348,-7.550080548401,
    9.618808329231));
#4128 = CARTESIAN_POINT('',(13.573934820048,-7.490621699634,
    9.715443330178));
#4129 = CARTESIAN_POINT('',(13.507575219596,-7.370692672985,
    9.900866546017));
#4130 = CARTESIAN_POINT('',(13.477106858581,-7.310614585537,
    9.989706935334));
#4131 = CARTESIAN_POINT('',(13.448208512987,-7.247971240539,
    10.078116833512));
#4132 = CARTESIAN_POINT('',(13.421032327837,-7.182525219652,
    10.166002508031));
#4133 = CARTESIAN_POINT('',(13.39577423618,-7.113984504571,
    10.253233149965));
#4134 = CARTESIAN_POINT('',(13.353221214806,-6.980815500021,
    10.412785899657));
#4135 = CARTESIAN_POINT('',(13.33530539841,-6.917208825085,
    10.485326281093));
#4136 = CARTESIAN_POINT('',(13.319162426387,-6.850772725057,
    10.557142639043));
#4137 = CARTESIAN_POINT('',(13.305049851589,-6.781143175352,
    10.62804970336));
#4138 = CARTESIAN_POINT('',(13.293298189844,-6.707900049262,
    10.697775651282));
#4139 = CARTESIAN_POINT('',(13.279166086403,-6.583572288166,
    10.806863604402));
#4140 = CARTESIAN_POINT('',(13.274919560073,-6.535285036602,
    10.847252069448));
#4141 = CARTESIAN_POINT('',(13.271859282084,-6.485261684395,
    10.88694426199));
#4142 = CARTESIAN_POINT('',(13.270148833904,-6.433316751455,
    10.925790124449));
#4143 = CARTESIAN_POINT('',(13.269993768464,-6.379248337669,
    10.963578691286));
#4144 = CARTESIAN_POINT('',(13.271694575485,-6.322763075272,11.));
#4145 = CYLINDRICAL_SURFACE('',#4146,2.150000000001);
#4146 = AXIS2_PLACEMENT_3D('',#4147,#4148,#4149);
#4147 = CARTESIAN_POINT('',(15.420720588732,-6.387471609419,16.));
#4148 = DIRECTION('',(5.E-17,2.6E-16,1.));
#4149 = DIRECTION('',(-0.382683432365,-0.923879532511,2.593428500712E-16
    ));
#4150 = ADVANCED_FACE('',(#4151),#4163,.T.);
#4151 = FACE_BOUND('',#4152,.T.);
#4152 = EDGE_LOOP('',(#4153,#4154,#4155,#4156));
#4153 = ORIENTED_EDGE('',*,*,#4116,.F.);
#4154 = ORIENTED_EDGE('',*,*,#2047,.T.);
#4155 = ORIENTED_EDGE('',*,*,#4079,.T.);
#4156 = ORIENTED_EDGE('',*,*,#4157,.F.);
#4157 = EDGE_CURVE('',#4108,#4080,#4158,.T.);
#4158 = CIRCLE('',#4159,14.700857451556);
#4159 = AXIS2_PLACEMENT_3D('',#4160,#4161,#4162);
#4160 = CARTESIAN_POINT('',(0.,0.,11.));
#4161 = DIRECTION('',(-0.,0.,1.));
#4162 = DIRECTION('',(0.868270669781,-0.496090761855,0.));
#4163 = CONICAL_SURFACE('',#4164,14.700857451556,0.558505360638);
#4164 = AXIS2_PLACEMENT_3D('',#4165,#4166,#4167);
#4165 = CARTESIAN_POINT('',(0.,0.,11.));
#4166 = DIRECTION('',(0.,0.,-1.));
#4167 = DIRECTION('',(0.868270669781,-0.496090761855,0.));
#4168 = ADVANCED_FACE('',(#4169),#4243,.F.);
#4169 = FACE_BOUND('',#4170,.F.);
#4170 = EDGE_LOOP('',(#4171,#4172,#4173,#4174,#4175,#4176,#4204,#4213));
#4171 = ORIENTED_EDGE('',*,*,#1998,.F.);
#4172 = ORIENTED_EDGE('',*,*,#2008,.F.);
#4173 = ORIENTED_EDGE('',*,*,#2894,.F.);
#4174 = ORIENTED_EDGE('',*,*,#1953,.F.);
#4175 = ORIENTED_EDGE('',*,*,#1963,.T.);
#4176 = ORIENTED_EDGE('',*,*,#4177,.T.);
#4177 = EDGE_CURVE('',#1964,#4178,#4180,.T.);
#4178 = VERTEX_POINT('',#4179);
#4179 = CARTESIAN_POINT('',(14.681063655708,0.762613760714,11.));
#4180 = B_SPLINE_CURVE_WITH_KNOTS('',8,(#4181,#4182,#4183,#4184,#4185,
    #4186,#4187,#4188,#4189,#4190,#4191,#4192,#4193,#4194,#4195,#4196,
    #4197,#4198,#4199,#4200,#4201,#4202,#4203),.UNSPECIFIED.,.F.,.F.,(9,
    7,7,9),(0.,0.417601128479,0.773153660831,1.),.UNSPECIFIED.);
#4181 = CARTESIAN_POINT('',(16.06840025014,2.057798861574,8.601462015154
    ));
#4182 = CARTESIAN_POINT('',(15.988915327368,2.033739867699,
    8.732524908268));
#4183 = CARTESIAN_POINT('',(15.909970885987,2.006013719228,
    8.863453836106));
#4184 = CARTESIAN_POINT('',(15.831585736541,1.974540229852,
    8.994215107705));
#4185 = CARTESIAN_POINT('',(15.753786257577,1.939197397495,
    9.124761373593));
#4186 = CARTESIAN_POINT('',(15.676605885923,1.899824697338,
    9.255031964412));
#4187 = CARTESIAN_POINT('',(15.600085716543,1.85621000374,9.384951158406
    ));
#4188 = CARTESIAN_POINT('',(15.524276211961,1.808060141072,
    9.514424377757));
#4189 = CARTESIAN_POINT('',(15.385352963019,1.709740518906,
    9.753086670182));
#4190 = CARTESIAN_POINT('',(15.32205343811,1.660953294554,9.862384955403
    ));
#4191 = CARTESIAN_POINT('',(15.259357394749,1.608317250737,9.97119164821
    ));
#4192 = CARTESIAN_POINT('',(15.197308655148,1.551509421339,
    10.079422670208));
#4193 = CARTESIAN_POINT('',(15.135985807032,1.490100835001,
    10.186930598091));
#4194 = CARTESIAN_POINT('',(15.075500280577,1.423562795129,
    10.293506084493));
#4195 = CARTESIAN_POINT('',(15.016004399673,1.351184409053,
    10.398860728754));
#4196 = CARTESIAN_POINT('',(14.920547352055,1.221065335515,
    10.568715744756));
#4197 = CARTESIAN_POINT('',(14.883920900297,1.167588227703,
    10.634096591793));
#4198 = CARTESIAN_POINT('',(14.847858823209,1.1109514558,10.698672875375
    ));
#4199 = CARTESIAN_POINT('',(14.812435517636,1.050738497972,
    10.762303199735));
#4200 = CARTESIAN_POINT('',(14.777783805057,0.986497233991,
    10.824739191526));
#4201 = CARTESIAN_POINT('',(14.744119322724,0.917626869795,
    10.885577979204));
#4202 = CARTESIAN_POINT('',(14.711725750246,0.843437198814,
    10.944286652968));
#4203 = CARTESIAN_POINT('',(14.681063655708,0.762613760714,11.));
#4204 = ORIENTED_EDGE('',*,*,#4205,.T.);
#4205 = EDGE_CURVE('',#4178,#4206,#4208,.T.);
#4206 = VERTEX_POINT('',#4207);
#4207 = CARTESIAN_POINT('',(14.681063655708,-0.762613760714,11.));
#4208 = CIRCLE('',#4209,2.150000000001);
#4209 = AXIS2_PLACEMENT_3D('',#4210,#4211,#4212);
#4210 = CARTESIAN_POINT('',(16.691267688132,0.,11.));
#4211 = DIRECTION('',(-0.,0.,1.));
#4212 = DIRECTION('',(0.,-1.,0.));
#4213 = ORIENTED_EDGE('',*,*,#4214,.F.);
#4214 = EDGE_CURVE('',#1990,#4206,#4215,.T.);
#4215 = B_SPLINE_CURVE_WITH_KNOTS('',6,(#4216,#4217,#4218,#4219,#4220,
    #4221,#4222,#4223,#4224,#4225,#4226,#4227,#4228,#4229,#4230,#4231,
    #4232,#4233,#4234,#4235,#4236,#4237,#4238,#4239,#4240,#4241,#4242),
  .UNSPECIFIED.,.F.,.F.,(7,5,5,5,5,7),(0.,0.25089625162,0.486046381191,
    0.704094530378,0.88879929093,1.),.UNSPECIFIED.);
#4216 = CARTESIAN_POINT('',(16.06840025014,-2.057798861574,
    8.601462015154));
#4217 = CARTESIAN_POINT('',(16.004741358443,-2.038530189831,
    8.706429325019));
#4218 = CARTESIAN_POINT('',(15.941443504198,-2.016791303651,
    8.81131132564));
#4219 = CARTESIAN_POINT('',(15.87852109141,-1.992531824459,
    8.916082700238));
#4220 = CARTESIAN_POINT('',(15.815991203744,-1.965681852572,
    9.020712930027));
#4221 = CARTESIAN_POINT('',(15.753874090203,-1.936141904615,
    9.125165101073));
#4222 = CARTESIAN_POINT('',(15.634384244659,-1.873435262724,
    9.327082923542));
#4223 = CARTESIAN_POINT('',(15.57695980991,-1.84061357701,9.424573293341
    ));
#4224 = CARTESIAN_POINT('',(15.519939043916,-1.805189668693,
    9.521830752459));
#4225 = CARTESIAN_POINT('',(15.463347114829,-1.767020202523,
    9.618808329231));
#4226 = CARTESIAN_POINT('',(15.407217378449,-1.725912106441,
    9.715443330178));
#4227 = CARTESIAN_POINT('',(15.300014250247,-1.640506853037,
    9.900866546017));
#4228 = CARTESIAN_POINT('',(15.248874266402,-1.596661674664,
    9.989706935334));
#4229 = CARTESIAN_POINT('',(15.198203106106,-1.549845688453,
    10.078116833512));
#4230 = CARTESIAN_POINT('',(15.148050476966,-1.499781325083,
    10.166002508031));
#4231 = CARTESIAN_POINT('',(15.09848564695,-1.446123814487,
    10.253233149965));
#4232 = CARTESIAN_POINT('',(15.008210209711,-1.339376033095,
    10.412785899657));
#4233 = CARTESIAN_POINT('',(14.967316932948,-1.287467214102,
    10.485326281093));
#4234 = CARTESIAN_POINT('',(14.92697877671,-1.232265909009,
    10.557142639043));
#4235 = CARTESIAN_POINT('',(14.887294382628,-1.173337241742,
    10.62804970336));
#4236 = CARTESIAN_POINT('',(14.84840833198,-1.110166582903,
    10.697775651282));
#4237 = CARTESIAN_POINT('',(14.787773796504,-1.000710830954,
    10.806863604402));
#4238 = CARTESIAN_POINT('',(14.765371786576,-0.957724302825,
    10.847252069448));
#4239 = CARTESIAN_POINT('',(14.743401350258,-0.912679869258,
    10.88694426199));
#4240 = CARTESIAN_POINT('',(14.721942636962,-0.865343569077,
    10.925790124449));
#4241 = CARTESIAN_POINT('',(14.701108289005,-0.8154502092,
    10.963578691286));
#4242 = CARTESIAN_POINT('',(14.681063655708,-0.762613760714,11.));
#4243 = CYLINDRICAL_SURFACE('',#4244,2.150000000001);
#4244 = AXIS2_PLACEMENT_3D('',#4245,#4246,#4247);
#4245 = CARTESIAN_POINT('',(16.691267688132,-1.5E-16,16.));
#4246 = DIRECTION('',(0.,2.2E-16,1.));
#4247 = DIRECTION('',(-2.2E-16,-1.,2.2E-16));
#4248 = ADVANCED_FACE('',(#4249),#4262,.T.);
#4249 = FACE_BOUND('',#4250,.T.);
#4250 = EDGE_LOOP('',(#4251,#4252,#4253,#4254,#4255));
#4251 = ORIENTED_EDGE('',*,*,#4214,.F.);
#4252 = ORIENTED_EDGE('',*,*,#1989,.T.);
#4253 = ORIENTED_EDGE('',*,*,#1973,.T.);
#4254 = ORIENTED_EDGE('',*,*,#4177,.T.);
#4255 = ORIENTED_EDGE('',*,*,#4256,.F.);
#4256 = EDGE_CURVE('',#4206,#4178,#4257,.T.);
#4257 = CIRCLE('',#4258,14.700857451556);
#4258 = AXIS2_PLACEMENT_3D('',#4259,#4260,#4261);
#4259 = CARTESIAN_POINT('',(0.,0.,11.));
#4260 = DIRECTION('',(-0.,0.,1.));
#4261 = DIRECTION('',(0.992023216002,-0.126055301011,0.));
#4262 = CONICAL_SURFACE('',#4263,14.700857451556,0.558505360638);
#4263 = AXIS2_PLACEMENT_3D('',#4264,#4265,#4266);
#4264 = CARTESIAN_POINT('',(0.,0.,11.));
#4265 = DIRECTION('',(-0.,0.,-1.));
#4266 = DIRECTION('',(0.992023216002,-0.126055301011,0.));
#4267 = ADVANCED_FACE('',(#4268),#4342,.F.);
#4268 = FACE_BOUND('',#4269,.F.);
#4269 = EDGE_LOOP('',(#4270,#4271,#4272,#4273,#4274,#4275,#4303,#4312));
#4270 = ORIENTED_EDGE('',*,*,#1924,.F.);
#4271 = ORIENTED_EDGE('',*,*,#1934,.F.);
#4272 = ORIENTED_EDGE('',*,*,#2902,.F.);
#4273 = ORIENTED_EDGE('',*,*,#1895,.F.);
#4274 = ORIENTED_EDGE('',*,*,#1905,.T.);
#4275 = ORIENTED_EDGE('',*,*,#4276,.T.);
#4276 = EDGE_CURVE('',#1906,#4277,#4279,.T.);
#4277 = VERTEX_POINT('',#4278);
#4278 = CARTESIAN_POINT('',(13.271694575485,6.322763075272,11.));
#4279 = B_SPLINE_CURVE_WITH_KNOTS('',8,(#4280,#4281,#4282,#4283,#4284,
    #4285,#4286,#4287,#4288,#4289,#4290,#4291,#4292,#4293,#4294,#4295,
    #4296,#4297,#4298,#4299,#4300,#4301,#4302),.UNSPECIFIED.,.F.,.F.,(9,
    7,7,9),(0.,0.417601128479,0.773153660831,1.),.UNSPECIFIED.);
#4280 = CARTESIAN_POINT('',(14.057780579839,8.050268810573,
    8.601462015154));
#4281 = CARTESIAN_POINT('',(13.993553064902,7.997623635491,
    8.732524908268));
#4282 = CARTESIAN_POINT('',(13.931228248969,7.94179728461,8.863453836106
    ));
#4283 = CARTESIAN_POINT('',(13.870854196686,7.882722873922,
    8.994215107705));
#4284 = CARTESIAN_POINT('',(13.812501966826,7.82029778284,9.124761373593
    ));
#4285 = CARTESIAN_POINT('',(13.75626388118,7.75438650149,9.255031964412)
  );
#4286 = CARTESIAN_POINT('',(13.702259083514,7.684808777694,
    9.384951158406));
#4287 = CARTESIAN_POINT('',(13.650646388575,7.611313063663,
    9.514424377757));
#4288 = CARTESIAN_POINT('',(13.559923332767,7.467313951359,
    9.753086670182));
#4289 = CARTESIAN_POINT('',(13.520112259756,7.398016753872,
    9.862384955403));
#4290 = CARTESIAN_POINT('',(13.48233161044,7.325394653249,9.97119164821)
  );
#4291 = CARTESIAN_POINT('',(13.446745465044,7.249166037737,
    10.079422670208));
#4292 = CARTESIAN_POINT('',(13.41359058939,7.1689646637,10.186930598091)
  );
#4293 = CARTESIAN_POINT('',(13.383172254965,7.084344721657,
    10.293506084493));
#4294 = CARTESIAN_POINT('',(13.355903237543,6.994707724249,
    10.398860728754));
#4295 = CARTESIAN_POINT('',(13.317506838692,6.837963544792,
    10.568715744756));
#4296 = CARTESIAN_POINT('',(13.304133212734,6.774540803152,
    10.634096591793));
#4297 = CARTESIAN_POINT('',(13.292490152083,6.708414889365,
    10.698672875375));
#4298 = CARTESIAN_POINT('',(13.282805786465,6.639229457874,
    10.762303199735));
#4299 = CARTESIAN_POINT('',(13.275375845847,6.566617632632,
    10.824739191526));
#4300 = CARTESIAN_POINT('',(13.270629467005,6.490106873106,
    10.885577979204));
#4301 = CARTESIAN_POINT('',(13.269092866345,6.409168071061,
    10.944286652968));
#4302 = CARTESIAN_POINT('',(13.271694575485,6.322763075272,11.));
#4303 = ORIENTED_EDGE('',*,*,#4304,.T.);
#4304 = EDGE_CURVE('',#4277,#4305,#4307,.T.);
#4305 = VERTEX_POINT('',#4306);
#4306 = CARTESIAN_POINT('',(13.855373878523,4.913636585801,11.));
#4307 = CIRCLE('',#4308,2.150000000001);
#4308 = AXIS2_PLACEMENT_3D('',#4309,#4310,#4311);
#4309 = CARTESIAN_POINT('',(15.420720588732,6.387471609419,11.));
#4310 = DIRECTION('',(-0.,0.,1.));
#4311 = DIRECTION('',(0.382683432365,-0.923879532511,0.));
#4312 = ORIENTED_EDGE('',*,*,#4313,.F.);
#4313 = EDGE_CURVE('',#1916,#4305,#4314,.T.);
#4314 = B_SPLINE_CURVE_WITH_KNOTS('',6,(#4315,#4316,#4317,#4318,#4319,
    #4320,#4321,#4322,#4323,#4324,#4325,#4326,#4327,#4328,#4329,#4330,
    #4331,#4332,#4333,#4334,#4335,#4336,#4337,#4338,#4339,#4340,#4341),
  .UNSPECIFIED.,.F.,.F.,(7,5,5,5,5,7),(0.,0.25089625162,0.486046381191,
    0.704094530378,0.88879929093,1.),.UNSPECIFIED.);
#4315 = CARTESIAN_POINT('',(15.632751642767,4.247952310106,
    8.601462015154));
#4316 = CARTESIAN_POINT('',(15.566564694227,4.241393038373,
    8.706429325019));
#4317 = CARTESIAN_POINT('',(15.499765990659,4.23725411025,8.81131132564)
  );
#4318 = CARTESIAN_POINT('',(15.432349560583,4.235587581647,
    8.916082700238));
#4319 = CARTESIAN_POINT('',(15.364304437797,4.236464569085,
    9.020712930027));
#4320 = CARTESIAN_POINT('',(15.295611259303,4.239984732175,
    9.125165101073));
#4321 = CARTESIAN_POINT('',(15.16122024371,4.252191330945,9.327082923542
    ));
#4322 = CARTESIAN_POINT('',(15.095606668435,4.260539234808,
    9.424573293341));
#4323 = CARTESIAN_POINT('',(15.029370206983,4.271445756216,
    9.521830752459));
#4324 = CARTESIAN_POINT('',(14.962479259668,4.28505295111,9.618808329231
    ));
#4325 = CARTESIAN_POINT('',(14.894890757754,4.301551959526,
    9.715443330178));
#4326 = CARTESIAN_POINT('',(14.763164806273,4.339431264054,
    9.900866546017));
#4327 = CARTESIAN_POINT('',(14.699138798553,4.360368502404,
    9.989706935334));
#4328 = CARTESIAN_POINT('',(14.634409048374,4.384229820314,
    10.078116833512));
#4329 = CARTESIAN_POINT('',(14.568915258397,4.411290680678,
    10.166002508031));
#4330 = CARTESIAN_POINT('',(14.502589486085,4.441896117208,
    10.253233149965));
#4331 = CARTESIAN_POINT('',(14.378335249951,4.505971293396,
    10.412785899657));
#4332 = CARTESIAN_POINT('',(14.32069014351,4.538279609309,
    10.485326281093));
#4333 = CARTESIAN_POINT('',(14.262297921679,4.573842221168,
    10.557142639043));
#4334 = CARTESIAN_POINT('',(14.203083297572,4.613098650595,
    10.62804970336));
#4335 = CARTESIAN_POINT('',(14.142982906728,4.656579682019,
    10.697775651282));
#4336 = CARTESIAN_POINT('',(14.045076997592,4.734499778804,
    10.806863604402));
#4337 = CARTESIAN_POINT('',(14.007930007002,4.765641274265,
    10.847252069448));
#4338 = CARTESIAN_POINT('',(13.97039421212,4.79884918251,10.88694426199)
  );
#4339 = CARTESIAN_POINT('',(13.932454128284,4.834370327333,
    10.925790124449));
#4340 = CARTESIAN_POINT('',(13.894112338423,4.872492821546,
    10.963578691286));
#4341 = CARTESIAN_POINT('',(13.855373878523,4.913636585801,11.));
#4342 = CYLINDRICAL_SURFACE('',#4343,2.150000000001);
#4343 = AXIS2_PLACEMENT_3D('',#4344,#4345,#4346);
#4344 = CARTESIAN_POINT('',(15.420720588732,6.387471609419,16.));
#4345 = DIRECTION('',(-3.E-17,1.7E-16,1.));
#4346 = DIRECTION('',(0.382683432365,-0.923879532511,1.685400234979E-16)
  );
#4347 = ADVANCED_FACE('',(#4348),#4360,.T.);
#4348 = FACE_BOUND('',#4349,.T.);
#4349 = EDGE_LOOP('',(#4350,#4351,#4352,#4353));
#4350 = ORIENTED_EDGE('',*,*,#4313,.F.);
#4351 = ORIENTED_EDGE('',*,*,#1915,.T.);
#4352 = ORIENTED_EDGE('',*,*,#4276,.T.);
#4353 = ORIENTED_EDGE('',*,*,#4354,.F.);
#4354 = EDGE_CURVE('',#4305,#4277,#4355,.T.);
#4355 = CIRCLE('',#4356,14.700857451556);
#4356 = AXIS2_PLACEMENT_3D('',#4357,#4358,#4359);
#4357 = CARTESIAN_POINT('',(0.,0.,11.));
#4358 = DIRECTION('',(0.,-0.,1.));
#4359 = DIRECTION('',(0.964749220299,0.263170936716,0.));
#4360 = CONICAL_SURFACE('',#4361,14.700857451556,0.558505360638);
#4361 = AXIS2_PLACEMENT_3D('',#4362,#4363,#4364);
#4362 = CARTESIAN_POINT('',(0.,0.,11.));
#4363 = DIRECTION('',(0.,0.,-1.));
#4364 = DIRECTION('',(0.964749220299,0.263170936716,0.));
#4365 = ADVANCED_FACE('',(#4366),#4440,.F.);
#4366 = FACE_BOUND('',#4367,.F.);
#4367 = EDGE_LOOP('',(#4368,#4369,#4370,#4371,#4372,#4373,#4401,#4410));
#4368 = ORIENTED_EDGE('',*,*,#1866,.F.);
#4369 = ORIENTED_EDGE('',*,*,#1876,.F.);
#4370 = ORIENTED_EDGE('',*,*,#2910,.F.);
#4371 = ORIENTED_EDGE('',*,*,#1837,.F.);
#4372 = ORIENTED_EDGE('',*,*,#1847,.T.);
#4373 = ORIENTED_EDGE('',*,*,#4374,.T.);
#4374 = EDGE_CURVE('',#1848,#4375,#4377,.T.);
#4375 = VERTEX_POINT('',#4376);
#4376 = CARTESIAN_POINT('',(9.841830304355,10.92032902761,11.));
#4377 = B_SPLINE_CURVE_WITH_KNOTS('',8,(#4378,#4379,#4380,#4381,#4382,
    #4383,#4384,#4385,#4386,#4387,#4388,#4389,#4390,#4391,#4392,#4393,
    #4394,#4395,#4396,#4397,#4398,#4399,#4400),.UNSPECIFIED.,.F.,.F.,(9,
    7,7,9),(0.,0.417601128479,0.773153660831,1.),.UNSPECIFIED.);
#4378 = CARTESIAN_POINT('',(9.906991250357,12.81715830903,8.601462015154
    ));
#4379 = CARTESIAN_POINT('',(9.86779920018,12.743941703419,8.732524908268
    ));
#4380 = CARTESIAN_POINT('',(9.831582397943,12.668514205981,
    8.863453836106));
#4381 = CARTESIAN_POINT('',(9.798410844991,12.590832417498,
    8.994215107705));
#4382 = CARTESIAN_POINT('',(9.768389462268,12.510828721924,
    9.124761373593));
#4383 = CARTESIAN_POINT('',(9.741655401371,12.428413254478,
    9.255031964412));
#4384 = CARTESIAN_POINT('',(9.718387716308,12.34346507821,9.384951158406
    ));
#4385 = CARTESIAN_POINT('',(9.698829395946,12.255812569036,
    9.514424377757));
#4386 = CARTESIAN_POINT('',(9.670118296111,12.088056526087,
    9.753086670182));
#4387 = CARTESIAN_POINT('',(9.659856549977,12.008799225603,
    9.862384955403));
#4388 = CARTESIAN_POINT('',(9.652743056081,11.927247124672,9.97119164821
    ));
#4389 = CARTESIAN_POINT('',(9.649037172937,11.843202838744,
    10.079422670208));
#4390 = CARTESIAN_POINT('',(9.649097799015,11.756418609177,
    10.186930598091));
#4391 = CARTESIAN_POINT('',(9.653377572294,11.666599384056,
    10.293506084493));
#4392 = CARTESIAN_POINT('',(9.662486879061,11.573350195611,
    10.398860728754));
#4393 = CARTESIAN_POINT('',(9.686996632638,11.413843790668,
    10.568715744756));
#4394 = CARTESIAN_POINT('',(9.698911845801,11.350130952686,
    10.634096591793));
#4395 = CARTESIAN_POINT('',(9.713460352026,11.284582967957,
    10.698672875375));
#4396 = CARTESIAN_POINT('',(9.730989283239,11.216957917579,
    10.762303199735));
#4397 = CARTESIAN_POINT('',(9.751912255688,11.147030023242,
    10.824739191526));
#4398 = CARTESIAN_POINT('',(9.776806573491,11.074526937952,
    10.885577979204));
#4399 = CARTESIAN_POINT('',(9.806360878169,10.999161203742,
    10.944286652968));
#4400 = CARTESIAN_POINT('',(9.841830304355,10.92032902761,11.));
#4401 = ORIENTED_EDGE('',*,*,#4402,.T.);
#4402 = EDGE_CURVE('',#4375,#4403,#4405,.T.);
#4403 = VERTEX_POINT('',#4404);
#4404 = CARTESIAN_POINT('',(10.92032902761,9.841830304355,11.));
#4405 = CIRCLE('',#4406,2.150000000001);
#4406 = AXIS2_PLACEMENT_3D('',#4407,#4408,#4409);
#4407 = CARTESIAN_POINT('',(11.802508568878,11.802508568878,11.));
#4408 = DIRECTION('',(-0.,0.,1.));
#4409 = DIRECTION('',(0.707106781187,-0.707106781187,0.));
#4410 = ORIENTED_EDGE('',*,*,#4411,.F.);
#4411 = EDGE_CURVE('',#1858,#4403,#4412,.T.);
#4412 = B_SPLINE_CURVE_WITH_KNOTS('',6,(#4413,#4414,#4415,#4416,#4417,
    #4418,#4419,#4420,#4421,#4422,#4423,#4424,#4425,#4426,#4427,#4428,
    #4429,#4430,#4431,#4432,#4433,#4434,#4435,#4436,#4437,#4438,#4439),
  .UNSPECIFIED.,.F.,.F.,(7,5,5,5,5,7),(0.,0.25089625162,0.486046381191,
    0.704094530378,0.88879929093,1.),.UNSPECIFIED.);
#4413 = CARTESIAN_POINT('',(12.81715830903,9.906991250357,8.601462015154
    ));
#4414 = CARTESIAN_POINT('',(12.758519666575,9.875602624809,
    8.706429325019));
#4415 = CARTESIAN_POINT('',(12.69838961077,9.846215996671,8.81131132564)
  );
#4416 = CARTESIAN_POINT('',(12.636742703755,9.818877174145,
    8.916082700238));
#4417 = CARTESIAN_POINT('',(12.573541598963,9.793647663745,
    9.020712930027));
#4418 = CARTESIAN_POINT('',(12.508730269235,9.770612129049,
    9.125165101073));
#4419 = CARTESIAN_POINT('',(12.37989789746,9.730460340688,9.327082923542
    ));
#4420 = CARTESIAN_POINT('',(12.316084253705,9.71306357001,9.424573293341
    ));
#4421 = CARTESIAN_POINT('',(12.250715997616,9.697792285494,
    9.521830752459));
#4422 = CARTESIAN_POINT('',(12.183709572435,9.684765637039,
    9.618808329231));
#4423 = CARTESIAN_POINT('',(12.114952041712,9.67414373332,9.715443330178
    ));
#4424 = CARTESIAN_POINT('',(11.978757348966,9.658730308235,
    9.900866546017));
#4425 = CARTESIAN_POINT('',(11.911592696649,9.653572101819,
    9.989706935334));
#4426 = CARTESIAN_POINT('',(11.842658874276,9.65084608208,
    10.078116833512));
#4427 = CARTESIAN_POINT('',(11.771794759282,9.650783668756,
    10.166002508031));
#4428 = CARTESIAN_POINT('',(11.698805542265,9.653677630947,
    10.253233149965));
#4429 = CARTESIAN_POINT('',(11.55948908832,9.6653253372,10.412785899657)
  );
#4430 = CARTESIAN_POINT('',(11.493868097103,9.673114501809,
    10.485326281093));
#4431 = CARTESIAN_POINT('',(11.426311496125,9.683624335154,
    10.557142639043));
#4432 = CARTESIAN_POINT('',(11.356581531731,9.697232091223,
    10.62804970336));
#4433 = CARTESIAN_POINT('',(11.284416540387,9.714403902353,
    10.697775651282));
#4434 = CARTESIAN_POINT('',(11.164144544735,9.748925715587,
    10.806863604402));
#4435 = CARTESIAN_POINT('',(11.117907866063,9.763481167994,
    10.847252069448));
#4436 = CARTESIAN_POINT('',(11.070521197127,9.779796947918,
    10.88694426199));
#4437 = CARTESIAN_POINT('',(11.021875776586,9.798095165084,
    10.925790124449));
#4438 = CARTESIAN_POINT('',(10.971863734758,9.818642989468,
    10.963578691286));
#4439 = CARTESIAN_POINT('',(10.92032902761,9.841830304355,11.));
#4440 = CYLINDRICAL_SURFACE('',#4441,2.150000000001);
#4441 = AXIS2_PLACEMENT_3D('',#4442,#4443,#4444);
#4442 = CARTESIAN_POINT('',(11.802508568878,11.802508568878,16.));
#4443 = DIRECTION('',(-5.E-17,1.1E-16,1.));
#4444 = DIRECTION('',(0.707106781187,-0.707106781187,1.131370849898E-16)
  );
#4445 = ADVANCED_FACE('',(#4446),#4458,.T.);
#4446 = FACE_BOUND('',#4447,.T.);
#4447 = EDGE_LOOP('',(#4448,#4449,#4450,#4451));
#4448 = ORIENTED_EDGE('',*,*,#4411,.F.);
#4449 = ORIENTED_EDGE('',*,*,#1857,.T.);
#4450 = ORIENTED_EDGE('',*,*,#4374,.T.);
#4451 = ORIENTED_EDGE('',*,*,#4452,.F.);
#4452 = EDGE_CURVE('',#4403,#4375,#4453,.T.);
#4453 = CIRCLE('',#4454,14.700857451556);
#4454 = AXIS2_PLACEMENT_3D('',#4455,#4456,#4457);
#4455 = CARTESIAN_POINT('',(0.,0.,11.));
#4456 = DIRECTION('',(0.,-0.,1.));
#4457 = DIRECTION('',(0.790600901279,0.61233178498,0.));
#4458 = CONICAL_SURFACE('',#4459,14.700857451556,0.558505360638);
#4459 = AXIS2_PLACEMENT_3D('',#4460,#4461,#4462);
#4460 = CARTESIAN_POINT('',(0.,0.,11.));
#4461 = DIRECTION('',(-0.,0.,-1.));
#4462 = DIRECTION('',(0.790600901279,0.61233178498,0.));
#4463 = ADVANCED_FACE('',(#4464),#4538,.F.);
#4464 = FACE_BOUND('',#4465,.F.);
#4465 = EDGE_LOOP('',(#4466,#4467,#4468,#4469,#4470,#4471,#4499,#4508));
#4466 = ORIENTED_EDGE('',*,*,#1808,.F.);
#4467 = ORIENTED_EDGE('',*,*,#1818,.F.);
#4468 = ORIENTED_EDGE('',*,*,#2918,.F.);
#4469 = ORIENTED_EDGE('',*,*,#1779,.F.);
#4470 = ORIENTED_EDGE('',*,*,#1789,.T.);
#4471 = ORIENTED_EDGE('',*,*,#4472,.T.);
#4472 = EDGE_CURVE('',#1790,#4473,#4475,.T.);
#4473 = VERTEX_POINT('',#4474);
#4474 = CARTESIAN_POINT('',(4.913636585801,13.855373878523,11.));
#4475 = B_SPLINE_CURVE_WITH_KNOTS('',8,(#4476,#4477,#4478,#4479,#4480,
    #4481,#4482,#4483,#4484,#4485,#4486,#4487,#4488,#4489,#4490,#4491,
    #4492,#4493,#4494,#4495,#4496,#4497,#4498),.UNSPECIFIED.,.F.,.F.,(9,
    7,7,9),(0.,0.417601128479,0.773153660831,1.),.UNSPECIFIED.);
#4476 = CARTESIAN_POINT('',(4.247952310106,15.632751642767,
    8.601462015154));
#4477 = CARTESIAN_POINT('',(4.239762359052,15.55011017112,8.732524908268
    ));
#4478 = CARTESIAN_POINT('',(4.235167250347,15.46656467986,8.863453836106
    ));
#4479 = CARTESIAN_POINT('',(4.234248264962,15.382101861691,
    8.994215107705));
#4480 = CARTESIAN_POINT('',(4.23712821275,15.29669939904,9.124761373593)
  );
#4481 = CARTESIAN_POINT('',(4.243968195029,15.210326753319,
    9.255031964412));
#4482 = CARTESIAN_POINT('',(4.254979916698,15.122940714357,
    9.384951158406));
#4483 = CARTESIAN_POINT('',(4.270453547891,15.034475709991,
    9.514424377757));
#4484 = CARTESIAN_POINT('',(4.308125408714,14.868502073224,
    9.753086670182));
#4485 = CARTESIAN_POINT('',(4.328975247282,14.791350875272,
    9.862384955403));
#4486 = CARTESIAN_POINT('',(4.353611873767,14.713284342128,9.97119164821
    ));
#4487 = CARTESIAN_POINT('',(4.382350439991,14.634219366453,
    10.079422670208));
#4488 = CARTESIAN_POINT('',(4.415617338029,14.554064393607,
    10.186930598091));
#4489 = CARTESIAN_POINT('',(4.453943662327,14.47272004822,
    10.293506084493));
#4490 = CARTESIAN_POINT('',(4.498044483904,14.390055012372,
    10.398860728754));
#4491 = CARTESIAN_POINT('',(4.581729002108,14.252069786166,
    10.568715744756));
#4492 = CARTESIAN_POINT('',(4.6171190712,14.197766553868,10.634096591793
    ));
#4493 = CARTESIAN_POINT('',(4.65564426611,14.142775584676,
    10.698672875375));
#4494 = CARTESIAN_POINT('',(4.697717873277,14.08700621631,
    10.762303199735));
#4495 = CARTESIAN_POINT('',(4.743808425905,14.030408140891,
    10.824739191526));
#4496 = CARTESIAN_POINT('',(4.794553506134,13.972950667332,
    10.885577979204));
#4497 = CARTESIAN_POINT('',(4.850699341175,13.914631750798,
    10.944286652968));
#4498 = CARTESIAN_POINT('',(4.913636585801,13.855373878523,11.));
#4499 = ORIENTED_EDGE('',*,*,#4500,.T.);
#4500 = EDGE_CURVE('',#4473,#4501,#4503,.T.);
#4501 = VERTEX_POINT('',#4502);
#4502 = CARTESIAN_POINT('',(6.322763075272,13.271694575485,11.));
#4503 = CIRCLE('',#4504,2.150000000001);
#4504 = AXIS2_PLACEMENT_3D('',#4505,#4506,#4507);
#4505 = CARTESIAN_POINT('',(6.387471609419,15.420720588732,11.));
#4506 = DIRECTION('',(-0.,0.,1.));
#4507 = DIRECTION('',(0.923879532511,-0.382683432365,0.));
#4508 = ORIENTED_EDGE('',*,*,#4509,.F.);
#4509 = EDGE_CURVE('',#1800,#4501,#4510,.T.);
#4510 = B_SPLINE_CURVE_WITH_KNOTS('',6,(#4511,#4512,#4513,#4514,#4515,
    #4516,#4517,#4518,#4519,#4520,#4521,#4522,#4523,#4524,#4525,#4526,
    #4527,#4528,#4529,#4530,#4531,#4532,#4533,#4534,#4535,#4536,#4537),
  .UNSPECIFIED.,.F.,.F.,(7,5,5,5,5,7),(0.,0.25089625162,0.486046381191,
    0.704094530378,0.88879929093,1.),.UNSPECIFIED.);
#4511 = CARTESIAN_POINT('',(8.050268810573,14.057780579839,
    8.601462015154));
#4512 = CARTESIAN_POINT('',(8.008105675956,14.006341234178,
    8.706429325019));
#4513 = CARTESIAN_POINT('',(7.963798523831,13.956180753768,8.81131132564
    ));
#4514 = CARTESIAN_POINT('',(7.917306322637,13.907331725222,
    8.916082700238));
#4515 = CARTESIAN_POINT('',(7.868571031125,13.859836681237,
    9.020712930027));
#4516 = CARTESIAN_POINT('',(7.817508487598,13.813752400095,
    9.125165101073));
#4517 = CARTESIAN_POINT('',(7.713848320376,13.727354970404,
    9.327082923542));
#4518 = CARTESIAN_POINT('',(7.661549656931,13.686862025819,
    9.424573293341));
#4519 = CARTESIAN_POINT('',(7.60700133063,13.647737850011,9.521830752459
    ));
#4520 = CARTESIAN_POINT('',(7.550080548401,13.610060547348,
    9.618808329231));
#4521 = CARTESIAN_POINT('',(7.490621699634,13.573934820048,
    9.715443330178));
#4522 = CARTESIAN_POINT('',(7.370692672985,13.507575219596,
    9.900866546017));
#4523 = CARTESIAN_POINT('',(7.310614585537,13.477106858581,
    9.989706935334));
#4524 = CARTESIAN_POINT('',(7.247971240539,13.448208512987,
    10.078116833512));
#4525 = CARTESIAN_POINT('',(7.182525219652,13.421032327837,
    10.166002508031));
#4526 = CARTESIAN_POINT('',(7.113984504571,13.39577423618,
    10.253233149965));
#4527 = CARTESIAN_POINT('',(6.980815500021,13.353221214806,
    10.412785899657));
#4528 = CARTESIAN_POINT('',(6.917208825085,13.33530539841,
    10.485326281093));
#4529 = CARTESIAN_POINT('',(6.850772725057,13.319162426387,
    10.557142639043));
#4530 = CARTESIAN_POINT('',(6.781143175352,13.305049851589,
    10.62804970336));
#4531 = CARTESIAN_POINT('',(6.707900049262,13.293298189844,
    10.697775651282));
#4532 = CARTESIAN_POINT('',(6.583572288166,13.279166086403,
    10.806863604402));
#4533 = CARTESIAN_POINT('',(6.535285036602,13.274919560073,
    10.847252069448));
#4534 = CARTESIAN_POINT('',(6.485261684395,13.271859282084,
    10.88694426199));
#4535 = CARTESIAN_POINT('',(6.433316751455,13.270148833904,
    10.925790124449));
#4536 = CARTESIAN_POINT('',(6.379248337669,13.269993768464,
    10.963578691286));
#4537 = CARTESIAN_POINT('',(6.322763075272,13.271694575485,11.));
#4538 = CYLINDRICAL_SURFACE('',#4539,2.150000000001);
#4539 = AXIS2_PLACEMENT_3D('',#4540,#4541,#4542);
#4540 = CARTESIAN_POINT('',(6.387471609419,15.420720588732,16.));
#4541 = DIRECTION('',(-3.E-17,5.E-17,1.));
#4542 = DIRECTION('',(0.923879532511,-0.382683432365,4.685055759359E-17)
  );
#4543 = ADVANCED_FACE('',(#4544),#4556,.T.);
#4544 = FACE_BOUND('',#4545,.T.);
#4545 = EDGE_LOOP('',(#4546,#4547,#4548,#4549));
#4546 = ORIENTED_EDGE('',*,*,#4509,.F.);
#4547 = ORIENTED_EDGE('',*,*,#1799,.T.);
#4548 = ORIENTED_EDGE('',*,*,#4472,.T.);
#4549 = ORIENTED_EDGE('',*,*,#4550,.F.);
#4550 = EDGE_CURVE('',#4501,#4473,#4551,.T.);
#4551 = CIRCLE('',#4552,14.700857451556);
#4552 = AXIS2_PLACEMENT_3D('',#4553,#4554,#4555);
#4553 = CARTESIAN_POINT('',(0.,0.,11.));
#4554 = DIRECTION('',(0.,-0.,1.));
#4555 = DIRECTION('',(0.496090761855,0.868270669781,0.));
#4556 = CONICAL_SURFACE('',#4557,14.700857451556,0.558505360638);
#4557 = AXIS2_PLACEMENT_3D('',#4558,#4559,#4560);
#4558 = CARTESIAN_POINT('',(0.,0.,11.));
#4559 = DIRECTION('',(0.,-0.,-1.));
#4560 = DIRECTION('',(0.496090761855,0.868270669781,0.));
#4561 = ADVANCED_FACE('',(#4562),#4566,.T.);
#4562 = FACE_BOUND('',#4563,.T.);
#4563 = EDGE_LOOP('',(#4564,#4565));
#4564 = ORIENTED_EDGE('',*,*,#2700,.T.);
#4565 = ORIENTED_EDGE('',*,*,#2789,.T.);
#4566 = PLANE('',#4567);
#4567 = AXIS2_PLACEMENT_3D('',#4568,#4569,#4570);
#4568 = CARTESIAN_POINT('',(-8.E-17,16.691267688132,11.));
#4569 = DIRECTION('',(0.,0.,1.));
#4570 = DIRECTION('',(1.,0.,0.));
#4571 = ADVANCED_FACE('',(#4572),#4576,.T.);
#4572 = FACE_BOUND('',#4573,.T.);
#4573 = EDGE_LOOP('',(#4574,#4575));
#4574 = ORIENTED_EDGE('',*,*,#2967,.T.);
#4575 = ORIENTED_EDGE('',*,*,#3017,.T.);
#4576 = PLANE('',#4577);
#4577 = AXIS2_PLACEMENT_3D('',#4578,#4579,#4580);
#4578 = CARTESIAN_POINT('',(-6.387471609419,15.420720588732,11.));
#4579 = DIRECTION('',(0.,0.,1.));
#4580 = DIRECTION('',(0.923879532511,0.382683432365,0.));
#4581 = ADVANCED_FACE('',(#4582),#4586,.T.);
#4582 = FACE_BOUND('',#4583,.T.);
#4583 = EDGE_LOOP('',(#4584,#4585));
#4584 = ORIENTED_EDGE('',*,*,#3065,.T.);
#4585 = ORIENTED_EDGE('',*,*,#3115,.T.);
#4586 = PLANE('',#4587);
#4587 = AXIS2_PLACEMENT_3D('',#4588,#4589,#4590);
#4588 = CARTESIAN_POINT('',(-11.80250856887,11.802508568878,11.));
#4589 = DIRECTION('',(0.,0.,1.));
#4590 = DIRECTION('',(0.707106781187,0.707106781187,0.));
#4591 = ADVANCED_FACE('',(#4592),#4596,.T.);
#4592 = FACE_BOUND('',#4593,.T.);
#4593 = EDGE_LOOP('',(#4594,#4595));
#4594 = ORIENTED_EDGE('',*,*,#3163,.T.);
#4595 = ORIENTED_EDGE('',*,*,#3213,.T.);
#4596 = PLANE('',#4597);
#4597 = AXIS2_PLACEMENT_3D('',#4598,#4599,#4600);
#4598 = CARTESIAN_POINT('',(-15.42072058873,6.387471609419,11.));
#4599 = DIRECTION('',(0.,0.,1.));
#4600 = DIRECTION('',(0.382683432365,0.923879532511,0.));
#4601 = ADVANCED_FACE('',(#4602),#4606,.T.);
#4602 = FACE_BOUND('',#4603,.T.);
#4603 = EDGE_LOOP('',(#4604,#4605));
#4604 = ORIENTED_EDGE('',*,*,#3261,.T.);
#4605 = ORIENTED_EDGE('',*,*,#3311,.T.);
#4606 = PLANE('',#4607);
#4607 = AXIS2_PLACEMENT_3D('',#4608,#4609,#4610);
#4608 = CARTESIAN_POINT('',(-16.69126768813,-8.E-17,11.));
#4609 = DIRECTION('',(0.,0.,1.));
#4610 = DIRECTION('',(0.,1.,0.));
#4611 = ADVANCED_FACE('',(#4612),#4616,.T.);
#4612 = FACE_BOUND('',#4613,.T.);
#4613 = EDGE_LOOP('',(#4614,#4615));
#4614 = ORIENTED_EDGE('',*,*,#3359,.T.);
#4615 = ORIENTED_EDGE('',*,*,#3409,.T.);
#4616 = PLANE('',#4617);
#4617 = AXIS2_PLACEMENT_3D('',#4618,#4619,#4620);
#4618 = CARTESIAN_POINT('',(-15.42072058873,-6.387471609419,11.));
#4619 = DIRECTION('',(0.,0.,1.));
#4620 = DIRECTION('',(-0.382683432365,0.923879532511,0.));
#4621 = ADVANCED_FACE('',(#4622),#4626,.T.);
#4622 = FACE_BOUND('',#4623,.T.);
#4623 = EDGE_LOOP('',(#4624,#4625));
#4624 = ORIENTED_EDGE('',*,*,#3435,.T.);
#4625 = ORIENTED_EDGE('',*,*,#3528,.T.);
#4626 = PLANE('',#4627);
#4627 = AXIS2_PLACEMENT_3D('',#4628,#4629,#4630);
#4628 = CARTESIAN_POINT('',(-11.80250856887,-11.80250856887,11.));
#4629 = DIRECTION('',(0.,0.,1.));
#4630 = DIRECTION('',(-0.707106781187,0.707106781187,0.));
#4631 = ADVANCED_FACE('',(#4632),#4636,.T.);
#4632 = FACE_BOUND('',#4633,.T.);
#4633 = EDGE_LOOP('',(#4634,#4635));
#4634 = ORIENTED_EDGE('',*,*,#3565,.T.);
#4635 = ORIENTED_EDGE('',*,*,#3658,.T.);
#4636 = PLANE('',#4637);
#4637 = AXIS2_PLACEMENT_3D('',#4638,#4639,#4640);
#4638 = CARTESIAN_POINT('',(-6.387471609419,-15.42072058873,11.));
#4639 = DIRECTION('',(0.,0.,1.));
#4640 = DIRECTION('',(-0.923879532511,0.382683432365,0.));
#4641 = ADVANCED_FACE('',(#4642),#4646,.T.);
#4642 = FACE_BOUND('',#4643,.T.);
#4643 = EDGE_LOOP('',(#4644,#4645));
#4644 = ORIENTED_EDGE('',*,*,#3695,.T.);
#4645 = ORIENTED_EDGE('',*,*,#3788,.T.);
#4646 = PLANE('',#4647);
#4647 = AXIS2_PLACEMENT_3D('',#4648,#4649,#4650);
#4648 = CARTESIAN_POINT('',(8.E-17,-16.69126768813,11.));
#4649 = DIRECTION('',(0.,0.,1.));
#4650 = DIRECTION('',(-1.,0.,0.));
#4651 = ADVANCED_FACE('',(#4652),#4656,.T.);
#4652 = FACE_BOUND('',#4653,.T.);
#4653 = EDGE_LOOP('',(#4654,#4655));
#4654 = ORIENTED_EDGE('',*,*,#3825,.T.);
#4655 = ORIENTED_EDGE('',*,*,#3918,.T.);
#4656 = PLANE('',#4657);
#4657 = AXIS2_PLACEMENT_3D('',#4658,#4659,#4660);
#4658 = CARTESIAN_POINT('',(6.387471609419,-15.42072058873,11.));
#4659 = DIRECTION('',(0.,0.,1.));
#4660 = DIRECTION('',(-0.923879532511,-0.382683432365,0.));
#4661 = ADVANCED_FACE('',(#4662),#4666,.T.);
#4662 = FACE_BOUND('',#4663,.T.);
#4663 = EDGE_LOOP('',(#4664,#4665));
#4664 = ORIENTED_EDGE('',*,*,#3955,.T.);
#4665 = ORIENTED_EDGE('',*,*,#4048,.T.);
#4666 = PLANE('',#4667);
#4667 = AXIS2_PLACEMENT_3D('',#4668,#4669,#4670);
#4668 = CARTESIAN_POINT('',(11.802508568878,-11.80250856887,11.));
#4669 = DIRECTION('',(0.,0.,1.));
#4670 = DIRECTION('',(-0.707106781187,-0.707106781187,0.));
#4671 = ADVANCED_FACE('',(#4672),#4676,.T.);
#4672 = FACE_BOUND('',#4673,.T.);
#4673 = EDGE_LOOP('',(#4674,#4675));
#4674 = ORIENTED_EDGE('',*,*,#4107,.T.);
#4675 = ORIENTED_EDGE('',*,*,#4157,.T.);
#4676 = PLANE('',#4677);
#4677 = AXIS2_PLACEMENT_3D('',#4678,#4679,#4680);
#4678 = CARTESIAN_POINT('',(15.420720588732,-6.387471609419,11.));
#4679 = DIRECTION('',(0.,0.,1.));
#4680 = DIRECTION('',(-0.382683432365,-0.923879532511,0.));
#4681 = ADVANCED_FACE('',(#4682),#4686,.T.);
#4682 = FACE_BOUND('',#4683,.T.);
#4683 = EDGE_LOOP('',(#4684,#4685));
#4684 = ORIENTED_EDGE('',*,*,#4256,.T.);
#4685 = ORIENTED_EDGE('',*,*,#4205,.T.);
#4686 = PLANE('',#4687);
#4687 = AXIS2_PLACEMENT_3D('',#4688,#4689,#4690);
#4688 = CARTESIAN_POINT('',(16.691267688132,8.E-17,11.));
#4689 = DIRECTION('',(0.,0.,1.));
#4690 = DIRECTION('',(0.,-1.,0.));
#4691 = ADVANCED_FACE('',(#4692),#4696,.T.);
#4692 = FACE_BOUND('',#4693,.T.);
#4693 = EDGE_LOOP('',(#4694,#4695));
#4694 = ORIENTED_EDGE('',*,*,#4304,.T.);
#4695 = ORIENTED_EDGE('',*,*,#4354,.T.);
#4696 = PLANE('',#4697);
#4697 = AXIS2_PLACEMENT_3D('',#4698,#4699,#4700);
#4698 = CARTESIAN_POINT('',(15.420720588732,6.387471609419,11.));
#4699 = DIRECTION('',(0.,0.,1.));
#4700 = DIRECTION('',(0.382683432365,-0.923879532511,0.));
#4701 = ADVANCED_FACE('',(#4702),#4706,.T.);
#4702 = FACE_BOUND('',#4703,.T.);
#4703 = EDGE_LOOP('',(#4704,#4705));
#4704 = ORIENTED_EDGE('',*,*,#4402,.T.);
#4705 = ORIENTED_EDGE('',*,*,#4452,.T.);
#4706 = PLANE('',#4707);
#4707 = AXIS2_PLACEMENT_3D('',#4708,#4709,#4710);
#4708 = CARTESIAN_POINT('',(11.802508568878,11.802508568878,11.));
#4709 = DIRECTION('',(0.,0.,1.));
#4710 = DIRECTION('',(0.707106781187,-0.707106781187,0.));
#4711 = ADVANCED_FACE('',(#4712),#4716,.T.);
#4712 = FACE_BOUND('',#4713,.T.);
#4713 = EDGE_LOOP('',(#4714,#4715));
#4714 = ORIENTED_EDGE('',*,*,#4500,.T.);
#4715 = ORIENTED_EDGE('',*,*,#4550,.T.);
#4716 = PLANE('',#4717);
#4717 = AXIS2_PLACEMENT_3D('',#4718,#4719,#4720);
#4718 = CARTESIAN_POINT('',(6.387471609419,15.420720588732,11.));
#4719 = DIRECTION('',(0.,0.,1.));
#4720 = DIRECTION('',(0.923879532511,-0.382683432365,0.));
#4721 = ( GEOMETRIC_REPRESENTATION_CONTEXT(3) 
GLOBAL_UNCERTAINTY_ASSIGNED_CONTEXT((#4725)) 
GLOBAL_UNIT_ASSIGNED_CONTEXT((#4722,#4723,#4724)) REPRESENTATION_CONTEXT
('Context #1','3D Context with UNIT and UNCERTAINTY') );
#4722 = ( LENGTH_UNIT() NAMED_UNIT(*) SI_UNIT(.MILLI.,.METRE.) );
#4723 = ( NAMED_UNIT(*) PLANE_ANGLE_UNIT() SI_UNIT($,.RADIAN.) );
#4724 = ( NAMED_UNIT(*) SI_UNIT($,.STERADIAN.) SOLID_ANGLE_UNIT() );
#4725 = UNCERTAINTY_MEASURE_WITH_UNIT(LENGTH_MEASURE(2.E-07),#4722,
  'distance_accuracy_value','confusion accuracy');
#4726 = CONTEXT_DEPENDENT_SHAPE_REPRESENTATION(#4727,#4729);
#4727 = ( REPRESENTATION_RELATIONSHIP('','',#40,#10) 
REPRESENTATION_RELATIONSHIP_WITH_TRANSFORMATION(#4728) 
SHAPE_REPRESENTATION_RELATIONSHIP() );
#4728 = ITEM_DEFINED_TRANSFORMATION('','',#11,#15);
#4729 = PRODUCT_DEFINITION_SHAPE('Placement','Placement of an item',
  #4730);
#4730 = NEXT_ASSEMBLY_USAGE_OCCURRENCE('15','Knob','',#5,#35,$);
#4731 = PRODUCT_RELATED_PRODUCT_CATEGORY('part',$,(#37));
#4732 = SHAPE_DEFINITION_REPRESENTATION(#4733,#4739);
#4733 = PRODUCT_DEFINITION_SHAPE('','',#4734);
#4734 = PRODUCT_DEFINITION('design','',#4735,#4738);
#4735 = PRODUCT_DEFINITION_FORMATION('','',#4736);
#4736 = PRODUCT('Modifier Dot','Modifier Dot','',(#4737));
#4737 = PRODUCT_CONTEXT('',#2,'mechanical');
#4738 = PRODUCT_DEFINITION_CONTEXT('part definition',#2,'design');
#4739 = ADVANCED_BREP_SHAPE_REPRESENTATION('',(#11,#4740),#4793);
#4740 = MANIFOLD_SOLID_BREP('',#4741);
#4741 = CLOSED_SHELL('',(#4742,#4775,#4784));
#4742 = ADVANCED_FACE('',(#4743),#4770,.T.);
#4743 = FACE_BOUND('',#4744,.T.);
#4744 = EDGE_LOOP('',(#4745,#4755,#4762,#4763));
#4745 = ORIENTED_EDGE('',*,*,#4746,.T.);
#4746 = EDGE_CURVE('',#4747,#4749,#4751,.T.);
#4747 = VERTEX_POINT('',#4748);
#4748 = CARTESIAN_POINT('',(1.5,11.,16.));
#4749 = VERTEX_POINT('',#4750);
#4750 = CARTESIAN_POINT('',(1.5,11.,15.8));
#4751 = LINE('',#4752,#4753);
#4752 = CARTESIAN_POINT('',(1.5,11.,16.));
#4753 = VECTOR('',#4754,1.);
#4754 = DIRECTION('',(-0.,-0.,-1.));
#4755 = ORIENTED_EDGE('',*,*,#4756,.T.);
#4756 = EDGE_CURVE('',#4749,#4749,#4757,.T.);
#4757 = CIRCLE('',#4758,1.5);
#4758 = AXIS2_PLACEMENT_3D('',#4759,#4760,#4761);
#4759 = CARTESIAN_POINT('',(-5.58E-15,11.,15.8));
#4760 = DIRECTION('',(0.,0.,1.));
#4761 = DIRECTION('',(1.,0.,0.));
#4762 = ORIENTED_EDGE('',*,*,#4746,.F.);
#4763 = ORIENTED_EDGE('',*,*,#4764,.F.);
#4764 = EDGE_CURVE('',#4747,#4747,#4765,.T.);
#4765 = CIRCLE('',#4766,1.5);
#4766 = AXIS2_PLACEMENT_3D('',#4767,#4768,#4769);
#4767 = CARTESIAN_POINT('',(-5.58E-15,11.,16.));
#4768 = DIRECTION('',(0.,0.,1.));
#4769 = DIRECTION('',(1.,0.,0.));
#4770 = CYLINDRICAL_SURFACE('',#4771,1.5);
#4771 = AXIS2_PLACEMENT_3D('',#4772,#4773,#4774);
#4772 = CARTESIAN_POINT('',(-5.58E-15,11.,16.));
#4773 = DIRECTION('',(0.,0.,1.));
#4774 = DIRECTION('',(1.,0.,-0.));
#4775 = ADVANCED_FACE('',(#4776),#4779,.T.);
#4776 = FACE_BOUND('',#4777,.T.);
#4777 = EDGE_LOOP('',(#4778));
#4778 = ORIENTED_EDGE('',*,*,#4764,.T.);
#4779 = PLANE('',#4780);
#4780 = AXIS2_PLACEMENT_3D('',#4781,#4782,#4783);
#4781 = CARTESIAN_POINT('',(-5.61E-15,11.,16.));
#4782 = DIRECTION('',(0.,0.,1.));
#4783 = DIRECTION('',(1.,0.,0.));
#4784 = ADVANCED_FACE('',(#4785),#4788,.F.);
#4785 = FACE_BOUND('',#4786,.F.);
#4786 = EDGE_LOOP('',(#4787));
#4787 = ORIENTED_EDGE('',*,*,#4756,.T.);
#4788 = PLANE('',#4789);
#4789 = AXIS2_PLACEMENT_3D('',#4790,#4791,#4792);
#4790 = CARTESIAN_POINT('',(-5.61E-15,11.,15.8));
#4791 = DIRECTION('',(0.,0.,1.));
#4792 = DIRECTION('',(1.,0.,0.));
#4793 = ( GEOMETRIC_REPRESENTATION_CONTEXT(3) 
GLOBAL_UNCERTAINTY_ASSIGNED_CONTEXT((#4797)) 
GLOBAL_UNIT_ASSIGNED_CONTEXT((#4794,#4795,#4796)) REPRESENTATION_CONTEXT
('Context #1','3D Context with UNIT and UNCERTAINTY') );
#4794 = ( LENGTH_UNIT() NAMED_UNIT(*) SI_UNIT(.MILLI.,.METRE.) );
#4795 = ( NAMED_UNIT(*) PLANE_ANGLE_UNIT() SI_UNIT($,.RADIAN.) );
#4796 = ( NAMED_UNIT(*) SI_UNIT($,.STERADIAN.) SOLID_ANGLE_UNIT() );
#4797 = UNCERTAINTY_MEASURE_WITH_UNIT(LENGTH_MEASURE(1.E-07),#4794,
  'distance_accuracy_value','confusion accuracy');
#4798 = CONTEXT_DEPENDENT_SHAPE_REPRESENTATION(#4799,#4801);
#4799 = ( REPRESENTATION_RELATIONSHIP('','',#4739,#10) 
REPRESENTATION_RELATIONSHIP_WITH_TRANSFORMATION(#4800) 
SHAPE_REPRESENTATION_RELATIONSHIP() );
#4800 = ITEM_DEFINED_TRANSFORMATION('','',#11,#19);
#4801 = PRODUCT_DEFINITION_SHAPE('Placement','Placement of an item',
  #4802);
#4802 = NEXT_ASSEMBLY_USAGE_OCCURRENCE('16','Modifier Dot','',#5,#4734,$
  );
#4803 = PRODUCT_RELATED_PRODUCT_CATEGORY('part',$,(#4736));
#4804 = SHAPE_DEFINITION_REPRESENTATION(#4805,#4811);
#4805 = PRODUCT_DEFINITION_SHAPE('','',#4806);
#4806 = PRODUCT_DEFINITION('design','',#4807,#4810);
#4807 = PRODUCT_DEFINITION_FORMATION('','',#4808);
#4808 = PRODUCT('Modifier Scale','Modifier Scale','',(#4809));
#4809 = PRODUCT_CONTEXT('',#2,'mechanical');
#4810 = PRODUCT_DEFINITION_CONTEXT('part definition',#2,'design');
#4811 = SHAPE_REPRESENTATION('',(#11,#4812,#5226,#5380,#5534,#5688,#5842
    ,#5992,#6146,#6300,#6454,#6608,#6762,#6916,#7070,#7224,#7378),#7532
  );
#4812 = MANIFOLD_SOLID_BREP('',#4813);
#4813 = CLOSED_SHELL('',(#4814,#4854,#4885,#4916,#4947,#4978,#5009,#5040
    ,#5071,#5102,#5133,#5164,#5186,#5206));
#4814 = ADVANCED_FACE('',(#4815),#4849,.T.);
#4815 = FACE_BOUND('',#4816,.T.);
#4816 = EDGE_LOOP('',(#4817,#4827,#4835,#4843));
#4817 = ORIENTED_EDGE('',*,*,#4818,.F.);
#4818 = EDGE_CURVE('',#4819,#4821,#4823,.T.);
#4819 = VERTEX_POINT('',#4820);
#4820 = CARTESIAN_POINT('',(11.175701173552,-2.873379472149,16.));
#4821 = VERTEX_POINT('',#4822);
#4822 = CARTESIAN_POINT('',(10.840185473475,-3.708501747628,16.));
#4823 = LINE('',#4824,#4825);
#4824 = CARTESIAN_POINT('',(11.175701173552,-2.873379472149,16.));
#4825 = VECTOR('',#4826,1.);
#4826 = DIRECTION('',(-0.372795222308,-0.927913639421,0.));
#4827 = ORIENTED_EDGE('',*,*,#4828,.T.);
#4828 = EDGE_CURVE('',#4819,#4829,#4831,.T.);
#4829 = VERTEX_POINT('',#4830);
#4830 = CARTESIAN_POINT('',(11.175701173552,-2.873379472149,15.8));
#4831 = LINE('',#4832,#4833);
#4832 = CARTESIAN_POINT('',(11.175701173552,-2.873379472149,16.));
#4833 = VECTOR('',#4834,1.);
#4834 = DIRECTION('',(-0.,-0.,-1.));
#4835 = ORIENTED_EDGE('',*,*,#4836,.T.);
#4836 = EDGE_CURVE('',#4829,#4837,#4839,.T.);
#4837 = VERTEX_POINT('',#4838);
#4838 = CARTESIAN_POINT('',(10.840185473475,-3.708501747628,15.8));
#4839 = LINE('',#4840,#4841);
#4840 = CARTESIAN_POINT('',(11.175701173552,-2.873379472149,15.8));
#4841 = VECTOR('',#4842,1.);
#4842 = DIRECTION('',(-0.372795222308,-0.927913639421,0.));
#4843 = ORIENTED_EDGE('',*,*,#4844,.F.);
#4844 = EDGE_CURVE('',#4821,#4837,#4845,.T.);
#4845 = LINE('',#4846,#4847);
#4846 = CARTESIAN_POINT('',(10.840185473475,-3.708501747628,16.));
#4847 = VECTOR('',#4848,1.);
#4848 = DIRECTION('',(0.,0.,-1.));
#4849 = PLANE('',#4850);
#4850 = AXIS2_PLACEMENT_3D('',#4851,#4852,#4853);
#4851 = CARTESIAN_POINT('',(11.175701173552,-2.873379472149,16.));
#4852 = DIRECTION('',(-0.927913639421,0.372795222308,0.));
#4853 = DIRECTION('',(-0.372795222308,-0.927913639421,0.));
#4854 = ADVANCED_FACE('',(#4855),#4880,.T.);
#4855 = FACE_BOUND('',#4856,.T.);
#4856 = EDGE_LOOP('',(#4857,#4865,#4866,#4874));
#4857 = ORIENTED_EDGE('',*,*,#4858,.F.);
#4858 = EDGE_CURVE('',#4821,#4859,#4861,.T.);
#4859 = VERTEX_POINT('',#4860);
#4860 = CARTESIAN_POINT('',(10.005063197995,-3.372986047551,16.));
#4861 = LINE('',#4862,#4863);
#4862 = CARTESIAN_POINT('',(12.78880411626,-4.491371714474,16.));
#4863 = VECTOR('',#4864,1.);
#4864 = DIRECTION('',(-0.927913639421,0.372795222308,0.));
#4865 = ORIENTED_EDGE('',*,*,#4844,.T.);
#4866 = ORIENTED_EDGE('',*,*,#4867,.T.);
#4867 = EDGE_CURVE('',#4837,#4868,#4870,.T.);
#4868 = VERTEX_POINT('',#4869);
#4869 = CARTESIAN_POINT('',(10.005063197995,-3.372986047551,15.8));
#4870 = LINE('',#4871,#4872);
#4871 = CARTESIAN_POINT('',(12.78880411626,-4.491371714474,15.8));
#4872 = VECTOR('',#4873,1.);
#4873 = DIRECTION('',(-0.927913639421,0.372795222308,0.));
#4874 = ORIENTED_EDGE('',*,*,#4875,.F.);
#4875 = EDGE_CURVE('',#4859,#4868,#4876,.T.);
#4876 = LINE('',#4877,#4878);
#4877 = CARTESIAN_POINT('',(10.005063197995,-3.372986047551,16.));
#4878 = VECTOR('',#4879,1.);
#4879 = DIRECTION('',(-0.,-0.,-1.));
#4880 = PLANE('',#4881);
#4881 = AXIS2_PLACEMENT_3D('',#4882,#4883,#4884);
#4882 = CARTESIAN_POINT('',(12.78880411626,-4.491371714474,16.));
#4883 = DIRECTION('',(0.372795222308,0.927913639421,0.));
#4884 = DIRECTION('',(-0.927913639421,0.372795222308,0.));
#4885 = ADVANCED_FACE('',(#4886),#4911,.T.);
#4886 = FACE_BOUND('',#4887,.T.);
#4887 = EDGE_LOOP('',(#4888,#4898,#4904,#4905));
#4888 = ORIENTED_EDGE('',*,*,#4889,.T.);
#4889 = EDGE_CURVE('',#4890,#4892,#4894,.T.);
#4890 = VERTEX_POINT('',#4891);
#4891 = CARTESIAN_POINT('',(12.289197540858,-3.320733738918,16.));
#4892 = VERTEX_POINT('',#4893);
#4893 = CARTESIAN_POINT('',(12.289197540858,-3.320733738918,15.8));
#4894 = LINE('',#4895,#4896);
#4895 = CARTESIAN_POINT('',(12.289197540858,-3.320733738918,16.));
#4896 = VECTOR('',#4897,1.);
#4897 = DIRECTION('',(-0.,-0.,-1.));
#4898 = ORIENTED_EDGE('',*,*,#4899,.T.);
#4899 = EDGE_CURVE('',#4892,#4829,#4900,.T.);
#4900 = LINE('',#4901,#4902);
#4901 = CARTESIAN_POINT('',(12.289197540858,-3.320733738918,15.8));
#4902 = VECTOR('',#4903,1.);
#4903 = DIRECTION('',(-0.927913639421,0.372795222308,0.));
#4904 = ORIENTED_EDGE('',*,*,#4828,.F.);
#4905 = ORIENTED_EDGE('',*,*,#4906,.F.);
#4906 = EDGE_CURVE('',#4890,#4819,#4907,.T.);
#4907 = LINE('',#4908,#4909);
#4908 = CARTESIAN_POINT('',(12.289197540858,-3.320733738918,16.));
#4909 = VECTOR('',#4910,1.);
#4910 = DIRECTION('',(-0.927913639421,0.372795222308,0.));
#4911 = PLANE('',#4912);
#4912 = AXIS2_PLACEMENT_3D('',#4913,#4914,#4915);
#4913 = CARTESIAN_POINT('',(12.289197540858,-3.320733738918,16.));
#4914 = DIRECTION('',(0.372795222308,0.927913639421,0.));
#4915 = DIRECTION('',(-0.927913639421,0.372795222308,0.));
#4916 = ADVANCED_FACE('',(#4917),#4942,.T.);
#4917 = FACE_BOUND('',#4918,.T.);
#4918 = EDGE_LOOP('',(#4919,#4927,#4935,#4941));
#4919 = ORIENTED_EDGE('',*,*,#4920,.F.);
#4920 = EDGE_CURVE('',#4921,#4890,#4923,.T.);
#4921 = VERTEX_POINT('',#4922);
#4922 = CARTESIAN_POINT('',(11.953681840781,-4.155856014397,16.));
#4923 = LINE('',#4924,#4925);
#4924 = CARTESIAN_POINT('',(11.170811873934,-6.104474657182,16.));
#4925 = VECTOR('',#4926,1.);
#4926 = DIRECTION('',(0.372795222308,0.927913639421,0.));
#4927 = ORIENTED_EDGE('',*,*,#4928,.F.);
#4928 = EDGE_CURVE('',#4929,#4921,#4931,.T.);
#4929 = VERTEX_POINT('',#4930);
#4930 = CARTESIAN_POINT('',(11.953681840781,-4.155856014397,15.8));
#4931 = LINE('',#4932,#4933);
#4932 = CARTESIAN_POINT('',(11.953681840781,-4.155856014397,16.));
#4933 = VECTOR('',#4934,1.);
#4934 = DIRECTION('',(0.,0.,1.));
#4935 = ORIENTED_EDGE('',*,*,#4936,.T.);
#4936 = EDGE_CURVE('',#4929,#4892,#4937,.T.);
#4937 = LINE('',#4938,#4939);
#4938 = CARTESIAN_POINT('',(11.170811873934,-6.104474657182,15.8));
#4939 = VECTOR('',#4940,1.);
#4940 = DIRECTION('',(0.372795222308,0.927913639421,0.));
#4941 = ORIENTED_EDGE('',*,*,#4889,.F.);
#4942 = PLANE('',#4943);
#4943 = AXIS2_PLACEMENT_3D('',#4944,#4945,#4946);
#4944 = CARTESIAN_POINT('',(11.170811873934,-6.104474657182,16.));
#4945 = DIRECTION('',(0.927913639421,-0.372795222308,0.));
#4946 = DIRECTION('',(0.372795222308,0.927913639421,0.));
#4947 = ADVANCED_FACE('',(#4948),#4973,.T.);
#4948 = FACE_BOUND('',#4949,.T.);
#4949 = EDGE_LOOP('',(#4950,#4951,#4959,#4967));
#4950 = ORIENTED_EDGE('',*,*,#4875,.T.);
#4951 = ORIENTED_EDGE('',*,*,#4952,.T.);
#4952 = EDGE_CURVE('',#4868,#4953,#4955,.T.);
#4953 = VERTEX_POINT('',#4954);
#4954 = CARTESIAN_POINT('',(9.557708931226,-4.486482414857,15.8));
#4955 = LINE('',#4956,#4957);
#4956 = CARTESIAN_POINT('',(10.005063197995,-3.372986047551,15.8));
#4957 = VECTOR('',#4958,1.);
#4958 = DIRECTION('',(-0.372795222308,-0.927913639421,0.));
#4959 = ORIENTED_EDGE('',*,*,#4960,.F.);
#4960 = EDGE_CURVE('',#4961,#4953,#4963,.T.);
#4961 = VERTEX_POINT('',#4962);
#4962 = CARTESIAN_POINT('',(9.557708931226,-4.486482414857,16.));
#4963 = LINE('',#4964,#4965);
#4964 = CARTESIAN_POINT('',(9.557708931226,-4.486482414857,16.));
#4965 = VECTOR('',#4966,1.);
#4966 = DIRECTION('',(-0.,-0.,-1.));
#4967 = ORIENTED_EDGE('',*,*,#4968,.F.);
#4968 = EDGE_CURVE('',#4859,#4961,#4969,.T.);
#4969 = LINE('',#4970,#4971);
#4970 = CARTESIAN_POINT('',(10.005063197995,-3.372986047551,16.));
#4971 = VECTOR('',#4972,1.);
#4972 = DIRECTION('',(-0.372795222308,-0.927913639421,0.));
#4973 = PLANE('',#4974);
#4974 = AXIS2_PLACEMENT_3D('',#4975,#4976,#4977);
#4975 = CARTESIAN_POINT('',(10.005063197995,-3.372986047551,16.));
#4976 = DIRECTION('',(-0.927913639421,0.372795222308,0.));
#4977 = DIRECTION('',(-0.372795222308,-0.927913639421,0.));
#4978 = ADVANCED_FACE('',(#4979),#5004,.T.);
#4979 = FACE_BOUND('',#4980,.T.);
#4980 = EDGE_LOOP('',(#4981,#4989,#4997,#5003));
#4981 = ORIENTED_EDGE('',*,*,#4982,.F.);
#4982 = EDGE_CURVE('',#4983,#4921,#4985,.T.);
#4983 = VERTEX_POINT('',#4984);
#4984 = CARTESIAN_POINT('',(12.78880411626,-4.491371714474,16.));
#4985 = LINE('',#4986,#4987);
#4986 = CARTESIAN_POINT('',(12.78880411626,-4.491371714474,16.));
#4987 = VECTOR('',#4988,1.);
#4988 = DIRECTION('',(-0.927913639421,0.372795222308,0.));
#4989 = ORIENTED_EDGE('',*,*,#4990,.T.);
#4990 = EDGE_CURVE('',#4983,#4991,#4993,.T.);
#4991 = VERTEX_POINT('',#4992);
#4992 = CARTESIAN_POINT('',(12.78880411626,-4.491371714474,15.8));
#4993 = LINE('',#4994,#4995);
#4994 = CARTESIAN_POINT('',(12.78880411626,-4.491371714474,16.));
#4995 = VECTOR('',#4996,1.);
#4996 = DIRECTION('',(-0.,-0.,-1.));
#4997 = ORIENTED_EDGE('',*,*,#4998,.T.);
#4998 = EDGE_CURVE('',#4991,#4929,#4999,.T.);
#4999 = LINE('',#5000,#5001);
#5000 = CARTESIAN_POINT('',(12.78880411626,-4.491371714474,15.8));
#5001 = VECTOR('',#5002,1.);
#5002 = DIRECTION('',(-0.927913639421,0.372795222308,0.));
#5003 = ORIENTED_EDGE('',*,*,#4928,.T.);
#5004 = PLANE('',#5005);
#5005 = AXIS2_PLACEMENT_3D('',#5006,#5007,#5008);
#5006 = CARTESIAN_POINT('',(12.78880411626,-4.491371714474,16.));
#5007 = DIRECTION('',(0.372795222308,0.927913639421,0.));
#5008 = DIRECTION('',(-0.927913639421,0.372795222308,0.));
#5009 = ADVANCED_FACE('',(#5010),#5035,.T.);
#5010 = FACE_BOUND('',#5011,.T.);
#5011 = EDGE_LOOP('',(#5012,#5020,#5021,#5029));
#5012 = ORIENTED_EDGE('',*,*,#5013,.F.);
#5013 = EDGE_CURVE('',#4961,#5014,#5016,.T.);
#5014 = VERTEX_POINT('',#5015);
#5015 = CARTESIAN_POINT('',(10.392831206705,-4.821998114934,16.));
#5016 = LINE('',#5017,#5018);
#5017 = CARTESIAN_POINT('',(9.557708931226,-4.486482414857,16.));
#5018 = VECTOR('',#5019,1.);
#5019 = DIRECTION('',(0.927913639421,-0.372795222308,0.));
#5020 = ORIENTED_EDGE('',*,*,#4960,.T.);
#5021 = ORIENTED_EDGE('',*,*,#5022,.T.);
#5022 = EDGE_CURVE('',#4953,#5023,#5025,.T.);
#5023 = VERTEX_POINT('',#5024);
#5024 = CARTESIAN_POINT('',(10.392831206705,-4.821998114934,15.8));
#5025 = LINE('',#5026,#5027);
#5026 = CARTESIAN_POINT('',(9.557708931226,-4.486482414857,15.8));
#5027 = VECTOR('',#5028,1.);
#5028 = DIRECTION('',(0.927913639421,-0.372795222308,0.));
#5029 = ORIENTED_EDGE('',*,*,#5030,.T.);
#5030 = EDGE_CURVE('',#5023,#5014,#5031,.T.);
#5031 = LINE('',#5032,#5033);
#5032 = CARTESIAN_POINT('',(10.392831206705,-4.821998114934,16.));
#5033 = VECTOR('',#5034,1.);
#5034 = DIRECTION('',(0.,0.,1.));
#5035 = PLANE('',#5036);
#5036 = AXIS2_PLACEMENT_3D('',#5037,#5038,#5039);
#5037 = CARTESIAN_POINT('',(9.557708931226,-4.486482414857,16.));
#5038 = DIRECTION('',(-0.372795222308,-0.927913639421,0.));
#5039 = DIRECTION('',(0.927913639421,-0.372795222308,0.));
#5040 = ADVANCED_FACE('',(#5041),#5066,.T.);
#5041 = FACE_BOUND('',#5042,.T.);
#5042 = EDGE_LOOP('',(#5043,#5053,#5059,#5060));
#5043 = ORIENTED_EDGE('',*,*,#5044,.T.);
#5044 = EDGE_CURVE('',#5045,#5047,#5049,.T.);
#5045 = VERTEX_POINT('',#5046);
#5046 = CARTESIAN_POINT('',(12.341449849491,-5.60486808178,16.));
#5047 = VERTEX_POINT('',#5048);
#5048 = CARTESIAN_POINT('',(12.341449849491,-5.60486808178,15.8));
#5049 = LINE('',#5050,#5051);
#5050 = CARTESIAN_POINT('',(12.341449849491,-5.60486808178,16.));
#5051 = VECTOR('',#5052,1.);
#5052 = DIRECTION('',(-0.,-0.,-1.));
#5053 = ORIENTED_EDGE('',*,*,#5054,.T.);
#5054 = EDGE_CURVE('',#5047,#4991,#5055,.T.);
#5055 = LINE('',#5056,#5057);
#5056 = CARTESIAN_POINT('',(12.341449849491,-5.60486808178,15.8));
#5057 = VECTOR('',#5058,1.);
#5058 = DIRECTION('',(0.372795222308,0.927913639421,0.));
#5059 = ORIENTED_EDGE('',*,*,#4990,.F.);
#5060 = ORIENTED_EDGE('',*,*,#5061,.F.);
#5061 = EDGE_CURVE('',#5045,#4983,#5062,.T.);
#5062 = LINE('',#5063,#5064);
#5063 = CARTESIAN_POINT('',(12.341449849491,-5.60486808178,16.));
#5064 = VECTOR('',#5065,1.);
#5065 = DIRECTION('',(0.372795222308,0.927913639421,0.));
#5066 = PLANE('',#5067);
#5067 = AXIS2_PLACEMENT_3D('',#5068,#5069,#5070);
#5068 = CARTESIAN_POINT('',(12.341449849491,-5.60486808178,16.));
#5069 = DIRECTION('',(0.927913639421,-0.372795222308,0.));
#5070 = DIRECTION('',(0.372795222308,0.927913639421,0.));
#5071 = ADVANCED_FACE('',(#5072),#5097,.T.);
#5072 = FACE_BOUND('',#5073,.T.);
#5073 = EDGE_LOOP('',(#5074,#5082,#5090,#5096));
#5074 = ORIENTED_EDGE('',*,*,#5075,.F.);
#5075 = EDGE_CURVE('',#5076,#5045,#5078,.T.);
#5076 = VERTEX_POINT('',#5077);
#5077 = CARTESIAN_POINT('',(11.506327574011,-5.269352381703,16.));
#5078 = LINE('',#5079,#5080);
#5079 = CARTESIAN_POINT('',(9.557708931226,-4.486482414857,16.));
#5080 = VECTOR('',#5081,1.);
#5081 = DIRECTION('',(0.927913639421,-0.372795222308,0.));
#5082 = ORIENTED_EDGE('',*,*,#5083,.T.);
#5083 = EDGE_CURVE('',#5076,#5084,#5086,.T.);
#5084 = VERTEX_POINT('',#5085);
#5085 = CARTESIAN_POINT('',(11.506327574011,-5.269352381703,15.8));
#5086 = LINE('',#5087,#5088);
#5087 = CARTESIAN_POINT('',(11.506327574011,-5.269352381703,16.));
#5088 = VECTOR('',#5089,1.);
#5089 = DIRECTION('',(0.,0.,-1.));
#5090 = ORIENTED_EDGE('',*,*,#5091,.T.);
#5091 = EDGE_CURVE('',#5084,#5047,#5092,.T.);
#5092 = LINE('',#5093,#5094);
#5093 = CARTESIAN_POINT('',(9.557708931226,-4.486482414857,15.8));
#5094 = VECTOR('',#5095,1.);
#5095 = DIRECTION('',(0.927913639421,-0.372795222308,0.));
#5096 = ORIENTED_EDGE('',*,*,#5044,.F.);
#5097 = PLANE('',#5098);
#5098 = AXIS2_PLACEMENT_3D('',#5099,#5100,#5101);
#5099 = CARTESIAN_POINT('',(9.557708931226,-4.486482414857,16.));
#5100 = DIRECTION('',(-0.372795222308,-0.927913639421,0.));
#5101 = DIRECTION('',(0.927913639421,-0.372795222308,0.));
#5102 = ADVANCED_FACE('',(#5103),#5128,.T.);
#5103 = FACE_BOUND('',#5104,.T.);
#5104 = EDGE_LOOP('',(#5105,#5113,#5121,#5127));
#5105 = ORIENTED_EDGE('',*,*,#5106,.F.);
#5106 = EDGE_CURVE('',#5107,#5076,#5109,.T.);
#5107 = VERTEX_POINT('',#5108);
#5108 = CARTESIAN_POINT('',(11.170811873934,-6.104474657182,16.));
#5109 = LINE('',#5110,#5111);
#5110 = CARTESIAN_POINT('',(11.170811873934,-6.104474657182,16.));
#5111 = VECTOR('',#5112,1.);
#5112 = DIRECTION('',(0.372795222308,0.927913639421,0.));
#5113 = ORIENTED_EDGE('',*,*,#5114,.T.);
#5114 = EDGE_CURVE('',#5107,#5115,#5117,.T.);
#5115 = VERTEX_POINT('',#5116);
#5116 = CARTESIAN_POINT('',(11.170811873934,-6.104474657182,15.8));
#5117 = LINE('',#5118,#5119);
#5118 = CARTESIAN_POINT('',(11.170811873934,-6.104474657182,16.));
#5119 = VECTOR('',#5120,1.);
#5120 = DIRECTION('',(-0.,-0.,-1.));
#5121 = ORIENTED_EDGE('',*,*,#5122,.T.);
#5122 = EDGE_CURVE('',#5115,#5084,#5123,.T.);
#5123 = LINE('',#5124,#5125);
#5124 = CARTESIAN_POINT('',(11.170811873934,-6.104474657182,15.8));
#5125 = VECTOR('',#5126,1.);
#5126 = DIRECTION('',(0.372795222308,0.927913639421,0.));
#5127 = ORIENTED_EDGE('',*,*,#5083,.F.);
#5128 = PLANE('',#5129);
#5129 = AXIS2_PLACEMENT_3D('',#5130,#5131,#5132);
#5130 = CARTESIAN_POINT('',(11.170811873934,-6.104474657182,16.));
#5131 = DIRECTION('',(0.927913639421,-0.372795222308,0.));
#5132 = DIRECTION('',(0.372795222308,0.927913639421,0.));
#5133 = ADVANCED_FACE('',(#5134),#5159,.T.);
#5134 = FACE_BOUND('',#5135,.T.);
#5135 = EDGE_LOOP('',(#5136,#5146,#5152,#5153));
#5136 = ORIENTED_EDGE('',*,*,#5137,.T.);
#5137 = EDGE_CURVE('',#5138,#5140,#5142,.T.);
#5138 = VERTEX_POINT('',#5139);
#5139 = CARTESIAN_POINT('',(10.057315506628,-5.657120390413,16.));
#5140 = VERTEX_POINT('',#5141);
#5141 = CARTESIAN_POINT('',(10.057315506628,-5.657120390413,15.8));
#5142 = LINE('',#5143,#5144);
#5143 = CARTESIAN_POINT('',(10.057315506628,-5.657120390413,16.));
#5144 = VECTOR('',#5145,1.);
#5145 = DIRECTION('',(-0.,-0.,-1.));
#5146 = ORIENTED_EDGE('',*,*,#5147,.T.);
#5147 = EDGE_CURVE('',#5140,#5115,#5148,.T.);
#5148 = LINE('',#5149,#5150);
#5149 = CARTESIAN_POINT('',(10.057315506628,-5.657120390413,15.8));
#5150 = VECTOR('',#5151,1.);
#5151 = DIRECTION('',(0.927913639421,-0.372795222308,0.));
#5152 = ORIENTED_EDGE('',*,*,#5114,.F.);
#5153 = ORIENTED_EDGE('',*,*,#5154,.F.);
#5154 = EDGE_CURVE('',#5138,#5107,#5155,.T.);
#5155 = LINE('',#5156,#5157);
#5156 = CARTESIAN_POINT('',(10.057315506628,-5.657120390413,16.));
#5157 = VECTOR('',#5158,1.);
#5158 = DIRECTION('',(0.927913639421,-0.372795222308,0.));
#5159 = PLANE('',#5160);
#5160 = AXIS2_PLACEMENT_3D('',#5161,#5162,#5163);
#5161 = CARTESIAN_POINT('',(10.057315506628,-5.657120390413,16.));
#5162 = DIRECTION('',(-0.372795222308,-0.927913639421,0.));
#5163 = DIRECTION('',(0.927913639421,-0.372795222308,0.));
#5164 = ADVANCED_FACE('',(#5165),#5181,.T.);
#5165 = FACE_BOUND('',#5166,.T.);
#5166 = EDGE_LOOP('',(#5167,#5173,#5174,#5180));
#5167 = ORIENTED_EDGE('',*,*,#5168,.F.);
#5168 = EDGE_CURVE('',#5014,#5138,#5169,.T.);
#5169 = LINE('',#5170,#5171);
#5170 = CARTESIAN_POINT('',(11.175701173552,-2.873379472149,16.));
#5171 = VECTOR('',#5172,1.);
#5172 = DIRECTION('',(-0.372795222308,-0.927913639421,0.));
#5173 = ORIENTED_EDGE('',*,*,#5030,.F.);
#5174 = ORIENTED_EDGE('',*,*,#5175,.T.);
#5175 = EDGE_CURVE('',#5023,#5140,#5176,.T.);
#5176 = LINE('',#5177,#5178);
#5177 = CARTESIAN_POINT('',(11.175701173552,-2.873379472149,15.8));
#5178 = VECTOR('',#5179,1.);
#5179 = DIRECTION('',(-0.372795222308,-0.927913639421,0.));
#5180 = ORIENTED_EDGE('',*,*,#5137,.F.);
#5181 = PLANE('',#5182);
#5182 = AXIS2_PLACEMENT_3D('',#5183,#5184,#5185);
#5183 = CARTESIAN_POINT('',(11.175701173552,-2.873379472149,16.));
#5184 = DIRECTION('',(-0.927913639421,0.372795222308,0.));
#5185 = DIRECTION('',(-0.372795222308,-0.927913639421,0.));
#5186 = ADVANCED_FACE('',(#5187),#5201,.T.);
#5187 = FACE_BOUND('',#5188,.T.);
#5188 = EDGE_LOOP('',(#5189,#5190,#5191,#5192,#5193,#5194,#5195,#5196,
    #5197,#5198,#5199,#5200));
#5189 = ORIENTED_EDGE('',*,*,#4906,.T.);
#5190 = ORIENTED_EDGE('',*,*,#4818,.T.);
#5191 = ORIENTED_EDGE('',*,*,#4858,.T.);
#5192 = ORIENTED_EDGE('',*,*,#4968,.T.);
#5193 = ORIENTED_EDGE('',*,*,#5013,.T.);
#5194 = ORIENTED_EDGE('',*,*,#5168,.T.);
#5195 = ORIENTED_EDGE('',*,*,#5154,.T.);
#5196 = ORIENTED_EDGE('',*,*,#5106,.T.);
#5197 = ORIENTED_EDGE('',*,*,#5075,.T.);
#5198 = ORIENTED_EDGE('',*,*,#5061,.T.);
#5199 = ORIENTED_EDGE('',*,*,#4982,.T.);
#5200 = ORIENTED_EDGE('',*,*,#4920,.T.);
#5201 = PLANE('',#5202);
#5202 = AXIS2_PLACEMENT_3D('',#5203,#5204,#5205);
#5203 = CARTESIAN_POINT('',(11.173256523743,-4.488927064666,16.));
#5204 = DIRECTION('',(0.,0.,1.));
#5205 = DIRECTION('',(1.,0.,0.));
#5206 = ADVANCED_FACE('',(#5207),#5221,.T.);
#5207 = FACE_BOUND('',#5208,.T.);
#5208 = EDGE_LOOP('',(#5209,#5210,#5211,#5212,#5213,#5214,#5215,#5216,
    #5217,#5218,#5219,#5220));
#5209 = ORIENTED_EDGE('',*,*,#4899,.F.);
#5210 = ORIENTED_EDGE('',*,*,#4936,.F.);
#5211 = ORIENTED_EDGE('',*,*,#4998,.F.);
#5212 = ORIENTED_EDGE('',*,*,#5054,.F.);
#5213 = ORIENTED_EDGE('',*,*,#5091,.F.);
#5214 = ORIENTED_EDGE('',*,*,#5122,.F.);
#5215 = ORIENTED_EDGE('',*,*,#5147,.F.);
#5216 = ORIENTED_EDGE('',*,*,#5175,.F.);
#5217 = ORIENTED_EDGE('',*,*,#5022,.F.);
#5218 = ORIENTED_EDGE('',*,*,#4952,.F.);
#5219 = ORIENTED_EDGE('',*,*,#4867,.F.);
#5220 = ORIENTED_EDGE('',*,*,#4836,.F.);
#5221 = PLANE('',#5222);
#5222 = AXIS2_PLACEMENT_3D('',#5223,#5224,#5225);
#5223 = CARTESIAN_POINT('',(11.173256523743,-4.488927064666,15.8));
#5224 = DIRECTION('',(-0.,-0.,-1.));
#5225 = DIRECTION('',(-1.,0.,0.));
#5226 = MANIFOLD_SOLID_BREP('',#5227);
#5227 = CLOSED_SHELL('',(#5228,#5270,#5301,#5334,#5356,#5368));
#5228 = ADVANCED_FACE('',(#5229),#5265,.T.);
#5229 = FACE_BOUND('',#5230,.T.);
#5230 = EDGE_LOOP('',(#5231,#5241,#5250,#5258));
#5231 = ORIENTED_EDGE('',*,*,#5232,.T.);
#5232 = EDGE_CURVE('',#5233,#5235,#5237,.T.);
#5233 = VERTEX_POINT('',#5234);
#5234 = CARTESIAN_POINT('',(3.709250840286,10.522799242714,16.));
#5235 = VERTEX_POINT('',#5236);
#5236 = CARTESIAN_POINT('',(3.709250840286,10.522799242714,15.8));
#5237 = LINE('',#5238,#5239);
#5238 = CARTESIAN_POINT('',(3.709250840286,10.522799242714,16.));
#5239 = VECTOR('',#5240,1.);
#5240 = DIRECTION('',(-0.,-0.,-1.));
#5241 = ORIENTED_EDGE('',*,*,#5242,.T.);
#5242 = EDGE_CURVE('',#5235,#5243,#5245,.T.);
#5243 = VERTEX_POINT('',#5244);
#5244 = CARTESIAN_POINT('',(4.817906279299,10.063579123875,15.8));
#5245 = CIRCLE('',#5246,0.6);
#5246 = AXIS2_PLACEMENT_3D('',#5247,#5248,#5249);
#5247 = CARTESIAN_POINT('',(4.263578559793,10.293189183295,15.8));
#5248 = DIRECTION('',(0.,-0.,1.));
#5249 = DIRECTION('',(0.382683432365,0.923879532511,0.));
#5250 = ORIENTED_EDGE('',*,*,#5251,.F.);
#5251 = EDGE_CURVE('',#5252,#5243,#5254,.T.);
#5252 = VERTEX_POINT('',#5253);
#5253 = CARTESIAN_POINT('',(4.817906279299,10.063579123875,16.));
#5254 = LINE('',#5255,#5256);
#5255 = CARTESIAN_POINT('',(4.817906279299,10.063579123875,16.));
#5256 = VECTOR('',#5257,1.);
#5257 = DIRECTION('',(-0.,-0.,-1.));
#5258 = ORIENTED_EDGE('',*,*,#5259,.F.);
#5259 = EDGE_CURVE('',#5233,#5252,#5260,.T.);
#5260 = CIRCLE('',#5261,0.6);
#5261 = AXIS2_PLACEMENT_3D('',#5262,#5263,#5264);
#5262 = CARTESIAN_POINT('',(4.263578559793,10.293189183295,16.));
#5263 = DIRECTION('',(0.,-0.,1.));
#5264 = DIRECTION('',(0.382683432365,0.923879532511,0.));
#5265 = CYLINDRICAL_SURFACE('',#5266,0.6);
#5266 = AXIS2_PLACEMENT_3D('',#5267,#5268,#5269);
#5267 = CARTESIAN_POINT('',(4.263578559793,10.293189183295,16.));
#5268 = DIRECTION('',(0.,0.,1.));
#5269 = DIRECTION('',(0.382683432365,0.923879532511,0.));
#5270 = ADVANCED_FACE('',(#5271),#5296,.T.);
#5271 = FACE_BOUND('',#5272,.T.);
#5272 = EDGE_LOOP('',(#5273,#5274,#5282,#5290));
#5273 = ORIENTED_EDGE('',*,*,#5251,.T.);
#5274 = ORIENTED_EDGE('',*,*,#5275,.T.);
#5275 = EDGE_CURVE('',#5243,#5276,#5278,.T.);
#5276 = VERTEX_POINT('',#5277);
#5277 = CARTESIAN_POINT('',(5.506736457557,11.726562282396,15.8));
#5278 = LINE('',#5279,#5280);
#5279 = CARTESIAN_POINT('',(4.817906279299,10.063579123875,15.8));
#5280 = VECTOR('',#5281,1.);
#5281 = DIRECTION('',(0.382683432365,0.923879532511,0.));
#5282 = ORIENTED_EDGE('',*,*,#5283,.F.);
#5283 = EDGE_CURVE('',#5284,#5276,#5286,.T.);
#5284 = VERTEX_POINT('',#5285);
#5285 = CARTESIAN_POINT('',(5.506736457557,11.726562282396,16.));
#5286 = LINE('',#5287,#5288);
#5287 = CARTESIAN_POINT('',(5.506736457557,11.726562282396,16.));
#5288 = VECTOR('',#5289,1.);
#5289 = DIRECTION('',(-0.,-0.,-1.));
#5290 = ORIENTED_EDGE('',*,*,#5291,.F.);
#5291 = EDGE_CURVE('',#5252,#5284,#5292,.T.);
#5292 = LINE('',#5293,#5294);
#5293 = CARTESIAN_POINT('',(4.817906279299,10.063579123875,16.));
#5294 = VECTOR('',#5295,1.);
#5295 = DIRECTION('',(0.382683432365,0.923879532511,0.));
#5296 = PLANE('',#5297);
#5297 = AXIS2_PLACEMENT_3D('',#5298,#5299,#5300);
#5298 = CARTESIAN_POINT('',(4.817906279299,10.063579123875,16.));
#5299 = DIRECTION('',(0.923879532511,-0.382683432365,0.));
#5300 = DIRECTION('',(0.382683432365,0.923879532511,0.));
#5301 = ADVANCED_FACE('',(#5302),#5329,.T.);
#5302 = FACE_BOUND('',#5303,.T.);
#5303 = EDGE_LOOP('',(#5304,#5305,#5314,#5322));
#5304 = ORIENTED_EDGE('',*,*,#5283,.T.);
#5305 = ORIENTED_EDGE('',*,*,#5306,.T.);
#5306 = EDGE_CURVE('',#5276,#5307,#5309,.T.);
#5307 = VERTEX_POINT('',#5308);
#5308 = CARTESIAN_POINT('',(4.398081018543,12.185782401234,15.8));
#5309 = CIRCLE('',#5310,0.6);
#5310 = AXIS2_PLACEMENT_3D('',#5311,#5312,#5313);
#5311 = CARTESIAN_POINT('',(4.95240873805,11.956172341815,15.8));
#5312 = DIRECTION('',(0.,-0.,1.));
#5313 = DIRECTION('',(0.382683432365,0.923879532511,0.));
#5314 = ORIENTED_EDGE('',*,*,#5315,.F.);
#5315 = EDGE_CURVE('',#5316,#5307,#5318,.T.);
#5316 = VERTEX_POINT('',#5317);
#5317 = CARTESIAN_POINT('',(4.398081018543,12.185782401234,16.));
#5318 = LINE('',#5319,#5320);
#5319 = CARTESIAN_POINT('',(4.398081018543,12.185782401234,16.));
#5320 = VECTOR('',#5321,1.);
#5321 = DIRECTION('',(-0.,-0.,-1.));
#5322 = ORIENTED_EDGE('',*,*,#5323,.F.);
#5323 = EDGE_CURVE('',#5284,#5316,#5324,.T.);
#5324 = CIRCLE('',#5325,0.6);
#5325 = AXIS2_PLACEMENT_3D('',#5326,#5327,#5328);
#5326 = CARTESIAN_POINT('',(4.95240873805,11.956172341815,16.));
#5327 = DIRECTION('',(0.,-0.,1.));
#5328 = DIRECTION('',(0.382683432365,0.923879532511,0.));
#5329 = CYLINDRICAL_SURFACE('',#5330,0.6);
#5330 = AXIS2_PLACEMENT_3D('',#5331,#5332,#5333);
#5331 = CARTESIAN_POINT('',(4.95240873805,11.956172341815,16.));
#5332 = DIRECTION('',(0.,0.,1.));
#5333 = DIRECTION('',(0.382683432365,0.923879532511,0.));
#5334 = ADVANCED_FACE('',(#5335),#5351,.F.);
#5335 = FACE_BOUND('',#5336,.F.);
#5336 = EDGE_LOOP('',(#5337,#5338,#5344,#5345));
#5337 = ORIENTED_EDGE('',*,*,#5232,.T.);
#5338 = ORIENTED_EDGE('',*,*,#5339,.T.);
#5339 = EDGE_CURVE('',#5235,#5307,#5340,.T.);
#5340 = LINE('',#5341,#5342);
#5341 = CARTESIAN_POINT('',(3.709250840286,10.522799242714,15.8));
#5342 = VECTOR('',#5343,1.);
#5343 = DIRECTION('',(0.382683432365,0.923879532511,0.));
#5344 = ORIENTED_EDGE('',*,*,#5315,.F.);
#5345 = ORIENTED_EDGE('',*,*,#5346,.F.);
#5346 = EDGE_CURVE('',#5233,#5316,#5347,.T.);
#5347 = LINE('',#5348,#5349);
#5348 = CARTESIAN_POINT('',(3.709250840286,10.522799242714,16.));
#5349 = VECTOR('',#5350,1.);
#5350 = DIRECTION('',(0.382683432365,0.923879532511,0.));
#5351 = PLANE('',#5352);
#5352 = AXIS2_PLACEMENT_3D('',#5353,#5354,#5355);
#5353 = CARTESIAN_POINT('',(3.709250840286,10.522799242714,16.));
#5354 = DIRECTION('',(0.923879532511,-0.382683432365,0.));
#5355 = DIRECTION('',(0.382683432365,0.923879532511,0.));
#5356 = ADVANCED_FACE('',(#5357),#5363,.T.);
#5357 = FACE_BOUND('',#5358,.T.);
#5358 = EDGE_LOOP('',(#5359,#5360,#5361,#5362));
#5359 = ORIENTED_EDGE('',*,*,#5259,.T.);
#5360 = ORIENTED_EDGE('',*,*,#5291,.T.);
#5361 = ORIENTED_EDGE('',*,*,#5323,.T.);
#5362 = ORIENTED_EDGE('',*,*,#5346,.F.);
#5363 = PLANE('',#5364);
#5364 = AXIS2_PLACEMENT_3D('',#5365,#5366,#5367);
#5365 = CARTESIAN_POINT('',(4.607993648921,11.124680762555,16.));
#5366 = DIRECTION('',(0.,0.,1.));
#5367 = DIRECTION('',(1.,0.,0.));
#5368 = ADVANCED_FACE('',(#5369),#5375,.F.);
#5369 = FACE_BOUND('',#5370,.F.);
#5370 = EDGE_LOOP('',(#5371,#5372,#5373,#5374));
#5371 = ORIENTED_EDGE('',*,*,#5242,.T.);
#5372 = ORIENTED_EDGE('',*,*,#5275,.T.);
#5373 = ORIENTED_EDGE('',*,*,#5306,.T.);
#5374 = ORIENTED_EDGE('',*,*,#5339,.F.);
#5375 = PLANE('',#5376);
#5376 = AXIS2_PLACEMENT_3D('',#5377,#5378,#5379);
#5377 = CARTESIAN_POINT('',(4.607993648921,11.124680762555,15.8));
#5378 = DIRECTION('',(0.,0.,1.));
#5379 = DIRECTION('',(1.,0.,0.));
#5380 = MANIFOLD_SOLID_BREP('',#5381);
#5381 = CLOSED_SHELL('',(#5382,#5424,#5455,#5488,#5510,#5522));
#5382 = ADVANCED_FACE('',(#5383),#5419,.T.);
#5383 = FACE_BOUND('',#5384,.T.);
#5384 = EDGE_LOOP('',(#5385,#5395,#5404,#5412));
#5385 = ORIENTED_EDGE('',*,*,#5386,.T.);
#5386 = EDGE_CURVE('',#5387,#5389,#5391,.T.);
#5387 = VERTEX_POINT('',#5388);
#5388 = CARTESIAN_POINT('',(-4.817906279299,10.063579123875,16.));
#5389 = VERTEX_POINT('',#5390);
#5390 = CARTESIAN_POINT('',(-4.817906279299,10.063579123875,15.8));
#5391 = LINE('',#5392,#5393);
#5392 = CARTESIAN_POINT('',(-4.817906279299,10.063579123875,16.));
#5393 = VECTOR('',#5394,1.);
#5394 = DIRECTION('',(-0.,-0.,-1.));
#5395 = ORIENTED_EDGE('',*,*,#5396,.T.);
#5396 = EDGE_CURVE('',#5389,#5397,#5399,.T.);
#5397 = VERTEX_POINT('',#5398);
#5398 = CARTESIAN_POINT('',(-3.709250840286,10.522799242714,15.8));
#5399 = CIRCLE('',#5400,0.6);
#5400 = AXIS2_PLACEMENT_3D('',#5401,#5402,#5403);
#5401 = CARTESIAN_POINT('',(-4.263578559793,10.293189183295,15.8));
#5402 = DIRECTION('',(0.,0.,1.));
#5403 = DIRECTION('',(-0.382683432365,0.923879532511,0.));
#5404 = ORIENTED_EDGE('',*,*,#5405,.F.);
#5405 = EDGE_CURVE('',#5406,#5397,#5408,.T.);
#5406 = VERTEX_POINT('',#5407);
#5407 = CARTESIAN_POINT('',(-3.709250840286,10.522799242714,16.));
#5408 = LINE('',#5409,#5410);
#5409 = CARTESIAN_POINT('',(-3.709250840286,10.522799242714,16.));
#5410 = VECTOR('',#5411,1.);
#5411 = DIRECTION('',(-0.,-0.,-1.));
#5412 = ORIENTED_EDGE('',*,*,#5413,.F.);
#5413 = EDGE_CURVE('',#5387,#5406,#5414,.T.);
#5414 = CIRCLE('',#5415,0.6);
#5415 = AXIS2_PLACEMENT_3D('',#5416,#5417,#5418);
#5416 = CARTESIAN_POINT('',(-4.263578559793,10.293189183295,16.));
#5417 = DIRECTION('',(0.,0.,1.));
#5418 = DIRECTION('',(-0.382683432365,0.923879532511,0.));
#5419 = CYLINDRICAL_SURFACE('',#5420,0.6);
#5420 = AXIS2_PLACEMENT_3D('',#5421,#5422,#5423);
#5421 = CARTESIAN_POINT('',(-4.263578559793,10.293189183295,16.));
#5422 = DIRECTION('',(0.,0.,1.));
#5423 = DIRECTION('',(-0.382683432365,0.923879532511,0.));
#5424 = ADVANCED_FACE('',(#5425),#5450,.T.);
#5425 = FACE_BOUND('',#5426,.T.);
#5426 = EDGE_LOOP('',(#5427,#5428,#5436,#5444));
#5427 = ORIENTED_EDGE('',*,*,#5405,.T.);
#5428 = ORIENTED_EDGE('',*,*,#5429,.T.);
#5429 = EDGE_CURVE('',#5397,#5430,#5432,.T.);
#5430 = VERTEX_POINT('',#5431);
#5431 = CARTESIAN_POINT('',(-4.398081018543,12.185782401234,15.8));
#5432 = LINE('',#5433,#5434);
#5433 = CARTESIAN_POINT('',(-3.709250840286,10.522799242714,15.8));
#5434 = VECTOR('',#5435,1.);
#5435 = DIRECTION('',(-0.382683432365,0.923879532511,0.));
#5436 = ORIENTED_EDGE('',*,*,#5437,.F.);
#5437 = EDGE_CURVE('',#5438,#5430,#5440,.T.);
#5438 = VERTEX_POINT('',#5439);
#5439 = CARTESIAN_POINT('',(-4.398081018543,12.185782401234,16.));
#5440 = LINE('',#5441,#5442);
#5441 = CARTESIAN_POINT('',(-4.398081018543,12.185782401234,16.));
#5442 = VECTOR('',#5443,1.);
#5443 = DIRECTION('',(-0.,-0.,-1.));
#5444 = ORIENTED_EDGE('',*,*,#5445,.F.);
#5445 = EDGE_CURVE('',#5406,#5438,#5446,.T.);
#5446 = LINE('',#5447,#5448);
#5447 = CARTESIAN_POINT('',(-3.709250840286,10.522799242714,16.));
#5448 = VECTOR('',#5449,1.);
#5449 = DIRECTION('',(-0.382683432365,0.923879532511,0.));
#5450 = PLANE('',#5451);
#5451 = AXIS2_PLACEMENT_3D('',#5452,#5453,#5454);
#5452 = CARTESIAN_POINT('',(-3.709250840286,10.522799242714,16.));
#5453 = DIRECTION('',(0.923879532511,0.382683432365,0.));
#5454 = DIRECTION('',(-0.382683432365,0.923879532511,0.));
#5455 = ADVANCED_FACE('',(#5456),#5483,.T.);
#5456 = FACE_BOUND('',#5457,.T.);
#5457 = EDGE_LOOP('',(#5458,#5459,#5468,#5476));
#5458 = ORIENTED_EDGE('',*,*,#5437,.T.);
#5459 = ORIENTED_EDGE('',*,*,#5460,.T.);
#5460 = EDGE_CURVE('',#5430,#5461,#5463,.T.);
#5461 = VERTEX_POINT('',#5462);
#5462 = CARTESIAN_POINT('',(-5.506736457557,11.726562282396,15.8));
#5463 = CIRCLE('',#5464,0.6);
#5464 = AXIS2_PLACEMENT_3D('',#5465,#5466,#5467);
#5465 = CARTESIAN_POINT('',(-4.95240873805,11.956172341815,15.8));
#5466 = DIRECTION('',(0.,0.,1.));
#5467 = DIRECTION('',(-0.382683432365,0.923879532511,0.));
#5468 = ORIENTED_EDGE('',*,*,#5469,.F.);
#5469 = EDGE_CURVE('',#5470,#5461,#5472,.T.);
#5470 = VERTEX_POINT('',#5471);
#5471 = CARTESIAN_POINT('',(-5.506736457557,11.726562282396,16.));
#5472 = LINE('',#5473,#5474);
#5473 = CARTESIAN_POINT('',(-5.506736457557,11.726562282396,16.));
#5474 = VECTOR('',#5475,1.);
#5475 = DIRECTION('',(-0.,-0.,-1.));
#5476 = ORIENTED_EDGE('',*,*,#5477,.F.);
#5477 = EDGE_CURVE('',#5438,#5470,#5478,.T.);
#5478 = CIRCLE('',#5479,0.6);
#5479 = AXIS2_PLACEMENT_3D('',#5480,#5481,#5482);
#5480 = CARTESIAN_POINT('',(-4.95240873805,11.956172341815,16.));
#5481 = DIRECTION('',(0.,0.,1.));
#5482 = DIRECTION('',(-0.382683432365,0.923879532511,0.));
#5483 = CYLINDRICAL_SURFACE('',#5484,0.6);
#5484 = AXIS2_PLACEMENT_3D('',#5485,#5486,#5487);
#5485 = CARTESIAN_POINT('',(-4.95240873805,11.956172341815,16.));
#5486 = DIRECTION('',(0.,0.,1.));
#5487 = DIRECTION('',(-0.382683432365,0.923879532511,0.));
#5488 = ADVANCED_FACE('',(#5489),#5505,.F.);
#5489 = FACE_BOUND('',#5490,.F.);
#5490 = EDGE_LOOP('',(#5491,#5492,#5498,#5499));
#5491 = ORIENTED_EDGE('',*,*,#5386,.T.);
#5492 = ORIENTED_EDGE('',*,*,#5493,.T.);
#5493 = EDGE_CURVE('',#5389,#5461,#5494,.T.);
#5494 = LINE('',#5495,#5496);
#5495 = CARTESIAN_POINT('',(-4.817906279299,10.063579123875,15.8));
#5496 = VECTOR('',#5497,1.);
#5497 = DIRECTION('',(-0.382683432365,0.923879532511,0.));
#5498 = ORIENTED_EDGE('',*,*,#5469,.F.);
#5499 = ORIENTED_EDGE('',*,*,#5500,.F.);
#5500 = EDGE_CURVE('',#5387,#5470,#5501,.T.);
#5501 = LINE('',#5502,#5503);
#5502 = CARTESIAN_POINT('',(-4.817906279299,10.063579123875,16.));
#5503 = VECTOR('',#5504,1.);
#5504 = DIRECTION('',(-0.382683432365,0.923879532511,0.));
#5505 = PLANE('',#5506);
#5506 = AXIS2_PLACEMENT_3D('',#5507,#5508,#5509);
#5507 = CARTESIAN_POINT('',(-4.817906279299,10.063579123875,16.));
#5508 = DIRECTION('',(0.923879532511,0.382683432365,0.));
#5509 = DIRECTION('',(-0.382683432365,0.923879532511,0.));
#5510 = ADVANCED_FACE('',(#5511),#5517,.T.);
#5511 = FACE_BOUND('',#5512,.T.);
#5512 = EDGE_LOOP('',(#5513,#5514,#5515,#5516));
#5513 = ORIENTED_EDGE('',*,*,#5413,.T.);
#5514 = ORIENTED_EDGE('',*,*,#5445,.T.);
#5515 = ORIENTED_EDGE('',*,*,#5477,.T.);
#5516 = ORIENTED_EDGE('',*,*,#5500,.F.);
#5517 = PLANE('',#5518);
#5518 = AXIS2_PLACEMENT_3D('',#5519,#5520,#5521);
#5519 = CARTESIAN_POINT('',(-4.607993648921,11.124680762555,16.));
#5520 = DIRECTION('',(0.,0.,1.));
#5521 = DIRECTION('',(1.,0.,0.));
#5522 = ADVANCED_FACE('',(#5523),#5529,.F.);
#5523 = FACE_BOUND('',#5524,.F.);
#5524 = EDGE_LOOP('',(#5525,#5526,#5527,#5528));
#5525 = ORIENTED_EDGE('',*,*,#5396,.T.);
#5526 = ORIENTED_EDGE('',*,*,#5429,.T.);
#5527 = ORIENTED_EDGE('',*,*,#5460,.T.);
#5528 = ORIENTED_EDGE('',*,*,#5493,.F.);
#5529 = PLANE('',#5530);
#5530 = AXIS2_PLACEMENT_3D('',#5531,#5532,#5533);
#5531 = CARTESIAN_POINT('',(-4.607993648921,11.124680762555,15.8));
#5532 = DIRECTION('',(0.,0.,1.));
#5533 = DIRECTION('',(1.,0.,0.));
#5534 = MANIFOLD_SOLID_BREP('',#5535);
#5535 = CLOSED_SHELL('',(#5536,#5578,#5609,#5642,#5664,#5676));
#5536 = ADVANCED_FACE('',(#5537),#5573,.T.);
#5537 = FACE_BOUND('',#5538,.T.);
#5538 = EDGE_LOOP('',(#5539,#5549,#5558,#5566));
#5539 = ORIENTED_EDGE('',*,*,#5540,.T.);
#5540 = EDGE_CURVE('',#5541,#5543,#5545,.T.);
#5541 = VERTEX_POINT('',#5542);
#5542 = CARTESIAN_POINT('',(6.468673244475,10.761025122245,16.));
#5543 = VERTEX_POINT('',#5544);
#5544 = CARTESIAN_POINT('',(6.468673244475,10.761025122245,15.8));
#5545 = LINE('',#5546,#5547);
#5546 = CARTESIAN_POINT('',(6.468673244475,10.761025122245,16.));
#5547 = VECTOR('',#5548,1.);
#5548 = DIRECTION('',(-0.,-0.,-1.));
#5549 = ORIENTED_EDGE('',*,*,#5550,.T.);
#5550 = EDGE_CURVE('',#5543,#5551,#5553,.T.);
#5551 = VERTEX_POINT('',#5552);
#5552 = CARTESIAN_POINT('',(7.466436779238,10.094340842622,15.8));
#5553 = CIRCLE('',#5554,0.6);
#5554 = AXIS2_PLACEMENT_3D('',#5555,#5556,#5557);
#5555 = CARTESIAN_POINT('',(6.967555011857,10.427682982434,15.8));
#5556 = DIRECTION('',(0.,-0.,1.));
#5557 = DIRECTION('',(0.55557023302,0.831469612303,0.));
#5558 = ORIENTED_EDGE('',*,*,#5559,.F.);
#5559 = EDGE_CURVE('',#5560,#5551,#5562,.T.);
#5560 = VERTEX_POINT('',#5561);
#5561 = CARTESIAN_POINT('',(7.466436779238,10.094340842622,16.));
#5562 = LINE('',#5563,#5564);
#5563 = CARTESIAN_POINT('',(7.466436779238,10.094340842622,16.));
#5564 = VECTOR('',#5565,1.);
#5565 = DIRECTION('',(-0.,-0.,-1.));
#5566 = ORIENTED_EDGE('',*,*,#5567,.F.);
#5567 = EDGE_CURVE('',#5541,#5560,#5568,.T.);
#5568 = CIRCLE('',#5569,0.6);
#5569 = AXIS2_PLACEMENT_3D('',#5570,#5571,#5572);
#5570 = CARTESIAN_POINT('',(6.967555011857,10.427682982434,16.));
#5571 = DIRECTION('',(0.,-0.,1.));
#5572 = DIRECTION('',(0.55557023302,0.831469612303,0.));
#5573 = CYLINDRICAL_SURFACE('',#5574,0.6);
#5574 = AXIS2_PLACEMENT_3D('',#5575,#5576,#5577);
#5575 = CARTESIAN_POINT('',(6.967555011857,10.427682982434,16.));
#5576 = DIRECTION('',(0.,0.,1.));
#5577 = DIRECTION('',(0.55557023302,0.831469612303,0.));
#5578 = ADVANCED_FACE('',(#5579),#5604,.T.);
#5579 = FACE_BOUND('',#5580,.T.);
#5580 = EDGE_LOOP('',(#5581,#5582,#5590,#5598));
#5581 = ORIENTED_EDGE('',*,*,#5559,.T.);
#5582 = ORIENTED_EDGE('',*,*,#5583,.T.);
#5583 = EDGE_CURVE('',#5551,#5584,#5586,.T.);
#5584 = VERTEX_POINT('',#5585);
#5585 = CARTESIAN_POINT('',(7.688664872446,10.426928687543,15.8));
#5586 = LINE('',#5587,#5588);
#5587 = CARTESIAN_POINT('',(7.466436779238,10.094340842622,15.8));
#5588 = VECTOR('',#5589,1.);
#5589 = DIRECTION('',(0.55557023302,0.831469612303,0.));
#5590 = ORIENTED_EDGE('',*,*,#5591,.F.);
#5591 = EDGE_CURVE('',#5592,#5584,#5594,.T.);
#5592 = VERTEX_POINT('',#5593);
#5593 = CARTESIAN_POINT('',(7.688664872446,10.426928687543,16.));
#5594 = LINE('',#5595,#5596);
#5595 = CARTESIAN_POINT('',(7.688664872446,10.426928687543,16.));
#5596 = VECTOR('',#5597,1.);
#5597 = DIRECTION('',(-0.,-0.,-1.));
#5598 = ORIENTED_EDGE('',*,*,#5599,.F.);
#5599 = EDGE_CURVE('',#5560,#5592,#5600,.T.);
#5600 = LINE('',#5601,#5602);
#5601 = CARTESIAN_POINT('',(7.466436779238,10.094340842622,16.));
#5602 = VECTOR('',#5603,1.);
#5603 = DIRECTION('',(0.55557023302,0.831469612303,0.));
#5604 = PLANE('',#5605);
#5605 = AXIS2_PLACEMENT_3D('',#5606,#5607,#5608);
#5606 = CARTESIAN_POINT('',(7.466436779238,10.094340842622,16.));
#5607 = DIRECTION('',(0.831469612303,-0.55557023302,0.));
#5608 = DIRECTION('',(0.55557023302,0.831469612303,0.));
#5609 = ADVANCED_FACE('',(#5610),#5637,.T.);
#5610 = FACE_BOUND('',#5611,.T.);
#5611 = EDGE_LOOP('',(#5612,#5613,#5622,#5630));
#5612 = ORIENTED_EDGE('',*,*,#5591,.T.);
#5613 = ORIENTED_EDGE('',*,*,#5614,.T.);
#5614 = EDGE_CURVE('',#5584,#5615,#5617,.T.);
#5615 = VERTEX_POINT('',#5616);
#5616 = CARTESIAN_POINT('',(6.690901337683,11.093612967166,15.8));
#5617 = CIRCLE('',#5618,0.6);
#5618 = AXIS2_PLACEMENT_3D('',#5619,#5620,#5621);
#5619 = CARTESIAN_POINT('',(7.189783105065,10.760270827355,15.8));
#5620 = DIRECTION('',(0.,-0.,1.));
#5621 = DIRECTION('',(0.55557023302,0.831469612303,0.));
#5622 = ORIENTED_EDGE('',*,*,#5623,.F.);
#5623 = EDGE_CURVE('',#5624,#5615,#5626,.T.);
#5624 = VERTEX_POINT('',#5625);
#5625 = CARTESIAN_POINT('',(6.690901337683,11.093612967166,16.));
#5626 = LINE('',#5627,#5628);
#5627 = CARTESIAN_POINT('',(6.690901337683,11.093612967166,16.));
#5628 = VECTOR('',#5629,1.);
#5629 = DIRECTION('',(-0.,-0.,-1.));
#5630 = ORIENTED_EDGE('',*,*,#5631,.F.);
#5631 = EDGE_CURVE('',#5592,#5624,#5632,.T.);
#5632 = CIRCLE('',#5633,0.6);
#5633 = AXIS2_PLACEMENT_3D('',#5634,#5635,#5636);
#5634 = CARTESIAN_POINT('',(7.189783105065,10.760270827355,16.));
#5635 = DIRECTION('',(0.,-0.,1.));
#5636 = DIRECTION('',(0.55557023302,0.831469612303,0.));
#5637 = CYLINDRICAL_SURFACE('',#5638,0.6);
#5638 = AXIS2_PLACEMENT_3D('',#5639,#5640,#5641);
#5639 = CARTESIAN_POINT('',(7.189783105065,10.760270827355,16.));
#5640 = DIRECTION('',(0.,0.,1.));
#5641 = DIRECTION('',(0.55557023302,0.831469612303,0.));
#5642 = ADVANCED_FACE('',(#5643),#5659,.F.);
#5643 = FACE_BOUND('',#5644,.F.);
#5644 = EDGE_LOOP('',(#5645,#5646,#5652,#5653));
#5645 = ORIENTED_EDGE('',*,*,#5540,.T.);
#5646 = ORIENTED_EDGE('',*,*,#5647,.T.);
#5647 = EDGE_CURVE('',#5543,#5615,#5648,.T.);
#5648 = LINE('',#5649,#5650);
#5649 = CARTESIAN_POINT('',(6.468673244475,10.761025122245,15.8));
#5650 = VECTOR('',#5651,1.);
#5651 = DIRECTION('',(0.55557023302,0.831469612303,0.));
#5652 = ORIENTED_EDGE('',*,*,#5623,.F.);
#5653 = ORIENTED_EDGE('',*,*,#5654,.F.);
#5654 = EDGE_CURVE('',#5541,#5624,#5655,.T.);
#5655 = LINE('',#5656,#5657);
#5656 = CARTESIAN_POINT('',(6.468673244475,10.761025122245,16.));
#5657 = VECTOR('',#5658,1.);
#5658 = DIRECTION('',(0.55557023302,0.831469612303,0.));
#5659 = PLANE('',#5660);
#5660 = AXIS2_PLACEMENT_3D('',#5661,#5662,#5663);
#5661 = CARTESIAN_POINT('',(6.468673244475,10.761025122245,16.));
#5662 = DIRECTION('',(0.831469612303,-0.55557023302,0.));
#5663 = DIRECTION('',(0.55557023302,0.831469612303,0.));
#5664 = ADVANCED_FACE('',(#5665),#5671,.T.);
#5665 = FACE_BOUND('',#5666,.T.);
#5666 = EDGE_LOOP('',(#5667,#5668,#5669,#5670));
#5667 = ORIENTED_EDGE('',*,*,#5567,.T.);
#5668 = ORIENTED_EDGE('',*,*,#5599,.T.);
#5669 = ORIENTED_EDGE('',*,*,#5631,.T.);
#5670 = ORIENTED_EDGE('',*,*,#5654,.F.);
#5671 = PLANE('',#5672);
#5672 = AXIS2_PLACEMENT_3D('',#5673,#5674,#5675);
#5673 = CARTESIAN_POINT('',(7.078669058461,10.593976904894,16.));
#5674 = DIRECTION('',(0.,0.,1.));
#5675 = DIRECTION('',(1.,0.,0.));
#5676 = ADVANCED_FACE('',(#5677),#5683,.F.);
#5677 = FACE_BOUND('',#5678,.F.);
#5678 = EDGE_LOOP('',(#5679,#5680,#5681,#5682));
#5679 = ORIENTED_EDGE('',*,*,#5550,.T.);
#5680 = ORIENTED_EDGE('',*,*,#5583,.T.);
#5681 = ORIENTED_EDGE('',*,*,#5614,.T.);
#5682 = ORIENTED_EDGE('',*,*,#5647,.F.);
#5683 = PLANE('',#5684);
#5684 = AXIS2_PLACEMENT_3D('',#5685,#5686,#5687);
#5685 = CARTESIAN_POINT('',(7.078669058461,10.593976904894,15.8));
#5686 = DIRECTION('',(0.,0.,1.));
#5687 = DIRECTION('',(1.,0.,0.));
#5688 = MANIFOLD_SOLID_BREP('',#5689);
#5689 = CLOSED_SHELL('',(#5690,#5732,#5763,#5796,#5818,#5830));
#5690 = ADVANCED_FACE('',(#5691),#5727,.T.);
#5691 = FACE_BOUND('',#5692,.T.);
#5692 = EDGE_LOOP('',(#5693,#5703,#5712,#5720));
#5693 = ORIENTED_EDGE('',*,*,#5694,.T.);
#5694 = EDGE_CURVE('',#5695,#5697,#5699,.T.);
#5695 = VERTEX_POINT('',#5696);
#5696 = CARTESIAN_POINT('',(-7.466436779238,10.094340842622,16.));
#5697 = VERTEX_POINT('',#5698);
#5698 = CARTESIAN_POINT('',(-7.466436779238,10.094340842622,15.8));
#5699 = LINE('',#5700,#5701);
#5700 = CARTESIAN_POINT('',(-7.466436779238,10.094340842622,16.));
#5701 = VECTOR('',#5702,1.);
#5702 = DIRECTION('',(-0.,-0.,-1.));
#5703 = ORIENTED_EDGE('',*,*,#5704,.T.);
#5704 = EDGE_CURVE('',#5697,#5705,#5707,.T.);
#5705 = VERTEX_POINT('',#5706);
#5706 = CARTESIAN_POINT('',(-6.468673244475,10.761025122245,15.8));
#5707 = CIRCLE('',#5708,0.6);
#5708 = AXIS2_PLACEMENT_3D('',#5709,#5710,#5711);
#5709 = CARTESIAN_POINT('',(-6.967555011857,10.427682982434,15.8));
#5710 = DIRECTION('',(0.,0.,1.));
#5711 = DIRECTION('',(-0.55557023302,0.831469612303,0.));
#5712 = ORIENTED_EDGE('',*,*,#5713,.F.);
#5713 = EDGE_CURVE('',#5714,#5705,#5716,.T.);
#5714 = VERTEX_POINT('',#5715);
#5715 = CARTESIAN_POINT('',(-6.468673244475,10.761025122245,16.));
#5716 = LINE('',#5717,#5718);
#5717 = CARTESIAN_POINT('',(-6.468673244475,10.761025122245,16.));
#5718 = VECTOR('',#5719,1.);
#5719 = DIRECTION('',(-0.,-0.,-1.));
#5720 = ORIENTED_EDGE('',*,*,#5721,.F.);
#5721 = EDGE_CURVE('',#5695,#5714,#5722,.T.);
#5722 = CIRCLE('',#5723,0.6);
#5723 = AXIS2_PLACEMENT_3D('',#5724,#5725,#5726);
#5724 = CARTESIAN_POINT('',(-6.967555011857,10.427682982434,16.));
#5725 = DIRECTION('',(0.,0.,1.));
#5726 = DIRECTION('',(-0.55557023302,0.831469612303,0.));
#5727 = CYLINDRICAL_SURFACE('',#5728,0.6);
#5728 = AXIS2_PLACEMENT_3D('',#5729,#5730,#5731);
#5729 = CARTESIAN_POINT('',(-6.967555011857,10.427682982434,16.));
#5730 = DIRECTION('',(0.,0.,1.));
#5731 = DIRECTION('',(-0.55557023302,0.831469612303,0.));
#5732 = ADVANCED_FACE('',(#5733),#5758,.T.);
#5733 = FACE_BOUND('',#5734,.T.);
#5734 = EDGE_LOOP('',(#5735,#5736,#5744,#5752));
#5735 = ORIENTED_EDGE('',*,*,#5713,.T.);
#5736 = ORIENTED_EDGE('',*,*,#5737,.T.);
#5737 = EDGE_CURVE('',#5705,#5738,#5740,.T.);
#5738 = VERTEX_POINT('',#5739);
#5739 = CARTESIAN_POINT('',(-6.690901337683,11.093612967166,15.8));
#5740 = LINE('',#5741,#5742);
#5741 = CARTESIAN_POINT('',(-6.468673244475,10.761025122245,15.8));
#5742 = VECTOR('',#5743,1.);
#5743 = DIRECTION('',(-0.55557023302,0.831469612303,0.));
#5744 = ORIENTED_EDGE('',*,*,#5745,.F.);
#5745 = EDGE_CURVE('',#5746,#5738,#5748,.T.);
#5746 = VERTEX_POINT('',#5747);
#5747 = CARTESIAN_POINT('',(-6.690901337683,11.093612967166,16.));
#5748 = LINE('',#5749,#5750);
#5749 = CARTESIAN_POINT('',(-6.690901337683,11.093612967166,16.));
#5750 = VECTOR('',#5751,1.);
#5751 = DIRECTION('',(-0.,-0.,-1.));
#5752 = ORIENTED_EDGE('',*,*,#5753,.F.);
#5753 = EDGE_CURVE('',#5714,#5746,#5754,.T.);
#5754 = LINE('',#5755,#5756);
#5755 = CARTESIAN_POINT('',(-6.468673244475,10.761025122245,16.));
#5756 = VECTOR('',#5757,1.);
#5757 = DIRECTION('',(-0.55557023302,0.831469612303,0.));
#5758 = PLANE('',#5759);
#5759 = AXIS2_PLACEMENT_3D('',#5760,#5761,#5762);
#5760 = CARTESIAN_POINT('',(-6.468673244475,10.761025122245,16.));
#5761 = DIRECTION('',(0.831469612303,0.55557023302,0.));
#5762 = DIRECTION('',(-0.55557023302,0.831469612303,0.));
#5763 = ADVANCED_FACE('',(#5764),#5791,.T.);
#5764 = FACE_BOUND('',#5765,.T.);
#5765 = EDGE_LOOP('',(#5766,#5767,#5776,#5784));
#5766 = ORIENTED_EDGE('',*,*,#5745,.T.);
#5767 = ORIENTED_EDGE('',*,*,#5768,.T.);
#5768 = EDGE_CURVE('',#5738,#5769,#5771,.T.);
#5769 = VERTEX_POINT('',#5770);
#5770 = CARTESIAN_POINT('',(-7.688664872446,10.426928687543,15.8));
#5771 = CIRCLE('',#5772,0.6);
#5772 = AXIS2_PLACEMENT_3D('',#5773,#5774,#5775);
#5773 = CARTESIAN_POINT('',(-7.189783105065,10.760270827355,15.8));
#5774 = DIRECTION('',(0.,0.,1.));
#5775 = DIRECTION('',(-0.55557023302,0.831469612303,0.));
#5776 = ORIENTED_EDGE('',*,*,#5777,.F.);
#5777 = EDGE_CURVE('',#5778,#5769,#5780,.T.);
#5778 = VERTEX_POINT('',#5779);
#5779 = CARTESIAN_POINT('',(-7.688664872446,10.426928687543,16.));
#5780 = LINE('',#5781,#5782);
#5781 = CARTESIAN_POINT('',(-7.688664872446,10.426928687543,16.));
#5782 = VECTOR('',#5783,1.);
#5783 = DIRECTION('',(-0.,-0.,-1.));
#5784 = ORIENTED_EDGE('',*,*,#5785,.F.);
#5785 = EDGE_CURVE('',#5746,#5778,#5786,.T.);
#5786 = CIRCLE('',#5787,0.6);
#5787 = AXIS2_PLACEMENT_3D('',#5788,#5789,#5790);
#5788 = CARTESIAN_POINT('',(-7.189783105065,10.760270827355,16.));
#5789 = DIRECTION('',(0.,0.,1.));
#5790 = DIRECTION('',(-0.55557023302,0.831469612303,0.));
#5791 = CYLINDRICAL_SURFACE('',#5792,0.6);
#5792 = AXIS2_PLACEMENT_3D('',#5793,#5794,#5795);
#5793 = CARTESIAN_POINT('',(-7.189783105065,10.760270827355,16.));
#5794 = DIRECTION('',(0.,0.,1.));
#5795 = DIRECTION('',(-0.55557023302,0.831469612303,0.));
#5796 = ADVANCED_FACE('',(#5797),#5813,.F.);
#5797 = FACE_BOUND('',#5798,.F.);
#5798 = EDGE_LOOP('',(#5799,#5800,#5806,#5807));
#5799 = ORIENTED_EDGE('',*,*,#5694,.T.);
#5800 = ORIENTED_EDGE('',*,*,#5801,.T.);
#5801 = EDGE_CURVE('',#5697,#5769,#5802,.T.);
#5802 = LINE('',#5803,#5804);
#5803 = CARTESIAN_POINT('',(-7.466436779238,10.094340842622,15.8));
#5804 = VECTOR('',#5805,1.);
#5805 = DIRECTION('',(-0.55557023302,0.831469612303,0.));
#5806 = ORIENTED_EDGE('',*,*,#5777,.F.);
#5807 = ORIENTED_EDGE('',*,*,#5808,.F.);
#5808 = EDGE_CURVE('',#5695,#5778,#5809,.T.);
#5809 = LINE('',#5810,#5811);
#5810 = CARTESIAN_POINT('',(-7.466436779238,10.094340842622,16.));
#5811 = VECTOR('',#5812,1.);
#5812 = DIRECTION('',(-0.55557023302,0.831469612303,0.));
#5813 = PLANE('',#5814);
#5814 = AXIS2_PLACEMENT_3D('',#5815,#5816,#5817);
#5815 = CARTESIAN_POINT('',(-7.466436779238,10.094340842622,16.));
#5816 = DIRECTION('',(0.831469612303,0.55557023302,0.));
#5817 = DIRECTION('',(-0.55557023302,0.831469612303,0.));
#5818 = ADVANCED_FACE('',(#5819),#5825,.T.);
#5819 = FACE_BOUND('',#5820,.T.);
#5820 = EDGE_LOOP('',(#5821,#5822,#5823,#5824));
#5821 = ORIENTED_EDGE('',*,*,#5721,.T.);
#5822 = ORIENTED_EDGE('',*,*,#5753,.T.);
#5823 = ORIENTED_EDGE('',*,*,#5785,.T.);
#5824 = ORIENTED_EDGE('',*,*,#5808,.F.);
#5825 = PLANE('',#5826);
#5826 = AXIS2_PLACEMENT_3D('',#5827,#5828,#5829);
#5827 = CARTESIAN_POINT('',(-7.078669058461,10.593976904894,16.));
#5828 = DIRECTION('',(0.,0.,1.));
#5829 = DIRECTION('',(1.,0.,0.));
#5830 = ADVANCED_FACE('',(#5831),#5837,.F.);
#5831 = FACE_BOUND('',#5832,.F.);
#5832 = EDGE_LOOP('',(#5833,#5834,#5835,#5836));
#5833 = ORIENTED_EDGE('',*,*,#5704,.T.);
#5834 = ORIENTED_EDGE('',*,*,#5737,.T.);
#5835 = ORIENTED_EDGE('',*,*,#5768,.T.);
#5836 = ORIENTED_EDGE('',*,*,#5801,.F.);
#5837 = PLANE('',#5838);
#5838 = AXIS2_PLACEMENT_3D('',#5839,#5840,#5841);
#5839 = CARTESIAN_POINT('',(-7.078669058461,10.593976904894,15.8));
#5840 = DIRECTION('',(0.,0.,1.));
#5841 = DIRECTION('',(1.,0.,0.));
#5842 = MANIFOLD_SOLID_BREP('',#5843);
#5843 = CLOSED_SHELL('',(#5844,#5884,#5915,#5946,#5968,#5980));
#5844 = ADVANCED_FACE('',(#5845),#5879,.T.);
#5845 = FACE_BOUND('',#5846,.T.);
#5846 = EDGE_LOOP('',(#5847,#5857,#5865,#5873));
#5847 = ORIENTED_EDGE('',*,*,#5848,.T.);
#5848 = EDGE_CURVE('',#5849,#5851,#5853,.T.);
#5849 = VERTEX_POINT('',#5850);
#5850 = CARTESIAN_POINT('',(-10.05731550662,-5.657120390413,16.));
#5851 = VERTEX_POINT('',#5852);
#5852 = CARTESIAN_POINT('',(-10.05731550662,-5.657120390413,15.8));
#5853 = LINE('',#5854,#5855);
#5854 = CARTESIAN_POINT('',(-10.05731550662,-5.657120390413,16.));
#5855 = VECTOR('',#5856,1.);
#5856 = DIRECTION('',(-0.,-0.,-1.));
#5857 = ORIENTED_EDGE('',*,*,#5858,.T.);
#5858 = EDGE_CURVE('',#5851,#5859,#5861,.T.);
#5859 = VERTEX_POINT('',#5860);
#5860 = CARTESIAN_POINT('',(-11.17570117355,-2.873379472149,15.8));
#5861 = LINE('',#5862,#5863);
#5862 = CARTESIAN_POINT('',(-10.05731550662,-5.657120390413,15.8));
#5863 = VECTOR('',#5864,1.);
#5864 = DIRECTION('',(-0.372795222308,0.927913639421,0.));
#5865 = ORIENTED_EDGE('',*,*,#5866,.F.);
#5866 = EDGE_CURVE('',#5867,#5859,#5869,.T.);
#5867 = VERTEX_POINT('',#5868);
#5868 = CARTESIAN_POINT('',(-11.17570117355,-2.873379472149,16.));
#5869 = LINE('',#5870,#5871);
#5870 = CARTESIAN_POINT('',(-11.17570117355,-2.873379472149,16.));
#5871 = VECTOR('',#5872,1.);
#5872 = DIRECTION('',(-0.,-0.,-1.));
#5873 = ORIENTED_EDGE('',*,*,#5874,.F.);
#5874 = EDGE_CURVE('',#5849,#5867,#5875,.T.);
#5875 = LINE('',#5876,#5877);
#5876 = CARTESIAN_POINT('',(-10.05731550662,-5.657120390413,16.));
#5877 = VECTOR('',#5878,1.);
#5878 = DIRECTION('',(-0.372795222308,0.927913639421,0.));
#5879 = PLANE('',#5880);
#5880 = AXIS2_PLACEMENT_3D('',#5881,#5882,#5883);
#5881 = CARTESIAN_POINT('',(-10.05731550662,-5.657120390413,16.));
#5882 = DIRECTION('',(0.927913639421,0.372795222308,0.));
#5883 = DIRECTION('',(-0.372795222308,0.927913639421,0.));
#5884 = ADVANCED_FACE('',(#5885),#5910,.T.);
#5885 = FACE_BOUND('',#5886,.T.);
#5886 = EDGE_LOOP('',(#5887,#5888,#5896,#5904));
#5887 = ORIENTED_EDGE('',*,*,#5866,.T.);
#5888 = ORIENTED_EDGE('',*,*,#5889,.T.);
#5889 = EDGE_CURVE('',#5859,#5890,#5892,.T.);
#5890 = VERTEX_POINT('',#5891);
#5891 = CARTESIAN_POINT('',(-12.28919754085,-3.320733738918,15.8));
#5892 = LINE('',#5893,#5894);
#5893 = CARTESIAN_POINT('',(-11.17570117355,-2.873379472149,15.8));
#5894 = VECTOR('',#5895,1.);
#5895 = DIRECTION('',(-0.927913639421,-0.372795222308,0.));
#5896 = ORIENTED_EDGE('',*,*,#5897,.F.);
#5897 = EDGE_CURVE('',#5898,#5890,#5900,.T.);
#5898 = VERTEX_POINT('',#5899);
#5899 = CARTESIAN_POINT('',(-12.28919754085,-3.320733738918,16.));
#5900 = LINE('',#5901,#5902);
#5901 = CARTESIAN_POINT('',(-12.28919754085,-3.320733738918,16.));
#5902 = VECTOR('',#5903,1.);
#5903 = DIRECTION('',(-0.,-0.,-1.));
#5904 = ORIENTED_EDGE('',*,*,#5905,.F.);
#5905 = EDGE_CURVE('',#5867,#5898,#5906,.T.);
#5906 = LINE('',#5907,#5908);
#5907 = CARTESIAN_POINT('',(-11.17570117355,-2.873379472149,16.));
#5908 = VECTOR('',#5909,1.);
#5909 = DIRECTION('',(-0.927913639421,-0.372795222308,0.));
#5910 = PLANE('',#5911);
#5911 = AXIS2_PLACEMENT_3D('',#5912,#5913,#5914);
#5912 = CARTESIAN_POINT('',(-11.17570117355,-2.873379472149,16.));
#5913 = DIRECTION('',(-0.372795222308,0.927913639421,0.));
#5914 = DIRECTION('',(-0.927913639421,-0.372795222308,0.));
#5915 = ADVANCED_FACE('',(#5916),#5941,.T.);
#5916 = FACE_BOUND('',#5917,.T.);
#5917 = EDGE_LOOP('',(#5918,#5919,#5927,#5935));
#5918 = ORIENTED_EDGE('',*,*,#5897,.T.);
#5919 = ORIENTED_EDGE('',*,*,#5920,.T.);
#5920 = EDGE_CURVE('',#5890,#5921,#5923,.T.);
#5921 = VERTEX_POINT('',#5922);
#5922 = CARTESIAN_POINT('',(-11.17081187393,-6.104474657182,15.8));
#5923 = LINE('',#5924,#5925);
#5924 = CARTESIAN_POINT('',(-12.28919754085,-3.320733738918,15.8));
#5925 = VECTOR('',#5926,1.);
#5926 = DIRECTION('',(0.372795222308,-0.927913639421,0.));
#5927 = ORIENTED_EDGE('',*,*,#5928,.F.);
#5928 = EDGE_CURVE('',#5929,#5921,#5931,.T.);
#5929 = VERTEX_POINT('',#5930);
#5930 = CARTESIAN_POINT('',(-11.17081187393,-6.104474657182,16.));
#5931 = LINE('',#5932,#5933);
#5932 = CARTESIAN_POINT('',(-11.17081187393,-6.104474657182,16.));
#5933 = VECTOR('',#5934,1.);
#5934 = DIRECTION('',(-0.,-0.,-1.));
#5935 = ORIENTED_EDGE('',*,*,#5936,.F.);
#5936 = EDGE_CURVE('',#5898,#5929,#5937,.T.);
#5937 = LINE('',#5938,#5939);
#5938 = CARTESIAN_POINT('',(-12.28919754085,-3.320733738918,16.));
#5939 = VECTOR('',#5940,1.);
#5940 = DIRECTION('',(0.372795222308,-0.927913639421,0.));
#5941 = PLANE('',#5942);
#5942 = AXIS2_PLACEMENT_3D('',#5943,#5944,#5945);
#5943 = CARTESIAN_POINT('',(-12.28919754085,-3.320733738918,16.));
#5944 = DIRECTION('',(-0.927913639421,-0.372795222308,0.));
#5945 = DIRECTION('',(0.372795222308,-0.927913639421,0.));
#5946 = ADVANCED_FACE('',(#5947),#5963,.T.);
#5947 = FACE_BOUND('',#5948,.T.);
#5948 = EDGE_LOOP('',(#5949,#5950,#5956,#5957));
#5949 = ORIENTED_EDGE('',*,*,#5928,.T.);
#5950 = ORIENTED_EDGE('',*,*,#5951,.T.);
#5951 = EDGE_CURVE('',#5921,#5851,#5952,.T.);
#5952 = LINE('',#5953,#5954);
#5953 = CARTESIAN_POINT('',(-11.17081187393,-6.104474657182,15.8));
#5954 = VECTOR('',#5955,1.);
#5955 = DIRECTION('',(0.927913639421,0.372795222308,0.));
#5956 = ORIENTED_EDGE('',*,*,#5848,.F.);
#5957 = ORIENTED_EDGE('',*,*,#5958,.F.);
#5958 = EDGE_CURVE('',#5929,#5849,#5959,.T.);
#5959 = LINE('',#5960,#5961);
#5960 = CARTESIAN_POINT('',(-11.17081187393,-6.104474657182,16.));
#5961 = VECTOR('',#5962,1.);
#5962 = DIRECTION('',(0.927913639421,0.372795222308,0.));
#5963 = PLANE('',#5964);
#5964 = AXIS2_PLACEMENT_3D('',#5965,#5966,#5967);
#5965 = CARTESIAN_POINT('',(-11.17081187393,-6.104474657182,16.));
#5966 = DIRECTION('',(0.372795222308,-0.927913639421,0.));
#5967 = DIRECTION('',(0.927913639421,0.372795222308,0.));
#5968 = ADVANCED_FACE('',(#5969),#5975,.T.);
#5969 = FACE_BOUND('',#5970,.T.);
#5970 = EDGE_LOOP('',(#5971,#5972,#5973,#5974));
#5971 = ORIENTED_EDGE('',*,*,#5874,.T.);
#5972 = ORIENTED_EDGE('',*,*,#5905,.T.);
#5973 = ORIENTED_EDGE('',*,*,#5936,.T.);
#5974 = ORIENTED_EDGE('',*,*,#5958,.T.);
#5975 = PLANE('',#5976);
#5976 = AXIS2_PLACEMENT_3D('',#5977,#5978,#5979);
#5977 = CARTESIAN_POINT('',(-11.17325652374,-4.488927064666,16.));
#5978 = DIRECTION('',(0.,0.,1.));
#5979 = DIRECTION('',(1.,0.,0.));
#5980 = ADVANCED_FACE('',(#5981),#5987,.F.);
#5981 = FACE_BOUND('',#5982,.F.);
#5982 = EDGE_LOOP('',(#5983,#5984,#5985,#5986));
#5983 = ORIENTED_EDGE('',*,*,#5858,.T.);
#5984 = ORIENTED_EDGE('',*,*,#5889,.T.);
#5985 = ORIENTED_EDGE('',*,*,#5920,.T.);
#5986 = ORIENTED_EDGE('',*,*,#5951,.T.);
#5987 = PLANE('',#5988);
#5988 = AXIS2_PLACEMENT_3D('',#5989,#5990,#5991);
#5989 = CARTESIAN_POINT('',(-11.17325652374,-4.488927064666,15.8));
#5990 = DIRECTION('',(0.,0.,1.));
#5991 = DIRECTION('',(1.,0.,0.));
#5992 = MANIFOLD_SOLID_BREP('',#5993);
#5993 = CLOSED_SHELL('',(#5994,#6036,#6067,#6100,#6122,#6134));
#5994 = ADVANCED_FACE('',(#5995),#6031,.T.);
#5995 = FACE_BOUND('',#5996,.T.);
#5996 = EDGE_LOOP('',(#5997,#6007,#6016,#6024));
#5997 = ORIENTED_EDGE('',*,*,#5998,.T.);
#5998 = EDGE_CURVE('',#5999,#6001,#6003,.T.);
#5999 = VERTEX_POINT('',#6000);
#6000 = CARTESIAN_POINT('',(-10.76102512224,6.468673244475,16.));
#6001 = VERTEX_POINT('',#6002);
#6002 = CARTESIAN_POINT('',(-10.76102512224,6.468673244475,15.8));
#6003 = LINE('',#6004,#6005);
#6004 = CARTESIAN_POINT('',(-10.76102512224,6.468673244475,16.));
#6005 = VECTOR('',#6006,1.);
#6006 = DIRECTION('',(0.,-0.,-1.));
#6007 = ORIENTED_EDGE('',*,*,#6008,.T.);
#6008 = EDGE_CURVE('',#6001,#6009,#6011,.T.);
#6009 = VERTEX_POINT('',#6010);
#6010 = CARTESIAN_POINT('',(-10.09434084262,7.466436779238,15.8));
#6011 = CIRCLE('',#6012,0.6);
#6012 = AXIS2_PLACEMENT_3D('',#6013,#6014,#6015);
#6013 = CARTESIAN_POINT('',(-10.42768298243,6.967555011857,15.8));
#6014 = DIRECTION('',(0.,0.,1.));
#6015 = DIRECTION('',(-0.831469612303,0.55557023302,0.));
#6016 = ORIENTED_EDGE('',*,*,#6017,.F.);
#6017 = EDGE_CURVE('',#6018,#6009,#6020,.T.);
#6018 = VERTEX_POINT('',#6019);
#6019 = CARTESIAN_POINT('',(-10.09434084262,7.466436779238,16.));
#6020 = LINE('',#6021,#6022);
#6021 = CARTESIAN_POINT('',(-10.09434084262,7.466436779238,16.));
#6022 = VECTOR('',#6023,1.);
#6023 = DIRECTION('',(0.,-0.,-1.));
#6024 = ORIENTED_EDGE('',*,*,#6025,.F.);
#6025 = EDGE_CURVE('',#5999,#6018,#6026,.T.);
#6026 = CIRCLE('',#6027,0.6);
#6027 = AXIS2_PLACEMENT_3D('',#6028,#6029,#6030);
#6028 = CARTESIAN_POINT('',(-10.42768298243,6.967555011857,16.));
#6029 = DIRECTION('',(0.,0.,1.));
#6030 = DIRECTION('',(-0.831469612303,0.55557023302,0.));
#6031 = CYLINDRICAL_SURFACE('',#6032,0.6);
#6032 = AXIS2_PLACEMENT_3D('',#6033,#6034,#6035);
#6033 = CARTESIAN_POINT('',(-10.42768298243,6.967555011857,16.));
#6034 = DIRECTION('',(0.,0.,1.));
#6035 = DIRECTION('',(-0.831469612303,0.55557023302,0.));
#6036 = ADVANCED_FACE('',(#6037),#6062,.T.);
#6037 = FACE_BOUND('',#6038,.T.);
#6038 = EDGE_LOOP('',(#6039,#6040,#6048,#6056));
#6039 = ORIENTED_EDGE('',*,*,#6017,.T.);
#6040 = ORIENTED_EDGE('',*,*,#6041,.T.);
#6041 = EDGE_CURVE('',#6009,#6042,#6044,.T.);
#6042 = VERTEX_POINT('',#6043);
#6043 = CARTESIAN_POINT('',(-10.42692868754,7.688664872446,15.8));
#6044 = LINE('',#6045,#6046);
#6045 = CARTESIAN_POINT('',(-10.09434084262,7.466436779238,15.8));
#6046 = VECTOR('',#6047,1.);
#6047 = DIRECTION('',(-0.831469612303,0.55557023302,0.));
#6048 = ORIENTED_EDGE('',*,*,#6049,.F.);
#6049 = EDGE_CURVE('',#6050,#6042,#6052,.T.);
#6050 = VERTEX_POINT('',#6051);
#6051 = CARTESIAN_POINT('',(-10.42692868754,7.688664872446,16.));
#6052 = LINE('',#6053,#6054);
#6053 = CARTESIAN_POINT('',(-10.42692868754,7.688664872446,16.));
#6054 = VECTOR('',#6055,1.);
#6055 = DIRECTION('',(0.,-0.,-1.));
#6056 = ORIENTED_EDGE('',*,*,#6057,.F.);
#6057 = EDGE_CURVE('',#6018,#6050,#6058,.T.);
#6058 = LINE('',#6059,#6060);
#6059 = CARTESIAN_POINT('',(-10.09434084262,7.466436779238,16.));
#6060 = VECTOR('',#6061,1.);
#6061 = DIRECTION('',(-0.831469612303,0.55557023302,0.));
#6062 = PLANE('',#6063);
#6063 = AXIS2_PLACEMENT_3D('',#6064,#6065,#6066);
#6064 = CARTESIAN_POINT('',(-10.09434084262,7.466436779238,16.));
#6065 = DIRECTION('',(0.55557023302,0.831469612303,0.));
#6066 = DIRECTION('',(-0.831469612303,0.55557023302,0.));
#6067 = ADVANCED_FACE('',(#6068),#6095,.T.);
#6068 = FACE_BOUND('',#6069,.T.);
#6069 = EDGE_LOOP('',(#6070,#6071,#6080,#6088));
#6070 = ORIENTED_EDGE('',*,*,#6049,.T.);
#6071 = ORIENTED_EDGE('',*,*,#6072,.T.);
#6072 = EDGE_CURVE('',#6042,#6073,#6075,.T.);
#6073 = VERTEX_POINT('',#6074);
#6074 = CARTESIAN_POINT('',(-11.09361296716,6.690901337683,15.8));
#6075 = CIRCLE('',#6076,0.6);
#6076 = AXIS2_PLACEMENT_3D('',#6077,#6078,#6079);
#6077 = CARTESIAN_POINT('',(-10.76027082735,7.189783105065,15.8));
#6078 = DIRECTION('',(0.,0.,1.));
#6079 = DIRECTION('',(-0.831469612303,0.55557023302,0.));
#6080 = ORIENTED_EDGE('',*,*,#6081,.F.);
#6081 = EDGE_CURVE('',#6082,#6073,#6084,.T.);
#6082 = VERTEX_POINT('',#6083);
#6083 = CARTESIAN_POINT('',(-11.09361296716,6.690901337683,16.));
#6084 = LINE('',#6085,#6086);
#6085 = CARTESIAN_POINT('',(-11.09361296716,6.690901337683,16.));
#6086 = VECTOR('',#6087,1.);
#6087 = DIRECTION('',(0.,-0.,-1.));
#6088 = ORIENTED_EDGE('',*,*,#6089,.F.);
#6089 = EDGE_CURVE('',#6050,#6082,#6090,.T.);
#6090 = CIRCLE('',#6091,0.6);
#6091 = AXIS2_PLACEMENT_3D('',#6092,#6093,#6094);
#6092 = CARTESIAN_POINT('',(-10.76027082735,7.189783105065,16.));
#6093 = DIRECTION('',(0.,0.,1.));
#6094 = DIRECTION('',(-0.831469612303,0.55557023302,0.));
#6095 = CYLINDRICAL_SURFACE('',#6096,0.6);
#6096 = AXIS2_PLACEMENT_3D('',#6097,#6098,#6099);
#6097 = CARTESIAN_POINT('',(-10.76027082735,7.189783105065,16.));
#6098 = DIRECTION('',(0.,0.,1.));
#6099 = DIRECTION('',(-0.831469612303,0.55557023302,0.));
#6100 = ADVANCED_FACE('',(#6101),#6117,.F.);
#6101 = FACE_BOUND('',#6102,.F.);
#6102 = EDGE_LOOP('',(#6103,#6104,#6110,#6111));
#6103 = ORIENTED_EDGE('',*,*,#5998,.T.);
#6104 = ORIENTED_EDGE('',*,*,#6105,.T.);
#6105 = EDGE_CURVE('',#6001,#6073,#6106,.T.);
#6106 = LINE('',#6107,#6108);
#6107 = CARTESIAN_POINT('',(-10.76102512224,6.468673244475,15.8));
#6108 = VECTOR('',#6109,1.);
#6109 = DIRECTION('',(-0.831469612303,0.55557023302,0.));
#6110 = ORIENTED_EDGE('',*,*,#6081,.F.);
#6111 = ORIENTED_EDGE('',*,*,#6112,.F.);
#6112 = EDGE_CURVE('',#5999,#6082,#6113,.T.);
#6113 = LINE('',#6114,#6115);
#6114 = CARTESIAN_POINT('',(-10.76102512224,6.468673244475,16.));
#6115 = VECTOR('',#6116,1.);
#6116 = DIRECTION('',(-0.831469612303,0.55557023302,0.));
#6117 = PLANE('',#6118);
#6118 = AXIS2_PLACEMENT_3D('',#6119,#6120,#6121);
#6119 = CARTESIAN_POINT('',(-10.76102512224,6.468673244475,16.));
#6120 = DIRECTION('',(0.55557023302,0.831469612303,0.));
#6121 = DIRECTION('',(-0.831469612303,0.55557023302,0.));
#6122 = ADVANCED_FACE('',(#6123),#6129,.T.);
#6123 = FACE_BOUND('',#6124,.T.);
#6124 = EDGE_LOOP('',(#6125,#6126,#6127,#6128));
#6125 = ORIENTED_EDGE('',*,*,#6025,.T.);
#6126 = ORIENTED_EDGE('',*,*,#6057,.T.);
#6127 = ORIENTED_EDGE('',*,*,#6089,.T.);
#6128 = ORIENTED_EDGE('',*,*,#6112,.F.);
#6129 = PLANE('',#6130);
#6130 = AXIS2_PLACEMENT_3D('',#6131,#6132,#6133);
#6131 = CARTESIAN_POINT('',(-10.59397690489,7.078669058461,16.));
#6132 = DIRECTION('',(0.,0.,1.));
#6133 = DIRECTION('',(0.923879532511,0.382683432365,0.));
#6134 = ADVANCED_FACE('',(#6135),#6141,.F.);
#6135 = FACE_BOUND('',#6136,.F.);
#6136 = EDGE_LOOP('',(#6137,#6138,#6139,#6140));
#6137 = ORIENTED_EDGE('',*,*,#6008,.T.);
#6138 = ORIENTED_EDGE('',*,*,#6041,.T.);
#6139 = ORIENTED_EDGE('',*,*,#6072,.T.);
#6140 = ORIENTED_EDGE('',*,*,#6105,.F.);
#6141 = PLANE('',#6142);
#6142 = AXIS2_PLACEMENT_3D('',#6143,#6144,#6145);
#6143 = CARTESIAN_POINT('',(-10.59397690489,7.078669058461,15.8));
#6144 = DIRECTION('',(0.,0.,1.));
#6145 = DIRECTION('',(0.923879532511,0.382683432365,0.));
#6146 = MANIFOLD_SOLID_BREP('',#6147);
#6147 = CLOSED_SHELL('',(#6148,#6190,#6221,#6254,#6276,#6288));
#6148 = ADVANCED_FACE('',(#6149),#6185,.T.);
#6149 = FACE_BOUND('',#6150,.T.);
#6150 = EDGE_LOOP('',(#6151,#6161,#6170,#6178));
#6151 = ORIENTED_EDGE('',*,*,#6152,.T.);
#6152 = EDGE_CURVE('',#6153,#6155,#6157,.T.);
#6153 = VERTEX_POINT('',#6154);
#6154 = CARTESIAN_POINT('',(-12.41734493932,1.858208783526,16.));
#6155 = VERTEX_POINT('',#6156);
#6156 = CARTESIAN_POINT('',(-12.41734493932,1.858208783526,15.8));
#6157 = LINE('',#6158,#6159);
#6158 = CARTESIAN_POINT('',(-12.41734493932,1.858208783526,16.));
#6159 = VECTOR('',#6160,1.);
#6160 = DIRECTION('',(0.,-0.,-1.));
#6161 = ORIENTED_EDGE('',*,*,#6162,.T.);
#6162 = EDGE_CURVE('',#6155,#6163,#6165,.T.);
#6163 = VERTEX_POINT('',#6164);
#6164 = CARTESIAN_POINT('',(-12.1832365529,3.03515112001,15.8));
#6165 = CIRCLE('',#6166,0.6);
#6166 = AXIS2_PLACEMENT_3D('',#6167,#6168,#6169);
#6167 = CARTESIAN_POINT('',(-12.30029074611,2.446679951768,15.8));
#6168 = DIRECTION('',(0.,0.,1.));
#6169 = DIRECTION('',(-0.980785280403,0.195090322016,0.));
#6170 = ORIENTED_EDGE('',*,*,#6171,.F.);
#6171 = EDGE_CURVE('',#6172,#6163,#6174,.T.);
#6172 = VERTEX_POINT('',#6173);
#6173 = CARTESIAN_POINT('',(-12.1832365529,3.03515112001,16.));
#6174 = LINE('',#6175,#6176);
#6175 = CARTESIAN_POINT('',(-12.1832365529,3.03515112001,16.));
#6176 = VECTOR('',#6177,1.);
#6177 = DIRECTION('',(0.,-0.,-1.));
#6178 = ORIENTED_EDGE('',*,*,#6179,.F.);
#6179 = EDGE_CURVE('',#6153,#6172,#6180,.T.);
#6180 = CIRCLE('',#6181,0.6);
#6181 = AXIS2_PLACEMENT_3D('',#6182,#6183,#6184);
#6182 = CARTESIAN_POINT('',(-12.30029074611,2.446679951768,16.));
#6183 = DIRECTION('',(0.,0.,1.));
#6184 = DIRECTION('',(-0.980785280403,0.195090322016,0.));
#6185 = CYLINDRICAL_SURFACE('',#6186,0.6);
#6186 = AXIS2_PLACEMENT_3D('',#6187,#6188,#6189);
#6187 = CARTESIAN_POINT('',(-12.30029074611,2.446679951768,16.));
#6188 = DIRECTION('',(0.,0.,1.));
#6189 = DIRECTION('',(-0.980785280403,0.195090322016,0.));
#6190 = ADVANCED_FACE('',(#6191),#6216,.T.);
#6191 = FACE_BOUND('',#6192,.T.);
#6192 = EDGE_LOOP('',(#6193,#6194,#6202,#6210));
#6193 = ORIENTED_EDGE('',*,*,#6171,.T.);
#6194 = ORIENTED_EDGE('',*,*,#6195,.T.);
#6195 = EDGE_CURVE('',#6163,#6196,#6198,.T.);
#6196 = VERTEX_POINT('',#6197);
#6197 = CARTESIAN_POINT('',(-12.57555066506,3.113187248817,15.8));
#6198 = LINE('',#6199,#6200);
#6199 = CARTESIAN_POINT('',(-12.1832365529,3.03515112001,15.8));
#6200 = VECTOR('',#6201,1.);
#6201 = DIRECTION('',(-0.980785280403,0.195090322016,0.));
#6202 = ORIENTED_EDGE('',*,*,#6203,.F.);
#6203 = EDGE_CURVE('',#6204,#6196,#6206,.T.);
#6204 = VERTEX_POINT('',#6205);
#6205 = CARTESIAN_POINT('',(-12.57555066506,3.113187248817,16.));
#6206 = LINE('',#6207,#6208);
#6207 = CARTESIAN_POINT('',(-12.57555066506,3.113187248817,16.));
#6208 = VECTOR('',#6209,1.);
#6209 = DIRECTION('',(0.,-0.,-1.));
#6210 = ORIENTED_EDGE('',*,*,#6211,.F.);
#6211 = EDGE_CURVE('',#6172,#6204,#6212,.T.);
#6212 = LINE('',#6213,#6214);
#6213 = CARTESIAN_POINT('',(-12.1832365529,3.03515112001,16.));
#6214 = VECTOR('',#6215,1.);
#6215 = DIRECTION('',(-0.980785280403,0.195090322016,0.));
#6216 = PLANE('',#6217);
#6217 = AXIS2_PLACEMENT_3D('',#6218,#6219,#6220);
#6218 = CARTESIAN_POINT('',(-12.1832365529,3.03515112001,16.));
#6219 = DIRECTION('',(0.195090322016,0.980785280403,0.));
#6220 = DIRECTION('',(-0.980785280403,0.195090322016,0.));
#6221 = ADVANCED_FACE('',(#6222),#6249,.T.);
#6222 = FACE_BOUND('',#6223,.T.);
#6223 = EDGE_LOOP('',(#6224,#6225,#6234,#6242));
#6224 = ORIENTED_EDGE('',*,*,#6203,.T.);
#6225 = ORIENTED_EDGE('',*,*,#6226,.T.);
#6226 = EDGE_CURVE('',#6196,#6227,#6229,.T.);
#6227 = VERTEX_POINT('',#6228);
#6228 = CARTESIAN_POINT('',(-12.80965905148,1.936244912333,15.8));
#6229 = CIRCLE('',#6230,0.6);
#6230 = AXIS2_PLACEMENT_3D('',#6231,#6232,#6233);
#6231 = CARTESIAN_POINT('',(-12.69260485827,2.524716080575,15.8));
#6232 = DIRECTION('',(0.,0.,1.));
#6233 = DIRECTION('',(-0.980785280403,0.195090322016,0.));
#6234 = ORIENTED_EDGE('',*,*,#6235,.F.);
#6235 = EDGE_CURVE('',#6236,#6227,#6238,.T.);
#6236 = VERTEX_POINT('',#6237);
#6237 = CARTESIAN_POINT('',(-12.80965905148,1.936244912333,16.));
#6238 = LINE('',#6239,#6240);
#6239 = CARTESIAN_POINT('',(-12.80965905148,1.936244912333,16.));
#6240 = VECTOR('',#6241,1.);
#6241 = DIRECTION('',(0.,-0.,-1.));
#6242 = ORIENTED_EDGE('',*,*,#6243,.F.);
#6243 = EDGE_CURVE('',#6204,#6236,#6244,.T.);
#6244 = CIRCLE('',#6245,0.6);
#6245 = AXIS2_PLACEMENT_3D('',#6246,#6247,#6248);
#6246 = CARTESIAN_POINT('',(-12.69260485827,2.524716080575,16.));
#6247 = DIRECTION('',(0.,0.,1.));
#6248 = DIRECTION('',(-0.980785280403,0.195090322016,0.));
#6249 = CYLINDRICAL_SURFACE('',#6250,0.6);
#6250 = AXIS2_PLACEMENT_3D('',#6251,#6252,#6253);
#6251 = CARTESIAN_POINT('',(-12.69260485827,2.524716080575,16.));
#6252 = DIRECTION('',(0.,0.,1.));
#6253 = DIRECTION('',(-0.980785280403,0.195090322016,0.));
#6254 = ADVANCED_FACE('',(#6255),#6271,.F.);
#6255 = FACE_BOUND('',#6256,.F.);
#6256 = EDGE_LOOP('',(#6257,#6258,#6264,#6265));
#6257 = ORIENTED_EDGE('',*,*,#6152,.T.);
#6258 = ORIENTED_EDGE('',*,*,#6259,.T.);
#6259 = EDGE_CURVE('',#6155,#6227,#6260,.T.);
#6260 = LINE('',#6261,#6262);
#6261 = CARTESIAN_POINT('',(-12.41734493932,1.858208783526,15.8));
#6262 = VECTOR('',#6263,1.);
#6263 = DIRECTION('',(-0.980785280403,0.195090322016,0.));
#6264 = ORIENTED_EDGE('',*,*,#6235,.F.);
#6265 = ORIENTED_EDGE('',*,*,#6266,.F.);
#6266 = EDGE_CURVE('',#6153,#6236,#6267,.T.);
#6267 = LINE('',#6268,#6269);
#6268 = CARTESIAN_POINT('',(-12.41734493932,1.858208783526,16.));
#6269 = VECTOR('',#6270,1.);
#6270 = DIRECTION('',(-0.980785280403,0.195090322016,0.));
#6271 = PLANE('',#6272);
#6272 = AXIS2_PLACEMENT_3D('',#6273,#6274,#6275);
#6273 = CARTESIAN_POINT('',(-12.41734493932,1.858208783526,16.));
#6274 = DIRECTION('',(0.195090322016,0.980785280403,0.));
#6275 = DIRECTION('',(-0.980785280403,0.195090322016,0.));
#6276 = ADVANCED_FACE('',(#6277),#6283,.T.);
#6277 = FACE_BOUND('',#6278,.T.);
#6278 = EDGE_LOOP('',(#6279,#6280,#6281,#6282));
#6279 = ORIENTED_EDGE('',*,*,#6179,.T.);
#6280 = ORIENTED_EDGE('',*,*,#6211,.T.);
#6281 = ORIENTED_EDGE('',*,*,#6243,.T.);
#6282 = ORIENTED_EDGE('',*,*,#6266,.F.);
#6283 = PLANE('',#6284);
#6284 = AXIS2_PLACEMENT_3D('',#6285,#6286,#6287);
#6285 = CARTESIAN_POINT('',(-12.49644780219,2.485698016171,16.));
#6286 = DIRECTION('',(0.,0.,1.));
#6287 = DIRECTION('',(0.707106781187,0.707106781187,0.));
#6288 = ADVANCED_FACE('',(#6289),#6295,.F.);
#6289 = FACE_BOUND('',#6290,.F.);
#6290 = EDGE_LOOP('',(#6291,#6292,#6293,#6294));
#6291 = ORIENTED_EDGE('',*,*,#6162,.T.);
#6292 = ORIENTED_EDGE('',*,*,#6195,.T.);
#6293 = ORIENTED_EDGE('',*,*,#6226,.T.);
#6294 = ORIENTED_EDGE('',*,*,#6259,.F.);
#6295 = PLANE('',#6296);
#6296 = AXIS2_PLACEMENT_3D('',#6297,#6298,#6299);
#6297 = CARTESIAN_POINT('',(-12.49644780219,2.485698016171,15.8));
#6298 = DIRECTION('',(0.,0.,1.));
#6299 = DIRECTION('',(0.707106781187,0.707106781187,0.));
#6300 = MANIFOLD_SOLID_BREP('',#6301);
#6301 = CLOSED_SHELL('',(#6302,#6344,#6375,#6408,#6430,#6442));
#6302 = ADVANCED_FACE('',(#6303),#6339,.T.);
#6303 = FACE_BOUND('',#6304,.T.);
#6304 = EDGE_LOOP('',(#6305,#6315,#6324,#6332));
#6305 = ORIENTED_EDGE('',*,*,#6306,.T.);
#6306 = EDGE_CURVE('',#6307,#6309,#6311,.T.);
#6307 = VERTEX_POINT('',#6308);
#6308 = CARTESIAN_POINT('',(10.094340842622,7.466436779238,16.));
#6309 = VERTEX_POINT('',#6310);
#6310 = CARTESIAN_POINT('',(10.094340842622,7.466436779238,15.8));
#6311 = LINE('',#6312,#6313);
#6312 = CARTESIAN_POINT('',(10.094340842622,7.466436779238,16.));
#6313 = VECTOR('',#6314,1.);
#6314 = DIRECTION('',(0.,-0.,-1.));
#6315 = ORIENTED_EDGE('',*,*,#6316,.T.);
#6316 = EDGE_CURVE('',#6309,#6317,#6319,.T.);
#6317 = VERTEX_POINT('',#6318);
#6318 = CARTESIAN_POINT('',(10.761025122245,6.468673244475,15.8));
#6319 = CIRCLE('',#6320,0.6);
#6320 = AXIS2_PLACEMENT_3D('',#6321,#6322,#6323);
#6321 = CARTESIAN_POINT('',(10.427682982434,6.967555011857,15.8));
#6322 = DIRECTION('',(0.,-0.,1.));
#6323 = DIRECTION('',(0.831469612303,0.55557023302,0.));
#6324 = ORIENTED_EDGE('',*,*,#6325,.F.);
#6325 = EDGE_CURVE('',#6326,#6317,#6328,.T.);
#6326 = VERTEX_POINT('',#6327);
#6327 = CARTESIAN_POINT('',(10.761025122245,6.468673244475,16.));
#6328 = LINE('',#6329,#6330);
#6329 = CARTESIAN_POINT('',(10.761025122245,6.468673244475,16.));
#6330 = VECTOR('',#6331,1.);
#6331 = DIRECTION('',(0.,-0.,-1.));
#6332 = ORIENTED_EDGE('',*,*,#6333,.F.);
#6333 = EDGE_CURVE('',#6307,#6326,#6334,.T.);
#6334 = CIRCLE('',#6335,0.6);
#6335 = AXIS2_PLACEMENT_3D('',#6336,#6337,#6338);
#6336 = CARTESIAN_POINT('',(10.427682982434,6.967555011857,16.));
#6337 = DIRECTION('',(0.,-0.,1.));
#6338 = DIRECTION('',(0.831469612303,0.55557023302,0.));
#6339 = CYLINDRICAL_SURFACE('',#6340,0.6);
#6340 = AXIS2_PLACEMENT_3D('',#6341,#6342,#6343);
#6341 = CARTESIAN_POINT('',(10.427682982434,6.967555011857,16.));
#6342 = DIRECTION('',(0.,0.,1.));
#6343 = DIRECTION('',(0.831469612303,0.55557023302,0.));
#6344 = ADVANCED_FACE('',(#6345),#6370,.T.);
#6345 = FACE_BOUND('',#6346,.T.);
#6346 = EDGE_LOOP('',(#6347,#6348,#6356,#6364));
#6347 = ORIENTED_EDGE('',*,*,#6325,.T.);
#6348 = ORIENTED_EDGE('',*,*,#6349,.T.);
#6349 = EDGE_CURVE('',#6317,#6350,#6352,.T.);
#6350 = VERTEX_POINT('',#6351);
#6351 = CARTESIAN_POINT('',(11.093612967166,6.690901337683,15.8));
#6352 = LINE('',#6353,#6354);
#6353 = CARTESIAN_POINT('',(10.761025122245,6.468673244475,15.8));
#6354 = VECTOR('',#6355,1.);
#6355 = DIRECTION('',(0.831469612303,0.55557023302,0.));
#6356 = ORIENTED_EDGE('',*,*,#6357,.F.);
#6357 = EDGE_CURVE('',#6358,#6350,#6360,.T.);
#6358 = VERTEX_POINT('',#6359);
#6359 = CARTESIAN_POINT('',(11.093612967166,6.690901337683,16.));
#6360 = LINE('',#6361,#6362);
#6361 = CARTESIAN_POINT('',(11.093612967166,6.690901337683,16.));
#6362 = VECTOR('',#6363,1.);
#6363 = DIRECTION('',(0.,-0.,-1.));
#6364 = ORIENTED_EDGE('',*,*,#6365,.F.);
#6365 = EDGE_CURVE('',#6326,#6358,#6366,.T.);
#6366 = LINE('',#6367,#6368);
#6367 = CARTESIAN_POINT('',(10.761025122245,6.468673244475,16.));
#6368 = VECTOR('',#6369,1.);
#6369 = DIRECTION('',(0.831469612303,0.55557023302,0.));
#6370 = PLANE('',#6371);
#6371 = AXIS2_PLACEMENT_3D('',#6372,#6373,#6374);
#6372 = CARTESIAN_POINT('',(10.761025122245,6.468673244475,16.));
#6373 = DIRECTION('',(0.55557023302,-0.831469612303,0.));
#6374 = DIRECTION('',(0.831469612303,0.55557023302,0.));
#6375 = ADVANCED_FACE('',(#6376),#6403,.T.);
#6376 = FACE_BOUND('',#6377,.T.);
#6377 = EDGE_LOOP('',(#6378,#6379,#6388,#6396));
#6378 = ORIENTED_EDGE('',*,*,#6357,.T.);
#6379 = ORIENTED_EDGE('',*,*,#6380,.T.);
#6380 = EDGE_CURVE('',#6350,#6381,#6383,.T.);
#6381 = VERTEX_POINT('',#6382);
#6382 = CARTESIAN_POINT('',(10.426928687543,7.688664872446,15.8));
#6383 = CIRCLE('',#6384,0.6);
#6384 = AXIS2_PLACEMENT_3D('',#6385,#6386,#6387);
#6385 = CARTESIAN_POINT('',(10.760270827355,7.189783105065,15.8));
#6386 = DIRECTION('',(0.,-0.,1.));
#6387 = DIRECTION('',(0.831469612303,0.55557023302,0.));
#6388 = ORIENTED_EDGE('',*,*,#6389,.F.);
#6389 = EDGE_CURVE('',#6390,#6381,#6392,.T.);
#6390 = VERTEX_POINT('',#6391);
#6391 = CARTESIAN_POINT('',(10.426928687543,7.688664872446,16.));
#6392 = LINE('',#6393,#6394);
#6393 = CARTESIAN_POINT('',(10.426928687543,7.688664872446,16.));
#6394 = VECTOR('',#6395,1.);
#6395 = DIRECTION('',(0.,-0.,-1.));
#6396 = ORIENTED_EDGE('',*,*,#6397,.F.);
#6397 = EDGE_CURVE('',#6358,#6390,#6398,.T.);
#6398 = CIRCLE('',#6399,0.6);
#6399 = AXIS2_PLACEMENT_3D('',#6400,#6401,#6402);
#6400 = CARTESIAN_POINT('',(10.760270827355,7.189783105065,16.));
#6401 = DIRECTION('',(0.,-0.,1.));
#6402 = DIRECTION('',(0.831469612303,0.55557023302,0.));
#6403 = CYLINDRICAL_SURFACE('',#6404,0.6);
#6404 = AXIS2_PLACEMENT_3D('',#6405,#6406,#6407);
#6405 = CARTESIAN_POINT('',(10.760270827355,7.189783105065,16.));
#6406 = DIRECTION('',(0.,0.,1.));
#6407 = DIRECTION('',(0.831469612303,0.55557023302,0.));
#6408 = ADVANCED_FACE('',(#6409),#6425,.F.);
#6409 = FACE_BOUND('',#6410,.F.);
#6410 = EDGE_LOOP('',(#6411,#6412,#6418,#6419));
#6411 = ORIENTED_EDGE('',*,*,#6306,.T.);
#6412 = ORIENTED_EDGE('',*,*,#6413,.T.);
#6413 = EDGE_CURVE('',#6309,#6381,#6414,.T.);
#6414 = LINE('',#6415,#6416);
#6415 = CARTESIAN_POINT('',(10.094340842622,7.466436779238,15.8));
#6416 = VECTOR('',#6417,1.);
#6417 = DIRECTION('',(0.831469612303,0.55557023302,0.));
#6418 = ORIENTED_EDGE('',*,*,#6389,.F.);
#6419 = ORIENTED_EDGE('',*,*,#6420,.F.);
#6420 = EDGE_CURVE('',#6307,#6390,#6421,.T.);
#6421 = LINE('',#6422,#6423);
#6422 = CARTESIAN_POINT('',(10.094340842622,7.466436779238,16.));
#6423 = VECTOR('',#6424,1.);
#6424 = DIRECTION('',(0.831469612303,0.55557023302,0.));
#6425 = PLANE('',#6426);
#6426 = AXIS2_PLACEMENT_3D('',#6427,#6428,#6429);
#6427 = CARTESIAN_POINT('',(10.094340842622,7.466436779238,16.));
#6428 = DIRECTION('',(0.55557023302,-0.831469612303,0.));
#6429 = DIRECTION('',(0.831469612303,0.55557023302,0.));
#6430 = ADVANCED_FACE('',(#6431),#6437,.T.);
#6431 = FACE_BOUND('',#6432,.T.);
#6432 = EDGE_LOOP('',(#6433,#6434,#6435,#6436));
#6433 = ORIENTED_EDGE('',*,*,#6333,.T.);
#6434 = ORIENTED_EDGE('',*,*,#6365,.T.);
#6435 = ORIENTED_EDGE('',*,*,#6397,.T.);
#6436 = ORIENTED_EDGE('',*,*,#6420,.F.);
#6437 = PLANE('',#6438);
#6438 = AXIS2_PLACEMENT_3D('',#6439,#6440,#6441);
#6439 = CARTESIAN_POINT('',(10.593976904894,7.078669058461,16.));
#6440 = DIRECTION('',(0.,0.,1.));
#6441 = DIRECTION('',(0.923879532511,-0.382683432365,0.));
#6442 = ADVANCED_FACE('',(#6443),#6449,.F.);
#6443 = FACE_BOUND('',#6444,.F.);
#6444 = EDGE_LOOP('',(#6445,#6446,#6447,#6448));
#6445 = ORIENTED_EDGE('',*,*,#6316,.T.);
#6446 = ORIENTED_EDGE('',*,*,#6349,.T.);
#6447 = ORIENTED_EDGE('',*,*,#6380,.T.);
#6448 = ORIENTED_EDGE('',*,*,#6413,.F.);
#6449 = PLANE('',#6450);
#6450 = AXIS2_PLACEMENT_3D('',#6451,#6452,#6453);
#6451 = CARTESIAN_POINT('',(10.593976904894,7.078669058461,15.8));
#6452 = DIRECTION('',(0.,0.,1.));
#6453 = DIRECTION('',(0.923879532511,-0.382683432365,0.));
#6454 = MANIFOLD_SOLID_BREP('',#6455);
#6455 = CLOSED_SHELL('',(#6456,#6498,#6529,#6562,#6584,#6596));
#6456 = ADVANCED_FACE('',(#6457),#6493,.T.);
#6457 = FACE_BOUND('',#6458,.T.);
#6458 = EDGE_LOOP('',(#6459,#6469,#6478,#6486));
#6459 = ORIENTED_EDGE('',*,*,#6460,.T.);
#6460 = EDGE_CURVE('',#6461,#6463,#6465,.T.);
#6461 = VERTEX_POINT('',#6462);
#6462 = CARTESIAN_POINT('',(12.183236552907,3.03515112001,16.));
#6463 = VERTEX_POINT('',#6464);
#6464 = CARTESIAN_POINT('',(12.183236552907,3.03515112001,15.8));
#6465 = LINE('',#6466,#6467);
#6466 = CARTESIAN_POINT('',(12.183236552907,3.03515112001,16.));
#6467 = VECTOR('',#6468,1.);
#6468 = DIRECTION('',(0.,0.,-1.));
#6469 = ORIENTED_EDGE('',*,*,#6470,.T.);
#6470 = EDGE_CURVE('',#6463,#6471,#6473,.T.);
#6471 = VERTEX_POINT('',#6472);
#6472 = CARTESIAN_POINT('',(12.417344939326,1.858208783526,15.8));
#6473 = CIRCLE('',#6474,0.6);
#6474 = AXIS2_PLACEMENT_3D('',#6475,#6476,#6477);
#6475 = CARTESIAN_POINT('',(12.300290746117,2.446679951768,15.8));
#6476 = DIRECTION('',(0.,-0.,1.));
#6477 = DIRECTION('',(0.980785280403,0.195090322016,0.));
#6478 = ORIENTED_EDGE('',*,*,#6479,.F.);
#6479 = EDGE_CURVE('',#6480,#6471,#6482,.T.);
#6480 = VERTEX_POINT('',#6481);
#6481 = CARTESIAN_POINT('',(12.417344939326,1.858208783526,16.));
#6482 = LINE('',#6483,#6484);
#6483 = CARTESIAN_POINT('',(12.417344939326,1.858208783526,16.));
#6484 = VECTOR('',#6485,1.);
#6485 = DIRECTION('',(0.,0.,-1.));
#6486 = ORIENTED_EDGE('',*,*,#6487,.F.);
#6487 = EDGE_CURVE('',#6461,#6480,#6488,.T.);
#6488 = CIRCLE('',#6489,0.6);
#6489 = AXIS2_PLACEMENT_3D('',#6490,#6491,#6492);
#6490 = CARTESIAN_POINT('',(12.300290746117,2.446679951768,16.));
#6491 = DIRECTION('',(0.,-0.,1.));
#6492 = DIRECTION('',(0.980785280403,0.195090322016,0.));
#6493 = CYLINDRICAL_SURFACE('',#6494,0.6);
#6494 = AXIS2_PLACEMENT_3D('',#6495,#6496,#6497);
#6495 = CARTESIAN_POINT('',(12.300290746117,2.446679951768,16.));
#6496 = DIRECTION('',(0.,0.,1.));
#6497 = DIRECTION('',(0.980785280403,0.195090322016,0.));
#6498 = ADVANCED_FACE('',(#6499),#6524,.T.);
#6499 = FACE_BOUND('',#6500,.T.);
#6500 = EDGE_LOOP('',(#6501,#6502,#6510,#6518));
#6501 = ORIENTED_EDGE('',*,*,#6479,.T.);
#6502 = ORIENTED_EDGE('',*,*,#6503,.T.);
#6503 = EDGE_CURVE('',#6471,#6504,#6506,.T.);
#6504 = VERTEX_POINT('',#6505);
#6505 = CARTESIAN_POINT('',(12.809659051488,1.936244912333,15.8));
#6506 = LINE('',#6507,#6508);
#6507 = CARTESIAN_POINT('',(12.417344939326,1.858208783526,15.8));
#6508 = VECTOR('',#6509,1.);
#6509 = DIRECTION('',(0.980785280403,0.195090322016,0.));
#6510 = ORIENTED_EDGE('',*,*,#6511,.F.);
#6511 = EDGE_CURVE('',#6512,#6504,#6514,.T.);
#6512 = VERTEX_POINT('',#6513);
#6513 = CARTESIAN_POINT('',(12.809659051488,1.936244912333,16.));
#6514 = LINE('',#6515,#6516);
#6515 = CARTESIAN_POINT('',(12.809659051488,1.936244912333,16.));
#6516 = VECTOR('',#6517,1.);
#6517 = DIRECTION('',(0.,0.,-1.));
#6518 = ORIENTED_EDGE('',*,*,#6519,.F.);
#6519 = EDGE_CURVE('',#6480,#6512,#6520,.T.);
#6520 = LINE('',#6521,#6522);
#6521 = CARTESIAN_POINT('',(12.417344939326,1.858208783526,16.));
#6522 = VECTOR('',#6523,1.);
#6523 = DIRECTION('',(0.980785280403,0.195090322016,0.));
#6524 = PLANE('',#6525);
#6525 = AXIS2_PLACEMENT_3D('',#6526,#6527,#6528);
#6526 = CARTESIAN_POINT('',(12.417344939326,1.858208783526,16.));
#6527 = DIRECTION('',(0.195090322016,-0.980785280403,0.));
#6528 = DIRECTION('',(0.980785280403,0.195090322016,0.));
#6529 = ADVANCED_FACE('',(#6530),#6557,.T.);
#6530 = FACE_BOUND('',#6531,.T.);
#6531 = EDGE_LOOP('',(#6532,#6533,#6542,#6550));
#6532 = ORIENTED_EDGE('',*,*,#6511,.T.);
#6533 = ORIENTED_EDGE('',*,*,#6534,.T.);
#6534 = EDGE_CURVE('',#6504,#6535,#6537,.T.);
#6535 = VERTEX_POINT('',#6536);
#6536 = CARTESIAN_POINT('',(12.575550665068,3.113187248817,15.8));
#6537 = CIRCLE('',#6538,0.6);
#6538 = AXIS2_PLACEMENT_3D('',#6539,#6540,#6541);
#6539 = CARTESIAN_POINT('',(12.692604858278,2.524716080575,15.8));
#6540 = DIRECTION('',(0.,-0.,1.));
#6541 = DIRECTION('',(0.980785280403,0.195090322016,0.));
#6542 = ORIENTED_EDGE('',*,*,#6543,.F.);
#6543 = EDGE_CURVE('',#6544,#6535,#6546,.T.);
#6544 = VERTEX_POINT('',#6545);
#6545 = CARTESIAN_POINT('',(12.575550665068,3.113187248817,16.));
#6546 = LINE('',#6547,#6548);
#6547 = CARTESIAN_POINT('',(12.575550665068,3.113187248817,16.));
#6548 = VECTOR('',#6549,1.);
#6549 = DIRECTION('',(0.,0.,-1.));
#6550 = ORIENTED_EDGE('',*,*,#6551,.F.);
#6551 = EDGE_CURVE('',#6512,#6544,#6552,.T.);
#6552 = CIRCLE('',#6553,0.6);
#6553 = AXIS2_PLACEMENT_3D('',#6554,#6555,#6556);
#6554 = CARTESIAN_POINT('',(12.692604858278,2.524716080575,16.));
#6555 = DIRECTION('',(0.,-0.,1.));
#6556 = DIRECTION('',(0.980785280403,0.195090322016,0.));
#6557 = CYLINDRICAL_SURFACE('',#6558,0.6);
#6558 = AXIS2_PLACEMENT_3D('',#6559,#6560,#6561);
#6559 = CARTESIAN_POINT('',(12.692604858278,2.524716080575,16.));
#6560 = DIRECTION('',(0.,0.,1.));
#6561 = DIRECTION('',(0.980785280403,0.195090322016,0.));
#6562 = ADVANCED_FACE('',(#6563),#6579,.F.);
#6563 = FACE_BOUND('',#6564,.F.);
#6564 = EDGE_LOOP('',(#6565,#6566,#6572,#6573));
#6565 = ORIENTED_EDGE('',*,*,#6460,.T.);
#6566 = ORIENTED_EDGE('',*,*,#6567,.T.);
#6567 = EDGE_CURVE('',#6463,#6535,#6568,.T.);
#6568 = LINE('',#6569,#6570);
#6569 = CARTESIAN_POINT('',(12.183236552907,3.03515112001,15.8));
#6570 = VECTOR('',#6571,1.);
#6571 = DIRECTION('',(0.980785280403,0.195090322016,0.));
#6572 = ORIENTED_EDGE('',*,*,#6543,.F.);
#6573 = ORIENTED_EDGE('',*,*,#6574,.F.);
#6574 = EDGE_CURVE('',#6461,#6544,#6575,.T.);
#6575 = LINE('',#6576,#6577);
#6576 = CARTESIAN_POINT('',(12.183236552907,3.03515112001,16.));
#6577 = VECTOR('',#6578,1.);
#6578 = DIRECTION('',(0.980785280403,0.195090322016,0.));
#6579 = PLANE('',#6580);
#6580 = AXIS2_PLACEMENT_3D('',#6581,#6582,#6583);
#6581 = CARTESIAN_POINT('',(12.183236552907,3.03515112001,16.));
#6582 = DIRECTION('',(0.195090322016,-0.980785280403,0.));
#6583 = DIRECTION('',(0.980785280403,0.195090322016,0.));
#6584 = ADVANCED_FACE('',(#6585),#6591,.T.);
#6585 = FACE_BOUND('',#6586,.T.);
#6586 = EDGE_LOOP('',(#6587,#6588,#6589,#6590));
#6587 = ORIENTED_EDGE('',*,*,#6487,.T.);
#6588 = ORIENTED_EDGE('',*,*,#6519,.T.);
#6589 = ORIENTED_EDGE('',*,*,#6551,.T.);
#6590 = ORIENTED_EDGE('',*,*,#6574,.F.);
#6591 = PLANE('',#6592);
#6592 = AXIS2_PLACEMENT_3D('',#6593,#6594,#6595);
#6593 = CARTESIAN_POINT('',(12.496447802197,2.485698016171,16.));
#6594 = DIRECTION('',(0.,0.,1.));
#6595 = DIRECTION('',(0.707106781187,-0.707106781187,0.));
#6596 = ADVANCED_FACE('',(#6597),#6603,.F.);
#6597 = FACE_BOUND('',#6598,.F.);
#6598 = EDGE_LOOP('',(#6599,#6600,#6601,#6602));
#6599 = ORIENTED_EDGE('',*,*,#6470,.T.);
#6600 = ORIENTED_EDGE('',*,*,#6503,.T.);
#6601 = ORIENTED_EDGE('',*,*,#6534,.T.);
#6602 = ORIENTED_EDGE('',*,*,#6567,.F.);
#6603 = PLANE('',#6604);
#6604 = AXIS2_PLACEMENT_3D('',#6605,#6606,#6607);
#6605 = CARTESIAN_POINT('',(12.496447802197,2.485698016171,15.8));
#6606 = DIRECTION('',(0.,0.,1.));
#6607 = DIRECTION('',(0.707106781187,-0.707106781187,0.));
#6608 = MANIFOLD_SOLID_BREP('',#6609);
#6609 = CLOSED_SHELL('',(#6610,#6652,#6683,#6716,#6738,#6750));
#6610 = ADVANCED_FACE('',(#6611),#6647,.T.);
#6611 = FACE_BOUND('',#6612,.T.);
#6612 = EDGE_LOOP('',(#6613,#6623,#6632,#6640));
#6613 = ORIENTED_EDGE('',*,*,#6614,.T.);
#6614 = EDGE_CURVE('',#6615,#6617,#6619,.T.);
#6615 = VERTEX_POINT('',#6616);
#6616 = CARTESIAN_POINT('',(-8.302330002005,7.453801864581,16.));
#6617 = VERTEX_POINT('',#6618);
#6618 = CARTESIAN_POINT('',(-8.302330002005,7.453801864581,15.8));
#6619 = LINE('',#6620,#6621);
#6620 = CARTESIAN_POINT('',(-8.302330002005,7.453801864581,16.));
#6621 = VECTOR('',#6622,1.);
#6622 = DIRECTION('',(0.,-0.,-1.));
#6623 = ORIENTED_EDGE('',*,*,#6624,.T.);
#6624 = EDGE_CURVE('',#6617,#6625,#6627,.T.);
#6625 = VERTEX_POINT('',#6626);
#6626 = CARTESIAN_POINT('',(-7.453801864581,8.302330002005,15.8));
#6627 = CIRCLE('',#6628,0.6);
#6628 = AXIS2_PLACEMENT_3D('',#6629,#6630,#6631);
#6629 = CARTESIAN_POINT('',(-7.878065933293,7.878065933293,15.8));
#6630 = DIRECTION('',(0.,0.,1.));
#6631 = DIRECTION('',(-0.707106781187,0.707106781187,0.));
#6632 = ORIENTED_EDGE('',*,*,#6633,.F.);
#6633 = EDGE_CURVE('',#6634,#6625,#6636,.T.);
#6634 = VERTEX_POINT('',#6635);
#6635 = CARTESIAN_POINT('',(-7.453801864581,8.302330002005,16.));
#6636 = LINE('',#6637,#6638);
#6637 = CARTESIAN_POINT('',(-7.453801864581,8.302330002005,16.));
#6638 = VECTOR('',#6639,1.);
#6639 = DIRECTION('',(0.,-0.,-1.));
#6640 = ORIENTED_EDGE('',*,*,#6641,.F.);
#6641 = EDGE_CURVE('',#6615,#6634,#6642,.T.);
#6642 = CIRCLE('',#6643,0.6);
#6643 = AXIS2_PLACEMENT_3D('',#6644,#6645,#6646);
#6644 = CARTESIAN_POINT('',(-7.878065933293,7.878065933293,16.));
#6645 = DIRECTION('',(0.,0.,1.));
#6646 = DIRECTION('',(-0.707106781187,0.707106781187,0.));
#6647 = CYLINDRICAL_SURFACE('',#6648,0.6);
#6648 = AXIS2_PLACEMENT_3D('',#6649,#6650,#6651);
#6649 = CARTESIAN_POINT('',(-7.878065933293,7.878065933293,16.));
#6650 = DIRECTION('',(0.,0.,1.));
#6651 = DIRECTION('',(-0.707106781187,0.707106781187,0.));
#6652 = ADVANCED_FACE('',(#6653),#6678,.T.);
#6653 = FACE_BOUND('',#6654,.T.);
#6654 = EDGE_LOOP('',(#6655,#6656,#6664,#6672));
#6655 = ORIENTED_EDGE('',*,*,#6633,.T.);
#6656 = ORIENTED_EDGE('',*,*,#6657,.T.);
#6657 = EDGE_CURVE('',#6625,#6658,#6660,.T.);
#6658 = VERTEX_POINT('',#6659);
#6659 = CARTESIAN_POINT('',(-8.726594070717,9.57512220814,15.8));
#6660 = LINE('',#6661,#6662);
#6661 = CARTESIAN_POINT('',(-7.453801864581,8.302330002005,15.8));
#6662 = VECTOR('',#6663,1.);
#6663 = DIRECTION('',(-0.707106781187,0.707106781187,0.));
#6664 = ORIENTED_EDGE('',*,*,#6665,.F.);
#6665 = EDGE_CURVE('',#6666,#6658,#6668,.T.);
#6666 = VERTEX_POINT('',#6667);
#6667 = CARTESIAN_POINT('',(-8.726594070717,9.57512220814,16.));
#6668 = LINE('',#6669,#6670);
#6669 = CARTESIAN_POINT('',(-8.726594070717,9.57512220814,16.));
#6670 = VECTOR('',#6671,1.);
#6671 = DIRECTION('',(0.,-0.,-1.));
#6672 = ORIENTED_EDGE('',*,*,#6673,.F.);
#6673 = EDGE_CURVE('',#6634,#6666,#6674,.T.);
#6674 = LINE('',#6675,#6676);
#6675 = CARTESIAN_POINT('',(-7.453801864581,8.302330002005,16.));
#6676 = VECTOR('',#6677,1.);
#6677 = DIRECTION('',(-0.707106781187,0.707106781187,0.));
#6678 = PLANE('',#6679);
#6679 = AXIS2_PLACEMENT_3D('',#6680,#6681,#6682);
#6680 = CARTESIAN_POINT('',(-7.453801864581,8.302330002005,16.));
#6681 = DIRECTION('',(0.707106781187,0.707106781187,0.));
#6682 = DIRECTION('',(-0.707106781187,0.707106781187,0.));
#6683 = ADVANCED_FACE('',(#6684),#6711,.T.);
#6684 = FACE_BOUND('',#6685,.T.);
#6685 = EDGE_LOOP('',(#6686,#6687,#6696,#6704));
#6686 = ORIENTED_EDGE('',*,*,#6665,.T.);
#6687 = ORIENTED_EDGE('',*,*,#6688,.T.);
#6688 = EDGE_CURVE('',#6658,#6689,#6691,.T.);
#6689 = VERTEX_POINT('',#6690);
#6690 = CARTESIAN_POINT('',(-9.57512220814,8.726594070717,15.8));
#6691 = CIRCLE('',#6692,0.6);
#6692 = AXIS2_PLACEMENT_3D('',#6693,#6694,#6695);
#6693 = CARTESIAN_POINT('',(-9.150858139429,9.150858139429,15.8));
#6694 = DIRECTION('',(0.,0.,1.));
#6695 = DIRECTION('',(-0.707106781187,0.707106781187,0.));
#6696 = ORIENTED_EDGE('',*,*,#6697,.F.);
#6697 = EDGE_CURVE('',#6698,#6689,#6700,.T.);
#6698 = VERTEX_POINT('',#6699);
#6699 = CARTESIAN_POINT('',(-9.57512220814,8.726594070717,16.));
#6700 = LINE('',#6701,#6702);
#6701 = CARTESIAN_POINT('',(-9.57512220814,8.726594070717,16.));
#6702 = VECTOR('',#6703,1.);
#6703 = DIRECTION('',(0.,-0.,-1.));
#6704 = ORIENTED_EDGE('',*,*,#6705,.F.);
#6705 = EDGE_CURVE('',#6666,#6698,#6706,.T.);
#6706 = CIRCLE('',#6707,0.6);
#6707 = AXIS2_PLACEMENT_3D('',#6708,#6709,#6710);
#6708 = CARTESIAN_POINT('',(-9.150858139429,9.150858139429,16.));
#6709 = DIRECTION('',(0.,0.,1.));
#6710 = DIRECTION('',(-0.707106781187,0.707106781187,0.));
#6711 = CYLINDRICAL_SURFACE('',#6712,0.6);
#6712 = AXIS2_PLACEMENT_3D('',#6713,#6714,#6715);
#6713 = CARTESIAN_POINT('',(-9.150858139429,9.150858139429,16.));
#6714 = DIRECTION('',(0.,0.,1.));
#6715 = DIRECTION('',(-0.707106781187,0.707106781187,0.));
#6716 = ADVANCED_FACE('',(#6717),#6733,.F.);
#6717 = FACE_BOUND('',#6718,.F.);
#6718 = EDGE_LOOP('',(#6719,#6720,#6726,#6727));
#6719 = ORIENTED_EDGE('',*,*,#6614,.T.);
#6720 = ORIENTED_EDGE('',*,*,#6721,.T.);
#6721 = EDGE_CURVE('',#6617,#6689,#6722,.T.);
#6722 = LINE('',#6723,#6724);
#6723 = CARTESIAN_POINT('',(-8.302330002005,7.453801864581,15.8));
#6724 = VECTOR('',#6725,1.);
#6725 = DIRECTION('',(-0.707106781187,0.707106781187,0.));
#6726 = ORIENTED_EDGE('',*,*,#6697,.F.);
#6727 = ORIENTED_EDGE('',*,*,#6728,.F.);
#6728 = EDGE_CURVE('',#6615,#6698,#6729,.T.);
#6729 = LINE('',#6730,#6731);
#6730 = CARTESIAN_POINT('',(-8.302330002005,7.453801864581,16.));
#6731 = VECTOR('',#6732,1.);
#6732 = DIRECTION('',(-0.707106781187,0.707106781187,0.));
#6733 = PLANE('',#6734);
#6734 = AXIS2_PLACEMENT_3D('',#6735,#6736,#6737);
#6735 = CARTESIAN_POINT('',(-8.302330002005,7.453801864581,16.));
#6736 = DIRECTION('',(0.707106781187,0.707106781187,0.));
#6737 = DIRECTION('',(-0.707106781187,0.707106781187,0.));
#6738 = ADVANCED_FACE('',(#6739),#6745,.T.);
#6739 = FACE_BOUND('',#6740,.T.);
#6740 = EDGE_LOOP('',(#6741,#6742,#6743,#6744));
#6741 = ORIENTED_EDGE('',*,*,#6641,.T.);
#6742 = ORIENTED_EDGE('',*,*,#6673,.T.);
#6743 = ORIENTED_EDGE('',*,*,#6705,.T.);
#6744 = ORIENTED_EDGE('',*,*,#6728,.F.);
#6745 = PLANE('',#6746);
#6746 = AXIS2_PLACEMENT_3D('',#6747,#6748,#6749);
#6747 = CARTESIAN_POINT('',(-8.514462036361,8.514462036361,16.));
#6748 = DIRECTION('',(0.,0.,1.));
#6749 = DIRECTION('',(0.923879532511,0.382683432365,0.));
#6750 = ADVANCED_FACE('',(#6751),#6757,.F.);
#6751 = FACE_BOUND('',#6752,.F.);
#6752 = EDGE_LOOP('',(#6753,#6754,#6755,#6756));
#6753 = ORIENTED_EDGE('',*,*,#6624,.T.);
#6754 = ORIENTED_EDGE('',*,*,#6657,.T.);
#6755 = ORIENTED_EDGE('',*,*,#6688,.T.);
#6756 = ORIENTED_EDGE('',*,*,#6721,.F.);
#6757 = PLANE('',#6758);
#6758 = AXIS2_PLACEMENT_3D('',#6759,#6760,#6761);
#6759 = CARTESIAN_POINT('',(-8.514462036361,8.514462036361,15.8));
#6760 = DIRECTION('',(0.,0.,1.));
#6761 = DIRECTION('',(0.923879532511,0.382683432365,0.));
#6762 = MANIFOLD_SOLID_BREP('',#6763);
#6763 = CLOSED_SHELL('',(#6764,#6806,#6837,#6870,#6892,#6904));
#6764 = ADVANCED_FACE('',(#6765),#6801,.T.);
#6765 = FACE_BOUND('',#6766,.T.);
#6766 = EDGE_LOOP('',(#6767,#6777,#6786,#6794));
#6767 = ORIENTED_EDGE('',*,*,#6768,.T.);
#6768 = EDGE_CURVE('',#6769,#6771,#6773,.T.);
#6769 = VERTEX_POINT('',#6770);
#6770 = CARTESIAN_POINT('',(-10.52279924271,3.709250840286,16.));
#6771 = VERTEX_POINT('',#6772);
#6772 = CARTESIAN_POINT('',(-10.52279924271,3.709250840286,15.8));
#6773 = LINE('',#6774,#6775);
#6774 = CARTESIAN_POINT('',(-10.52279924271,3.709250840286,16.));
#6775 = VECTOR('',#6776,1.);
#6776 = DIRECTION('',(0.,-0.,-1.));
#6777 = ORIENTED_EDGE('',*,*,#6778,.T.);
#6778 = EDGE_CURVE('',#6771,#6779,#6781,.T.);
#6779 = VERTEX_POINT('',#6780);
#6780 = CARTESIAN_POINT('',(-10.06357912387,4.817906279299,15.8));
#6781 = CIRCLE('',#6782,0.6);
#6782 = AXIS2_PLACEMENT_3D('',#6783,#6784,#6785);
#6783 = CARTESIAN_POINT('',(-10.29318918329,4.263578559793,15.8));
#6784 = DIRECTION('',(0.,0.,1.));
#6785 = DIRECTION('',(-0.923879532511,0.382683432365,0.));
#6786 = ORIENTED_EDGE('',*,*,#6787,.F.);
#6787 = EDGE_CURVE('',#6788,#6779,#6790,.T.);
#6788 = VERTEX_POINT('',#6789);
#6789 = CARTESIAN_POINT('',(-10.06357912387,4.817906279299,16.));
#6790 = LINE('',#6791,#6792);
#6791 = CARTESIAN_POINT('',(-10.06357912387,4.817906279299,16.));
#6792 = VECTOR('',#6793,1.);
#6793 = DIRECTION('',(0.,-0.,-1.));
#6794 = ORIENTED_EDGE('',*,*,#6795,.F.);
#6795 = EDGE_CURVE('',#6769,#6788,#6796,.T.);
#6796 = CIRCLE('',#6797,0.6);
#6797 = AXIS2_PLACEMENT_3D('',#6798,#6799,#6800);
#6798 = CARTESIAN_POINT('',(-10.29318918329,4.263578559793,16.));
#6799 = DIRECTION('',(0.,0.,1.));
#6800 = DIRECTION('',(-0.923879532511,0.382683432365,0.));
#6801 = CYLINDRICAL_SURFACE('',#6802,0.6);
#6802 = AXIS2_PLACEMENT_3D('',#6803,#6804,#6805);
#6803 = CARTESIAN_POINT('',(-10.29318918329,4.263578559793,16.));
#6804 = DIRECTION('',(0.,0.,1.));
#6805 = DIRECTION('',(-0.923879532511,0.382683432365,0.));
#6806 = ADVANCED_FACE('',(#6807),#6832,.T.);
#6807 = FACE_BOUND('',#6808,.T.);
#6808 = EDGE_LOOP('',(#6809,#6810,#6818,#6826));
#6809 = ORIENTED_EDGE('',*,*,#6787,.T.);
#6810 = ORIENTED_EDGE('',*,*,#6811,.T.);
#6811 = EDGE_CURVE('',#6779,#6812,#6814,.T.);
#6812 = VERTEX_POINT('',#6813);
#6813 = CARTESIAN_POINT('',(-11.72656228239,5.506736457557,15.8));
#6814 = LINE('',#6815,#6816);
#6815 = CARTESIAN_POINT('',(-10.06357912387,4.817906279299,15.8));
#6816 = VECTOR('',#6817,1.);
#6817 = DIRECTION('',(-0.923879532511,0.382683432365,0.));
#6818 = ORIENTED_EDGE('',*,*,#6819,.F.);
#6819 = EDGE_CURVE('',#6820,#6812,#6822,.T.);
#6820 = VERTEX_POINT('',#6821);
#6821 = CARTESIAN_POINT('',(-11.72656228239,5.506736457557,16.));
#6822 = LINE('',#6823,#6824);
#6823 = CARTESIAN_POINT('',(-11.72656228239,5.506736457557,16.));
#6824 = VECTOR('',#6825,1.);
#6825 = DIRECTION('',(0.,-0.,-1.));
#6826 = ORIENTED_EDGE('',*,*,#6827,.F.);
#6827 = EDGE_CURVE('',#6788,#6820,#6828,.T.);
#6828 = LINE('',#6829,#6830);
#6829 = CARTESIAN_POINT('',(-10.06357912387,4.817906279299,16.));
#6830 = VECTOR('',#6831,1.);
#6831 = DIRECTION('',(-0.923879532511,0.382683432365,0.));
#6832 = PLANE('',#6833);
#6833 = AXIS2_PLACEMENT_3D('',#6834,#6835,#6836);
#6834 = CARTESIAN_POINT('',(-10.06357912387,4.817906279299,16.));
#6835 = DIRECTION('',(0.382683432365,0.923879532511,0.));
#6836 = DIRECTION('',(-0.923879532511,0.382683432365,0.));
#6837 = ADVANCED_FACE('',(#6838),#6865,.T.);
#6838 = FACE_BOUND('',#6839,.T.);
#6839 = EDGE_LOOP('',(#6840,#6841,#6850,#6858));
#6840 = ORIENTED_EDGE('',*,*,#6819,.T.);
#6841 = ORIENTED_EDGE('',*,*,#6842,.T.);
#6842 = EDGE_CURVE('',#6812,#6843,#6845,.T.);
#6843 = VERTEX_POINT('',#6844);
#6844 = CARTESIAN_POINT('',(-12.18578240123,4.398081018543,15.8));
#6845 = CIRCLE('',#6846,0.6);
#6846 = AXIS2_PLACEMENT_3D('',#6847,#6848,#6849);
#6847 = CARTESIAN_POINT('',(-11.95617234181,4.95240873805,15.8));
#6848 = DIRECTION('',(0.,0.,1.));
#6849 = DIRECTION('',(-0.923879532511,0.382683432365,0.));
#6850 = ORIENTED_EDGE('',*,*,#6851,.F.);
#6851 = EDGE_CURVE('',#6852,#6843,#6854,.T.);
#6852 = VERTEX_POINT('',#6853);
#6853 = CARTESIAN_POINT('',(-12.18578240123,4.398081018543,16.));
#6854 = LINE('',#6855,#6856);
#6855 = CARTESIAN_POINT('',(-12.18578240123,4.398081018543,16.));
#6856 = VECTOR('',#6857,1.);
#6857 = DIRECTION('',(0.,-0.,-1.));
#6858 = ORIENTED_EDGE('',*,*,#6859,.F.);
#6859 = EDGE_CURVE('',#6820,#6852,#6860,.T.);
#6860 = CIRCLE('',#6861,0.6);
#6861 = AXIS2_PLACEMENT_3D('',#6862,#6863,#6864);
#6862 = CARTESIAN_POINT('',(-11.95617234181,4.95240873805,16.));
#6863 = DIRECTION('',(0.,0.,1.));
#6864 = DIRECTION('',(-0.923879532511,0.382683432365,0.));
#6865 = CYLINDRICAL_SURFACE('',#6866,0.6);
#6866 = AXIS2_PLACEMENT_3D('',#6867,#6868,#6869);
#6867 = CARTESIAN_POINT('',(-11.95617234181,4.95240873805,16.));
#6868 = DIRECTION('',(0.,0.,1.));
#6869 = DIRECTION('',(-0.923879532511,0.382683432365,0.));
#6870 = ADVANCED_FACE('',(#6871),#6887,.F.);
#6871 = FACE_BOUND('',#6872,.F.);
#6872 = EDGE_LOOP('',(#6873,#6874,#6880,#6881));
#6873 = ORIENTED_EDGE('',*,*,#6768,.T.);
#6874 = ORIENTED_EDGE('',*,*,#6875,.T.);
#6875 = EDGE_CURVE('',#6771,#6843,#6876,.T.);
#6876 = LINE('',#6877,#6878);
#6877 = CARTESIAN_POINT('',(-10.52279924271,3.709250840286,15.8));
#6878 = VECTOR('',#6879,1.);
#6879 = DIRECTION('',(-0.923879532511,0.382683432365,0.));
#6880 = ORIENTED_EDGE('',*,*,#6851,.F.);
#6881 = ORIENTED_EDGE('',*,*,#6882,.F.);
#6882 = EDGE_CURVE('',#6769,#6852,#6883,.T.);
#6883 = LINE('',#6884,#6885);
#6884 = CARTESIAN_POINT('',(-10.52279924271,3.709250840286,16.));
#6885 = VECTOR('',#6886,1.);
#6886 = DIRECTION('',(-0.923879532511,0.382683432365,0.));
#6887 = PLANE('',#6888);
#6888 = AXIS2_PLACEMENT_3D('',#6889,#6890,#6891);
#6889 = CARTESIAN_POINT('',(-10.52279924271,3.709250840286,16.));
#6890 = DIRECTION('',(0.382683432365,0.923879532511,0.));
#6891 = DIRECTION('',(-0.923879532511,0.382683432365,0.));
#6892 = ADVANCED_FACE('',(#6893),#6899,.T.);
#6893 = FACE_BOUND('',#6894,.T.);
#6894 = EDGE_LOOP('',(#6895,#6896,#6897,#6898));
#6895 = ORIENTED_EDGE('',*,*,#6795,.T.);
#6896 = ORIENTED_EDGE('',*,*,#6827,.T.);
#6897 = ORIENTED_EDGE('',*,*,#6859,.T.);
#6898 = ORIENTED_EDGE('',*,*,#6882,.F.);
#6899 = PLANE('',#6900);
#6900 = AXIS2_PLACEMENT_3D('',#6901,#6902,#6903);
#6901 = CARTESIAN_POINT('',(-11.12468076255,4.607993648921,16.));
#6902 = DIRECTION('',(0.,0.,1.));
#6903 = DIRECTION('',(0.707106781187,0.707106781187,0.));
#6904 = ADVANCED_FACE('',(#6905),#6911,.F.);
#6905 = FACE_BOUND('',#6906,.F.);
#6906 = EDGE_LOOP('',(#6907,#6908,#6909,#6910));
#6907 = ORIENTED_EDGE('',*,*,#6778,.T.);
#6908 = ORIENTED_EDGE('',*,*,#6811,.T.);
#6909 = ORIENTED_EDGE('',*,*,#6842,.T.);
#6910 = ORIENTED_EDGE('',*,*,#6875,.F.);
#6911 = PLANE('',#6912);
#6912 = AXIS2_PLACEMENT_3D('',#6913,#6914,#6915);
#6913 = CARTESIAN_POINT('',(-11.12468076255,4.607993648921,15.8));
#6914 = DIRECTION('',(0.,0.,1.));
#6915 = DIRECTION('',(0.707106781187,0.707106781187,0.));
#6916 = MANIFOLD_SOLID_BREP('',#6917);
#6917 = CLOSED_SHELL('',(#6918,#6960,#6991,#7024,#7046,#7058));
#6918 = ADVANCED_FACE('',(#6919),#6955,.T.);
#6919 = FACE_BOUND('',#6920,.T.);
#6920 = EDGE_LOOP('',(#6921,#6931,#6940,#6948));
#6921 = ORIENTED_EDGE('',*,*,#6922,.T.);
#6922 = EDGE_CURVE('',#6923,#6925,#6927,.T.);
#6923 = VERTEX_POINT('',#6924);
#6924 = CARTESIAN_POINT('',(-11.14126768813,-0.6,16.));
#6925 = VERTEX_POINT('',#6926);
#6926 = CARTESIAN_POINT('',(-11.14126768813,-0.6,15.8));
#6927 = LINE('',#6928,#6929);
#6928 = CARTESIAN_POINT('',(-11.14126768813,-0.6,16.));
#6929 = VECTOR('',#6930,1.);
#6930 = DIRECTION('',(0.,0.,-1.));
#6931 = ORIENTED_EDGE('',*,*,#6932,.T.);
#6932 = EDGE_CURVE('',#6925,#6933,#6935,.T.);
#6933 = VERTEX_POINT('',#6934);
#6934 = CARTESIAN_POINT('',(-11.14126768813,0.6,15.8));
#6935 = CIRCLE('',#6936,0.6);
#6936 = AXIS2_PLACEMENT_3D('',#6937,#6938,#6939);
#6937 = CARTESIAN_POINT('',(-11.14126768813,-1.832676710733E-16,15.8));
#6938 = DIRECTION('',(0.,0.,1.));
#6939 = DIRECTION('',(-1.,-1.542508438021E-17,0.));
#6940 = ORIENTED_EDGE('',*,*,#6941,.F.);
#6941 = EDGE_CURVE('',#6942,#6933,#6944,.T.);
#6942 = VERTEX_POINT('',#6943);
#6943 = CARTESIAN_POINT('',(-11.14126768813,0.6,16.));
#6944 = LINE('',#6945,#6946);
#6945 = CARTESIAN_POINT('',(-11.14126768813,0.6,16.));
#6946 = VECTOR('',#6947,1.);
#6947 = DIRECTION('',(0.,0.,-1.));
#6948 = ORIENTED_EDGE('',*,*,#6949,.F.);
#6949 = EDGE_CURVE('',#6923,#6942,#6950,.T.);
#6950 = CIRCLE('',#6951,0.6);
#6951 = AXIS2_PLACEMENT_3D('',#6952,#6953,#6954);
#6952 = CARTESIAN_POINT('',(-11.14126768813,-1.832676710733E-16,16.));
#6953 = DIRECTION('',(0.,0.,1.));
#6954 = DIRECTION('',(-1.,-1.542508438021E-17,0.));
#6955 = CYLINDRICAL_SURFACE('',#6956,0.6);
#6956 = AXIS2_PLACEMENT_3D('',#6957,#6958,#6959);
#6957 = CARTESIAN_POINT('',(-11.14126768813,1.261901059023E-15,16.));
#6958 = DIRECTION('',(0.,0.,1.));
#6959 = DIRECTION('',(-1.,8.137168329974E-17,0.));
#6960 = ADVANCED_FACE('',(#6961),#6986,.T.);
#6961 = FACE_BOUND('',#6962,.T.);
#6962 = EDGE_LOOP('',(#6963,#6964,#6972,#6980));
#6963 = ORIENTED_EDGE('',*,*,#6941,.T.);
#6964 = ORIENTED_EDGE('',*,*,#6965,.T.);
#6965 = EDGE_CURVE('',#6933,#6966,#6968,.T.);
#6966 = VERTEX_POINT('',#6967);
#6967 = CARTESIAN_POINT('',(-12.94126768813,0.6,15.8));
#6968 = LINE('',#6969,#6970);
#6969 = CARTESIAN_POINT('',(-11.14126768813,0.6,15.8));
#6970 = VECTOR('',#6971,1.);
#6971 = DIRECTION('',(-1.,-7.542508438021E-17,0.));
#6972 = ORIENTED_EDGE('',*,*,#6973,.F.);
#6973 = EDGE_CURVE('',#6974,#6966,#6976,.T.);
#6974 = VERTEX_POINT('',#6975);
#6975 = CARTESIAN_POINT('',(-12.94126768813,0.6,16.));
#6976 = LINE('',#6977,#6978);
#6977 = CARTESIAN_POINT('',(-12.94126768813,0.6,16.));
#6978 = VECTOR('',#6979,1.);
#6979 = DIRECTION('',(0.,0.,-1.));
#6980 = ORIENTED_EDGE('',*,*,#6981,.F.);
#6981 = EDGE_CURVE('',#6942,#6974,#6982,.T.);
#6982 = LINE('',#6983,#6984);
#6983 = CARTESIAN_POINT('',(-11.14126768813,0.6,16.));
#6984 = VECTOR('',#6985,1.);
#6985 = DIRECTION('',(-1.,-7.542508438021E-17,0.));
#6986 = PLANE('',#6987);
#6987 = AXIS2_PLACEMENT_3D('',#6988,#6989,#6990);
#6988 = CARTESIAN_POINT('',(-11.14126768813,0.6,16.));
#6989 = DIRECTION('',(6.791148015564E-17,1.,0.));
#6990 = DIRECTION('',(-1.,2.586053206849E-17,0.));
#6991 = ADVANCED_FACE('',(#6992),#7019,.T.);
#6992 = FACE_BOUND('',#6993,.T.);
#6993 = EDGE_LOOP('',(#6994,#6995,#7004,#7012));
#6994 = ORIENTED_EDGE('',*,*,#6973,.T.);
#6995 = ORIENTED_EDGE('',*,*,#6996,.T.);
#6996 = EDGE_CURVE('',#6966,#6997,#6999,.T.);
#6997 = VERTEX_POINT('',#6998);
#6998 = CARTESIAN_POINT('',(-12.94126768813,-0.6,15.8));
#6999 = CIRCLE('',#7000,0.6);
#7000 = AXIS2_PLACEMENT_3D('',#7001,#7002,#7003);
#7001 = CARTESIAN_POINT('',(-12.94126768813,-2.090328229577E-16,15.8));
#7002 = DIRECTION('',(0.,0.,1.));
#7003 = DIRECTION('',(-1.,-1.542508438021E-17,0.));
#7004 = ORIENTED_EDGE('',*,*,#7005,.F.);
#7005 = EDGE_CURVE('',#7006,#6997,#7008,.T.);
#7006 = VERTEX_POINT('',#7007);
#7007 = CARTESIAN_POINT('',(-12.94126768813,-0.6,16.));
#7008 = LINE('',#7009,#7010);
#7009 = CARTESIAN_POINT('',(-12.94126768813,-0.6,16.));
#7010 = VECTOR('',#7011,1.);
#7011 = DIRECTION('',(0.,0.,-1.));
#7012 = ORIENTED_EDGE('',*,*,#7013,.F.);
#7013 = EDGE_CURVE('',#6974,#7006,#7014,.T.);
#7014 = CIRCLE('',#7015,0.6);
#7015 = AXIS2_PLACEMENT_3D('',#7016,#7017,#7018);
#7016 = CARTESIAN_POINT('',(-12.94126768813,-2.090328229577E-16,16.));
#7017 = DIRECTION('',(0.,0.,1.));
#7018 = DIRECTION('',(-1.,-1.542508438021E-17,0.));
#7019 = CYLINDRICAL_SURFACE('',#7020,0.6);
#7020 = AXIS2_PLACEMENT_3D('',#7021,#7022,#7023);
#7021 = CARTESIAN_POINT('',(-12.94126768813,1.611093073699E-15,16.));
#7022 = DIRECTION('',(0.,0.,1.));
#7023 = DIRECTION('',(-1.,8.137168329974E-17,0.));
#7024 = ADVANCED_FACE('',(#7025),#7041,.F.);
#7025 = FACE_BOUND('',#7026,.F.);
#7026 = EDGE_LOOP('',(#7027,#7028,#7034,#7035));
#7027 = ORIENTED_EDGE('',*,*,#6922,.T.);
#7028 = ORIENTED_EDGE('',*,*,#7029,.T.);
#7029 = EDGE_CURVE('',#6925,#6997,#7030,.T.);
#7030 = LINE('',#7031,#7032);
#7031 = CARTESIAN_POINT('',(-11.14126768813,-0.6,15.8));
#7032 = VECTOR('',#7033,1.);
#7033 = DIRECTION('',(-1.,4.457491561979E-17,0.));
#7034 = ORIENTED_EDGE('',*,*,#7005,.F.);
#7035 = ORIENTED_EDGE('',*,*,#7036,.F.);
#7036 = EDGE_CURVE('',#6923,#7006,#7037,.T.);
#7037 = LINE('',#7038,#7039);
#7038 = CARTESIAN_POINT('',(-11.14126768813,-0.6,16.));
#7039 = VECTOR('',#7040,1.);
#7040 = DIRECTION('',(-1.,4.457491561979E-17,0.));
#7041 = PLANE('',#7042);
#7042 = AXIS2_PLACEMENT_3D('',#7043,#7044,#7045);
#7043 = CARTESIAN_POINT('',(-11.14126768813,-0.6,16.));
#7044 = DIRECTION('',(1.234226313869E-16,1.,0.));
#7045 = DIRECTION('',(-1.,1.326572997484E-16,0.));
#7046 = ADVANCED_FACE('',(#7047),#7053,.T.);
#7047 = FACE_BOUND('',#7048,.T.);
#7048 = EDGE_LOOP('',(#7049,#7050,#7051,#7052));
#7049 = ORIENTED_EDGE('',*,*,#6949,.T.);
#7050 = ORIENTED_EDGE('',*,*,#6981,.T.);
#7051 = ORIENTED_EDGE('',*,*,#7013,.T.);
#7052 = ORIENTED_EDGE('',*,*,#7036,.F.);
#7053 = PLANE('',#7054);
#7054 = AXIS2_PLACEMENT_3D('',#7055,#7056,#7057);
#7055 = CARTESIAN_POINT('',(-12.04126768813,3.938825982571E-16,16.));
#7056 = DIRECTION('',(0.,0.,1.));
#7057 = DIRECTION('',(0.382683432365,0.923879532511,0.));
#7058 = ADVANCED_FACE('',(#7059),#7065,.F.);
#7059 = FACE_BOUND('',#7060,.F.);
#7060 = EDGE_LOOP('',(#7061,#7062,#7063,#7064));
#7061 = ORIENTED_EDGE('',*,*,#6932,.T.);
#7062 = ORIENTED_EDGE('',*,*,#6965,.T.);
#7063 = ORIENTED_EDGE('',*,*,#6996,.T.);
#7064 = ORIENTED_EDGE('',*,*,#7029,.F.);
#7065 = PLANE('',#7066);
#7066 = AXIS2_PLACEMENT_3D('',#7067,#7068,#7069);
#7067 = CARTESIAN_POINT('',(-12.04126768813,3.938825982571E-16,15.8));
#7068 = DIRECTION('',(0.,0.,1.));
#7069 = DIRECTION('',(0.382683432365,0.923879532511,0.));
#7070 = MANIFOLD_SOLID_BREP('',#7071);
#7071 = CLOSED_SHELL('',(#7072,#7114,#7145,#7178,#7200,#7212));
#7072 = ADVANCED_FACE('',(#7073),#7109,.T.);
#7073 = FACE_BOUND('',#7074,.T.);
#7074 = EDGE_LOOP('',(#7075,#7085,#7094,#7102));
#7075 = ORIENTED_EDGE('',*,*,#7076,.T.);
#7076 = EDGE_CURVE('',#7077,#7079,#7081,.T.);
#7077 = VERTEX_POINT('',#7078);
#7078 = CARTESIAN_POINT('',(7.453801864581,8.302330002005,16.));
#7079 = VERTEX_POINT('',#7080);
#7080 = CARTESIAN_POINT('',(7.453801864581,8.302330002005,15.8));
#7081 = LINE('',#7082,#7083);
#7082 = CARTESIAN_POINT('',(7.453801864581,8.302330002005,16.));
#7083 = VECTOR('',#7084,1.);
#7084 = DIRECTION('',(0.,-0.,-1.));
#7085 = ORIENTED_EDGE('',*,*,#7086,.T.);
#7086 = EDGE_CURVE('',#7079,#7087,#7089,.T.);
#7087 = VERTEX_POINT('',#7088);
#7088 = CARTESIAN_POINT('',(8.302330002005,7.453801864581,15.8));
#7089 = CIRCLE('',#7090,0.6);
#7090 = AXIS2_PLACEMENT_3D('',#7091,#7092,#7093);
#7091 = CARTESIAN_POINT('',(7.878065933293,7.878065933293,15.8));
#7092 = DIRECTION('',(0.,-0.,1.));
#7093 = DIRECTION('',(0.707106781187,0.707106781187,0.));
#7094 = ORIENTED_EDGE('',*,*,#7095,.F.);
#7095 = EDGE_CURVE('',#7096,#7087,#7098,.T.);
#7096 = VERTEX_POINT('',#7097);
#7097 = CARTESIAN_POINT('',(8.302330002005,7.453801864581,16.));
#7098 = LINE('',#7099,#7100);
#7099 = CARTESIAN_POINT('',(8.302330002005,7.453801864581,16.));
#7100 = VECTOR('',#7101,1.);
#7101 = DIRECTION('',(0.,-0.,-1.));
#7102 = ORIENTED_EDGE('',*,*,#7103,.F.);
#7103 = EDGE_CURVE('',#7077,#7096,#7104,.T.);
#7104 = CIRCLE('',#7105,0.6);
#7105 = AXIS2_PLACEMENT_3D('',#7106,#7107,#7108);
#7106 = CARTESIAN_POINT('',(7.878065933293,7.878065933293,16.));
#7107 = DIRECTION('',(0.,-0.,1.));
#7108 = DIRECTION('',(0.707106781187,0.707106781187,0.));
#7109 = CYLINDRICAL_SURFACE('',#7110,0.6);
#7110 = AXIS2_PLACEMENT_3D('',#7111,#7112,#7113);
#7111 = CARTESIAN_POINT('',(7.878065933293,7.878065933293,16.));
#7112 = DIRECTION('',(0.,0.,1.));
#7113 = DIRECTION('',(0.707106781187,0.707106781187,0.));
#7114 = ADVANCED_FACE('',(#7115),#7140,.T.);
#7115 = FACE_BOUND('',#7116,.T.);
#7116 = EDGE_LOOP('',(#7117,#7118,#7126,#7134));
#7117 = ORIENTED_EDGE('',*,*,#7095,.T.);
#7118 = ORIENTED_EDGE('',*,*,#7119,.T.);
#7119 = EDGE_CURVE('',#7087,#7120,#7122,.T.);
#7120 = VERTEX_POINT('',#7121);
#7121 = CARTESIAN_POINT('',(9.57512220814,8.726594070717,15.8));
#7122 = LINE('',#7123,#7124);
#7123 = CARTESIAN_POINT('',(8.302330002005,7.453801864581,15.8));
#7124 = VECTOR('',#7125,1.);
#7125 = DIRECTION('',(0.707106781187,0.707106781187,0.));
#7126 = ORIENTED_EDGE('',*,*,#7127,.F.);
#7127 = EDGE_CURVE('',#7128,#7120,#7130,.T.);
#7128 = VERTEX_POINT('',#7129);
#7129 = CARTESIAN_POINT('',(9.57512220814,8.726594070717,16.));
#7130 = LINE('',#7131,#7132);
#7131 = CARTESIAN_POINT('',(9.57512220814,8.726594070717,16.));
#7132 = VECTOR('',#7133,1.);
#7133 = DIRECTION('',(0.,-0.,-1.));
#7134 = ORIENTED_EDGE('',*,*,#7135,.F.);
#7135 = EDGE_CURVE('',#7096,#7128,#7136,.T.);
#7136 = LINE('',#7137,#7138);
#7137 = CARTESIAN_POINT('',(8.302330002005,7.453801864581,16.));
#7138 = VECTOR('',#7139,1.);
#7139 = DIRECTION('',(0.707106781187,0.707106781187,0.));
#7140 = PLANE('',#7141);
#7141 = AXIS2_PLACEMENT_3D('',#7142,#7143,#7144);
#7142 = CARTESIAN_POINT('',(8.302330002005,7.453801864581,16.));
#7143 = DIRECTION('',(0.707106781187,-0.707106781187,0.));
#7144 = DIRECTION('',(0.707106781187,0.707106781187,0.));
#7145 = ADVANCED_FACE('',(#7146),#7173,.T.);
#7146 = FACE_BOUND('',#7147,.T.);
#7147 = EDGE_LOOP('',(#7148,#7149,#7158,#7166));
#7148 = ORIENTED_EDGE('',*,*,#7127,.T.);
#7149 = ORIENTED_EDGE('',*,*,#7150,.T.);
#7150 = EDGE_CURVE('',#7120,#7151,#7153,.T.);
#7151 = VERTEX_POINT('',#7152);
#7152 = CARTESIAN_POINT('',(8.726594070717,9.57512220814,15.8));
#7153 = CIRCLE('',#7154,0.6);
#7154 = AXIS2_PLACEMENT_3D('',#7155,#7156,#7157);
#7155 = CARTESIAN_POINT('',(9.150858139429,9.150858139429,15.8));
#7156 = DIRECTION('',(0.,-0.,1.));
#7157 = DIRECTION('',(0.707106781187,0.707106781187,0.));
#7158 = ORIENTED_EDGE('',*,*,#7159,.F.);
#7159 = EDGE_CURVE('',#7160,#7151,#7162,.T.);
#7160 = VERTEX_POINT('',#7161);
#7161 = CARTESIAN_POINT('',(8.726594070717,9.57512220814,16.));
#7162 = LINE('',#7163,#7164);
#7163 = CARTESIAN_POINT('',(8.726594070717,9.57512220814,16.));
#7164 = VECTOR('',#7165,1.);
#7165 = DIRECTION('',(0.,-0.,-1.));
#7166 = ORIENTED_EDGE('',*,*,#7167,.F.);
#7167 = EDGE_CURVE('',#7128,#7160,#7168,.T.);
#7168 = CIRCLE('',#7169,0.6);
#7169 = AXIS2_PLACEMENT_3D('',#7170,#7171,#7172);
#7170 = CARTESIAN_POINT('',(9.150858139429,9.150858139429,16.));
#7171 = DIRECTION('',(0.,-0.,1.));
#7172 = DIRECTION('',(0.707106781187,0.707106781187,0.));
#7173 = CYLINDRICAL_SURFACE('',#7174,0.6);
#7174 = AXIS2_PLACEMENT_3D('',#7175,#7176,#7177);
#7175 = CARTESIAN_POINT('',(9.150858139429,9.150858139429,16.));
#7176 = DIRECTION('',(0.,0.,1.));
#7177 = DIRECTION('',(0.707106781187,0.707106781187,0.));
#7178 = ADVANCED_FACE('',(#7179),#7195,.F.);
#7179 = FACE_BOUND('',#7180,.F.);
#7180 = EDGE_LOOP('',(#7181,#7182,#7188,#7189));
#7181 = ORIENTED_EDGE('',*,*,#7076,.T.);
#7182 = ORIENTED_EDGE('',*,*,#7183,.T.);
#7183 = EDGE_CURVE('',#7079,#7151,#7184,.T.);
#7184 = LINE('',#7185,#7186);
#7185 = CARTESIAN_POINT('',(7.453801864581,8.302330002005,15.8));
#7186 = VECTOR('',#7187,1.);
#7187 = DIRECTION('',(0.707106781187,0.707106781187,0.));
#7188 = ORIENTED_EDGE('',*,*,#7159,.F.);
#7189 = ORIENTED_EDGE('',*,*,#7190,.F.);
#7190 = EDGE_CURVE('',#7077,#7160,#7191,.T.);
#7191 = LINE('',#7192,#7193);
#7192 = CARTESIAN_POINT('',(7.453801864581,8.302330002005,16.));
#7193 = VECTOR('',#7194,1.);
#7194 = DIRECTION('',(0.707106781187,0.707106781187,0.));
#7195 = PLANE('',#7196);
#7196 = AXIS2_PLACEMENT_3D('',#7197,#7198,#7199);
#7197 = CARTESIAN_POINT('',(7.453801864581,8.302330002005,16.));
#7198 = DIRECTION('',(0.707106781187,-0.707106781187,0.));
#7199 = DIRECTION('',(0.707106781187,0.707106781187,0.));
#7200 = ADVANCED_FACE('',(#7201),#7207,.T.);
#7201 = FACE_BOUND('',#7202,.T.);
#7202 = EDGE_LOOP('',(#7203,#7204,#7205,#7206));
#7203 = ORIENTED_EDGE('',*,*,#7103,.T.);
#7204 = ORIENTED_EDGE('',*,*,#7135,.T.);
#7205 = ORIENTED_EDGE('',*,*,#7167,.T.);
#7206 = ORIENTED_EDGE('',*,*,#7190,.F.);
#7207 = PLANE('',#7208);
#7208 = AXIS2_PLACEMENT_3D('',#7209,#7210,#7211);
#7209 = CARTESIAN_POINT('',(8.514462036361,8.514462036361,16.));
#7210 = DIRECTION('',(0.,0.,1.));
#7211 = DIRECTION('',(0.923879532511,-0.382683432365,0.));
#7212 = ADVANCED_FACE('',(#7213),#7219,.F.);
#7213 = FACE_BOUND('',#7214,.F.);
#7214 = EDGE_LOOP('',(#7215,#7216,#7217,#7218));
#7215 = ORIENTED_EDGE('',*,*,#7086,.T.);
#7216 = ORIENTED_EDGE('',*,*,#7119,.T.);
#7217 = ORIENTED_EDGE('',*,*,#7150,.T.);
#7218 = ORIENTED_EDGE('',*,*,#7183,.F.);
#7219 = PLANE('',#7220);
#7220 = AXIS2_PLACEMENT_3D('',#7221,#7222,#7223);
#7221 = CARTESIAN_POINT('',(8.514462036361,8.514462036361,15.8));
#7222 = DIRECTION('',(0.,0.,1.));
#7223 = DIRECTION('',(0.923879532511,-0.382683432365,0.));
#7224 = MANIFOLD_SOLID_BREP('',#7225);
#7225 = CLOSED_SHELL('',(#7226,#7268,#7299,#7332,#7354,#7366));
#7226 = ADVANCED_FACE('',(#7227),#7263,.T.);
#7227 = FACE_BOUND('',#7228,.T.);
#7228 = EDGE_LOOP('',(#7229,#7239,#7248,#7256));
#7229 = ORIENTED_EDGE('',*,*,#7230,.T.);
#7230 = EDGE_CURVE('',#7231,#7233,#7235,.T.);
#7231 = VERTEX_POINT('',#7232);
#7232 = CARTESIAN_POINT('',(10.063579123875,4.817906279299,16.));
#7233 = VERTEX_POINT('',#7234);
#7234 = CARTESIAN_POINT('',(10.063579123875,4.817906279299,15.8));
#7235 = LINE('',#7236,#7237);
#7236 = CARTESIAN_POINT('',(10.063579123875,4.817906279299,16.));
#7237 = VECTOR('',#7238,1.);
#7238 = DIRECTION('',(0.,0.,-1.));
#7239 = ORIENTED_EDGE('',*,*,#7240,.T.);
#7240 = EDGE_CURVE('',#7233,#7241,#7243,.T.);
#7241 = VERTEX_POINT('',#7242);
#7242 = CARTESIAN_POINT('',(10.522799242714,3.709250840286,15.8));
#7243 = CIRCLE('',#7244,0.6);
#7244 = AXIS2_PLACEMENT_3D('',#7245,#7246,#7247);
#7245 = CARTESIAN_POINT('',(10.293189183295,4.263578559793,15.8));
#7246 = DIRECTION('',(0.,-0.,1.));
#7247 = DIRECTION('',(0.923879532511,0.382683432365,0.));
#7248 = ORIENTED_EDGE('',*,*,#7249,.F.);
#7249 = EDGE_CURVE('',#7250,#7241,#7252,.T.);
#7250 = VERTEX_POINT('',#7251);
#7251 = CARTESIAN_POINT('',(10.522799242714,3.709250840286,16.));
#7252 = LINE('',#7253,#7254);
#7253 = CARTESIAN_POINT('',(10.522799242714,3.709250840286,16.));
#7254 = VECTOR('',#7255,1.);
#7255 = DIRECTION('',(0.,0.,-1.));
#7256 = ORIENTED_EDGE('',*,*,#7257,.F.);
#7257 = EDGE_CURVE('',#7231,#7250,#7258,.T.);
#7258 = CIRCLE('',#7259,0.6);
#7259 = AXIS2_PLACEMENT_3D('',#7260,#7261,#7262);
#7260 = CARTESIAN_POINT('',(10.293189183295,4.263578559793,16.));
#7261 = DIRECTION('',(0.,-0.,1.));
#7262 = DIRECTION('',(0.923879532511,0.382683432365,0.));
#7263 = CYLINDRICAL_SURFACE('',#7264,0.6);
#7264 = AXIS2_PLACEMENT_3D('',#7265,#7266,#7267);
#7265 = CARTESIAN_POINT('',(10.293189183295,4.263578559793,16.));
#7266 = DIRECTION('',(0.,0.,1.));
#7267 = DIRECTION('',(0.923879532511,0.382683432365,0.));
#7268 = ADVANCED_FACE('',(#7269),#7294,.T.);
#7269 = FACE_BOUND('',#7270,.T.);
#7270 = EDGE_LOOP('',(#7271,#7272,#7280,#7288));
#7271 = ORIENTED_EDGE('',*,*,#7249,.T.);
#7272 = ORIENTED_EDGE('',*,*,#7273,.T.);
#7273 = EDGE_CURVE('',#7241,#7274,#7276,.T.);
#7274 = VERTEX_POINT('',#7275);
#7275 = CARTESIAN_POINT('',(12.185782401234,4.398081018543,15.8));
#7276 = LINE('',#7277,#7278);
#7277 = CARTESIAN_POINT('',(10.522799242714,3.709250840286,15.8));
#7278 = VECTOR('',#7279,1.);
#7279 = DIRECTION('',(0.923879532511,0.382683432365,0.));
#7280 = ORIENTED_EDGE('',*,*,#7281,.F.);
#7281 = EDGE_CURVE('',#7282,#7274,#7284,.T.);
#7282 = VERTEX_POINT('',#7283);
#7283 = CARTESIAN_POINT('',(12.185782401234,4.398081018543,16.));
#7284 = LINE('',#7285,#7286);
#7285 = CARTESIAN_POINT('',(12.185782401234,4.398081018543,16.));
#7286 = VECTOR('',#7287,1.);
#7287 = DIRECTION('',(0.,0.,-1.));
#7288 = ORIENTED_EDGE('',*,*,#7289,.F.);
#7289 = EDGE_CURVE('',#7250,#7282,#7290,.T.);
#7290 = LINE('',#7291,#7292);
#7291 = CARTESIAN_POINT('',(10.522799242714,3.709250840286,16.));
#7292 = VECTOR('',#7293,1.);
#7293 = DIRECTION('',(0.923879532511,0.382683432365,0.));
#7294 = PLANE('',#7295);
#7295 = AXIS2_PLACEMENT_3D('',#7296,#7297,#7298);
#7296 = CARTESIAN_POINT('',(10.522799242714,3.709250840286,16.));
#7297 = DIRECTION('',(0.382683432365,-0.923879532511,0.));
#7298 = DIRECTION('',(0.923879532511,0.382683432365,0.));
#7299 = ADVANCED_FACE('',(#7300),#7327,.T.);
#7300 = FACE_BOUND('',#7301,.T.);
#7301 = EDGE_LOOP('',(#7302,#7303,#7312,#7320));
#7302 = ORIENTED_EDGE('',*,*,#7281,.T.);
#7303 = ORIENTED_EDGE('',*,*,#7304,.T.);
#7304 = EDGE_CURVE('',#7274,#7305,#7307,.T.);
#7305 = VERTEX_POINT('',#7306);
#7306 = CARTESIAN_POINT('',(11.726562282396,5.506736457557,15.8));
#7307 = CIRCLE('',#7308,0.6);
#7308 = AXIS2_PLACEMENT_3D('',#7309,#7310,#7311);
#7309 = CARTESIAN_POINT('',(11.956172341815,4.95240873805,15.8));
#7310 = DIRECTION('',(0.,-0.,1.));
#7311 = DIRECTION('',(0.923879532511,0.382683432365,0.));
#7312 = ORIENTED_EDGE('',*,*,#7313,.F.);
#7313 = EDGE_CURVE('',#7314,#7305,#7316,.T.);
#7314 = VERTEX_POINT('',#7315);
#7315 = CARTESIAN_POINT('',(11.726562282396,5.506736457557,16.));
#7316 = LINE('',#7317,#7318);
#7317 = CARTESIAN_POINT('',(11.726562282396,5.506736457557,16.));
#7318 = VECTOR('',#7319,1.);
#7319 = DIRECTION('',(0.,0.,-1.));
#7320 = ORIENTED_EDGE('',*,*,#7321,.F.);
#7321 = EDGE_CURVE('',#7282,#7314,#7322,.T.);
#7322 = CIRCLE('',#7323,0.6);
#7323 = AXIS2_PLACEMENT_3D('',#7324,#7325,#7326);
#7324 = CARTESIAN_POINT('',(11.956172341815,4.95240873805,16.));
#7325 = DIRECTION('',(0.,-0.,1.));
#7326 = DIRECTION('',(0.923879532511,0.382683432365,0.));
#7327 = CYLINDRICAL_SURFACE('',#7328,0.6);
#7328 = AXIS2_PLACEMENT_3D('',#7329,#7330,#7331);
#7329 = CARTESIAN_POINT('',(11.956172341815,4.95240873805,16.));
#7330 = DIRECTION('',(0.,0.,1.));
#7331 = DIRECTION('',(0.923879532511,0.382683432365,0.));
#7332 = ADVANCED_FACE('',(#7333),#7349,.F.);
#7333 = FACE_BOUND('',#7334,.F.);
#7334 = EDGE_LOOP('',(#7335,#7336,#7342,#7343));
#7335 = ORIENTED_EDGE('',*,*,#7230,.T.);
#7336 = ORIENTED_EDGE('',*,*,#7337,.T.);
#7337 = EDGE_CURVE('',#7233,#7305,#7338,.T.);
#7338 = LINE('',#7339,#7340);
#7339 = CARTESIAN_POINT('',(10.063579123875,4.817906279299,15.8));
#7340 = VECTOR('',#7341,1.);
#7341 = DIRECTION('',(0.923879532511,0.382683432365,0.));
#7342 = ORIENTED_EDGE('',*,*,#7313,.F.);
#7343 = ORIENTED_EDGE('',*,*,#7344,.F.);
#7344 = EDGE_CURVE('',#7231,#7314,#7345,.T.);
#7345 = LINE('',#7346,#7347);
#7346 = CARTESIAN_POINT('',(10.063579123875,4.817906279299,16.));
#7347 = VECTOR('',#7348,1.);
#7348 = DIRECTION('',(0.923879532511,0.382683432365,0.));
#7349 = PLANE('',#7350);
#7350 = AXIS2_PLACEMENT_3D('',#7351,#7352,#7353);
#7351 = CARTESIAN_POINT('',(10.063579123875,4.817906279299,16.));
#7352 = DIRECTION('',(0.382683432365,-0.923879532511,0.));
#7353 = DIRECTION('',(0.923879532511,0.382683432365,0.));
#7354 = ADVANCED_FACE('',(#7355),#7361,.T.);
#7355 = FACE_BOUND('',#7356,.T.);
#7356 = EDGE_LOOP('',(#7357,#7358,#7359,#7360));
#7357 = ORIENTED_EDGE('',*,*,#7257,.T.);
#7358 = ORIENTED_EDGE('',*,*,#7289,.T.);
#7359 = ORIENTED_EDGE('',*,*,#7321,.T.);
#7360 = ORIENTED_EDGE('',*,*,#7344,.F.);
#7361 = PLANE('',#7362);
#7362 = AXIS2_PLACEMENT_3D('',#7363,#7364,#7365);
#7363 = CARTESIAN_POINT('',(11.124680762555,4.607993648921,16.));
#7364 = DIRECTION('',(0.,0.,1.));
#7365 = DIRECTION('',(0.707106781187,-0.707106781187,0.));
#7366 = ADVANCED_FACE('',(#7367),#7373,.F.);
#7367 = FACE_BOUND('',#7368,.F.);
#7368 = EDGE_LOOP('',(#7369,#7370,#7371,#7372));
#7369 = ORIENTED_EDGE('',*,*,#7240,.T.);
#7370 = ORIENTED_EDGE('',*,*,#7273,.T.);
#7371 = ORIENTED_EDGE('',*,*,#7304,.T.);
#7372 = ORIENTED_EDGE('',*,*,#7337,.F.);
#7373 = PLANE('',#7374);
#7374 = AXIS2_PLACEMENT_3D('',#7375,#7376,#7377);
#7375 = CARTESIAN_POINT('',(11.124680762555,4.607993648921,15.8));
#7376 = DIRECTION('',(0.,0.,1.));
#7377 = DIRECTION('',(0.707106781187,-0.707106781187,0.));
#7378 = MANIFOLD_SOLID_BREP('',#7379);
#7379 = CLOSED_SHELL('',(#7380,#7422,#7453,#7486,#7508,#7520));
#7380 = ADVANCED_FACE('',(#7381),#7417,.T.);
#7381 = FACE_BOUND('',#7382,.T.);
#7382 = EDGE_LOOP('',(#7383,#7393,#7402,#7410));
#7383 = ORIENTED_EDGE('',*,*,#7384,.T.);
#7384 = EDGE_CURVE('',#7385,#7387,#7389,.T.);
#7385 = VERTEX_POINT('',#7386);
#7386 = CARTESIAN_POINT('',(11.141267688132,0.6,16.));
#7387 = VERTEX_POINT('',#7388);
#7388 = CARTESIAN_POINT('',(11.141267688132,0.6,15.8));
#7389 = LINE('',#7390,#7391);
#7390 = CARTESIAN_POINT('',(11.141267688132,0.6,16.));
#7391 = VECTOR('',#7392,1.);
#7392 = DIRECTION('',(0.,0.,-1.));
#7393 = ORIENTED_EDGE('',*,*,#7394,.T.);
#7394 = EDGE_CURVE('',#7387,#7395,#7397,.T.);
#7395 = VERTEX_POINT('',#7396);
#7396 = CARTESIAN_POINT('',(11.141267688132,-0.6,15.8));
#7397 = CIRCLE('',#7398,0.6);
#7398 = AXIS2_PLACEMENT_3D('',#7399,#7400,#7401);
#7399 = CARTESIAN_POINT('',(11.141267688132,-7.032676710733E-16,15.8));
#7400 = DIRECTION('',(-0.,0.,1.));
#7401 = DIRECTION('',(1.,-6.542508438021E-17,0.));
#7402 = ORIENTED_EDGE('',*,*,#7403,.F.);
#7403 = EDGE_CURVE('',#7404,#7395,#7406,.T.);
#7404 = VERTEX_POINT('',#7405);
#7405 = CARTESIAN_POINT('',(11.141267688132,-0.6,16.));
#7406 = LINE('',#7407,#7408);
#7407 = CARTESIAN_POINT('',(11.141267688132,-0.6,16.));
#7408 = VECTOR('',#7409,1.);
#7409 = DIRECTION('',(0.,0.,-1.));
#7410 = ORIENTED_EDGE('',*,*,#7411,.F.);
#7411 = EDGE_CURVE('',#7385,#7404,#7412,.T.);
#7412 = CIRCLE('',#7413,0.6);
#7413 = AXIS2_PLACEMENT_3D('',#7414,#7415,#7416);
#7414 = CARTESIAN_POINT('',(11.141267688132,-7.032676710733E-16,16.));
#7415 = DIRECTION('',(-0.,0.,1.));
#7416 = DIRECTION('',(1.,-6.542508438021E-17,0.));
#7417 = CYLINDRICAL_SURFACE('',#7418,0.6);
#7418 = AXIS2_PLACEMENT_3D('',#7419,#7420,#7421);
#7419 = CARTESIAN_POINT('',(11.141267688132,3.73722639323E-16,16.));
#7420 = DIRECTION('',(0.,0.,1.));
#7421 = DIRECTION('',(1.,-2.119954959765E-17,0.));
#7422 = ADVANCED_FACE('',(#7423),#7448,.T.);
#7423 = FACE_BOUND('',#7424,.T.);
#7424 = EDGE_LOOP('',(#7425,#7426,#7434,#7442));
#7425 = ORIENTED_EDGE('',*,*,#7403,.T.);
#7426 = ORIENTED_EDGE('',*,*,#7427,.T.);
#7427 = EDGE_CURVE('',#7395,#7428,#7430,.T.);
#7428 = VERTEX_POINT('',#7429);
#7429 = CARTESIAN_POINT('',(12.941267688132,-0.6,15.8));
#7430 = LINE('',#7431,#7432);
#7431 = CARTESIAN_POINT('',(11.141267688132,-0.6,15.8));
#7432 = VECTOR('',#7433,1.);
#7433 = DIRECTION('',(1.,-5.425084380212E-18,0.));
#7434 = ORIENTED_EDGE('',*,*,#7435,.F.);
#7435 = EDGE_CURVE('',#7436,#7428,#7438,.T.);
#7436 = VERTEX_POINT('',#7437);
#7437 = CARTESIAN_POINT('',(12.941267688132,-0.6,16.));
#7438 = LINE('',#7439,#7440);
#7439 = CARTESIAN_POINT('',(12.941267688132,-0.6,16.));
#7440 = VECTOR('',#7441,1.);
#7441 = DIRECTION('',(0.,0.,-1.));
#7442 = ORIENTED_EDGE('',*,*,#7443,.F.);
#7443 = EDGE_CURVE('',#7404,#7436,#7444,.T.);
#7444 = LINE('',#7445,#7446);
#7445 = CARTESIAN_POINT('',(11.141267688132,-0.6,16.));
#7446 = VECTOR('',#7447,1.);
#7447 = DIRECTION('',(1.,-5.425084380212E-18,0.));
#7448 = PLANE('',#7449);
#7449 = AXIS2_PLACEMENT_3D('',#7450,#7451,#7452);
#7450 = CARTESIAN_POINT('',(11.141267688132,-0.6,16.));
#7451 = DIRECTION('',(6.791148015564E-17,-1.,0.));
#7452 = DIRECTION('',(1.,2.586053206849E-17,0.));
#7453 = ADVANCED_FACE('',(#7454),#7481,.T.);
#7454 = FACE_BOUND('',#7455,.T.);
#7455 = EDGE_LOOP('',(#7456,#7457,#7466,#7474));
#7456 = ORIENTED_EDGE('',*,*,#7435,.T.);
#7457 = ORIENTED_EDGE('',*,*,#7458,.T.);
#7458 = EDGE_CURVE('',#7428,#7459,#7461,.T.);
#7459 = VERTEX_POINT('',#7460);
#7460 = CARTESIAN_POINT('',(12.941267688132,0.6,15.8));
#7461 = CIRCLE('',#7462,0.6);
#7462 = AXIS2_PLACEMENT_3D('',#7463,#7464,#7465);
#7463 = CARTESIAN_POINT('',(12.941267688132,-8.190328229577E-16,15.8));
#7464 = DIRECTION('',(-0.,0.,1.));
#7465 = DIRECTION('',(1.,-6.542508438021E-17,0.));
#7466 = ORIENTED_EDGE('',*,*,#7467,.F.);
#7467 = EDGE_CURVE('',#7468,#7459,#7470,.T.);
#7468 = VERTEX_POINT('',#7469);
#7469 = CARTESIAN_POINT('',(12.941267688132,0.6,16.));
#7470 = LINE('',#7471,#7472);
#7471 = CARTESIAN_POINT('',(12.941267688132,0.6,16.));
#7472 = VECTOR('',#7473,1.);
#7473 = DIRECTION('',(0.,0.,-1.));
#7474 = ORIENTED_EDGE('',*,*,#7475,.F.);
#7475 = EDGE_CURVE('',#7436,#7468,#7476,.T.);
#7476 = CIRCLE('',#7477,0.6);
#7477 = AXIS2_PLACEMENT_3D('',#7478,#7479,#7480);
#7478 = CARTESIAN_POINT('',(12.941267688132,-8.190328229577E-16,16.));
#7479 = DIRECTION('',(-0.,0.,1.));
#7480 = DIRECTION('',(1.,-6.542508438021E-17,0.));
#7481 = CYLINDRICAL_SURFACE('',#7482,0.6);
#7482 = AXIS2_PLACEMENT_3D('',#7483,#7484,#7485);
#7483 = CARTESIAN_POINT('',(12.941267688132,-9.765520917982E-17,16.));
#7484 = DIRECTION('',(0.,0.,1.));
#7485 = DIRECTION('',(1.,-2.119954959765E-17,0.));
#7486 = ADVANCED_FACE('',(#7487),#7503,.F.);
#7487 = FACE_BOUND('',#7488,.F.);
#7488 = EDGE_LOOP('',(#7489,#7490,#7496,#7497));
#7489 = ORIENTED_EDGE('',*,*,#7384,.T.);
#7490 = ORIENTED_EDGE('',*,*,#7491,.T.);
#7491 = EDGE_CURVE('',#7387,#7459,#7492,.T.);
#7492 = LINE('',#7493,#7494);
#7493 = CARTESIAN_POINT('',(11.141267688132,0.6,15.8));
#7494 = VECTOR('',#7495,1.);
#7495 = DIRECTION('',(1.,-1.254250843802E-16,0.));
#7496 = ORIENTED_EDGE('',*,*,#7467,.F.);
#7497 = ORIENTED_EDGE('',*,*,#7498,.F.);
#7498 = EDGE_CURVE('',#7385,#7468,#7499,.T.);
#7499 = LINE('',#7500,#7501);
#7500 = CARTESIAN_POINT('',(11.141267688132,0.6,16.));
#7501 = VECTOR('',#7502,1.);
#7502 = DIRECTION('',(1.,-1.254250843802E-16,0.));
#7503 = PLANE('',#7504);
#7504 = AXIS2_PLACEMENT_3D('',#7505,#7506,#7507);
#7505 = CARTESIAN_POINT('',(11.141267688132,0.6,16.));
#7506 = DIRECTION('',(-3.008606685105E-17,-1.,0.));
#7507 = DIRECTION('',(1.,-7.671070082891E-17,0.));
#7508 = ADVANCED_FACE('',(#7509),#7515,.T.);
#7509 = FACE_BOUND('',#7510,.T.);
#7510 = EDGE_LOOP('',(#7511,#7512,#7513,#7514));
#7511 = ORIENTED_EDGE('',*,*,#7411,.T.);
#7512 = ORIENTED_EDGE('',*,*,#7443,.T.);
#7513 = ORIENTED_EDGE('',*,*,#7475,.T.);
#7514 = ORIENTED_EDGE('',*,*,#7498,.F.);
#7515 = PLANE('',#7516);
#7516 = AXIS2_PLACEMENT_3D('',#7517,#7518,#7519);
#7517 = CARTESIAN_POINT('',(12.041267688132,-4.266872649221E-16,16.));
#7518 = DIRECTION('',(0.,0.,1.));
#7519 = DIRECTION('',(0.382683432365,-0.923879532511,0.));
#7520 = ADVANCED_FACE('',(#7521),#7527,.F.);
#7521 = FACE_BOUND('',#7522,.F.);
#7522 = EDGE_LOOP('',(#7523,#7524,#7525,#7526));
#7523 = ORIENTED_EDGE('',*,*,#7394,.T.);
#7524 = ORIENTED_EDGE('',*,*,#7427,.T.);
#7525 = ORIENTED_EDGE('',*,*,#7458,.T.);
#7526 = ORIENTED_EDGE('',*,*,#7491,.F.);
#7527 = PLANE('',#7528);
#7528 = AXIS2_PLACEMENT_3D('',#7529,#7530,#7531);
#7529 = CARTESIAN_POINT('',(12.041267688132,-4.266872649221E-16,15.8));
#7530 = DIRECTION('',(0.,0.,1.));
#7531 = DIRECTION('',(0.382683432365,-0.923879532511,0.));
#7532 = ( GEOMETRIC_REPRESENTATION_CONTEXT(3) 
GLOBAL_UNCERTAINTY_ASSIGNED_CONTEXT((#7536)) 
GLOBAL_UNIT_ASSIGNED_CONTEXT((#7533,#7534,#7535)) REPRESENTATION_CONTEXT
('Context #1','3D Context with UNIT and UNCERTAINTY') );
#7533 = ( LENGTH_UNIT() NAMED_UNIT(*) SI_UNIT(.MILLI.,.METRE.) );
#7534 = ( NAMED_UNIT(*) PLANE_ANGLE_UNIT() SI_UNIT($,.RADIAN.) );
#7535 = ( NAMED_UNIT(*) SI_UNIT($,.STERADIAN.) SOLID_ANGLE_UNIT() );
#7536 = UNCERTAINTY_MEASURE_WITH_UNIT(LENGTH_MEASURE(1.E-06),#7533,
  'distance_accuracy_value','confusion accuracy');
#7537 = CONTEXT_DEPENDENT_SHAPE_REPRESENTATION(#7538,#7540);
#7538 = ( REPRESENTATION_RELATIONSHIP('','',#4811,#10) 
REPRESENTATION_RELATIONSHIP_WITH_TRANSFORMATION(#7539) 
SHAPE_REPRESENTATION_RELATIONSHIP() );
#7539 = ITEM_DEFINED_TRANSFORMATION('','',#11,#23);
#7540 = PRODUCT_DEFINITION_SHAPE('Placement','Placement of an item',
  #7541);
#7541 = NEXT_ASSEMBLY_USAGE_OCCURRENCE('17','Modifier Scale','',#5,#4806
  ,$);
#7542 = PRODUCT_RELATED_PRODUCT_CATEGORY('part',$,(#4808));
#7543 = MECHANICAL_DESIGN_GEOMETRIC_PRESENTATION_REPRESENTATION('',(
    #7544),#4721);
#7544 = STYLED_ITEM('color',(#7545),#41);
#7545 = PRESENTATION_STYLE_ASSIGNMENT((#7546,#7552));
#7546 = SURFACE_STYLE_USAGE(.BOTH.,#7547);
#7547 = SURFACE_SIDE_STYLE('',(#7548));
#7548 = SURFACE_STYLE_FILL_AREA(#7549);
#7549 = FILL_AREA_STYLE('',(#7550));
#7550 = FILL_AREA_STYLE_COLOUR('',#7551);
#7551 = COLOUR_RGB('',0.800000010877,0.678431390124,0.180392163476);
#7552 = CURVE_STYLE('',#7553,POSITIVE_LENGTH_MEASURE(0.1),#7554);
#7553 = DRAUGHTING_PRE_DEFINED_CURVE_FONT('continuous');
#7554 = COLOUR_RGB('',9.803921802644E-02,9.803921802644E-02,
  9.803921802644E-02);
#7555 = MECHANICAL_DESIGN_GEOMETRIC_PRESENTATION_REPRESENTATION('',(
    #7556,#7566,#7575,#7584,#7593,#7602,#7611,#7620,#7629,#7638,#7647,
    #7656,#7665,#7674,#7683,#7692),#7532);
#7556 = STYLED_ITEM('color',(#7557),#4812);
#7557 = PRESENTATION_STYLE_ASSIGNMENT((#7558,#7564));
#7558 = SURFACE_STYLE_USAGE(.BOTH.,#7559);
#7559 = SURFACE_SIDE_STYLE('',(#7560));
#7560 = SURFACE_STYLE_FILL_AREA(#7561);
#7561 = FILL_AREA_STYLE('',(#7562));
#7562 = FILL_AREA_STYLE_COLOUR('',#7563);
#7563 = COLOUR_RGB('',1.,0.501960817233,0.);
#7564 = CURVE_STYLE('',#7565,POSITIVE_LENGTH_MEASURE(0.1),#7554);
#7565 = DRAUGHTING_PRE_DEFINED_CURVE_FONT('continuous');
#7566 = STYLED_ITEM('color',(#7567),#5226);
#7567 = PRESENTATION_STYLE_ASSIGNMENT((#7568,#7573));
#7568 = SURFACE_STYLE_USAGE(.BOTH.,#7569);
#7569 = SURFACE_SIDE_STYLE('',(#7570));
#7570 = SURFACE_STYLE_FILL_AREA(#7571);
#7571 = FILL_AREA_STYLE('',(#7572));
#7572 = FILL_AREA_STYLE_COLOUR('',#7563);
#7573 = CURVE_STYLE('',#7574,POSITIVE_LENGTH_MEASURE(0.1),#7554);
#7574 = DRAUGHTING_PRE_DEFINED_CURVE_FONT('continuous');
#7575 = STYLED_ITEM('color',(#7576),#5380);
#7576 = PRESENTATION_STYLE_ASSIGNMENT((#7577,#7582));
#7577 = SURFACE_STYLE_USAGE(.BOTH.,#7578);
#7578 = SURFACE_SIDE_STYLE('',(#7579));
#7579 = SURFACE_STYLE_FILL_AREA(#7580);
#7580 = FILL_AREA_STYLE('',(#7581));
#7581 = FILL_AREA_STYLE_COLOUR('',#7563);
#7582 = CURVE_STYLE('',#7583,POSITIVE_LENGTH_MEASURE(0.1),#7554);
#7583 = DRAUGHTING_PRE_DEFINED_CURVE_FONT('continuous');
#7584 = STYLED_ITEM('color',(#7585),#5534);
#7585 = PRESENTATION_STYLE_ASSIGNMENT((#7586,#7591));
#7586 = SURFACE_STYLE_USAGE(.BOTH.,#7587);
#7587 = SURFACE_SIDE_STYLE('',(#7588));
#7588 = SURFACE_STYLE_FILL_AREA(#7589);
#7589 = FILL_AREA_STYLE('',(#7590));
#7590 = FILL_AREA_STYLE_COLOUR('',#7563);
#7591 = CURVE_STYLE('',#7592,POSITIVE_LENGTH_MEASURE(0.1),#7554);
#7592 = DRAUGHTING_PRE_DEFINED_CURVE_FONT('continuous');
#7593 = STYLED_ITEM('color',(#7594),#5688);
#7594 = PRESENTATION_STYLE_ASSIGNMENT((#7595,#7600));
#7595 = SURFACE_STYLE_USAGE(.BOTH.,#7596);
#7596 = SURFACE_SIDE_STYLE('',(#7597));
#7597 = SURFACE_STYLE_FILL_AREA(#7598);
#7598 = FILL_AREA_STYLE('',(#7599));
#7599 = FILL_AREA_STYLE_COLOUR('',#7563);
#7600 = CURVE_STYLE('',#7601,POSITIVE_LENGTH_MEASURE(0.1),#7554);
#7601 = DRAUGHTING_PRE_DEFINED_CURVE_FONT('continuous');
#7602 = STYLED_ITEM('color',(#7603),#5842);
#7603 = PRESENTATION_STYLE_ASSIGNMENT((#7604,#7609));
#7604 = SURFACE_STYLE_USAGE(.BOTH.,#7605);
#7605 = SURFACE_SIDE_STYLE('',(#7606));
#7606 = SURFACE_STYLE_FILL_AREA(#7607);
#7607 = FILL_AREA_STYLE('',(#7608));
#7608 = FILL_AREA_STYLE_COLOUR('',#7563);
#7609 = CURVE_STYLE('',#7610,POSITIVE_LENGTH_MEASURE(0.1),#7554);
#7610 = DRAUGHTING_PRE_DEFINED_CURVE_FONT('continuous');
#7611 = STYLED_ITEM('color',(#7612),#5992);
#7612 = PRESENTATION_STYLE_ASSIGNMENT((#7613,#7618));
#7613 = SURFACE_STYLE_USAGE(.BOTH.,#7614);
#7614 = SURFACE_SIDE_STYLE('',(#7615));
#7615 = SURFACE_STYLE_FILL_AREA(#7616);
#7616 = FILL_AREA_STYLE('',(#7617));
#7617 = FILL_AREA_STYLE_COLOUR('',#7563);
#7618 = CURVE_STYLE('',#7619,POSITIVE_LENGTH_MEASURE(0.1),#7554);
#7619 = DRAUGHTING_PRE_DEFINED_CURVE_FONT('continuous');
#7620 = STYLED_ITEM('color',(#7621),#6146);
#7621 = PRESENTATION_STYLE_ASSIGNMENT((#7622,#7627));
#7622 = SURFACE_STYLE_USAGE(.BOTH.,#7623);
#7623 = SURFACE_SIDE_STYLE('',(#7624));
#7624 = SURFACE_STYLE_FILL_AREA(#7625);
#7625 = FILL_AREA_STYLE('',(#7626));
#7626 = FILL_AREA_STYLE_COLOUR('',#7563);
#7627 = CURVE_STYLE('',#7628,POSITIVE_LENGTH_MEASURE(0.1),#7554);
#7628 = DRAUGHTING_PRE_DEFINED_CURVE_FONT('continuous');
#7629 = STYLED_ITEM('color',(#7630),#6300);
#7630 = PRESENTATION_STYLE_ASSIGNMENT((#7631,#7636));
#7631 = SURFACE_STYLE_USAGE(.BOTH.,#7632);
#7632 = SURFACE_SIDE_STYLE('',(#7633));
#7633 = SURFACE_STYLE_FILL_AREA(#7634);
#7634 = FILL_AREA_STYLE('',(#7635));
#7635 = FILL_AREA_STYLE_COLOUR('',#7563);
#7636 = CURVE_STYLE('',#7637,POSITIVE_LENGTH_MEASURE(0.1),#7554);
#7637 = DRAUGHTING_PRE_DEFINED_CURVE_FONT('continuous');
#7638 = STYLED_ITEM('color',(#7639),#6454);
#7639 = PRESENTATION_STYLE_ASSIGNMENT((#7640,#7645));
#7640 = SURFACE_STYLE_USAGE(.BOTH.,#7641);
#7641 = SURFACE_SIDE_STYLE('',(#7642));
#7642 = SURFACE_STYLE_FILL_AREA(#7643);
#7643 = FILL_AREA_STYLE('',(#7644));
#7644 = FILL_AREA_STYLE_COLOUR('',#7563);
#7645 = CURVE_STYLE('',#7646,POSITIVE_LENGTH_MEASURE(0.1),#7554);
#7646 = DRAUGHTING_PRE_DEFINED_CURVE_FONT('continuous');
#7647 = STYLED_ITEM('color',(#7648),#6608);
#7648 = PRESENTATION_STYLE_ASSIGNMENT((#7649,#7654));
#7649 = SURFACE_STYLE_USAGE(.BOTH.,#7650);
#7650 = SURFACE_SIDE_STYLE('',(#7651));
#7651 = SURFACE_STYLE_FILL_AREA(#7652);
#7652 = FILL_AREA_STYLE('',(#7653));
#7653 = FILL_AREA_STYLE_COLOUR('',#7563);
#7654 = CURVE_STYLE('',#7655,POSITIVE_LENGTH_MEASURE(0.1),#7554);
#7655 = DRAUGHTING_PRE_DEFINED_CURVE_FONT('continuous');
#7656 = STYLED_ITEM('color',(#7657),#6762);
#7657 = PRESENTATION_STYLE_ASSIGNMENT((#7658,#7663));
#7658 = SURFACE_STYLE_USAGE(.BOTH.,#7659);
#7659 = SURFACE_SIDE_STYLE('',(#7660));
#7660 = SURFACE_STYLE_FILL_AREA(#7661);
#7661 = FILL_AREA_STYLE('',(#7662));
#7662 = FILL_AREA_STYLE_COLOUR('',#7563);
#7663 = CURVE_STYLE('',#7664,POSITIVE_LENGTH_MEASURE(0.1),#7554);
#7664 = DRAUGHTING_PRE_DEFINED_CURVE_FONT('continuous');
#7665 = STYLED_ITEM('color',(#7666),#6916);
#7666 = PRESENTATION_STYLE_ASSIGNMENT((#7667,#7672));
#7667 = SURFACE_STYLE_USAGE(.BOTH.,#7668);
#7668 = SURFACE_SIDE_STYLE('',(#7669));
#7669 = SURFACE_STYLE_FILL_AREA(#7670);
#7670 = FILL_AREA_STYLE('',(#7671));
#7671 = FILL_AREA_STYLE_COLOUR('',#7563);
#7672 = CURVE_STYLE('',#7673,POSITIVE_LENGTH_MEASURE(0.1),#7554);
#7673 = DRAUGHTING_PRE_DEFINED_CURVE_FONT('continuous');
#7674 = STYLED_ITEM('color',(#7675),#7070);
#7675 = PRESENTATION_STYLE_ASSIGNMENT((#7676,#7681));
#7676 = SURFACE_STYLE_USAGE(.BOTH.,#7677);
#7677 = SURFACE_SIDE_STYLE('',(#7678));
#7678 = SURFACE_STYLE_FILL_AREA(#7679);
#7679 = FILL_AREA_STYLE('',(#7680));
#7680 = FILL_AREA_STYLE_COLOUR('',#7563);
#7681 = CURVE_STYLE('',#7682,POSITIVE_LENGTH_MEASURE(0.1),#7554);
#7682 = DRAUGHTING_PRE_DEFINED_CURVE_FONT('continuous');
#7683 = STYLED_ITEM('color',(#7684),#7224);
#7684 = PRESENTATION_STYLE_ASSIGNMENT((#7685,#7690));
#7685 = SURFACE_STYLE_USAGE(.BOTH.,#7686);
#7686 = SURFACE_SIDE_STYLE('',(#7687));
#7687 = SURFACE_STYLE_FILL_AREA(#7688);
#7688 = FILL_AREA_STYLE('',(#7689));
#7689 = FILL_AREA_STYLE_COLOUR('',#7563);
#7690 = CURVE_STYLE('',#7691,POSITIVE_LENGTH_MEASURE(0.1),#7554);
#7691 = DRAUGHTING_PRE_DEFINED_CURVE_FONT('continuous');
#7692 = STYLED_ITEM('color',(#7693),#7378);
#7693 = PRESENTATION_STYLE_ASSIGNMENT((#7694,#7699));
#7694 = SURFACE_STYLE_USAGE(.BOTH.,#7695);
#7695 = SURFACE_SIDE_STYLE('',(#7696));
#7696 = SURFACE_STYLE_FILL_AREA(#7697);
#7697 = FILL_AREA_STYLE('',(#7698));
#7698 = FILL_AREA_STYLE_COLOUR('',#7563);
#7699 = CURVE_STYLE('',#7700,POSITIVE_LENGTH_MEASURE(0.1),#7554);
#7700 = DRAUGHTING_PRE_DEFINED_CURVE_FONT('continuous');
#7701 = MECHANICAL_DESIGN_GEOMETRIC_PRESENTATION_REPRESENTATION('',(
    #7702),#4793);
#7702 = STYLED_ITEM('color',(#7703),#4740);
#7703 = PRESENTATION_STYLE_ASSIGNMENT((#7704,#7710));
#7704 = SURFACE_STYLE_USAGE(.BOTH.,#7705);
#7705 = SURFACE_SIDE_STYLE('',(#7706));
#7706 = SURFACE_STYLE_FILL_AREA(#7707);
#7707 = FILL_AREA_STYLE('',(#7708));
#7708 = FILL_AREA_STYLE_COLOUR('',#7709);
#7709 = COLOUR_RGB('',0.901960800373,0.101960784187,0.101960784187);
#7710 = CURVE_STYLE('',#7711,POSITIVE_LENGTH_MEASURE(0.1),#7554);
#7711 = DRAUGHTING_PRE_DEFINED_CURVE_FONT('continuous');
ENDSEC;
END-ISO-10303-21;
