ISO-10303-21;
HEADER;
FILE_DESCRIPTION(('FreeCAD Model'),'2;1');
FILE_NAME('Open CASCADE Shape Model','2026-09-27T19:09:16',(''),(''),
  'Open CASCADE STEP processor 7.8','FreeCAD','Unknown');
FILE_SCHEMA(('AUTOMOTIVE_DESIGN { 1 0 10303 214 1 1 1 1 }'));
ENDSEC;
DATA;
#1 = APPLICATION_PROTOCOL_DEFINITION('international standard',
  'automotive_design',2000,#2);
#2 = APPLICATION_CONTEXT(
  'core data for automotive mechanical design processes');
#3 = SHAPE_DEFINITION_REPRESENTATION(#4,#10);
#4 = PRODUCT_DEFINITION_SHAPE('','',#5);
#5 = PRODUCT_DEFINITION('design','',#6,#9);
#6 = PRODUCT_DEFINITION_FORMATION('','',#7);
#7 = PRODUCT('Knob','Knob','',(#8));
#8 = PRODUCT_CONTEXT('',#2,'mechanical');
#9 = PRODUCT_DEFINITION_CONTEXT('part definition',#2,'design');
#10 = ADVANCED_BREP_SHAPE_REPRESENTATION('',(#11,#15),#4695);
#11 = AXIS2_PLACEMENT_3D('',#12,#13,#14);
#12 = CARTESIAN_POINT('',(0.,0.,0.));
#13 = DIRECTION('',(0.,0.,1.));
#14 = DIRECTION('',(1.,0.,-0.));
#15 = MANIFOLD_SOLID_BREP('',#16);
#16 = CLOSED_SHELL('',(#17,#111,#133,#150,#288,#298,#357,#417,#469,#503,
    #519,#553,#570,#596,#612,#635,#646,#680,#738,#763,#814,#832,#866,
    #891,#916,#935,#991,#1015,#1074,#1092,#1126,#1138,#1222,#1238,#1249,
    #1259,#1277,#1330,#1355,#1389,#1444,#1480,#1497,#1509,#1521,#1545,
    #1572,#1596,#1616,#1628,#1653,#1673,#1698,#1718,#2670,#2756,#2774,
    #2904,#2984,#3002,#3082,#3100,#3180,#3198,#3278,#3296,#3376,#3394,
    #3430,#3470,#3513,#3524,#3560,#3600,#3643,#3654,#3690,#3730,#3773,
    #3784,#3820,#3860,#3903,#3914,#3950,#3990,#4033,#4044,#4124,#4142,
    #4222,#4241,#4321,#4339,#4419,#4437,#4517,#4535,#4545,#4555,#4565,
    #4575,#4585,#4595,#4605,#4615,#4625,#4635,#4645,#4655,#4665,#4675,
    #4685));
#17 = ADVANCED_FACE('',(#18),#106,.F.);
#18 = FACE_BOUND('',#19,.T.);
#19 = EDGE_LOOP('',(#20,#30,#39,#47,#56,#64,#73,#81,#90,#99));
#20 = ORIENTED_EDGE('',*,*,#21,.T.);
#21 = EDGE_CURVE('',#22,#24,#26,.T.);
#22 = VERTEX_POINT('',#23);
#23 = CARTESIAN_POINT('',(-2.323790007725,1.650000000003,2.));
#24 = VERTEX_POINT('',#25);
#25 = CARTESIAN_POINT('',(-2.323790007725,1.650000000004,14.));
#26 = LINE('',#27,#28);
#27 = CARTESIAN_POINT('',(-2.323790007725,1.650000000004,2.));
#28 = VECTOR('',#29,1.);
#29 = DIRECTION('',(0.,0.,1.));
#30 = ORIENTED_EDGE('',*,*,#31,.T.);
#31 = EDGE_CURVE('',#24,#32,#34,.T.);
#32 = VERTEX_POINT('',#33);
#33 = CARTESIAN_POINT('',(-2.805797569327,0.5,14.));
#34 = CIRCLE('',#35,2.850000000007);
#35 = AXIS2_PLACEMENT_3D('',#36,#37,#38);
#36 = CARTESIAN_POINT('',(0.,0.,14.));
#37 = DIRECTION('',(0.,0.,1.));
#38 = DIRECTION('',(1.,0.,0.));
#39 = ORIENTED_EDGE('',*,*,#40,.T.);
#40 = EDGE_CURVE('',#32,#41,#43,.T.);
#41 = VERTEX_POINT('',#42);
#42 = CARTESIAN_POINT('',(-2.805797569327,0.5,0.));
#43 = LINE('',#44,#45);
#44 = CARTESIAN_POINT('',(-2.805797569327,0.5,0.));
#45 = VECTOR('',#46,1.);
#46 = DIRECTION('',(-0.,-0.,-1.));
#47 = ORIENTED_EDGE('',*,*,#48,.F.);
#48 = EDGE_CURVE('',#49,#41,#51,.T.);
#49 = VERTEX_POINT('',#50);
#50 = CARTESIAN_POINT('',(2.805797569327,0.5,0.));
#51 = CIRCLE('',#52,2.850000000007);
#52 = AXIS2_PLACEMENT_3D('',#53,#54,#55);
#53 = CARTESIAN_POINT('',(0.,0.,0.));
#54 = DIRECTION('',(0.,0.,1.));
#55 = DIRECTION('',(1.,0.,0.));
#56 = ORIENTED_EDGE('',*,*,#57,.F.);
#57 = EDGE_CURVE('',#58,#49,#60,.T.);
#58 = VERTEX_POINT('',#59);
#59 = CARTESIAN_POINT('',(2.805797569327,0.5,14.));
#60 = LINE('',#61,#62);
#61 = CARTESIAN_POINT('',(2.805797569327,0.5,0.));
#62 = VECTOR('',#63,1.);
#63 = DIRECTION('',(-0.,-0.,-1.));
#64 = ORIENTED_EDGE('',*,*,#65,.T.);
#65 = EDGE_CURVE('',#58,#66,#68,.T.);
#66 = VERTEX_POINT('',#67);
#67 = CARTESIAN_POINT('',(2.323790007725,1.650000000003,14.));
#68 = CIRCLE('',#69,2.850000000007);
#69 = AXIS2_PLACEMENT_3D('',#70,#71,#72);
#70 = CARTESIAN_POINT('',(0.,0.,14.));
#71 = DIRECTION('',(0.,0.,1.));
#72 = DIRECTION('',(1.,0.,0.));
#73 = ORIENTED_EDGE('',*,*,#74,.T.);
#74 = EDGE_CURVE('',#66,#75,#77,.T.);
#75 = VERTEX_POINT('',#76);
#76 = CARTESIAN_POINT('',(2.323790007725,1.650000000003,2.));
#77 = LINE('',#78,#79);
#78 = CARTESIAN_POINT('',(2.323790007725,1.650000000003,2.));
#79 = VECTOR('',#80,1.);
#80 = DIRECTION('',(-0.,-0.,-1.));
#81 = ORIENTED_EDGE('',*,*,#82,.T.);
#82 = EDGE_CURVE('',#75,#83,#85,.T.);
#83 = VERTEX_POINT('',#84);
#84 = CARTESIAN_POINT('',(1.048808848165,2.650000000003,1.));
#85 = ELLIPSE('',#86,4.030508652773,2.850000000007);
#86 = AXIS2_PLACEMENT_3D('',#87,#88,#89);
#87 = CARTESIAN_POINT('',(0.,0.,3.650000000003));
#88 = DIRECTION('',(3.319E-14,0.707106781187,0.707106781187));
#89 = DIRECTION('',(3.319E-14,0.707106781187,-0.707106781187));
#90 = ORIENTED_EDGE('',*,*,#91,.T.);
#91 = EDGE_CURVE('',#83,#92,#94,.T.);
#92 = VERTEX_POINT('',#93);
#93 = CARTESIAN_POINT('',(-1.048808848165,2.650000000003,1.));
#94 = CIRCLE('',#95,2.850000000004);
#95 = AXIS2_PLACEMENT_3D('',#96,#97,#98);
#96 = CARTESIAN_POINT('',(2.485E-13,-3.457E-12,1.));
#97 = DIRECTION('',(0.,0.,1.));
#98 = DIRECTION('',(1.,0.,0.));
#99 = ORIENTED_EDGE('',*,*,#100,.F.);
#100 = EDGE_CURVE('',#22,#92,#101,.T.);
#101 = ELLIPSE('',#102,4.030508652773,2.850000000007);
#102 = AXIS2_PLACEMENT_3D('',#103,#104,#105);
#103 = CARTESIAN_POINT('',(0.,0.,3.650000000003));
#104 = DIRECTION('',(-3.319E-14,-0.707106781187,-0.707106781187));
#105 = DIRECTION('',(3.319E-14,0.707106781187,-0.707106781187));
#106 = CYLINDRICAL_SURFACE('',#107,2.850000000007);
#107 = AXIS2_PLACEMENT_3D('',#108,#109,#110);
#108 = CARTESIAN_POINT('',(0.,0.,0.));
#109 = DIRECTION('',(-0.,-0.,-1.));
#110 = DIRECTION('',(1.,0.,0.));
#111 = ADVANCED_FACE('',(#112),#128,.T.);
#112 = FACE_BOUND('',#113,.T.);
#113 = EDGE_LOOP('',(#114,#115,#121,#122));
#114 = ORIENTED_EDGE('',*,*,#21,.F.);
#115 = ORIENTED_EDGE('',*,*,#116,.F.);
#116 = EDGE_CURVE('',#75,#22,#117,.T.);
#117 = LINE('',#118,#119);
#118 = CARTESIAN_POINT('',(2.323790007725,1.650000000003,2.));
#119 = VECTOR('',#120,1.);
#120 = DIRECTION('',(-1.,0.,0.));
#121 = ORIENTED_EDGE('',*,*,#74,.F.);
#122 = ORIENTED_EDGE('',*,*,#123,.T.);
#123 = EDGE_CURVE('',#66,#24,#124,.T.);
#124 = LINE('',#125,#126);
#125 = CARTESIAN_POINT('',(1.161895003863,1.650000000004,14.));
#126 = VECTOR('',#127,1.);
#127 = DIRECTION('',(-1.,0.,0.));
#128 = PLANE('',#129);
#129 = AXIS2_PLACEMENT_3D('',#130,#131,#132);
#130 = CARTESIAN_POINT('',(4.5882E-13,1.650000000003,7.5));
#131 = DIRECTION('',(-4.691E-14,-1.,-0.));
#132 = DIRECTION('',(-1.,4.691E-14,0.));
#133 = ADVANCED_FACE('',(#134),#145,.F.);
#134 = FACE_BOUND('',#135,.T.);
#135 = EDGE_LOOP('',(#136,#137,#138,#139));
#136 = ORIENTED_EDGE('',*,*,#82,.F.);
#137 = ORIENTED_EDGE('',*,*,#116,.T.);
#138 = ORIENTED_EDGE('',*,*,#100,.T.);
#139 = ORIENTED_EDGE('',*,*,#140,.F.);
#140 = EDGE_CURVE('',#83,#92,#141,.T.);
#141 = LINE('',#142,#143);
#142 = CARTESIAN_POINT('',(2.323790007725,2.650000000003,1.));
#143 = VECTOR('',#144,1.);
#144 = DIRECTION('',(-1.,0.,0.));
#145 = PLANE('',#146);
#146 = AXIS2_PLACEMENT_3D('',#147,#148,#149);
#147 = CARTESIAN_POINT('',(2.323790007725,2.150000000003,1.5));
#148 = DIRECTION('',(3.319E-14,0.707106781187,0.707106781187));
#149 = DIRECTION('',(1.,-2.346887406758E-14,-2.346887406758E-14));
#150 = ADVANCED_FACE('',(#151,#219,#255),#283,.T.);
#151 = FACE_BOUND('',#152,.T.);
#152 = EDGE_LOOP('',(#153,#164,#172,#180,#188,#197,#205,#213));
#153 = ORIENTED_EDGE('',*,*,#154,.F.);
#154 = EDGE_CURVE('',#155,#157,#159,.T.);
#155 = VERTEX_POINT('',#156);
#156 = CARTESIAN_POINT('',(8.986100377806,0.5,14.));
#157 = VERTEX_POINT('',#158);
#158 = CARTESIAN_POINT('',(-8.986100377806,0.5,14.));
#159 = CIRCLE('',#160,9.);
#160 = AXIS2_PLACEMENT_3D('',#161,#162,#163);
#161 = CARTESIAN_POINT('',(0.,3.11E-15,14.));
#162 = DIRECTION('',(-0.,2.2E-16,1.));
#163 = DIRECTION('',(1.,0.,0.));
#164 = ORIENTED_EDGE('',*,*,#165,.F.);
#165 = EDGE_CURVE('',#166,#155,#168,.T.);
#166 = VERTEX_POINT('',#167);
#167 = CARTESIAN_POINT('',(9.987492177719,0.5,14.));
#168 = LINE('',#169,#170);
#169 = CARTESIAN_POINT('',(4.993746088859,0.5,14.));
#170 = VECTOR('',#171,1.);
#171 = DIRECTION('',(-1.,0.,0.));
#172 = ORIENTED_EDGE('',*,*,#173,.F.);
#173 = EDGE_CURVE('',#174,#166,#176,.T.);
#174 = VERTEX_POINT('',#175);
#175 = CARTESIAN_POINT('',(9.987492177719,-0.5,14.));
#176 = LINE('',#177,#178);
#177 = CARTESIAN_POINT('',(9.987492177719,-0.25,14.));
#178 = VECTOR('',#179,1.);
#179 = DIRECTION('',(0.,1.,0.));
#180 = ORIENTED_EDGE('',*,*,#181,.F.);
#181 = EDGE_CURVE('',#182,#174,#184,.T.);
#182 = VERTEX_POINT('',#183);
#183 = CARTESIAN_POINT('',(8.986100377806,-0.5,14.));
#184 = LINE('',#185,#186);
#185 = CARTESIAN_POINT('',(-4.993746088859,-0.5,14.));
#186 = VECTOR('',#187,1.);
#187 = DIRECTION('',(1.,0.,0.));
#188 = ORIENTED_EDGE('',*,*,#189,.F.);
#189 = EDGE_CURVE('',#190,#182,#192,.T.);
#190 = VERTEX_POINT('',#191);
#191 = CARTESIAN_POINT('',(-8.986100377806,-0.5,14.));
#192 = CIRCLE('',#193,9.);
#193 = AXIS2_PLACEMENT_3D('',#194,#195,#196);
#194 = CARTESIAN_POINT('',(0.,3.11E-15,14.));
#195 = DIRECTION('',(-0.,2.2E-16,1.));
#196 = DIRECTION('',(1.,0.,0.));
#197 = ORIENTED_EDGE('',*,*,#198,.F.);
#198 = EDGE_CURVE('',#199,#190,#201,.T.);
#199 = VERTEX_POINT('',#200);
#200 = CARTESIAN_POINT('',(-9.987492177719,-0.5,14.));
#201 = LINE('',#202,#203);
#202 = CARTESIAN_POINT('',(-4.993746088859,-0.5,14.));
#203 = VECTOR('',#204,1.);
#204 = DIRECTION('',(1.,0.,0.));
#205 = ORIENTED_EDGE('',*,*,#206,.F.);
#206 = EDGE_CURVE('',#207,#199,#209,.T.);
#207 = VERTEX_POINT('',#208);
#208 = CARTESIAN_POINT('',(-9.987492177719,0.5,14.));
#209 = LINE('',#210,#211);
#210 = CARTESIAN_POINT('',(-9.987492177719,0.25,14.));
#211 = VECTOR('',#212,1.);
#212 = DIRECTION('',(0.,-1.,0.));
#213 = ORIENTED_EDGE('',*,*,#214,.F.);
#214 = EDGE_CURVE('',#157,#207,#215,.T.);
#215 = LINE('',#216,#217);
#216 = CARTESIAN_POINT('',(4.993746088859,0.5,14.));
#217 = VECTOR('',#218,1.);
#218 = DIRECTION('',(-1.,0.,0.));
#219 = FACE_BOUND('',#220,.T.);
#220 = EDGE_LOOP('',(#221,#232,#240,#249));
#221 = ORIENTED_EDGE('',*,*,#222,.T.);
#222 = EDGE_CURVE('',#223,#225,#227,.T.);
#223 = VERTEX_POINT('',#224);
#224 = CARTESIAN_POINT('',(-7.984359711336,-0.5,14.));
#225 = VERTEX_POINT('',#226);
#226 = CARTESIAN_POINT('',(7.984359711336,-0.5,14.));
#227 = CIRCLE('',#228,8.);
#228 = AXIS2_PLACEMENT_3D('',#229,#230,#231);
#229 = CARTESIAN_POINT('',(0.,3.11E-15,14.));
#230 = DIRECTION('',(-0.,2.2E-16,1.));
#231 = DIRECTION('',(1.,0.,0.));
#232 = ORIENTED_EDGE('',*,*,#233,.F.);
#233 = EDGE_CURVE('',#234,#225,#236,.T.);
#234 = VERTEX_POINT('',#235);
#235 = CARTESIAN_POINT('',(2.805797569327,-0.5,14.));
#236 = LINE('',#237,#238);
#237 = CARTESIAN_POINT('',(-4.993746088859,-0.5,14.));
#238 = VECTOR('',#239,1.);
#239 = DIRECTION('',(1.,0.,0.));
#240 = ORIENTED_EDGE('',*,*,#241,.F.);
#241 = EDGE_CURVE('',#242,#234,#244,.T.);
#242 = VERTEX_POINT('',#243);
#243 = CARTESIAN_POINT('',(-2.805797569327,-0.5,14.));
#244 = CIRCLE('',#245,2.850000000007);
#245 = AXIS2_PLACEMENT_3D('',#246,#247,#248);
#246 = CARTESIAN_POINT('',(0.,0.,14.));
#247 = DIRECTION('',(0.,0.,1.));
#248 = DIRECTION('',(1.,0.,0.));
#249 = ORIENTED_EDGE('',*,*,#250,.F.);
#250 = EDGE_CURVE('',#223,#242,#251,.T.);
#251 = LINE('',#252,#253);
#252 = CARTESIAN_POINT('',(-4.993746088859,-0.5,14.));
#253 = VECTOR('',#254,1.);
#254 = DIRECTION('',(1.,0.,0.));
#255 = FACE_BOUND('',#256,.T.);
#256 = EDGE_LOOP('',(#257,#268,#274,#275,#276,#277));
#257 = ORIENTED_EDGE('',*,*,#258,.T.);
#258 = EDGE_CURVE('',#259,#261,#263,.T.);
#259 = VERTEX_POINT('',#260);
#260 = CARTESIAN_POINT('',(7.984359711336,0.5,14.));
#261 = VERTEX_POINT('',#262);
#262 = CARTESIAN_POINT('',(-7.984359711336,0.5,14.));
#263 = CIRCLE('',#264,8.);
#264 = AXIS2_PLACEMENT_3D('',#265,#266,#267);
#265 = CARTESIAN_POINT('',(0.,3.11E-15,14.));
#266 = DIRECTION('',(-0.,2.2E-16,1.));
#267 = DIRECTION('',(1.,0.,0.));
#268 = ORIENTED_EDGE('',*,*,#269,.F.);
#269 = EDGE_CURVE('',#32,#261,#270,.T.);
#270 = LINE('',#271,#272);
#271 = CARTESIAN_POINT('',(4.993746088859,0.5,14.));
#272 = VECTOR('',#273,1.);
#273 = DIRECTION('',(-1.,0.,0.));
#274 = ORIENTED_EDGE('',*,*,#31,.F.);
#275 = ORIENTED_EDGE('',*,*,#123,.F.);
#276 = ORIENTED_EDGE('',*,*,#65,.F.);
#277 = ORIENTED_EDGE('',*,*,#278,.F.);
#278 = EDGE_CURVE('',#259,#58,#279,.T.);
#279 = LINE('',#280,#281);
#280 = CARTESIAN_POINT('',(4.993746088859,0.5,14.));
#281 = VECTOR('',#282,1.);
#282 = DIRECTION('',(-1.,0.,0.));
#283 = PLANE('',#284);
#284 = AXIS2_PLACEMENT_3D('',#285,#286,#287);
#285 = CARTESIAN_POINT('',(3.2E-16,2.78E-15,14.));
#286 = DIRECTION('',(-0.,-2.2E-16,-1.));
#287 = DIRECTION('',(0.,-1.,2.2E-16));
#288 = ADVANCED_FACE('',(#289),#293,.F.);
#289 = FACE_BOUND('',#290,.F.);
#290 = EDGE_LOOP('',(#291,#292));
#291 = ORIENTED_EDGE('',*,*,#91,.T.);
#292 = ORIENTED_EDGE('',*,*,#140,.F.);
#293 = PLANE('',#294);
#294 = AXIS2_PLACEMENT_3D('',#295,#296,#297);
#295 = CARTESIAN_POINT('',(5.0691E-13,2.026969675409,1.));
#296 = DIRECTION('',(0.,0.,1.));
#297 = DIRECTION('',(1.,0.,0.));
#298 = ADVANCED_FACE('',(#299),#352,.T.);
#299 = FACE_BOUND('',#300,.T.);
#300 = EDGE_LOOP('',(#301,#309,#310,#311,#320,#328,#337,#346));
#301 = ORIENTED_EDGE('',*,*,#302,.F.);
#302 = EDGE_CURVE('',#41,#303,#305,.T.);
#303 = VERTEX_POINT('',#304);
#304 = CARTESIAN_POINT('',(-6.982120021884,0.5,0.));
#305 = LINE('',#306,#307);
#306 = CARTESIAN_POINT('',(9.987492177719,0.5,0.));
#307 = VECTOR('',#308,1.);
#308 = DIRECTION('',(-1.,0.,0.));
#309 = ORIENTED_EDGE('',*,*,#40,.F.);
#310 = ORIENTED_EDGE('',*,*,#269,.T.);
#311 = ORIENTED_EDGE('',*,*,#312,.F.);
#312 = EDGE_CURVE('',#313,#261,#315,.T.);
#313 = VERTEX_POINT('',#314);
#314 = CARTESIAN_POINT('',(-6.982120021884,0.5,13.));
#315 = HYPERBOLA('',#316,0.5,0.5);
#316 = AXIS2_PLACEMENT_3D('',#317,#318,#319);
#317 = CARTESIAN_POINT('',(0.,0.5,6.));
#318 = DIRECTION('',(0.,-1.,0.));
#319 = DIRECTION('',(0.,0.,1.));
#320 = ORIENTED_EDGE('',*,*,#321,.T.);
#321 = EDGE_CURVE('',#313,#322,#324,.T.);
#322 = VERTEX_POINT('',#323);
#323 = CARTESIAN_POINT('',(-6.982120021884,0.5,3.999407209439));
#324 = LINE('',#325,#326);
#325 = CARTESIAN_POINT('',(-6.982120021884,0.5,0.));
#326 = VECTOR('',#327,1.);
#327 = DIRECTION('',(-0.,-0.,-1.));
#328 = ORIENTED_EDGE('',*,*,#329,.F.);
#329 = EDGE_CURVE('',#330,#322,#332,.T.);
#330 = VERTEX_POINT('',#331);
#331 = CARTESIAN_POINT('',(-5.928850239163,0.5,2.499703604719));
#332 = HYPERBOLA('',#333,0.714074003371,0.5);
#333 = AXIS2_PLACEMENT_3D('',#334,#335,#336);
#334 = CARTESIAN_POINT('',(0.,0.5,-5.997628837756));
#335 = DIRECTION('',(0.,-1.,0.));
#336 = DIRECTION('',(0.,0.,1.));
#337 = ORIENTED_EDGE('',*,*,#338,.F.);
#338 = EDGE_CURVE('',#339,#330,#341,.T.);
#339 = VERTEX_POINT('',#340);
#340 = CARTESIAN_POINT('',(-6.982120021884,0.5,1.));
#341 = HYPERBOLA('',#342,0.714074003371,0.5);
#342 = AXIS2_PLACEMENT_3D('',#343,#344,#345);
#343 = CARTESIAN_POINT('',(0.,0.5,10.997036047195));
#344 = DIRECTION('',(0.,-1.,0.));
#345 = DIRECTION('',(0.,0.,-1.));
#346 = ORIENTED_EDGE('',*,*,#347,.T.);
#347 = EDGE_CURVE('',#339,#303,#348,.T.);
#348 = LINE('',#349,#350);
#349 = CARTESIAN_POINT('',(-6.982120021884,0.5,0.));
#350 = VECTOR('',#351,1.);
#351 = DIRECTION('',(-0.,-0.,-1.));
#352 = PLANE('',#353);
#353 = AXIS2_PLACEMENT_3D('',#354,#355,#356);
#354 = CARTESIAN_POINT('',(9.987492177719,0.5,0.));
#355 = DIRECTION('',(0.,-1.,0.));
#356 = DIRECTION('',(-1.,0.,0.));
#357 = ADVANCED_FACE('',(#358),#412,.F.);
#358 = FACE_BOUND('',#359,.F.);
#359 = EDGE_LOOP('',(#360,#368,#377,#386,#394,#403,#410,#411));
#360 = ORIENTED_EDGE('',*,*,#361,.F.);
#361 = EDGE_CURVE('',#362,#49,#364,.T.);
#362 = VERTEX_POINT('',#363);
#363 = CARTESIAN_POINT('',(6.982120021884,0.5,0.));
#364 = LINE('',#365,#366);
#365 = CARTESIAN_POINT('',(9.987492177719,0.5,0.));
#366 = VECTOR('',#367,1.);
#367 = DIRECTION('',(-1.,0.,0.));
#368 = ORIENTED_EDGE('',*,*,#369,.T.);
#369 = EDGE_CURVE('',#362,#370,#372,.T.);
#370 = VERTEX_POINT('',#371);
#371 = CARTESIAN_POINT('',(6.80957044904,1.62165048625,0.));
#372 = CIRCLE('',#373,7.);
#373 = AXIS2_PLACEMENT_3D('',#374,#375,#376);
#374 = CARTESIAN_POINT('',(0.,0.,0.));
#375 = DIRECTION('',(0.,0.,1.));
#376 = DIRECTION('',(1.,0.,0.));
#377 = ORIENTED_EDGE('',*,*,#378,.F.);
#378 = EDGE_CURVE('',#379,#370,#381,.T.);
#379 = VERTEX_POINT('',#380);
#380 = CARTESIAN_POINT('',(3.374434535829,2.593982722551,0.));
#381 = CIRCLE('',#382,2.25);
#382 = AXIS2_PLACEMENT_3D('',#383,#384,#385);
#383 = CARTESIAN_POINT('',(5.465049063424,3.425746449224,0.));
#384 = DIRECTION('',(0.,0.,1.));
#385 = DIRECTION('',(1.,0.,0.));
#386 = ORIENTED_EDGE('',*,*,#387,.T.);
#387 = EDGE_CURVE('',#379,#388,#390,.T.);
#388 = VERTEX_POINT('',#389);
#389 = CARTESIAN_POINT('',(2.58537117286,4.577271097503,0.));
#390 = LINE('',#391,#392);
#391 = CARTESIAN_POINT('',(3.374434535829,2.593982722551,0.));
#392 = VECTOR('',#393,1.);
#393 = DIRECTION('',(-0.36967276741,0.929162012265,0.));
#394 = ORIENTED_EDGE('',*,*,#395,.F.);
#395 = EDGE_CURVE('',#396,#388,#398,.T.);
#396 = VERTEX_POINT('',#397);
#397 = CARTESIAN_POINT('',(2.688232642682,6.463234891199,0.));
#398 = CIRCLE('',#399,2.25);
#399 = AXIS2_PLACEMENT_3D('',#400,#401,#402);
#400 = CARTESIAN_POINT('',(4.675985700455,5.409034824175,0.));
#401 = DIRECTION('',(0.,0.,1.));
#402 = DIRECTION('',(1.,0.,0.));
#403 = ORIENTED_EDGE('',*,*,#404,.T.);
#404 = EDGE_CURVE('',#396,#303,#405,.T.);
#405 = CIRCLE('',#406,7.);
#406 = AXIS2_PLACEMENT_3D('',#407,#408,#409);
#407 = CARTESIAN_POINT('',(0.,0.,0.));
#408 = DIRECTION('',(0.,0.,1.));
#409 = DIRECTION('',(1.,0.,0.));
#410 = ORIENTED_EDGE('',*,*,#302,.F.);
#411 = ORIENTED_EDGE('',*,*,#48,.F.);
#412 = PLANE('',#413);
#413 = AXIS2_PLACEMENT_3D('',#414,#415,#416);
#414 = CARTESIAN_POINT('',(0.,0.,0.));
#415 = DIRECTION('',(0.,0.,1.));
#416 = DIRECTION('',(1.,0.,0.));
#417 = ADVANCED_FACE('',(#418),#464,.T.);
#418 = FACE_BOUND('',#419,.T.);
#419 = EDGE_LOOP('',(#420,#421,#429,#438,#447,#455,#462,#463));
#420 = ORIENTED_EDGE('',*,*,#361,.F.);
#421 = ORIENTED_EDGE('',*,*,#422,.F.);
#422 = EDGE_CURVE('',#423,#362,#425,.T.);
#423 = VERTEX_POINT('',#424);
#424 = CARTESIAN_POINT('',(6.982120021884,0.5,1.));
#425 = LINE('',#426,#427);
#426 = CARTESIAN_POINT('',(6.982120021884,0.5,0.));
#427 = VECTOR('',#428,1.);
#428 = DIRECTION('',(-0.,-0.,-1.));
#429 = ORIENTED_EDGE('',*,*,#430,.F.);
#430 = EDGE_CURVE('',#431,#423,#433,.T.);
#431 = VERTEX_POINT('',#432);
#432 = CARTESIAN_POINT('',(5.928850239163,0.5,2.499703604719));
#433 = HYPERBOLA('',#434,0.714074003371,0.5);
#434 = AXIS2_PLACEMENT_3D('',#435,#436,#437);
#435 = CARTESIAN_POINT('',(0.,0.5,10.997036047195));
#436 = DIRECTION('',(0.,-1.,0.));
#437 = DIRECTION('',(0.,0.,-1.));
#438 = ORIENTED_EDGE('',*,*,#439,.F.);
#439 = EDGE_CURVE('',#440,#431,#442,.T.);
#440 = VERTEX_POINT('',#441);
#441 = CARTESIAN_POINT('',(6.982120021884,0.5,3.999407209439));
#442 = HYPERBOLA('',#443,0.714074003371,0.5);
#443 = AXIS2_PLACEMENT_3D('',#444,#445,#446);
#444 = CARTESIAN_POINT('',(0.,0.5,-5.997628837756));
#445 = DIRECTION('',(0.,-1.,0.));
#446 = DIRECTION('',(0.,0.,1.));
#447 = ORIENTED_EDGE('',*,*,#448,.F.);
#448 = EDGE_CURVE('',#449,#440,#451,.T.);
#449 = VERTEX_POINT('',#450);
#450 = CARTESIAN_POINT('',(6.982120021884,0.5,13.));
#451 = LINE('',#452,#453);
#452 = CARTESIAN_POINT('',(6.982120021884,0.5,0.));
#453 = VECTOR('',#454,1.);
#454 = DIRECTION('',(-0.,-0.,-1.));
#455 = ORIENTED_EDGE('',*,*,#456,.F.);
#456 = EDGE_CURVE('',#259,#449,#457,.T.);
#457 = HYPERBOLA('',#458,0.5,0.5);
#458 = AXIS2_PLACEMENT_3D('',#459,#460,#461);
#459 = CARTESIAN_POINT('',(0.,0.5,6.));
#460 = DIRECTION('',(0.,-1.,0.));
#461 = DIRECTION('',(0.,0.,1.));
#462 = ORIENTED_EDGE('',*,*,#278,.T.);
#463 = ORIENTED_EDGE('',*,*,#57,.T.);
#464 = PLANE('',#465);
#465 = AXIS2_PLACEMENT_3D('',#466,#467,#468);
#466 = CARTESIAN_POINT('',(9.987492177719,0.5,0.));
#467 = DIRECTION('',(0.,-1.,0.));
#468 = DIRECTION('',(-1.,0.,0.));
#469 = ADVANCED_FACE('',(#470),#498,.F.);
#470 = FACE_BOUND('',#471,.T.);
#471 = EDGE_LOOP('',(#472,#481,#482,#491));
#472 = ORIENTED_EDGE('',*,*,#473,.F.);
#473 = EDGE_CURVE('',#155,#474,#476,.T.);
#474 = VERTEX_POINT('',#475);
#475 = CARTESIAN_POINT('',(9.987492177719,0.5,13.));
#476 = HYPERBOLA('',#477,0.5,0.5);
#477 = AXIS2_PLACEMENT_3D('',#478,#479,#480);
#478 = CARTESIAN_POINT('',(0.,0.5,23.));
#479 = DIRECTION('',(0.,-1.,0.));
#480 = DIRECTION('',(0.,0.,-1.));
#481 = ORIENTED_EDGE('',*,*,#154,.T.);
#482 = ORIENTED_EDGE('',*,*,#483,.F.);
#483 = EDGE_CURVE('',#484,#157,#486,.T.);
#484 = VERTEX_POINT('',#485);
#485 = CARTESIAN_POINT('',(-9.987492177719,0.5,13.));
#486 = HYPERBOLA('',#487,0.5,0.5);
#487 = AXIS2_PLACEMENT_3D('',#488,#489,#490);
#488 = CARTESIAN_POINT('',(0.,0.5,23.));
#489 = DIRECTION('',(0.,-1.,0.));
#490 = DIRECTION('',(0.,0.,-1.));
#491 = ORIENTED_EDGE('',*,*,#492,.F.);
#492 = EDGE_CURVE('',#474,#484,#493,.T.);
#493 = CIRCLE('',#494,10.);
#494 = AXIS2_PLACEMENT_3D('',#495,#496,#497);
#495 = CARTESIAN_POINT('',(0.,2.89E-15,13.));
#496 = DIRECTION('',(-0.,2.2E-16,1.));
#497 = DIRECTION('',(1.,0.,0.));
#498 = CONICAL_SURFACE('',#499,9.,0.785398163397);
#499 = AXIS2_PLACEMENT_3D('',#500,#501,#502);
#500 = CARTESIAN_POINT('',(0.,3.11E-15,14.));
#501 = DIRECTION('',(-0.,-2.2E-16,-1.));
#502 = DIRECTION('',(1.,0.,0.));
#503 = ADVANCED_FACE('',(#504),#514,.T.);
#504 = FACE_BOUND('',#505,.T.);
#505 = EDGE_LOOP('',(#506,#507,#513));
#506 = ORIENTED_EDGE('',*,*,#473,.T.);
#507 = ORIENTED_EDGE('',*,*,#508,.T.);
#508 = EDGE_CURVE('',#474,#166,#509,.T.);
#509 = LINE('',#510,#511);
#510 = CARTESIAN_POINT('',(9.987492177719,0.5,0.));
#511 = VECTOR('',#512,1.);
#512 = DIRECTION('',(0.,0.,1.));
#513 = ORIENTED_EDGE('',*,*,#165,.T.);
#514 = PLANE('',#515);
#515 = AXIS2_PLACEMENT_3D('',#516,#517,#518);
#516 = CARTESIAN_POINT('',(9.987492177719,0.5,0.));
#517 = DIRECTION('',(0.,-1.,0.));
#518 = DIRECTION('',(-1.,0.,0.));
#519 = ADVANCED_FACE('',(#520),#548,.T.);
#520 = FACE_BOUND('',#521,.T.);
#521 = EDGE_LOOP('',(#522,#533,#539,#540,#541));
#522 = ORIENTED_EDGE('',*,*,#523,.T.);
#523 = EDGE_CURVE('',#524,#526,#528,.T.);
#524 = VERTEX_POINT('',#525);
#525 = CARTESIAN_POINT('',(9.987492177719,3.E-15,13.012507822281));
#526 = VERTEX_POINT('',#527);
#527 = CARTESIAN_POINT('',(9.987492177719,-0.5,13.));
#528 = HYPERBOLA('',#529,9.987492177719,9.987492177719);
#529 = AXIS2_PLACEMENT_3D('',#530,#531,#532);
#530 = CARTESIAN_POINT('',(9.987492177719,5.11E-15,23.));
#531 = DIRECTION('',(-1.,0.,0.));
#532 = DIRECTION('',(-0.,-2.2E-16,-1.));
#533 = ORIENTED_EDGE('',*,*,#534,.T.);
#534 = EDGE_CURVE('',#526,#174,#535,.T.);
#535 = LINE('',#536,#537);
#536 = CARTESIAN_POINT('',(9.987492177719,-0.5,0.));
#537 = VECTOR('',#538,1.);
#538 = DIRECTION('',(0.,0.,1.));
#539 = ORIENTED_EDGE('',*,*,#173,.T.);
#540 = ORIENTED_EDGE('',*,*,#508,.F.);
#541 = ORIENTED_EDGE('',*,*,#542,.T.);
#542 = EDGE_CURVE('',#474,#524,#543,.T.);
#543 = HYPERBOLA('',#544,9.987492177719,9.987492177719);
#544 = AXIS2_PLACEMENT_3D('',#545,#546,#547);
#545 = CARTESIAN_POINT('',(9.987492177719,5.11E-15,23.));
#546 = DIRECTION('',(-1.,0.,0.));
#547 = DIRECTION('',(-0.,-2.2E-16,-1.));
#548 = PLANE('',#549);
#549 = AXIS2_PLACEMENT_3D('',#550,#551,#552);
#550 = CARTESIAN_POINT('',(9.987492177719,-0.5,0.));
#551 = DIRECTION('',(-1.,0.,0.));
#552 = DIRECTION('',(0.,1.,0.));
#553 = ADVANCED_FACE('',(#554),#565,.T.);
#554 = FACE_BOUND('',#555,.T.);
#555 = EDGE_LOOP('',(#556,#557,#564));
#556 = ORIENTED_EDGE('',*,*,#534,.F.);
#557 = ORIENTED_EDGE('',*,*,#558,.T.);
#558 = EDGE_CURVE('',#526,#182,#559,.T.);
#559 = HYPERBOLA('',#560,0.5,0.5);
#560 = AXIS2_PLACEMENT_3D('',#561,#562,#563);
#561 = CARTESIAN_POINT('',(0.,-0.5,23.));
#562 = DIRECTION('',(0.,1.,0.));
#563 = DIRECTION('',(0.,0.,-1.));
#564 = ORIENTED_EDGE('',*,*,#181,.T.);
#565 = PLANE('',#566);
#566 = AXIS2_PLACEMENT_3D('',#567,#568,#569);
#567 = CARTESIAN_POINT('',(-9.987492177719,-0.5,0.));
#568 = DIRECTION('',(0.,1.,0.));
#569 = DIRECTION('',(1.,0.,0.));
#570 = ADVANCED_FACE('',(#571),#591,.F.);
#571 = FACE_BOUND('',#572,.T.);
#572 = EDGE_LOOP('',(#573,#574,#575,#584));
#573 = ORIENTED_EDGE('',*,*,#189,.T.);
#574 = ORIENTED_EDGE('',*,*,#558,.F.);
#575 = ORIENTED_EDGE('',*,*,#576,.F.);
#576 = EDGE_CURVE('',#577,#526,#579,.T.);
#577 = VERTEX_POINT('',#578);
#578 = CARTESIAN_POINT('',(-9.987492177719,-0.5,13.));
#579 = CIRCLE('',#580,10.);
#580 = AXIS2_PLACEMENT_3D('',#581,#582,#583);
#581 = CARTESIAN_POINT('',(0.,2.89E-15,13.));
#582 = DIRECTION('',(-0.,2.2E-16,1.));
#583 = DIRECTION('',(1.,0.,0.));
#584 = ORIENTED_EDGE('',*,*,#585,.F.);
#585 = EDGE_CURVE('',#190,#577,#586,.T.);
#586 = HYPERBOLA('',#587,0.5,0.5);
#587 = AXIS2_PLACEMENT_3D('',#588,#589,#590);
#588 = CARTESIAN_POINT('',(0.,-0.5,23.));
#589 = DIRECTION('',(0.,1.,0.));
#590 = DIRECTION('',(0.,0.,-1.));
#591 = CONICAL_SURFACE('',#592,9.,0.785398163397);
#592 = AXIS2_PLACEMENT_3D('',#593,#594,#595);
#593 = CARTESIAN_POINT('',(0.,3.11E-15,14.));
#594 = DIRECTION('',(-0.,-2.2E-16,-1.));
#595 = DIRECTION('',(1.,0.,0.));
#596 = ADVANCED_FACE('',(#597),#607,.T.);
#597 = FACE_BOUND('',#598,.T.);
#598 = EDGE_LOOP('',(#599,#600,#606));
#599 = ORIENTED_EDGE('',*,*,#585,.T.);
#600 = ORIENTED_EDGE('',*,*,#601,.T.);
#601 = EDGE_CURVE('',#577,#199,#602,.T.);
#602 = LINE('',#603,#604);
#603 = CARTESIAN_POINT('',(-9.987492177719,-0.5,0.));
#604 = VECTOR('',#605,1.);
#605 = DIRECTION('',(0.,0.,1.));
#606 = ORIENTED_EDGE('',*,*,#198,.T.);
#607 = PLANE('',#608);
#608 = AXIS2_PLACEMENT_3D('',#609,#610,#611);
#609 = CARTESIAN_POINT('',(-9.987492177719,-0.5,0.));
#610 = DIRECTION('',(0.,1.,0.));
#611 = DIRECTION('',(1.,0.,0.));
#612 = ADVANCED_FACE('',(#613),#630,.T.);
#613 = FACE_BOUND('',#614,.T.);
#614 = EDGE_LOOP('',(#615,#622,#628,#629));
#615 = ORIENTED_EDGE('',*,*,#616,.T.);
#616 = EDGE_CURVE('',#577,#484,#617,.T.);
#617 = HYPERBOLA('',#618,9.987492177719,9.987492177719);
#618 = AXIS2_PLACEMENT_3D('',#619,#620,#621);
#619 = CARTESIAN_POINT('',(-9.987492177719,5.11E-15,23.));
#620 = DIRECTION('',(1.,0.,0.));
#621 = DIRECTION('',(0.,-2.2E-16,-1.));
#622 = ORIENTED_EDGE('',*,*,#623,.T.);
#623 = EDGE_CURVE('',#484,#207,#624,.T.);
#624 = LINE('',#625,#626);
#625 = CARTESIAN_POINT('',(-9.987492177719,0.5,0.));
#626 = VECTOR('',#627,1.);
#627 = DIRECTION('',(0.,0.,1.));
#628 = ORIENTED_EDGE('',*,*,#206,.T.);
#629 = ORIENTED_EDGE('',*,*,#601,.F.);
#630 = PLANE('',#631);
#631 = AXIS2_PLACEMENT_3D('',#632,#633,#634);
#632 = CARTESIAN_POINT('',(-9.987492177719,0.5,0.));
#633 = DIRECTION('',(1.,0.,0.));
#634 = DIRECTION('',(0.,-1.,0.));
#635 = ADVANCED_FACE('',(#636),#641,.T.);
#636 = FACE_BOUND('',#637,.T.);
#637 = EDGE_LOOP('',(#638,#639,#640));
#638 = ORIENTED_EDGE('',*,*,#623,.F.);
#639 = ORIENTED_EDGE('',*,*,#483,.T.);
#640 = ORIENTED_EDGE('',*,*,#214,.T.);
#641 = PLANE('',#642);
#642 = AXIS2_PLACEMENT_3D('',#643,#644,#645);
#643 = CARTESIAN_POINT('',(9.987492177719,0.5,0.));
#644 = DIRECTION('',(0.,-1.,0.));
#645 = DIRECTION('',(-1.,0.,0.));
#646 = ADVANCED_FACE('',(#647),#675,.T.);
#647 = FACE_BOUND('',#648,.F.);
#648 = EDGE_LOOP('',(#649,#650,#659,#668));
#649 = ORIENTED_EDGE('',*,*,#222,.T.);
#650 = ORIENTED_EDGE('',*,*,#651,.F.);
#651 = EDGE_CURVE('',#652,#225,#654,.T.);
#652 = VERTEX_POINT('',#653);
#653 = CARTESIAN_POINT('',(6.982120021884,-0.5,13.));
#654 = HYPERBOLA('',#655,0.5,0.5);
#655 = AXIS2_PLACEMENT_3D('',#656,#657,#658);
#656 = CARTESIAN_POINT('',(0.,-0.5,6.));
#657 = DIRECTION('',(0.,1.,0.));
#658 = DIRECTION('',(0.,0.,1.));
#659 = ORIENTED_EDGE('',*,*,#660,.F.);
#660 = EDGE_CURVE('',#661,#652,#663,.T.);
#661 = VERTEX_POINT('',#662);
#662 = CARTESIAN_POINT('',(-6.982120021884,-0.5,13.));
#663 = CIRCLE('',#664,7.);
#664 = AXIS2_PLACEMENT_3D('',#665,#666,#667);
#665 = CARTESIAN_POINT('',(0.,2.89E-15,13.));
#666 = DIRECTION('',(-0.,2.2E-16,1.));
#667 = DIRECTION('',(1.,0.,0.));
#668 = ORIENTED_EDGE('',*,*,#669,.F.);
#669 = EDGE_CURVE('',#223,#661,#670,.T.);
#670 = HYPERBOLA('',#671,0.5,0.5);
#671 = AXIS2_PLACEMENT_3D('',#672,#673,#674);
#672 = CARTESIAN_POINT('',(0.,-0.5,6.));
#673 = DIRECTION('',(0.,1.,0.));
#674 = DIRECTION('',(0.,0.,1.));
#675 = CONICAL_SURFACE('',#676,8.,0.785398163397);
#676 = AXIS2_PLACEMENT_3D('',#677,#678,#679);
#677 = CARTESIAN_POINT('',(0.,3.11E-15,14.));
#678 = DIRECTION('',(0.,2.2E-16,1.));
#679 = DIRECTION('',(1.,0.,0.));
#680 = ADVANCED_FACE('',(#681),#733,.T.);
#681 = FACE_BOUND('',#682,.T.);
#682 = EDGE_LOOP('',(#683,#693,#699,#700,#701,#709,#718,#727));
#683 = ORIENTED_EDGE('',*,*,#684,.F.);
#684 = EDGE_CURVE('',#685,#687,#689,.T.);
#685 = VERTEX_POINT('',#686);
#686 = CARTESIAN_POINT('',(2.805797569327,-0.5,0.));
#687 = VERTEX_POINT('',#688);
#688 = CARTESIAN_POINT('',(6.982120021884,-0.5,0.));
#689 = LINE('',#690,#691);
#690 = CARTESIAN_POINT('',(-9.987492177719,-0.5,0.));
#691 = VECTOR('',#692,1.);
#692 = DIRECTION('',(1.,0.,0.));
#693 = ORIENTED_EDGE('',*,*,#694,.F.);
#694 = EDGE_CURVE('',#234,#685,#695,.T.);
#695 = LINE('',#696,#697);
#696 = CARTESIAN_POINT('',(2.805797569327,-0.5,0.));
#697 = VECTOR('',#698,1.);
#698 = DIRECTION('',(-0.,-0.,-1.));
#699 = ORIENTED_EDGE('',*,*,#233,.T.);
#700 = ORIENTED_EDGE('',*,*,#651,.F.);
#701 = ORIENTED_EDGE('',*,*,#702,.T.);
#702 = EDGE_CURVE('',#652,#703,#705,.T.);
#703 = VERTEX_POINT('',#704);
#704 = CARTESIAN_POINT('',(6.982120021884,-0.5,3.999407209439));
#705 = LINE('',#706,#707);
#706 = CARTESIAN_POINT('',(6.982120021884,-0.5,0.));
#707 = VECTOR('',#708,1.);
#708 = DIRECTION('',(-0.,-0.,-1.));
#709 = ORIENTED_EDGE('',*,*,#710,.F.);
#710 = EDGE_CURVE('',#711,#703,#713,.T.);
#711 = VERTEX_POINT('',#712);
#712 = CARTESIAN_POINT('',(5.928850239163,-0.5,2.499703604719));
#713 = HYPERBOLA('',#714,0.714074003371,0.5);
#714 = AXIS2_PLACEMENT_3D('',#715,#716,#717);
#715 = CARTESIAN_POINT('',(0.,-0.5,-5.997628837756));
#716 = DIRECTION('',(0.,1.,0.));
#717 = DIRECTION('',(0.,0.,1.));
#718 = ORIENTED_EDGE('',*,*,#719,.F.);
#719 = EDGE_CURVE('',#720,#711,#722,.T.);
#720 = VERTEX_POINT('',#721);
#721 = CARTESIAN_POINT('',(6.982120021884,-0.5,1.));
#722 = HYPERBOLA('',#723,0.714074003371,0.5);
#723 = AXIS2_PLACEMENT_3D('',#724,#725,#726);
#724 = CARTESIAN_POINT('',(0.,-0.5,10.997036047195));
#725 = DIRECTION('',(0.,1.,0.));
#726 = DIRECTION('',(0.,0.,-1.));
#727 = ORIENTED_EDGE('',*,*,#728,.T.);
#728 = EDGE_CURVE('',#720,#687,#729,.T.);
#729 = LINE('',#730,#731);
#730 = CARTESIAN_POINT('',(6.982120021884,-0.5,0.));
#731 = VECTOR('',#732,1.);
#732 = DIRECTION('',(-0.,-0.,-1.));
#733 = PLANE('',#734);
#734 = AXIS2_PLACEMENT_3D('',#735,#736,#737);
#735 = CARTESIAN_POINT('',(-9.987492177719,-0.5,0.));
#736 = DIRECTION('',(0.,1.,0.));
#737 = DIRECTION('',(1.,0.,0.));
#738 = ADVANCED_FACE('',(#739),#758,.F.);
#739 = FACE_BOUND('',#740,.T.);
#740 = EDGE_LOOP('',(#741,#742,#751,#757));
#741 = ORIENTED_EDGE('',*,*,#694,.T.);
#742 = ORIENTED_EDGE('',*,*,#743,.F.);
#743 = EDGE_CURVE('',#744,#685,#746,.T.);
#744 = VERTEX_POINT('',#745);
#745 = CARTESIAN_POINT('',(-2.805797569327,-0.5,0.));
#746 = CIRCLE('',#747,2.850000000007);
#747 = AXIS2_PLACEMENT_3D('',#748,#749,#750);
#748 = CARTESIAN_POINT('',(0.,0.,0.));
#749 = DIRECTION('',(0.,0.,1.));
#750 = DIRECTION('',(1.,0.,0.));
#751 = ORIENTED_EDGE('',*,*,#752,.F.);
#752 = EDGE_CURVE('',#242,#744,#753,.T.);
#753 = LINE('',#754,#755);
#754 = CARTESIAN_POINT('',(-2.805797569327,-0.5,0.));
#755 = VECTOR('',#756,1.);
#756 = DIRECTION('',(-0.,-0.,-1.));
#757 = ORIENTED_EDGE('',*,*,#241,.T.);
#758 = CYLINDRICAL_SURFACE('',#759,2.850000000007);
#759 = AXIS2_PLACEMENT_3D('',#760,#761,#762);
#760 = CARTESIAN_POINT('',(0.,0.,0.));
#761 = DIRECTION('',(-0.,-0.,-1.));
#762 = DIRECTION('',(1.,0.,0.));
#763 = ADVANCED_FACE('',(#764),#809,.T.);
#764 = FACE_BOUND('',#765,.T.);
#765 = EDGE_LOOP('',(#766,#774,#782,#791,#800,#806,#807,#808));
#766 = ORIENTED_EDGE('',*,*,#767,.F.);
#767 = EDGE_CURVE('',#768,#744,#770,.T.);
#768 = VERTEX_POINT('',#769);
#769 = CARTESIAN_POINT('',(-6.982120021884,-0.5,0.));
#770 = LINE('',#771,#772);
#771 = CARTESIAN_POINT('',(-9.987492177719,-0.5,0.));
#772 = VECTOR('',#773,1.);
#773 = DIRECTION('',(1.,0.,0.));
#774 = ORIENTED_EDGE('',*,*,#775,.F.);
#775 = EDGE_CURVE('',#776,#768,#778,.T.);
#776 = VERTEX_POINT('',#777);
#777 = CARTESIAN_POINT('',(-6.982120021884,-0.5,1.));
#778 = LINE('',#779,#780);
#779 = CARTESIAN_POINT('',(-6.982120021884,-0.5,0.));
#780 = VECTOR('',#781,1.);
#781 = DIRECTION('',(-0.,-0.,-1.));
#782 = ORIENTED_EDGE('',*,*,#783,.F.);
#783 = EDGE_CURVE('',#784,#776,#786,.T.);
#784 = VERTEX_POINT('',#785);
#785 = CARTESIAN_POINT('',(-5.928850239163,-0.5,2.499703604719));
#786 = HYPERBOLA('',#787,0.714074003371,0.5);
#787 = AXIS2_PLACEMENT_3D('',#788,#789,#790);
#788 = CARTESIAN_POINT('',(0.,-0.5,10.997036047195));
#789 = DIRECTION('',(0.,1.,0.));
#790 = DIRECTION('',(0.,0.,-1.));
#791 = ORIENTED_EDGE('',*,*,#792,.F.);
#792 = EDGE_CURVE('',#793,#784,#795,.T.);
#793 = VERTEX_POINT('',#794);
#794 = CARTESIAN_POINT('',(-6.982120021884,-0.5,3.999407209439));
#795 = HYPERBOLA('',#796,0.714074003371,0.5);
#796 = AXIS2_PLACEMENT_3D('',#797,#798,#799);
#797 = CARTESIAN_POINT('',(0.,-0.5,-5.997628837756));
#798 = DIRECTION('',(0.,1.,0.));
#799 = DIRECTION('',(0.,0.,1.));
#800 = ORIENTED_EDGE('',*,*,#801,.F.);
#801 = EDGE_CURVE('',#661,#793,#802,.T.);
#802 = LINE('',#803,#804);
#803 = CARTESIAN_POINT('',(-6.982120021884,-0.5,0.));
#804 = VECTOR('',#805,1.);
#805 = DIRECTION('',(-0.,-0.,-1.));
#806 = ORIENTED_EDGE('',*,*,#669,.F.);
#807 = ORIENTED_EDGE('',*,*,#250,.T.);
#808 = ORIENTED_EDGE('',*,*,#752,.T.);
#809 = PLANE('',#810);
#810 = AXIS2_PLACEMENT_3D('',#811,#812,#813);
#811 = CARTESIAN_POINT('',(-9.987492177719,-0.5,0.));
#812 = DIRECTION('',(0.,1.,0.));
#813 = DIRECTION('',(1.,0.,0.));
#814 = ADVANCED_FACE('',(#815),#827,.T.);
#815 = FACE_BOUND('',#816,.F.);
#816 = EDGE_LOOP('',(#817,#818,#819,#820));
#817 = ORIENTED_EDGE('',*,*,#456,.F.);
#818 = ORIENTED_EDGE('',*,*,#258,.T.);
#819 = ORIENTED_EDGE('',*,*,#312,.F.);
#820 = ORIENTED_EDGE('',*,*,#821,.F.);
#821 = EDGE_CURVE('',#449,#313,#822,.T.);
#822 = CIRCLE('',#823,7.);
#823 = AXIS2_PLACEMENT_3D('',#824,#825,#826);
#824 = CARTESIAN_POINT('',(0.,2.89E-15,13.));
#825 = DIRECTION('',(-0.,2.2E-16,1.));
#826 = DIRECTION('',(1.,0.,0.));
#827 = CONICAL_SURFACE('',#828,8.,0.785398163397);
#828 = AXIS2_PLACEMENT_3D('',#829,#830,#831);
#829 = CARTESIAN_POINT('',(0.,3.11E-15,14.));
#830 = DIRECTION('',(0.,2.2E-16,1.));
#831 = DIRECTION('',(1.,0.,0.));
#832 = ADVANCED_FACE('',(#833),#861,.T.);
#833 = FACE_BOUND('',#834,.F.);
#834 = EDGE_LOOP('',(#835,#836,#844,#853,#860));
#835 = ORIENTED_EDGE('',*,*,#404,.F.);
#836 = ORIENTED_EDGE('',*,*,#837,.F.);
#837 = EDGE_CURVE('',#838,#396,#840,.T.);
#838 = VERTEX_POINT('',#839);
#839 = CARTESIAN_POINT('',(2.688232642682,6.463234891199,1.));
#840 = LINE('',#841,#842);
#841 = CARTESIAN_POINT('',(2.688232642682,6.463234891199,0.));
#842 = VECTOR('',#843,1.);
#843 = DIRECTION('',(-0.,-0.,-1.));
#844 = ORIENTED_EDGE('',*,*,#845,.T.);
#845 = EDGE_CURVE('',#838,#846,#848,.T.);
#846 = VERTEX_POINT('',#847);
#847 = CARTESIAN_POINT('',(0.,7.,1.));
#848 = CIRCLE('',#849,7.);
#849 = AXIS2_PLACEMENT_3D('',#850,#851,#852);
#850 = CARTESIAN_POINT('',(0.,0.,1.));
#851 = DIRECTION('',(0.,-0.,1.));
#852 = DIRECTION('',(0.,1.,0.));
#853 = ORIENTED_EDGE('',*,*,#854,.T.);
#854 = EDGE_CURVE('',#846,#339,#855,.T.);
#855 = CIRCLE('',#856,7.);
#856 = AXIS2_PLACEMENT_3D('',#857,#858,#859);
#857 = CARTESIAN_POINT('',(0.,0.,1.));
#858 = DIRECTION('',(0.,-0.,1.));
#859 = DIRECTION('',(0.,1.,0.));
#860 = ORIENTED_EDGE('',*,*,#347,.T.);
#861 = CYLINDRICAL_SURFACE('',#862,7.);
#862 = AXIS2_PLACEMENT_3D('',#863,#864,#865);
#863 = CARTESIAN_POINT('',(0.,0.,0.));
#864 = DIRECTION('',(-0.,-0.,-1.));
#865 = DIRECTION('',(1.,0.,0.));
#866 = ADVANCED_FACE('',(#867),#886,.T.);
#867 = FACE_BOUND('',#868,.F.);
#868 = EDGE_LOOP('',(#869,#877,#884,#885));
#869 = ORIENTED_EDGE('',*,*,#870,.F.);
#870 = EDGE_CURVE('',#871,#846,#873,.T.);
#871 = VERTEX_POINT('',#872);
#872 = CARTESIAN_POINT('',(0.,5.949896230895,2.499703604719));
#873 = LINE('',#874,#875);
#874 = CARTESIAN_POINT('',(0.,5.949896230895,2.499703604719));
#875 = VECTOR('',#876,1.);
#876 = DIRECTION('',(0.,0.573576436351,-0.819152044289));
#877 = ORIENTED_EDGE('',*,*,#878,.T.);
#878 = EDGE_CURVE('',#871,#330,#879,.T.);
#879 = CIRCLE('',#880,5.949896230895);
#880 = AXIS2_PLACEMENT_3D('',#881,#882,#883);
#881 = CARTESIAN_POINT('',(0.,0.,2.499703604719));
#882 = DIRECTION('',(0.,-0.,1.));
#883 = DIRECTION('',(0.,1.,0.));
#884 = ORIENTED_EDGE('',*,*,#338,.F.);
#885 = ORIENTED_EDGE('',*,*,#854,.F.);
#886 = CONICAL_SURFACE('',#887,5.949896230895,0.610865238198);
#887 = AXIS2_PLACEMENT_3D('',#888,#889,#890);
#888 = CARTESIAN_POINT('',(0.,0.,2.499703604719));
#889 = DIRECTION('',(-0.,-0.,-1.));
#890 = DIRECTION('',(0.,1.,0.));
#891 = ADVANCED_FACE('',(#892),#911,.T.);
#892 = FACE_BOUND('',#893,.F.);
#893 = EDGE_LOOP('',(#894,#902,#909,#910));
#894 = ORIENTED_EDGE('',*,*,#895,.F.);
#895 = EDGE_CURVE('',#896,#871,#898,.T.);
#896 = VERTEX_POINT('',#897);
#897 = CARTESIAN_POINT('',(0.,7.,3.999407209439));
#898 = LINE('',#899,#900);
#899 = CARTESIAN_POINT('',(0.,7.,3.999407209439));
#900 = VECTOR('',#901,1.);
#901 = DIRECTION('',(0.,-0.573576436351,-0.819152044289));
#902 = ORIENTED_EDGE('',*,*,#903,.T.);
#903 = EDGE_CURVE('',#896,#322,#904,.T.);
#904 = CIRCLE('',#905,7.);
#905 = AXIS2_PLACEMENT_3D('',#906,#907,#908);
#906 = CARTESIAN_POINT('',(0.,0.,3.999407209439));
#907 = DIRECTION('',(0.,-0.,1.));
#908 = DIRECTION('',(0.,1.,0.));
#909 = ORIENTED_EDGE('',*,*,#329,.F.);
#910 = ORIENTED_EDGE('',*,*,#878,.F.);
#911 = CONICAL_SURFACE('',#912,7.,0.610865238198);
#912 = AXIS2_PLACEMENT_3D('',#913,#914,#915);
#913 = CARTESIAN_POINT('',(0.,0.,3.999407209439));
#914 = DIRECTION('',(0.,0.,1.));
#915 = DIRECTION('',(0.,1.,0.));
#916 = ADVANCED_FACE('',(#917),#930,.T.);
#917 = FACE_BOUND('',#918,.F.);
#918 = EDGE_LOOP('',(#919,#926,#927,#928,#929));
#919 = ORIENTED_EDGE('',*,*,#920,.F.);
#920 = EDGE_CURVE('',#440,#896,#921,.T.);
#921 = CIRCLE('',#922,7.);
#922 = AXIS2_PLACEMENT_3D('',#923,#924,#925);
#923 = CARTESIAN_POINT('',(0.,0.,3.999407209439));
#924 = DIRECTION('',(0.,-0.,1.));
#925 = DIRECTION('',(0.,1.,0.));
#926 = ORIENTED_EDGE('',*,*,#448,.F.);
#927 = ORIENTED_EDGE('',*,*,#821,.T.);
#928 = ORIENTED_EDGE('',*,*,#321,.T.);
#929 = ORIENTED_EDGE('',*,*,#903,.F.);
#930 = CYLINDRICAL_SURFACE('',#931,7.);
#931 = AXIS2_PLACEMENT_3D('',#932,#933,#934);
#932 = CARTESIAN_POINT('',(0.,0.,0.));
#933 = DIRECTION('',(-0.,-0.,-1.));
#934 = DIRECTION('',(1.,0.,0.));
#935 = ADVANCED_FACE('',(#936),#986,.F.);
#936 = FACE_BOUND('',#937,.T.);
#937 = EDGE_LOOP('',(#938,#939,#940,#959,#971,#980));
#938 = ORIENTED_EDGE('',*,*,#395,.F.);
#939 = ORIENTED_EDGE('',*,*,#837,.F.);
#940 = ORIENTED_EDGE('',*,*,#941,.T.);
#941 = EDGE_CURVE('',#838,#942,#944,.T.);
#942 = VERTEX_POINT('',#943);
#943 = CARTESIAN_POINT('',(2.426111147284,5.43279392757,2.499703604719)
  );
#944 = B_SPLINE_CURVE_WITH_KNOTS('',7,(#945,#946,#947,#948,#949,#950,
    #951,#952,#953,#954,#955,#956,#957,#958),.UNSPECIFIED.,.F.,.F.,(8,6,
    8),(0.,0.186679085629,1.),.UNSPECIFIED.);
#945 = CARTESIAN_POINT('',(2.688232642682,6.463234891199,1.));
#946 = CARTESIAN_POINT('',(2.675017922677,6.438317799161,1.040104285332)
  );
#947 = CARTESIAN_POINT('',(2.662182591133,6.413235697402,1.080216428326)
  );
#948 = CARTESIAN_POINT('',(2.649725841769,6.387990684342,1.120335015735)
  );
#949 = CARTESIAN_POINT('',(2.637647141376,6.362584599403,1.160458618853)
  );
#950 = CARTESIAN_POINT('',(2.625946229807,6.337019023004,1.200585793514)
  );
#951 = CARTESIAN_POINT('',(2.614623119984,6.311295276567,1.240715080089)
  );
#952 = CARTESIAN_POINT('',(2.555992973759,6.172657067744,1.455682510769)
  );
#953 = CARTESIAN_POINT('',(2.515491080086,6.05693361456,1.630507483655)
  );
#954 = CARTESIAN_POINT('',(2.482186416518,5.938309223696,1.805231115884)
  );
#955 = CARTESIAN_POINT('',(2.45620633491,5.816776857584,1.979724734906)
  );
#956 = CARTESIAN_POINT('',(2.437835551466,5.69222057865,2.153807577079)
  );
#957 = CARTESIAN_POINT('',(2.42750115689,5.564421253247,2.327248376082)
  );
#958 = CARTESIAN_POINT('',(2.426111147284,5.43279392757,2.499703604719)
  );
#959 = ORIENTED_EDGE('',*,*,#960,.F.);
#960 = EDGE_CURVE('',#961,#942,#963,.T.);
#961 = VERTEX_POINT('',#962);
#962 = CARTESIAN_POINT('',(2.526963380852,6.075520435309,3.399703604719)
  );
#963 = B_SPLINE_CURVE_WITH_KNOTS('',6,(#964,#965,#966,#967,#968,#969,
    #970),.UNSPECIFIED.,.F.,.F.,(7,7),(0.,1.),.PIECEWISE_BEZIER_KNOTS.);
#964 = CARTESIAN_POINT('',(2.526984020472,6.075586982248,3.399802675892)
  );
#965 = CARTESIAN_POINT('',(2.495579604571,5.974337377526,3.249067263525)
  );
#966 = CARTESIAN_POINT('',(2.469755799304,5.87084692331,3.0984634143));
#967 = CARTESIAN_POINT('',(2.449610441915,5.765093699901,2.948074006949)
  );
#968 = CARTESIAN_POINT('',(2.435356671828,5.656982922872,2.798024806403)
  );
#969 = CARTESIAN_POINT('',(2.427310332576,5.546351094622,2.648483708749)
  );
#970 = CARTESIAN_POINT('',(2.426111147284,5.43279392757,2.499703604719)
  );
#971 = ORIENTED_EDGE('',*,*,#972,.T.);
#972 = EDGE_CURVE('',#961,#973,#975,.T.);
#973 = VERTEX_POINT('',#974);
#974 = CARTESIAN_POINT('',(2.58537117286,4.577271097503,3.399703604719)
  );
#975 = CIRCLE('',#976,2.25);
#976 = AXIS2_PLACEMENT_3D('',#977,#978,#979);
#977 = CARTESIAN_POINT('',(4.675985700455,5.409034824175,3.399703604719)
  );
#978 = DIRECTION('',(0.,0.,1.));
#979 = DIRECTION('',(1.,0.,0.));
#980 = ORIENTED_EDGE('',*,*,#981,.F.);
#981 = EDGE_CURVE('',#388,#973,#982,.T.);
#982 = LINE('',#983,#984);
#983 = CARTESIAN_POINT('',(2.58537117286,4.577271097503,0.));
#984 = VECTOR('',#985,1.);
#985 = DIRECTION('',(0.,0.,1.));
#986 = CYLINDRICAL_SURFACE('',#987,2.25);
#987 = AXIS2_PLACEMENT_3D('',#988,#989,#990);
#988 = CARTESIAN_POINT('',(4.675985700455,5.409034824175,0.));
#989 = DIRECTION('',(-0.,-0.,-1.));
#990 = DIRECTION('',(1.,0.,0.));
#991 = ADVANCED_FACE('',(#992),#1010,.F.);
#992 = FACE_BOUND('',#993,.F.);
#993 = EDGE_LOOP('',(#994,#1002,#1008,#1009));
#994 = ORIENTED_EDGE('',*,*,#995,.T.);
#995 = EDGE_CURVE('',#379,#996,#998,.T.);
#996 = VERTEX_POINT('',#997);
#997 = CARTESIAN_POINT('',(3.374434535829,2.593982722551,3.399703604719)
  );
#998 = LINE('',#999,#1000);
#999 = CARTESIAN_POINT('',(3.374434535829,2.593982722551,0.));
#1000 = VECTOR('',#1001,1.);
#1001 = DIRECTION('',(0.,0.,1.));
#1002 = ORIENTED_EDGE('',*,*,#1003,.T.);
#1003 = EDGE_CURVE('',#996,#973,#1004,.T.);
#1004 = LINE('',#1005,#1006);
#1005 = CARTESIAN_POINT('',(3.374434535829,2.593982722551,3.399703604719
    ));
#1006 = VECTOR('',#1007,1.);
#1007 = DIRECTION('',(-0.36967276741,0.929162012265,0.));
#1008 = ORIENTED_EDGE('',*,*,#981,.F.);
#1009 = ORIENTED_EDGE('',*,*,#387,.F.);
#1010 = PLANE('',#1011);
#1011 = AXIS2_PLACEMENT_3D('',#1012,#1013,#1014);
#1012 = CARTESIAN_POINT('',(3.374434535829,2.593982722551,0.));
#1013 = DIRECTION('',(-0.929162012265,-0.36967276741,0.));
#1014 = DIRECTION('',(-0.36967276741,0.929162012265,0.));
#1015 = ADVANCED_FACE('',(#1016),#1069,.F.);
#1016 = FACE_BOUND('',#1017,.T.);
#1017 = EDGE_LOOP('',(#1018,#1019,#1020,#1029,#1044,#1063));
#1018 = ORIENTED_EDGE('',*,*,#378,.F.);
#1019 = ORIENTED_EDGE('',*,*,#995,.T.);
#1020 = ORIENTED_EDGE('',*,*,#1021,.T.);
#1021 = EDGE_CURVE('',#996,#1022,#1024,.T.);
#1022 = VERTEX_POINT('',#1023);
#1023 = CARTESIAN_POINT('',(6.430822847002,1.393560188333,3.399703604719
    ));
#1024 = CIRCLE('',#1025,2.25);
#1025 = AXIS2_PLACEMENT_3D('',#1026,#1027,#1028);
#1026 = CARTESIAN_POINT('',(5.465049063424,3.425746449224,3.399703604719
    ));
#1027 = DIRECTION('',(0.,0.,1.));
#1028 = DIRECTION('',(1.,0.,0.));
#1029 = ORIENTED_EDGE('',*,*,#1030,.F.);
#1030 = EDGE_CURVE('',#1031,#1022,#1033,.T.);
#1031 = VERTEX_POINT('',#1032);
#1032 = CARTESIAN_POINT('',(5.826600704002,1.20498522586,2.499703604719)
  );
#1033 = B_SPLINE_CURVE_WITH_KNOTS('',5,(#1034,#1035,#1036,#1037,#1038,
    #1039,#1040,#1041,#1042,#1043),.UNSPECIFIED.,.F.,.F.,(6,4,6),(0.,
    0.189374570358,1.),.UNSPECIFIED.);
#1034 = CARTESIAN_POINT('',(5.826600704002,1.20498522586,2.499703604719)
  );
#1035 = CARTESIAN_POINT('',(5.850206667234,1.208828401184,2.533829374409
    ));
#1036 = CARTESIAN_POINT('',(5.873750003005,1.212983346372,2.567958038957
    ));
#1037 = CARTESIAN_POINT('',(5.897230240885,1.21744936293,2.602088349637)
  );
#1038 = CARTESIAN_POINT('',(5.920646696468,1.222226087656,2.636219100736
    ));
#1039 = CARTESIAN_POINT('',(6.043956678733,1.24909033331,2.816444084261)
  );
#1040 = CARTESIAN_POINT('',(6.142728938455,1.276559226464,2.962524320816
    ));
#1041 = CARTESIAN_POINT('',(6.240246727088,1.309719694429,3.108502614928
    ));
#1042 = CARTESIAN_POINT('',(6.336369482106,1.348668615548,3.254292113785
    ));
#1043 = CARTESIAN_POINT('',(6.430887199853,1.393590772555,3.399802675892
    ));
#1044 = ORIENTED_EDGE('',*,*,#1045,.T.);
#1045 = EDGE_CURVE('',#1031,#1046,#1048,.T.);
#1046 = VERTEX_POINT('',#1047);
#1047 = CARTESIAN_POINT('',(6.809570449041,1.62165048625,1.));
#1048 = B_SPLINE_CURVE_WITH_KNOTS('',5,(#1049,#1050,#1051,#1052,#1053,
    #1054,#1055,#1056,#1057,#1058,#1059,#1060,#1061,#1062),
  .UNSPECIFIED.,.F.,.F.,(6,4,4,6),(0.,0.113340166908,0.565100155231,1.),
  .UNSPECIFIED.);
#1049 = CARTESIAN_POINT('',(5.826600704002,1.20498522586,2.499703604719)
  );
#1050 = CARTESIAN_POINT('',(5.850206667234,1.208828401184,2.46557783503)
  );
#1051 = CARTESIAN_POINT('',(5.873750003005,1.212983346372,2.431449170482
    ));
#1052 = CARTESIAN_POINT('',(5.897230240885,1.21744936293,2.397318859802)
  );
#1053 = CARTESIAN_POINT('',(5.920646696468,1.222226087656,2.363188108703
    ));
#1054 = CARTESIAN_POINT('',(6.03707577883,1.247591264201,2.193019975799)
  );
#1055 = CARTESIAN_POINT('',(6.129124923883,1.272804502472,2.056994387214
    ));
#1056 = CARTESIAN_POINT('',(6.220090436676,1.302952504194,1.921052204513
    ));
#1057 = CARTESIAN_POINT('',(6.309862570757,1.338108513757,1.785263495025
    ));
#1058 = CARTESIAN_POINT('',(6.483397893678,1.417210651171,1.519196153151
    ));
#1059 = CARTESIAN_POINT('',(6.567258825262,1.460779069731,1.388903285532
    ));
#1060 = CARTESIAN_POINT('',(6.649718408669,1.509243160959,1.258884781158
    ));
#1061 = CARTESIAN_POINT('',(6.730579405582,1.562781584937,1.12921880262)
  );
#1062 = CARTESIAN_POINT('',(6.809570449041,1.62165048625,1.));
#1063 = ORIENTED_EDGE('',*,*,#1064,.T.);
#1064 = EDGE_CURVE('',#1046,#370,#1065,.T.);
#1065 = LINE('',#1066,#1067);
#1066 = CARTESIAN_POINT('',(6.80957044904,1.62165048625,0.));
#1067 = VECTOR('',#1068,1.);
#1068 = DIRECTION('',(-0.,-0.,-1.));
#1069 = CYLINDRICAL_SURFACE('',#1070,2.25);
#1070 = AXIS2_PLACEMENT_3D('',#1071,#1072,#1073);
#1071 = CARTESIAN_POINT('',(5.465049063424,3.425746449224,0.));
#1072 = DIRECTION('',(-0.,-0.,-1.));
#1073 = DIRECTION('',(1.,0.,0.));
#1074 = ADVANCED_FACE('',(#1075),#1087,.T.);
#1075 = FACE_BOUND('',#1076,.F.);
#1076 = EDGE_LOOP('',(#1077,#1078,#1079,#1086));
#1077 = ORIENTED_EDGE('',*,*,#369,.F.);
#1078 = ORIENTED_EDGE('',*,*,#422,.F.);
#1079 = ORIENTED_EDGE('',*,*,#1080,.T.);
#1080 = EDGE_CURVE('',#423,#1046,#1081,.T.);
#1081 = CIRCLE('',#1082,7.);
#1082 = AXIS2_PLACEMENT_3D('',#1083,#1084,#1085);
#1083 = CARTESIAN_POINT('',(0.,0.,1.));
#1084 = DIRECTION('',(0.,-0.,1.));
#1085 = DIRECTION('',(0.,1.,0.));
#1086 = ORIENTED_EDGE('',*,*,#1064,.T.);
#1087 = CYLINDRICAL_SURFACE('',#1088,7.);
#1088 = AXIS2_PLACEMENT_3D('',#1089,#1090,#1091);
#1089 = CARTESIAN_POINT('',(0.,0.,0.));
#1090 = DIRECTION('',(-0.,-0.,-1.));
#1091 = DIRECTION('',(1.,0.,0.));
#1092 = ADVANCED_FACE('',(#1093),#1121,.T.);
#1093 = FACE_BOUND('',#1094,.F.);
#1094 = EDGE_LOOP('',(#1095,#1096,#1097,#1098,#1105,#1106,#1113,#1114));
#1095 = ORIENTED_EDGE('',*,*,#439,.F.);
#1096 = ORIENTED_EDGE('',*,*,#920,.T.);
#1097 = ORIENTED_EDGE('',*,*,#895,.T.);
#1098 = ORIENTED_EDGE('',*,*,#1099,.F.);
#1099 = EDGE_CURVE('',#942,#871,#1100,.T.);
#1100 = CIRCLE('',#1101,5.949896230895);
#1101 = AXIS2_PLACEMENT_3D('',#1102,#1103,#1104);
#1102 = CARTESIAN_POINT('',(0.,0.,2.499703604719));
#1103 = DIRECTION('',(0.,-0.,1.));
#1104 = DIRECTION('',(0.,1.,0.));
#1105 = ORIENTED_EDGE('',*,*,#960,.F.);
#1106 = ORIENTED_EDGE('',*,*,#1107,.T.);
#1107 = EDGE_CURVE('',#961,#1022,#1108,.T.);
#1108 = CIRCLE('',#1109,6.580083015284);
#1109 = AXIS2_PLACEMENT_3D('',#1110,#1111,#1112);
#1110 = CARTESIAN_POINT('',(0.,0.,3.399703604719));
#1111 = DIRECTION('',(0.,0.,-1.));
#1112 = DIRECTION('',(0.,1.,0.));
#1113 = ORIENTED_EDGE('',*,*,#1030,.F.);
#1114 = ORIENTED_EDGE('',*,*,#1115,.F.);
#1115 = EDGE_CURVE('',#431,#1031,#1116,.T.);
#1116 = CIRCLE('',#1117,5.949896230895);
#1117 = AXIS2_PLACEMENT_3D('',#1118,#1119,#1120);
#1118 = CARTESIAN_POINT('',(0.,0.,2.499703604719));
#1119 = DIRECTION('',(0.,-0.,1.));
#1120 = DIRECTION('',(0.,1.,0.));
#1121 = CONICAL_SURFACE('',#1122,7.,0.610865238198);
#1122 = AXIS2_PLACEMENT_3D('',#1123,#1124,#1125);
#1123 = CARTESIAN_POINT('',(0.,0.,3.999407209439));
#1124 = DIRECTION('',(0.,0.,1.));
#1125 = DIRECTION('',(0.,1.,0.));
#1126 = ADVANCED_FACE('',(#1127),#1133,.T.);
#1127 = FACE_BOUND('',#1128,.F.);
#1128 = EDGE_LOOP('',(#1129,#1130,#1131,#1132));
#1129 = ORIENTED_EDGE('',*,*,#430,.F.);
#1130 = ORIENTED_EDGE('',*,*,#1115,.T.);
#1131 = ORIENTED_EDGE('',*,*,#1045,.T.);
#1132 = ORIENTED_EDGE('',*,*,#1080,.F.);
#1133 = CONICAL_SURFACE('',#1134,5.949896230895,0.610865238198);
#1134 = AXIS2_PLACEMENT_3D('',#1135,#1136,#1137);
#1135 = CARTESIAN_POINT('',(0.,0.,2.499703604719));
#1136 = DIRECTION('',(-0.,-0.,-1.));
#1137 = DIRECTION('',(0.,1.,0.));
#1138 = ADVANCED_FACE('',(#1139),#1217,.F.);
#1139 = FACE_BOUND('',#1140,.T.);
#1140 = EDGE_LOOP('',(#1141,#1150,#1157,#1166,#1175,#1184,#1193,#1200,
    #1201,#1208,#1209,#1216));
#1141 = ORIENTED_EDGE('',*,*,#1142,.T.);
#1142 = EDGE_CURVE('',#526,#1143,#1145,.T.);
#1143 = VERTEX_POINT('',#1144);
#1144 = CARTESIAN_POINT('',(10.,3.E-15,13.));
#1145 = CIRCLE('',#1146,10.);
#1146 = AXIS2_PLACEMENT_3D('',#1147,#1148,#1149);
#1147 = CARTESIAN_POINT('',(0.,2.89E-15,13.));
#1148 = DIRECTION('',(-0.,2.2E-16,1.));
#1149 = DIRECTION('',(1.,0.,0.));
#1150 = ORIENTED_EDGE('',*,*,#1151,.T.);
#1151 = EDGE_CURVE('',#1143,#1152,#1154,.T.);
#1152 = VERTEX_POINT('',#1153);
#1153 = CARTESIAN_POINT('',(10.,0.,0.));
#1154 = B_SPLINE_CURVE_WITH_KNOTS('',1,(#1155,#1156),.UNSPECIFIED.,.F.,
  .F.,(2,2),(-13.,0.),.PIECEWISE_BEZIER_KNOTS.);
#1155 = CARTESIAN_POINT('',(10.,0.,13.));
#1156 = CARTESIAN_POINT('',(10.,0.,0.));
#1157 = ORIENTED_EDGE('',*,*,#1158,.F.);
#1158 = EDGE_CURVE('',#1159,#1152,#1161,.T.);
#1159 = VERTEX_POINT('',#1160);
#1160 = CARTESIAN_POINT('',(9.987492177719,-0.5,0.));
#1161 = CIRCLE('',#1162,10.);
#1162 = AXIS2_PLACEMENT_3D('',#1163,#1164,#1165);
#1163 = CARTESIAN_POINT('',(0.,0.,0.));
#1164 = DIRECTION('',(0.,0.,1.));
#1165 = DIRECTION('',(1.,0.,0.));
#1166 = ORIENTED_EDGE('',*,*,#1167,.F.);
#1167 = EDGE_CURVE('',#1168,#1159,#1170,.T.);
#1168 = VERTEX_POINT('',#1169);
#1169 = CARTESIAN_POINT('',(-9.987492177719,-0.5,0.));
#1170 = CIRCLE('',#1171,10.);
#1171 = AXIS2_PLACEMENT_3D('',#1172,#1173,#1174);
#1172 = CARTESIAN_POINT('',(0.,0.,0.));
#1173 = DIRECTION('',(0.,0.,1.));
#1174 = DIRECTION('',(1.,0.,0.));
#1175 = ORIENTED_EDGE('',*,*,#1176,.F.);
#1176 = EDGE_CURVE('',#1177,#1168,#1179,.T.);
#1177 = VERTEX_POINT('',#1178);
#1178 = CARTESIAN_POINT('',(-9.987492177719,0.5,0.));
#1179 = CIRCLE('',#1180,10.);
#1180 = AXIS2_PLACEMENT_3D('',#1181,#1182,#1183);
#1181 = CARTESIAN_POINT('',(0.,0.,0.));
#1182 = DIRECTION('',(0.,0.,1.));
#1183 = DIRECTION('',(1.,0.,0.));
#1184 = ORIENTED_EDGE('',*,*,#1185,.F.);
#1185 = EDGE_CURVE('',#1186,#1177,#1188,.T.);
#1186 = VERTEX_POINT('',#1187);
#1187 = CARTESIAN_POINT('',(9.987492177719,0.5,0.));
#1188 = CIRCLE('',#1189,10.);
#1189 = AXIS2_PLACEMENT_3D('',#1190,#1191,#1192);
#1190 = CARTESIAN_POINT('',(0.,0.,0.));
#1191 = DIRECTION('',(0.,0.,1.));
#1192 = DIRECTION('',(1.,0.,0.));
#1193 = ORIENTED_EDGE('',*,*,#1194,.F.);
#1194 = EDGE_CURVE('',#1152,#1186,#1195,.T.);
#1195 = CIRCLE('',#1196,10.);
#1196 = AXIS2_PLACEMENT_3D('',#1197,#1198,#1199);
#1197 = CARTESIAN_POINT('',(0.,0.,0.));
#1198 = DIRECTION('',(0.,0.,1.));
#1199 = DIRECTION('',(1.,0.,0.));
#1200 = ORIENTED_EDGE('',*,*,#1151,.F.);
#1201 = ORIENTED_EDGE('',*,*,#1202,.T.);
#1202 = EDGE_CURVE('',#1143,#474,#1203,.T.);
#1203 = CIRCLE('',#1204,10.);
#1204 = AXIS2_PLACEMENT_3D('',#1205,#1206,#1207);
#1205 = CARTESIAN_POINT('',(0.,2.89E-15,13.));
#1206 = DIRECTION('',(-0.,2.2E-16,1.));
#1207 = DIRECTION('',(1.,0.,0.));
#1208 = ORIENTED_EDGE('',*,*,#492,.T.);
#1209 = ORIENTED_EDGE('',*,*,#1210,.T.);
#1210 = EDGE_CURVE('',#484,#577,#1211,.T.);
#1211 = CIRCLE('',#1212,10.);
#1212 = AXIS2_PLACEMENT_3D('',#1213,#1214,#1215);
#1213 = CARTESIAN_POINT('',(0.,2.89E-15,13.));
#1214 = DIRECTION('',(-0.,2.2E-16,1.));
#1215 = DIRECTION('',(1.,0.,0.));
#1216 = ORIENTED_EDGE('',*,*,#576,.T.);
#1217 = CYLINDRICAL_SURFACE('',#1218,10.);
#1218 = AXIS2_PLACEMENT_3D('',#1219,#1220,#1221);
#1219 = CARTESIAN_POINT('',(0.,0.,0.));
#1220 = DIRECTION('',(-0.,-0.,-1.));
#1221 = DIRECTION('',(1.,0.,0.));
#1222 = ADVANCED_FACE('',(#1223),#1233,.F.);
#1223 = FACE_BOUND('',#1224,.T.);
#1224 = EDGE_LOOP('',(#1225,#1226,#1232));
#1225 = ORIENTED_EDGE('',*,*,#523,.F.);
#1226 = ORIENTED_EDGE('',*,*,#1227,.T.);
#1227 = EDGE_CURVE('',#524,#1143,#1228,.T.);
#1228 = LINE('',#1229,#1230);
#1229 = CARTESIAN_POINT('',(9.,0.,14.));
#1230 = VECTOR('',#1231,1.);
#1231 = DIRECTION('',(0.707106781187,0.,-0.707106781187));
#1232 = ORIENTED_EDGE('',*,*,#1142,.F.);
#1233 = CONICAL_SURFACE('',#1234,9.,0.785398163397);
#1234 = AXIS2_PLACEMENT_3D('',#1235,#1236,#1237);
#1235 = CARTESIAN_POINT('',(0.,3.11E-15,14.));
#1236 = DIRECTION('',(-0.,-2.2E-16,-1.));
#1237 = DIRECTION('',(1.,0.,0.));
#1238 = ADVANCED_FACE('',(#1239),#1244,.F.);
#1239 = FACE_BOUND('',#1240,.T.);
#1240 = EDGE_LOOP('',(#1241,#1242,#1243));
#1241 = ORIENTED_EDGE('',*,*,#1227,.F.);
#1242 = ORIENTED_EDGE('',*,*,#542,.F.);
#1243 = ORIENTED_EDGE('',*,*,#1202,.F.);
#1244 = CONICAL_SURFACE('',#1245,9.,0.785398163397);
#1245 = AXIS2_PLACEMENT_3D('',#1246,#1247,#1248);
#1246 = CARTESIAN_POINT('',(0.,3.11E-15,14.));
#1247 = DIRECTION('',(-0.,-2.2E-16,-1.));
#1248 = DIRECTION('',(1.,0.,0.));
#1249 = ADVANCED_FACE('',(#1250),#1254,.F.);
#1250 = FACE_BOUND('',#1251,.T.);
#1251 = EDGE_LOOP('',(#1252,#1253));
#1252 = ORIENTED_EDGE('',*,*,#1210,.F.);
#1253 = ORIENTED_EDGE('',*,*,#616,.F.);
#1254 = CONICAL_SURFACE('',#1255,9.,0.785398163397);
#1255 = AXIS2_PLACEMENT_3D('',#1256,#1257,#1258);
#1256 = CARTESIAN_POINT('',(0.,3.11E-15,14.));
#1257 = DIRECTION('',(-0.,-2.2E-16,-1.));
#1258 = DIRECTION('',(1.,0.,0.));
#1259 = ADVANCED_FACE('',(#1260),#1272,.T.);
#1260 = FACE_BOUND('',#1261,.F.);
#1261 = EDGE_LOOP('',(#1262,#1263,#1264,#1271));
#1262 = ORIENTED_EDGE('',*,*,#660,.T.);
#1263 = ORIENTED_EDGE('',*,*,#702,.T.);
#1264 = ORIENTED_EDGE('',*,*,#1265,.F.);
#1265 = EDGE_CURVE('',#793,#703,#1266,.T.);
#1266 = CIRCLE('',#1267,7.);
#1267 = AXIS2_PLACEMENT_3D('',#1268,#1269,#1270);
#1268 = CARTESIAN_POINT('',(0.,0.,3.999407209439));
#1269 = DIRECTION('',(0.,-0.,1.));
#1270 = DIRECTION('',(0.,1.,0.));
#1271 = ORIENTED_EDGE('',*,*,#801,.F.);
#1272 = CYLINDRICAL_SURFACE('',#1273,7.);
#1273 = AXIS2_PLACEMENT_3D('',#1274,#1275,#1276);
#1274 = CARTESIAN_POINT('',(0.,0.,0.));
#1275 = DIRECTION('',(-0.,-0.,-1.));
#1276 = DIRECTION('',(1.,0.,0.));
#1277 = ADVANCED_FACE('',(#1278),#1325,.F.);
#1278 = FACE_BOUND('',#1279,.F.);
#1279 = EDGE_LOOP('',(#1280,#1281,#1290,#1299,#1307,#1316,#1323,#1324));
#1280 = ORIENTED_EDGE('',*,*,#767,.F.);
#1281 = ORIENTED_EDGE('',*,*,#1282,.T.);
#1282 = EDGE_CURVE('',#768,#1283,#1285,.T.);
#1283 = VERTEX_POINT('',#1284);
#1284 = CARTESIAN_POINT('',(2.688232642682,-6.463234891199,0.));
#1285 = CIRCLE('',#1286,7.);
#1286 = AXIS2_PLACEMENT_3D('',#1287,#1288,#1289);
#1287 = CARTESIAN_POINT('',(0.,0.,0.));
#1288 = DIRECTION('',(0.,0.,1.));
#1289 = DIRECTION('',(1.,0.,0.));
#1290 = ORIENTED_EDGE('',*,*,#1291,.F.);
#1291 = EDGE_CURVE('',#1292,#1283,#1294,.T.);
#1292 = VERTEX_POINT('',#1293);
#1293 = CARTESIAN_POINT('',(2.58537117286,-4.577271097503,0.));
#1294 = CIRCLE('',#1295,2.25);
#1295 = AXIS2_PLACEMENT_3D('',#1296,#1297,#1298);
#1296 = CARTESIAN_POINT('',(4.675985700455,-5.409034824175,0.));
#1297 = DIRECTION('',(0.,0.,1.));
#1298 = DIRECTION('',(1.,0.,0.));
#1299 = ORIENTED_EDGE('',*,*,#1300,.F.);
#1300 = EDGE_CURVE('',#1301,#1292,#1303,.T.);
#1301 = VERTEX_POINT('',#1302);
#1302 = CARTESIAN_POINT('',(3.374434535829,-2.593982722551,0.));
#1303 = LINE('',#1304,#1305);
#1304 = CARTESIAN_POINT('',(3.374434535829,-2.593982722551,0.));
#1305 = VECTOR('',#1306,1.);
#1306 = DIRECTION('',(-0.36967276741,-0.929162012265,0.));
#1307 = ORIENTED_EDGE('',*,*,#1308,.F.);
#1308 = EDGE_CURVE('',#1309,#1301,#1311,.T.);
#1309 = VERTEX_POINT('',#1310);
#1310 = CARTESIAN_POINT('',(6.80957044904,-1.62165048625,0.));
#1311 = CIRCLE('',#1312,2.25);
#1312 = AXIS2_PLACEMENT_3D('',#1313,#1314,#1315);
#1313 = CARTESIAN_POINT('',(5.465049063424,-3.425746449224,0.));
#1314 = DIRECTION('',(0.,0.,1.));
#1315 = DIRECTION('',(1.,0.,0.));
#1316 = ORIENTED_EDGE('',*,*,#1317,.T.);
#1317 = EDGE_CURVE('',#1309,#687,#1318,.T.);
#1318 = CIRCLE('',#1319,7.);
#1319 = AXIS2_PLACEMENT_3D('',#1320,#1321,#1322);
#1320 = CARTESIAN_POINT('',(0.,0.,0.));
#1321 = DIRECTION('',(0.,0.,1.));
#1322 = DIRECTION('',(1.,0.,0.));
#1323 = ORIENTED_EDGE('',*,*,#684,.F.);
#1324 = ORIENTED_EDGE('',*,*,#743,.F.);
#1325 = PLANE('',#1326);
#1326 = AXIS2_PLACEMENT_3D('',#1327,#1328,#1329);
#1327 = CARTESIAN_POINT('',(0.,0.,0.));
#1328 = DIRECTION('',(0.,0.,1.));
#1329 = DIRECTION('',(1.,0.,0.));
#1330 = ADVANCED_FACE('',(#1331),#1350,.T.);
#1331 = FACE_BOUND('',#1332,.F.);
#1332 = EDGE_LOOP('',(#1333,#1341,#1348,#1349));
#1333 = ORIENTED_EDGE('',*,*,#1334,.F.);
#1334 = EDGE_CURVE('',#1335,#1309,#1337,.T.);
#1335 = VERTEX_POINT('',#1336);
#1336 = CARTESIAN_POINT('',(6.809570449041,-1.62165048625,1.));
#1337 = LINE('',#1338,#1339);
#1338 = CARTESIAN_POINT('',(6.80957044904,-1.62165048625,0.));
#1339 = VECTOR('',#1340,1.);
#1340 = DIRECTION('',(-0.,-0.,-1.));
#1341 = ORIENTED_EDGE('',*,*,#1342,.T.);
#1342 = EDGE_CURVE('',#1335,#720,#1343,.T.);
#1343 = CIRCLE('',#1344,7.);
#1344 = AXIS2_PLACEMENT_3D('',#1345,#1346,#1347);
#1345 = CARTESIAN_POINT('',(0.,0.,1.));
#1346 = DIRECTION('',(0.,-0.,1.));
#1347 = DIRECTION('',(0.,1.,0.));
#1348 = ORIENTED_EDGE('',*,*,#728,.T.);
#1349 = ORIENTED_EDGE('',*,*,#1317,.F.);
#1350 = CYLINDRICAL_SURFACE('',#1351,7.);
#1351 = AXIS2_PLACEMENT_3D('',#1352,#1353,#1354);
#1352 = CARTESIAN_POINT('',(0.,0.,0.));
#1353 = DIRECTION('',(-0.,-0.,-1.));
#1354 = DIRECTION('',(1.,0.,0.));
#1355 = ADVANCED_FACE('',(#1356),#1384,.T.);
#1356 = FACE_BOUND('',#1357,.F.);
#1357 = EDGE_LOOP('',(#1358,#1375,#1382,#1383));
#1358 = ORIENTED_EDGE('',*,*,#1359,.T.);
#1359 = EDGE_CURVE('',#1335,#1360,#1362,.T.);
#1360 = VERTEX_POINT('',#1361);
#1361 = CARTESIAN_POINT('',(5.826600704002,-1.20498522586,2.499703604719
    ));
#1362 = B_SPLINE_CURVE_WITH_KNOTS('',6,(#1363,#1364,#1365,#1366,#1367,
    #1368,#1369,#1370,#1371,#1372,#1373,#1374),.UNSPECIFIED.,.F.,.F.,(7,
    5,7),(0.,0.884628838156,1.),.UNSPECIFIED.);
#1363 = CARTESIAN_POINT('',(6.809570449041,-1.62165048625,1.));
#1364 = CARTESIAN_POINT('',(6.675671261205,-1.521860716051,
    1.219041197158));
#1365 = CARTESIAN_POINT('',(6.536625801898,-1.436784140467,
    1.439296181228));
#1366 = CARTESIAN_POINT('',(6.393555292332,-1.365317657366,
    1.660405528497));
#1367 = CARTESIAN_POINT('',(6.247166555979,-1.306856842352,
    1.882061160756));
#1368 = CARTESIAN_POINT('',(6.097952578279,-1.26100653271,2.104000754275
    ));
#1369 = CARTESIAN_POINT('',(5.926288467619,-1.223436470717,
    2.354947729968));
#1370 = CARTESIAN_POINT('',(5.906438664299,-1.219316588579,
    2.383900316369));
#1371 = CARTESIAN_POINT('',(5.886544623302,-1.215411334602,
    2.412852832563));
#1372 = CARTESIAN_POINT('',(5.86660674586,-1.211720837268,2.441804650718
    ));
#1373 = CARTESIAN_POINT('',(5.846625356692,-1.208245344938,
    2.470755127629));
#1374 = CARTESIAN_POINT('',(5.826600704002,-1.20498522586,2.499703604719
    ));
#1375 = ORIENTED_EDGE('',*,*,#1376,.T.);
#1376 = EDGE_CURVE('',#1360,#711,#1377,.T.);
#1377 = CIRCLE('',#1378,5.949896230895);
#1378 = AXIS2_PLACEMENT_3D('',#1379,#1380,#1381);
#1379 = CARTESIAN_POINT('',(0.,0.,2.499703604719));
#1380 = DIRECTION('',(0.,-0.,1.));
#1381 = DIRECTION('',(0.,1.,0.));
#1382 = ORIENTED_EDGE('',*,*,#719,.F.);
#1383 = ORIENTED_EDGE('',*,*,#1342,.F.);
#1384 = CONICAL_SURFACE('',#1385,5.949896230895,0.610865238198);
#1385 = AXIS2_PLACEMENT_3D('',#1386,#1387,#1388);
#1386 = CARTESIAN_POINT('',(0.,0.,2.499703604719));
#1387 = DIRECTION('',(-0.,-0.,-1.));
#1388 = DIRECTION('',(0.,1.,0.));
#1389 = ADVANCED_FACE('',(#1390),#1439,.T.);
#1390 = FACE_BOUND('',#1391,.F.);
#1391 = EDGE_LOOP('',(#1392,#1393,#1394,#1395,#1396,#1411,#1420,#1432));
#1392 = ORIENTED_EDGE('',*,*,#792,.F.);
#1393 = ORIENTED_EDGE('',*,*,#1265,.T.);
#1394 = ORIENTED_EDGE('',*,*,#710,.F.);
#1395 = ORIENTED_EDGE('',*,*,#1376,.F.);
#1396 = ORIENTED_EDGE('',*,*,#1397,.F.);
#1397 = EDGE_CURVE('',#1398,#1360,#1400,.T.);
#1398 = VERTEX_POINT('',#1399);
#1399 = CARTESIAN_POINT('',(6.430822847002,-1.393560188333,
    3.399703604719));
#1400 = B_SPLINE_CURVE_WITH_KNOTS('',5,(#1401,#1402,#1403,#1404,#1405,
    #1406,#1407,#1408,#1409,#1410),.UNSPECIFIED.,.F.,.F.,(6,4,6),(0.,
    0.81572677967,1.),.UNSPECIFIED.);
#1401 = CARTESIAN_POINT('',(6.430887199853,-1.393590772555,
    3.399802675892));
#1402 = CARTESIAN_POINT('',(6.335774666327,-1.348385912914,
    3.253376391522));
#1403 = CARTESIAN_POINT('',(6.239036853872,-1.309229708247,
    3.106667677209));
#1404 = CARTESIAN_POINT('',(6.140887699661,-1.275933880179,
    2.959768334621));
#1405 = CARTESIAN_POINT('',(6.041470035153,-1.248400216665,
    2.812766846931));
#1406 = CARTESIAN_POINT('',(5.918123264732,-1.221712741857,
    2.632541468952));
#1407 = CARTESIAN_POINT('',(5.895332583444,-1.217089125777,
    2.599330163602));
#1408 = CARTESIAN_POINT('',(5.872481544671,-1.212759722324,
    2.566119336677));
#1409 = CARTESIAN_POINT('',(5.84957077372,-1.208724874366,2.532910100098
    ));
#1410 = CARTESIAN_POINT('',(5.826600704002,-1.20498522586,2.499703604719
    ));
#1411 = ORIENTED_EDGE('',*,*,#1412,.T.);
#1412 = EDGE_CURVE('',#1398,#1413,#1415,.T.);
#1413 = VERTEX_POINT('',#1414);
#1414 = CARTESIAN_POINT('',(2.526963380852,-6.075520435309,
    3.399703604719));
#1415 = CIRCLE('',#1416,6.580083015284);
#1416 = AXIS2_PLACEMENT_3D('',#1417,#1418,#1419);
#1417 = CARTESIAN_POINT('',(0.,0.,3.399703604719));
#1418 = DIRECTION('',(0.,0.,-1.));
#1419 = DIRECTION('',(0.,1.,0.));
#1420 = ORIENTED_EDGE('',*,*,#1421,.F.);
#1421 = EDGE_CURVE('',#1422,#1413,#1424,.T.);
#1422 = VERTEX_POINT('',#1423);
#1423 = CARTESIAN_POINT('',(2.426111147284,-5.43279392757,2.499703604719
    ));
#1424 = B_SPLINE_CURVE_WITH_KNOTS('',6,(#1425,#1426,#1427,#1428,#1429,
    #1430,#1431),.UNSPECIFIED.,.F.,.F.,(7,7),(0.,1.),
  .PIECEWISE_BEZIER_KNOTS.);
#1425 = CARTESIAN_POINT('',(2.426111147284,-5.43279392757,2.499703604719
    ));
#1426 = CARTESIAN_POINT('',(2.427310332576,-5.546351094597,
    2.648483708717));
#1427 = CARTESIAN_POINT('',(2.435356671824,-5.65698292278,2.798024806281
    ));
#1428 = CARTESIAN_POINT('',(2.449610441896,-5.765093699795,
    2.948074006799));
#1429 = CARTESIAN_POINT('',(2.469755799285,-5.870846923248,
    3.098463414207));
#1430 = CARTESIAN_POINT('',(2.495579604571,-5.974337377526,
    3.249067263525));
#1431 = CARTESIAN_POINT('',(2.526984020472,-6.075586982248,
    3.399802675892));
#1432 = ORIENTED_EDGE('',*,*,#1433,.F.);
#1433 = EDGE_CURVE('',#784,#1422,#1434,.T.);
#1434 = CIRCLE('',#1435,5.949896230895);
#1435 = AXIS2_PLACEMENT_3D('',#1436,#1437,#1438);
#1436 = CARTESIAN_POINT('',(0.,0.,2.499703604719));
#1437 = DIRECTION('',(0.,-0.,1.));
#1438 = DIRECTION('',(0.,1.,0.));
#1439 = CONICAL_SURFACE('',#1440,7.,0.610865238198);
#1440 = AXIS2_PLACEMENT_3D('',#1441,#1442,#1443);
#1441 = CARTESIAN_POINT('',(0.,0.,3.999407209439));
#1442 = DIRECTION('',(0.,0.,1.));
#1443 = DIRECTION('',(0.,1.,0.));
#1444 = ADVANCED_FACE('',(#1445),#1475,.T.);
#1445 = FACE_BOUND('',#1446,.F.);
#1446 = EDGE_LOOP('',(#1447,#1448,#1449,#1468));
#1447 = ORIENTED_EDGE('',*,*,#783,.F.);
#1448 = ORIENTED_EDGE('',*,*,#1433,.T.);
#1449 = ORIENTED_EDGE('',*,*,#1450,.T.);
#1450 = EDGE_CURVE('',#1422,#1451,#1453,.T.);
#1451 = VERTEX_POINT('',#1452);
#1452 = CARTESIAN_POINT('',(2.688232642682,-6.463234891199,1.));
#1453 = B_SPLINE_CURVE_WITH_KNOTS('',7,(#1454,#1455,#1456,#1457,#1458,
    #1459,#1460,#1461,#1462,#1463,#1464,#1465,#1466,#1467),
  .UNSPECIFIED.,.F.,.F.,(8,6,8),(0.,0.814747383002,1.),.UNSPECIFIED.);
#1454 = CARTESIAN_POINT('',(2.426111147284,-5.43279392757,2.499703604719
    ));
#1455 = CARTESIAN_POINT('',(2.427503594971,-5.564652128025,
    2.326945889023));
#1456 = CARTESIAN_POINT('',(2.437871828344,-5.692668841477,
    2.153199207021));
#1457 = CARTESIAN_POINT('',(2.456303074137,-5.817432168389,
    1.978808798104));
#1458 = CARTESIAN_POINT('',(2.482368803106,-5.939161805055,
    1.804006931297));
#1459 = CARTESIAN_POINT('',(2.515783392949,-6.057973844909,
    1.628975161973));
#1460 = CARTESIAN_POINT('',(2.55641954687,-6.173874791511,1.453842671737
    ));
#1461 = CARTESIAN_POINT('',(2.615142566518,-6.312474459993,
    1.238875328282));
#1462 = CARTESIAN_POINT('',(2.626393480487,-6.337995655372,
    1.199052748285));
#1463 = CARTESIAN_POINT('',(2.638016444364,-6.363361048774,
    1.159232292034));
#1464 = CARTESIAN_POINT('',(2.650011451832,-6.388569342992,
    1.119415385459));
#1465 = CARTESIAN_POINT('',(2.662378761244,-6.413618989669,
    1.079603439617));
#1466 = CARTESIAN_POINT('',(2.675118895627,-6.438508189292,
    1.039797850692));
#1467 = CARTESIAN_POINT('',(2.688232642682,-6.463234891199,1.));
#1468 = ORIENTED_EDGE('',*,*,#1469,.F.);
#1469 = EDGE_CURVE('',#776,#1451,#1470,.T.);
#1470 = CIRCLE('',#1471,7.);
#1471 = AXIS2_PLACEMENT_3D('',#1472,#1473,#1474);
#1472 = CARTESIAN_POINT('',(0.,0.,1.));
#1473 = DIRECTION('',(0.,-0.,1.));
#1474 = DIRECTION('',(0.,1.,0.));
#1475 = CONICAL_SURFACE('',#1476,5.949896230895,0.610865238198);
#1476 = AXIS2_PLACEMENT_3D('',#1477,#1478,#1479);
#1477 = CARTESIAN_POINT('',(0.,0.,2.499703604719));
#1478 = DIRECTION('',(-0.,-0.,-1.));
#1479 = DIRECTION('',(0.,1.,0.));
#1480 = ADVANCED_FACE('',(#1481),#1492,.T.);
#1481 = FACE_BOUND('',#1482,.F.);
#1482 = EDGE_LOOP('',(#1483,#1484,#1485,#1491));
#1483 = ORIENTED_EDGE('',*,*,#775,.F.);
#1484 = ORIENTED_EDGE('',*,*,#1469,.T.);
#1485 = ORIENTED_EDGE('',*,*,#1486,.T.);
#1486 = EDGE_CURVE('',#1451,#1283,#1487,.T.);
#1487 = LINE('',#1488,#1489);
#1488 = CARTESIAN_POINT('',(2.688232642682,-6.463234891199,0.));
#1489 = VECTOR('',#1490,1.);
#1490 = DIRECTION('',(-0.,-0.,-1.));
#1491 = ORIENTED_EDGE('',*,*,#1282,.F.);
#1492 = CYLINDRICAL_SURFACE('',#1493,7.);
#1493 = AXIS2_PLACEMENT_3D('',#1494,#1495,#1496);
#1494 = CARTESIAN_POINT('',(0.,0.,0.));
#1495 = DIRECTION('',(-0.,-0.,-1.));
#1496 = DIRECTION('',(1.,0.,0.));
#1497 = ADVANCED_FACE('',(#1498),#1504,.T.);
#1498 = FACE_BOUND('',#1499,.F.);
#1499 = EDGE_LOOP('',(#1500,#1501,#1502,#1503));
#1500 = ORIENTED_EDGE('',*,*,#941,.T.);
#1501 = ORIENTED_EDGE('',*,*,#1099,.T.);
#1502 = ORIENTED_EDGE('',*,*,#870,.T.);
#1503 = ORIENTED_EDGE('',*,*,#845,.F.);
#1504 = CONICAL_SURFACE('',#1505,5.949896230895,0.610865238198);
#1505 = AXIS2_PLACEMENT_3D('',#1506,#1507,#1508);
#1506 = CARTESIAN_POINT('',(0.,0.,2.499703604719));
#1507 = DIRECTION('',(-0.,-0.,-1.));
#1508 = DIRECTION('',(0.,1.,0.));
#1509 = ADVANCED_FACE('',(#1510),#1516,.F.);
#1510 = FACE_BOUND('',#1511,.F.);
#1511 = EDGE_LOOP('',(#1512,#1513,#1514,#1515));
#1512 = ORIENTED_EDGE('',*,*,#1003,.F.);
#1513 = ORIENTED_EDGE('',*,*,#1021,.T.);
#1514 = ORIENTED_EDGE('',*,*,#1107,.F.);
#1515 = ORIENTED_EDGE('',*,*,#972,.T.);
#1516 = PLANE('',#1517);
#1517 = AXIS2_PLACEMENT_3D('',#1518,#1519,#1520);
#1518 = CARTESIAN_POINT('',(5.07051738194,2.E-16,3.399703604719));
#1519 = DIRECTION('',(0.,0.,1.));
#1520 = DIRECTION('',(1.,0.,0.));
#1521 = ADVANCED_FACE('',(#1522,#1533),#1540,.F.);
#1522 = FACE_BOUND('',#1523,.F.);
#1523 = EDGE_LOOP('',(#1524));
#1524 = ORIENTED_EDGE('',*,*,#1525,.T.);
#1525 = EDGE_CURVE('',#1526,#1526,#1528,.T.);
#1526 = VERTEX_POINT('',#1527);
#1527 = CARTESIAN_POINT('',(12.,0.,0.));
#1528 = CIRCLE('',#1529,12.);
#1529 = AXIS2_PLACEMENT_3D('',#1530,#1531,#1532);
#1530 = CARTESIAN_POINT('',(0.,0.,0.));
#1531 = DIRECTION('',(0.,0.,1.));
#1532 = DIRECTION('',(1.,0.,0.));
#1533 = FACE_BOUND('',#1534,.F.);
#1534 = EDGE_LOOP('',(#1535,#1536,#1537,#1538,#1539));
#1535 = ORIENTED_EDGE('',*,*,#1194,.F.);
#1536 = ORIENTED_EDGE('',*,*,#1158,.F.);
#1537 = ORIENTED_EDGE('',*,*,#1167,.F.);
#1538 = ORIENTED_EDGE('',*,*,#1176,.F.);
#1539 = ORIENTED_EDGE('',*,*,#1185,.F.);
#1540 = PLANE('',#1541);
#1541 = AXIS2_PLACEMENT_3D('',#1542,#1543,#1544);
#1542 = CARTESIAN_POINT('',(0.,0.,0.));
#1543 = DIRECTION('',(0.,0.,1.));
#1544 = DIRECTION('',(1.,0.,0.));
#1545 = ADVANCED_FACE('',(#1546),#1567,.F.);
#1546 = FACE_BOUND('',#1547,.T.);
#1547 = EDGE_LOOP('',(#1548,#1549,#1550,#1551,#1552,#1561));
#1548 = ORIENTED_EDGE('',*,*,#1308,.F.);
#1549 = ORIENTED_EDGE('',*,*,#1334,.F.);
#1550 = ORIENTED_EDGE('',*,*,#1359,.T.);
#1551 = ORIENTED_EDGE('',*,*,#1397,.F.);
#1552 = ORIENTED_EDGE('',*,*,#1553,.T.);
#1553 = EDGE_CURVE('',#1398,#1554,#1556,.T.);
#1554 = VERTEX_POINT('',#1555);
#1555 = CARTESIAN_POINT('',(3.374434535829,-2.593982722551,
    3.399703604719));
#1556 = CIRCLE('',#1557,2.25);
#1557 = AXIS2_PLACEMENT_3D('',#1558,#1559,#1560);
#1558 = CARTESIAN_POINT('',(5.465049063424,-3.425746449224,
    3.399703604719));
#1559 = DIRECTION('',(0.,0.,1.));
#1560 = DIRECTION('',(1.,0.,0.));
#1561 = ORIENTED_EDGE('',*,*,#1562,.F.);
#1562 = EDGE_CURVE('',#1301,#1554,#1563,.T.);
#1563 = LINE('',#1564,#1565);
#1564 = CARTESIAN_POINT('',(3.374434535829,-2.593982722551,0.));
#1565 = VECTOR('',#1566,1.);
#1566 = DIRECTION('',(0.,0.,1.));
#1567 = CYLINDRICAL_SURFACE('',#1568,2.25);
#1568 = AXIS2_PLACEMENT_3D('',#1569,#1570,#1571);
#1569 = CARTESIAN_POINT('',(5.465049063424,-3.425746449224,0.));
#1570 = DIRECTION('',(-0.,-0.,-1.));
#1571 = DIRECTION('',(1.,0.,0.));
#1572 = ADVANCED_FACE('',(#1573),#1591,.T.);
#1573 = FACE_BOUND('',#1574,.T.);
#1574 = EDGE_LOOP('',(#1575,#1576,#1584,#1590));
#1575 = ORIENTED_EDGE('',*,*,#1562,.T.);
#1576 = ORIENTED_EDGE('',*,*,#1577,.T.);
#1577 = EDGE_CURVE('',#1554,#1578,#1580,.T.);
#1578 = VERTEX_POINT('',#1579);
#1579 = CARTESIAN_POINT('',(2.58537117286,-4.577271097503,3.399703604719
    ));
#1580 = LINE('',#1581,#1582);
#1581 = CARTESIAN_POINT('',(3.374434535829,-2.593982722551,
    3.399703604719));
#1582 = VECTOR('',#1583,1.);
#1583 = DIRECTION('',(-0.36967276741,-0.929162012265,0.));
#1584 = ORIENTED_EDGE('',*,*,#1585,.F.);
#1585 = EDGE_CURVE('',#1292,#1578,#1586,.T.);
#1586 = LINE('',#1587,#1588);
#1587 = CARTESIAN_POINT('',(2.58537117286,-4.577271097503,0.));
#1588 = VECTOR('',#1589,1.);
#1589 = DIRECTION('',(0.,0.,1.));
#1590 = ORIENTED_EDGE('',*,*,#1300,.F.);
#1591 = PLANE('',#1592);
#1592 = AXIS2_PLACEMENT_3D('',#1593,#1594,#1595);
#1593 = CARTESIAN_POINT('',(3.374434535829,-2.593982722551,0.));
#1594 = DIRECTION('',(0.929162012265,-0.36967276741,0.));
#1595 = DIRECTION('',(-0.36967276741,-0.929162012265,0.));
#1596 = ADVANCED_FACE('',(#1597),#1611,.F.);
#1597 = FACE_BOUND('',#1598,.T.);
#1598 = EDGE_LOOP('',(#1599,#1600,#1601,#1608,#1609,#1610));
#1599 = ORIENTED_EDGE('',*,*,#1291,.F.);
#1600 = ORIENTED_EDGE('',*,*,#1585,.T.);
#1601 = ORIENTED_EDGE('',*,*,#1602,.T.);
#1602 = EDGE_CURVE('',#1578,#1413,#1603,.T.);
#1603 = CIRCLE('',#1604,2.25);
#1604 = AXIS2_PLACEMENT_3D('',#1605,#1606,#1607);
#1605 = CARTESIAN_POINT('',(4.675985700455,-5.409034824175,
    3.399703604719));
#1606 = DIRECTION('',(0.,0.,1.));
#1607 = DIRECTION('',(1.,0.,0.));
#1608 = ORIENTED_EDGE('',*,*,#1421,.F.);
#1609 = ORIENTED_EDGE('',*,*,#1450,.T.);
#1610 = ORIENTED_EDGE('',*,*,#1486,.T.);
#1611 = CYLINDRICAL_SURFACE('',#1612,2.25);
#1612 = AXIS2_PLACEMENT_3D('',#1613,#1614,#1615);
#1613 = CARTESIAN_POINT('',(4.675985700455,-5.409034824175,0.));
#1614 = DIRECTION('',(-0.,-0.,-1.));
#1615 = DIRECTION('',(1.,0.,0.));
#1616 = ADVANCED_FACE('',(#1617),#1623,.F.);
#1617 = FACE_BOUND('',#1618,.F.);
#1618 = EDGE_LOOP('',(#1619,#1620,#1621,#1622));
#1619 = ORIENTED_EDGE('',*,*,#1412,.F.);
#1620 = ORIENTED_EDGE('',*,*,#1553,.T.);
#1621 = ORIENTED_EDGE('',*,*,#1577,.T.);
#1622 = ORIENTED_EDGE('',*,*,#1602,.T.);
#1623 = PLANE('',#1624);
#1624 = AXIS2_PLACEMENT_3D('',#1625,#1626,#1627);
#1625 = CARTESIAN_POINT('',(5.07051738194,2.E-16,3.399703604719));
#1626 = DIRECTION('',(0.,0.,1.));
#1627 = DIRECTION('',(1.,0.,0.));
#1628 = ADVANCED_FACE('',(#1629),#1648,.T.);
#1629 = FACE_BOUND('',#1630,.F.);
#1630 = EDGE_LOOP('',(#1631,#1639,#1646,#1647));
#1631 = ORIENTED_EDGE('',*,*,#1632,.T.);
#1632 = EDGE_CURVE('',#1526,#1633,#1635,.T.);
#1633 = VERTEX_POINT('',#1634);
#1634 = CARTESIAN_POINT('',(12.,0.,7.));
#1635 = LINE('',#1636,#1637);
#1636 = CARTESIAN_POINT('',(12.,0.,0.));
#1637 = VECTOR('',#1638,1.);
#1638 = DIRECTION('',(0.,0.,1.));
#1639 = ORIENTED_EDGE('',*,*,#1640,.T.);
#1640 = EDGE_CURVE('',#1633,#1633,#1641,.T.);
#1641 = CIRCLE('',#1642,12.);
#1642 = AXIS2_PLACEMENT_3D('',#1643,#1644,#1645);
#1643 = CARTESIAN_POINT('',(0.,0.,7.));
#1644 = DIRECTION('',(0.,0.,1.));
#1645 = DIRECTION('',(1.,0.,0.));
#1646 = ORIENTED_EDGE('',*,*,#1632,.F.);
#1647 = ORIENTED_EDGE('',*,*,#1525,.F.);
#1648 = CYLINDRICAL_SURFACE('',#1649,12.);
#1649 = AXIS2_PLACEMENT_3D('',#1650,#1651,#1652);
#1650 = CARTESIAN_POINT('',(0.,0.,0.));
#1651 = DIRECTION('',(-0.,-0.,-1.));
#1652 = DIRECTION('',(1.,0.,0.));
#1653 = ADVANCED_FACE('',(#1654,#1665),#1668,.F.);
#1654 = FACE_BOUND('',#1655,.F.);
#1655 = EDGE_LOOP('',(#1656));
#1656 = ORIENTED_EDGE('',*,*,#1657,.T.);
#1657 = EDGE_CURVE('',#1658,#1658,#1660,.T.);
#1658 = VERTEX_POINT('',#1659);
#1659 = CARTESIAN_POINT('',(14.,0.,7.));
#1660 = CIRCLE('',#1661,14.);
#1661 = AXIS2_PLACEMENT_3D('',#1662,#1663,#1664);
#1662 = CARTESIAN_POINT('',(0.,0.,7.));
#1663 = DIRECTION('',(0.,0.,1.));
#1664 = DIRECTION('',(1.,0.,0.));
#1665 = FACE_BOUND('',#1666,.T.);
#1666 = EDGE_LOOP('',(#1667));
#1667 = ORIENTED_EDGE('',*,*,#1640,.T.);
#1668 = PLANE('',#1669);
#1669 = AXIS2_PLACEMENT_3D('',#1670,#1671,#1672);
#1670 = CARTESIAN_POINT('',(-8.4E-16,5.3E-16,7.));
#1671 = DIRECTION('',(0.,0.,1.));
#1672 = DIRECTION('',(1.,0.,0.));
#1673 = ADVANCED_FACE('',(#1674),#1693,.F.);
#1674 = FACE_BOUND('',#1675,.T.);
#1675 = EDGE_LOOP('',(#1676,#1684,#1685,#1686));
#1676 = ORIENTED_EDGE('',*,*,#1677,.T.);
#1677 = EDGE_CURVE('',#1678,#1658,#1680,.T.);
#1678 = VERTEX_POINT('',#1679);
#1679 = CARTESIAN_POINT('',(14.,0.,0.));
#1680 = LINE('',#1681,#1682);
#1681 = CARTESIAN_POINT('',(14.,0.,0.));
#1682 = VECTOR('',#1683,1.);
#1683 = DIRECTION('',(0.,0.,1.));
#1684 = ORIENTED_EDGE('',*,*,#1657,.T.);
#1685 = ORIENTED_EDGE('',*,*,#1677,.F.);
#1686 = ORIENTED_EDGE('',*,*,#1687,.F.);
#1687 = EDGE_CURVE('',#1678,#1678,#1688,.T.);
#1688 = CIRCLE('',#1689,14.);
#1689 = AXIS2_PLACEMENT_3D('',#1690,#1691,#1692);
#1690 = CARTESIAN_POINT('',(0.,0.,0.));
#1691 = DIRECTION('',(0.,0.,1.));
#1692 = DIRECTION('',(1.,0.,0.));
#1693 = CYLINDRICAL_SURFACE('',#1694,14.);
#1694 = AXIS2_PLACEMENT_3D('',#1695,#1696,#1697);
#1695 = CARTESIAN_POINT('',(0.,0.,0.));
#1696 = DIRECTION('',(-0.,-0.,-1.));
#1697 = DIRECTION('',(1.,0.,0.));
#1698 = ADVANCED_FACE('',(#1699,#1710),#1713,.F.);
#1699 = FACE_BOUND('',#1700,.F.);
#1700 = EDGE_LOOP('',(#1701));
#1701 = ORIENTED_EDGE('',*,*,#1702,.T.);
#1702 = EDGE_CURVE('',#1703,#1703,#1705,.T.);
#1703 = VERTEX_POINT('',#1704);
#1704 = CARTESIAN_POINT('',(16.5,0.,0.));
#1705 = CIRCLE('',#1706,16.5);
#1706 = AXIS2_PLACEMENT_3D('',#1707,#1708,#1709);
#1707 = CARTESIAN_POINT('',(0.,0.,0.));
#1708 = DIRECTION('',(0.,0.,1.));
#1709 = DIRECTION('',(1.,0.,0.));
#1710 = FACE_BOUND('',#1711,.F.);
#1711 = EDGE_LOOP('',(#1712));
#1712 = ORIENTED_EDGE('',*,*,#1687,.F.);
#1713 = PLANE('',#1714);
#1714 = AXIS2_PLACEMENT_3D('',#1715,#1716,#1717);
#1715 = CARTESIAN_POINT('',(0.,0.,0.));
#1716 = DIRECTION('',(0.,0.,1.));
#1717 = DIRECTION('',(1.,0.,0.));
#1718 = ADVANCED_FACE('',(#1719),#2665,.T.);
#1719 = FACE_BOUND('',#1720,.T.);
#1720 = EDGE_LOOP('',(#1721,#1733,#1743,#1752,#1762,#1772,#1781,#1791,
    #1801,#1810,#1820,#1830,#1839,#1849,#1859,#1868,#1878,#1888,#1897,
    #1907,#1917,#1926,#1936,#1946,#1955,#1960,#1961,#1962,#1971,#1981,
    #1991,#2000,#2010,#2020,#2029,#2039,#2049,#2058,#2068,#2078,#2087,
    #2097,#2107,#2116,#2126,#2136,#2145,#2155,#2165,#2174,#2184,#2194,
    #2203,#2213,#2223,#2232,#2242,#2252,#2261,#2271,#2281,#2290,#2300,
    #2310,#2319,#2329,#2339,#2348,#2358,#2368,#2377,#2387,#2397,#2406,
    #2416,#2426,#2435,#2445,#2455,#2464,#2474,#2484,#2493,#2503,#2513,
    #2522,#2532,#2542,#2551,#2561,#2571,#2580,#2590,#2600,#2609,#2619,
    #2629,#2638,#2648,#2658));
#1721 = ORIENTED_EDGE('',*,*,#1722,.F.);
#1722 = EDGE_CURVE('',#1723,#1725,#1727,.T.);
#1723 = VERTEX_POINT('',#1724);
#1724 = CARTESIAN_POINT('',(2.031491037481,15.987318709412,11.));
#1725 = VERTEX_POINT('',#1726);
#1726 = CARTESIAN_POINT('',(2.057798861574,16.06840025014,8.601462015154
    ));
#1727 = B_SPLINE_CURVE_WITH_KNOTS('',4,(#1728,#1729,#1730,#1731,#1732),
  .UNSPECIFIED.,.F.,.F.,(5,5),(0.,1.),.PIECEWISE_BEZIER_KNOTS.);
#1728 = CARTESIAN_POINT('',(2.031491037481,15.987318709412,11.));
#1729 = CARTESIAN_POINT('',(2.038496878356,16.00753651408,10.40036673611
    ));
#1730 = CARTESIAN_POINT('',(2.045214372516,16.02778937456,9.800732583055
    ));
#1731 = CARTESIAN_POINT('',(2.051647380077,16.048077287581,
    9.201097644753));
#1732 = CARTESIAN_POINT('',(2.057798861574,16.06840025014,8.601462015154
    ));
#1733 = ORIENTED_EDGE('',*,*,#1734,.F.);
#1734 = EDGE_CURVE('',#1735,#1723,#1737,.T.);
#1735 = VERTEX_POINT('',#1736);
#1736 = CARTESIAN_POINT('',(1.965395058913,15.819647207415,16.));
#1737 = B_SPLINE_CURVE_WITH_KNOTS('',4,(#1738,#1739,#1740,#1741,#1742),
  .UNSPECIFIED.,.F.,.F.,(5,5),(0.,1.),.PIECEWISE_BEZIER_KNOTS.);
#1738 = CARTESIAN_POINT('',(1.965395058913,15.819647207415,16.));
#1739 = CARTESIAN_POINT('',(1.983883959819,15.861337364185,
    14.749982218433));
#1740 = CARTESIAN_POINT('',(2.0010295553,15.90317993358,13.499958427036)
  );
#1741 = CARTESIAN_POINT('',(2.016887505903,15.945174878341,
    12.249929840214));
#1742 = CARTESIAN_POINT('',(2.031492236381,15.987322169266,
    10.999897385305));
#1743 = ORIENTED_EDGE('',*,*,#1744,.F.);
#1744 = EDGE_CURVE('',#1745,#1735,#1747,.T.);
#1745 = VERTEX_POINT('',#1746);
#1746 = CARTESIAN_POINT('',(4.23812862391,15.367572393579,16.));
#1747 = CIRCLE('',#1748,15.941267688132);
#1748 = AXIS2_PLACEMENT_3D('',#1749,#1750,#1751);
#1749 = CARTESIAN_POINT('',(0.,0.,16.));
#1750 = DIRECTION('',(0.,0.,1.));
#1751 = DIRECTION('',(1.,0.,0.));
#1752 = ORIENTED_EDGE('',*,*,#1753,.F.);
#1753 = EDGE_CURVE('',#1754,#1745,#1756,.T.);
#1754 = VERTEX_POINT('',#1755);
#1755 = CARTESIAN_POINT('',(4.241229008024,15.547774498402,11.));
#1756 = B_SPLINE_CURVE_WITH_KNOTS('',4,(#1757,#1758,#1759,#1760,#1761),
  .UNSPECIFIED.,.F.,.F.,(5,5),(0.,1.),.PIECEWISE_BEZIER_KNOTS.);
#1757 = CARTESIAN_POINT('',(4.24122923994,15.547778415964,
    10.999890022513));
#1758 = CARTESIAN_POINT('',(4.238593114316,15.503249364666,
    12.24995181283));
#1759 = CARTESIAN_POINT('',(4.237173170422,15.458381460441,
    13.500009734881));
#1760 = CARTESIAN_POINT('',(4.237001226058,15.413161555532,
    14.750062861269));
#1761 = CARTESIAN_POINT('',(4.238128723102,15.367568382353,
    16.000109977487));
#1762 = ORIENTED_EDGE('',*,*,#1763,.T.);
#1763 = EDGE_CURVE('',#1754,#1764,#1766,.T.);
#1764 = VERTEX_POINT('',#1765);
#1765 = CARTESIAN_POINT('',(4.247952310106,15.632751642767,
    8.601462015154));
#1766 = B_SPLINE_CURVE_WITH_KNOTS('',4,(#1767,#1768,#1769,#1770,#1771),
  .UNSPECIFIED.,.F.,.F.,(5,5),(0.,1.),.PIECEWISE_BEZIER_KNOTS.);
#1767 = CARTESIAN_POINT('',(4.241229008024,15.547774498402,11.));
#1768 = CARTESIAN_POINT('',(4.242493473916,15.56913433356,10.40036673611
    ));
#1769 = CARTESIAN_POINT('',(4.244037752716,15.590416210555,
    9.800732583055));
#1770 = CARTESIAN_POINT('',(4.245858276888,15.611621603566,
    9.201097644753));
#1771 = CARTESIAN_POINT('',(4.247952310106,15.632751642767,
    8.601462015154));
#1772 = ORIENTED_EDGE('',*,*,#1773,.F.);
#1773 = EDGE_CURVE('',#1774,#1764,#1776,.T.);
#1774 = VERTEX_POINT('',#1775);
#1775 = CARTESIAN_POINT('',(8.050268810573,14.057780579839,
    8.601462015154));
#1776 = CIRCLE('',#1777,16.199630327677);
#1777 = AXIS2_PLACEMENT_3D('',#1778,#1779,#1780);
#1778 = CARTESIAN_POINT('',(0.,0.,8.601462015154));
#1779 = DIRECTION('',(0.,-0.,1.));
#1780 = DIRECTION('',(0.496090761855,0.868270669781,0.));
#1781 = ORIENTED_EDGE('',*,*,#1782,.F.);
#1782 = EDGE_CURVE('',#1783,#1774,#1785,.T.);
#1783 = VERTEX_POINT('',#1784);
#1784 = CARTESIAN_POINT('',(7.994934988041,13.992938572318,11.));
#1785 = B_SPLINE_CURVE_WITH_KNOTS('',4,(#1786,#1787,#1788,#1789,#1790),
  .UNSPECIFIED.,.F.,.F.,(5,5),(0.,1.),.PIECEWISE_BEZIER_KNOTS.);
#1786 = CARTESIAN_POINT('',(7.994934988041,13.992938572318,11.));
#1787 = CARTESIAN_POINT('',(8.009144559919,14.008936369011,
    10.40036673611));
#1788 = CARTESIAN_POINT('',(8.023101149447,14.025076898561,
    9.800732583055));
#1789 = CARTESIAN_POINT('',(8.036808321655,14.041358680745,
    9.201097644753));
#1790 = CARTESIAN_POINT('',(8.050268810573,14.057780579839,
    8.601462015154));
#1791 = ORIENTED_EDGE('',*,*,#1792,.F.);
#1792 = EDGE_CURVE('',#1793,#1783,#1795,.T.);
#1793 = VERTEX_POINT('',#1794);
#1794 = CARTESIAN_POINT('',(7.869705160367,13.863324139382,16.));
#1795 = B_SPLINE_CURVE_WITH_KNOTS('',4,(#1796,#1797,#1798,#1799,#1800),
  .UNSPECIFIED.,.F.,.F.,(5,5),(0.,1.),.PIECEWISE_BEZIER_KNOTS.);
#1796 = CARTESIAN_POINT('',(7.869705160367,13.863324139382,16.));
#1797 = CARTESIAN_POINT('',(7.902740858426,13.894765472167,
    14.749980377757));
#1798 = CARTESIAN_POINT('',(7.934593826403,13.926861678517,
    13.499954745666));
#1799 = CARTESIAN_POINT('',(7.965315473901,13.959591423545,
    12.249924318137));
#1800 = CARTESIAN_POINT('',(7.994937594185,13.992941506442,
    10.999890022513));
#1801 = ORIENTED_EDGE('',*,*,#1802,.F.);
#1802 = EDGE_CURVE('',#1803,#1793,#1805,.T.);
#1803 = VERTEX_POINT('',#1804);
#1804 = CARTESIAN_POINT('',(9.796435642474,12.57592399021,16.));
#1805 = CIRCLE('',#1806,15.941267688132);
#1806 = AXIS2_PLACEMENT_3D('',#1807,#1808,#1809);
#1807 = CARTESIAN_POINT('',(0.,0.,16.));
#1808 = DIRECTION('',(0.,0.,1.));
#1809 = DIRECTION('',(1.,0.,0.));
#1810 = ORIENTED_EDGE('',*,*,#1811,.F.);
#1811 = EDGE_CURVE('',#1812,#1803,#1814,.T.);
#1812 = VERTEX_POINT('',#1813);
#1813 = CARTESIAN_POINT('',(9.868260383893,12.741222560938,11.));
#1814 = B_SPLINE_CURVE_WITH_KNOTS('',4,(#1815,#1816,#1817,#1818,#1819),
  .UNSPECIFIED.,.F.,.F.,(5,5),(0.,1.),.PIECEWISE_BEZIER_KNOTS.);
#1815 = CARTESIAN_POINT('',(9.868262097342,12.741226091542,
    10.999890022513));
#1816 = CARTESIAN_POINT('',(9.848786104642,12.701095414048,
    12.24995181283));
#1817 = CARTESIAN_POINT('',(9.830304043949,12.660186264671,
    13.500009734881));
#1818 = CARTESIAN_POINT('',(9.812840279649,12.618474320323,
    14.750062861269));
#1819 = CARTESIAN_POINT('',(9.796434199086,12.575920246362,
    16.000109977487));
#1820 = ORIENTED_EDGE('',*,*,#1821,.T.);
#1821 = EDGE_CURVE('',#1812,#1822,#1824,.T.);
#1822 = VERTEX_POINT('',#1823);
#1823 = CARTESIAN_POINT('',(9.906991250357,12.81715830903,8.601462015154
    ));
#1824 = B_SPLINE_CURVE_WITH_KNOTS('',4,(#1825,#1826,#1827,#1828,#1829),
  .UNSPECIFIED.,.F.,.F.,(5,5),(0.,1.),.PIECEWISE_BEZIER_KNOTS.);
#1825 = CARTESIAN_POINT('',(9.868260383893,12.741222560938,11.));
#1826 = CARTESIAN_POINT('',(9.877602653084,12.76047258531,10.40036673611
    ));
#1827 = CARTESIAN_POINT('',(9.887173602395,12.779543505967,
    9.800732583055));
#1828 = CARTESIAN_POINT('',(9.896970499998,12.79843805011,9.201097644753
    ));
#1829 = CARTESIAN_POINT('',(9.906991250357,12.81715830903,8.601462015154
    ));
#1830 = ORIENTED_EDGE('',*,*,#1831,.F.);
#1831 = EDGE_CURVE('',#1832,#1822,#1834,.T.);
#1832 = VERTEX_POINT('',#1833);
#1833 = CARTESIAN_POINT('',(12.81715830903,9.906991250357,8.601462015154
    ));
#1834 = CIRCLE('',#1835,16.199630327677);
#1835 = AXIS2_PLACEMENT_3D('',#1836,#1837,#1838);
#1836 = CARTESIAN_POINT('',(0.,0.,8.601462015154));
#1837 = DIRECTION('',(0.,-0.,1.));
#1838 = DIRECTION('',(0.790600901279,0.61233178498,0.));
#1839 = ORIENTED_EDGE('',*,*,#1840,.F.);
#1840 = EDGE_CURVE('',#1841,#1832,#1843,.T.);
#1841 = VERTEX_POINT('',#1842);
#1842 = CARTESIAN_POINT('',(12.741222560938,9.868260383893,11.));
#1843 = B_SPLINE_CURVE_WITH_KNOTS('',4,(#1844,#1845,#1846,#1847,#1848),
  .UNSPECIFIED.,.F.,.F.,(5,5),(0.,1.),.PIECEWISE_BEZIER_KNOTS.);
#1844 = CARTESIAN_POINT('',(12.741222560938,9.868260383893,11.));
#1845 = CARTESIAN_POINT('',(12.76047258531,9.877602653084,10.40036673611
    ));
#1846 = CARTESIAN_POINT('',(12.779543505967,9.887173602395,
    9.800732583055));
#1847 = CARTESIAN_POINT('',(12.79843805011,9.896970499998,9.201097644753
    ));
#1848 = CARTESIAN_POINT('',(12.81715830903,9.906991250357,8.601462015154
    ));
#1849 = ORIENTED_EDGE('',*,*,#1850,.F.);
#1850 = EDGE_CURVE('',#1851,#1841,#1853,.T.);
#1851 = VERTEX_POINT('',#1852);
#1852 = CARTESIAN_POINT('',(12.57592399021,9.796435642474,16.));
#1853 = B_SPLINE_CURVE_WITH_KNOTS('',4,(#1854,#1855,#1856,#1857,#1858),
  .UNSPECIFIED.,.F.,.F.,(5,5),(0.,1.),.PIECEWISE_BEZIER_KNOTS.);
#1854 = CARTESIAN_POINT('',(12.57592399021,9.796435642474,16.));
#1855 = CARTESIAN_POINT('',(12.618477072638,9.812841431985,
    14.749980377757));
#1856 = CARTESIAN_POINT('',(12.660188064213,9.830304856987,
    13.499954745666));
#1857 = CARTESIAN_POINT('',(12.701096296709,9.84878653301,
    12.249924318137));
#1858 = CARTESIAN_POINT('',(12.741226091542,9.868262097342,
    10.999890022513));
#1859 = ORIENTED_EDGE('',*,*,#1860,.F.);
#1860 = EDGE_CURVE('',#1861,#1851,#1863,.T.);
#1861 = VERTEX_POINT('',#1862);
#1862 = CARTESIAN_POINT('',(13.863324139382,7.869705160367,16.));
#1863 = CIRCLE('',#1864,15.941267688132);
#1864 = AXIS2_PLACEMENT_3D('',#1865,#1866,#1867);
#1865 = CARTESIAN_POINT('',(0.,0.,16.));
#1866 = DIRECTION('',(0.,0.,1.));
#1867 = DIRECTION('',(1.,0.,0.));
#1868 = ORIENTED_EDGE('',*,*,#1869,.F.);
#1869 = EDGE_CURVE('',#1870,#1861,#1872,.T.);
#1870 = VERTEX_POINT('',#1871);
#1871 = CARTESIAN_POINT('',(13.992938572318,7.994934988041,11.));
#1872 = B_SPLINE_CURVE_WITH_KNOTS('',4,(#1873,#1874,#1875,#1876,#1877),
  .UNSPECIFIED.,.F.,.F.,(5,5),(0.,1.),.PIECEWISE_BEZIER_KNOTS.);
#1873 = CARTESIAN_POINT('',(13.992941506442,7.994937594185,
    10.999890022513));
#1874 = CARTESIAN_POINT('',(13.959590690005,7.965314822358,
    12.24995181283));
#1875 = CARTESIAN_POINT('',(13.926860238713,7.934592474979,
    13.500009734881));
#1876 = CARTESIAN_POINT('',(13.894763354282,7.9027387566,14.750062861269
    ));
#1877 = CARTESIAN_POINT('',(13.863321373156,7.869702253863,
    16.000109977487));
#1878 = ORIENTED_EDGE('',*,*,#1879,.T.);
#1879 = EDGE_CURVE('',#1870,#1880,#1882,.T.);
#1880 = VERTEX_POINT('',#1881);
#1881 = CARTESIAN_POINT('',(14.057780579839,8.050268810573,
    8.601462015154));
#1882 = B_SPLINE_CURVE_WITH_KNOTS('',4,(#1883,#1884,#1885,#1886,#1887),
  .UNSPECIFIED.,.F.,.F.,(5,5),(0.,1.),.PIECEWISE_BEZIER_KNOTS.);
#1883 = CARTESIAN_POINT('',(13.992938572318,7.994934988041,11.));
#1884 = CARTESIAN_POINT('',(14.008936369011,8.009144559919,
    10.40036673611));
#1885 = CARTESIAN_POINT('',(14.025076898561,8.023101149447,
    9.800732583055));
#1886 = CARTESIAN_POINT('',(14.041358680745,8.036808321655,
    9.201097644753));
#1887 = CARTESIAN_POINT('',(14.057780579839,8.050268810573,
    8.601462015154));
#1888 = ORIENTED_EDGE('',*,*,#1889,.F.);
#1889 = EDGE_CURVE('',#1890,#1880,#1892,.T.);
#1890 = VERTEX_POINT('',#1891);
#1891 = CARTESIAN_POINT('',(15.632751642767,4.247952310106,
    8.601462015154));
#1892 = CIRCLE('',#1893,16.199630327677);
#1893 = AXIS2_PLACEMENT_3D('',#1894,#1895,#1896);
#1894 = CARTESIAN_POINT('',(0.,0.,8.601462015154));
#1895 = DIRECTION('',(0.,-0.,1.));
#1896 = DIRECTION('',(0.964749220299,0.263170936716,0.));
#1897 = ORIENTED_EDGE('',*,*,#1898,.F.);
#1898 = EDGE_CURVE('',#1899,#1890,#1901,.T.);
#1899 = VERTEX_POINT('',#1900);
#1900 = CARTESIAN_POINT('',(15.547774498402,4.241229008024,11.));
#1901 = B_SPLINE_CURVE_WITH_KNOTS('',4,(#1902,#1903,#1904,#1905,#1906),
  .UNSPECIFIED.,.F.,.F.,(5,5),(0.,1.),.PIECEWISE_BEZIER_KNOTS.);
#1902 = CARTESIAN_POINT('',(15.547774498402,4.241229008024,11.));
#1903 = CARTESIAN_POINT('',(15.56913433356,4.242493473916,10.40036673611
    ));
#1904 = CARTESIAN_POINT('',(15.590416210555,4.244037752716,
    9.800732583055));
#1905 = CARTESIAN_POINT('',(15.611621603566,4.245858276888,
    9.201097644753));
#1906 = CARTESIAN_POINT('',(15.632751642767,4.247952310106,
    8.601462015154));
#1907 = ORIENTED_EDGE('',*,*,#1908,.F.);
#1908 = EDGE_CURVE('',#1909,#1899,#1911,.T.);
#1909 = VERTEX_POINT('',#1910);
#1910 = CARTESIAN_POINT('',(15.367572393579,4.23812862391,16.));
#1911 = B_SPLINE_CURVE_WITH_KNOTS('',4,(#1912,#1913,#1914,#1915,#1916),
  .UNSPECIFIED.,.F.,.F.,(5,5),(0.,1.),.PIECEWISE_BEZIER_KNOTS.);
#1912 = CARTESIAN_POINT('',(15.367572393579,4.23812862391,16.));
#1913 = CARTESIAN_POINT('',(15.413164539319,4.237001237413,
    14.749980377757));
#1914 = CARTESIAN_POINT('',(15.458383434137,4.237173232916,
    13.499954745666));
#1915 = CARTESIAN_POINT('',(15.503250344067,4.238593172297,
    12.249924318137));
#1916 = CARTESIAN_POINT('',(15.547778415964,4.24122923994,
    10.999890022513));
#1917 = ORIENTED_EDGE('',*,*,#1918,.F.);
#1918 = EDGE_CURVE('',#1919,#1909,#1921,.T.);
#1919 = VERTEX_POINT('',#1920);
#1920 = CARTESIAN_POINT('',(15.819647207415,1.965395058913,16.));
#1921 = CIRCLE('',#1922,15.941267688132);
#1922 = AXIS2_PLACEMENT_3D('',#1923,#1924,#1925);
#1923 = CARTESIAN_POINT('',(0.,0.,16.));
#1924 = DIRECTION('',(0.,0.,1.));
#1925 = DIRECTION('',(1.,0.,0.));
#1926 = ORIENTED_EDGE('',*,*,#1927,.F.);
#1927 = EDGE_CURVE('',#1928,#1919,#1930,.T.);
#1928 = VERTEX_POINT('',#1929);
#1929 = CARTESIAN_POINT('',(15.987318709412,2.031491037481,11.));
#1930 = B_SPLINE_CURVE_WITH_KNOTS('',4,(#1931,#1932,#1933,#1934,#1935),
  .UNSPECIFIED.,.F.,.F.,(5,5),(0.,1.),.PIECEWISE_BEZIER_KNOTS.);
#1931 = CARTESIAN_POINT('',(15.987322417517,2.031492322404,
    10.999890022513));
#1932 = CARTESIAN_POINT('',(15.945174136819,2.016887254722,
    12.24995181283));
#1933 = CARTESIAN_POINT('',(15.903178209435,2.001028908232,
    13.500009734881));
#1934 = CARTESIAN_POINT('',(15.861334664569,1.983882855689,
    14.750062861269));
#1935 = CARTESIAN_POINT('',(15.819643539485,1.965393432242,
    16.000109977487));
#1936 = ORIENTED_EDGE('',*,*,#1937,.T.);
#1937 = EDGE_CURVE('',#1928,#1938,#1940,.T.);
#1938 = VERTEX_POINT('',#1939);
#1939 = CARTESIAN_POINT('',(16.06840025014,2.057798861574,8.601462015154
    ));
#1940 = B_SPLINE_CURVE_WITH_KNOTS('',4,(#1941,#1942,#1943,#1944,#1945),
  .UNSPECIFIED.,.F.,.F.,(5,5),(0.,1.),.PIECEWISE_BEZIER_KNOTS.);
#1941 = CARTESIAN_POINT('',(15.987318709412,2.031491037481,11.));
#1942 = CARTESIAN_POINT('',(16.00753651408,2.038496878356,10.40036673611
    ));
#1943 = CARTESIAN_POINT('',(16.02778937456,2.045214372516,9.800732583055
    ));
#1944 = CARTESIAN_POINT('',(16.048077287581,2.051647380077,
    9.201097644753));
#1945 = CARTESIAN_POINT('',(16.06840025014,2.057798861574,8.601462015154
    ));
#1946 = ORIENTED_EDGE('',*,*,#1947,.F.);
#1947 = EDGE_CURVE('',#1948,#1938,#1950,.T.);
#1948 = VERTEX_POINT('',#1949);
#1949 = CARTESIAN_POINT('',(16.199630327677,0.,8.601462015155));
#1950 = CIRCLE('',#1951,16.199630327677);
#1951 = AXIS2_PLACEMENT_3D('',#1952,#1953,#1954);
#1952 = CARTESIAN_POINT('',(0.,0.,8.601462015154));
#1953 = DIRECTION('',(-0.,0.,1.));
#1954 = DIRECTION('',(0.992023216002,-0.126055301011,0.));
#1955 = ORIENTED_EDGE('',*,*,#1956,.F.);
#1956 = EDGE_CURVE('',#1703,#1948,#1957,.T.);
#1957 = B_SPLINE_CURVE_WITH_KNOTS('',1,(#1958,#1959),.UNSPECIFIED.,.F.,
  .F.,(2,2),(0.,1.),.PIECEWISE_BEZIER_KNOTS.);
#1958 = CARTESIAN_POINT('',(16.5,0.,0.));
#1959 = CARTESIAN_POINT('',(15.941267688132,0.,16.));
#1960 = ORIENTED_EDGE('',*,*,#1702,.T.);
#1961 = ORIENTED_EDGE('',*,*,#1956,.T.);
#1962 = ORIENTED_EDGE('',*,*,#1963,.F.);
#1963 = EDGE_CURVE('',#1964,#1948,#1966,.T.);
#1964 = VERTEX_POINT('',#1965);
#1965 = CARTESIAN_POINT('',(16.06840025014,-2.057798861574,
    8.601462015154));
#1966 = CIRCLE('',#1967,16.199630327677);
#1967 = AXIS2_PLACEMENT_3D('',#1968,#1969,#1970);
#1968 = CARTESIAN_POINT('',(0.,0.,8.601462015154));
#1969 = DIRECTION('',(-0.,0.,1.));
#1970 = DIRECTION('',(0.992023216002,-0.126055301011,0.));
#1971 = ORIENTED_EDGE('',*,*,#1972,.F.);
#1972 = EDGE_CURVE('',#1973,#1964,#1975,.T.);
#1973 = VERTEX_POINT('',#1974);
#1974 = CARTESIAN_POINT('',(15.987318709412,-2.031491037481,11.));
#1975 = B_SPLINE_CURVE_WITH_KNOTS('',4,(#1976,#1977,#1978,#1979,#1980),
  .UNSPECIFIED.,.F.,.F.,(5,5),(0.,1.),.PIECEWISE_BEZIER_KNOTS.);
#1976 = CARTESIAN_POINT('',(15.987318709412,-2.031491037481,11.));
#1977 = CARTESIAN_POINT('',(16.00753651408,-2.038496878356,
    10.40036673611));
#1978 = CARTESIAN_POINT('',(16.02778937456,-2.045214372516,
    9.800732583055));
#1979 = CARTESIAN_POINT('',(16.048077287581,-2.051647380077,
    9.201097644753));
#1980 = CARTESIAN_POINT('',(16.06840025014,-2.057798861574,
    8.601462015154));
#1981 = ORIENTED_EDGE('',*,*,#1982,.F.);
#1982 = EDGE_CURVE('',#1983,#1973,#1985,.T.);
#1983 = VERTEX_POINT('',#1984);
#1984 = CARTESIAN_POINT('',(15.819647207415,-1.965395058913,16.));
#1985 = B_SPLINE_CURVE_WITH_KNOTS('',4,(#1986,#1987,#1988,#1989,#1990),
  .UNSPECIFIED.,.F.,.F.,(5,5),(0.,1.),.PIECEWISE_BEZIER_KNOTS.);
#1986 = CARTESIAN_POINT('',(15.819647207415,-1.965395058913,16.));
#1987 = CARTESIAN_POINT('',(15.861337425574,-1.983883987044,
    14.749980377757));
#1988 = CARTESIAN_POINT('',(15.903180056808,-2.001029605795,
    13.499954745666));
#1989 = CARTESIAN_POINT('',(15.945175063856,-2.016887575956,
    12.249924318137));
#1990 = CARTESIAN_POINT('',(15.987322417517,-2.031492322404,
    10.999890022513));
#1991 = ORIENTED_EDGE('',*,*,#1992,.F.);
#1992 = EDGE_CURVE('',#1993,#1983,#1995,.T.);
#1993 = VERTEX_POINT('',#1994);
#1994 = CARTESIAN_POINT('',(15.367572393579,-4.23812862391,16.));
#1995 = CIRCLE('',#1996,15.941267688132);
#1996 = AXIS2_PLACEMENT_3D('',#1997,#1998,#1999);
#1997 = CARTESIAN_POINT('',(0.,0.,16.));
#1998 = DIRECTION('',(0.,0.,1.));
#1999 = DIRECTION('',(1.,0.,0.));
#2000 = ORIENTED_EDGE('',*,*,#2001,.F.);
#2001 = EDGE_CURVE('',#2002,#1993,#2004,.T.);
#2002 = VERTEX_POINT('',#2003);
#2003 = CARTESIAN_POINT('',(15.547774498402,-4.241229008024,11.));
#2004 = B_SPLINE_CURVE_WITH_KNOTS('',4,(#2005,#2006,#2007,#2008,#2009),
  .UNSPECIFIED.,.F.,.F.,(5,5),(0.,1.),.PIECEWISE_BEZIER_KNOTS.);
#2005 = CARTESIAN_POINT('',(15.547778415964,-4.24122923994,
    10.999890022513));
#2006 = CARTESIAN_POINT('',(15.503249364666,-4.238593114316,
    12.24995181283));
#2007 = CARTESIAN_POINT('',(15.458381460441,-4.237173170422,
    13.500009734881));
#2008 = CARTESIAN_POINT('',(15.413161555532,-4.237001226058,
    14.750062861269));
#2009 = CARTESIAN_POINT('',(15.367568382353,-4.238128723102,
    16.000109977487));
#2010 = ORIENTED_EDGE('',*,*,#2011,.T.);
#2011 = EDGE_CURVE('',#2002,#2012,#2014,.T.);
#2012 = VERTEX_POINT('',#2013);
#2013 = CARTESIAN_POINT('',(15.632751642767,-4.247952310106,
    8.601462015154));
#2014 = B_SPLINE_CURVE_WITH_KNOTS('',4,(#2015,#2016,#2017,#2018,#2019),
  .UNSPECIFIED.,.F.,.F.,(5,5),(0.,1.),.PIECEWISE_BEZIER_KNOTS.);
#2015 = CARTESIAN_POINT('',(15.547774498402,-4.241229008024,11.));
#2016 = CARTESIAN_POINT('',(15.56913433356,-4.242493473916,
    10.40036673611));
#2017 = CARTESIAN_POINT('',(15.590416210555,-4.244037752716,
    9.800732583055));
#2018 = CARTESIAN_POINT('',(15.611621603566,-4.245858276888,
    9.201097644753));
#2019 = CARTESIAN_POINT('',(15.632751642767,-4.247952310106,
    8.601462015154));
#2020 = ORIENTED_EDGE('',*,*,#2021,.F.);
#2021 = EDGE_CURVE('',#2022,#2012,#2024,.T.);
#2022 = VERTEX_POINT('',#2023);
#2023 = CARTESIAN_POINT('',(14.057780579839,-8.050268810573,
    8.601462015154));
#2024 = CIRCLE('',#2025,16.199630327677);
#2025 = AXIS2_PLACEMENT_3D('',#2026,#2027,#2028);
#2026 = CARTESIAN_POINT('',(0.,0.,8.601462015154));
#2027 = DIRECTION('',(-0.,0.,1.));
#2028 = DIRECTION('',(0.868270669781,-0.496090761855,0.));
#2029 = ORIENTED_EDGE('',*,*,#2030,.F.);
#2030 = EDGE_CURVE('',#2031,#2022,#2033,.T.);
#2031 = VERTEX_POINT('',#2032);
#2032 = CARTESIAN_POINT('',(13.992938572318,-7.994934988041,11.));
#2033 = B_SPLINE_CURVE_WITH_KNOTS('',4,(#2034,#2035,#2036,#2037,#2038),
  .UNSPECIFIED.,.F.,.F.,(5,5),(0.,1.),.PIECEWISE_BEZIER_KNOTS.);
#2034 = CARTESIAN_POINT('',(13.992938572318,-7.994934988041,11.));
#2035 = CARTESIAN_POINT('',(14.008936369011,-8.009144559919,
    10.40036673611));
#2036 = CARTESIAN_POINT('',(14.025076898561,-8.023101149447,
    9.800732583055));
#2037 = CARTESIAN_POINT('',(14.041358680745,-8.036808321655,
    9.201097644753));
#2038 = CARTESIAN_POINT('',(14.057780579839,-8.050268810573,
    8.601462015154));
#2039 = ORIENTED_EDGE('',*,*,#2040,.F.);
#2040 = EDGE_CURVE('',#2041,#2031,#2043,.T.);
#2041 = VERTEX_POINT('',#2042);
#2042 = CARTESIAN_POINT('',(13.863324139382,-7.869705160367,16.));
#2043 = B_SPLINE_CURVE_WITH_KNOTS('',4,(#2044,#2045,#2046,#2047,#2048),
  .UNSPECIFIED.,.F.,.F.,(5,5),(0.,1.),.PIECEWISE_BEZIER_KNOTS.);
#2044 = CARTESIAN_POINT('',(13.863324139382,-7.869705160367,16.));
#2045 = CARTESIAN_POINT('',(13.894765472167,-7.902740858426,
    14.749980377757));
#2046 = CARTESIAN_POINT('',(13.926861678517,-7.934593826403,
    13.499954745666));
#2047 = CARTESIAN_POINT('',(13.959591423545,-7.965315473901,
    12.249924318137));
#2048 = CARTESIAN_POINT('',(13.992941506442,-7.994937594185,
    10.999890022513));
#2049 = ORIENTED_EDGE('',*,*,#2050,.F.);
#2050 = EDGE_CURVE('',#2051,#2041,#2053,.T.);
#2051 = VERTEX_POINT('',#2052);
#2052 = CARTESIAN_POINT('',(12.57592399021,-9.796435642474,16.));
#2053 = CIRCLE('',#2054,15.941267688132);
#2054 = AXIS2_PLACEMENT_3D('',#2055,#2056,#2057);
#2055 = CARTESIAN_POINT('',(0.,0.,16.));
#2056 = DIRECTION('',(0.,0.,1.));
#2057 = DIRECTION('',(1.,0.,0.));
#2058 = ORIENTED_EDGE('',*,*,#2059,.F.);
#2059 = EDGE_CURVE('',#2060,#2051,#2062,.T.);
#2060 = VERTEX_POINT('',#2061);
#2061 = CARTESIAN_POINT('',(12.741222560938,-9.868260383893,11.));
#2062 = B_SPLINE_CURVE_WITH_KNOTS('',4,(#2063,#2064,#2065,#2066,#2067),
  .UNSPECIFIED.,.F.,.F.,(5,5),(0.,1.),.PIECEWISE_BEZIER_KNOTS.);
#2063 = CARTESIAN_POINT('',(12.741226091542,-9.868262097342,
    10.999890022513));
#2064 = CARTESIAN_POINT('',(12.701095414048,-9.848786104642,
    12.24995181283));
#2065 = CARTESIAN_POINT('',(12.660186264671,-9.830304043949,
    13.500009734881));
#2066 = CARTESIAN_POINT('',(12.618474320323,-9.812840279649,
    14.750062861269));
#2067 = CARTESIAN_POINT('',(12.575920246362,-9.796434199086,
    16.000109977487));
#2068 = ORIENTED_EDGE('',*,*,#2069,.T.);
#2069 = EDGE_CURVE('',#2060,#2070,#2072,.T.);
#2070 = VERTEX_POINT('',#2071);
#2071 = CARTESIAN_POINT('',(12.81715830903,-9.906991250357,
    8.601462015154));
#2072 = B_SPLINE_CURVE_WITH_KNOTS('',4,(#2073,#2074,#2075,#2076,#2077),
  .UNSPECIFIED.,.F.,.F.,(5,5),(0.,1.),.PIECEWISE_BEZIER_KNOTS.);
#2073 = CARTESIAN_POINT('',(12.741222560938,-9.868260383893,11.));
#2074 = CARTESIAN_POINT('',(12.76047258531,-9.877602653084,
    10.40036673611));
#2075 = CARTESIAN_POINT('',(12.779543505967,-9.887173602395,
    9.800732583055));
#2076 = CARTESIAN_POINT('',(12.79843805011,-9.896970499998,
    9.201097644753));
#2077 = CARTESIAN_POINT('',(12.81715830903,-9.906991250357,
    8.601462015154));
#2078 = ORIENTED_EDGE('',*,*,#2079,.F.);
#2079 = EDGE_CURVE('',#2080,#2070,#2082,.T.);
#2080 = VERTEX_POINT('',#2081);
#2081 = CARTESIAN_POINT('',(9.906991250357,-12.81715830903,
    8.601462015154));
#2082 = CIRCLE('',#2083,16.199630327677);
#2083 = AXIS2_PLACEMENT_3D('',#2084,#2085,#2086);
#2084 = CARTESIAN_POINT('',(0.,0.,8.601462015154));
#2085 = DIRECTION('',(-0.,0.,1.));
#2086 = DIRECTION('',(0.61233178498,-0.790600901279,0.));
#2087 = ORIENTED_EDGE('',*,*,#2088,.F.);
#2088 = EDGE_CURVE('',#2089,#2080,#2091,.T.);
#2089 = VERTEX_POINT('',#2090);
#2090 = CARTESIAN_POINT('',(9.868260383893,-12.74122256093,11.));
#2091 = B_SPLINE_CURVE_WITH_KNOTS('',4,(#2092,#2093,#2094,#2095,#2096),
  .UNSPECIFIED.,.F.,.F.,(5,5),(0.,1.),.PIECEWISE_BEZIER_KNOTS.);
#2092 = CARTESIAN_POINT('',(9.868260383893,-12.74122256093,11.));
#2093 = CARTESIAN_POINT('',(9.877602653084,-12.76047258531,
    10.40036673611));
#2094 = CARTESIAN_POINT('',(9.887173602395,-12.77954350596,
    9.800732583055));
#2095 = CARTESIAN_POINT('',(9.896970499998,-12.79843805011,
    9.201097644753));
#2096 = CARTESIAN_POINT('',(9.906991250357,-12.81715830903,
    8.601462015154));
#2097 = ORIENTED_EDGE('',*,*,#2098,.F.);
#2098 = EDGE_CURVE('',#2099,#2089,#2101,.T.);
#2099 = VERTEX_POINT('',#2100);
#2100 = CARTESIAN_POINT('',(9.796435642474,-12.57592399021,16.));
#2101 = B_SPLINE_CURVE_WITH_KNOTS('',4,(#2102,#2103,#2104,#2105,#2106),
  .UNSPECIFIED.,.F.,.F.,(5,5),(0.,1.),.PIECEWISE_BEZIER_KNOTS.);
#2102 = CARTESIAN_POINT('',(9.796435642474,-12.57592399021,16.));
#2103 = CARTESIAN_POINT('',(9.812841431985,-12.61847707263,
    14.749980377757));
#2104 = CARTESIAN_POINT('',(9.830304856987,-12.66018806421,
    13.499954745666));
#2105 = CARTESIAN_POINT('',(9.84878653301,-12.7010962967,12.249924318137
    ));
#2106 = CARTESIAN_POINT('',(9.868262097342,-12.74122609154,
    10.999890022513));
#2107 = ORIENTED_EDGE('',*,*,#2108,.F.);
#2108 = EDGE_CURVE('',#2109,#2099,#2111,.T.);
#2109 = VERTEX_POINT('',#2110);
#2110 = CARTESIAN_POINT('',(7.869705160367,-13.86332413938,16.));
#2111 = CIRCLE('',#2112,15.941267688132);
#2112 = AXIS2_PLACEMENT_3D('',#2113,#2114,#2115);
#2113 = CARTESIAN_POINT('',(0.,0.,16.));
#2114 = DIRECTION('',(0.,0.,1.));
#2115 = DIRECTION('',(1.,0.,0.));
#2116 = ORIENTED_EDGE('',*,*,#2117,.F.);
#2117 = EDGE_CURVE('',#2118,#2109,#2120,.T.);
#2118 = VERTEX_POINT('',#2119);
#2119 = CARTESIAN_POINT('',(7.994934988041,-13.99293857231,11.));
#2120 = B_SPLINE_CURVE_WITH_KNOTS('',4,(#2121,#2122,#2123,#2124,#2125),
  .UNSPECIFIED.,.F.,.F.,(5,5),(0.,1.),.PIECEWISE_BEZIER_KNOTS.);
#2121 = CARTESIAN_POINT('',(7.994937594185,-13.99294150644,
    10.999890022513));
#2122 = CARTESIAN_POINT('',(7.965314822358,-13.95959069,12.24995181283)
  );
#2123 = CARTESIAN_POINT('',(7.934592474979,-13.92686023871,
    13.500009734881));
#2124 = CARTESIAN_POINT('',(7.9027387566,-13.89476335428,14.750062861269
    ));
#2125 = CARTESIAN_POINT('',(7.869702253863,-13.86332137315,
    16.000109977487));
#2126 = ORIENTED_EDGE('',*,*,#2127,.T.);
#2127 = EDGE_CURVE('',#2118,#2128,#2130,.T.);
#2128 = VERTEX_POINT('',#2129);
#2129 = CARTESIAN_POINT('',(8.050268810573,-14.05778057983,
    8.601462015154));
#2130 = B_SPLINE_CURVE_WITH_KNOTS('',4,(#2131,#2132,#2133,#2134,#2135),
  .UNSPECIFIED.,.F.,.F.,(5,5),(0.,1.),.PIECEWISE_BEZIER_KNOTS.);
#2131 = CARTESIAN_POINT('',(7.994934988041,-13.99293857231,11.));
#2132 = CARTESIAN_POINT('',(8.009144559919,-14.00893636901,
    10.40036673611));
#2133 = CARTESIAN_POINT('',(8.023101149447,-14.02507689856,
    9.800732583055));
#2134 = CARTESIAN_POINT('',(8.036808321655,-14.04135868074,
    9.201097644753));
#2135 = CARTESIAN_POINT('',(8.050268810573,-14.05778057983,
    8.601462015154));
#2136 = ORIENTED_EDGE('',*,*,#2137,.F.);
#2137 = EDGE_CURVE('',#2138,#2128,#2140,.T.);
#2138 = VERTEX_POINT('',#2139);
#2139 = CARTESIAN_POINT('',(4.247952310106,-15.63275164276,
    8.601462015154));
#2140 = CIRCLE('',#2141,16.199630327677);
#2141 = AXIS2_PLACEMENT_3D('',#2142,#2143,#2144);
#2142 = CARTESIAN_POINT('',(0.,0.,8.601462015154));
#2143 = DIRECTION('',(-0.,0.,1.));
#2144 = DIRECTION('',(0.263170936716,-0.964749220299,0.));
#2145 = ORIENTED_EDGE('',*,*,#2146,.F.);
#2146 = EDGE_CURVE('',#2147,#2138,#2149,.T.);
#2147 = VERTEX_POINT('',#2148);
#2148 = CARTESIAN_POINT('',(4.241229008024,-15.5477744984,11.));
#2149 = B_SPLINE_CURVE_WITH_KNOTS('',4,(#2150,#2151,#2152,#2153,#2154),
  .UNSPECIFIED.,.F.,.F.,(5,5),(0.,1.),.PIECEWISE_BEZIER_KNOTS.);
#2150 = CARTESIAN_POINT('',(4.241229008024,-15.5477744984,11.));
#2151 = CARTESIAN_POINT('',(4.242493473916,-15.56913433356,
    10.40036673611));
#2152 = CARTESIAN_POINT('',(4.244037752716,-15.59041621055,
    9.800732583055));
#2153 = CARTESIAN_POINT('',(4.245858276888,-15.61162160356,
    9.201097644753));
#2154 = CARTESIAN_POINT('',(4.247952310106,-15.63275164276,
    8.601462015154));
#2155 = ORIENTED_EDGE('',*,*,#2156,.F.);
#2156 = EDGE_CURVE('',#2157,#2147,#2159,.T.);
#2157 = VERTEX_POINT('',#2158);
#2158 = CARTESIAN_POINT('',(4.23812862391,-15.36757239357,16.));
#2159 = B_SPLINE_CURVE_WITH_KNOTS('',4,(#2160,#2161,#2162,#2163,#2164),
  .UNSPECIFIED.,.F.,.F.,(5,5),(0.,1.),.PIECEWISE_BEZIER_KNOTS.);
#2160 = CARTESIAN_POINT('',(4.23812862391,-15.36757239357,16.));
#2161 = CARTESIAN_POINT('',(4.237001237413,-15.41316453931,
    14.749980377757));
#2162 = CARTESIAN_POINT('',(4.237173232916,-15.45838343413,
    13.499954745666));
#2163 = CARTESIAN_POINT('',(4.238593172297,-15.50325034406,
    12.249924318137));
#2164 = CARTESIAN_POINT('',(4.24122923994,-15.54777841596,
    10.999890022513));
#2165 = ORIENTED_EDGE('',*,*,#2166,.F.);
#2166 = EDGE_CURVE('',#2167,#2157,#2169,.T.);
#2167 = VERTEX_POINT('',#2168);
#2168 = CARTESIAN_POINT('',(1.965395058913,-15.81964720741,16.));
#2169 = CIRCLE('',#2170,15.941267688132);
#2170 = AXIS2_PLACEMENT_3D('',#2171,#2172,#2173);
#2171 = CARTESIAN_POINT('',(0.,0.,16.));
#2172 = DIRECTION('',(0.,0.,1.));
#2173 = DIRECTION('',(1.,0.,0.));
#2174 = ORIENTED_EDGE('',*,*,#2175,.F.);
#2175 = EDGE_CURVE('',#2176,#2167,#2178,.T.);
#2176 = VERTEX_POINT('',#2177);
#2177 = CARTESIAN_POINT('',(2.031491037481,-15.98731870941,11.));
#2178 = B_SPLINE_CURVE_WITH_KNOTS('',4,(#2179,#2180,#2181,#2182,#2183),
  .UNSPECIFIED.,.F.,.F.,(5,5),(0.,1.),.PIECEWISE_BEZIER_KNOTS.);
#2179 = CARTESIAN_POINT('',(2.031492322404,-15.98732241751,
    10.999890022513));
#2180 = CARTESIAN_POINT('',(2.016887254722,-15.94517413681,
    12.24995181283));
#2181 = CARTESIAN_POINT('',(2.001028908232,-15.90317820943,
    13.500009734881));
#2182 = CARTESIAN_POINT('',(1.983882855689,-15.86133466456,
    14.750062861269));
#2183 = CARTESIAN_POINT('',(1.965393432242,-15.81964353948,
    16.000109977487));
#2184 = ORIENTED_EDGE('',*,*,#2185,.T.);
#2185 = EDGE_CURVE('',#2176,#2186,#2188,.T.);
#2186 = VERTEX_POINT('',#2187);
#2187 = CARTESIAN_POINT('',(2.057798861574,-16.06840025014,
    8.601462015154));
#2188 = B_SPLINE_CURVE_WITH_KNOTS('',4,(#2189,#2190,#2191,#2192,#2193),
  .UNSPECIFIED.,.F.,.F.,(5,5),(0.,1.),.PIECEWISE_BEZIER_KNOTS.);
#2189 = CARTESIAN_POINT('',(2.031491037481,-15.98731870941,11.));
#2190 = CARTESIAN_POINT('',(2.038496878356,-16.00753651408,
    10.40036673611));
#2191 = CARTESIAN_POINT('',(2.045214372516,-16.02778937456,
    9.800732583055));
#2192 = CARTESIAN_POINT('',(2.051647380077,-16.04807728758,
    9.201097644753));
#2193 = CARTESIAN_POINT('',(2.057798861574,-16.06840025014,
    8.601462015154));
#2194 = ORIENTED_EDGE('',*,*,#2195,.F.);
#2195 = EDGE_CURVE('',#2196,#2186,#2198,.T.);
#2196 = VERTEX_POINT('',#2197);
#2197 = CARTESIAN_POINT('',(-2.057798861574,-16.06840025014,
    8.601462015154));
#2198 = CIRCLE('',#2199,16.199630327677);
#2199 = AXIS2_PLACEMENT_3D('',#2200,#2201,#2202);
#2200 = CARTESIAN_POINT('',(0.,0.,8.601462015154));
#2201 = DIRECTION('',(0.,0.,1.));
#2202 = DIRECTION('',(-0.126055301011,-0.992023216002,0.));
#2203 = ORIENTED_EDGE('',*,*,#2204,.F.);
#2204 = EDGE_CURVE('',#2205,#2196,#2207,.T.);
#2205 = VERTEX_POINT('',#2206);
#2206 = CARTESIAN_POINT('',(-2.031491037481,-15.98731870941,11.));
#2207 = B_SPLINE_CURVE_WITH_KNOTS('',4,(#2208,#2209,#2210,#2211,#2212),
  .UNSPECIFIED.,.F.,.F.,(5,5),(0.,1.),.PIECEWISE_BEZIER_KNOTS.);
#2208 = CARTESIAN_POINT('',(-2.031491037481,-15.98731870941,11.));
#2209 = CARTESIAN_POINT('',(-2.038496878356,-16.00753651408,
    10.40036673611));
#2210 = CARTESIAN_POINT('',(-2.045214372516,-16.02778937456,
    9.800732583055));
#2211 = CARTESIAN_POINT('',(-2.051647380077,-16.04807728758,
    9.201097644753));
#2212 = CARTESIAN_POINT('',(-2.057798861574,-16.06840025014,
    8.601462015154));
#2213 = ORIENTED_EDGE('',*,*,#2214,.F.);
#2214 = EDGE_CURVE('',#2215,#2205,#2217,.T.);
#2215 = VERTEX_POINT('',#2216);
#2216 = CARTESIAN_POINT('',(-1.965395058913,-15.81964720741,16.));
#2217 = B_SPLINE_CURVE_WITH_KNOTS('',4,(#2218,#2219,#2220,#2221,#2222),
  .UNSPECIFIED.,.F.,.F.,(5,5),(0.,1.),.PIECEWISE_BEZIER_KNOTS.);
#2218 = CARTESIAN_POINT('',(-1.965395058913,-15.81964720741,16.));
#2219 = CARTESIAN_POINT('',(-1.983883987044,-15.86133742557,
    14.749980377757));
#2220 = CARTESIAN_POINT('',(-2.001029605795,-15.9031800568,
    13.499954745666));
#2221 = CARTESIAN_POINT('',(-2.016887575956,-15.94517506385,
    12.249924318137));
#2222 = CARTESIAN_POINT('',(-2.031492322404,-15.98732241751,
    10.999890022513));
#2223 = ORIENTED_EDGE('',*,*,#2224,.F.);
#2224 = EDGE_CURVE('',#2225,#2215,#2227,.T.);
#2225 = VERTEX_POINT('',#2226);
#2226 = CARTESIAN_POINT('',(-4.23812862391,-15.36757239357,16.));
#2227 = CIRCLE('',#2228,15.941267688132);
#2228 = AXIS2_PLACEMENT_3D('',#2229,#2230,#2231);
#2229 = CARTESIAN_POINT('',(0.,0.,16.));
#2230 = DIRECTION('',(0.,0.,1.));
#2231 = DIRECTION('',(1.,0.,0.));
#2232 = ORIENTED_EDGE('',*,*,#2233,.F.);
#2233 = EDGE_CURVE('',#2234,#2225,#2236,.T.);
#2234 = VERTEX_POINT('',#2235);
#2235 = CARTESIAN_POINT('',(-4.241229008024,-15.5477744984,11.));
#2236 = B_SPLINE_CURVE_WITH_KNOTS('',4,(#2237,#2238,#2239,#2240,#2241),
  .UNSPECIFIED.,.F.,.F.,(5,5),(0.,1.),.PIECEWISE_BEZIER_KNOTS.);
#2237 = CARTESIAN_POINT('',(-4.24122923994,-15.54777841596,
    10.999890022513));
#2238 = CARTESIAN_POINT('',(-4.238593114316,-15.50324936466,
    12.24995181283));
#2239 = CARTESIAN_POINT('',(-4.237173170422,-15.45838146044,
    13.500009734881));
#2240 = CARTESIAN_POINT('',(-4.237001226058,-15.41316155553,
    14.750062861269));
#2241 = CARTESIAN_POINT('',(-4.238128723102,-15.36756838235,
    16.000109977487));
#2242 = ORIENTED_EDGE('',*,*,#2243,.T.);
#2243 = EDGE_CURVE('',#2234,#2244,#2246,.T.);
#2244 = VERTEX_POINT('',#2245);
#2245 = CARTESIAN_POINT('',(-4.247952310106,-15.63275164276,
    8.601462015154));
#2246 = B_SPLINE_CURVE_WITH_KNOTS('',4,(#2247,#2248,#2249,#2250,#2251),
  .UNSPECIFIED.,.F.,.F.,(5,5),(0.,1.),.PIECEWISE_BEZIER_KNOTS.);
#2247 = CARTESIAN_POINT('',(-4.241229008024,-15.5477744984,11.));
#2248 = CARTESIAN_POINT('',(-4.242493473916,-15.56913433356,
    10.40036673611));
#2249 = CARTESIAN_POINT('',(-4.244037752716,-15.59041621055,
    9.800732583055));
#2250 = CARTESIAN_POINT('',(-4.245858276888,-15.61162160356,
    9.201097644753));
#2251 = CARTESIAN_POINT('',(-4.247952310106,-15.63275164276,
    8.601462015154));
#2252 = ORIENTED_EDGE('',*,*,#2253,.F.);
#2253 = EDGE_CURVE('',#2254,#2244,#2256,.T.);
#2254 = VERTEX_POINT('',#2255);
#2255 = CARTESIAN_POINT('',(-8.050268810573,-14.05778057983,
    8.601462015154));
#2256 = CIRCLE('',#2257,16.199630327677);
#2257 = AXIS2_PLACEMENT_3D('',#2258,#2259,#2260);
#2258 = CARTESIAN_POINT('',(0.,0.,8.601462015154));
#2259 = DIRECTION('',(0.,0.,1.));
#2260 = DIRECTION('',(-0.496090761855,-0.868270669781,0.));
#2261 = ORIENTED_EDGE('',*,*,#2262,.F.);
#2262 = EDGE_CURVE('',#2263,#2254,#2265,.T.);
#2263 = VERTEX_POINT('',#2264);
#2264 = CARTESIAN_POINT('',(-7.994934988041,-13.99293857231,11.));
#2265 = B_SPLINE_CURVE_WITH_KNOTS('',4,(#2266,#2267,#2268,#2269,#2270),
  .UNSPECIFIED.,.F.,.F.,(5,5),(0.,1.),.PIECEWISE_BEZIER_KNOTS.);
#2266 = CARTESIAN_POINT('',(-7.994934988041,-13.99293857231,11.));
#2267 = CARTESIAN_POINT('',(-8.009144559919,-14.00893636901,
    10.40036673611));
#2268 = CARTESIAN_POINT('',(-8.023101149447,-14.02507689856,
    9.800732583055));
#2269 = CARTESIAN_POINT('',(-8.036808321655,-14.04135868074,
    9.201097644753));
#2270 = CARTESIAN_POINT('',(-8.050268810573,-14.05778057983,
    8.601462015154));
#2271 = ORIENTED_EDGE('',*,*,#2272,.F.);
#2272 = EDGE_CURVE('',#2273,#2263,#2275,.T.);
#2273 = VERTEX_POINT('',#2274);
#2274 = CARTESIAN_POINT('',(-7.869705160367,-13.86332413938,16.));
#2275 = B_SPLINE_CURVE_WITH_KNOTS('',4,(#2276,#2277,#2278,#2279,#2280),
  .UNSPECIFIED.,.F.,.F.,(5,5),(0.,1.),.PIECEWISE_BEZIER_KNOTS.);
#2276 = CARTESIAN_POINT('',(-7.869705160367,-13.86332413938,16.));
#2277 = CARTESIAN_POINT('',(-7.902740858426,-13.89476547216,
    14.749980377757));
#2278 = CARTESIAN_POINT('',(-7.934593826403,-13.92686167851,
    13.499954745666));
#2279 = CARTESIAN_POINT('',(-7.965315473901,-13.95959142354,
    12.249924318137));
#2280 = CARTESIAN_POINT('',(-7.994937594185,-13.99294150644,
    10.999890022513));
#2281 = ORIENTED_EDGE('',*,*,#2282,.F.);
#2282 = EDGE_CURVE('',#2283,#2273,#2285,.T.);
#2283 = VERTEX_POINT('',#2284);
#2284 = CARTESIAN_POINT('',(-9.796435642474,-12.57592399021,16.));
#2285 = CIRCLE('',#2286,15.941267688132);
#2286 = AXIS2_PLACEMENT_3D('',#2287,#2288,#2289);
#2287 = CARTESIAN_POINT('',(0.,0.,16.));
#2288 = DIRECTION('',(0.,0.,1.));
#2289 = DIRECTION('',(1.,0.,0.));
#2290 = ORIENTED_EDGE('',*,*,#2291,.F.);
#2291 = EDGE_CURVE('',#2292,#2283,#2294,.T.);
#2292 = VERTEX_POINT('',#2293);
#2293 = CARTESIAN_POINT('',(-9.868260383893,-12.74122256093,11.));
#2294 = B_SPLINE_CURVE_WITH_KNOTS('',4,(#2295,#2296,#2297,#2298,#2299),
  .UNSPECIFIED.,.F.,.F.,(5,5),(0.,1.),.PIECEWISE_BEZIER_KNOTS.);
#2295 = CARTESIAN_POINT('',(-9.868262097342,-12.74122609154,
    10.999890022513));
#2296 = CARTESIAN_POINT('',(-9.848786104642,-12.70109541404,
    12.24995181283));
#2297 = CARTESIAN_POINT('',(-9.830304043949,-12.66018626467,
    13.500009734881));
#2298 = CARTESIAN_POINT('',(-9.812840279649,-12.61847432032,
    14.750062861269));
#2299 = CARTESIAN_POINT('',(-9.796434199086,-12.57592024636,
    16.000109977487));
#2300 = ORIENTED_EDGE('',*,*,#2301,.T.);
#2301 = EDGE_CURVE('',#2292,#2302,#2304,.T.);
#2302 = VERTEX_POINT('',#2303);
#2303 = CARTESIAN_POINT('',(-9.906991250357,-12.81715830903,
    8.601462015154));
#2304 = B_SPLINE_CURVE_WITH_KNOTS('',4,(#2305,#2306,#2307,#2308,#2309),
  .UNSPECIFIED.,.F.,.F.,(5,5),(0.,1.),.PIECEWISE_BEZIER_KNOTS.);
#2305 = CARTESIAN_POINT('',(-9.868260383893,-12.74122256093,11.));
#2306 = CARTESIAN_POINT('',(-9.877602653084,-12.76047258531,
    10.40036673611));
#2307 = CARTESIAN_POINT('',(-9.887173602395,-12.77954350596,
    9.800732583055));
#2308 = CARTESIAN_POINT('',(-9.896970499998,-12.79843805011,
    9.201097644753));
#2309 = CARTESIAN_POINT('',(-9.906991250357,-12.81715830903,
    8.601462015154));
#2310 = ORIENTED_EDGE('',*,*,#2311,.F.);
#2311 = EDGE_CURVE('',#2312,#2302,#2314,.T.);
#2312 = VERTEX_POINT('',#2313);
#2313 = CARTESIAN_POINT('',(-12.81715830903,-9.906991250357,
    8.601462015154));
#2314 = CIRCLE('',#2315,16.199630327677);
#2315 = AXIS2_PLACEMENT_3D('',#2316,#2317,#2318);
#2316 = CARTESIAN_POINT('',(0.,0.,8.601462015154));
#2317 = DIRECTION('',(0.,0.,1.));
#2318 = DIRECTION('',(-0.790600901279,-0.61233178498,0.));
#2319 = ORIENTED_EDGE('',*,*,#2320,.F.);
#2320 = EDGE_CURVE('',#2321,#2312,#2323,.T.);
#2321 = VERTEX_POINT('',#2322);
#2322 = CARTESIAN_POINT('',(-12.74122256093,-9.868260383893,11.));
#2323 = B_SPLINE_CURVE_WITH_KNOTS('',4,(#2324,#2325,#2326,#2327,#2328),
  .UNSPECIFIED.,.F.,.F.,(5,5),(0.,1.),.PIECEWISE_BEZIER_KNOTS.);
#2324 = CARTESIAN_POINT('',(-12.74122256093,-9.868260383893,11.));
#2325 = CARTESIAN_POINT('',(-12.76047258531,-9.877602653084,
    10.40036673611));
#2326 = CARTESIAN_POINT('',(-12.77954350596,-9.887173602395,
    9.800732583055));
#2327 = CARTESIAN_POINT('',(-12.79843805011,-9.896970499998,
    9.201097644753));
#2328 = CARTESIAN_POINT('',(-12.81715830903,-9.906991250357,
    8.601462015154));
#2329 = ORIENTED_EDGE('',*,*,#2330,.F.);
#2330 = EDGE_CURVE('',#2331,#2321,#2333,.T.);
#2331 = VERTEX_POINT('',#2332);
#2332 = CARTESIAN_POINT('',(-12.57592399021,-9.796435642474,16.));
#2333 = B_SPLINE_CURVE_WITH_KNOTS('',4,(#2334,#2335,#2336,#2337,#2338),
  .UNSPECIFIED.,.F.,.F.,(5,5),(0.,1.),.PIECEWISE_BEZIER_KNOTS.);
#2334 = CARTESIAN_POINT('',(-12.57592399021,-9.796435642474,16.));
#2335 = CARTESIAN_POINT('',(-12.61847707263,-9.812841431985,
    14.749980377757));
#2336 = CARTESIAN_POINT('',(-12.66018806421,-9.830304856987,
    13.499954745666));
#2337 = CARTESIAN_POINT('',(-12.7010962967,-9.84878653301,
    12.249924318137));
#2338 = CARTESIAN_POINT('',(-12.74122609154,-9.868262097342,
    10.999890022513));
#2339 = ORIENTED_EDGE('',*,*,#2340,.F.);
#2340 = EDGE_CURVE('',#2341,#2331,#2343,.T.);
#2341 = VERTEX_POINT('',#2342);
#2342 = CARTESIAN_POINT('',(-13.86332413938,-7.869705160367,16.));
#2343 = CIRCLE('',#2344,15.941267688132);
#2344 = AXIS2_PLACEMENT_3D('',#2345,#2346,#2347);
#2345 = CARTESIAN_POINT('',(0.,0.,16.));
#2346 = DIRECTION('',(0.,0.,1.));
#2347 = DIRECTION('',(1.,0.,0.));
#2348 = ORIENTED_EDGE('',*,*,#2349,.F.);
#2349 = EDGE_CURVE('',#2350,#2341,#2352,.T.);
#2350 = VERTEX_POINT('',#2351);
#2351 = CARTESIAN_POINT('',(-13.99293857231,-7.994934988041,11.));
#2352 = B_SPLINE_CURVE_WITH_KNOTS('',4,(#2353,#2354,#2355,#2356,#2357),
  .UNSPECIFIED.,.F.,.F.,(5,5),(0.,1.),.PIECEWISE_BEZIER_KNOTS.);
#2353 = CARTESIAN_POINT('',(-13.99294150644,-7.994937594185,
    10.999890022513));
#2354 = CARTESIAN_POINT('',(-13.95959069,-7.965314822358,12.24995181283)
  );
#2355 = CARTESIAN_POINT('',(-13.92686023871,-7.934592474979,
    13.500009734881));
#2356 = CARTESIAN_POINT('',(-13.89476335428,-7.9027387566,
    14.750062861269));
#2357 = CARTESIAN_POINT('',(-13.86332137315,-7.869702253863,
    16.000109977487));
#2358 = ORIENTED_EDGE('',*,*,#2359,.T.);
#2359 = EDGE_CURVE('',#2350,#2360,#2362,.T.);
#2360 = VERTEX_POINT('',#2361);
#2361 = CARTESIAN_POINT('',(-14.05778057983,-8.050268810573,
    8.601462015154));
#2362 = B_SPLINE_CURVE_WITH_KNOTS('',4,(#2363,#2364,#2365,#2366,#2367),
  .UNSPECIFIED.,.F.,.F.,(5,5),(0.,1.),.PIECEWISE_BEZIER_KNOTS.);
#2363 = CARTESIAN_POINT('',(-13.99293857231,-7.994934988041,11.));
#2364 = CARTESIAN_POINT('',(-14.00893636901,-8.009144559919,
    10.40036673611));
#2365 = CARTESIAN_POINT('',(-14.02507689856,-8.023101149447,
    9.800732583055));
#2366 = CARTESIAN_POINT('',(-14.04135868074,-8.036808321655,
    9.201097644753));
#2367 = CARTESIAN_POINT('',(-14.05778057983,-8.050268810573,
    8.601462015154));
#2368 = ORIENTED_EDGE('',*,*,#2369,.F.);
#2369 = EDGE_CURVE('',#2370,#2360,#2372,.T.);
#2370 = VERTEX_POINT('',#2371);
#2371 = CARTESIAN_POINT('',(-15.63275164276,-4.247952310106,
    8.601462015154));
#2372 = CIRCLE('',#2373,16.199630327677);
#2373 = AXIS2_PLACEMENT_3D('',#2374,#2375,#2376);
#2374 = CARTESIAN_POINT('',(0.,0.,8.601462015154));
#2375 = DIRECTION('',(0.,0.,1.));
#2376 = DIRECTION('',(-0.964749220299,-0.263170936716,0.));
#2377 = ORIENTED_EDGE('',*,*,#2378,.F.);
#2378 = EDGE_CURVE('',#2379,#2370,#2381,.T.);
#2379 = VERTEX_POINT('',#2380);
#2380 = CARTESIAN_POINT('',(-15.5477744984,-4.241229008024,11.));
#2381 = B_SPLINE_CURVE_WITH_KNOTS('',4,(#2382,#2383,#2384,#2385,#2386),
  .UNSPECIFIED.,.F.,.F.,(5,5),(0.,1.),.PIECEWISE_BEZIER_KNOTS.);
#2382 = CARTESIAN_POINT('',(-15.5477744984,-4.241229008024,11.));
#2383 = CARTESIAN_POINT('',(-15.56913433356,-4.242493473916,
    10.40036673611));
#2384 = CARTESIAN_POINT('',(-15.59041621055,-4.244037752716,
    9.800732583055));
#2385 = CARTESIAN_POINT('',(-15.61162160356,-4.245858276888,
    9.201097644753));
#2386 = CARTESIAN_POINT('',(-15.63275164276,-4.247952310106,
    8.601462015154));
#2387 = ORIENTED_EDGE('',*,*,#2388,.F.);
#2388 = EDGE_CURVE('',#2389,#2379,#2391,.T.);
#2389 = VERTEX_POINT('',#2390);
#2390 = CARTESIAN_POINT('',(-15.36757239357,-4.23812862391,16.));
#2391 = B_SPLINE_CURVE_WITH_KNOTS('',4,(#2392,#2393,#2394,#2395,#2396),
  .UNSPECIFIED.,.F.,.F.,(5,5),(0.,1.),.PIECEWISE_BEZIER_KNOTS.);
#2392 = CARTESIAN_POINT('',(-15.36757239357,-4.23812862391,16.));
#2393 = CARTESIAN_POINT('',(-15.41316453931,-4.237001237413,
    14.749980377757));
#2394 = CARTESIAN_POINT('',(-15.45838343413,-4.237173232916,
    13.499954745666));
#2395 = CARTESIAN_POINT('',(-15.50325034406,-4.238593172297,
    12.249924318137));
#2396 = CARTESIAN_POINT('',(-15.54777841596,-4.24122923994,
    10.999890022513));
#2397 = ORIENTED_EDGE('',*,*,#2398,.F.);
#2398 = EDGE_CURVE('',#2399,#2389,#2401,.T.);
#2399 = VERTEX_POINT('',#2400);
#2400 = CARTESIAN_POINT('',(-15.81964720741,-1.965395058913,16.));
#2401 = CIRCLE('',#2402,15.941267688132);
#2402 = AXIS2_PLACEMENT_3D('',#2403,#2404,#2405);
#2403 = CARTESIAN_POINT('',(0.,0.,16.));
#2404 = DIRECTION('',(0.,0.,1.));
#2405 = DIRECTION('',(1.,0.,0.));
#2406 = ORIENTED_EDGE('',*,*,#2407,.F.);
#2407 = EDGE_CURVE('',#2408,#2399,#2410,.T.);
#2408 = VERTEX_POINT('',#2409);
#2409 = CARTESIAN_POINT('',(-15.98731870941,-2.031491037481,11.));
#2410 = B_SPLINE_CURVE_WITH_KNOTS('',4,(#2411,#2412,#2413,#2414,#2415),
  .UNSPECIFIED.,.F.,.F.,(5,5),(0.,1.),.PIECEWISE_BEZIER_KNOTS.);
#2411 = CARTESIAN_POINT('',(-15.98732241751,-2.031492322404,
    10.999890022513));
#2412 = CARTESIAN_POINT('',(-15.94517413681,-2.016887254722,
    12.24995181283));
#2413 = CARTESIAN_POINT('',(-15.90317820943,-2.001028908232,
    13.500009734881));
#2414 = CARTESIAN_POINT('',(-15.86133466456,-1.983882855689,
    14.750062861269));
#2415 = CARTESIAN_POINT('',(-15.81964353948,-1.965393432242,
    16.000109977487));
#2416 = ORIENTED_EDGE('',*,*,#2417,.T.);
#2417 = EDGE_CURVE('',#2408,#2418,#2420,.T.);
#2418 = VERTEX_POINT('',#2419);
#2419 = CARTESIAN_POINT('',(-16.06840025014,-2.057798861574,
    8.601462015154));
#2420 = B_SPLINE_CURVE_WITH_KNOTS('',4,(#2421,#2422,#2423,#2424,#2425),
  .UNSPECIFIED.,.F.,.F.,(5,5),(0.,1.),.PIECEWISE_BEZIER_KNOTS.);
#2421 = CARTESIAN_POINT('',(-15.98731870941,-2.031491037481,11.));
#2422 = CARTESIAN_POINT('',(-16.00753651408,-2.038496878356,
    10.40036673611));
#2423 = CARTESIAN_POINT('',(-16.02778937456,-2.045214372516,
    9.800732583055));
#2424 = CARTESIAN_POINT('',(-16.04807728758,-2.051647380077,
    9.201097644753));
#2425 = CARTESIAN_POINT('',(-16.06840025014,-2.057798861574,
    8.601462015154));
#2426 = ORIENTED_EDGE('',*,*,#2427,.F.);
#2427 = EDGE_CURVE('',#2428,#2418,#2430,.T.);
#2428 = VERTEX_POINT('',#2429);
#2429 = CARTESIAN_POINT('',(-16.06840025014,2.057798861574,
    8.601462015154));
#2430 = CIRCLE('',#2431,16.199630327677);
#2431 = AXIS2_PLACEMENT_3D('',#2432,#2433,#2434);
#2432 = CARTESIAN_POINT('',(0.,0.,8.601462015154));
#2433 = DIRECTION('',(0.,0.,1.));
#2434 = DIRECTION('',(-0.992023216002,0.126055301011,0.));
#2435 = ORIENTED_EDGE('',*,*,#2436,.F.);
#2436 = EDGE_CURVE('',#2437,#2428,#2439,.T.);
#2437 = VERTEX_POINT('',#2438);
#2438 = CARTESIAN_POINT('',(-15.98731870941,2.031491037481,11.));
#2439 = B_SPLINE_CURVE_WITH_KNOTS('',4,(#2440,#2441,#2442,#2443,#2444),
  .UNSPECIFIED.,.F.,.F.,(5,5),(0.,1.),.PIECEWISE_BEZIER_KNOTS.);
#2440 = CARTESIAN_POINT('',(-15.98731870941,2.031491037481,11.));
#2441 = CARTESIAN_POINT('',(-16.00753651408,2.038496878356,
    10.40036673611));
#2442 = CARTESIAN_POINT('',(-16.02778937456,2.045214372516,
    9.800732583055));
#2443 = CARTESIAN_POINT('',(-16.04807728758,2.051647380077,
    9.201097644753));
#2444 = CARTESIAN_POINT('',(-16.06840025014,2.057798861574,
    8.601462015154));
#2445 = ORIENTED_EDGE('',*,*,#2446,.F.);
#2446 = EDGE_CURVE('',#2447,#2437,#2449,.T.);
#2447 = VERTEX_POINT('',#2448);
#2448 = CARTESIAN_POINT('',(-15.81964720741,1.965395058913,16.));
#2449 = B_SPLINE_CURVE_WITH_KNOTS('',4,(#2450,#2451,#2452,#2453,#2454),
  .UNSPECIFIED.,.F.,.F.,(5,5),(0.,1.),.PIECEWISE_BEZIER_KNOTS.);
#2450 = CARTESIAN_POINT('',(-15.81964720741,1.965395058913,16.));
#2451 = CARTESIAN_POINT('',(-15.86133742557,1.983883987044,
    14.749980377757));
#2452 = CARTESIAN_POINT('',(-15.9031800568,2.001029605795,
    13.499954745666));
#2453 = CARTESIAN_POINT('',(-15.94517506385,2.016887575956,
    12.249924318137));
#2454 = CARTESIAN_POINT('',(-15.98732241751,2.031492322404,
    10.999890022513));
#2455 = ORIENTED_EDGE('',*,*,#2456,.F.);
#2456 = EDGE_CURVE('',#2457,#2447,#2459,.T.);
#2457 = VERTEX_POINT('',#2458);
#2458 = CARTESIAN_POINT('',(-15.36757239357,4.23812862391,16.));
#2459 = CIRCLE('',#2460,15.941267688132);
#2460 = AXIS2_PLACEMENT_3D('',#2461,#2462,#2463);
#2461 = CARTESIAN_POINT('',(0.,0.,16.));
#2462 = DIRECTION('',(0.,0.,1.));
#2463 = DIRECTION('',(1.,0.,0.));
#2464 = ORIENTED_EDGE('',*,*,#2465,.F.);
#2465 = EDGE_CURVE('',#2466,#2457,#2468,.T.);
#2466 = VERTEX_POINT('',#2467);
#2467 = CARTESIAN_POINT('',(-15.5477744984,4.241229008024,11.));
#2468 = B_SPLINE_CURVE_WITH_KNOTS('',4,(#2469,#2470,#2471,#2472,#2473),
  .UNSPECIFIED.,.F.,.F.,(5,5),(0.,1.),.PIECEWISE_BEZIER_KNOTS.);
#2469 = CARTESIAN_POINT('',(-15.54777841596,4.24122923994,
    10.999890022513));
#2470 = CARTESIAN_POINT('',(-15.50324936466,4.238593114316,
    12.24995181283));
#2471 = CARTESIAN_POINT('',(-15.45838146044,4.237173170422,
    13.500009734881));
#2472 = CARTESIAN_POINT('',(-15.41316155553,4.237001226058,
    14.750062861269));
#2473 = CARTESIAN_POINT('',(-15.36756838235,4.238128723102,
    16.000109977487));
#2474 = ORIENTED_EDGE('',*,*,#2475,.T.);
#2475 = EDGE_CURVE('',#2466,#2476,#2478,.T.);
#2476 = VERTEX_POINT('',#2477);
#2477 = CARTESIAN_POINT('',(-15.63275164276,4.247952310106,
    8.601462015154));
#2478 = B_SPLINE_CURVE_WITH_KNOTS('',4,(#2479,#2480,#2481,#2482,#2483),
  .UNSPECIFIED.,.F.,.F.,(5,5),(0.,1.),.PIECEWISE_BEZIER_KNOTS.);
#2479 = CARTESIAN_POINT('',(-15.5477744984,4.241229008024,11.));
#2480 = CARTESIAN_POINT('',(-15.56913433356,4.242493473916,
    10.40036673611));
#2481 = CARTESIAN_POINT('',(-15.59041621055,4.244037752716,
    9.800732583055));
#2482 = CARTESIAN_POINT('',(-15.61162160356,4.245858276888,
    9.201097644753));
#2483 = CARTESIAN_POINT('',(-15.63275164276,4.247952310106,
    8.601462015154));
#2484 = ORIENTED_EDGE('',*,*,#2485,.F.);
#2485 = EDGE_CURVE('',#2486,#2476,#2488,.T.);
#2486 = VERTEX_POINT('',#2487);
#2487 = CARTESIAN_POINT('',(-14.05778057983,8.050268810573,
    8.601462015154));
#2488 = CIRCLE('',#2489,16.199630327677);
#2489 = AXIS2_PLACEMENT_3D('',#2490,#2491,#2492);
#2490 = CARTESIAN_POINT('',(0.,0.,8.601462015154));
#2491 = DIRECTION('',(0.,0.,1.));
#2492 = DIRECTION('',(-0.868270669781,0.496090761855,0.));
#2493 = ORIENTED_EDGE('',*,*,#2494,.F.);
#2494 = EDGE_CURVE('',#2495,#2486,#2497,.T.);
#2495 = VERTEX_POINT('',#2496);
#2496 = CARTESIAN_POINT('',(-13.99293857231,7.994934988041,11.));
#2497 = B_SPLINE_CURVE_WITH_KNOTS('',4,(#2498,#2499,#2500,#2501,#2502),
  .UNSPECIFIED.,.F.,.F.,(5,5),(0.,1.),.PIECEWISE_BEZIER_KNOTS.);
#2498 = CARTESIAN_POINT('',(-13.99293857231,7.994934988041,11.));
#2499 = CARTESIAN_POINT('',(-14.00893636901,8.009144559919,
    10.40036673611));
#2500 = CARTESIAN_POINT('',(-14.02507689856,8.023101149447,
    9.800732583055));
#2501 = CARTESIAN_POINT('',(-14.04135868074,8.036808321655,
    9.201097644753));
#2502 = CARTESIAN_POINT('',(-14.05778057983,8.050268810573,
    8.601462015154));
#2503 = ORIENTED_EDGE('',*,*,#2504,.F.);
#2504 = EDGE_CURVE('',#2505,#2495,#2507,.T.);
#2505 = VERTEX_POINT('',#2506);
#2506 = CARTESIAN_POINT('',(-13.86332413938,7.869705160367,16.));
#2507 = B_SPLINE_CURVE_WITH_KNOTS('',4,(#2508,#2509,#2510,#2511,#2512),
  .UNSPECIFIED.,.F.,.F.,(5,5),(0.,1.),.PIECEWISE_BEZIER_KNOTS.);
#2508 = CARTESIAN_POINT('',(-13.86332413938,7.869705160367,16.));
#2509 = CARTESIAN_POINT('',(-13.89476547216,7.902740858426,
    14.749980377757));
#2510 = CARTESIAN_POINT('',(-13.92686167851,7.934593826403,
    13.499954745666));
#2511 = CARTESIAN_POINT('',(-13.95959142354,7.965315473901,
    12.249924318137));
#2512 = CARTESIAN_POINT('',(-13.99294150644,7.994937594185,
    10.999890022513));
#2513 = ORIENTED_EDGE('',*,*,#2514,.F.);
#2514 = EDGE_CURVE('',#2515,#2505,#2517,.T.);
#2515 = VERTEX_POINT('',#2516);
#2516 = CARTESIAN_POINT('',(-12.57592399021,9.796435642474,16.));
#2517 = CIRCLE('',#2518,15.941267688132);
#2518 = AXIS2_PLACEMENT_3D('',#2519,#2520,#2521);
#2519 = CARTESIAN_POINT('',(0.,0.,16.));
#2520 = DIRECTION('',(0.,0.,1.));
#2521 = DIRECTION('',(1.,0.,0.));
#2522 = ORIENTED_EDGE('',*,*,#2523,.F.);
#2523 = EDGE_CURVE('',#2524,#2515,#2526,.T.);
#2524 = VERTEX_POINT('',#2525);
#2525 = CARTESIAN_POINT('',(-12.74122256093,9.868260383893,11.));
#2526 = B_SPLINE_CURVE_WITH_KNOTS('',4,(#2527,#2528,#2529,#2530,#2531),
  .UNSPECIFIED.,.F.,.F.,(5,5),(0.,1.),.PIECEWISE_BEZIER_KNOTS.);
#2527 = CARTESIAN_POINT('',(-12.74122609154,9.868262097342,
    10.999890022513));
#2528 = CARTESIAN_POINT('',(-12.70109541404,9.848786104642,
    12.24995181283));
#2529 = CARTESIAN_POINT('',(-12.66018626467,9.830304043949,
    13.500009734881));
#2530 = CARTESIAN_POINT('',(-12.61847432032,9.812840279649,
    14.750062861269));
#2531 = CARTESIAN_POINT('',(-12.57592024636,9.796434199086,
    16.000109977487));
#2532 = ORIENTED_EDGE('',*,*,#2533,.T.);
#2533 = EDGE_CURVE('',#2524,#2534,#2536,.T.);
#2534 = VERTEX_POINT('',#2535);
#2535 = CARTESIAN_POINT('',(-12.81715830903,9.906991250357,
    8.601462015154));
#2536 = B_SPLINE_CURVE_WITH_KNOTS('',4,(#2537,#2538,#2539,#2540,#2541),
  .UNSPECIFIED.,.F.,.F.,(5,5),(0.,1.),.PIECEWISE_BEZIER_KNOTS.);
#2537 = CARTESIAN_POINT('',(-12.74122256093,9.868260383893,11.));
#2538 = CARTESIAN_POINT('',(-12.76047258531,9.877602653084,
    10.40036673611));
#2539 = CARTESIAN_POINT('',(-12.77954350596,9.887173602395,
    9.800732583055));
#2540 = CARTESIAN_POINT('',(-12.79843805011,9.896970499998,
    9.201097644753));
#2541 = CARTESIAN_POINT('',(-12.81715830903,9.906991250357,
    8.601462015154));
#2542 = ORIENTED_EDGE('',*,*,#2543,.F.);
#2543 = EDGE_CURVE('',#2544,#2534,#2546,.T.);
#2544 = VERTEX_POINT('',#2545);
#2545 = CARTESIAN_POINT('',(-9.906991250357,12.81715830903,
    8.601462015154));
#2546 = CIRCLE('',#2547,16.199630327677);
#2547 = AXIS2_PLACEMENT_3D('',#2548,#2549,#2550);
#2548 = CARTESIAN_POINT('',(0.,0.,8.601462015154));
#2549 = DIRECTION('',(0.,0.,1.));
#2550 = DIRECTION('',(-0.61233178498,0.790600901279,0.));
#2551 = ORIENTED_EDGE('',*,*,#2552,.F.);
#2552 = EDGE_CURVE('',#2553,#2544,#2555,.T.);
#2553 = VERTEX_POINT('',#2554);
#2554 = CARTESIAN_POINT('',(-9.868260383893,12.741222560938,11.));
#2555 = B_SPLINE_CURVE_WITH_KNOTS('',4,(#2556,#2557,#2558,#2559,#2560),
  .UNSPECIFIED.,.F.,.F.,(5,5),(0.,1.),.PIECEWISE_BEZIER_KNOTS.);
#2556 = CARTESIAN_POINT('',(-9.868260383893,12.741222560938,11.));
#2557 = CARTESIAN_POINT('',(-9.877602653084,12.76047258531,
    10.40036673611));
#2558 = CARTESIAN_POINT('',(-9.887173602395,12.779543505967,
    9.800732583055));
#2559 = CARTESIAN_POINT('',(-9.896970499998,12.79843805011,
    9.201097644753));
#2560 = CARTESIAN_POINT('',(-9.906991250357,12.81715830903,
    8.601462015154));
#2561 = ORIENTED_EDGE('',*,*,#2562,.F.);
#2562 = EDGE_CURVE('',#2563,#2553,#2565,.T.);
#2563 = VERTEX_POINT('',#2564);
#2564 = CARTESIAN_POINT('',(-9.796435642474,12.57592399021,16.));
#2565 = B_SPLINE_CURVE_WITH_KNOTS('',4,(#2566,#2567,#2568,#2569,#2570),
  .UNSPECIFIED.,.F.,.F.,(5,5),(0.,1.),.PIECEWISE_BEZIER_KNOTS.);
#2566 = CARTESIAN_POINT('',(-9.796435642474,12.57592399021,16.));
#2567 = CARTESIAN_POINT('',(-9.812841431985,12.618477072638,
    14.749980377757));
#2568 = CARTESIAN_POINT('',(-9.830304856987,12.660188064213,
    13.499954745666));
#2569 = CARTESIAN_POINT('',(-9.84878653301,12.701096296709,
    12.249924318137));
#2570 = CARTESIAN_POINT('',(-9.868262097342,12.741226091542,
    10.999890022513));
#2571 = ORIENTED_EDGE('',*,*,#2572,.F.);
#2572 = EDGE_CURVE('',#2573,#2563,#2575,.T.);
#2573 = VERTEX_POINT('',#2574);
#2574 = CARTESIAN_POINT('',(-7.869705160367,13.863324139382,16.));
#2575 = CIRCLE('',#2576,15.941267688132);
#2576 = AXIS2_PLACEMENT_3D('',#2577,#2578,#2579);
#2577 = CARTESIAN_POINT('',(0.,0.,16.));
#2578 = DIRECTION('',(0.,0.,1.));
#2579 = DIRECTION('',(1.,0.,0.));
#2580 = ORIENTED_EDGE('',*,*,#2581,.F.);
#2581 = EDGE_CURVE('',#2582,#2573,#2584,.T.);
#2582 = VERTEX_POINT('',#2583);
#2583 = CARTESIAN_POINT('',(-7.994934988041,13.992938572318,11.));
#2584 = B_SPLINE_CURVE_WITH_KNOTS('',4,(#2585,#2586,#2587,#2588,#2589),
  .UNSPECIFIED.,.F.,.F.,(5,5),(0.,1.),.PIECEWISE_BEZIER_KNOTS.);
#2585 = CARTESIAN_POINT('',(-7.994937594185,13.992941506442,
    10.999890022513));
#2586 = CARTESIAN_POINT('',(-7.965314822358,13.959590690005,
    12.24995181283));
#2587 = CARTESIAN_POINT('',(-7.934592474979,13.926860238713,
    13.500009734881));
#2588 = CARTESIAN_POINT('',(-7.9027387566,13.894763354282,
    14.750062861269));
#2589 = CARTESIAN_POINT('',(-7.869702253863,13.863321373156,
    16.000109977487));
#2590 = ORIENTED_EDGE('',*,*,#2591,.T.);
#2591 = EDGE_CURVE('',#2582,#2592,#2594,.T.);
#2592 = VERTEX_POINT('',#2593);
#2593 = CARTESIAN_POINT('',(-8.050268810573,14.057780579839,
    8.601462015154));
#2594 = B_SPLINE_CURVE_WITH_KNOTS('',4,(#2595,#2596,#2597,#2598,#2599),
  .UNSPECIFIED.,.F.,.F.,(5,5),(0.,1.),.PIECEWISE_BEZIER_KNOTS.);
#2595 = CARTESIAN_POINT('',(-7.994934988041,13.992938572318,11.));
#2596 = CARTESIAN_POINT('',(-8.009144559919,14.008936369011,
    10.40036673611));
#2597 = CARTESIAN_POINT('',(-8.023101149447,14.025076898561,
    9.800732583055));
#2598 = CARTESIAN_POINT('',(-8.036808321655,14.041358680745,
    9.201097644753));
#2599 = CARTESIAN_POINT('',(-8.050268810573,14.057780579839,
    8.601462015154));
#2600 = ORIENTED_EDGE('',*,*,#2601,.F.);
#2601 = EDGE_CURVE('',#2602,#2592,#2604,.T.);
#2602 = VERTEX_POINT('',#2603);
#2603 = CARTESIAN_POINT('',(-4.247952310106,15.632751642767,
    8.601462015154));
#2604 = CIRCLE('',#2605,16.199630327677);
#2605 = AXIS2_PLACEMENT_3D('',#2606,#2607,#2608);
#2606 = CARTESIAN_POINT('',(0.,0.,8.601462015154));
#2607 = DIRECTION('',(0.,0.,1.));
#2608 = DIRECTION('',(-0.263170936716,0.964749220299,0.));
#2609 = ORIENTED_EDGE('',*,*,#2610,.F.);
#2610 = EDGE_CURVE('',#2611,#2602,#2613,.T.);
#2611 = VERTEX_POINT('',#2612);
#2612 = CARTESIAN_POINT('',(-4.241229008024,15.547774498402,11.));
#2613 = B_SPLINE_CURVE_WITH_KNOTS('',4,(#2614,#2615,#2616,#2617,#2618),
  .UNSPECIFIED.,.F.,.F.,(5,5),(0.,1.),.PIECEWISE_BEZIER_KNOTS.);
#2614 = CARTESIAN_POINT('',(-4.241229008024,15.547774498402,11.));
#2615 = CARTESIAN_POINT('',(-4.242493473916,15.56913433356,
    10.40036673611));
#2616 = CARTESIAN_POINT('',(-4.244037752716,15.590416210555,
    9.800732583055));
#2617 = CARTESIAN_POINT('',(-4.245858276888,15.611621603566,
    9.201097644753));
#2618 = CARTESIAN_POINT('',(-4.247952310106,15.632751642767,
    8.601462015154));
#2619 = ORIENTED_EDGE('',*,*,#2620,.F.);
#2620 = EDGE_CURVE('',#2621,#2611,#2623,.T.);
#2621 = VERTEX_POINT('',#2622);
#2622 = CARTESIAN_POINT('',(-4.23812862391,15.367572393579,16.));
#2623 = B_SPLINE_CURVE_WITH_KNOTS('',4,(#2624,#2625,#2626,#2627,#2628),
  .UNSPECIFIED.,.F.,.F.,(5,5),(0.,1.),.PIECEWISE_BEZIER_KNOTS.);
#2624 = CARTESIAN_POINT('',(-4.23812862391,15.367572393579,16.));
#2625 = CARTESIAN_POINT('',(-4.237001237413,15.413164539319,
    14.749980377757));
#2626 = CARTESIAN_POINT('',(-4.237173232916,15.458383434137,
    13.499954745666));
#2627 = CARTESIAN_POINT('',(-4.238593172297,15.503250344067,
    12.249924318137));
#2628 = CARTESIAN_POINT('',(-4.24122923994,15.547778415964,
    10.999890022513));
#2629 = ORIENTED_EDGE('',*,*,#2630,.F.);
#2630 = EDGE_CURVE('',#2631,#2621,#2633,.T.);
#2631 = VERTEX_POINT('',#2632);
#2632 = CARTESIAN_POINT('',(-1.965395058913,15.819647207415,16.));
#2633 = CIRCLE('',#2634,15.941267688132);
#2634 = AXIS2_PLACEMENT_3D('',#2635,#2636,#2637);
#2635 = CARTESIAN_POINT('',(0.,0.,16.));
#2636 = DIRECTION('',(0.,0.,1.));
#2637 = DIRECTION('',(1.,0.,0.));
#2638 = ORIENTED_EDGE('',*,*,#2639,.F.);
#2639 = EDGE_CURVE('',#2640,#2631,#2642,.T.);
#2640 = VERTEX_POINT('',#2641);
#2641 = CARTESIAN_POINT('',(-2.031491037481,15.987318709412,11.));
#2642 = B_SPLINE_CURVE_WITH_KNOTS('',4,(#2643,#2644,#2645,#2646,#2647),
  .UNSPECIFIED.,.F.,.F.,(5,5),(0.,1.),.PIECEWISE_BEZIER_KNOTS.);
#2643 = CARTESIAN_POINT('',(-2.031492236381,15.987322169266,
    10.999897385305));
#2644 = CARTESIAN_POINT('',(-2.016887206175,15.945174013367,
    12.249955494187));
#2645 = CARTESIAN_POINT('',(-2.00102890444,15.903178209886,
    13.500009734824));
#2646 = CARTESIAN_POINT('',(-1.983882904206,15.861334788024,
    14.750059179825));
#2647 = CARTESIAN_POINT('',(-1.965393541145,15.819643785046,
    16.000102614695));
#2648 = ORIENTED_EDGE('',*,*,#2649,.T.);
#2649 = EDGE_CURVE('',#2640,#2650,#2652,.T.);
#2650 = VERTEX_POINT('',#2651);
#2651 = CARTESIAN_POINT('',(-2.057798861574,16.06840025014,
    8.601462015154));
#2652 = B_SPLINE_CURVE_WITH_KNOTS('',4,(#2653,#2654,#2655,#2656,#2657),
  .UNSPECIFIED.,.F.,.F.,(5,5),(0.,1.),.PIECEWISE_BEZIER_KNOTS.);
#2653 = CARTESIAN_POINT('',(-2.031491037481,15.987318709412,11.));
#2654 = CARTESIAN_POINT('',(-2.038496878356,16.00753651408,
    10.40036673611));
#2655 = CARTESIAN_POINT('',(-2.045214372516,16.02778937456,
    9.800732583055));
#2656 = CARTESIAN_POINT('',(-2.051647380077,16.048077287581,
    9.201097644753));
#2657 = CARTESIAN_POINT('',(-2.057798861574,16.06840025014,
    8.601462015154));
#2658 = ORIENTED_EDGE('',*,*,#2659,.F.);
#2659 = EDGE_CURVE('',#1725,#2650,#2660,.T.);
#2660 = CIRCLE('',#2661,16.199630327677);
#2661 = AXIS2_PLACEMENT_3D('',#2662,#2663,#2664);
#2662 = CARTESIAN_POINT('',(0.,0.,8.601462015154));
#2663 = DIRECTION('',(0.,-0.,1.));
#2664 = DIRECTION('',(0.126055301011,0.992023216002,0.));
#2665 = CONICAL_SURFACE('',#2666,16.5,3.490658503989E-02);
#2666 = AXIS2_PLACEMENT_3D('',#2667,#2668,#2669);
#2667 = CARTESIAN_POINT('',(0.,0.,0.));
#2668 = DIRECTION('',(-0.,-0.,-1.));
#2669 = DIRECTION('',(1.,0.,0.));
#2670 = ADVANCED_FACE('',(#2671),#2751,.F.);
#2671 = FACE_BOUND('',#2672,.F.);
#2672 = EDGE_LOOP('',(#2673,#2684,#2714,#2715,#2716,#2723,#2724,#2725));
#2673 = ORIENTED_EDGE('',*,*,#2674,.T.);
#2674 = EDGE_CURVE('',#2675,#2677,#2679,.T.);
#2675 = VERTEX_POINT('',#2676);
#2676 = CARTESIAN_POINT('',(-0.762613760714,14.681063655708,11.));
#2677 = VERTEX_POINT('',#2678);
#2678 = CARTESIAN_POINT('',(0.762613760714,14.681063655708,11.));
#2679 = CIRCLE('',#2680,2.150000000001);
#2680 = AXIS2_PLACEMENT_3D('',#2681,#2682,#2683);
#2681 = CARTESIAN_POINT('',(0.,16.691267688132,11.));
#2682 = DIRECTION('',(0.,0.,1.));
#2683 = DIRECTION('',(1.,0.,0.));
#2684 = ORIENTED_EDGE('',*,*,#2685,.F.);
#2685 = EDGE_CURVE('',#1725,#2677,#2686,.T.);
#2686 = B_SPLINE_CURVE_WITH_KNOTS('',6,(#2687,#2688,#2689,#2690,#2691,
    #2692,#2693,#2694,#2695,#2696,#2697,#2698,#2699,#2700,#2701,#2702,
    #2703,#2704,#2705,#2706,#2707,#2708,#2709,#2710,#2711,#2712,#2713),
  .UNSPECIFIED.,.F.,.F.,(7,5,5,5,5,7),(0.,0.25089625162,0.486046381191,
    0.704094530378,0.88879929093,1.),.UNSPECIFIED.);
#2687 = CARTESIAN_POINT('',(2.057798861574,16.06840025014,8.601462015154
    ));
#2688 = CARTESIAN_POINT('',(2.038530189831,16.004741358443,
    8.706429325019));
#2689 = CARTESIAN_POINT('',(2.016791303651,15.941443504198,8.81131132564
    ));
#2690 = CARTESIAN_POINT('',(1.992531824459,15.87852109141,8.916082700238
    ));
#2691 = CARTESIAN_POINT('',(1.965681852572,15.815991203744,
    9.020712930027));
#2692 = CARTESIAN_POINT('',(1.936141904615,15.753874090203,
    9.125165101073));
#2693 = CARTESIAN_POINT('',(1.873435262724,15.634384244659,
    9.327082923542));
#2694 = CARTESIAN_POINT('',(1.84061357701,15.57695980991,9.424573293341)
  );
#2695 = CARTESIAN_POINT('',(1.805189668693,15.519939043916,
    9.521830752459));
#2696 = CARTESIAN_POINT('',(1.767020202523,15.463347114829,
    9.618808329231));
#2697 = CARTESIAN_POINT('',(1.725912106441,15.407217378449,
    9.715443330178));
#2698 = CARTESIAN_POINT('',(1.640506853037,15.300014250247,
    9.900866546017));
#2699 = CARTESIAN_POINT('',(1.596661674664,15.248874266402,
    9.989706935334));
#2700 = CARTESIAN_POINT('',(1.549845688453,15.198203106106,
    10.078116833512));
#2701 = CARTESIAN_POINT('',(1.499781325083,15.148050476966,
    10.166002508031));
#2702 = CARTESIAN_POINT('',(1.446123814487,15.09848564695,
    10.253233149965));
#2703 = CARTESIAN_POINT('',(1.339376033095,15.008210209711,
    10.412785899657));
#2704 = CARTESIAN_POINT('',(1.287467214102,14.967316932948,
    10.485326281093));
#2705 = CARTESIAN_POINT('',(1.232265909009,14.92697877671,
    10.557142639043));
#2706 = CARTESIAN_POINT('',(1.173337241742,14.887294382628,
    10.62804970336));
#2707 = CARTESIAN_POINT('',(1.110166582903,14.84840833198,
    10.697775651282));
#2708 = CARTESIAN_POINT('',(1.000710830954,14.787773796504,
    10.806863604402));
#2709 = CARTESIAN_POINT('',(0.957724302825,14.765371786576,
    10.847252069448));
#2710 = CARTESIAN_POINT('',(0.912679869258,14.743401350258,
    10.88694426199));
#2711 = CARTESIAN_POINT('',(0.865343569077,14.721942636962,
    10.925790124449));
#2712 = CARTESIAN_POINT('',(0.8154502092,14.701108289005,10.963578691286
    ));
#2713 = CARTESIAN_POINT('',(0.762613760714,14.681063655708,11.));
#2714 = ORIENTED_EDGE('',*,*,#1722,.F.);
#2715 = ORIENTED_EDGE('',*,*,#1734,.F.);
#2716 = ORIENTED_EDGE('',*,*,#2717,.F.);
#2717 = EDGE_CURVE('',#2631,#1735,#2718,.T.);
#2718 = CIRCLE('',#2719,2.150000000001);
#2719 = AXIS2_PLACEMENT_3D('',#2720,#2721,#2722);
#2720 = CARTESIAN_POINT('',(0.,16.691267688132,16.));
#2721 = DIRECTION('',(0.,0.,1.));
#2722 = DIRECTION('',(1.,0.,0.));
#2723 = ORIENTED_EDGE('',*,*,#2639,.F.);
#2724 = ORIENTED_EDGE('',*,*,#2649,.T.);
#2725 = ORIENTED_EDGE('',*,*,#2726,.T.);
#2726 = EDGE_CURVE('',#2650,#2675,#2727,.T.);
#2727 = B_SPLINE_CURVE_WITH_KNOTS('',8,(#2728,#2729,#2730,#2731,#2732,
    #2733,#2734,#2735,#2736,#2737,#2738,#2739,#2740,#2741,#2742,#2743,
    #2744,#2745,#2746,#2747,#2748,#2749,#2750),.UNSPECIFIED.,.F.,.F.,(9,
    7,7,9),(0.,0.417601128479,0.773153660831,1.),.UNSPECIFIED.);
#2728 = CARTESIAN_POINT('',(-2.057798861574,16.06840025014,
    8.601462015154));
#2729 = CARTESIAN_POINT('',(-2.033739867699,15.988915327368,
    8.732524908268));
#2730 = CARTESIAN_POINT('',(-2.006013719228,15.909970885987,
    8.863453836106));
#2731 = CARTESIAN_POINT('',(-1.974540229852,15.831585736541,
    8.994215107705));
#2732 = CARTESIAN_POINT('',(-1.939197397495,15.753786257577,
    9.124761373593));
#2733 = CARTESIAN_POINT('',(-1.899824697338,15.676605885923,
    9.255031964412));
#2734 = CARTESIAN_POINT('',(-1.85621000374,15.600085716543,
    9.384951158406));
#2735 = CARTESIAN_POINT('',(-1.808060141072,15.524276211961,
    9.514424377757));
#2736 = CARTESIAN_POINT('',(-1.709740518906,15.385352963019,
    9.753086670182));
#2737 = CARTESIAN_POINT('',(-1.660953294554,15.32205343811,
    9.862384955403));
#2738 = CARTESIAN_POINT('',(-1.608317250737,15.259357394749,
    9.97119164821));
#2739 = CARTESIAN_POINT('',(-1.551509421339,15.197308655148,
    10.079422670208));
#2740 = CARTESIAN_POINT('',(-1.490100835001,15.135985807032,
    10.186930598091));
#2741 = CARTESIAN_POINT('',(-1.423562795129,15.075500280577,
    10.293506084493));
#2742 = CARTESIAN_POINT('',(-1.351184409053,15.016004399673,
    10.398860728754));
#2743 = CARTESIAN_POINT('',(-1.221065335515,14.920547352055,
    10.568715744756));
#2744 = CARTESIAN_POINT('',(-1.167588227703,14.883920900297,
    10.634096591793));
#2745 = CARTESIAN_POINT('',(-1.1109514558,14.847858823209,
    10.698672875375));
#2746 = CARTESIAN_POINT('',(-1.050738497972,14.812435517636,
    10.762303199735));
#2747 = CARTESIAN_POINT('',(-0.986497233991,14.777783805057,
    10.824739191526));
#2748 = CARTESIAN_POINT('',(-0.917626869795,14.744119322724,
    10.885577979204));
#2749 = CARTESIAN_POINT('',(-0.843437198814,14.711725750246,
    10.944286652968));
#2750 = CARTESIAN_POINT('',(-0.762613760714,14.681063655708,11.));
#2751 = CYLINDRICAL_SURFACE('',#2752,2.150000000001);
#2752 = AXIS2_PLACEMENT_3D('',#2753,#2754,#2755);
#2753 = CARTESIAN_POINT('',(0.,16.691267688132,16.));
#2754 = DIRECTION('',(0.,0.,1.));
#2755 = DIRECTION('',(1.,0.,0.));
#2756 = ADVANCED_FACE('',(#2757),#2769,.T.);
#2757 = FACE_BOUND('',#2758,.T.);
#2758 = EDGE_LOOP('',(#2759,#2760,#2761,#2762));
#2759 = ORIENTED_EDGE('',*,*,#2685,.F.);
#2760 = ORIENTED_EDGE('',*,*,#2659,.T.);
#2761 = ORIENTED_EDGE('',*,*,#2726,.T.);
#2762 = ORIENTED_EDGE('',*,*,#2763,.F.);
#2763 = EDGE_CURVE('',#2677,#2675,#2764,.T.);
#2764 = CIRCLE('',#2765,14.700857451556);
#2765 = AXIS2_PLACEMENT_3D('',#2766,#2767,#2768);
#2766 = CARTESIAN_POINT('',(0.,0.,11.));
#2767 = DIRECTION('',(0.,-0.,1.));
#2768 = DIRECTION('',(0.126055301011,0.992023216002,0.));
#2769 = CONICAL_SURFACE('',#2770,14.700857451556,0.558505360638);
#2770 = AXIS2_PLACEMENT_3D('',#2771,#2772,#2773);
#2771 = CARTESIAN_POINT('',(0.,0.,11.));
#2772 = DIRECTION('',(-0.,-0.,-1.));
#2773 = DIRECTION('',(0.126055301011,0.992023216002,0.));
#2774 = ADVANCED_FACE('',(#2775),#2899,.T.);
#2775 = FACE_BOUND('',#2776,.T.);
#2776 = EDGE_LOOP('',(#2777,#2778,#2779,#2786,#2787,#2794,#2795,#2802,
    #2803,#2810,#2811,#2818,#2819,#2826,#2827,#2834,#2835,#2842,#2843,
    #2850,#2851,#2858,#2859,#2866,#2867,#2874,#2875,#2882,#2883,#2890,
    #2891,#2898));
#2777 = ORIENTED_EDGE('',*,*,#2717,.F.);
#2778 = ORIENTED_EDGE('',*,*,#2630,.T.);
#2779 = ORIENTED_EDGE('',*,*,#2780,.F.);
#2780 = EDGE_CURVE('',#2573,#2621,#2781,.T.);
#2781 = CIRCLE('',#2782,2.150000000001);
#2782 = AXIS2_PLACEMENT_3D('',#2783,#2784,#2785);
#2783 = CARTESIAN_POINT('',(-6.387471609419,15.420720588732,16.));
#2784 = DIRECTION('',(0.,-0.,1.));
#2785 = DIRECTION('',(0.923879532511,0.382683432365,0.));
#2786 = ORIENTED_EDGE('',*,*,#2572,.T.);
#2787 = ORIENTED_EDGE('',*,*,#2788,.F.);
#2788 = EDGE_CURVE('',#2515,#2563,#2789,.T.);
#2789 = CIRCLE('',#2790,2.150000000001);
#2790 = AXIS2_PLACEMENT_3D('',#2791,#2792,#2793);
#2791 = CARTESIAN_POINT('',(-11.80250856887,11.802508568878,16.));
#2792 = DIRECTION('',(0.,-0.,1.));
#2793 = DIRECTION('',(0.707106781187,0.707106781187,0.));
#2794 = ORIENTED_EDGE('',*,*,#2514,.T.);
#2795 = ORIENTED_EDGE('',*,*,#2796,.F.);
#2796 = EDGE_CURVE('',#2457,#2505,#2797,.T.);
#2797 = CIRCLE('',#2798,2.150000000001);
#2798 = AXIS2_PLACEMENT_3D('',#2799,#2800,#2801);
#2799 = CARTESIAN_POINT('',(-15.42072058873,6.387471609419,16.));
#2800 = DIRECTION('',(0.,-0.,1.));
#2801 = DIRECTION('',(0.382683432365,0.923879532511,0.));
#2802 = ORIENTED_EDGE('',*,*,#2456,.T.);
#2803 = ORIENTED_EDGE('',*,*,#2804,.F.);
#2804 = EDGE_CURVE('',#2399,#2447,#2805,.T.);
#2805 = CIRCLE('',#2806,2.150000000001);
#2806 = AXIS2_PLACEMENT_3D('',#2807,#2808,#2809);
#2807 = CARTESIAN_POINT('',(-16.69126768813,0.,16.));
#2808 = DIRECTION('',(0.,-0.,1.));
#2809 = DIRECTION('',(0.,1.,0.));
#2810 = ORIENTED_EDGE('',*,*,#2398,.T.);
#2811 = ORIENTED_EDGE('',*,*,#2812,.F.);
#2812 = EDGE_CURVE('',#2341,#2389,#2813,.T.);
#2813 = CIRCLE('',#2814,2.150000000001);
#2814 = AXIS2_PLACEMENT_3D('',#2815,#2816,#2817);
#2815 = CARTESIAN_POINT('',(-15.42072058873,-6.387471609419,16.));
#2816 = DIRECTION('',(0.,0.,1.));
#2817 = DIRECTION('',(-0.382683432365,0.923879532511,0.));
#2818 = ORIENTED_EDGE('',*,*,#2340,.T.);
#2819 = ORIENTED_EDGE('',*,*,#2820,.F.);
#2820 = EDGE_CURVE('',#2283,#2331,#2821,.T.);
#2821 = CIRCLE('',#2822,2.150000000001);
#2822 = AXIS2_PLACEMENT_3D('',#2823,#2824,#2825);
#2823 = CARTESIAN_POINT('',(-11.80250856887,-11.80250856887,16.));
#2824 = DIRECTION('',(0.,0.,1.));
#2825 = DIRECTION('',(-0.707106781187,0.707106781187,0.));
#2826 = ORIENTED_EDGE('',*,*,#2282,.T.);
#2827 = ORIENTED_EDGE('',*,*,#2828,.F.);
#2828 = EDGE_CURVE('',#2225,#2273,#2829,.T.);
#2829 = CIRCLE('',#2830,2.150000000001);
#2830 = AXIS2_PLACEMENT_3D('',#2831,#2832,#2833);
#2831 = CARTESIAN_POINT('',(-6.387471609419,-15.42072058873,16.));
#2832 = DIRECTION('',(0.,0.,1.));
#2833 = DIRECTION('',(-0.923879532511,0.382683432365,0.));
#2834 = ORIENTED_EDGE('',*,*,#2224,.T.);
#2835 = ORIENTED_EDGE('',*,*,#2836,.F.);
#2836 = EDGE_CURVE('',#2167,#2215,#2837,.T.);
#2837 = CIRCLE('',#2838,2.150000000001);
#2838 = AXIS2_PLACEMENT_3D('',#2839,#2840,#2841);
#2839 = CARTESIAN_POINT('',(0.,-16.69126768813,16.));
#2840 = DIRECTION('',(0.,0.,1.));
#2841 = DIRECTION('',(-1.,0.,0.));
#2842 = ORIENTED_EDGE('',*,*,#2166,.T.);
#2843 = ORIENTED_EDGE('',*,*,#2844,.F.);
#2844 = EDGE_CURVE('',#2109,#2157,#2845,.T.);
#2845 = CIRCLE('',#2846,2.150000000001);
#2846 = AXIS2_PLACEMENT_3D('',#2847,#2848,#2849);
#2847 = CARTESIAN_POINT('',(6.387471609419,-15.42072058873,16.));
#2848 = DIRECTION('',(0.,0.,1.));
#2849 = DIRECTION('',(-0.923879532511,-0.382683432365,0.));
#2850 = ORIENTED_EDGE('',*,*,#2108,.T.);
#2851 = ORIENTED_EDGE('',*,*,#2852,.F.);
#2852 = EDGE_CURVE('',#2051,#2099,#2853,.T.);
#2853 = CIRCLE('',#2854,2.150000000001);
#2854 = AXIS2_PLACEMENT_3D('',#2855,#2856,#2857);
#2855 = CARTESIAN_POINT('',(11.802508568878,-11.80250856887,16.));
#2856 = DIRECTION('',(0.,0.,1.));
#2857 = DIRECTION('',(-0.707106781187,-0.707106781187,0.));
#2858 = ORIENTED_EDGE('',*,*,#2050,.T.);
#2859 = ORIENTED_EDGE('',*,*,#2860,.F.);
#2860 = EDGE_CURVE('',#1993,#2041,#2861,.T.);
#2861 = CIRCLE('',#2862,2.150000000001);
#2862 = AXIS2_PLACEMENT_3D('',#2863,#2864,#2865);
#2863 = CARTESIAN_POINT('',(15.420720588732,-6.387471609419,16.));
#2864 = DIRECTION('',(0.,0.,1.));
#2865 = DIRECTION('',(-0.382683432365,-0.923879532511,0.));
#2866 = ORIENTED_EDGE('',*,*,#1992,.T.);
#2867 = ORIENTED_EDGE('',*,*,#2868,.F.);
#2868 = EDGE_CURVE('',#1919,#1983,#2869,.T.);
#2869 = CIRCLE('',#2870,2.150000000001);
#2870 = AXIS2_PLACEMENT_3D('',#2871,#2872,#2873);
#2871 = CARTESIAN_POINT('',(16.691267688132,0.,16.));
#2872 = DIRECTION('',(-0.,0.,1.));
#2873 = DIRECTION('',(0.,-1.,0.));
#2874 = ORIENTED_EDGE('',*,*,#1918,.T.);
#2875 = ORIENTED_EDGE('',*,*,#2876,.F.);
#2876 = EDGE_CURVE('',#1861,#1909,#2877,.T.);
#2877 = CIRCLE('',#2878,2.150000000001);
#2878 = AXIS2_PLACEMENT_3D('',#2879,#2880,#2881);
#2879 = CARTESIAN_POINT('',(15.420720588732,6.387471609419,16.));
#2880 = DIRECTION('',(-0.,0.,1.));
#2881 = DIRECTION('',(0.382683432365,-0.923879532511,0.));
#2882 = ORIENTED_EDGE('',*,*,#1860,.T.);
#2883 = ORIENTED_EDGE('',*,*,#2884,.F.);
#2884 = EDGE_CURVE('',#1803,#1851,#2885,.T.);
#2885 = CIRCLE('',#2886,2.150000000001);
#2886 = AXIS2_PLACEMENT_3D('',#2887,#2888,#2889);
#2887 = CARTESIAN_POINT('',(11.802508568878,11.802508568878,16.));
#2888 = DIRECTION('',(-0.,0.,1.));
#2889 = DIRECTION('',(0.707106781187,-0.707106781187,0.));
#2890 = ORIENTED_EDGE('',*,*,#1802,.T.);
#2891 = ORIENTED_EDGE('',*,*,#2892,.F.);
#2892 = EDGE_CURVE('',#1745,#1793,#2893,.T.);
#2893 = CIRCLE('',#2894,2.150000000001);
#2894 = AXIS2_PLACEMENT_3D('',#2895,#2896,#2897);
#2895 = CARTESIAN_POINT('',(6.387471609419,15.420720588732,16.));
#2896 = DIRECTION('',(-0.,0.,1.));
#2897 = DIRECTION('',(0.923879532511,-0.382683432365,0.));
#2898 = ORIENTED_EDGE('',*,*,#1744,.T.);
#2899 = PLANE('',#2900);
#2900 = AXIS2_PLACEMENT_3D('',#2901,#2902,#2903);
#2901 = CARTESIAN_POINT('',(0.,0.,16.));
#2902 = DIRECTION('',(0.,0.,1.));
#2903 = DIRECTION('',(1.,0.,0.));
#2904 = ADVANCED_FACE('',(#2905),#2979,.F.);
#2905 = FACE_BOUND('',#2906,.F.);
#2906 = EDGE_LOOP('',(#2907,#2908,#2909,#2910,#2911,#2912,#2940,#2949));
#2907 = ORIENTED_EDGE('',*,*,#2610,.F.);
#2908 = ORIENTED_EDGE('',*,*,#2620,.F.);
#2909 = ORIENTED_EDGE('',*,*,#2780,.F.);
#2910 = ORIENTED_EDGE('',*,*,#2581,.F.);
#2911 = ORIENTED_EDGE('',*,*,#2591,.T.);
#2912 = ORIENTED_EDGE('',*,*,#2913,.T.);
#2913 = EDGE_CURVE('',#2592,#2914,#2916,.T.);
#2914 = VERTEX_POINT('',#2915);
#2915 = CARTESIAN_POINT('',(-6.322763075272,13.271694575485,11.));
#2916 = B_SPLINE_CURVE_WITH_KNOTS('',8,(#2917,#2918,#2919,#2920,#2921,
    #2922,#2923,#2924,#2925,#2926,#2927,#2928,#2929,#2930,#2931,#2932,
    #2933,#2934,#2935,#2936,#2937,#2938,#2939),.UNSPECIFIED.,.F.,.F.,(9,
    7,7,9),(0.,0.417601128479,0.773153660831,1.),.UNSPECIFIED.);
#2917 = CARTESIAN_POINT('',(-8.050268810573,14.057780579839,
    8.601462015154));
#2918 = CARTESIAN_POINT('',(-7.997623635491,13.993553064902,
    8.732524908268));
#2919 = CARTESIAN_POINT('',(-7.94179728461,13.931228248969,
    8.863453836106));
#2920 = CARTESIAN_POINT('',(-7.882722873922,13.870854196686,
    8.994215107705));
#2921 = CARTESIAN_POINT('',(-7.82029778284,13.812501966826,
    9.124761373593));
#2922 = CARTESIAN_POINT('',(-7.75438650149,13.75626388118,9.255031964412
    ));
#2923 = CARTESIAN_POINT('',(-7.684808777694,13.702259083514,
    9.384951158406));
#2924 = CARTESIAN_POINT('',(-7.611313063663,13.650646388575,
    9.514424377757));
#2925 = CARTESIAN_POINT('',(-7.467313951359,13.559923332767,
    9.753086670182));
#2926 = CARTESIAN_POINT('',(-7.398016753872,13.520112259756,
    9.862384955403));
#2927 = CARTESIAN_POINT('',(-7.325394653249,13.48233161044,9.97119164821
    ));
#2928 = CARTESIAN_POINT('',(-7.249166037737,13.446745465044,
    10.079422670208));
#2929 = CARTESIAN_POINT('',(-7.1689646637,13.41359058939,10.186930598091
    ));
#2930 = CARTESIAN_POINT('',(-7.084344721657,13.383172254965,
    10.293506084493));
#2931 = CARTESIAN_POINT('',(-6.994707724249,13.355903237543,
    10.398860728754));
#2932 = CARTESIAN_POINT('',(-6.837963544792,13.317506838692,
    10.568715744756));
#2933 = CARTESIAN_POINT('',(-6.774540803152,13.304133212734,
    10.634096591793));
#2934 = CARTESIAN_POINT('',(-6.708414889365,13.292490152083,
    10.698672875375));
#2935 = CARTESIAN_POINT('',(-6.639229457874,13.282805786465,
    10.762303199735));
#2936 = CARTESIAN_POINT('',(-6.566617632632,13.275375845847,
    10.824739191526));
#2937 = CARTESIAN_POINT('',(-6.490106873106,13.270629467005,
    10.885577979204));
#2938 = CARTESIAN_POINT('',(-6.409168071061,13.269092866345,
    10.944286652968));
#2939 = CARTESIAN_POINT('',(-6.322763075272,13.271694575485,11.));
#2940 = ORIENTED_EDGE('',*,*,#2941,.T.);
#2941 = EDGE_CURVE('',#2914,#2942,#2944,.T.);
#2942 = VERTEX_POINT('',#2943);
#2943 = CARTESIAN_POINT('',(-4.913636585801,13.855373878523,11.));
#2944 = CIRCLE('',#2945,2.150000000001);
#2945 = AXIS2_PLACEMENT_3D('',#2946,#2947,#2948);
#2946 = CARTESIAN_POINT('',(-6.387471609419,15.420720588732,11.));
#2947 = DIRECTION('',(0.,-0.,1.));
#2948 = DIRECTION('',(0.923879532511,0.382683432365,0.));
#2949 = ORIENTED_EDGE('',*,*,#2950,.F.);
#2950 = EDGE_CURVE('',#2602,#2942,#2951,.T.);
#2951 = B_SPLINE_CURVE_WITH_KNOTS('',6,(#2952,#2953,#2954,#2955,#2956,
    #2957,#2958,#2959,#2960,#2961,#2962,#2963,#2964,#2965,#2966,#2967,
    #2968,#2969,#2970,#2971,#2972,#2973,#2974,#2975,#2976,#2977,#2978),
  .UNSPECIFIED.,.F.,.F.,(7,5,5,5,5,7),(0.,0.25089625162,0.486046381191,
    0.704094530378,0.88879929093,1.),.UNSPECIFIED.);
#2952 = CARTESIAN_POINT('',(-4.247952310106,15.632751642767,
    8.601462015154));
#2953 = CARTESIAN_POINT('',(-4.241393038373,15.566564694227,
    8.706429325019));
#2954 = CARTESIAN_POINT('',(-4.23725411025,15.499765990659,8.81131132564
    ));
#2955 = CARTESIAN_POINT('',(-4.235587581647,15.432349560583,
    8.916082700238));
#2956 = CARTESIAN_POINT('',(-4.236464569085,15.364304437797,
    9.020712930027));
#2957 = CARTESIAN_POINT('',(-4.239984732175,15.295611259303,
    9.125165101073));
#2958 = CARTESIAN_POINT('',(-4.252191330945,15.16122024371,
    9.327082923542));
#2959 = CARTESIAN_POINT('',(-4.260539234808,15.095606668435,
    9.424573293341));
#2960 = CARTESIAN_POINT('',(-4.271445756216,15.029370206983,
    9.521830752459));
#2961 = CARTESIAN_POINT('',(-4.28505295111,14.962479259668,
    9.618808329231));
#2962 = CARTESIAN_POINT('',(-4.301551959526,14.894890757754,
    9.715443330178));
#2963 = CARTESIAN_POINT('',(-4.339431264054,14.763164806273,
    9.900866546017));
#2964 = CARTESIAN_POINT('',(-4.360368502404,14.699138798553,
    9.989706935334));
#2965 = CARTESIAN_POINT('',(-4.384229820314,14.634409048374,
    10.078116833512));
#2966 = CARTESIAN_POINT('',(-4.411290680678,14.568915258397,
    10.166002508031));
#2967 = CARTESIAN_POINT('',(-4.441896117208,14.502589486085,
    10.253233149965));
#2968 = CARTESIAN_POINT('',(-4.505971293396,14.378335249951,
    10.412785899657));
#2969 = CARTESIAN_POINT('',(-4.538279609309,14.32069014351,
    10.485326281093));
#2970 = CARTESIAN_POINT('',(-4.573842221168,14.262297921679,
    10.557142639043));
#2971 = CARTESIAN_POINT('',(-4.613098650595,14.203083297572,
    10.62804970336));
#2972 = CARTESIAN_POINT('',(-4.656579682019,14.142982906728,
    10.697775651282));
#2973 = CARTESIAN_POINT('',(-4.734499778804,14.045076997592,
    10.806863604402));
#2974 = CARTESIAN_POINT('',(-4.765641274265,14.007930007002,
    10.847252069448));
#2975 = CARTESIAN_POINT('',(-4.79884918251,13.97039421212,10.88694426199
    ));
#2976 = CARTESIAN_POINT('',(-4.834370327333,13.932454128284,
    10.925790124449));
#2977 = CARTESIAN_POINT('',(-4.872492821546,13.894112338423,
    10.963578691286));
#2978 = CARTESIAN_POINT('',(-4.913636585801,13.855373878523,11.));
#2979 = CYLINDRICAL_SURFACE('',#2980,2.150000000001);
#2980 = AXIS2_PLACEMENT_3D('',#2981,#2982,#2983);
#2981 = CARTESIAN_POINT('',(-6.387471609419,15.420720588732,16.));
#2982 = DIRECTION('',(5.E-17,-3.E-17,1.));
#2983 = DIRECTION('',(0.923879532511,0.382683432365,-3.471347365461E-17)
  );
#2984 = ADVANCED_FACE('',(#2985),#2997,.T.);
#2985 = FACE_BOUND('',#2986,.T.);
#2986 = EDGE_LOOP('',(#2987,#2988,#2989,#2990));
#2987 = ORIENTED_EDGE('',*,*,#2950,.F.);
#2988 = ORIENTED_EDGE('',*,*,#2601,.T.);
#2989 = ORIENTED_EDGE('',*,*,#2913,.T.);
#2990 = ORIENTED_EDGE('',*,*,#2991,.F.);
#2991 = EDGE_CURVE('',#2942,#2914,#2992,.T.);
#2992 = CIRCLE('',#2993,14.700857451556);
#2993 = AXIS2_PLACEMENT_3D('',#2994,#2995,#2996);
#2994 = CARTESIAN_POINT('',(0.,0.,11.));
#2995 = DIRECTION('',(0.,0.,1.));
#2996 = DIRECTION('',(-0.263170936716,0.964749220299,0.));
#2997 = CONICAL_SURFACE('',#2998,14.700857451556,0.558505360638);
#2998 = AXIS2_PLACEMENT_3D('',#2999,#3000,#3001);
#2999 = CARTESIAN_POINT('',(0.,0.,11.));
#3000 = DIRECTION('',(0.,-0.,-1.));
#3001 = DIRECTION('',(-0.263170936716,0.964749220299,0.));
#3002 = ADVANCED_FACE('',(#3003),#3077,.F.);
#3003 = FACE_BOUND('',#3004,.F.);
#3004 = EDGE_LOOP('',(#3005,#3006,#3007,#3008,#3009,#3010,#3038,#3047));
#3005 = ORIENTED_EDGE('',*,*,#2552,.F.);
#3006 = ORIENTED_EDGE('',*,*,#2562,.F.);
#3007 = ORIENTED_EDGE('',*,*,#2788,.F.);
#3008 = ORIENTED_EDGE('',*,*,#2523,.F.);
#3009 = ORIENTED_EDGE('',*,*,#2533,.T.);
#3010 = ORIENTED_EDGE('',*,*,#3011,.T.);
#3011 = EDGE_CURVE('',#2534,#3012,#3014,.T.);
#3012 = VERTEX_POINT('',#3013);
#3013 = CARTESIAN_POINT('',(-10.92032902761,9.841830304355,11.));
#3014 = B_SPLINE_CURVE_WITH_KNOTS('',8,(#3015,#3016,#3017,#3018,#3019,
    #3020,#3021,#3022,#3023,#3024,#3025,#3026,#3027,#3028,#3029,#3030,
    #3031,#3032,#3033,#3034,#3035,#3036,#3037),.UNSPECIFIED.,.F.,.F.,(9,
    7,7,9),(0.,0.417601128479,0.773153660831,1.),.UNSPECIFIED.);
#3015 = CARTESIAN_POINT('',(-12.81715830903,9.906991250357,
    8.601462015154));
#3016 = CARTESIAN_POINT('',(-12.74394170341,9.86779920018,8.732524908268
    ));
#3017 = CARTESIAN_POINT('',(-12.66851420598,9.831582397943,
    8.863453836106));
#3018 = CARTESIAN_POINT('',(-12.59083241749,9.798410844991,
    8.994215107705));
#3019 = CARTESIAN_POINT('',(-12.51082872192,9.768389462268,
    9.124761373593));
#3020 = CARTESIAN_POINT('',(-12.42841325447,9.741655401371,
    9.255031964412));
#3021 = CARTESIAN_POINT('',(-12.34346507821,9.718387716308,
    9.384951158406));
#3022 = CARTESIAN_POINT('',(-12.25581256903,9.698829395946,
    9.514424377757));
#3023 = CARTESIAN_POINT('',(-12.08805652608,9.670118296111,
    9.753086670182));
#3024 = CARTESIAN_POINT('',(-12.0087992256,9.659856549977,9.862384955403
    ));
#3025 = CARTESIAN_POINT('',(-11.92724712467,9.652743056081,9.97119164821
    ));
#3026 = CARTESIAN_POINT('',(-11.84320283874,9.649037172937,
    10.079422670208));
#3027 = CARTESIAN_POINT('',(-11.75641860917,9.649097799015,
    10.186930598091));
#3028 = CARTESIAN_POINT('',(-11.66659938405,9.653377572294,
    10.293506084493));
#3029 = CARTESIAN_POINT('',(-11.57335019561,9.662486879061,
    10.398860728754));
#3030 = CARTESIAN_POINT('',(-11.41384379066,9.686996632638,
    10.568715744756));
#3031 = CARTESIAN_POINT('',(-11.35013095268,9.698911845801,
    10.634096591793));
#3032 = CARTESIAN_POINT('',(-11.28458296795,9.713460352026,
    10.698672875375));
#3033 = CARTESIAN_POINT('',(-11.21695791757,9.730989283239,
    10.762303199735));
#3034 = CARTESIAN_POINT('',(-11.14703002324,9.751912255688,
    10.824739191526));
#3035 = CARTESIAN_POINT('',(-11.07452693795,9.776806573491,
    10.885577979204));
#3036 = CARTESIAN_POINT('',(-10.99916120374,9.806360878169,
    10.944286652968));
#3037 = CARTESIAN_POINT('',(-10.92032902761,9.841830304355,11.));
#3038 = ORIENTED_EDGE('',*,*,#3039,.T.);
#3039 = EDGE_CURVE('',#3012,#3040,#3042,.T.);
#3040 = VERTEX_POINT('',#3041);
#3041 = CARTESIAN_POINT('',(-9.841830304355,10.92032902761,11.));
#3042 = CIRCLE('',#3043,2.150000000001);
#3043 = AXIS2_PLACEMENT_3D('',#3044,#3045,#3046);
#3044 = CARTESIAN_POINT('',(-11.80250856887,11.802508568878,11.));
#3045 = DIRECTION('',(0.,-0.,1.));
#3046 = DIRECTION('',(0.707106781187,0.707106781187,0.));
#3047 = ORIENTED_EDGE('',*,*,#3048,.F.);
#3048 = EDGE_CURVE('',#2544,#3040,#3049,.T.);
#3049 = B_SPLINE_CURVE_WITH_KNOTS('',6,(#3050,#3051,#3052,#3053,#3054,
    #3055,#3056,#3057,#3058,#3059,#3060,#3061,#3062,#3063,#3064,#3065,
    #3066,#3067,#3068,#3069,#3070,#3071,#3072,#3073,#3074,#3075,#3076),
  .UNSPECIFIED.,.F.,.F.,(7,5,5,5,5,7),(0.,0.25089625162,0.486046381191,
    0.704094530378,0.88879929093,1.),.UNSPECIFIED.);
#3050 = CARTESIAN_POINT('',(-9.906991250357,12.81715830903,
    8.601462015154));
#3051 = CARTESIAN_POINT('',(-9.875602624809,12.758519666575,
    8.706429325019));
#3052 = CARTESIAN_POINT('',(-9.846215996671,12.69838961077,8.81131132564
    ));
#3053 = CARTESIAN_POINT('',(-9.818877174145,12.636742703755,
    8.916082700238));
#3054 = CARTESIAN_POINT('',(-9.793647663745,12.573541598963,
    9.020712930027));
#3055 = CARTESIAN_POINT('',(-9.770612129049,12.508730269235,
    9.125165101073));
#3056 = CARTESIAN_POINT('',(-9.730460340688,12.37989789746,
    9.327082923542));
#3057 = CARTESIAN_POINT('',(-9.71306357001,12.316084253705,
    9.424573293341));
#3058 = CARTESIAN_POINT('',(-9.697792285494,12.250715997616,
    9.521830752459));
#3059 = CARTESIAN_POINT('',(-9.684765637039,12.183709572435,
    9.618808329231));
#3060 = CARTESIAN_POINT('',(-9.67414373332,12.114952041712,
    9.715443330178));
#3061 = CARTESIAN_POINT('',(-9.658730308235,11.978757348966,
    9.900866546017));
#3062 = CARTESIAN_POINT('',(-9.653572101819,11.911592696649,
    9.989706935334));
#3063 = CARTESIAN_POINT('',(-9.65084608208,11.842658874276,
    10.078116833512));
#3064 = CARTESIAN_POINT('',(-9.650783668756,11.771794759282,
    10.166002508031));
#3065 = CARTESIAN_POINT('',(-9.653677630947,11.698805542265,
    10.253233149965));
#3066 = CARTESIAN_POINT('',(-9.6653253372,11.55948908832,10.412785899657
    ));
#3067 = CARTESIAN_POINT('',(-9.673114501809,11.493868097103,
    10.485326281093));
#3068 = CARTESIAN_POINT('',(-9.683624335154,11.426311496125,
    10.557142639043));
#3069 = CARTESIAN_POINT('',(-9.697232091223,11.356581531731,
    10.62804970336));
#3070 = CARTESIAN_POINT('',(-9.714403902353,11.284416540387,
    10.697775651282));
#3071 = CARTESIAN_POINT('',(-9.748925715587,11.164144544735,
    10.806863604402));
#3072 = CARTESIAN_POINT('',(-9.763481167994,11.117907866063,
    10.847252069448));
#3073 = CARTESIAN_POINT('',(-9.779796947918,11.070521197127,
    10.88694426199));
#3074 = CARTESIAN_POINT('',(-9.798095165084,11.021875776586,
    10.925790124449));
#3075 = CARTESIAN_POINT('',(-9.818642989468,10.971863734758,
    10.963578691286));
#3076 = CARTESIAN_POINT('',(-9.841830304355,10.92032902761,11.));
#3077 = CYLINDRICAL_SURFACE('',#3078,2.150000000001);
#3078 = AXIS2_PLACEMENT_3D('',#3079,#3080,#3081);
#3079 = CARTESIAN_POINT('',(-11.80250856887,11.802508568878,16.));
#3080 = DIRECTION('',(1.1E-16,-5.E-17,1.));
#3081 = DIRECTION('',(0.707106781187,0.707106781187,-4.242640687119E-17)
  );
#3082 = ADVANCED_FACE('',(#3083),#3095,.T.);
#3083 = FACE_BOUND('',#3084,.T.);
#3084 = EDGE_LOOP('',(#3085,#3086,#3087,#3088));
#3085 = ORIENTED_EDGE('',*,*,#3048,.F.);
#3086 = ORIENTED_EDGE('',*,*,#2543,.T.);
#3087 = ORIENTED_EDGE('',*,*,#3011,.T.);
#3088 = ORIENTED_EDGE('',*,*,#3089,.F.);
#3089 = EDGE_CURVE('',#3040,#3012,#3090,.T.);
#3090 = CIRCLE('',#3091,14.700857451556);
#3091 = AXIS2_PLACEMENT_3D('',#3092,#3093,#3094);
#3092 = CARTESIAN_POINT('',(0.,0.,11.));
#3093 = DIRECTION('',(0.,0.,1.));
#3094 = DIRECTION('',(-0.61233178498,0.790600901279,0.));
#3095 = CONICAL_SURFACE('',#3096,14.700857451556,0.558505360638);
#3096 = AXIS2_PLACEMENT_3D('',#3097,#3098,#3099);
#3097 = CARTESIAN_POINT('',(0.,0.,11.));
#3098 = DIRECTION('',(0.,-0.,-1.));
#3099 = DIRECTION('',(-0.61233178498,0.790600901279,0.));
#3100 = ADVANCED_FACE('',(#3101),#3175,.F.);
#3101 = FACE_BOUND('',#3102,.F.);
#3102 = EDGE_LOOP('',(#3103,#3104,#3105,#3106,#3107,#3108,#3136,#3145));
#3103 = ORIENTED_EDGE('',*,*,#2494,.F.);
#3104 = ORIENTED_EDGE('',*,*,#2504,.F.);
#3105 = ORIENTED_EDGE('',*,*,#2796,.F.);
#3106 = ORIENTED_EDGE('',*,*,#2465,.F.);
#3107 = ORIENTED_EDGE('',*,*,#2475,.T.);
#3108 = ORIENTED_EDGE('',*,*,#3109,.T.);
#3109 = EDGE_CURVE('',#2476,#3110,#3112,.T.);
#3110 = VERTEX_POINT('',#3111);
#3111 = CARTESIAN_POINT('',(-13.85537387852,4.913636585801,11.));
#3112 = B_SPLINE_CURVE_WITH_KNOTS('',8,(#3113,#3114,#3115,#3116,#3117,
    #3118,#3119,#3120,#3121,#3122,#3123,#3124,#3125,#3126,#3127,#3128,
    #3129,#3130,#3131,#3132,#3133,#3134,#3135),.UNSPECIFIED.,.F.,.F.,(9,
    7,7,9),(0.,0.417601128479,0.773153660831,1.),.UNSPECIFIED.);
#3113 = CARTESIAN_POINT('',(-15.63275164276,4.247952310106,
    8.601462015154));
#3114 = CARTESIAN_POINT('',(-15.55011017112,4.239762359052,
    8.732524908268));
#3115 = CARTESIAN_POINT('',(-15.46656467986,4.235167250347,
    8.863453836106));
#3116 = CARTESIAN_POINT('',(-15.38210186169,4.234248264962,
    8.994215107705));
#3117 = CARTESIAN_POINT('',(-15.29669939904,4.23712821275,9.124761373593
    ));
#3118 = CARTESIAN_POINT('',(-15.21032675331,4.243968195029,
    9.255031964412));
#3119 = CARTESIAN_POINT('',(-15.12294071435,4.254979916698,
    9.384951158406));
#3120 = CARTESIAN_POINT('',(-15.03447570999,4.270453547891,
    9.514424377757));
#3121 = CARTESIAN_POINT('',(-14.86850207322,4.308125408714,
    9.753086670182));
#3122 = CARTESIAN_POINT('',(-14.79135087527,4.328975247282,
    9.862384955403));
#3123 = CARTESIAN_POINT('',(-14.71328434212,4.353611873767,9.97119164821
    ));
#3124 = CARTESIAN_POINT('',(-14.63421936645,4.382350439991,
    10.079422670208));
#3125 = CARTESIAN_POINT('',(-14.5540643936,4.415617338029,
    10.186930598091));
#3126 = CARTESIAN_POINT('',(-14.47272004822,4.453943662327,
    10.293506084493));
#3127 = CARTESIAN_POINT('',(-14.39005501237,4.498044483904,
    10.398860728754));
#3128 = CARTESIAN_POINT('',(-14.25206978616,4.581729002108,
    10.568715744756));
#3129 = CARTESIAN_POINT('',(-14.19776655386,4.6171190712,10.634096591793
    ));
#3130 = CARTESIAN_POINT('',(-14.14277558467,4.65564426611,
    10.698672875375));
#3131 = CARTESIAN_POINT('',(-14.08700621631,4.697717873277,
    10.762303199735));
#3132 = CARTESIAN_POINT('',(-14.03040814089,4.743808425905,
    10.824739191526));
#3133 = CARTESIAN_POINT('',(-13.97295066733,4.794553506134,
    10.885577979204));
#3134 = CARTESIAN_POINT('',(-13.91463175079,4.850699341175,
    10.944286652968));
#3135 = CARTESIAN_POINT('',(-13.85537387852,4.913636585801,11.));
#3136 = ORIENTED_EDGE('',*,*,#3137,.T.);
#3137 = EDGE_CURVE('',#3110,#3138,#3140,.T.);
#3138 = VERTEX_POINT('',#3139);
#3139 = CARTESIAN_POINT('',(-13.27169457548,6.322763075272,11.));
#3140 = CIRCLE('',#3141,2.150000000001);
#3141 = AXIS2_PLACEMENT_3D('',#3142,#3143,#3144);
#3142 = CARTESIAN_POINT('',(-15.42072058873,6.387471609419,11.));
#3143 = DIRECTION('',(0.,-0.,1.));
#3144 = DIRECTION('',(0.382683432365,0.923879532511,0.));
#3145 = ORIENTED_EDGE('',*,*,#3146,.F.);
#3146 = EDGE_CURVE('',#2486,#3138,#3147,.T.);
#3147 = B_SPLINE_CURVE_WITH_KNOTS('',6,(#3148,#3149,#3150,#3151,#3152,
    #3153,#3154,#3155,#3156,#3157,#3158,#3159,#3160,#3161,#3162,#3163,
    #3164,#3165,#3166,#3167,#3168,#3169,#3170,#3171,#3172,#3173,#3174),
  .UNSPECIFIED.,.F.,.F.,(7,5,5,5,5,7),(0.,0.25089625162,0.486046381191,
    0.704094530378,0.88879929093,1.),.UNSPECIFIED.);
#3148 = CARTESIAN_POINT('',(-14.05778057983,8.050268810573,
    8.601462015154));
#3149 = CARTESIAN_POINT('',(-14.00634123417,8.008105675956,
    8.706429325019));
#3150 = CARTESIAN_POINT('',(-13.95618075376,7.963798523831,8.81131132564
    ));
#3151 = CARTESIAN_POINT('',(-13.90733172522,7.917306322637,
    8.916082700238));
#3152 = CARTESIAN_POINT('',(-13.85983668123,7.868571031125,
    9.020712930027));
#3153 = CARTESIAN_POINT('',(-13.81375240009,7.817508487598,
    9.125165101073));
#3154 = CARTESIAN_POINT('',(-13.7273549704,7.713848320376,9.327082923542
    ));
#3155 = CARTESIAN_POINT('',(-13.68686202581,7.661549656931,
    9.424573293341));
#3156 = CARTESIAN_POINT('',(-13.64773785001,7.60700133063,9.521830752459
    ));
#3157 = CARTESIAN_POINT('',(-13.61006054734,7.550080548401,
    9.618808329231));
#3158 = CARTESIAN_POINT('',(-13.57393482004,7.490621699634,
    9.715443330178));
#3159 = CARTESIAN_POINT('',(-13.50757521959,7.370692672985,
    9.900866546017));
#3160 = CARTESIAN_POINT('',(-13.47710685858,7.310614585537,
    9.989706935334));
#3161 = CARTESIAN_POINT('',(-13.44820851298,7.247971240539,
    10.078116833512));
#3162 = CARTESIAN_POINT('',(-13.42103232783,7.182525219652,
    10.166002508031));
#3163 = CARTESIAN_POINT('',(-13.39577423618,7.113984504571,
    10.253233149965));
#3164 = CARTESIAN_POINT('',(-13.3532212148,6.980815500021,
    10.412785899657));
#3165 = CARTESIAN_POINT('',(-13.33530539841,6.917208825085,
    10.485326281093));
#3166 = CARTESIAN_POINT('',(-13.31916242638,6.850772725057,
    10.557142639043));
#3167 = CARTESIAN_POINT('',(-13.30504985158,6.781143175352,
    10.62804970336));
#3168 = CARTESIAN_POINT('',(-13.29329818984,6.707900049262,
    10.697775651282));
#3169 = CARTESIAN_POINT('',(-13.2791660864,6.583572288166,
    10.806863604402));
#3170 = CARTESIAN_POINT('',(-13.27491956007,6.535285036602,
    10.847252069448));
#3171 = CARTESIAN_POINT('',(-13.27185928208,6.485261684395,
    10.88694426199));
#3172 = CARTESIAN_POINT('',(-13.2701488339,6.433316751455,
    10.925790124449));
#3173 = CARTESIAN_POINT('',(-13.26999376846,6.379248337669,
    10.963578691286));
#3174 = CARTESIAN_POINT('',(-13.27169457548,6.322763075272,11.));
#3175 = CYLINDRICAL_SURFACE('',#3176,2.150000000001);
#3176 = AXIS2_PLACEMENT_3D('',#3177,#3178,#3179);
#3177 = CARTESIAN_POINT('',(-15.42072058873,6.387471609419,16.));
#3178 = DIRECTION('',(1.7E-16,-3.E-17,1.));
#3179 = DIRECTION('',(0.382683432365,0.923879532511,-3.733979752673E-17)
  );
#3180 = ADVANCED_FACE('',(#3181),#3193,.T.);
#3181 = FACE_BOUND('',#3182,.T.);
#3182 = EDGE_LOOP('',(#3183,#3184,#3185,#3186));
#3183 = ORIENTED_EDGE('',*,*,#3146,.F.);
#3184 = ORIENTED_EDGE('',*,*,#2485,.T.);
#3185 = ORIENTED_EDGE('',*,*,#3109,.T.);
#3186 = ORIENTED_EDGE('',*,*,#3187,.F.);
#3187 = EDGE_CURVE('',#3138,#3110,#3188,.T.);
#3188 = CIRCLE('',#3189,14.700857451556);
#3189 = AXIS2_PLACEMENT_3D('',#3190,#3191,#3192);
#3190 = CARTESIAN_POINT('',(0.,0.,11.));
#3191 = DIRECTION('',(0.,0.,1.));
#3192 = DIRECTION('',(-0.868270669781,0.496090761855,0.));
#3193 = CONICAL_SURFACE('',#3194,14.700857451556,0.558505360638);
#3194 = AXIS2_PLACEMENT_3D('',#3195,#3196,#3197);
#3195 = CARTESIAN_POINT('',(0.,0.,11.));
#3196 = DIRECTION('',(0.,0.,-1.));
#3197 = DIRECTION('',(-0.868270669781,0.496090761855,0.));
#3198 = ADVANCED_FACE('',(#3199),#3273,.F.);
#3199 = FACE_BOUND('',#3200,.F.);
#3200 = EDGE_LOOP('',(#3201,#3202,#3203,#3204,#3205,#3206,#3234,#3243));
#3201 = ORIENTED_EDGE('',*,*,#2436,.F.);
#3202 = ORIENTED_EDGE('',*,*,#2446,.F.);
#3203 = ORIENTED_EDGE('',*,*,#2804,.F.);
#3204 = ORIENTED_EDGE('',*,*,#2407,.F.);
#3205 = ORIENTED_EDGE('',*,*,#2417,.T.);
#3206 = ORIENTED_EDGE('',*,*,#3207,.T.);
#3207 = EDGE_CURVE('',#2418,#3208,#3210,.T.);
#3208 = VERTEX_POINT('',#3209);
#3209 = CARTESIAN_POINT('',(-14.6810636557,-0.762613760714,11.));
#3210 = B_SPLINE_CURVE_WITH_KNOTS('',8,(#3211,#3212,#3213,#3214,#3215,
    #3216,#3217,#3218,#3219,#3220,#3221,#3222,#3223,#3224,#3225,#3226,
    #3227,#3228,#3229,#3230,#3231,#3232,#3233),.UNSPECIFIED.,.F.,.F.,(9,
    7,7,9),(0.,0.417601128479,0.773153660831,1.),.UNSPECIFIED.);
#3211 = CARTESIAN_POINT('',(-16.06840025014,-2.057798861574,
    8.601462015154));
#3212 = CARTESIAN_POINT('',(-15.98891532736,-2.033739867699,
    8.732524908268));
#3213 = CARTESIAN_POINT('',(-15.90997088598,-2.006013719228,
    8.863453836106));
#3214 = CARTESIAN_POINT('',(-15.83158573654,-1.974540229852,
    8.994215107705));
#3215 = CARTESIAN_POINT('',(-15.75378625757,-1.939197397495,
    9.124761373593));
#3216 = CARTESIAN_POINT('',(-15.67660588592,-1.899824697338,
    9.255031964412));
#3217 = CARTESIAN_POINT('',(-15.60008571654,-1.85621000374,
    9.384951158406));
#3218 = CARTESIAN_POINT('',(-15.52427621196,-1.808060141072,
    9.514424377757));
#3219 = CARTESIAN_POINT('',(-15.38535296301,-1.709740518906,
    9.753086670182));
#3220 = CARTESIAN_POINT('',(-15.32205343811,-1.660953294554,
    9.862384955403));
#3221 = CARTESIAN_POINT('',(-15.25935739474,-1.608317250737,
    9.97119164821));
#3222 = CARTESIAN_POINT('',(-15.19730865514,-1.551509421339,
    10.079422670208));
#3223 = CARTESIAN_POINT('',(-15.13598580703,-1.490100835001,
    10.186930598091));
#3224 = CARTESIAN_POINT('',(-15.07550028057,-1.423562795129,
    10.293506084493));
#3225 = CARTESIAN_POINT('',(-15.01600439967,-1.351184409053,
    10.398860728754));
#3226 = CARTESIAN_POINT('',(-14.92054735205,-1.221065335515,
    10.568715744756));
#3227 = CARTESIAN_POINT('',(-14.88392090029,-1.167588227703,
    10.634096591793));
#3228 = CARTESIAN_POINT('',(-14.8478588232,-1.1109514558,10.698672875375
    ));
#3229 = CARTESIAN_POINT('',(-14.81243551763,-1.050738497972,
    10.762303199735));
#3230 = CARTESIAN_POINT('',(-14.77778380505,-0.986497233991,
    10.824739191526));
#3231 = CARTESIAN_POINT('',(-14.74411932272,-0.917626869795,
    10.885577979204));
#3232 = CARTESIAN_POINT('',(-14.71172575024,-0.843437198814,
    10.944286652968));
#3233 = CARTESIAN_POINT('',(-14.6810636557,-0.762613760714,11.));
#3234 = ORIENTED_EDGE('',*,*,#3235,.T.);
#3235 = EDGE_CURVE('',#3208,#3236,#3238,.T.);
#3236 = VERTEX_POINT('',#3237);
#3237 = CARTESIAN_POINT('',(-14.6810636557,0.762613760714,11.));
#3238 = CIRCLE('',#3239,2.150000000001);
#3239 = AXIS2_PLACEMENT_3D('',#3240,#3241,#3242);
#3240 = CARTESIAN_POINT('',(-16.69126768813,0.,11.));
#3241 = DIRECTION('',(0.,-0.,1.));
#3242 = DIRECTION('',(0.,1.,0.));
#3243 = ORIENTED_EDGE('',*,*,#3244,.F.);
#3244 = EDGE_CURVE('',#2428,#3236,#3245,.T.);
#3245 = B_SPLINE_CURVE_WITH_KNOTS('',6,(#3246,#3247,#3248,#3249,#3250,
    #3251,#3252,#3253,#3254,#3255,#3256,#3257,#3258,#3259,#3260,#3261,
    #3262,#3263,#3264,#3265,#3266,#3267,#3268,#3269,#3270,#3271,#3272),
  .UNSPECIFIED.,.F.,.F.,(7,5,5,5,5,7),(0.,0.25089625162,0.486046381191,
    0.704094530378,0.88879929093,1.),.UNSPECIFIED.);
#3246 = CARTESIAN_POINT('',(-16.06840025014,2.057798861574,
    8.601462015154));
#3247 = CARTESIAN_POINT('',(-16.00474135844,2.038530189831,
    8.706429325019));
#3248 = CARTESIAN_POINT('',(-15.94144350419,2.016791303651,8.81131132564
    ));
#3249 = CARTESIAN_POINT('',(-15.87852109141,1.992531824459,
    8.916082700238));
#3250 = CARTESIAN_POINT('',(-15.81599120374,1.965681852572,
    9.020712930027));
#3251 = CARTESIAN_POINT('',(-15.7538740902,1.936141904615,9.125165101073
    ));
#3252 = CARTESIAN_POINT('',(-15.63438424465,1.873435262724,
    9.327082923542));
#3253 = CARTESIAN_POINT('',(-15.57695980991,1.84061357701,9.424573293341
    ));
#3254 = CARTESIAN_POINT('',(-15.51993904391,1.805189668693,
    9.521830752459));
#3255 = CARTESIAN_POINT('',(-15.46334711482,1.767020202523,
    9.618808329231));
#3256 = CARTESIAN_POINT('',(-15.40721737844,1.725912106441,
    9.715443330178));
#3257 = CARTESIAN_POINT('',(-15.30001425024,1.640506853037,
    9.900866546017));
#3258 = CARTESIAN_POINT('',(-15.2488742664,1.596661674664,9.989706935334
    ));
#3259 = CARTESIAN_POINT('',(-15.1982031061,1.549845688453,
    10.078116833512));
#3260 = CARTESIAN_POINT('',(-15.14805047696,1.499781325083,
    10.166002508031));
#3261 = CARTESIAN_POINT('',(-15.09848564695,1.446123814487,
    10.253233149965));
#3262 = CARTESIAN_POINT('',(-15.00821020971,1.339376033095,
    10.412785899657));
#3263 = CARTESIAN_POINT('',(-14.96731693294,1.287467214102,
    10.485326281093));
#3264 = CARTESIAN_POINT('',(-14.92697877671,1.232265909009,
    10.557142639043));
#3265 = CARTESIAN_POINT('',(-14.88729438262,1.173337241742,
    10.62804970336));
#3266 = CARTESIAN_POINT('',(-14.84840833198,1.110166582903,
    10.697775651282));
#3267 = CARTESIAN_POINT('',(-14.7877737965,1.000710830954,
    10.806863604402));
#3268 = CARTESIAN_POINT('',(-14.76537178657,0.957724302825,
    10.847252069448));
#3269 = CARTESIAN_POINT('',(-14.74340135025,0.912679869258,
    10.88694426199));
#3270 = CARTESIAN_POINT('',(-14.72194263696,0.865343569077,
    10.925790124449));
#3271 = CARTESIAN_POINT('',(-14.701108289,0.8154502092,10.963578691286)
  );
#3272 = CARTESIAN_POINT('',(-14.6810636557,0.762613760714,11.));
#3273 = CYLINDRICAL_SURFACE('',#3274,2.150000000001);
#3274 = AXIS2_PLACEMENT_3D('',#3275,#3276,#3277);
#3275 = CARTESIAN_POINT('',(-16.69126768813,1.85E-15,16.));
#3276 = DIRECTION('',(2.2E-16,0.,1.));
#3277 = DIRECTION('',(1.1E-16,1.,-2.42E-32));
#3278 = ADVANCED_FACE('',(#3279),#3291,.T.);
#3279 = FACE_BOUND('',#3280,.T.);
#3280 = EDGE_LOOP('',(#3281,#3282,#3283,#3284));
#3281 = ORIENTED_EDGE('',*,*,#3244,.F.);
#3282 = ORIENTED_EDGE('',*,*,#2427,.T.);
#3283 = ORIENTED_EDGE('',*,*,#3207,.T.);
#3284 = ORIENTED_EDGE('',*,*,#3285,.F.);
#3285 = EDGE_CURVE('',#3236,#3208,#3286,.T.);
#3286 = CIRCLE('',#3287,14.700857451556);
#3287 = AXIS2_PLACEMENT_3D('',#3288,#3289,#3290);
#3288 = CARTESIAN_POINT('',(0.,0.,11.));
#3289 = DIRECTION('',(0.,0.,1.));
#3290 = DIRECTION('',(-0.992023216002,0.126055301011,0.));
#3291 = CONICAL_SURFACE('',#3292,14.700857451556,0.558505360638);
#3292 = AXIS2_PLACEMENT_3D('',#3293,#3294,#3295);
#3293 = CARTESIAN_POINT('',(0.,0.,11.));
#3294 = DIRECTION('',(0.,-0.,-1.));
#3295 = DIRECTION('',(-0.992023216002,0.126055301011,0.));
#3296 = ADVANCED_FACE('',(#3297),#3371,.F.);
#3297 = FACE_BOUND('',#3298,.F.);
#3298 = EDGE_LOOP('',(#3299,#3300,#3301,#3302,#3303,#3304,#3332,#3341));
#3299 = ORIENTED_EDGE('',*,*,#2378,.F.);
#3300 = ORIENTED_EDGE('',*,*,#2388,.F.);
#3301 = ORIENTED_EDGE('',*,*,#2812,.F.);
#3302 = ORIENTED_EDGE('',*,*,#2349,.F.);
#3303 = ORIENTED_EDGE('',*,*,#2359,.T.);
#3304 = ORIENTED_EDGE('',*,*,#3305,.T.);
#3305 = EDGE_CURVE('',#2360,#3306,#3308,.T.);
#3306 = VERTEX_POINT('',#3307);
#3307 = CARTESIAN_POINT('',(-13.27169457548,-6.322763075272,11.));
#3308 = B_SPLINE_CURVE_WITH_KNOTS('',8,(#3309,#3310,#3311,#3312,#3313,
    #3314,#3315,#3316,#3317,#3318,#3319,#3320,#3321,#3322,#3323,#3324,
    #3325,#3326,#3327,#3328,#3329,#3330,#3331),.UNSPECIFIED.,.F.,.F.,(9,
    7,7,9),(0.,0.417601128479,0.773153660831,1.),.UNSPECIFIED.);
#3309 = CARTESIAN_POINT('',(-14.05778057983,-8.050268810573,
    8.601462015154));
#3310 = CARTESIAN_POINT('',(-13.9935530649,-7.997623635491,
    8.732524908268));
#3311 = CARTESIAN_POINT('',(-13.93122824896,-7.94179728461,
    8.863453836106));
#3312 = CARTESIAN_POINT('',(-13.87085419668,-7.882722873922,
    8.994215107705));
#3313 = CARTESIAN_POINT('',(-13.81250196682,-7.82029778284,
    9.124761373593));
#3314 = CARTESIAN_POINT('',(-13.75626388118,-7.75438650149,
    9.255031964412));
#3315 = CARTESIAN_POINT('',(-13.70225908351,-7.684808777694,
    9.384951158406));
#3316 = CARTESIAN_POINT('',(-13.65064638857,-7.611313063663,
    9.514424377757));
#3317 = CARTESIAN_POINT('',(-13.55992333276,-7.467313951359,
    9.753086670182));
#3318 = CARTESIAN_POINT('',(-13.52011225975,-7.398016753872,
    9.862384955403));
#3319 = CARTESIAN_POINT('',(-13.48233161044,-7.325394653249,
    9.97119164821));
#3320 = CARTESIAN_POINT('',(-13.44674546504,-7.249166037737,
    10.079422670208));
#3321 = CARTESIAN_POINT('',(-13.41359058939,-7.1689646637,
    10.186930598091));
#3322 = CARTESIAN_POINT('',(-13.38317225496,-7.084344721657,
    10.293506084493));
#3323 = CARTESIAN_POINT('',(-13.35590323754,-6.994707724249,
    10.398860728754));
#3324 = CARTESIAN_POINT('',(-13.31750683869,-6.837963544792,
    10.568715744756));
#3325 = CARTESIAN_POINT('',(-13.30413321273,-6.774540803152,
    10.634096591793));
#3326 = CARTESIAN_POINT('',(-13.29249015208,-6.708414889365,
    10.698672875375));
#3327 = CARTESIAN_POINT('',(-13.28280578646,-6.639229457874,
    10.762303199735));
#3328 = CARTESIAN_POINT('',(-13.27537584584,-6.566617632632,
    10.824739191526));
#3329 = CARTESIAN_POINT('',(-13.270629467,-6.490106873106,
    10.885577979204));
#3330 = CARTESIAN_POINT('',(-13.26909286634,-6.409168071061,
    10.944286652968));
#3331 = CARTESIAN_POINT('',(-13.27169457548,-6.322763075272,11.));
#3332 = ORIENTED_EDGE('',*,*,#3333,.T.);
#3333 = EDGE_CURVE('',#3306,#3334,#3336,.T.);
#3334 = VERTEX_POINT('',#3335);
#3335 = CARTESIAN_POINT('',(-13.85537387852,-4.913636585801,11.));
#3336 = CIRCLE('',#3337,2.150000000001);
#3337 = AXIS2_PLACEMENT_3D('',#3338,#3339,#3340);
#3338 = CARTESIAN_POINT('',(-15.42072058873,-6.387471609419,11.));
#3339 = DIRECTION('',(0.,0.,1.));
#3340 = DIRECTION('',(-0.382683432365,0.923879532511,0.));
#3341 = ORIENTED_EDGE('',*,*,#3342,.F.);
#3342 = EDGE_CURVE('',#2370,#3334,#3343,.T.);
#3343 = B_SPLINE_CURVE_WITH_KNOTS('',6,(#3344,#3345,#3346,#3347,#3348,
    #3349,#3350,#3351,#3352,#3353,#3354,#3355,#3356,#3357,#3358,#3359,
    #3360,#3361,#3362,#3363,#3364,#3365,#3366,#3367,#3368,#3369,#3370),
  .UNSPECIFIED.,.F.,.F.,(7,5,5,5,5,7),(0.,0.25089625162,0.486046381191,
    0.704094530378,0.88879929093,1.),.UNSPECIFIED.);
#3344 = CARTESIAN_POINT('',(-15.63275164276,-4.247952310106,
    8.601462015154));
#3345 = CARTESIAN_POINT('',(-15.56656469422,-4.241393038373,
    8.706429325019));
#3346 = CARTESIAN_POINT('',(-15.49976599065,-4.23725411025,8.81131132564
    ));
#3347 = CARTESIAN_POINT('',(-15.43234956058,-4.235587581647,
    8.916082700238));
#3348 = CARTESIAN_POINT('',(-15.36430443779,-4.236464569085,
    9.020712930027));
#3349 = CARTESIAN_POINT('',(-15.2956112593,-4.239984732175,
    9.125165101073));
#3350 = CARTESIAN_POINT('',(-15.16122024371,-4.252191330945,
    9.327082923542));
#3351 = CARTESIAN_POINT('',(-15.09560666843,-4.260539234808,
    9.424573293341));
#3352 = CARTESIAN_POINT('',(-15.02937020698,-4.271445756216,
    9.521830752459));
#3353 = CARTESIAN_POINT('',(-14.96247925966,-4.28505295111,
    9.618808329231));
#3354 = CARTESIAN_POINT('',(-14.89489075775,-4.301551959526,
    9.715443330178));
#3355 = CARTESIAN_POINT('',(-14.76316480627,-4.339431264054,
    9.900866546017));
#3356 = CARTESIAN_POINT('',(-14.69913879855,-4.360368502404,
    9.989706935334));
#3357 = CARTESIAN_POINT('',(-14.63440904837,-4.384229820314,
    10.078116833512));
#3358 = CARTESIAN_POINT('',(-14.56891525839,-4.411290680678,
    10.166002508031));
#3359 = CARTESIAN_POINT('',(-14.50258948608,-4.441896117208,
    10.253233149965));
#3360 = CARTESIAN_POINT('',(-14.37833524995,-4.505971293396,
    10.412785899657));
#3361 = CARTESIAN_POINT('',(-14.32069014351,-4.538279609309,
    10.485326281093));
#3362 = CARTESIAN_POINT('',(-14.26229792167,-4.573842221168,
    10.557142639043));
#3363 = CARTESIAN_POINT('',(-14.20308329757,-4.613098650595,
    10.62804970336));
#3364 = CARTESIAN_POINT('',(-14.14298290672,-4.656579682019,
    10.697775651282));
#3365 = CARTESIAN_POINT('',(-14.04507699759,-4.734499778804,
    10.806863604402));
#3366 = CARTESIAN_POINT('',(-14.007930007,-4.765641274265,
    10.847252069448));
#3367 = CARTESIAN_POINT('',(-13.97039421212,-4.79884918251,
    10.88694426199));
#3368 = CARTESIAN_POINT('',(-13.93245412828,-4.834370327333,
    10.925790124449));
#3369 = CARTESIAN_POINT('',(-13.89411233842,-4.872492821546,
    10.963578691286));
#3370 = CARTESIAN_POINT('',(-13.85537387852,-4.913636585801,11.));
#3371 = CYLINDRICAL_SURFACE('',#3372,2.150000000001);
#3372 = AXIS2_PLACEMENT_3D('',#3373,#3374,#3375);
#3373 = CARTESIAN_POINT('',(-15.42072058873,-6.387471609419,16.));
#3374 = DIRECTION('',(2.6E-16,5.E-17,1.));
#3375 = DIRECTION('',(-0.382683432365,0.923879532511,5.330371578936E-17)
  );
#3376 = ADVANCED_FACE('',(#3377),#3389,.T.);
#3377 = FACE_BOUND('',#3378,.T.);
#3378 = EDGE_LOOP('',(#3379,#3380,#3381,#3382));
#3379 = ORIENTED_EDGE('',*,*,#3342,.F.);
#3380 = ORIENTED_EDGE('',*,*,#2369,.T.);
#3381 = ORIENTED_EDGE('',*,*,#3305,.T.);
#3382 = ORIENTED_EDGE('',*,*,#3383,.F.);
#3383 = EDGE_CURVE('',#3334,#3306,#3384,.T.);
#3384 = CIRCLE('',#3385,14.700857451556);
#3385 = AXIS2_PLACEMENT_3D('',#3386,#3387,#3388);
#3386 = CARTESIAN_POINT('',(0.,0.,11.));
#3387 = DIRECTION('',(0.,0.,1.));
#3388 = DIRECTION('',(-0.964749220299,-0.263170936716,0.));
#3389 = CONICAL_SURFACE('',#3390,14.700857451556,0.558505360638);
#3390 = AXIS2_PLACEMENT_3D('',#3391,#3392,#3393);
#3391 = CARTESIAN_POINT('',(0.,0.,11.));
#3392 = DIRECTION('',(0.,0.,-1.));
#3393 = DIRECTION('',(-0.964749220299,-0.263170936716,0.));
#3394 = ADVANCED_FACE('',(#3395),#3425,.F.);
#3395 = FACE_BOUND('',#3396,.F.);
#3396 = EDGE_LOOP('',(#3397,#3398,#3399,#3408,#3417,#3424));
#3397 = ORIENTED_EDGE('',*,*,#2820,.F.);
#3398 = ORIENTED_EDGE('',*,*,#2291,.F.);
#3399 = ORIENTED_EDGE('',*,*,#3400,.T.);
#3400 = EDGE_CURVE('',#2292,#3401,#3403,.T.);
#3401 = VERTEX_POINT('',#3402);
#3402 = CARTESIAN_POINT('',(-9.841830304355,-10.92032902761,11.));
#3403 = CIRCLE('',#3404,2.150000000001);
#3404 = AXIS2_PLACEMENT_3D('',#3405,#3406,#3407);
#3405 = CARTESIAN_POINT('',(-11.80250856887,-11.80250856887,11.));
#3406 = DIRECTION('',(0.,0.,1.));
#3407 = DIRECTION('',(-0.707106781187,0.707106781187,0.));
#3408 = ORIENTED_EDGE('',*,*,#3409,.T.);
#3409 = EDGE_CURVE('',#3401,#3410,#3412,.T.);
#3410 = VERTEX_POINT('',#3411);
#3411 = CARTESIAN_POINT('',(-10.92032902761,-9.841830304355,11.));
#3412 = CIRCLE('',#3413,2.150000000001);
#3413 = AXIS2_PLACEMENT_3D('',#3414,#3415,#3416);
#3414 = CARTESIAN_POINT('',(-11.80250856887,-11.80250856887,11.));
#3415 = DIRECTION('',(0.,0.,1.));
#3416 = DIRECTION('',(-0.707106781187,0.707106781187,0.));
#3417 = ORIENTED_EDGE('',*,*,#3418,.T.);
#3418 = EDGE_CURVE('',#3410,#2321,#3419,.T.);
#3419 = CIRCLE('',#3420,2.150000000001);
#3420 = AXIS2_PLACEMENT_3D('',#3421,#3422,#3423);
#3421 = CARTESIAN_POINT('',(-11.80250856887,-11.80250856887,11.));
#3422 = DIRECTION('',(0.,0.,1.));
#3423 = DIRECTION('',(-0.707106781187,0.707106781187,0.));
#3424 = ORIENTED_EDGE('',*,*,#2330,.F.);
#3425 = CYLINDRICAL_SURFACE('',#3426,2.150000000001);
#3426 = AXIS2_PLACEMENT_3D('',#3427,#3428,#3429);
#3427 = CARTESIAN_POINT('',(-11.80250856887,-11.80250856887,16.));
#3428 = DIRECTION('',(0.,0.,1.));
#3429 = DIRECTION('',(-0.707106781187,0.707106781187,0.));
#3430 = ADVANCED_FACE('',(#3431),#3465,.F.);
#3431 = FACE_BOUND('',#3432,.F.);
#3432 = EDGE_LOOP('',(#3433,#3434,#3464));
#3433 = ORIENTED_EDGE('',*,*,#3418,.F.);
#3434 = ORIENTED_EDGE('',*,*,#3435,.F.);
#3435 = EDGE_CURVE('',#2312,#3410,#3436,.T.);
#3436 = B_SPLINE_CURVE_WITH_KNOTS('',6,(#3437,#3438,#3439,#3440,#3441,
    #3442,#3443,#3444,#3445,#3446,#3447,#3448,#3449,#3450,#3451,#3452,
    #3453,#3454,#3455,#3456,#3457,#3458,#3459,#3460,#3461,#3462,#3463),
  .UNSPECIFIED.,.F.,.F.,(7,5,5,5,5,7),(0.,0.25089625162,0.486046381191,
    0.704094530378,0.88879929093,1.),.UNSPECIFIED.);
#3437 = CARTESIAN_POINT('',(-12.81715830903,-9.906991250357,
    8.601462015154));
#3438 = CARTESIAN_POINT('',(-12.75851966657,-9.875602624809,
    8.706429325019));
#3439 = CARTESIAN_POINT('',(-12.69838961077,-9.846215996671,
    8.81131132564));
#3440 = CARTESIAN_POINT('',(-12.63674270375,-9.818877174145,
    8.916082700238));
#3441 = CARTESIAN_POINT('',(-12.57354159896,-9.793647663745,
    9.020712930027));
#3442 = CARTESIAN_POINT('',(-12.50873026923,-9.770612129049,
    9.125165101073));
#3443 = CARTESIAN_POINT('',(-12.37989789746,-9.730460340688,
    9.327082923542));
#3444 = CARTESIAN_POINT('',(-12.3160842537,-9.71306357001,9.424573293341
    ));
#3445 = CARTESIAN_POINT('',(-12.25071599761,-9.697792285494,
    9.521830752459));
#3446 = CARTESIAN_POINT('',(-12.18370957243,-9.684765637039,
    9.618808329231));
#3447 = CARTESIAN_POINT('',(-12.11495204171,-9.67414373332,
    9.715443330178));
#3448 = CARTESIAN_POINT('',(-11.97875734896,-9.658730308235,
    9.900866546017));
#3449 = CARTESIAN_POINT('',(-11.91159269664,-9.653572101819,
    9.989706935334));
#3450 = CARTESIAN_POINT('',(-11.84265887427,-9.65084608208,
    10.078116833512));
#3451 = CARTESIAN_POINT('',(-11.77179475928,-9.650783668756,
    10.166002508031));
#3452 = CARTESIAN_POINT('',(-11.69880554226,-9.653677630947,
    10.253233149965));
#3453 = CARTESIAN_POINT('',(-11.55948908832,-9.6653253372,
    10.412785899657));
#3454 = CARTESIAN_POINT('',(-11.4938680971,-9.673114501809,
    10.485326281093));
#3455 = CARTESIAN_POINT('',(-11.42631149612,-9.683624335154,
    10.557142639043));
#3456 = CARTESIAN_POINT('',(-11.35658153173,-9.697232091223,
    10.62804970336));
#3457 = CARTESIAN_POINT('',(-11.28441654038,-9.714403902353,
    10.697775651282));
#3458 = CARTESIAN_POINT('',(-11.16414454473,-9.748925715587,
    10.806863604402));
#3459 = CARTESIAN_POINT('',(-11.11790786606,-9.763481167994,
    10.847252069448));
#3460 = CARTESIAN_POINT('',(-11.07052119712,-9.779796947918,
    10.88694426199));
#3461 = CARTESIAN_POINT('',(-11.02187577658,-9.798095165084,
    10.925790124449));
#3462 = CARTESIAN_POINT('',(-10.97186373475,-9.818642989468,
    10.963578691286));
#3463 = CARTESIAN_POINT('',(-10.92032902761,-9.841830304355,11.));
#3464 = ORIENTED_EDGE('',*,*,#2320,.F.);
#3465 = CYLINDRICAL_SURFACE('',#3466,2.150000000001);
#3466 = AXIS2_PLACEMENT_3D('',#3467,#3468,#3469);
#3467 = CARTESIAN_POINT('',(-11.80250856887,-11.80250856887,16.));
#3468 = DIRECTION('',(0.,0.,1.));
#3469 = DIRECTION('',(-0.707106781187,0.707106781187,0.));
#3470 = ADVANCED_FACE('',(#3471),#3508,.T.);
#3471 = FACE_BOUND('',#3472,.T.);
#3472 = EDGE_LOOP('',(#3473,#3474,#3475,#3501));
#3473 = ORIENTED_EDGE('',*,*,#3435,.F.);
#3474 = ORIENTED_EDGE('',*,*,#2311,.T.);
#3475 = ORIENTED_EDGE('',*,*,#3476,.T.);
#3476 = EDGE_CURVE('',#2302,#3401,#3477,.T.);
#3477 = B_SPLINE_CURVE_WITH_KNOTS('',8,(#3478,#3479,#3480,#3481,#3482,
    #3483,#3484,#3485,#3486,#3487,#3488,#3489,#3490,#3491,#3492,#3493,
    #3494,#3495,#3496,#3497,#3498,#3499,#3500),.UNSPECIFIED.,.F.,.F.,(9,
    7,7,9),(0.,0.417601128479,0.773153660831,1.),.UNSPECIFIED.);
#3478 = CARTESIAN_POINT('',(-9.906991250357,-12.81715830903,
    8.601462015154));
#3479 = CARTESIAN_POINT('',(-9.86779920018,-12.74394170341,
    8.732524908268));
#3480 = CARTESIAN_POINT('',(-9.831582397943,-12.66851420598,
    8.863453836106));
#3481 = CARTESIAN_POINT('',(-9.798410844991,-12.59083241749,
    8.994215107705));
#3482 = CARTESIAN_POINT('',(-9.768389462268,-12.51082872192,
    9.124761373593));
#3483 = CARTESIAN_POINT('',(-9.741655401371,-12.42841325447,
    9.255031964412));
#3484 = CARTESIAN_POINT('',(-9.718387716308,-12.34346507821,
    9.384951158406));
#3485 = CARTESIAN_POINT('',(-9.698829395946,-12.25581256903,
    9.514424377757));
#3486 = CARTESIAN_POINT('',(-9.670118296111,-12.08805652608,
    9.753086670182));
#3487 = CARTESIAN_POINT('',(-9.659856549977,-12.0087992256,
    9.862384955403));
#3488 = CARTESIAN_POINT('',(-9.652743056081,-11.92724712467,
    9.97119164821));
#3489 = CARTESIAN_POINT('',(-9.649037172937,-11.84320283874,
    10.079422670208));
#3490 = CARTESIAN_POINT('',(-9.649097799015,-11.75641860917,
    10.186930598091));
#3491 = CARTESIAN_POINT('',(-9.653377572294,-11.66659938405,
    10.293506084493));
#3492 = CARTESIAN_POINT('',(-9.662486879061,-11.57335019561,
    10.398860728754));
#3493 = CARTESIAN_POINT('',(-9.686996632638,-11.41384379066,
    10.568715744756));
#3494 = CARTESIAN_POINT('',(-9.698911845801,-11.35013095268,
    10.634096591793));
#3495 = CARTESIAN_POINT('',(-9.713460352026,-11.28458296795,
    10.698672875375));
#3496 = CARTESIAN_POINT('',(-9.730989283239,-11.21695791757,
    10.762303199735));
#3497 = CARTESIAN_POINT('',(-9.751912255688,-11.14703002324,
    10.824739191526));
#3498 = CARTESIAN_POINT('',(-9.776806573491,-11.07452693795,
    10.885577979204));
#3499 = CARTESIAN_POINT('',(-9.806360878169,-10.99916120374,
    10.944286652968));
#3500 = CARTESIAN_POINT('',(-9.841830304355,-10.92032902761,11.));
#3501 = ORIENTED_EDGE('',*,*,#3502,.F.);
#3502 = EDGE_CURVE('',#3410,#3401,#3503,.T.);
#3503 = CIRCLE('',#3504,14.700857451556);
#3504 = AXIS2_PLACEMENT_3D('',#3505,#3506,#3507);
#3505 = CARTESIAN_POINT('',(0.,0.,11.));
#3506 = DIRECTION('',(0.,0.,1.));
#3507 = DIRECTION('',(-0.790600901279,-0.61233178498,0.));
#3508 = CONICAL_SURFACE('',#3509,14.700857451556,0.558505360638);
#3509 = AXIS2_PLACEMENT_3D('',#3510,#3511,#3512);
#3510 = CARTESIAN_POINT('',(0.,0.,11.));
#3511 = DIRECTION('',(0.,0.,-1.));
#3512 = DIRECTION('',(-0.790600901279,-0.61233178498,0.));
#3513 = ADVANCED_FACE('',(#3514),#3519,.F.);
#3514 = FACE_BOUND('',#3515,.F.);
#3515 = EDGE_LOOP('',(#3516,#3517,#3518));
#3516 = ORIENTED_EDGE('',*,*,#3476,.T.);
#3517 = ORIENTED_EDGE('',*,*,#3400,.F.);
#3518 = ORIENTED_EDGE('',*,*,#2301,.T.);
#3519 = CYLINDRICAL_SURFACE('',#3520,2.150000000001);
#3520 = AXIS2_PLACEMENT_3D('',#3521,#3522,#3523);
#3521 = CARTESIAN_POINT('',(-11.80250856887,-11.80250856887,16.));
#3522 = DIRECTION('',(0.,0.,1.));
#3523 = DIRECTION('',(-0.707106781187,0.707106781187,0.));
#3524 = ADVANCED_FACE('',(#3525),#3555,.F.);
#3525 = FACE_BOUND('',#3526,.F.);
#3526 = EDGE_LOOP('',(#3527,#3528,#3529,#3538,#3547,#3554));
#3527 = ORIENTED_EDGE('',*,*,#2828,.F.);
#3528 = ORIENTED_EDGE('',*,*,#2233,.F.);
#3529 = ORIENTED_EDGE('',*,*,#3530,.T.);
#3530 = EDGE_CURVE('',#2234,#3531,#3533,.T.);
#3531 = VERTEX_POINT('',#3532);
#3532 = CARTESIAN_POINT('',(-4.913636585801,-13.85537387852,11.));
#3533 = CIRCLE('',#3534,2.150000000001);
#3534 = AXIS2_PLACEMENT_3D('',#3535,#3536,#3537);
#3535 = CARTESIAN_POINT('',(-6.387471609419,-15.42072058873,11.));
#3536 = DIRECTION('',(0.,0.,1.));
#3537 = DIRECTION('',(-0.923879532511,0.382683432365,0.));
#3538 = ORIENTED_EDGE('',*,*,#3539,.T.);
#3539 = EDGE_CURVE('',#3531,#3540,#3542,.T.);
#3540 = VERTEX_POINT('',#3541);
#3541 = CARTESIAN_POINT('',(-6.322763075272,-13.27169457548,11.));
#3542 = CIRCLE('',#3543,2.150000000001);
#3543 = AXIS2_PLACEMENT_3D('',#3544,#3545,#3546);
#3544 = CARTESIAN_POINT('',(-6.387471609419,-15.42072058873,11.));
#3545 = DIRECTION('',(0.,0.,1.));
#3546 = DIRECTION('',(-0.923879532511,0.382683432365,0.));
#3547 = ORIENTED_EDGE('',*,*,#3548,.T.);
#3548 = EDGE_CURVE('',#3540,#2263,#3549,.T.);
#3549 = CIRCLE('',#3550,2.150000000001);
#3550 = AXIS2_PLACEMENT_3D('',#3551,#3552,#3553);
#3551 = CARTESIAN_POINT('',(-6.387471609419,-15.42072058873,11.));
#3552 = DIRECTION('',(0.,0.,1.));
#3553 = DIRECTION('',(-0.923879532511,0.382683432365,0.));
#3554 = ORIENTED_EDGE('',*,*,#2272,.F.);
#3555 = CYLINDRICAL_SURFACE('',#3556,2.150000000001);
#3556 = AXIS2_PLACEMENT_3D('',#3557,#3558,#3559);
#3557 = CARTESIAN_POINT('',(-6.387471609419,-15.42072058873,16.));
#3558 = DIRECTION('',(0.,0.,1.));
#3559 = DIRECTION('',(-0.923879532511,0.382683432365,0.));
#3560 = ADVANCED_FACE('',(#3561),#3595,.F.);
#3561 = FACE_BOUND('',#3562,.F.);
#3562 = EDGE_LOOP('',(#3563,#3564,#3594));
#3563 = ORIENTED_EDGE('',*,*,#3548,.F.);
#3564 = ORIENTED_EDGE('',*,*,#3565,.F.);
#3565 = EDGE_CURVE('',#2254,#3540,#3566,.T.);
#3566 = B_SPLINE_CURVE_WITH_KNOTS('',6,(#3567,#3568,#3569,#3570,#3571,
    #3572,#3573,#3574,#3575,#3576,#3577,#3578,#3579,#3580,#3581,#3582,
    #3583,#3584,#3585,#3586,#3587,#3588,#3589,#3590,#3591,#3592,#3593),
  .UNSPECIFIED.,.F.,.F.,(7,5,5,5,5,7),(0.,0.25089625162,0.486046381191,
    0.704094530378,0.88879929093,1.),.UNSPECIFIED.);
#3567 = CARTESIAN_POINT('',(-8.050268810573,-14.05778057983,
    8.601462015154));
#3568 = CARTESIAN_POINT('',(-8.008105675956,-14.00634123417,
    8.706429325019));
#3569 = CARTESIAN_POINT('',(-7.963798523831,-13.95618075376,
    8.81131132564));
#3570 = CARTESIAN_POINT('',(-7.917306322637,-13.90733172522,
    8.916082700238));
#3571 = CARTESIAN_POINT('',(-7.868571031125,-13.85983668123,
    9.020712930027));
#3572 = CARTESIAN_POINT('',(-7.817508487598,-13.81375240009,
    9.125165101073));
#3573 = CARTESIAN_POINT('',(-7.713848320376,-13.7273549704,
    9.327082923542));
#3574 = CARTESIAN_POINT('',(-7.661549656931,-13.68686202581,
    9.424573293341));
#3575 = CARTESIAN_POINT('',(-7.60700133063,-13.64773785001,
    9.521830752459));
#3576 = CARTESIAN_POINT('',(-7.550080548401,-13.61006054734,
    9.618808329231));
#3577 = CARTESIAN_POINT('',(-7.490621699634,-13.57393482004,
    9.715443330178));
#3578 = CARTESIAN_POINT('',(-7.370692672985,-13.50757521959,
    9.900866546017));
#3579 = CARTESIAN_POINT('',(-7.310614585537,-13.47710685858,
    9.989706935334));
#3580 = CARTESIAN_POINT('',(-7.247971240539,-13.44820851298,
    10.078116833512));
#3581 = CARTESIAN_POINT('',(-7.182525219652,-13.42103232783,
    10.166002508031));
#3582 = CARTESIAN_POINT('',(-7.113984504571,-13.39577423618,
    10.253233149965));
#3583 = CARTESIAN_POINT('',(-6.980815500021,-13.3532212148,
    10.412785899657));
#3584 = CARTESIAN_POINT('',(-6.917208825085,-13.33530539841,
    10.485326281093));
#3585 = CARTESIAN_POINT('',(-6.850772725057,-13.31916242638,
    10.557142639043));
#3586 = CARTESIAN_POINT('',(-6.781143175352,-13.30504985158,
    10.62804970336));
#3587 = CARTESIAN_POINT('',(-6.707900049262,-13.29329818984,
    10.697775651282));
#3588 = CARTESIAN_POINT('',(-6.583572288166,-13.2791660864,
    10.806863604402));
#3589 = CARTESIAN_POINT('',(-6.535285036602,-13.27491956007,
    10.847252069448));
#3590 = CARTESIAN_POINT('',(-6.485261684395,-13.27185928208,
    10.88694426199));
#3591 = CARTESIAN_POINT('',(-6.433316751455,-13.2701488339,
    10.925790124449));
#3592 = CARTESIAN_POINT('',(-6.379248337669,-13.26999376846,
    10.963578691286));
#3593 = CARTESIAN_POINT('',(-6.322763075272,-13.27169457548,11.));
#3594 = ORIENTED_EDGE('',*,*,#2262,.F.);
#3595 = CYLINDRICAL_SURFACE('',#3596,2.150000000001);
#3596 = AXIS2_PLACEMENT_3D('',#3597,#3598,#3599);
#3597 = CARTESIAN_POINT('',(-6.387471609419,-15.42072058873,16.));
#3598 = DIRECTION('',(0.,0.,1.));
#3599 = DIRECTION('',(-0.923879532511,0.382683432365,0.));
#3600 = ADVANCED_FACE('',(#3601),#3638,.T.);
#3601 = FACE_BOUND('',#3602,.T.);
#3602 = EDGE_LOOP('',(#3603,#3604,#3605,#3631));
#3603 = ORIENTED_EDGE('',*,*,#3565,.F.);
#3604 = ORIENTED_EDGE('',*,*,#2253,.T.);
#3605 = ORIENTED_EDGE('',*,*,#3606,.T.);
#3606 = EDGE_CURVE('',#2244,#3531,#3607,.T.);
#3607 = B_SPLINE_CURVE_WITH_KNOTS('',8,(#3608,#3609,#3610,#3611,#3612,
    #3613,#3614,#3615,#3616,#3617,#3618,#3619,#3620,#3621,#3622,#3623,
    #3624,#3625,#3626,#3627,#3628,#3629,#3630),.UNSPECIFIED.,.F.,.F.,(9,
    7,7,9),(0.,0.417601128479,0.773153660831,1.),.UNSPECIFIED.);
#3608 = CARTESIAN_POINT('',(-4.247952310106,-15.63275164276,
    8.601462015154));
#3609 = CARTESIAN_POINT('',(-4.239762359052,-15.55011017112,
    8.732524908268));
#3610 = CARTESIAN_POINT('',(-4.235167250347,-15.46656467986,
    8.863453836106));
#3611 = CARTESIAN_POINT('',(-4.234248264962,-15.38210186169,
    8.994215107705));
#3612 = CARTESIAN_POINT('',(-4.23712821275,-15.29669939904,
    9.124761373593));
#3613 = CARTESIAN_POINT('',(-4.243968195029,-15.21032675331,
    9.255031964412));
#3614 = CARTESIAN_POINT('',(-4.254979916698,-15.12294071435,
    9.384951158406));
#3615 = CARTESIAN_POINT('',(-4.270453547891,-15.03447570999,
    9.514424377757));
#3616 = CARTESIAN_POINT('',(-4.308125408714,-14.86850207322,
    9.753086670182));
#3617 = CARTESIAN_POINT('',(-4.328975247282,-14.79135087527,
    9.862384955403));
#3618 = CARTESIAN_POINT('',(-4.353611873767,-14.71328434212,
    9.97119164821));
#3619 = CARTESIAN_POINT('',(-4.382350439991,-14.63421936645,
    10.079422670208));
#3620 = CARTESIAN_POINT('',(-4.415617338029,-14.5540643936,
    10.186930598091));
#3621 = CARTESIAN_POINT('',(-4.453943662327,-14.47272004822,
    10.293506084493));
#3622 = CARTESIAN_POINT('',(-4.498044483904,-14.39005501237,
    10.398860728754));
#3623 = CARTESIAN_POINT('',(-4.581729002108,-14.25206978616,
    10.568715744756));
#3624 = CARTESIAN_POINT('',(-4.6171190712,-14.19776655386,
    10.634096591793));
#3625 = CARTESIAN_POINT('',(-4.65564426611,-14.14277558467,
    10.698672875375));
#3626 = CARTESIAN_POINT('',(-4.697717873277,-14.08700621631,
    10.762303199735));
#3627 = CARTESIAN_POINT('',(-4.743808425905,-14.03040814089,
    10.824739191526));
#3628 = CARTESIAN_POINT('',(-4.794553506134,-13.97295066733,
    10.885577979204));
#3629 = CARTESIAN_POINT('',(-4.850699341175,-13.91463175079,
    10.944286652968));
#3630 = CARTESIAN_POINT('',(-4.913636585801,-13.85537387852,11.));
#3631 = ORIENTED_EDGE('',*,*,#3632,.F.);
#3632 = EDGE_CURVE('',#3540,#3531,#3633,.T.);
#3633 = CIRCLE('',#3634,14.700857451556);
#3634 = AXIS2_PLACEMENT_3D('',#3635,#3636,#3637);
#3635 = CARTESIAN_POINT('',(0.,0.,11.));
#3636 = DIRECTION('',(0.,0.,1.));
#3637 = DIRECTION('',(-0.496090761855,-0.868270669781,0.));
#3638 = CONICAL_SURFACE('',#3639,14.700857451556,0.558505360638);
#3639 = AXIS2_PLACEMENT_3D('',#3640,#3641,#3642);
#3640 = CARTESIAN_POINT('',(0.,0.,11.));
#3641 = DIRECTION('',(0.,-0.,-1.));
#3642 = DIRECTION('',(-0.496090761855,-0.868270669781,0.));
#3643 = ADVANCED_FACE('',(#3644),#3649,.F.);
#3644 = FACE_BOUND('',#3645,.F.);
#3645 = EDGE_LOOP('',(#3646,#3647,#3648));
#3646 = ORIENTED_EDGE('',*,*,#3606,.T.);
#3647 = ORIENTED_EDGE('',*,*,#3530,.F.);
#3648 = ORIENTED_EDGE('',*,*,#2243,.T.);
#3649 = CYLINDRICAL_SURFACE('',#3650,2.150000000001);
#3650 = AXIS2_PLACEMENT_3D('',#3651,#3652,#3653);
#3651 = CARTESIAN_POINT('',(-6.387471609419,-15.42072058873,16.));
#3652 = DIRECTION('',(0.,0.,1.));
#3653 = DIRECTION('',(-0.923879532511,0.382683432365,0.));
#3654 = ADVANCED_FACE('',(#3655),#3685,.F.);
#3655 = FACE_BOUND('',#3656,.F.);
#3656 = EDGE_LOOP('',(#3657,#3658,#3659,#3668,#3677,#3684));
#3657 = ORIENTED_EDGE('',*,*,#2836,.F.);
#3658 = ORIENTED_EDGE('',*,*,#2175,.F.);
#3659 = ORIENTED_EDGE('',*,*,#3660,.T.);
#3660 = EDGE_CURVE('',#2176,#3661,#3663,.T.);
#3661 = VERTEX_POINT('',#3662);
#3662 = CARTESIAN_POINT('',(0.762613760714,-14.6810636557,11.));
#3663 = CIRCLE('',#3664,2.150000000001);
#3664 = AXIS2_PLACEMENT_3D('',#3665,#3666,#3667);
#3665 = CARTESIAN_POINT('',(0.,-16.69126768813,11.));
#3666 = DIRECTION('',(0.,0.,1.));
#3667 = DIRECTION('',(-1.,0.,0.));
#3668 = ORIENTED_EDGE('',*,*,#3669,.T.);
#3669 = EDGE_CURVE('',#3661,#3670,#3672,.T.);
#3670 = VERTEX_POINT('',#3671);
#3671 = CARTESIAN_POINT('',(-0.762613760714,-14.6810636557,11.));
#3672 = CIRCLE('',#3673,2.150000000001);
#3673 = AXIS2_PLACEMENT_3D('',#3674,#3675,#3676);
#3674 = CARTESIAN_POINT('',(0.,-16.69126768813,11.));
#3675 = DIRECTION('',(0.,0.,1.));
#3676 = DIRECTION('',(-1.,0.,0.));
#3677 = ORIENTED_EDGE('',*,*,#3678,.T.);
#3678 = EDGE_CURVE('',#3670,#2205,#3679,.T.);
#3679 = CIRCLE('',#3680,2.150000000001);
#3680 = AXIS2_PLACEMENT_3D('',#3681,#3682,#3683);
#3681 = CARTESIAN_POINT('',(0.,-16.69126768813,11.));
#3682 = DIRECTION('',(0.,0.,1.));
#3683 = DIRECTION('',(-1.,0.,0.));
#3684 = ORIENTED_EDGE('',*,*,#2214,.F.);
#3685 = CYLINDRICAL_SURFACE('',#3686,2.150000000001);
#3686 = AXIS2_PLACEMENT_3D('',#3687,#3688,#3689);
#3687 = CARTESIAN_POINT('',(0.,-16.69126768813,16.));
#3688 = DIRECTION('',(0.,0.,1.));
#3689 = DIRECTION('',(-1.,0.,0.));
#3690 = ADVANCED_FACE('',(#3691),#3725,.F.);
#3691 = FACE_BOUND('',#3692,.F.);
#3692 = EDGE_LOOP('',(#3693,#3694,#3724));
#3693 = ORIENTED_EDGE('',*,*,#3678,.F.);
#3694 = ORIENTED_EDGE('',*,*,#3695,.F.);
#3695 = EDGE_CURVE('',#2196,#3670,#3696,.T.);
#3696 = B_SPLINE_CURVE_WITH_KNOTS('',6,(#3697,#3698,#3699,#3700,#3701,
    #3702,#3703,#3704,#3705,#3706,#3707,#3708,#3709,#3710,#3711,#3712,
    #3713,#3714,#3715,#3716,#3717,#3718,#3719,#3720,#3721,#3722,#3723),
  .UNSPECIFIED.,.F.,.F.,(7,5,5,5,5,7),(0.,0.25089625162,0.486046381191,
    0.704094530378,0.88879929093,1.),.UNSPECIFIED.);
#3697 = CARTESIAN_POINT('',(-2.057798861574,-16.06840025014,
    8.601462015154));
#3698 = CARTESIAN_POINT('',(-2.038530189831,-16.00474135844,
    8.706429325019));
#3699 = CARTESIAN_POINT('',(-2.016791303651,-15.94144350419,
    8.81131132564));
#3700 = CARTESIAN_POINT('',(-1.992531824459,-15.87852109141,
    8.916082700238));
#3701 = CARTESIAN_POINT('',(-1.965681852572,-15.81599120374,
    9.020712930027));
#3702 = CARTESIAN_POINT('',(-1.936141904615,-15.7538740902,
    9.125165101073));
#3703 = CARTESIAN_POINT('',(-1.873435262724,-15.63438424465,
    9.327082923542));
#3704 = CARTESIAN_POINT('',(-1.84061357701,-15.57695980991,
    9.424573293341));
#3705 = CARTESIAN_POINT('',(-1.805189668693,-15.51993904391,
    9.521830752459));
#3706 = CARTESIAN_POINT('',(-1.767020202523,-15.46334711482,
    9.618808329231));
#3707 = CARTESIAN_POINT('',(-1.725912106441,-15.40721737844,
    9.715443330178));
#3708 = CARTESIAN_POINT('',(-1.640506853037,-15.30001425024,
    9.900866546017));
#3709 = CARTESIAN_POINT('',(-1.596661674664,-15.2488742664,
    9.989706935334));
#3710 = CARTESIAN_POINT('',(-1.549845688453,-15.1982031061,
    10.078116833512));
#3711 = CARTESIAN_POINT('',(-1.499781325083,-15.14805047696,
    10.166002508031));
#3712 = CARTESIAN_POINT('',(-1.446123814487,-15.09848564695,
    10.253233149965));
#3713 = CARTESIAN_POINT('',(-1.339376033095,-15.00821020971,
    10.412785899657));
#3714 = CARTESIAN_POINT('',(-1.287467214102,-14.96731693294,
    10.485326281093));
#3715 = CARTESIAN_POINT('',(-1.232265909009,-14.92697877671,
    10.557142639043));
#3716 = CARTESIAN_POINT('',(-1.173337241742,-14.88729438262,
    10.62804970336));
#3717 = CARTESIAN_POINT('',(-1.110166582903,-14.84840833198,
    10.697775651282));
#3718 = CARTESIAN_POINT('',(-1.000710830954,-14.7877737965,
    10.806863604402));
#3719 = CARTESIAN_POINT('',(-0.957724302825,-14.76537178657,
    10.847252069448));
#3720 = CARTESIAN_POINT('',(-0.912679869258,-14.74340135025,
    10.88694426199));
#3721 = CARTESIAN_POINT('',(-0.865343569077,-14.72194263696,
    10.925790124449));
#3722 = CARTESIAN_POINT('',(-0.8154502092,-14.701108289,10.963578691286)
  );
#3723 = CARTESIAN_POINT('',(-0.762613760714,-14.6810636557,11.));
#3724 = ORIENTED_EDGE('',*,*,#2204,.F.);
#3725 = CYLINDRICAL_SURFACE('',#3726,2.150000000001);
#3726 = AXIS2_PLACEMENT_3D('',#3727,#3728,#3729);
#3727 = CARTESIAN_POINT('',(0.,-16.69126768813,16.));
#3728 = DIRECTION('',(0.,0.,1.));
#3729 = DIRECTION('',(-1.,0.,0.));
#3730 = ADVANCED_FACE('',(#3731),#3768,.T.);
#3731 = FACE_BOUND('',#3732,.T.);
#3732 = EDGE_LOOP('',(#3733,#3734,#3735,#3761));
#3733 = ORIENTED_EDGE('',*,*,#3695,.F.);
#3734 = ORIENTED_EDGE('',*,*,#2195,.T.);
#3735 = ORIENTED_EDGE('',*,*,#3736,.T.);
#3736 = EDGE_CURVE('',#2186,#3661,#3737,.T.);
#3737 = B_SPLINE_CURVE_WITH_KNOTS('',8,(#3738,#3739,#3740,#3741,#3742,
    #3743,#3744,#3745,#3746,#3747,#3748,#3749,#3750,#3751,#3752,#3753,
    #3754,#3755,#3756,#3757,#3758,#3759,#3760),.UNSPECIFIED.,.F.,.F.,(9,
    7,7,9),(0.,0.417601128479,0.773153660831,1.),.UNSPECIFIED.);
#3738 = CARTESIAN_POINT('',(2.057798861574,-16.06840025014,
    8.601462015154));
#3739 = CARTESIAN_POINT('',(2.033739867699,-15.98891532736,
    8.732524908268));
#3740 = CARTESIAN_POINT('',(2.006013719228,-15.90997088598,
    8.863453836106));
#3741 = CARTESIAN_POINT('',(1.974540229852,-15.83158573654,
    8.994215107705));
#3742 = CARTESIAN_POINT('',(1.939197397495,-15.75378625757,
    9.124761373593));
#3743 = CARTESIAN_POINT('',(1.899824697338,-15.67660588592,
    9.255031964412));
#3744 = CARTESIAN_POINT('',(1.85621000374,-15.60008571654,9.384951158406
    ));
#3745 = CARTESIAN_POINT('',(1.808060141072,-15.52427621196,
    9.514424377757));
#3746 = CARTESIAN_POINT('',(1.709740518906,-15.38535296301,
    9.753086670182));
#3747 = CARTESIAN_POINT('',(1.660953294554,-15.32205343811,
    9.862384955403));
#3748 = CARTESIAN_POINT('',(1.608317250737,-15.25935739474,9.97119164821
    ));
#3749 = CARTESIAN_POINT('',(1.551509421339,-15.19730865514,
    10.079422670208));
#3750 = CARTESIAN_POINT('',(1.490100835001,-15.13598580703,
    10.186930598091));
#3751 = CARTESIAN_POINT('',(1.423562795129,-15.07550028057,
    10.293506084493));
#3752 = CARTESIAN_POINT('',(1.351184409053,-15.01600439967,
    10.398860728754));
#3753 = CARTESIAN_POINT('',(1.221065335515,-14.92054735205,
    10.568715744756));
#3754 = CARTESIAN_POINT('',(1.167588227703,-14.88392090029,
    10.634096591793));
#3755 = CARTESIAN_POINT('',(1.1109514558,-14.8478588232,10.698672875375)
  );
#3756 = CARTESIAN_POINT('',(1.050738497972,-14.81243551763,
    10.762303199735));
#3757 = CARTESIAN_POINT('',(0.986497233991,-14.77778380505,
    10.824739191526));
#3758 = CARTESIAN_POINT('',(0.917626869795,-14.74411932272,
    10.885577979204));
#3759 = CARTESIAN_POINT('',(0.843437198814,-14.71172575024,
    10.944286652968));
#3760 = CARTESIAN_POINT('',(0.762613760714,-14.6810636557,11.));
#3761 = ORIENTED_EDGE('',*,*,#3762,.F.);
#3762 = EDGE_CURVE('',#3670,#3661,#3763,.T.);
#3763 = CIRCLE('',#3764,14.700857451556);
#3764 = AXIS2_PLACEMENT_3D('',#3765,#3766,#3767);
#3765 = CARTESIAN_POINT('',(0.,0.,11.));
#3766 = DIRECTION('',(0.,0.,1.));
#3767 = DIRECTION('',(-0.126055301011,-0.992023216002,0.));
#3768 = CONICAL_SURFACE('',#3769,14.700857451556,0.558505360638);
#3769 = AXIS2_PLACEMENT_3D('',#3770,#3771,#3772);
#3770 = CARTESIAN_POINT('',(0.,0.,11.));
#3771 = DIRECTION('',(0.,0.,-1.));
#3772 = DIRECTION('',(-0.126055301011,-0.992023216002,0.));
#3773 = ADVANCED_FACE('',(#3774),#3779,.F.);
#3774 = FACE_BOUND('',#3775,.F.);
#3775 = EDGE_LOOP('',(#3776,#3777,#3778));
#3776 = ORIENTED_EDGE('',*,*,#3736,.T.);
#3777 = ORIENTED_EDGE('',*,*,#3660,.F.);
#3778 = ORIENTED_EDGE('',*,*,#2185,.T.);
#3779 = CYLINDRICAL_SURFACE('',#3780,2.150000000001);
#3780 = AXIS2_PLACEMENT_3D('',#3781,#3782,#3783);
#3781 = CARTESIAN_POINT('',(0.,-16.69126768813,16.));
#3782 = DIRECTION('',(0.,0.,1.));
#3783 = DIRECTION('',(-1.,0.,0.));
#3784 = ADVANCED_FACE('',(#3785),#3815,.F.);
#3785 = FACE_BOUND('',#3786,.F.);
#3786 = EDGE_LOOP('',(#3787,#3788,#3789,#3798,#3807,#3814));
#3787 = ORIENTED_EDGE('',*,*,#2844,.F.);
#3788 = ORIENTED_EDGE('',*,*,#2117,.F.);
#3789 = ORIENTED_EDGE('',*,*,#3790,.T.);
#3790 = EDGE_CURVE('',#2118,#3791,#3793,.T.);
#3791 = VERTEX_POINT('',#3792);
#3792 = CARTESIAN_POINT('',(6.322763075272,-13.27169457548,11.));
#3793 = CIRCLE('',#3794,2.150000000001);
#3794 = AXIS2_PLACEMENT_3D('',#3795,#3796,#3797);
#3795 = CARTESIAN_POINT('',(6.387471609419,-15.42072058873,11.));
#3796 = DIRECTION('',(0.,0.,1.));
#3797 = DIRECTION('',(-0.923879532511,-0.382683432365,0.));
#3798 = ORIENTED_EDGE('',*,*,#3799,.T.);
#3799 = EDGE_CURVE('',#3791,#3800,#3802,.T.);
#3800 = VERTEX_POINT('',#3801);
#3801 = CARTESIAN_POINT('',(4.913636585801,-13.85537387852,11.));
#3802 = CIRCLE('',#3803,2.150000000001);
#3803 = AXIS2_PLACEMENT_3D('',#3804,#3805,#3806);
#3804 = CARTESIAN_POINT('',(6.387471609419,-15.42072058873,11.));
#3805 = DIRECTION('',(0.,0.,1.));
#3806 = DIRECTION('',(-0.923879532511,-0.382683432365,0.));
#3807 = ORIENTED_EDGE('',*,*,#3808,.T.);
#3808 = EDGE_CURVE('',#3800,#2147,#3809,.T.);
#3809 = CIRCLE('',#3810,2.150000000001);
#3810 = AXIS2_PLACEMENT_3D('',#3811,#3812,#3813);
#3811 = CARTESIAN_POINT('',(6.387471609419,-15.42072058873,11.));
#3812 = DIRECTION('',(0.,0.,1.));
#3813 = DIRECTION('',(-0.923879532511,-0.382683432365,0.));
#3814 = ORIENTED_EDGE('',*,*,#2156,.F.);
#3815 = CYLINDRICAL_SURFACE('',#3816,2.150000000001);
#3816 = AXIS2_PLACEMENT_3D('',#3817,#3818,#3819);
#3817 = CARTESIAN_POINT('',(6.387471609419,-15.42072058873,16.));
#3818 = DIRECTION('',(0.,0.,1.));
#3819 = DIRECTION('',(-0.923879532511,-0.382683432365,0.));
#3820 = ADVANCED_FACE('',(#3821),#3855,.F.);
#3821 = FACE_BOUND('',#3822,.F.);
#3822 = EDGE_LOOP('',(#3823,#3824,#3854));
#3823 = ORIENTED_EDGE('',*,*,#3808,.F.);
#3824 = ORIENTED_EDGE('',*,*,#3825,.F.);
#3825 = EDGE_CURVE('',#2138,#3800,#3826,.T.);
#3826 = B_SPLINE_CURVE_WITH_KNOTS('',6,(#3827,#3828,#3829,#3830,#3831,
    #3832,#3833,#3834,#3835,#3836,#3837,#3838,#3839,#3840,#3841,#3842,
    #3843,#3844,#3845,#3846,#3847,#3848,#3849,#3850,#3851,#3852,#3853),
  .UNSPECIFIED.,.F.,.F.,(7,5,5,5,5,7),(0.,0.25089625162,0.486046381191,
    0.704094530378,0.88879929093,1.),.UNSPECIFIED.);
#3827 = CARTESIAN_POINT('',(4.247952310106,-15.63275164276,
    8.601462015154));
#3828 = CARTESIAN_POINT('',(4.241393038373,-15.56656469422,
    8.706429325019));
#3829 = CARTESIAN_POINT('',(4.23725411025,-15.49976599065,8.81131132564)
  );
#3830 = CARTESIAN_POINT('',(4.235587581647,-15.43234956058,
    8.916082700238));
#3831 = CARTESIAN_POINT('',(4.236464569085,-15.36430443779,
    9.020712930027));
#3832 = CARTESIAN_POINT('',(4.239984732175,-15.2956112593,9.125165101073
    ));
#3833 = CARTESIAN_POINT('',(4.252191330945,-15.16122024371,
    9.327082923542));
#3834 = CARTESIAN_POINT('',(4.260539234808,-15.09560666843,
    9.424573293341));
#3835 = CARTESIAN_POINT('',(4.271445756216,-15.02937020698,
    9.521830752459));
#3836 = CARTESIAN_POINT('',(4.28505295111,-14.96247925966,9.618808329231
    ));
#3837 = CARTESIAN_POINT('',(4.301551959526,-14.89489075775,
    9.715443330178));
#3838 = CARTESIAN_POINT('',(4.339431264054,-14.76316480627,
    9.900866546017));
#3839 = CARTESIAN_POINT('',(4.360368502404,-14.69913879855,
    9.989706935334));
#3840 = CARTESIAN_POINT('',(4.384229820314,-14.63440904837,
    10.078116833512));
#3841 = CARTESIAN_POINT('',(4.411290680678,-14.56891525839,
    10.166002508031));
#3842 = CARTESIAN_POINT('',(4.441896117208,-14.50258948608,
    10.253233149965));
#3843 = CARTESIAN_POINT('',(4.505971293396,-14.37833524995,
    10.412785899657));
#3844 = CARTESIAN_POINT('',(4.538279609309,-14.32069014351,
    10.485326281093));
#3845 = CARTESIAN_POINT('',(4.573842221168,-14.26229792167,
    10.557142639043));
#3846 = CARTESIAN_POINT('',(4.613098650595,-14.20308329757,
    10.62804970336));
#3847 = CARTESIAN_POINT('',(4.656579682019,-14.14298290672,
    10.697775651282));
#3848 = CARTESIAN_POINT('',(4.734499778804,-14.04507699759,
    10.806863604402));
#3849 = CARTESIAN_POINT('',(4.765641274265,-14.007930007,10.847252069448
    ));
#3850 = CARTESIAN_POINT('',(4.79884918251,-13.97039421212,10.88694426199
    ));
#3851 = CARTESIAN_POINT('',(4.834370327333,-13.93245412828,
    10.925790124449));
#3852 = CARTESIAN_POINT('',(4.872492821546,-13.89411233842,
    10.963578691286));
#3853 = CARTESIAN_POINT('',(4.913636585801,-13.85537387852,11.));
#3854 = ORIENTED_EDGE('',*,*,#2146,.F.);
#3855 = CYLINDRICAL_SURFACE('',#3856,2.150000000001);
#3856 = AXIS2_PLACEMENT_3D('',#3857,#3858,#3859);
#3857 = CARTESIAN_POINT('',(6.387471609419,-15.42072058873,16.));
#3858 = DIRECTION('',(0.,0.,1.));
#3859 = DIRECTION('',(-0.923879532511,-0.382683432365,0.));
#3860 = ADVANCED_FACE('',(#3861),#3898,.T.);
#3861 = FACE_BOUND('',#3862,.T.);
#3862 = EDGE_LOOP('',(#3863,#3864,#3865,#3891));
#3863 = ORIENTED_EDGE('',*,*,#3825,.F.);
#3864 = ORIENTED_EDGE('',*,*,#2137,.T.);
#3865 = ORIENTED_EDGE('',*,*,#3866,.T.);
#3866 = EDGE_CURVE('',#2128,#3791,#3867,.T.);
#3867 = B_SPLINE_CURVE_WITH_KNOTS('',8,(#3868,#3869,#3870,#3871,#3872,
    #3873,#3874,#3875,#3876,#3877,#3878,#3879,#3880,#3881,#3882,#3883,
    #3884,#3885,#3886,#3887,#3888,#3889,#3890),.UNSPECIFIED.,.F.,.F.,(9,
    7,7,9),(0.,0.417601128479,0.773153660831,1.),.UNSPECIFIED.);
#3868 = CARTESIAN_POINT('',(8.050268810573,-14.05778057983,
    8.601462015154));
#3869 = CARTESIAN_POINT('',(7.997623635491,-13.9935530649,8.732524908268
    ));
#3870 = CARTESIAN_POINT('',(7.94179728461,-13.93122824896,8.863453836106
    ));
#3871 = CARTESIAN_POINT('',(7.882722873922,-13.87085419668,
    8.994215107705));
#3872 = CARTESIAN_POINT('',(7.82029778284,-13.81250196682,9.124761373593
    ));
#3873 = CARTESIAN_POINT('',(7.75438650149,-13.75626388118,9.255031964412
    ));
#3874 = CARTESIAN_POINT('',(7.684808777694,-13.70225908351,
    9.384951158406));
#3875 = CARTESIAN_POINT('',(7.611313063663,-13.65064638857,
    9.514424377757));
#3876 = CARTESIAN_POINT('',(7.467313951359,-13.55992333276,
    9.753086670182));
#3877 = CARTESIAN_POINT('',(7.398016753872,-13.52011225975,
    9.862384955403));
#3878 = CARTESIAN_POINT('',(7.325394653249,-13.48233161044,9.97119164821
    ));
#3879 = CARTESIAN_POINT('',(7.249166037737,-13.44674546504,
    10.079422670208));
#3880 = CARTESIAN_POINT('',(7.1689646637,-13.41359058939,10.186930598091
    ));
#3881 = CARTESIAN_POINT('',(7.084344721657,-13.38317225496,
    10.293506084493));
#3882 = CARTESIAN_POINT('',(6.994707724249,-13.35590323754,
    10.398860728754));
#3883 = CARTESIAN_POINT('',(6.837963544792,-13.31750683869,
    10.568715744756));
#3884 = CARTESIAN_POINT('',(6.774540803152,-13.30413321273,
    10.634096591793));
#3885 = CARTESIAN_POINT('',(6.708414889365,-13.29249015208,
    10.698672875375));
#3886 = CARTESIAN_POINT('',(6.639229457874,-13.28280578646,
    10.762303199735));
#3887 = CARTESIAN_POINT('',(6.566617632632,-13.27537584584,
    10.824739191526));
#3888 = CARTESIAN_POINT('',(6.490106873106,-13.270629467,10.885577979204
    ));
#3889 = CARTESIAN_POINT('',(6.409168071061,-13.26909286634,
    10.944286652968));
#3890 = CARTESIAN_POINT('',(6.322763075272,-13.27169457548,11.));
#3891 = ORIENTED_EDGE('',*,*,#3892,.F.);
#3892 = EDGE_CURVE('',#3800,#3791,#3893,.T.);
#3893 = CIRCLE('',#3894,14.700857451556);
#3894 = AXIS2_PLACEMENT_3D('',#3895,#3896,#3897);
#3895 = CARTESIAN_POINT('',(0.,0.,11.));
#3896 = DIRECTION('',(-0.,0.,1.));
#3897 = DIRECTION('',(0.263170936716,-0.964749220299,0.));
#3898 = CONICAL_SURFACE('',#3899,14.700857451556,0.558505360638);
#3899 = AXIS2_PLACEMENT_3D('',#3900,#3901,#3902);
#3900 = CARTESIAN_POINT('',(0.,0.,11.));
#3901 = DIRECTION('',(0.,-0.,-1.));
#3902 = DIRECTION('',(0.263170936716,-0.964749220299,0.));
#3903 = ADVANCED_FACE('',(#3904),#3909,.F.);
#3904 = FACE_BOUND('',#3905,.F.);
#3905 = EDGE_LOOP('',(#3906,#3907,#3908));
#3906 = ORIENTED_EDGE('',*,*,#3866,.T.);
#3907 = ORIENTED_EDGE('',*,*,#3790,.F.);
#3908 = ORIENTED_EDGE('',*,*,#2127,.T.);
#3909 = CYLINDRICAL_SURFACE('',#3910,2.150000000001);
#3910 = AXIS2_PLACEMENT_3D('',#3911,#3912,#3913);
#3911 = CARTESIAN_POINT('',(6.387471609419,-15.42072058873,16.));
#3912 = DIRECTION('',(0.,0.,1.));
#3913 = DIRECTION('',(-0.923879532511,-0.382683432365,0.));
#3914 = ADVANCED_FACE('',(#3915),#3945,.F.);
#3915 = FACE_BOUND('',#3916,.F.);
#3916 = EDGE_LOOP('',(#3917,#3918,#3919,#3928,#3937,#3944));
#3917 = ORIENTED_EDGE('',*,*,#2852,.F.);
#3918 = ORIENTED_EDGE('',*,*,#2059,.F.);
#3919 = ORIENTED_EDGE('',*,*,#3920,.T.);
#3920 = EDGE_CURVE('',#2060,#3921,#3923,.T.);
#3921 = VERTEX_POINT('',#3922);
#3922 = CARTESIAN_POINT('',(10.92032902761,-9.841830304355,11.));
#3923 = CIRCLE('',#3924,2.150000000001);
#3924 = AXIS2_PLACEMENT_3D('',#3925,#3926,#3927);
#3925 = CARTESIAN_POINT('',(11.802508568878,-11.80250856887,11.));
#3926 = DIRECTION('',(0.,0.,1.));
#3927 = DIRECTION('',(-0.707106781187,-0.707106781187,0.));
#3928 = ORIENTED_EDGE('',*,*,#3929,.T.);
#3929 = EDGE_CURVE('',#3921,#3930,#3932,.T.);
#3930 = VERTEX_POINT('',#3931);
#3931 = CARTESIAN_POINT('',(9.841830304355,-10.92032902761,11.));
#3932 = CIRCLE('',#3933,2.150000000001);
#3933 = AXIS2_PLACEMENT_3D('',#3934,#3935,#3936);
#3934 = CARTESIAN_POINT('',(11.802508568878,-11.80250856887,11.));
#3935 = DIRECTION('',(0.,0.,1.));
#3936 = DIRECTION('',(-0.707106781187,-0.707106781187,0.));
#3937 = ORIENTED_EDGE('',*,*,#3938,.T.);
#3938 = EDGE_CURVE('',#3930,#2089,#3939,.T.);
#3939 = CIRCLE('',#3940,2.150000000001);
#3940 = AXIS2_PLACEMENT_3D('',#3941,#3942,#3943);
#3941 = CARTESIAN_POINT('',(11.802508568878,-11.80250856887,11.));
#3942 = DIRECTION('',(0.,0.,1.));
#3943 = DIRECTION('',(-0.707106781187,-0.707106781187,0.));
#3944 = ORIENTED_EDGE('',*,*,#2098,.F.);
#3945 = CYLINDRICAL_SURFACE('',#3946,2.150000000001);
#3946 = AXIS2_PLACEMENT_3D('',#3947,#3948,#3949);
#3947 = CARTESIAN_POINT('',(11.802508568878,-11.80250856887,16.));
#3948 = DIRECTION('',(0.,0.,1.));
#3949 = DIRECTION('',(-0.707106781187,-0.707106781187,0.));
#3950 = ADVANCED_FACE('',(#3951),#3985,.F.);
#3951 = FACE_BOUND('',#3952,.F.);
#3952 = EDGE_LOOP('',(#3953,#3954,#3984));
#3953 = ORIENTED_EDGE('',*,*,#3938,.F.);
#3954 = ORIENTED_EDGE('',*,*,#3955,.F.);
#3955 = EDGE_CURVE('',#2080,#3930,#3956,.T.);
#3956 = B_SPLINE_CURVE_WITH_KNOTS('',6,(#3957,#3958,#3959,#3960,#3961,
    #3962,#3963,#3964,#3965,#3966,#3967,#3968,#3969,#3970,#3971,#3972,
    #3973,#3974,#3975,#3976,#3977,#3978,#3979,#3980,#3981,#3982,#3983),
  .UNSPECIFIED.,.F.,.F.,(7,5,5,5,5,7),(0.,0.25089625162,0.486046381191,
    0.704094530378,0.88879929093,1.),.UNSPECIFIED.);
#3957 = CARTESIAN_POINT('',(9.906991250357,-12.81715830903,
    8.601462015154));
#3958 = CARTESIAN_POINT('',(9.875602624809,-12.75851966657,
    8.706429325019));
#3959 = CARTESIAN_POINT('',(9.846215996671,-12.69838961077,8.81131132564
    ));
#3960 = CARTESIAN_POINT('',(9.818877174145,-12.63674270375,
    8.916082700238));
#3961 = CARTESIAN_POINT('',(9.793647663745,-12.57354159896,
    9.020712930027));
#3962 = CARTESIAN_POINT('',(9.770612129049,-12.50873026923,
    9.125165101073));
#3963 = CARTESIAN_POINT('',(9.730460340688,-12.37989789746,
    9.327082923542));
#3964 = CARTESIAN_POINT('',(9.71306357001,-12.3160842537,9.424573293341)
  );
#3965 = CARTESIAN_POINT('',(9.697792285494,-12.25071599761,
    9.521830752459));
#3966 = CARTESIAN_POINT('',(9.684765637039,-12.18370957243,
    9.618808329231));
#3967 = CARTESIAN_POINT('',(9.67414373332,-12.11495204171,9.715443330178
    ));
#3968 = CARTESIAN_POINT('',(9.658730308235,-11.97875734896,
    9.900866546017));
#3969 = CARTESIAN_POINT('',(9.653572101819,-11.91159269664,
    9.989706935334));
#3970 = CARTESIAN_POINT('',(9.65084608208,-11.84265887427,
    10.078116833512));
#3971 = CARTESIAN_POINT('',(9.650783668756,-11.77179475928,
    10.166002508031));
#3972 = CARTESIAN_POINT('',(9.653677630947,-11.69880554226,
    10.253233149965));
#3973 = CARTESIAN_POINT('',(9.6653253372,-11.55948908832,10.412785899657
    ));
#3974 = CARTESIAN_POINT('',(9.673114501809,-11.4938680971,
    10.485326281093));
#3975 = CARTESIAN_POINT('',(9.683624335154,-11.42631149612,
    10.557142639043));
#3976 = CARTESIAN_POINT('',(9.697232091223,-11.35658153173,
    10.62804970336));
#3977 = CARTESIAN_POINT('',(9.714403902353,-11.28441654038,
    10.697775651282));
#3978 = CARTESIAN_POINT('',(9.748925715587,-11.16414454473,
    10.806863604402));
#3979 = CARTESIAN_POINT('',(9.763481167994,-11.11790786606,
    10.847252069448));
#3980 = CARTESIAN_POINT('',(9.779796947918,-11.07052119712,
    10.88694426199));
#3981 = CARTESIAN_POINT('',(9.798095165084,-11.02187577658,
    10.925790124449));
#3982 = CARTESIAN_POINT('',(9.818642989468,-10.97186373475,
    10.963578691286));
#3983 = CARTESIAN_POINT('',(9.841830304355,-10.92032902761,11.));
#3984 = ORIENTED_EDGE('',*,*,#2088,.F.);
#3985 = CYLINDRICAL_SURFACE('',#3986,2.150000000001);
#3986 = AXIS2_PLACEMENT_3D('',#3987,#3988,#3989);
#3987 = CARTESIAN_POINT('',(11.802508568878,-11.80250856887,16.));
#3988 = DIRECTION('',(0.,0.,1.));
#3989 = DIRECTION('',(-0.707106781187,-0.707106781187,0.));
#3990 = ADVANCED_FACE('',(#3991),#4028,.T.);
#3991 = FACE_BOUND('',#3992,.T.);
#3992 = EDGE_LOOP('',(#3993,#3994,#3995,#4021));
#3993 = ORIENTED_EDGE('',*,*,#3955,.F.);
#3994 = ORIENTED_EDGE('',*,*,#2079,.T.);
#3995 = ORIENTED_EDGE('',*,*,#3996,.T.);
#3996 = EDGE_CURVE('',#2070,#3921,#3997,.T.);
#3997 = B_SPLINE_CURVE_WITH_KNOTS('',8,(#3998,#3999,#4000,#4001,#4002,
    #4003,#4004,#4005,#4006,#4007,#4008,#4009,#4010,#4011,#4012,#4013,
    #4014,#4015,#4016,#4017,#4018,#4019,#4020),.UNSPECIFIED.,.F.,.F.,(9,
    7,7,9),(0.,0.417601128479,0.773153660831,1.),.UNSPECIFIED.);
#3998 = CARTESIAN_POINT('',(12.81715830903,-9.906991250357,
    8.601462015154));
#3999 = CARTESIAN_POINT('',(12.743941703419,-9.86779920018,
    8.732524908268));
#4000 = CARTESIAN_POINT('',(12.668514205981,-9.831582397943,
    8.863453836106));
#4001 = CARTESIAN_POINT('',(12.590832417498,-9.798410844991,
    8.994215107705));
#4002 = CARTESIAN_POINT('',(12.510828721924,-9.768389462268,
    9.124761373593));
#4003 = CARTESIAN_POINT('',(12.428413254478,-9.741655401371,
    9.255031964412));
#4004 = CARTESIAN_POINT('',(12.34346507821,-9.718387716308,
    9.384951158406));
#4005 = CARTESIAN_POINT('',(12.255812569036,-9.698829395946,
    9.514424377757));
#4006 = CARTESIAN_POINT('',(12.088056526087,-9.670118296111,
    9.753086670182));
#4007 = CARTESIAN_POINT('',(12.008799225603,-9.659856549977,
    9.862384955403));
#4008 = CARTESIAN_POINT('',(11.927247124672,-9.652743056081,
    9.97119164821));
#4009 = CARTESIAN_POINT('',(11.843202838744,-9.649037172937,
    10.079422670208));
#4010 = CARTESIAN_POINT('',(11.756418609177,-9.649097799015,
    10.186930598091));
#4011 = CARTESIAN_POINT('',(11.666599384056,-9.653377572294,
    10.293506084493));
#4012 = CARTESIAN_POINT('',(11.573350195611,-9.662486879061,
    10.398860728754));
#4013 = CARTESIAN_POINT('',(11.413843790668,-9.686996632638,
    10.568715744756));
#4014 = CARTESIAN_POINT('',(11.350130952686,-9.698911845801,
    10.634096591793));
#4015 = CARTESIAN_POINT('',(11.284582967957,-9.713460352026,
    10.698672875375));
#4016 = CARTESIAN_POINT('',(11.216957917579,-9.730989283239,
    10.762303199735));
#4017 = CARTESIAN_POINT('',(11.147030023242,-9.751912255688,
    10.824739191526));
#4018 = CARTESIAN_POINT('',(11.074526937952,-9.776806573491,
    10.885577979204));
#4019 = CARTESIAN_POINT('',(10.999161203742,-9.806360878169,
    10.944286652968));
#4020 = CARTESIAN_POINT('',(10.92032902761,-9.841830304355,11.));
#4021 = ORIENTED_EDGE('',*,*,#4022,.F.);
#4022 = EDGE_CURVE('',#3930,#3921,#4023,.T.);
#4023 = CIRCLE('',#4024,14.700857451556);
#4024 = AXIS2_PLACEMENT_3D('',#4025,#4026,#4027);
#4025 = CARTESIAN_POINT('',(0.,0.,11.));
#4026 = DIRECTION('',(-0.,0.,1.));
#4027 = DIRECTION('',(0.61233178498,-0.790600901279,0.));
#4028 = CONICAL_SURFACE('',#4029,14.700857451556,0.558505360638);
#4029 = AXIS2_PLACEMENT_3D('',#4030,#4031,#4032);
#4030 = CARTESIAN_POINT('',(0.,0.,11.));
#4031 = DIRECTION('',(0.,0.,-1.));
#4032 = DIRECTION('',(0.61233178498,-0.790600901279,0.));
#4033 = ADVANCED_FACE('',(#4034),#4039,.F.);
#4034 = FACE_BOUND('',#4035,.F.);
#4035 = EDGE_LOOP('',(#4036,#4037,#4038));
#4036 = ORIENTED_EDGE('',*,*,#3996,.T.);
#4037 = ORIENTED_EDGE('',*,*,#3920,.F.);
#4038 = ORIENTED_EDGE('',*,*,#2069,.T.);
#4039 = CYLINDRICAL_SURFACE('',#4040,2.150000000001);
#4040 = AXIS2_PLACEMENT_3D('',#4041,#4042,#4043);
#4041 = CARTESIAN_POINT('',(11.802508568878,-11.80250856887,16.));
#4042 = DIRECTION('',(0.,0.,1.));
#4043 = DIRECTION('',(-0.707106781187,-0.707106781187,0.));
#4044 = ADVANCED_FACE('',(#4045),#4119,.F.);
#4045 = FACE_BOUND('',#4046,.F.);
#4046 = EDGE_LOOP('',(#4047,#4048,#4049,#4050,#4051,#4052,#4080,#4089));
#4047 = ORIENTED_EDGE('',*,*,#2030,.F.);
#4048 = ORIENTED_EDGE('',*,*,#2040,.F.);
#4049 = ORIENTED_EDGE('',*,*,#2860,.F.);
#4050 = ORIENTED_EDGE('',*,*,#2001,.F.);
#4051 = ORIENTED_EDGE('',*,*,#2011,.T.);
#4052 = ORIENTED_EDGE('',*,*,#4053,.T.);
#4053 = EDGE_CURVE('',#2012,#4054,#4056,.T.);
#4054 = VERTEX_POINT('',#4055);
#4055 = CARTESIAN_POINT('',(13.855373878523,-4.913636585801,11.));
#4056 = B_SPLINE_CURVE_WITH_KNOTS('',8,(#4057,#4058,#4059,#4060,#4061,
    #4062,#4063,#4064,#4065,#4066,#4067,#4068,#4069,#4070,#4071,#4072,
    #4073,#4074,#4075,#4076,#4077,#4078,#4079),.UNSPECIFIED.,.F.,.F.,(9,
    7,7,9),(0.,0.417601128479,0.773153660831,1.),.UNSPECIFIED.);
#4057 = CARTESIAN_POINT('',(15.632751642767,-4.247952310106,
    8.601462015154));
#4058 = CARTESIAN_POINT('',(15.55011017112,-4.239762359052,
    8.732524908268));
#4059 = CARTESIAN_POINT('',(15.46656467986,-4.235167250347,
    8.863453836106));
#4060 = CARTESIAN_POINT('',(15.382101861691,-4.234248264962,
    8.994215107705));
#4061 = CARTESIAN_POINT('',(15.29669939904,-4.23712821275,9.124761373593
    ));
#4062 = CARTESIAN_POINT('',(15.210326753319,-4.243968195029,
    9.255031964412));
#4063 = CARTESIAN_POINT('',(15.122940714357,-4.254979916698,
    9.384951158406));
#4064 = CARTESIAN_POINT('',(15.034475709991,-4.270453547891,
    9.514424377757));
#4065 = CARTESIAN_POINT('',(14.868502073224,-4.308125408714,
    9.753086670182));
#4066 = CARTESIAN_POINT('',(14.791350875272,-4.328975247282,
    9.862384955403));
#4067 = CARTESIAN_POINT('',(14.713284342128,-4.353611873767,
    9.97119164821));
#4068 = CARTESIAN_POINT('',(14.634219366453,-4.382350439991,
    10.079422670208));
#4069 = CARTESIAN_POINT('',(14.554064393607,-4.415617338029,
    10.186930598091));
#4070 = CARTESIAN_POINT('',(14.47272004822,-4.453943662327,
    10.293506084493));
#4071 = CARTESIAN_POINT('',(14.390055012372,-4.498044483904,
    10.398860728754));
#4072 = CARTESIAN_POINT('',(14.252069786166,-4.581729002108,
    10.568715744756));
#4073 = CARTESIAN_POINT('',(14.197766553868,-4.6171190712,
    10.634096591793));
#4074 = CARTESIAN_POINT('',(14.142775584676,-4.65564426611,
    10.698672875375));
#4075 = CARTESIAN_POINT('',(14.08700621631,-4.697717873277,
    10.762303199735));
#4076 = CARTESIAN_POINT('',(14.030408140891,-4.743808425905,
    10.824739191526));
#4077 = CARTESIAN_POINT('',(13.972950667332,-4.794553506134,
    10.885577979204));
#4078 = CARTESIAN_POINT('',(13.914631750798,-4.850699341175,
    10.944286652968));
#4079 = CARTESIAN_POINT('',(13.855373878523,-4.913636585801,11.));
#4080 = ORIENTED_EDGE('',*,*,#4081,.T.);
#4081 = EDGE_CURVE('',#4054,#4082,#4084,.T.);
#4082 = VERTEX_POINT('',#4083);
#4083 = CARTESIAN_POINT('',(13.271694575485,-6.322763075272,11.));
#4084 = CIRCLE('',#4085,2.150000000001);
#4085 = AXIS2_PLACEMENT_3D('',#4086,#4087,#4088);
#4086 = CARTESIAN_POINT('',(15.420720588732,-6.387471609419,11.));
#4087 = DIRECTION('',(0.,0.,1.));
#4088 = DIRECTION('',(-0.382683432365,-0.923879532511,0.));
#4089 = ORIENTED_EDGE('',*,*,#4090,.F.);
#4090 = EDGE_CURVE('',#2022,#4082,#4091,.T.);
#4091 = B_SPLINE_CURVE_WITH_KNOTS('',6,(#4092,#4093,#4094,#4095,#4096,
    #4097,#4098,#4099,#4100,#4101,#4102,#4103,#4104,#4105,#4106,#4107,
    #4108,#4109,#4110,#4111,#4112,#4113,#4114,#4115,#4116,#4117,#4118),
  .UNSPECIFIED.,.F.,.F.,(7,5,5,5,5,7),(0.,0.25089625162,0.486046381191,
    0.704094530378,0.88879929093,1.),.UNSPECIFIED.);
#4092 = CARTESIAN_POINT('',(14.057780579839,-8.050268810573,
    8.601462015154));
#4093 = CARTESIAN_POINT('',(14.006341234178,-8.008105675956,
    8.706429325019));
#4094 = CARTESIAN_POINT('',(13.956180753768,-7.963798523831,
    8.81131132564));
#4095 = CARTESIAN_POINT('',(13.907331725222,-7.917306322637,
    8.916082700238));
#4096 = CARTESIAN_POINT('',(13.859836681237,-7.868571031125,
    9.020712930027));
#4097 = CARTESIAN_POINT('',(13.813752400095,-7.817508487598,
    9.125165101073));
#4098 = CARTESIAN_POINT('',(13.727354970404,-7.713848320376,
    9.327082923542));
#4099 = CARTESIAN_POINT('',(13.686862025819,-7.661549656931,
    9.424573293341));
#4100 = CARTESIAN_POINT('',(13.647737850011,-7.60700133063,
    9.521830752459));
#4101 = CARTESIAN_POINT('',(13.610060547348,-7.550080548401,
    9.618808329231));
#4102 = CARTESIAN_POINT('',(13.573934820048,-7.490621699634,
    9.715443330178));
#4103 = CARTESIAN_POINT('',(13.507575219596,-7.370692672985,
    9.900866546017));
#4104 = CARTESIAN_POINT('',(13.477106858581,-7.310614585537,
    9.989706935334));
#4105 = CARTESIAN_POINT('',(13.448208512987,-7.247971240539,
    10.078116833512));
#4106 = CARTESIAN_POINT('',(13.421032327837,-7.182525219652,
    10.166002508031));
#4107 = CARTESIAN_POINT('',(13.39577423618,-7.113984504571,
    10.253233149965));
#4108 = CARTESIAN_POINT('',(13.353221214806,-6.980815500021,
    10.412785899657));
#4109 = CARTESIAN_POINT('',(13.33530539841,-6.917208825085,
    10.485326281093));
#4110 = CARTESIAN_POINT('',(13.319162426387,-6.850772725057,
    10.557142639043));
#4111 = CARTESIAN_POINT('',(13.305049851589,-6.781143175352,
    10.62804970336));
#4112 = CARTESIAN_POINT('',(13.293298189844,-6.707900049262,
    10.697775651282));
#4113 = CARTESIAN_POINT('',(13.279166086403,-6.583572288166,
    10.806863604402));
#4114 = CARTESIAN_POINT('',(13.274919560073,-6.535285036602,
    10.847252069448));
#4115 = CARTESIAN_POINT('',(13.271859282084,-6.485261684395,
    10.88694426199));
#4116 = CARTESIAN_POINT('',(13.270148833904,-6.433316751455,
    10.925790124449));
#4117 = CARTESIAN_POINT('',(13.269993768464,-6.379248337669,
    10.963578691286));
#4118 = CARTESIAN_POINT('',(13.271694575485,-6.322763075272,11.));
#4119 = CYLINDRICAL_SURFACE('',#4120,2.150000000001);
#4120 = AXIS2_PLACEMENT_3D('',#4121,#4122,#4123);
#4121 = CARTESIAN_POINT('',(15.420720588732,-6.387471609419,16.));
#4122 = DIRECTION('',(5.E-17,2.6E-16,1.));
#4123 = DIRECTION('',(-0.382683432365,-0.923879532511,2.593428500712E-16
    ));
#4124 = ADVANCED_FACE('',(#4125),#4137,.T.);
#4125 = FACE_BOUND('',#4126,.T.);
#4126 = EDGE_LOOP('',(#4127,#4128,#4129,#4130));
#4127 = ORIENTED_EDGE('',*,*,#4090,.F.);
#4128 = ORIENTED_EDGE('',*,*,#2021,.T.);
#4129 = ORIENTED_EDGE('',*,*,#4053,.T.);
#4130 = ORIENTED_EDGE('',*,*,#4131,.F.);
#4131 = EDGE_CURVE('',#4082,#4054,#4132,.T.);
#4132 = CIRCLE('',#4133,14.700857451556);
#4133 = AXIS2_PLACEMENT_3D('',#4134,#4135,#4136);
#4134 = CARTESIAN_POINT('',(0.,0.,11.));
#4135 = DIRECTION('',(-0.,0.,1.));
#4136 = DIRECTION('',(0.868270669781,-0.496090761855,0.));
#4137 = CONICAL_SURFACE('',#4138,14.700857451556,0.558505360638);
#4138 = AXIS2_PLACEMENT_3D('',#4139,#4140,#4141);
#4139 = CARTESIAN_POINT('',(0.,0.,11.));
#4140 = DIRECTION('',(0.,0.,-1.));
#4141 = DIRECTION('',(0.868270669781,-0.496090761855,0.));
#4142 = ADVANCED_FACE('',(#4143),#4217,.F.);
#4143 = FACE_BOUND('',#4144,.F.);
#4144 = EDGE_LOOP('',(#4145,#4146,#4147,#4148,#4149,#4150,#4178,#4187));
#4145 = ORIENTED_EDGE('',*,*,#1972,.F.);
#4146 = ORIENTED_EDGE('',*,*,#1982,.F.);
#4147 = ORIENTED_EDGE('',*,*,#2868,.F.);
#4148 = ORIENTED_EDGE('',*,*,#1927,.F.);
#4149 = ORIENTED_EDGE('',*,*,#1937,.T.);
#4150 = ORIENTED_EDGE('',*,*,#4151,.T.);
#4151 = EDGE_CURVE('',#1938,#4152,#4154,.T.);
#4152 = VERTEX_POINT('',#4153);
#4153 = CARTESIAN_POINT('',(14.681063655708,0.762613760714,11.));
#4154 = B_SPLINE_CURVE_WITH_KNOTS('',8,(#4155,#4156,#4157,#4158,#4159,
    #4160,#4161,#4162,#4163,#4164,#4165,#4166,#4167,#4168,#4169,#4170,
    #4171,#4172,#4173,#4174,#4175,#4176,#4177),.UNSPECIFIED.,.F.,.F.,(9,
    7,7,9),(0.,0.417601128479,0.773153660831,1.),.UNSPECIFIED.);
#4155 = CARTESIAN_POINT('',(16.06840025014,2.057798861574,8.601462015154
    ));
#4156 = CARTESIAN_POINT('',(15.988915327368,2.033739867699,
    8.732524908268));
#4157 = CARTESIAN_POINT('',(15.909970885987,2.006013719228,
    8.863453836106));
#4158 = CARTESIAN_POINT('',(15.831585736541,1.974540229852,
    8.994215107705));
#4159 = CARTESIAN_POINT('',(15.753786257577,1.939197397495,
    9.124761373593));
#4160 = CARTESIAN_POINT('',(15.676605885923,1.899824697338,
    9.255031964412));
#4161 = CARTESIAN_POINT('',(15.600085716543,1.85621000374,9.384951158406
    ));
#4162 = CARTESIAN_POINT('',(15.524276211961,1.808060141072,
    9.514424377757));
#4163 = CARTESIAN_POINT('',(15.385352963019,1.709740518906,
    9.753086670182));
#4164 = CARTESIAN_POINT('',(15.32205343811,1.660953294554,9.862384955403
    ));
#4165 = CARTESIAN_POINT('',(15.259357394749,1.608317250737,9.97119164821
    ));
#4166 = CARTESIAN_POINT('',(15.197308655148,1.551509421339,
    10.079422670208));
#4167 = CARTESIAN_POINT('',(15.135985807032,1.490100835001,
    10.186930598091));
#4168 = CARTESIAN_POINT('',(15.075500280577,1.423562795129,
    10.293506084493));
#4169 = CARTESIAN_POINT('',(15.016004399673,1.351184409053,
    10.398860728754));
#4170 = CARTESIAN_POINT('',(14.920547352055,1.221065335515,
    10.568715744756));
#4171 = CARTESIAN_POINT('',(14.883920900297,1.167588227703,
    10.634096591793));
#4172 = CARTESIAN_POINT('',(14.847858823209,1.1109514558,10.698672875375
    ));
#4173 = CARTESIAN_POINT('',(14.812435517636,1.050738497972,
    10.762303199735));
#4174 = CARTESIAN_POINT('',(14.777783805057,0.986497233991,
    10.824739191526));
#4175 = CARTESIAN_POINT('',(14.744119322724,0.917626869795,
    10.885577979204));
#4176 = CARTESIAN_POINT('',(14.711725750246,0.843437198814,
    10.944286652968));
#4177 = CARTESIAN_POINT('',(14.681063655708,0.762613760714,11.));
#4178 = ORIENTED_EDGE('',*,*,#4179,.T.);
#4179 = EDGE_CURVE('',#4152,#4180,#4182,.T.);
#4180 = VERTEX_POINT('',#4181);
#4181 = CARTESIAN_POINT('',(14.681063655708,-0.762613760714,11.));
#4182 = CIRCLE('',#4183,2.150000000001);
#4183 = AXIS2_PLACEMENT_3D('',#4184,#4185,#4186);
#4184 = CARTESIAN_POINT('',(16.691267688132,0.,11.));
#4185 = DIRECTION('',(-0.,0.,1.));
#4186 = DIRECTION('',(0.,-1.,0.));
#4187 = ORIENTED_EDGE('',*,*,#4188,.F.);
#4188 = EDGE_CURVE('',#1964,#4180,#4189,.T.);
#4189 = B_SPLINE_CURVE_WITH_KNOTS('',6,(#4190,#4191,#4192,#4193,#4194,
    #4195,#4196,#4197,#4198,#4199,#4200,#4201,#4202,#4203,#4204,#4205,
    #4206,#4207,#4208,#4209,#4210,#4211,#4212,#4213,#4214,#4215,#4216),
  .UNSPECIFIED.,.F.,.F.,(7,5,5,5,5,7),(0.,0.25089625162,0.486046381191,
    0.704094530378,0.88879929093,1.),.UNSPECIFIED.);
#4190 = CARTESIAN_POINT('',(16.06840025014,-2.057798861574,
    8.601462015154));
#4191 = CARTESIAN_POINT('',(16.004741358443,-2.038530189831,
    8.706429325019));
#4192 = CARTESIAN_POINT('',(15.941443504198,-2.016791303651,
    8.81131132564));
#4193 = CARTESIAN_POINT('',(15.87852109141,-1.992531824459,
    8.916082700238));
#4194 = CARTESIAN_POINT('',(15.815991203744,-1.965681852572,
    9.020712930027));
#4195 = CARTESIAN_POINT('',(15.753874090203,-1.936141904615,
    9.125165101073));
#4196 = CARTESIAN_POINT('',(15.634384244659,-1.873435262724,
    9.327082923542));
#4197 = CARTESIAN_POINT('',(15.57695980991,-1.84061357701,9.424573293341
    ));
#4198 = CARTESIAN_POINT('',(15.519939043916,-1.805189668693,
    9.521830752459));
#4199 = CARTESIAN_POINT('',(15.463347114829,-1.767020202523,
    9.618808329231));
#4200 = CARTESIAN_POINT('',(15.407217378449,-1.725912106441,
    9.715443330178));
#4201 = CARTESIAN_POINT('',(15.300014250247,-1.640506853037,
    9.900866546017));
#4202 = CARTESIAN_POINT('',(15.248874266402,-1.596661674664,
    9.989706935334));
#4203 = CARTESIAN_POINT('',(15.198203106106,-1.549845688453,
    10.078116833512));
#4204 = CARTESIAN_POINT('',(15.148050476966,-1.499781325083,
    10.166002508031));
#4205 = CARTESIAN_POINT('',(15.09848564695,-1.446123814487,
    10.253233149965));
#4206 = CARTESIAN_POINT('',(15.008210209711,-1.339376033095,
    10.412785899657));
#4207 = CARTESIAN_POINT('',(14.967316932948,-1.287467214102,
    10.485326281093));
#4208 = CARTESIAN_POINT('',(14.92697877671,-1.232265909009,
    10.557142639043));
#4209 = CARTESIAN_POINT('',(14.887294382628,-1.173337241742,
    10.62804970336));
#4210 = CARTESIAN_POINT('',(14.84840833198,-1.110166582903,
    10.697775651282));
#4211 = CARTESIAN_POINT('',(14.787773796504,-1.000710830954,
    10.806863604402));
#4212 = CARTESIAN_POINT('',(14.765371786576,-0.957724302825,
    10.847252069448));
#4213 = CARTESIAN_POINT('',(14.743401350258,-0.912679869258,
    10.88694426199));
#4214 = CARTESIAN_POINT('',(14.721942636962,-0.865343569077,
    10.925790124449));
#4215 = CARTESIAN_POINT('',(14.701108289005,-0.8154502092,
    10.963578691286));
#4216 = CARTESIAN_POINT('',(14.681063655708,-0.762613760714,11.));
#4217 = CYLINDRICAL_SURFACE('',#4218,2.150000000001);
#4218 = AXIS2_PLACEMENT_3D('',#4219,#4220,#4221);
#4219 = CARTESIAN_POINT('',(16.691267688132,-1.5E-16,16.));
#4220 = DIRECTION('',(0.,2.2E-16,1.));
#4221 = DIRECTION('',(-2.2E-16,-1.,2.2E-16));
#4222 = ADVANCED_FACE('',(#4223),#4236,.T.);
#4223 = FACE_BOUND('',#4224,.T.);
#4224 = EDGE_LOOP('',(#4225,#4226,#4227,#4228,#4229));
#4225 = ORIENTED_EDGE('',*,*,#4188,.F.);
#4226 = ORIENTED_EDGE('',*,*,#1963,.T.);
#4227 = ORIENTED_EDGE('',*,*,#1947,.T.);
#4228 = ORIENTED_EDGE('',*,*,#4151,.T.);
#4229 = ORIENTED_EDGE('',*,*,#4230,.F.);
#4230 = EDGE_CURVE('',#4180,#4152,#4231,.T.);
#4231 = CIRCLE('',#4232,14.700857451556);
#4232 = AXIS2_PLACEMENT_3D('',#4233,#4234,#4235);
#4233 = CARTESIAN_POINT('',(0.,0.,11.));
#4234 = DIRECTION('',(-0.,0.,1.));
#4235 = DIRECTION('',(0.992023216002,-0.126055301011,0.));
#4236 = CONICAL_SURFACE('',#4237,14.700857451556,0.558505360638);
#4237 = AXIS2_PLACEMENT_3D('',#4238,#4239,#4240);
#4238 = CARTESIAN_POINT('',(0.,0.,11.));
#4239 = DIRECTION('',(-0.,0.,-1.));
#4240 = DIRECTION('',(0.992023216002,-0.126055301011,0.));
#4241 = ADVANCED_FACE('',(#4242),#4316,.F.);
#4242 = FACE_BOUND('',#4243,.F.);
#4243 = EDGE_LOOP('',(#4244,#4245,#4246,#4247,#4248,#4249,#4277,#4286));
#4244 = ORIENTED_EDGE('',*,*,#1898,.F.);
#4245 = ORIENTED_EDGE('',*,*,#1908,.F.);
#4246 = ORIENTED_EDGE('',*,*,#2876,.F.);
#4247 = ORIENTED_EDGE('',*,*,#1869,.F.);
#4248 = ORIENTED_EDGE('',*,*,#1879,.T.);
#4249 = ORIENTED_EDGE('',*,*,#4250,.T.);
#4250 = EDGE_CURVE('',#1880,#4251,#4253,.T.);
#4251 = VERTEX_POINT('',#4252);
#4252 = CARTESIAN_POINT('',(13.271694575485,6.322763075272,11.));
#4253 = B_SPLINE_CURVE_WITH_KNOTS('',8,(#4254,#4255,#4256,#4257,#4258,
    #4259,#4260,#4261,#4262,#4263,#4264,#4265,#4266,#4267,#4268,#4269,
    #4270,#4271,#4272,#4273,#4274,#4275,#4276),.UNSPECIFIED.,.F.,.F.,(9,
    7,7,9),(0.,0.417601128479,0.773153660831,1.),.UNSPECIFIED.);
#4254 = CARTESIAN_POINT('',(14.057780579839,8.050268810573,
    8.601462015154));
#4255 = CARTESIAN_POINT('',(13.993553064902,7.997623635491,
    8.732524908268));
#4256 = CARTESIAN_POINT('',(13.931228248969,7.94179728461,8.863453836106
    ));
#4257 = CARTESIAN_POINT('',(13.870854196686,7.882722873922,
    8.994215107705));
#4258 = CARTESIAN_POINT('',(13.812501966826,7.82029778284,9.124761373593
    ));
#4259 = CARTESIAN_POINT('',(13.75626388118,7.75438650149,9.255031964412)
  );
#4260 = CARTESIAN_POINT('',(13.702259083514,7.684808777694,
    9.384951158406));
#4261 = CARTESIAN_POINT('',(13.650646388575,7.611313063663,
    9.514424377757));
#4262 = CARTESIAN_POINT('',(13.559923332767,7.467313951359,
    9.753086670182));
#4263 = CARTESIAN_POINT('',(13.520112259756,7.398016753872,
    9.862384955403));
#4264 = CARTESIAN_POINT('',(13.48233161044,7.325394653249,9.97119164821)
  );
#4265 = CARTESIAN_POINT('',(13.446745465044,7.249166037737,
    10.079422670208));
#4266 = CARTESIAN_POINT('',(13.41359058939,7.1689646637,10.186930598091)
  );
#4267 = CARTESIAN_POINT('',(13.383172254965,7.084344721657,
    10.293506084493));
#4268 = CARTESIAN_POINT('',(13.355903237543,6.994707724249,
    10.398860728754));
#4269 = CARTESIAN_POINT('',(13.317506838692,6.837963544792,
    10.568715744756));
#4270 = CARTESIAN_POINT('',(13.304133212734,6.774540803152,
    10.634096591793));
#4271 = CARTESIAN_POINT('',(13.292490152083,6.708414889365,
    10.698672875375));
#4272 = CARTESIAN_POINT('',(13.282805786465,6.639229457874,
    10.762303199735));
#4273 = CARTESIAN_POINT('',(13.275375845847,6.566617632632,
    10.824739191526));
#4274 = CARTESIAN_POINT('',(13.270629467005,6.490106873106,
    10.885577979204));
#4275 = CARTESIAN_POINT('',(13.269092866345,6.409168071061,
    10.944286652968));
#4276 = CARTESIAN_POINT('',(13.271694575485,6.322763075272,11.));
#4277 = ORIENTED_EDGE('',*,*,#4278,.T.);
#4278 = EDGE_CURVE('',#4251,#4279,#4281,.T.);
#4279 = VERTEX_POINT('',#4280);
#4280 = CARTESIAN_POINT('',(13.855373878523,4.913636585801,11.));
#4281 = CIRCLE('',#4282,2.150000000001);
#4282 = AXIS2_PLACEMENT_3D('',#4283,#4284,#4285);
#4283 = CARTESIAN_POINT('',(15.420720588732,6.387471609419,11.));
#4284 = DIRECTION('',(-0.,0.,1.));
#4285 = DIRECTION('',(0.382683432365,-0.923879532511,0.));
#4286 = ORIENTED_EDGE('',*,*,#4287,.F.);
#4287 = EDGE_CURVE('',#1890,#4279,#4288,.T.);
#4288 = B_SPLINE_CURVE_WITH_KNOTS('',6,(#4289,#4290,#4291,#4292,#4293,
    #4294,#4295,#4296,#4297,#4298,#4299,#4300,#4301,#4302,#4303,#4304,
    #4305,#4306,#4307,#4308,#4309,#4310,#4311,#4312,#4313,#4314,#4315),
  .UNSPECIFIED.,.F.,.F.,(7,5,5,5,5,7),(0.,0.25089625162,0.486046381191,
    0.704094530378,0.88879929093,1.),.UNSPECIFIED.);
#4289 = CARTESIAN_POINT('',(15.632751642767,4.247952310106,
    8.601462015154));
#4290 = CARTESIAN_POINT('',(15.566564694227,4.241393038373,
    8.706429325019));
#4291 = CARTESIAN_POINT('',(15.499765990659,4.23725411025,8.81131132564)
  );
#4292 = CARTESIAN_POINT('',(15.432349560583,4.235587581647,
    8.916082700238));
#4293 = CARTESIAN_POINT('',(15.364304437797,4.236464569085,
    9.020712930027));
#4294 = CARTESIAN_POINT('',(15.295611259303,4.239984732175,
    9.125165101073));
#4295 = CARTESIAN_POINT('',(15.16122024371,4.252191330945,9.327082923542
    ));
#4296 = CARTESIAN_POINT('',(15.095606668435,4.260539234808,
    9.424573293341));
#4297 = CARTESIAN_POINT('',(15.029370206983,4.271445756216,
    9.521830752459));
#4298 = CARTESIAN_POINT('',(14.962479259668,4.28505295111,9.618808329231
    ));
#4299 = CARTESIAN_POINT('',(14.894890757754,4.301551959526,
    9.715443330178));
#4300 = CARTESIAN_POINT('',(14.763164806273,4.339431264054,
    9.900866546017));
#4301 = CARTESIAN_POINT('',(14.699138798553,4.360368502404,
    9.989706935334));
#4302 = CARTESIAN_POINT('',(14.634409048374,4.384229820314,
    10.078116833512));
#4303 = CARTESIAN_POINT('',(14.568915258397,4.411290680678,
    10.166002508031));
#4304 = CARTESIAN_POINT('',(14.502589486085,4.441896117208,
    10.253233149965));
#4305 = CARTESIAN_POINT('',(14.378335249951,4.505971293396,
    10.412785899657));
#4306 = CARTESIAN_POINT('',(14.32069014351,4.538279609309,
    10.485326281093));
#4307 = CARTESIAN_POINT('',(14.262297921679,4.573842221168,
    10.557142639043));
#4308 = CARTESIAN_POINT('',(14.203083297572,4.613098650595,
    10.62804970336));
#4309 = CARTESIAN_POINT('',(14.142982906728,4.656579682019,
    10.697775651282));
#4310 = CARTESIAN_POINT('',(14.045076997592,4.734499778804,
    10.806863604402));
#4311 = CARTESIAN_POINT('',(14.007930007002,4.765641274265,
    10.847252069448));
#4312 = CARTESIAN_POINT('',(13.97039421212,4.79884918251,10.88694426199)
  );
#4313 = CARTESIAN_POINT('',(13.932454128284,4.834370327333,
    10.925790124449));
#4314 = CARTESIAN_POINT('',(13.894112338423,4.872492821546,
    10.963578691286));
#4315 = CARTESIAN_POINT('',(13.855373878523,4.913636585801,11.));
#4316 = CYLINDRICAL_SURFACE('',#4317,2.150000000001);
#4317 = AXIS2_PLACEMENT_3D('',#4318,#4319,#4320);
#4318 = CARTESIAN_POINT('',(15.420720588732,6.387471609419,16.));
#4319 = DIRECTION('',(-3.E-17,1.7E-16,1.));
#4320 = DIRECTION('',(0.382683432365,-0.923879532511,1.685400234979E-16)
  );
#4321 = ADVANCED_FACE('',(#4322),#4334,.T.);
#4322 = FACE_BOUND('',#4323,.T.);
#4323 = EDGE_LOOP('',(#4324,#4325,#4326,#4327));
#4324 = ORIENTED_EDGE('',*,*,#4287,.F.);
#4325 = ORIENTED_EDGE('',*,*,#1889,.T.);
#4326 = ORIENTED_EDGE('',*,*,#4250,.T.);
#4327 = ORIENTED_EDGE('',*,*,#4328,.F.);
#4328 = EDGE_CURVE('',#4279,#4251,#4329,.T.);
#4329 = CIRCLE('',#4330,14.700857451556);
#4330 = AXIS2_PLACEMENT_3D('',#4331,#4332,#4333);
#4331 = CARTESIAN_POINT('',(0.,0.,11.));
#4332 = DIRECTION('',(0.,-0.,1.));
#4333 = DIRECTION('',(0.964749220299,0.263170936716,0.));
#4334 = CONICAL_SURFACE('',#4335,14.700857451556,0.558505360638);
#4335 = AXIS2_PLACEMENT_3D('',#4336,#4337,#4338);
#4336 = CARTESIAN_POINT('',(0.,0.,11.));
#4337 = DIRECTION('',(0.,0.,-1.));
#4338 = DIRECTION('',(0.964749220299,0.263170936716,0.));
#4339 = ADVANCED_FACE('',(#4340),#4414,.F.);
#4340 = FACE_BOUND('',#4341,.F.);
#4341 = EDGE_LOOP('',(#4342,#4343,#4344,#4345,#4346,#4347,#4375,#4384));
#4342 = ORIENTED_EDGE('',*,*,#1840,.F.);
#4343 = ORIENTED_EDGE('',*,*,#1850,.F.);
#4344 = ORIENTED_EDGE('',*,*,#2884,.F.);
#4345 = ORIENTED_EDGE('',*,*,#1811,.F.);
#4346 = ORIENTED_EDGE('',*,*,#1821,.T.);
#4347 = ORIENTED_EDGE('',*,*,#4348,.T.);
#4348 = EDGE_CURVE('',#1822,#4349,#4351,.T.);
#4349 = VERTEX_POINT('',#4350);
#4350 = CARTESIAN_POINT('',(9.841830304355,10.92032902761,11.));
#4351 = B_SPLINE_CURVE_WITH_KNOTS('',8,(#4352,#4353,#4354,#4355,#4356,
    #4357,#4358,#4359,#4360,#4361,#4362,#4363,#4364,#4365,#4366,#4367,
    #4368,#4369,#4370,#4371,#4372,#4373,#4374),.UNSPECIFIED.,.F.,.F.,(9,
    7,7,9),(0.,0.417601128479,0.773153660831,1.),.UNSPECIFIED.);
#4352 = CARTESIAN_POINT('',(9.906991250357,12.81715830903,8.601462015154
    ));
#4353 = CARTESIAN_POINT('',(9.86779920018,12.743941703419,8.732524908268
    ));
#4354 = CARTESIAN_POINT('',(9.831582397943,12.668514205981,
    8.863453836106));
#4355 = CARTESIAN_POINT('',(9.798410844991,12.590832417498,
    8.994215107705));
#4356 = CARTESIAN_POINT('',(9.768389462268,12.510828721924,
    9.124761373593));
#4357 = CARTESIAN_POINT('',(9.741655401371,12.428413254478,
    9.255031964412));
#4358 = CARTESIAN_POINT('',(9.718387716308,12.34346507821,9.384951158406
    ));
#4359 = CARTESIAN_POINT('',(9.698829395946,12.255812569036,
    9.514424377757));
#4360 = CARTESIAN_POINT('',(9.670118296111,12.088056526087,
    9.753086670182));
#4361 = CARTESIAN_POINT('',(9.659856549977,12.008799225603,
    9.862384955403));
#4362 = CARTESIAN_POINT('',(9.652743056081,11.927247124672,9.97119164821
    ));
#4363 = CARTESIAN_POINT('',(9.649037172937,11.843202838744,
    10.079422670208));
#4364 = CARTESIAN_POINT('',(9.649097799015,11.756418609177,
    10.186930598091));
#4365 = CARTESIAN_POINT('',(9.653377572294,11.666599384056,
    10.293506084493));
#4366 = CARTESIAN_POINT('',(9.662486879061,11.573350195611,
    10.398860728754));
#4367 = CARTESIAN_POINT('',(9.686996632638,11.413843790668,
    10.568715744756));
#4368 = CARTESIAN_POINT('',(9.698911845801,11.350130952686,
    10.634096591793));
#4369 = CARTESIAN_POINT('',(9.713460352026,11.284582967957,
    10.698672875375));
#4370 = CARTESIAN_POINT('',(9.730989283239,11.216957917579,
    10.762303199735));
#4371 = CARTESIAN_POINT('',(9.751912255688,11.147030023242,
    10.824739191526));
#4372 = CARTESIAN_POINT('',(9.776806573491,11.074526937952,
    10.885577979204));
#4373 = CARTESIAN_POINT('',(9.806360878169,10.999161203742,
    10.944286652968));
#4374 = CARTESIAN_POINT('',(9.841830304355,10.92032902761,11.));
#4375 = ORIENTED_EDGE('',*,*,#4376,.T.);
#4376 = EDGE_CURVE('',#4349,#4377,#4379,.T.);
#4377 = VERTEX_POINT('',#4378);
#4378 = CARTESIAN_POINT('',(10.92032902761,9.841830304355,11.));
#4379 = CIRCLE('',#4380,2.150000000001);
#4380 = AXIS2_PLACEMENT_3D('',#4381,#4382,#4383);
#4381 = CARTESIAN_POINT('',(11.802508568878,11.802508568878,11.));
#4382 = DIRECTION('',(-0.,0.,1.));
#4383 = DIRECTION('',(0.707106781187,-0.707106781187,0.));
#4384 = ORIENTED_EDGE('',*,*,#4385,.F.);
#4385 = EDGE_CURVE('',#1832,#4377,#4386,.T.);
#4386 = B_SPLINE_CURVE_WITH_KNOTS('',6,(#4387,#4388,#4389,#4390,#4391,
    #4392,#4393,#4394,#4395,#4396,#4397,#4398,#4399,#4400,#4401,#4402,
    #4403,#4404,#4405,#4406,#4407,#4408,#4409,#4410,#4411,#4412,#4413),
  .UNSPECIFIED.,.F.,.F.,(7,5,5,5,5,7),(0.,0.25089625162,0.486046381191,
    0.704094530378,0.88879929093,1.),.UNSPECIFIED.);
#4387 = CARTESIAN_POINT('',(12.81715830903,9.906991250357,8.601462015154
    ));
#4388 = CARTESIAN_POINT('',(12.758519666575,9.875602624809,
    8.706429325019));
#4389 = CARTESIAN_POINT('',(12.69838961077,9.846215996671,8.81131132564)
  );
#4390 = CARTESIAN_POINT('',(12.636742703755,9.818877174145,
    8.916082700238));
#4391 = CARTESIAN_POINT('',(12.573541598963,9.793647663745,
    9.020712930027));
#4392 = CARTESIAN_POINT('',(12.508730269235,9.770612129049,
    9.125165101073));
#4393 = CARTESIAN_POINT('',(12.37989789746,9.730460340688,9.327082923542
    ));
#4394 = CARTESIAN_POINT('',(12.316084253705,9.71306357001,9.424573293341
    ));
#4395 = CARTESIAN_POINT('',(12.250715997616,9.697792285494,
    9.521830752459));
#4396 = CARTESIAN_POINT('',(12.183709572435,9.684765637039,
    9.618808329231));
#4397 = CARTESIAN_POINT('',(12.114952041712,9.67414373332,9.715443330178
    ));
#4398 = CARTESIAN_POINT('',(11.978757348966,9.658730308235,
    9.900866546017));
#4399 = CARTESIAN_POINT('',(11.911592696649,9.653572101819,
    9.989706935334));
#4400 = CARTESIAN_POINT('',(11.842658874276,9.65084608208,
    10.078116833512));
#4401 = CARTESIAN_POINT('',(11.771794759282,9.650783668756,
    10.166002508031));
#4402 = CARTESIAN_POINT('',(11.698805542265,9.653677630947,
    10.253233149965));
#4403 = CARTESIAN_POINT('',(11.55948908832,9.6653253372,10.412785899657)
  );
#4404 = CARTESIAN_POINT('',(11.493868097103,9.673114501809,
    10.485326281093));
#4405 = CARTESIAN_POINT('',(11.426311496125,9.683624335154,
    10.557142639043));
#4406 = CARTESIAN_POINT('',(11.356581531731,9.697232091223,
    10.62804970336));
#4407 = CARTESIAN_POINT('',(11.284416540387,9.714403902353,
    10.697775651282));
#4408 = CARTESIAN_POINT('',(11.164144544735,9.748925715587,
    10.806863604402));
#4409 = CARTESIAN_POINT('',(11.117907866063,9.763481167994,
    10.847252069448));
#4410 = CARTESIAN_POINT('',(11.070521197127,9.779796947918,
    10.88694426199));
#4411 = CARTESIAN_POINT('',(11.021875776586,9.798095165084,
    10.925790124449));
#4412 = CARTESIAN_POINT('',(10.971863734758,9.818642989468,
    10.963578691286));
#4413 = CARTESIAN_POINT('',(10.92032902761,9.841830304355,11.));
#4414 = CYLINDRICAL_SURFACE('',#4415,2.150000000001);
#4415 = AXIS2_PLACEMENT_3D('',#4416,#4417,#4418);
#4416 = CARTESIAN_POINT('',(11.802508568878,11.802508568878,16.));
#4417 = DIRECTION('',(-5.E-17,1.1E-16,1.));
#4418 = DIRECTION('',(0.707106781187,-0.707106781187,1.131370849898E-16)
  );
#4419 = ADVANCED_FACE('',(#4420),#4432,.T.);
#4420 = FACE_BOUND('',#4421,.T.);
#4421 = EDGE_LOOP('',(#4422,#4423,#4424,#4425));
#4422 = ORIENTED_EDGE('',*,*,#4385,.F.);
#4423 = ORIENTED_EDGE('',*,*,#1831,.T.);
#4424 = ORIENTED_EDGE('',*,*,#4348,.T.);
#4425 = ORIENTED_EDGE('',*,*,#4426,.F.);
#4426 = EDGE_CURVE('',#4377,#4349,#4427,.T.);
#4427 = CIRCLE('',#4428,14.700857451556);
#4428 = AXIS2_PLACEMENT_3D('',#4429,#4430,#4431);
#4429 = CARTESIAN_POINT('',(0.,0.,11.));
#4430 = DIRECTION('',(0.,-0.,1.));
#4431 = DIRECTION('',(0.790600901279,0.61233178498,0.));
#4432 = CONICAL_SURFACE('',#4433,14.700857451556,0.558505360638);
#4433 = AXIS2_PLACEMENT_3D('',#4434,#4435,#4436);
#4434 = CARTESIAN_POINT('',(0.,0.,11.));
#4435 = DIRECTION('',(-0.,0.,-1.));
#4436 = DIRECTION('',(0.790600901279,0.61233178498,0.));
#4437 = ADVANCED_FACE('',(#4438),#4512,.F.);
#4438 = FACE_BOUND('',#4439,.F.);
#4439 = EDGE_LOOP('',(#4440,#4441,#4442,#4443,#4444,#4445,#4473,#4482));
#4440 = ORIENTED_EDGE('',*,*,#1782,.F.);
#4441 = ORIENTED_EDGE('',*,*,#1792,.F.);
#4442 = ORIENTED_EDGE('',*,*,#2892,.F.);
#4443 = ORIENTED_EDGE('',*,*,#1753,.F.);
#4444 = ORIENTED_EDGE('',*,*,#1763,.T.);
#4445 = ORIENTED_EDGE('',*,*,#4446,.T.);
#4446 = EDGE_CURVE('',#1764,#4447,#4449,.T.);
#4447 = VERTEX_POINT('',#4448);
#4448 = CARTESIAN_POINT('',(4.913636585801,13.855373878523,11.));
#4449 = B_SPLINE_CURVE_WITH_KNOTS('',8,(#4450,#4451,#4452,#4453,#4454,
    #4455,#4456,#4457,#4458,#4459,#4460,#4461,#4462,#4463,#4464,#4465,
    #4466,#4467,#4468,#4469,#4470,#4471,#4472),.UNSPECIFIED.,.F.,.F.,(9,
    7,7,9),(0.,0.417601128479,0.773153660831,1.),.UNSPECIFIED.);
#4450 = CARTESIAN_POINT('',(4.247952310106,15.632751642767,
    8.601462015154));
#4451 = CARTESIAN_POINT('',(4.239762359052,15.55011017112,8.732524908268
    ));
#4452 = CARTESIAN_POINT('',(4.235167250347,15.46656467986,8.863453836106
    ));
#4453 = CARTESIAN_POINT('',(4.234248264962,15.382101861691,
    8.994215107705));
#4454 = CARTESIAN_POINT('',(4.23712821275,15.29669939904,9.124761373593)
  );
#4455 = CARTESIAN_POINT('',(4.243968195029,15.210326753319,
    9.255031964412));
#4456 = CARTESIAN_POINT('',(4.254979916698,15.122940714357,
    9.384951158406));
#4457 = CARTESIAN_POINT('',(4.270453547891,15.034475709991,
    9.514424377757));
#4458 = CARTESIAN_POINT('',(4.308125408714,14.868502073224,
    9.753086670182));
#4459 = CARTESIAN_POINT('',(4.328975247282,14.791350875272,
    9.862384955403));
#4460 = CARTESIAN_POINT('',(4.353611873767,14.713284342128,9.97119164821
    ));
#4461 = CARTESIAN_POINT('',(4.382350439991,14.634219366453,
    10.079422670208));
#4462 = CARTESIAN_POINT('',(4.415617338029,14.554064393607,
    10.186930598091));
#4463 = CARTESIAN_POINT('',(4.453943662327,14.47272004822,
    10.293506084493));
#4464 = CARTESIAN_POINT('',(4.498044483904,14.390055012372,
    10.398860728754));
#4465 = CARTESIAN_POINT('',(4.581729002108,14.252069786166,
    10.568715744756));
#4466 = CARTESIAN_POINT('',(4.6171190712,14.197766553868,10.634096591793
    ));
#4467 = CARTESIAN_POINT('',(4.65564426611,14.142775584676,
    10.698672875375));
#4468 = CARTESIAN_POINT('',(4.697717873277,14.08700621631,
    10.762303199735));
#4469 = CARTESIAN_POINT('',(4.743808425905,14.030408140891,
    10.824739191526));
#4470 = CARTESIAN_POINT('',(4.794553506134,13.972950667332,
    10.885577979204));
#4471 = CARTESIAN_POINT('',(4.850699341175,13.914631750798,
    10.944286652968));
#4472 = CARTESIAN_POINT('',(4.913636585801,13.855373878523,11.));
#4473 = ORIENTED_EDGE('',*,*,#4474,.T.);
#4474 = EDGE_CURVE('',#4447,#4475,#4477,.T.);
#4475 = VERTEX_POINT('',#4476);
#4476 = CARTESIAN_POINT('',(6.322763075272,13.271694575485,11.));
#4477 = CIRCLE('',#4478,2.150000000001);
#4478 = AXIS2_PLACEMENT_3D('',#4479,#4480,#4481);
#4479 = CARTESIAN_POINT('',(6.387471609419,15.420720588732,11.));
#4480 = DIRECTION('',(-0.,0.,1.));
#4481 = DIRECTION('',(0.923879532511,-0.382683432365,0.));
#4482 = ORIENTED_EDGE('',*,*,#4483,.F.);
#4483 = EDGE_CURVE('',#1774,#4475,#4484,.T.);
#4484 = B_SPLINE_CURVE_WITH_KNOTS('',6,(#4485,#4486,#4487,#4488,#4489,
    #4490,#4491,#4492,#4493,#4494,#4495,#4496,#4497,#4498,#4499,#4500,
    #4501,#4502,#4503,#4504,#4505,#4506,#4507,#4508,#4509,#4510,#4511),
  .UNSPECIFIED.,.F.,.F.,(7,5,5,5,5,7),(0.,0.25089625162,0.486046381191,
    0.704094530378,0.88879929093,1.),.UNSPECIFIED.);
#4485 = CARTESIAN_POINT('',(8.050268810573,14.057780579839,
    8.601462015154));
#4486 = CARTESIAN_POINT('',(8.008105675956,14.006341234178,
    8.706429325019));
#4487 = CARTESIAN_POINT('',(7.963798523831,13.956180753768,8.81131132564
    ));
#4488 = CARTESIAN_POINT('',(7.917306322637,13.907331725222,
    8.916082700238));
#4489 = CARTESIAN_POINT('',(7.868571031125,13.859836681237,
    9.020712930027));
#4490 = CARTESIAN_POINT('',(7.817508487598,13.813752400095,
    9.125165101073));
#4491 = CARTESIAN_POINT('',(7.713848320376,13.727354970404,
    9.327082923542));
#4492 = CARTESIAN_POINT('',(7.661549656931,13.686862025819,
    9.424573293341));
#4493 = CARTESIAN_POINT('',(7.60700133063,13.647737850011,9.521830752459
    ));
#4494 = CARTESIAN_POINT('',(7.550080548401,13.610060547348,
    9.618808329231));
#4495 = CARTESIAN_POINT('',(7.490621699634,13.573934820048,
    9.715443330178));
#4496 = CARTESIAN_POINT('',(7.370692672985,13.507575219596,
    9.900866546017));
#4497 = CARTESIAN_POINT('',(7.310614585537,13.477106858581,
    9.989706935334));
#4498 = CARTESIAN_POINT('',(7.247971240539,13.448208512987,
    10.078116833512));
#4499 = CARTESIAN_POINT('',(7.182525219652,13.421032327837,
    10.166002508031));
#4500 = CARTESIAN_POINT('',(7.113984504571,13.39577423618,
    10.253233149965));
#4501 = CARTESIAN_POINT('',(6.980815500021,13.353221214806,
    10.412785899657));
#4502 = CARTESIAN_POINT('',(6.917208825085,13.33530539841,
    10.485326281093));
#4503 = CARTESIAN_POINT('',(6.850772725057,13.319162426387,
    10.557142639043));
#4504 = CARTESIAN_POINT('',(6.781143175352,13.305049851589,
    10.62804970336));
#4505 = CARTESIAN_POINT('',(6.707900049262,13.293298189844,
    10.697775651282));
#4506 = CARTESIAN_POINT('',(6.583572288166,13.279166086403,
    10.806863604402));
#4507 = CARTESIAN_POINT('',(6.535285036602,13.274919560073,
    10.847252069448));
#4508 = CARTESIAN_POINT('',(6.485261684395,13.271859282084,
    10.88694426199));
#4509 = CARTESIAN_POINT('',(6.433316751455,13.270148833904,
    10.925790124449));
#4510 = CARTESIAN_POINT('',(6.379248337669,13.269993768464,
    10.963578691286));
#4511 = CARTESIAN_POINT('',(6.322763075272,13.271694575485,11.));
#4512 = CYLINDRICAL_SURFACE('',#4513,2.150000000001);
#4513 = AXIS2_PLACEMENT_3D('',#4514,#4515,#4516);
#4514 = CARTESIAN_POINT('',(6.387471609419,15.420720588732,16.));
#4515 = DIRECTION('',(-3.E-17,5.E-17,1.));
#4516 = DIRECTION('',(0.923879532511,-0.382683432365,4.685055759359E-17)
  );
#4517 = ADVANCED_FACE('',(#4518),#4530,.T.);
#4518 = FACE_BOUND('',#4519,.T.);
#4519 = EDGE_LOOP('',(#4520,#4521,#4522,#4523));
#4520 = ORIENTED_EDGE('',*,*,#4483,.F.);
#4521 = ORIENTED_EDGE('',*,*,#1773,.T.);
#4522 = ORIENTED_EDGE('',*,*,#4446,.T.);
#4523 = ORIENTED_EDGE('',*,*,#4524,.F.);
#4524 = EDGE_CURVE('',#4475,#4447,#4525,.T.);
#4525 = CIRCLE('',#4526,14.700857451556);
#4526 = AXIS2_PLACEMENT_3D('',#4527,#4528,#4529);
#4527 = CARTESIAN_POINT('',(0.,0.,11.));
#4528 = DIRECTION('',(0.,-0.,1.));
#4529 = DIRECTION('',(0.496090761855,0.868270669781,0.));
#4530 = CONICAL_SURFACE('',#4531,14.700857451556,0.558505360638);
#4531 = AXIS2_PLACEMENT_3D('',#4532,#4533,#4534);
#4532 = CARTESIAN_POINT('',(0.,0.,11.));
#4533 = DIRECTION('',(0.,-0.,-1.));
#4534 = DIRECTION('',(0.496090761855,0.868270669781,0.));
#4535 = ADVANCED_FACE('',(#4536),#4540,.T.);
#4536 = FACE_BOUND('',#4537,.T.);
#4537 = EDGE_LOOP('',(#4538,#4539));
#4538 = ORIENTED_EDGE('',*,*,#2674,.T.);
#4539 = ORIENTED_EDGE('',*,*,#2763,.T.);
#4540 = PLANE('',#4541);
#4541 = AXIS2_PLACEMENT_3D('',#4542,#4543,#4544);
#4542 = CARTESIAN_POINT('',(-8.E-17,16.691267688132,11.));
#4543 = DIRECTION('',(0.,0.,1.));
#4544 = DIRECTION('',(1.,0.,0.));
#4545 = ADVANCED_FACE('',(#4546),#4550,.T.);
#4546 = FACE_BOUND('',#4547,.T.);
#4547 = EDGE_LOOP('',(#4548,#4549));
#4548 = ORIENTED_EDGE('',*,*,#2941,.T.);
#4549 = ORIENTED_EDGE('',*,*,#2991,.T.);
#4550 = PLANE('',#4551);
#4551 = AXIS2_PLACEMENT_3D('',#4552,#4553,#4554);
#4552 = CARTESIAN_POINT('',(-6.387471609419,15.420720588732,11.));
#4553 = DIRECTION('',(0.,0.,1.));
#4554 = DIRECTION('',(0.923879532511,0.382683432365,0.));
#4555 = ADVANCED_FACE('',(#4556),#4560,.T.);
#4556 = FACE_BOUND('',#4557,.T.);
#4557 = EDGE_LOOP('',(#4558,#4559));
#4558 = ORIENTED_EDGE('',*,*,#3039,.T.);
#4559 = ORIENTED_EDGE('',*,*,#3089,.T.);
#4560 = PLANE('',#4561);
#4561 = AXIS2_PLACEMENT_3D('',#4562,#4563,#4564);
#4562 = CARTESIAN_POINT('',(-11.80250856887,11.802508568878,11.));
#4563 = DIRECTION('',(0.,0.,1.));
#4564 = DIRECTION('',(0.707106781187,0.707106781187,0.));
#4565 = ADVANCED_FACE('',(#4566),#4570,.T.);
#4566 = FACE_BOUND('',#4567,.T.);
#4567 = EDGE_LOOP('',(#4568,#4569));
#4568 = ORIENTED_EDGE('',*,*,#3137,.T.);
#4569 = ORIENTED_EDGE('',*,*,#3187,.T.);
#4570 = PLANE('',#4571);
#4571 = AXIS2_PLACEMENT_3D('',#4572,#4573,#4574);
#4572 = CARTESIAN_POINT('',(-15.42072058873,6.387471609419,11.));
#4573 = DIRECTION('',(0.,0.,1.));
#4574 = DIRECTION('',(0.382683432365,0.923879532511,0.));
#4575 = ADVANCED_FACE('',(#4576),#4580,.T.);
#4576 = FACE_BOUND('',#4577,.T.);
#4577 = EDGE_LOOP('',(#4578,#4579));
#4578 = ORIENTED_EDGE('',*,*,#3235,.T.);
#4579 = ORIENTED_EDGE('',*,*,#3285,.T.);
#4580 = PLANE('',#4581);
#4581 = AXIS2_PLACEMENT_3D('',#4582,#4583,#4584);
#4582 = CARTESIAN_POINT('',(-16.69126768813,-8.E-17,11.));
#4583 = DIRECTION('',(0.,0.,1.));
#4584 = DIRECTION('',(0.,1.,0.));
#4585 = ADVANCED_FACE('',(#4586),#4590,.T.);
#4586 = FACE_BOUND('',#4587,.T.);
#4587 = EDGE_LOOP('',(#4588,#4589));
#4588 = ORIENTED_EDGE('',*,*,#3333,.T.);
#4589 = ORIENTED_EDGE('',*,*,#3383,.T.);
#4590 = PLANE('',#4591);
#4591 = AXIS2_PLACEMENT_3D('',#4592,#4593,#4594);
#4592 = CARTESIAN_POINT('',(-15.42072058873,-6.387471609419,11.));
#4593 = DIRECTION('',(0.,0.,1.));
#4594 = DIRECTION('',(-0.382683432365,0.923879532511,0.));
#4595 = ADVANCED_FACE('',(#4596),#4600,.T.);
#4596 = FACE_BOUND('',#4597,.T.);
#4597 = EDGE_LOOP('',(#4598,#4599));
#4598 = ORIENTED_EDGE('',*,*,#3409,.T.);
#4599 = ORIENTED_EDGE('',*,*,#3502,.T.);
#4600 = PLANE('',#4601);
#4601 = AXIS2_PLACEMENT_3D('',#4602,#4603,#4604);
#4602 = CARTESIAN_POINT('',(-11.80250856887,-11.80250856887,11.));
#4603 = DIRECTION('',(0.,0.,1.));
#4604 = DIRECTION('',(-0.707106781187,0.707106781187,0.));
#4605 = ADVANCED_FACE('',(#4606),#4610,.T.);
#4606 = FACE_BOUND('',#4607,.T.);
#4607 = EDGE_LOOP('',(#4608,#4609));
#4608 = ORIENTED_EDGE('',*,*,#3539,.T.);
#4609 = ORIENTED_EDGE('',*,*,#3632,.T.);
#4610 = PLANE('',#4611);
#4611 = AXIS2_PLACEMENT_3D('',#4612,#4613,#4614);
#4612 = CARTESIAN_POINT('',(-6.387471609419,-15.42072058873,11.));
#4613 = DIRECTION('',(0.,0.,1.));
#4614 = DIRECTION('',(-0.923879532511,0.382683432365,0.));
#4615 = ADVANCED_FACE('',(#4616),#4620,.T.);
#4616 = FACE_BOUND('',#4617,.T.);
#4617 = EDGE_LOOP('',(#4618,#4619));
#4618 = ORIENTED_EDGE('',*,*,#3669,.T.);
#4619 = ORIENTED_EDGE('',*,*,#3762,.T.);
#4620 = PLANE('',#4621);
#4621 = AXIS2_PLACEMENT_3D('',#4622,#4623,#4624);
#4622 = CARTESIAN_POINT('',(8.E-17,-16.69126768813,11.));
#4623 = DIRECTION('',(0.,0.,1.));
#4624 = DIRECTION('',(-1.,0.,0.));
#4625 = ADVANCED_FACE('',(#4626),#4630,.T.);
#4626 = FACE_BOUND('',#4627,.T.);
#4627 = EDGE_LOOP('',(#4628,#4629));
#4628 = ORIENTED_EDGE('',*,*,#3799,.T.);
#4629 = ORIENTED_EDGE('',*,*,#3892,.T.);
#4630 = PLANE('',#4631);
#4631 = AXIS2_PLACEMENT_3D('',#4632,#4633,#4634);
#4632 = CARTESIAN_POINT('',(6.387471609419,-15.42072058873,11.));
#4633 = DIRECTION('',(0.,0.,1.));
#4634 = DIRECTION('',(-0.923879532511,-0.382683432365,0.));
#4635 = ADVANCED_FACE('',(#4636),#4640,.T.);
#4636 = FACE_BOUND('',#4637,.T.);
#4637 = EDGE_LOOP('',(#4638,#4639));
#4638 = ORIENTED_EDGE('',*,*,#3929,.T.);
#4639 = ORIENTED_EDGE('',*,*,#4022,.T.);
#4640 = PLANE('',#4641);
#4641 = AXIS2_PLACEMENT_3D('',#4642,#4643,#4644);
#4642 = CARTESIAN_POINT('',(11.802508568878,-11.80250856887,11.));
#4643 = DIRECTION('',(0.,0.,1.));
#4644 = DIRECTION('',(-0.707106781187,-0.707106781187,0.));
#4645 = ADVANCED_FACE('',(#4646),#4650,.T.);
#4646 = FACE_BOUND('',#4647,.T.);
#4647 = EDGE_LOOP('',(#4648,#4649));
#4648 = ORIENTED_EDGE('',*,*,#4081,.T.);
#4649 = ORIENTED_EDGE('',*,*,#4131,.T.);
#4650 = PLANE('',#4651);
#4651 = AXIS2_PLACEMENT_3D('',#4652,#4653,#4654);
#4652 = CARTESIAN_POINT('',(15.420720588732,-6.387471609419,11.));
#4653 = DIRECTION('',(0.,0.,1.));
#4654 = DIRECTION('',(-0.382683432365,-0.923879532511,0.));
#4655 = ADVANCED_FACE('',(#4656),#4660,.T.);
#4656 = FACE_BOUND('',#4657,.T.);
#4657 = EDGE_LOOP('',(#4658,#4659));
#4658 = ORIENTED_EDGE('',*,*,#4230,.T.);
#4659 = ORIENTED_EDGE('',*,*,#4179,.T.);
#4660 = PLANE('',#4661);
#4661 = AXIS2_PLACEMENT_3D('',#4662,#4663,#4664);
#4662 = CARTESIAN_POINT('',(16.691267688132,8.E-17,11.));
#4663 = DIRECTION('',(0.,0.,1.));
#4664 = DIRECTION('',(0.,-1.,0.));
#4665 = ADVANCED_FACE('',(#4666),#4670,.T.);
#4666 = FACE_BOUND('',#4667,.T.);
#4667 = EDGE_LOOP('',(#4668,#4669));
#4668 = ORIENTED_EDGE('',*,*,#4278,.T.);
#4669 = ORIENTED_EDGE('',*,*,#4328,.T.);
#4670 = PLANE('',#4671);
#4671 = AXIS2_PLACEMENT_3D('',#4672,#4673,#4674);
#4672 = CARTESIAN_POINT('',(15.420720588732,6.387471609419,11.));
#4673 = DIRECTION('',(0.,0.,1.));
#4674 = DIRECTION('',(0.382683432365,-0.923879532511,0.));
#4675 = ADVANCED_FACE('',(#4676),#4680,.T.);
#4676 = FACE_BOUND('',#4677,.T.);
#4677 = EDGE_LOOP('',(#4678,#4679));
#4678 = ORIENTED_EDGE('',*,*,#4376,.T.);
#4679 = ORIENTED_EDGE('',*,*,#4426,.T.);
#4680 = PLANE('',#4681);
#4681 = AXIS2_PLACEMENT_3D('',#4682,#4683,#4684);
#4682 = CARTESIAN_POINT('',(11.802508568878,11.802508568878,11.));
#4683 = DIRECTION('',(0.,0.,1.));
#4684 = DIRECTION('',(0.707106781187,-0.707106781187,0.));
#4685 = ADVANCED_FACE('',(#4686),#4690,.T.);
#4686 = FACE_BOUND('',#4687,.T.);
#4687 = EDGE_LOOP('',(#4688,#4689));
#4688 = ORIENTED_EDGE('',*,*,#4474,.T.);
#4689 = ORIENTED_EDGE('',*,*,#4524,.T.);
#4690 = PLANE('',#4691);
#4691 = AXIS2_PLACEMENT_3D('',#4692,#4693,#4694);
#4692 = CARTESIAN_POINT('',(6.387471609419,15.420720588732,11.));
#4693 = DIRECTION('',(0.,0.,1.));
#4694 = DIRECTION('',(0.923879532511,-0.382683432365,0.));
#4695 = ( GEOMETRIC_REPRESENTATION_CONTEXT(3) 
GLOBAL_UNCERTAINTY_ASSIGNED_CONTEXT((#4699)) 
GLOBAL_UNIT_ASSIGNED_CONTEXT((#4696,#4697,#4698)) REPRESENTATION_CONTEXT
('Context #1','3D Context with UNIT and UNCERTAINTY') );
#4696 = ( LENGTH_UNIT() NAMED_UNIT(*) SI_UNIT(.MILLI.,.METRE.) );
#4697 = ( NAMED_UNIT(*) PLANE_ANGLE_UNIT() SI_UNIT($,.RADIAN.) );
#4698 = ( NAMED_UNIT(*) SI_UNIT($,.STERADIAN.) SOLID_ANGLE_UNIT() );
#4699 = UNCERTAINTY_MEASURE_WITH_UNIT(LENGTH_MEASURE(2.E-07),#4696,
  'distance_accuracy_value','confusion accuracy');
#4700 = PRODUCT_RELATED_PRODUCT_CATEGORY('part',$,(#7));
#4701 = MECHANICAL_DESIGN_GEOMETRIC_PRESENTATION_REPRESENTATION('',(
    #4702),#4695);
#4702 = STYLED_ITEM('color',(#4703),#15);
#4703 = PRESENTATION_STYLE_ASSIGNMENT((#4704,#4710));
#4704 = SURFACE_STYLE_USAGE(.BOTH.,#4705);
#4705 = SURFACE_SIDE_STYLE('',(#4706));
#4706 = SURFACE_STYLE_FILL_AREA(#4707);
#4707 = FILL_AREA_STYLE('',(#4708));
#4708 = FILL_AREA_STYLE_COLOUR('',#4709);
#4709 = COLOUR_RGB('',0.800000010877,0.678431390124,0.180392163476);
#4710 = CURVE_STYLE('',#4711,POSITIVE_LENGTH_MEASURE(0.1),#4712);
#4711 = DRAUGHTING_PRE_DEFINED_CURVE_FONT('continuous');
#4712 = COLOUR_RGB('',9.803921802644E-02,9.803921802644E-02,
  9.803921802644E-02);
ENDSEC;
END-ISO-10303-21;
