ISO-10303-21;
HEADER;
FILE_DESCRIPTION(('FreeCAD Model'),'2;1');
FILE_NAME('Open CASCADE Shape Model','2026-10-02T12:52:04',('FreeCAD'),(
    'FreeCAD'),'Open CASCADE STEP processor 8.0','FreeCAD','Unknown');
FILE_SCHEMA(('AUTOMOTIVE_DESIGN { 1 0 10303 214 1 1 1 1 }'));
ENDSEC;
DATA;
#1 = APPLICATION_PROTOCOL_DEFINITION('international standard',
  'automotive_design',2000,#2);
#2 = APPLICATION_CONTEXT(
  'core data for automotive mechanical design processes');
#3 = SHAPE_DEFINITION_REPRESENTATION(#4,#10);
#4 = PRODUCT_DEFINITION_SHAPE('','',#5);
#5 = PRODUCT_DEFINITION('design','',#6,#9);
#6 = PRODUCT_DEFINITION_FORMATION('','',#7);
#7 = PRODUCT('Open CASCADE STEP translator 8.0 6',
  'Open CASCADE STEP translator 8.0 6','',(#8));
#8 = PRODUCT_CONTEXT('',#2,'mechanical');
#9 = PRODUCT_DEFINITION_CONTEXT('part definition',#2,'design');
#10 = ADVANCED_BREP_SHAPE_REPRESENTATION('',(#11,#15),#5124);
#11 = AXIS2_PLACEMENT_3D('',#12,#13,#14);
#12 = CARTESIAN_POINT('',(0.,0.,0.));
#13 = DIRECTION('',(0.,0.,1.));
#14 = DIRECTION('',(1.,0.,-0.));
#15 = MANIFOLD_SOLID_BREP('',#16);
#16 = CLOSED_SHELL('',(#17,#101,#284,#308,#364,#388,#436,#462,#494,#518,
    #535,#559,#624,#650,#692,#716,#771,#815,#839,#883,#907,#951,#975,
    #1016,#1098,#1132,#1164,#1188,#1247,#1289,#1313,#1337,#1372,#1405,
    #1622,#1651,#1675,#1695,#1711,#1723,#1752,#1775,#1792,#1809,#1977,
    #2011,#2067,#2085,#2102,#2131,#2159,#2190,#2213,#2247,#2271,#2294,
    #2321,#2352,#2375,#2412,#2430,#2504,#2575,#2668,#2686,#2711,#2728,
    #2752,#2785,#2809,#2856,#2868,#2880,#2950,#2967,#2991,#3047,#3126,
    #3209,#3231,#3320,#3384,#3400,#3451,#3462,#3478,#3496,#3535,#3687,
    #3703,#3729,#3755,#3801,#3845,#3869,#3913,#3937,#3981,#4005,#4046,
    #4064,#4099,#4131,#4155,#4208,#4220,#4234,#4248,#4273,#4290,#4307,
    #4319,#4336,#4353,#4373,#4391,#4407,#4419,#4459,#4471,#4496,#4513,
    #4537,#4560,#4572,#4589,#4603,#4615,#4631,#4643,#4676,#4717,#4733,
    #4758,#4784,#4800,#4841,#4861,#4881,#4893,#4909,#4925,#4937,#4949,
    #4991,#5023,#5047,#5064,#5076,#5096,#5112));
#17 = ADVANCED_FACE('',(#18,#69),#96,.T.);
#18 = FACE_BOUND('',#19,.T.);
#19 = EDGE_LOOP('',(#20,#30,#39,#47,#55,#63));
#20 = ORIENTED_EDGE('',*,*,#21,.T.);
#21 = EDGE_CURVE('',#22,#24,#26,.T.);
#22 = VERTEX_POINT('',#23);
#23 = CARTESIAN_POINT('',(-61.25541545482,93.8,-0.8));
#24 = VERTEX_POINT('',#25);
#25 = CARTESIAN_POINT('',(-61.25541545482,119.67984060466,-0.8));
#26 = LINE('',#27,#28);
#27 = CARTESIAN_POINT('',(-61.25541545482,80.,-0.8));
#28 = VECTOR('',#29,1.);
#29 = DIRECTION('',(0.,1.,0.));
#30 = ORIENTED_EDGE('',*,*,#31,.T.);
#31 = EDGE_CURVE('',#24,#32,#34,.T.);
#32 = VERTEX_POINT('',#33);
#33 = CARTESIAN_POINT('',(-60.99999999997,119.74999999999,
    -1.635426309336));
#34 = ELLIPSE('',#35,1.71015180999,0.500000000021);
#35 = AXIS2_PLACEMENT_3D('',#36,#37,#38);
#36 = CARTESIAN_POINT('',(-60.99999999997,119.24999999997,
    -1.635426309317));
#37 = DIRECTION('',(-0.956304755963,0.,-0.292371704722));
#38 = DIRECTION('',(-0.292371704722,0.,0.956304755963));
#39 = ORIENTED_EDGE('',*,*,#40,.F.);
#40 = EDGE_CURVE('',#41,#32,#43,.T.);
#41 = VERTEX_POINT('',#42);
#42 = CARTESIAN_POINT('',(-56.3025784152,119.75,-17.));
#43 = LINE('',#44,#45);
#44 = CARTESIAN_POINT('',(-56.3025784152,119.75,-17.));
#45 = VECTOR('',#46,1.);
#46 = DIRECTION('',(-0.292371704723,0.,0.956304755963));
#47 = ORIENTED_EDGE('',*,*,#48,.T.);
#48 = EDGE_CURVE('',#41,#49,#51,.T.);
#49 = VERTEX_POINT('',#50);
#50 = CARTESIAN_POINT('',(-56.3025784152,95.,-17.));
#51 = LINE('',#52,#53);
#52 = CARTESIAN_POINT('',(-56.3025784152,119.75,-17.));
#53 = VECTOR('',#54,1.);
#54 = DIRECTION('',(0.,-1.,2.2E-16));
#55 = ORIENTED_EDGE('',*,*,#56,.T.);
#56 = EDGE_CURVE('',#49,#57,#59,.T.);
#57 = VERTEX_POINT('',#58);
#58 = CARTESIAN_POINT('',(-60.88853863707,95.,-2.));
#59 = LINE('',#60,#61);
#60 = CARTESIAN_POINT('',(-50.24781206112,95.,-36.80424838356));
#61 = VECTOR('',#62,1.);
#62 = DIRECTION('',(-0.292371704722,0.,0.956304755963));
#63 = ORIENTED_EDGE('',*,*,#64,.T.);
#64 = EDGE_CURVE('',#57,#22,#65,.T.);
#65 = LINE('',#66,#67);
#66 = CARTESIAN_POINT('',(-61.50081965425,92.99731903173,
    2.68096826987E-03));
#67 = VECTOR('',#68,1.);
#68 = DIRECTION('',(-0.211302932281,-0.691140749345,0.691140749345));
#69 = FACE_BOUND('',#70,.T.);
#70 = EDGE_LOOP('',(#71,#82,#90));
#71 = ORIENTED_EDGE('',*,*,#72,.F.);
#72 = EDGE_CURVE('',#73,#75,#77,.T.);
#73 = VERTEX_POINT('',#74);
#74 = CARTESIAN_POINT('',(-58.10884020047,104.19786550256,
    -11.09198390998));
#75 = VERTEX_POINT('',#76);
#76 = CARTESIAN_POINT('',(-58.10884020047,107.80213449743,
    -11.09198390998));
#77 = CIRCLE('',#78,2.2);
#78 = AXIS2_PLACEMENT_3D('',#79,#80,#81);
#79 = CARTESIAN_POINT('',(-58.47777474553,106.,-9.885253387202));
#80 = DIRECTION('',(-0.956304755963,-0.,-0.292371704723));
#81 = DIRECTION('',(0.292371704723,0.,-0.956304755963));
#82 = ORIENTED_EDGE('',*,*,#83,.T.);
#83 = EDGE_CURVE('',#73,#84,#86,.T.);
#84 = VERTEX_POINT('',#85);
#85 = CARTESIAN_POINT('',(-57.35635881973,106.,-13.55323960452));
#86 = LINE('',#87,#88);
#87 = CARTESIAN_POINT('',(-60.03673840269,99.580698956375,
    -4.786113027067));
#88 = VECTOR('',#89,1.);
#89 = DIRECTION('',(0.239496879616,0.573576436351,-0.78335899581));
#90 = ORIENTED_EDGE('',*,*,#91,.T.);
#91 = EDGE_CURVE('',#84,#75,#92,.T.);
#92 = LINE('',#93,#94);
#93 = CARTESIAN_POINT('',(-56.08888377741,102.96449565814,
    -17.69896366555));
#94 = VECTOR('',#95,1.);
#95 = DIRECTION('',(-0.239496879616,0.573576436351,0.78335899581));
#96 = PLANE('',#97);
#97 = AXIS2_PLACEMENT_3D('',#98,#99,#100);
#98 = CARTESIAN_POINT('',(-58.90128920759,80.,-8.5));
#99 = DIRECTION('',(-0.956304755963,-0.,-0.292371704722));
#100 = DIRECTION('',(0.292371704722,0.,-0.956304755963));
#101 = ADVANCED_FACE('',(#102),#279,.F.);
#102 = FACE_BOUND('',#103,.F.);
#103 = EDGE_LOOP('',(#104,#115,#123,#131,#139,#148,#156,#164,#173,#181,
    #190,#198,#207,#215,#224,#232,#240,#249,#257,#263,#264,#273));
#104 = ORIENTED_EDGE('',*,*,#105,.T.);
#105 = EDGE_CURVE('',#106,#108,#110,.T.);
#106 = VERTEX_POINT('',#107);
#107 = CARTESIAN_POINT('',(-61.49999999999,40.750000000029,-0.8));
#108 = VERTEX_POINT('',#109);
#109 = CARTESIAN_POINT('',(-61.25541545482,40.320159395336,-0.8));
#110 = CIRCLE('',#111,0.500000000021);
#111 = AXIS2_PLACEMENT_3D('',#112,#113,#114);
#112 = CARTESIAN_POINT('',(-60.99999999997,40.750000000028,-0.8));
#113 = DIRECTION('',(0.,0.,1.));
#114 = DIRECTION('',(1.,0.,0.));
#115 = ORIENTED_EDGE('',*,*,#116,.T.);
#116 = EDGE_CURVE('',#108,#117,#119,.T.);
#117 = VERTEX_POINT('',#118);
#118 = CARTESIAN_POINT('',(-61.25541545482,66.2,-0.8));
#119 = LINE('',#120,#121);
#120 = CARTESIAN_POINT('',(-61.25541545482,60.,-0.8));
#121 = VECTOR('',#122,1.);
#122 = DIRECTION('',(0.,1.,0.));
#123 = ORIENTED_EDGE('',*,*,#124,.T.);
#124 = EDGE_CURVE('',#117,#125,#127,.T.);
#125 = VERTEX_POINT('',#126);
#126 = CARTESIAN_POINT('',(-53.02584946107,66.2,-0.8));
#127 = LINE('',#128,#129);
#128 = CARTESIAN_POINT('',(-30.14396674183,66.2,-0.8));
#129 = VECTOR('',#130,1.);
#130 = DIRECTION('',(1.,0.,0.));
#131 = ORIENTED_EDGE('',*,*,#132,.T.);
#132 = EDGE_CURVE('',#125,#133,#135,.T.);
#133 = VERTEX_POINT('',#134);
#134 = CARTESIAN_POINT('',(-53.02584946107,44.464296911649,-0.8));
#135 = LINE('',#136,#137);
#136 = CARTESIAN_POINT('',(-53.02584946107,98.075,-0.8));
#137 = VECTOR('',#138,1.);
#138 = DIRECTION('',(-2.2E-16,-1.,0.));
#139 = ORIENTED_EDGE('',*,*,#140,.T.);
#140 = EDGE_CURVE('',#133,#141,#143,.T.);
#141 = VERTEX_POINT('',#142);
#142 = CARTESIAN_POINT('',(-51.72792905318,43.95,-0.8));
#143 = ELLIPSE('',#144,4.182767025949,4.);
#144 = AXIS2_PLACEMENT_3D('',#145,#146,#147);
#145 = CARTESIAN_POINT('',(-50.79849788996,47.85,-0.8));
#146 = DIRECTION('',(0.,0.,1.));
#147 = DIRECTION('',(-1.,0.,0.));
#148 = ORIENTED_EDGE('',*,*,#149,.T.);
#149 = EDGE_CURVE('',#141,#150,#152,.T.);
#150 = VERTEX_POINT('',#151);
#151 = CARTESIAN_POINT('',(51.5,43.95,-0.8));
#152 = LINE('',#153,#154);
#153 = CARTESIAN_POINT('',(-2.136651896123,43.95,-0.8));
#154 = VECTOR('',#155,1.);
#155 = DIRECTION('',(1.,0.,0.));
#156 = ORIENTED_EDGE('',*,*,#157,.T.);
#157 = EDGE_CURVE('',#150,#158,#160,.T.);
#158 = VERTEX_POINT('',#159);
#159 = CARTESIAN_POINT('',(51.5,48.,-0.8));
#160 = LINE('',#161,#162);
#161 = CARTESIAN_POINT('',(51.5,80.,-0.8));
#162 = VECTOR('',#163,1.);
#163 = DIRECTION('',(0.,1.,0.));
#164 = ORIENTED_EDGE('',*,*,#165,.F.);
#165 = EDGE_CURVE('',#166,#158,#168,.T.);
#166 = VERTEX_POINT('',#167);
#167 = CARTESIAN_POINT('',(48.5,45.,-0.8));
#168 = CIRCLE('',#169,3.);
#169 = AXIS2_PLACEMENT_3D('',#170,#171,#172);
#170 = CARTESIAN_POINT('',(48.5,48.,-0.8));
#171 = DIRECTION('',(0.,0.,1.));
#172 = DIRECTION('',(1.,0.,0.));
#173 = ORIENTED_EDGE('',*,*,#174,.F.);
#174 = EDGE_CURVE('',#175,#166,#177,.T.);
#175 = VERTEX_POINT('',#176);
#176 = CARTESIAN_POINT('',(-38.5,45.,-0.8));
#177 = LINE('',#178,#179);
#178 = CARTESIAN_POINT('',(-38.5,45.,-0.8));
#179 = VECTOR('',#180,1.);
#180 = DIRECTION('',(1.,0.,0.));
#181 = ORIENTED_EDGE('',*,*,#182,.F.);
#182 = EDGE_CURVE('',#183,#175,#185,.T.);
#183 = VERTEX_POINT('',#184);
#184 = CARTESIAN_POINT('',(-41.5,48.,-0.8));
#185 = CIRCLE('',#186,3.);
#186 = AXIS2_PLACEMENT_3D('',#187,#188,#189);
#187 = CARTESIAN_POINT('',(-38.5,48.,-0.8));
#188 = DIRECTION('',(0.,0.,1.));
#189 = DIRECTION('',(1.,0.,0.));
#190 = ORIENTED_EDGE('',*,*,#191,.F.);
#191 = EDGE_CURVE('',#192,#183,#194,.T.);
#192 = VERTEX_POINT('',#193);
#193 = CARTESIAN_POINT('',(-41.5,112.,-0.8));
#194 = LINE('',#195,#196);
#195 = CARTESIAN_POINT('',(-41.5,112.,-0.8));
#196 = VECTOR('',#197,1.);
#197 = DIRECTION('',(0.,-1.,0.));
#198 = ORIENTED_EDGE('',*,*,#199,.F.);
#199 = EDGE_CURVE('',#200,#192,#202,.T.);
#200 = VERTEX_POINT('',#201);
#201 = CARTESIAN_POINT('',(-38.5,115.,-0.8));
#202 = CIRCLE('',#203,3.);
#203 = AXIS2_PLACEMENT_3D('',#204,#205,#206);
#204 = CARTESIAN_POINT('',(-38.5,112.,-0.8));
#205 = DIRECTION('',(0.,0.,1.));
#206 = DIRECTION('',(1.,0.,0.));
#207 = ORIENTED_EDGE('',*,*,#208,.F.);
#208 = EDGE_CURVE('',#209,#200,#211,.T.);
#209 = VERTEX_POINT('',#210);
#210 = CARTESIAN_POINT('',(48.5,115.,-0.8));
#211 = LINE('',#212,#213);
#212 = CARTESIAN_POINT('',(48.5,115.,-0.8));
#213 = VECTOR('',#214,1.);
#214 = DIRECTION('',(-1.,0.,0.));
#215 = ORIENTED_EDGE('',*,*,#216,.F.);
#216 = EDGE_CURVE('',#217,#209,#219,.T.);
#217 = VERTEX_POINT('',#218);
#218 = CARTESIAN_POINT('',(51.5,112.,-0.8));
#219 = CIRCLE('',#220,3.);
#220 = AXIS2_PLACEMENT_3D('',#221,#222,#223);
#221 = CARTESIAN_POINT('',(48.5,112.,-0.8));
#222 = DIRECTION('',(0.,0.,1.));
#223 = DIRECTION('',(1.,0.,0.));
#224 = ORIENTED_EDGE('',*,*,#225,.T.);
#225 = EDGE_CURVE('',#217,#226,#228,.T.);
#226 = VERTEX_POINT('',#227);
#227 = CARTESIAN_POINT('',(51.5,116.1,-0.8));
#228 = LINE('',#229,#230);
#229 = CARTESIAN_POINT('',(51.5,80.,-0.8));
#230 = VECTOR('',#231,1.);
#231 = DIRECTION('',(0.,1.,0.));
#232 = ORIENTED_EDGE('',*,*,#233,.F.);
#233 = EDGE_CURVE('',#234,#226,#236,.T.);
#234 = VERTEX_POINT('',#235);
#235 = CARTESIAN_POINT('',(-51.45778145695,116.1,-0.8));
#236 = LINE('',#237,#238);
#237 = CARTESIAN_POINT('',(-28.89396674183,116.1,-0.8));
#238 = VECTOR('',#239,1.);
#239 = DIRECTION('',(1.,0.,0.));
#240 = ORIENTED_EDGE('',*,*,#241,.T.);
#241 = EDGE_CURVE('',#234,#242,#244,.T.);
#242 = VERTEX_POINT('',#243);
#243 = CARTESIAN_POINT('',(-53.02584946107,115.53570308835,-0.8));
#244 = ELLIPSE('',#245,4.182767025949,4.);
#245 = AXIS2_PLACEMENT_3D('',#246,#247,#248);
#246 = CARTESIAN_POINT('',(-50.79849788996,112.15,-0.8));
#247 = DIRECTION('',(0.,0.,1.));
#248 = DIRECTION('',(-1.,-1.45E-15,0.));
#249 = ORIENTED_EDGE('',*,*,#250,.T.);
#250 = EDGE_CURVE('',#242,#251,#253,.T.);
#251 = VERTEX_POINT('',#252);
#252 = CARTESIAN_POINT('',(-53.02584946107,93.8,-0.8));
#253 = LINE('',#254,#255);
#254 = CARTESIAN_POINT('',(-53.02584946107,98.075,-0.8));
#255 = VECTOR('',#256,1.);
#256 = DIRECTION('',(-2.2E-16,-1.,0.));
#257 = ORIENTED_EDGE('',*,*,#258,.T.);
#258 = EDGE_CURVE('',#251,#22,#259,.T.);
#259 = LINE('',#260,#261);
#260 = CARTESIAN_POINT('',(-30.14396674183,93.8,-0.8));
#261 = VECTOR('',#262,1.);
#262 = DIRECTION('',(-1.,0.,0.));
#263 = ORIENTED_EDGE('',*,*,#21,.T.);
#264 = ORIENTED_EDGE('',*,*,#265,.T.);
#265 = EDGE_CURVE('',#24,#266,#268,.T.);
#266 = VERTEX_POINT('',#267);
#267 = CARTESIAN_POINT('',(-61.49999999999,119.24999999997,-0.8));
#268 = CIRCLE('',#269,0.500000000021);
#269 = AXIS2_PLACEMENT_3D('',#270,#271,#272);
#270 = CARTESIAN_POINT('',(-60.99999999997,119.24999999997,-0.8));
#271 = DIRECTION('',(0.,0.,1.));
#272 = DIRECTION('',(1.,0.,0.));
#273 = ORIENTED_EDGE('',*,*,#274,.T.);
#274 = EDGE_CURVE('',#266,#106,#275,.T.);
#275 = LINE('',#276,#277);
#276 = CARTESIAN_POINT('',(-61.49999999999,119.24999999997,-0.8));
#277 = VECTOR('',#278,1.);
#278 = DIRECTION('',(0.,-1.,0.));
#279 = PLANE('',#280);
#280 = AXIS2_PLACEMENT_3D('',#281,#282,#283);
#281 = CARTESIAN_POINT('',(2.212066516339,80.,-0.8));
#282 = DIRECTION('',(0.,0.,1.));
#283 = DIRECTION('',(1.,0.,0.));
#284 = ADVANCED_FACE('',(#285),#303,.T.);
#285 = FACE_BOUND('',#286,.T.);
#286 = EDGE_LOOP('',(#287,#288,#296,#302));
#287 = ORIENTED_EDGE('',*,*,#64,.F.);
#288 = ORIENTED_EDGE('',*,*,#289,.T.);
#289 = EDGE_CURVE('',#57,#290,#292,.T.);
#290 = VERTEX_POINT('',#291);
#291 = CARTESIAN_POINT('',(-54.22584946107,95.,-2.));
#292 = LINE('',#293,#294);
#293 = CARTESIAN_POINT('',(-62.5,95.,-2.));
#294 = VECTOR('',#295,1.);
#295 = DIRECTION('',(1.,0.,0.));
#296 = ORIENTED_EDGE('',*,*,#297,.F.);
#297 = EDGE_CURVE('',#251,#290,#298,.T.);
#298 = LINE('',#299,#300);
#299 = CARTESIAN_POINT('',(-58.29654121756,99.070691756487,
    -6.070691756487));
#300 = VECTOR('',#301,1.);
#301 = DIRECTION('',(-0.57735026919,0.57735026919,-0.57735026919));
#302 = ORIENTED_EDGE('',*,*,#258,.T.);
#303 = PLANE('',#304);
#304 = AXIS2_PLACEMENT_3D('',#305,#306,#307);
#305 = CARTESIAN_POINT('',(-62.5,95.,-2.));
#306 = DIRECTION('',(0.,-0.707106781187,-0.707106781187));
#307 = DIRECTION('',(0.,-0.707106781187,0.707106781187));
#308 = ADVANCED_FACE('',(#309),#359,.T.);
#309 = FACE_BOUND('',#310,.T.);
#310 = EDGE_LOOP('',(#311,#312,#313,#321,#329,#337,#345,#353));
#311 = ORIENTED_EDGE('',*,*,#289,.F.);
#312 = ORIENTED_EDGE('',*,*,#56,.F.);
#313 = ORIENTED_EDGE('',*,*,#314,.F.);
#314 = EDGE_CURVE('',#315,#49,#317,.T.);
#315 = VERTEX_POINT('',#316);
#316 = CARTESIAN_POINT('',(-49.25916979427,95.,-70.5));
#317 = LINE('',#318,#319);
#318 = CARTESIAN_POINT('',(-51.06810977536,95.,-56.75973669902));
#319 = VECTOR('',#320,1.);
#320 = DIRECTION('',(-0.13052619222,0.,0.991444861374));
#321 = ORIENTED_EDGE('',*,*,#322,.F.);
#322 = EDGE_CURVE('',#323,#315,#325,.T.);
#323 = VERTEX_POINT('',#324);
#324 = CARTESIAN_POINT('',(-45.22465395195,95.,-70.5));
#325 = LINE('',#326,#327);
#326 = CARTESIAN_POINT('',(-51.6507988865,95.,-70.5));
#327 = VECTOR('',#328,1.);
#328 = DIRECTION('',(-1.,-0.,-7.9E-16));
#329 = ORIENTED_EDGE('',*,*,#330,.F.);
#330 = EDGE_CURVE('',#331,#323,#333,.T.);
#331 = VERTEX_POINT('',#332);
#332 = CARTESIAN_POINT('',(-51.97320907139,95.,-19.2396346966));
#333 = LINE('',#334,#335);
#334 = CARTESIAN_POINT('',(-48.68138753593,95.,-44.24350166288));
#335 = VECTOR('',#336,1.);
#336 = DIRECTION('',(0.13052619222,0.,-0.991444861374));
#337 = ORIENTED_EDGE('',*,*,#338,.F.);
#338 = EDGE_CURVE('',#339,#331,#341,.T.);
#339 = VERTEX_POINT('',#340);
#340 = CARTESIAN_POINT('',(-50.02842787628,95.,-17.));
#341 = LINE('',#342,#343);
#342 = CARTESIAN_POINT('',(-66.19945413361,95.,-35.62275899038));
#343 = VECTOR('',#344,1.);
#344 = DIRECTION('',(-0.655654995826,-0.,-0.755060611109));
#345 = ORIENTED_EDGE('',*,*,#346,.F.);
#346 = EDGE_CURVE('',#347,#339,#349,.T.);
#347 = VERTEX_POINT('',#348);
#348 = CARTESIAN_POINT('',(-54.52341360856,95.,-2.297564147492));
#349 = LINE('',#350,#351);
#350 = CARTESIAN_POINT('',(-45.54117791997,95.,-31.67713326938));
#351 = VECTOR('',#352,1.);
#352 = DIRECTION('',(0.292371704723,0.,-0.956304755963));
#353 = ORIENTED_EDGE('',*,*,#354,.F.);
#354 = EDGE_CURVE('',#290,#347,#355,.T.);
#355 = LINE('',#356,#357);
#356 = CARTESIAN_POINT('',(-72.4193870958,95.,-20.19353763473));
#357 = VECTOR('',#358,1.);
#358 = DIRECTION('',(-0.707106781187,-0.,-0.707106781187));
#359 = PLANE('',#360);
#360 = AXIS2_PLACEMENT_3D('',#361,#362,#363);
#361 = CARTESIAN_POINT('',(-62.5,95.,-71.5));
#362 = DIRECTION('',(0.,-1.,0.));
#363 = DIRECTION('',(0.,0.,1.));
#364 = ADVANCED_FACE('',(#365),#383,.T.);
#365 = FACE_BOUND('',#366,.T.);
#366 = EDGE_LOOP('',(#367,#368,#376,#382));
#367 = ORIENTED_EDGE('',*,*,#48,.F.);
#368 = ORIENTED_EDGE('',*,*,#369,.F.);
#369 = EDGE_CURVE('',#370,#41,#372,.T.);
#370 = VERTEX_POINT('',#371);
#371 = CARTESIAN_POINT('',(-49.25916979427,119.75,-70.5));
#372 = LINE('',#373,#374);
#373 = CARTESIAN_POINT('',(-49.25916979427,119.75,-70.5));
#374 = VECTOR('',#375,1.);
#375 = DIRECTION('',(-0.13052619222,0.,0.991444861374));
#376 = ORIENTED_EDGE('',*,*,#377,.T.);
#377 = EDGE_CURVE('',#370,#315,#378,.T.);
#378 = LINE('',#379,#380);
#379 = CARTESIAN_POINT('',(-49.25916979427,119.75,-70.5));
#380 = VECTOR('',#381,1.);
#381 = DIRECTION('',(0.,-1.,2.2E-16));
#382 = ORIENTED_EDGE('',*,*,#314,.T.);
#383 = PLANE('',#384);
#384 = AXIS2_PLACEMENT_3D('',#385,#386,#387);
#385 = CARTESIAN_POINT('',(-52.78087410474,80.,-43.75));
#386 = DIRECTION('',(-0.991444861374,-0.,-0.13052619222));
#387 = DIRECTION('',(0.13052619222,0.,-0.991444861374));
#388 = ADVANCED_FACE('',(#389),#431,.T.);
#389 = FACE_BOUND('',#390,.T.);
#390 = EDGE_LOOP('',(#391,#401,#409,#415,#416,#417,#425));
#391 = ORIENTED_EDGE('',*,*,#392,.T.);
#392 = EDGE_CURVE('',#393,#395,#397,.T.);
#393 = VERTEX_POINT('',#394);
#394 = CARTESIAN_POINT('',(60.999999999971,119.74999999999,2.5));
#395 = VERTEX_POINT('',#396);
#396 = CARTESIAN_POINT('',(61.,119.75,-10.37457046768));
#397 = LINE('',#398,#399);
#398 = CARTESIAN_POINT('',(60.999999999971,119.74999999999,2.5));
#399 = VECTOR('',#400,1.);
#400 = DIRECTION('',(-0.,-0.,-1.));
#401 = ORIENTED_EDGE('',*,*,#402,.F.);
#402 = EDGE_CURVE('',#403,#395,#405,.T.);
#403 = VERTEX_POINT('',#404);
#404 = CARTESIAN_POINT('',(-19.25916979427,119.75,-70.5));
#405 = LINE('',#406,#407);
#406 = CARTESIAN_POINT('',(-19.25916979427,119.75,-70.5));
#407 = VECTOR('',#408,1.);
#408 = DIRECTION('',(0.800329895836,-4.E-16,0.599559886777));
#409 = ORIENTED_EDGE('',*,*,#410,.T.);
#410 = EDGE_CURVE('',#403,#370,#411,.T.);
#411 = LINE('',#412,#413);
#412 = CARTESIAN_POINT('',(-45.22465395195,119.75,-70.5));
#413 = VECTOR('',#414,1.);
#414 = DIRECTION('',(-1.,0.,0.));
#415 = ORIENTED_EDGE('',*,*,#369,.T.);
#416 = ORIENTED_EDGE('',*,*,#40,.T.);
#417 = ORIENTED_EDGE('',*,*,#418,.T.);
#418 = EDGE_CURVE('',#32,#419,#421,.T.);
#419 = VERTEX_POINT('',#420);
#420 = CARTESIAN_POINT('',(-60.99999999997,119.74999999999,2.5));
#421 = LINE('',#422,#423);
#422 = CARTESIAN_POINT('',(-60.99999999997,119.74999999999,-8.88E-15));
#423 = VECTOR('',#424,1.);
#424 = DIRECTION('',(0.,0.,1.));
#425 = ORIENTED_EDGE('',*,*,#426,.F.);
#426 = EDGE_CURVE('',#393,#419,#427,.T.);
#427 = LINE('',#428,#429);
#428 = CARTESIAN_POINT('',(60.999999999971,119.74999999999,2.5));
#429 = VECTOR('',#430,1.);
#430 = DIRECTION('',(-1.,0.,0.));
#431 = PLANE('',#432);
#432 = AXIS2_PLACEMENT_3D('',#433,#434,#435);
#433 = CARTESIAN_POINT('',(-6.460604596556,119.74999999999,
    -24.82778616014));
#434 = DIRECTION('',(-4.69E-15,1.,8.63E-14));
#435 = DIRECTION('',(0.,-8.63E-14,1.));
#436 = ADVANCED_FACE('',(#437),#457,.T.);
#437 = FACE_BOUND('',#438,.T.);
#438 = EDGE_LOOP('',(#439,#440,#441,#449,#456));
#439 = ORIENTED_EDGE('',*,*,#31,.F.);
#440 = ORIENTED_EDGE('',*,*,#265,.T.);
#441 = ORIENTED_EDGE('',*,*,#442,.F.);
#442 = EDGE_CURVE('',#443,#266,#445,.T.);
#443 = VERTEX_POINT('',#444);
#444 = CARTESIAN_POINT('',(-61.49999999999,119.24999999997,2.5));
#445 = LINE('',#446,#447);
#446 = CARTESIAN_POINT('',(-61.49999999999,119.24999999997,2.5));
#447 = VECTOR('',#448,1.);
#448 = DIRECTION('',(-0.,-0.,-1.));
#449 = ORIENTED_EDGE('',*,*,#450,.F.);
#450 = EDGE_CURVE('',#419,#443,#451,.T.);
#451 = CIRCLE('',#452,0.500000000021);
#452 = AXIS2_PLACEMENT_3D('',#453,#454,#455);
#453 = CARTESIAN_POINT('',(-60.99999999997,119.24999999997,2.5));
#454 = DIRECTION('',(0.,0.,1.));
#455 = DIRECTION('',(1.,0.,0.));
#456 = ORIENTED_EDGE('',*,*,#418,.F.);
#457 = CYLINDRICAL_SURFACE('',#458,0.500000000021);
#458 = AXIS2_PLACEMENT_3D('',#459,#460,#461);
#459 = CARTESIAN_POINT('',(-60.99999999997,119.24999999997,2.5));
#460 = DIRECTION('',(0.,0.,1.));
#461 = DIRECTION('',(1.,0.,0.));
#462 = ADVANCED_FACE('',(#463),#489,.F.);
#463 = FACE_BOUND('',#464,.T.);
#464 = EDGE_LOOP('',(#465,#473,#474,#482));
#465 = ORIENTED_EDGE('',*,*,#466,.F.);
#466 = EDGE_CURVE('',#73,#467,#469,.T.);
#467 = VERTEX_POINT('',#468);
#468 = CARTESIAN_POINT('',(-54.666143079,104.19786550256,-10.03944577298
    ));
#469 = LINE('',#470,#471);
#470 = CARTESIAN_POINT('',(-59.06514495643,104.19786550256,
    -11.3843556147));
#471 = VECTOR('',#472,1.);
#472 = DIRECTION('',(0.956304755963,0.,0.292371704723));
#473 = ORIENTED_EDGE('',*,*,#72,.T.);
#474 = ORIENTED_EDGE('',*,*,#475,.T.);
#475 = EDGE_CURVE('',#75,#476,#478,.T.);
#476 = VERTEX_POINT('',#477);
#477 = CARTESIAN_POINT('',(-54.666143079,107.80213449743,-10.03944577298
    ));
#478 = LINE('',#479,#480);
#479 = CARTESIAN_POINT('',(-59.06514495643,107.80213449743,
    -11.3843556147));
#480 = VECTOR('',#481,1.);
#481 = DIRECTION('',(0.956304755963,0.,0.292371704723));
#482 = ORIENTED_EDGE('',*,*,#483,.T.);
#483 = EDGE_CURVE('',#476,#467,#484,.T.);
#484 = CIRCLE('',#485,2.2);
#485 = AXIS2_PLACEMENT_3D('',#486,#487,#488);
#486 = CARTESIAN_POINT('',(-55.03507762407,106.,-8.832715250201));
#487 = DIRECTION('',(0.956304755963,-0.,0.292371704723));
#488 = DIRECTION('',(0.292371704723,0.,-0.956304755963));
#489 = CYLINDRICAL_SURFACE('',#490,2.2);
#490 = AXIS2_PLACEMENT_3D('',#491,#492,#493);
#491 = CARTESIAN_POINT('',(-59.4340795015,106.,-10.17762509192));
#492 = DIRECTION('',(-0.956304755963,0.,-0.292371704723));
#493 = DIRECTION('',(0.292371704723,0.,-0.956304755963));
#494 = ADVANCED_FACE('',(#495),#513,.T.);
#495 = FACE_BOUND('',#496,.T.);
#496 = EDGE_LOOP('',(#497,#498,#499,#507));
#497 = ORIENTED_EDGE('',*,*,#83,.F.);
#498 = ORIENTED_EDGE('',*,*,#466,.T.);
#499 = ORIENTED_EDGE('',*,*,#500,.T.);
#500 = EDGE_CURVE('',#467,#501,#503,.T.);
#501 = VERTEX_POINT('',#502);
#502 = CARTESIAN_POINT('',(-53.91366169826,106.,-12.50070146752));
#503 = LINE('',#504,#505);
#504 = CARTESIAN_POINT('',(-54.666143079,104.19786550256,-10.03944577298
    ));
#505 = VECTOR('',#506,1.);
#506 = DIRECTION('',(0.239496879616,0.573576436351,-0.78335899581));
#507 = ORIENTED_EDGE('',*,*,#508,.F.);
#508 = EDGE_CURVE('',#84,#501,#509,.T.);
#509 = LINE('',#510,#511);
#510 = CARTESIAN_POINT('',(-58.31266357569,106.,-13.84561130925));
#511 = VECTOR('',#512,1.);
#512 = DIRECTION('',(0.956304755963,0.,0.292371704723));
#513 = PLANE('',#514);
#514 = AXIS2_PLACEMENT_3D('',#515,#516,#517);
#515 = CARTESIAN_POINT('',(-59.06514495643,104.19786550256,
    -11.3843556147));
#516 = DIRECTION('',(-0.167697520485,0.819152044289,0.548513873991));
#517 = DIRECTION('',(0.239496879616,0.573576436351,-0.78335899581));
#518 = ADVANCED_FACE('',(#519),#530,.T.);
#519 = FACE_BOUND('',#520,.T.);
#520 = EDGE_LOOP('',(#521,#522,#523,#529));
#521 = ORIENTED_EDGE('',*,*,#91,.F.);
#522 = ORIENTED_EDGE('',*,*,#508,.T.);
#523 = ORIENTED_EDGE('',*,*,#524,.T.);
#524 = EDGE_CURVE('',#501,#476,#525,.T.);
#525 = LINE('',#526,#527);
#526 = CARTESIAN_POINT('',(-53.91366169826,106.,-12.50070146752));
#527 = VECTOR('',#528,1.);
#528 = DIRECTION('',(-0.239496879616,0.573576436351,0.78335899581));
#529 = ORIENTED_EDGE('',*,*,#475,.F.);
#530 = PLANE('',#531);
#531 = AXIS2_PLACEMENT_3D('',#532,#533,#534);
#532 = CARTESIAN_POINT('',(-58.31266357569,106.,-13.84561130925));
#533 = DIRECTION('',(-0.167697520485,-0.819152044289,0.548513873991));
#534 = DIRECTION('',(-0.239496879616,0.573576436351,0.78335899581));
#535 = ADVANCED_FACE('',(#536),#554,.T.);
#536 = FACE_BOUND('',#537,.T.);
#537 = EDGE_LOOP('',(#538,#547,#553));
#538 = ORIENTED_EDGE('',*,*,#539,.T.);
#539 = EDGE_CURVE('',#108,#540,#542,.T.);
#540 = VERTEX_POINT('',#541);
#541 = CARTESIAN_POINT('',(-61.49999999999,40.750000000029,0.));
#542 = ELLIPSE('',#543,1.71015180999,0.500000000021);
#543 = AXIS2_PLACEMENT_3D('',#544,#545,#546);
#544 = CARTESIAN_POINT('',(-60.99999999997,40.750000000028,
    -1.635426309314));
#545 = DIRECTION('',(-0.956304755963,0.,-0.292371704722));
#546 = DIRECTION('',(-0.292371704722,0.,0.956304755963));
#547 = ORIENTED_EDGE('',*,*,#548,.T.);
#548 = EDGE_CURVE('',#540,#106,#549,.T.);
#549 = LINE('',#550,#551);
#550 = CARTESIAN_POINT('',(-61.49999999999,40.750000000029,0.));
#551 = VECTOR('',#552,1.);
#552 = DIRECTION('',(-0.,-0.,-1.));
#553 = ORIENTED_EDGE('',*,*,#105,.T.);
#554 = CYLINDRICAL_SURFACE('',#555,0.500000000021);
#555 = AXIS2_PLACEMENT_3D('',#556,#557,#558);
#556 = CARTESIAN_POINT('',(-60.99999999997,40.750000000028,0.));
#557 = DIRECTION('',(0.,0.,1.));
#558 = DIRECTION('',(1.,0.,0.));
#559 = ADVANCED_FACE('',(#560),#619,.T.);
#560 = FACE_BOUND('',#561,.T.);
#561 = EDGE_LOOP('',(#562,#572,#580,#586,#587,#588,#589,#597,#605,#613)
  );
#562 = ORIENTED_EDGE('',*,*,#563,.F.);
#563 = EDGE_CURVE('',#564,#566,#568,.T.);
#564 = VERTEX_POINT('',#565);
#565 = CARTESIAN_POINT('',(-61.49999999999,39.249999999971,2.5));
#566 = VERTEX_POINT('',#567);
#567 = CARTESIAN_POINT('',(-61.49999999999,-39.24999999997,2.5));
#568 = LINE('',#569,#570);
#569 = CARTESIAN_POINT('',(-61.49999999999,39.249999999971,2.5));
#570 = VECTOR('',#571,1.);
#571 = DIRECTION('',(0.,-1.,0.));
#572 = ORIENTED_EDGE('',*,*,#573,.F.);
#573 = EDGE_CURVE('',#574,#564,#576,.T.);
#574 = VERTEX_POINT('',#575);
#575 = CARTESIAN_POINT('',(-61.49999999999,40.750000000029,2.5));
#576 = LINE('',#577,#578);
#577 = CARTESIAN_POINT('',(-61.5,41.25,2.5));
#578 = VECTOR('',#579,1.);
#579 = DIRECTION('',(0.,-1.,0.));
#580 = ORIENTED_EDGE('',*,*,#581,.F.);
#581 = EDGE_CURVE('',#443,#574,#582,.T.);
#582 = LINE('',#583,#584);
#583 = CARTESIAN_POINT('',(-61.49999999999,119.24999999997,2.5));
#584 = VECTOR('',#585,1.);
#585 = DIRECTION('',(0.,-1.,0.));
#586 = ORIENTED_EDGE('',*,*,#442,.T.);
#587 = ORIENTED_EDGE('',*,*,#274,.T.);
#588 = ORIENTED_EDGE('',*,*,#548,.F.);
#589 = ORIENTED_EDGE('',*,*,#590,.T.);
#590 = EDGE_CURVE('',#540,#591,#593,.T.);
#591 = VERTEX_POINT('',#592);
#592 = CARTESIAN_POINT('',(-61.49999999999,39.249999999971,0.));
#593 = LINE('',#594,#595);
#594 = CARTESIAN_POINT('',(-61.49999999999,119.24999999997,-8.88E-15));
#595 = VECTOR('',#596,1.);
#596 = DIRECTION('',(0.,-1.,0.));
#597 = ORIENTED_EDGE('',*,*,#598,.T.);
#598 = EDGE_CURVE('',#591,#599,#601,.T.);
#599 = VERTEX_POINT('',#600);
#600 = CARTESIAN_POINT('',(-61.49999999999,39.249999999971,-0.8));
#601 = LINE('',#602,#603);
#602 = CARTESIAN_POINT('',(-61.49999999999,39.249999999971,0.));
#603 = VECTOR('',#604,1.);
#604 = DIRECTION('',(-0.,-0.,-1.));
#605 = ORIENTED_EDGE('',*,*,#606,.T.);
#606 = EDGE_CURVE('',#599,#607,#609,.T.);
#607 = VERTEX_POINT('',#608);
#608 = CARTESIAN_POINT('',(-61.49999999999,-39.24999999997,-0.8));
#609 = LINE('',#610,#611);
#610 = CARTESIAN_POINT('',(-61.49999999999,39.249999999971,-0.8));
#611 = VECTOR('',#612,1.);
#612 = DIRECTION('',(0.,-1.,0.));
#613 = ORIENTED_EDGE('',*,*,#614,.F.);
#614 = EDGE_CURVE('',#566,#607,#615,.T.);
#615 = LINE('',#616,#617);
#616 = CARTESIAN_POINT('',(-61.49999999999,-39.24999999997,0.));
#617 = VECTOR('',#618,1.);
#618 = DIRECTION('',(-0.,-0.,-1.));
#619 = PLANE('',#620);
#620 = AXIS2_PLACEMENT_3D('',#621,#622,#623);
#621 = CARTESIAN_POINT('',(-61.49999999999,40.,0.8475399754));
#622 = DIRECTION('',(-1.,7.92E-15,3.4626E-13));
#623 = DIRECTION('',(-3.4626E-13,1.258411258114E-43,-1.));
#624 = ADVANCED_FACE('',(#625),#645,.T.);
#625 = FACE_BOUND('',#626,.T.);
#626 = EDGE_LOOP('',(#627,#635,#642,#643,#644));
#627 = ORIENTED_EDGE('',*,*,#628,.F.);
#628 = EDGE_CURVE('',#629,#347,#631,.T.);
#629 = VERTEX_POINT('',#630);
#630 = CARTESIAN_POINT('',(-54.52341360856,112.15,-2.297564147492));
#631 = LINE('',#632,#633);
#632 = CARTESIAN_POINT('',(-54.52341360856,116.15,-2.297564147492));
#633 = VECTOR('',#634,1.);
#634 = DIRECTION('',(0.,-1.,2.2E-16));
#635 = ORIENTED_EDGE('',*,*,#636,.T.);
#636 = EDGE_CURVE('',#629,#242,#637,.T.);
#637 = ELLIPSE('',#638,4.530280202756,4.);
#638 = AXIS2_PLACEMENT_3D('',#639,#640,#641);
#639 = CARTESIAN_POINT('',(-51.32002175652,112.15,0.905827704552));
#640 = DIRECTION('',(0.707106781187,-1.6E-16,-0.707106781187));
#641 = DIRECTION('',(0.707106781187,-1.2E-15,0.707106781187));
#642 = ORIENTED_EDGE('',*,*,#250,.T.);
#643 = ORIENTED_EDGE('',*,*,#297,.T.);
#644 = ORIENTED_EDGE('',*,*,#354,.T.);
#645 = PLANE('',#646);
#646 = AXIS2_PLACEMENT_3D('',#647,#648,#649);
#647 = CARTESIAN_POINT('',(-51.72584946107,116.15,0.5));
#648 = DIRECTION('',(0.707106781187,-1.6E-16,-0.707106781187));
#649 = DIRECTION('',(-0.707106781187,-1.6E-16,-0.707106781187));
#650 = ADVANCED_FACE('',(#651),#687,.F.);
#651 = FACE_BOUND('',#652,.T.);
#652 = EDGE_LOOP('',(#653,#661,#670,#678,#685,#686));
#653 = ORIENTED_EDGE('',*,*,#654,.F.);
#654 = EDGE_CURVE('',#655,#629,#657,.T.);
#655 = VERTEX_POINT('',#656);
#656 = CARTESIAN_POINT('',(-50.02842787628,112.15,-17.));
#657 = LINE('',#658,#659);
#658 = CARTESIAN_POINT('',(-50.02842787628,112.15,-17.));
#659 = VECTOR('',#660,1.);
#660 = DIRECTION('',(-0.292371704723,-4.2E-16,0.956304755963));
#661 = ORIENTED_EDGE('',*,*,#662,.T.);
#662 = EDGE_CURVE('',#655,#663,#665,.T.);
#663 = VERTEX_POINT('',#664);
#664 = CARTESIAN_POINT('',(-45.55536079404,116.15,-17.94952869926));
#665 = ELLIPSE('',#666,4.5727381155,4.);
#666 = AXIS2_PLACEMENT_3D('',#667,#668,#669);
#667 = CARTESIAN_POINT('',(-45.55536079404,112.15,-17.94952869926));
#668 = DIRECTION('',(-0.207649918994,4.3E-16,-0.978203205444));
#669 = DIRECTION('',(-0.978203205444,-9.E-17,0.207649918994));
#670 = ORIENTED_EDGE('',*,*,#671,.T.);
#671 = EDGE_CURVE('',#663,#672,#674,.T.);
#672 = VERTEX_POINT('',#673);
#673 = CARTESIAN_POINT('',(-50.78321135588,116.15,-0.85));
#674 = LINE('',#675,#676);
#675 = CARTESIAN_POINT('',(-46.20320885242,116.15,-15.8305131811));
#676 = VECTOR('',#677,1.);
#677 = DIRECTION('',(-0.292371704723,-4.2E-16,0.956304755963));
#678 = ORIENTED_EDGE('',*,*,#679,.T.);
#679 = EDGE_CURVE('',#672,#234,#680,.T.);
#680 = ELLIPSE('',#681,5.915325856343,4.);
#681 = AXIS2_PLACEMENT_3D('',#682,#683,#684);
#682 = CARTESIAN_POINT('',(-52.00613408172,112.15,3.15));
#683 = DIRECTION('',(-1.125818106932E-17,0.707106781187,0.707106781187)
  );
#684 = DIRECTION('',(-0.396861694172,-0.649038055779,0.649038055779));
#685 = ORIENTED_EDGE('',*,*,#241,.T.);
#686 = ORIENTED_EDGE('',*,*,#636,.F.);
#687 = CYLINDRICAL_SURFACE('',#688,4.);
#688 = AXIS2_PLACEMENT_3D('',#689,#690,#691);
#689 = CARTESIAN_POINT('',(-46.20320885242,112.15,-15.8305131811));
#690 = DIRECTION('',(-0.292371704723,-4.2E-16,0.956304755963));
#691 = DIRECTION('',(-0.956304755963,-6.E-17,-0.292371704723));
#692 = ADVANCED_FACE('',(#693),#711,.F.);
#693 = FACE_BOUND('',#694,.F.);
#694 = EDGE_LOOP('',(#695,#696,#704,#710));
#695 = ORIENTED_EDGE('',*,*,#233,.T.);
#696 = ORIENTED_EDGE('',*,*,#697,.F.);
#697 = EDGE_CURVE('',#698,#226,#700,.T.);
#698 = VERTEX_POINT('',#699);
#699 = CARTESIAN_POINT('',(51.5,116.15,-0.85));
#700 = LINE('',#701,#702);
#701 = CARTESIAN_POINT('',(51.5,115.9625,-0.6625));
#702 = VECTOR('',#703,1.);
#703 = DIRECTION('',(0.,-0.707106781187,0.707106781187));
#704 = ORIENTED_EDGE('',*,*,#705,.F.);
#705 = EDGE_CURVE('',#672,#698,#706,.T.);
#706 = LINE('',#707,#708);
#707 = CARTESIAN_POINT('',(-33.24268515429,116.15,-0.85));
#708 = VECTOR('',#709,1.);
#709 = DIRECTION('',(1.,0.,0.));
#710 = ORIENTED_EDGE('',*,*,#679,.T.);
#711 = PLANE('',#712);
#712 = AXIS2_PLACEMENT_3D('',#713,#714,#715);
#713 = CARTESIAN_POINT('',(-60.,115.2,9.999999999999E-02));
#714 = DIRECTION('',(0.,0.707106781187,0.707106781187));
#715 = DIRECTION('',(0.,0.707106781187,-0.707106781187));
#716 = ADVANCED_FACE('',(#717),#766,.T.);
#717 = FACE_BOUND('',#718,.T.);
#718 = EDGE_LOOP('',(#719,#727,#728,#729,#737,#745,#751,#752,#760));
#719 = ORIENTED_EDGE('',*,*,#720,.T.);
#720 = EDGE_CURVE('',#721,#217,#723,.T.);
#721 = VERTEX_POINT('',#722);
#722 = CARTESIAN_POINT('',(51.5,112.,2.5));
#723 = LINE('',#724,#725);
#724 = CARTESIAN_POINT('',(51.5,112.,2.5));
#725 = VECTOR('',#726,1.);
#726 = DIRECTION('',(-0.,-0.,-1.));
#727 = ORIENTED_EDGE('',*,*,#225,.T.);
#728 = ORIENTED_EDGE('',*,*,#697,.F.);
#729 = ORIENTED_EDGE('',*,*,#730,.F.);
#730 = EDGE_CURVE('',#731,#698,#733,.T.);
#731 = VERTEX_POINT('',#732);
#732 = CARTESIAN_POINT('',(51.5,116.15,-1.));
#733 = LINE('',#734,#735);
#734 = CARTESIAN_POINT('',(51.5,116.15,-13.51736314543));
#735 = VECTOR('',#736,1.);
#736 = DIRECTION('',(0.,-4.4E-16,1.));
#737 = ORIENTED_EDGE('',*,*,#738,.T.);
#738 = EDGE_CURVE('',#731,#739,#741,.T.);
#739 = VERTEX_POINT('',#740);
#740 = CARTESIAN_POINT('',(51.5,43.95,-1.));
#741 = LINE('',#742,#743);
#742 = CARTESIAN_POINT('',(51.5,117.15,-1.));
#743 = VECTOR('',#744,1.);
#744 = DIRECTION('',(0.,-1.,2.2E-16));
#745 = ORIENTED_EDGE('',*,*,#746,.F.);
#746 = EDGE_CURVE('',#150,#739,#747,.T.);
#747 = LINE('',#748,#749);
#748 = CARTESIAN_POINT('',(51.5,43.95,-12.70976630075));
#749 = VECTOR('',#750,1.);
#750 = DIRECTION('',(0.,0.,-1.));
#751 = ORIENTED_EDGE('',*,*,#157,.T.);
#752 = ORIENTED_EDGE('',*,*,#753,.F.);
#753 = EDGE_CURVE('',#754,#158,#756,.T.);
#754 = VERTEX_POINT('',#755);
#755 = CARTESIAN_POINT('',(51.5,48.,2.5));
#756 = LINE('',#757,#758);
#757 = CARTESIAN_POINT('',(51.5,48.,0.));
#758 = VECTOR('',#759,1.);
#759 = DIRECTION('',(-0.,-0.,-1.));
#760 = ORIENTED_EDGE('',*,*,#761,.T.);
#761 = EDGE_CURVE('',#754,#721,#762,.T.);
#762 = LINE('',#763,#764);
#763 = CARTESIAN_POINT('',(51.5,48.,2.5));
#764 = VECTOR('',#765,1.);
#765 = DIRECTION('',(0.,1.,0.));
#766 = PLANE('',#767);
#767 = AXIS2_PLACEMENT_3D('',#768,#769,#770);
#768 = CARTESIAN_POINT('',(51.5,80.040831368363,0.571530075422));
#769 = DIRECTION('',(-1.,-0.,-0.));
#770 = DIRECTION('',(0.,0.,-1.));
#771 = ADVANCED_FACE('',(#772),#810,.F.);
#772 = FACE_BOUND('',#773,.F.);
#773 = EDGE_LOOP('',(#774,#782,#801,#808,#809));
#774 = ORIENTED_EDGE('',*,*,#775,.F.);
#775 = EDGE_CURVE('',#776,#209,#778,.T.);
#776 = VERTEX_POINT('',#777);
#777 = CARTESIAN_POINT('',(48.5,115.,1.9));
#778 = LINE('',#779,#780);
#779 = CARTESIAN_POINT('',(48.5,115.,0.));
#780 = VECTOR('',#781,1.);
#781 = DIRECTION('',(-0.,-0.,-1.));
#782 = ORIENTED_EDGE('',*,*,#783,.F.);
#783 = EDGE_CURVE('',#784,#776,#786,.T.);
#784 = VERTEX_POINT('',#785);
#785 = CARTESIAN_POINT('',(51.280061824852,113.1275,2.5));
#786 = B_SPLINE_CURVE_WITH_KNOTS('',7,(#787,#788,#789,#790,#791,#792,
    #793,#794,#795,#796,#797,#798,#799,#800),.UNSPECIFIED.,.F.,.F.,(8,6,
    8),(0.,0.522278745721,1.),.UNSPECIFIED.);
#787 = CARTESIAN_POINT('',(51.280062633956,113.127498005,2.500000600001)
  );
#788 = CARTESIAN_POINT('',(51.184384193579,113.36341155499,
    2.429049165108));
#789 = CARTESIAN_POINT('',(51.065115775144,113.59042961065,
    2.359570967089));
#790 = CARTESIAN_POINT('',(50.922926995842,113.80631125212,
    2.292329806145));
#791 = CARTESIAN_POINT('',(50.758626476672,114.00860007065,
    2.228229255094));
#792 = CARTESIAN_POINT('',(50.573336505466,114.19472529221,
    2.168297225365));
#793 = CARTESIAN_POINT('',(50.368545315015,114.3620346482,2.113674897495
    ));
#794 = CARTESIAN_POINT('',(49.943039911215,114.64135596713,
    2.021468662963));
#795 = CARTESIAN_POINT('',(49.725048144858,114.75695075937,
    1.982801291639));
#796 = CARTESIAN_POINT('',(49.494298065107,114.85239403405,1.9505014697)
  );
#797 = CARTESIAN_POINT('',(49.253225695467,114.92568624209,1.92547916618
    ));
#798 = CARTESIAN_POINT('',(49.004745765419,114.9752433077,1.908487970862
    ));
#799 = CARTESIAN_POINT('',(48.752308059361,115.,1.9));
#800 = CARTESIAN_POINT('',(48.5,115.,1.9));
#801 = ORIENTED_EDGE('',*,*,#802,.F.);
#802 = EDGE_CURVE('',#721,#784,#803,.T.);
#803 = CIRCLE('',#804,3.);
#804 = AXIS2_PLACEMENT_3D('',#805,#806,#807);
#805 = CARTESIAN_POINT('',(48.5,112.,2.5));
#806 = DIRECTION('',(0.,0.,1.));
#807 = DIRECTION('',(1.,0.,0.));
#808 = ORIENTED_EDGE('',*,*,#720,.T.);
#809 = ORIENTED_EDGE('',*,*,#216,.T.);
#810 = CYLINDRICAL_SURFACE('',#811,3.);
#811 = AXIS2_PLACEMENT_3D('',#812,#813,#814);
#812 = CARTESIAN_POINT('',(48.5,112.,2.5));
#813 = DIRECTION('',(0.,0.,1.));
#814 = DIRECTION('',(1.,0.,0.));
#815 = ADVANCED_FACE('',(#816),#834,.T.);
#816 = FACE_BOUND('',#817,.T.);
#817 = EDGE_LOOP('',(#818,#819,#827,#833));
#818 = ORIENTED_EDGE('',*,*,#775,.F.);
#819 = ORIENTED_EDGE('',*,*,#820,.T.);
#820 = EDGE_CURVE('',#776,#821,#823,.T.);
#821 = VERTEX_POINT('',#822);
#822 = CARTESIAN_POINT('',(-38.5,115.,1.9));
#823 = LINE('',#824,#825);
#824 = CARTESIAN_POINT('',(48.5,115.,1.9));
#825 = VECTOR('',#826,1.);
#826 = DIRECTION('',(-1.,0.,0.));
#827 = ORIENTED_EDGE('',*,*,#828,.T.);
#828 = EDGE_CURVE('',#821,#200,#829,.T.);
#829 = LINE('',#830,#831);
#830 = CARTESIAN_POINT('',(-38.5,115.,2.5));
#831 = VECTOR('',#832,1.);
#832 = DIRECTION('',(-0.,-0.,-1.));
#833 = ORIENTED_EDGE('',*,*,#208,.F.);
#834 = PLANE('',#835);
#835 = AXIS2_PLACEMENT_3D('',#836,#837,#838);
#836 = CARTESIAN_POINT('',(5.,115.,0.85));
#837 = DIRECTION('',(-0.,-1.,-0.));
#838 = DIRECTION('',(0.,0.,-1.));
#839 = ADVANCED_FACE('',(#840),#878,.F.);
#840 = FACE_BOUND('',#841,.F.);
#841 = EDGE_LOOP('',(#842,#850,#859,#876,#877));
#842 = ORIENTED_EDGE('',*,*,#843,.F.);
#843 = EDGE_CURVE('',#844,#192,#846,.T.);
#844 = VERTEX_POINT('',#845);
#845 = CARTESIAN_POINT('',(-41.5,112.,2.5));
#846 = LINE('',#847,#848);
#847 = CARTESIAN_POINT('',(-41.5,112.,0.));
#848 = VECTOR('',#849,1.);
#849 = DIRECTION('',(-0.,-0.,-1.));
#850 = ORIENTED_EDGE('',*,*,#851,.F.);
#851 = EDGE_CURVE('',#852,#844,#854,.T.);
#852 = VERTEX_POINT('',#853);
#853 = CARTESIAN_POINT('',(-41.28006182485,113.1275,2.5));
#854 = CIRCLE('',#855,3.);
#855 = AXIS2_PLACEMENT_3D('',#856,#857,#858);
#856 = CARTESIAN_POINT('',(-38.5,112.,2.5));
#857 = DIRECTION('',(0.,0.,1.));
#858 = DIRECTION('',(1.,0.,0.));
#859 = ORIENTED_EDGE('',*,*,#860,.F.);
#860 = EDGE_CURVE('',#821,#852,#861,.T.);
#861 = B_SPLINE_CURVE_WITH_KNOTS('',7,(#862,#863,#864,#865,#866,#867,
    #868,#869,#870,#871,#872,#873,#874,#875),.UNSPECIFIED.,.F.,.F.,(8,6,
    8),(0.,0.479104158449,1.),.UNSPECIFIED.);
#862 = CARTESIAN_POINT('',(-38.5,115.,1.9));
#863 = CARTESIAN_POINT('',(-38.75303871131,115.,1.9));
#864 = CARTESIAN_POINT('',(-39.00620807547,114.97509971088,
    1.908537203011));
#865 = CARTESIAN_POINT('',(-39.2553840119,114.92525501158,1.925627021186
    ));
#866 = CARTESIAN_POINT('',(-39.49708874578,114.85154408966,
    1.950791636172));
#867 = CARTESIAN_POINT('',(-39.72838606568,114.75556792342,
    1.983269250424));
#868 = CARTESIAN_POINT('',(-39.94682403007,114.63934630737,
    2.022140870017));
#869 = CARTESIAN_POINT('',(-40.37179970975,114.35937240951,
    2.114543966845));
#870 = CARTESIAN_POINT('',(-40.57579042929,114.19225768252,
    2.169091720434));
#871 = CARTESIAN_POINT('',(-40.76036713092,114.00645512567,
    2.228908885648));
#872 = CARTESIAN_POINT('',(-40.92405671947,113.80459494475,
    2.292864359416));
#873 = CARTESIAN_POINT('',(-41.06574757932,113.58922666385,
    2.359939117055));
#874 = CARTESIAN_POINT('',(-41.18463769286,113.36278650386,
    2.429237150386));
#875 = CARTESIAN_POINT('',(-41.28006263395,113.127498005,2.5000006));
#876 = ORIENTED_EDGE('',*,*,#828,.T.);
#877 = ORIENTED_EDGE('',*,*,#199,.T.);
#878 = CYLINDRICAL_SURFACE('',#879,3.);
#879 = AXIS2_PLACEMENT_3D('',#880,#881,#882);
#880 = CARTESIAN_POINT('',(-38.5,112.,2.5));
#881 = DIRECTION('',(0.,0.,1.));
#882 = DIRECTION('',(1.,0.,0.));
#883 = ADVANCED_FACE('',(#884),#902,.T.);
#884 = FACE_BOUND('',#885,.T.);
#885 = EDGE_LOOP('',(#886,#894,#900,#901));
#886 = ORIENTED_EDGE('',*,*,#887,.T.);
#887 = EDGE_CURVE('',#844,#888,#890,.T.);
#888 = VERTEX_POINT('',#889);
#889 = CARTESIAN_POINT('',(-41.5,48.,2.5));
#890 = LINE('',#891,#892);
#891 = CARTESIAN_POINT('',(-41.5,112.,2.5));
#892 = VECTOR('',#893,1.);
#893 = DIRECTION('',(0.,-1.,0.));
#894 = ORIENTED_EDGE('',*,*,#895,.T.);
#895 = EDGE_CURVE('',#888,#183,#896,.T.);
#896 = LINE('',#897,#898);
#897 = CARTESIAN_POINT('',(-41.5,48.,2.5));
#898 = VECTOR('',#899,1.);
#899 = DIRECTION('',(-0.,-0.,-1.));
#900 = ORIENTED_EDGE('',*,*,#191,.F.);
#901 = ORIENTED_EDGE('',*,*,#843,.F.);
#902 = PLANE('',#903);
#903 = AXIS2_PLACEMENT_3D('',#904,#905,#906);
#904 = CARTESIAN_POINT('',(-41.5,80.,0.85));
#905 = DIRECTION('',(1.,0.,-2.12E-15));
#906 = DIRECTION('',(2.12E-15,0.,1.));
#907 = ADVANCED_FACE('',(#908),#946,.F.);
#908 = FACE_BOUND('',#909,.F.);
#909 = EDGE_LOOP('',(#910,#918,#937,#944,#945));
#910 = ORIENTED_EDGE('',*,*,#911,.F.);
#911 = EDGE_CURVE('',#912,#175,#914,.T.);
#912 = VERTEX_POINT('',#913);
#913 = CARTESIAN_POINT('',(-38.5,45.,1.9));
#914 = LINE('',#915,#916);
#915 = CARTESIAN_POINT('',(-38.5,45.,0.));
#916 = VECTOR('',#917,1.);
#917 = DIRECTION('',(-0.,-0.,-1.));
#918 = ORIENTED_EDGE('',*,*,#919,.F.);
#919 = EDGE_CURVE('',#920,#912,#922,.T.);
#920 = VERTEX_POINT('',#921);
#921 = CARTESIAN_POINT('',(-41.28006182485,46.8725,2.5));
#922 = B_SPLINE_CURVE_WITH_KNOTS('',7,(#923,#924,#925,#926,#927,#928,
    #929,#930,#931,#932,#933,#934,#935,#936),.UNSPECIFIED.,.F.,.F.,(8,6,
    8),(0.,0.521676578124,1.),.UNSPECIFIED.);
#923 = CARTESIAN_POINT('',(-41.28006263395,46.872501994999,2.5000006));
#924 = CARTESIAN_POINT('',(-41.1844945716,46.6368606032,2.429131017185)
  );
#925 = CARTESIAN_POINT('',(-41.06539091489,46.410094159184,
    2.359731263814));
#926 = CARTESIAN_POINT('',(-40.92341901801,46.194436004571,
    2.292562549661));
#927 = CARTESIAN_POINT('',(-40.75938462279,45.992333743377,
    2.228525148188));
#928 = CARTESIAN_POINT('',(-40.57440536094,45.806348881917,
    2.168643094557));
#929 = CARTESIAN_POINT('',(-40.36996285991,45.639124066156,
    2.114053173349));
#930 = CARTESIAN_POINT('',(-39.94468799983,45.359518464227,
    2.021761161296));
#931 = CARTESIAN_POINT('',(-39.72650176464,45.243650902544,
    1.983004901646));
#932 = CARTESIAN_POINT('',(-39.49551327869,45.147975755432,
    1.950627714773));
#933 = CARTESIAN_POINT('',(-39.25416549283,45.074501369927,
    1.925543492271));
#934 = CARTESIAN_POINT('',(-39.00538248077,45.024819165786,1.90850938989
    ));
#935 = CARTESIAN_POINT('',(-38.75262619787,45.,1.9));
#936 = CARTESIAN_POINT('',(-38.5,45.,1.9));
#937 = ORIENTED_EDGE('',*,*,#938,.F.);
#938 = EDGE_CURVE('',#888,#920,#939,.T.);
#939 = CIRCLE('',#940,3.);
#940 = AXIS2_PLACEMENT_3D('',#941,#942,#943);
#941 = CARTESIAN_POINT('',(-38.5,48.,2.5));
#942 = DIRECTION('',(0.,0.,1.));
#943 = DIRECTION('',(1.,0.,0.));
#944 = ORIENTED_EDGE('',*,*,#895,.T.);
#945 = ORIENTED_EDGE('',*,*,#182,.T.);
#946 = CYLINDRICAL_SURFACE('',#947,3.);
#947 = AXIS2_PLACEMENT_3D('',#948,#949,#950);
#948 = CARTESIAN_POINT('',(-38.5,48.,2.5));
#949 = DIRECTION('',(0.,0.,1.));
#950 = DIRECTION('',(1.,0.,0.));
#951 = ADVANCED_FACE('',(#952),#970,.T.);
#952 = FACE_BOUND('',#953,.T.);
#953 = EDGE_LOOP('',(#954,#955,#963,#969));
#954 = ORIENTED_EDGE('',*,*,#911,.F.);
#955 = ORIENTED_EDGE('',*,*,#956,.T.);
#956 = EDGE_CURVE('',#912,#957,#959,.T.);
#957 = VERTEX_POINT('',#958);
#958 = CARTESIAN_POINT('',(48.5,45.,1.9));
#959 = LINE('',#960,#961);
#960 = CARTESIAN_POINT('',(-38.5,45.,1.9));
#961 = VECTOR('',#962,1.);
#962 = DIRECTION('',(1.,0.,0.));
#963 = ORIENTED_EDGE('',*,*,#964,.T.);
#964 = EDGE_CURVE('',#957,#166,#965,.T.);
#965 = LINE('',#966,#967);
#966 = CARTESIAN_POINT('',(48.5,45.,2.5));
#967 = VECTOR('',#968,1.);
#968 = DIRECTION('',(-0.,-0.,-1.));
#969 = ORIENTED_EDGE('',*,*,#174,.F.);
#970 = PLANE('',#971);
#971 = AXIS2_PLACEMENT_3D('',#972,#973,#974);
#972 = CARTESIAN_POINT('',(5.,45.,0.85));
#973 = DIRECTION('',(0.,1.,0.));
#974 = DIRECTION('',(0.,0.,1.));
#975 = ADVANCED_FACE('',(#976),#1011,.F.);
#976 = FACE_BOUND('',#977,.F.);
#977 = EDGE_LOOP('',(#978,#979,#988,#1009,#1010));
#978 = ORIENTED_EDGE('',*,*,#753,.F.);
#979 = ORIENTED_EDGE('',*,*,#980,.F.);
#980 = EDGE_CURVE('',#981,#754,#983,.T.);
#981 = VERTEX_POINT('',#982);
#982 = CARTESIAN_POINT('',(51.280061824852,46.872499999999,2.5));
#983 = CIRCLE('',#984,3.);
#984 = AXIS2_PLACEMENT_3D('',#985,#986,#987);
#985 = CARTESIAN_POINT('',(48.5,48.,2.5));
#986 = DIRECTION('',(0.,0.,1.));
#987 = DIRECTION('',(1.,0.,0.));
#988 = ORIENTED_EDGE('',*,*,#989,.F.);
#989 = EDGE_CURVE('',#957,#981,#990,.T.);
#990 = B_SPLINE_CURVE_WITH_KNOTS('',5,(#991,#992,#993,#994,#995,#996,
    #997,#998,#999,#1000,#1001,#1002,#1003,#1004,#1005,#1006,#1007,#1008
    ),.UNSPECIFIED.,.F.,.F.,(6,4,4,4,6),(0.,0.237302155807,
    0.478603094669,0.736793564643,1.),.UNSPECIFIED.);
#991 = CARTESIAN_POINT('',(48.5,45.,1.9));
#992 = CARTESIAN_POINT('',(48.675411343416,45.,1.9));
#993 = CARTESIAN_POINT('',(48.850841100945,45.012821160235,
    1.904395667557));
#994 = CARTESIAN_POINT('',(49.024638647844,45.038464402806,
    1.913188359688));
#995 = CARTESIAN_POINT('',(49.195305139339,45.07653379607,1.926193485096
    ));
#996 = CARTESIAN_POINT('',(49.530499249256,45.177023151005,
    1.960303891955));
#997 = CARTESIAN_POINT('',(49.694898818864,45.239849762614,
    1.981544590197));
#998 = CARTESIAN_POINT('',(49.853336726819,45.314145486338,
    2.006512440021));
#999 = CARTESIAN_POINT('',(50.004785820683,45.399002566604,
    2.034794571458));
#1000 = CARTESIAN_POINT('',(50.302177328295,45.594587583189,
    2.09935203893));
#1001 = CARTESIAN_POINT('',(50.446994315891,45.706711543133,
    2.136048660518));
#1002 = CARTESIAN_POINT('',(50.581967708119,45.828733814054,
    2.175574376015));
#1003 = CARTESIAN_POINT('',(50.706453487984,45.959504953458,
    2.217440440511));
#1004 = CARTESIAN_POINT('',(50.935691828045,46.23911385493,
    2.305854367446));
#1005 = CARTESIAN_POINT('',(51.040008200296,46.388245652416,
    2.352474907765));
#1006 = CARTESIAN_POINT('',(51.132416805089,46.54424019558,
    2.400633806452));
#1007 = CARTESIAN_POINT('',(51.212537781086,46.706006516077,
    2.449926777902));
#1008 = CARTESIAN_POINT('',(51.280062633956,46.872501995,2.5000006));
#1009 = ORIENTED_EDGE('',*,*,#964,.T.);
#1010 = ORIENTED_EDGE('',*,*,#165,.T.);
#1011 = CYLINDRICAL_SURFACE('',#1012,3.);
#1012 = AXIS2_PLACEMENT_3D('',#1013,#1014,#1015);
#1013 = CARTESIAN_POINT('',(48.5,48.,2.5));
#1014 = DIRECTION('',(0.,0.,1.));
#1015 = DIRECTION('',(1.,0.,0.));
#1016 = ADVANCED_FACE('',(#1017),#1093,.T.);
#1017 = FACE_BOUND('',#1018,.T.);
#1018 = EDGE_LOOP('',(#1019,#1029,#1037,#1045,#1051,#1052,#1053,#1061,
    #1069,#1077,#1087));
#1019 = ORIENTED_EDGE('',*,*,#1020,.F.);
#1020 = EDGE_CURVE('',#1021,#1023,#1025,.T.);
#1021 = VERTEX_POINT('',#1022);
#1022 = CARTESIAN_POINT('',(-42.08662713929,43.95,-70.5));
#1023 = VERTEX_POINT('',#1024);
#1024 = CARTESIAN_POINT('',(-19.25916979427,43.95,-70.5));
#1025 = LINE('',#1026,#1027);
#1026 = CARTESIAN_POINT('',(-49.25916979427,43.95,-70.5));
#1027 = VECTOR('',#1028,1.);
#1028 = DIRECTION('',(1.,0.,0.));
#1029 = ORIENTED_EDGE('',*,*,#1030,.T.);
#1030 = EDGE_CURVE('',#1021,#1031,#1033,.T.);
#1031 = VERTEX_POINT('',#1032);
#1032 = CARTESIAN_POINT('',(-48.70584535064,43.95,-20.2220460481));
#1033 = LINE('',#1034,#1035);
#1034 = CARTESIAN_POINT('',(-42.14008997465,43.95,-70.09390944842));
#1035 = VECTOR('',#1036,1.);
#1036 = DIRECTION('',(-0.13052619222,0.,0.991444861374));
#1037 = ORIENTED_EDGE('',*,*,#1038,.T.);
#1038 = EDGE_CURVE('',#1031,#1039,#1041,.T.);
#1039 = VERTEX_POINT('',#1040);
#1040 = CARTESIAN_POINT('',(-46.54929804075,43.95,-17.73853880716));
#1041 = LINE('',#1042,#1043);
#1042 = CARTESIAN_POINT('',(-49.62407917779,43.95,-21.27949577254));
#1043 = VECTOR('',#1044,1.);
#1044 = DIRECTION('',(0.655654995826,0.,0.755060611109));
#1045 = ORIENTED_EDGE('',*,*,#1046,.T.);
#1046 = EDGE_CURVE('',#1039,#141,#1047,.T.);
#1047 = LINE('',#1048,#1049);
#1048 = CARTESIAN_POINT('',(-47.05319111174,43.95,-16.09037883647));
#1049 = VECTOR('',#1050,1.);
#1050 = DIRECTION('',(-0.292371704723,0.,0.956304755963));
#1051 = ORIENTED_EDGE('',*,*,#149,.T.);
#1052 = ORIENTED_EDGE('',*,*,#746,.T.);
#1053 = ORIENTED_EDGE('',*,*,#1054,.T.);
#1054 = EDGE_CURVE('',#739,#1055,#1057,.T.);
#1055 = VERTEX_POINT('',#1056);
#1056 = CARTESIAN_POINT('',(53.3,43.95,-1.));
#1057 = LINE('',#1058,#1059);
#1058 = CARTESIAN_POINT('',(23.407314845708,43.95,-1.));
#1059 = VECTOR('',#1060,1.);
#1060 = DIRECTION('',(1.,0.,0.));
#1061 = ORIENTED_EDGE('',*,*,#1062,.T.);
#1062 = EDGE_CURVE('',#1055,#1063,#1065,.T.);
#1063 = VERTEX_POINT('',#1064);
#1064 = CARTESIAN_POINT('',(53.5,43.95,-0.8));
#1065 = LINE('',#1066,#1067);
#1066 = CARTESIAN_POINT('',(32.394975850139,43.95,-21.90502414986));
#1067 = VECTOR('',#1068,1.);
#1068 = DIRECTION('',(0.707106781187,0.,0.707106781187));
#1069 = ORIENTED_EDGE('',*,*,#1070,.T.);
#1070 = EDGE_CURVE('',#1063,#1071,#1073,.T.);
#1071 = VERTEX_POINT('',#1072);
#1072 = CARTESIAN_POINT('',(55.348114575409,43.95,-0.8));
#1073 = LINE('',#1074,#1075);
#1074 = CARTESIAN_POINT('',(-2.136651896123,43.95,-0.8));
#1075 = VECTOR('',#1076,1.);
#1076 = DIRECTION('',(1.,0.,0.));
#1077 = ORIENTED_EDGE('',*,*,#1078,.T.);
#1078 = EDGE_CURVE('',#1071,#1079,#1081,.T.);
#1079 = VERTEX_POINT('',#1080);
#1080 = CARTESIAN_POINT('',(56.632740847223,43.95,-13.64626307443));
#1081 = B_SPLINE_CURVE_WITH_KNOTS('',4,(#1082,#1083,#1084,#1085,#1086),
  .UNSPECIFIED.,.F.,.F.,(5,5),(0.,1.),.PIECEWISE_BEZIER_KNOTS.);
#1082 = CARTESIAN_POINT('',(55.268114575409,43.95,-2.487E-14));
#1083 = CARTESIAN_POINT('',(55.622840750988,43.95,-3.54726175579));
#1084 = CARTESIAN_POINT('',(55.977566926567,43.95,-7.09452351158));
#1085 = CARTESIAN_POINT('',(56.332293102146,43.95,-10.64178526737));
#1086 = CARTESIAN_POINT('',(56.687019277725,43.95,-14.18904702316));
#1087 = ORIENTED_EDGE('',*,*,#1088,.F.);
#1088 = EDGE_CURVE('',#1023,#1079,#1089,.T.);
#1089 = LINE('',#1090,#1091);
#1090 = CARTESIAN_POINT('',(-19.25916979427,43.95,-70.5));
#1091 = VECTOR('',#1092,1.);
#1092 = DIRECTION('',(0.800329895836,0.,0.599559886777));
#1093 = PLANE('',#1094);
#1094 = AXIS2_PLACEMENT_3D('',#1095,#1096,#1097);
#1095 = CARTESIAN_POINT('',(-6.485370308585,43.95,-26.03472629086));
#1096 = DIRECTION('',(0.,1.,0.));
#1097 = DIRECTION('',(0.,0.,1.));
#1098 = ADVANCED_FACE('',(#1099),#1127,.F.);
#1099 = FACE_BOUND('',#1100,.T.);
#1100 = EDGE_LOOP('',(#1101,#1102,#1111,#1119,#1126));
#1101 = ORIENTED_EDGE('',*,*,#1046,.F.);
#1102 = ORIENTED_EDGE('',*,*,#1103,.T.);
#1103 = EDGE_CURVE('',#1039,#1104,#1106,.T.);
#1104 = VERTEX_POINT('',#1105);
#1105 = CARTESIAN_POINT('',(-50.02842787628,47.85,-17.));
#1106 = ELLIPSE('',#1107,4.5727381155,4.);
#1107 = AXIS2_PLACEMENT_3D('',#1108,#1109,#1110);
#1108 = CARTESIAN_POINT('',(-45.55536079404,47.85,-17.94952869926));
#1109 = DIRECTION('',(-0.207649918994,0.,-0.978203205444));
#1110 = DIRECTION('',(-0.978203205444,0.,0.207649918994));
#1111 = ORIENTED_EDGE('',*,*,#1112,.T.);
#1112 = EDGE_CURVE('',#1104,#1113,#1115,.T.);
#1113 = VERTEX_POINT('',#1114);
#1114 = CARTESIAN_POINT('',(-54.52341360856,47.85,-2.297564147492));
#1115 = LINE('',#1116,#1117);
#1116 = CARTESIAN_POINT('',(-50.02842787628,47.85,-17.));
#1117 = VECTOR('',#1118,1.);
#1118 = DIRECTION('',(-0.292371704723,0.,0.956304755963));
#1119 = ORIENTED_EDGE('',*,*,#1120,.F.);
#1120 = EDGE_CURVE('',#133,#1113,#1121,.T.);
#1121 = ELLIPSE('',#1122,4.530280202756,4.);
#1122 = AXIS2_PLACEMENT_3D('',#1123,#1124,#1125);
#1123 = CARTESIAN_POINT('',(-51.32002175652,47.85,0.905827704552));
#1124 = DIRECTION('',(0.707106781187,-1.6E-16,-0.707106781187));
#1125 = DIRECTION('',(0.707106781187,-3.E-16,0.707106781187));
#1126 = ORIENTED_EDGE('',*,*,#140,.T.);
#1127 = CYLINDRICAL_SURFACE('',#1128,4.);
#1128 = AXIS2_PLACEMENT_3D('',#1129,#1130,#1131);
#1129 = CARTESIAN_POINT('',(-46.20320885242,47.85,-15.8305131811));
#1130 = DIRECTION('',(-0.292371704723,0.,0.956304755963));
#1131 = DIRECTION('',(0.,-1.,0.));
#1132 = ADVANCED_FACE('',(#1133),#1159,.T.);
#1133 = FACE_BOUND('',#1134,.T.);
#1134 = EDGE_LOOP('',(#1135,#1143,#1151,#1157,#1158));
#1135 = ORIENTED_EDGE('',*,*,#1136,.F.);
#1136 = EDGE_CURVE('',#1137,#1113,#1139,.T.);
#1137 = VERTEX_POINT('',#1138);
#1138 = CARTESIAN_POINT('',(-54.52341360856,65.,-2.297564147492));
#1139 = LINE('',#1140,#1141);
#1140 = CARTESIAN_POINT('',(-54.52341360856,116.15,-2.297564147492));
#1141 = VECTOR('',#1142,1.);
#1142 = DIRECTION('',(0.,-1.,2.2E-16));
#1143 = ORIENTED_EDGE('',*,*,#1144,.T.);
#1144 = EDGE_CURVE('',#1137,#1145,#1147,.T.);
#1145 = VERTEX_POINT('',#1146);
#1146 = CARTESIAN_POINT('',(-54.22584946107,65.,-2.));
#1147 = LINE('',#1148,#1149);
#1148 = CARTESIAN_POINT('',(-55.0443870958,65.,-2.818537634731));
#1149 = VECTOR('',#1150,1.);
#1150 = DIRECTION('',(0.707106781187,0.,0.707106781187));
#1151 = ORIENTED_EDGE('',*,*,#1152,.T.);
#1152 = EDGE_CURVE('',#1145,#125,#1153,.T.);
#1153 = LINE('',#1154,#1155);
#1154 = CARTESIAN_POINT('',(-45.57987455089,73.64597491018,6.64597491018
    ));
#1155 = VECTOR('',#1156,1.);
#1156 = DIRECTION('',(0.57735026919,0.57735026919,0.57735026919));
#1157 = ORIENTED_EDGE('',*,*,#132,.T.);
#1158 = ORIENTED_EDGE('',*,*,#1120,.T.);
#1159 = PLANE('',#1160);
#1160 = AXIS2_PLACEMENT_3D('',#1161,#1162,#1163);
#1161 = CARTESIAN_POINT('',(-51.72584946107,116.15,0.5));
#1162 = DIRECTION('',(0.707106781187,-1.6E-16,-0.707106781187));
#1163 = DIRECTION('',(-0.707106781187,-1.6E-16,-0.707106781187));
#1164 = ADVANCED_FACE('',(#1165),#1183,.T.);
#1165 = FACE_BOUND('',#1166,.T.);
#1166 = EDGE_LOOP('',(#1167,#1175,#1176,#1177));
#1167 = ORIENTED_EDGE('',*,*,#1168,.F.);
#1168 = EDGE_CURVE('',#117,#1169,#1171,.T.);
#1169 = VERTEX_POINT('',#1170);
#1170 = CARTESIAN_POINT('',(-60.88853863707,65.,-2.));
#1171 = LINE('',#1172,#1173);
#1172 = CARTESIAN_POINT('',(-61.79289978816,67.958032039079,
    0.958032039079));
#1173 = VECTOR('',#1174,1.);
#1174 = DIRECTION('',(0.211302932281,-0.691140749345,-0.691140749345));
#1175 = ORIENTED_EDGE('',*,*,#124,.T.);
#1176 = ORIENTED_EDGE('',*,*,#1152,.F.);
#1177 = ORIENTED_EDGE('',*,*,#1178,.F.);
#1178 = EDGE_CURVE('',#1169,#1145,#1179,.T.);
#1179 = LINE('',#1180,#1181);
#1180 = CARTESIAN_POINT('',(-62.5,65.,-2.));
#1181 = VECTOR('',#1182,1.);
#1182 = DIRECTION('',(1.,0.,0.));
#1183 = PLANE('',#1184);
#1184 = AXIS2_PLACEMENT_3D('',#1185,#1186,#1187);
#1185 = CARTESIAN_POINT('',(-62.5,67.,-9.E-15));
#1186 = DIRECTION('',(0.,0.707106781187,-0.707106781187));
#1187 = DIRECTION('',(0.,-0.707106781187,-0.707106781187));
#1188 = ADVANCED_FACE('',(#1189),#1242,.T.);
#1189 = FACE_BOUND('',#1190,.T.);
#1190 = EDGE_LOOP('',(#1191,#1192,#1193,#1194,#1195,#1203,#1211,#1219,
    #1227,#1235));
#1191 = ORIENTED_EDGE('',*,*,#590,.F.);
#1192 = ORIENTED_EDGE('',*,*,#539,.F.);
#1193 = ORIENTED_EDGE('',*,*,#116,.T.);
#1194 = ORIENTED_EDGE('',*,*,#1168,.T.);
#1195 = ORIENTED_EDGE('',*,*,#1196,.T.);
#1196 = EDGE_CURVE('',#1169,#1197,#1199,.T.);
#1197 = VERTEX_POINT('',#1198);
#1198 = CARTESIAN_POINT('',(-56.3025784152,65.,-17.));
#1199 = LINE('',#1200,#1201);
#1200 = CARTESIAN_POINT('',(-59.96378875892,65.,-5.024720560409));
#1201 = VECTOR('',#1202,1.);
#1202 = DIRECTION('',(0.292371704722,0.,-0.956304755963));
#1203 = ORIENTED_EDGE('',*,*,#1204,.T.);
#1204 = EDGE_CURVE('',#1197,#1205,#1207,.T.);
#1205 = VERTEX_POINT('',#1206);
#1206 = CARTESIAN_POINT('',(-56.3025784152,15.,-17.));
#1207 = LINE('',#1208,#1209);
#1208 = CARTESIAN_POINT('',(-56.3025784152,39.75,-17.));
#1209 = VECTOR('',#1210,1.);
#1210 = DIRECTION('',(0.,-1.,2.2E-16));
#1211 = ORIENTED_EDGE('',*,*,#1212,.T.);
#1212 = EDGE_CURVE('',#1205,#1213,#1215,.T.);
#1213 = VERTEX_POINT('',#1214);
#1214 = CARTESIAN_POINT('',(-60.88853863707,15.,-2.));
#1215 = LINE('',#1216,#1217);
#1216 = CARTESIAN_POINT('',(-50.24781206112,15.,-36.80424838356));
#1217 = VECTOR('',#1218,1.);
#1218 = DIRECTION('',(-0.292371704722,0.,0.956304755963));
#1219 = ORIENTED_EDGE('',*,*,#1220,.T.);
#1220 = EDGE_CURVE('',#1213,#1221,#1223,.T.);
#1221 = VERTEX_POINT('',#1222);
#1222 = CARTESIAN_POINT('',(-61.25541545482,13.8,-0.8));
#1223 = LINE('',#1224,#1225);
#1224 = CARTESIAN_POINT('',(-61.50081965425,12.99731903173,
    2.680968269879E-03));
#1225 = VECTOR('',#1226,1.);
#1226 = DIRECTION('',(-0.211302932281,-0.691140749345,0.691140749345));
#1227 = ORIENTED_EDGE('',*,*,#1228,.T.);
#1228 = EDGE_CURVE('',#1221,#1229,#1231,.T.);
#1229 = VERTEX_POINT('',#1230);
#1230 = CARTESIAN_POINT('',(-61.25541545482,39.679840604664,-0.8));
#1231 = LINE('',#1232,#1233);
#1232 = CARTESIAN_POINT('',(-61.25541545482,20.,-0.8));
#1233 = VECTOR('',#1234,1.);
#1234 = DIRECTION('',(0.,1.,0.));
#1235 = ORIENTED_EDGE('',*,*,#1236,.F.);
#1236 = EDGE_CURVE('',#591,#1229,#1237,.T.);
#1237 = ELLIPSE('',#1238,1.71015180999,0.500000000021);
#1238 = AXIS2_PLACEMENT_3D('',#1239,#1240,#1241);
#1239 = CARTESIAN_POINT('',(-60.99999999997,39.249999999972,
    -1.635426309314));
#1240 = DIRECTION('',(-0.956304755963,0.,-0.292371704722));
#1241 = DIRECTION('',(-0.292371704722,0.,0.956304755963));
#1242 = PLANE('',#1243);
#1243 = AXIS2_PLACEMENT_3D('',#1244,#1245,#1246);
#1244 = CARTESIAN_POINT('',(-59.00099670897,40.,-8.173871458029));
#1245 = DIRECTION('',(-0.956304755963,-0.,-0.292371704722));
#1246 = DIRECTION('',(0.292371704722,0.,-0.956304755963));
#1247 = ADVANCED_FACE('',(#1248,#1259),#1284,.T.);
#1248 = FACE_BOUND('',#1249,.T.);
#1249 = EDGE_LOOP('',(#1250,#1256,#1257,#1258));
#1250 = ORIENTED_EDGE('',*,*,#1251,.F.);
#1251 = EDGE_CURVE('',#655,#339,#1252,.T.);
#1252 = LINE('',#1253,#1254);
#1253 = CARTESIAN_POINT('',(-50.02842787628,119.75,-17.));
#1254 = VECTOR('',#1255,1.);
#1255 = DIRECTION('',(0.,-1.,2.2E-16));
#1256 = ORIENTED_EDGE('',*,*,#654,.T.);
#1257 = ORIENTED_EDGE('',*,*,#628,.T.);
#1258 = ORIENTED_EDGE('',*,*,#346,.T.);
#1259 = FACE_BOUND('',#1260,.T.);
#1260 = EDGE_LOOP('',(#1261,#1272,#1279));
#1261 = ORIENTED_EDGE('',*,*,#1262,.F.);
#1262 = EDGE_CURVE('',#1263,#1265,#1267,.T.);
#1263 = VERTEX_POINT('',#1264);
#1264 = CARTESIAN_POINT('',(-51.96853761553,109.76809940372,
    -10.65418697922));
#1265 = VERTEX_POINT('',#1266);
#1266 = CARTESIAN_POINT('',(-51.96853761553,102.23190059627,
    -10.65418697922));
#1267 = CIRCLE('',#1268,4.6);
#1268 = AXIS2_PLACEMENT_3D('',#1269,#1270,#1271);
#1269 = CARTESIAN_POINT('',(-52.73994620976,106.,-8.131023158867));
#1270 = DIRECTION('',(0.956304755963,-0.,0.292371704723));
#1271 = DIRECTION('',(0.292371704723,0.,-0.956304755963));
#1272 = ORIENTED_EDGE('',*,*,#1273,.T.);
#1273 = EDGE_CURVE('',#1263,#1274,#1276,.T.);
#1274 = VERTEX_POINT('',#1275);
#1275 = CARTESIAN_POINT('',(-50.3951674558,106.,-15.800448886));
#1276 = B_SPLINE_CURVE_WITH_KNOTS('',1,(#1277,#1278),.UNSPECIFIED.,.F.,
  .F.,(2,2),(0.,1.),.PIECEWISE_BEZIER_KNOTS.);
#1277 = CARTESIAN_POINT('',(-51.96853761553,109.76809940372,
    -10.65418697922));
#1278 = CARTESIAN_POINT('',(-50.3951674558,106.,-15.800448886));
#1279 = ORIENTED_EDGE('',*,*,#1280,.T.);
#1280 = EDGE_CURVE('',#1274,#1265,#1281,.T.);
#1281 = B_SPLINE_CURVE_WITH_KNOTS('',1,(#1282,#1283),.UNSPECIFIED.,.F.,
  .F.,(2,2),(0.,1.),.PIECEWISE_BEZIER_KNOTS.);
#1282 = CARTESIAN_POINT('',(-50.3951674558,106.,-15.800448886));
#1283 = CARTESIAN_POINT('',(-51.96853761553,102.23190059627,
    -10.65418697922));
#1284 = PLANE('',#1285);
#1285 = AXIS2_PLACEMENT_3D('',#1286,#1287,#1288);
#1286 = CARTESIAN_POINT('',(-55.22584946107,119.75,-1.783E-14));
#1287 = DIRECTION('',(0.956304755963,6.E-17,0.292371704723));
#1288 = DIRECTION('',(0.292371704723,-2.1E-16,-0.956304755963));
#1289 = ADVANCED_FACE('',(#1290),#1308,.T.);
#1290 = FACE_BOUND('',#1291,.T.);
#1291 = EDGE_LOOP('',(#1292,#1300,#1306,#1307));
#1292 = ORIENTED_EDGE('',*,*,#1293,.F.);
#1293 = EDGE_CURVE('',#1294,#331,#1296,.T.);
#1294 = VERTEX_POINT('',#1295);
#1295 = CARTESIAN_POINT('',(-51.97320907139,112.15,-19.2396346966));
#1296 = LINE('',#1297,#1298);
#1297 = CARTESIAN_POINT('',(-51.97320907139,119.75,-19.2396346966));
#1298 = VECTOR('',#1299,1.);
#1299 = DIRECTION('',(0.,-1.,2.2E-16));
#1300 = ORIENTED_EDGE('',*,*,#1301,.T.);
#1301 = EDGE_CURVE('',#1294,#655,#1302,.T.);
#1302 = LINE('',#1303,#1304);
#1303 = CARTESIAN_POINT('',(-51.97320907139,112.15,-19.2396346966));
#1304 = VECTOR('',#1305,1.);
#1305 = DIRECTION('',(0.655654995826,-3.4E-16,0.755060611109));
#1306 = ORIENTED_EDGE('',*,*,#1251,.T.);
#1307 = ORIENTED_EDGE('',*,*,#338,.T.);
#1308 = PLANE('',#1309);
#1309 = AXIS2_PLACEMENT_3D('',#1310,#1311,#1312);
#1310 = CARTESIAN_POINT('',(-50.02842787628,119.75,-17.));
#1311 = DIRECTION('',(0.755060611109,-1.5E-16,-0.655654995826));
#1312 = DIRECTION('',(-0.655654995826,-1.7E-16,-0.755060611109));
#1313 = ADVANCED_FACE('',(#1314),#1332,.T.);
#1314 = FACE_BOUND('',#1315,.T.);
#1315 = EDGE_LOOP('',(#1316,#1324,#1330,#1331));
#1316 = ORIENTED_EDGE('',*,*,#1317,.F.);
#1317 = EDGE_CURVE('',#1318,#323,#1320,.T.);
#1318 = VERTEX_POINT('',#1319);
#1319 = CARTESIAN_POINT('',(-45.22465395195,112.15,-70.5));
#1320 = LINE('',#1321,#1322);
#1321 = CARTESIAN_POINT('',(-45.22465395195,119.75,-70.5));
#1322 = VECTOR('',#1323,1.);
#1323 = DIRECTION('',(0.,-1.,2.2E-16));
#1324 = ORIENTED_EDGE('',*,*,#1325,.T.);
#1325 = EDGE_CURVE('',#1318,#1294,#1326,.T.);
#1326 = LINE('',#1327,#1328);
#1327 = CARTESIAN_POINT('',(-45.22465395195,112.15,-70.5));
#1328 = VECTOR('',#1329,1.);
#1329 = DIRECTION('',(-0.13052619222,-4.4E-16,0.991444861374));
#1330 = ORIENTED_EDGE('',*,*,#1293,.T.);
#1331 = ORIENTED_EDGE('',*,*,#330,.T.);
#1332 = PLANE('',#1333);
#1333 = AXIS2_PLACEMENT_3D('',#1334,#1335,#1336);
#1334 = CARTESIAN_POINT('',(-51.97320907139,119.75,-19.2396346966));
#1335 = DIRECTION('',(0.991444861374,3.E-17,0.13052619222));
#1336 = DIRECTION('',(0.13052619222,-2.2E-16,-0.991444861374));
#1337 = ADVANCED_FACE('',(#1338),#1367,.T.);
#1338 = FACE_BOUND('',#1339,.T.);
#1339 = EDGE_LOOP('',(#1340,#1350,#1357,#1358,#1359,#1360,#1361));
#1340 = ORIENTED_EDGE('',*,*,#1341,.F.);
#1341 = EDGE_CURVE('',#1342,#1344,#1346,.T.);
#1342 = VERTEX_POINT('',#1343);
#1343 = CARTESIAN_POINT('',(-41.19013810963,116.15,-70.5));
#1344 = VERTEX_POINT('',#1345);
#1345 = CARTESIAN_POINT('',(-19.25916979427,116.15,-70.5));
#1346 = LINE('',#1347,#1348);
#1347 = CARTESIAN_POINT('',(-49.25916979427,116.15,-70.5));
#1348 = VECTOR('',#1349,1.);
#1349 = DIRECTION('',(1.,0.,0.));
#1350 = ORIENTED_EDGE('',*,*,#1351,.F.);
#1351 = EDGE_CURVE('',#1318,#1342,#1352,.T.);
#1352 = ELLIPSE('',#1353,4.034515842321,4.);
#1353 = AXIS2_PLACEMENT_3D('',#1354,#1355,#1356);
#1354 = CARTESIAN_POINT('',(-41.19013810963,112.15,-70.5));
#1355 = DIRECTION('',(7.9E-16,2.840166546292E-48,-1.));
#1356 = DIRECTION('',(-1.,-3.37E-15,-7.9E-16));
#1357 = ORIENTED_EDGE('',*,*,#1317,.T.);
#1358 = ORIENTED_EDGE('',*,*,#322,.T.);
#1359 = ORIENTED_EDGE('',*,*,#377,.F.);
#1360 = ORIENTED_EDGE('',*,*,#410,.F.);
#1361 = ORIENTED_EDGE('',*,*,#1362,.F.);
#1362 = EDGE_CURVE('',#1344,#403,#1363,.T.);
#1363 = LINE('',#1364,#1365);
#1364 = CARTESIAN_POINT('',(-19.25916979427,116.15,-70.5));
#1365 = VECTOR('',#1366,1.);
#1366 = DIRECTION('',(0.,1.,6.7E-16));
#1367 = PLANE('',#1368);
#1368 = AXIS2_PLACEMENT_3D('',#1369,#1370,#1371);
#1369 = CARTESIAN_POINT('',(-40.80159777301,80.,-70.5));
#1370 = DIRECTION('',(7.9E-16,0.,-1.));
#1371 = DIRECTION('',(-1.,0.,-7.9E-16));
#1372 = ADVANCED_FACE('',(#1373),#1400,.T.);
#1373 = FACE_BOUND('',#1374,.T.);
#1374 = EDGE_LOOP('',(#1375,#1385,#1392,#1393));
#1375 = ORIENTED_EDGE('',*,*,#1376,.F.);
#1376 = EDGE_CURVE('',#1377,#1379,#1381,.T.);
#1377 = VERTEX_POINT('',#1378);
#1378 = CARTESIAN_POINT('',(61.499999999996,119.24999999997,-9.5));
#1379 = VERTEX_POINT('',#1380);
#1380 = CARTESIAN_POINT('',(61.499999999992,119.24999999997,2.5));
#1381 = LINE('',#1382,#1383);
#1382 = CARTESIAN_POINT('',(61.499999999992,119.24999999997,-8.88E-15));
#1383 = VECTOR('',#1384,1.);
#1384 = DIRECTION('',(0.,0.,1.));
#1385 = ORIENTED_EDGE('',*,*,#1386,.T.);
#1386 = EDGE_CURVE('',#1377,#395,#1387,.T.);
#1387 = ELLIPSE('',#1388,1.007409302636,0.500000000021);
#1388 = AXIS2_PLACEMENT_3D('',#1389,#1390,#1391);
#1389 = CARTESIAN_POINT('',(60.999999999972,119.24999999997,
    -10.37457046773));
#1390 = DIRECTION('',(-0.868138169299,1.1E-16,0.496322595704));
#1391 = DIRECTION('',(0.496322595704,-6.E-17,0.868138169299));
#1392 = ORIENTED_EDGE('',*,*,#392,.F.);
#1393 = ORIENTED_EDGE('',*,*,#1394,.F.);
#1394 = EDGE_CURVE('',#1379,#393,#1395,.T.);
#1395 = CIRCLE('',#1396,0.500000000021);
#1396 = AXIS2_PLACEMENT_3D('',#1397,#1398,#1399);
#1397 = CARTESIAN_POINT('',(60.999999999972,119.24999999997,2.5));
#1398 = DIRECTION('',(0.,0.,1.));
#1399 = DIRECTION('',(1.,0.,0.));
#1400 = CYLINDRICAL_SURFACE('',#1401,0.500000000021);
#1401 = AXIS2_PLACEMENT_3D('',#1402,#1403,#1404);
#1402 = CARTESIAN_POINT('',(60.999999999972,119.24999999997,-8.88E-15));
#1403 = DIRECTION('',(0.,0.,1.));
#1404 = DIRECTION('',(1.,0.,0.));
#1405 = ADVANCED_FACE('',(#1406),#1617,.T.);
#1406 = FACE_BOUND('',#1407,.T.);
#1407 = EDGE_LOOP('',(#1408,#1418,#1426,#1453,#1460,#1487,#1495,#1501,
    #1502,#1529,#1536,#1563,#1569,#1570,#1571,#1579,#1587,#1595,#1603,
    #1611));
#1408 = ORIENTED_EDGE('',*,*,#1409,.F.);
#1409 = EDGE_CURVE('',#1410,#1412,#1414,.T.);
#1410 = VERTEX_POINT('',#1411);
#1411 = CARTESIAN_POINT('',(-19.25916979427,-36.15,-70.5));
#1412 = VERTEX_POINT('',#1413);
#1413 = CARTESIAN_POINT('',(-19.25916979427,-39.75,-70.5));
#1414 = LINE('',#1415,#1416);
#1415 = CARTESIAN_POINT('',(-19.25916979427,-36.15,-70.5));
#1416 = VECTOR('',#1417,1.);
#1417 = DIRECTION('',(0.,-1.,2.2E-16));
#1418 = ORIENTED_EDGE('',*,*,#1419,.T.);
#1419 = EDGE_CURVE('',#1410,#1420,#1422,.T.);
#1420 = VERTEX_POINT('',#1421);
#1421 = CARTESIAN_POINT('',(55.918158589536,-36.15,-14.18158589536));
#1422 = LINE('',#1423,#1424);
#1423 = CARTESIAN_POINT('',(-19.25916979427,-36.15,-70.5));
#1424 = VECTOR('',#1425,1.);
#1425 = DIRECTION('',(0.800329895836,1.3E-16,0.599559886777));
#1426 = ORIENTED_EDGE('',*,*,#1427,.T.);
#1427 = EDGE_CURVE('',#1420,#1428,#1430,.T.);
#1428 = VERTEX_POINT('',#1429);
#1429 = CARTESIAN_POINT('',(58.709079294768,-33.15,-12.09079294768));
#1430 = B_SPLINE_CURVE_WITH_KNOTS('',6,(#1431,#1432,#1433,#1434,#1435,
    #1436,#1437,#1438,#1439,#1440,#1441,#1442,#1443,#1444,#1445,#1446,
    #1447,#1448,#1449,#1450,#1451,#1452),.UNSPECIFIED.,.F.,.F.,(7,5,5,5,
    7),(0.,0.403352291924,0.576673391616,0.729445956443,1.),
  .UNSPECIFIED.);
#1431 = CARTESIAN_POINT('',(55.918158589536,-36.15,-14.18158589536));
#1432 = CARTESIAN_POINT('',(56.194196957649,-36.15,-13.97479425407));
#1433 = CARTESIAN_POINT('',(56.470128644131,-36.11478414623,
    -13.76808253236));
#1434 = CARTESIAN_POINT('',(56.742531497735,-36.04439808155,
    -13.56401440381));
#1435 = CARTESIAN_POINT('',(57.007522605304,-35.93872712345,
    -13.36549871762));
#1436 = CARTESIAN_POINT('',(57.260829147597,-35.79810111845,
    -13.17573641759));
#1437 = CARTESIAN_POINT('',(57.599559680571,-35.54813747583,
    -12.92197950928));
#1438 = CARTESIAN_POINT('',(57.69831333827,-35.466713955,-12.84799910178
    ));
#1439 = CARTESIAN_POINT('',(57.793623039409,-35.37907603005,
    -12.77659870311));
#1440 = CARTESIAN_POINT('',(57.885066271646,-35.28534350433,
    -12.70809483458));
#1441 = CARTESIAN_POINT('',(57.972199305101,-35.18569022281,
    -12.6428199124));
#1442 = CARTESIAN_POINT('',(58.12717023898,-34.98751752452,
    -12.52672484204));
#1443 = CARTESIAN_POINT('',(58.196070531579,-34.89026490854,
    -12.47510881239));
#1444 = CARTESIAN_POINT('',(58.260954328664,-34.78877419095,
    -12.42650170395));
#1445 = CARTESIAN_POINT('',(58.3215002961,-34.68326253023,
    -12.38114424127));
#1446 = CARTESIAN_POINT('',(58.37739245974,-34.57400293956,
    -12.33927313352));
#1447 = CARTESIAN_POINT('',(58.518546342978,-34.26180461791,
    -12.2335289814));
#1448 = CARTESIAN_POINT('',(58.593285631951,-34.05146295677,
    -12.17753872055));
#1449 = CARTESIAN_POINT('',(58.650761913365,-33.83239281274,
    -12.13448088533));
#1450 = CARTESIAN_POINT('',(58.689648620303,-33.6071008933,
    -12.10534926132));
#1451 = CARTESIAN_POINT('',(58.709079294768,-33.37850430626,
    -12.09079294768));
#1452 = CARTESIAN_POINT('',(58.709079294768,-33.15,-12.09079294768));
#1453 = ORIENTED_EDGE('',*,*,#1454,.T.);
#1454 = EDGE_CURVE('',#1428,#1455,#1457,.T.);
#1455 = VERTEX_POINT('',#1456);
#1456 = CARTESIAN_POINT('',(58.709079294768,33.15,-12.09079294768));
#1457 = B_SPLINE_CURVE_WITH_KNOTS('',1,(#1458,#1459),.UNSPECIFIED.,.F.,
  .F.,(2,2),(0.,1.),.PIECEWISE_BEZIER_KNOTS.);
#1458 = CARTESIAN_POINT('',(58.709079294768,-33.61788937507,
    -12.09079294768));
#1459 = CARTESIAN_POINT('',(58.709079294768,33.617889375077,
    -12.09079294768));
#1460 = ORIENTED_EDGE('',*,*,#1461,.F.);
#1461 = EDGE_CURVE('',#1462,#1455,#1464,.T.);
#1462 = VERTEX_POINT('',#1463);
#1463 = CARTESIAN_POINT('',(56.632740847223,36.05,-13.64626307443));
#1464 = B_SPLINE_CURVE_WITH_KNOTS('',6,(#1465,#1466,#1467,#1468,#1469,
    #1470,#1471,#1472,#1473,#1474,#1475,#1476,#1477,#1478,#1479,#1480,
    #1481,#1482,#1483,#1484,#1485,#1486),.UNSPECIFIED.,.F.,.F.,(7,5,5,5,
    7),(0.,0.403352291924,0.576673391616,0.729445956443,1.),
  .UNSPECIFIED.);
#1465 = CARTESIAN_POINT('',(55.918158589536,36.15,-14.18158589536));
#1466 = CARTESIAN_POINT('',(56.194196957649,36.15,-13.97479425407));
#1467 = CARTESIAN_POINT('',(56.470128644131,36.114784146231,
    -13.76808253236));
#1468 = CARTESIAN_POINT('',(56.742531497735,36.044398081551,
    -13.56401440381));
#1469 = CARTESIAN_POINT('',(57.007522605305,35.938727123455,
    -13.36549871762));
#1470 = CARTESIAN_POINT('',(57.260829147597,35.798101118451,
    -13.17573641759));
#1471 = CARTESIAN_POINT('',(57.599559680571,35.548137475835,
    -12.92197950928));
#1472 = CARTESIAN_POINT('',(57.69831333827,35.466713955005,
    -12.84799910178));
#1473 = CARTESIAN_POINT('',(57.793623039409,35.379076030058,
    -12.77659870311));
#1474 = CARTESIAN_POINT('',(57.885066271646,35.285343504336,
    -12.70809483458));
#1475 = CARTESIAN_POINT('',(57.972199305101,35.185690222813,
    -12.6428199124));
#1476 = CARTESIAN_POINT('',(58.12717023898,34.987517524529,
    -12.52672484204));
#1477 = CARTESIAN_POINT('',(58.196070531579,34.890264908546,
    -12.47510881239));
#1478 = CARTESIAN_POINT('',(58.260954328664,34.788774190951,
    -12.42650170395));
#1479 = CARTESIAN_POINT('',(58.3215002961,34.683262530239,
    -12.38114424127));
#1480 = CARTESIAN_POINT('',(58.37739245974,34.574002939564,
    -12.33927313352));
#1481 = CARTESIAN_POINT('',(58.518546342978,34.261804617911,
    -12.2335289814));
#1482 = CARTESIAN_POINT('',(58.593285631951,34.051462956772,
    -12.17753872055));
#1483 = CARTESIAN_POINT('',(58.650761913365,33.832392812742,
    -12.13448088533));
#1484 = CARTESIAN_POINT('',(58.689648620303,33.607100893301,
    -12.10534926132));
#1485 = CARTESIAN_POINT('',(58.709079294768,33.378504306266,
    -12.09079294768));
#1486 = CARTESIAN_POINT('',(58.709079294768,33.15,-12.09079294768));
#1487 = ORIENTED_EDGE('',*,*,#1488,.F.);
#1488 = EDGE_CURVE('',#1489,#1462,#1491,.T.);
#1489 = VERTEX_POINT('',#1490);
#1490 = CARTESIAN_POINT('',(-19.25916979427,36.05,-70.5));
#1491 = LINE('',#1492,#1493);
#1492 = CARTESIAN_POINT('',(-19.25916979427,36.05,-70.5));
#1493 = VECTOR('',#1494,1.);
#1494 = DIRECTION('',(0.800329895836,0.,0.599559886777));
#1495 = ORIENTED_EDGE('',*,*,#1496,.F.);
#1496 = EDGE_CURVE('',#1023,#1489,#1497,.T.);
#1497 = LINE('',#1498,#1499);
#1498 = CARTESIAN_POINT('',(-19.25916979427,43.95,-70.5));
#1499 = VECTOR('',#1500,1.);
#1500 = DIRECTION('',(0.,-1.,2.2E-16));
#1501 = ORIENTED_EDGE('',*,*,#1088,.T.);
#1502 = ORIENTED_EDGE('',*,*,#1503,.T.);
#1503 = EDGE_CURVE('',#1079,#1504,#1506,.T.);
#1504 = VERTEX_POINT('',#1505);
#1505 = CARTESIAN_POINT('',(58.709079294768,46.85,-12.09079294768));
#1506 = B_SPLINE_CURVE_WITH_KNOTS('',6,(#1507,#1508,#1509,#1510,#1511,
    #1512,#1513,#1514,#1515,#1516,#1517,#1518,#1519,#1520,#1521,#1522,
    #1523,#1524,#1525,#1526,#1527,#1528),.UNSPECIFIED.,.F.,.F.,(7,5,5,5,
    7),(0.,0.403352291924,0.576673391616,0.729445956443,1.),
  .UNSPECIFIED.);
#1507 = CARTESIAN_POINT('',(55.918158589536,43.85,-14.18158589536));
#1508 = CARTESIAN_POINT('',(56.194196957649,43.85,-13.97479425407));
#1509 = CARTESIAN_POINT('',(56.470128644131,43.885215853769,
    -13.76808253236));
#1510 = CARTESIAN_POINT('',(56.742531497735,43.955601918449,
    -13.56401440381));
#1511 = CARTESIAN_POINT('',(57.007522605304,44.061272876545,
    -13.36549871762));
#1512 = CARTESIAN_POINT('',(57.260829147597,44.201898881549,
    -13.17573641759));
#1513 = CARTESIAN_POINT('',(57.599559680571,44.451862524165,
    -12.92197950928));
#1514 = CARTESIAN_POINT('',(57.69831333827,44.533286044995,
    -12.84799910178));
#1515 = CARTESIAN_POINT('',(57.793623039409,44.620923969942,
    -12.77659870311));
#1516 = CARTESIAN_POINT('',(57.885066271646,44.714656495664,
    -12.70809483458));
#1517 = CARTESIAN_POINT('',(57.972199305101,44.814309777187,
    -12.6428199124));
#1518 = CARTESIAN_POINT('',(58.12717023898,45.012482475471,
    -12.52672484204));
#1519 = CARTESIAN_POINT('',(58.196070531579,45.109735091454,
    -12.47510881239));
#1520 = CARTESIAN_POINT('',(58.260954328664,45.211225809049,
    -12.42650170395));
#1521 = CARTESIAN_POINT('',(58.3215002961,45.316737469761,
    -12.38114424127));
#1522 = CARTESIAN_POINT('',(58.37739245974,45.425997060436,
    -12.33927313352));
#1523 = CARTESIAN_POINT('',(58.518546342978,45.738195382088,
    -12.2335289814));
#1524 = CARTESIAN_POINT('',(58.593285631951,45.948537043228,
    -12.17753872055));
#1525 = CARTESIAN_POINT('',(58.650761913365,46.167607187258,
    -12.13448088533));
#1526 = CARTESIAN_POINT('',(58.689648620303,46.3928991067,
    -12.10534926132));
#1527 = CARTESIAN_POINT('',(58.709079294768,46.621495693734,
    -12.09079294768));
#1528 = CARTESIAN_POINT('',(58.709079294768,46.85,-12.09079294768));
#1529 = ORIENTED_EDGE('',*,*,#1530,.T.);
#1530 = EDGE_CURVE('',#1504,#1531,#1533,.T.);
#1531 = VERTEX_POINT('',#1532);
#1532 = CARTESIAN_POINT('',(58.709079294768,113.15,-12.09079294768));
#1533 = B_SPLINE_CURVE_WITH_KNOTS('',1,(#1534,#1535),.UNSPECIFIED.,.F.,
  .F.,(2,2),(0.,1.),.PIECEWISE_BEZIER_KNOTS.);
#1534 = CARTESIAN_POINT('',(58.709079294768,46.382110624923,
    -12.09079294768));
#1535 = CARTESIAN_POINT('',(58.709079294768,113.61788937507,
    -12.09079294768));
#1536 = ORIENTED_EDGE('',*,*,#1537,.F.);
#1537 = EDGE_CURVE('',#1538,#1531,#1540,.T.);
#1538 = VERTEX_POINT('',#1539);
#1539 = CARTESIAN_POINT('',(55.918158589536,116.15,-14.18158589536));
#1540 = B_SPLINE_CURVE_WITH_KNOTS('',6,(#1541,#1542,#1543,#1544,#1545,
    #1546,#1547,#1548,#1549,#1550,#1551,#1552,#1553,#1554,#1555,#1556,
    #1557,#1558,#1559,#1560,#1561,#1562),.UNSPECIFIED.,.F.,.F.,(7,5,5,5,
    7),(0.,0.403352291924,0.576673391616,0.729445956443,1.),
  .UNSPECIFIED.);
#1541 = CARTESIAN_POINT('',(55.918158589536,116.15,-14.18158589536));
#1542 = CARTESIAN_POINT('',(56.194196957649,116.15,-13.97479425407));
#1543 = CARTESIAN_POINT('',(56.470128644131,116.11478414623,
    -13.76808253236));
#1544 = CARTESIAN_POINT('',(56.742531497735,116.04439808155,
    -13.56401440381));
#1545 = CARTESIAN_POINT('',(57.007522605305,115.93872712345,
    -13.36549871762));
#1546 = CARTESIAN_POINT('',(57.260829147597,115.79810111845,
    -13.17573641759));
#1547 = CARTESIAN_POINT('',(57.599559680571,115.54813747583,
    -12.92197950928));
#1548 = CARTESIAN_POINT('',(57.69831333827,115.466713955,-12.84799910178
    ));
#1549 = CARTESIAN_POINT('',(57.793623039409,115.37907603005,
    -12.77659870311));
#1550 = CARTESIAN_POINT('',(57.885066271646,115.28534350433,
    -12.70809483458));
#1551 = CARTESIAN_POINT('',(57.972199305101,115.18569022281,
    -12.6428199124));
#1552 = CARTESIAN_POINT('',(58.12717023898,114.98751752452,
    -12.52672484204));
#1553 = CARTESIAN_POINT('',(58.196070531579,114.89026490854,
    -12.47510881239));
#1554 = CARTESIAN_POINT('',(58.260954328664,114.78877419095,
    -12.42650170395));
#1555 = CARTESIAN_POINT('',(58.3215002961,114.68326253023,
    -12.38114424127));
#1556 = CARTESIAN_POINT('',(58.37739245974,114.57400293956,
    -12.33927313352));
#1557 = CARTESIAN_POINT('',(58.518546342978,114.26180461791,
    -12.2335289814));
#1558 = CARTESIAN_POINT('',(58.593285631951,114.05146295677,
    -12.17753872055));
#1559 = CARTESIAN_POINT('',(58.650761913365,113.83239281274,
    -12.13448088533));
#1560 = CARTESIAN_POINT('',(58.689648620303,113.6071008933,
    -12.10534926132));
#1561 = CARTESIAN_POINT('',(58.709079294768,113.37850430626,
    -12.09079294768));
#1562 = CARTESIAN_POINT('',(58.709079294768,113.15,-12.09079294768));
#1563 = ORIENTED_EDGE('',*,*,#1564,.F.);
#1564 = EDGE_CURVE('',#1344,#1538,#1565,.T.);
#1565 = LINE('',#1566,#1567);
#1566 = CARTESIAN_POINT('',(-19.25916979427,116.15,-70.5));
#1567 = VECTOR('',#1568,1.);
#1568 = DIRECTION('',(0.800329895836,-4.E-16,0.599559886777));
#1569 = ORIENTED_EDGE('',*,*,#1362,.T.);
#1570 = ORIENTED_EDGE('',*,*,#402,.T.);
#1571 = ORIENTED_EDGE('',*,*,#1572,.F.);
#1572 = EDGE_CURVE('',#1573,#395,#1575,.T.);
#1573 = VERTEX_POINT('',#1574);
#1574 = CARTESIAN_POINT('',(61.,43.95,-10.37457046768));
#1575 = LINE('',#1576,#1577);
#1576 = CARTESIAN_POINT('',(61.,59.625,-10.37457046768));
#1577 = VECTOR('',#1578,1.);
#1578 = DIRECTION('',(4.E-16,1.,4.8E-16));
#1579 = ORIENTED_EDGE('',*,*,#1580,.T.);
#1580 = EDGE_CURVE('',#1573,#1581,#1583,.T.);
#1581 = VERTEX_POINT('',#1582);
#1582 = CARTESIAN_POINT('',(61.5,43.95,-10.));
#1583 = LINE('',#1584,#1585);
#1584 = CARTESIAN_POINT('',(-19.25916979427,43.95,-70.5));
#1585 = VECTOR('',#1586,1.);
#1586 = DIRECTION('',(0.800329895836,0.,0.599559886777));
#1587 = ORIENTED_EDGE('',*,*,#1588,.T.);
#1588 = EDGE_CURVE('',#1581,#1589,#1591,.T.);
#1589 = VERTEX_POINT('',#1590);
#1590 = CARTESIAN_POINT('',(61.5,36.05,-10.));
#1591 = LINE('',#1592,#1593);
#1592 = CARTESIAN_POINT('',(61.5,43.95,-10.));
#1593 = VECTOR('',#1594,1.);
#1594 = DIRECTION('',(0.,-1.,2.2E-16));
#1595 = ORIENTED_EDGE('',*,*,#1596,.F.);
#1596 = EDGE_CURVE('',#1597,#1589,#1599,.T.);
#1597 = VERTEX_POINT('',#1598);
#1598 = CARTESIAN_POINT('',(61.,36.05,-10.37457046768));
#1599 = LINE('',#1600,#1601);
#1600 = CARTESIAN_POINT('',(-19.25916979427,36.05,-70.5));
#1601 = VECTOR('',#1602,1.);
#1602 = DIRECTION('',(0.800329895836,0.,0.599559886777));
#1603 = ORIENTED_EDGE('',*,*,#1604,.F.);
#1604 = EDGE_CURVE('',#1605,#1597,#1607,.T.);
#1605 = VERTEX_POINT('',#1606);
#1606 = CARTESIAN_POINT('',(61.,-39.75,-10.37457046768));
#1607 = LINE('',#1608,#1609);
#1608 = CARTESIAN_POINT('',(61.,-20.375,-10.37457046768));
#1609 = VECTOR('',#1610,1.);
#1610 = DIRECTION('',(4.E-16,1.,4.8E-16));
#1611 = ORIENTED_EDGE('',*,*,#1612,.F.);
#1612 = EDGE_CURVE('',#1412,#1605,#1613,.T.);
#1613 = LINE('',#1614,#1615);
#1614 = CARTESIAN_POINT('',(-19.25916979427,-39.75,-70.5));
#1615 = VECTOR('',#1616,1.);
#1616 = DIRECTION('',(0.800329895836,1.3E-16,0.599559886777));
#1617 = PLANE('',#1618);
#1618 = AXIS2_PLACEMENT_3D('',#1619,#1620,#1621);
#1619 = CARTESIAN_POINT('',(32.649595948348,40.,-31.61301867727));
#1620 = DIRECTION('',(0.599559886777,0.,-0.800329895836));
#1621 = DIRECTION('',(-0.800329895836,0.,-0.599559886777));
#1622 = ADVANCED_FACE('',(#1623),#1646,.T.);
#1623 = FACE_BOUND('',#1624,.T.);
#1624 = EDGE_LOOP('',(#1625,#1626,#1633,#1641));
#1625 = ORIENTED_EDGE('',*,*,#426,.T.);
#1626 = ORIENTED_EDGE('',*,*,#1627,.T.);
#1627 = EDGE_CURVE('',#419,#1628,#1630,.T.);
#1628 = VERTEX_POINT('',#1629);
#1629 = CARTESIAN_POINT('',(-60.99999999997,119.42529620339,3.));
#1630 = B_SPLINE_CURVE_WITH_KNOTS('',1,(#1631,#1632),.UNSPECIFIED.,.F.,
  .F.,(2,2),(0.,1.),.PIECEWISE_BEZIER_KNOTS.);
#1631 = CARTESIAN_POINT('',(-60.99999999997,119.74999999999,2.5));
#1632 = CARTESIAN_POINT('',(-60.99999999997,119.42529620339,3.));
#1633 = ORIENTED_EDGE('',*,*,#1634,.F.);
#1634 = EDGE_CURVE('',#1635,#1628,#1637,.T.);
#1635 = VERTEX_POINT('',#1636);
#1636 = CARTESIAN_POINT('',(60.999999999972,119.42529620339,3.));
#1637 = LINE('',#1638,#1639);
#1638 = CARTESIAN_POINT('',(60.999999999971,119.42529620339,3.));
#1639 = VECTOR('',#1640,1.);
#1640 = DIRECTION('',(-1.,0.,0.));
#1641 = ORIENTED_EDGE('',*,*,#1642,.F.);
#1642 = EDGE_CURVE('',#393,#1635,#1643,.T.);
#1643 = B_SPLINE_CURVE_WITH_KNOTS('',1,(#1644,#1645),.UNSPECIFIED.,.F.,
  .F.,(2,2),(0.,1.),.PIECEWISE_BEZIER_KNOTS.);
#1644 = CARTESIAN_POINT('',(60.999999999971,119.74999999999,2.5));
#1645 = CARTESIAN_POINT('',(60.999999999972,119.42529620339,3.));
#1646 = PLANE('',#1647);
#1647 = AXIS2_PLACEMENT_3D('',#1648,#1649,#1650);
#1648 = CARTESIAN_POINT('',(60.999999999971,119.42529620339,3.));
#1649 = DIRECTION('',(0.,0.838670567945,0.544639035015));
#1650 = DIRECTION('',(-1.,0.,0.));
#1651 = ADVANCED_FACE('',(#1652),#1670,.T.);
#1652 = FACE_BOUND('',#1653,.T.);
#1653 = EDGE_LOOP('',(#1654,#1655,#1662,#1669));
#1654 = ORIENTED_EDGE('',*,*,#450,.T.);
#1655 = ORIENTED_EDGE('',*,*,#1656,.T.);
#1656 = EDGE_CURVE('',#443,#1657,#1659,.T.);
#1657 = VERTEX_POINT('',#1658);
#1658 = CARTESIAN_POINT('',(-61.17529620339,119.24999999997,3.));
#1659 = B_SPLINE_CURVE_WITH_KNOTS('',1,(#1660,#1661),.UNSPECIFIED.,.F.,
  .F.,(2,2),(0.,1.),.PIECEWISE_BEZIER_KNOTS.);
#1660 = CARTESIAN_POINT('',(-61.49999999999,119.24999999997,2.5));
#1661 = CARTESIAN_POINT('',(-61.17529620339,119.24999999997,3.));
#1662 = ORIENTED_EDGE('',*,*,#1663,.F.);
#1663 = EDGE_CURVE('',#1628,#1657,#1664,.T.);
#1664 = CIRCLE('',#1665,0.175296203422);
#1665 = AXIS2_PLACEMENT_3D('',#1666,#1667,#1668);
#1666 = CARTESIAN_POINT('',(-60.99999999997,119.24999999997,3.));
#1667 = DIRECTION('',(0.,0.,1.));
#1668 = DIRECTION('',(1.,0.,0.));
#1669 = ORIENTED_EDGE('',*,*,#1627,.F.);
#1670 = CONICAL_SURFACE('',#1671,0.500000000021,0.575958653158);
#1671 = AXIS2_PLACEMENT_3D('',#1672,#1673,#1674);
#1672 = CARTESIAN_POINT('',(-60.99999999997,119.24999999997,2.5));
#1673 = DIRECTION('',(-0.,-0.,-1.));
#1674 = DIRECTION('',(1.,0.,0.));
#1675 = ADVANCED_FACE('',(#1676),#1690,.F.);
#1676 = FACE_BOUND('',#1677,.F.);
#1677 = EDGE_LOOP('',(#1678,#1683,#1684,#1689));
#1678 = ORIENTED_EDGE('',*,*,#1679,.F.);
#1679 = EDGE_CURVE('',#476,#1263,#1680,.T.);
#1680 = B_SPLINE_CURVE_WITH_KNOTS('',1,(#1681,#1682),.UNSPECIFIED.,.F.,
  .F.,(2,2),(0.,1.),.PIECEWISE_BEZIER_KNOTS.);
#1681 = CARTESIAN_POINT('',(-54.666143079,107.80213449743,
    -10.03944577298));
#1682 = CARTESIAN_POINT('',(-51.63133693259,110.01384501701,-10.73102963
    ));
#1683 = ORIENTED_EDGE('',*,*,#483,.T.);
#1684 = ORIENTED_EDGE('',*,*,#1685,.T.);
#1685 = EDGE_CURVE('',#467,#1265,#1686,.T.);
#1686 = B_SPLINE_CURVE_WITH_KNOTS('',1,(#1687,#1688),.UNSPECIFIED.,.F.,
  .F.,(2,2),(0.,1.),.PIECEWISE_BEZIER_KNOTS.);
#1687 = CARTESIAN_POINT('',(-54.666143079,104.19786550256,
    -10.03944577298));
#1688 = CARTESIAN_POINT('',(-51.63133693259,101.98615498298,-10.73102963
    ));
#1689 = ORIENTED_EDGE('',*,*,#1262,.F.);
#1690 = CONICAL_SURFACE('',#1691,2.2,0.785398163397);
#1691 = AXIS2_PLACEMENT_3D('',#1692,#1693,#1694);
#1692 = CARTESIAN_POINT('',(-55.03507762407,106.,-8.832715250201));
#1693 = DIRECTION('',(0.956304755963,0.,0.292371704723));
#1694 = DIRECTION('',(0.292371704723,0.,-0.956304755963));
#1695 = ADVANCED_FACE('',(#1696),#1706,.F.);
#1696 = FACE_BOUND('',#1697,.F.);
#1697 = EDGE_LOOP('',(#1698,#1699,#1700,#1705));
#1698 = ORIENTED_EDGE('',*,*,#1685,.F.);
#1699 = ORIENTED_EDGE('',*,*,#500,.T.);
#1700 = ORIENTED_EDGE('',*,*,#1701,.T.);
#1701 = EDGE_CURVE('',#501,#1274,#1702,.T.);
#1702 = B_SPLINE_CURVE_WITH_KNOTS('',1,(#1703,#1704),.UNSPECIFIED.,.F.,
  .F.,(2,2),(0.,1.),.PIECEWISE_BEZIER_KNOTS.);
#1703 = CARTESIAN_POINT('',(-53.91366169826,106.,-12.50070146752));
#1704 = CARTESIAN_POINT('',(-49.95535567549,106.,-16.21291731331));
#1705 = ORIENTED_EDGE('',*,*,#1280,.T.);
#1706 = B_SPLINE_SURFACE_WITH_KNOTS('',1,1,(
    (#1707,#1708)
    ,(#1709,#1710
    )),.UNSPECIFIED.,.F.,.F.,.F.,(2,2),(2,2),(0.,6.997925233036),(0.,1.)
  ,.PIECEWISE_BEZIER_KNOTS.);
#1707 = CARTESIAN_POINT('',(-54.666143079,104.19786550256,
    -10.03944577298));
#1708 = CARTESIAN_POINT('',(-51.63133693259,101.98615498298,-10.73102963
    ));
#1709 = CARTESIAN_POINT('',(-53.91366169826,106.,-12.50070146752));
#1710 = CARTESIAN_POINT('',(-49.95535567549,106.,-16.21291731331));
#1711 = ADVANCED_FACE('',(#1712),#1718,.F.);
#1712 = FACE_BOUND('',#1713,.F.);
#1713 = EDGE_LOOP('',(#1714,#1715,#1716,#1717));
#1714 = ORIENTED_EDGE('',*,*,#1701,.F.);
#1715 = ORIENTED_EDGE('',*,*,#524,.T.);
#1716 = ORIENTED_EDGE('',*,*,#1679,.T.);
#1717 = ORIENTED_EDGE('',*,*,#1273,.T.);
#1718 = B_SPLINE_SURFACE_WITH_KNOTS('',1,1,(
    (#1719,#1720)
    ,(#1721,#1722
    )),.UNSPECIFIED.,.F.,.F.,.F.,(2,2),(2,2),(0.,6.997925233036),(0.,1.)
  ,.PIECEWISE_BEZIER_KNOTS.);
#1719 = CARTESIAN_POINT('',(-53.91366169826,106.,-12.50070146752));
#1720 = CARTESIAN_POINT('',(-49.95535567549,106.,-16.21291731331));
#1721 = CARTESIAN_POINT('',(-54.666143079,107.80213449743,
    -10.03944577298));
#1722 = CARTESIAN_POINT('',(-51.63133693259,110.01384501701,-10.73102963
    ));
#1723 = ADVANCED_FACE('',(#1724),#1747,.T.);
#1724 = FACE_BOUND('',#1725,.T.);
#1725 = EDGE_LOOP('',(#1726,#1736,#1741,#1742));
#1726 = ORIENTED_EDGE('',*,*,#1727,.F.);
#1727 = EDGE_CURVE('',#1728,#1730,#1732,.T.);
#1728 = VERTEX_POINT('',#1729);
#1729 = CARTESIAN_POINT('',(-61.17529620339,39.249999999972,3.));
#1730 = VERTEX_POINT('',#1731);
#1731 = CARTESIAN_POINT('',(-61.17529620339,-39.24999999997,3.));
#1732 = LINE('',#1733,#1734);
#1733 = CARTESIAN_POINT('',(-61.17529620339,39.249999999971,3.));
#1734 = VECTOR('',#1735,1.);
#1735 = DIRECTION('',(0.,-1.,0.));
#1736 = ORIENTED_EDGE('',*,*,#1737,.F.);
#1737 = EDGE_CURVE('',#564,#1728,#1738,.T.);
#1738 = B_SPLINE_CURVE_WITH_KNOTS('',1,(#1739,#1740),.UNSPECIFIED.,.F.,
  .F.,(2,2),(0.,1.),.PIECEWISE_BEZIER_KNOTS.);
#1739 = CARTESIAN_POINT('',(-61.49999999999,39.249999999971,2.5));
#1740 = CARTESIAN_POINT('',(-61.17529620339,39.249999999972,3.));
#1741 = ORIENTED_EDGE('',*,*,#563,.T.);
#1742 = ORIENTED_EDGE('',*,*,#1743,.T.);
#1743 = EDGE_CURVE('',#566,#1730,#1744,.T.);
#1744 = B_SPLINE_CURVE_WITH_KNOTS('',1,(#1745,#1746),.UNSPECIFIED.,.F.,
  .F.,(2,2),(0.,1.),.PIECEWISE_BEZIER_KNOTS.);
#1745 = CARTESIAN_POINT('',(-61.49999999999,-39.24999999997,2.5));
#1746 = CARTESIAN_POINT('',(-61.17529620339,-39.24999999997,3.));
#1747 = PLANE('',#1748);
#1748 = AXIS2_PLACEMENT_3D('',#1749,#1750,#1751);
#1749 = CARTESIAN_POINT('',(-61.33764810169,-7.9E-16,2.75));
#1750 = DIRECTION('',(-0.838670567945,0.,0.544639035015));
#1751 = DIRECTION('',(-0.544639035015,0.,-0.838670567945));
#1752 = ADVANCED_FACE('',(#1753),#1770,.T.);
#1753 = FACE_BOUND('',#1754,.T.);
#1754 = EDGE_LOOP('',(#1755,#1762,#1763,#1764));
#1755 = ORIENTED_EDGE('',*,*,#1756,.F.);
#1756 = EDGE_CURVE('',#574,#1757,#1759,.T.);
#1757 = VERTEX_POINT('',#1758);
#1758 = CARTESIAN_POINT('',(-61.17529620339,40.750000000028,3.));
#1759 = B_SPLINE_CURVE_WITH_KNOTS('',1,(#1760,#1761),.UNSPECIFIED.,.F.,
  .F.,(2,2),(0.,1.),.PIECEWISE_BEZIER_KNOTS.);
#1760 = CARTESIAN_POINT('',(-61.49999999999,40.750000000029,2.5));
#1761 = CARTESIAN_POINT('',(-61.17529620339,40.750000000028,3.));
#1762 = ORIENTED_EDGE('',*,*,#573,.T.);
#1763 = ORIENTED_EDGE('',*,*,#1737,.T.);
#1764 = ORIENTED_EDGE('',*,*,#1765,.F.);
#1765 = EDGE_CURVE('',#1757,#1728,#1766,.T.);
#1766 = LINE('',#1767,#1768);
#1767 = CARTESIAN_POINT('',(-61.1752962034,41.25,3.));
#1768 = VECTOR('',#1769,1.);
#1769 = DIRECTION('',(0.,-1.,0.));
#1770 = B_SPLINE_SURFACE_WITH_KNOTS('',1,1,(
    (#1771,#1772)
    ,(#1773,#1774
    )),.UNSPECIFIED.,.F.,.F.,.F.,(2,2),(2,2),(0.,2.5),(0.,1.),
  .PIECEWISE_BEZIER_KNOTS.);
#1771 = CARTESIAN_POINT('',(-61.5,41.25,2.5));
#1772 = CARTESIAN_POINT('',(-61.1752962034,40.925296203401,3.));
#1773 = CARTESIAN_POINT('',(-61.5,38.75,2.5));
#1774 = CARTESIAN_POINT('',(-61.1752962034,39.074703796599,3.));
#1775 = ADVANCED_FACE('',(#1776),#1787,.T.);
#1776 = FACE_BOUND('',#1777,.T.);
#1777 = EDGE_LOOP('',(#1778,#1784,#1785,#1786));
#1778 = ORIENTED_EDGE('',*,*,#1779,.F.);
#1779 = EDGE_CURVE('',#1657,#1757,#1780,.T.);
#1780 = LINE('',#1781,#1782);
#1781 = CARTESIAN_POINT('',(-61.17529620339,119.24999999997,3.));
#1782 = VECTOR('',#1783,1.);
#1783 = DIRECTION('',(0.,-1.,0.));
#1784 = ORIENTED_EDGE('',*,*,#1656,.F.);
#1785 = ORIENTED_EDGE('',*,*,#581,.T.);
#1786 = ORIENTED_EDGE('',*,*,#1756,.T.);
#1787 = PLANE('',#1788);
#1788 = AXIS2_PLACEMENT_3D('',#1789,#1790,#1791);
#1789 = CARTESIAN_POINT('',(-61.33764810169,80.,2.75));
#1790 = DIRECTION('',(-0.838670567945,0.,0.544639035015));
#1791 = DIRECTION('',(-0.544639035015,0.,-0.838670567945));
#1792 = ADVANCED_FACE('',(#1793),#1804,.T.);
#1793 = FACE_BOUND('',#1794,.T.);
#1794 = EDGE_LOOP('',(#1795,#1796,#1797));
#1795 = ORIENTED_EDGE('',*,*,#598,.F.);
#1796 = ORIENTED_EDGE('',*,*,#1236,.T.);
#1797 = ORIENTED_EDGE('',*,*,#1798,.T.);
#1798 = EDGE_CURVE('',#1229,#599,#1799,.T.);
#1799 = CIRCLE('',#1800,0.500000000021);
#1800 = AXIS2_PLACEMENT_3D('',#1801,#1802,#1803);
#1801 = CARTESIAN_POINT('',(-60.99999999997,39.249999999972,-0.8));
#1802 = DIRECTION('',(0.,0.,1.));
#1803 = DIRECTION('',(1.,0.,0.));
#1804 = CYLINDRICAL_SURFACE('',#1805,0.500000000021);
#1805 = AXIS2_PLACEMENT_3D('',#1806,#1807,#1808);
#1806 = CARTESIAN_POINT('',(-60.99999999997,39.249999999972,0.));
#1807 = DIRECTION('',(0.,0.,1.));
#1808 = DIRECTION('',(1.,0.,0.));
#1809 = ADVANCED_FACE('',(#1810),#1972,.F.);
#1810 = FACE_BOUND('',#1811,.F.);
#1811 = EDGE_LOOP('',(#1812,#1821,#1829,#1837,#1845,#1854,#1862,#1870,
    #1879,#1887,#1896,#1904,#1913,#1921,#1930,#1938,#1946,#1955,#1963,
    #1969,#1970,#1971));
#1812 = ORIENTED_EDGE('',*,*,#1813,.T.);
#1813 = EDGE_CURVE('',#607,#1814,#1816,.T.);
#1814 = VERTEX_POINT('',#1815);
#1815 = CARTESIAN_POINT('',(-61.25541545482,-39.67984060466,-0.8));
#1816 = CIRCLE('',#1817,0.500000000021);
#1817 = AXIS2_PLACEMENT_3D('',#1818,#1819,#1820);
#1818 = CARTESIAN_POINT('',(-60.99999999997,-39.24999999997,-0.8));
#1819 = DIRECTION('',(0.,0.,1.));
#1820 = DIRECTION('',(1.,0.,0.));
#1821 = ORIENTED_EDGE('',*,*,#1822,.T.);
#1822 = EDGE_CURVE('',#1814,#1823,#1825,.T.);
#1823 = VERTEX_POINT('',#1824);
#1824 = CARTESIAN_POINT('',(-61.25541545482,-13.8,-0.8));
#1825 = LINE('',#1826,#1827);
#1826 = CARTESIAN_POINT('',(-61.25541545482,-2.1039E-13,-0.8));
#1827 = VECTOR('',#1828,1.);
#1828 = DIRECTION('',(0.,1.,0.));
#1829 = ORIENTED_EDGE('',*,*,#1830,.T.);
#1830 = EDGE_CURVE('',#1823,#1831,#1833,.T.);
#1831 = VERTEX_POINT('',#1832);
#1832 = CARTESIAN_POINT('',(-53.02584946107,-13.8,-0.8));
#1833 = LINE('',#1834,#1835);
#1834 = CARTESIAN_POINT('',(-30.14396674183,-13.8,-0.8));
#1835 = VECTOR('',#1836,1.);
#1836 = DIRECTION('',(1.,0.,0.));
#1837 = ORIENTED_EDGE('',*,*,#1838,.T.);
#1838 = EDGE_CURVE('',#1831,#1839,#1841,.T.);
#1839 = VERTEX_POINT('',#1840);
#1840 = CARTESIAN_POINT('',(-53.02584946107,-35.53570308835,-0.8));
#1841 = LINE('',#1842,#1843);
#1842 = CARTESIAN_POINT('',(-53.02584946107,18.075,-0.8));
#1843 = VECTOR('',#1844,1.);
#1844 = DIRECTION('',(-2.2E-16,-1.,0.));
#1845 = ORIENTED_EDGE('',*,*,#1846,.T.);
#1846 = EDGE_CURVE('',#1839,#1847,#1849,.T.);
#1847 = VERTEX_POINT('',#1848);
#1848 = CARTESIAN_POINT('',(-51.45778145695,-36.1,-0.8));
#1849 = ELLIPSE('',#1850,4.182767025949,4.);
#1850 = AXIS2_PLACEMENT_3D('',#1851,#1852,#1853);
#1851 = CARTESIAN_POINT('',(-50.79849788996,-32.15,-0.8));
#1852 = DIRECTION('',(0.,0.,1.));
#1853 = DIRECTION('',(-1.,0.,0.));
#1854 = ORIENTED_EDGE('',*,*,#1855,.T.);
#1855 = EDGE_CURVE('',#1847,#1856,#1858,.T.);
#1856 = VERTEX_POINT('',#1857);
#1857 = CARTESIAN_POINT('',(51.5,-36.1,-0.8));
#1858 = LINE('',#1859,#1860);
#1859 = CARTESIAN_POINT('',(-28.89396674183,-36.1,-0.8));
#1860 = VECTOR('',#1861,1.);
#1861 = DIRECTION('',(1.,0.,0.));
#1862 = ORIENTED_EDGE('',*,*,#1863,.T.);
#1863 = EDGE_CURVE('',#1856,#1864,#1866,.T.);
#1864 = VERTEX_POINT('',#1865);
#1865 = CARTESIAN_POINT('',(51.5,-32.,-0.8));
#1866 = LINE('',#1867,#1868);
#1867 = CARTESIAN_POINT('',(51.5,-2.0639E-13,-0.8));
#1868 = VECTOR('',#1869,1.);
#1869 = DIRECTION('',(0.,1.,0.));
#1870 = ORIENTED_EDGE('',*,*,#1871,.F.);
#1871 = EDGE_CURVE('',#1872,#1864,#1874,.T.);
#1872 = VERTEX_POINT('',#1873);
#1873 = CARTESIAN_POINT('',(48.5,-35.,-0.8));
#1874 = CIRCLE('',#1875,3.);
#1875 = AXIS2_PLACEMENT_3D('',#1876,#1877,#1878);
#1876 = CARTESIAN_POINT('',(48.5,-32.,-0.8));
#1877 = DIRECTION('',(0.,0.,1.));
#1878 = DIRECTION('',(1.,0.,0.));
#1879 = ORIENTED_EDGE('',*,*,#1880,.F.);
#1880 = EDGE_CURVE('',#1881,#1872,#1883,.T.);
#1881 = VERTEX_POINT('',#1882);
#1882 = CARTESIAN_POINT('',(-38.5,-35.,-0.8));
#1883 = LINE('',#1884,#1885);
#1884 = CARTESIAN_POINT('',(-38.5,-35.,-0.8));
#1885 = VECTOR('',#1886,1.);
#1886 = DIRECTION('',(1.,0.,0.));
#1887 = ORIENTED_EDGE('',*,*,#1888,.F.);
#1888 = EDGE_CURVE('',#1889,#1881,#1891,.T.);
#1889 = VERTEX_POINT('',#1890);
#1890 = CARTESIAN_POINT('',(-41.5,-32.,-0.8));
#1891 = CIRCLE('',#1892,3.);
#1892 = AXIS2_PLACEMENT_3D('',#1893,#1894,#1895);
#1893 = CARTESIAN_POINT('',(-38.5,-32.,-0.8));
#1894 = DIRECTION('',(0.,0.,1.));
#1895 = DIRECTION('',(1.,0.,0.));
#1896 = ORIENTED_EDGE('',*,*,#1897,.F.);
#1897 = EDGE_CURVE('',#1898,#1889,#1900,.T.);
#1898 = VERTEX_POINT('',#1899);
#1899 = CARTESIAN_POINT('',(-41.5,32.,-0.8));
#1900 = LINE('',#1901,#1902);
#1901 = CARTESIAN_POINT('',(-41.5,32.,-0.8));
#1902 = VECTOR('',#1903,1.);
#1903 = DIRECTION('',(0.,-1.,0.));
#1904 = ORIENTED_EDGE('',*,*,#1905,.F.);
#1905 = EDGE_CURVE('',#1906,#1898,#1908,.T.);
#1906 = VERTEX_POINT('',#1907);
#1907 = CARTESIAN_POINT('',(-38.5,35.,-0.8));
#1908 = CIRCLE('',#1909,3.);
#1909 = AXIS2_PLACEMENT_3D('',#1910,#1911,#1912);
#1910 = CARTESIAN_POINT('',(-38.5,32.,-0.8));
#1911 = DIRECTION('',(0.,0.,1.));
#1912 = DIRECTION('',(1.,0.,0.));
#1913 = ORIENTED_EDGE('',*,*,#1914,.F.);
#1914 = EDGE_CURVE('',#1915,#1906,#1917,.T.);
#1915 = VERTEX_POINT('',#1916);
#1916 = CARTESIAN_POINT('',(48.5,35.,-0.8));
#1917 = LINE('',#1918,#1919);
#1918 = CARTESIAN_POINT('',(48.5,35.,-0.8));
#1919 = VECTOR('',#1920,1.);
#1920 = DIRECTION('',(-1.,0.,0.));
#1921 = ORIENTED_EDGE('',*,*,#1922,.F.);
#1922 = EDGE_CURVE('',#1923,#1915,#1925,.T.);
#1923 = VERTEX_POINT('',#1924);
#1924 = CARTESIAN_POINT('',(51.5,32.,-0.8));
#1925 = CIRCLE('',#1926,3.);
#1926 = AXIS2_PLACEMENT_3D('',#1927,#1928,#1929);
#1927 = CARTESIAN_POINT('',(48.5,32.,-0.8));
#1928 = DIRECTION('',(0.,0.,1.));
#1929 = DIRECTION('',(1.,0.,0.));
#1930 = ORIENTED_EDGE('',*,*,#1931,.T.);
#1931 = EDGE_CURVE('',#1923,#1932,#1934,.T.);
#1932 = VERTEX_POINT('',#1933);
#1933 = CARTESIAN_POINT('',(51.5,36.05,-0.8));
#1934 = LINE('',#1935,#1936);
#1935 = CARTESIAN_POINT('',(51.5,-2.0639E-13,-0.8));
#1936 = VECTOR('',#1937,1.);
#1937 = DIRECTION('',(0.,1.,0.));
#1938 = ORIENTED_EDGE('',*,*,#1939,.F.);
#1939 = EDGE_CURVE('',#1940,#1932,#1942,.T.);
#1940 = VERTEX_POINT('',#1941);
#1941 = CARTESIAN_POINT('',(-51.72792905318,36.05,-0.8));
#1942 = LINE('',#1943,#1944);
#1943 = CARTESIAN_POINT('',(-2.136651896123,36.05,-0.8));
#1944 = VECTOR('',#1945,1.);
#1945 = DIRECTION('',(1.,0.,0.));
#1946 = ORIENTED_EDGE('',*,*,#1947,.T.);
#1947 = EDGE_CURVE('',#1940,#1948,#1950,.T.);
#1948 = VERTEX_POINT('',#1949);
#1949 = CARTESIAN_POINT('',(-53.02584946107,35.535703088351,-0.8));
#1950 = ELLIPSE('',#1951,4.182767025949,4.);
#1951 = AXIS2_PLACEMENT_3D('',#1952,#1953,#1954);
#1952 = CARTESIAN_POINT('',(-50.79849788996,32.15,-0.8));
#1953 = DIRECTION('',(0.,0.,1.));
#1954 = DIRECTION('',(-1.,-1.45E-15,0.));
#1955 = ORIENTED_EDGE('',*,*,#1956,.T.);
#1956 = EDGE_CURVE('',#1948,#1957,#1959,.T.);
#1957 = VERTEX_POINT('',#1958);
#1958 = CARTESIAN_POINT('',(-53.02584946107,13.8,-0.8));
#1959 = LINE('',#1960,#1961);
#1960 = CARTESIAN_POINT('',(-53.02584946107,18.075,-0.8));
#1961 = VECTOR('',#1962,1.);
#1962 = DIRECTION('',(-2.2E-16,-1.,0.));
#1963 = ORIENTED_EDGE('',*,*,#1964,.T.);
#1964 = EDGE_CURVE('',#1957,#1221,#1965,.T.);
#1965 = LINE('',#1966,#1967);
#1966 = CARTESIAN_POINT('',(-30.14396674183,13.8,-0.8));
#1967 = VECTOR('',#1968,1.);
#1968 = DIRECTION('',(-1.,0.,0.));
#1969 = ORIENTED_EDGE('',*,*,#1228,.T.);
#1970 = ORIENTED_EDGE('',*,*,#1798,.T.);
#1971 = ORIENTED_EDGE('',*,*,#606,.T.);
#1972 = PLANE('',#1973);
#1973 = AXIS2_PLACEMENT_3D('',#1974,#1975,#1976);
#1974 = CARTESIAN_POINT('',(2.212066516339,-4.1657E-13,-0.8));
#1975 = DIRECTION('',(0.,0.,1.));
#1976 = DIRECTION('',(1.,0.,0.));
#1977 = ADVANCED_FACE('',(#1978),#2006,.T.);
#1978 = FACE_BOUND('',#1979,.T.);
#1979 = EDGE_LOOP('',(#1980,#1981,#1982,#1991,#1999));
#1980 = ORIENTED_EDGE('',*,*,#614,.T.);
#1981 = ORIENTED_EDGE('',*,*,#1813,.T.);
#1982 = ORIENTED_EDGE('',*,*,#1983,.F.);
#1983 = EDGE_CURVE('',#1984,#1814,#1986,.T.);
#1984 = VERTEX_POINT('',#1985);
#1985 = CARTESIAN_POINT('',(-60.99999999997,-39.74999999999,
    -1.635426309336));
#1986 = ELLIPSE('',#1987,1.71015180999,0.500000000021);
#1987 = AXIS2_PLACEMENT_3D('',#1988,#1989,#1990);
#1988 = CARTESIAN_POINT('',(-60.99999999997,-39.24999999997,
    -1.635426309317));
#1989 = DIRECTION('',(-0.956304755963,0.,-0.292371704722));
#1990 = DIRECTION('',(-0.292371704722,0.,0.956304755963));
#1991 = ORIENTED_EDGE('',*,*,#1992,.F.);
#1992 = EDGE_CURVE('',#1993,#1984,#1995,.T.);
#1993 = VERTEX_POINT('',#1994);
#1994 = CARTESIAN_POINT('',(-60.99999999997,-39.74999999999,2.5));
#1995 = LINE('',#1996,#1997);
#1996 = CARTESIAN_POINT('',(-60.99999999997,-39.74999999999,2.5));
#1997 = VECTOR('',#1998,1.);
#1998 = DIRECTION('',(-0.,-0.,-1.));
#1999 = ORIENTED_EDGE('',*,*,#2000,.F.);
#2000 = EDGE_CURVE('',#566,#1993,#2001,.T.);
#2001 = CIRCLE('',#2002,0.500000000021);
#2002 = AXIS2_PLACEMENT_3D('',#2003,#2004,#2005);
#2003 = CARTESIAN_POINT('',(-60.99999999997,-39.24999999997,2.5));
#2004 = DIRECTION('',(0.,0.,1.));
#2005 = DIRECTION('',(1.,0.,0.));
#2006 = CYLINDRICAL_SURFACE('',#2007,0.500000000021);
#2007 = AXIS2_PLACEMENT_3D('',#2008,#2009,#2010);
#2008 = CARTESIAN_POINT('',(-60.99999999997,-39.24999999997,0.));
#2009 = DIRECTION('',(0.,0.,1.));
#2010 = DIRECTION('',(1.,0.,0.));
#2011 = ADVANCED_FACE('',(#2012),#2062,.T.);
#2012 = FACE_BOUND('',#2013,.F.);
#2013 = EDGE_LOOP('',(#2014,#2015,#2023,#2029,#2030,#2031,#2032,#2040,
    #2048,#2056,#2061));
#2014 = ORIENTED_EDGE('',*,*,#1341,.F.);
#2015 = ORIENTED_EDGE('',*,*,#2016,.T.);
#2016 = EDGE_CURVE('',#1342,#2017,#2019,.T.);
#2017 = VERTEX_POINT('',#2018);
#2018 = CARTESIAN_POINT('',(-47.77240663057,116.15,-20.50270681099));
#2019 = LINE('',#2020,#2021);
#2020 = CARTESIAN_POINT('',(-41.25887450646,116.15,-69.97789523112));
#2021 = VECTOR('',#2022,1.);
#2022 = DIRECTION('',(-0.13052619222,-4.4E-16,0.991444861374));
#2023 = ORIENTED_EDGE('',*,*,#2024,.T.);
#2024 = EDGE_CURVE('',#2017,#663,#2025,.T.);
#2025 = LINE('',#2026,#2027);
#2026 = CARTESIAN_POINT('',(-48.95296662695,116.15,-21.8622546799));
#2027 = VECTOR('',#2028,1.);
#2028 = DIRECTION('',(0.655654995826,-3.4E-16,0.755060611109));
#2029 = ORIENTED_EDGE('',*,*,#671,.T.);
#2030 = ORIENTED_EDGE('',*,*,#705,.T.);
#2031 = ORIENTED_EDGE('',*,*,#730,.F.);
#2032 = ORIENTED_EDGE('',*,*,#2033,.F.);
#2033 = EDGE_CURVE('',#2034,#731,#2036,.T.);
#2034 = VERTEX_POINT('',#2035);
#2035 = CARTESIAN_POINT('',(53.3,116.15,-1.));
#2036 = LINE('',#2037,#2038);
#2037 = CARTESIAN_POINT('',(23.407314845708,116.15,-1.));
#2038 = VECTOR('',#2039,1.);
#2039 = DIRECTION('',(-1.,0.,0.));
#2040 = ORIENTED_EDGE('',*,*,#2041,.F.);
#2041 = EDGE_CURVE('',#2042,#2034,#2044,.T.);
#2042 = VERTEX_POINT('',#2043);
#2043 = CARTESIAN_POINT('',(53.45,116.15,-0.85));
#2044 = LINE('',#2045,#2046);
#2045 = CARTESIAN_POINT('',(32.394975850139,116.15,-21.90502414986));
#2046 = VECTOR('',#2047,1.);
#2047 = DIRECTION('',(-0.707106781187,3.1E-16,-0.707106781187));
#2048 = ORIENTED_EDGE('',*,*,#2049,.T.);
#2049 = EDGE_CURVE('',#2042,#2050,#2052,.T.);
#2050 = VERTEX_POINT('',#2051);
#2051 = CARTESIAN_POINT('',(54.585,116.15,-0.85));
#2052 = LINE('',#2053,#2054);
#2053 = CARTESIAN_POINT('',(-33.24268515429,116.15,-0.85));
#2054 = VECTOR('',#2055,1.);
#2055 = DIRECTION('',(1.,0.,0.));
#2056 = ORIENTED_EDGE('',*,*,#2057,.T.);
#2057 = EDGE_CURVE('',#2050,#1538,#2058,.T.);
#2058 = B_SPLINE_CURVE_WITH_KNOTS('',1,(#2059,#2060),.UNSPECIFIED.,.F.,
  .F.,(2,2),(0.,1.),.PIECEWISE_BEZIER_KNOTS.);
#2059 = CARTESIAN_POINT('',(54.5,116.15,-9.E-15));
#2060 = CARTESIAN_POINT('',(56.236769795071,116.15,-17.3676979507));
#2061 = ORIENTED_EDGE('',*,*,#1564,.F.);
#2062 = PLANE('',#2063);
#2063 = AXIS2_PLACEMENT_3D('',#2064,#2065,#2066);
#2064 = CARTESIAN_POINT('',(-6.485370308585,116.15,-26.03472629086));
#2065 = DIRECTION('',(-0.,-1.,-4.4E-16));
#2066 = DIRECTION('',(0.,4.4E-16,-1.));
#2067 = ADVANCED_FACE('',(#2068),#2080,.F.);
#2068 = FACE_BOUND('',#2069,.T.);
#2069 = EDGE_LOOP('',(#2070,#2077,#2078,#2079));
#2070 = ORIENTED_EDGE('',*,*,#2071,.T.);
#2071 = EDGE_CURVE('',#1294,#2017,#2072,.T.);
#2072 = ELLIPSE('',#2073,4.386580936551,4.);
#2073 = AXIS2_PLACEMENT_3D('',#2074,#2075,#2076);
#2074 = CARTESIAN_POINT('',(-47.77240663057,112.15,-20.50270681099));
#2075 = DIRECTION('',(-0.287939999892,4.3E-16,-0.957648451397));
#2076 = DIRECTION('',(0.957648451397,1.3E-16,-0.287939999892));
#2077 = ORIENTED_EDGE('',*,*,#2024,.T.);
#2078 = ORIENTED_EDGE('',*,*,#662,.F.);
#2079 = ORIENTED_EDGE('',*,*,#1301,.F.);
#2080 = CYLINDRICAL_SURFACE('',#2081,4.);
#2081 = AXIS2_PLACEMENT_3D('',#2082,#2083,#2084);
#2082 = CARTESIAN_POINT('',(-48.95296662695,112.15,-21.8622546799));
#2083 = DIRECTION('',(0.655654995826,-3.4E-16,0.755060611109));
#2084 = DIRECTION('',(-0.755060611109,1.5E-16,0.655654995826));
#2085 = ADVANCED_FACE('',(#2086),#2097,.T.);
#2086 = FACE_BOUND('',#2087,.T.);
#2087 = EDGE_LOOP('',(#2088,#2089,#2095,#2096));
#2088 = ORIENTED_EDGE('',*,*,#2033,.F.);
#2089 = ORIENTED_EDGE('',*,*,#2090,.T.);
#2090 = EDGE_CURVE('',#2034,#1055,#2091,.T.);
#2091 = LINE('',#2092,#2093);
#2092 = CARTESIAN_POINT('',(53.3,117.15,-1.));
#2093 = VECTOR('',#2094,1.);
#2094 = DIRECTION('',(0.,-1.,2.2E-16));
#2095 = ORIENTED_EDGE('',*,*,#1054,.F.);
#2096 = ORIENTED_EDGE('',*,*,#738,.F.);
#2097 = PLANE('',#2098);
#2098 = AXIS2_PLACEMENT_3D('',#2099,#2100,#2101);
#2099 = CARTESIAN_POINT('',(53.3,117.15,-1.));
#2100 = DIRECTION('',(-0.,-2.2E-16,-1.));
#2101 = DIRECTION('',(-1.,0.,0.));
#2102 = ADVANCED_FACE('',(#2103),#2126,.F.);
#2103 = FACE_BOUND('',#2104,.F.);
#2104 = EDGE_LOOP('',(#2105,#2112,#2113,#2120));
#2105 = ORIENTED_EDGE('',*,*,#2106,.F.);
#2106 = EDGE_CURVE('',#754,#2107,#2109,.T.);
#2107 = VERTEX_POINT('',#2108);
#2108 = CARTESIAN_POINT('',(51.420980039777,48.,2.621680068189));
#2109 = B_SPLINE_CURVE_WITH_KNOTS('',1,(#2110,#2111),.UNSPECIFIED.,.F.,
  .F.,(2,2),(0.,1.),.PIECEWISE_BEZIER_KNOTS.);
#2110 = CARTESIAN_POINT('',(51.5,48.,2.5));
#2111 = CARTESIAN_POINT('',(51.175296203401,48.,3.));
#2112 = ORIENTED_EDGE('',*,*,#761,.T.);
#2113 = ORIENTED_EDGE('',*,*,#2114,.T.);
#2114 = EDGE_CURVE('',#721,#2115,#2117,.T.);
#2115 = VERTEX_POINT('',#2116);
#2116 = CARTESIAN_POINT('',(51.420980039777,112.,2.621680068189));
#2117 = B_SPLINE_CURVE_WITH_KNOTS('',1,(#2118,#2119),.UNSPECIFIED.,.F.,
  .F.,(2,2),(0.,1.),.PIECEWISE_BEZIER_KNOTS.);
#2118 = CARTESIAN_POINT('',(51.5,112.,2.5));
#2119 = CARTESIAN_POINT('',(51.175296203401,112.,3.));
#2120 = ORIENTED_EDGE('',*,*,#2121,.T.);
#2121 = EDGE_CURVE('',#2115,#2107,#2122,.T.);
#2122 = LINE('',#2123,#2124);
#2123 = CARTESIAN_POINT('',(51.420980039777,47.75,2.621680068189));
#2124 = VECTOR('',#2125,1.);
#2125 = DIRECTION('',(0.,-1.,0.));
#2126 = PLANE('',#2127);
#2127 = AXIS2_PLACEMENT_3D('',#2128,#2129,#2130);
#2128 = CARTESIAN_POINT('',(51.175296203401,48.,3.));
#2129 = DIRECTION('',(0.838670567945,0.,0.544639035015));
#2130 = DIRECTION('',(0.,1.,0.));
#2131 = ADVANCED_FACE('',(#2132),#2154,.F.);
#2132 = FACE_BOUND('',#2133,.F.);
#2133 = EDGE_LOOP('',(#2134,#2135,#2136,#2147));
#2134 = ORIENTED_EDGE('',*,*,#2114,.F.);
#2135 = ORIENTED_EDGE('',*,*,#802,.T.);
#2136 = ORIENTED_EDGE('',*,*,#2137,.F.);
#2137 = EDGE_CURVE('',#2138,#784,#2140,.T.);
#2138 = VERTEX_POINT('',#2139);
#2139 = CARTESIAN_POINT('',(51.400737920183,112.5,2.586979291742));
#2140 = B_SPLINE_CURVE_WITH_KNOTS('',5,(#2141,#2142,#2143,#2144,#2145,
    #2146),.UNSPECIFIED.,.F.,.F.,(6,6),(0.,1.),
  .PIECEWISE_BEZIER_KNOTS.);
#2141 = CARTESIAN_POINT('',(51.400737920183,112.5,2.586979291742));
#2142 = CARTESIAN_POINT('',(51.390417002957,112.62751834484,
    2.569286290784));
#2143 = CARTESIAN_POINT('',(51.373137117491,112.75450380049,
    2.551676071913));
#2144 = CARTESIAN_POINT('',(51.348929103571,112.88048263032,
    2.534214200787));
#2145 = CARTESIAN_POINT('',(51.317863683248,113.00497532636,
    2.516966779385));
#2146 = CARTESIAN_POINT('',(51.280061824851,113.1275,2.5));
#2147 = ORIENTED_EDGE('',*,*,#2148,.T.);
#2148 = EDGE_CURVE('',#2138,#2115,#2149,.T.);
#2149 = HYPERBOLA('',#2150,51.179223296537,12.616774560952);
#2150 = AXIS2_PLACEMENT_3D('',#2151,#2152,#2153);
#2151 = CARTESIAN_POINT('',(77.208707767729,112.,46.829213316107));
#2152 = DIRECTION('',(-0.863778900898,0.,0.503871025524));
#2153 = DIRECTION('',(-0.503871025524,0.,-0.863778900898));
#2154 = CONICAL_SURFACE('',#2155,3.,0.575958653158);
#2155 = AXIS2_PLACEMENT_3D('',#2156,#2157,#2158);
#2156 = CARTESIAN_POINT('',(48.5,112.,2.5));
#2157 = DIRECTION('',(-0.,-0.,-1.));
#2158 = DIRECTION('',(1.,0.,0.));
#2159 = ADVANCED_FACE('',(#2160),#2185,.F.);
#2160 = FACE_BOUND('',#2161,.T.);
#2161 = EDGE_LOOP('',(#2162,#2169,#2178,#2183,#2184));
#2162 = ORIENTED_EDGE('',*,*,#2163,.F.);
#2163 = EDGE_CURVE('',#2164,#2138,#2166,.T.);
#2164 = VERTEX_POINT('',#2165);
#2165 = CARTESIAN_POINT('',(51.641666666667,112.5,3.));
#2166 = B_SPLINE_CURVE_WITH_KNOTS('',1,(#2167,#2168),.UNSPECIFIED.,.F.,
  .F.,(2,2),(0.,1.),.PIECEWISE_BEZIER_KNOTS.);
#2167 = CARTESIAN_POINT('',(51.7,112.5,3.1));
#2168 = CARTESIAN_POINT('',(51.,112.5,1.9));
#2169 = ORIENTED_EDGE('',*,*,#2170,.F.);
#2170 = EDGE_CURVE('',#2171,#2164,#2173,.T.);
#2171 = VERTEX_POINT('',#2172);
#2172 = CARTESIAN_POINT('',(48.5,115.64166666666,3.));
#2173 = CIRCLE('',#2174,3.141666666667);
#2174 = AXIS2_PLACEMENT_3D('',#2175,#2176,#2177);
#2175 = CARTESIAN_POINT('',(48.5,112.5,3.));
#2176 = DIRECTION('',(0.,0.,-1.));
#2177 = DIRECTION('',(1.,0.,0.));
#2178 = ORIENTED_EDGE('',*,*,#2179,.T.);
#2179 = EDGE_CURVE('',#2171,#776,#2180,.T.);
#2180 = B_SPLINE_CURVE_WITH_KNOTS('',1,(#2181,#2182),.UNSPECIFIED.,.F.,
  .F.,(2,2),(0.,1.),.PIECEWISE_BEZIER_KNOTS.);
#2181 = CARTESIAN_POINT('',(48.5,115.7,3.1));
#2182 = CARTESIAN_POINT('',(48.5,115.,1.9));
#2183 = ORIENTED_EDGE('',*,*,#783,.F.);
#2184 = ORIENTED_EDGE('',*,*,#2137,.F.);
#2185 = CONICAL_SURFACE('',#2186,3.2,0.528074448426);
#2186 = AXIS2_PLACEMENT_3D('',#2187,#2188,#2189);
#2187 = CARTESIAN_POINT('',(48.5,112.5,3.1));
#2188 = DIRECTION('',(0.,0.,1.));
#2189 = DIRECTION('',(1.,0.,0.));
#2190 = ADVANCED_FACE('',(#2191),#2208,.T.);
#2191 = FACE_BOUND('',#2192,.T.);
#2192 = EDGE_LOOP('',(#2193,#2194,#2202,#2207));
#2193 = ORIENTED_EDGE('',*,*,#2179,.F.);
#2194 = ORIENTED_EDGE('',*,*,#2195,.F.);
#2195 = EDGE_CURVE('',#2196,#2171,#2198,.T.);
#2196 = VERTEX_POINT('',#2197);
#2197 = CARTESIAN_POINT('',(-38.5,115.64166666666,3.));
#2198 = LINE('',#2199,#2200);
#2199 = CARTESIAN_POINT('',(24.25,115.64166666666,3.));
#2200 = VECTOR('',#2201,1.);
#2201 = DIRECTION('',(1.,0.,0.));
#2202 = ORIENTED_EDGE('',*,*,#2203,.T.);
#2203 = EDGE_CURVE('',#2196,#821,#2204,.T.);
#2204 = B_SPLINE_CURVE_WITH_KNOTS('',1,(#2205,#2206),.UNSPECIFIED.,.F.,
  .F.,(2,2),(0.,1.),.PIECEWISE_BEZIER_KNOTS.);
#2205 = CARTESIAN_POINT('',(-38.5,115.7,3.1));
#2206 = CARTESIAN_POINT('',(-38.5,115.,1.9));
#2207 = ORIENTED_EDGE('',*,*,#820,.F.);
#2208 = PLANE('',#2209);
#2209 = AXIS2_PLACEMENT_3D('',#2210,#2211,#2212);
#2210 = CARTESIAN_POINT('',(48.5,115.,1.9));
#2211 = DIRECTION('',(0.,-0.863778900898,0.503871025524));
#2212 = DIRECTION('',(-1.,0.,0.));
#2213 = ADVANCED_FACE('',(#2214),#2242,.F.);
#2214 = FACE_BOUND('',#2215,.T.);
#2215 = EDGE_LOOP('',(#2216,#2217,#2226,#2233,#2241));
#2216 = ORIENTED_EDGE('',*,*,#2203,.F.);
#2217 = ORIENTED_EDGE('',*,*,#2218,.F.);
#2218 = EDGE_CURVE('',#2219,#2196,#2221,.T.);
#2219 = VERTEX_POINT('',#2220);
#2220 = CARTESIAN_POINT('',(-41.64166666666,112.5,3.));
#2221 = CIRCLE('',#2222,3.141666666667);
#2222 = AXIS2_PLACEMENT_3D('',#2223,#2224,#2225);
#2223 = CARTESIAN_POINT('',(-38.5,112.5,3.));
#2224 = DIRECTION('',(0.,0.,-1.));
#2225 = DIRECTION('',(1.,0.,0.));
#2226 = ORIENTED_EDGE('',*,*,#2227,.T.);
#2227 = EDGE_CURVE('',#2219,#2228,#2230,.T.);
#2228 = VERTEX_POINT('',#2229);
#2229 = CARTESIAN_POINT('',(-41.40073792018,112.5,2.586979291742));
#2230 = B_SPLINE_CURVE_WITH_KNOTS('',1,(#2231,#2232),.UNSPECIFIED.,.F.,
  .F.,(2,2),(0.,1.),.PIECEWISE_BEZIER_KNOTS.);
#2231 = CARTESIAN_POINT('',(-41.7,112.5,3.1));
#2232 = CARTESIAN_POINT('',(-41.,112.5,1.9));
#2233 = ORIENTED_EDGE('',*,*,#2234,.F.);
#2234 = EDGE_CURVE('',#852,#2228,#2235,.T.);
#2235 = B_SPLINE_CURVE_WITH_KNOTS('',4,(#2236,#2237,#2238,#2239,#2240),
  .UNSPECIFIED.,.F.,.F.,(5,5),(0.,1.),.PIECEWISE_BEZIER_KNOTS.);
#2236 = CARTESIAN_POINT('',(-41.28006182485,113.1275,2.5));
#2237 = CARTESIAN_POINT('',(-41.32731457202,112.97434278308,
    2.521208664617));
#2238 = CARTESIAN_POINT('',(-41.36333832177,112.81790896173,
    2.542884588086));
#2239 = CARTESIAN_POINT('',(-41.38783721366,112.65939249457,
    2.564863794849));
#2240 = CARTESIAN_POINT('',(-41.40073792018,112.5,2.586979291742));
#2241 = ORIENTED_EDGE('',*,*,#860,.F.);
#2242 = CONICAL_SURFACE('',#2243,3.2,0.528074448426);
#2243 = AXIS2_PLACEMENT_3D('',#2244,#2245,#2246);
#2244 = CARTESIAN_POINT('',(-38.5,112.5,3.1));
#2245 = DIRECTION('',(0.,0.,1.));
#2246 = DIRECTION('',(1.,0.,0.));
#2247 = ADVANCED_FACE('',(#2248),#2266,.F.);
#2248 = FACE_BOUND('',#2249,.F.);
#2249 = EDGE_LOOP('',(#2250,#2251,#2252,#2259));
#2250 = ORIENTED_EDGE('',*,*,#2234,.F.);
#2251 = ORIENTED_EDGE('',*,*,#851,.T.);
#2252 = ORIENTED_EDGE('',*,*,#2253,.T.);
#2253 = EDGE_CURVE('',#844,#2254,#2256,.T.);
#2254 = VERTEX_POINT('',#2255);
#2255 = CARTESIAN_POINT('',(-41.42098003977,112.,2.621680068189));
#2256 = B_SPLINE_CURVE_WITH_KNOTS('',1,(#2257,#2258),.UNSPECIFIED.,.F.,
  .F.,(2,2),(0.,1.),.PIECEWISE_BEZIER_KNOTS.);
#2257 = CARTESIAN_POINT('',(-41.5,112.,2.5));
#2258 = CARTESIAN_POINT('',(-41.1752962034,112.,3.));
#2259 = ORIENTED_EDGE('',*,*,#2260,.T.);
#2260 = EDGE_CURVE('',#2254,#2228,#2261,.T.);
#2261 = HYPERBOLA('',#2262,51.179223296537,12.616774560952);
#2262 = AXIS2_PLACEMENT_3D('',#2263,#2264,#2265);
#2263 = CARTESIAN_POINT('',(-67.20870776772,112.,46.829213316107));
#2264 = DIRECTION('',(0.863778900898,-0.,0.503871025524));
#2265 = DIRECTION('',(0.503871025524,0.,-0.863778900898));
#2266 = CONICAL_SURFACE('',#2267,3.,0.575958653158);
#2267 = AXIS2_PLACEMENT_3D('',#2268,#2269,#2270);
#2268 = CARTESIAN_POINT('',(-38.5,112.,2.5));
#2269 = DIRECTION('',(-0.,-0.,-1.));
#2270 = DIRECTION('',(1.,0.,0.));
#2271 = ADVANCED_FACE('',(#2272),#2289,.F.);
#2272 = FACE_BOUND('',#2273,.F.);
#2273 = EDGE_LOOP('',(#2274,#2275,#2276,#2283));
#2274 = ORIENTED_EDGE('',*,*,#2253,.F.);
#2275 = ORIENTED_EDGE('',*,*,#887,.T.);
#2276 = ORIENTED_EDGE('',*,*,#2277,.T.);
#2277 = EDGE_CURVE('',#888,#2278,#2280,.T.);
#2278 = VERTEX_POINT('',#2279);
#2279 = CARTESIAN_POINT('',(-41.42098003977,48.,2.621680068189));
#2280 = B_SPLINE_CURVE_WITH_KNOTS('',1,(#2281,#2282),.UNSPECIFIED.,.F.,
  .F.,(2,2),(0.,1.),.PIECEWISE_BEZIER_KNOTS.);
#2281 = CARTESIAN_POINT('',(-41.5,48.,2.5));
#2282 = CARTESIAN_POINT('',(-41.1752962034,48.,3.));
#2283 = ORIENTED_EDGE('',*,*,#2284,.T.);
#2284 = EDGE_CURVE('',#2278,#2254,#2285,.T.);
#2285 = LINE('',#2286,#2287);
#2286 = CARTESIAN_POINT('',(-41.42098003977,112.25,2.621680068189));
#2287 = VECTOR('',#2288,1.);
#2288 = DIRECTION('',(0.,1.,0.));
#2289 = PLANE('',#2290);
#2290 = AXIS2_PLACEMENT_3D('',#2291,#2292,#2293);
#2291 = CARTESIAN_POINT('',(-41.1752962034,112.,3.));
#2292 = DIRECTION('',(-0.838670567945,0.,0.544639035015));
#2293 = DIRECTION('',(0.,-1.,0.));
#2294 = ADVANCED_FACE('',(#2295),#2316,.F.);
#2295 = FACE_BOUND('',#2296,.F.);
#2296 = EDGE_LOOP('',(#2297,#2298,#2299,#2309));
#2297 = ORIENTED_EDGE('',*,*,#2277,.F.);
#2298 = ORIENTED_EDGE('',*,*,#938,.T.);
#2299 = ORIENTED_EDGE('',*,*,#2300,.F.);
#2300 = EDGE_CURVE('',#2301,#920,#2303,.T.);
#2301 = VERTEX_POINT('',#2302);
#2302 = CARTESIAN_POINT('',(-41.40073792018,47.5,2.586979291742));
#2303 = B_SPLINE_CURVE_WITH_KNOTS('',4,(#2304,#2305,#2306,#2307,#2308),
  .UNSPECIFIED.,.F.,.F.,(5,5),(0.,1.),.PIECEWISE_BEZIER_KNOTS.);
#2304 = CARTESIAN_POINT('',(-41.40073792018,47.5,2.586979291742));
#2305 = CARTESIAN_POINT('',(-41.38783721363,47.3406075051,2.564863794804
    ));
#2306 = CARTESIAN_POINT('',(-41.36333832178,47.182091038271,
    2.542884588087));
#2307 = CARTESIAN_POINT('',(-41.32731457189,47.02565721648,
    2.521208664557));
#2308 = CARTESIAN_POINT('',(-41.28006182485,46.872499999999,2.5));
#2309 = ORIENTED_EDGE('',*,*,#2310,.T.);
#2310 = EDGE_CURVE('',#2301,#2278,#2311,.T.);
#2311 = HYPERBOLA('',#2312,51.179223296537,12.616774560952);
#2312 = AXIS2_PLACEMENT_3D('',#2313,#2314,#2315);
#2313 = CARTESIAN_POINT('',(-67.20870776772,48.,46.829213316107));
#2314 = DIRECTION('',(0.863778900898,-0.,0.503871025524));
#2315 = DIRECTION('',(0.503871025524,0.,-0.863778900898));
#2316 = CONICAL_SURFACE('',#2317,3.,0.575958653158);
#2317 = AXIS2_PLACEMENT_3D('',#2318,#2319,#2320);
#2318 = CARTESIAN_POINT('',(-38.5,48.,2.5));
#2319 = DIRECTION('',(-0.,-0.,-1.));
#2320 = DIRECTION('',(1.,0.,0.));
#2321 = ADVANCED_FACE('',(#2322),#2347,.F.);
#2322 = FACE_BOUND('',#2323,.T.);
#2323 = EDGE_LOOP('',(#2324,#2331,#2340,#2345,#2346));
#2324 = ORIENTED_EDGE('',*,*,#2325,.F.);
#2325 = EDGE_CURVE('',#2326,#2301,#2328,.T.);
#2326 = VERTEX_POINT('',#2327);
#2327 = CARTESIAN_POINT('',(-41.64166666666,47.5,3.));
#2328 = B_SPLINE_CURVE_WITH_KNOTS('',1,(#2329,#2330),.UNSPECIFIED.,.F.,
  .F.,(2,2),(0.,1.),.PIECEWISE_BEZIER_KNOTS.);
#2329 = CARTESIAN_POINT('',(-41.7,47.5,3.1));
#2330 = CARTESIAN_POINT('',(-41.,47.5,1.9));
#2331 = ORIENTED_EDGE('',*,*,#2332,.F.);
#2332 = EDGE_CURVE('',#2333,#2326,#2335,.T.);
#2333 = VERTEX_POINT('',#2334);
#2334 = CARTESIAN_POINT('',(-38.5,44.358333333333,3.));
#2335 = CIRCLE('',#2336,3.141666666667);
#2336 = AXIS2_PLACEMENT_3D('',#2337,#2338,#2339);
#2337 = CARTESIAN_POINT('',(-38.5,47.5,3.));
#2338 = DIRECTION('',(0.,0.,-1.));
#2339 = DIRECTION('',(1.,0.,0.));
#2340 = ORIENTED_EDGE('',*,*,#2341,.T.);
#2341 = EDGE_CURVE('',#2333,#912,#2342,.T.);
#2342 = B_SPLINE_CURVE_WITH_KNOTS('',1,(#2343,#2344),.UNSPECIFIED.,.F.,
  .F.,(2,2),(0.,1.),.PIECEWISE_BEZIER_KNOTS.);
#2343 = CARTESIAN_POINT('',(-38.5,44.3,3.1));
#2344 = CARTESIAN_POINT('',(-38.5,45.,1.9));
#2345 = ORIENTED_EDGE('',*,*,#919,.F.);
#2346 = ORIENTED_EDGE('',*,*,#2300,.F.);
#2347 = CONICAL_SURFACE('',#2348,3.2,0.528074448426);
#2348 = AXIS2_PLACEMENT_3D('',#2349,#2350,#2351);
#2349 = CARTESIAN_POINT('',(-38.5,47.5,3.1));
#2350 = DIRECTION('',(0.,0.,1.));
#2351 = DIRECTION('',(1.,0.,0.));
#2352 = ADVANCED_FACE('',(#2353),#2370,.T.);
#2353 = FACE_BOUND('',#2354,.T.);
#2354 = EDGE_LOOP('',(#2355,#2356,#2364,#2369));
#2355 = ORIENTED_EDGE('',*,*,#2341,.F.);
#2356 = ORIENTED_EDGE('',*,*,#2357,.F.);
#2357 = EDGE_CURVE('',#2358,#2333,#2360,.T.);
#2358 = VERTEX_POINT('',#2359);
#2359 = CARTESIAN_POINT('',(48.5,44.358333333333,3.));
#2360 = LINE('',#2361,#2362);
#2361 = CARTESIAN_POINT('',(-19.25,44.358333333333,3.));
#2362 = VECTOR('',#2363,1.);
#2363 = DIRECTION('',(-1.,0.,0.));
#2364 = ORIENTED_EDGE('',*,*,#2365,.T.);
#2365 = EDGE_CURVE('',#2358,#957,#2366,.T.);
#2366 = B_SPLINE_CURVE_WITH_KNOTS('',1,(#2367,#2368),.UNSPECIFIED.,.F.,
  .F.,(2,2),(0.,1.),.PIECEWISE_BEZIER_KNOTS.);
#2367 = CARTESIAN_POINT('',(48.5,44.3,3.1));
#2368 = CARTESIAN_POINT('',(48.5,45.,1.9));
#2369 = ORIENTED_EDGE('',*,*,#956,.F.);
#2370 = PLANE('',#2371);
#2371 = AXIS2_PLACEMENT_3D('',#2372,#2373,#2374);
#2372 = CARTESIAN_POINT('',(-38.5,45.,1.9));
#2373 = DIRECTION('',(0.,0.863778900898,0.503871025524));
#2374 = DIRECTION('',(1.,0.,0.));
#2375 = ADVANCED_FACE('',(#2376),#2407,.F.);
#2376 = FACE_BOUND('',#2377,.T.);
#2377 = EDGE_LOOP('',(#2378,#2379,#2388,#2395,#2406));
#2378 = ORIENTED_EDGE('',*,*,#2365,.F.);
#2379 = ORIENTED_EDGE('',*,*,#2380,.F.);
#2380 = EDGE_CURVE('',#2381,#2358,#2383,.T.);
#2381 = VERTEX_POINT('',#2382);
#2382 = CARTESIAN_POINT('',(51.641666666667,47.5,3.));
#2383 = CIRCLE('',#2384,3.141666666667);
#2384 = AXIS2_PLACEMENT_3D('',#2385,#2386,#2387);
#2385 = CARTESIAN_POINT('',(48.5,47.5,3.));
#2386 = DIRECTION('',(0.,0.,-1.));
#2387 = DIRECTION('',(1.,0.,0.));
#2388 = ORIENTED_EDGE('',*,*,#2389,.T.);
#2389 = EDGE_CURVE('',#2381,#2390,#2392,.T.);
#2390 = VERTEX_POINT('',#2391);
#2391 = CARTESIAN_POINT('',(51.400737920183,47.5,2.586979291742));
#2392 = B_SPLINE_CURVE_WITH_KNOTS('',1,(#2393,#2394),.UNSPECIFIED.,.F.,
  .F.,(2,2),(0.,1.),.PIECEWISE_BEZIER_KNOTS.);
#2393 = CARTESIAN_POINT('',(51.7,47.5,3.1));
#2394 = CARTESIAN_POINT('',(51.,47.5,1.9));
#2395 = ORIENTED_EDGE('',*,*,#2396,.F.);
#2396 = EDGE_CURVE('',#981,#2390,#2397,.T.);
#2397 = B_SPLINE_CURVE_WITH_KNOTS('',4,(#2398,#2399,#2400,#2401,#2402,
    #2403,#2404,#2405),.UNSPECIFIED.,.F.,.F.,(5,3,5),(0.,0.501610412435,
    1.),.UNSPECIFIED.);
#2398 = CARTESIAN_POINT('',(51.280061824852,46.8725,2.5));
#2399 = CARTESIAN_POINT('',(51.303764295881,46.949325258084,
    2.510638487468));
#2400 = CARTESIAN_POINT('',(51.324641462444,47.026974888654,
    2.521394535132));
#2401 = CARTESIAN_POINT('',(51.342655833688,47.105298373432,
    2.532247469719));
#2402 = CARTESIAN_POINT('',(51.372815544022,47.26248351939,
    2.554035128618));
#2403 = CARTESIAN_POINT('',(51.384997811592,47.341338525419,
    2.564968884246));
#2404 = CARTESIAN_POINT('',(51.394308338784,47.420560395926,
    2.575957152201));
#2405 = CARTESIAN_POINT('',(51.400737920183,47.5,2.586979291742));
#2406 = ORIENTED_EDGE('',*,*,#989,.F.);
#2407 = CONICAL_SURFACE('',#2408,3.2,0.528074448426);
#2408 = AXIS2_PLACEMENT_3D('',#2409,#2410,#2411);
#2409 = CARTESIAN_POINT('',(48.5,47.5,3.1));
#2410 = DIRECTION('',(0.,0.,1.));
#2411 = DIRECTION('',(1.,0.,0.));
#2412 = ADVANCED_FACE('',(#2413),#2425,.F.);
#2413 = FACE_BOUND('',#2414,.F.);
#2414 = EDGE_LOOP('',(#2415,#2416,#2417,#2418));
#2415 = ORIENTED_EDGE('',*,*,#2396,.F.);
#2416 = ORIENTED_EDGE('',*,*,#980,.T.);
#2417 = ORIENTED_EDGE('',*,*,#2106,.T.);
#2418 = ORIENTED_EDGE('',*,*,#2419,.T.);
#2419 = EDGE_CURVE('',#2107,#2390,#2420,.T.);
#2420 = HYPERBOLA('',#2421,51.179223296537,12.616774560952);
#2421 = AXIS2_PLACEMENT_3D('',#2422,#2423,#2424);
#2422 = CARTESIAN_POINT('',(77.208707767729,48.,46.829213316107));
#2423 = DIRECTION('',(-0.863778900898,0.,0.503871025524));
#2424 = DIRECTION('',(-0.503871025524,0.,-0.863778900898));
#2425 = CONICAL_SURFACE('',#2426,3.,0.575958653158);
#2426 = AXIS2_PLACEMENT_3D('',#2427,#2428,#2429);
#2427 = CARTESIAN_POINT('',(48.5,48.,2.5));
#2428 = DIRECTION('',(-0.,-0.,-1.));
#2429 = DIRECTION('',(1.,0.,0.));
#2430 = ADVANCED_FACE('',(#2431),#2499,.T.);
#2431 = FACE_BOUND('',#2432,.T.);
#2432 = EDGE_LOOP('',(#2433,#2442,#2443,#2444,#2452,#2461,#2469,#2477,
    #2485,#2493));
#2433 = ORIENTED_EDGE('',*,*,#2434,.F.);
#2434 = EDGE_CURVE('',#1021,#2435,#2437,.T.);
#2435 = VERTEX_POINT('',#2436);
#2436 = CARTESIAN_POINT('',(-45.22465395195,47.85,-70.5));
#2437 = ELLIPSE('',#2438,4.034515842321,4.);
#2438 = AXIS2_PLACEMENT_3D('',#2439,#2440,#2441);
#2439 = CARTESIAN_POINT('',(-41.19013810963,47.85,-70.5));
#2440 = DIRECTION('',(7.9E-16,0.,-1.));
#2441 = DIRECTION('',(-1.,0.,-7.9E-16));
#2442 = ORIENTED_EDGE('',*,*,#1020,.T.);
#2443 = ORIENTED_EDGE('',*,*,#1496,.T.);
#2444 = ORIENTED_EDGE('',*,*,#2445,.F.);
#2445 = EDGE_CURVE('',#2446,#1489,#2448,.T.);
#2446 = VERTEX_POINT('',#2447);
#2447 = CARTESIAN_POINT('',(-42.08662713929,36.05,-70.5));
#2448 = LINE('',#2449,#2450);
#2449 = CARTESIAN_POINT('',(-49.25916979427,36.05,-70.5));
#2450 = VECTOR('',#2451,1.);
#2451 = DIRECTION('',(1.,0.,0.));
#2452 = ORIENTED_EDGE('',*,*,#2453,.F.);
#2453 = EDGE_CURVE('',#2454,#2446,#2456,.T.);
#2454 = VERTEX_POINT('',#2455);
#2455 = CARTESIAN_POINT('',(-45.22465395195,32.15,-70.5));
#2456 = ELLIPSE('',#2457,4.034515842321,4.);
#2457 = AXIS2_PLACEMENT_3D('',#2458,#2459,#2460);
#2458 = CARTESIAN_POINT('',(-41.19013810963,32.15,-70.5));
#2459 = DIRECTION('',(7.9E-16,2.840166546292E-48,-1.));
#2460 = DIRECTION('',(-1.,-3.37E-15,-7.9E-16));
#2461 = ORIENTED_EDGE('',*,*,#2462,.T.);
#2462 = EDGE_CURVE('',#2454,#2463,#2465,.T.);
#2463 = VERTEX_POINT('',#2464);
#2464 = CARTESIAN_POINT('',(-45.22465395195,15.,-70.5));
#2465 = LINE('',#2466,#2467);
#2466 = CARTESIAN_POINT('',(-45.22465395195,39.75,-70.5));
#2467 = VECTOR('',#2468,1.);
#2468 = DIRECTION('',(0.,-1.,2.2E-16));
#2469 = ORIENTED_EDGE('',*,*,#2470,.T.);
#2470 = EDGE_CURVE('',#2463,#2471,#2473,.T.);
#2471 = VERTEX_POINT('',#2472);
#2472 = CARTESIAN_POINT('',(-49.25916979427,15.,-70.5));
#2473 = LINE('',#2474,#2475);
#2474 = CARTESIAN_POINT('',(-51.6507988865,15.,-70.5));
#2475 = VECTOR('',#2476,1.);
#2476 = DIRECTION('',(-1.,-0.,-7.9E-16));
#2477 = ORIENTED_EDGE('',*,*,#2478,.F.);
#2478 = EDGE_CURVE('',#2479,#2471,#2481,.T.);
#2479 = VERTEX_POINT('',#2480);
#2480 = CARTESIAN_POINT('',(-49.25916979427,65.,-70.5));
#2481 = LINE('',#2482,#2483);
#2482 = CARTESIAN_POINT('',(-49.25916979427,39.75,-70.5));
#2483 = VECTOR('',#2484,1.);
#2484 = DIRECTION('',(0.,-1.,2.2E-16));
#2485 = ORIENTED_EDGE('',*,*,#2486,.T.);
#2486 = EDGE_CURVE('',#2479,#2487,#2489,.T.);
#2487 = VERTEX_POINT('',#2488);
#2488 = CARTESIAN_POINT('',(-45.22465395195,65.,-70.5));
#2489 = LINE('',#2490,#2491);
#2490 = CARTESIAN_POINT('',(-51.6507988865,65.,-70.5));
#2491 = VECTOR('',#2492,1.);
#2492 = DIRECTION('',(1.,0.,7.9E-16));
#2493 = ORIENTED_EDGE('',*,*,#2494,.T.);
#2494 = EDGE_CURVE('',#2487,#2435,#2495,.T.);
#2495 = LINE('',#2496,#2497);
#2496 = CARTESIAN_POINT('',(-45.22465395195,119.75,-70.5));
#2497 = VECTOR('',#2498,1.);
#2498 = DIRECTION('',(0.,-1.,2.2E-16));
#2499 = PLANE('',#2500);
#2500 = AXIS2_PLACEMENT_3D('',#2501,#2502,#2503);
#2501 = CARTESIAN_POINT('',(-40.98594672538,40.,-70.5));
#2502 = DIRECTION('',(-0.,-0.,-1.));
#2503 = DIRECTION('',(-1.,0.,0.));
#2504 = ADVANCED_FACE('',(#2505),#2556,.F.);
#2505 = FACE_BOUND('',#2506,.F.);
#2506 = EDGE_LOOP('',(#2507,#2514,#2554,#2555));
#2507 = ORIENTED_EDGE('',*,*,#2508,.F.);
#2508 = EDGE_CURVE('',#2509,#1504,#2511,.T.);
#2509 = VERTEX_POINT('',#2510);
#2510 = CARTESIAN_POINT('',(57.58,46.85,-0.8));
#2511 = B_SPLINE_CURVE_WITH_KNOTS('',1,(#2512,#2513),.UNSPECIFIED.,.F.,
  .F.,(2,2),(0.,1.),.PIECEWISE_BEZIER_KNOTS.);
#2512 = CARTESIAN_POINT('',(57.5,46.85,-2.372E-14));
#2513 = CARTESIAN_POINT('',(59.236769795071,46.85,-17.3676979507));
#2514 = ORIENTED_EDGE('',*,*,#2515,.F.);
#2515 = EDGE_CURVE('',#1071,#2509,#2516,.T.);
#2516 = B_SPLINE_CURVE_WITH_KNOTS('',6,(#2517,#2518,#2519,#2520,#2521,
    #2522,#2523,#2524,#2525,#2526,#2527,#2528,#2529,#2530,#2531,#2532,
    #2533,#2534,#2535,#2536,#2537,#2538,#2539,#2540,#2541,#2542,#2543,
    #2544,#2545,#2546,#2547,#2548,#2549,#2550,#2551,#2552,#2553),
  .UNSPECIFIED.,.F.,.F.,(7,5,5,5,5,5,5,7),(0.,3.200031905176E-02,
    0.3199996144,0.394000348883,0.523001570724,0.599002326843,
    0.921999224016,1.),.UNSPECIFIED.);
#2517 = CARTESIAN_POINT('',(55.348112739064,43.949999513613,-0.8));
#2518 = CARTESIAN_POINT('',(55.368403081765,43.955373743639,-0.8));
#2519 = CARTESIAN_POINT('',(55.388648302566,43.960918331494,-0.8));
#2520 = CARTESIAN_POINT('',(55.408846613224,43.966632803533,-0.8));
#2521 = CARTESIAN_POINT('',(55.428996232645,43.972516661235,-0.8));
#2522 = CARTESIAN_POINT('',(55.449095386887,43.978569381204,-0.8));
#2523 = CARTESIAN_POINT('',(55.649562369291,44.040779025601,-0.8));
#2524 = CARTESIAN_POINT('',(55.825759920965,44.110403275894,-0.8));
#2525 = CARTESIAN_POINT('',(55.996428536278,44.193260216539,-0.8));
#2526 = CARTESIAN_POINT('',(56.160343395393,44.28878491382,-0.8));
#2527 = CARTESIAN_POINT('',(56.316352807217,44.396275271118,-0.8));
#2528 = CARTESIAN_POINT('',(56.501175995097,44.54534408979,-0.8));
#2529 = CARTESIAN_POINT('',(56.538366255594,44.576550592155,-0.8));
#2530 = CARTESIAN_POINT('',(56.574947047958,44.60847629128,-0.8));
#2531 = CARTESIAN_POINT('',(56.610901043235,44.641106259973,-0.8));
#2532 = CARTESIAN_POINT('',(56.646211404617,44.674425018063,-0.8));
#2533 = CARTESIAN_POINT('',(56.74126580577,44.767671983217,-0.8));
#2534 = CARTESIAN_POINT('',(56.799664356706,44.828972013552,-0.8));
#2535 = CARTESIAN_POINT('',(56.855970687312,44.892231499805,-0.8));
#2536 = CARTESIAN_POINT('',(56.910103228955,44.957360858872,-0.8));
#2537 = CARTESIAN_POINT('',(56.96198559731,45.024266048143,-0.8));
#2538 = CARTESIAN_POINT('',(57.04074533207,45.133253788823,-0.8));
#2539 = CARTESIAN_POINT('',(57.06913837797,45.174241259592,-0.8));
#2540 = CARTESIAN_POINT('',(57.09671120242,45.215790873397,-0.8));
#2541 = CARTESIAN_POINT('',(57.123449968513,45.257882077294,-0.8));
#2542 = CARTESIAN_POINT('',(57.149341530083,45.300493869807,-0.8));
#2543 = CARTESIAN_POINT('',(57.280756933208,45.52682267531,-0.8));
#2544 = CARTESIAN_POINT('',(57.371621128591,45.719069166897,-0.8));
#2545 = CARTESIAN_POINT('',(57.445990122205,45.918672783044,-0.8));
#2546 = CARTESIAN_POINT('',(57.503162721358,46.123864504867,-0.8));
#2547 = CARTESIAN_POINT('',(57.542666274439,46.332801060775,-0.8));
#2548 = CARTESIAN_POINT('',(57.569533894298,46.594452093984,-0.8));
#2549 = CARTESIAN_POINT('',(57.573718508827,46.645454579402,-0.8));
#2550 = CARTESIAN_POINT('',(57.576858796654,46.696537358405,-0.8));
#2551 = CARTESIAN_POINT('',(57.578952931671,46.747673708701,-0.8));
#2552 = CARTESIAN_POINT('',(57.58,46.798836861197,-0.8));
#2553 = CARTESIAN_POINT('',(57.58,46.85,-0.8));
#2554 = ORIENTED_EDGE('',*,*,#1078,.T.);
#2555 = ORIENTED_EDGE('',*,*,#1503,.T.);
#2556 = B_SPLINE_SURFACE_WITH_KNOTS('',8,1,(
    (#2557,#2558)
    ,(#2559,#2560)
    ,(#2561,#2562)
    ,(#2563,#2564)
    ,(#2565,#2566)
    ,(#2567,#2568)
    ,(#2569,#2570)
    ,(#2571,#2572)
    ,(#2573,#2574
    )),.UNSPECIFIED.,.F.,.F.,.F.,(9,9),(2,2),(8.99E-14,1.570796326795),(
    0.,1.),.PIECEWISE_BEZIER_KNOTS.);
#2557 = CARTESIAN_POINT('',(57.5,46.85,-2.372E-14));
#2558 = CARTESIAN_POINT('',(59.236769795071,46.85,-17.3676979507));
#2559 = CARTESIAN_POINT('',(57.5,46.260951377452,-2.398E-14));
#2560 = CARTESIAN_POINT('',(59.236769795071,46.260951377452,
    -17.3676979507));
#2561 = CARTESIAN_POINT('',(57.367817633117,45.671902569488,-2.424E-14)
  );
#2562 = CARTESIAN_POINT('',(59.104587428187,45.671902569488,
    -17.3676979507));
#2563 = CARTESIAN_POINT('',(57.103454197613,45.117460296995,-2.449E-14)
  );
#2564 = CARTESIAN_POINT('',(58.840223992685,45.117460296995,
    -17.3676979507));
#2565 = CARTESIAN_POINT('',(56.71777626734,44.632223732661,-2.471E-14));
#2566 = CARTESIAN_POINT('',(58.454546062411,44.632223732661,
    -17.36769795071));
#2567 = CARTESIAN_POINT('',(56.232539703005,44.246545802385,-2.488E-14)
  );
#2568 = CARTESIAN_POINT('',(57.969309498076,44.246545802385,
    -17.3676979507));
#2569 = CARTESIAN_POINT('',(55.678097430513,43.982182366884,-2.5E-14));
#2570 = CARTESIAN_POINT('',(57.414867225584,43.982182366884,
    -17.36769795071));
#2571 = CARTESIAN_POINT('',(55.089048622548,43.85,-2.505E-14));
#2572 = CARTESIAN_POINT('',(56.825818417619,43.85,-17.3676979507));
#2573 = CARTESIAN_POINT('',(54.5,43.85,-2.505E-14));
#2574 = CARTESIAN_POINT('',(56.236769795071,43.85,-17.3676979507));
#2575 = ADVANCED_FACE('',(#2576),#2663,.F.);
#2576 = FACE_BOUND('',#2577,.F.);
#2577 = EDGE_LOOP('',(#2578,#2586,#2587,#2588,#2595,#2657));
#2578 = ORIENTED_EDGE('',*,*,#2579,.T.);
#2579 = EDGE_CURVE('',#2580,#1063,#2582,.T.);
#2580 = VERTEX_POINT('',#2581);
#2581 = CARTESIAN_POINT('',(53.5,116.1,-0.8));
#2582 = LINE('',#2583,#2584);
#2583 = CARTESIAN_POINT('',(53.5,98.575,-0.8));
#2584 = VECTOR('',#2585,1.);
#2585 = DIRECTION('',(-2.2E-16,-1.,0.));
#2586 = ORIENTED_EDGE('',*,*,#1070,.T.);
#2587 = ORIENTED_EDGE('',*,*,#2515,.T.);
#2588 = ORIENTED_EDGE('',*,*,#2589,.T.);
#2589 = EDGE_CURVE('',#2509,#2590,#2592,.T.);
#2590 = VERTEX_POINT('',#2591);
#2591 = CARTESIAN_POINT('',(57.58,113.15,-0.8));
#2592 = B_SPLINE_CURVE_WITH_KNOTS('',1,(#2593,#2594),.UNSPECIFIED.,.F.,
  .F.,(2,2),(0.,1.),.PIECEWISE_BEZIER_KNOTS.);
#2593 = CARTESIAN_POINT('',(57.58,45.863492539351,-0.8));
#2594 = CARTESIAN_POINT('',(57.58,114.13650746064,-0.8));
#2595 = ORIENTED_EDGE('',*,*,#2596,.F.);
#2596 = EDGE_CURVE('',#2597,#2590,#2599,.T.);
#2597 = VERTEX_POINT('',#2598);
#2598 = CARTESIAN_POINT('',(55.125435592383,116.1,-0.8));
#2599 = B_SPLINE_CURVE_WITH_KNOTS('',6,(#2600,#2601,#2602,#2603,#2604,
    #2605,#2606,#2607,#2608,#2609,#2610,#2611,#2612,#2613,#2614,#2615,
    #2616,#2617,#2618,#2619,#2620,#2621,#2622,#2623,#2624,#2625,#2626,
    #2627,#2628,#2629,#2630,#2631,#2632,#2633,#2634,#2635,#2636,#2637,
    #2638,#2639,#2640,#2641,#2642,#2643,#2644,#2645,#2646,#2647,#2648,
    #2649,#2650,#2651,#2652,#2653,#2654,#2655,#2656),.UNSPECIFIED.,.F.,
  .F.,(7,5,5,5,5,5,5,5,5,5,5,7),(0.,7.100084035138E-02,0.170001981738,
    0.197002302734,0.217002540722,0.340003900375,0.369004246277,
    0.447005164518,0.473005473794,0.783998498543,0.980999773277,1.),
  .UNSPECIFIED.);
#2600 = CARTESIAN_POINT('',(54.58,116.15,-0.8));
#2601 = CARTESIAN_POINT('',(54.635763265275,116.15,-0.8));
#2602 = CARTESIAN_POINT('',(54.691526551561,116.14875618121,-0.8));
#2603 = CARTESIAN_POINT('',(54.74725513268,116.14626854599,-0.8));
#2604 = CARTESIAN_POINT('',(54.802914354414,116.14253838373,-0.8));
#2605 = CARTESIAN_POINT('',(54.858469634504,116.13756827085,-0.8));
#2606 = CARTESIAN_POINT('',(54.991157790879,116.12270835784,-0.8));
#2607 = CARTESIAN_POINT('',(55.068160082167,116.11165135528,-0.8));
#2608 = CARTESIAN_POINT('',(55.144799662068,116.09820156219,-0.8));
#2609 = CARTESIAN_POINT('',(55.220983773448,116.08237426602,-0.8));
#2610 = CARTESIAN_POINT('',(55.296620576491,116.06418954263,-0.8));
#2611 = CARTESIAN_POINT('',(55.392073312103,116.03807663069,-0.8));
#2612 = CARTESIAN_POINT('',(55.412480011895,116.03230750671,-0.8));
#2613 = CARTESIAN_POINT('',(55.432837408131,116.02636538765,-0.8));
#2614 = CARTESIAN_POINT('',(55.453143668541,116.02025080273,-0.8));
#2615 = CARTESIAN_POINT('',(55.473396968516,116.013964307,-0.8));
#2616 = CARTESIAN_POINT('',(55.508557359863,116.00272290675,-0.8));
#2617 = CARTESIAN_POINT('',(55.52348917256,115.99784532393,-0.8));
#2618 = CARTESIAN_POINT('',(55.538390190788,115.99287396897,-0.8));
#2619 = CARTESIAN_POINT('',(55.553259678722,115.98780908565,-0.8));
#2620 = CARTESIAN_POINT('',(55.568096903133,115.98265092545,-0.8));
#2621 = CARTESIAN_POINT('',(55.673947072464,115.94510503055,-0.8));
#2622 = CARTESIAN_POINT('',(55.763745394368,115.90929203169,-0.8));
#2623 = CARTESIAN_POINT('',(55.852125494111,115.8700213001,-0.8));
#2624 = CARTESIAN_POINT('',(55.938921689268,115.82736391022,-0.8));
#2625 = CARTESIAN_POINT('',(56.023973219979,115.78140146174,-0.8));
#2626 = CARTESIAN_POINT('',(56.126728980214,115.72063187374,-0.8));
#2627 = CARTESIAN_POINT('',(56.146228081302,115.70885905649,-0.8));
#2628 = CARTESIAN_POINT('',(56.165619517681,115.69690883111,-0.8));
#2629 = CARTESIAN_POINT('',(56.184901273793,115.6847824313,-0.8));
#2630 = CARTESIAN_POINT('',(56.204071353044,115.67248112119,-0.8));
#2631 = CARTESIAN_POINT('',(56.27438298127,115.62645295194,-0.8));
#2632 = CARTESIAN_POINT('',(56.32481600934,115.59164371041,-0.8));
#2633 = CARTESIAN_POINT('',(56.374388329767,115.55560369767,-0.8));
#2634 = CARTESIAN_POINT('',(56.423062533399,115.51835964625,-0.8));
#2635 = CARTESIAN_POINT('',(56.470802334179,115.47993979431,-0.8));
#2636 = CARTESIAN_POINT('',(56.533162649387,115.42718524781,-0.8));
#2637 = CARTESIAN_POINT('',(56.548645003076,115.41386926791,-0.8));
#2638 = CARTESIAN_POINT('',(56.564018329801,115.40042704606,-0.8));
#2639 = CARTESIAN_POINT('',(56.579281344477,115.38685969976,-0.8));
#2640 = CARTESIAN_POINT('',(56.594432777355,115.37316836389,-0.8));
#2641 = CARTESIAN_POINT('',(56.789349952143,115.19412109881,-0.8));
#2642 = CARTESIAN_POINT('',(56.953107793078,115.01129303135,-0.8));
#2643 = CARTESIAN_POINT('',(57.098540870476,114.81288000681,-0.8));
#2644 = CARTESIAN_POINT('',(57.223875823339,114.60119708455,-0.8));
#2645 = CARTESIAN_POINT('',(57.327680293056,114.37878448278,-0.8));
#2646 = CARTESIAN_POINT('',(57.460466315196,114.00255668499,-0.8));
#2647 = CARTESIAN_POINT('',(57.502932076554,113.85346486027,-0.8));
#2648 = CARTESIAN_POINT('',(57.536120536988,113.70188800412,-0.8));
#2649 = CARTESIAN_POINT('',(57.55985824454,113.54854675446,-0.8));
#2650 = CARTESIAN_POINT('',(57.574046966306,113.39417579299,-0.8));
#2651 = CARTESIAN_POINT('',(57.579109300375,113.22460618075,-0.8));
#2652 = CARTESIAN_POINT('',(57.579465566956,113.20968760289,-0.8));
#2653 = CARTESIAN_POINT('',(57.579732780147,113.19476703137,-0.8));
#2654 = CARTESIAN_POINT('',(57.579910926707,113.17984513065,-0.8));
#2655 = CARTESIAN_POINT('',(57.58,113.1649225653,-0.8));
#2656 = CARTESIAN_POINT('',(57.58,113.15,-0.8));
#2657 = ORIENTED_EDGE('',*,*,#2658,.F.);
#2658 = EDGE_CURVE('',#2580,#2597,#2659,.T.);
#2659 = LINE('',#2660,#2661);
#2660 = CARTESIAN_POINT('',(-28.89396674183,116.1,-0.8));
#2661 = VECTOR('',#2662,1.);
#2662 = DIRECTION('',(1.,0.,0.));
#2663 = PLANE('',#2664);
#2664 = AXIS2_PLACEMENT_3D('',#2665,#2666,#2667);
#2665 = CARTESIAN_POINT('',(2.212066516339,80.,-0.8));
#2666 = DIRECTION('',(0.,0.,1.));
#2667 = DIRECTION('',(1.,0.,0.));
#2668 = ADVANCED_FACE('',(#2669),#2681,.T.);
#2669 = FACE_BOUND('',#2670,.T.);
#2670 = EDGE_LOOP('',(#2671,#2677,#2678,#2679,#2680));
#2671 = ORIENTED_EDGE('',*,*,#2672,.F.);
#2672 = EDGE_CURVE('',#2580,#2042,#2673,.T.);
#2673 = LINE('',#2674,#2675);
#2674 = CARTESIAN_POINT('',(34.841666666667,134.75833333333,
    -19.45833333333));
#2675 = VECTOR('',#2676,1.);
#2676 = DIRECTION('',(-0.57735026919,0.57735026919,-0.57735026919));
#2677 = ORIENTED_EDGE('',*,*,#2579,.T.);
#2678 = ORIENTED_EDGE('',*,*,#1062,.F.);
#2679 = ORIENTED_EDGE('',*,*,#2090,.F.);
#2680 = ORIENTED_EDGE('',*,*,#2041,.F.);
#2681 = PLANE('',#2682);
#2682 = AXIS2_PLACEMENT_3D('',#2683,#2684,#2685);
#2683 = CARTESIAN_POINT('',(53.9,117.15,-0.4));
#2684 = DIRECTION('',(0.707106781187,-1.6E-16,-0.707106781187));
#2685 = DIRECTION('',(-0.707106781187,-1.6E-16,-0.707106781187));
#2686 = ADVANCED_FACE('',(#2687),#2706,.F.);
#2687 = FACE_BOUND('',#2688,.T.);
#2688 = EDGE_LOOP('',(#2689,#2690,#2699,#2705));
#2689 = ORIENTED_EDGE('',*,*,#1038,.F.);
#2690 = ORIENTED_EDGE('',*,*,#2691,.T.);
#2691 = EDGE_CURVE('',#1031,#2692,#2694,.T.);
#2692 = VERTEX_POINT('',#2693);
#2693 = CARTESIAN_POINT('',(-51.97320907139,47.85,-19.2396346966));
#2694 = ELLIPSE('',#2695,4.386580936551,4.);
#2695 = AXIS2_PLACEMENT_3D('',#2696,#2697,#2698);
#2696 = CARTESIAN_POINT('',(-47.77240663057,47.85,-20.50270681099));
#2697 = DIRECTION('',(-0.287939999892,-0.,-0.957648451397));
#2698 = DIRECTION('',(0.957648451397,0.,-0.287939999892));
#2699 = ORIENTED_EDGE('',*,*,#2700,.T.);
#2700 = EDGE_CURVE('',#2692,#1104,#2701,.T.);
#2701 = LINE('',#2702,#2703);
#2702 = CARTESIAN_POINT('',(-51.97320907139,47.85,-19.2396346966));
#2703 = VECTOR('',#2704,1.);
#2704 = DIRECTION('',(0.655654995826,0.,0.755060611109));
#2705 = ORIENTED_EDGE('',*,*,#1103,.F.);
#2706 = CYLINDRICAL_SURFACE('',#2707,4.);
#2707 = AXIS2_PLACEMENT_3D('',#2708,#2709,#2710);
#2708 = CARTESIAN_POINT('',(-48.95296662695,47.85,-21.8622546799));
#2709 = DIRECTION('',(0.655654995826,0.,0.755060611109));
#2710 = DIRECTION('',(0.,-1.,0.));
#2711 = ADVANCED_FACE('',(#2712),#2723,.F.);
#2712 = FACE_BOUND('',#2713,.T.);
#2713 = EDGE_LOOP('',(#2714,#2715,#2716,#2722));
#2714 = ORIENTED_EDGE('',*,*,#1030,.F.);
#2715 = ORIENTED_EDGE('',*,*,#2434,.T.);
#2716 = ORIENTED_EDGE('',*,*,#2717,.T.);
#2717 = EDGE_CURVE('',#2435,#2692,#2718,.T.);
#2718 = LINE('',#2719,#2720);
#2719 = CARTESIAN_POINT('',(-45.22465395195,47.85,-70.5));
#2720 = VECTOR('',#2721,1.);
#2721 = DIRECTION('',(-0.13052619222,0.,0.991444861374));
#2722 = ORIENTED_EDGE('',*,*,#2691,.F.);
#2723 = CYLINDRICAL_SURFACE('',#2724,4.);
#2724 = AXIS2_PLACEMENT_3D('',#2725,#2726,#2727);
#2725 = CARTESIAN_POINT('',(-41.25887450646,47.85,-69.97789523112));
#2726 = DIRECTION('',(-0.13052619222,0.,0.991444861374));
#2727 = DIRECTION('',(0.,-1.,0.));
#2728 = ADVANCED_FACE('',(#2729),#2747,.T.);
#2729 = FACE_BOUND('',#2730,.T.);
#2730 = EDGE_LOOP('',(#2731,#2739,#2745,#2746));
#2731 = ORIENTED_EDGE('',*,*,#2732,.F.);
#2732 = EDGE_CURVE('',#2733,#1104,#2735,.T.);
#2733 = VERTEX_POINT('',#2734);
#2734 = CARTESIAN_POINT('',(-50.02842787628,65.,-17.));
#2735 = LINE('',#2736,#2737);
#2736 = CARTESIAN_POINT('',(-50.02842787628,119.75,-17.));
#2737 = VECTOR('',#2738,1.);
#2738 = DIRECTION('',(0.,-1.,2.2E-16));
#2739 = ORIENTED_EDGE('',*,*,#2740,.T.);
#2740 = EDGE_CURVE('',#2733,#1137,#2741,.T.);
#2741 = LINE('',#2742,#2743);
#2742 = CARTESIAN_POINT('',(-55.25715461777,65.,0.102394553758));
#2743 = VECTOR('',#2744,1.);
#2744 = DIRECTION('',(-0.292371704723,0.,0.956304755963));
#2745 = ORIENTED_EDGE('',*,*,#1136,.T.);
#2746 = ORIENTED_EDGE('',*,*,#1112,.F.);
#2747 = PLANE('',#2748);
#2748 = AXIS2_PLACEMENT_3D('',#2749,#2750,#2751);
#2749 = CARTESIAN_POINT('',(-52.27592074242,56.425,-9.648782073746));
#2750 = DIRECTION('',(0.956304755963,3.8E-16,0.292371704723));
#2751 = DIRECTION('',(-0.292371704723,1.952058574503E-32,0.956304755963)
  );
#2752 = ADVANCED_FACE('',(#2753),#2780,.T.);
#2753 = FACE_BOUND('',#2754,.T.);
#2754 = EDGE_LOOP('',(#2755,#2756,#2757,#2758,#2759,#2767,#2773,#2774));
#2755 = ORIENTED_EDGE('',*,*,#1196,.F.);
#2756 = ORIENTED_EDGE('',*,*,#1178,.T.);
#2757 = ORIENTED_EDGE('',*,*,#1144,.F.);
#2758 = ORIENTED_EDGE('',*,*,#2740,.F.);
#2759 = ORIENTED_EDGE('',*,*,#2760,.F.);
#2760 = EDGE_CURVE('',#2761,#2733,#2763,.T.);
#2761 = VERTEX_POINT('',#2762);
#2762 = CARTESIAN_POINT('',(-51.97320907139,65.,-19.2396346966));
#2763 = LINE('',#2764,#2765);
#2764 = CARTESIAN_POINT('',(-48.99614478519,65.,-15.81120969632));
#2765 = VECTOR('',#2766,1.);
#2766 = DIRECTION('',(0.655654995826,0.,0.755060611109));
#2767 = ORIENTED_EDGE('',*,*,#2768,.F.);
#2768 = EDGE_CURVE('',#2487,#2761,#2769,.T.);
#2769 = LINE('',#2770,#2771);
#2770 = CARTESIAN_POINT('',(-53.17836844459,65.,-10.0855404311));
#2771 = VECTOR('',#2772,1.);
#2772 = DIRECTION('',(-0.13052619222,0.,0.991444861374));
#2773 = ORIENTED_EDGE('',*,*,#2486,.F.);
#2774 = ORIENTED_EDGE('',*,*,#2775,.F.);
#2775 = EDGE_CURVE('',#1197,#2479,#2776,.T.);
#2776 = LINE('',#2777,#2778);
#2777 = CARTESIAN_POINT('',(-55.56509068401,65.,-22.60177546724));
#2778 = VECTOR('',#2779,1.);
#2779 = DIRECTION('',(0.13052619222,0.,-0.991444861374));
#2780 = PLANE('',#2781);
#2781 = AXIS2_PLACEMENT_3D('',#2782,#2783,#2784);
#2782 = CARTESIAN_POINT('',(-62.5,65.,-2.));
#2783 = DIRECTION('',(0.,1.,0.));
#2784 = DIRECTION('',(0.,0.,-1.));
#2785 = ADVANCED_FACE('',(#2786),#2804,.T.);
#2786 = FACE_BOUND('',#2787,.T.);
#2787 = EDGE_LOOP('',(#2788,#2789,#2797,#2803));
#2788 = ORIENTED_EDGE('',*,*,#1220,.F.);
#2789 = ORIENTED_EDGE('',*,*,#2790,.T.);
#2790 = EDGE_CURVE('',#1213,#2791,#2793,.T.);
#2791 = VERTEX_POINT('',#2792);
#2792 = CARTESIAN_POINT('',(-54.22584946107,15.,-2.));
#2793 = LINE('',#2794,#2795);
#2794 = CARTESIAN_POINT('',(-62.5,15.,-2.));
#2795 = VECTOR('',#2796,1.);
#2796 = DIRECTION('',(1.,0.,0.));
#2797 = ORIENTED_EDGE('',*,*,#2798,.F.);
#2798 = EDGE_CURVE('',#1957,#2791,#2799,.T.);
#2799 = LINE('',#2800,#2801);
#2800 = CARTESIAN_POINT('',(-58.29654121756,19.070691756487,
    -6.070691756487));
#2801 = VECTOR('',#2802,1.);
#2802 = DIRECTION('',(-0.57735026919,0.57735026919,-0.57735026919));
#2803 = ORIENTED_EDGE('',*,*,#1964,.T.);
#2804 = PLANE('',#2805);
#2805 = AXIS2_PLACEMENT_3D('',#2806,#2807,#2808);
#2806 = CARTESIAN_POINT('',(-62.5,15.,-2.));
#2807 = DIRECTION('',(0.,-0.707106781187,-0.707106781187));
#2808 = DIRECTION('',(0.,-0.707106781187,0.707106781187));
#2809 = ADVANCED_FACE('',(#2810),#2851,.T.);
#2810 = FACE_BOUND('',#2811,.T.);
#2811 = EDGE_LOOP('',(#2812,#2813,#2814,#2820,#2821,#2829,#2837,#2845));
#2812 = ORIENTED_EDGE('',*,*,#2790,.F.);
#2813 = ORIENTED_EDGE('',*,*,#1212,.F.);
#2814 = ORIENTED_EDGE('',*,*,#2815,.F.);
#2815 = EDGE_CURVE('',#2471,#1205,#2816,.T.);
#2816 = LINE('',#2817,#2818);
#2817 = CARTESIAN_POINT('',(-51.06810977536,15.,-56.75973669902));
#2818 = VECTOR('',#2819,1.);
#2819 = DIRECTION('',(-0.13052619222,0.,0.991444861374));
#2820 = ORIENTED_EDGE('',*,*,#2470,.F.);
#2821 = ORIENTED_EDGE('',*,*,#2822,.F.);
#2822 = EDGE_CURVE('',#2823,#2463,#2825,.T.);
#2823 = VERTEX_POINT('',#2824);
#2824 = CARTESIAN_POINT('',(-51.97320907139,15.,-19.2396346966));
#2825 = LINE('',#2826,#2827);
#2826 = CARTESIAN_POINT('',(-48.68138753593,15.,-44.24350166288));
#2827 = VECTOR('',#2828,1.);
#2828 = DIRECTION('',(0.13052619222,0.,-0.991444861374));
#2829 = ORIENTED_EDGE('',*,*,#2830,.F.);
#2830 = EDGE_CURVE('',#2831,#2823,#2833,.T.);
#2831 = VERTEX_POINT('',#2832);
#2832 = CARTESIAN_POINT('',(-50.02842787628,15.,-17.));
#2833 = LINE('',#2834,#2835);
#2834 = CARTESIAN_POINT('',(-66.19945413361,15.,-35.62275899038));
#2835 = VECTOR('',#2836,1.);
#2836 = DIRECTION('',(-0.655654995826,-0.,-0.755060611109));
#2837 = ORIENTED_EDGE('',*,*,#2838,.F.);
#2838 = EDGE_CURVE('',#2839,#2831,#2841,.T.);
#2839 = VERTEX_POINT('',#2840);
#2840 = CARTESIAN_POINT('',(-54.52341360856,15.,-2.297564147492));
#2841 = LINE('',#2842,#2843);
#2842 = CARTESIAN_POINT('',(-45.54117791997,15.,-31.67713326938));
#2843 = VECTOR('',#2844,1.);
#2844 = DIRECTION('',(0.292371704723,0.,-0.956304755963));
#2845 = ORIENTED_EDGE('',*,*,#2846,.F.);
#2846 = EDGE_CURVE('',#2791,#2839,#2847,.T.);
#2847 = LINE('',#2848,#2849);
#2848 = CARTESIAN_POINT('',(-72.4193870958,15.,-20.19353763473));
#2849 = VECTOR('',#2850,1.);
#2850 = DIRECTION('',(-0.707106781187,-0.,-0.707106781187));
#2851 = PLANE('',#2852);
#2852 = AXIS2_PLACEMENT_3D('',#2853,#2854,#2855);
#2853 = CARTESIAN_POINT('',(-62.5,15.,-71.5));
#2854 = DIRECTION('',(0.,-1.,0.));
#2855 = DIRECTION('',(0.,0.,1.));
#2856 = ADVANCED_FACE('',(#2857),#2863,.T.);
#2857 = FACE_BOUND('',#2858,.T.);
#2858 = EDGE_LOOP('',(#2859,#2860,#2861,#2862));
#2859 = ORIENTED_EDGE('',*,*,#1204,.F.);
#2860 = ORIENTED_EDGE('',*,*,#2775,.T.);
#2861 = ORIENTED_EDGE('',*,*,#2478,.T.);
#2862 = ORIENTED_EDGE('',*,*,#2815,.T.);
#2863 = PLANE('',#2864);
#2864 = AXIS2_PLACEMENT_3D('',#2865,#2866,#2867);
#2865 = CARTESIAN_POINT('',(-52.78087410474,40.,-43.75));
#2866 = DIRECTION('',(-0.991444861374,-0.,-0.13052619222));
#2867 = DIRECTION('',(0.13052619222,0.,-0.991444861374));
#2868 = ADVANCED_FACE('',(#2869),#2875,.F.);
#2869 = FACE_BOUND('',#2870,.T.);
#2870 = EDGE_LOOP('',(#2871,#2872,#2873,#2874));
#2871 = ORIENTED_EDGE('',*,*,#1351,.T.);
#2872 = ORIENTED_EDGE('',*,*,#2016,.T.);
#2873 = ORIENTED_EDGE('',*,*,#2071,.F.);
#2874 = ORIENTED_EDGE('',*,*,#1325,.F.);
#2875 = CYLINDRICAL_SURFACE('',#2876,4.);
#2876 = AXIS2_PLACEMENT_3D('',#2877,#2878,#2879);
#2877 = CARTESIAN_POINT('',(-41.25887450646,112.15,-69.97789523112));
#2878 = DIRECTION('',(-0.13052619222,-4.4E-16,0.991444861374));
#2879 = DIRECTION('',(-0.991444861374,-3.E-17,-0.13052619222));
#2880 = ADVANCED_FACE('',(#2881),#2945,.T.);
#2881 = FACE_BOUND('',#2882,.T.);
#2882 = EDGE_LOOP('',(#2883,#2893,#2901,#2909,#2915,#2916,#2924,#2930,
    #2931,#2939));
#2883 = ORIENTED_EDGE('',*,*,#2884,.F.);
#2884 = EDGE_CURVE('',#2885,#2887,#2889,.T.);
#2885 = VERTEX_POINT('',#2886);
#2886 = CARTESIAN_POINT('',(61.499999999992,-39.24999999997,2.5));
#2887 = VERTEX_POINT('',#2888);
#2888 = CARTESIAN_POINT('',(61.499999999992,39.249999999971,2.5));
#2889 = LINE('',#2890,#2891);
#2890 = CARTESIAN_POINT('',(61.499999999992,-39.24999999997,2.5));
#2891 = VECTOR('',#2892,1.);
#2892 = DIRECTION('',(0.,1.,0.));
#2893 = ORIENTED_EDGE('',*,*,#2894,.T.);
#2894 = EDGE_CURVE('',#2885,#2895,#2897,.T.);
#2895 = VERTEX_POINT('',#2896);
#2896 = CARTESIAN_POINT('',(61.499999999996,-39.24999999997,-9.5));
#2897 = LINE('',#2898,#2899);
#2898 = CARTESIAN_POINT('',(61.499999999992,-39.24999999997,2.5));
#2899 = VECTOR('',#2900,1.);
#2900 = DIRECTION('',(-0.,-0.,-1.));
#2901 = ORIENTED_EDGE('',*,*,#2902,.F.);
#2902 = EDGE_CURVE('',#2903,#2895,#2905,.T.);
#2903 = VERTEX_POINT('',#2904);
#2904 = CARTESIAN_POINT('',(61.5,36.05,-9.5));
#2905 = LINE('',#2906,#2907);
#2906 = CARTESIAN_POINT('',(61.5,-20.375,-9.5));
#2907 = VECTOR('',#2908,1.);
#2908 = DIRECTION('',(0.,-1.,2.2E-16));
#2909 = ORIENTED_EDGE('',*,*,#2910,.F.);
#2910 = EDGE_CURVE('',#1589,#2903,#2911,.T.);
#2911 = LINE('',#2912,#2913);
#2912 = CARTESIAN_POINT('',(61.5,36.05,-10.));
#2913 = VECTOR('',#2914,1.);
#2914 = DIRECTION('',(0.,0.,1.));
#2915 = ORIENTED_EDGE('',*,*,#1588,.F.);
#2916 = ORIENTED_EDGE('',*,*,#2917,.T.);
#2917 = EDGE_CURVE('',#1581,#2918,#2920,.T.);
#2918 = VERTEX_POINT('',#2919);
#2919 = CARTESIAN_POINT('',(61.5,43.95,-9.5));
#2920 = LINE('',#2921,#2922);
#2921 = CARTESIAN_POINT('',(61.5,43.95,-10.));
#2922 = VECTOR('',#2923,1.);
#2923 = DIRECTION('',(0.,0.,1.));
#2924 = ORIENTED_EDGE('',*,*,#2925,.F.);
#2925 = EDGE_CURVE('',#1377,#2918,#2926,.T.);
#2926 = LINE('',#2927,#2928);
#2927 = CARTESIAN_POINT('',(61.5,59.625,-9.5));
#2928 = VECTOR('',#2929,1.);
#2929 = DIRECTION('',(0.,-1.,2.2E-16));
#2930 = ORIENTED_EDGE('',*,*,#1376,.T.);
#2931 = ORIENTED_EDGE('',*,*,#2932,.F.);
#2932 = EDGE_CURVE('',#2933,#1379,#2935,.T.);
#2933 = VERTEX_POINT('',#2934);
#2934 = CARTESIAN_POINT('',(61.499999999992,40.750000000029,2.5));
#2935 = LINE('',#2936,#2937);
#2936 = CARTESIAN_POINT('',(61.499999999992,40.750000000029,2.5));
#2937 = VECTOR('',#2938,1.);
#2938 = DIRECTION('',(0.,1.,0.));
#2939 = ORIENTED_EDGE('',*,*,#2940,.F.);
#2940 = EDGE_CURVE('',#2887,#2933,#2941,.T.);
#2941 = LINE('',#2942,#2943);
#2942 = CARTESIAN_POINT('',(61.5,38.75,2.5));
#2943 = VECTOR('',#2944,1.);
#2944 = DIRECTION('',(0.,1.,0.));
#2945 = PLANE('',#2946);
#2946 = AXIS2_PLACEMENT_3D('',#2947,#2948,#2949);
#2947 = CARTESIAN_POINT('',(61.499999999996,40.,-3.529824561404));
#2948 = DIRECTION('',(1.,0.,5.9282E-13));
#2949 = DIRECTION('',(-5.9282E-13,0.,1.));
#2950 = ADVANCED_FACE('',(#2951),#2962,.F.);
#2951 = FACE_BOUND('',#2952,.F.);
#2952 = EDGE_LOOP('',(#2953,#2954,#2960,#2961));
#2953 = ORIENTED_EDGE('',*,*,#1572,.F.);
#2954 = ORIENTED_EDGE('',*,*,#2955,.F.);
#2955 = EDGE_CURVE('',#2918,#1573,#2956,.T.);
#2956 = LINE('',#2957,#2958);
#2957 = CARTESIAN_POINT('',(50.064160627262,43.95,-29.50289477725));
#2958 = VECTOR('',#2959,1.);
#2959 = DIRECTION('',(-0.496322595704,0.,-0.868138169299));
#2960 = ORIENTED_EDGE('',*,*,#2925,.F.);
#2961 = ORIENTED_EDGE('',*,*,#1386,.T.);
#2962 = PLANE('',#2963);
#2963 = AXIS2_PLACEMENT_3D('',#2964,#2965,#2966);
#2964 = CARTESIAN_POINT('',(62.5,39.25,-7.750859064622));
#2965 = DIRECTION('',(-0.868138169299,1.1E-16,0.496322595704));
#2966 = DIRECTION('',(-0.496322595704,-1.9E-16,-0.868138169299));
#2967 = ADVANCED_FACE('',(#2968),#2986,.T.);
#2968 = FACE_BOUND('',#2969,.T.);
#2969 = EDGE_LOOP('',(#2970,#2971,#2972,#2981));
#2970 = ORIENTED_EDGE('',*,*,#1394,.T.);
#2971 = ORIENTED_EDGE('',*,*,#1642,.T.);
#2972 = ORIENTED_EDGE('',*,*,#2973,.F.);
#2973 = EDGE_CURVE('',#2974,#1635,#2976,.T.);
#2974 = VERTEX_POINT('',#2975);
#2975 = CARTESIAN_POINT('',(61.175296203394,119.24999999997,3.));
#2976 = CIRCLE('',#2977,0.175296203422);
#2977 = AXIS2_PLACEMENT_3D('',#2978,#2979,#2980);
#2978 = CARTESIAN_POINT('',(60.999999999972,119.24999999997,3.));
#2979 = DIRECTION('',(0.,0.,1.));
#2980 = DIRECTION('',(1.,0.,0.));
#2981 = ORIENTED_EDGE('',*,*,#2982,.F.);
#2982 = EDGE_CURVE('',#1379,#2974,#2983,.T.);
#2983 = B_SPLINE_CURVE_WITH_KNOTS('',1,(#2984,#2985),.UNSPECIFIED.,.F.,
  .F.,(2,2),(0.,1.),.PIECEWISE_BEZIER_KNOTS.);
#2984 = CARTESIAN_POINT('',(61.499999999992,119.24999999997,2.5));
#2985 = CARTESIAN_POINT('',(61.175296203394,119.24999999997,3.));
#2986 = CONICAL_SURFACE('',#2987,0.500000000021,0.575958653158);
#2987 = AXIS2_PLACEMENT_3D('',#2988,#2989,#2990);
#2988 = CARTESIAN_POINT('',(60.999999999972,119.24999999997,2.5));
#2989 = DIRECTION('',(-0.,-0.,-1.));
#2990 = DIRECTION('',(1.,0.,0.));
#2991 = ADVANCED_FACE('',(#2992),#3042,.T.);
#2992 = FACE_BOUND('',#2993,.T.);
#2993 = EDGE_LOOP('',(#2994,#3004,#3012,#3021,#3027,#3028,#3036));
#2994 = ORIENTED_EDGE('',*,*,#2995,.T.);
#2995 = EDGE_CURVE('',#2996,#2998,#3000,.T.);
#2996 = VERTEX_POINT('',#2997);
#2997 = CARTESIAN_POINT('',(-49.25916979427,-15.,-70.5));
#2998 = VERTEX_POINT('',#2999);
#2999 = CARTESIAN_POINT('',(-45.22465395195,-15.,-70.5));
#3000 = LINE('',#3001,#3002);
#3001 = CARTESIAN_POINT('',(-51.6507988865,-15.,-70.5));
#3002 = VECTOR('',#3003,1.);
#3003 = DIRECTION('',(1.,0.,7.9E-16));
#3004 = ORIENTED_EDGE('',*,*,#3005,.T.);
#3005 = EDGE_CURVE('',#2998,#3006,#3008,.T.);
#3006 = VERTEX_POINT('',#3007);
#3007 = CARTESIAN_POINT('',(-45.22465395195,-32.15,-70.5));
#3008 = LINE('',#3009,#3010);
#3009 = CARTESIAN_POINT('',(-45.22465395195,39.75,-70.5));
#3010 = VECTOR('',#3011,1.);
#3011 = DIRECTION('',(0.,-1.,2.2E-16));
#3012 = ORIENTED_EDGE('',*,*,#3013,.F.);
#3013 = EDGE_CURVE('',#3014,#3006,#3016,.T.);
#3014 = VERTEX_POINT('',#3015);
#3015 = CARTESIAN_POINT('',(-41.19013810963,-36.15,-70.5));
#3016 = ELLIPSE('',#3017,4.034515842321,4.);
#3017 = AXIS2_PLACEMENT_3D('',#3018,#3019,#3020);
#3018 = CARTESIAN_POINT('',(-41.19013810963,-32.15,-70.5));
#3019 = DIRECTION('',(7.9E-16,0.,-1.));
#3020 = DIRECTION('',(-1.,0.,-7.9E-16));
#3021 = ORIENTED_EDGE('',*,*,#3022,.T.);
#3022 = EDGE_CURVE('',#3014,#1410,#3023,.T.);
#3023 = LINE('',#3024,#3025);
#3024 = CARTESIAN_POINT('',(-49.25916979427,-36.15,-70.5));
#3025 = VECTOR('',#3026,1.);
#3026 = DIRECTION('',(1.,0.,0.));
#3027 = ORIENTED_EDGE('',*,*,#1409,.T.);
#3028 = ORIENTED_EDGE('',*,*,#3029,.T.);
#3029 = EDGE_CURVE('',#1412,#3030,#3032,.T.);
#3030 = VERTEX_POINT('',#3031);
#3031 = CARTESIAN_POINT('',(-49.25916979427,-39.75,-70.5));
#3032 = LINE('',#3033,#3034);
#3033 = CARTESIAN_POINT('',(-45.22465395195,-39.75,-70.5));
#3034 = VECTOR('',#3035,1.);
#3035 = DIRECTION('',(-1.,0.,0.));
#3036 = ORIENTED_EDGE('',*,*,#3037,.F.);
#3037 = EDGE_CURVE('',#2996,#3030,#3038,.T.);
#3038 = LINE('',#3039,#3040);
#3039 = CARTESIAN_POINT('',(-49.25916979427,39.75,-70.5));
#3040 = VECTOR('',#3041,1.);
#3041 = DIRECTION('',(0.,-1.,2.2E-16));
#3042 = PLANE('',#3043);
#3043 = AXIS2_PLACEMENT_3D('',#3044,#3045,#3046);
#3044 = CARTESIAN_POINT('',(-40.80159777301,4.2E-15,-70.5));
#3045 = DIRECTION('',(7.9E-16,0.,-1.));
#3046 = DIRECTION('',(-1.,0.,-7.9E-16));
#3047 = ADVANCED_FACE('',(#3048),#3121,.T.);
#3048 = FACE_BOUND('',#3049,.T.);
#3049 = EDGE_LOOP('',(#3050,#3051,#3059,#3067,#3075,#3083,#3091,#3099,
    #3107,#3115,#3120));
#3050 = ORIENTED_EDGE('',*,*,#3022,.F.);
#3051 = ORIENTED_EDGE('',*,*,#3052,.T.);
#3052 = EDGE_CURVE('',#3014,#3053,#3055,.T.);
#3053 = VERTEX_POINT('',#3054);
#3054 = CARTESIAN_POINT('',(-47.77240663057,-36.15,-20.50270681099));
#3055 = LINE('',#3056,#3057);
#3056 = CARTESIAN_POINT('',(-41.25887450646,-36.15,-69.97789523112));
#3057 = VECTOR('',#3058,1.);
#3058 = DIRECTION('',(-0.13052619222,0.,0.991444861374));
#3059 = ORIENTED_EDGE('',*,*,#3060,.T.);
#3060 = EDGE_CURVE('',#3053,#3061,#3063,.T.);
#3061 = VERTEX_POINT('',#3062);
#3062 = CARTESIAN_POINT('',(-45.55536079404,-36.15,-17.94952869926));
#3063 = LINE('',#3064,#3065);
#3064 = CARTESIAN_POINT('',(-48.95296662695,-36.15,-21.8622546799));
#3065 = VECTOR('',#3066,1.);
#3066 = DIRECTION('',(0.655654995826,0.,0.755060611109));
#3067 = ORIENTED_EDGE('',*,*,#3068,.T.);
#3068 = EDGE_CURVE('',#3061,#3069,#3071,.T.);
#3069 = VERTEX_POINT('',#3070);
#3070 = CARTESIAN_POINT('',(-50.78321135588,-36.15,-0.85));
#3071 = LINE('',#3072,#3073);
#3072 = CARTESIAN_POINT('',(-46.20320885242,-36.15,-15.8305131811));
#3073 = VECTOR('',#3074,1.);
#3074 = DIRECTION('',(-0.292371704723,0.,0.956304755963));
#3075 = ORIENTED_EDGE('',*,*,#3076,.F.);
#3076 = EDGE_CURVE('',#3077,#3069,#3079,.T.);
#3077 = VERTEX_POINT('',#3078);
#3078 = CARTESIAN_POINT('',(51.5,-36.15,-0.85));
#3079 = LINE('',#3080,#3081);
#3080 = CARTESIAN_POINT('',(-33.24268515429,-36.15,-0.85));
#3081 = VECTOR('',#3082,1.);
#3082 = DIRECTION('',(-1.,0.,0.));
#3083 = ORIENTED_EDGE('',*,*,#3084,.F.);
#3084 = EDGE_CURVE('',#3085,#3077,#3087,.T.);
#3085 = VERTEX_POINT('',#3086);
#3086 = CARTESIAN_POINT('',(51.5,-36.15,-1.));
#3087 = LINE('',#3088,#3089);
#3088 = CARTESIAN_POINT('',(51.5,-36.15,-13.51736314543));
#3089 = VECTOR('',#3090,1.);
#3090 = DIRECTION('',(0.,0.,1.));
#3091 = ORIENTED_EDGE('',*,*,#3092,.F.);
#3092 = EDGE_CURVE('',#3093,#3085,#3095,.T.);
#3093 = VERTEX_POINT('',#3094);
#3094 = CARTESIAN_POINT('',(53.3,-36.15,-1.));
#3095 = LINE('',#3096,#3097);
#3096 = CARTESIAN_POINT('',(23.407314845708,-36.15,-1.));
#3097 = VECTOR('',#3098,1.);
#3098 = DIRECTION('',(-1.,0.,0.));
#3099 = ORIENTED_EDGE('',*,*,#3100,.F.);
#3100 = EDGE_CURVE('',#3101,#3093,#3103,.T.);
#3101 = VERTEX_POINT('',#3102);
#3102 = CARTESIAN_POINT('',(53.45,-36.15,-0.85));
#3103 = LINE('',#3104,#3105);
#3104 = CARTESIAN_POINT('',(32.394975850139,-36.15,-21.90502414986));
#3105 = VECTOR('',#3106,1.);
#3106 = DIRECTION('',(-0.707106781187,0.,-0.707106781187));
#3107 = ORIENTED_EDGE('',*,*,#3108,.F.);
#3108 = EDGE_CURVE('',#3109,#3101,#3111,.T.);
#3109 = VERTEX_POINT('',#3110);
#3110 = CARTESIAN_POINT('',(54.585,-36.15,-0.85));
#3111 = LINE('',#3112,#3113);
#3112 = CARTESIAN_POINT('',(-33.24268515429,-36.15,-0.85));
#3113 = VECTOR('',#3114,1.);
#3114 = DIRECTION('',(-1.,0.,0.));
#3115 = ORIENTED_EDGE('',*,*,#3116,.T.);
#3116 = EDGE_CURVE('',#3109,#1420,#3117,.T.);
#3117 = B_SPLINE_CURVE_WITH_KNOTS('',1,(#3118,#3119),.UNSPECIFIED.,.F.,
  .F.,(2,2),(0.,1.),.PIECEWISE_BEZIER_KNOTS.);
#3118 = CARTESIAN_POINT('',(54.5,-36.15,-1.605E-14));
#3119 = CARTESIAN_POINT('',(56.236769795071,-36.15,-17.3676979507));
#3120 = ORIENTED_EDGE('',*,*,#1419,.F.);
#3121 = PLANE('',#3122);
#3122 = AXIS2_PLACEMENT_3D('',#3123,#3124,#3125);
#3123 = CARTESIAN_POINT('',(-6.485370308585,-36.15,-26.03472629086));
#3124 = DIRECTION('',(0.,1.,0.));
#3125 = DIRECTION('',(0.,0.,1.));
#3126 = ADVANCED_FACE('',(#3127),#3190,.F.);
#3127 = FACE_BOUND('',#3128,.F.);
#3128 = EDGE_LOOP('',(#3129,#3136,#3163,#3188,#3189));
#3129 = ORIENTED_EDGE('',*,*,#3130,.F.);
#3130 = EDGE_CURVE('',#3131,#1428,#3133,.T.);
#3131 = VERTEX_POINT('',#3132);
#3132 = CARTESIAN_POINT('',(57.58,-33.15,-0.8));
#3133 = B_SPLINE_CURVE_WITH_KNOTS('',1,(#3134,#3135),.UNSPECIFIED.,.F.,
  .F.,(2,2),(0.,1.),.PIECEWISE_BEZIER_KNOTS.);
#3134 = CARTESIAN_POINT('',(57.5,-33.15,-1.472E-14));
#3135 = CARTESIAN_POINT('',(59.236769795071,-33.15,-17.3676979507));
#3136 = ORIENTED_EDGE('',*,*,#3137,.F.);
#3137 = EDGE_CURVE('',#3138,#3131,#3140,.T.);
#3138 = VERTEX_POINT('',#3139);
#3139 = CARTESIAN_POINT('',(55.125435592383,-36.1,-0.8));
#3140 = B_SPLINE_CURVE_WITH_KNOTS('',6,(#3141,#3142,#3143,#3144,#3145,
    #3146,#3147,#3148,#3149,#3150,#3151,#3152,#3153,#3154,#3155,#3156,
    #3157,#3158,#3159,#3160,#3161,#3162),.UNSPECIFIED.,.F.,.F.,(7,5,5,5,
    7),(0.,0.250999942152,0.499999999443,0.749999999916,1.),
  .UNSPECIFIED.);
#3141 = CARTESIAN_POINT('',(54.58,-36.15,-0.8));
#3142 = CARTESIAN_POINT('',(54.777132030787,-36.15,-0.8));
#3143 = CARTESIAN_POINT('',(54.974274637615,-36.13445555612,-0.8));
#3144 = CARTESIAN_POINT('',(55.16987228273,-36.10336369307,-0.8));
#3145 = CARTESIAN_POINT('',(55.362406596569,-36.05693437987,-0.8));
#3146 = CARTESIAN_POINT('',(55.550395026573,-35.99555698434,-0.8));
#3147 = CARTESIAN_POINT('',(55.912959905244,-35.84471002947,-0.8));
#3148 = CARTESIAN_POINT('',(56.087650263221,-35.75546029976,-0.8));
#3149 = CARTESIAN_POINT('',(56.255070726659,-35.65266319828,-0.8));
#3150 = CARTESIAN_POINT('',(56.413930533483,-35.53707592843,-0.8));
#3151 = CARTESIAN_POINT('',(56.563037586156,-35.40960310064,-0.8));
#3152 = CARTESIAN_POINT('',(56.840158421401,-35.13248226539,-0.8));
#3153 = CARTESIAN_POINT('',(56.968099660565,-34.98273269315,-0.8));
#3154 = CARTESIAN_POINT('',(57.084055266925,-34.82315623538,-0.8));
#3155 = CARTESIAN_POINT('',(57.187110401141,-34.65495995623,-0.8));
#3156 = CARTESIAN_POINT('',(57.276499975307,-34.47945098341,-0.8));
#3157 = CARTESIAN_POINT('',(57.426777228998,-34.11664960147,-0.8));
#3158 = CARTESIAN_POINT('',(57.487672838088,-33.92933804695,-0.8));
#3159 = CARTESIAN_POINT('',(57.533734582672,-33.7375343373,-0.8));
#3160 = CARTESIAN_POINT('',(57.56457916261,-33.54270374714,-0.8));
#3161 = CARTESIAN_POINT('',(57.58,-33.34634668956,-0.8));
#3162 = CARTESIAN_POINT('',(57.58,-33.15,-0.8));
#3163 = ORIENTED_EDGE('',*,*,#3164,.T.);
#3164 = EDGE_CURVE('',#3138,#3109,#3165,.T.);
#3165 = B_SPLINE_CURVE_WITH_KNOTS('',6,(#3166,#3167,#3168,#3169,#3170,
    #3171,#3172,#3173,#3174,#3175,#3176,#3177,#3178,#3179,#3180,#3181,
    #3182,#3183,#3184,#3185,#3186,#3187),.UNSPECIFIED.,.F.,.F.,(7,5,5,5,
    7),(0.,0.367087930673,0.543659922207,0.879471590254,1.),
  .UNSPECIFIED.);
#3166 = CARTESIAN_POINT('',(56.592247594954,-35.3,-9.76E-15));
#3167 = CARTESIAN_POINT('',(56.509594786549,-35.38910364055,
    -8.910364055097E-02));
#3168 = CARTESIAN_POINT('',(56.420509331611,-35.47504925307,
    -0.175049253072));
#3169 = CARTESIAN_POINT('',(56.324847248414,-35.55734512674,
    -0.257345126742));
#3170 = CARTESIAN_POINT('',(56.222537470146,-35.6353858942,
    -0.335385894204));
#3171 = CARTESIAN_POINT('',(56.113624594456,-35.70847728421,
    -0.408477284213));
#3172 = CARTESIAN_POINT('',(55.942897997425,-35.80831667273,
    -0.50831667273));
#3173 = CARTESIAN_POINT('',(55.885979064748,-35.83942746707,
    -0.539427467074));
#3174 = CARTESIAN_POINT('',(55.827620362669,-35.86914036298,
    -0.569140362984));
#3175 = CARTESIAN_POINT('',(55.767863674565,-35.89737082153,
    -0.597370821539));
#3176 = CARTESIAN_POINT('',(55.706765144187,-35.92403502841,
    -0.624035028416));
#3177 = CARTESIAN_POINT('',(55.525784992598,-35.996632281,
    -0.696632281001));
#3178 = CARTESIAN_POINT('',(55.402547204094,-36.03827074708,
    -0.738270747085));
#3179 = CARTESIAN_POINT('',(55.275244857031,-36.07338403735,
    -0.773384037352));
#3180 = CARTESIAN_POINT('',(55.144582975759,-36.10149756706,
    -0.80149756706));
#3181 = CARTESIAN_POINT('',(55.011424046279,-36.12228006972,
    -0.822280069721));
#3182 = CARTESIAN_POINT('',(54.828506776415,-36.14042484259,
    -0.840424842595));
#3183 = CARTESIAN_POINT('',(54.780004376377,-36.14426044878,
    -0.844260448781));
#3184 = CARTESIAN_POINT('',(54.731357221476,-36.14713480491,
    -0.847134804919));
#3185 = CARTESIAN_POINT('',(54.682610692742,-36.14904706478,
    -0.849047064788));
#3186 = CARTESIAN_POINT('',(54.633809963625,-36.15,-0.85));
#3187 = CARTESIAN_POINT('',(54.585,-36.15,-0.85));
#3188 = ORIENTED_EDGE('',*,*,#3116,.T.);
#3189 = ORIENTED_EDGE('',*,*,#1427,.T.);
#3190 = B_SPLINE_SURFACE_WITH_KNOTS('',8,1,(
    (#3191,#3192)
    ,(#3193,#3194)
    ,(#3195,#3196)
    ,(#3197,#3198)
    ,(#3199,#3200)
    ,(#3201,#3202)
    ,(#3203,#3204)
    ,(#3205,#3206)
    ,(#3207,#3208
    )),.UNSPECIFIED.,.F.,.F.,.F.,(9,9),(2,2),(8.99E-14,1.570796326795),(
    0.,1.),.PIECEWISE_BEZIER_KNOTS.);
#3191 = CARTESIAN_POINT('',(57.5,-33.15,-1.472E-14));
#3192 = CARTESIAN_POINT('',(59.236769795071,-33.15,-17.3676979507));
#3193 = CARTESIAN_POINT('',(57.5,-33.73904862254,-1.498E-14));
#3194 = CARTESIAN_POINT('',(59.236769795071,-33.73904862254,
    -17.3676979507));
#3195 = CARTESIAN_POINT('',(57.367817633117,-34.32809743051,-1.524E-14)
  );
#3196 = CARTESIAN_POINT('',(59.104587428187,-34.32809743051,
    -17.3676979507));
#3197 = CARTESIAN_POINT('',(57.103454197613,-34.882539703,-1.549E-14));
#3198 = CARTESIAN_POINT('',(58.840223992685,-34.882539703,-17.3676979507
    ));
#3199 = CARTESIAN_POINT('',(56.71777626734,-35.36777626733,-1.571E-14));
#3200 = CARTESIAN_POINT('',(58.454546062411,-35.36777626733,
    -17.36769795071));
#3201 = CARTESIAN_POINT('',(56.232539703005,-35.75345419761,-1.588E-14)
  );
#3202 = CARTESIAN_POINT('',(57.969309498076,-35.75345419761,
    -17.3676979507));
#3203 = CARTESIAN_POINT('',(55.678097430513,-36.01781763311,-1.6E-14));
#3204 = CARTESIAN_POINT('',(57.414867225584,-36.01781763311,
    -17.36769795071));
#3205 = CARTESIAN_POINT('',(55.089048622548,-36.15,-1.605E-14));
#3206 = CARTESIAN_POINT('',(56.825818417619,-36.15,-17.3676979507));
#3207 = CARTESIAN_POINT('',(54.5,-36.15,-1.605E-14));
#3208 = CARTESIAN_POINT('',(56.236769795071,-36.15,-17.3676979507));
#3209 = ADVANCED_FACE('',(#3210),#3226,.F.);
#3210 = FACE_BOUND('',#3211,.F.);
#3211 = EDGE_LOOP('',(#3212,#3219,#3224,#3225));
#3212 = ORIENTED_EDGE('',*,*,#3213,.F.);
#3213 = EDGE_CURVE('',#3214,#1455,#3216,.T.);
#3214 = VERTEX_POINT('',#3215);
#3215 = CARTESIAN_POINT('',(57.58,33.15,-0.8));
#3216 = B_SPLINE_CURVE_WITH_KNOTS('',1,(#3217,#3218),.UNSPECIFIED.,.F.,
  .F.,(2,2),(0.,1.),.PIECEWISE_BEZIER_KNOTS.);
#3217 = CARTESIAN_POINT('',(57.5,33.15,0.));
#3218 = CARTESIAN_POINT('',(59.236769795071,33.15,-17.3676979507));
#3219 = ORIENTED_EDGE('',*,*,#3220,.F.);
#3220 = EDGE_CURVE('',#3131,#3214,#3221,.T.);
#3221 = B_SPLINE_CURVE_WITH_KNOTS('',1,(#3222,#3223),.UNSPECIFIED.,.F.,
  .F.,(2,2),(0.,1.),.PIECEWISE_BEZIER_KNOTS.);
#3222 = CARTESIAN_POINT('',(57.58,-34.13650746064,-0.8));
#3223 = CARTESIAN_POINT('',(57.58,34.136507460649,-0.8));
#3224 = ORIENTED_EDGE('',*,*,#3130,.T.);
#3225 = ORIENTED_EDGE('',*,*,#1454,.T.);
#3226 = B_SPLINE_SURFACE_WITH_KNOTS('',1,1,(
    (#3227,#3228)
    ,(#3229,#3230
    )),.UNSPECIFIED.,.F.,.F.,.F.,(2,2),(2,2),(0.,78.3),(0.,1.),
  .PIECEWISE_BEZIER_KNOTS.);
#3227 = CARTESIAN_POINT('',(57.5,39.15,0.));
#3228 = CARTESIAN_POINT('',(59.236769795071,37.413230204929,
    -17.3676979507));
#3229 = CARTESIAN_POINT('',(57.5,-39.15,0.));
#3230 = CARTESIAN_POINT('',(59.236769795071,-37.41323020492,
    -17.3676979507));
#3231 = ADVANCED_FACE('',(#3232),#3301,.T.);
#3232 = FACE_BOUND('',#3233,.T.);
#3233 = EDGE_LOOP('',(#3234,#3235,#3292,#3300));
#3234 = ORIENTED_EDGE('',*,*,#3213,.F.);
#3235 = ORIENTED_EDGE('',*,*,#3236,.F.);
#3236 = EDGE_CURVE('',#3237,#3214,#3239,.T.);
#3237 = VERTEX_POINT('',#3238);
#3238 = CARTESIAN_POINT('',(55.348114575409,36.05,-0.8));
#3239 = B_SPLINE_CURVE_WITH_KNOTS('',6,(#3240,#3241,#3242,#3243,#3244,
    #3245,#3246,#3247,#3248,#3249,#3250,#3251,#3252,#3253,#3254,#3255,
    #3256,#3257,#3258,#3259,#3260,#3261,#3262,#3263,#3264,#3265,#3266,
    #3267,#3268,#3269,#3270,#3271,#3272,#3273,#3274,#3275,#3276,#3277,
    #3278,#3279,#3280,#3281,#3282,#3283,#3284,#3285,#3286,#3287,#3288,
    #3289,#3290,#3291),.UNSPECIFIED.,.F.,.F.,(7,5,5,5,5,5,5,5,5,5,7),(0.
    ,7.500026967128E-02,0.189000654055,0.25200088463,0.318001124731,
    0.334001183307,0.400001422106,0.574001764258,0.692002157321,
    0.974999907652,1.),.UNSPECIFIED.);
#3240 = CARTESIAN_POINT('',(55.348112739064,36.050000486387,-0.8));
#3241 = CARTESIAN_POINT('',(55.395668227404,36.03740463539,-0.8));
#3242 = CARTESIAN_POINT('',(55.442975863633,36.023872978078,-0.8));
#3243 = CARTESIAN_POINT('',(55.490012605363,36.009411618134,-0.8));
#3244 = CARTESIAN_POINT('',(55.536755647085,35.994027403577,-0.8));
#3245 = CARTESIAN_POINT('',(55.583182420173,35.977727926764,-0.8));
#3246 = CARTESIAN_POINT('',(55.699324599718,35.934367798635,-0.8));
#3247 = CARTESIAN_POINT('',(55.768596412377,35.906118669634,-0.8));
#3248 = CARTESIAN_POINT('',(55.837007502387,35.875803462416,-0.8));
#3249 = CARTESIAN_POINT('',(55.904481087678,35.843455289051,-0.8));
#3250 = CARTESIAN_POINT('',(55.970942132581,35.809111048645,-0.8));
#3251 = CARTESIAN_POINT('',(56.072445766667,35.752751104529,-0.8));
#3252 = CARTESIAN_POINT('',(56.108242599825,35.732093589991,-0.8));
#3253 = CARTESIAN_POINT('',(56.143695499193,35.710845740263,-0.8));
#3254 = CARTESIAN_POINT('',(56.17879231931,35.689014743757,-0.8));
#3255 = CARTESIAN_POINT('',(56.213521117371,35.666608120768,-0.8));
#3256 = CARTESIAN_POINT('',(56.283854856659,35.619565307787,-0.8));
#3257 = CARTESIAN_POINT('',(56.319422778061,35.594873750478,-0.8));
#3258 = CARTESIAN_POINT('',(56.354560418286,35.569568080772,-0.8));
#3259 = CARTESIAN_POINT('',(56.389254555204,35.543657705598,-0.8));
#3260 = CARTESIAN_POINT('',(56.423492243704,35.517152409591,-0.8));
#3261 = CARTESIAN_POINT('',(56.46544713636,35.483495069,-0.8));
#3262 = CARTESIAN_POINT('',(56.473605887558,35.476893416722,-0.8));
#3263 = CARTESIAN_POINT('',(56.481736888939,35.470257542935,-0.8));
#3264 = CARTESIAN_POINT('',(56.489839961183,35.463587593568,-0.8));
#3265 = CARTESIAN_POINT('',(56.497914925995,35.4568837158,-0.8));
#3266 = CARTESIAN_POINT('',(56.539154160147,35.422353221082,-0.8));
#3267 = CARTESIAN_POINT('',(56.571865436859,35.393985592921,-0.8));
#3268 = CARTESIAN_POINT('',(56.604082984565,35.36505359996,-0.8));
#3269 = CARTESIAN_POINT('',(56.635794667557,35.335568014364,-0.8));
#3270 = CARTESIAN_POINT('',(56.666988666098,35.30553995408,-0.8));
#3271 = CARTESIAN_POINT('',(56.778496933748,35.194416191736,-0.8));
#3272 = CARTESIAN_POINT('',(56.855662854565,35.110160178327,-0.8));
#3273 = CARTESIAN_POINT('',(56.928939501966,35.022423972389,-0.8));
#3274 = CARTESIAN_POINT('',(56.998132846113,34.931432818702,-0.8));
#3275 = CARTESIAN_POINT('',(57.063066564242,34.837426077055,-0.8));
#3276 = CARTESIAN_POINT('',(57.164621327792,34.675032277121,-0.8));
#3277 = CARTESIAN_POINT('',(57.203628903651,34.608136652079,-0.8));
#3278 = CARTESIAN_POINT('',(57.240555476615,34.540049184075,-0.8));
#3279 = CARTESIAN_POINT('',(57.275355998102,34.470850926922,-0.8));
#3280 = CARTESIAN_POINT('',(57.307989662564,34.400625151289,-0.8));
#3281 = CARTESIAN_POINT('',(57.411400095363,34.158777157635,-0.8));
#3282 = CARTESIAN_POINT('',(57.471710132761,33.982670890343,-0.8));
#3283 = CARTESIAN_POINT('',(57.518838323595,33.802329861568,-0.8));
#3284 = CARTESIAN_POINT('',(57.552436821879,33.618985667653,-0.8));
#3285 = CARTESIAN_POINT('',(57.572299749481,33.433901408125,-0.8));
#3286 = CARTESIAN_POINT('',(57.578924411468,33.23198339571,-0.8));
#3287 = CARTESIAN_POINT('',(57.579354627539,33.215590244149,-0.8));
#3288 = CARTESIAN_POINT('',(57.579677308916,33.199194446991,-0.8));
#3289 = CARTESIAN_POINT('',(57.579892436293,33.182796885963,-0.8));
#3290 = CARTESIAN_POINT('',(57.58,33.166398442951,-0.8));
#3291 = CARTESIAN_POINT('',(57.58,33.15,-0.8));
#3292 = ORIENTED_EDGE('',*,*,#3293,.T.);
#3293 = EDGE_CURVE('',#3237,#1462,#3294,.T.);
#3294 = B_SPLINE_CURVE_WITH_KNOTS('',4,(#3295,#3296,#3297,#3298,#3299),
  .UNSPECIFIED.,.F.,.F.,(5,5),(0.,1.),.PIECEWISE_BEZIER_KNOTS.);
#3295 = CARTESIAN_POINT('',(55.268114575409,36.05,0.));
#3296 = CARTESIAN_POINT('',(55.622840750988,36.05,-3.54726175579));
#3297 = CARTESIAN_POINT('',(55.977566926567,36.05,-7.09452351158));
#3298 = CARTESIAN_POINT('',(56.332293102146,36.05,-10.64178526737));
#3299 = CARTESIAN_POINT('',(56.687019277725,36.05,-14.18904702316));
#3300 = ORIENTED_EDGE('',*,*,#1461,.T.);
#3301 = B_SPLINE_SURFACE_WITH_KNOTS('',8,1,(
    (#3302,#3303)
    ,(#3304,#3305)
    ,(#3306,#3307)
    ,(#3308,#3309)
    ,(#3310,#3311)
    ,(#3312,#3313)
    ,(#3314,#3315)
    ,(#3316,#3317)
    ,(#3318,#3319
    )),.UNSPECIFIED.,.F.,.F.,.F.,(9,9),(2,2),(8.99E-14,1.570796326795),(
    0.,1.),.PIECEWISE_BEZIER_KNOTS.);
#3302 = CARTESIAN_POINT('',(57.5,33.15,0.));
#3303 = CARTESIAN_POINT('',(59.236769795071,33.15,-17.3676979507));
#3304 = CARTESIAN_POINT('',(57.5,33.739048622548,0.));
#3305 = CARTESIAN_POINT('',(59.236769795071,33.739048622548,
    -17.3676979507));
#3306 = CARTESIAN_POINT('',(57.367817633117,34.328097430512,0.));
#3307 = CARTESIAN_POINT('',(59.104587428187,34.328097430512,
    -17.3676979507));
#3308 = CARTESIAN_POINT('',(57.103454197613,34.882539703005,0.));
#3309 = CARTESIAN_POINT('',(58.840223992685,34.882539703005,
    -17.3676979507));
#3310 = CARTESIAN_POINT('',(56.71777626734,35.367776267339,0.));
#3311 = CARTESIAN_POINT('',(58.454546062411,35.367776267339,
    -17.36769795071));
#3312 = CARTESIAN_POINT('',(56.232539703005,35.753454197615,0.));
#3313 = CARTESIAN_POINT('',(57.969309498076,35.753454197615,
    -17.3676979507));
#3314 = CARTESIAN_POINT('',(55.678097430513,36.017817633116,0.));
#3315 = CARTESIAN_POINT('',(57.414867225584,36.017817633116,
    -17.3676979507));
#3316 = CARTESIAN_POINT('',(55.089048622548,36.15,0.));
#3317 = CARTESIAN_POINT('',(56.825818417619,36.15,-17.3676979507));
#3318 = CARTESIAN_POINT('',(54.5,36.15,0.));
#3319 = CARTESIAN_POINT('',(56.236769795071,36.15,-17.3676979507));
#3320 = ADVANCED_FACE('',(#3321),#3379,.F.);
#3321 = FACE_BOUND('',#3322,.F.);
#3322 = EDGE_LOOP('',(#3323,#3324,#3332,#3340,#3346,#3347,#3355,#3363,
    #3371,#3377,#3378));
#3323 = ORIENTED_EDGE('',*,*,#2445,.F.);
#3324 = ORIENTED_EDGE('',*,*,#3325,.T.);
#3325 = EDGE_CURVE('',#2446,#3326,#3328,.T.);
#3326 = VERTEX_POINT('',#3327);
#3327 = CARTESIAN_POINT('',(-48.70584535064,36.05,-20.2220460481));
#3328 = LINE('',#3329,#3330);
#3329 = CARTESIAN_POINT('',(-42.14008997465,36.05,-70.09390944842));
#3330 = VECTOR('',#3331,1.);
#3331 = DIRECTION('',(-0.13052619222,-4.4E-16,0.991444861374));
#3332 = ORIENTED_EDGE('',*,*,#3333,.T.);
#3333 = EDGE_CURVE('',#3326,#3334,#3336,.T.);
#3334 = VERTEX_POINT('',#3335);
#3335 = CARTESIAN_POINT('',(-46.54929804075,36.05,-17.73853880716));
#3336 = LINE('',#3337,#3338);
#3337 = CARTESIAN_POINT('',(-49.62407917779,36.05,-21.27949577254));
#3338 = VECTOR('',#3339,1.);
#3339 = DIRECTION('',(0.655654995826,-3.4E-16,0.755060611109));
#3340 = ORIENTED_EDGE('',*,*,#3341,.T.);
#3341 = EDGE_CURVE('',#3334,#1940,#3342,.T.);
#3342 = LINE('',#3343,#3344);
#3343 = CARTESIAN_POINT('',(-47.05319111174,36.05,-16.09037883647));
#3344 = VECTOR('',#3345,1.);
#3345 = DIRECTION('',(-0.292371704723,-4.2E-16,0.956304755963));
#3346 = ORIENTED_EDGE('',*,*,#1939,.T.);
#3347 = ORIENTED_EDGE('',*,*,#3348,.T.);
#3348 = EDGE_CURVE('',#1932,#3349,#3351,.T.);
#3349 = VERTEX_POINT('',#3350);
#3350 = CARTESIAN_POINT('',(51.5,36.05,-1.));
#3351 = LINE('',#3352,#3353);
#3352 = CARTESIAN_POINT('',(51.5,36.05,-12.70976630075));
#3353 = VECTOR('',#3354,1.);
#3354 = DIRECTION('',(0.,0.,-1.));
#3355 = ORIENTED_EDGE('',*,*,#3356,.T.);
#3356 = EDGE_CURVE('',#3349,#3357,#3359,.T.);
#3357 = VERTEX_POINT('',#3358);
#3358 = CARTESIAN_POINT('',(53.3,36.05,-1.));
#3359 = LINE('',#3360,#3361);
#3360 = CARTESIAN_POINT('',(23.407314845708,36.05,-1.));
#3361 = VECTOR('',#3362,1.);
#3362 = DIRECTION('',(1.,0.,0.));
#3363 = ORIENTED_EDGE('',*,*,#3364,.T.);
#3364 = EDGE_CURVE('',#3357,#3365,#3367,.T.);
#3365 = VERTEX_POINT('',#3366);
#3366 = CARTESIAN_POINT('',(53.5,36.05,-0.8));
#3367 = LINE('',#3368,#3369);
#3368 = CARTESIAN_POINT('',(32.394975850139,36.05,-21.90502414986));
#3369 = VECTOR('',#3370,1.);
#3370 = DIRECTION('',(0.707106781187,0.,0.707106781187));
#3371 = ORIENTED_EDGE('',*,*,#3372,.T.);
#3372 = EDGE_CURVE('',#3365,#3237,#3373,.T.);
#3373 = LINE('',#3374,#3375);
#3374 = CARTESIAN_POINT('',(-2.136651896123,36.05,-0.8));
#3375 = VECTOR('',#3376,1.);
#3376 = DIRECTION('',(1.,0.,0.));
#3377 = ORIENTED_EDGE('',*,*,#3293,.T.);
#3378 = ORIENTED_EDGE('',*,*,#1488,.F.);
#3379 = PLANE('',#3380);
#3380 = AXIS2_PLACEMENT_3D('',#3381,#3382,#3383);
#3381 = CARTESIAN_POINT('',(-6.485370308585,36.05,-26.03472629086));
#3382 = DIRECTION('',(0.,1.,0.));
#3383 = DIRECTION('',(0.,0.,1.));
#3384 = ADVANCED_FACE('',(#3385),#3395,.F.);
#3385 = FACE_BOUND('',#3386,.F.);
#3386 = EDGE_LOOP('',(#3387,#3392,#3393,#3394));
#3387 = ORIENTED_EDGE('',*,*,#3388,.F.);
#3388 = EDGE_CURVE('',#2590,#1531,#3389,.T.);
#3389 = B_SPLINE_CURVE_WITH_KNOTS('',1,(#3390,#3391),.UNSPECIFIED.,.F.,
  .F.,(2,2),(0.,1.),.PIECEWISE_BEZIER_KNOTS.);
#3390 = CARTESIAN_POINT('',(57.5,113.15,-9.E-15));
#3391 = CARTESIAN_POINT('',(59.236769795071,113.15,-17.3676979507));
#3392 = ORIENTED_EDGE('',*,*,#2589,.F.);
#3393 = ORIENTED_EDGE('',*,*,#2508,.T.);
#3394 = ORIENTED_EDGE('',*,*,#1530,.T.);
#3395 = B_SPLINE_SURFACE_WITH_KNOTS('',1,1,(
    (#3396,#3397)
    ,(#3398,#3399
    )),.UNSPECIFIED.,.F.,.F.,.F.,(2,2),(2,2),(0.,78.3),(0.,1.),
  .PIECEWISE_BEZIER_KNOTS.);
#3396 = CARTESIAN_POINT('',(57.5,119.15,-9.E-15));
#3397 = CARTESIAN_POINT('',(59.236769795071,117.41323020492,
    -17.3676979507));
#3398 = CARTESIAN_POINT('',(57.5,40.85,-9.E-15));
#3399 = CARTESIAN_POINT('',(59.236769795071,42.586769795071,
    -17.3676979507));
#3400 = ADVANCED_FACE('',(#3401),#3432,.T.);
#3401 = FACE_BOUND('',#3402,.T.);
#3402 = EDGE_LOOP('',(#3403,#3404,#3405,#3430,#3431));
#3403 = ORIENTED_EDGE('',*,*,#3388,.F.);
#3404 = ORIENTED_EDGE('',*,*,#2596,.F.);
#3405 = ORIENTED_EDGE('',*,*,#3406,.T.);
#3406 = EDGE_CURVE('',#2597,#2050,#3407,.T.);
#3407 = B_SPLINE_CURVE_WITH_KNOTS('',6,(#3408,#3409,#3410,#3411,#3412,
    #3413,#3414,#3415,#3416,#3417,#3418,#3419,#3420,#3421,#3422,#3423,
    #3424,#3425,#3426,#3427,#3428,#3429),.UNSPECIFIED.,.F.,.F.,(7,5,5,5,
    7),(0.,0.367087930673,0.543659922207,0.879471590254,1.),
  .UNSPECIFIED.);
#3408 = CARTESIAN_POINT('',(56.592247594954,115.3,-6.2E-15));
#3409 = CARTESIAN_POINT('',(56.509594786549,115.38910364055,
    -8.910364055097E-02));
#3410 = CARTESIAN_POINT('',(56.420509331611,115.47504925307,
    -0.175049253071));
#3411 = CARTESIAN_POINT('',(56.324847248414,115.55734512674,
    -0.257345126742));
#3412 = CARTESIAN_POINT('',(56.222537470146,115.6353858942,
    -0.335385894204));
#3413 = CARTESIAN_POINT('',(56.113624594456,115.70847728421,
    -0.408477284213));
#3414 = CARTESIAN_POINT('',(55.942897997425,115.80831667273,
    -0.50831667273));
#3415 = CARTESIAN_POINT('',(55.885979064748,115.83942746707,
    -0.539427467074));
#3416 = CARTESIAN_POINT('',(55.827620362669,115.86914036298,
    -0.569140362984));
#3417 = CARTESIAN_POINT('',(55.767863674565,115.89737082153,
    -0.597370821539));
#3418 = CARTESIAN_POINT('',(55.706765144188,115.92403502841,
    -0.624035028416));
#3419 = CARTESIAN_POINT('',(55.525784992598,115.996632281,
    -0.696632281001));
#3420 = CARTESIAN_POINT('',(55.402547204094,116.03827074708,
    -0.738270747085));
#3421 = CARTESIAN_POINT('',(55.275244857032,116.07338403735,
    -0.773384037352));
#3422 = CARTESIAN_POINT('',(55.144582975759,116.10149756706,
    -0.80149756706));
#3423 = CARTESIAN_POINT('',(55.011424046279,116.12228006972,
    -0.822280069721));
#3424 = CARTESIAN_POINT('',(54.828506776415,116.14042484259,
    -0.840424842595));
#3425 = CARTESIAN_POINT('',(54.780004376377,116.14426044878,
    -0.844260448781));
#3426 = CARTESIAN_POINT('',(54.731357221476,116.14713480491,
    -0.847134804919));
#3427 = CARTESIAN_POINT('',(54.682610692742,116.14904706478,
    -0.849047064788));
#3428 = CARTESIAN_POINT('',(54.633809963625,116.15,-0.85));
#3429 = CARTESIAN_POINT('',(54.585,116.15,-0.85));
#3430 = ORIENTED_EDGE('',*,*,#2057,.T.);
#3431 = ORIENTED_EDGE('',*,*,#1537,.T.);
#3432 = B_SPLINE_SURFACE_WITH_KNOTS('',8,1,(
    (#3433,#3434)
    ,(#3435,#3436)
    ,(#3437,#3438)
    ,(#3439,#3440)
    ,(#3441,#3442)
    ,(#3443,#3444)
    ,(#3445,#3446)
    ,(#3447,#3448)
    ,(#3449,#3450
    )),.UNSPECIFIED.,.F.,.F.,.F.,(9,9),(2,2),(8.99E-14,1.570796326795),(
    0.,1.),.PIECEWISE_BEZIER_KNOTS.);
#3433 = CARTESIAN_POINT('',(57.5,113.15,-9.E-15));
#3434 = CARTESIAN_POINT('',(59.236769795071,113.15,-17.3676979507));
#3435 = CARTESIAN_POINT('',(57.5,113.73904862254,-9.E-15));
#3436 = CARTESIAN_POINT('',(59.236769795071,113.73904862254,
    -17.3676979507));
#3437 = CARTESIAN_POINT('',(57.367817633117,114.32809743051,-9.E-15));
#3438 = CARTESIAN_POINT('',(59.104587428187,114.32809743051,
    -17.3676979507));
#3439 = CARTESIAN_POINT('',(57.103454197613,114.882539703,-9.E-15));
#3440 = CARTESIAN_POINT('',(58.840223992685,114.882539703,-17.3676979507
    ));
#3441 = CARTESIAN_POINT('',(56.71777626734,115.36777626733,-9.E-15));
#3442 = CARTESIAN_POINT('',(58.454546062411,115.36777626733,
    -17.36769795071));
#3443 = CARTESIAN_POINT('',(56.232539703005,115.75345419761,-9.E-15));
#3444 = CARTESIAN_POINT('',(57.969309498076,115.75345419761,
    -17.3676979507));
#3445 = CARTESIAN_POINT('',(55.678097430513,116.01781763311,-9.E-15));
#3446 = CARTESIAN_POINT('',(57.414867225584,116.01781763311,
    -17.3676979507));
#3447 = CARTESIAN_POINT('',(55.089048622548,116.15,-9.E-15));
#3448 = CARTESIAN_POINT('',(56.825818417619,116.15,-17.3676979507));
#3449 = CARTESIAN_POINT('',(54.5,116.15,-9.E-15));
#3450 = CARTESIAN_POINT('',(56.236769795071,116.15,-17.3676979507));
#3451 = ADVANCED_FACE('',(#3452),#3457,.T.);
#3452 = FACE_BOUND('',#3453,.T.);
#3453 = EDGE_LOOP('',(#3454,#3455,#3456));
#3454 = ORIENTED_EDGE('',*,*,#2955,.F.);
#3455 = ORIENTED_EDGE('',*,*,#2917,.F.);
#3456 = ORIENTED_EDGE('',*,*,#1580,.F.);
#3457 = PLANE('',#3458);
#3458 = AXIS2_PLACEMENT_3D('',#3459,#3460,#3461);
#3459 = CARTESIAN_POINT('',(-6.485370308585,43.95,-26.03472629086));
#3460 = DIRECTION('',(0.,1.,0.));
#3461 = DIRECTION('',(0.,0.,1.));
#3462 = ADVANCED_FACE('',(#3463),#3473,.F.);
#3463 = FACE_BOUND('',#3464,.F.);
#3464 = EDGE_LOOP('',(#3465,#3471,#3472));
#3465 = ORIENTED_EDGE('',*,*,#3466,.F.);
#3466 = EDGE_CURVE('',#2903,#1597,#3467,.T.);
#3467 = LINE('',#3468,#3469);
#3468 = CARTESIAN_POINT('',(50.064160627262,36.05,-29.50289477725));
#3469 = VECTOR('',#3470,1.);
#3470 = DIRECTION('',(-0.496322595704,0.,-0.868138169299));
#3471 = ORIENTED_EDGE('',*,*,#2910,.F.);
#3472 = ORIENTED_EDGE('',*,*,#1596,.F.);
#3473 = PLANE('',#3474);
#3474 = AXIS2_PLACEMENT_3D('',#3475,#3476,#3477);
#3475 = CARTESIAN_POINT('',(-6.485370308585,36.05,-26.03472629086));
#3476 = DIRECTION('',(0.,1.,0.));
#3477 = DIRECTION('',(0.,0.,1.));
#3478 = ADVANCED_FACE('',(#3479),#3491,.F.);
#3479 = FACE_BOUND('',#3480,.F.);
#3480 = EDGE_LOOP('',(#3481,#3482,#3489,#3490));
#3481 = ORIENTED_EDGE('',*,*,#1604,.F.);
#3482 = ORIENTED_EDGE('',*,*,#3483,.T.);
#3483 = EDGE_CURVE('',#1605,#2895,#3484,.T.);
#3484 = ELLIPSE('',#3485,1.007409302636,0.500000000021);
#3485 = AXIS2_PLACEMENT_3D('',#3486,#3487,#3488);
#3486 = CARTESIAN_POINT('',(60.999999999972,-39.24999999997,
    -10.37457046773));
#3487 = DIRECTION('',(-0.868138169299,1.1E-16,0.496322595704));
#3488 = DIRECTION('',(0.496322595704,-6.E-17,0.868138169299));
#3489 = ORIENTED_EDGE('',*,*,#2902,.F.);
#3490 = ORIENTED_EDGE('',*,*,#3466,.T.);
#3491 = PLANE('',#3492);
#3492 = AXIS2_PLACEMENT_3D('',#3493,#3494,#3495);
#3493 = CARTESIAN_POINT('',(62.5,-40.75,-7.750859064622));
#3494 = DIRECTION('',(-0.868138169299,1.1E-16,0.496322595704));
#3495 = DIRECTION('',(-0.496322595704,-1.9E-16,-0.868138169299));
#3496 = ADVANCED_FACE('',(#3497),#3530,.T.);
#3497 = FACE_BOUND('',#3498,.T.);
#3498 = EDGE_LOOP('',(#3499,#3507,#3508,#3516,#3522,#3523,#3524));
#3499 = ORIENTED_EDGE('',*,*,#3500,.F.);
#3500 = EDGE_CURVE('',#1993,#3501,#3503,.T.);
#3501 = VERTEX_POINT('',#3502);
#3502 = CARTESIAN_POINT('',(60.999999999971,-39.74999999999,2.5));
#3503 = LINE('',#3504,#3505);
#3504 = CARTESIAN_POINT('',(-60.99999999997,-39.74999999999,2.5));
#3505 = VECTOR('',#3506,1.);
#3506 = DIRECTION('',(1.,0.,0.));
#3507 = ORIENTED_EDGE('',*,*,#1992,.T.);
#3508 = ORIENTED_EDGE('',*,*,#3509,.F.);
#3509 = EDGE_CURVE('',#3510,#1984,#3512,.T.);
#3510 = VERTEX_POINT('',#3511);
#3511 = CARTESIAN_POINT('',(-56.3025784152,-39.75,-17.));
#3512 = LINE('',#3513,#3514);
#3513 = CARTESIAN_POINT('',(-56.3025784152,-39.75,-17.));
#3514 = VECTOR('',#3515,1.);
#3515 = DIRECTION('',(-0.292371704723,0.,0.956304755963));
#3516 = ORIENTED_EDGE('',*,*,#3517,.F.);
#3517 = EDGE_CURVE('',#3030,#3510,#3518,.T.);
#3518 = LINE('',#3519,#3520);
#3519 = CARTESIAN_POINT('',(-49.25916979427,-39.75,-70.5));
#3520 = VECTOR('',#3521,1.);
#3521 = DIRECTION('',(-0.13052619222,0.,0.991444861374));
#3522 = ORIENTED_EDGE('',*,*,#3029,.F.);
#3523 = ORIENTED_EDGE('',*,*,#1612,.T.);
#3524 = ORIENTED_EDGE('',*,*,#3525,.T.);
#3525 = EDGE_CURVE('',#1605,#3501,#3526,.T.);
#3526 = LINE('',#3527,#3528);
#3527 = CARTESIAN_POINT('',(60.999999999971,-39.74999999999,0.));
#3528 = VECTOR('',#3529,1.);
#3529 = DIRECTION('',(0.,0.,1.));
#3530 = PLANE('',#3531);
#3531 = AXIS2_PLACEMENT_3D('',#3532,#3533,#3534);
#3532 = CARTESIAN_POINT('',(-6.460604596556,-39.74999999999,
    -24.82778616014));
#3533 = DIRECTION('',(-5.68E-15,-1.,8.594E-14));
#3534 = DIRECTION('',(0.,-8.594E-14,-1.));
#3535 = ADVANCED_FACE('',(#3536,#3592,#3662),#3682,.T.);
#3536 = FACE_BOUND('',#3537,.T.);
#3537 = EDGE_LOOP('',(#3538,#3549,#3557,#3565,#3571,#3572,#3573,#3574,
    #3575,#3576,#3577,#3586));
#3538 = ORIENTED_EDGE('',*,*,#3539,.T.);
#3539 = EDGE_CURVE('',#3540,#3542,#3544,.T.);
#3540 = VERTEX_POINT('',#3541);
#3541 = CARTESIAN_POINT('',(60.999999999972,-39.42529620339,3.));
#3542 = VERTEX_POINT('',#3543);
#3543 = CARTESIAN_POINT('',(61.175296203394,-39.24999999997,3.));
#3544 = CIRCLE('',#3545,0.175296203422);
#3545 = AXIS2_PLACEMENT_3D('',#3546,#3547,#3548);
#3546 = CARTESIAN_POINT('',(60.999999999972,-39.24999999997,3.));
#3547 = DIRECTION('',(0.,0.,1.));
#3548 = DIRECTION('',(1.,0.,0.));
#3549 = ORIENTED_EDGE('',*,*,#3550,.T.);
#3550 = EDGE_CURVE('',#3542,#3551,#3553,.T.);
#3551 = VERTEX_POINT('',#3552);
#3552 = CARTESIAN_POINT('',(61.175296203394,39.249999999972,3.));
#3553 = LINE('',#3554,#3555);
#3554 = CARTESIAN_POINT('',(61.175296203394,-39.24999999997,3.));
#3555 = VECTOR('',#3556,1.);
#3556 = DIRECTION('',(0.,1.,0.));
#3557 = ORIENTED_EDGE('',*,*,#3558,.T.);
#3558 = EDGE_CURVE('',#3551,#3559,#3561,.T.);
#3559 = VERTEX_POINT('',#3560);
#3560 = CARTESIAN_POINT('',(61.175296203394,40.750000000028,3.));
#3561 = LINE('',#3562,#3563);
#3562 = CARTESIAN_POINT('',(61.175296203401,38.75,3.));
#3563 = VECTOR('',#3564,1.);
#3564 = DIRECTION('',(0.,1.,0.));
#3565 = ORIENTED_EDGE('',*,*,#3566,.T.);
#3566 = EDGE_CURVE('',#3559,#2974,#3567,.T.);
#3567 = LINE('',#3568,#3569);
#3568 = CARTESIAN_POINT('',(61.175296203394,40.750000000029,3.));
#3569 = VECTOR('',#3570,1.);
#3570 = DIRECTION('',(0.,1.,0.));
#3571 = ORIENTED_EDGE('',*,*,#2973,.T.);
#3572 = ORIENTED_EDGE('',*,*,#1634,.T.);
#3573 = ORIENTED_EDGE('',*,*,#1663,.T.);
#3574 = ORIENTED_EDGE('',*,*,#1779,.T.);
#3575 = ORIENTED_EDGE('',*,*,#1765,.T.);
#3576 = ORIENTED_EDGE('',*,*,#1727,.T.);
#3577 = ORIENTED_EDGE('',*,*,#3578,.T.);
#3578 = EDGE_CURVE('',#1730,#3579,#3581,.T.);
#3579 = VERTEX_POINT('',#3580);
#3580 = CARTESIAN_POINT('',(-60.99999999997,-39.42529620339,3.));
#3581 = CIRCLE('',#3582,0.175296203422);
#3582 = AXIS2_PLACEMENT_3D('',#3583,#3584,#3585);
#3583 = CARTESIAN_POINT('',(-60.99999999997,-39.24999999997,3.));
#3584 = DIRECTION('',(0.,0.,1.));
#3585 = DIRECTION('',(1.,0.,0.));
#3586 = ORIENTED_EDGE('',*,*,#3587,.T.);
#3587 = EDGE_CURVE('',#3579,#3540,#3588,.T.);
#3588 = LINE('',#3589,#3590);
#3589 = CARTESIAN_POINT('',(-60.99999999997,-39.42529620339,3.));
#3590 = VECTOR('',#3591,1.);
#3591 = DIRECTION('',(1.,0.,0.));
#3592 = FACE_BOUND('',#3593,.T.);
#3593 = EDGE_LOOP('',(#3594,#3605,#3613,#3622,#3630,#3639,#3647,#3656));
#3594 = ORIENTED_EDGE('',*,*,#3595,.T.);
#3595 = EDGE_CURVE('',#3596,#3598,#3600,.T.);
#3596 = VERTEX_POINT('',#3597);
#3597 = CARTESIAN_POINT('',(51.641666666667,-32.5,3.));
#3598 = VERTEX_POINT('',#3599);
#3599 = CARTESIAN_POINT('',(48.5,-35.64166666666,3.));
#3600 = CIRCLE('',#3601,3.141666666667);
#3601 = AXIS2_PLACEMENT_3D('',#3602,#3603,#3604);
#3602 = CARTESIAN_POINT('',(48.5,-32.5,3.));
#3603 = DIRECTION('',(0.,0.,-1.));
#3604 = DIRECTION('',(1.,0.,0.));
#3605 = ORIENTED_EDGE('',*,*,#3606,.T.);
#3606 = EDGE_CURVE('',#3598,#3607,#3609,.T.);
#3607 = VERTEX_POINT('',#3608);
#3608 = CARTESIAN_POINT('',(-38.5,-35.64166666666,3.));
#3609 = LINE('',#3610,#3611);
#3610 = CARTESIAN_POINT('',(-19.25,-35.64166666666,3.));
#3611 = VECTOR('',#3612,1.);
#3612 = DIRECTION('',(-1.,0.,0.));
#3613 = ORIENTED_EDGE('',*,*,#3614,.T.);
#3614 = EDGE_CURVE('',#3607,#3615,#3617,.T.);
#3615 = VERTEX_POINT('',#3616);
#3616 = CARTESIAN_POINT('',(-41.64166666666,-32.5,3.));
#3617 = CIRCLE('',#3618,3.141666666667);
#3618 = AXIS2_PLACEMENT_3D('',#3619,#3620,#3621);
#3619 = CARTESIAN_POINT('',(-38.5,-32.5,3.));
#3620 = DIRECTION('',(0.,0.,-1.));
#3621 = DIRECTION('',(1.,0.,0.));
#3622 = ORIENTED_EDGE('',*,*,#3623,.T.);
#3623 = EDGE_CURVE('',#3615,#3624,#3626,.T.);
#3624 = VERTEX_POINT('',#3625);
#3625 = CARTESIAN_POINT('',(-41.64166666666,32.5,3.));
#3626 = LINE('',#3627,#3628);
#3627 = CARTESIAN_POINT('',(-41.64166666666,36.25,3.));
#3628 = VECTOR('',#3629,1.);
#3629 = DIRECTION('',(0.,1.,0.));
#3630 = ORIENTED_EDGE('',*,*,#3631,.T.);
#3631 = EDGE_CURVE('',#3624,#3632,#3634,.T.);
#3632 = VERTEX_POINT('',#3633);
#3633 = CARTESIAN_POINT('',(-38.5,35.641666666667,3.));
#3634 = CIRCLE('',#3635,3.141666666667);
#3635 = AXIS2_PLACEMENT_3D('',#3636,#3637,#3638);
#3636 = CARTESIAN_POINT('',(-38.5,32.5,3.));
#3637 = DIRECTION('',(0.,0.,-1.));
#3638 = DIRECTION('',(1.,0.,0.));
#3639 = ORIENTED_EDGE('',*,*,#3640,.T.);
#3640 = EDGE_CURVE('',#3632,#3641,#3643,.T.);
#3641 = VERTEX_POINT('',#3642);
#3642 = CARTESIAN_POINT('',(48.5,35.641666666667,3.));
#3643 = LINE('',#3644,#3645);
#3644 = CARTESIAN_POINT('',(24.25,35.641666666667,3.));
#3645 = VECTOR('',#3646,1.);
#3646 = DIRECTION('',(1.,0.,0.));
#3647 = ORIENTED_EDGE('',*,*,#3648,.T.);
#3648 = EDGE_CURVE('',#3641,#3649,#3651,.T.);
#3649 = VERTEX_POINT('',#3650);
#3650 = CARTESIAN_POINT('',(51.641666666667,32.5,3.));
#3651 = CIRCLE('',#3652,3.141666666667);
#3652 = AXIS2_PLACEMENT_3D('',#3653,#3654,#3655);
#3653 = CARTESIAN_POINT('',(48.5,32.5,3.));
#3654 = DIRECTION('',(0.,0.,-1.));
#3655 = DIRECTION('',(1.,0.,0.));
#3656 = ORIENTED_EDGE('',*,*,#3657,.T.);
#3657 = EDGE_CURVE('',#3649,#3596,#3658,.T.);
#3658 = LINE('',#3659,#3660);
#3659 = CARTESIAN_POINT('',(51.641666666667,3.75,3.));
#3660 = VECTOR('',#3661,1.);
#3661 = DIRECTION('',(0.,-1.,0.));
#3662 = FACE_BOUND('',#3663,.T.);
#3663 = EDGE_LOOP('',(#3664,#3665,#3666,#3667,#3673,#3674,#3675,#3676));
#3664 = ORIENTED_EDGE('',*,*,#2380,.T.);
#3665 = ORIENTED_EDGE('',*,*,#2357,.T.);
#3666 = ORIENTED_EDGE('',*,*,#2332,.T.);
#3667 = ORIENTED_EDGE('',*,*,#3668,.T.);
#3668 = EDGE_CURVE('',#2326,#2219,#3669,.T.);
#3669 = LINE('',#3670,#3671);
#3670 = CARTESIAN_POINT('',(-41.64166666666,76.25,3.));
#3671 = VECTOR('',#3672,1.);
#3672 = DIRECTION('',(0.,1.,0.));
#3673 = ORIENTED_EDGE('',*,*,#2218,.T.);
#3674 = ORIENTED_EDGE('',*,*,#2195,.T.);
#3675 = ORIENTED_EDGE('',*,*,#2170,.T.);
#3676 = ORIENTED_EDGE('',*,*,#3677,.T.);
#3677 = EDGE_CURVE('',#2164,#2381,#3678,.T.);
#3678 = LINE('',#3679,#3680);
#3679 = CARTESIAN_POINT('',(51.641666666667,43.75,3.));
#3680 = VECTOR('',#3681,1.);
#3681 = DIRECTION('',(0.,-1.,0.));
#3682 = PLANE('',#3683);
#3683 = AXIS2_PLACEMENT_3D('',#3684,#3685,#3686);
#3684 = CARTESIAN_POINT('',(1.62E-15,40.,3.));
#3685 = DIRECTION('',(0.,0.,1.));
#3686 = DIRECTION('',(1.,0.,0.));
#3687 = ADVANCED_FACE('',(#3688),#3698,.T.);
#3688 = FACE_BOUND('',#3689,.T.);
#3689 = EDGE_LOOP('',(#3690,#3691,#3696,#3697));
#3690 = ORIENTED_EDGE('',*,*,#2000,.T.);
#3691 = ORIENTED_EDGE('',*,*,#3692,.T.);
#3692 = EDGE_CURVE('',#1993,#3579,#3693,.T.);
#3693 = B_SPLINE_CURVE_WITH_KNOTS('',1,(#3694,#3695),.UNSPECIFIED.,.F.,
  .F.,(2,2),(0.,1.),.PIECEWISE_BEZIER_KNOTS.);
#3694 = CARTESIAN_POINT('',(-60.99999999997,-39.74999999999,2.5));
#3695 = CARTESIAN_POINT('',(-60.99999999997,-39.42529620339,3.));
#3696 = ORIENTED_EDGE('',*,*,#3578,.F.);
#3697 = ORIENTED_EDGE('',*,*,#1743,.F.);
#3698 = CONICAL_SURFACE('',#3699,0.500000000021,0.575958653158);
#3699 = AXIS2_PLACEMENT_3D('',#3700,#3701,#3702);
#3700 = CARTESIAN_POINT('',(-60.99999999997,-39.24999999997,2.5));
#3701 = DIRECTION('',(-0.,-0.,-1.));
#3702 = DIRECTION('',(1.,0.,0.));
#3703 = ADVANCED_FACE('',(#3704),#3724,.T.);
#3704 = FACE_BOUND('',#3705,.T.);
#3705 = EDGE_LOOP('',(#3706,#3714,#3721,#3722,#3723));
#3706 = ORIENTED_EDGE('',*,*,#3707,.F.);
#3707 = EDGE_CURVE('',#3708,#2839,#3710,.T.);
#3708 = VERTEX_POINT('',#3709);
#3709 = CARTESIAN_POINT('',(-54.52341360856,32.15,-2.297564147492));
#3710 = LINE('',#3711,#3712);
#3711 = CARTESIAN_POINT('',(-54.52341360856,36.15,-2.297564147492));
#3712 = VECTOR('',#3713,1.);
#3713 = DIRECTION('',(0.,-1.,2.2E-16));
#3714 = ORIENTED_EDGE('',*,*,#3715,.T.);
#3715 = EDGE_CURVE('',#3708,#1948,#3716,.T.);
#3716 = ELLIPSE('',#3717,4.530280202756,4.);
#3717 = AXIS2_PLACEMENT_3D('',#3718,#3719,#3720);
#3718 = CARTESIAN_POINT('',(-51.32002175652,32.15,0.905827704552));
#3719 = DIRECTION('',(0.707106781187,-1.6E-16,-0.707106781187));
#3720 = DIRECTION('',(0.707106781187,-1.2E-15,0.707106781187));
#3721 = ORIENTED_EDGE('',*,*,#1956,.T.);
#3722 = ORIENTED_EDGE('',*,*,#2798,.T.);
#3723 = ORIENTED_EDGE('',*,*,#2846,.T.);
#3724 = PLANE('',#3725);
#3725 = AXIS2_PLACEMENT_3D('',#3726,#3727,#3728);
#3726 = CARTESIAN_POINT('',(-51.72584946107,36.15,0.5));
#3727 = DIRECTION('',(0.707106781187,-1.6E-16,-0.707106781187));
#3728 = DIRECTION('',(-0.707106781187,-1.6E-16,-0.707106781187));
#3729 = ADVANCED_FACE('',(#3730),#3750,.F.);
#3730 = FACE_BOUND('',#3731,.T.);
#3731 = EDGE_LOOP('',(#3732,#3740,#3747,#3748,#3749));
#3732 = ORIENTED_EDGE('',*,*,#3733,.F.);
#3733 = EDGE_CURVE('',#3734,#3708,#3736,.T.);
#3734 = VERTEX_POINT('',#3735);
#3735 = CARTESIAN_POINT('',(-50.02842787628,32.15,-17.));
#3736 = LINE('',#3737,#3738);
#3737 = CARTESIAN_POINT('',(-50.02842787628,32.15,-17.));
#3738 = VECTOR('',#3739,1.);
#3739 = DIRECTION('',(-0.292371704723,-4.2E-16,0.956304755963));
#3740 = ORIENTED_EDGE('',*,*,#3741,.T.);
#3741 = EDGE_CURVE('',#3734,#3334,#3742,.T.);
#3742 = ELLIPSE('',#3743,4.5727381155,4.);
#3743 = AXIS2_PLACEMENT_3D('',#3744,#3745,#3746);
#3744 = CARTESIAN_POINT('',(-45.55536079404,32.15,-17.94952869926));
#3745 = DIRECTION('',(-0.207649918994,4.3E-16,-0.978203205444));
#3746 = DIRECTION('',(-0.978203205444,-9.E-17,0.207649918994));
#3747 = ORIENTED_EDGE('',*,*,#3341,.T.);
#3748 = ORIENTED_EDGE('',*,*,#1947,.T.);
#3749 = ORIENTED_EDGE('',*,*,#3715,.F.);
#3750 = CYLINDRICAL_SURFACE('',#3751,4.);
#3751 = AXIS2_PLACEMENT_3D('',#3752,#3753,#3754);
#3752 = CARTESIAN_POINT('',(-46.20320885242,32.15,-15.8305131811));
#3753 = DIRECTION('',(-0.292371704723,-4.2E-16,0.956304755963));
#3754 = DIRECTION('',(-0.956304755963,-6.E-17,-0.292371704723));
#3755 = ADVANCED_FACE('',(#3756),#3796,.T.);
#3756 = FACE_BOUND('',#3757,.T.);
#3757 = EDGE_LOOP('',(#3758,#3766,#3767,#3768,#3774,#3775,#3781,#3782,
    #3790));
#3758 = ORIENTED_EDGE('',*,*,#3759,.T.);
#3759 = EDGE_CURVE('',#3760,#1923,#3762,.T.);
#3760 = VERTEX_POINT('',#3761);
#3761 = CARTESIAN_POINT('',(51.5,32.,2.5));
#3762 = LINE('',#3763,#3764);
#3763 = CARTESIAN_POINT('',(51.5,32.,2.5));
#3764 = VECTOR('',#3765,1.);
#3765 = DIRECTION('',(-0.,-0.,-1.));
#3766 = ORIENTED_EDGE('',*,*,#1931,.T.);
#3767 = ORIENTED_EDGE('',*,*,#3348,.T.);
#3768 = ORIENTED_EDGE('',*,*,#3769,.T.);
#3769 = EDGE_CURVE('',#3349,#3085,#3770,.T.);
#3770 = LINE('',#3771,#3772);
#3771 = CARTESIAN_POINT('',(51.5,37.15,-1.));
#3772 = VECTOR('',#3773,1.);
#3773 = DIRECTION('',(0.,-1.,2.2E-16));
#3774 = ORIENTED_EDGE('',*,*,#3084,.T.);
#3775 = ORIENTED_EDGE('',*,*,#3776,.T.);
#3776 = EDGE_CURVE('',#3077,#1856,#3777,.T.);
#3777 = LINE('',#3778,#3779);
#3778 = CARTESIAN_POINT('',(51.5,-17.3875,17.9125));
#3779 = VECTOR('',#3780,1.);
#3780 = DIRECTION('',(0.,0.707106781187,0.707106781187));
#3781 = ORIENTED_EDGE('',*,*,#1863,.T.);
#3782 = ORIENTED_EDGE('',*,*,#3783,.F.);
#3783 = EDGE_CURVE('',#3784,#1864,#3786,.T.);
#3784 = VERTEX_POINT('',#3785);
#3785 = CARTESIAN_POINT('',(51.5,-32.,2.5));
#3786 = LINE('',#3787,#3788);
#3787 = CARTESIAN_POINT('',(51.5,-32.,0.));
#3788 = VECTOR('',#3789,1.);
#3789 = DIRECTION('',(-0.,-0.,-1.));
#3790 = ORIENTED_EDGE('',*,*,#3791,.T.);
#3791 = EDGE_CURVE('',#3784,#3760,#3792,.T.);
#3792 = LINE('',#3793,#3794);
#3793 = CARTESIAN_POINT('',(51.5,-32.,2.5));
#3794 = VECTOR('',#3795,1.);
#3795 = DIRECTION('',(0.,1.,0.));
#3796 = PLANE('',#3797);
#3797 = AXIS2_PLACEMENT_3D('',#3798,#3799,#3800);
#3798 = CARTESIAN_POINT('',(51.5,-4.08313683628E-02,0.571530075422));
#3799 = DIRECTION('',(-1.,-0.,-0.));
#3800 = DIRECTION('',(0.,0.,-1.));
#3801 = ADVANCED_FACE('',(#3802),#3840,.F.);
#3802 = FACE_BOUND('',#3803,.F.);
#3803 = EDGE_LOOP('',(#3804,#3812,#3831,#3838,#3839));
#3804 = ORIENTED_EDGE('',*,*,#3805,.F.);
#3805 = EDGE_CURVE('',#3806,#1915,#3808,.T.);
#3806 = VERTEX_POINT('',#3807);
#3807 = CARTESIAN_POINT('',(48.5,35.,1.9));
#3808 = LINE('',#3809,#3810);
#3809 = CARTESIAN_POINT('',(48.5,35.,0.));
#3810 = VECTOR('',#3811,1.);
#3811 = DIRECTION('',(-0.,-0.,-1.));
#3812 = ORIENTED_EDGE('',*,*,#3813,.F.);
#3813 = EDGE_CURVE('',#3814,#3806,#3816,.T.);
#3814 = VERTEX_POINT('',#3815);
#3815 = CARTESIAN_POINT('',(51.280061824852,33.1275,2.5));
#3816 = B_SPLINE_CURVE_WITH_KNOTS('',7,(#3817,#3818,#3819,#3820,#3821,
    #3822,#3823,#3824,#3825,#3826,#3827,#3828,#3829,#3830),
  .UNSPECIFIED.,.F.,.F.,(8,6,8),(0.,0.522278745721,1.),.UNSPECIFIED.);
#3817 = CARTESIAN_POINT('',(51.280062633956,33.127498005,2.5000006));
#3818 = CARTESIAN_POINT('',(51.184384193579,33.363411554991,
    2.429049165107));
#3819 = CARTESIAN_POINT('',(51.065115775144,33.590429610654,
    2.359570967088));
#3820 = CARTESIAN_POINT('',(50.922926995842,33.806311252121,
    2.292329806145));
#3821 = CARTESIAN_POINT('',(50.758626476672,34.008600070657,
    2.228229255093));
#3822 = CARTESIAN_POINT('',(50.573336505466,34.194725292216,
    2.168297225365));
#3823 = CARTESIAN_POINT('',(50.368545315015,34.362034648207,
    2.113674897494));
#3824 = CARTESIAN_POINT('',(49.943039911215,34.641355967131,
    2.021468662963));
#3825 = CARTESIAN_POINT('',(49.725048144858,34.756950759375,
    1.98280129164));
#3826 = CARTESIAN_POINT('',(49.494298065107,34.852394034057,
    1.950501469696));
#3827 = CARTESIAN_POINT('',(49.253225695466,34.925686242098,
    1.925479166184));
#3828 = CARTESIAN_POINT('',(49.004745765419,34.9752433077,1.908487970858
    ));
#3829 = CARTESIAN_POINT('',(48.752308059362,35.,1.9));
#3830 = CARTESIAN_POINT('',(48.5,35.,1.9));
#3831 = ORIENTED_EDGE('',*,*,#3832,.F.);
#3832 = EDGE_CURVE('',#3760,#3814,#3833,.T.);
#3833 = CIRCLE('',#3834,3.);
#3834 = AXIS2_PLACEMENT_3D('',#3835,#3836,#3837);
#3835 = CARTESIAN_POINT('',(48.5,32.,2.5));
#3836 = DIRECTION('',(0.,0.,1.));
#3837 = DIRECTION('',(1.,0.,0.));
#3838 = ORIENTED_EDGE('',*,*,#3759,.T.);
#3839 = ORIENTED_EDGE('',*,*,#1922,.T.);
#3840 = CYLINDRICAL_SURFACE('',#3841,3.);
#3841 = AXIS2_PLACEMENT_3D('',#3842,#3843,#3844);
#3842 = CARTESIAN_POINT('',(48.5,32.,2.5));
#3843 = DIRECTION('',(0.,0.,1.));
#3844 = DIRECTION('',(1.,0.,0.));
#3845 = ADVANCED_FACE('',(#3846),#3864,.T.);
#3846 = FACE_BOUND('',#3847,.T.);
#3847 = EDGE_LOOP('',(#3848,#3849,#3857,#3863));
#3848 = ORIENTED_EDGE('',*,*,#3805,.F.);
#3849 = ORIENTED_EDGE('',*,*,#3850,.T.);
#3850 = EDGE_CURVE('',#3806,#3851,#3853,.T.);
#3851 = VERTEX_POINT('',#3852);
#3852 = CARTESIAN_POINT('',(-38.5,35.,1.9));
#3853 = LINE('',#3854,#3855);
#3854 = CARTESIAN_POINT('',(48.5,35.,1.9));
#3855 = VECTOR('',#3856,1.);
#3856 = DIRECTION('',(-1.,0.,0.));
#3857 = ORIENTED_EDGE('',*,*,#3858,.T.);
#3858 = EDGE_CURVE('',#3851,#1906,#3859,.T.);
#3859 = LINE('',#3860,#3861);
#3860 = CARTESIAN_POINT('',(-38.5,35.,2.5));
#3861 = VECTOR('',#3862,1.);
#3862 = DIRECTION('',(-0.,-0.,-1.));
#3863 = ORIENTED_EDGE('',*,*,#1914,.F.);
#3864 = PLANE('',#3865);
#3865 = AXIS2_PLACEMENT_3D('',#3866,#3867,#3868);
#3866 = CARTESIAN_POINT('',(5.,35.,0.85));
#3867 = DIRECTION('',(-0.,-1.,-0.));
#3868 = DIRECTION('',(0.,0.,-1.));
#3869 = ADVANCED_FACE('',(#3870),#3908,.F.);
#3870 = FACE_BOUND('',#3871,.F.);
#3871 = EDGE_LOOP('',(#3872,#3880,#3889,#3906,#3907));
#3872 = ORIENTED_EDGE('',*,*,#3873,.F.);
#3873 = EDGE_CURVE('',#3874,#1898,#3876,.T.);
#3874 = VERTEX_POINT('',#3875);
#3875 = CARTESIAN_POINT('',(-41.5,32.,2.5));
#3876 = LINE('',#3877,#3878);
#3877 = CARTESIAN_POINT('',(-41.5,32.,0.));
#3878 = VECTOR('',#3879,1.);
#3879 = DIRECTION('',(-0.,-0.,-1.));
#3880 = ORIENTED_EDGE('',*,*,#3881,.F.);
#3881 = EDGE_CURVE('',#3882,#3874,#3884,.T.);
#3882 = VERTEX_POINT('',#3883);
#3883 = CARTESIAN_POINT('',(-41.28006182485,33.1275,2.5));
#3884 = CIRCLE('',#3885,3.);
#3885 = AXIS2_PLACEMENT_3D('',#3886,#3887,#3888);
#3886 = CARTESIAN_POINT('',(-38.5,32.,2.5));
#3887 = DIRECTION('',(0.,0.,1.));
#3888 = DIRECTION('',(1.,0.,0.));
#3889 = ORIENTED_EDGE('',*,*,#3890,.F.);
#3890 = EDGE_CURVE('',#3851,#3882,#3891,.T.);
#3891 = B_SPLINE_CURVE_WITH_KNOTS('',7,(#3892,#3893,#3894,#3895,#3896,
    #3897,#3898,#3899,#3900,#3901,#3902,#3903,#3904,#3905),
  .UNSPECIFIED.,.F.,.F.,(8,6,8),(0.,0.479104158449,1.),.UNSPECIFIED.);
#3892 = CARTESIAN_POINT('',(-38.5,35.,1.9));
#3893 = CARTESIAN_POINT('',(-38.75303871131,35.,1.9));
#3894 = CARTESIAN_POINT('',(-39.00620807547,34.97509971089,
    1.908537203007));
#3895 = CARTESIAN_POINT('',(-39.2553840119,34.925255011587,
    1.925627021191));
#3896 = CARTESIAN_POINT('',(-39.49708874578,34.851544089661,
    1.950791636168));
#3897 = CARTESIAN_POINT('',(-39.72838606568,34.755567923426,
    1.983269250424));
#3898 = CARTESIAN_POINT('',(-39.94682403007,34.639346307377,
    2.022140870017));
#3899 = CARTESIAN_POINT('',(-40.37179970975,34.359372409513,
    2.114543966844));
#3900 = CARTESIAN_POINT('',(-40.57579042929,34.192257682521,
    2.169091720434));
#3901 = CARTESIAN_POINT('',(-40.76036713092,34.006455125669,
    2.228908885646));
#3902 = CARTESIAN_POINT('',(-40.92405671946,33.804594944754,
    2.292864359419));
#3903 = CARTESIAN_POINT('',(-41.06574757932,33.58922666385,
    2.359939117052));
#3904 = CARTESIAN_POINT('',(-41.18463769286,33.362786503861,
    2.429237150386));
#3905 = CARTESIAN_POINT('',(-41.28006263395,33.127498005,2.5000006));
#3906 = ORIENTED_EDGE('',*,*,#3858,.T.);
#3907 = ORIENTED_EDGE('',*,*,#1905,.T.);
#3908 = CYLINDRICAL_SURFACE('',#3909,3.);
#3909 = AXIS2_PLACEMENT_3D('',#3910,#3911,#3912);
#3910 = CARTESIAN_POINT('',(-38.5,32.,2.5));
#3911 = DIRECTION('',(0.,0.,1.));
#3912 = DIRECTION('',(1.,0.,0.));
#3913 = ADVANCED_FACE('',(#3914),#3932,.T.);
#3914 = FACE_BOUND('',#3915,.T.);
#3915 = EDGE_LOOP('',(#3916,#3924,#3930,#3931));
#3916 = ORIENTED_EDGE('',*,*,#3917,.T.);
#3917 = EDGE_CURVE('',#3874,#3918,#3920,.T.);
#3918 = VERTEX_POINT('',#3919);
#3919 = CARTESIAN_POINT('',(-41.5,-32.,2.5));
#3920 = LINE('',#3921,#3922);
#3921 = CARTESIAN_POINT('',(-41.5,32.,2.5));
#3922 = VECTOR('',#3923,1.);
#3923 = DIRECTION('',(0.,-1.,0.));
#3924 = ORIENTED_EDGE('',*,*,#3925,.T.);
#3925 = EDGE_CURVE('',#3918,#1889,#3926,.T.);
#3926 = LINE('',#3927,#3928);
#3927 = CARTESIAN_POINT('',(-41.5,-32.,2.5));
#3928 = VECTOR('',#3929,1.);
#3929 = DIRECTION('',(-0.,-0.,-1.));
#3930 = ORIENTED_EDGE('',*,*,#1897,.F.);
#3931 = ORIENTED_EDGE('',*,*,#3873,.F.);
#3932 = PLANE('',#3933);
#3933 = AXIS2_PLACEMENT_3D('',#3934,#3935,#3936);
#3934 = CARTESIAN_POINT('',(-41.5,-1.6E-16,0.85));
#3935 = DIRECTION('',(1.,0.,0.));
#3936 = DIRECTION('',(0.,0.,1.));
#3937 = ADVANCED_FACE('',(#3938),#3976,.F.);
#3938 = FACE_BOUND('',#3939,.F.);
#3939 = EDGE_LOOP('',(#3940,#3948,#3967,#3974,#3975));
#3940 = ORIENTED_EDGE('',*,*,#3941,.F.);
#3941 = EDGE_CURVE('',#3942,#1881,#3944,.T.);
#3942 = VERTEX_POINT('',#3943);
#3943 = CARTESIAN_POINT('',(-38.5,-35.,1.9));
#3944 = LINE('',#3945,#3946);
#3945 = CARTESIAN_POINT('',(-38.5,-35.,0.));
#3946 = VECTOR('',#3947,1.);
#3947 = DIRECTION('',(-0.,-0.,-1.));
#3948 = ORIENTED_EDGE('',*,*,#3949,.F.);
#3949 = EDGE_CURVE('',#3950,#3942,#3952,.T.);
#3950 = VERTEX_POINT('',#3951);
#3951 = CARTESIAN_POINT('',(-41.28006182485,-33.1275,2.5));
#3952 = B_SPLINE_CURVE_WITH_KNOTS('',7,(#3953,#3954,#3955,#3956,#3957,
    #3958,#3959,#3960,#3961,#3962,#3963,#3964,#3965,#3966),
  .UNSPECIFIED.,.F.,.F.,(8,6,8),(0.,0.521676578123,1.),.UNSPECIFIED.);
#3953 = CARTESIAN_POINT('',(-41.28006263395,-33.127498005,2.5000006));
#3954 = CARTESIAN_POINT('',(-41.1844945716,-33.36313939679,
    2.429131017185));
#3955 = CARTESIAN_POINT('',(-41.06539091489,-33.58990584081,
    2.359731263814));
#3956 = CARTESIAN_POINT('',(-40.92341901801,-33.80556399542,
    2.292562549661));
#3957 = CARTESIAN_POINT('',(-40.75938462279,-34.00766625662,
    2.228525148188));
#3958 = CARTESIAN_POINT('',(-40.57440536094,-34.19365111808,
    2.168643094557));
#3959 = CARTESIAN_POINT('',(-40.36996285991,-34.36087593384,
    2.114053173349));
#3960 = CARTESIAN_POINT('',(-39.94468799983,-34.64048153577,
    2.021761161295));
#3961 = CARTESIAN_POINT('',(-39.72650176465,-34.75634909745,
    1.983004901647));
#3962 = CARTESIAN_POINT('',(-39.49551327868,-34.85202424457,
    1.95062771477));
#3963 = CARTESIAN_POINT('',(-39.25416549284,-34.92549863007,
    1.925543492274));
#3964 = CARTESIAN_POINT('',(-39.00538248077,-34.97518083421,
    1.908509389888));
#3965 = CARTESIAN_POINT('',(-38.75262619787,-35.,1.9));
#3966 = CARTESIAN_POINT('',(-38.5,-35.,1.9));
#3967 = ORIENTED_EDGE('',*,*,#3968,.F.);
#3968 = EDGE_CURVE('',#3918,#3950,#3969,.T.);
#3969 = CIRCLE('',#3970,3.);
#3970 = AXIS2_PLACEMENT_3D('',#3971,#3972,#3973);
#3971 = CARTESIAN_POINT('',(-38.5,-32.,2.5));
#3972 = DIRECTION('',(0.,0.,1.));
#3973 = DIRECTION('',(1.,0.,0.));
#3974 = ORIENTED_EDGE('',*,*,#3925,.T.);
#3975 = ORIENTED_EDGE('',*,*,#1888,.T.);
#3976 = CYLINDRICAL_SURFACE('',#3977,3.);
#3977 = AXIS2_PLACEMENT_3D('',#3978,#3979,#3980);
#3978 = CARTESIAN_POINT('',(-38.5,-32.,2.5));
#3979 = DIRECTION('',(0.,0.,1.));
#3980 = DIRECTION('',(1.,0.,0.));
#3981 = ADVANCED_FACE('',(#3982),#4000,.T.);
#3982 = FACE_BOUND('',#3983,.T.);
#3983 = EDGE_LOOP('',(#3984,#3985,#3993,#3999));
#3984 = ORIENTED_EDGE('',*,*,#3941,.F.);
#3985 = ORIENTED_EDGE('',*,*,#3986,.T.);
#3986 = EDGE_CURVE('',#3942,#3987,#3989,.T.);
#3987 = VERTEX_POINT('',#3988);
#3988 = CARTESIAN_POINT('',(48.5,-35.,1.9));
#3989 = LINE('',#3990,#3991);
#3990 = CARTESIAN_POINT('',(-38.5,-35.,1.9));
#3991 = VECTOR('',#3992,1.);
#3992 = DIRECTION('',(1.,0.,0.));
#3993 = ORIENTED_EDGE('',*,*,#3994,.T.);
#3994 = EDGE_CURVE('',#3987,#1872,#3995,.T.);
#3995 = LINE('',#3996,#3997);
#3996 = CARTESIAN_POINT('',(48.5,-35.,2.5));
#3997 = VECTOR('',#3998,1.);
#3998 = DIRECTION('',(-0.,-0.,-1.));
#3999 = ORIENTED_EDGE('',*,*,#1880,.F.);
#4000 = PLANE('',#4001);
#4001 = AXIS2_PLACEMENT_3D('',#4002,#4003,#4004);
#4002 = CARTESIAN_POINT('',(5.,-35.,0.85));
#4003 = DIRECTION('',(0.,1.,0.));
#4004 = DIRECTION('',(0.,0.,1.));
#4005 = ADVANCED_FACE('',(#4006),#4041,.F.);
#4006 = FACE_BOUND('',#4007,.F.);
#4007 = EDGE_LOOP('',(#4008,#4009,#4018,#4039,#4040));
#4008 = ORIENTED_EDGE('',*,*,#3783,.F.);
#4009 = ORIENTED_EDGE('',*,*,#4010,.F.);
#4010 = EDGE_CURVE('',#4011,#3784,#4013,.T.);
#4011 = VERTEX_POINT('',#4012);
#4012 = CARTESIAN_POINT('',(51.280061824852,-33.1275,2.5));
#4013 = CIRCLE('',#4014,3.);
#4014 = AXIS2_PLACEMENT_3D('',#4015,#4016,#4017);
#4015 = CARTESIAN_POINT('',(48.5,-32.,2.5));
#4016 = DIRECTION('',(0.,0.,1.));
#4017 = DIRECTION('',(1.,0.,0.));
#4018 = ORIENTED_EDGE('',*,*,#4019,.F.);
#4019 = EDGE_CURVE('',#3987,#4011,#4020,.T.);
#4020 = B_SPLINE_CURVE_WITH_KNOTS('',5,(#4021,#4022,#4023,#4024,#4025,
    #4026,#4027,#4028,#4029,#4030,#4031,#4032,#4033,#4034,#4035,#4036,
    #4037,#4038),.UNSPECIFIED.,.F.,.F.,(6,4,4,4,6),(0.,0.237302155807,
    0.478603094669,0.736793564643,1.),.UNSPECIFIED.);
#4021 = CARTESIAN_POINT('',(48.5,-35.,1.9));
#4022 = CARTESIAN_POINT('',(48.675411343416,-35.,1.9));
#4023 = CARTESIAN_POINT('',(48.850841100945,-34.98717883976,
    1.904395667557));
#4024 = CARTESIAN_POINT('',(49.024638647844,-34.96153559719,
    1.913188359688));
#4025 = CARTESIAN_POINT('',(49.195305139339,-34.92346620393,
    1.926193485096));
#4026 = CARTESIAN_POINT('',(49.530499249256,-34.82297684899,
    1.960303891955));
#4027 = CARTESIAN_POINT('',(49.694898818864,-34.76015023738,
    1.981544590197));
#4028 = CARTESIAN_POINT('',(49.853336726819,-34.68585451366,
    2.006512440021));
#4029 = CARTESIAN_POINT('',(50.004785820683,-34.60099743339,
    2.034794571458));
#4030 = CARTESIAN_POINT('',(50.302177328295,-34.40541241681,
    2.09935203893));
#4031 = CARTESIAN_POINT('',(50.446994315891,-34.29328845686,
    2.136048660518));
#4032 = CARTESIAN_POINT('',(50.581967708119,-34.17126618594,
    2.175574376015));
#4033 = CARTESIAN_POINT('',(50.706453487984,-34.04049504654,
    2.217440440511));
#4034 = CARTESIAN_POINT('',(50.935691828045,-33.76088614507,
    2.305854367446));
#4035 = CARTESIAN_POINT('',(51.040008200296,-33.61175434758,
    2.352474907765));
#4036 = CARTESIAN_POINT('',(51.132416805089,-33.45575980442,
    2.400633806452));
#4037 = CARTESIAN_POINT('',(51.212537781086,-33.29399348392,
    2.449926777902));
#4038 = CARTESIAN_POINT('',(51.280062633956,-33.127498005,2.5000006));
#4039 = ORIENTED_EDGE('',*,*,#3994,.T.);
#4040 = ORIENTED_EDGE('',*,*,#1871,.T.);
#4041 = CYLINDRICAL_SURFACE('',#4042,3.);
#4042 = AXIS2_PLACEMENT_3D('',#4043,#4044,#4045);
#4043 = CARTESIAN_POINT('',(48.5,-32.,2.5));
#4044 = DIRECTION('',(0.,0.,1.));
#4045 = DIRECTION('',(1.,0.,0.));
#4046 = ADVANCED_FACE('',(#4047),#4059,.T.);
#4047 = FACE_BOUND('',#4048,.T.);
#4048 = EDGE_LOOP('',(#4049,#4050,#4051,#4052));
#4049 = ORIENTED_EDGE('',*,*,#1855,.T.);
#4050 = ORIENTED_EDGE('',*,*,#3776,.F.);
#4051 = ORIENTED_EDGE('',*,*,#3076,.T.);
#4052 = ORIENTED_EDGE('',*,*,#4053,.T.);
#4053 = EDGE_CURVE('',#3069,#1847,#4054,.T.);
#4054 = ELLIPSE('',#4055,5.915325856343,4.);
#4055 = AXIS2_PLACEMENT_3D('',#4056,#4057,#4058);
#4056 = CARTESIAN_POINT('',(-52.00613408172,-32.15,3.15));
#4057 = DIRECTION('',(-1.16240225351E-17,0.707106781187,-0.707106781187)
  );
#4058 = DIRECTION('',(-0.396861694172,0.649038055779,0.649038055779));
#4059 = PLANE('',#4060);
#4060 = AXIS2_PLACEMENT_3D('',#4061,#4062,#4063);
#4061 = CARTESIAN_POINT('',(-60.,-35.2,0.1));
#4062 = DIRECTION('',(0.,0.707106781187,-0.707106781187));
#4063 = DIRECTION('',(0.,-0.707106781187,-0.707106781187));
#4064 = ADVANCED_FACE('',(#4065),#4094,.F.);
#4065 = FACE_BOUND('',#4066,.T.);
#4066 = EDGE_LOOP('',(#4067,#4068,#4077,#4085,#4092,#4093));
#4067 = ORIENTED_EDGE('',*,*,#3068,.F.);
#4068 = ORIENTED_EDGE('',*,*,#4069,.T.);
#4069 = EDGE_CURVE('',#3061,#4070,#4072,.T.);
#4070 = VERTEX_POINT('',#4071);
#4071 = CARTESIAN_POINT('',(-50.02842787628,-32.15,-17.));
#4072 = ELLIPSE('',#4073,4.5727381155,4.);
#4073 = AXIS2_PLACEMENT_3D('',#4074,#4075,#4076);
#4074 = CARTESIAN_POINT('',(-45.55536079404,-32.15,-17.94952869926));
#4075 = DIRECTION('',(-0.207649918994,0.,-0.978203205444));
#4076 = DIRECTION('',(-0.978203205444,0.,0.207649918994));
#4077 = ORIENTED_EDGE('',*,*,#4078,.T.);
#4078 = EDGE_CURVE('',#4070,#4079,#4081,.T.);
#4079 = VERTEX_POINT('',#4080);
#4080 = CARTESIAN_POINT('',(-54.52341360856,-32.15,-2.297564147492));
#4081 = LINE('',#4082,#4083);
#4082 = CARTESIAN_POINT('',(-50.02842787628,-32.15,-17.));
#4083 = VECTOR('',#4084,1.);
#4084 = DIRECTION('',(-0.292371704723,0.,0.956304755963));
#4085 = ORIENTED_EDGE('',*,*,#4086,.F.);
#4086 = EDGE_CURVE('',#1839,#4079,#4087,.T.);
#4087 = ELLIPSE('',#4088,4.530280202756,4.);
#4088 = AXIS2_PLACEMENT_3D('',#4089,#4090,#4091);
#4089 = CARTESIAN_POINT('',(-51.32002175652,-32.15,0.905827704552));
#4090 = DIRECTION('',(0.707106781187,-1.6E-16,-0.707106781187));
#4091 = DIRECTION('',(0.707106781187,-3.E-16,0.707106781187));
#4092 = ORIENTED_EDGE('',*,*,#1846,.T.);
#4093 = ORIENTED_EDGE('',*,*,#4053,.F.);
#4094 = CYLINDRICAL_SURFACE('',#4095,4.);
#4095 = AXIS2_PLACEMENT_3D('',#4096,#4097,#4098);
#4096 = CARTESIAN_POINT('',(-46.20320885242,-32.15,-15.8305131811));
#4097 = DIRECTION('',(-0.292371704723,0.,0.956304755963));
#4098 = DIRECTION('',(0.,-1.,0.));
#4099 = ADVANCED_FACE('',(#4100),#4126,.T.);
#4100 = FACE_BOUND('',#4101,.T.);
#4101 = EDGE_LOOP('',(#4102,#4110,#4118,#4124,#4125));
#4102 = ORIENTED_EDGE('',*,*,#4103,.F.);
#4103 = EDGE_CURVE('',#4104,#4079,#4106,.T.);
#4104 = VERTEX_POINT('',#4105);
#4105 = CARTESIAN_POINT('',(-54.52341360856,-15.,-2.297564147492));
#4106 = LINE('',#4107,#4108);
#4107 = CARTESIAN_POINT('',(-54.52341360856,36.15,-2.297564147492));
#4108 = VECTOR('',#4109,1.);
#4109 = DIRECTION('',(0.,-1.,2.2E-16));
#4110 = ORIENTED_EDGE('',*,*,#4111,.T.);
#4111 = EDGE_CURVE('',#4104,#4112,#4114,.T.);
#4112 = VERTEX_POINT('',#4113);
#4113 = CARTESIAN_POINT('',(-54.22584946107,-15.,-2.));
#4114 = LINE('',#4115,#4116);
#4115 = CARTESIAN_POINT('',(-55.0443870958,-15.,-2.818537634731));
#4116 = VECTOR('',#4117,1.);
#4117 = DIRECTION('',(0.707106781187,0.,0.707106781187));
#4118 = ORIENTED_EDGE('',*,*,#4119,.T.);
#4119 = EDGE_CURVE('',#4112,#1831,#4120,.T.);
#4120 = LINE('',#4121,#4122);
#4121 = CARTESIAN_POINT('',(-45.57987455089,-6.35402508982,6.64597491018
    ));
#4122 = VECTOR('',#4123,1.);
#4123 = DIRECTION('',(0.57735026919,0.57735026919,0.57735026919));
#4124 = ORIENTED_EDGE('',*,*,#1838,.T.);
#4125 = ORIENTED_EDGE('',*,*,#4086,.T.);
#4126 = PLANE('',#4127);
#4127 = AXIS2_PLACEMENT_3D('',#4128,#4129,#4130);
#4128 = CARTESIAN_POINT('',(-51.72584946107,36.15,0.5));
#4129 = DIRECTION('',(0.707106781187,-1.6E-16,-0.707106781187));
#4130 = DIRECTION('',(-0.707106781187,-1.6E-16,-0.707106781187));
#4131 = ADVANCED_FACE('',(#4132),#4150,.T.);
#4132 = FACE_BOUND('',#4133,.T.);
#4133 = EDGE_LOOP('',(#4134,#4142,#4143,#4144));
#4134 = ORIENTED_EDGE('',*,*,#4135,.F.);
#4135 = EDGE_CURVE('',#1823,#4136,#4138,.T.);
#4136 = VERTEX_POINT('',#4137);
#4137 = CARTESIAN_POINT('',(-60.88853863707,-15.,-2.));
#4138 = LINE('',#4139,#4140);
#4139 = CARTESIAN_POINT('',(-61.79289978816,-12.04196796092,
    0.958032039079));
#4140 = VECTOR('',#4141,1.);
#4141 = DIRECTION('',(0.211302932281,-0.691140749345,-0.691140749345));
#4142 = ORIENTED_EDGE('',*,*,#1830,.T.);
#4143 = ORIENTED_EDGE('',*,*,#4119,.F.);
#4144 = ORIENTED_EDGE('',*,*,#4145,.F.);
#4145 = EDGE_CURVE('',#4136,#4112,#4146,.T.);
#4146 = LINE('',#4147,#4148);
#4147 = CARTESIAN_POINT('',(-62.5,-15.,-2.));
#4148 = VECTOR('',#4149,1.);
#4149 = DIRECTION('',(1.,0.,0.));
#4150 = PLANE('',#4151);
#4151 = AXIS2_PLACEMENT_3D('',#4152,#4153,#4154);
#4152 = CARTESIAN_POINT('',(-62.5,-13.,0.));
#4153 = DIRECTION('',(0.,0.707106781187,-0.707106781187));
#4154 = DIRECTION('',(0.,-0.707106781187,-0.707106781187));
#4155 = ADVANCED_FACE('',(#4156,#4176),#4203,.T.);
#4156 = FACE_BOUND('',#4157,.T.);
#4157 = EDGE_LOOP('',(#4158,#4159,#4160,#4168,#4174,#4175));
#4158 = ORIENTED_EDGE('',*,*,#1822,.T.);
#4159 = ORIENTED_EDGE('',*,*,#4135,.T.);
#4160 = ORIENTED_EDGE('',*,*,#4161,.T.);
#4161 = EDGE_CURVE('',#4136,#4162,#4164,.T.);
#4162 = VERTEX_POINT('',#4163);
#4163 = CARTESIAN_POINT('',(-56.3025784152,-15.,-17.));
#4164 = LINE('',#4165,#4166);
#4165 = CARTESIAN_POINT('',(-59.96378875892,-15.,-5.024720560409));
#4166 = VECTOR('',#4167,1.);
#4167 = DIRECTION('',(0.292371704722,0.,-0.956304755963));
#4168 = ORIENTED_EDGE('',*,*,#4169,.T.);
#4169 = EDGE_CURVE('',#4162,#3510,#4170,.T.);
#4170 = LINE('',#4171,#4172);
#4171 = CARTESIAN_POINT('',(-56.3025784152,39.75,-17.));
#4172 = VECTOR('',#4173,1.);
#4173 = DIRECTION('',(0.,-1.,2.2E-16));
#4174 = ORIENTED_EDGE('',*,*,#3509,.T.);
#4175 = ORIENTED_EDGE('',*,*,#1983,.T.);
#4176 = FACE_BOUND('',#4177,.T.);
#4177 = EDGE_LOOP('',(#4178,#4189,#4197));
#4178 = ORIENTED_EDGE('',*,*,#4179,.F.);
#4179 = EDGE_CURVE('',#4180,#4182,#4184,.T.);
#4180 = VERTEX_POINT('',#4181);
#4181 = CARTESIAN_POINT('',(-58.10884020047,-27.80213449743,
    -11.09198390998));
#4182 = VERTEX_POINT('',#4183);
#4183 = CARTESIAN_POINT('',(-58.10884020047,-24.19786550256,
    -11.09198390998));
#4184 = CIRCLE('',#4185,2.2);
#4185 = AXIS2_PLACEMENT_3D('',#4186,#4187,#4188);
#4186 = CARTESIAN_POINT('',(-58.47777474553,-26.,-9.885253387202));
#4187 = DIRECTION('',(-0.956304755963,-0.,-0.292371704723));
#4188 = DIRECTION('',(0.292371704723,0.,-0.956304755963));
#4189 = ORIENTED_EDGE('',*,*,#4190,.T.);
#4190 = EDGE_CURVE('',#4180,#4191,#4193,.T.);
#4191 = VERTEX_POINT('',#4192);
#4192 = CARTESIAN_POINT('',(-57.35635881973,-26.,-13.55323960452));
#4193 = LINE('',#4194,#4195);
#4194 = CARTESIAN_POINT('',(-56.46512446778,-23.86556290685,
    -16.46833581828));
#4195 = VECTOR('',#4196,1.);
#4196 = DIRECTION('',(0.239496879616,0.573576436351,-0.78335899581));
#4197 = ORIENTED_EDGE('',*,*,#4198,.T.);
#4198 = EDGE_CURVE('',#4191,#4182,#4199,.T.);
#4199 = LINE('',#4200,#4201);
#4200 = CARTESIAN_POINT('',(-59.66049771232,-20.48176620509,
    -6.01674087434));
#4201 = VECTOR('',#4202,1.);
#4202 = DIRECTION('',(-0.239496879616,0.573576436351,0.78335899581));
#4203 = PLANE('',#4204);
#4204 = AXIS2_PLACEMENT_3D('',#4205,#4206,#4207);
#4205 = CARTESIAN_POINT('',(-58.90128920759,-4.2E-15,-8.5));
#4206 = DIRECTION('',(-0.956304755963,-0.,-0.292371704722));
#4207 = DIRECTION('',(0.292371704722,0.,-0.956304755963));
#4208 = ADVANCED_FACE('',(#4209),#4215,.F.);
#4209 = FACE_BOUND('',#4210,.F.);
#4210 = EDGE_LOOP('',(#4211,#4212,#4213,#4214));
#4211 = ORIENTED_EDGE('',*,*,#2658,.T.);
#4212 = ORIENTED_EDGE('',*,*,#3406,.T.);
#4213 = ORIENTED_EDGE('',*,*,#2049,.F.);
#4214 = ORIENTED_EDGE('',*,*,#2672,.F.);
#4215 = PLANE('',#4216);
#4216 = AXIS2_PLACEMENT_3D('',#4217,#4218,#4219);
#4217 = CARTESIAN_POINT('',(-60.,115.2,9.999999999999E-02));
#4218 = DIRECTION('',(0.,0.707106781187,0.707106781187));
#4219 = DIRECTION('',(0.,0.707106781187,-0.707106781187));
#4220 = ADVANCED_FACE('',(#4221),#4229,.T.);
#4221 = FACE_BOUND('',#4222,.T.);
#4222 = EDGE_LOOP('',(#4223,#4224,#4225,#4226,#4227,#4228));
#4223 = ORIENTED_EDGE('',*,*,#2389,.F.);
#4224 = ORIENTED_EDGE('',*,*,#3677,.F.);
#4225 = ORIENTED_EDGE('',*,*,#2163,.T.);
#4226 = ORIENTED_EDGE('',*,*,#2148,.T.);
#4227 = ORIENTED_EDGE('',*,*,#2121,.T.);
#4228 = ORIENTED_EDGE('',*,*,#2419,.T.);
#4229 = PLANE('',#4230);
#4230 = AXIS2_PLACEMENT_3D('',#4231,#4232,#4233);
#4231 = CARTESIAN_POINT('',(51.,47.5,1.9));
#4232 = DIRECTION('',(-0.863778900898,0.,0.503871025524));
#4233 = DIRECTION('',(0.,1.,0.));
#4234 = ADVANCED_FACE('',(#4235),#4243,.T.);
#4235 = FACE_BOUND('',#4236,.T.);
#4236 = EDGE_LOOP('',(#4237,#4238,#4239,#4240,#4241,#4242));
#4237 = ORIENTED_EDGE('',*,*,#2227,.F.);
#4238 = ORIENTED_EDGE('',*,*,#3668,.F.);
#4239 = ORIENTED_EDGE('',*,*,#2325,.T.);
#4240 = ORIENTED_EDGE('',*,*,#2310,.T.);
#4241 = ORIENTED_EDGE('',*,*,#2284,.T.);
#4242 = ORIENTED_EDGE('',*,*,#2260,.T.);
#4243 = PLANE('',#4244);
#4244 = AXIS2_PLACEMENT_3D('',#4245,#4246,#4247);
#4245 = CARTESIAN_POINT('',(-41.,112.5,1.9));
#4246 = DIRECTION('',(0.863778900898,0.,0.503871025524));
#4247 = DIRECTION('',(0.,-1.,0.));
#4248 = ADVANCED_FACE('',(#4249),#4268,.F.);
#4249 = FACE_BOUND('',#4250,.T.);
#4250 = EDGE_LOOP('',(#4251,#4259,#4260,#4261));
#4251 = ORIENTED_EDGE('',*,*,#4252,.F.);
#4252 = EDGE_CURVE('',#2454,#4253,#4255,.T.);
#4253 = VERTEX_POINT('',#4254);
#4254 = CARTESIAN_POINT('',(-51.97320907139,32.15,-19.2396346966));
#4255 = LINE('',#4256,#4257);
#4256 = CARTESIAN_POINT('',(-45.22465395195,32.15,-70.5));
#4257 = VECTOR('',#4258,1.);
#4258 = DIRECTION('',(-0.13052619222,-4.4E-16,0.991444861374));
#4259 = ORIENTED_EDGE('',*,*,#2453,.T.);
#4260 = ORIENTED_EDGE('',*,*,#3325,.T.);
#4261 = ORIENTED_EDGE('',*,*,#4262,.F.);
#4262 = EDGE_CURVE('',#4253,#3326,#4263,.T.);
#4263 = ELLIPSE('',#4264,4.386580936551,4.);
#4264 = AXIS2_PLACEMENT_3D('',#4265,#4266,#4267);
#4265 = CARTESIAN_POINT('',(-47.77240663057,32.15,-20.50270681099));
#4266 = DIRECTION('',(-0.287939999892,4.3E-16,-0.957648451397));
#4267 = DIRECTION('',(0.957648451397,1.3E-16,-0.287939999892));
#4268 = CYLINDRICAL_SURFACE('',#4269,4.);
#4269 = AXIS2_PLACEMENT_3D('',#4270,#4271,#4272);
#4270 = CARTESIAN_POINT('',(-41.25887450646,32.15,-69.97789523112));
#4271 = DIRECTION('',(-0.13052619222,-4.4E-16,0.991444861374));
#4272 = DIRECTION('',(-0.991444861374,-3.E-17,-0.13052619222));
#4273 = ADVANCED_FACE('',(#4274),#4285,.T.);
#4274 = FACE_BOUND('',#4275,.T.);
#4275 = EDGE_LOOP('',(#4276,#4277,#4278,#4284));
#4276 = ORIENTED_EDGE('',*,*,#2462,.F.);
#4277 = ORIENTED_EDGE('',*,*,#4252,.T.);
#4278 = ORIENTED_EDGE('',*,*,#4279,.T.);
#4279 = EDGE_CURVE('',#4253,#2823,#4280,.T.);
#4280 = LINE('',#4281,#4282);
#4281 = CARTESIAN_POINT('',(-51.97320907139,39.75,-19.2396346966));
#4282 = VECTOR('',#4283,1.);
#4283 = DIRECTION('',(0.,-1.,2.2E-16));
#4284 = ORIENTED_EDGE('',*,*,#2822,.T.);
#4285 = PLANE('',#4286);
#4286 = AXIS2_PLACEMENT_3D('',#4287,#4288,#4289);
#4287 = CARTESIAN_POINT('',(-48.59893151167,23.575,-44.8698173483));
#4288 = DIRECTION('',(0.991444861374,2.7E-16,0.13052619222));
#4289 = DIRECTION('',(-0.13052619222,3.224052040783E-33,0.991444861374)
  );
#4290 = ADVANCED_FACE('',(#4291),#4302,.T.);
#4291 = FACE_BOUND('',#4292,.T.);
#4292 = EDGE_LOOP('',(#4293,#4294,#4295,#4301));
#4293 = ORIENTED_EDGE('',*,*,#2494,.F.);
#4294 = ORIENTED_EDGE('',*,*,#2768,.T.);
#4295 = ORIENTED_EDGE('',*,*,#4296,.T.);
#4296 = EDGE_CURVE('',#2761,#2692,#4297,.T.);
#4297 = LINE('',#4298,#4299);
#4298 = CARTESIAN_POINT('',(-51.97320907139,119.75,-19.2396346966));
#4299 = VECTOR('',#4300,1.);
#4300 = DIRECTION('',(0.,-1.,2.2E-16));
#4301 = ORIENTED_EDGE('',*,*,#2717,.F.);
#4302 = PLANE('',#4303);
#4303 = AXIS2_PLACEMENT_3D('',#4304,#4305,#4306);
#4304 = CARTESIAN_POINT('',(-48.59893151167,56.425,-44.8698173483));
#4305 = DIRECTION('',(0.991444861374,-4.E-16,0.13052619222));
#4306 = DIRECTION('',(-0.13052619222,-4.846228406484E-33,0.991444861374)
  );
#4307 = ADVANCED_FACE('',(#4308),#4314,.T.);
#4308 = FACE_BOUND('',#4309,.T.);
#4309 = EDGE_LOOP('',(#4310,#4311,#4312,#4313));
#4310 = ORIENTED_EDGE('',*,*,#4296,.F.);
#4311 = ORIENTED_EDGE('',*,*,#2760,.T.);
#4312 = ORIENTED_EDGE('',*,*,#2732,.T.);
#4313 = ORIENTED_EDGE('',*,*,#2700,.F.);
#4314 = PLANE('',#4315);
#4315 = AXIS2_PLACEMENT_3D('',#4316,#4317,#4318);
#4316 = CARTESIAN_POINT('',(-51.00081847383,56.425,-18.1198173483));
#4317 = DIRECTION('',(0.755060611109,-1.8E-16,-0.655654995826));
#4318 = DIRECTION('',(0.655654995826,1.921930504311E-32,0.755060611109)
  );
#4319 = ADVANCED_FACE('',(#4320),#4331,.T.);
#4320 = FACE_BOUND('',#4321,.T.);
#4321 = EDGE_LOOP('',(#4322,#4328,#4329,#4330));
#4322 = ORIENTED_EDGE('',*,*,#4323,.F.);
#4323 = EDGE_CURVE('',#3734,#2831,#4324,.T.);
#4324 = LINE('',#4325,#4326);
#4325 = CARTESIAN_POINT('',(-50.02842787628,39.75,-17.));
#4326 = VECTOR('',#4327,1.);
#4327 = DIRECTION('',(0.,-1.,2.2E-16));
#4328 = ORIENTED_EDGE('',*,*,#3733,.T.);
#4329 = ORIENTED_EDGE('',*,*,#3707,.T.);
#4330 = ORIENTED_EDGE('',*,*,#2838,.T.);
#4331 = PLANE('',#4332);
#4332 = AXIS2_PLACEMENT_3D('',#4333,#4334,#4335);
#4333 = CARTESIAN_POINT('',(-52.27592074242,23.575,-9.648782073746));
#4334 = DIRECTION('',(0.956304755963,2.3E-16,0.292371704723));
#4335 = DIRECTION('',(-0.292371704723,1.100691779487E-32,0.956304755963)
  );
#4336 = ADVANCED_FACE('',(#4337),#4348,.T.);
#4337 = FACE_BOUND('',#4338,.T.);
#4338 = EDGE_LOOP('',(#4339,#4340,#4346,#4347));
#4339 = ORIENTED_EDGE('',*,*,#4279,.F.);
#4340 = ORIENTED_EDGE('',*,*,#4341,.T.);
#4341 = EDGE_CURVE('',#4253,#3734,#4342,.T.);
#4342 = LINE('',#4343,#4344);
#4343 = CARTESIAN_POINT('',(-51.97320907139,32.15,-19.2396346966));
#4344 = VECTOR('',#4345,1.);
#4345 = DIRECTION('',(0.655654995826,-3.4E-16,0.755060611109));
#4346 = ORIENTED_EDGE('',*,*,#4323,.T.);
#4347 = ORIENTED_EDGE('',*,*,#2830,.T.);
#4348 = PLANE('',#4349);
#4349 = AXIS2_PLACEMENT_3D('',#4350,#4351,#4352);
#4350 = CARTESIAN_POINT('',(-51.00081847383,23.575,-18.1198173483));
#4351 = DIRECTION('',(0.755060611109,-1.6E-16,-0.655654995826));
#4352 = DIRECTION('',(0.655654995826,2.373671634094E-33,0.755060611109)
  );
#4353 = ADVANCED_FACE('',(#4354),#4368,.T.);
#4354 = FACE_BOUND('',#4355,.T.);
#4355 = EDGE_LOOP('',(#4356,#4361,#4362,#4367));
#4356 = ORIENTED_EDGE('',*,*,#4357,.F.);
#4357 = EDGE_CURVE('',#2885,#3542,#4358,.T.);
#4358 = B_SPLINE_CURVE_WITH_KNOTS('',1,(#4359,#4360),.UNSPECIFIED.,.F.,
  .F.,(2,2),(0.,1.),.PIECEWISE_BEZIER_KNOTS.);
#4359 = CARTESIAN_POINT('',(61.499999999992,-39.24999999997,2.5));
#4360 = CARTESIAN_POINT('',(61.175296203394,-39.24999999997,3.));
#4361 = ORIENTED_EDGE('',*,*,#2884,.T.);
#4362 = ORIENTED_EDGE('',*,*,#4363,.T.);
#4363 = EDGE_CURVE('',#2887,#3551,#4364,.T.);
#4364 = B_SPLINE_CURVE_WITH_KNOTS('',1,(#4365,#4366),.UNSPECIFIED.,.F.,
  .F.,(2,2),(0.,1.),.PIECEWISE_BEZIER_KNOTS.);
#4365 = CARTESIAN_POINT('',(61.499999999992,39.249999999971,2.5));
#4366 = CARTESIAN_POINT('',(61.175296203394,39.249999999972,3.));
#4367 = ORIENTED_EDGE('',*,*,#3550,.F.);
#4368 = PLANE('',#4369);
#4369 = AXIS2_PLACEMENT_3D('',#4370,#4371,#4372);
#4370 = CARTESIAN_POINT('',(61.337648101693,-2.87E-15,2.75));
#4371 = DIRECTION('',(0.838670567945,0.,0.544639035015));
#4372 = DIRECTION('',(-0.544639035015,0.,0.838670567945));
#4373 = ADVANCED_FACE('',(#4374),#4386,.T.);
#4374 = FACE_BOUND('',#4375,.T.);
#4375 = EDGE_LOOP('',(#4376,#4377,#4378,#4385));
#4376 = ORIENTED_EDGE('',*,*,#3483,.T.);
#4377 = ORIENTED_EDGE('',*,*,#2894,.F.);
#4378 = ORIENTED_EDGE('',*,*,#4379,.F.);
#4379 = EDGE_CURVE('',#3501,#2885,#4380,.T.);
#4380 = CIRCLE('',#4381,0.500000000021);
#4381 = AXIS2_PLACEMENT_3D('',#4382,#4383,#4384);
#4382 = CARTESIAN_POINT('',(60.999999999972,-39.24999999997,2.5));
#4383 = DIRECTION('',(0.,0.,1.));
#4384 = DIRECTION('',(1.,0.,0.));
#4385 = ORIENTED_EDGE('',*,*,#3525,.F.);
#4386 = CYLINDRICAL_SURFACE('',#4387,0.500000000021);
#4387 = AXIS2_PLACEMENT_3D('',#4388,#4389,#4390);
#4388 = CARTESIAN_POINT('',(60.999999999972,-39.24999999997,2.5));
#4389 = DIRECTION('',(0.,0.,1.));
#4390 = DIRECTION('',(1.,0.,0.));
#4391 = ADVANCED_FACE('',(#4392),#4402,.T.);
#4392 = FACE_BOUND('',#4393,.T.);
#4393 = EDGE_LOOP('',(#4394,#4399,#4400,#4401));
#4394 = ORIENTED_EDGE('',*,*,#4395,.F.);
#4395 = EDGE_CURVE('',#2933,#3559,#4396,.T.);
#4396 = B_SPLINE_CURVE_WITH_KNOTS('',1,(#4397,#4398),.UNSPECIFIED.,.F.,
  .F.,(2,2),(0.,1.),.PIECEWISE_BEZIER_KNOTS.);
#4397 = CARTESIAN_POINT('',(61.499999999992,40.750000000029,2.5));
#4398 = CARTESIAN_POINT('',(61.175296203394,40.750000000028,3.));
#4399 = ORIENTED_EDGE('',*,*,#2932,.T.);
#4400 = ORIENTED_EDGE('',*,*,#2982,.T.);
#4401 = ORIENTED_EDGE('',*,*,#3566,.F.);
#4402 = PLANE('',#4403);
#4403 = AXIS2_PLACEMENT_3D('',#4404,#4405,#4406);
#4404 = CARTESIAN_POINT('',(61.337648101693,80.,2.75));
#4405 = DIRECTION('',(0.838670567945,0.,0.544639035015));
#4406 = DIRECTION('',(-0.544639035015,0.,0.838670567945));
#4407 = ADVANCED_FACE('',(#4408),#4414,.T.);
#4408 = FACE_BOUND('',#4409,.T.);
#4409 = EDGE_LOOP('',(#4410,#4411,#4412,#4413));
#4410 = ORIENTED_EDGE('',*,*,#4363,.F.);
#4411 = ORIENTED_EDGE('',*,*,#2940,.T.);
#4412 = ORIENTED_EDGE('',*,*,#4395,.T.);
#4413 = ORIENTED_EDGE('',*,*,#3558,.F.);
#4414 = B_SPLINE_SURFACE_WITH_KNOTS('',1,1,(
    (#4415,#4416)
    ,(#4417,#4418
    )),.UNSPECIFIED.,.F.,.F.,.F.,(2,2),(2,2),(0.,2.5),(0.,1.),
  .PIECEWISE_BEZIER_KNOTS.);
#4415 = CARTESIAN_POINT('',(61.5,38.75,2.5));
#4416 = CARTESIAN_POINT('',(61.175296203401,39.074703796599,3.));
#4417 = CARTESIAN_POINT('',(61.5,41.25,2.5));
#4418 = CARTESIAN_POINT('',(61.175296203401,40.925296203401,3.));
#4419 = ADVANCED_FACE('',(#4420),#4454,.T.);
#4420 = FACE_BOUND('',#4421,.T.);
#4421 = EDGE_LOOP('',(#4422,#4423,#4424,#4425,#4433,#4441,#4447,#4448));
#4422 = ORIENTED_EDGE('',*,*,#4161,.F.);
#4423 = ORIENTED_EDGE('',*,*,#4145,.T.);
#4424 = ORIENTED_EDGE('',*,*,#4111,.F.);
#4425 = ORIENTED_EDGE('',*,*,#4426,.F.);
#4426 = EDGE_CURVE('',#4427,#4104,#4429,.T.);
#4427 = VERTEX_POINT('',#4428);
#4428 = CARTESIAN_POINT('',(-50.02842787628,-15.,-17.));
#4429 = LINE('',#4430,#4431);
#4430 = CARTESIAN_POINT('',(-55.25715461777,-15.,0.102394553758));
#4431 = VECTOR('',#4432,1.);
#4432 = DIRECTION('',(-0.292371704723,0.,0.956304755963));
#4433 = ORIENTED_EDGE('',*,*,#4434,.F.);
#4434 = EDGE_CURVE('',#4435,#4427,#4437,.T.);
#4435 = VERTEX_POINT('',#4436);
#4436 = CARTESIAN_POINT('',(-51.97320907139,-15.,-19.2396346966));
#4437 = LINE('',#4438,#4439);
#4438 = CARTESIAN_POINT('',(-48.99614478519,-15.,-15.81120969632));
#4439 = VECTOR('',#4440,1.);
#4440 = DIRECTION('',(0.655654995826,0.,0.755060611109));
#4441 = ORIENTED_EDGE('',*,*,#4442,.F.);
#4442 = EDGE_CURVE('',#2998,#4435,#4443,.T.);
#4443 = LINE('',#4444,#4445);
#4444 = CARTESIAN_POINT('',(-53.17836844459,-15.,-10.0855404311));
#4445 = VECTOR('',#4446,1.);
#4446 = DIRECTION('',(-0.13052619222,0.,0.991444861374));
#4447 = ORIENTED_EDGE('',*,*,#2995,.F.);
#4448 = ORIENTED_EDGE('',*,*,#4449,.F.);
#4449 = EDGE_CURVE('',#4162,#2996,#4450,.T.);
#4450 = LINE('',#4451,#4452);
#4451 = CARTESIAN_POINT('',(-55.56509068401,-15.,-22.60177546724));
#4452 = VECTOR('',#4453,1.);
#4453 = DIRECTION('',(0.13052619222,0.,-0.991444861374));
#4454 = PLANE('',#4455);
#4455 = AXIS2_PLACEMENT_3D('',#4456,#4457,#4458);
#4456 = CARTESIAN_POINT('',(-62.5,-15.,-2.));
#4457 = DIRECTION('',(0.,1.,0.));
#4458 = DIRECTION('',(0.,0.,-1.));
#4459 = ADVANCED_FACE('',(#4460),#4466,.T.);
#4460 = FACE_BOUND('',#4461,.T.);
#4461 = EDGE_LOOP('',(#4462,#4463,#4464,#4465));
#4462 = ORIENTED_EDGE('',*,*,#4169,.F.);
#4463 = ORIENTED_EDGE('',*,*,#4449,.T.);
#4464 = ORIENTED_EDGE('',*,*,#3037,.T.);
#4465 = ORIENTED_EDGE('',*,*,#3517,.T.);
#4466 = PLANE('',#4467);
#4467 = AXIS2_PLACEMENT_3D('',#4468,#4469,#4470);
#4468 = CARTESIAN_POINT('',(-52.78087410474,-1.022E-14,-43.75));
#4469 = DIRECTION('',(-0.991444861374,-0.,-0.13052619222));
#4470 = DIRECTION('',(0.13052619222,0.,-0.991444861374));
#4471 = ADVANCED_FACE('',(#4472),#4491,.F.);
#4472 = FACE_BOUND('',#4473,.T.);
#4473 = EDGE_LOOP('',(#4474,#4475,#4483,#4490));
#4474 = ORIENTED_EDGE('',*,*,#3013,.T.);
#4475 = ORIENTED_EDGE('',*,*,#4476,.T.);
#4476 = EDGE_CURVE('',#3006,#4477,#4479,.T.);
#4477 = VERTEX_POINT('',#4478);
#4478 = CARTESIAN_POINT('',(-51.97320907139,-32.15,-19.2396346966));
#4479 = LINE('',#4480,#4481);
#4480 = CARTESIAN_POINT('',(-45.22465395195,-32.15,-70.5));
#4481 = VECTOR('',#4482,1.);
#4482 = DIRECTION('',(-0.13052619222,0.,0.991444861374));
#4483 = ORIENTED_EDGE('',*,*,#4484,.F.);
#4484 = EDGE_CURVE('',#3053,#4477,#4485,.T.);
#4485 = ELLIPSE('',#4486,4.386580936551,4.);
#4486 = AXIS2_PLACEMENT_3D('',#4487,#4488,#4489);
#4487 = CARTESIAN_POINT('',(-47.77240663057,-32.15,-20.50270681099));
#4488 = DIRECTION('',(-0.287939999892,-0.,-0.957648451397));
#4489 = DIRECTION('',(0.957648451397,0.,-0.287939999892));
#4490 = ORIENTED_EDGE('',*,*,#3052,.F.);
#4491 = CYLINDRICAL_SURFACE('',#4492,4.);
#4492 = AXIS2_PLACEMENT_3D('',#4493,#4494,#4495);
#4493 = CARTESIAN_POINT('',(-41.25887450646,-32.15,-69.97789523112));
#4494 = DIRECTION('',(-0.13052619222,0.,0.991444861374));
#4495 = DIRECTION('',(0.,-1.,0.));
#4496 = ADVANCED_FACE('',(#4497),#4508,.T.);
#4497 = FACE_BOUND('',#4498,.T.);
#4498 = EDGE_LOOP('',(#4499,#4500,#4501,#4507));
#4499 = ORIENTED_EDGE('',*,*,#3005,.F.);
#4500 = ORIENTED_EDGE('',*,*,#4442,.T.);
#4501 = ORIENTED_EDGE('',*,*,#4502,.T.);
#4502 = EDGE_CURVE('',#4435,#4477,#4503,.T.);
#4503 = LINE('',#4504,#4505);
#4504 = CARTESIAN_POINT('',(-51.97320907139,39.75,-19.2396346966));
#4505 = VECTOR('',#4506,1.);
#4506 = DIRECTION('',(0.,-1.,2.2E-16));
#4507 = ORIENTED_EDGE('',*,*,#4476,.F.);
#4508 = PLANE('',#4509);
#4509 = AXIS2_PLACEMENT_3D('',#4510,#4511,#4512);
#4510 = CARTESIAN_POINT('',(-51.97320907139,39.75,-19.2396346966));
#4511 = DIRECTION('',(0.991444861374,3.E-17,0.13052619222));
#4512 = DIRECTION('',(0.13052619222,-2.2E-16,-0.991444861374));
#4513 = ADVANCED_FACE('',(#4514),#4532,.T.);
#4514 = FACE_BOUND('',#4515,.T.);
#4515 = EDGE_LOOP('',(#4516,#4524,#4525,#4526));
#4516 = ORIENTED_EDGE('',*,*,#4517,.T.);
#4517 = EDGE_CURVE('',#4518,#3138,#4520,.T.);
#4518 = VERTEX_POINT('',#4519);
#4519 = CARTESIAN_POINT('',(53.5,-36.1,-0.8));
#4520 = LINE('',#4521,#4522);
#4521 = CARTESIAN_POINT('',(-28.89396674183,-36.1,-0.8));
#4522 = VECTOR('',#4523,1.);
#4523 = DIRECTION('',(1.,0.,0.));
#4524 = ORIENTED_EDGE('',*,*,#3164,.T.);
#4525 = ORIENTED_EDGE('',*,*,#3108,.T.);
#4526 = ORIENTED_EDGE('',*,*,#4527,.F.);
#4527 = EDGE_CURVE('',#4518,#3101,#4528,.T.);
#4528 = LINE('',#4529,#4530);
#4529 = CARTESIAN_POINT('',(47.225,-42.375,-7.075));
#4530 = VECTOR('',#4531,1.);
#4531 = DIRECTION('',(-0.57735026919,-0.57735026919,-0.57735026919));
#4532 = PLANE('',#4533);
#4533 = AXIS2_PLACEMENT_3D('',#4534,#4535,#4536);
#4534 = CARTESIAN_POINT('',(-60.,-35.2,0.1));
#4535 = DIRECTION('',(0.,0.707106781187,-0.707106781187));
#4536 = DIRECTION('',(0.,-0.707106781187,-0.707106781187));
#4537 = ADVANCED_FACE('',(#4538),#4555,.T.);
#4538 = FACE_BOUND('',#4539,.T.);
#4539 = EDGE_LOOP('',(#4540,#4541,#4547,#4548,#4549));
#4540 = ORIENTED_EDGE('',*,*,#3364,.T.);
#4541 = ORIENTED_EDGE('',*,*,#4542,.T.);
#4542 = EDGE_CURVE('',#3365,#4518,#4543,.T.);
#4543 = LINE('',#4544,#4545);
#4544 = CARTESIAN_POINT('',(53.5,18.575,-0.8));
#4545 = VECTOR('',#4546,1.);
#4546 = DIRECTION('',(-2.2E-16,-1.,0.));
#4547 = ORIENTED_EDGE('',*,*,#4527,.T.);
#4548 = ORIENTED_EDGE('',*,*,#3100,.T.);
#4549 = ORIENTED_EDGE('',*,*,#4550,.F.);
#4550 = EDGE_CURVE('',#3357,#3093,#4551,.T.);
#4551 = LINE('',#4552,#4553);
#4552 = CARTESIAN_POINT('',(53.3,37.15,-1.));
#4553 = VECTOR('',#4554,1.);
#4554 = DIRECTION('',(0.,-1.,2.2E-16));
#4555 = PLANE('',#4556);
#4556 = AXIS2_PLACEMENT_3D('',#4557,#4558,#4559);
#4557 = CARTESIAN_POINT('',(53.9,37.15,-0.4));
#4558 = DIRECTION('',(0.707106781187,-1.6E-16,-0.707106781187));
#4559 = DIRECTION('',(-0.707106781187,-1.6E-16,-0.707106781187));
#4560 = ADVANCED_FACE('',(#4561),#4567,.T.);
#4561 = FACE_BOUND('',#4562,.T.);
#4562 = EDGE_LOOP('',(#4563,#4564,#4565,#4566));
#4563 = ORIENTED_EDGE('',*,*,#3356,.T.);
#4564 = ORIENTED_EDGE('',*,*,#4550,.T.);
#4565 = ORIENTED_EDGE('',*,*,#3092,.T.);
#4566 = ORIENTED_EDGE('',*,*,#3769,.F.);
#4567 = PLANE('',#4568);
#4568 = AXIS2_PLACEMENT_3D('',#4569,#4570,#4571);
#4569 = CARTESIAN_POINT('',(53.3,37.15,-1.));
#4570 = DIRECTION('',(-0.,-2.2E-16,-1.));
#4571 = DIRECTION('',(-1.,0.,0.));
#4572 = ADVANCED_FACE('',(#4573),#4584,.F.);
#4573 = FACE_BOUND('',#4574,.T.);
#4574 = EDGE_LOOP('',(#4575,#4576,#4582,#4583));
#4575 = ORIENTED_EDGE('',*,*,#4484,.T.);
#4576 = ORIENTED_EDGE('',*,*,#4577,.T.);
#4577 = EDGE_CURVE('',#4477,#4070,#4578,.T.);
#4578 = LINE('',#4579,#4580);
#4579 = CARTESIAN_POINT('',(-51.97320907139,-32.15,-19.2396346966));
#4580 = VECTOR('',#4581,1.);
#4581 = DIRECTION('',(0.655654995826,0.,0.755060611109));
#4582 = ORIENTED_EDGE('',*,*,#4069,.F.);
#4583 = ORIENTED_EDGE('',*,*,#3060,.F.);
#4584 = CYLINDRICAL_SURFACE('',#4585,4.);
#4585 = AXIS2_PLACEMENT_3D('',#4586,#4587,#4588);
#4586 = CARTESIAN_POINT('',(-48.95296662695,-32.15,-21.8622546799));
#4587 = DIRECTION('',(0.655654995826,0.,0.755060611109));
#4588 = DIRECTION('',(0.,-1.,0.));
#4589 = ADVANCED_FACE('',(#4590),#4598,.F.);
#4590 = FACE_BOUND('',#4591,.F.);
#4591 = EDGE_LOOP('',(#4592,#4593,#4594,#4595,#4596,#4597));
#4592 = ORIENTED_EDGE('',*,*,#4517,.T.);
#4593 = ORIENTED_EDGE('',*,*,#3137,.T.);
#4594 = ORIENTED_EDGE('',*,*,#3220,.T.);
#4595 = ORIENTED_EDGE('',*,*,#3236,.F.);
#4596 = ORIENTED_EDGE('',*,*,#3372,.F.);
#4597 = ORIENTED_EDGE('',*,*,#4542,.T.);
#4598 = PLANE('',#4599);
#4599 = AXIS2_PLACEMENT_3D('',#4600,#4601,#4602);
#4600 = CARTESIAN_POINT('',(2.212066516339,-4.1657E-13,-0.8));
#4601 = DIRECTION('',(0.,0.,1.));
#4602 = DIRECTION('',(1.,0.,0.));
#4603 = ADVANCED_FACE('',(#4604),#4610,.F.);
#4604 = FACE_BOUND('',#4605,.T.);
#4605 = EDGE_LOOP('',(#4606,#4607,#4608,#4609));
#4606 = ORIENTED_EDGE('',*,*,#4341,.F.);
#4607 = ORIENTED_EDGE('',*,*,#4262,.T.);
#4608 = ORIENTED_EDGE('',*,*,#3333,.T.);
#4609 = ORIENTED_EDGE('',*,*,#3741,.F.);
#4610 = CYLINDRICAL_SURFACE('',#4611,4.);
#4611 = AXIS2_PLACEMENT_3D('',#4612,#4613,#4614);
#4612 = CARTESIAN_POINT('',(-48.95296662695,32.15,-21.8622546799));
#4613 = DIRECTION('',(0.655654995826,-3.4E-16,0.755060611109));
#4614 = DIRECTION('',(-0.755060611109,1.5E-16,0.655654995826));
#4615 = ADVANCED_FACE('',(#4616),#4626,.T.);
#4616 = FACE_BOUND('',#4617,.T.);
#4617 = EDGE_LOOP('',(#4618,#4619,#4624,#4625));
#4618 = ORIENTED_EDGE('',*,*,#3500,.T.);
#4619 = ORIENTED_EDGE('',*,*,#4620,.T.);
#4620 = EDGE_CURVE('',#3501,#3540,#4621,.T.);
#4621 = B_SPLINE_CURVE_WITH_KNOTS('',1,(#4622,#4623),.UNSPECIFIED.,.F.,
  .F.,(2,2),(0.,1.),.PIECEWISE_BEZIER_KNOTS.);
#4622 = CARTESIAN_POINT('',(60.999999999971,-39.74999999999,2.5));
#4623 = CARTESIAN_POINT('',(60.999999999972,-39.42529620339,3.));
#4624 = ORIENTED_EDGE('',*,*,#3587,.F.);
#4625 = ORIENTED_EDGE('',*,*,#3692,.F.);
#4626 = PLANE('',#4627);
#4627 = AXIS2_PLACEMENT_3D('',#4628,#4629,#4630);
#4628 = CARTESIAN_POINT('',(-60.99999999997,-39.42529620339,3.));
#4629 = DIRECTION('',(0.,-0.838670567945,0.544639035015));
#4630 = DIRECTION('',(1.,0.,0.));
#4631 = ADVANCED_FACE('',(#4632),#4638,.T.);
#4632 = FACE_BOUND('',#4633,.T.);
#4633 = EDGE_LOOP('',(#4634,#4635,#4636,#4637));
#4634 = ORIENTED_EDGE('',*,*,#4379,.T.);
#4635 = ORIENTED_EDGE('',*,*,#4357,.T.);
#4636 = ORIENTED_EDGE('',*,*,#3539,.F.);
#4637 = ORIENTED_EDGE('',*,*,#4620,.F.);
#4638 = CONICAL_SURFACE('',#4639,0.500000000021,0.575958653158);
#4639 = AXIS2_PLACEMENT_3D('',#4640,#4641,#4642);
#4640 = CARTESIAN_POINT('',(60.999999999972,-39.24999999997,2.5));
#4641 = DIRECTION('',(-0.,-0.,-1.));
#4642 = DIRECTION('',(1.,0.,0.));
#4643 = ADVANCED_FACE('',(#4644),#4671,.F.);
#4644 = FACE_BOUND('',#4645,.T.);
#4645 = EDGE_LOOP('',(#4646,#4651,#4652,#4659,#4670));
#4646 = ORIENTED_EDGE('',*,*,#4647,.F.);
#4647 = EDGE_CURVE('',#3598,#3987,#4648,.T.);
#4648 = B_SPLINE_CURVE_WITH_KNOTS('',1,(#4649,#4650),.UNSPECIFIED.,.F.,
  .F.,(2,2),(0.,1.),.PIECEWISE_BEZIER_KNOTS.);
#4649 = CARTESIAN_POINT('',(48.5,-35.7,3.1));
#4650 = CARTESIAN_POINT('',(48.5,-35.,1.9));
#4651 = ORIENTED_EDGE('',*,*,#3595,.F.);
#4652 = ORIENTED_EDGE('',*,*,#4653,.T.);
#4653 = EDGE_CURVE('',#3596,#4654,#4656,.T.);
#4654 = VERTEX_POINT('',#4655);
#4655 = CARTESIAN_POINT('',(51.400737920183,-32.5,2.586979291742));
#4656 = B_SPLINE_CURVE_WITH_KNOTS('',1,(#4657,#4658),.UNSPECIFIED.,.F.,
  .F.,(2,2),(0.,1.),.PIECEWISE_BEZIER_KNOTS.);
#4657 = CARTESIAN_POINT('',(51.7,-32.5,3.1));
#4658 = CARTESIAN_POINT('',(51.,-32.5,1.9));
#4659 = ORIENTED_EDGE('',*,*,#4660,.F.);
#4660 = EDGE_CURVE('',#4011,#4654,#4661,.T.);
#4661 = B_SPLINE_CURVE_WITH_KNOTS('',4,(#4662,#4663,#4664,#4665,#4666,
    #4667,#4668,#4669),.UNSPECIFIED.,.F.,.F.,(5,3,5),(0.,0.501610412441,
    1.),.UNSPECIFIED.);
#4662 = CARTESIAN_POINT('',(51.280061824852,-33.1275,2.5));
#4663 = CARTESIAN_POINT('',(51.303764295882,-33.05067474191,
    2.510638487468));
#4664 = CARTESIAN_POINT('',(51.324641462445,-32.97302511134,
    2.521394535132));
#4665 = CARTESIAN_POINT('',(51.342655833689,-32.89470162656,
    2.532247469719));
#4666 = CARTESIAN_POINT('',(51.372815544022,-32.7375164806,
    2.554035128618));
#4667 = CARTESIAN_POINT('',(51.384997811592,-32.65866147457,
    2.564968884246));
#4668 = CARTESIAN_POINT('',(51.394308338784,-32.57943960407,
    2.575957152201));
#4669 = CARTESIAN_POINT('',(51.400737920183,-32.5,2.586979291742));
#4670 = ORIENTED_EDGE('',*,*,#4019,.F.);
#4671 = CONICAL_SURFACE('',#4672,3.2,0.528074448426);
#4672 = AXIS2_PLACEMENT_3D('',#4673,#4674,#4675);
#4673 = CARTESIAN_POINT('',(48.5,-32.5,3.1));
#4674 = DIRECTION('',(0.,0.,1.));
#4675 = DIRECTION('',(1.,0.,0.));
#4676 = ADVANCED_FACE('',(#4677),#4712,.T.);
#4677 = FACE_BOUND('',#4678,.T.);
#4678 = EDGE_LOOP('',(#4679,#4680,#4681,#4688,#4697,#4705));
#4679 = ORIENTED_EDGE('',*,*,#4653,.F.);
#4680 = ORIENTED_EDGE('',*,*,#3657,.F.);
#4681 = ORIENTED_EDGE('',*,*,#4682,.T.);
#4682 = EDGE_CURVE('',#3649,#4683,#4685,.T.);
#4683 = VERTEX_POINT('',#4684);
#4684 = CARTESIAN_POINT('',(51.400737920183,32.5,2.586979291742));
#4685 = B_SPLINE_CURVE_WITH_KNOTS('',1,(#4686,#4687),.UNSPECIFIED.,.F.,
  .F.,(2,2),(0.,1.),.PIECEWISE_BEZIER_KNOTS.);
#4686 = CARTESIAN_POINT('',(51.7,32.5,3.1));
#4687 = CARTESIAN_POINT('',(51.,32.5,1.9));
#4688 = ORIENTED_EDGE('',*,*,#4689,.T.);
#4689 = EDGE_CURVE('',#4683,#4690,#4692,.T.);
#4690 = VERTEX_POINT('',#4691);
#4691 = CARTESIAN_POINT('',(51.420980039777,32.,2.621680068189));
#4692 = HYPERBOLA('',#4693,51.179223296537,12.616774560952);
#4693 = AXIS2_PLACEMENT_3D('',#4694,#4695,#4696);
#4694 = CARTESIAN_POINT('',(77.208707767729,32.,46.829213316107));
#4695 = DIRECTION('',(-0.863778900898,0.,0.503871025524));
#4696 = DIRECTION('',(-0.503871025524,0.,-0.863778900898));
#4697 = ORIENTED_EDGE('',*,*,#4698,.T.);
#4698 = EDGE_CURVE('',#4690,#4699,#4701,.T.);
#4699 = VERTEX_POINT('',#4700);
#4700 = CARTESIAN_POINT('',(51.420980039777,-32.,2.621680068189));
#4701 = LINE('',#4702,#4703);
#4702 = CARTESIAN_POINT('',(51.420980039777,-32.25,2.621680068189));
#4703 = VECTOR('',#4704,1.);
#4704 = DIRECTION('',(0.,-1.,0.));
#4705 = ORIENTED_EDGE('',*,*,#4706,.T.);
#4706 = EDGE_CURVE('',#4699,#4654,#4707,.T.);
#4707 = HYPERBOLA('',#4708,51.179223296537,12.616774560952);
#4708 = AXIS2_PLACEMENT_3D('',#4709,#4710,#4711);
#4709 = CARTESIAN_POINT('',(77.208707767729,-32.,46.829213316107));
#4710 = DIRECTION('',(-0.863778900898,0.,0.503871025524));
#4711 = DIRECTION('',(-0.503871025524,0.,-0.863778900898));
#4712 = PLANE('',#4713);
#4713 = AXIS2_PLACEMENT_3D('',#4714,#4715,#4716);
#4714 = CARTESIAN_POINT('',(51.,-32.5,1.9));
#4715 = DIRECTION('',(-0.863778900898,0.,0.503871025524));
#4716 = DIRECTION('',(0.,1.,0.));
#4717 = ADVANCED_FACE('',(#4718),#4728,.T.);
#4718 = FACE_BOUND('',#4719,.T.);
#4719 = EDGE_LOOP('',(#4720,#4725,#4726,#4727));
#4720 = ORIENTED_EDGE('',*,*,#4721,.F.);
#4721 = EDGE_CURVE('',#3607,#3942,#4722,.T.);
#4722 = B_SPLINE_CURVE_WITH_KNOTS('',1,(#4723,#4724),.UNSPECIFIED.,.F.,
  .F.,(2,2),(0.,1.),.PIECEWISE_BEZIER_KNOTS.);
#4723 = CARTESIAN_POINT('',(-38.5,-35.7,3.1));
#4724 = CARTESIAN_POINT('',(-38.5,-35.,1.9));
#4725 = ORIENTED_EDGE('',*,*,#3606,.F.);
#4726 = ORIENTED_EDGE('',*,*,#4647,.T.);
#4727 = ORIENTED_EDGE('',*,*,#3986,.F.);
#4728 = PLANE('',#4729);
#4729 = AXIS2_PLACEMENT_3D('',#4730,#4731,#4732);
#4730 = CARTESIAN_POINT('',(-38.5,-35.,1.9));
#4731 = DIRECTION('',(0.,0.863778900898,0.503871025524));
#4732 = DIRECTION('',(1.,0.,0.));
#4733 = ADVANCED_FACE('',(#4734),#4753,.F.);
#4734 = FACE_BOUND('',#4735,.T.);
#4735 = EDGE_LOOP('',(#4736,#4737,#4738,#4743,#4744));
#4736 = ORIENTED_EDGE('',*,*,#4682,.F.);
#4737 = ORIENTED_EDGE('',*,*,#3648,.F.);
#4738 = ORIENTED_EDGE('',*,*,#4739,.T.);
#4739 = EDGE_CURVE('',#3641,#3806,#4740,.T.);
#4740 = B_SPLINE_CURVE_WITH_KNOTS('',1,(#4741,#4742),.UNSPECIFIED.,.F.,
  .F.,(2,2),(0.,1.),.PIECEWISE_BEZIER_KNOTS.);
#4741 = CARTESIAN_POINT('',(48.5,35.7,3.1));
#4742 = CARTESIAN_POINT('',(48.5,35.,1.9));
#4743 = ORIENTED_EDGE('',*,*,#3813,.F.);
#4744 = ORIENTED_EDGE('',*,*,#4745,.F.);
#4745 = EDGE_CURVE('',#4683,#3814,#4746,.T.);
#4746 = B_SPLINE_CURVE_WITH_KNOTS('',5,(#4747,#4748,#4749,#4750,#4751,
    #4752),.UNSPECIFIED.,.F.,.F.,(6,6),(0.,1.),
  .PIECEWISE_BEZIER_KNOTS.);
#4747 = CARTESIAN_POINT('',(51.400737920183,32.5,2.586979291742));
#4748 = CARTESIAN_POINT('',(51.390417002957,32.627518344843,
    2.569286290784));
#4749 = CARTESIAN_POINT('',(51.373137117491,32.754503800495,
    2.551676071912));
#4750 = CARTESIAN_POINT('',(51.34892910357,32.880482630322,
    2.534214200789));
#4751 = CARTESIAN_POINT('',(51.317863683249,33.004975326359,
    2.516966779385));
#4752 = CARTESIAN_POINT('',(51.280061824852,33.127500000001,2.5));
#4753 = CONICAL_SURFACE('',#4754,3.2,0.528074448426);
#4754 = AXIS2_PLACEMENT_3D('',#4755,#4756,#4757);
#4755 = CARTESIAN_POINT('',(48.5,32.5,3.1));
#4756 = DIRECTION('',(0.,0.,1.));
#4757 = DIRECTION('',(1.,0.,0.));
#4758 = ADVANCED_FACE('',(#4759),#4779,.F.);
#4759 = FACE_BOUND('',#4760,.T.);
#4760 = EDGE_LOOP('',(#4761,#4768,#4769,#4770,#4771));
#4761 = ORIENTED_EDGE('',*,*,#4762,.F.);
#4762 = EDGE_CURVE('',#3615,#4763,#4765,.T.);
#4763 = VERTEX_POINT('',#4764);
#4764 = CARTESIAN_POINT('',(-41.40073792018,-32.5,2.586979291742));
#4765 = B_SPLINE_CURVE_WITH_KNOTS('',1,(#4766,#4767),.UNSPECIFIED.,.F.,
  .F.,(2,2),(0.,1.),.PIECEWISE_BEZIER_KNOTS.);
#4766 = CARTESIAN_POINT('',(-41.7,-32.5,3.1));
#4767 = CARTESIAN_POINT('',(-41.,-32.5,1.9));
#4768 = ORIENTED_EDGE('',*,*,#3614,.F.);
#4769 = ORIENTED_EDGE('',*,*,#4721,.T.);
#4770 = ORIENTED_EDGE('',*,*,#3949,.F.);
#4771 = ORIENTED_EDGE('',*,*,#4772,.F.);
#4772 = EDGE_CURVE('',#4763,#3950,#4773,.T.);
#4773 = B_SPLINE_CURVE_WITH_KNOTS('',4,(#4774,#4775,#4776,#4777,#4778),
  .UNSPECIFIED.,.F.,.F.,(5,5),(0.,1.),.PIECEWISE_BEZIER_KNOTS.);
#4774 = CARTESIAN_POINT('',(-41.40073792018,-32.5,2.586979291742));
#4775 = CARTESIAN_POINT('',(-41.38783721363,-32.6593924949,
    2.564863794804));
#4776 = CARTESIAN_POINT('',(-41.36333832178,-32.81790896172,
    2.542884588087));
#4777 = CARTESIAN_POINT('',(-41.32731457189,-32.97434278352,
    2.521208664557));
#4778 = CARTESIAN_POINT('',(-41.28006182485,-33.1275,2.5));
#4779 = CONICAL_SURFACE('',#4780,3.2,0.528074448426);
#4780 = AXIS2_PLACEMENT_3D('',#4781,#4782,#4783);
#4781 = CARTESIAN_POINT('',(-38.5,-32.5,3.1));
#4782 = DIRECTION('',(0.,0.,1.));
#4783 = DIRECTION('',(1.,0.,0.));
#4784 = ADVANCED_FACE('',(#4785),#4795,.T.);
#4785 = FACE_BOUND('',#4786,.T.);
#4786 = EDGE_LOOP('',(#4787,#4788,#4789,#4794));
#4787 = ORIENTED_EDGE('',*,*,#4739,.F.);
#4788 = ORIENTED_EDGE('',*,*,#3640,.F.);
#4789 = ORIENTED_EDGE('',*,*,#4790,.T.);
#4790 = EDGE_CURVE('',#3632,#3851,#4791,.T.);
#4791 = B_SPLINE_CURVE_WITH_KNOTS('',1,(#4792,#4793),.UNSPECIFIED.,.F.,
  .F.,(2,2),(0.,1.),.PIECEWISE_BEZIER_KNOTS.);
#4792 = CARTESIAN_POINT('',(-38.5,35.7,3.1));
#4793 = CARTESIAN_POINT('',(-38.5,35.,1.9));
#4794 = ORIENTED_EDGE('',*,*,#3850,.F.);
#4795 = PLANE('',#4796);
#4796 = AXIS2_PLACEMENT_3D('',#4797,#4798,#4799);
#4797 = CARTESIAN_POINT('',(48.5,35.,1.9));
#4798 = DIRECTION('',(0.,-0.863778900898,0.503871025524));
#4799 = DIRECTION('',(-1.,0.,0.));
#4800 = ADVANCED_FACE('',(#4801),#4836,.T.);
#4801 = FACE_BOUND('',#4802,.T.);
#4802 = EDGE_LOOP('',(#4803,#4810,#4811,#4812,#4821,#4829));
#4803 = ORIENTED_EDGE('',*,*,#4804,.F.);
#4804 = EDGE_CURVE('',#3624,#4805,#4807,.T.);
#4805 = VERTEX_POINT('',#4806);
#4806 = CARTESIAN_POINT('',(-41.40073792018,32.5,2.586979291742));
#4807 = B_SPLINE_CURVE_WITH_KNOTS('',1,(#4808,#4809),.UNSPECIFIED.,.F.,
  .F.,(2,2),(0.,1.),.PIECEWISE_BEZIER_KNOTS.);
#4808 = CARTESIAN_POINT('',(-41.7,32.5,3.1));
#4809 = CARTESIAN_POINT('',(-41.,32.5,1.9));
#4810 = ORIENTED_EDGE('',*,*,#3623,.F.);
#4811 = ORIENTED_EDGE('',*,*,#4762,.T.);
#4812 = ORIENTED_EDGE('',*,*,#4813,.T.);
#4813 = EDGE_CURVE('',#4763,#4814,#4816,.T.);
#4814 = VERTEX_POINT('',#4815);
#4815 = CARTESIAN_POINT('',(-41.42098003977,-32.,2.621680068189));
#4816 = HYPERBOLA('',#4817,51.179223296537,12.616774560952);
#4817 = AXIS2_PLACEMENT_3D('',#4818,#4819,#4820);
#4818 = CARTESIAN_POINT('',(-67.20870776772,-32.,46.829213316107));
#4819 = DIRECTION('',(0.863778900898,-0.,0.503871025524));
#4820 = DIRECTION('',(0.503871025524,0.,-0.863778900898));
#4821 = ORIENTED_EDGE('',*,*,#4822,.T.);
#4822 = EDGE_CURVE('',#4814,#4823,#4825,.T.);
#4823 = VERTEX_POINT('',#4824);
#4824 = CARTESIAN_POINT('',(-41.42098003977,32.,2.621680068189));
#4825 = LINE('',#4826,#4827);
#4826 = CARTESIAN_POINT('',(-41.42098003977,32.25,2.621680068189));
#4827 = VECTOR('',#4828,1.);
#4828 = DIRECTION('',(0.,1.,0.));
#4829 = ORIENTED_EDGE('',*,*,#4830,.T.);
#4830 = EDGE_CURVE('',#4823,#4805,#4831,.T.);
#4831 = HYPERBOLA('',#4832,51.179223296537,12.616774560952);
#4832 = AXIS2_PLACEMENT_3D('',#4833,#4834,#4835);
#4833 = CARTESIAN_POINT('',(-67.20870776772,32.,46.829213316107));
#4834 = DIRECTION('',(0.863778900898,-0.,0.503871025524));
#4835 = DIRECTION('',(0.503871025524,0.,-0.863778900898));
#4836 = PLANE('',#4837);
#4837 = AXIS2_PLACEMENT_3D('',#4838,#4839,#4840);
#4838 = CARTESIAN_POINT('',(-41.,32.5,1.9));
#4839 = DIRECTION('',(0.863778900898,0.,0.503871025524));
#4840 = DIRECTION('',(0.,-1.,0.));
#4841 = ADVANCED_FACE('',(#4842),#4856,.F.);
#4842 = FACE_BOUND('',#4843,.T.);
#4843 = EDGE_LOOP('',(#4844,#4845,#4846,#4847,#4855));
#4844 = ORIENTED_EDGE('',*,*,#4790,.F.);
#4845 = ORIENTED_EDGE('',*,*,#3631,.F.);
#4846 = ORIENTED_EDGE('',*,*,#4804,.T.);
#4847 = ORIENTED_EDGE('',*,*,#4848,.F.);
#4848 = EDGE_CURVE('',#3882,#4805,#4849,.T.);
#4849 = B_SPLINE_CURVE_WITH_KNOTS('',4,(#4850,#4851,#4852,#4853,#4854),
  .UNSPECIFIED.,.F.,.F.,(5,5),(0.,1.),.PIECEWISE_BEZIER_KNOTS.);
#4850 = CARTESIAN_POINT('',(-41.28006182485,33.127500000001,2.5));
#4851 = CARTESIAN_POINT('',(-41.32731457202,32.974342783086,
    2.521208664617));
#4852 = CARTESIAN_POINT('',(-41.36333832177,32.817908961734,
    2.542884588087));
#4853 = CARTESIAN_POINT('',(-41.38783721366,32.659392494574,
    2.564863794849));
#4854 = CARTESIAN_POINT('',(-41.40073792018,32.5,2.586979291742));
#4855 = ORIENTED_EDGE('',*,*,#3890,.F.);
#4856 = CONICAL_SURFACE('',#4857,3.2,0.528074448426);
#4857 = AXIS2_PLACEMENT_3D('',#4858,#4859,#4860);
#4858 = CARTESIAN_POINT('',(-38.5,32.5,3.1));
#4859 = DIRECTION('',(0.,0.,1.));
#4860 = DIRECTION('',(1.,0.,0.));
#4861 = ADVANCED_FACE('',(#4862),#4876,.F.);
#4862 = FACE_BOUND('',#4863,.F.);
#4863 = EDGE_LOOP('',(#4864,#4869,#4870,#4875));
#4864 = ORIENTED_EDGE('',*,*,#4865,.F.);
#4865 = EDGE_CURVE('',#3784,#4699,#4866,.T.);
#4866 = B_SPLINE_CURVE_WITH_KNOTS('',1,(#4867,#4868),.UNSPECIFIED.,.F.,
  .F.,(2,2),(0.,1.),.PIECEWISE_BEZIER_KNOTS.);
#4867 = CARTESIAN_POINT('',(51.5,-32.,2.5));
#4868 = CARTESIAN_POINT('',(51.175296203401,-32.,3.));
#4869 = ORIENTED_EDGE('',*,*,#3791,.T.);
#4870 = ORIENTED_EDGE('',*,*,#4871,.T.);
#4871 = EDGE_CURVE('',#3760,#4690,#4872,.T.);
#4872 = B_SPLINE_CURVE_WITH_KNOTS('',1,(#4873,#4874),.UNSPECIFIED.,.F.,
  .F.,(2,2),(0.,1.),.PIECEWISE_BEZIER_KNOTS.);
#4873 = CARTESIAN_POINT('',(51.5,32.,2.5));
#4874 = CARTESIAN_POINT('',(51.175296203401,32.,3.));
#4875 = ORIENTED_EDGE('',*,*,#4698,.T.);
#4876 = PLANE('',#4877);
#4877 = AXIS2_PLACEMENT_3D('',#4878,#4879,#4880);
#4878 = CARTESIAN_POINT('',(51.175296203401,-32.,3.));
#4879 = DIRECTION('',(0.838670567945,0.,0.544639035015));
#4880 = DIRECTION('',(0.,1.,0.));
#4881 = ADVANCED_FACE('',(#4882),#4888,.F.);
#4882 = FACE_BOUND('',#4883,.F.);
#4883 = EDGE_LOOP('',(#4884,#4885,#4886,#4887));
#4884 = ORIENTED_EDGE('',*,*,#4871,.F.);
#4885 = ORIENTED_EDGE('',*,*,#3832,.T.);
#4886 = ORIENTED_EDGE('',*,*,#4745,.F.);
#4887 = ORIENTED_EDGE('',*,*,#4689,.T.);
#4888 = CONICAL_SURFACE('',#4889,3.,0.575958653158);
#4889 = AXIS2_PLACEMENT_3D('',#4890,#4891,#4892);
#4890 = CARTESIAN_POINT('',(48.5,32.,2.5));
#4891 = DIRECTION('',(-0.,-0.,-1.));
#4892 = DIRECTION('',(1.,0.,0.));
#4893 = ADVANCED_FACE('',(#4894),#4904,.F.);
#4894 = FACE_BOUND('',#4895,.F.);
#4895 = EDGE_LOOP('',(#4896,#4897,#4898,#4903));
#4896 = ORIENTED_EDGE('',*,*,#4848,.F.);
#4897 = ORIENTED_EDGE('',*,*,#3881,.T.);
#4898 = ORIENTED_EDGE('',*,*,#4899,.T.);
#4899 = EDGE_CURVE('',#3874,#4823,#4900,.T.);
#4900 = B_SPLINE_CURVE_WITH_KNOTS('',1,(#4901,#4902),.UNSPECIFIED.,.F.,
  .F.,(2,2),(0.,1.),.PIECEWISE_BEZIER_KNOTS.);
#4901 = CARTESIAN_POINT('',(-41.5,32.,2.5));
#4902 = CARTESIAN_POINT('',(-41.1752962034,32.,3.));
#4903 = ORIENTED_EDGE('',*,*,#4830,.T.);
#4904 = CONICAL_SURFACE('',#4905,3.,0.575958653158);
#4905 = AXIS2_PLACEMENT_3D('',#4906,#4907,#4908);
#4906 = CARTESIAN_POINT('',(-38.5,32.,2.5));
#4907 = DIRECTION('',(-0.,-0.,-1.));
#4908 = DIRECTION('',(1.,0.,0.));
#4909 = ADVANCED_FACE('',(#4910),#4920,.F.);
#4910 = FACE_BOUND('',#4911,.F.);
#4911 = EDGE_LOOP('',(#4912,#4913,#4914,#4919));
#4912 = ORIENTED_EDGE('',*,*,#4899,.F.);
#4913 = ORIENTED_EDGE('',*,*,#3917,.T.);
#4914 = ORIENTED_EDGE('',*,*,#4915,.T.);
#4915 = EDGE_CURVE('',#3918,#4814,#4916,.T.);
#4916 = B_SPLINE_CURVE_WITH_KNOTS('',1,(#4917,#4918),.UNSPECIFIED.,.F.,
  .F.,(2,2),(0.,1.),.PIECEWISE_BEZIER_KNOTS.);
#4917 = CARTESIAN_POINT('',(-41.5,-32.,2.5));
#4918 = CARTESIAN_POINT('',(-41.1752962034,-32.,3.));
#4919 = ORIENTED_EDGE('',*,*,#4822,.T.);
#4920 = PLANE('',#4921);
#4921 = AXIS2_PLACEMENT_3D('',#4922,#4923,#4924);
#4922 = CARTESIAN_POINT('',(-41.1752962034,32.,3.));
#4923 = DIRECTION('',(-0.838670567945,0.,0.544639035015));
#4924 = DIRECTION('',(0.,-1.,0.));
#4925 = ADVANCED_FACE('',(#4926),#4932,.F.);
#4926 = FACE_BOUND('',#4927,.F.);
#4927 = EDGE_LOOP('',(#4928,#4929,#4930,#4931));
#4928 = ORIENTED_EDGE('',*,*,#4915,.F.);
#4929 = ORIENTED_EDGE('',*,*,#3968,.T.);
#4930 = ORIENTED_EDGE('',*,*,#4772,.F.);
#4931 = ORIENTED_EDGE('',*,*,#4813,.T.);
#4932 = CONICAL_SURFACE('',#4933,3.,0.575958653158);
#4933 = AXIS2_PLACEMENT_3D('',#4934,#4935,#4936);
#4934 = CARTESIAN_POINT('',(-38.5,-32.,2.5));
#4935 = DIRECTION('',(-0.,-0.,-1.));
#4936 = DIRECTION('',(1.,0.,0.));
#4937 = ADVANCED_FACE('',(#4938),#4944,.F.);
#4938 = FACE_BOUND('',#4939,.F.);
#4939 = EDGE_LOOP('',(#4940,#4941,#4942,#4943));
#4940 = ORIENTED_EDGE('',*,*,#4660,.F.);
#4941 = ORIENTED_EDGE('',*,*,#4010,.T.);
#4942 = ORIENTED_EDGE('',*,*,#4865,.T.);
#4943 = ORIENTED_EDGE('',*,*,#4706,.T.);
#4944 = CONICAL_SURFACE('',#4945,3.,0.575958653158);
#4945 = AXIS2_PLACEMENT_3D('',#4946,#4947,#4948);
#4946 = CARTESIAN_POINT('',(48.5,-32.,2.5));
#4947 = DIRECTION('',(-0.,-0.,-1.));
#4948 = DIRECTION('',(1.,0.,0.));
#4949 = ADVANCED_FACE('',(#4950,#4961),#4986,.T.);
#4950 = FACE_BOUND('',#4951,.T.);
#4951 = EDGE_LOOP('',(#4952,#4958,#4959,#4960));
#4952 = ORIENTED_EDGE('',*,*,#4953,.F.);
#4953 = EDGE_CURVE('',#4427,#4070,#4954,.T.);
#4954 = LINE('',#4955,#4956);
#4955 = CARTESIAN_POINT('',(-50.02842787628,39.75,-17.));
#4956 = VECTOR('',#4957,1.);
#4957 = DIRECTION('',(0.,-1.,2.2E-16));
#4958 = ORIENTED_EDGE('',*,*,#4426,.T.);
#4959 = ORIENTED_EDGE('',*,*,#4103,.T.);
#4960 = ORIENTED_EDGE('',*,*,#4078,.F.);
#4961 = FACE_BOUND('',#4962,.T.);
#4962 = EDGE_LOOP('',(#4963,#4974,#4981));
#4963 = ORIENTED_EDGE('',*,*,#4964,.F.);
#4964 = EDGE_CURVE('',#4965,#4967,#4969,.T.);
#4965 = VERTEX_POINT('',#4966);
#4966 = CARTESIAN_POINT('',(-51.96853761553,-22.23190059627,
    -10.65418697922));
#4967 = VERTEX_POINT('',#4968);
#4968 = CARTESIAN_POINT('',(-51.96853761553,-29.76809940372,
    -10.65418697922));
#4969 = CIRCLE('',#4970,4.6);
#4970 = AXIS2_PLACEMENT_3D('',#4971,#4972,#4973);
#4971 = CARTESIAN_POINT('',(-52.73994620976,-26.,-8.131023158867));
#4972 = DIRECTION('',(0.956304755963,-1.3E-16,0.292371704723));
#4973 = DIRECTION('',(0.292371704723,4.2E-16,-0.956304755963));
#4974 = ORIENTED_EDGE('',*,*,#4975,.F.);
#4975 = EDGE_CURVE('',#4976,#4965,#4978,.T.);
#4976 = VERTEX_POINT('',#4977);
#4977 = CARTESIAN_POINT('',(-50.3951674558,-26.,-15.800448886));
#4978 = B_SPLINE_CURVE_WITH_KNOTS('',1,(#4979,#4980),.UNSPECIFIED.,.F.,
  .F.,(2,2),(0.,1.),.PIECEWISE_BEZIER_KNOTS.);
#4979 = CARTESIAN_POINT('',(-50.3951674558,-26.,-15.800448886));
#4980 = CARTESIAN_POINT('',(-51.96853761553,-22.23190059627,
    -10.65418697922));
#4981 = ORIENTED_EDGE('',*,*,#4982,.F.);
#4982 = EDGE_CURVE('',#4967,#4976,#4983,.T.);
#4983 = B_SPLINE_CURVE_WITH_KNOTS('',1,(#4984,#4985),.UNSPECIFIED.,.F.,
  .F.,(2,2),(0.,1.),.PIECEWISE_BEZIER_KNOTS.);
#4984 = CARTESIAN_POINT('',(-51.96853761553,-29.76809940372,
    -10.65418697922));
#4985 = CARTESIAN_POINT('',(-50.3951674558,-26.,-15.800448886));
#4986 = PLANE('',#4987);
#4987 = AXIS2_PLACEMENT_3D('',#4988,#4989,#4990);
#4988 = CARTESIAN_POINT('',(-55.22584946107,39.75,-8.83E-15));
#4989 = DIRECTION('',(0.956304755963,6.E-17,0.292371704723));
#4990 = DIRECTION('',(0.292371704723,-2.1E-16,-0.956304755963));
#4991 = ADVANCED_FACE('',(#4992),#5018,.F.);
#4992 = FACE_BOUND('',#4993,.T.);
#4993 = EDGE_LOOP('',(#4994,#5002,#5003,#5011));
#4994 = ORIENTED_EDGE('',*,*,#4995,.F.);
#4995 = EDGE_CURVE('',#4180,#4996,#4998,.T.);
#4996 = VERTEX_POINT('',#4997);
#4997 = CARTESIAN_POINT('',(-54.666143079,-27.80213449743,
    -10.03944577298));
#4998 = LINE('',#4999,#5000);
#4999 = CARTESIAN_POINT('',(-59.06514495643,-27.80213449743,
    -11.3843556147));
#5000 = VECTOR('',#5001,1.);
#5001 = DIRECTION('',(0.956304755963,0.,0.292371704723));
#5002 = ORIENTED_EDGE('',*,*,#4179,.T.);
#5003 = ORIENTED_EDGE('',*,*,#5004,.T.);
#5004 = EDGE_CURVE('',#4182,#5005,#5007,.T.);
#5005 = VERTEX_POINT('',#5006);
#5006 = CARTESIAN_POINT('',(-54.666143079,-24.19786550256,
    -10.03944577298));
#5007 = LINE('',#5008,#5009);
#5008 = CARTESIAN_POINT('',(-59.06514495643,-24.19786550256,
    -11.3843556147));
#5009 = VECTOR('',#5010,1.);
#5010 = DIRECTION('',(0.956304755963,0.,0.292371704723));
#5011 = ORIENTED_EDGE('',*,*,#5012,.F.);
#5012 = EDGE_CURVE('',#4996,#5005,#5013,.T.);
#5013 = CIRCLE('',#5014,2.2);
#5014 = AXIS2_PLACEMENT_3D('',#5015,#5016,#5017);
#5015 = CARTESIAN_POINT('',(-55.03507762407,-26.,-8.832715250201));
#5016 = DIRECTION('',(-0.956304755963,1.3E-16,-0.292371704723));
#5017 = DIRECTION('',(0.292371704723,4.2E-16,-0.956304755963));
#5018 = CYLINDRICAL_SURFACE('',#5019,2.2);
#5019 = AXIS2_PLACEMENT_3D('',#5020,#5021,#5022);
#5020 = CARTESIAN_POINT('',(-59.4340795015,-26.,-10.17762509192));
#5021 = DIRECTION('',(-0.956304755963,0.,-0.292371704723));
#5022 = DIRECTION('',(0.292371704723,0.,-0.956304755963));
#5023 = ADVANCED_FACE('',(#5024),#5042,.T.);
#5024 = FACE_BOUND('',#5025,.T.);
#5025 = EDGE_LOOP('',(#5026,#5027,#5028,#5036));
#5026 = ORIENTED_EDGE('',*,*,#4190,.F.);
#5027 = ORIENTED_EDGE('',*,*,#4995,.T.);
#5028 = ORIENTED_EDGE('',*,*,#5029,.F.);
#5029 = EDGE_CURVE('',#5030,#4996,#5032,.T.);
#5030 = VERTEX_POINT('',#5031);
#5031 = CARTESIAN_POINT('',(-53.91366169826,-26.,-12.50070146752));
#5032 = LINE('',#5033,#5034);
#5033 = CARTESIAN_POINT('',(-53.91366169826,-26.,-12.50070146752));
#5034 = VECTOR('',#5035,1.);
#5035 = DIRECTION('',(-0.239496879616,-0.573576436351,0.78335899581));
#5036 = ORIENTED_EDGE('',*,*,#5037,.F.);
#5037 = EDGE_CURVE('',#4191,#5030,#5038,.T.);
#5038 = LINE('',#5039,#5040);
#5039 = CARTESIAN_POINT('',(-58.31266357569,-26.,-13.84561130925));
#5040 = VECTOR('',#5041,1.);
#5041 = DIRECTION('',(0.956304755963,0.,0.292371704723));
#5042 = PLANE('',#5043);
#5043 = AXIS2_PLACEMENT_3D('',#5044,#5045,#5046);
#5044 = CARTESIAN_POINT('',(-59.06514495643,-27.80213449743,
    -11.3843556147));
#5045 = DIRECTION('',(-0.167697520485,0.819152044289,0.548513873991));
#5046 = DIRECTION('',(0.239496879616,0.573576436351,-0.78335899581));
#5047 = ADVANCED_FACE('',(#5048),#5059,.T.);
#5048 = FACE_BOUND('',#5049,.T.);
#5049 = EDGE_LOOP('',(#5050,#5051,#5052,#5058));
#5050 = ORIENTED_EDGE('',*,*,#4198,.F.);
#5051 = ORIENTED_EDGE('',*,*,#5037,.T.);
#5052 = ORIENTED_EDGE('',*,*,#5053,.F.);
#5053 = EDGE_CURVE('',#5005,#5030,#5054,.T.);
#5054 = LINE('',#5055,#5056);
#5055 = CARTESIAN_POINT('',(-54.666143079,-24.19786550256,
    -10.03944577298));
#5056 = VECTOR('',#5057,1.);
#5057 = DIRECTION('',(0.239496879616,-0.573576436351,-0.78335899581));
#5058 = ORIENTED_EDGE('',*,*,#5004,.F.);
#5059 = PLANE('',#5060);
#5060 = AXIS2_PLACEMENT_3D('',#5061,#5062,#5063);
#5061 = CARTESIAN_POINT('',(-58.31266357569,-26.,-13.84561130925));
#5062 = DIRECTION('',(-0.167697520485,-0.819152044289,0.548513873991));
#5063 = DIRECTION('',(-0.239496879616,0.573576436351,0.78335899581));
#5064 = ADVANCED_FACE('',(#5065),#5071,.T.);
#5065 = FACE_BOUND('',#5066,.T.);
#5066 = EDGE_LOOP('',(#5067,#5068,#5069,#5070));
#5067 = ORIENTED_EDGE('',*,*,#4502,.F.);
#5068 = ORIENTED_EDGE('',*,*,#4434,.T.);
#5069 = ORIENTED_EDGE('',*,*,#4953,.T.);
#5070 = ORIENTED_EDGE('',*,*,#4577,.F.);
#5071 = PLANE('',#5072);
#5072 = AXIS2_PLACEMENT_3D('',#5073,#5074,#5075);
#5073 = CARTESIAN_POINT('',(-50.02842787628,39.75,-17.));
#5074 = DIRECTION('',(0.755060611109,-1.5E-16,-0.655654995826));
#5075 = DIRECTION('',(-0.655654995826,-1.7E-16,-0.755060611109));
#5076 = ADVANCED_FACE('',(#5077),#5091,.F.);
#5077 = FACE_BOUND('',#5078,.T.);
#5078 = EDGE_LOOP('',(#5079,#5084,#5085,#5090));
#5079 = ORIENTED_EDGE('',*,*,#5080,.F.);
#5080 = EDGE_CURVE('',#4996,#4967,#5081,.T.);
#5081 = B_SPLINE_CURVE_WITH_KNOTS('',1,(#5082,#5083),.UNSPECIFIED.,.F.,
  .F.,(2,2),(0.,1.),.PIECEWISE_BEZIER_KNOTS.);
#5082 = CARTESIAN_POINT('',(-54.666143079,-27.80213449743,
    -10.03944577298));
#5083 = CARTESIAN_POINT('',(-51.63133693259,-30.01384501701,-10.73102963
    ));
#5084 = ORIENTED_EDGE('',*,*,#5012,.T.);
#5085 = ORIENTED_EDGE('',*,*,#5086,.T.);
#5086 = EDGE_CURVE('',#5005,#4965,#5087,.T.);
#5087 = B_SPLINE_CURVE_WITH_KNOTS('',1,(#5088,#5089),.UNSPECIFIED.,.F.,
  .F.,(2,2),(0.,1.),.PIECEWISE_BEZIER_KNOTS.);
#5088 = CARTESIAN_POINT('',(-54.666143079,-24.19786550256,
    -10.03944577298));
#5089 = CARTESIAN_POINT('',(-51.63133693259,-21.98615498298,-10.73102963
    ));
#5090 = ORIENTED_EDGE('',*,*,#4964,.T.);
#5091 = CONICAL_SURFACE('',#5092,2.2,0.785398163397);
#5092 = AXIS2_PLACEMENT_3D('',#5093,#5094,#5095);
#5093 = CARTESIAN_POINT('',(-55.03507762407,-26.,-8.832715250201));
#5094 = DIRECTION('',(0.956304755963,-1.3E-16,0.292371704723));
#5095 = DIRECTION('',(0.292371704723,4.2E-16,-0.956304755963));
#5096 = ADVANCED_FACE('',(#5097),#5107,.T.);
#5097 = FACE_BOUND('',#5098,.T.);
#5098 = EDGE_LOOP('',(#5099,#5100,#5101,#5106));
#5099 = ORIENTED_EDGE('',*,*,#5086,.F.);
#5100 = ORIENTED_EDGE('',*,*,#5053,.T.);
#5101 = ORIENTED_EDGE('',*,*,#5102,.T.);
#5102 = EDGE_CURVE('',#5030,#4976,#5103,.T.);
#5103 = B_SPLINE_CURVE_WITH_KNOTS('',1,(#5104,#5105),.UNSPECIFIED.,.F.,
  .F.,(2,2),(0.,1.),.PIECEWISE_BEZIER_KNOTS.);
#5104 = CARTESIAN_POINT('',(-53.91366169826,-26.,-12.50070146752));
#5105 = CARTESIAN_POINT('',(-49.95535567549,-26.,-16.21291731331));
#5106 = ORIENTED_EDGE('',*,*,#4975,.T.);
#5107 = B_SPLINE_SURFACE_WITH_KNOTS('',1,1,(
    (#5108,#5109)
    ,(#5110,#5111
    )),.UNSPECIFIED.,.F.,.F.,.F.,(2,2),(2,2),(0.,6.997925233036),(0.,1.)
  ,.PIECEWISE_BEZIER_KNOTS.);
#5108 = CARTESIAN_POINT('',(-54.666143079,-24.19786550256,
    -10.03944577298));
#5109 = CARTESIAN_POINT('',(-51.63133693259,-21.98615498298,-10.73102963
    ));
#5110 = CARTESIAN_POINT('',(-53.91366169826,-26.,-12.50070146752));
#5111 = CARTESIAN_POINT('',(-49.95535567549,-26.,-16.21291731331));
#5112 = ADVANCED_FACE('',(#5113),#5119,.T.);
#5113 = FACE_BOUND('',#5114,.T.);
#5114 = EDGE_LOOP('',(#5115,#5116,#5117,#5118));
#5115 = ORIENTED_EDGE('',*,*,#5102,.F.);
#5116 = ORIENTED_EDGE('',*,*,#5029,.T.);
#5117 = ORIENTED_EDGE('',*,*,#5080,.T.);
#5118 = ORIENTED_EDGE('',*,*,#4982,.T.);
#5119 = B_SPLINE_SURFACE_WITH_KNOTS('',1,1,(
    (#5120,#5121)
    ,(#5122,#5123
    )),.UNSPECIFIED.,.F.,.F.,.F.,(2,2),(2,2),(0.,6.997925233036),(0.,1.)
  ,.PIECEWISE_BEZIER_KNOTS.);
#5120 = CARTESIAN_POINT('',(-53.91366169826,-26.,-12.50070146752));
#5121 = CARTESIAN_POINT('',(-49.95535567549,-26.,-16.21291731331));
#5122 = CARTESIAN_POINT('',(-54.666143079,-27.80213449743,
    -10.03944577298));
#5123 = CARTESIAN_POINT('',(-51.63133693259,-30.01384501701,-10.73102963
    ));
#5124 = ( GEOMETRIC_REPRESENTATION_CONTEXT(3) 
GLOBAL_UNCERTAINTY_ASSIGNED_CONTEXT((#5128)) 
GLOBAL_UNIT_ASSIGNED_CONTEXT((#5125,#5126,#5127)) REPRESENTATION_CONTEXT
('Context #1','3D Context with UNIT and UNCERTAINTY') );
#5125 = ( LENGTH_UNIT() NAMED_UNIT(*) SI_UNIT(.MILLI.,.METRE.) );
#5126 = ( NAMED_UNIT(*) PLANE_ANGLE_UNIT() SI_UNIT($,.RADIAN.) );
#5127 = ( NAMED_UNIT(*) SI_UNIT($,.STERADIAN.) SOLID_ANGLE_UNIT() );
#5128 = UNCERTAINTY_MEASURE_WITH_UNIT(LENGTH_MEASURE(1.E-03),#5125,
  'distance_accuracy_value','confusion accuracy');
#5129 = PRODUCT_RELATED_PRODUCT_CATEGORY('part',$,(#7));
ENDSEC;
END-ISO-10303-21;
