ISO-10303-21;
HEADER;
FILE_DESCRIPTION(('FreeCAD Model'),'2;1');
FILE_NAME('Open CASCADE Shape Model','2026-10-02T12:52:05',('FreeCAD'),(
    'FreeCAD'),'Open CASCADE STEP processor 8.0','FreeCAD','Unknown');
FILE_SCHEMA(('AUTOMOTIVE_DESIGN { 1 0 10303 214 1 1 1 1 }'));
ENDSEC;
DATA;
#1 = APPLICATION_PROTOCOL_DEFINITION('international standard',
  'automotive_design',2000,#2);
#2 = APPLICATION_CONTEXT(
  'core data for automotive mechanical design processes');
#3 = SHAPE_DEFINITION_REPRESENTATION(#4,#10);
#4 = PRODUCT_DEFINITION_SHAPE('','',#5);
#5 = PRODUCT_DEFINITION('design','',#6,#9);
#6 = PRODUCT_DEFINITION_FORMATION('','',#7);
#7 = PRODUCT('Open CASCADE STEP translator 8.0 8',
  'Open CASCADE STEP translator 8.0 8','',(#8));
#8 = PRODUCT_CONTEXT('',#2,'mechanical');
#9 = PRODUCT_DEFINITION_CONTEXT('part definition',#2,'design');
#10 = ADVANCED_BREP_SHAPE_REPRESENTATION('',(#11,#15),#10417);
#11 = AXIS2_PLACEMENT_3D('',#12,#13,#14);
#12 = CARTESIAN_POINT('',(0.,0.,0.));
#13 = DIRECTION('',(0.,0.,1.));
#14 = DIRECTION('',(1.,0.,-0.));
#15 = MANIFOLD_SOLID_BREP('',#16);
#16 = CLOSED_SHELL('',(#17,#101,#284,#308,#364,#388,#436,#462,#494,#518,
    #535,#559,#720,#746,#788,#812,#867,#911,#935,#979,#1003,#1047,#1071,
    #1112,#1194,#1228,#1260,#1284,#1370,#1412,#1436,#1460,#1495,#1528,
    #1979,#2008,#2032,#2052,#2068,#2080,#2109,#2132,#2155,#2178,#2201,
    #2224,#2241,#2258,#2426,#2443,#2563,#2580,#2748,#2765,#2858,#2875,
    #3043,#3077,#3133,#3151,#3168,#3197,#3225,#3256,#3279,#3313,#3337,
    #3360,#3387,#3418,#3441,#3478,#3496,#3570,#3718,#3876,#3894,#3919,
    #3936,#3960,#3993,#4017,#4064,#4076,#4108,#4132,#4149,#4161,#4309,
    #4326,#4350,#4406,#4485,#4568,#4590,#4673,#4744,#4818,#4891,#4967,
    #4989,#5120,#5191,#5265,#5338,#5443,#5465,#5628,#5692,#5708,#5759,
    #5770,#5786,#5803,#5814,#5830,#5847,#5858,#5874,#5892,#5931,#6259,
    #6275,#6301,#6327,#6367,#6411,#6435,#6479,#6503,#6547,#6571,#6612,
    #6646,#6678,#6695,#6719,#6766,#6783,#6818,#6850,#6874,#6891,#6923,
    #6947,#6964,#6990,#7016,#7056,#7100,#7124,#7168,#7192,#7236,#7260,
    #7301,#7335,#7367,#7384,#7408,#7455,#7472,#7507,#7539,#7563,#7580,
    #7606,#7632,#7678,#7722,#7746,#7790,#7814,#7858,#7882,#7923,#7941,
    #7976,#8008,#8032,#8085,#8097,#8111,#8125,#8150,#8167,#8184,#8196,
    #8238,#8255,#8275,#8291,#8303,#8323,#8341,#8357,#8373,#8389,#8405,
    #8421,#8433,#8473,#8485,#8510,#8527,#8551,#8574,#8586,#8603,#8617,
    #8642,#8659,#8684,#8701,#8718,#8737,#8754,#8766,#8783,#8808,#8825,
    #8842,#8866,#8884,#8903,#8920,#8932,#8949,#8961,#8977,#8989,#9022,
    #9063,#9079,#9104,#9130,#9146,#9187,#9207,#9240,#9281,#9297,#9322,
    #9348,#9364,#9405,#9425,#9458,#9499,#9515,#9540,#9566,#9582,#9623,
    #9643,#9663,#9675,#9691,#9707,#9719,#9731,#9773,#9815,#9827,#9839,
    #9859,#9875,#9887,#9907,#9923,#9935,#9955,#9967,#9983,#9999,#10011,
    #10023,#10065,#10082,#10094,#10106,#10126,#10142,#10154,#10174,
    #10186,#10202,#10218,#10230,#10242,#10284,#10316,#10340,#10357,
    #10369,#10389,#10405));
#17 = ADVANCED_FACE('',(#18,#69),#96,.T.);
#18 = FACE_BOUND('',#19,.T.);
#19 = EDGE_LOOP('',(#20,#30,#39,#47,#55,#63));
#20 = ORIENTED_EDGE('',*,*,#21,.T.);
#21 = EDGE_CURVE('',#22,#24,#26,.T.);
#22 = VERTEX_POINT('',#23);
#23 = CARTESIAN_POINT('',(-61.25541545482,253.8,-0.8));
#24 = VERTEX_POINT('',#25);
#25 = CARTESIAN_POINT('',(-61.25541545482,279.67984060466,-0.8));
#26 = LINE('',#27,#28);
#27 = CARTESIAN_POINT('',(-61.25541545482,240.,-0.8));
#28 = VECTOR('',#29,1.);
#29 = DIRECTION('',(0.,1.,0.));
#30 = ORIENTED_EDGE('',*,*,#31,.T.);
#31 = EDGE_CURVE('',#24,#32,#34,.T.);
#32 = VERTEX_POINT('',#33);
#33 = CARTESIAN_POINT('',(-60.99999999997,279.74999999999,
    -1.635426309336));
#34 = ELLIPSE('',#35,1.71015180999,0.500000000021);
#35 = AXIS2_PLACEMENT_3D('',#36,#37,#38);
#36 = CARTESIAN_POINT('',(-60.99999999997,279.24999999997,
    -1.635426309317));
#37 = DIRECTION('',(-0.956304755963,0.,-0.292371704722));
#38 = DIRECTION('',(-0.292371704722,0.,0.956304755963));
#39 = ORIENTED_EDGE('',*,*,#40,.F.);
#40 = EDGE_CURVE('',#41,#32,#43,.T.);
#41 = VERTEX_POINT('',#42);
#42 = CARTESIAN_POINT('',(-56.3025784152,279.75,-17.));
#43 = LINE('',#44,#45);
#44 = CARTESIAN_POINT('',(-56.3025784152,279.75,-17.));
#45 = VECTOR('',#46,1.);
#46 = DIRECTION('',(-0.292371704723,0.,0.956304755963));
#47 = ORIENTED_EDGE('',*,*,#48,.T.);
#48 = EDGE_CURVE('',#41,#49,#51,.T.);
#49 = VERTEX_POINT('',#50);
#50 = CARTESIAN_POINT('',(-56.3025784152,255.,-17.));
#51 = LINE('',#52,#53);
#52 = CARTESIAN_POINT('',(-56.3025784152,279.75,-17.));
#53 = VECTOR('',#54,1.);
#54 = DIRECTION('',(0.,-1.,2.2E-16));
#55 = ORIENTED_EDGE('',*,*,#56,.T.);
#56 = EDGE_CURVE('',#49,#57,#59,.T.);
#57 = VERTEX_POINT('',#58);
#58 = CARTESIAN_POINT('',(-60.88853863707,255.,-2.));
#59 = LINE('',#60,#61);
#60 = CARTESIAN_POINT('',(-50.24781206112,255.,-36.80424838356));
#61 = VECTOR('',#62,1.);
#62 = DIRECTION('',(-0.292371704722,0.,0.956304755963));
#63 = ORIENTED_EDGE('',*,*,#64,.T.);
#64 = EDGE_CURVE('',#57,#22,#65,.T.);
#65 = LINE('',#66,#67);
#66 = CARTESIAN_POINT('',(-61.50081965425,252.99731903173,
    2.680968269852E-03));
#67 = VECTOR('',#68,1.);
#68 = DIRECTION('',(-0.211302932281,-0.691140749345,0.691140749345));
#69 = FACE_BOUND('',#70,.T.);
#70 = EDGE_LOOP('',(#71,#82,#90));
#71 = ORIENTED_EDGE('',*,*,#72,.F.);
#72 = EDGE_CURVE('',#73,#75,#77,.T.);
#73 = VERTEX_POINT('',#74);
#74 = CARTESIAN_POINT('',(-58.10884020047,264.19786550256,
    -11.09198390998));
#75 = VERTEX_POINT('',#76);
#76 = CARTESIAN_POINT('',(-58.10884020047,267.80213449743,
    -11.09198390998));
#77 = CIRCLE('',#78,2.2);
#78 = AXIS2_PLACEMENT_3D('',#79,#80,#81);
#79 = CARTESIAN_POINT('',(-58.47777474553,266.,-9.885253387202));
#80 = DIRECTION('',(-0.956304755963,-0.,-0.292371704723));
#81 = DIRECTION('',(0.292371704723,0.,-0.956304755963));
#82 = ORIENTED_EDGE('',*,*,#83,.T.);
#83 = EDGE_CURVE('',#73,#84,#86,.T.);
#84 = VERTEX_POINT('',#85);
#85 = CARTESIAN_POINT('',(-57.35635881973,266.,-13.55323960452));
#86 = LINE('',#87,#88);
#87 = CARTESIAN_POINT('',(-60.03673840269,259.58069895637,
    -4.786113027067));
#88 = VECTOR('',#89,1.);
#89 = DIRECTION('',(0.239496879616,0.573576436351,-0.78335899581));
#90 = ORIENTED_EDGE('',*,*,#91,.T.);
#91 = EDGE_CURVE('',#84,#75,#92,.T.);
#92 = LINE('',#93,#94);
#93 = CARTESIAN_POINT('',(-56.08888377741,262.96449565814,
    -17.69896366555));
#94 = VECTOR('',#95,1.);
#95 = DIRECTION('',(-0.239496879616,0.573576436351,0.78335899581));
#96 = PLANE('',#97);
#97 = AXIS2_PLACEMENT_3D('',#98,#99,#100);
#98 = CARTESIAN_POINT('',(-58.90128920759,240.,-8.5));
#99 = DIRECTION('',(-0.956304755963,-0.,-0.292371704722));
#100 = DIRECTION('',(0.292371704722,0.,-0.956304755963));
#101 = ADVANCED_FACE('',(#102),#279,.F.);
#102 = FACE_BOUND('',#103,.F.);
#103 = EDGE_LOOP('',(#104,#115,#123,#131,#139,#148,#156,#164,#173,#181,
    #190,#198,#207,#215,#224,#232,#240,#249,#257,#263,#264,#273));
#104 = ORIENTED_EDGE('',*,*,#105,.T.);
#105 = EDGE_CURVE('',#106,#108,#110,.T.);
#106 = VERTEX_POINT('',#107);
#107 = CARTESIAN_POINT('',(-61.49999999999,200.75000000002,-0.8));
#108 = VERTEX_POINT('',#109);
#109 = CARTESIAN_POINT('',(-61.25541545482,200.32015939533,-0.8));
#110 = CIRCLE('',#111,0.500000000021);
#111 = AXIS2_PLACEMENT_3D('',#112,#113,#114);
#112 = CARTESIAN_POINT('',(-60.99999999997,200.75000000002,-0.8));
#113 = DIRECTION('',(0.,0.,1.));
#114 = DIRECTION('',(1.,0.,0.));
#115 = ORIENTED_EDGE('',*,*,#116,.T.);
#116 = EDGE_CURVE('',#108,#117,#119,.T.);
#117 = VERTEX_POINT('',#118);
#118 = CARTESIAN_POINT('',(-61.25541545482,226.2,-0.8));
#119 = LINE('',#120,#121);
#120 = CARTESIAN_POINT('',(-61.25541545482,220.,-0.8));
#121 = VECTOR('',#122,1.);
#122 = DIRECTION('',(0.,1.,0.));
#123 = ORIENTED_EDGE('',*,*,#124,.T.);
#124 = EDGE_CURVE('',#117,#125,#127,.T.);
#125 = VERTEX_POINT('',#126);
#126 = CARTESIAN_POINT('',(-53.02584946107,226.2,-0.8));
#127 = LINE('',#128,#129);
#128 = CARTESIAN_POINT('',(-30.14396674183,226.2,-0.8));
#129 = VECTOR('',#130,1.);
#130 = DIRECTION('',(1.,0.,0.));
#131 = ORIENTED_EDGE('',*,*,#132,.T.);
#132 = EDGE_CURVE('',#125,#133,#135,.T.);
#133 = VERTEX_POINT('',#134);
#134 = CARTESIAN_POINT('',(-53.02584946107,204.46429691164,-0.8));
#135 = LINE('',#136,#137);
#136 = CARTESIAN_POINT('',(-53.02584946107,258.075,-0.8));
#137 = VECTOR('',#138,1.);
#138 = DIRECTION('',(-2.2E-16,-1.,0.));
#139 = ORIENTED_EDGE('',*,*,#140,.T.);
#140 = EDGE_CURVE('',#133,#141,#143,.T.);
#141 = VERTEX_POINT('',#142);
#142 = CARTESIAN_POINT('',(-51.72792905318,203.95,-0.8));
#143 = ELLIPSE('',#144,4.182767025949,4.);
#144 = AXIS2_PLACEMENT_3D('',#145,#146,#147);
#145 = CARTESIAN_POINT('',(-50.79849788996,207.85,-0.8));
#146 = DIRECTION('',(0.,0.,1.));
#147 = DIRECTION('',(-1.,0.,0.));
#148 = ORIENTED_EDGE('',*,*,#149,.T.);
#149 = EDGE_CURVE('',#141,#150,#152,.T.);
#150 = VERTEX_POINT('',#151);
#151 = CARTESIAN_POINT('',(51.5,203.95,-0.8));
#152 = LINE('',#153,#154);
#153 = CARTESIAN_POINT('',(-2.136651896123,203.95,-0.8));
#154 = VECTOR('',#155,1.);
#155 = DIRECTION('',(1.,0.,0.));
#156 = ORIENTED_EDGE('',*,*,#157,.T.);
#157 = EDGE_CURVE('',#150,#158,#160,.T.);
#158 = VERTEX_POINT('',#159);
#159 = CARTESIAN_POINT('',(51.5,208.,-0.8));
#160 = LINE('',#161,#162);
#161 = CARTESIAN_POINT('',(51.5,240.,-0.8));
#162 = VECTOR('',#163,1.);
#163 = DIRECTION('',(0.,1.,0.));
#164 = ORIENTED_EDGE('',*,*,#165,.F.);
#165 = EDGE_CURVE('',#166,#158,#168,.T.);
#166 = VERTEX_POINT('',#167);
#167 = CARTESIAN_POINT('',(48.5,205.,-0.8));
#168 = CIRCLE('',#169,3.);
#169 = AXIS2_PLACEMENT_3D('',#170,#171,#172);
#170 = CARTESIAN_POINT('',(48.5,208.,-0.8));
#171 = DIRECTION('',(0.,0.,1.));
#172 = DIRECTION('',(1.,0.,0.));
#173 = ORIENTED_EDGE('',*,*,#174,.F.);
#174 = EDGE_CURVE('',#175,#166,#177,.T.);
#175 = VERTEX_POINT('',#176);
#176 = CARTESIAN_POINT('',(-38.5,205.,-0.8));
#177 = LINE('',#178,#179);
#178 = CARTESIAN_POINT('',(-38.5,205.,-0.8));
#179 = VECTOR('',#180,1.);
#180 = DIRECTION('',(1.,0.,0.));
#181 = ORIENTED_EDGE('',*,*,#182,.F.);
#182 = EDGE_CURVE('',#183,#175,#185,.T.);
#183 = VERTEX_POINT('',#184);
#184 = CARTESIAN_POINT('',(-41.5,208.,-0.8));
#185 = CIRCLE('',#186,3.);
#186 = AXIS2_PLACEMENT_3D('',#187,#188,#189);
#187 = CARTESIAN_POINT('',(-38.5,208.,-0.8));
#188 = DIRECTION('',(0.,0.,1.));
#189 = DIRECTION('',(1.,0.,0.));
#190 = ORIENTED_EDGE('',*,*,#191,.F.);
#191 = EDGE_CURVE('',#192,#183,#194,.T.);
#192 = VERTEX_POINT('',#193);
#193 = CARTESIAN_POINT('',(-41.5,272.,-0.8));
#194 = LINE('',#195,#196);
#195 = CARTESIAN_POINT('',(-41.5,272.,-0.8));
#196 = VECTOR('',#197,1.);
#197 = DIRECTION('',(0.,-1.,0.));
#198 = ORIENTED_EDGE('',*,*,#199,.F.);
#199 = EDGE_CURVE('',#200,#192,#202,.T.);
#200 = VERTEX_POINT('',#201);
#201 = CARTESIAN_POINT('',(-38.5,275.,-0.8));
#202 = CIRCLE('',#203,3.);
#203 = AXIS2_PLACEMENT_3D('',#204,#205,#206);
#204 = CARTESIAN_POINT('',(-38.5,272.,-0.8));
#205 = DIRECTION('',(0.,0.,1.));
#206 = DIRECTION('',(1.,0.,0.));
#207 = ORIENTED_EDGE('',*,*,#208,.F.);
#208 = EDGE_CURVE('',#209,#200,#211,.T.);
#209 = VERTEX_POINT('',#210);
#210 = CARTESIAN_POINT('',(48.5,275.,-0.8));
#211 = LINE('',#212,#213);
#212 = CARTESIAN_POINT('',(48.5,275.,-0.8));
#213 = VECTOR('',#214,1.);
#214 = DIRECTION('',(-1.,0.,0.));
#215 = ORIENTED_EDGE('',*,*,#216,.F.);
#216 = EDGE_CURVE('',#217,#209,#219,.T.);
#217 = VERTEX_POINT('',#218);
#218 = CARTESIAN_POINT('',(51.5,272.,-0.8));
#219 = CIRCLE('',#220,3.);
#220 = AXIS2_PLACEMENT_3D('',#221,#222,#223);
#221 = CARTESIAN_POINT('',(48.5,272.,-0.8));
#222 = DIRECTION('',(0.,0.,1.));
#223 = DIRECTION('',(1.,0.,0.));
#224 = ORIENTED_EDGE('',*,*,#225,.T.);
#225 = EDGE_CURVE('',#217,#226,#228,.T.);
#226 = VERTEX_POINT('',#227);
#227 = CARTESIAN_POINT('',(51.5,276.1,-0.8));
#228 = LINE('',#229,#230);
#229 = CARTESIAN_POINT('',(51.5,240.,-0.8));
#230 = VECTOR('',#231,1.);
#231 = DIRECTION('',(0.,1.,0.));
#232 = ORIENTED_EDGE('',*,*,#233,.F.);
#233 = EDGE_CURVE('',#234,#226,#236,.T.);
#234 = VERTEX_POINT('',#235);
#235 = CARTESIAN_POINT('',(-51.45778145695,276.1,-0.8));
#236 = LINE('',#237,#238);
#237 = CARTESIAN_POINT('',(-28.89396674183,276.1,-0.8));
#238 = VECTOR('',#239,1.);
#239 = DIRECTION('',(1.,0.,0.));
#240 = ORIENTED_EDGE('',*,*,#241,.T.);
#241 = EDGE_CURVE('',#234,#242,#244,.T.);
#242 = VERTEX_POINT('',#243);
#243 = CARTESIAN_POINT('',(-53.02584946107,275.53570308835,-0.8));
#244 = ELLIPSE('',#245,4.182767025949,4.);
#245 = AXIS2_PLACEMENT_3D('',#246,#247,#248);
#246 = CARTESIAN_POINT('',(-50.79849788996,272.15,-0.8));
#247 = DIRECTION('',(0.,0.,1.));
#248 = DIRECTION('',(-1.,-1.45E-15,0.));
#249 = ORIENTED_EDGE('',*,*,#250,.T.);
#250 = EDGE_CURVE('',#242,#251,#253,.T.);
#251 = VERTEX_POINT('',#252);
#252 = CARTESIAN_POINT('',(-53.02584946107,253.8,-0.8));
#253 = LINE('',#254,#255);
#254 = CARTESIAN_POINT('',(-53.02584946107,258.075,-0.8));
#255 = VECTOR('',#256,1.);
#256 = DIRECTION('',(-2.2E-16,-1.,0.));
#257 = ORIENTED_EDGE('',*,*,#258,.T.);
#258 = EDGE_CURVE('',#251,#22,#259,.T.);
#259 = LINE('',#260,#261);
#260 = CARTESIAN_POINT('',(-30.14396674183,253.8,-0.8));
#261 = VECTOR('',#262,1.);
#262 = DIRECTION('',(-1.,0.,0.));
#263 = ORIENTED_EDGE('',*,*,#21,.T.);
#264 = ORIENTED_EDGE('',*,*,#265,.T.);
#265 = EDGE_CURVE('',#24,#266,#268,.T.);
#266 = VERTEX_POINT('',#267);
#267 = CARTESIAN_POINT('',(-61.49999999999,279.24999999997,-0.8));
#268 = CIRCLE('',#269,0.500000000021);
#269 = AXIS2_PLACEMENT_3D('',#270,#271,#272);
#270 = CARTESIAN_POINT('',(-60.99999999997,279.24999999997,-0.8));
#271 = DIRECTION('',(0.,0.,1.));
#272 = DIRECTION('',(1.,0.,0.));
#273 = ORIENTED_EDGE('',*,*,#274,.T.);
#274 = EDGE_CURVE('',#266,#106,#275,.T.);
#275 = LINE('',#276,#277);
#276 = CARTESIAN_POINT('',(-61.49999999999,279.24999999997,-0.8));
#277 = VECTOR('',#278,1.);
#278 = DIRECTION('',(0.,-1.,0.));
#279 = PLANE('',#280);
#280 = AXIS2_PLACEMENT_3D('',#281,#282,#283);
#281 = CARTESIAN_POINT('',(2.212066516339,240.,-0.8));
#282 = DIRECTION('',(0.,0.,1.));
#283 = DIRECTION('',(1.,0.,0.));
#284 = ADVANCED_FACE('',(#285),#303,.T.);
#285 = FACE_BOUND('',#286,.T.);
#286 = EDGE_LOOP('',(#287,#288,#296,#302));
#287 = ORIENTED_EDGE('',*,*,#64,.F.);
#288 = ORIENTED_EDGE('',*,*,#289,.T.);
#289 = EDGE_CURVE('',#57,#290,#292,.T.);
#290 = VERTEX_POINT('',#291);
#291 = CARTESIAN_POINT('',(-54.22584946107,255.,-2.));
#292 = LINE('',#293,#294);
#293 = CARTESIAN_POINT('',(-62.5,255.,-2.));
#294 = VECTOR('',#295,1.);
#295 = DIRECTION('',(1.,0.,0.));
#296 = ORIENTED_EDGE('',*,*,#297,.F.);
#297 = EDGE_CURVE('',#251,#290,#298,.T.);
#298 = LINE('',#299,#300);
#299 = CARTESIAN_POINT('',(-58.29654121756,259.07069175648,
    -6.070691756487));
#300 = VECTOR('',#301,1.);
#301 = DIRECTION('',(-0.57735026919,0.57735026919,-0.57735026919));
#302 = ORIENTED_EDGE('',*,*,#258,.T.);
#303 = PLANE('',#304);
#304 = AXIS2_PLACEMENT_3D('',#305,#306,#307);
#305 = CARTESIAN_POINT('',(-62.5,255.,-2.));
#306 = DIRECTION('',(0.,-0.707106781187,-0.707106781187));
#307 = DIRECTION('',(0.,-0.707106781187,0.707106781187));
#308 = ADVANCED_FACE('',(#309),#359,.T.);
#309 = FACE_BOUND('',#310,.T.);
#310 = EDGE_LOOP('',(#311,#312,#313,#321,#329,#337,#345,#353));
#311 = ORIENTED_EDGE('',*,*,#289,.F.);
#312 = ORIENTED_EDGE('',*,*,#56,.F.);
#313 = ORIENTED_EDGE('',*,*,#314,.F.);
#314 = EDGE_CURVE('',#315,#49,#317,.T.);
#315 = VERTEX_POINT('',#316);
#316 = CARTESIAN_POINT('',(-49.25916979427,255.,-70.5));
#317 = LINE('',#318,#319);
#318 = CARTESIAN_POINT('',(-51.06810977536,255.,-56.75973669902));
#319 = VECTOR('',#320,1.);
#320 = DIRECTION('',(-0.13052619222,0.,0.991444861374));
#321 = ORIENTED_EDGE('',*,*,#322,.F.);
#322 = EDGE_CURVE('',#323,#315,#325,.T.);
#323 = VERTEX_POINT('',#324);
#324 = CARTESIAN_POINT('',(-45.22465395195,255.,-70.5));
#325 = LINE('',#326,#327);
#326 = CARTESIAN_POINT('',(-51.6507988865,255.,-70.5));
#327 = VECTOR('',#328,1.);
#328 = DIRECTION('',(-1.,-0.,-7.9E-16));
#329 = ORIENTED_EDGE('',*,*,#330,.F.);
#330 = EDGE_CURVE('',#331,#323,#333,.T.);
#331 = VERTEX_POINT('',#332);
#332 = CARTESIAN_POINT('',(-51.97320907139,255.,-19.2396346966));
#333 = LINE('',#334,#335);
#334 = CARTESIAN_POINT('',(-48.68138753593,255.,-44.24350166288));
#335 = VECTOR('',#336,1.);
#336 = DIRECTION('',(0.13052619222,0.,-0.991444861374));
#337 = ORIENTED_EDGE('',*,*,#338,.F.);
#338 = EDGE_CURVE('',#339,#331,#341,.T.);
#339 = VERTEX_POINT('',#340);
#340 = CARTESIAN_POINT('',(-50.02842787628,255.,-17.));
#341 = LINE('',#342,#343);
#342 = CARTESIAN_POINT('',(-66.19945413361,255.,-35.62275899038));
#343 = VECTOR('',#344,1.);
#344 = DIRECTION('',(-0.655654995826,-0.,-0.755060611109));
#345 = ORIENTED_EDGE('',*,*,#346,.F.);
#346 = EDGE_CURVE('',#347,#339,#349,.T.);
#347 = VERTEX_POINT('',#348);
#348 = CARTESIAN_POINT('',(-54.52341360856,255.,-2.297564147492));
#349 = LINE('',#350,#351);
#350 = CARTESIAN_POINT('',(-45.54117791997,255.,-31.67713326938));
#351 = VECTOR('',#352,1.);
#352 = DIRECTION('',(0.292371704723,0.,-0.956304755963));
#353 = ORIENTED_EDGE('',*,*,#354,.F.);
#354 = EDGE_CURVE('',#290,#347,#355,.T.);
#355 = LINE('',#356,#357);
#356 = CARTESIAN_POINT('',(-72.4193870958,255.,-20.19353763473));
#357 = VECTOR('',#358,1.);
#358 = DIRECTION('',(-0.707106781187,-0.,-0.707106781187));
#359 = PLANE('',#360);
#360 = AXIS2_PLACEMENT_3D('',#361,#362,#363);
#361 = CARTESIAN_POINT('',(-62.5,255.,-71.5));
#362 = DIRECTION('',(0.,-1.,0.));
#363 = DIRECTION('',(0.,0.,1.));
#364 = ADVANCED_FACE('',(#365),#383,.T.);
#365 = FACE_BOUND('',#366,.T.);
#366 = EDGE_LOOP('',(#367,#368,#376,#382));
#367 = ORIENTED_EDGE('',*,*,#48,.F.);
#368 = ORIENTED_EDGE('',*,*,#369,.F.);
#369 = EDGE_CURVE('',#370,#41,#372,.T.);
#370 = VERTEX_POINT('',#371);
#371 = CARTESIAN_POINT('',(-49.25916979427,279.75,-70.5));
#372 = LINE('',#373,#374);
#373 = CARTESIAN_POINT('',(-49.25916979427,279.75,-70.5));
#374 = VECTOR('',#375,1.);
#375 = DIRECTION('',(-0.13052619222,0.,0.991444861374));
#376 = ORIENTED_EDGE('',*,*,#377,.T.);
#377 = EDGE_CURVE('',#370,#315,#378,.T.);
#378 = LINE('',#379,#380);
#379 = CARTESIAN_POINT('',(-49.25916979427,279.75,-70.5));
#380 = VECTOR('',#381,1.);
#381 = DIRECTION('',(0.,-1.,2.2E-16));
#382 = ORIENTED_EDGE('',*,*,#314,.T.);
#383 = PLANE('',#384);
#384 = AXIS2_PLACEMENT_3D('',#385,#386,#387);
#385 = CARTESIAN_POINT('',(-52.78087410474,240.,-43.75));
#386 = DIRECTION('',(-0.991444861374,-0.,-0.13052619222));
#387 = DIRECTION('',(0.13052619222,0.,-0.991444861374));
#388 = ADVANCED_FACE('',(#389),#431,.T.);
#389 = FACE_BOUND('',#390,.T.);
#390 = EDGE_LOOP('',(#391,#401,#409,#415,#416,#417,#425));
#391 = ORIENTED_EDGE('',*,*,#392,.T.);
#392 = EDGE_CURVE('',#393,#395,#397,.T.);
#393 = VERTEX_POINT('',#394);
#394 = CARTESIAN_POINT('',(60.999999999971,279.74999999999,2.5));
#395 = VERTEX_POINT('',#396);
#396 = CARTESIAN_POINT('',(61.,279.75,-10.37457046768));
#397 = LINE('',#398,#399);
#398 = CARTESIAN_POINT('',(60.999999999971,279.74999999999,2.5));
#399 = VECTOR('',#400,1.);
#400 = DIRECTION('',(-0.,-0.,-1.));
#401 = ORIENTED_EDGE('',*,*,#402,.F.);
#402 = EDGE_CURVE('',#403,#395,#405,.T.);
#403 = VERTEX_POINT('',#404);
#404 = CARTESIAN_POINT('',(-19.25916979427,279.75,-70.5));
#405 = LINE('',#406,#407);
#406 = CARTESIAN_POINT('',(-19.25916979427,279.75,-70.5));
#407 = VECTOR('',#408,1.);
#408 = DIRECTION('',(0.800329895836,-4.E-16,0.599559886777));
#409 = ORIENTED_EDGE('',*,*,#410,.T.);
#410 = EDGE_CURVE('',#403,#370,#411,.T.);
#411 = LINE('',#412,#413);
#412 = CARTESIAN_POINT('',(-45.22465395195,279.75,-70.5));
#413 = VECTOR('',#414,1.);
#414 = DIRECTION('',(-1.,0.,0.));
#415 = ORIENTED_EDGE('',*,*,#369,.T.);
#416 = ORIENTED_EDGE('',*,*,#40,.T.);
#417 = ORIENTED_EDGE('',*,*,#418,.T.);
#418 = EDGE_CURVE('',#32,#419,#421,.T.);
#419 = VERTEX_POINT('',#420);
#420 = CARTESIAN_POINT('',(-60.99999999997,279.74999999999,2.5));
#421 = LINE('',#422,#423);
#422 = CARTESIAN_POINT('',(-60.99999999997,279.74999999999,-2.665E-14));
#423 = VECTOR('',#424,1.);
#424 = DIRECTION('',(0.,0.,1.));
#425 = ORIENTED_EDGE('',*,*,#426,.F.);
#426 = EDGE_CURVE('',#393,#419,#427,.T.);
#427 = LINE('',#428,#429);
#428 = CARTESIAN_POINT('',(60.999999999971,279.74999999999,2.5));
#429 = VECTOR('',#430,1.);
#430 = DIRECTION('',(-1.,0.,0.));
#431 = PLANE('',#432);
#432 = AXIS2_PLACEMENT_3D('',#433,#434,#435);
#433 = CARTESIAN_POINT('',(-6.460604596556,279.74999999999,
    -24.82778616014));
#434 = DIRECTION('',(-4.69E-15,1.,8.65E-14));
#435 = DIRECTION('',(0.,-8.65E-14,1.));
#436 = ADVANCED_FACE('',(#437),#457,.T.);
#437 = FACE_BOUND('',#438,.T.);
#438 = EDGE_LOOP('',(#439,#440,#441,#449,#456));
#439 = ORIENTED_EDGE('',*,*,#31,.F.);
#440 = ORIENTED_EDGE('',*,*,#265,.T.);
#441 = ORIENTED_EDGE('',*,*,#442,.F.);
#442 = EDGE_CURVE('',#443,#266,#445,.T.);
#443 = VERTEX_POINT('',#444);
#444 = CARTESIAN_POINT('',(-61.49999999999,279.24999999997,2.5));
#445 = LINE('',#446,#447);
#446 = CARTESIAN_POINT('',(-61.49999999999,279.24999999997,2.5));
#447 = VECTOR('',#448,1.);
#448 = DIRECTION('',(-0.,-0.,-1.));
#449 = ORIENTED_EDGE('',*,*,#450,.F.);
#450 = EDGE_CURVE('',#419,#443,#451,.T.);
#451 = CIRCLE('',#452,0.500000000021);
#452 = AXIS2_PLACEMENT_3D('',#453,#454,#455);
#453 = CARTESIAN_POINT('',(-60.99999999997,279.24999999997,2.5));
#454 = DIRECTION('',(0.,0.,1.));
#455 = DIRECTION('',(1.,0.,0.));
#456 = ORIENTED_EDGE('',*,*,#418,.F.);
#457 = CYLINDRICAL_SURFACE('',#458,0.500000000021);
#458 = AXIS2_PLACEMENT_3D('',#459,#460,#461);
#459 = CARTESIAN_POINT('',(-60.99999999997,279.24999999997,2.5));
#460 = DIRECTION('',(0.,0.,1.));
#461 = DIRECTION('',(1.,0.,0.));
#462 = ADVANCED_FACE('',(#463),#489,.F.);
#463 = FACE_BOUND('',#464,.T.);
#464 = EDGE_LOOP('',(#465,#473,#474,#482));
#465 = ORIENTED_EDGE('',*,*,#466,.F.);
#466 = EDGE_CURVE('',#73,#467,#469,.T.);
#467 = VERTEX_POINT('',#468);
#468 = CARTESIAN_POINT('',(-54.666143079,264.19786550256,-10.03944577298
    ));
#469 = LINE('',#470,#471);
#470 = CARTESIAN_POINT('',(-59.06514495643,264.19786550256,
    -11.3843556147));
#471 = VECTOR('',#472,1.);
#472 = DIRECTION('',(0.956304755963,0.,0.292371704723));
#473 = ORIENTED_EDGE('',*,*,#72,.T.);
#474 = ORIENTED_EDGE('',*,*,#475,.T.);
#475 = EDGE_CURVE('',#75,#476,#478,.T.);
#476 = VERTEX_POINT('',#477);
#477 = CARTESIAN_POINT('',(-54.666143079,267.80213449743,-10.03944577298
    ));
#478 = LINE('',#479,#480);
#479 = CARTESIAN_POINT('',(-59.06514495643,267.80213449743,
    -11.3843556147));
#480 = VECTOR('',#481,1.);
#481 = DIRECTION('',(0.956304755963,0.,0.292371704723));
#482 = ORIENTED_EDGE('',*,*,#483,.T.);
#483 = EDGE_CURVE('',#476,#467,#484,.T.);
#484 = CIRCLE('',#485,2.2);
#485 = AXIS2_PLACEMENT_3D('',#486,#487,#488);
#486 = CARTESIAN_POINT('',(-55.03507762407,266.,-8.832715250201));
#487 = DIRECTION('',(0.956304755963,-0.,0.292371704723));
#488 = DIRECTION('',(0.292371704723,0.,-0.956304755963));
#489 = CYLINDRICAL_SURFACE('',#490,2.2);
#490 = AXIS2_PLACEMENT_3D('',#491,#492,#493);
#491 = CARTESIAN_POINT('',(-59.4340795015,266.,-10.17762509192));
#492 = DIRECTION('',(-0.956304755963,0.,-0.292371704723));
#493 = DIRECTION('',(0.292371704723,0.,-0.956304755963));
#494 = ADVANCED_FACE('',(#495),#513,.T.);
#495 = FACE_BOUND('',#496,.T.);
#496 = EDGE_LOOP('',(#497,#498,#499,#507));
#497 = ORIENTED_EDGE('',*,*,#83,.F.);
#498 = ORIENTED_EDGE('',*,*,#466,.T.);
#499 = ORIENTED_EDGE('',*,*,#500,.T.);
#500 = EDGE_CURVE('',#467,#501,#503,.T.);
#501 = VERTEX_POINT('',#502);
#502 = CARTESIAN_POINT('',(-53.91366169826,266.,-12.50070146752));
#503 = LINE('',#504,#505);
#504 = CARTESIAN_POINT('',(-54.666143079,264.19786550256,-10.03944577298
    ));
#505 = VECTOR('',#506,1.);
#506 = DIRECTION('',(0.239496879616,0.573576436351,-0.78335899581));
#507 = ORIENTED_EDGE('',*,*,#508,.F.);
#508 = EDGE_CURVE('',#84,#501,#509,.T.);
#509 = LINE('',#510,#511);
#510 = CARTESIAN_POINT('',(-58.31266357569,266.,-13.84561130925));
#511 = VECTOR('',#512,1.);
#512 = DIRECTION('',(0.956304755963,0.,0.292371704723));
#513 = PLANE('',#514);
#514 = AXIS2_PLACEMENT_3D('',#515,#516,#517);
#515 = CARTESIAN_POINT('',(-59.06514495643,264.19786550256,
    -11.3843556147));
#516 = DIRECTION('',(-0.167697520485,0.819152044289,0.548513873991));
#517 = DIRECTION('',(0.239496879616,0.573576436351,-0.78335899581));
#518 = ADVANCED_FACE('',(#519),#530,.T.);
#519 = FACE_BOUND('',#520,.T.);
#520 = EDGE_LOOP('',(#521,#522,#523,#529));
#521 = ORIENTED_EDGE('',*,*,#91,.F.);
#522 = ORIENTED_EDGE('',*,*,#508,.T.);
#523 = ORIENTED_EDGE('',*,*,#524,.T.);
#524 = EDGE_CURVE('',#501,#476,#525,.T.);
#525 = LINE('',#526,#527);
#526 = CARTESIAN_POINT('',(-53.91366169826,266.,-12.50070146752));
#527 = VECTOR('',#528,1.);
#528 = DIRECTION('',(-0.239496879616,0.573576436351,0.78335899581));
#529 = ORIENTED_EDGE('',*,*,#475,.F.);
#530 = PLANE('',#531);
#531 = AXIS2_PLACEMENT_3D('',#532,#533,#534);
#532 = CARTESIAN_POINT('',(-58.31266357569,266.,-13.84561130925));
#533 = DIRECTION('',(-0.167697520485,-0.819152044289,0.548513873991));
#534 = DIRECTION('',(-0.239496879616,0.573576436351,0.78335899581));
#535 = ADVANCED_FACE('',(#536),#554,.T.);
#536 = FACE_BOUND('',#537,.T.);
#537 = EDGE_LOOP('',(#538,#547,#553));
#538 = ORIENTED_EDGE('',*,*,#539,.T.);
#539 = EDGE_CURVE('',#108,#540,#542,.T.);
#540 = VERTEX_POINT('',#541);
#541 = CARTESIAN_POINT('',(-61.49999999999,200.75000000002,0.));
#542 = ELLIPSE('',#543,1.71015180999,0.500000000021);
#543 = AXIS2_PLACEMENT_3D('',#544,#545,#546);
#544 = CARTESIAN_POINT('',(-60.99999999997,200.75000000002,
    -1.635426309314));
#545 = DIRECTION('',(-0.956304755963,0.,-0.292371704722));
#546 = DIRECTION('',(-0.292371704722,0.,0.956304755963));
#547 = ORIENTED_EDGE('',*,*,#548,.T.);
#548 = EDGE_CURVE('',#540,#106,#549,.T.);
#549 = LINE('',#550,#551);
#550 = CARTESIAN_POINT('',(-61.49999999999,200.75000000002,0.));
#551 = VECTOR('',#552,1.);
#552 = DIRECTION('',(-0.,-0.,-1.));
#553 = ORIENTED_EDGE('',*,*,#105,.T.);
#554 = CYLINDRICAL_SURFACE('',#555,0.500000000021);
#555 = AXIS2_PLACEMENT_3D('',#556,#557,#558);
#556 = CARTESIAN_POINT('',(-60.99999999997,200.75000000002,0.));
#557 = DIRECTION('',(0.,0.,1.));
#558 = DIRECTION('',(1.,0.,0.));
#559 = ADVANCED_FACE('',(#560),#715,.T.);
#560 = FACE_BOUND('',#561,.T.);
#561 = EDGE_LOOP('',(#562,#572,#580,#588,#596,#604,#612,#618,#619,#620,
    #621,#629,#637,#645,#653,#661,#669,#677,#685,#693,#701,#709));
#562 = ORIENTED_EDGE('',*,*,#563,.F.);
#563 = EDGE_CURVE('',#564,#566,#568,.T.);
#564 = VERTEX_POINT('',#565);
#565 = CARTESIAN_POINT('',(-61.49999999999,39.249999999971,2.5));
#566 = VERTEX_POINT('',#567);
#567 = CARTESIAN_POINT('',(-61.49999999999,-39.24999999997,2.5));
#568 = LINE('',#569,#570);
#569 = CARTESIAN_POINT('',(-61.49999999999,39.249999999971,2.5));
#570 = VECTOR('',#571,1.);
#571 = DIRECTION('',(0.,-1.,0.));
#572 = ORIENTED_EDGE('',*,*,#573,.F.);
#573 = EDGE_CURVE('',#574,#564,#576,.T.);
#574 = VERTEX_POINT('',#575);
#575 = CARTESIAN_POINT('',(-61.49999999999,40.750000000029,2.5));
#576 = LINE('',#577,#578);
#577 = CARTESIAN_POINT('',(-61.5,41.25,2.5));
#578 = VECTOR('',#579,1.);
#579 = DIRECTION('',(0.,-1.,0.));
#580 = ORIENTED_EDGE('',*,*,#581,.F.);
#581 = EDGE_CURVE('',#582,#574,#584,.T.);
#582 = VERTEX_POINT('',#583);
#583 = CARTESIAN_POINT('',(-61.49999999999,119.24999999997,2.5));
#584 = LINE('',#585,#586);
#585 = CARTESIAN_POINT('',(-61.49999999999,119.24999999997,2.5));
#586 = VECTOR('',#587,1.);
#587 = DIRECTION('',(0.,-1.,0.));
#588 = ORIENTED_EDGE('',*,*,#589,.F.);
#589 = EDGE_CURVE('',#590,#582,#592,.T.);
#590 = VERTEX_POINT('',#591);
#591 = CARTESIAN_POINT('',(-61.49999999999,120.75000000002,2.5));
#592 = LINE('',#593,#594);
#593 = CARTESIAN_POINT('',(-61.5,121.25,2.5));
#594 = VECTOR('',#595,1.);
#595 = DIRECTION('',(0.,-1.,0.));
#596 = ORIENTED_EDGE('',*,*,#597,.F.);
#597 = EDGE_CURVE('',#598,#590,#600,.T.);
#598 = VERTEX_POINT('',#599);
#599 = CARTESIAN_POINT('',(-61.49999999999,199.24999999997,2.5));
#600 = LINE('',#601,#602);
#601 = CARTESIAN_POINT('',(-61.49999999999,199.24999999997,2.5));
#602 = VECTOR('',#603,1.);
#603 = DIRECTION('',(0.,-1.,0.));
#604 = ORIENTED_EDGE('',*,*,#605,.F.);
#605 = EDGE_CURVE('',#606,#598,#608,.T.);
#606 = VERTEX_POINT('',#607);
#607 = CARTESIAN_POINT('',(-61.49999999999,200.75000000002,2.5));
#608 = LINE('',#609,#610);
#609 = CARTESIAN_POINT('',(-61.5,201.25,2.5));
#610 = VECTOR('',#611,1.);
#611 = DIRECTION('',(0.,-1.,0.));
#612 = ORIENTED_EDGE('',*,*,#613,.F.);
#613 = EDGE_CURVE('',#443,#606,#614,.T.);
#614 = LINE('',#615,#616);
#615 = CARTESIAN_POINT('',(-61.49999999999,279.24999999997,2.5));
#616 = VECTOR('',#617,1.);
#617 = DIRECTION('',(0.,-1.,0.));
#618 = ORIENTED_EDGE('',*,*,#442,.T.);
#619 = ORIENTED_EDGE('',*,*,#274,.T.);
#620 = ORIENTED_EDGE('',*,*,#548,.F.);
#621 = ORIENTED_EDGE('',*,*,#622,.T.);
#622 = EDGE_CURVE('',#540,#623,#625,.T.);
#623 = VERTEX_POINT('',#624);
#624 = CARTESIAN_POINT('',(-61.49999999999,199.24999999997,0.));
#625 = LINE('',#626,#627);
#626 = CARTESIAN_POINT('',(-61.49999999999,279.24999999997,-2.665E-14));
#627 = VECTOR('',#628,1.);
#628 = DIRECTION('',(0.,-1.,0.));
#629 = ORIENTED_EDGE('',*,*,#630,.T.);
#630 = EDGE_CURVE('',#623,#631,#633,.T.);
#631 = VERTEX_POINT('',#632);
#632 = CARTESIAN_POINT('',(-61.49999999999,199.24999999997,-0.8));
#633 = LINE('',#634,#635);
#634 = CARTESIAN_POINT('',(-61.49999999999,199.24999999997,0.));
#635 = VECTOR('',#636,1.);
#636 = DIRECTION('',(-0.,-0.,-1.));
#637 = ORIENTED_EDGE('',*,*,#638,.T.);
#638 = EDGE_CURVE('',#631,#639,#641,.T.);
#639 = VERTEX_POINT('',#640);
#640 = CARTESIAN_POINT('',(-61.49999999999,120.75000000002,-0.8));
#641 = LINE('',#642,#643);
#642 = CARTESIAN_POINT('',(-61.49999999999,199.24999999997,-0.8));
#643 = VECTOR('',#644,1.);
#644 = DIRECTION('',(0.,-1.,0.));
#645 = ORIENTED_EDGE('',*,*,#646,.F.);
#646 = EDGE_CURVE('',#647,#639,#649,.T.);
#647 = VERTEX_POINT('',#648);
#648 = CARTESIAN_POINT('',(-61.49999999999,120.75000000002,0.));
#649 = LINE('',#650,#651);
#650 = CARTESIAN_POINT('',(-61.49999999999,120.75000000002,0.));
#651 = VECTOR('',#652,1.);
#652 = DIRECTION('',(-0.,-0.,-1.));
#653 = ORIENTED_EDGE('',*,*,#654,.T.);
#654 = EDGE_CURVE('',#647,#655,#657,.T.);
#655 = VERTEX_POINT('',#656);
#656 = CARTESIAN_POINT('',(-61.49999999999,119.24999999997,0.));
#657 = LINE('',#658,#659);
#658 = CARTESIAN_POINT('',(-61.49999999999,199.24999999997,-1.776E-14));
#659 = VECTOR('',#660,1.);
#660 = DIRECTION('',(0.,-1.,0.));
#661 = ORIENTED_EDGE('',*,*,#662,.T.);
#662 = EDGE_CURVE('',#655,#663,#665,.T.);
#663 = VERTEX_POINT('',#664);
#664 = CARTESIAN_POINT('',(-61.49999999999,119.24999999997,-0.8));
#665 = LINE('',#666,#667);
#666 = CARTESIAN_POINT('',(-61.49999999999,119.24999999997,0.));
#667 = VECTOR('',#668,1.);
#668 = DIRECTION('',(-0.,-0.,-1.));
#669 = ORIENTED_EDGE('',*,*,#670,.T.);
#670 = EDGE_CURVE('',#663,#671,#673,.T.);
#671 = VERTEX_POINT('',#672);
#672 = CARTESIAN_POINT('',(-61.49999999999,40.750000000029,-0.8));
#673 = LINE('',#674,#675);
#674 = CARTESIAN_POINT('',(-61.49999999999,119.24999999997,-0.8));
#675 = VECTOR('',#676,1.);
#676 = DIRECTION('',(0.,-1.,0.));
#677 = ORIENTED_EDGE('',*,*,#678,.F.);
#678 = EDGE_CURVE('',#679,#671,#681,.T.);
#679 = VERTEX_POINT('',#680);
#680 = CARTESIAN_POINT('',(-61.49999999999,40.750000000029,0.));
#681 = LINE('',#682,#683);
#682 = CARTESIAN_POINT('',(-61.49999999999,40.750000000029,0.));
#683 = VECTOR('',#684,1.);
#684 = DIRECTION('',(-0.,-0.,-1.));
#685 = ORIENTED_EDGE('',*,*,#686,.T.);
#686 = EDGE_CURVE('',#679,#687,#689,.T.);
#687 = VERTEX_POINT('',#688);
#688 = CARTESIAN_POINT('',(-61.49999999999,39.249999999971,0.));
#689 = LINE('',#690,#691);
#690 = CARTESIAN_POINT('',(-61.49999999999,119.24999999997,-8.88E-15));
#691 = VECTOR('',#692,1.);
#692 = DIRECTION('',(0.,-1.,0.));
#693 = ORIENTED_EDGE('',*,*,#694,.T.);
#694 = EDGE_CURVE('',#687,#695,#697,.T.);
#695 = VERTEX_POINT('',#696);
#696 = CARTESIAN_POINT('',(-61.49999999999,39.249999999971,-0.8));
#697 = LINE('',#698,#699);
#698 = CARTESIAN_POINT('',(-61.49999999999,39.249999999971,0.));
#699 = VECTOR('',#700,1.);
#700 = DIRECTION('',(-0.,-0.,-1.));
#701 = ORIENTED_EDGE('',*,*,#702,.T.);
#702 = EDGE_CURVE('',#695,#703,#705,.T.);
#703 = VERTEX_POINT('',#704);
#704 = CARTESIAN_POINT('',(-61.49999999999,-39.24999999997,-0.8));
#705 = LINE('',#706,#707);
#706 = CARTESIAN_POINT('',(-61.49999999999,39.249999999971,-0.8));
#707 = VECTOR('',#708,1.);
#708 = DIRECTION('',(0.,-1.,0.));
#709 = ORIENTED_EDGE('',*,*,#710,.F.);
#710 = EDGE_CURVE('',#566,#703,#711,.T.);
#711 = LINE('',#712,#713);
#712 = CARTESIAN_POINT('',(-61.49999999999,-39.24999999997,0.));
#713 = VECTOR('',#714,1.);
#714 = DIRECTION('',(-0.,-0.,-1.));
#715 = PLANE('',#716);
#716 = AXIS2_PLACEMENT_3D('',#717,#718,#719);
#717 = CARTESIAN_POINT('',(-61.49999999999,120.,0.846298581123));
#718 = DIRECTION('',(-1.,-3.74E-15,1.5627E-13));
#719 = DIRECTION('',(-1.5627E-13,4.229044359828E-44,-1.));
#720 = ADVANCED_FACE('',(#721),#741,.T.);
#721 = FACE_BOUND('',#722,.T.);
#722 = EDGE_LOOP('',(#723,#731,#738,#739,#740));
#723 = ORIENTED_EDGE('',*,*,#724,.F.);
#724 = EDGE_CURVE('',#725,#347,#727,.T.);
#725 = VERTEX_POINT('',#726);
#726 = CARTESIAN_POINT('',(-54.52341360856,272.15,-2.297564147492));
#727 = LINE('',#728,#729);
#728 = CARTESIAN_POINT('',(-54.52341360856,276.15,-2.297564147492));
#729 = VECTOR('',#730,1.);
#730 = DIRECTION('',(0.,-1.,2.2E-16));
#731 = ORIENTED_EDGE('',*,*,#732,.T.);
#732 = EDGE_CURVE('',#725,#242,#733,.T.);
#733 = ELLIPSE('',#734,4.530280202756,4.);
#734 = AXIS2_PLACEMENT_3D('',#735,#736,#737);
#735 = CARTESIAN_POINT('',(-51.32002175652,272.15,0.905827704552));
#736 = DIRECTION('',(0.707106781187,-1.6E-16,-0.707106781187));
#737 = DIRECTION('',(0.707106781187,-1.2E-15,0.707106781187));
#738 = ORIENTED_EDGE('',*,*,#250,.T.);
#739 = ORIENTED_EDGE('',*,*,#297,.T.);
#740 = ORIENTED_EDGE('',*,*,#354,.T.);
#741 = PLANE('',#742);
#742 = AXIS2_PLACEMENT_3D('',#743,#744,#745);
#743 = CARTESIAN_POINT('',(-51.72584946107,276.15,0.5));
#744 = DIRECTION('',(0.707106781187,-1.6E-16,-0.707106781187));
#745 = DIRECTION('',(-0.707106781187,-1.6E-16,-0.707106781187));
#746 = ADVANCED_FACE('',(#747),#783,.F.);
#747 = FACE_BOUND('',#748,.T.);
#748 = EDGE_LOOP('',(#749,#757,#766,#774,#781,#782));
#749 = ORIENTED_EDGE('',*,*,#750,.F.);
#750 = EDGE_CURVE('',#751,#725,#753,.T.);
#751 = VERTEX_POINT('',#752);
#752 = CARTESIAN_POINT('',(-50.02842787628,272.15,-17.));
#753 = LINE('',#754,#755);
#754 = CARTESIAN_POINT('',(-50.02842787628,272.15,-17.));
#755 = VECTOR('',#756,1.);
#756 = DIRECTION('',(-0.292371704723,-4.2E-16,0.956304755963));
#757 = ORIENTED_EDGE('',*,*,#758,.T.);
#758 = EDGE_CURVE('',#751,#759,#761,.T.);
#759 = VERTEX_POINT('',#760);
#760 = CARTESIAN_POINT('',(-45.55536079404,276.15,-17.94952869926));
#761 = ELLIPSE('',#762,4.5727381155,4.);
#762 = AXIS2_PLACEMENT_3D('',#763,#764,#765);
#763 = CARTESIAN_POINT('',(-45.55536079404,272.15,-17.94952869926));
#764 = DIRECTION('',(-0.207649918994,4.3E-16,-0.978203205444));
#765 = DIRECTION('',(-0.978203205444,-9.E-17,0.207649918994));
#766 = ORIENTED_EDGE('',*,*,#767,.T.);
#767 = EDGE_CURVE('',#759,#768,#770,.T.);
#768 = VERTEX_POINT('',#769);
#769 = CARTESIAN_POINT('',(-50.78321135588,276.15,-0.85));
#770 = LINE('',#771,#772);
#771 = CARTESIAN_POINT('',(-46.20320885242,276.15,-15.8305131811));
#772 = VECTOR('',#773,1.);
#773 = DIRECTION('',(-0.292371704723,-4.2E-16,0.956304755963));
#774 = ORIENTED_EDGE('',*,*,#775,.T.);
#775 = EDGE_CURVE('',#768,#234,#776,.T.);
#776 = ELLIPSE('',#777,5.915325856343,4.);
#777 = AXIS2_PLACEMENT_3D('',#778,#779,#780);
#778 = CARTESIAN_POINT('',(-52.00613408172,272.15,3.15));
#779 = DIRECTION('',(-9.784711100473E-18,0.707106781187,0.707106781187)
  );
#780 = DIRECTION('',(-0.396861694172,-0.649038055779,0.649038055779));
#781 = ORIENTED_EDGE('',*,*,#241,.T.);
#782 = ORIENTED_EDGE('',*,*,#732,.F.);
#783 = CYLINDRICAL_SURFACE('',#784,4.);
#784 = AXIS2_PLACEMENT_3D('',#785,#786,#787);
#785 = CARTESIAN_POINT('',(-46.20320885242,272.15,-15.8305131811));
#786 = DIRECTION('',(-0.292371704723,-4.2E-16,0.956304755963));
#787 = DIRECTION('',(-0.956304755963,-6.E-17,-0.292371704723));
#788 = ADVANCED_FACE('',(#789),#807,.F.);
#789 = FACE_BOUND('',#790,.F.);
#790 = EDGE_LOOP('',(#791,#792,#800,#806));
#791 = ORIENTED_EDGE('',*,*,#233,.T.);
#792 = ORIENTED_EDGE('',*,*,#793,.F.);
#793 = EDGE_CURVE('',#794,#226,#796,.T.);
#794 = VERTEX_POINT('',#795);
#795 = CARTESIAN_POINT('',(51.5,276.15,-0.85));
#796 = LINE('',#797,#798);
#797 = CARTESIAN_POINT('',(51.5,275.9625,-0.6625));
#798 = VECTOR('',#799,1.);
#799 = DIRECTION('',(0.,-0.707106781187,0.707106781187));
#800 = ORIENTED_EDGE('',*,*,#801,.F.);
#801 = EDGE_CURVE('',#768,#794,#802,.T.);
#802 = LINE('',#803,#804);
#803 = CARTESIAN_POINT('',(-33.24268515429,276.15,-0.85));
#804 = VECTOR('',#805,1.);
#805 = DIRECTION('',(1.,0.,0.));
#806 = ORIENTED_EDGE('',*,*,#775,.T.);
#807 = PLANE('',#808);
#808 = AXIS2_PLACEMENT_3D('',#809,#810,#811);
#809 = CARTESIAN_POINT('',(-60.,275.2,9.999999999997E-02));
#810 = DIRECTION('',(0.,0.707106781187,0.707106781187));
#811 = DIRECTION('',(0.,0.707106781187,-0.707106781187));
#812 = ADVANCED_FACE('',(#813),#862,.T.);
#813 = FACE_BOUND('',#814,.T.);
#814 = EDGE_LOOP('',(#815,#823,#824,#825,#833,#841,#847,#848,#856));
#815 = ORIENTED_EDGE('',*,*,#816,.T.);
#816 = EDGE_CURVE('',#817,#217,#819,.T.);
#817 = VERTEX_POINT('',#818);
#818 = CARTESIAN_POINT('',(51.5,272.,2.5));
#819 = LINE('',#820,#821);
#820 = CARTESIAN_POINT('',(51.5,272.,2.5));
#821 = VECTOR('',#822,1.);
#822 = DIRECTION('',(-0.,-0.,-1.));
#823 = ORIENTED_EDGE('',*,*,#225,.T.);
#824 = ORIENTED_EDGE('',*,*,#793,.F.);
#825 = ORIENTED_EDGE('',*,*,#826,.F.);
#826 = EDGE_CURVE('',#827,#794,#829,.T.);
#827 = VERTEX_POINT('',#828);
#828 = CARTESIAN_POINT('',(51.5,276.15,-1.));
#829 = LINE('',#830,#831);
#830 = CARTESIAN_POINT('',(51.5,276.15,-13.51736314543));
#831 = VECTOR('',#832,1.);
#832 = DIRECTION('',(0.,-4.4E-16,1.));
#833 = ORIENTED_EDGE('',*,*,#834,.T.);
#834 = EDGE_CURVE('',#827,#835,#837,.T.);
#835 = VERTEX_POINT('',#836);
#836 = CARTESIAN_POINT('',(51.5,203.95,-1.));
#837 = LINE('',#838,#839);
#838 = CARTESIAN_POINT('',(51.5,277.15,-1.));
#839 = VECTOR('',#840,1.);
#840 = DIRECTION('',(0.,-1.,2.2E-16));
#841 = ORIENTED_EDGE('',*,*,#842,.F.);
#842 = EDGE_CURVE('',#150,#835,#843,.T.);
#843 = LINE('',#844,#845);
#844 = CARTESIAN_POINT('',(51.5,203.95,-12.70976630075));
#845 = VECTOR('',#846,1.);
#846 = DIRECTION('',(0.,0.,-1.));
#847 = ORIENTED_EDGE('',*,*,#157,.T.);
#848 = ORIENTED_EDGE('',*,*,#849,.F.);
#849 = EDGE_CURVE('',#850,#158,#852,.T.);
#850 = VERTEX_POINT('',#851);
#851 = CARTESIAN_POINT('',(51.5,208.,2.5));
#852 = LINE('',#853,#854);
#853 = CARTESIAN_POINT('',(51.5,208.,0.));
#854 = VECTOR('',#855,1.);
#855 = DIRECTION('',(-0.,-0.,-1.));
#856 = ORIENTED_EDGE('',*,*,#857,.T.);
#857 = EDGE_CURVE('',#850,#817,#858,.T.);
#858 = LINE('',#859,#860);
#859 = CARTESIAN_POINT('',(51.5,208.,2.5));
#860 = VECTOR('',#861,1.);
#861 = DIRECTION('',(0.,1.,0.));
#862 = PLANE('',#863);
#863 = AXIS2_PLACEMENT_3D('',#864,#865,#866);
#864 = CARTESIAN_POINT('',(51.5,240.04083136836,0.571530075422));
#865 = DIRECTION('',(-1.,-0.,-0.));
#866 = DIRECTION('',(0.,0.,-1.));
#867 = ADVANCED_FACE('',(#868),#906,.F.);
#868 = FACE_BOUND('',#869,.F.);
#869 = EDGE_LOOP('',(#870,#878,#897,#904,#905));
#870 = ORIENTED_EDGE('',*,*,#871,.F.);
#871 = EDGE_CURVE('',#872,#209,#874,.T.);
#872 = VERTEX_POINT('',#873);
#873 = CARTESIAN_POINT('',(48.5,275.,1.9));
#874 = LINE('',#875,#876);
#875 = CARTESIAN_POINT('',(48.5,275.,0.));
#876 = VECTOR('',#877,1.);
#877 = DIRECTION('',(-0.,-0.,-1.));
#878 = ORIENTED_EDGE('',*,*,#879,.F.);
#879 = EDGE_CURVE('',#880,#872,#882,.T.);
#880 = VERTEX_POINT('',#881);
#881 = CARTESIAN_POINT('',(51.280061824852,273.1275,2.5));
#882 = B_SPLINE_CURVE_WITH_KNOTS('',7,(#883,#884,#885,#886,#887,#888,
    #889,#890,#891,#892,#893,#894,#895,#896),.UNSPECIFIED.,.F.,.F.,(8,6,
    8),(0.,0.522278745716,1.),.UNSPECIFIED.);
#883 = CARTESIAN_POINT('',(51.280062633959,273.12749800499,
    2.500000599994));
#884 = CARTESIAN_POINT('',(51.184384193583,273.36341155498,
    2.429049165101));
#885 = CARTESIAN_POINT('',(51.065115775147,273.59042961064,
    2.359570967081));
#886 = CARTESIAN_POINT('',(50.922926995848,273.80631125211,
    2.292329806139));
#887 = CARTESIAN_POINT('',(50.758626476676,274.00860007065,
    2.228229255086));
#888 = CARTESIAN_POINT('',(50.573336505473,274.19472529221,
    2.168297225358));
#889 = CARTESIAN_POINT('',(50.368545315021,274.3620346482,2.113674897486
    ));
#890 = CARTESIAN_POINT('',(49.943039911217,274.64135596713,
    2.021468662954));
#891 = CARTESIAN_POINT('',(49.72504814488,274.75695075936,1.982801291651
    ));
#892 = CARTESIAN_POINT('',(49.494298065082,274.85239403406,
    1.950501469629));
#893 = CARTESIAN_POINT('',(49.2532256955,274.92568624209,1.925479166254)
  );
#894 = CARTESIAN_POINT('',(49.004745765396,274.9752433077,1.908487970796
    ));
#895 = CARTESIAN_POINT('',(48.752308059375,275.,1.9));
#896 = CARTESIAN_POINT('',(48.5,275.,1.9));
#897 = ORIENTED_EDGE('',*,*,#898,.F.);
#898 = EDGE_CURVE('',#817,#880,#899,.T.);
#899 = CIRCLE('',#900,3.);
#900 = AXIS2_PLACEMENT_3D('',#901,#902,#903);
#901 = CARTESIAN_POINT('',(48.5,272.,2.5));
#902 = DIRECTION('',(0.,0.,1.));
#903 = DIRECTION('',(1.,0.,0.));
#904 = ORIENTED_EDGE('',*,*,#816,.T.);
#905 = ORIENTED_EDGE('',*,*,#216,.T.);
#906 = CYLINDRICAL_SURFACE('',#907,3.);
#907 = AXIS2_PLACEMENT_3D('',#908,#909,#910);
#908 = CARTESIAN_POINT('',(48.5,272.,2.5));
#909 = DIRECTION('',(0.,0.,1.));
#910 = DIRECTION('',(1.,0.,0.));
#911 = ADVANCED_FACE('',(#912),#930,.T.);
#912 = FACE_BOUND('',#913,.T.);
#913 = EDGE_LOOP('',(#914,#915,#923,#929));
#914 = ORIENTED_EDGE('',*,*,#871,.F.);
#915 = ORIENTED_EDGE('',*,*,#916,.T.);
#916 = EDGE_CURVE('',#872,#917,#919,.T.);
#917 = VERTEX_POINT('',#918);
#918 = CARTESIAN_POINT('',(-38.5,275.,1.9));
#919 = LINE('',#920,#921);
#920 = CARTESIAN_POINT('',(48.5,275.,1.9));
#921 = VECTOR('',#922,1.);
#922 = DIRECTION('',(-1.,0.,0.));
#923 = ORIENTED_EDGE('',*,*,#924,.T.);
#924 = EDGE_CURVE('',#917,#200,#925,.T.);
#925 = LINE('',#926,#927);
#926 = CARTESIAN_POINT('',(-38.5,275.,2.5));
#927 = VECTOR('',#928,1.);
#928 = DIRECTION('',(-0.,-0.,-1.));
#929 = ORIENTED_EDGE('',*,*,#208,.F.);
#930 = PLANE('',#931);
#931 = AXIS2_PLACEMENT_3D('',#932,#933,#934);
#932 = CARTESIAN_POINT('',(5.,275.,0.85));
#933 = DIRECTION('',(-0.,-1.,-0.));
#934 = DIRECTION('',(0.,0.,-1.));
#935 = ADVANCED_FACE('',(#936),#974,.F.);
#936 = FACE_BOUND('',#937,.F.);
#937 = EDGE_LOOP('',(#938,#946,#955,#972,#973));
#938 = ORIENTED_EDGE('',*,*,#939,.F.);
#939 = EDGE_CURVE('',#940,#192,#942,.T.);
#940 = VERTEX_POINT('',#941);
#941 = CARTESIAN_POINT('',(-41.5,272.,2.5));
#942 = LINE('',#943,#944);
#943 = CARTESIAN_POINT('',(-41.5,272.,0.));
#944 = VECTOR('',#945,1.);
#945 = DIRECTION('',(-0.,-0.,-1.));
#946 = ORIENTED_EDGE('',*,*,#947,.F.);
#947 = EDGE_CURVE('',#948,#940,#950,.T.);
#948 = VERTEX_POINT('',#949);
#949 = CARTESIAN_POINT('',(-41.28006182485,273.1275,2.5));
#950 = CIRCLE('',#951,3.);
#951 = AXIS2_PLACEMENT_3D('',#952,#953,#954);
#952 = CARTESIAN_POINT('',(-38.5,272.,2.5));
#953 = DIRECTION('',(0.,0.,1.));
#954 = DIRECTION('',(1.,0.,0.));
#955 = ORIENTED_EDGE('',*,*,#956,.F.);
#956 = EDGE_CURVE('',#917,#948,#957,.T.);
#957 = B_SPLINE_CURVE_WITH_KNOTS('',7,(#958,#959,#960,#961,#962,#963,
    #964,#965,#966,#967,#968,#969,#970,#971),.UNSPECIFIED.,.F.,.F.,(8,6,
    8),(0.,0.479104158451,1.),.UNSPECIFIED.);
#958 = CARTESIAN_POINT('',(-38.5,275.,1.9));
#959 = CARTESIAN_POINT('',(-38.75303871133,275.,1.9));
#960 = CARTESIAN_POINT('',(-39.00620807545,274.97509971089,
    1.908537202946));
#961 = CARTESIAN_POINT('',(-39.25538401193,274.92525501158,1.92562702126
    ));
#962 = CARTESIAN_POINT('',(-39.49708874575,274.85154408967,1.9507916361)
  );
#963 = CARTESIAN_POINT('',(-39.72838606569,274.75556792341,
    1.983269250435));
#964 = CARTESIAN_POINT('',(-39.94682403006,274.63934630738,
    2.022140870007));
#965 = CARTESIAN_POINT('',(-40.37179970975,274.35937240951,
    2.114543966836));
#966 = CARTESIAN_POINT('',(-40.57579042929,274.19225768252,
    2.169091720434));
#967 = CARTESIAN_POINT('',(-40.76036713093,274.00645512564,
    2.228908885609));
#968 = CARTESIAN_POINT('',(-40.92405671945,273.80459494477,
    2.292864359453));
#969 = CARTESIAN_POINT('',(-41.06574757934,273.58922666382,
    2.359939117018));
#970 = CARTESIAN_POINT('',(-41.18463769287,273.36278650385,
    2.429237150385));
#971 = CARTESIAN_POINT('',(-41.28006263395,273.12749800499,2.5000006));
#972 = ORIENTED_EDGE('',*,*,#924,.T.);
#973 = ORIENTED_EDGE('',*,*,#199,.T.);
#974 = CYLINDRICAL_SURFACE('',#975,3.);
#975 = AXIS2_PLACEMENT_3D('',#976,#977,#978);
#976 = CARTESIAN_POINT('',(-38.5,272.,2.5));
#977 = DIRECTION('',(0.,0.,1.));
#978 = DIRECTION('',(1.,0.,0.));
#979 = ADVANCED_FACE('',(#980),#998,.T.);
#980 = FACE_BOUND('',#981,.T.);
#981 = EDGE_LOOP('',(#982,#990,#996,#997));
#982 = ORIENTED_EDGE('',*,*,#983,.T.);
#983 = EDGE_CURVE('',#940,#984,#986,.T.);
#984 = VERTEX_POINT('',#985);
#985 = CARTESIAN_POINT('',(-41.5,208.,2.5));
#986 = LINE('',#987,#988);
#987 = CARTESIAN_POINT('',(-41.5,272.,2.5));
#988 = VECTOR('',#989,1.);
#989 = DIRECTION('',(0.,-1.,0.));
#990 = ORIENTED_EDGE('',*,*,#991,.T.);
#991 = EDGE_CURVE('',#984,#183,#992,.T.);
#992 = LINE('',#993,#994);
#993 = CARTESIAN_POINT('',(-41.5,208.,2.5));
#994 = VECTOR('',#995,1.);
#995 = DIRECTION('',(-0.,-0.,-1.));
#996 = ORIENTED_EDGE('',*,*,#191,.F.);
#997 = ORIENTED_EDGE('',*,*,#939,.F.);
#998 = PLANE('',#999);
#999 = AXIS2_PLACEMENT_3D('',#1000,#1001,#1002);
#1000 = CARTESIAN_POINT('',(-41.5,240.,0.85));
#1001 = DIRECTION('',(1.,0.,-8.5E-15));
#1002 = DIRECTION('',(8.5E-15,0.,1.));
#1003 = ADVANCED_FACE('',(#1004),#1042,.F.);
#1004 = FACE_BOUND('',#1005,.F.);
#1005 = EDGE_LOOP('',(#1006,#1014,#1033,#1040,#1041));
#1006 = ORIENTED_EDGE('',*,*,#1007,.F.);
#1007 = EDGE_CURVE('',#1008,#175,#1010,.T.);
#1008 = VERTEX_POINT('',#1009);
#1009 = CARTESIAN_POINT('',(-38.5,205.,1.9));
#1010 = LINE('',#1011,#1012);
#1011 = CARTESIAN_POINT('',(-38.5,205.,0.));
#1012 = VECTOR('',#1013,1.);
#1013 = DIRECTION('',(-0.,-0.,-1.));
#1014 = ORIENTED_EDGE('',*,*,#1015,.F.);
#1015 = EDGE_CURVE('',#1016,#1008,#1018,.T.);
#1016 = VERTEX_POINT('',#1017);
#1017 = CARTESIAN_POINT('',(-41.28006182485,206.8725,2.5));
#1018 = B_SPLINE_CURVE_WITH_KNOTS('',7,(#1019,#1020,#1021,#1022,#1023,
    #1024,#1025,#1026,#1027,#1028,#1029,#1030,#1031,#1032),
  .UNSPECIFIED.,.F.,.F.,(8,6,8),(0.,0.521676578124,1.),.UNSPECIFIED.);
#1019 = CARTESIAN_POINT('',(-41.28006263395,206.87250199499,
    2.500000599998));
#1020 = CARTESIAN_POINT('',(-41.1844945716,206.63686060319,
    2.429131017184));
#1021 = CARTESIAN_POINT('',(-41.06539091489,206.41009415917,
    2.359731263812));
#1022 = CARTESIAN_POINT('',(-40.92341901801,206.19443600456,
    2.29256254966));
#1023 = CARTESIAN_POINT('',(-40.75938462279,205.99233374337,
    2.228525148187));
#1024 = CARTESIAN_POINT('',(-40.57440536094,205.80634888191,
    2.168643094556));
#1025 = CARTESIAN_POINT('',(-40.36996285991,205.63912406615,
    2.114053173348));
#1026 = CARTESIAN_POINT('',(-39.94468799982,205.35951846422,
    2.021761161295));
#1027 = CARTESIAN_POINT('',(-39.72650176464,205.24365090254,
    1.983004901645));
#1028 = CARTESIAN_POINT('',(-39.49551327869,205.14797575543,
    1.950627714774));
#1029 = CARTESIAN_POINT('',(-39.25416549283,205.07450136992,
    1.925543492269));
#1030 = CARTESIAN_POINT('',(-39.00538248077,205.02481916578,
    1.908509389891));
#1031 = CARTESIAN_POINT('',(-38.75262619787,205.,1.9));
#1032 = CARTESIAN_POINT('',(-38.5,205.,1.9));
#1033 = ORIENTED_EDGE('',*,*,#1034,.F.);
#1034 = EDGE_CURVE('',#984,#1016,#1035,.T.);
#1035 = CIRCLE('',#1036,3.);
#1036 = AXIS2_PLACEMENT_3D('',#1037,#1038,#1039);
#1037 = CARTESIAN_POINT('',(-38.5,208.,2.5));
#1038 = DIRECTION('',(0.,0.,1.));
#1039 = DIRECTION('',(1.,0.,0.));
#1040 = ORIENTED_EDGE('',*,*,#991,.T.);
#1041 = ORIENTED_EDGE('',*,*,#182,.T.);
#1042 = CYLINDRICAL_SURFACE('',#1043,3.);
#1043 = AXIS2_PLACEMENT_3D('',#1044,#1045,#1046);
#1044 = CARTESIAN_POINT('',(-38.5,208.,2.5));
#1045 = DIRECTION('',(0.,0.,1.));
#1046 = DIRECTION('',(1.,0.,0.));
#1047 = ADVANCED_FACE('',(#1048),#1066,.T.);
#1048 = FACE_BOUND('',#1049,.T.);
#1049 = EDGE_LOOP('',(#1050,#1051,#1059,#1065));
#1050 = ORIENTED_EDGE('',*,*,#1007,.F.);
#1051 = ORIENTED_EDGE('',*,*,#1052,.T.);
#1052 = EDGE_CURVE('',#1008,#1053,#1055,.T.);
#1053 = VERTEX_POINT('',#1054);
#1054 = CARTESIAN_POINT('',(48.5,205.,1.9));
#1055 = LINE('',#1056,#1057);
#1056 = CARTESIAN_POINT('',(-38.5,205.,1.9));
#1057 = VECTOR('',#1058,1.);
#1058 = DIRECTION('',(1.,0.,0.));
#1059 = ORIENTED_EDGE('',*,*,#1060,.T.);
#1060 = EDGE_CURVE('',#1053,#166,#1061,.T.);
#1061 = LINE('',#1062,#1063);
#1062 = CARTESIAN_POINT('',(48.5,205.,2.5));
#1063 = VECTOR('',#1064,1.);
#1064 = DIRECTION('',(-0.,-0.,-1.));
#1065 = ORIENTED_EDGE('',*,*,#174,.F.);
#1066 = PLANE('',#1067);
#1067 = AXIS2_PLACEMENT_3D('',#1068,#1069,#1070);
#1068 = CARTESIAN_POINT('',(5.,205.,0.85));
#1069 = DIRECTION('',(0.,1.,0.));
#1070 = DIRECTION('',(0.,0.,1.));
#1071 = ADVANCED_FACE('',(#1072),#1107,.F.);
#1072 = FACE_BOUND('',#1073,.F.);
#1073 = EDGE_LOOP('',(#1074,#1075,#1084,#1105,#1106));
#1074 = ORIENTED_EDGE('',*,*,#849,.F.);
#1075 = ORIENTED_EDGE('',*,*,#1076,.F.);
#1076 = EDGE_CURVE('',#1077,#850,#1079,.T.);
#1077 = VERTEX_POINT('',#1078);
#1078 = CARTESIAN_POINT('',(51.280061824852,206.8725,2.5));
#1079 = CIRCLE('',#1080,3.);
#1080 = AXIS2_PLACEMENT_3D('',#1081,#1082,#1083);
#1081 = CARTESIAN_POINT('',(48.5,208.,2.5));
#1082 = DIRECTION('',(0.,0.,1.));
#1083 = DIRECTION('',(1.,0.,0.));
#1084 = ORIENTED_EDGE('',*,*,#1085,.F.);
#1085 = EDGE_CURVE('',#1053,#1077,#1086,.T.);
#1086 = B_SPLINE_CURVE_WITH_KNOTS('',5,(#1087,#1088,#1089,#1090,#1091,
    #1092,#1093,#1094,#1095,#1096,#1097,#1098,#1099,#1100,#1101,#1102,
    #1103,#1104),.UNSPECIFIED.,.F.,.F.,(6,4,4,4,6),(0.,0.237302155808,
    0.47860309467,0.736793564644,1.),.UNSPECIFIED.);
#1087 = CARTESIAN_POINT('',(48.5,205.,1.900000000001));
#1088 = CARTESIAN_POINT('',(48.675411343416,205.,1.900000000001));
#1089 = CARTESIAN_POINT('',(48.850841100945,205.01282116023,
    1.904395667558));
#1090 = CARTESIAN_POINT('',(49.024638647844,205.0384644028,
    1.913188359689));
#1091 = CARTESIAN_POINT('',(49.195305139339,205.07653379607,
    1.926193485096));
#1092 = CARTESIAN_POINT('',(49.530499249256,205.177023151,1.960303891955
    ));
#1093 = CARTESIAN_POINT('',(49.694898818864,205.23984976261,
    1.981544590198));
#1094 = CARTESIAN_POINT('',(49.853336726819,205.31414548633,
    2.006512440021));
#1095 = CARTESIAN_POINT('',(50.004785820683,205.3990025666,
    2.034794571459));
#1096 = CARTESIAN_POINT('',(50.302177328295,205.59458758318,
    2.099352038931));
#1097 = CARTESIAN_POINT('',(50.446994315892,205.70671154313,
    2.136048660519));
#1098 = CARTESIAN_POINT('',(50.581967708119,205.82873381405,
    2.175574376015));
#1099 = CARTESIAN_POINT('',(50.706453487984,205.95950495345,
    2.217440440512));
#1100 = CARTESIAN_POINT('',(50.935691828044,206.23911385492,
    2.305854367446));
#1101 = CARTESIAN_POINT('',(51.040008200294,206.38824565241,
    2.352474907767));
#1102 = CARTESIAN_POINT('',(51.132416805088,206.54424019557,
    2.400633806448));
#1103 = CARTESIAN_POINT('',(51.212537781084,206.70600651607,
    2.449926777902));
#1104 = CARTESIAN_POINT('',(51.280062633953,206.87250199499,2.5000006));
#1105 = ORIENTED_EDGE('',*,*,#1060,.T.);
#1106 = ORIENTED_EDGE('',*,*,#165,.T.);
#1107 = CYLINDRICAL_SURFACE('',#1108,3.);
#1108 = AXIS2_PLACEMENT_3D('',#1109,#1110,#1111);
#1109 = CARTESIAN_POINT('',(48.5,208.,2.5));
#1110 = DIRECTION('',(0.,0.,1.));
#1111 = DIRECTION('',(1.,0.,0.));
#1112 = ADVANCED_FACE('',(#1113),#1189,.T.);
#1113 = FACE_BOUND('',#1114,.T.);
#1114 = EDGE_LOOP('',(#1115,#1125,#1133,#1141,#1147,#1148,#1149,#1157,
    #1165,#1173,#1183));
#1115 = ORIENTED_EDGE('',*,*,#1116,.F.);
#1116 = EDGE_CURVE('',#1117,#1119,#1121,.T.);
#1117 = VERTEX_POINT('',#1118);
#1118 = CARTESIAN_POINT('',(-42.08662713929,203.95,-70.5));
#1119 = VERTEX_POINT('',#1120);
#1120 = CARTESIAN_POINT('',(-19.25916979427,203.95,-70.5));
#1121 = LINE('',#1122,#1123);
#1122 = CARTESIAN_POINT('',(-49.25916979427,203.95,-70.5));
#1123 = VECTOR('',#1124,1.);
#1124 = DIRECTION('',(1.,0.,0.));
#1125 = ORIENTED_EDGE('',*,*,#1126,.T.);
#1126 = EDGE_CURVE('',#1117,#1127,#1129,.T.);
#1127 = VERTEX_POINT('',#1128);
#1128 = CARTESIAN_POINT('',(-48.70584535064,203.95,-20.2220460481));
#1129 = LINE('',#1130,#1131);
#1130 = CARTESIAN_POINT('',(-42.14008997465,203.95,-70.09390944842));
#1131 = VECTOR('',#1132,1.);
#1132 = DIRECTION('',(-0.13052619222,0.,0.991444861374));
#1133 = ORIENTED_EDGE('',*,*,#1134,.T.);
#1134 = EDGE_CURVE('',#1127,#1135,#1137,.T.);
#1135 = VERTEX_POINT('',#1136);
#1136 = CARTESIAN_POINT('',(-46.54929804075,203.95,-17.73853880716));
#1137 = LINE('',#1138,#1139);
#1138 = CARTESIAN_POINT('',(-49.62407917779,203.95,-21.27949577254));
#1139 = VECTOR('',#1140,1.);
#1140 = DIRECTION('',(0.655654995826,0.,0.755060611109));
#1141 = ORIENTED_EDGE('',*,*,#1142,.T.);
#1142 = EDGE_CURVE('',#1135,#141,#1143,.T.);
#1143 = LINE('',#1144,#1145);
#1144 = CARTESIAN_POINT('',(-47.05319111174,203.95,-16.09037883647));
#1145 = VECTOR('',#1146,1.);
#1146 = DIRECTION('',(-0.292371704723,0.,0.956304755963));
#1147 = ORIENTED_EDGE('',*,*,#149,.T.);
#1148 = ORIENTED_EDGE('',*,*,#842,.T.);
#1149 = ORIENTED_EDGE('',*,*,#1150,.T.);
#1150 = EDGE_CURVE('',#835,#1151,#1153,.T.);
#1151 = VERTEX_POINT('',#1152);
#1152 = CARTESIAN_POINT('',(53.3,203.95,-1.));
#1153 = LINE('',#1154,#1155);
#1154 = CARTESIAN_POINT('',(23.407314845708,203.95,-1.));
#1155 = VECTOR('',#1156,1.);
#1156 = DIRECTION('',(1.,0.,0.));
#1157 = ORIENTED_EDGE('',*,*,#1158,.T.);
#1158 = EDGE_CURVE('',#1151,#1159,#1161,.T.);
#1159 = VERTEX_POINT('',#1160);
#1160 = CARTESIAN_POINT('',(53.5,203.95,-0.8));
#1161 = LINE('',#1162,#1163);
#1162 = CARTESIAN_POINT('',(32.394975850139,203.95,-21.90502414986));
#1163 = VECTOR('',#1164,1.);
#1164 = DIRECTION('',(0.707106781187,0.,0.707106781187));
#1165 = ORIENTED_EDGE('',*,*,#1166,.T.);
#1166 = EDGE_CURVE('',#1159,#1167,#1169,.T.);
#1167 = VERTEX_POINT('',#1168);
#1168 = CARTESIAN_POINT('',(55.348114575409,203.95,-0.8));
#1169 = LINE('',#1170,#1171);
#1170 = CARTESIAN_POINT('',(-2.136651896123,203.95,-0.8));
#1171 = VECTOR('',#1172,1.);
#1172 = DIRECTION('',(1.,0.,0.));
#1173 = ORIENTED_EDGE('',*,*,#1174,.T.);
#1174 = EDGE_CURVE('',#1167,#1175,#1177,.T.);
#1175 = VERTEX_POINT('',#1176);
#1176 = CARTESIAN_POINT('',(56.632740847223,203.95,-13.64626307443));
#1177 = B_SPLINE_CURVE_WITH_KNOTS('',4,(#1178,#1179,#1180,#1181,#1182),
  .UNSPECIFIED.,.F.,.F.,(5,5),(0.,1.),.PIECEWISE_BEZIER_KNOTS.);
#1178 = CARTESIAN_POINT('',(55.268114575409,203.95,-4.263E-14));
#1179 = CARTESIAN_POINT('',(55.622958572512,203.95,-3.548439971034));
#1180 = CARTESIAN_POINT('',(55.977802569616,203.95,-7.096879942068));
#1181 = CARTESIAN_POINT('',(56.332646566719,203.95,-10.6453199131));
#1182 = CARTESIAN_POINT('',(56.687490563822,203.95,-14.19375988413));
#1183 = ORIENTED_EDGE('',*,*,#1184,.F.);
#1184 = EDGE_CURVE('',#1119,#1175,#1185,.T.);
#1185 = LINE('',#1186,#1187);
#1186 = CARTESIAN_POINT('',(-19.25916979427,203.95,-70.5));
#1187 = VECTOR('',#1188,1.);
#1188 = DIRECTION('',(0.800329895836,0.,0.599559886777));
#1189 = PLANE('',#1190);
#1190 = AXIS2_PLACEMENT_3D('',#1191,#1192,#1193);
#1191 = CARTESIAN_POINT('',(-6.485370308585,203.95,-26.03472629086));
#1192 = DIRECTION('',(0.,1.,0.));
#1193 = DIRECTION('',(0.,0.,1.));
#1194 = ADVANCED_FACE('',(#1195),#1223,.F.);
#1195 = FACE_BOUND('',#1196,.T.);
#1196 = EDGE_LOOP('',(#1197,#1198,#1207,#1215,#1222));
#1197 = ORIENTED_EDGE('',*,*,#1142,.F.);
#1198 = ORIENTED_EDGE('',*,*,#1199,.T.);
#1199 = EDGE_CURVE('',#1135,#1200,#1202,.T.);
#1200 = VERTEX_POINT('',#1201);
#1201 = CARTESIAN_POINT('',(-50.02842787628,207.85,-17.));
#1202 = ELLIPSE('',#1203,4.5727381155,4.);
#1203 = AXIS2_PLACEMENT_3D('',#1204,#1205,#1206);
#1204 = CARTESIAN_POINT('',(-45.55536079404,207.85,-17.94952869926));
#1205 = DIRECTION('',(-0.207649918994,0.,-0.978203205444));
#1206 = DIRECTION('',(-0.978203205444,0.,0.207649918994));
#1207 = ORIENTED_EDGE('',*,*,#1208,.T.);
#1208 = EDGE_CURVE('',#1200,#1209,#1211,.T.);
#1209 = VERTEX_POINT('',#1210);
#1210 = CARTESIAN_POINT('',(-54.52341360856,207.85,-2.297564147492));
#1211 = LINE('',#1212,#1213);
#1212 = CARTESIAN_POINT('',(-50.02842787628,207.85,-17.));
#1213 = VECTOR('',#1214,1.);
#1214 = DIRECTION('',(-0.292371704723,0.,0.956304755963));
#1215 = ORIENTED_EDGE('',*,*,#1216,.F.);
#1216 = EDGE_CURVE('',#133,#1209,#1217,.T.);
#1217 = ELLIPSE('',#1218,4.530280202756,4.);
#1218 = AXIS2_PLACEMENT_3D('',#1219,#1220,#1221);
#1219 = CARTESIAN_POINT('',(-51.32002175652,207.85,0.905827704552));
#1220 = DIRECTION('',(0.707106781187,-1.6E-16,-0.707106781187));
#1221 = DIRECTION('',(0.707106781187,-3.E-16,0.707106781187));
#1222 = ORIENTED_EDGE('',*,*,#140,.T.);
#1223 = CYLINDRICAL_SURFACE('',#1224,4.);
#1224 = AXIS2_PLACEMENT_3D('',#1225,#1226,#1227);
#1225 = CARTESIAN_POINT('',(-46.20320885242,207.85,-15.8305131811));
#1226 = DIRECTION('',(-0.292371704723,0.,0.956304755963));
#1227 = DIRECTION('',(0.,-1.,0.));
#1228 = ADVANCED_FACE('',(#1229),#1255,.T.);
#1229 = FACE_BOUND('',#1230,.T.);
#1230 = EDGE_LOOP('',(#1231,#1239,#1247,#1253,#1254));
#1231 = ORIENTED_EDGE('',*,*,#1232,.F.);
#1232 = EDGE_CURVE('',#1233,#1209,#1235,.T.);
#1233 = VERTEX_POINT('',#1234);
#1234 = CARTESIAN_POINT('',(-54.52341360856,225.,-2.297564147492));
#1235 = LINE('',#1236,#1237);
#1236 = CARTESIAN_POINT('',(-54.52341360856,276.15,-2.297564147492));
#1237 = VECTOR('',#1238,1.);
#1238 = DIRECTION('',(0.,-1.,2.2E-16));
#1239 = ORIENTED_EDGE('',*,*,#1240,.T.);
#1240 = EDGE_CURVE('',#1233,#1241,#1243,.T.);
#1241 = VERTEX_POINT('',#1242);
#1242 = CARTESIAN_POINT('',(-54.22584946107,225.,-2.));
#1243 = LINE('',#1244,#1245);
#1244 = CARTESIAN_POINT('',(-55.0443870958,225.,-2.818537634731));
#1245 = VECTOR('',#1246,1.);
#1246 = DIRECTION('',(0.707106781187,0.,0.707106781187));
#1247 = ORIENTED_EDGE('',*,*,#1248,.T.);
#1248 = EDGE_CURVE('',#1241,#125,#1249,.T.);
#1249 = LINE('',#1250,#1251);
#1250 = CARTESIAN_POINT('',(-45.57987455089,233.64597491018,
    6.645974910179));
#1251 = VECTOR('',#1252,1.);
#1252 = DIRECTION('',(0.57735026919,0.57735026919,0.57735026919));
#1253 = ORIENTED_EDGE('',*,*,#132,.T.);
#1254 = ORIENTED_EDGE('',*,*,#1216,.T.);
#1255 = PLANE('',#1256);
#1256 = AXIS2_PLACEMENT_3D('',#1257,#1258,#1259);
#1257 = CARTESIAN_POINT('',(-51.72584946107,276.15,0.5));
#1258 = DIRECTION('',(0.707106781187,-1.6E-16,-0.707106781187));
#1259 = DIRECTION('',(-0.707106781187,-1.6E-16,-0.707106781187));
#1260 = ADVANCED_FACE('',(#1261),#1279,.T.);
#1261 = FACE_BOUND('',#1262,.T.);
#1262 = EDGE_LOOP('',(#1263,#1271,#1272,#1273));
#1263 = ORIENTED_EDGE('',*,*,#1264,.F.);
#1264 = EDGE_CURVE('',#117,#1265,#1267,.T.);
#1265 = VERTEX_POINT('',#1266);
#1266 = CARTESIAN_POINT('',(-60.88853863707,225.,-2.));
#1267 = LINE('',#1268,#1269);
#1268 = CARTESIAN_POINT('',(-61.79289978816,227.95803203907,
    0.958032039079));
#1269 = VECTOR('',#1270,1.);
#1270 = DIRECTION('',(0.211302932281,-0.691140749345,-0.691140749345));
#1271 = ORIENTED_EDGE('',*,*,#124,.T.);
#1272 = ORIENTED_EDGE('',*,*,#1248,.F.);
#1273 = ORIENTED_EDGE('',*,*,#1274,.F.);
#1274 = EDGE_CURVE('',#1265,#1241,#1275,.T.);
#1275 = LINE('',#1276,#1277);
#1276 = CARTESIAN_POINT('',(-62.5,225.,-2.));
#1277 = VECTOR('',#1278,1.);
#1278 = DIRECTION('',(1.,0.,0.));
#1279 = PLANE('',#1280);
#1280 = AXIS2_PLACEMENT_3D('',#1281,#1282,#1283);
#1281 = CARTESIAN_POINT('',(-62.5,227.,-2.7E-14));
#1282 = DIRECTION('',(0.,0.707106781187,-0.707106781187));
#1283 = DIRECTION('',(0.,-0.707106781187,-0.707106781187));
#1284 = ADVANCED_FACE('',(#1285,#1338),#1365,.T.);
#1285 = FACE_BOUND('',#1286,.T.);
#1286 = EDGE_LOOP('',(#1287,#1288,#1289,#1290,#1291,#1299,#1307,#1315,
    #1323,#1331));
#1287 = ORIENTED_EDGE('',*,*,#622,.F.);
#1288 = ORIENTED_EDGE('',*,*,#539,.F.);
#1289 = ORIENTED_EDGE('',*,*,#116,.T.);
#1290 = ORIENTED_EDGE('',*,*,#1264,.T.);
#1291 = ORIENTED_EDGE('',*,*,#1292,.T.);
#1292 = EDGE_CURVE('',#1265,#1293,#1295,.T.);
#1293 = VERTEX_POINT('',#1294);
#1294 = CARTESIAN_POINT('',(-56.3025784152,225.,-17.));
#1295 = LINE('',#1296,#1297);
#1296 = CARTESIAN_POINT('',(-59.96378875892,225.,-5.024720560409));
#1297 = VECTOR('',#1298,1.);
#1298 = DIRECTION('',(0.292371704722,0.,-0.956304755963));
#1299 = ORIENTED_EDGE('',*,*,#1300,.T.);
#1300 = EDGE_CURVE('',#1293,#1301,#1303,.T.);
#1301 = VERTEX_POINT('',#1302);
#1302 = CARTESIAN_POINT('',(-56.3025784152,175.,-17.));
#1303 = LINE('',#1304,#1305);
#1304 = CARTESIAN_POINT('',(-56.3025784152,199.75,-17.));
#1305 = VECTOR('',#1306,1.);
#1306 = DIRECTION('',(0.,-1.,2.2E-16));
#1307 = ORIENTED_EDGE('',*,*,#1308,.T.);
#1308 = EDGE_CURVE('',#1301,#1309,#1311,.T.);
#1309 = VERTEX_POINT('',#1310);
#1310 = CARTESIAN_POINT('',(-60.88853863707,175.,-2.));
#1311 = LINE('',#1312,#1313);
#1312 = CARTESIAN_POINT('',(-50.24781206112,175.,-36.80424838356));
#1313 = VECTOR('',#1314,1.);
#1314 = DIRECTION('',(-0.292371704722,0.,0.956304755963));
#1315 = ORIENTED_EDGE('',*,*,#1316,.T.);
#1316 = EDGE_CURVE('',#1309,#1317,#1319,.T.);
#1317 = VERTEX_POINT('',#1318);
#1318 = CARTESIAN_POINT('',(-61.25541545482,173.8,-0.8));
#1319 = LINE('',#1320,#1321);
#1320 = CARTESIAN_POINT('',(-61.50081965425,172.99731903173,
    2.680968269861E-03));
#1321 = VECTOR('',#1322,1.);
#1322 = DIRECTION('',(-0.211302932281,-0.691140749345,0.691140749345));
#1323 = ORIENTED_EDGE('',*,*,#1324,.T.);
#1324 = EDGE_CURVE('',#1317,#1325,#1327,.T.);
#1325 = VERTEX_POINT('',#1326);
#1326 = CARTESIAN_POINT('',(-61.25541545482,199.67984060466,-0.8));
#1327 = LINE('',#1328,#1329);
#1328 = CARTESIAN_POINT('',(-61.25541545482,180.,-0.8));
#1329 = VECTOR('',#1330,1.);
#1330 = DIRECTION('',(0.,1.,0.));
#1331 = ORIENTED_EDGE('',*,*,#1332,.F.);
#1332 = EDGE_CURVE('',#623,#1325,#1333,.T.);
#1333 = ELLIPSE('',#1334,1.71015180999,0.500000000021);
#1334 = AXIS2_PLACEMENT_3D('',#1335,#1336,#1337);
#1335 = CARTESIAN_POINT('',(-60.99999999997,199.24999999997,
    -1.635426309314));
#1336 = DIRECTION('',(-0.956304755963,0.,-0.292371704722));
#1337 = DIRECTION('',(-0.292371704722,0.,0.956304755963));
#1338 = FACE_BOUND('',#1339,.T.);
#1339 = EDGE_LOOP('',(#1340,#1351,#1359));
#1340 = ORIENTED_EDGE('',*,*,#1341,.F.);
#1341 = EDGE_CURVE('',#1342,#1344,#1346,.T.);
#1342 = VERTEX_POINT('',#1343);
#1343 = CARTESIAN_POINT('',(-58.10884020047,184.19786550256,
    -11.09198390998));
#1344 = VERTEX_POINT('',#1345);
#1345 = CARTESIAN_POINT('',(-58.10884020047,187.80213449743,
    -11.09198390998));
#1346 = CIRCLE('',#1347,2.2);
#1347 = AXIS2_PLACEMENT_3D('',#1348,#1349,#1350);
#1348 = CARTESIAN_POINT('',(-58.47777474553,186.,-9.885253387202));
#1349 = DIRECTION('',(-0.956304755963,-0.,-0.292371704723));
#1350 = DIRECTION('',(0.292371704723,0.,-0.956304755963));
#1351 = ORIENTED_EDGE('',*,*,#1352,.T.);
#1352 = EDGE_CURVE('',#1342,#1353,#1355,.T.);
#1353 = VERTEX_POINT('',#1354);
#1354 = CARTESIAN_POINT('',(-57.35635881973,186.,-13.55323960452));
#1355 = LINE('',#1356,#1357);
#1356 = CARTESIAN_POINT('',(-60.03673840269,179.58069895637,
    -4.786113027067));
#1357 = VECTOR('',#1358,1.);
#1358 = DIRECTION('',(0.239496879616,0.573576436351,-0.78335899581));
#1359 = ORIENTED_EDGE('',*,*,#1360,.T.);
#1360 = EDGE_CURVE('',#1353,#1344,#1361,.T.);
#1361 = LINE('',#1362,#1363);
#1362 = CARTESIAN_POINT('',(-56.08888377741,182.96449565814,
    -17.69896366555));
#1363 = VECTOR('',#1364,1.);
#1364 = DIRECTION('',(-0.239496879616,0.573576436351,0.78335899581));
#1365 = PLANE('',#1366);
#1366 = AXIS2_PLACEMENT_3D('',#1367,#1368,#1369);
#1367 = CARTESIAN_POINT('',(-59.00099670897,200.,-8.173871458029));
#1368 = DIRECTION('',(-0.956304755963,-0.,-0.292371704722));
#1369 = DIRECTION('',(0.292371704722,0.,-0.956304755963));
#1370 = ADVANCED_FACE('',(#1371,#1382),#1407,.T.);
#1371 = FACE_BOUND('',#1372,.T.);
#1372 = EDGE_LOOP('',(#1373,#1379,#1380,#1381));
#1373 = ORIENTED_EDGE('',*,*,#1374,.F.);
#1374 = EDGE_CURVE('',#751,#339,#1375,.T.);
#1375 = LINE('',#1376,#1377);
#1376 = CARTESIAN_POINT('',(-50.02842787628,279.75,-17.));
#1377 = VECTOR('',#1378,1.);
#1378 = DIRECTION('',(0.,-1.,2.2E-16));
#1379 = ORIENTED_EDGE('',*,*,#750,.T.);
#1380 = ORIENTED_EDGE('',*,*,#724,.T.);
#1381 = ORIENTED_EDGE('',*,*,#346,.T.);
#1382 = FACE_BOUND('',#1383,.T.);
#1383 = EDGE_LOOP('',(#1384,#1395,#1402));
#1384 = ORIENTED_EDGE('',*,*,#1385,.F.);
#1385 = EDGE_CURVE('',#1386,#1388,#1390,.T.);
#1386 = VERTEX_POINT('',#1387);
#1387 = CARTESIAN_POINT('',(-51.96853761553,269.76809940372,
    -10.65418697922));
#1388 = VERTEX_POINT('',#1389);
#1389 = CARTESIAN_POINT('',(-51.96853761553,262.23190059627,
    -10.65418697922));
#1390 = CIRCLE('',#1391,4.6);
#1391 = AXIS2_PLACEMENT_3D('',#1392,#1393,#1394);
#1392 = CARTESIAN_POINT('',(-52.73994620976,266.,-8.131023158867));
#1393 = DIRECTION('',(0.956304755963,-0.,0.292371704723));
#1394 = DIRECTION('',(0.292371704723,0.,-0.956304755963));
#1395 = ORIENTED_EDGE('',*,*,#1396,.T.);
#1396 = EDGE_CURVE('',#1386,#1397,#1399,.T.);
#1397 = VERTEX_POINT('',#1398);
#1398 = CARTESIAN_POINT('',(-50.3951674558,266.,-15.800448886));
#1399 = B_SPLINE_CURVE_WITH_KNOTS('',1,(#1400,#1401),.UNSPECIFIED.,.F.,
  .F.,(2,2),(0.,1.),.PIECEWISE_BEZIER_KNOTS.);
#1400 = CARTESIAN_POINT('',(-51.96853761553,269.76809940372,
    -10.65418697922));
#1401 = CARTESIAN_POINT('',(-50.3951674558,266.,-15.800448886));
#1402 = ORIENTED_EDGE('',*,*,#1403,.T.);
#1403 = EDGE_CURVE('',#1397,#1388,#1404,.T.);
#1404 = B_SPLINE_CURVE_WITH_KNOTS('',1,(#1405,#1406),.UNSPECIFIED.,.F.,
  .F.,(2,2),(0.,1.),.PIECEWISE_BEZIER_KNOTS.);
#1405 = CARTESIAN_POINT('',(-50.3951674558,266.,-15.800448886));
#1406 = CARTESIAN_POINT('',(-51.96853761553,262.23190059627,
    -10.65418697922));
#1407 = PLANE('',#1408);
#1408 = AXIS2_PLACEMENT_3D('',#1409,#1410,#1411);
#1409 = CARTESIAN_POINT('',(-55.22584946107,279.75,-3.583E-14));
#1410 = DIRECTION('',(0.956304755963,6.E-17,0.292371704723));
#1411 = DIRECTION('',(0.292371704723,-2.1E-16,-0.956304755963));
#1412 = ADVANCED_FACE('',(#1413),#1431,.T.);
#1413 = FACE_BOUND('',#1414,.T.);
#1414 = EDGE_LOOP('',(#1415,#1423,#1429,#1430));
#1415 = ORIENTED_EDGE('',*,*,#1416,.F.);
#1416 = EDGE_CURVE('',#1417,#331,#1419,.T.);
#1417 = VERTEX_POINT('',#1418);
#1418 = CARTESIAN_POINT('',(-51.97320907139,272.15,-19.2396346966));
#1419 = LINE('',#1420,#1421);
#1420 = CARTESIAN_POINT('',(-51.97320907139,279.75,-19.2396346966));
#1421 = VECTOR('',#1422,1.);
#1422 = DIRECTION('',(0.,-1.,2.2E-16));
#1423 = ORIENTED_EDGE('',*,*,#1424,.T.);
#1424 = EDGE_CURVE('',#1417,#751,#1425,.T.);
#1425 = LINE('',#1426,#1427);
#1426 = CARTESIAN_POINT('',(-51.97320907139,272.15,-19.2396346966));
#1427 = VECTOR('',#1428,1.);
#1428 = DIRECTION('',(0.655654995826,-3.4E-16,0.755060611109));
#1429 = ORIENTED_EDGE('',*,*,#1374,.T.);
#1430 = ORIENTED_EDGE('',*,*,#338,.T.);
#1431 = PLANE('',#1432);
#1432 = AXIS2_PLACEMENT_3D('',#1433,#1434,#1435);
#1433 = CARTESIAN_POINT('',(-50.02842787628,279.75,-17.));
#1434 = DIRECTION('',(0.755060611109,-1.5E-16,-0.655654995826));
#1435 = DIRECTION('',(-0.655654995826,-1.7E-16,-0.755060611109));
#1436 = ADVANCED_FACE('',(#1437),#1455,.T.);
#1437 = FACE_BOUND('',#1438,.T.);
#1438 = EDGE_LOOP('',(#1439,#1447,#1453,#1454));
#1439 = ORIENTED_EDGE('',*,*,#1440,.F.);
#1440 = EDGE_CURVE('',#1441,#323,#1443,.T.);
#1441 = VERTEX_POINT('',#1442);
#1442 = CARTESIAN_POINT('',(-45.22465395195,272.15,-70.5));
#1443 = LINE('',#1444,#1445);
#1444 = CARTESIAN_POINT('',(-45.22465395195,279.75,-70.5));
#1445 = VECTOR('',#1446,1.);
#1446 = DIRECTION('',(0.,-1.,2.2E-16));
#1447 = ORIENTED_EDGE('',*,*,#1448,.T.);
#1448 = EDGE_CURVE('',#1441,#1417,#1449,.T.);
#1449 = LINE('',#1450,#1451);
#1450 = CARTESIAN_POINT('',(-45.22465395195,272.15,-70.5));
#1451 = VECTOR('',#1452,1.);
#1452 = DIRECTION('',(-0.13052619222,-4.4E-16,0.991444861374));
#1453 = ORIENTED_EDGE('',*,*,#1416,.T.);
#1454 = ORIENTED_EDGE('',*,*,#330,.T.);
#1455 = PLANE('',#1456);
#1456 = AXIS2_PLACEMENT_3D('',#1457,#1458,#1459);
#1457 = CARTESIAN_POINT('',(-51.97320907139,279.75,-19.2396346966));
#1458 = DIRECTION('',(0.991444861374,3.E-17,0.13052619222));
#1459 = DIRECTION('',(0.13052619222,-2.2E-16,-0.991444861374));
#1460 = ADVANCED_FACE('',(#1461),#1490,.T.);
#1461 = FACE_BOUND('',#1462,.T.);
#1462 = EDGE_LOOP('',(#1463,#1473,#1480,#1481,#1482,#1483,#1484));
#1463 = ORIENTED_EDGE('',*,*,#1464,.F.);
#1464 = EDGE_CURVE('',#1465,#1467,#1469,.T.);
#1465 = VERTEX_POINT('',#1466);
#1466 = CARTESIAN_POINT('',(-41.19013810963,276.15,-70.5));
#1467 = VERTEX_POINT('',#1468);
#1468 = CARTESIAN_POINT('',(-19.25916979427,276.15,-70.5));
#1469 = LINE('',#1470,#1471);
#1470 = CARTESIAN_POINT('',(-49.25916979427,276.15,-70.5));
#1471 = VECTOR('',#1472,1.);
#1472 = DIRECTION('',(1.,0.,0.));
#1473 = ORIENTED_EDGE('',*,*,#1474,.F.);
#1474 = EDGE_CURVE('',#1441,#1465,#1475,.T.);
#1475 = ELLIPSE('',#1476,4.034515842321,4.);
#1476 = AXIS2_PLACEMENT_3D('',#1477,#1478,#1479);
#1477 = CARTESIAN_POINT('',(-41.19013810963,272.15,-70.5));
#1478 = DIRECTION('',(7.9E-16,2.840166546292E-48,-1.));
#1479 = DIRECTION('',(-1.,-3.37E-15,-7.9E-16));
#1480 = ORIENTED_EDGE('',*,*,#1440,.T.);
#1481 = ORIENTED_EDGE('',*,*,#322,.T.);
#1482 = ORIENTED_EDGE('',*,*,#377,.F.);
#1483 = ORIENTED_EDGE('',*,*,#410,.F.);
#1484 = ORIENTED_EDGE('',*,*,#1485,.F.);
#1485 = EDGE_CURVE('',#1467,#403,#1486,.T.);
#1486 = LINE('',#1487,#1488);
#1487 = CARTESIAN_POINT('',(-19.25916979427,276.15,-70.5));
#1488 = VECTOR('',#1489,1.);
#1489 = DIRECTION('',(0.,1.,6.7E-16));
#1490 = PLANE('',#1491);
#1491 = AXIS2_PLACEMENT_3D('',#1492,#1493,#1494);
#1492 = CARTESIAN_POINT('',(-40.80159777301,240.,-70.5));
#1493 = DIRECTION('',(7.9E-16,0.,-1.));
#1494 = DIRECTION('',(-1.,0.,-7.9E-16));
#1495 = ADVANCED_FACE('',(#1496),#1523,.T.);
#1496 = FACE_BOUND('',#1497,.T.);
#1497 = EDGE_LOOP('',(#1498,#1508,#1515,#1516));
#1498 = ORIENTED_EDGE('',*,*,#1499,.F.);
#1499 = EDGE_CURVE('',#1500,#1502,#1504,.T.);
#1500 = VERTEX_POINT('',#1501);
#1501 = CARTESIAN_POINT('',(61.499999999996,279.24999999997,-9.5));
#1502 = VERTEX_POINT('',#1503);
#1503 = CARTESIAN_POINT('',(61.499999999994,279.24999999997,2.5));
#1504 = LINE('',#1505,#1506);
#1505 = CARTESIAN_POINT('',(61.499999999992,279.24999999997,-2.665E-14)
  );
#1506 = VECTOR('',#1507,1.);
#1507 = DIRECTION('',(0.,0.,1.));
#1508 = ORIENTED_EDGE('',*,*,#1509,.T.);
#1509 = EDGE_CURVE('',#1500,#395,#1510,.T.);
#1510 = ELLIPSE('',#1511,1.007409302636,0.500000000021);
#1511 = AXIS2_PLACEMENT_3D('',#1512,#1513,#1514);
#1512 = CARTESIAN_POINT('',(60.999999999972,279.24999999997,
    -10.37457046773));
#1513 = DIRECTION('',(-0.868138169299,1.1E-16,0.496322595704));
#1514 = DIRECTION('',(0.496322595704,-6.E-17,0.868138169299));
#1515 = ORIENTED_EDGE('',*,*,#392,.F.);
#1516 = ORIENTED_EDGE('',*,*,#1517,.F.);
#1517 = EDGE_CURVE('',#1502,#393,#1518,.T.);
#1518 = CIRCLE('',#1519,0.500000000021);
#1519 = AXIS2_PLACEMENT_3D('',#1520,#1521,#1522);
#1520 = CARTESIAN_POINT('',(60.999999999972,279.24999999997,2.5));
#1521 = DIRECTION('',(0.,0.,1.));
#1522 = DIRECTION('',(1.,0.,0.));
#1523 = CYLINDRICAL_SURFACE('',#1524,0.500000000021);
#1524 = AXIS2_PLACEMENT_3D('',#1525,#1526,#1527);
#1525 = CARTESIAN_POINT('',(60.999999999972,279.24999999997,-2.665E-14)
  );
#1526 = DIRECTION('',(0.,0.,1.));
#1527 = DIRECTION('',(1.,0.,0.));
#1528 = ADVANCED_FACE('',(#1529),#1974,.T.);
#1529 = FACE_BOUND('',#1530,.T.);
#1530 = EDGE_LOOP('',(#1531,#1541,#1549,#1576,#1583,#1610,#1618,#1626,
    #1634,#1661,#1668,#1695,#1703,#1711,#1719,#1746,#1753,#1780,#1788,
    #1794,#1795,#1822,#1829,#1856,#1862,#1863,#1864,#1872,#1880,#1888,
    #1896,#1904,#1912,#1920,#1928,#1936,#1944,#1952,#1960,#1968));
#1531 = ORIENTED_EDGE('',*,*,#1532,.F.);
#1532 = EDGE_CURVE('',#1533,#1535,#1537,.T.);
#1533 = VERTEX_POINT('',#1534);
#1534 = CARTESIAN_POINT('',(-19.25916979427,-36.15,-70.5));
#1535 = VERTEX_POINT('',#1536);
#1536 = CARTESIAN_POINT('',(-19.25916979427,-39.75,-70.5));
#1537 = LINE('',#1538,#1539);
#1538 = CARTESIAN_POINT('',(-19.25916979427,-36.15,-70.5));
#1539 = VECTOR('',#1540,1.);
#1540 = DIRECTION('',(0.,-1.,2.2E-16));
#1541 = ORIENTED_EDGE('',*,*,#1542,.T.);
#1542 = EDGE_CURVE('',#1533,#1543,#1545,.T.);
#1543 = VERTEX_POINT('',#1544);
#1544 = CARTESIAN_POINT('',(55.918158589536,-36.15,-14.18158589536));
#1545 = LINE('',#1546,#1547);
#1546 = CARTESIAN_POINT('',(-19.25916979427,-36.15,-70.5));
#1547 = VECTOR('',#1548,1.);
#1548 = DIRECTION('',(0.800329895836,1.3E-16,0.599559886777));
#1549 = ORIENTED_EDGE('',*,*,#1550,.T.);
#1550 = EDGE_CURVE('',#1543,#1551,#1553,.T.);
#1551 = VERTEX_POINT('',#1552);
#1552 = CARTESIAN_POINT('',(58.709079294768,-33.15,-12.09079294768));
#1553 = B_SPLINE_CURVE_WITH_KNOTS('',6,(#1554,#1555,#1556,#1557,#1558,
    #1559,#1560,#1561,#1562,#1563,#1564,#1565,#1566,#1567,#1568,#1569,
    #1570,#1571,#1572,#1573,#1574,#1575),.UNSPECIFIED.,.F.,.F.,(7,5,5,5,
    7),(0.,0.403352291924,0.576673391616,0.729445956443,1.),
  .UNSPECIFIED.);
#1554 = CARTESIAN_POINT('',(55.918158589536,-36.15,-14.18158589536));
#1555 = CARTESIAN_POINT('',(56.194196957649,-36.15,-13.97479425407));
#1556 = CARTESIAN_POINT('',(56.470128644131,-36.11478414623,
    -13.76808253236));
#1557 = CARTESIAN_POINT('',(56.742531497735,-36.04439808155,
    -13.56401440381));
#1558 = CARTESIAN_POINT('',(57.007522605304,-35.93872712345,
    -13.36549871762));
#1559 = CARTESIAN_POINT('',(57.260829147597,-35.79810111845,
    -13.17573641759));
#1560 = CARTESIAN_POINT('',(57.599559680571,-35.54813747583,
    -12.92197950928));
#1561 = CARTESIAN_POINT('',(57.69831333827,-35.466713955,-12.84799910178
    ));
#1562 = CARTESIAN_POINT('',(57.793623039409,-35.37907603005,
    -12.77659870311));
#1563 = CARTESIAN_POINT('',(57.885066271646,-35.28534350433,
    -12.70809483458));
#1564 = CARTESIAN_POINT('',(57.972199305101,-35.18569022281,
    -12.6428199124));
#1565 = CARTESIAN_POINT('',(58.12717023898,-34.98751752452,
    -12.52672484204));
#1566 = CARTESIAN_POINT('',(58.196070531579,-34.89026490854,
    -12.47510881239));
#1567 = CARTESIAN_POINT('',(58.260954328664,-34.78877419095,
    -12.42650170395));
#1568 = CARTESIAN_POINT('',(58.3215002961,-34.68326253023,
    -12.38114424127));
#1569 = CARTESIAN_POINT('',(58.37739245974,-34.57400293956,
    -12.33927313352));
#1570 = CARTESIAN_POINT('',(58.518546342978,-34.26180461791,
    -12.2335289814));
#1571 = CARTESIAN_POINT('',(58.593285631951,-34.05146295677,
    -12.17753872055));
#1572 = CARTESIAN_POINT('',(58.650761913365,-33.83239281274,
    -12.13448088533));
#1573 = CARTESIAN_POINT('',(58.689648620303,-33.6071008933,
    -12.10534926132));
#1574 = CARTESIAN_POINT('',(58.709079294768,-33.37850430626,
    -12.09079294768));
#1575 = CARTESIAN_POINT('',(58.709079294768,-33.15,-12.09079294768));
#1576 = ORIENTED_EDGE('',*,*,#1577,.T.);
#1577 = EDGE_CURVE('',#1551,#1578,#1580,.T.);
#1578 = VERTEX_POINT('',#1579);
#1579 = CARTESIAN_POINT('',(58.709079294768,33.15,-12.09079294768));
#1580 = B_SPLINE_CURVE_WITH_KNOTS('',1,(#1581,#1582),.UNSPECIFIED.,.F.,
  .F.,(2,2),(0.,1.),.PIECEWISE_BEZIER_KNOTS.);
#1581 = CARTESIAN_POINT('',(58.709079294768,-33.61788937507,
    -12.09079294768));
#1582 = CARTESIAN_POINT('',(58.709079294768,33.617889375077,
    -12.09079294768));
#1583 = ORIENTED_EDGE('',*,*,#1584,.F.);
#1584 = EDGE_CURVE('',#1585,#1578,#1587,.T.);
#1585 = VERTEX_POINT('',#1586);
#1586 = CARTESIAN_POINT('',(56.632740847223,36.05,-13.64626307443));
#1587 = B_SPLINE_CURVE_WITH_KNOTS('',6,(#1588,#1589,#1590,#1591,#1592,
    #1593,#1594,#1595,#1596,#1597,#1598,#1599,#1600,#1601,#1602,#1603,
    #1604,#1605,#1606,#1607,#1608,#1609),.UNSPECIFIED.,.F.,.F.,(7,5,5,5,
    7),(0.,0.403352291924,0.576673391616,0.729445956443,1.),
  .UNSPECIFIED.);
#1588 = CARTESIAN_POINT('',(55.918158589536,36.15,-14.18158589536));
#1589 = CARTESIAN_POINT('',(56.194196957649,36.15,-13.97479425407));
#1590 = CARTESIAN_POINT('',(56.470128644131,36.114784146231,
    -13.76808253236));
#1591 = CARTESIAN_POINT('',(56.742531497735,36.044398081551,
    -13.56401440381));
#1592 = CARTESIAN_POINT('',(57.007522605305,35.938727123455,
    -13.36549871762));
#1593 = CARTESIAN_POINT('',(57.260829147597,35.798101118451,
    -13.17573641759));
#1594 = CARTESIAN_POINT('',(57.599559680571,35.548137475835,
    -12.92197950928));
#1595 = CARTESIAN_POINT('',(57.69831333827,35.466713955005,
    -12.84799910178));
#1596 = CARTESIAN_POINT('',(57.793623039409,35.379076030058,
    -12.77659870311));
#1597 = CARTESIAN_POINT('',(57.885066271646,35.285343504336,
    -12.70809483458));
#1598 = CARTESIAN_POINT('',(57.972199305101,35.185690222813,
    -12.6428199124));
#1599 = CARTESIAN_POINT('',(58.12717023898,34.987517524529,
    -12.52672484204));
#1600 = CARTESIAN_POINT('',(58.196070531579,34.890264908546,
    -12.47510881239));
#1601 = CARTESIAN_POINT('',(58.260954328664,34.788774190951,
    -12.42650170395));
#1602 = CARTESIAN_POINT('',(58.3215002961,34.683262530239,
    -12.38114424127));
#1603 = CARTESIAN_POINT('',(58.37739245974,34.574002939564,
    -12.33927313352));
#1604 = CARTESIAN_POINT('',(58.518546342978,34.261804617911,
    -12.2335289814));
#1605 = CARTESIAN_POINT('',(58.593285631951,34.051462956772,
    -12.17753872055));
#1606 = CARTESIAN_POINT('',(58.650761913365,33.832392812742,
    -12.13448088533));
#1607 = CARTESIAN_POINT('',(58.689648620303,33.607100893301,
    -12.10534926132));
#1608 = CARTESIAN_POINT('',(58.709079294768,33.378504306266,
    -12.09079294768));
#1609 = CARTESIAN_POINT('',(58.709079294768,33.15,-12.09079294768));
#1610 = ORIENTED_EDGE('',*,*,#1611,.F.);
#1611 = EDGE_CURVE('',#1612,#1585,#1614,.T.);
#1612 = VERTEX_POINT('',#1613);
#1613 = CARTESIAN_POINT('',(-19.25916979427,36.05,-70.5));
#1614 = LINE('',#1615,#1616);
#1615 = CARTESIAN_POINT('',(-19.25916979427,36.05,-70.5));
#1616 = VECTOR('',#1617,1.);
#1617 = DIRECTION('',(0.800329895836,0.,0.599559886777));
#1618 = ORIENTED_EDGE('',*,*,#1619,.F.);
#1619 = EDGE_CURVE('',#1620,#1612,#1622,.T.);
#1620 = VERTEX_POINT('',#1621);
#1621 = CARTESIAN_POINT('',(-19.25916979427,43.95,-70.5));
#1622 = LINE('',#1623,#1624);
#1623 = CARTESIAN_POINT('',(-19.25916979427,43.95,-70.5));
#1624 = VECTOR('',#1625,1.);
#1625 = DIRECTION('',(0.,-1.,2.2E-16));
#1626 = ORIENTED_EDGE('',*,*,#1627,.T.);
#1627 = EDGE_CURVE('',#1620,#1628,#1630,.T.);
#1628 = VERTEX_POINT('',#1629);
#1629 = CARTESIAN_POINT('',(56.632740847223,43.95,-13.64626307443));
#1630 = LINE('',#1631,#1632);
#1631 = CARTESIAN_POINT('',(-19.25916979427,43.95,-70.5));
#1632 = VECTOR('',#1633,1.);
#1633 = DIRECTION('',(0.800329895836,0.,0.599559886777));
#1634 = ORIENTED_EDGE('',*,*,#1635,.T.);
#1635 = EDGE_CURVE('',#1628,#1636,#1638,.T.);
#1636 = VERTEX_POINT('',#1637);
#1637 = CARTESIAN_POINT('',(58.709079294768,46.85,-12.09079294768));
#1638 = B_SPLINE_CURVE_WITH_KNOTS('',6,(#1639,#1640,#1641,#1642,#1643,
    #1644,#1645,#1646,#1647,#1648,#1649,#1650,#1651,#1652,#1653,#1654,
    #1655,#1656,#1657,#1658,#1659,#1660),.UNSPECIFIED.,.F.,.F.,(7,5,5,5,
    7),(0.,0.403352291924,0.576673391616,0.729445956443,1.),
  .UNSPECIFIED.);
#1639 = CARTESIAN_POINT('',(55.918158589536,43.85,-14.18158589536));
#1640 = CARTESIAN_POINT('',(56.194196957649,43.85,-13.97479425407));
#1641 = CARTESIAN_POINT('',(56.470128644131,43.885215853769,
    -13.76808253236));
#1642 = CARTESIAN_POINT('',(56.742531497735,43.955601918449,
    -13.56401440381));
#1643 = CARTESIAN_POINT('',(57.007522605304,44.061272876545,
    -13.36549871762));
#1644 = CARTESIAN_POINT('',(57.260829147597,44.201898881549,
    -13.17573641759));
#1645 = CARTESIAN_POINT('',(57.599559680571,44.451862524165,
    -12.92197950928));
#1646 = CARTESIAN_POINT('',(57.69831333827,44.533286044995,
    -12.84799910178));
#1647 = CARTESIAN_POINT('',(57.793623039409,44.620923969942,
    -12.77659870311));
#1648 = CARTESIAN_POINT('',(57.885066271646,44.714656495664,
    -12.70809483458));
#1649 = CARTESIAN_POINT('',(57.972199305101,44.814309777187,
    -12.6428199124));
#1650 = CARTESIAN_POINT('',(58.12717023898,45.012482475471,
    -12.52672484204));
#1651 = CARTESIAN_POINT('',(58.196070531579,45.109735091454,
    -12.47510881239));
#1652 = CARTESIAN_POINT('',(58.260954328664,45.211225809049,
    -12.42650170395));
#1653 = CARTESIAN_POINT('',(58.3215002961,45.316737469761,
    -12.38114424127));
#1654 = CARTESIAN_POINT('',(58.37739245974,45.425997060436,
    -12.33927313352));
#1655 = CARTESIAN_POINT('',(58.518546342978,45.738195382088,
    -12.2335289814));
#1656 = CARTESIAN_POINT('',(58.593285631951,45.948537043228,
    -12.17753872055));
#1657 = CARTESIAN_POINT('',(58.650761913365,46.167607187258,
    -12.13448088533));
#1658 = CARTESIAN_POINT('',(58.689648620303,46.3928991067,
    -12.10534926132));
#1659 = CARTESIAN_POINT('',(58.709079294768,46.621495693734,
    -12.09079294768));
#1660 = CARTESIAN_POINT('',(58.709079294768,46.85,-12.09079294768));
#1661 = ORIENTED_EDGE('',*,*,#1662,.T.);
#1662 = EDGE_CURVE('',#1636,#1663,#1665,.T.);
#1663 = VERTEX_POINT('',#1664);
#1664 = CARTESIAN_POINT('',(58.709079294768,113.15,-12.09079294768));
#1665 = B_SPLINE_CURVE_WITH_KNOTS('',1,(#1666,#1667),.UNSPECIFIED.,.F.,
  .F.,(2,2),(0.,1.),.PIECEWISE_BEZIER_KNOTS.);
#1666 = CARTESIAN_POINT('',(58.709079294768,46.382110624923,
    -12.09079294768));
#1667 = CARTESIAN_POINT('',(58.709079294768,113.61788937507,
    -12.09079294768));
#1668 = ORIENTED_EDGE('',*,*,#1669,.F.);
#1669 = EDGE_CURVE('',#1670,#1663,#1672,.T.);
#1670 = VERTEX_POINT('',#1671);
#1671 = CARTESIAN_POINT('',(56.632740847223,116.05,-13.64626307443));
#1672 = B_SPLINE_CURVE_WITH_KNOTS('',6,(#1673,#1674,#1675,#1676,#1677,
    #1678,#1679,#1680,#1681,#1682,#1683,#1684,#1685,#1686,#1687,#1688,
    #1689,#1690,#1691,#1692,#1693,#1694),.UNSPECIFIED.,.F.,.F.,(7,5,5,5,
    7),(0.,0.403352291924,0.576673391616,0.729445956443,1.),
  .UNSPECIFIED.);
#1673 = CARTESIAN_POINT('',(55.918158589536,116.15,-14.18158589536));
#1674 = CARTESIAN_POINT('',(56.194196957649,116.15,-13.97479425407));
#1675 = CARTESIAN_POINT('',(56.470128644131,116.11478414623,
    -13.76808253236));
#1676 = CARTESIAN_POINT('',(56.742531497735,116.04439808155,
    -13.56401440381));
#1677 = CARTESIAN_POINT('',(57.007522605305,115.93872712345,
    -13.36549871762));
#1678 = CARTESIAN_POINT('',(57.260829147597,115.79810111845,
    -13.17573641759));
#1679 = CARTESIAN_POINT('',(57.599559680571,115.54813747583,
    -12.92197950928));
#1680 = CARTESIAN_POINT('',(57.69831333827,115.466713955,-12.84799910178
    ));
#1681 = CARTESIAN_POINT('',(57.793623039409,115.37907603005,
    -12.77659870311));
#1682 = CARTESIAN_POINT('',(57.885066271646,115.28534350433,
    -12.70809483458));
#1683 = CARTESIAN_POINT('',(57.972199305101,115.18569022281,
    -12.6428199124));
#1684 = CARTESIAN_POINT('',(58.12717023898,114.98751752452,
    -12.52672484204));
#1685 = CARTESIAN_POINT('',(58.196070531579,114.89026490854,
    -12.47510881239));
#1686 = CARTESIAN_POINT('',(58.260954328664,114.78877419095,
    -12.42650170395));
#1687 = CARTESIAN_POINT('',(58.3215002961,114.68326253023,
    -12.38114424127));
#1688 = CARTESIAN_POINT('',(58.37739245974,114.57400293956,
    -12.33927313352));
#1689 = CARTESIAN_POINT('',(58.518546342978,114.26180461791,
    -12.2335289814));
#1690 = CARTESIAN_POINT('',(58.593285631951,114.05146295677,
    -12.17753872055));
#1691 = CARTESIAN_POINT('',(58.650761913365,113.83239281274,
    -12.13448088533));
#1692 = CARTESIAN_POINT('',(58.689648620303,113.6071008933,
    -12.10534926132));
#1693 = CARTESIAN_POINT('',(58.709079294768,113.37850430626,
    -12.09079294768));
#1694 = CARTESIAN_POINT('',(58.709079294768,113.15,-12.09079294768));
#1695 = ORIENTED_EDGE('',*,*,#1696,.F.);
#1696 = EDGE_CURVE('',#1697,#1670,#1699,.T.);
#1697 = VERTEX_POINT('',#1698);
#1698 = CARTESIAN_POINT('',(-19.25916979427,116.05,-70.5));
#1699 = LINE('',#1700,#1701);
#1700 = CARTESIAN_POINT('',(-19.25916979427,116.05,-70.5));
#1701 = VECTOR('',#1702,1.);
#1702 = DIRECTION('',(0.800329895836,0.,0.599559886777));
#1703 = ORIENTED_EDGE('',*,*,#1704,.F.);
#1704 = EDGE_CURVE('',#1705,#1697,#1707,.T.);
#1705 = VERTEX_POINT('',#1706);
#1706 = CARTESIAN_POINT('',(-19.25916979427,123.95,-70.5));
#1707 = LINE('',#1708,#1709);
#1708 = CARTESIAN_POINT('',(-19.25916979427,123.95,-70.5));
#1709 = VECTOR('',#1710,1.);
#1710 = DIRECTION('',(0.,-1.,2.2E-16));
#1711 = ORIENTED_EDGE('',*,*,#1712,.T.);
#1712 = EDGE_CURVE('',#1705,#1713,#1715,.T.);
#1713 = VERTEX_POINT('',#1714);
#1714 = CARTESIAN_POINT('',(56.632740847223,123.95,-13.64626307443));
#1715 = LINE('',#1716,#1717);
#1716 = CARTESIAN_POINT('',(-19.25916979427,123.95,-70.5));
#1717 = VECTOR('',#1718,1.);
#1718 = DIRECTION('',(0.800329895836,0.,0.599559886777));
#1719 = ORIENTED_EDGE('',*,*,#1720,.T.);
#1720 = EDGE_CURVE('',#1713,#1721,#1723,.T.);
#1721 = VERTEX_POINT('',#1722);
#1722 = CARTESIAN_POINT('',(58.709079294768,126.85,-12.09079294768));
#1723 = B_SPLINE_CURVE_WITH_KNOTS('',6,(#1724,#1725,#1726,#1727,#1728,
    #1729,#1730,#1731,#1732,#1733,#1734,#1735,#1736,#1737,#1738,#1739,
    #1740,#1741,#1742,#1743,#1744,#1745),.UNSPECIFIED.,.F.,.F.,(7,5,5,5,
    7),(0.,0.403352291924,0.576673391616,0.729445956443,1.),
  .UNSPECIFIED.);
#1724 = CARTESIAN_POINT('',(55.918158589536,123.85,-14.18158589536));
#1725 = CARTESIAN_POINT('',(56.194196957649,123.85,-13.97479425407));
#1726 = CARTESIAN_POINT('',(56.470128644131,123.88521585376,
    -13.76808253236));
#1727 = CARTESIAN_POINT('',(56.742531497736,123.95560191844,
    -13.56401440381));
#1728 = CARTESIAN_POINT('',(57.007522605304,124.06127287654,
    -13.36549871762));
#1729 = CARTESIAN_POINT('',(57.260829147597,124.20189888154,
    -13.17573641759));
#1730 = CARTESIAN_POINT('',(57.599559680571,124.45186252416,
    -12.92197950928));
#1731 = CARTESIAN_POINT('',(57.69831333827,124.53328604499,
    -12.84799910178));
#1732 = CARTESIAN_POINT('',(57.793623039409,124.62092396994,
    -12.77659870311));
#1733 = CARTESIAN_POINT('',(57.885066271646,124.71465649566,
    -12.70809483458));
#1734 = CARTESIAN_POINT('',(57.972199305101,124.81430977718,
    -12.6428199124));
#1735 = CARTESIAN_POINT('',(58.12717023898,125.01248247547,
    -12.52672484204));
#1736 = CARTESIAN_POINT('',(58.196070531579,125.10973509145,
    -12.47510881239));
#1737 = CARTESIAN_POINT('',(58.260954328664,125.21122580904,
    -12.42650170395));
#1738 = CARTESIAN_POINT('',(58.3215002961,125.31673746976,
    -12.38114424127));
#1739 = CARTESIAN_POINT('',(58.37739245974,125.42599706043,
    -12.33927313352));
#1740 = CARTESIAN_POINT('',(58.518546342978,125.73819538208,
    -12.2335289814));
#1741 = CARTESIAN_POINT('',(58.593285631951,125.94853704322,
    -12.17753872055));
#1742 = CARTESIAN_POINT('',(58.650761913365,126.16760718725,
    -12.13448088533));
#1743 = CARTESIAN_POINT('',(58.689648620303,126.3928991067,
    -12.10534926132));
#1744 = CARTESIAN_POINT('',(58.709079294768,126.62149569373,
    -12.09079294768));
#1745 = CARTESIAN_POINT('',(58.709079294768,126.85,-12.09079294768));
#1746 = ORIENTED_EDGE('',*,*,#1747,.T.);
#1747 = EDGE_CURVE('',#1721,#1748,#1750,.T.);
#1748 = VERTEX_POINT('',#1749);
#1749 = CARTESIAN_POINT('',(58.709079294768,193.15,-12.09079294768));
#1750 = B_SPLINE_CURVE_WITH_KNOTS('',1,(#1751,#1752),.UNSPECIFIED.,.F.,
  .F.,(2,2),(0.,1.),.PIECEWISE_BEZIER_KNOTS.);
#1751 = CARTESIAN_POINT('',(58.709079294768,126.38211062492,
    -12.09079294768));
#1752 = CARTESIAN_POINT('',(58.709079294768,193.61788937507,
    -12.09079294768));
#1753 = ORIENTED_EDGE('',*,*,#1754,.F.);
#1754 = EDGE_CURVE('',#1755,#1748,#1757,.T.);
#1755 = VERTEX_POINT('',#1756);
#1756 = CARTESIAN_POINT('',(56.632740847223,196.05,-13.64626307443));
#1757 = B_SPLINE_CURVE_WITH_KNOTS('',6,(#1758,#1759,#1760,#1761,#1762,
    #1763,#1764,#1765,#1766,#1767,#1768,#1769,#1770,#1771,#1772,#1773,
    #1774,#1775,#1776,#1777,#1778,#1779),.UNSPECIFIED.,.F.,.F.,(7,5,5,5,
    7),(0.,0.403352291924,0.576673391616,0.729445956443,1.),
  .UNSPECIFIED.);
#1758 = CARTESIAN_POINT('',(55.918158589536,196.15,-14.18158589536));
#1759 = CARTESIAN_POINT('',(56.194196957649,196.15,-13.97479425407));
#1760 = CARTESIAN_POINT('',(56.470128644131,196.11478414623,
    -13.76808253236));
#1761 = CARTESIAN_POINT('',(56.742531497735,196.04439808155,
    -13.56401440381));
#1762 = CARTESIAN_POINT('',(57.007522605305,195.93872712345,
    -13.36549871762));
#1763 = CARTESIAN_POINT('',(57.260829147597,195.79810111845,
    -13.17573641759));
#1764 = CARTESIAN_POINT('',(57.599559680571,195.54813747583,
    -12.92197950928));
#1765 = CARTESIAN_POINT('',(57.69831333827,195.466713955,-12.84799910178
    ));
#1766 = CARTESIAN_POINT('',(57.793623039409,195.37907603005,
    -12.77659870311));
#1767 = CARTESIAN_POINT('',(57.885066271646,195.28534350433,
    -12.70809483458));
#1768 = CARTESIAN_POINT('',(57.972199305101,195.18569022281,
    -12.6428199124));
#1769 = CARTESIAN_POINT('',(58.12717023898,194.98751752452,
    -12.52672484204));
#1770 = CARTESIAN_POINT('',(58.196070531579,194.89026490854,
    -12.47510881239));
#1771 = CARTESIAN_POINT('',(58.260954328664,194.78877419095,
    -12.42650170395));
#1772 = CARTESIAN_POINT('',(58.3215002961,194.68326253023,
    -12.38114424127));
#1773 = CARTESIAN_POINT('',(58.37739245974,194.57400293956,
    -12.33927313352));
#1774 = CARTESIAN_POINT('',(58.518546342978,194.26180461791,
    -12.2335289814));
#1775 = CARTESIAN_POINT('',(58.593285631951,194.05146295677,
    -12.17753872055));
#1776 = CARTESIAN_POINT('',(58.650761913365,193.83239281274,
    -12.13448088533));
#1777 = CARTESIAN_POINT('',(58.689648620303,193.6071008933,
    -12.10534926132));
#1778 = CARTESIAN_POINT('',(58.709079294768,193.37850430626,
    -12.09079294768));
#1779 = CARTESIAN_POINT('',(58.709079294768,193.15,-12.09079294768));
#1780 = ORIENTED_EDGE('',*,*,#1781,.F.);
#1781 = EDGE_CURVE('',#1782,#1755,#1784,.T.);
#1782 = VERTEX_POINT('',#1783);
#1783 = CARTESIAN_POINT('',(-19.25916979427,196.05,-70.5));
#1784 = LINE('',#1785,#1786);
#1785 = CARTESIAN_POINT('',(-19.25916979427,196.05,-70.5));
#1786 = VECTOR('',#1787,1.);
#1787 = DIRECTION('',(0.800329895836,0.,0.599559886777));
#1788 = ORIENTED_EDGE('',*,*,#1789,.F.);
#1789 = EDGE_CURVE('',#1119,#1782,#1790,.T.);
#1790 = LINE('',#1791,#1792);
#1791 = CARTESIAN_POINT('',(-19.25916979427,203.95,-70.5));
#1792 = VECTOR('',#1793,1.);
#1793 = DIRECTION('',(0.,-1.,2.2E-16));
#1794 = ORIENTED_EDGE('',*,*,#1184,.T.);
#1795 = ORIENTED_EDGE('',*,*,#1796,.T.);
#1796 = EDGE_CURVE('',#1175,#1797,#1799,.T.);
#1797 = VERTEX_POINT('',#1798);
#1798 = CARTESIAN_POINT('',(58.709079294768,206.85,-12.09079294768));
#1799 = B_SPLINE_CURVE_WITH_KNOTS('',6,(#1800,#1801,#1802,#1803,#1804,
    #1805,#1806,#1807,#1808,#1809,#1810,#1811,#1812,#1813,#1814,#1815,
    #1816,#1817,#1818,#1819,#1820,#1821),.UNSPECIFIED.,.F.,.F.,(7,5,5,5,
    7),(0.,0.403352291924,0.576673391616,0.729445956443,1.),
  .UNSPECIFIED.);
#1800 = CARTESIAN_POINT('',(55.918158589536,203.85,-14.18158589536));
#1801 = CARTESIAN_POINT('',(56.194196957649,203.85,-13.97479425407));
#1802 = CARTESIAN_POINT('',(56.470128644131,203.88521585376,
    -13.76808253236));
#1803 = CARTESIAN_POINT('',(56.742531497736,203.95560191844,
    -13.56401440381));
#1804 = CARTESIAN_POINT('',(57.007522605304,204.06127287654,
    -13.36549871762));
#1805 = CARTESIAN_POINT('',(57.260829147597,204.20189888154,
    -13.17573641759));
#1806 = CARTESIAN_POINT('',(57.599559680571,204.45186252416,
    -12.92197950928));
#1807 = CARTESIAN_POINT('',(57.69831333827,204.53328604499,
    -12.84799910178));
#1808 = CARTESIAN_POINT('',(57.793623039409,204.62092396994,
    -12.77659870311));
#1809 = CARTESIAN_POINT('',(57.885066271646,204.71465649566,
    -12.70809483458));
#1810 = CARTESIAN_POINT('',(57.972199305101,204.81430977718,
    -12.6428199124));
#1811 = CARTESIAN_POINT('',(58.12717023898,205.01248247547,
    -12.52672484204));
#1812 = CARTESIAN_POINT('',(58.196070531579,205.10973509145,
    -12.47510881239));
#1813 = CARTESIAN_POINT('',(58.260954328664,205.21122580904,
    -12.42650170395));
#1814 = CARTESIAN_POINT('',(58.3215002961,205.31673746976,
    -12.38114424127));
#1815 = CARTESIAN_POINT('',(58.37739245974,205.42599706043,
    -12.33927313352));
#1816 = CARTESIAN_POINT('',(58.518546342978,205.73819538208,
    -12.2335289814));
#1817 = CARTESIAN_POINT('',(58.593285631951,205.94853704322,
    -12.17753872055));
#1818 = CARTESIAN_POINT('',(58.650761913365,206.16760718725,
    -12.13448088533));
#1819 = CARTESIAN_POINT('',(58.689648620303,206.3928991067,
    -12.10534926132));
#1820 = CARTESIAN_POINT('',(58.709079294768,206.62149569373,
    -12.09079294768));
#1821 = CARTESIAN_POINT('',(58.709079294768,206.85,-12.09079294768));
#1822 = ORIENTED_EDGE('',*,*,#1823,.T.);
#1823 = EDGE_CURVE('',#1797,#1824,#1826,.T.);
#1824 = VERTEX_POINT('',#1825);
#1825 = CARTESIAN_POINT('',(58.709079294768,273.15,-12.09079294768));
#1826 = B_SPLINE_CURVE_WITH_KNOTS('',1,(#1827,#1828),.UNSPECIFIED.,.F.,
  .F.,(2,2),(0.,1.),.PIECEWISE_BEZIER_KNOTS.);
#1827 = CARTESIAN_POINT('',(58.709079294768,206.38211062492,
    -12.09079294768));
#1828 = CARTESIAN_POINT('',(58.709079294768,273.61788937507,
    -12.09079294768));
#1829 = ORIENTED_EDGE('',*,*,#1830,.F.);
#1830 = EDGE_CURVE('',#1831,#1824,#1833,.T.);
#1831 = VERTEX_POINT('',#1832);
#1832 = CARTESIAN_POINT('',(55.918158589536,276.15,-14.18158589536));
#1833 = B_SPLINE_CURVE_WITH_KNOTS('',6,(#1834,#1835,#1836,#1837,#1838,
    #1839,#1840,#1841,#1842,#1843,#1844,#1845,#1846,#1847,#1848,#1849,
    #1850,#1851,#1852,#1853,#1854,#1855),.UNSPECIFIED.,.F.,.F.,(7,5,5,5,
    7),(0.,0.403352291924,0.576673391616,0.729445956443,1.),
  .UNSPECIFIED.);
#1834 = CARTESIAN_POINT('',(55.918158589536,276.15,-14.18158589536));
#1835 = CARTESIAN_POINT('',(56.194196957649,276.15,-13.97479425407));
#1836 = CARTESIAN_POINT('',(56.470128644131,276.11478414623,
    -13.76808253236));
#1837 = CARTESIAN_POINT('',(56.742531497735,276.04439808155,
    -13.56401440381));
#1838 = CARTESIAN_POINT('',(57.007522605305,275.93872712345,
    -13.36549871762));
#1839 = CARTESIAN_POINT('',(57.260829147597,275.79810111845,
    -13.17573641759));
#1840 = CARTESIAN_POINT('',(57.599559680571,275.54813747583,
    -12.92197950928));
#1841 = CARTESIAN_POINT('',(57.69831333827,275.466713955,-12.84799910178
    ));
#1842 = CARTESIAN_POINT('',(57.793623039409,275.37907603005,
    -12.77659870311));
#1843 = CARTESIAN_POINT('',(57.885066271646,275.28534350433,
    -12.70809483458));
#1844 = CARTESIAN_POINT('',(57.972199305101,275.18569022281,
    -12.6428199124));
#1845 = CARTESIAN_POINT('',(58.12717023898,274.98751752452,
    -12.52672484204));
#1846 = CARTESIAN_POINT('',(58.196070531579,274.89026490854,
    -12.47510881239));
#1847 = CARTESIAN_POINT('',(58.260954328664,274.78877419095,
    -12.42650170395));
#1848 = CARTESIAN_POINT('',(58.3215002961,274.68326253023,
    -12.38114424127));
#1849 = CARTESIAN_POINT('',(58.37739245974,274.57400293956,
    -12.33927313352));
#1850 = CARTESIAN_POINT('',(58.518546342978,274.26180461791,
    -12.2335289814));
#1851 = CARTESIAN_POINT('',(58.593285631951,274.05146295677,
    -12.17753872055));
#1852 = CARTESIAN_POINT('',(58.650761913365,273.83239281274,
    -12.13448088533));
#1853 = CARTESIAN_POINT('',(58.689648620303,273.6071008933,
    -12.10534926132));
#1854 = CARTESIAN_POINT('',(58.709079294768,273.37850430626,
    -12.09079294768));
#1855 = CARTESIAN_POINT('',(58.709079294768,273.15,-12.09079294768));
#1856 = ORIENTED_EDGE('',*,*,#1857,.F.);
#1857 = EDGE_CURVE('',#1467,#1831,#1858,.T.);
#1858 = LINE('',#1859,#1860);
#1859 = CARTESIAN_POINT('',(-19.25916979427,276.15,-70.5));
#1860 = VECTOR('',#1861,1.);
#1861 = DIRECTION('',(0.800329895836,-4.E-16,0.599559886777));
#1862 = ORIENTED_EDGE('',*,*,#1485,.T.);
#1863 = ORIENTED_EDGE('',*,*,#402,.T.);
#1864 = ORIENTED_EDGE('',*,*,#1865,.F.);
#1865 = EDGE_CURVE('',#1866,#395,#1868,.T.);
#1866 = VERTEX_POINT('',#1867);
#1867 = CARTESIAN_POINT('',(61.,203.95,-10.37457046768));
#1868 = LINE('',#1869,#1870);
#1869 = CARTESIAN_POINT('',(61.,219.625,-10.37457046768));
#1870 = VECTOR('',#1871,1.);
#1871 = DIRECTION('',(3.6E-16,1.,4.2E-16));
#1872 = ORIENTED_EDGE('',*,*,#1873,.T.);
#1873 = EDGE_CURVE('',#1866,#1874,#1876,.T.);
#1874 = VERTEX_POINT('',#1875);
#1875 = CARTESIAN_POINT('',(61.5,203.95,-10.));
#1876 = LINE('',#1877,#1878);
#1877 = CARTESIAN_POINT('',(-19.25916979427,203.95,-70.5));
#1878 = VECTOR('',#1879,1.);
#1879 = DIRECTION('',(0.800329895836,0.,0.599559886777));
#1880 = ORIENTED_EDGE('',*,*,#1881,.T.);
#1881 = EDGE_CURVE('',#1874,#1882,#1884,.T.);
#1882 = VERTEX_POINT('',#1883);
#1883 = CARTESIAN_POINT('',(61.5,196.05,-10.));
#1884 = LINE('',#1885,#1886);
#1885 = CARTESIAN_POINT('',(61.5,203.95,-10.));
#1886 = VECTOR('',#1887,1.);
#1887 = DIRECTION('',(0.,-1.,2.2E-16));
#1888 = ORIENTED_EDGE('',*,*,#1889,.F.);
#1889 = EDGE_CURVE('',#1890,#1882,#1892,.T.);
#1890 = VERTEX_POINT('',#1891);
#1891 = CARTESIAN_POINT('',(61.,196.05,-10.37457046768));
#1892 = LINE('',#1893,#1894);
#1893 = CARTESIAN_POINT('',(-19.25916979427,196.05,-70.5));
#1894 = VECTOR('',#1895,1.);
#1895 = DIRECTION('',(0.800329895836,0.,0.599559886777));
#1896 = ORIENTED_EDGE('',*,*,#1897,.F.);
#1897 = EDGE_CURVE('',#1898,#1890,#1900,.T.);
#1898 = VERTEX_POINT('',#1899);
#1899 = CARTESIAN_POINT('',(61.,123.95,-10.37457046768));
#1900 = LINE('',#1901,#1902);
#1901 = CARTESIAN_POINT('',(61.,139.625,-10.37457046768));
#1902 = VECTOR('',#1903,1.);
#1903 = DIRECTION('',(3.6E-16,1.,4.2E-16));
#1904 = ORIENTED_EDGE('',*,*,#1905,.T.);
#1905 = EDGE_CURVE('',#1898,#1906,#1908,.T.);
#1906 = VERTEX_POINT('',#1907);
#1907 = CARTESIAN_POINT('',(61.5,123.95,-10.));
#1908 = LINE('',#1909,#1910);
#1909 = CARTESIAN_POINT('',(-19.25916979427,123.95,-70.5));
#1910 = VECTOR('',#1911,1.);
#1911 = DIRECTION('',(0.800329895836,0.,0.599559886777));
#1912 = ORIENTED_EDGE('',*,*,#1913,.T.);
#1913 = EDGE_CURVE('',#1906,#1914,#1916,.T.);
#1914 = VERTEX_POINT('',#1915);
#1915 = CARTESIAN_POINT('',(61.5,116.05,-10.));
#1916 = LINE('',#1917,#1918);
#1917 = CARTESIAN_POINT('',(61.5,123.95,-10.));
#1918 = VECTOR('',#1919,1.);
#1919 = DIRECTION('',(0.,-1.,2.2E-16));
#1920 = ORIENTED_EDGE('',*,*,#1921,.F.);
#1921 = EDGE_CURVE('',#1922,#1914,#1924,.T.);
#1922 = VERTEX_POINT('',#1923);
#1923 = CARTESIAN_POINT('',(61.,116.05,-10.37457046768));
#1924 = LINE('',#1925,#1926);
#1925 = CARTESIAN_POINT('',(-19.25916979427,116.05,-70.5));
#1926 = VECTOR('',#1927,1.);
#1927 = DIRECTION('',(0.800329895836,0.,0.599559886777));
#1928 = ORIENTED_EDGE('',*,*,#1929,.F.);
#1929 = EDGE_CURVE('',#1930,#1922,#1932,.T.);
#1930 = VERTEX_POINT('',#1931);
#1931 = CARTESIAN_POINT('',(61.,43.95,-10.37457046768));
#1932 = LINE('',#1933,#1934);
#1933 = CARTESIAN_POINT('',(61.,59.625,-10.37457046768));
#1934 = VECTOR('',#1935,1.);
#1935 = DIRECTION('',(3.6E-16,1.,4.2E-16));
#1936 = ORIENTED_EDGE('',*,*,#1937,.T.);
#1937 = EDGE_CURVE('',#1930,#1938,#1940,.T.);
#1938 = VERTEX_POINT('',#1939);
#1939 = CARTESIAN_POINT('',(61.5,43.95,-10.));
#1940 = LINE('',#1941,#1942);
#1941 = CARTESIAN_POINT('',(-19.25916979427,43.95,-70.5));
#1942 = VECTOR('',#1943,1.);
#1943 = DIRECTION('',(0.800329895836,0.,0.599559886777));
#1944 = ORIENTED_EDGE('',*,*,#1945,.T.);
#1945 = EDGE_CURVE('',#1938,#1946,#1948,.T.);
#1946 = VERTEX_POINT('',#1947);
#1947 = CARTESIAN_POINT('',(61.5,36.05,-10.));
#1948 = LINE('',#1949,#1950);
#1949 = CARTESIAN_POINT('',(61.5,43.95,-10.));
#1950 = VECTOR('',#1951,1.);
#1951 = DIRECTION('',(0.,-1.,2.2E-16));
#1952 = ORIENTED_EDGE('',*,*,#1953,.F.);
#1953 = EDGE_CURVE('',#1954,#1946,#1956,.T.);
#1954 = VERTEX_POINT('',#1955);
#1955 = CARTESIAN_POINT('',(61.,36.05,-10.37457046768));
#1956 = LINE('',#1957,#1958);
#1957 = CARTESIAN_POINT('',(-19.25916979427,36.05,-70.5));
#1958 = VECTOR('',#1959,1.);
#1959 = DIRECTION('',(0.800329895836,0.,0.599559886777));
#1960 = ORIENTED_EDGE('',*,*,#1961,.F.);
#1961 = EDGE_CURVE('',#1962,#1954,#1964,.T.);
#1962 = VERTEX_POINT('',#1963);
#1963 = CARTESIAN_POINT('',(61.,-39.75,-10.37457046768));
#1964 = LINE('',#1965,#1966);
#1965 = CARTESIAN_POINT('',(61.,-20.375,-10.37457046768));
#1966 = VECTOR('',#1967,1.);
#1967 = DIRECTION('',(3.6E-16,1.,4.2E-16));
#1968 = ORIENTED_EDGE('',*,*,#1969,.F.);
#1969 = EDGE_CURVE('',#1535,#1962,#1970,.T.);
#1970 = LINE('',#1971,#1972);
#1971 = CARTESIAN_POINT('',(-19.25916979427,-39.75,-70.5));
#1972 = VECTOR('',#1973,1.);
#1973 = DIRECTION('',(0.800329895836,1.3E-16,0.599559886777));
#1974 = PLANE('',#1975);
#1975 = AXIS2_PLACEMENT_3D('',#1976,#1977,#1978);
#1976 = CARTESIAN_POINT('',(34.125693345703,120.,-30.50721369231));
#1977 = DIRECTION('',(0.599559886777,-1.2E-16,-0.800329895836));
#1978 = DIRECTION('',(-0.800329895836,1.133365207856E-32,-0.599559886777
    ));
#1979 = ADVANCED_FACE('',(#1980),#2003,.T.);
#1980 = FACE_BOUND('',#1981,.T.);
#1981 = EDGE_LOOP('',(#1982,#1983,#1990,#1998));
#1982 = ORIENTED_EDGE('',*,*,#426,.T.);
#1983 = ORIENTED_EDGE('',*,*,#1984,.T.);
#1984 = EDGE_CURVE('',#419,#1985,#1987,.T.);
#1985 = VERTEX_POINT('',#1986);
#1986 = CARTESIAN_POINT('',(-60.99999999997,279.42529620339,3.));
#1987 = B_SPLINE_CURVE_WITH_KNOTS('',1,(#1988,#1989),.UNSPECIFIED.,.F.,
  .F.,(2,2),(0.,1.),.PIECEWISE_BEZIER_KNOTS.);
#1988 = CARTESIAN_POINT('',(-60.99999999997,279.74999999999,2.5));
#1989 = CARTESIAN_POINT('',(-60.99999999997,279.42529620339,3.));
#1990 = ORIENTED_EDGE('',*,*,#1991,.F.);
#1991 = EDGE_CURVE('',#1992,#1985,#1994,.T.);
#1992 = VERTEX_POINT('',#1993);
#1993 = CARTESIAN_POINT('',(60.999999999972,279.42529620339,3.));
#1994 = LINE('',#1995,#1996);
#1995 = CARTESIAN_POINT('',(60.999999999971,279.42529620339,3.));
#1996 = VECTOR('',#1997,1.);
#1997 = DIRECTION('',(-1.,0.,0.));
#1998 = ORIENTED_EDGE('',*,*,#1999,.F.);
#1999 = EDGE_CURVE('',#393,#1992,#2000,.T.);
#2000 = B_SPLINE_CURVE_WITH_KNOTS('',1,(#2001,#2002),.UNSPECIFIED.,.F.,
  .F.,(2,2),(0.,1.),.PIECEWISE_BEZIER_KNOTS.);
#2001 = CARTESIAN_POINT('',(60.999999999971,279.74999999999,2.5));
#2002 = CARTESIAN_POINT('',(60.999999999972,279.42529620339,3.));
#2003 = PLANE('',#2004);
#2004 = AXIS2_PLACEMENT_3D('',#2005,#2006,#2007);
#2005 = CARTESIAN_POINT('',(60.999999999971,279.42529620339,3.));
#2006 = DIRECTION('',(0.,0.838670567945,0.544639035015));
#2007 = DIRECTION('',(-1.,0.,0.));
#2008 = ADVANCED_FACE('',(#2009),#2027,.T.);
#2009 = FACE_BOUND('',#2010,.T.);
#2010 = EDGE_LOOP('',(#2011,#2012,#2019,#2026));
#2011 = ORIENTED_EDGE('',*,*,#450,.T.);
#2012 = ORIENTED_EDGE('',*,*,#2013,.T.);
#2013 = EDGE_CURVE('',#443,#2014,#2016,.T.);
#2014 = VERTEX_POINT('',#2015);
#2015 = CARTESIAN_POINT('',(-61.17529620339,279.24999999997,3.));
#2016 = B_SPLINE_CURVE_WITH_KNOTS('',1,(#2017,#2018),.UNSPECIFIED.,.F.,
  .F.,(2,2),(0.,1.),.PIECEWISE_BEZIER_KNOTS.);
#2017 = CARTESIAN_POINT('',(-61.49999999999,279.24999999997,2.5));
#2018 = CARTESIAN_POINT('',(-61.17529620339,279.24999999997,3.));
#2019 = ORIENTED_EDGE('',*,*,#2020,.F.);
#2020 = EDGE_CURVE('',#1985,#2014,#2021,.T.);
#2021 = CIRCLE('',#2022,0.175296203422);
#2022 = AXIS2_PLACEMENT_3D('',#2023,#2024,#2025);
#2023 = CARTESIAN_POINT('',(-60.99999999997,279.24999999997,3.));
#2024 = DIRECTION('',(0.,0.,1.));
#2025 = DIRECTION('',(1.,0.,0.));
#2026 = ORIENTED_EDGE('',*,*,#1984,.F.);
#2027 = CONICAL_SURFACE('',#2028,0.500000000021,0.575958653158);
#2028 = AXIS2_PLACEMENT_3D('',#2029,#2030,#2031);
#2029 = CARTESIAN_POINT('',(-60.99999999997,279.24999999997,2.5));
#2030 = DIRECTION('',(-0.,-0.,-1.));
#2031 = DIRECTION('',(1.,0.,0.));
#2032 = ADVANCED_FACE('',(#2033),#2047,.F.);
#2033 = FACE_BOUND('',#2034,.F.);
#2034 = EDGE_LOOP('',(#2035,#2040,#2041,#2046));
#2035 = ORIENTED_EDGE('',*,*,#2036,.F.);
#2036 = EDGE_CURVE('',#476,#1386,#2037,.T.);
#2037 = B_SPLINE_CURVE_WITH_KNOTS('',1,(#2038,#2039),.UNSPECIFIED.,.F.,
  .F.,(2,2),(0.,1.),.PIECEWISE_BEZIER_KNOTS.);
#2038 = CARTESIAN_POINT('',(-54.666143079,267.80213449743,
    -10.03944577298));
#2039 = CARTESIAN_POINT('',(-51.63133693259,270.01384501701,-10.73102963
    ));
#2040 = ORIENTED_EDGE('',*,*,#483,.T.);
#2041 = ORIENTED_EDGE('',*,*,#2042,.T.);
#2042 = EDGE_CURVE('',#467,#1388,#2043,.T.);
#2043 = B_SPLINE_CURVE_WITH_KNOTS('',1,(#2044,#2045),.UNSPECIFIED.,.F.,
  .F.,(2,2),(0.,1.),.PIECEWISE_BEZIER_KNOTS.);
#2044 = CARTESIAN_POINT('',(-54.666143079,264.19786550256,
    -10.03944577298));
#2045 = CARTESIAN_POINT('',(-51.63133693259,261.98615498298,-10.73102963
    ));
#2046 = ORIENTED_EDGE('',*,*,#1385,.F.);
#2047 = CONICAL_SURFACE('',#2048,2.2,0.785398163397);
#2048 = AXIS2_PLACEMENT_3D('',#2049,#2050,#2051);
#2049 = CARTESIAN_POINT('',(-55.03507762407,266.,-8.832715250201));
#2050 = DIRECTION('',(0.956304755963,0.,0.292371704723));
#2051 = DIRECTION('',(0.292371704723,0.,-0.956304755963));
#2052 = ADVANCED_FACE('',(#2053),#2063,.F.);
#2053 = FACE_BOUND('',#2054,.F.);
#2054 = EDGE_LOOP('',(#2055,#2056,#2057,#2062));
#2055 = ORIENTED_EDGE('',*,*,#2042,.F.);
#2056 = ORIENTED_EDGE('',*,*,#500,.T.);
#2057 = ORIENTED_EDGE('',*,*,#2058,.T.);
#2058 = EDGE_CURVE('',#501,#1397,#2059,.T.);
#2059 = B_SPLINE_CURVE_WITH_KNOTS('',1,(#2060,#2061),.UNSPECIFIED.,.F.,
  .F.,(2,2),(0.,1.),.PIECEWISE_BEZIER_KNOTS.);
#2060 = CARTESIAN_POINT('',(-53.91366169826,266.,-12.50070146752));
#2061 = CARTESIAN_POINT('',(-49.95535567549,266.,-16.21291731331));
#2062 = ORIENTED_EDGE('',*,*,#1403,.T.);
#2063 = B_SPLINE_SURFACE_WITH_KNOTS('',1,1,(
    (#2064,#2065)
    ,(#2066,#2067
    )),.UNSPECIFIED.,.F.,.F.,.F.,(2,2),(2,2),(0.,6.997925233036),(0.,1.)
  ,.PIECEWISE_BEZIER_KNOTS.);
#2064 = CARTESIAN_POINT('',(-54.666143079,264.19786550256,
    -10.03944577298));
#2065 = CARTESIAN_POINT('',(-51.63133693259,261.98615498298,-10.73102963
    ));
#2066 = CARTESIAN_POINT('',(-53.91366169826,266.,-12.50070146752));
#2067 = CARTESIAN_POINT('',(-49.95535567549,266.,-16.21291731331));
#2068 = ADVANCED_FACE('',(#2069),#2075,.F.);
#2069 = FACE_BOUND('',#2070,.F.);
#2070 = EDGE_LOOP('',(#2071,#2072,#2073,#2074));
#2071 = ORIENTED_EDGE('',*,*,#2058,.F.);
#2072 = ORIENTED_EDGE('',*,*,#524,.T.);
#2073 = ORIENTED_EDGE('',*,*,#2036,.T.);
#2074 = ORIENTED_EDGE('',*,*,#1396,.T.);
#2075 = B_SPLINE_SURFACE_WITH_KNOTS('',1,1,(
    (#2076,#2077)
    ,(#2078,#2079
    )),.UNSPECIFIED.,.F.,.F.,.F.,(2,2),(2,2),(0.,6.997925233036),(0.,1.)
  ,.PIECEWISE_BEZIER_KNOTS.);
#2076 = CARTESIAN_POINT('',(-53.91366169826,266.,-12.50070146752));
#2077 = CARTESIAN_POINT('',(-49.95535567549,266.,-16.21291731331));
#2078 = CARTESIAN_POINT('',(-54.666143079,267.80213449743,
    -10.03944577298));
#2079 = CARTESIAN_POINT('',(-51.63133693259,270.01384501701,-10.73102963
    ));
#2080 = ADVANCED_FACE('',(#2081),#2104,.T.);
#2081 = FACE_BOUND('',#2082,.T.);
#2082 = EDGE_LOOP('',(#2083,#2093,#2098,#2099));
#2083 = ORIENTED_EDGE('',*,*,#2084,.F.);
#2084 = EDGE_CURVE('',#2085,#2087,#2089,.T.);
#2085 = VERTEX_POINT('',#2086);
#2086 = CARTESIAN_POINT('',(-61.17529620339,39.249999999972,3.));
#2087 = VERTEX_POINT('',#2088);
#2088 = CARTESIAN_POINT('',(-61.17529620339,-39.24999999997,3.));
#2089 = LINE('',#2090,#2091);
#2090 = CARTESIAN_POINT('',(-61.17529620339,39.249999999971,3.));
#2091 = VECTOR('',#2092,1.);
#2092 = DIRECTION('',(0.,-1.,0.));
#2093 = ORIENTED_EDGE('',*,*,#2094,.F.);
#2094 = EDGE_CURVE('',#564,#2085,#2095,.T.);
#2095 = B_SPLINE_CURVE_WITH_KNOTS('',1,(#2096,#2097),.UNSPECIFIED.,.F.,
  .F.,(2,2),(0.,1.),.PIECEWISE_BEZIER_KNOTS.);
#2096 = CARTESIAN_POINT('',(-61.49999999999,39.249999999971,2.5));
#2097 = CARTESIAN_POINT('',(-61.17529620339,39.249999999972,3.));
#2098 = ORIENTED_EDGE('',*,*,#563,.T.);
#2099 = ORIENTED_EDGE('',*,*,#2100,.T.);
#2100 = EDGE_CURVE('',#566,#2087,#2101,.T.);
#2101 = B_SPLINE_CURVE_WITH_KNOTS('',1,(#2102,#2103),.UNSPECIFIED.,.F.,
  .F.,(2,2),(0.,1.),.PIECEWISE_BEZIER_KNOTS.);
#2102 = CARTESIAN_POINT('',(-61.49999999999,-39.24999999997,2.5));
#2103 = CARTESIAN_POINT('',(-61.17529620339,-39.24999999997,3.));
#2104 = PLANE('',#2105);
#2105 = AXIS2_PLACEMENT_3D('',#2106,#2107,#2108);
#2106 = CARTESIAN_POINT('',(-61.33764810169,-7.9E-16,2.75));
#2107 = DIRECTION('',(-0.838670567945,0.,0.544639035015));
#2108 = DIRECTION('',(-0.544639035015,0.,-0.838670567945));
#2109 = ADVANCED_FACE('',(#2110),#2127,.T.);
#2110 = FACE_BOUND('',#2111,.T.);
#2111 = EDGE_LOOP('',(#2112,#2119,#2120,#2121));
#2112 = ORIENTED_EDGE('',*,*,#2113,.F.);
#2113 = EDGE_CURVE('',#574,#2114,#2116,.T.);
#2114 = VERTEX_POINT('',#2115);
#2115 = CARTESIAN_POINT('',(-61.17529620339,40.750000000028,3.));
#2116 = B_SPLINE_CURVE_WITH_KNOTS('',1,(#2117,#2118),.UNSPECIFIED.,.F.,
  .F.,(2,2),(0.,1.),.PIECEWISE_BEZIER_KNOTS.);
#2117 = CARTESIAN_POINT('',(-61.49999999999,40.750000000029,2.5));
#2118 = CARTESIAN_POINT('',(-61.17529620339,40.750000000028,3.));
#2119 = ORIENTED_EDGE('',*,*,#573,.T.);
#2120 = ORIENTED_EDGE('',*,*,#2094,.T.);
#2121 = ORIENTED_EDGE('',*,*,#2122,.F.);
#2122 = EDGE_CURVE('',#2114,#2085,#2123,.T.);
#2123 = LINE('',#2124,#2125);
#2124 = CARTESIAN_POINT('',(-61.1752962034,41.25,3.));
#2125 = VECTOR('',#2126,1.);
#2126 = DIRECTION('',(0.,-1.,0.));
#2127 = B_SPLINE_SURFACE_WITH_KNOTS('',1,1,(
    (#2128,#2129)
    ,(#2130,#2131
    )),.UNSPECIFIED.,.F.,.F.,.F.,(2,2),(2,2),(0.,2.5),(0.,1.),
  .PIECEWISE_BEZIER_KNOTS.);
#2128 = CARTESIAN_POINT('',(-61.5,41.25,2.5));
#2129 = CARTESIAN_POINT('',(-61.1752962034,40.925296203401,3.));
#2130 = CARTESIAN_POINT('',(-61.5,38.75,2.5));
#2131 = CARTESIAN_POINT('',(-61.1752962034,39.074703796599,3.));
#2132 = ADVANCED_FACE('',(#2133),#2150,.T.);
#2133 = FACE_BOUND('',#2134,.T.);
#2134 = EDGE_LOOP('',(#2135,#2143,#2148,#2149));
#2135 = ORIENTED_EDGE('',*,*,#2136,.F.);
#2136 = EDGE_CURVE('',#2137,#2114,#2139,.T.);
#2137 = VERTEX_POINT('',#2138);
#2138 = CARTESIAN_POINT('',(-61.17529620339,119.24999999997,3.));
#2139 = LINE('',#2140,#2141);
#2140 = CARTESIAN_POINT('',(-61.17529620339,119.24999999997,3.));
#2141 = VECTOR('',#2142,1.);
#2142 = DIRECTION('',(0.,-1.,0.));
#2143 = ORIENTED_EDGE('',*,*,#2144,.F.);
#2144 = EDGE_CURVE('',#582,#2137,#2145,.T.);
#2145 = B_SPLINE_CURVE_WITH_KNOTS('',1,(#2146,#2147),.UNSPECIFIED.,.F.,
  .F.,(2,2),(0.,1.),.PIECEWISE_BEZIER_KNOTS.);
#2146 = CARTESIAN_POINT('',(-61.49999999999,119.24999999997,2.5));
#2147 = CARTESIAN_POINT('',(-61.17529620339,119.24999999997,3.));
#2148 = ORIENTED_EDGE('',*,*,#581,.T.);
#2149 = ORIENTED_EDGE('',*,*,#2113,.T.);
#2150 = PLANE('',#2151);
#2151 = AXIS2_PLACEMENT_3D('',#2152,#2153,#2154);
#2152 = CARTESIAN_POINT('',(-61.33764810169,80.,2.75));
#2153 = DIRECTION('',(-0.838670567945,0.,0.544639035015));
#2154 = DIRECTION('',(-0.544639035015,0.,-0.838670567945));
#2155 = ADVANCED_FACE('',(#2156),#2173,.T.);
#2156 = FACE_BOUND('',#2157,.T.);
#2157 = EDGE_LOOP('',(#2158,#2165,#2166,#2167));
#2158 = ORIENTED_EDGE('',*,*,#2159,.F.);
#2159 = EDGE_CURVE('',#590,#2160,#2162,.T.);
#2160 = VERTEX_POINT('',#2161);
#2161 = CARTESIAN_POINT('',(-61.17529620339,120.75000000002,3.));
#2162 = B_SPLINE_CURVE_WITH_KNOTS('',1,(#2163,#2164),.UNSPECIFIED.,.F.,
  .F.,(2,2),(0.,1.),.PIECEWISE_BEZIER_KNOTS.);
#2163 = CARTESIAN_POINT('',(-61.49999999999,120.75000000002,2.5));
#2164 = CARTESIAN_POINT('',(-61.17529620339,120.75000000002,3.));
#2165 = ORIENTED_EDGE('',*,*,#589,.T.);
#2166 = ORIENTED_EDGE('',*,*,#2144,.T.);
#2167 = ORIENTED_EDGE('',*,*,#2168,.F.);
#2168 = EDGE_CURVE('',#2160,#2137,#2169,.T.);
#2169 = LINE('',#2170,#2171);
#2170 = CARTESIAN_POINT('',(-61.1752962034,121.25,3.));
#2171 = VECTOR('',#2172,1.);
#2172 = DIRECTION('',(0.,-1.,0.));
#2173 = B_SPLINE_SURFACE_WITH_KNOTS('',1,1,(
    (#2174,#2175)
    ,(#2176,#2177
    )),.UNSPECIFIED.,.F.,.F.,.F.,(2,2),(2,2),(0.,2.5),(0.,1.),
  .PIECEWISE_BEZIER_KNOTS.);
#2174 = CARTESIAN_POINT('',(-61.5,121.25,2.5));
#2175 = CARTESIAN_POINT('',(-61.1752962034,120.9252962034,3.));
#2176 = CARTESIAN_POINT('',(-61.5,118.75,2.5));
#2177 = CARTESIAN_POINT('',(-61.1752962034,119.07470379659,3.));
#2178 = ADVANCED_FACE('',(#2179),#2196,.T.);
#2179 = FACE_BOUND('',#2180,.T.);
#2180 = EDGE_LOOP('',(#2181,#2189,#2194,#2195));
#2181 = ORIENTED_EDGE('',*,*,#2182,.F.);
#2182 = EDGE_CURVE('',#2183,#2160,#2185,.T.);
#2183 = VERTEX_POINT('',#2184);
#2184 = CARTESIAN_POINT('',(-61.17529620339,199.24999999997,3.));
#2185 = LINE('',#2186,#2187);
#2186 = CARTESIAN_POINT('',(-61.17529620339,199.24999999997,3.));
#2187 = VECTOR('',#2188,1.);
#2188 = DIRECTION('',(0.,-1.,0.));
#2189 = ORIENTED_EDGE('',*,*,#2190,.F.);
#2190 = EDGE_CURVE('',#598,#2183,#2191,.T.);
#2191 = B_SPLINE_CURVE_WITH_KNOTS('',1,(#2192,#2193),.UNSPECIFIED.,.F.,
  .F.,(2,2),(0.,1.),.PIECEWISE_BEZIER_KNOTS.);
#2192 = CARTESIAN_POINT('',(-61.49999999999,199.24999999997,2.5));
#2193 = CARTESIAN_POINT('',(-61.17529620339,199.24999999997,3.));
#2194 = ORIENTED_EDGE('',*,*,#597,.T.);
#2195 = ORIENTED_EDGE('',*,*,#2159,.T.);
#2196 = PLANE('',#2197);
#2197 = AXIS2_PLACEMENT_3D('',#2198,#2199,#2200);
#2198 = CARTESIAN_POINT('',(-61.33764810169,160.,2.75));
#2199 = DIRECTION('',(-0.838670567945,0.,0.544639035015));
#2200 = DIRECTION('',(-0.544639035015,0.,-0.838670567945));
#2201 = ADVANCED_FACE('',(#2202),#2219,.T.);
#2202 = FACE_BOUND('',#2203,.T.);
#2203 = EDGE_LOOP('',(#2204,#2211,#2212,#2213));
#2204 = ORIENTED_EDGE('',*,*,#2205,.F.);
#2205 = EDGE_CURVE('',#606,#2206,#2208,.T.);
#2206 = VERTEX_POINT('',#2207);
#2207 = CARTESIAN_POINT('',(-61.17529620339,200.75000000002,3.));
#2208 = B_SPLINE_CURVE_WITH_KNOTS('',1,(#2209,#2210),.UNSPECIFIED.,.F.,
  .F.,(2,2),(0.,1.),.PIECEWISE_BEZIER_KNOTS.);
#2209 = CARTESIAN_POINT('',(-61.49999999999,200.75000000002,2.5));
#2210 = CARTESIAN_POINT('',(-61.17529620339,200.75000000002,3.));
#2211 = ORIENTED_EDGE('',*,*,#605,.T.);
#2212 = ORIENTED_EDGE('',*,*,#2190,.T.);
#2213 = ORIENTED_EDGE('',*,*,#2214,.F.);
#2214 = EDGE_CURVE('',#2206,#2183,#2215,.T.);
#2215 = LINE('',#2216,#2217);
#2216 = CARTESIAN_POINT('',(-61.1752962034,201.25,3.));
#2217 = VECTOR('',#2218,1.);
#2218 = DIRECTION('',(0.,-1.,0.));
#2219 = B_SPLINE_SURFACE_WITH_KNOTS('',1,1,(
    (#2220,#2221)
    ,(#2222,#2223
    )),.UNSPECIFIED.,.F.,.F.,.F.,(2,2),(2,2),(0.,2.5),(0.,1.),
  .PIECEWISE_BEZIER_KNOTS.);
#2220 = CARTESIAN_POINT('',(-61.5,201.25,2.5));
#2221 = CARTESIAN_POINT('',(-61.1752962034,200.9252962034,3.));
#2222 = CARTESIAN_POINT('',(-61.5,198.75,2.5));
#2223 = CARTESIAN_POINT('',(-61.1752962034,199.07470379659,3.));
#2224 = ADVANCED_FACE('',(#2225),#2236,.T.);
#2225 = FACE_BOUND('',#2226,.T.);
#2226 = EDGE_LOOP('',(#2227,#2233,#2234,#2235));
#2227 = ORIENTED_EDGE('',*,*,#2228,.F.);
#2228 = EDGE_CURVE('',#2014,#2206,#2229,.T.);
#2229 = LINE('',#2230,#2231);
#2230 = CARTESIAN_POINT('',(-61.17529620339,279.24999999997,3.));
#2231 = VECTOR('',#2232,1.);
#2232 = DIRECTION('',(0.,-1.,0.));
#2233 = ORIENTED_EDGE('',*,*,#2013,.F.);
#2234 = ORIENTED_EDGE('',*,*,#613,.T.);
#2235 = ORIENTED_EDGE('',*,*,#2205,.T.);
#2236 = PLANE('',#2237);
#2237 = AXIS2_PLACEMENT_3D('',#2238,#2239,#2240);
#2238 = CARTESIAN_POINT('',(-61.33764810169,240.,2.75));
#2239 = DIRECTION('',(-0.838670567945,0.,0.544639035015));
#2240 = DIRECTION('',(-0.544639035015,0.,-0.838670567945));
#2241 = ADVANCED_FACE('',(#2242),#2253,.T.);
#2242 = FACE_BOUND('',#2243,.T.);
#2243 = EDGE_LOOP('',(#2244,#2245,#2246));
#2244 = ORIENTED_EDGE('',*,*,#630,.F.);
#2245 = ORIENTED_EDGE('',*,*,#1332,.T.);
#2246 = ORIENTED_EDGE('',*,*,#2247,.T.);
#2247 = EDGE_CURVE('',#1325,#631,#2248,.T.);
#2248 = CIRCLE('',#2249,0.500000000021);
#2249 = AXIS2_PLACEMENT_3D('',#2250,#2251,#2252);
#2250 = CARTESIAN_POINT('',(-60.99999999997,199.24999999997,-0.8));
#2251 = DIRECTION('',(0.,0.,1.));
#2252 = DIRECTION('',(1.,0.,0.));
#2253 = CYLINDRICAL_SURFACE('',#2254,0.500000000021);
#2254 = AXIS2_PLACEMENT_3D('',#2255,#2256,#2257);
#2255 = CARTESIAN_POINT('',(-60.99999999997,199.24999999997,0.));
#2256 = DIRECTION('',(0.,0.,1.));
#2257 = DIRECTION('',(1.,0.,0.));
#2258 = ADVANCED_FACE('',(#2259),#2421,.F.);
#2259 = FACE_BOUND('',#2260,.F.);
#2260 = EDGE_LOOP('',(#2261,#2270,#2278,#2286,#2294,#2303,#2311,#2319,
    #2328,#2336,#2345,#2353,#2362,#2370,#2379,#2387,#2395,#2404,#2412,
    #2418,#2419,#2420));
#2261 = ORIENTED_EDGE('',*,*,#2262,.T.);
#2262 = EDGE_CURVE('',#639,#2263,#2265,.T.);
#2263 = VERTEX_POINT('',#2264);
#2264 = CARTESIAN_POINT('',(-61.25541545482,120.32015939533,-0.8));
#2265 = CIRCLE('',#2266,0.500000000021);
#2266 = AXIS2_PLACEMENT_3D('',#2267,#2268,#2269);
#2267 = CARTESIAN_POINT('',(-60.99999999997,120.75000000002,-0.8));
#2268 = DIRECTION('',(0.,0.,1.));
#2269 = DIRECTION('',(1.,0.,0.));
#2270 = ORIENTED_EDGE('',*,*,#2271,.T.);
#2271 = EDGE_CURVE('',#2263,#2272,#2274,.T.);
#2272 = VERTEX_POINT('',#2273);
#2273 = CARTESIAN_POINT('',(-61.25541545482,146.2,-0.8));
#2274 = LINE('',#2275,#2276);
#2275 = CARTESIAN_POINT('',(-61.25541545482,140.,-0.8));
#2276 = VECTOR('',#2277,1.);
#2277 = DIRECTION('',(1.7E-16,1.,0.));
#2278 = ORIENTED_EDGE('',*,*,#2279,.T.);
#2279 = EDGE_CURVE('',#2272,#2280,#2282,.T.);
#2280 = VERTEX_POINT('',#2281);
#2281 = CARTESIAN_POINT('',(-53.02584946107,146.2,-0.8));
#2282 = LINE('',#2283,#2284);
#2283 = CARTESIAN_POINT('',(-30.14396674183,146.2,-0.8));
#2284 = VECTOR('',#2285,1.);
#2285 = DIRECTION('',(1.,0.,0.));
#2286 = ORIENTED_EDGE('',*,*,#2287,.T.);
#2287 = EDGE_CURVE('',#2280,#2288,#2290,.T.);
#2288 = VERTEX_POINT('',#2289);
#2289 = CARTESIAN_POINT('',(-53.02584946107,124.46429691164,-0.8));
#2290 = LINE('',#2291,#2292);
#2291 = CARTESIAN_POINT('',(-53.02584946107,178.075,-0.8));
#2292 = VECTOR('',#2293,1.);
#2293 = DIRECTION('',(-2.2E-16,-1.,0.));
#2294 = ORIENTED_EDGE('',*,*,#2295,.T.);
#2295 = EDGE_CURVE('',#2288,#2296,#2298,.T.);
#2296 = VERTEX_POINT('',#2297);
#2297 = CARTESIAN_POINT('',(-51.72792905318,123.95,-0.8));
#2298 = ELLIPSE('',#2299,4.182767025949,4.);
#2299 = AXIS2_PLACEMENT_3D('',#2300,#2301,#2302);
#2300 = CARTESIAN_POINT('',(-50.79849788996,127.85,-0.8));
#2301 = DIRECTION('',(0.,0.,1.));
#2302 = DIRECTION('',(-1.,0.,0.));
#2303 = ORIENTED_EDGE('',*,*,#2304,.T.);
#2304 = EDGE_CURVE('',#2296,#2305,#2307,.T.);
#2305 = VERTEX_POINT('',#2306);
#2306 = CARTESIAN_POINT('',(51.5,123.95,-0.8));
#2307 = LINE('',#2308,#2309);
#2308 = CARTESIAN_POINT('',(-2.136651896123,123.95,-0.8));
#2309 = VECTOR('',#2310,1.);
#2310 = DIRECTION('',(1.,0.,0.));
#2311 = ORIENTED_EDGE('',*,*,#2312,.T.);
#2312 = EDGE_CURVE('',#2305,#2313,#2315,.T.);
#2313 = VERTEX_POINT('',#2314);
#2314 = CARTESIAN_POINT('',(51.5,128.,-0.8));
#2315 = LINE('',#2316,#2317);
#2316 = CARTESIAN_POINT('',(51.5,160.,-0.8));
#2317 = VECTOR('',#2318,1.);
#2318 = DIRECTION('',(0.,1.,0.));
#2319 = ORIENTED_EDGE('',*,*,#2320,.F.);
#2320 = EDGE_CURVE('',#2321,#2313,#2323,.T.);
#2321 = VERTEX_POINT('',#2322);
#2322 = CARTESIAN_POINT('',(48.5,125.,-0.8));
#2323 = CIRCLE('',#2324,3.);
#2324 = AXIS2_PLACEMENT_3D('',#2325,#2326,#2327);
#2325 = CARTESIAN_POINT('',(48.5,128.,-0.8));
#2326 = DIRECTION('',(0.,0.,1.));
#2327 = DIRECTION('',(1.,0.,0.));
#2328 = ORIENTED_EDGE('',*,*,#2329,.F.);
#2329 = EDGE_CURVE('',#2330,#2321,#2332,.T.);
#2330 = VERTEX_POINT('',#2331);
#2331 = CARTESIAN_POINT('',(-38.5,125.,-0.8));
#2332 = LINE('',#2333,#2334);
#2333 = CARTESIAN_POINT('',(-38.5,125.,-0.8));
#2334 = VECTOR('',#2335,1.);
#2335 = DIRECTION('',(1.,0.,0.));
#2336 = ORIENTED_EDGE('',*,*,#2337,.F.);
#2337 = EDGE_CURVE('',#2338,#2330,#2340,.T.);
#2338 = VERTEX_POINT('',#2339);
#2339 = CARTESIAN_POINT('',(-41.5,128.,-0.8));
#2340 = CIRCLE('',#2341,3.);
#2341 = AXIS2_PLACEMENT_3D('',#2342,#2343,#2344);
#2342 = CARTESIAN_POINT('',(-38.5,128.,-0.8));
#2343 = DIRECTION('',(0.,0.,1.));
#2344 = DIRECTION('',(1.,0.,0.));
#2345 = ORIENTED_EDGE('',*,*,#2346,.F.);
#2346 = EDGE_CURVE('',#2347,#2338,#2349,.T.);
#2347 = VERTEX_POINT('',#2348);
#2348 = CARTESIAN_POINT('',(-41.5,192.,-0.8));
#2349 = LINE('',#2350,#2351);
#2350 = CARTESIAN_POINT('',(-41.5,192.,-0.8));
#2351 = VECTOR('',#2352,1.);
#2352 = DIRECTION('',(0.,-1.,0.));
#2353 = ORIENTED_EDGE('',*,*,#2354,.F.);
#2354 = EDGE_CURVE('',#2355,#2347,#2357,.T.);
#2355 = VERTEX_POINT('',#2356);
#2356 = CARTESIAN_POINT('',(-38.5,195.,-0.8));
#2357 = CIRCLE('',#2358,3.);
#2358 = AXIS2_PLACEMENT_3D('',#2359,#2360,#2361);
#2359 = CARTESIAN_POINT('',(-38.5,192.,-0.8));
#2360 = DIRECTION('',(0.,0.,1.));
#2361 = DIRECTION('',(1.,0.,0.));
#2362 = ORIENTED_EDGE('',*,*,#2363,.F.);
#2363 = EDGE_CURVE('',#2364,#2355,#2366,.T.);
#2364 = VERTEX_POINT('',#2365);
#2365 = CARTESIAN_POINT('',(48.5,195.,-0.8));
#2366 = LINE('',#2367,#2368);
#2367 = CARTESIAN_POINT('',(48.5,195.,-0.8));
#2368 = VECTOR('',#2369,1.);
#2369 = DIRECTION('',(-1.,0.,0.));
#2370 = ORIENTED_EDGE('',*,*,#2371,.F.);
#2371 = EDGE_CURVE('',#2372,#2364,#2374,.T.);
#2372 = VERTEX_POINT('',#2373);
#2373 = CARTESIAN_POINT('',(51.5,192.,-0.8));
#2374 = CIRCLE('',#2375,3.);
#2375 = AXIS2_PLACEMENT_3D('',#2376,#2377,#2378);
#2376 = CARTESIAN_POINT('',(48.5,192.,-0.8));
#2377 = DIRECTION('',(0.,0.,1.));
#2378 = DIRECTION('',(1.,0.,0.));
#2379 = ORIENTED_EDGE('',*,*,#2380,.T.);
#2380 = EDGE_CURVE('',#2372,#2381,#2383,.T.);
#2381 = VERTEX_POINT('',#2382);
#2382 = CARTESIAN_POINT('',(51.5,196.05,-0.8));
#2383 = LINE('',#2384,#2385);
#2384 = CARTESIAN_POINT('',(51.5,160.,-0.8));
#2385 = VECTOR('',#2386,1.);
#2386 = DIRECTION('',(0.,1.,0.));
#2387 = ORIENTED_EDGE('',*,*,#2388,.F.);
#2388 = EDGE_CURVE('',#2389,#2381,#2391,.T.);
#2389 = VERTEX_POINT('',#2390);
#2390 = CARTESIAN_POINT('',(-51.72792905318,196.05,-0.8));
#2391 = LINE('',#2392,#2393);
#2392 = CARTESIAN_POINT('',(-2.136651896123,196.05,-0.8));
#2393 = VECTOR('',#2394,1.);
#2394 = DIRECTION('',(1.,0.,0.));
#2395 = ORIENTED_EDGE('',*,*,#2396,.T.);
#2396 = EDGE_CURVE('',#2389,#2397,#2399,.T.);
#2397 = VERTEX_POINT('',#2398);
#2398 = CARTESIAN_POINT('',(-53.02584946107,195.53570308835,-0.8));
#2399 = ELLIPSE('',#2400,4.182767025949,4.);
#2400 = AXIS2_PLACEMENT_3D('',#2401,#2402,#2403);
#2401 = CARTESIAN_POINT('',(-50.79849788996,192.15,-0.8));
#2402 = DIRECTION('',(0.,0.,1.));
#2403 = DIRECTION('',(-1.,-1.45E-15,0.));
#2404 = ORIENTED_EDGE('',*,*,#2405,.T.);
#2405 = EDGE_CURVE('',#2397,#2406,#2408,.T.);
#2406 = VERTEX_POINT('',#2407);
#2407 = CARTESIAN_POINT('',(-53.02584946107,173.8,-0.8));
#2408 = LINE('',#2409,#2410);
#2409 = CARTESIAN_POINT('',(-53.02584946107,178.075,-0.8));
#2410 = VECTOR('',#2411,1.);
#2411 = DIRECTION('',(-2.2E-16,-1.,0.));
#2412 = ORIENTED_EDGE('',*,*,#2413,.T.);
#2413 = EDGE_CURVE('',#2406,#1317,#2414,.T.);
#2414 = LINE('',#2415,#2416);
#2415 = CARTESIAN_POINT('',(-30.14396674183,173.8,-0.8));
#2416 = VECTOR('',#2417,1.);
#2417 = DIRECTION('',(-1.,0.,0.));
#2418 = ORIENTED_EDGE('',*,*,#1324,.T.);
#2419 = ORIENTED_EDGE('',*,*,#2247,.T.);
#2420 = ORIENTED_EDGE('',*,*,#638,.T.);
#2421 = PLANE('',#2422);
#2422 = AXIS2_PLACEMENT_3D('',#2423,#2424,#2425);
#2423 = CARTESIAN_POINT('',(2.212066516339,160.,-0.8));
#2424 = DIRECTION('',(0.,0.,1.));
#2425 = DIRECTION('',(1.,0.,0.));
#2426 = ADVANCED_FACE('',(#2427),#2438,.T.);
#2427 = FACE_BOUND('',#2428,.T.);
#2428 = EDGE_LOOP('',(#2429,#2436,#2437));
#2429 = ORIENTED_EDGE('',*,*,#2430,.T.);
#2430 = EDGE_CURVE('',#2263,#647,#2431,.T.);
#2431 = ELLIPSE('',#2432,1.71015180999,0.500000000021);
#2432 = AXIS2_PLACEMENT_3D('',#2433,#2434,#2435);
#2433 = CARTESIAN_POINT('',(-60.99999999997,120.75000000002,
    -1.635426309314));
#2434 = DIRECTION('',(-0.956304755963,1.6E-16,-0.292371704722));
#2435 = DIRECTION('',(-0.292371704722,5.E-17,0.956304755963));
#2436 = ORIENTED_EDGE('',*,*,#646,.T.);
#2437 = ORIENTED_EDGE('',*,*,#2262,.T.);
#2438 = CYLINDRICAL_SURFACE('',#2439,0.500000000021);
#2439 = AXIS2_PLACEMENT_3D('',#2440,#2441,#2442);
#2440 = CARTESIAN_POINT('',(-60.99999999997,120.75000000002,0.));
#2441 = DIRECTION('',(0.,0.,1.));
#2442 = DIRECTION('',(1.,0.,0.));
#2443 = ADVANCED_FACE('',(#2444,#2504,#2531),#2558,.T.);
#2444 = FACE_BOUND('',#2445,.T.);
#2445 = EDGE_LOOP('',(#2446,#2447,#2448,#2449,#2457,#2465,#2473,#2481,
    #2489,#2497));
#2446 = ORIENTED_EDGE('',*,*,#654,.F.);
#2447 = ORIENTED_EDGE('',*,*,#2430,.F.);
#2448 = ORIENTED_EDGE('',*,*,#2271,.T.);
#2449 = ORIENTED_EDGE('',*,*,#2450,.T.);
#2450 = EDGE_CURVE('',#2272,#2451,#2453,.T.);
#2451 = VERTEX_POINT('',#2452);
#2452 = CARTESIAN_POINT('',(-60.88853863707,145.,-2.));
#2453 = LINE('',#2454,#2455);
#2454 = CARTESIAN_POINT('',(-61.79289978816,147.95803203907,
    0.958032039079));
#2455 = VECTOR('',#2456,1.);
#2456 = DIRECTION('',(0.211302932281,-0.691140749345,-0.691140749345));
#2457 = ORIENTED_EDGE('',*,*,#2458,.T.);
#2458 = EDGE_CURVE('',#2451,#2459,#2461,.T.);
#2459 = VERTEX_POINT('',#2460);
#2460 = CARTESIAN_POINT('',(-56.3025784152,145.,-17.));
#2461 = LINE('',#2462,#2463);
#2462 = CARTESIAN_POINT('',(-59.96378875892,145.,-5.024720560409));
#2463 = VECTOR('',#2464,1.);
#2464 = DIRECTION('',(0.292371704722,0.,-0.956304755963));
#2465 = ORIENTED_EDGE('',*,*,#2466,.T.);
#2466 = EDGE_CURVE('',#2459,#2467,#2469,.T.);
#2467 = VERTEX_POINT('',#2468);
#2468 = CARTESIAN_POINT('',(-56.3025784152,95.,-17.));
#2469 = LINE('',#2470,#2471);
#2470 = CARTESIAN_POINT('',(-56.3025784152,119.75,-17.));
#2471 = VECTOR('',#2472,1.);
#2472 = DIRECTION('',(0.,-1.,2.2E-16));
#2473 = ORIENTED_EDGE('',*,*,#2474,.T.);
#2474 = EDGE_CURVE('',#2467,#2475,#2477,.T.);
#2475 = VERTEX_POINT('',#2476);
#2476 = CARTESIAN_POINT('',(-60.88853863707,95.,-2.));
#2477 = LINE('',#2478,#2479);
#2478 = CARTESIAN_POINT('',(-50.24781206112,95.,-36.80424838356));
#2479 = VECTOR('',#2480,1.);
#2480 = DIRECTION('',(-0.292371704722,0.,0.956304755963));
#2481 = ORIENTED_EDGE('',*,*,#2482,.T.);
#2482 = EDGE_CURVE('',#2475,#2483,#2485,.T.);
#2483 = VERTEX_POINT('',#2484);
#2484 = CARTESIAN_POINT('',(-61.25541545482,93.8,-0.8));
#2485 = LINE('',#2486,#2487);
#2486 = CARTESIAN_POINT('',(-61.50081965425,92.99731903173,
    2.68096826987E-03));
#2487 = VECTOR('',#2488,1.);
#2488 = DIRECTION('',(-0.211302932281,-0.691140749345,0.691140749345));
#2489 = ORIENTED_EDGE('',*,*,#2490,.T.);
#2490 = EDGE_CURVE('',#2483,#2491,#2493,.T.);
#2491 = VERTEX_POINT('',#2492);
#2492 = CARTESIAN_POINT('',(-61.25541545482,119.67984060466,-0.8));
#2493 = LINE('',#2494,#2495);
#2494 = CARTESIAN_POINT('',(-61.25541545482,100.,-0.8));
#2495 = VECTOR('',#2496,1.);
#2496 = DIRECTION('',(1.7E-16,1.,0.));
#2497 = ORIENTED_EDGE('',*,*,#2498,.F.);
#2498 = EDGE_CURVE('',#655,#2491,#2499,.T.);
#2499 = ELLIPSE('',#2500,1.71015180999,0.500000000021);
#2500 = AXIS2_PLACEMENT_3D('',#2501,#2502,#2503);
#2501 = CARTESIAN_POINT('',(-60.99999999997,119.24999999997,
    -1.635426309314));
#2502 = DIRECTION('',(-0.956304755963,1.6E-16,-0.292371704722));
#2503 = DIRECTION('',(-0.292371704722,5.E-17,0.956304755963));
#2504 = FACE_BOUND('',#2505,.T.);
#2505 = EDGE_LOOP('',(#2506,#2517,#2525));
#2506 = ORIENTED_EDGE('',*,*,#2507,.F.);
#2507 = EDGE_CURVE('',#2508,#2510,#2512,.T.);
#2508 = VERTEX_POINT('',#2509);
#2509 = CARTESIAN_POINT('',(-58.10884020047,132.19786550256,
    -11.09198390998));
#2510 = VERTEX_POINT('',#2511);
#2511 = CARTESIAN_POINT('',(-58.10884020047,135.80213449743,
    -11.09198390998));
#2512 = CIRCLE('',#2513,2.2);
#2513 = AXIS2_PLACEMENT_3D('',#2514,#2515,#2516);
#2514 = CARTESIAN_POINT('',(-58.47777474553,134.,-9.885253387202));
#2515 = DIRECTION('',(-0.956304755963,-0.,-0.292371704723));
#2516 = DIRECTION('',(0.292371704723,0.,-0.956304755963));
#2517 = ORIENTED_EDGE('',*,*,#2518,.T.);
#2518 = EDGE_CURVE('',#2508,#2519,#2521,.T.);
#2519 = VERTEX_POINT('',#2520);
#2520 = CARTESIAN_POINT('',(-57.35635881973,134.,-13.55323960452));
#2521 = LINE('',#2522,#2523);
#2522 = CARTESIAN_POINT('',(-56.46512446778,136.13443709314,
    -16.46833581828));
#2523 = VECTOR('',#2524,1.);
#2524 = DIRECTION('',(0.239496879616,0.573576436351,-0.78335899581));
#2525 = ORIENTED_EDGE('',*,*,#2526,.T.);
#2526 = EDGE_CURVE('',#2519,#2510,#2527,.T.);
#2527 = LINE('',#2528,#2529);
#2528 = CARTESIAN_POINT('',(-59.66049771232,139.5182337949,
    -6.01674087434));
#2529 = VECTOR('',#2530,1.);
#2530 = DIRECTION('',(-0.239496879616,0.573576436351,0.78335899581));
#2531 = FACE_BOUND('',#2532,.T.);
#2532 = EDGE_LOOP('',(#2533,#2544,#2552));
#2533 = ORIENTED_EDGE('',*,*,#2534,.F.);
#2534 = EDGE_CURVE('',#2535,#2537,#2539,.T.);
#2535 = VERTEX_POINT('',#2536);
#2536 = CARTESIAN_POINT('',(-58.10884020047,104.19786550256,
    -11.09198390998));
#2537 = VERTEX_POINT('',#2538);
#2538 = CARTESIAN_POINT('',(-58.10884020047,107.80213449743,
    -11.09198390998));
#2539 = CIRCLE('',#2540,2.2);
#2540 = AXIS2_PLACEMENT_3D('',#2541,#2542,#2543);
#2541 = CARTESIAN_POINT('',(-58.47777474553,106.,-9.885253387202));
#2542 = DIRECTION('',(-0.956304755963,-0.,-0.292371704723));
#2543 = DIRECTION('',(0.292371704723,0.,-0.956304755963));
#2544 = ORIENTED_EDGE('',*,*,#2545,.T.);
#2545 = EDGE_CURVE('',#2535,#2546,#2548,.T.);
#2546 = VERTEX_POINT('',#2547);
#2547 = CARTESIAN_POINT('',(-57.35635881973,106.,-13.55323960452));
#2548 = LINE('',#2549,#2550);
#2549 = CARTESIAN_POINT('',(-60.03673840269,99.580698956375,
    -4.786113027067));
#2550 = VECTOR('',#2551,1.);
#2551 = DIRECTION('',(0.239496879616,0.573576436351,-0.78335899581));
#2552 = ORIENTED_EDGE('',*,*,#2553,.T.);
#2553 = EDGE_CURVE('',#2546,#2537,#2554,.T.);
#2554 = LINE('',#2555,#2556);
#2555 = CARTESIAN_POINT('',(-56.08888377741,102.96449565814,
    -17.69896366555));
#2556 = VECTOR('',#2557,1.);
#2557 = DIRECTION('',(-0.239496879616,0.573576436351,0.78335899581));
#2558 = PLANE('',#2559);
#2559 = AXIS2_PLACEMENT_3D('',#2560,#2561,#2562);
#2560 = CARTESIAN_POINT('',(-59.00099670897,120.,-8.173871458029));
#2561 = DIRECTION('',(-0.956304755963,1.6E-16,-0.292371704722));
#2562 = DIRECTION('',(0.292371704722,-5.840754563923E-33,-0.956304755963
    ));
#2563 = ADVANCED_FACE('',(#2564),#2575,.T.);
#2564 = FACE_BOUND('',#2565,.T.);
#2565 = EDGE_LOOP('',(#2566,#2567,#2568));
#2566 = ORIENTED_EDGE('',*,*,#662,.F.);
#2567 = ORIENTED_EDGE('',*,*,#2498,.T.);
#2568 = ORIENTED_EDGE('',*,*,#2569,.T.);
#2569 = EDGE_CURVE('',#2491,#663,#2570,.T.);
#2570 = CIRCLE('',#2571,0.500000000021);
#2571 = AXIS2_PLACEMENT_3D('',#2572,#2573,#2574);
#2572 = CARTESIAN_POINT('',(-60.99999999997,119.24999999997,-0.8));
#2573 = DIRECTION('',(0.,0.,1.));
#2574 = DIRECTION('',(1.,0.,0.));
#2575 = CYLINDRICAL_SURFACE('',#2576,0.500000000021);
#2576 = AXIS2_PLACEMENT_3D('',#2577,#2578,#2579);
#2577 = CARTESIAN_POINT('',(-60.99999999997,119.24999999997,0.));
#2578 = DIRECTION('',(0.,0.,1.));
#2579 = DIRECTION('',(1.,0.,0.));
#2580 = ADVANCED_FACE('',(#2581),#2743,.F.);
#2581 = FACE_BOUND('',#2582,.F.);
#2582 = EDGE_LOOP('',(#2583,#2592,#2600,#2608,#2616,#2625,#2633,#2641,
    #2650,#2658,#2667,#2675,#2684,#2692,#2701,#2709,#2717,#2726,#2734,
    #2740,#2741,#2742));
#2583 = ORIENTED_EDGE('',*,*,#2584,.T.);
#2584 = EDGE_CURVE('',#671,#2585,#2587,.T.);
#2585 = VERTEX_POINT('',#2586);
#2586 = CARTESIAN_POINT('',(-61.25541545482,40.320159395336,-0.8));
#2587 = CIRCLE('',#2588,0.500000000021);
#2588 = AXIS2_PLACEMENT_3D('',#2589,#2590,#2591);
#2589 = CARTESIAN_POINT('',(-60.99999999997,40.750000000028,-0.8));
#2590 = DIRECTION('',(0.,0.,1.));
#2591 = DIRECTION('',(1.,0.,0.));
#2592 = ORIENTED_EDGE('',*,*,#2593,.T.);
#2593 = EDGE_CURVE('',#2585,#2594,#2596,.T.);
#2594 = VERTEX_POINT('',#2595);
#2595 = CARTESIAN_POINT('',(-61.25541545482,66.2,-0.8));
#2596 = LINE('',#2597,#2598);
#2597 = CARTESIAN_POINT('',(-61.25541545482,60.,-0.8));
#2598 = VECTOR('',#2599,1.);
#2599 = DIRECTION('',(0.,1.,0.));
#2600 = ORIENTED_EDGE('',*,*,#2601,.T.);
#2601 = EDGE_CURVE('',#2594,#2602,#2604,.T.);
#2602 = VERTEX_POINT('',#2603);
#2603 = CARTESIAN_POINT('',(-53.02584946107,66.2,-0.8));
#2604 = LINE('',#2605,#2606);
#2605 = CARTESIAN_POINT('',(-30.14396674183,66.2,-0.8));
#2606 = VECTOR('',#2607,1.);
#2607 = DIRECTION('',(1.,0.,0.));
#2608 = ORIENTED_EDGE('',*,*,#2609,.T.);
#2609 = EDGE_CURVE('',#2602,#2610,#2612,.T.);
#2610 = VERTEX_POINT('',#2611);
#2611 = CARTESIAN_POINT('',(-53.02584946107,44.464296911649,-0.8));
#2612 = LINE('',#2613,#2614);
#2613 = CARTESIAN_POINT('',(-53.02584946107,98.075,-0.8));
#2614 = VECTOR('',#2615,1.);
#2615 = DIRECTION('',(-2.2E-16,-1.,0.));
#2616 = ORIENTED_EDGE('',*,*,#2617,.T.);
#2617 = EDGE_CURVE('',#2610,#2618,#2620,.T.);
#2618 = VERTEX_POINT('',#2619);
#2619 = CARTESIAN_POINT('',(-51.72792905318,43.95,-0.8));
#2620 = ELLIPSE('',#2621,4.182767025949,4.);
#2621 = AXIS2_PLACEMENT_3D('',#2622,#2623,#2624);
#2622 = CARTESIAN_POINT('',(-50.79849788996,47.85,-0.8));
#2623 = DIRECTION('',(0.,0.,1.));
#2624 = DIRECTION('',(-1.,0.,0.));
#2625 = ORIENTED_EDGE('',*,*,#2626,.T.);
#2626 = EDGE_CURVE('',#2618,#2627,#2629,.T.);
#2627 = VERTEX_POINT('',#2628);
#2628 = CARTESIAN_POINT('',(51.5,43.95,-0.8));
#2629 = LINE('',#2630,#2631);
#2630 = CARTESIAN_POINT('',(-2.136651896123,43.95,-0.8));
#2631 = VECTOR('',#2632,1.);
#2632 = DIRECTION('',(1.,0.,0.));
#2633 = ORIENTED_EDGE('',*,*,#2634,.T.);
#2634 = EDGE_CURVE('',#2627,#2635,#2637,.T.);
#2635 = VERTEX_POINT('',#2636);
#2636 = CARTESIAN_POINT('',(51.5,48.,-0.8));
#2637 = LINE('',#2638,#2639);
#2638 = CARTESIAN_POINT('',(51.5,80.,-0.8));
#2639 = VECTOR('',#2640,1.);
#2640 = DIRECTION('',(0.,1.,0.));
#2641 = ORIENTED_EDGE('',*,*,#2642,.F.);
#2642 = EDGE_CURVE('',#2643,#2635,#2645,.T.);
#2643 = VERTEX_POINT('',#2644);
#2644 = CARTESIAN_POINT('',(48.5,45.,-0.8));
#2645 = CIRCLE('',#2646,3.);
#2646 = AXIS2_PLACEMENT_3D('',#2647,#2648,#2649);
#2647 = CARTESIAN_POINT('',(48.5,48.,-0.8));
#2648 = DIRECTION('',(0.,0.,1.));
#2649 = DIRECTION('',(1.,0.,0.));
#2650 = ORIENTED_EDGE('',*,*,#2651,.F.);
#2651 = EDGE_CURVE('',#2652,#2643,#2654,.T.);
#2652 = VERTEX_POINT('',#2653);
#2653 = CARTESIAN_POINT('',(-38.5,45.,-0.8));
#2654 = LINE('',#2655,#2656);
#2655 = CARTESIAN_POINT('',(-38.5,45.,-0.8));
#2656 = VECTOR('',#2657,1.);
#2657 = DIRECTION('',(1.,0.,0.));
#2658 = ORIENTED_EDGE('',*,*,#2659,.F.);
#2659 = EDGE_CURVE('',#2660,#2652,#2662,.T.);
#2660 = VERTEX_POINT('',#2661);
#2661 = CARTESIAN_POINT('',(-41.5,48.,-0.8));
#2662 = CIRCLE('',#2663,3.);
#2663 = AXIS2_PLACEMENT_3D('',#2664,#2665,#2666);
#2664 = CARTESIAN_POINT('',(-38.5,48.,-0.8));
#2665 = DIRECTION('',(0.,0.,1.));
#2666 = DIRECTION('',(1.,0.,0.));
#2667 = ORIENTED_EDGE('',*,*,#2668,.F.);
#2668 = EDGE_CURVE('',#2669,#2660,#2671,.T.);
#2669 = VERTEX_POINT('',#2670);
#2670 = CARTESIAN_POINT('',(-41.5,112.,-0.8));
#2671 = LINE('',#2672,#2673);
#2672 = CARTESIAN_POINT('',(-41.5,112.,-0.8));
#2673 = VECTOR('',#2674,1.);
#2674 = DIRECTION('',(0.,-1.,0.));
#2675 = ORIENTED_EDGE('',*,*,#2676,.F.);
#2676 = EDGE_CURVE('',#2677,#2669,#2679,.T.);
#2677 = VERTEX_POINT('',#2678);
#2678 = CARTESIAN_POINT('',(-38.5,115.,-0.8));
#2679 = CIRCLE('',#2680,3.);
#2680 = AXIS2_PLACEMENT_3D('',#2681,#2682,#2683);
#2681 = CARTESIAN_POINT('',(-38.5,112.,-0.8));
#2682 = DIRECTION('',(0.,0.,1.));
#2683 = DIRECTION('',(1.,0.,0.));
#2684 = ORIENTED_EDGE('',*,*,#2685,.F.);
#2685 = EDGE_CURVE('',#2686,#2677,#2688,.T.);
#2686 = VERTEX_POINT('',#2687);
#2687 = CARTESIAN_POINT('',(48.5,115.,-0.8));
#2688 = LINE('',#2689,#2690);
#2689 = CARTESIAN_POINT('',(48.5,115.,-0.8));
#2690 = VECTOR('',#2691,1.);
#2691 = DIRECTION('',(-1.,0.,0.));
#2692 = ORIENTED_EDGE('',*,*,#2693,.F.);
#2693 = EDGE_CURVE('',#2694,#2686,#2696,.T.);
#2694 = VERTEX_POINT('',#2695);
#2695 = CARTESIAN_POINT('',(51.5,112.,-0.8));
#2696 = CIRCLE('',#2697,3.);
#2697 = AXIS2_PLACEMENT_3D('',#2698,#2699,#2700);
#2698 = CARTESIAN_POINT('',(48.5,112.,-0.8));
#2699 = DIRECTION('',(0.,0.,1.));
#2700 = DIRECTION('',(1.,0.,0.));
#2701 = ORIENTED_EDGE('',*,*,#2702,.T.);
#2702 = EDGE_CURVE('',#2694,#2703,#2705,.T.);
#2703 = VERTEX_POINT('',#2704);
#2704 = CARTESIAN_POINT('',(51.5,116.05,-0.8));
#2705 = LINE('',#2706,#2707);
#2706 = CARTESIAN_POINT('',(51.5,80.,-0.8));
#2707 = VECTOR('',#2708,1.);
#2708 = DIRECTION('',(0.,1.,0.));
#2709 = ORIENTED_EDGE('',*,*,#2710,.F.);
#2710 = EDGE_CURVE('',#2711,#2703,#2713,.T.);
#2711 = VERTEX_POINT('',#2712);
#2712 = CARTESIAN_POINT('',(-51.72792905318,116.05,-0.8));
#2713 = LINE('',#2714,#2715);
#2714 = CARTESIAN_POINT('',(-2.136651896123,116.05,-0.8));
#2715 = VECTOR('',#2716,1.);
#2716 = DIRECTION('',(1.,0.,0.));
#2717 = ORIENTED_EDGE('',*,*,#2718,.T.);
#2718 = EDGE_CURVE('',#2711,#2719,#2721,.T.);
#2719 = VERTEX_POINT('',#2720);
#2720 = CARTESIAN_POINT('',(-53.02584946107,115.53570308835,-0.8));
#2721 = ELLIPSE('',#2722,4.182767025949,4.);
#2722 = AXIS2_PLACEMENT_3D('',#2723,#2724,#2725);
#2723 = CARTESIAN_POINT('',(-50.79849788996,112.15,-0.8));
#2724 = DIRECTION('',(0.,0.,1.));
#2725 = DIRECTION('',(-1.,-1.45E-15,0.));
#2726 = ORIENTED_EDGE('',*,*,#2727,.T.);
#2727 = EDGE_CURVE('',#2719,#2728,#2730,.T.);
#2728 = VERTEX_POINT('',#2729);
#2729 = CARTESIAN_POINT('',(-53.02584946107,93.8,-0.8));
#2730 = LINE('',#2731,#2732);
#2731 = CARTESIAN_POINT('',(-53.02584946107,98.075,-0.8));
#2732 = VECTOR('',#2733,1.);
#2733 = DIRECTION('',(-2.2E-16,-1.,0.));
#2734 = ORIENTED_EDGE('',*,*,#2735,.T.);
#2735 = EDGE_CURVE('',#2728,#2483,#2736,.T.);
#2736 = LINE('',#2737,#2738);
#2737 = CARTESIAN_POINT('',(-30.14396674183,93.8,-0.8));
#2738 = VECTOR('',#2739,1.);
#2739 = DIRECTION('',(-1.,0.,0.));
#2740 = ORIENTED_EDGE('',*,*,#2490,.T.);
#2741 = ORIENTED_EDGE('',*,*,#2569,.T.);
#2742 = ORIENTED_EDGE('',*,*,#670,.T.);
#2743 = PLANE('',#2744);
#2744 = AXIS2_PLACEMENT_3D('',#2745,#2746,#2747);
#2745 = CARTESIAN_POINT('',(2.212066516339,80.,-0.8));
#2746 = DIRECTION('',(0.,0.,1.));
#2747 = DIRECTION('',(1.,0.,0.));
#2748 = ADVANCED_FACE('',(#2749),#2760,.T.);
#2749 = FACE_BOUND('',#2750,.T.);
#2750 = EDGE_LOOP('',(#2751,#2758,#2759));
#2751 = ORIENTED_EDGE('',*,*,#2752,.T.);
#2752 = EDGE_CURVE('',#2585,#679,#2753,.T.);
#2753 = ELLIPSE('',#2754,1.71015180999,0.500000000021);
#2754 = AXIS2_PLACEMENT_3D('',#2755,#2756,#2757);
#2755 = CARTESIAN_POINT('',(-60.99999999997,40.750000000028,
    -1.635426309314));
#2756 = DIRECTION('',(-0.956304755963,0.,-0.292371704722));
#2757 = DIRECTION('',(-0.292371704722,0.,0.956304755963));
#2758 = ORIENTED_EDGE('',*,*,#678,.T.);
#2759 = ORIENTED_EDGE('',*,*,#2584,.T.);
#2760 = CYLINDRICAL_SURFACE('',#2761,0.500000000021);
#2761 = AXIS2_PLACEMENT_3D('',#2762,#2763,#2764);
#2762 = CARTESIAN_POINT('',(-60.99999999997,40.750000000028,0.));
#2763 = DIRECTION('',(0.,0.,1.));
#2764 = DIRECTION('',(1.,0.,0.));
#2765 = ADVANCED_FACE('',(#2766,#2826),#2853,.T.);
#2766 = FACE_BOUND('',#2767,.T.);
#2767 = EDGE_LOOP('',(#2768,#2769,#2770,#2771,#2779,#2787,#2795,#2803,
    #2811,#2819));
#2768 = ORIENTED_EDGE('',*,*,#686,.F.);
#2769 = ORIENTED_EDGE('',*,*,#2752,.F.);
#2770 = ORIENTED_EDGE('',*,*,#2593,.T.);
#2771 = ORIENTED_EDGE('',*,*,#2772,.T.);
#2772 = EDGE_CURVE('',#2594,#2773,#2775,.T.);
#2773 = VERTEX_POINT('',#2774);
#2774 = CARTESIAN_POINT('',(-60.88853863707,65.,-2.));
#2775 = LINE('',#2776,#2777);
#2776 = CARTESIAN_POINT('',(-61.79289978816,67.958032039079,
    0.958032039079));
#2777 = VECTOR('',#2778,1.);
#2778 = DIRECTION('',(0.211302932281,-0.691140749345,-0.691140749345));
#2779 = ORIENTED_EDGE('',*,*,#2780,.T.);
#2780 = EDGE_CURVE('',#2773,#2781,#2783,.T.);
#2781 = VERTEX_POINT('',#2782);
#2782 = CARTESIAN_POINT('',(-56.3025784152,65.,-17.));
#2783 = LINE('',#2784,#2785);
#2784 = CARTESIAN_POINT('',(-59.96378875892,65.,-5.024720560409));
#2785 = VECTOR('',#2786,1.);
#2786 = DIRECTION('',(0.292371704722,0.,-0.956304755963));
#2787 = ORIENTED_EDGE('',*,*,#2788,.T.);
#2788 = EDGE_CURVE('',#2781,#2789,#2791,.T.);
#2789 = VERTEX_POINT('',#2790);
#2790 = CARTESIAN_POINT('',(-56.3025784152,15.,-17.));
#2791 = LINE('',#2792,#2793);
#2792 = CARTESIAN_POINT('',(-56.3025784152,39.75,-17.));
#2793 = VECTOR('',#2794,1.);
#2794 = DIRECTION('',(0.,-1.,2.2E-16));
#2795 = ORIENTED_EDGE('',*,*,#2796,.T.);
#2796 = EDGE_CURVE('',#2789,#2797,#2799,.T.);
#2797 = VERTEX_POINT('',#2798);
#2798 = CARTESIAN_POINT('',(-60.88853863707,15.,-2.));
#2799 = LINE('',#2800,#2801);
#2800 = CARTESIAN_POINT('',(-50.24781206112,15.,-36.80424838356));
#2801 = VECTOR('',#2802,1.);
#2802 = DIRECTION('',(-0.292371704722,0.,0.956304755963));
#2803 = ORIENTED_EDGE('',*,*,#2804,.T.);
#2804 = EDGE_CURVE('',#2797,#2805,#2807,.T.);
#2805 = VERTEX_POINT('',#2806);
#2806 = CARTESIAN_POINT('',(-61.25541545482,13.8,-0.8));
#2807 = LINE('',#2808,#2809);
#2808 = CARTESIAN_POINT('',(-61.50081965425,12.99731903173,
    2.680968269879E-03));
#2809 = VECTOR('',#2810,1.);
#2810 = DIRECTION('',(-0.211302932281,-0.691140749345,0.691140749345));
#2811 = ORIENTED_EDGE('',*,*,#2812,.T.);
#2812 = EDGE_CURVE('',#2805,#2813,#2815,.T.);
#2813 = VERTEX_POINT('',#2814);
#2814 = CARTESIAN_POINT('',(-61.25541545482,39.679840604664,-0.8));
#2815 = LINE('',#2816,#2817);
#2816 = CARTESIAN_POINT('',(-61.25541545482,20.,-0.8));
#2817 = VECTOR('',#2818,1.);
#2818 = DIRECTION('',(0.,1.,0.));
#2819 = ORIENTED_EDGE('',*,*,#2820,.F.);
#2820 = EDGE_CURVE('',#687,#2813,#2821,.T.);
#2821 = ELLIPSE('',#2822,1.71015180999,0.500000000021);
#2822 = AXIS2_PLACEMENT_3D('',#2823,#2824,#2825);
#2823 = CARTESIAN_POINT('',(-60.99999999997,39.249999999972,
    -1.635426309314));
#2824 = DIRECTION('',(-0.956304755963,0.,-0.292371704722));
#2825 = DIRECTION('',(-0.292371704722,0.,0.956304755963));
#2826 = FACE_BOUND('',#2827,.T.);
#2827 = EDGE_LOOP('',(#2828,#2839,#2847));
#2828 = ORIENTED_EDGE('',*,*,#2829,.F.);
#2829 = EDGE_CURVE('',#2830,#2832,#2834,.T.);
#2830 = VERTEX_POINT('',#2831);
#2831 = CARTESIAN_POINT('',(-58.10884020047,52.197865502564,
    -11.09198390998));
#2832 = VERTEX_POINT('',#2833);
#2833 = CARTESIAN_POINT('',(-58.10884020047,55.802134497436,
    -11.09198390998));
#2834 = CIRCLE('',#2835,2.2);
#2835 = AXIS2_PLACEMENT_3D('',#2836,#2837,#2838);
#2836 = CARTESIAN_POINT('',(-58.47777474553,54.,-9.885253387202));
#2837 = DIRECTION('',(-0.956304755963,-0.,-0.292371704723));
#2838 = DIRECTION('',(0.292371704723,0.,-0.956304755963));
#2839 = ORIENTED_EDGE('',*,*,#2840,.T.);
#2840 = EDGE_CURVE('',#2830,#2841,#2843,.T.);
#2841 = VERTEX_POINT('',#2842);
#2842 = CARTESIAN_POINT('',(-57.35635881973,54.,-13.55323960452));
#2843 = LINE('',#2844,#2845);
#2844 = CARTESIAN_POINT('',(-56.46512446778,56.134437093141,
    -16.46833581828));
#2845 = VECTOR('',#2846,1.);
#2846 = DIRECTION('',(0.239496879616,0.573576436351,-0.78335899581));
#2847 = ORIENTED_EDGE('',*,*,#2848,.T.);
#2848 = EDGE_CURVE('',#2841,#2832,#2849,.T.);
#2849 = LINE('',#2850,#2851);
#2850 = CARTESIAN_POINT('',(-59.66049771232,59.518233794907,
    -6.01674087434));
#2851 = VECTOR('',#2852,1.);
#2852 = DIRECTION('',(-0.239496879616,0.573576436351,0.78335899581));
#2853 = PLANE('',#2854);
#2854 = AXIS2_PLACEMENT_3D('',#2855,#2856,#2857);
#2855 = CARTESIAN_POINT('',(-59.00099670897,40.,-8.173871458029));
#2856 = DIRECTION('',(-0.956304755963,-0.,-0.292371704722));
#2857 = DIRECTION('',(0.292371704722,0.,-0.956304755963));
#2858 = ADVANCED_FACE('',(#2859),#2870,.T.);
#2859 = FACE_BOUND('',#2860,.T.);
#2860 = EDGE_LOOP('',(#2861,#2862,#2863));
#2861 = ORIENTED_EDGE('',*,*,#694,.F.);
#2862 = ORIENTED_EDGE('',*,*,#2820,.T.);
#2863 = ORIENTED_EDGE('',*,*,#2864,.T.);
#2864 = EDGE_CURVE('',#2813,#695,#2865,.T.);
#2865 = CIRCLE('',#2866,0.500000000021);
#2866 = AXIS2_PLACEMENT_3D('',#2867,#2868,#2869);
#2867 = CARTESIAN_POINT('',(-60.99999999997,39.249999999972,-0.8));
#2868 = DIRECTION('',(0.,0.,1.));
#2869 = DIRECTION('',(1.,0.,0.));
#2870 = CYLINDRICAL_SURFACE('',#2871,0.500000000021);
#2871 = AXIS2_PLACEMENT_3D('',#2872,#2873,#2874);
#2872 = CARTESIAN_POINT('',(-60.99999999997,39.249999999972,0.));
#2873 = DIRECTION('',(0.,0.,1.));
#2874 = DIRECTION('',(1.,0.,0.));
#2875 = ADVANCED_FACE('',(#2876),#3038,.F.);
#2876 = FACE_BOUND('',#2877,.F.);
#2877 = EDGE_LOOP('',(#2878,#2887,#2895,#2903,#2911,#2920,#2928,#2936,
    #2945,#2953,#2962,#2970,#2979,#2987,#2996,#3004,#3012,#3021,#3029,
    #3035,#3036,#3037));
#2878 = ORIENTED_EDGE('',*,*,#2879,.T.);
#2879 = EDGE_CURVE('',#703,#2880,#2882,.T.);
#2880 = VERTEX_POINT('',#2881);
#2881 = CARTESIAN_POINT('',(-61.25541545482,-39.67984060466,-0.8));
#2882 = CIRCLE('',#2883,0.500000000021);
#2883 = AXIS2_PLACEMENT_3D('',#2884,#2885,#2886);
#2884 = CARTESIAN_POINT('',(-60.99999999997,-39.24999999997,-0.8));
#2885 = DIRECTION('',(0.,0.,1.));
#2886 = DIRECTION('',(1.,0.,0.));
#2887 = ORIENTED_EDGE('',*,*,#2888,.T.);
#2888 = EDGE_CURVE('',#2880,#2889,#2891,.T.);
#2889 = VERTEX_POINT('',#2890);
#2890 = CARTESIAN_POINT('',(-61.25541545482,-13.8,-0.8));
#2891 = LINE('',#2892,#2893);
#2892 = CARTESIAN_POINT('',(-61.25541545482,2.0813E-13,-0.8));
#2893 = VECTOR('',#2894,1.);
#2894 = DIRECTION('',(0.,1.,0.));
#2895 = ORIENTED_EDGE('',*,*,#2896,.T.);
#2896 = EDGE_CURVE('',#2889,#2897,#2899,.T.);
#2897 = VERTEX_POINT('',#2898);
#2898 = CARTESIAN_POINT('',(-53.02584946107,-13.8,-0.8));
#2899 = LINE('',#2900,#2901);
#2900 = CARTESIAN_POINT('',(-30.14396674183,-13.8,-0.8));
#2901 = VECTOR('',#2902,1.);
#2902 = DIRECTION('',(1.,0.,0.));
#2903 = ORIENTED_EDGE('',*,*,#2904,.T.);
#2904 = EDGE_CURVE('',#2897,#2905,#2907,.T.);
#2905 = VERTEX_POINT('',#2906);
#2906 = CARTESIAN_POINT('',(-53.02584946107,-35.53570308835,-0.8));
#2907 = LINE('',#2908,#2909);
#2908 = CARTESIAN_POINT('',(-53.02584946107,18.075,-0.8));
#2909 = VECTOR('',#2910,1.);
#2910 = DIRECTION('',(-2.2E-16,-1.,0.));
#2911 = ORIENTED_EDGE('',*,*,#2912,.T.);
#2912 = EDGE_CURVE('',#2905,#2913,#2915,.T.);
#2913 = VERTEX_POINT('',#2914);
#2914 = CARTESIAN_POINT('',(-51.45778145695,-36.1,-0.8));
#2915 = ELLIPSE('',#2916,4.182767025949,4.);
#2916 = AXIS2_PLACEMENT_3D('',#2917,#2918,#2919);
#2917 = CARTESIAN_POINT('',(-50.79849788996,-32.15,-0.8));
#2918 = DIRECTION('',(0.,0.,1.));
#2919 = DIRECTION('',(-1.,0.,0.));
#2920 = ORIENTED_EDGE('',*,*,#2921,.T.);
#2921 = EDGE_CURVE('',#2913,#2922,#2924,.T.);
#2922 = VERTEX_POINT('',#2923);
#2923 = CARTESIAN_POINT('',(51.5,-36.1,-0.8));
#2924 = LINE('',#2925,#2926);
#2925 = CARTESIAN_POINT('',(-28.89396674183,-36.1,-0.8));
#2926 = VECTOR('',#2927,1.);
#2927 = DIRECTION('',(1.,0.,0.));
#2928 = ORIENTED_EDGE('',*,*,#2929,.T.);
#2929 = EDGE_CURVE('',#2922,#2930,#2932,.T.);
#2930 = VERTEX_POINT('',#2931);
#2931 = CARTESIAN_POINT('',(51.5,-32.,-0.8));
#2932 = LINE('',#2933,#2934);
#2933 = CARTESIAN_POINT('',(51.5,2.113E-13,-0.8));
#2934 = VECTOR('',#2935,1.);
#2935 = DIRECTION('',(0.,1.,0.));
#2936 = ORIENTED_EDGE('',*,*,#2937,.F.);
#2937 = EDGE_CURVE('',#2938,#2930,#2940,.T.);
#2938 = VERTEX_POINT('',#2939);
#2939 = CARTESIAN_POINT('',(48.5,-35.,-0.8));
#2940 = CIRCLE('',#2941,3.);
#2941 = AXIS2_PLACEMENT_3D('',#2942,#2943,#2944);
#2942 = CARTESIAN_POINT('',(48.5,-32.,-0.8));
#2943 = DIRECTION('',(0.,0.,1.));
#2944 = DIRECTION('',(1.,0.,0.));
#2945 = ORIENTED_EDGE('',*,*,#2946,.F.);
#2946 = EDGE_CURVE('',#2947,#2938,#2949,.T.);
#2947 = VERTEX_POINT('',#2948);
#2948 = CARTESIAN_POINT('',(-38.5,-35.,-0.8));
#2949 = LINE('',#2950,#2951);
#2950 = CARTESIAN_POINT('',(-38.5,-35.,-0.8));
#2951 = VECTOR('',#2952,1.);
#2952 = DIRECTION('',(1.,0.,0.));
#2953 = ORIENTED_EDGE('',*,*,#2954,.F.);
#2954 = EDGE_CURVE('',#2955,#2947,#2957,.T.);
#2955 = VERTEX_POINT('',#2956);
#2956 = CARTESIAN_POINT('',(-41.5,-32.,-0.8));
#2957 = CIRCLE('',#2958,3.);
#2958 = AXIS2_PLACEMENT_3D('',#2959,#2960,#2961);
#2959 = CARTESIAN_POINT('',(-38.5,-32.,-0.8));
#2960 = DIRECTION('',(0.,0.,1.));
#2961 = DIRECTION('',(1.,0.,0.));
#2962 = ORIENTED_EDGE('',*,*,#2963,.F.);
#2963 = EDGE_CURVE('',#2964,#2955,#2966,.T.);
#2964 = VERTEX_POINT('',#2965);
#2965 = CARTESIAN_POINT('',(-41.5,32.,-0.8));
#2966 = LINE('',#2967,#2968);
#2967 = CARTESIAN_POINT('',(-41.5,32.,-0.8));
#2968 = VECTOR('',#2969,1.);
#2969 = DIRECTION('',(0.,-1.,0.));
#2970 = ORIENTED_EDGE('',*,*,#2971,.F.);
#2971 = EDGE_CURVE('',#2972,#2964,#2974,.T.);
#2972 = VERTEX_POINT('',#2973);
#2973 = CARTESIAN_POINT('',(-38.5,35.,-0.8));
#2974 = CIRCLE('',#2975,3.);
#2975 = AXIS2_PLACEMENT_3D('',#2976,#2977,#2978);
#2976 = CARTESIAN_POINT('',(-38.5,32.,-0.8));
#2977 = DIRECTION('',(0.,0.,1.));
#2978 = DIRECTION('',(1.,0.,0.));
#2979 = ORIENTED_EDGE('',*,*,#2980,.F.);
#2980 = EDGE_CURVE('',#2981,#2972,#2983,.T.);
#2981 = VERTEX_POINT('',#2982);
#2982 = CARTESIAN_POINT('',(48.5,35.,-0.8));
#2983 = LINE('',#2984,#2985);
#2984 = CARTESIAN_POINT('',(48.5,35.,-0.8));
#2985 = VECTOR('',#2986,1.);
#2986 = DIRECTION('',(-1.,0.,0.));
#2987 = ORIENTED_EDGE('',*,*,#2988,.F.);
#2988 = EDGE_CURVE('',#2989,#2981,#2991,.T.);
#2989 = VERTEX_POINT('',#2990);
#2990 = CARTESIAN_POINT('',(51.5,32.,-0.8));
#2991 = CIRCLE('',#2992,3.);
#2992 = AXIS2_PLACEMENT_3D('',#2993,#2994,#2995);
#2993 = CARTESIAN_POINT('',(48.5,32.,-0.8));
#2994 = DIRECTION('',(0.,0.,1.));
#2995 = DIRECTION('',(1.,0.,0.));
#2996 = ORIENTED_EDGE('',*,*,#2997,.T.);
#2997 = EDGE_CURVE('',#2989,#2998,#3000,.T.);
#2998 = VERTEX_POINT('',#2999);
#2999 = CARTESIAN_POINT('',(51.5,36.05,-0.8));
#3000 = LINE('',#3001,#3002);
#3001 = CARTESIAN_POINT('',(51.5,2.113E-13,-0.8));
#3002 = VECTOR('',#3003,1.);
#3003 = DIRECTION('',(0.,1.,0.));
#3004 = ORIENTED_EDGE('',*,*,#3005,.F.);
#3005 = EDGE_CURVE('',#3006,#2998,#3008,.T.);
#3006 = VERTEX_POINT('',#3007);
#3007 = CARTESIAN_POINT('',(-51.72792905318,36.05,-0.8));
#3008 = LINE('',#3009,#3010);
#3009 = CARTESIAN_POINT('',(-2.136651896123,36.05,-0.8));
#3010 = VECTOR('',#3011,1.);
#3011 = DIRECTION('',(1.,0.,0.));
#3012 = ORIENTED_EDGE('',*,*,#3013,.T.);
#3013 = EDGE_CURVE('',#3006,#3014,#3016,.T.);
#3014 = VERTEX_POINT('',#3015);
#3015 = CARTESIAN_POINT('',(-53.02584946107,35.535703088351,-0.8));
#3016 = ELLIPSE('',#3017,4.182767025949,4.);
#3017 = AXIS2_PLACEMENT_3D('',#3018,#3019,#3020);
#3018 = CARTESIAN_POINT('',(-50.79849788996,32.15,-0.8));
#3019 = DIRECTION('',(0.,0.,1.));
#3020 = DIRECTION('',(-1.,-1.45E-15,0.));
#3021 = ORIENTED_EDGE('',*,*,#3022,.T.);
#3022 = EDGE_CURVE('',#3014,#3023,#3025,.T.);
#3023 = VERTEX_POINT('',#3024);
#3024 = CARTESIAN_POINT('',(-53.02584946107,13.8,-0.8));
#3025 = LINE('',#3026,#3027);
#3026 = CARTESIAN_POINT('',(-53.02584946107,18.075,-0.8));
#3027 = VECTOR('',#3028,1.);
#3028 = DIRECTION('',(-2.2E-16,-1.,0.));
#3029 = ORIENTED_EDGE('',*,*,#3030,.T.);
#3030 = EDGE_CURVE('',#3023,#2805,#3031,.T.);
#3031 = LINE('',#3032,#3033);
#3032 = CARTESIAN_POINT('',(-30.14396674183,13.8,-0.8));
#3033 = VECTOR('',#3034,1.);
#3034 = DIRECTION('',(-1.,0.,0.));
#3035 = ORIENTED_EDGE('',*,*,#2812,.T.);
#3036 = ORIENTED_EDGE('',*,*,#2864,.T.);
#3037 = ORIENTED_EDGE('',*,*,#702,.T.);
#3038 = PLANE('',#3039);
#3039 = AXIS2_PLACEMENT_3D('',#3040,#3041,#3042);
#3040 = CARTESIAN_POINT('',(2.212066516339,4.2046E-13,-0.8));
#3041 = DIRECTION('',(0.,0.,1.));
#3042 = DIRECTION('',(1.,0.,0.));
#3043 = ADVANCED_FACE('',(#3044),#3072,.T.);
#3044 = FACE_BOUND('',#3045,.T.);
#3045 = EDGE_LOOP('',(#3046,#3047,#3048,#3057,#3065));
#3046 = ORIENTED_EDGE('',*,*,#710,.T.);
#3047 = ORIENTED_EDGE('',*,*,#2879,.T.);
#3048 = ORIENTED_EDGE('',*,*,#3049,.F.);
#3049 = EDGE_CURVE('',#3050,#2880,#3052,.T.);
#3050 = VERTEX_POINT('',#3051);
#3051 = CARTESIAN_POINT('',(-60.99999999997,-39.74999999999,
    -1.635426309336));
#3052 = ELLIPSE('',#3053,1.71015180999,0.500000000021);
#3053 = AXIS2_PLACEMENT_3D('',#3054,#3055,#3056);
#3054 = CARTESIAN_POINT('',(-60.99999999997,-39.24999999997,
    -1.635426309317));
#3055 = DIRECTION('',(-0.956304755963,0.,-0.292371704722));
#3056 = DIRECTION('',(-0.292371704722,0.,0.956304755963));
#3057 = ORIENTED_EDGE('',*,*,#3058,.F.);
#3058 = EDGE_CURVE('',#3059,#3050,#3061,.T.);
#3059 = VERTEX_POINT('',#3060);
#3060 = CARTESIAN_POINT('',(-60.99999999997,-39.74999999999,2.5));
#3061 = LINE('',#3062,#3063);
#3062 = CARTESIAN_POINT('',(-60.99999999997,-39.74999999999,2.5));
#3063 = VECTOR('',#3064,1.);
#3064 = DIRECTION('',(-0.,-0.,-1.));
#3065 = ORIENTED_EDGE('',*,*,#3066,.F.);
#3066 = EDGE_CURVE('',#566,#3059,#3067,.T.);
#3067 = CIRCLE('',#3068,0.500000000021);
#3068 = AXIS2_PLACEMENT_3D('',#3069,#3070,#3071);
#3069 = CARTESIAN_POINT('',(-60.99999999997,-39.24999999997,2.5));
#3070 = DIRECTION('',(0.,0.,1.));
#3071 = DIRECTION('',(1.,0.,0.));
#3072 = CYLINDRICAL_SURFACE('',#3073,0.500000000021);
#3073 = AXIS2_PLACEMENT_3D('',#3074,#3075,#3076);
#3074 = CARTESIAN_POINT('',(-60.99999999997,-39.24999999997,0.));
#3075 = DIRECTION('',(0.,0.,1.));
#3076 = DIRECTION('',(1.,0.,0.));
#3077 = ADVANCED_FACE('',(#3078),#3128,.T.);
#3078 = FACE_BOUND('',#3079,.F.);
#3079 = EDGE_LOOP('',(#3080,#3081,#3089,#3095,#3096,#3097,#3098,#3106,
    #3114,#3122,#3127));
#3080 = ORIENTED_EDGE('',*,*,#1464,.F.);
#3081 = ORIENTED_EDGE('',*,*,#3082,.T.);
#3082 = EDGE_CURVE('',#1465,#3083,#3085,.T.);
#3083 = VERTEX_POINT('',#3084);
#3084 = CARTESIAN_POINT('',(-47.77240663057,276.15,-20.50270681099));
#3085 = LINE('',#3086,#3087);
#3086 = CARTESIAN_POINT('',(-41.25887450646,276.15,-69.97789523112));
#3087 = VECTOR('',#3088,1.);
#3088 = DIRECTION('',(-0.13052619222,-4.4E-16,0.991444861374));
#3089 = ORIENTED_EDGE('',*,*,#3090,.T.);
#3090 = EDGE_CURVE('',#3083,#759,#3091,.T.);
#3091 = LINE('',#3092,#3093);
#3092 = CARTESIAN_POINT('',(-48.95296662695,276.15,-21.8622546799));
#3093 = VECTOR('',#3094,1.);
#3094 = DIRECTION('',(0.655654995826,-3.4E-16,0.755060611109));
#3095 = ORIENTED_EDGE('',*,*,#767,.T.);
#3096 = ORIENTED_EDGE('',*,*,#801,.T.);
#3097 = ORIENTED_EDGE('',*,*,#826,.F.);
#3098 = ORIENTED_EDGE('',*,*,#3099,.F.);
#3099 = EDGE_CURVE('',#3100,#827,#3102,.T.);
#3100 = VERTEX_POINT('',#3101);
#3101 = CARTESIAN_POINT('',(53.3,276.15,-1.));
#3102 = LINE('',#3103,#3104);
#3103 = CARTESIAN_POINT('',(23.407314845708,276.15,-1.));
#3104 = VECTOR('',#3105,1.);
#3105 = DIRECTION('',(-1.,0.,0.));
#3106 = ORIENTED_EDGE('',*,*,#3107,.F.);
#3107 = EDGE_CURVE('',#3108,#3100,#3110,.T.);
#3108 = VERTEX_POINT('',#3109);
#3109 = CARTESIAN_POINT('',(53.45,276.15,-0.85));
#3110 = LINE('',#3111,#3112);
#3111 = CARTESIAN_POINT('',(32.394975850139,276.15,-21.90502414986));
#3112 = VECTOR('',#3113,1.);
#3113 = DIRECTION('',(-0.707106781187,3.1E-16,-0.707106781187));
#3114 = ORIENTED_EDGE('',*,*,#3115,.T.);
#3115 = EDGE_CURVE('',#3108,#3116,#3118,.T.);
#3116 = VERTEX_POINT('',#3117);
#3117 = CARTESIAN_POINT('',(54.585,276.15,-0.85));
#3118 = LINE('',#3119,#3120);
#3119 = CARTESIAN_POINT('',(-33.24268515429,276.15,-0.85));
#3120 = VECTOR('',#3121,1.);
#3121 = DIRECTION('',(1.,0.,0.));
#3122 = ORIENTED_EDGE('',*,*,#3123,.T.);
#3123 = EDGE_CURVE('',#3116,#1831,#3124,.T.);
#3124 = B_SPLINE_CURVE_WITH_KNOTS('',1,(#3125,#3126),.UNSPECIFIED.,.F.,
  .F.,(2,2),(0.,1.),.PIECEWISE_BEZIER_KNOTS.);
#3125 = CARTESIAN_POINT('',(54.5,276.15,-2.7E-14));
#3126 = CARTESIAN_POINT('',(56.236769795071,276.15,-17.3676979507));
#3127 = ORIENTED_EDGE('',*,*,#1857,.F.);
#3128 = PLANE('',#3129);
#3129 = AXIS2_PLACEMENT_3D('',#3130,#3131,#3132);
#3130 = CARTESIAN_POINT('',(-6.485370308585,276.15,-26.03472629086));
#3131 = DIRECTION('',(-0.,-1.,-4.4E-16));
#3132 = DIRECTION('',(0.,4.4E-16,-1.));
#3133 = ADVANCED_FACE('',(#3134),#3146,.F.);
#3134 = FACE_BOUND('',#3135,.T.);
#3135 = EDGE_LOOP('',(#3136,#3143,#3144,#3145));
#3136 = ORIENTED_EDGE('',*,*,#3137,.T.);
#3137 = EDGE_CURVE('',#1417,#3083,#3138,.T.);
#3138 = ELLIPSE('',#3139,4.386580936551,4.);
#3139 = AXIS2_PLACEMENT_3D('',#3140,#3141,#3142);
#3140 = CARTESIAN_POINT('',(-47.77240663057,272.15,-20.50270681099));
#3141 = DIRECTION('',(-0.287939999892,4.3E-16,-0.957648451397));
#3142 = DIRECTION('',(0.957648451397,1.3E-16,-0.287939999892));
#3143 = ORIENTED_EDGE('',*,*,#3090,.T.);
#3144 = ORIENTED_EDGE('',*,*,#758,.F.);
#3145 = ORIENTED_EDGE('',*,*,#1424,.F.);
#3146 = CYLINDRICAL_SURFACE('',#3147,4.);
#3147 = AXIS2_PLACEMENT_3D('',#3148,#3149,#3150);
#3148 = CARTESIAN_POINT('',(-48.95296662695,272.15,-21.8622546799));
#3149 = DIRECTION('',(0.655654995826,-3.4E-16,0.755060611109));
#3150 = DIRECTION('',(-0.755060611109,1.5E-16,0.655654995826));
#3151 = ADVANCED_FACE('',(#3152),#3163,.T.);
#3152 = FACE_BOUND('',#3153,.T.);
#3153 = EDGE_LOOP('',(#3154,#3155,#3161,#3162));
#3154 = ORIENTED_EDGE('',*,*,#3099,.F.);
#3155 = ORIENTED_EDGE('',*,*,#3156,.T.);
#3156 = EDGE_CURVE('',#3100,#1151,#3157,.T.);
#3157 = LINE('',#3158,#3159);
#3158 = CARTESIAN_POINT('',(53.3,277.15,-1.));
#3159 = VECTOR('',#3160,1.);
#3160 = DIRECTION('',(0.,-1.,2.2E-16));
#3161 = ORIENTED_EDGE('',*,*,#1150,.F.);
#3162 = ORIENTED_EDGE('',*,*,#834,.F.);
#3163 = PLANE('',#3164);
#3164 = AXIS2_PLACEMENT_3D('',#3165,#3166,#3167);
#3165 = CARTESIAN_POINT('',(53.3,277.15,-1.));
#3166 = DIRECTION('',(-0.,-2.2E-16,-1.));
#3167 = DIRECTION('',(-1.,0.,0.));
#3168 = ADVANCED_FACE('',(#3169),#3192,.F.);
#3169 = FACE_BOUND('',#3170,.F.);
#3170 = EDGE_LOOP('',(#3171,#3178,#3179,#3186));
#3171 = ORIENTED_EDGE('',*,*,#3172,.F.);
#3172 = EDGE_CURVE('',#850,#3173,#3175,.T.);
#3173 = VERTEX_POINT('',#3174);
#3174 = CARTESIAN_POINT('',(51.420980039777,208.,2.621680068189));
#3175 = B_SPLINE_CURVE_WITH_KNOTS('',1,(#3176,#3177),.UNSPECIFIED.,.F.,
  .F.,(2,2),(0.,1.),.PIECEWISE_BEZIER_KNOTS.);
#3176 = CARTESIAN_POINT('',(51.5,208.,2.5));
#3177 = CARTESIAN_POINT('',(51.175296203401,208.,3.));
#3178 = ORIENTED_EDGE('',*,*,#857,.T.);
#3179 = ORIENTED_EDGE('',*,*,#3180,.T.);
#3180 = EDGE_CURVE('',#817,#3181,#3183,.T.);
#3181 = VERTEX_POINT('',#3182);
#3182 = CARTESIAN_POINT('',(51.420980039777,272.,2.621680068189));
#3183 = B_SPLINE_CURVE_WITH_KNOTS('',1,(#3184,#3185),.UNSPECIFIED.,.F.,
  .F.,(2,2),(0.,1.),.PIECEWISE_BEZIER_KNOTS.);
#3184 = CARTESIAN_POINT('',(51.5,272.,2.5));
#3185 = CARTESIAN_POINT('',(51.175296203401,272.,3.));
#3186 = ORIENTED_EDGE('',*,*,#3187,.T.);
#3187 = EDGE_CURVE('',#3181,#3173,#3188,.T.);
#3188 = LINE('',#3189,#3190);
#3189 = CARTESIAN_POINT('',(51.420980039777,207.75,2.621680068189));
#3190 = VECTOR('',#3191,1.);
#3191 = DIRECTION('',(0.,-1.,0.));
#3192 = PLANE('',#3193);
#3193 = AXIS2_PLACEMENT_3D('',#3194,#3195,#3196);
#3194 = CARTESIAN_POINT('',(51.175296203401,208.,3.));
#3195 = DIRECTION('',(0.838670567945,0.,0.544639035015));
#3196 = DIRECTION('',(0.,1.,0.));
#3197 = ADVANCED_FACE('',(#3198),#3220,.F.);
#3198 = FACE_BOUND('',#3199,.F.);
#3199 = EDGE_LOOP('',(#3200,#3201,#3202,#3213));
#3200 = ORIENTED_EDGE('',*,*,#3180,.F.);
#3201 = ORIENTED_EDGE('',*,*,#898,.T.);
#3202 = ORIENTED_EDGE('',*,*,#3203,.F.);
#3203 = EDGE_CURVE('',#3204,#880,#3206,.T.);
#3204 = VERTEX_POINT('',#3205);
#3205 = CARTESIAN_POINT('',(51.400737920183,272.5,2.586979291742));
#3206 = B_SPLINE_CURVE_WITH_KNOTS('',5,(#3207,#3208,#3209,#3210,#3211,
    #3212),.UNSPECIFIED.,.F.,.F.,(6,6),(0.,1.),
  .PIECEWISE_BEZIER_KNOTS.);
#3207 = CARTESIAN_POINT('',(51.400737920182,272.5,2.586979291744));
#3208 = CARTESIAN_POINT('',(51.390417002957,272.62751834483,
    2.569286290787));
#3209 = CARTESIAN_POINT('',(51.373137117496,272.75450380048,
    2.551676071907));
#3210 = CARTESIAN_POINT('',(51.348929103564,272.8804826303,
    2.534214200806));
#3211 = CARTESIAN_POINT('',(51.317863683256,273.00497532633,
    2.516966779384));
#3212 = CARTESIAN_POINT('',(51.280061824863,273.12749999997,2.5));
#3213 = ORIENTED_EDGE('',*,*,#3214,.T.);
#3214 = EDGE_CURVE('',#3204,#3181,#3215,.T.);
#3215 = HYPERBOLA('',#3216,51.179223296537,12.616774560952);
#3216 = AXIS2_PLACEMENT_3D('',#3217,#3218,#3219);
#3217 = CARTESIAN_POINT('',(77.208707767729,272.,46.829213316107));
#3218 = DIRECTION('',(-0.863778900898,0.,0.503871025524));
#3219 = DIRECTION('',(-0.503871025524,0.,-0.863778900898));
#3220 = CONICAL_SURFACE('',#3221,3.,0.575958653158);
#3221 = AXIS2_PLACEMENT_3D('',#3222,#3223,#3224);
#3222 = CARTESIAN_POINT('',(48.5,272.,2.5));
#3223 = DIRECTION('',(-0.,-0.,-1.));
#3224 = DIRECTION('',(1.,0.,0.));
#3225 = ADVANCED_FACE('',(#3226),#3251,.F.);
#3226 = FACE_BOUND('',#3227,.T.);
#3227 = EDGE_LOOP('',(#3228,#3235,#3244,#3249,#3250));
#3228 = ORIENTED_EDGE('',*,*,#3229,.F.);
#3229 = EDGE_CURVE('',#3230,#3204,#3232,.T.);
#3230 = VERTEX_POINT('',#3231);
#3231 = CARTESIAN_POINT('',(51.641666666667,272.5,3.));
#3232 = B_SPLINE_CURVE_WITH_KNOTS('',1,(#3233,#3234),.UNSPECIFIED.,.F.,
  .F.,(2,2),(0.,1.),.PIECEWISE_BEZIER_KNOTS.);
#3233 = CARTESIAN_POINT('',(51.7,272.5,3.1));
#3234 = CARTESIAN_POINT('',(51.,272.5,1.9));
#3235 = ORIENTED_EDGE('',*,*,#3236,.F.);
#3236 = EDGE_CURVE('',#3237,#3230,#3239,.T.);
#3237 = VERTEX_POINT('',#3238);
#3238 = CARTESIAN_POINT('',(48.5,275.64166666666,3.));
#3239 = CIRCLE('',#3240,3.141666666667);
#3240 = AXIS2_PLACEMENT_3D('',#3241,#3242,#3243);
#3241 = CARTESIAN_POINT('',(48.5,272.5,3.));
#3242 = DIRECTION('',(0.,0.,-1.));
#3243 = DIRECTION('',(1.,0.,0.));
#3244 = ORIENTED_EDGE('',*,*,#3245,.T.);
#3245 = EDGE_CURVE('',#3237,#872,#3246,.T.);
#3246 = B_SPLINE_CURVE_WITH_KNOTS('',1,(#3247,#3248),.UNSPECIFIED.,.F.,
  .F.,(2,2),(0.,1.),.PIECEWISE_BEZIER_KNOTS.);
#3247 = CARTESIAN_POINT('',(48.5,275.7,3.1));
#3248 = CARTESIAN_POINT('',(48.5,275.,1.9));
#3249 = ORIENTED_EDGE('',*,*,#879,.F.);
#3250 = ORIENTED_EDGE('',*,*,#3203,.F.);
#3251 = CONICAL_SURFACE('',#3252,3.2,0.528074448426);
#3252 = AXIS2_PLACEMENT_3D('',#3253,#3254,#3255);
#3253 = CARTESIAN_POINT('',(48.5,272.5,3.1));
#3254 = DIRECTION('',(0.,0.,1.));
#3255 = DIRECTION('',(1.,0.,0.));
#3256 = ADVANCED_FACE('',(#3257),#3274,.T.);
#3257 = FACE_BOUND('',#3258,.T.);
#3258 = EDGE_LOOP('',(#3259,#3260,#3268,#3273));
#3259 = ORIENTED_EDGE('',*,*,#3245,.F.);
#3260 = ORIENTED_EDGE('',*,*,#3261,.F.);
#3261 = EDGE_CURVE('',#3262,#3237,#3264,.T.);
#3262 = VERTEX_POINT('',#3263);
#3263 = CARTESIAN_POINT('',(-38.5,275.64166666666,3.));
#3264 = LINE('',#3265,#3266);
#3265 = CARTESIAN_POINT('',(24.25,275.64166666666,3.));
#3266 = VECTOR('',#3267,1.);
#3267 = DIRECTION('',(1.,0.,0.));
#3268 = ORIENTED_EDGE('',*,*,#3269,.T.);
#3269 = EDGE_CURVE('',#3262,#917,#3270,.T.);
#3270 = B_SPLINE_CURVE_WITH_KNOTS('',1,(#3271,#3272),.UNSPECIFIED.,.F.,
  .F.,(2,2),(0.,1.),.PIECEWISE_BEZIER_KNOTS.);
#3271 = CARTESIAN_POINT('',(-38.5,275.7,3.1));
#3272 = CARTESIAN_POINT('',(-38.5,275.,1.9));
#3273 = ORIENTED_EDGE('',*,*,#916,.F.);
#3274 = PLANE('',#3275);
#3275 = AXIS2_PLACEMENT_3D('',#3276,#3277,#3278);
#3276 = CARTESIAN_POINT('',(48.5,275.,1.9));
#3277 = DIRECTION('',(0.,-0.863778900898,0.503871025524));
#3278 = DIRECTION('',(-1.,0.,0.));
#3279 = ADVANCED_FACE('',(#3280),#3308,.F.);
#3280 = FACE_BOUND('',#3281,.T.);
#3281 = EDGE_LOOP('',(#3282,#3283,#3292,#3299,#3307));
#3282 = ORIENTED_EDGE('',*,*,#3269,.F.);
#3283 = ORIENTED_EDGE('',*,*,#3284,.F.);
#3284 = EDGE_CURVE('',#3285,#3262,#3287,.T.);
#3285 = VERTEX_POINT('',#3286);
#3286 = CARTESIAN_POINT('',(-41.64166666666,272.5,3.));
#3287 = CIRCLE('',#3288,3.141666666667);
#3288 = AXIS2_PLACEMENT_3D('',#3289,#3290,#3291);
#3289 = CARTESIAN_POINT('',(-38.5,272.5,3.));
#3290 = DIRECTION('',(0.,0.,-1.));
#3291 = DIRECTION('',(1.,0.,0.));
#3292 = ORIENTED_EDGE('',*,*,#3293,.T.);
#3293 = EDGE_CURVE('',#3285,#3294,#3296,.T.);
#3294 = VERTEX_POINT('',#3295);
#3295 = CARTESIAN_POINT('',(-41.40073792018,272.5,2.586979291742));
#3296 = B_SPLINE_CURVE_WITH_KNOTS('',1,(#3297,#3298),.UNSPECIFIED.,.F.,
  .F.,(2,2),(0.,1.),.PIECEWISE_BEZIER_KNOTS.);
#3297 = CARTESIAN_POINT('',(-41.7,272.5,3.1));
#3298 = CARTESIAN_POINT('',(-41.,272.5,1.9));
#3299 = ORIENTED_EDGE('',*,*,#3300,.F.);
#3300 = EDGE_CURVE('',#948,#3294,#3301,.T.);
#3301 = B_SPLINE_CURVE_WITH_KNOTS('',4,(#3302,#3303,#3304,#3305,#3306),
  .UNSPECIFIED.,.F.,.F.,(5,5),(0.,1.),.PIECEWISE_BEZIER_KNOTS.);
#3302 = CARTESIAN_POINT('',(-41.28006182486,273.12749999997,
    2.500000000005));
#3303 = CARTESIAN_POINT('',(-41.32731457203,272.97434278306,
    2.521208664621));
#3304 = CARTESIAN_POINT('',(-41.36333832177,272.81790896172,
    2.542884588092));
#3305 = CARTESIAN_POINT('',(-41.38783721366,272.65939249456,
    2.56486379485));
#3306 = CARTESIAN_POINT('',(-41.40073792018,272.5,2.586979291742));
#3307 = ORIENTED_EDGE('',*,*,#956,.F.);
#3308 = CONICAL_SURFACE('',#3309,3.2,0.528074448426);
#3309 = AXIS2_PLACEMENT_3D('',#3310,#3311,#3312);
#3310 = CARTESIAN_POINT('',(-38.5,272.5,3.1));
#3311 = DIRECTION('',(0.,0.,1.));
#3312 = DIRECTION('',(1.,0.,0.));
#3313 = ADVANCED_FACE('',(#3314),#3332,.F.);
#3314 = FACE_BOUND('',#3315,.F.);
#3315 = EDGE_LOOP('',(#3316,#3317,#3318,#3325));
#3316 = ORIENTED_EDGE('',*,*,#3300,.F.);
#3317 = ORIENTED_EDGE('',*,*,#947,.T.);
#3318 = ORIENTED_EDGE('',*,*,#3319,.T.);
#3319 = EDGE_CURVE('',#940,#3320,#3322,.T.);
#3320 = VERTEX_POINT('',#3321);
#3321 = CARTESIAN_POINT('',(-41.42098003977,272.,2.621680068189));
#3322 = B_SPLINE_CURVE_WITH_KNOTS('',1,(#3323,#3324),.UNSPECIFIED.,.F.,
  .F.,(2,2),(0.,1.),.PIECEWISE_BEZIER_KNOTS.);
#3323 = CARTESIAN_POINT('',(-41.5,272.,2.5));
#3324 = CARTESIAN_POINT('',(-41.1752962034,272.,3.));
#3325 = ORIENTED_EDGE('',*,*,#3326,.T.);
#3326 = EDGE_CURVE('',#3320,#3294,#3327,.T.);
#3327 = HYPERBOLA('',#3328,51.179223296537,12.616774560952);
#3328 = AXIS2_PLACEMENT_3D('',#3329,#3330,#3331);
#3329 = CARTESIAN_POINT('',(-67.20870776772,272.,46.829213316107));
#3330 = DIRECTION('',(0.863778900898,-0.,0.503871025524));
#3331 = DIRECTION('',(0.503871025524,0.,-0.863778900898));
#3332 = CONICAL_SURFACE('',#3333,3.,0.575958653158);
#3333 = AXIS2_PLACEMENT_3D('',#3334,#3335,#3336);
#3334 = CARTESIAN_POINT('',(-38.5,272.,2.5));
#3335 = DIRECTION('',(-0.,-0.,-1.));
#3336 = DIRECTION('',(1.,0.,0.));
#3337 = ADVANCED_FACE('',(#3338),#3355,.F.);
#3338 = FACE_BOUND('',#3339,.F.);
#3339 = EDGE_LOOP('',(#3340,#3341,#3342,#3349));
#3340 = ORIENTED_EDGE('',*,*,#3319,.F.);
#3341 = ORIENTED_EDGE('',*,*,#983,.T.);
#3342 = ORIENTED_EDGE('',*,*,#3343,.T.);
#3343 = EDGE_CURVE('',#984,#3344,#3346,.T.);
#3344 = VERTEX_POINT('',#3345);
#3345 = CARTESIAN_POINT('',(-41.42098003977,208.,2.621680068189));
#3346 = B_SPLINE_CURVE_WITH_KNOTS('',1,(#3347,#3348),.UNSPECIFIED.,.F.,
  .F.,(2,2),(0.,1.),.PIECEWISE_BEZIER_KNOTS.);
#3347 = CARTESIAN_POINT('',(-41.5,208.,2.5));
#3348 = CARTESIAN_POINT('',(-41.1752962034,208.,3.));
#3349 = ORIENTED_EDGE('',*,*,#3350,.T.);
#3350 = EDGE_CURVE('',#3344,#3320,#3351,.T.);
#3351 = LINE('',#3352,#3353);
#3352 = CARTESIAN_POINT('',(-41.42098003977,272.25,2.621680068189));
#3353 = VECTOR('',#3354,1.);
#3354 = DIRECTION('',(0.,1.,0.));
#3355 = PLANE('',#3356);
#3356 = AXIS2_PLACEMENT_3D('',#3357,#3358,#3359);
#3357 = CARTESIAN_POINT('',(-41.1752962034,272.,3.));
#3358 = DIRECTION('',(-0.838670567945,0.,0.544639035015));
#3359 = DIRECTION('',(0.,-1.,0.));
#3360 = ADVANCED_FACE('',(#3361),#3382,.F.);
#3361 = FACE_BOUND('',#3362,.F.);
#3362 = EDGE_LOOP('',(#3363,#3364,#3365,#3375));
#3363 = ORIENTED_EDGE('',*,*,#3343,.F.);
#3364 = ORIENTED_EDGE('',*,*,#1034,.T.);
#3365 = ORIENTED_EDGE('',*,*,#3366,.F.);
#3366 = EDGE_CURVE('',#3367,#1016,#3369,.T.);
#3367 = VERTEX_POINT('',#3368);
#3368 = CARTESIAN_POINT('',(-41.40073792018,207.5,2.586979291742));
#3369 = B_SPLINE_CURVE_WITH_KNOTS('',4,(#3370,#3371,#3372,#3373,#3374),
  .UNSPECIFIED.,.F.,.F.,(5,5),(0.,1.),.PIECEWISE_BEZIER_KNOTS.);
#3370 = CARTESIAN_POINT('',(-41.40073792018,207.5,2.586979291742));
#3371 = CARTESIAN_POINT('',(-41.38783721363,207.3406075051,
    2.564863794803));
#3372 = CARTESIAN_POINT('',(-41.36333832178,207.18209103827,
    2.542884588085));
#3373 = CARTESIAN_POINT('',(-41.32731457189,207.02565721647,
    2.521208664557));
#3374 = CARTESIAN_POINT('',(-41.28006182485,206.87249999999,2.5));
#3375 = ORIENTED_EDGE('',*,*,#3376,.T.);
#3376 = EDGE_CURVE('',#3367,#3344,#3377,.T.);
#3377 = HYPERBOLA('',#3378,51.179223296537,12.616774560952);
#3378 = AXIS2_PLACEMENT_3D('',#3379,#3380,#3381);
#3379 = CARTESIAN_POINT('',(-67.20870776772,208.,46.829213316107));
#3380 = DIRECTION('',(0.863778900898,-0.,0.503871025524));
#3381 = DIRECTION('',(0.503871025524,0.,-0.863778900898));
#3382 = CONICAL_SURFACE('',#3383,3.,0.575958653158);
#3383 = AXIS2_PLACEMENT_3D('',#3384,#3385,#3386);
#3384 = CARTESIAN_POINT('',(-38.5,208.,2.5));
#3385 = DIRECTION('',(-0.,-0.,-1.));
#3386 = DIRECTION('',(1.,0.,0.));
#3387 = ADVANCED_FACE('',(#3388),#3413,.F.);
#3388 = FACE_BOUND('',#3389,.T.);
#3389 = EDGE_LOOP('',(#3390,#3397,#3406,#3411,#3412));
#3390 = ORIENTED_EDGE('',*,*,#3391,.F.);
#3391 = EDGE_CURVE('',#3392,#3367,#3394,.T.);
#3392 = VERTEX_POINT('',#3393);
#3393 = CARTESIAN_POINT('',(-41.64166666666,207.5,3.));
#3394 = B_SPLINE_CURVE_WITH_KNOTS('',1,(#3395,#3396),.UNSPECIFIED.,.F.,
  .F.,(2,2),(0.,1.),.PIECEWISE_BEZIER_KNOTS.);
#3395 = CARTESIAN_POINT('',(-41.7,207.5,3.1));
#3396 = CARTESIAN_POINT('',(-41.,207.5,1.9));
#3397 = ORIENTED_EDGE('',*,*,#3398,.F.);
#3398 = EDGE_CURVE('',#3399,#3392,#3401,.T.);
#3399 = VERTEX_POINT('',#3400);
#3400 = CARTESIAN_POINT('',(-38.5,204.35833333333,3.));
#3401 = CIRCLE('',#3402,3.141666666667);
#3402 = AXIS2_PLACEMENT_3D('',#3403,#3404,#3405);
#3403 = CARTESIAN_POINT('',(-38.5,207.5,3.));
#3404 = DIRECTION('',(0.,0.,-1.));
#3405 = DIRECTION('',(1.,0.,0.));
#3406 = ORIENTED_EDGE('',*,*,#3407,.T.);
#3407 = EDGE_CURVE('',#3399,#1008,#3408,.T.);
#3408 = B_SPLINE_CURVE_WITH_KNOTS('',1,(#3409,#3410),.UNSPECIFIED.,.F.,
  .F.,(2,2),(0.,1.),.PIECEWISE_BEZIER_KNOTS.);
#3409 = CARTESIAN_POINT('',(-38.5,204.3,3.1));
#3410 = CARTESIAN_POINT('',(-38.5,205.,1.9));
#3411 = ORIENTED_EDGE('',*,*,#1015,.F.);
#3412 = ORIENTED_EDGE('',*,*,#3366,.F.);
#3413 = CONICAL_SURFACE('',#3414,3.2,0.528074448426);
#3414 = AXIS2_PLACEMENT_3D('',#3415,#3416,#3417);
#3415 = CARTESIAN_POINT('',(-38.5,207.5,3.1));
#3416 = DIRECTION('',(0.,0.,1.));
#3417 = DIRECTION('',(1.,0.,0.));
#3418 = ADVANCED_FACE('',(#3419),#3436,.T.);
#3419 = FACE_BOUND('',#3420,.T.);
#3420 = EDGE_LOOP('',(#3421,#3422,#3430,#3435));
#3421 = ORIENTED_EDGE('',*,*,#3407,.F.);
#3422 = ORIENTED_EDGE('',*,*,#3423,.F.);
#3423 = EDGE_CURVE('',#3424,#3399,#3426,.T.);
#3424 = VERTEX_POINT('',#3425);
#3425 = CARTESIAN_POINT('',(48.5,204.35833333333,3.));
#3426 = LINE('',#3427,#3428);
#3427 = CARTESIAN_POINT('',(-19.25,204.35833333333,3.));
#3428 = VECTOR('',#3429,1.);
#3429 = DIRECTION('',(-1.,0.,0.));
#3430 = ORIENTED_EDGE('',*,*,#3431,.T.);
#3431 = EDGE_CURVE('',#3424,#1053,#3432,.T.);
#3432 = B_SPLINE_CURVE_WITH_KNOTS('',1,(#3433,#3434),.UNSPECIFIED.,.F.,
  .F.,(2,2),(0.,1.),.PIECEWISE_BEZIER_KNOTS.);
#3433 = CARTESIAN_POINT('',(48.5,204.3,3.1));
#3434 = CARTESIAN_POINT('',(48.5,205.,1.9));
#3435 = ORIENTED_EDGE('',*,*,#1052,.F.);
#3436 = PLANE('',#3437);
#3437 = AXIS2_PLACEMENT_3D('',#3438,#3439,#3440);
#3438 = CARTESIAN_POINT('',(-38.5,205.,1.9));
#3439 = DIRECTION('',(0.,0.863778900898,0.503871025524));
#3440 = DIRECTION('',(1.,0.,0.));
#3441 = ADVANCED_FACE('',(#3442),#3473,.F.);
#3442 = FACE_BOUND('',#3443,.T.);
#3443 = EDGE_LOOP('',(#3444,#3445,#3454,#3461,#3472));
#3444 = ORIENTED_EDGE('',*,*,#3431,.F.);
#3445 = ORIENTED_EDGE('',*,*,#3446,.F.);
#3446 = EDGE_CURVE('',#3447,#3424,#3449,.T.);
#3447 = VERTEX_POINT('',#3448);
#3448 = CARTESIAN_POINT('',(51.641666666667,207.5,3.));
#3449 = CIRCLE('',#3450,3.141666666667);
#3450 = AXIS2_PLACEMENT_3D('',#3451,#3452,#3453);
#3451 = CARTESIAN_POINT('',(48.5,207.5,3.));
#3452 = DIRECTION('',(0.,0.,-1.));
#3453 = DIRECTION('',(1.,0.,0.));
#3454 = ORIENTED_EDGE('',*,*,#3455,.T.);
#3455 = EDGE_CURVE('',#3447,#3456,#3458,.T.);
#3456 = VERTEX_POINT('',#3457);
#3457 = CARTESIAN_POINT('',(51.400737920183,207.5,2.586979291742));
#3458 = B_SPLINE_CURVE_WITH_KNOTS('',1,(#3459,#3460),.UNSPECIFIED.,.F.,
  .F.,(2,2),(0.,1.),.PIECEWISE_BEZIER_KNOTS.);
#3459 = CARTESIAN_POINT('',(51.7,207.5,3.1));
#3460 = CARTESIAN_POINT('',(51.,207.5,1.9));
#3461 = ORIENTED_EDGE('',*,*,#3462,.F.);
#3462 = EDGE_CURVE('',#1077,#3456,#3463,.T.);
#3463 = B_SPLINE_CURVE_WITH_KNOTS('',4,(#3464,#3465,#3466,#3467,#3468,
    #3469,#3470,#3471),.UNSPECIFIED.,.F.,.F.,(5,3,5),(0.,0.501610412454,
    1.),.UNSPECIFIED.);
#3464 = CARTESIAN_POINT('',(51.280061824852,206.87249999999,
    2.499999999999));
#3465 = CARTESIAN_POINT('',(51.303764295882,206.94932525808,
    2.510638487468));
#3466 = CARTESIAN_POINT('',(51.324641462446,207.02697488866,
    2.521394535131));
#3467 = CARTESIAN_POINT('',(51.342655833691,207.10529837344,
    2.532247469719));
#3468 = CARTESIAN_POINT('',(51.372815544024,207.2624835194,
    2.554035128618));
#3469 = CARTESIAN_POINT('',(51.384997811591,207.34133852542,
    2.564968884241));
#3470 = CARTESIAN_POINT('',(51.394308338786,207.42056039592,
    2.575957152205));
#3471 = CARTESIAN_POINT('',(51.400737920185,207.5,2.586979291746));
#3472 = ORIENTED_EDGE('',*,*,#1085,.F.);
#3473 = CONICAL_SURFACE('',#3474,3.2,0.528074448426);
#3474 = AXIS2_PLACEMENT_3D('',#3475,#3476,#3477);
#3475 = CARTESIAN_POINT('',(48.5,207.5,3.1));
#3476 = DIRECTION('',(0.,0.,1.));
#3477 = DIRECTION('',(1.,0.,0.));
#3478 = ADVANCED_FACE('',(#3479),#3491,.F.);
#3479 = FACE_BOUND('',#3480,.F.);
#3480 = EDGE_LOOP('',(#3481,#3482,#3483,#3484));
#3481 = ORIENTED_EDGE('',*,*,#3462,.F.);
#3482 = ORIENTED_EDGE('',*,*,#1076,.T.);
#3483 = ORIENTED_EDGE('',*,*,#3172,.T.);
#3484 = ORIENTED_EDGE('',*,*,#3485,.T.);
#3485 = EDGE_CURVE('',#3173,#3456,#3486,.T.);
#3486 = HYPERBOLA('',#3487,51.179223296537,12.616774560952);
#3487 = AXIS2_PLACEMENT_3D('',#3488,#3489,#3490);
#3488 = CARTESIAN_POINT('',(77.208707767729,208.,46.829213316107));
#3489 = DIRECTION('',(-0.863778900898,0.,0.503871025524));
#3490 = DIRECTION('',(-0.503871025524,0.,-0.863778900898));
#3491 = CONICAL_SURFACE('',#3492,3.,0.575958653158);
#3492 = AXIS2_PLACEMENT_3D('',#3493,#3494,#3495);
#3493 = CARTESIAN_POINT('',(48.5,208.,2.5));
#3494 = DIRECTION('',(-0.,-0.,-1.));
#3495 = DIRECTION('',(1.,0.,0.));
#3496 = ADVANCED_FACE('',(#3497),#3565,.T.);
#3497 = FACE_BOUND('',#3498,.T.);
#3498 = EDGE_LOOP('',(#3499,#3500,#3501,#3509,#3518,#3526,#3534,#3542,
    #3550,#3558));
#3499 = ORIENTED_EDGE('',*,*,#1116,.T.);
#3500 = ORIENTED_EDGE('',*,*,#1789,.T.);
#3501 = ORIENTED_EDGE('',*,*,#3502,.F.);
#3502 = EDGE_CURVE('',#3503,#1782,#3505,.T.);
#3503 = VERTEX_POINT('',#3504);
#3504 = CARTESIAN_POINT('',(-42.08662713929,196.05,-70.5));
#3505 = LINE('',#3506,#3507);
#3506 = CARTESIAN_POINT('',(-49.25916979427,196.05,-70.5));
#3507 = VECTOR('',#3508,1.);
#3508 = DIRECTION('',(1.,0.,0.));
#3509 = ORIENTED_EDGE('',*,*,#3510,.F.);
#3510 = EDGE_CURVE('',#3511,#3503,#3513,.T.);
#3511 = VERTEX_POINT('',#3512);
#3512 = CARTESIAN_POINT('',(-45.22465395195,192.15,-70.5));
#3513 = ELLIPSE('',#3514,4.034515842321,4.);
#3514 = AXIS2_PLACEMENT_3D('',#3515,#3516,#3517);
#3515 = CARTESIAN_POINT('',(-41.19013810963,192.15,-70.5));
#3516 = DIRECTION('',(7.9E-16,2.840166546292E-48,-1.));
#3517 = DIRECTION('',(-1.,-3.37E-15,-7.9E-16));
#3518 = ORIENTED_EDGE('',*,*,#3519,.T.);
#3519 = EDGE_CURVE('',#3511,#3520,#3522,.T.);
#3520 = VERTEX_POINT('',#3521);
#3521 = CARTESIAN_POINT('',(-45.22465395195,175.,-70.5));
#3522 = LINE('',#3523,#3524);
#3523 = CARTESIAN_POINT('',(-45.22465395195,199.75,-70.5));
#3524 = VECTOR('',#3525,1.);
#3525 = DIRECTION('',(0.,-1.,2.2E-16));
#3526 = ORIENTED_EDGE('',*,*,#3527,.T.);
#3527 = EDGE_CURVE('',#3520,#3528,#3530,.T.);
#3528 = VERTEX_POINT('',#3529);
#3529 = CARTESIAN_POINT('',(-49.25916979427,175.,-70.5));
#3530 = LINE('',#3531,#3532);
#3531 = CARTESIAN_POINT('',(-51.6507988865,175.,-70.5));
#3532 = VECTOR('',#3533,1.);
#3533 = DIRECTION('',(-1.,-0.,-7.9E-16));
#3534 = ORIENTED_EDGE('',*,*,#3535,.F.);
#3535 = EDGE_CURVE('',#3536,#3528,#3538,.T.);
#3536 = VERTEX_POINT('',#3537);
#3537 = CARTESIAN_POINT('',(-49.25916979427,225.,-70.5));
#3538 = LINE('',#3539,#3540);
#3539 = CARTESIAN_POINT('',(-49.25916979427,199.75,-70.5));
#3540 = VECTOR('',#3541,1.);
#3541 = DIRECTION('',(0.,-1.,2.2E-16));
#3542 = ORIENTED_EDGE('',*,*,#3543,.T.);
#3543 = EDGE_CURVE('',#3536,#3544,#3546,.T.);
#3544 = VERTEX_POINT('',#3545);
#3545 = CARTESIAN_POINT('',(-45.22465395195,225.,-70.5));
#3546 = LINE('',#3547,#3548);
#3547 = CARTESIAN_POINT('',(-51.6507988865,225.,-70.5));
#3548 = VECTOR('',#3549,1.);
#3549 = DIRECTION('',(1.,0.,7.9E-16));
#3550 = ORIENTED_EDGE('',*,*,#3551,.T.);
#3551 = EDGE_CURVE('',#3544,#3552,#3554,.T.);
#3552 = VERTEX_POINT('',#3553);
#3553 = CARTESIAN_POINT('',(-45.22465395195,207.85,-70.5));
#3554 = LINE('',#3555,#3556);
#3555 = CARTESIAN_POINT('',(-45.22465395195,279.75,-70.5));
#3556 = VECTOR('',#3557,1.);
#3557 = DIRECTION('',(0.,-1.,2.2E-16));
#3558 = ORIENTED_EDGE('',*,*,#3559,.F.);
#3559 = EDGE_CURVE('',#1117,#3552,#3560,.T.);
#3560 = ELLIPSE('',#3561,4.034515842321,4.);
#3561 = AXIS2_PLACEMENT_3D('',#3562,#3563,#3564);
#3562 = CARTESIAN_POINT('',(-41.19013810963,207.85,-70.5));
#3563 = DIRECTION('',(7.9E-16,0.,-1.));
#3564 = DIRECTION('',(-1.,0.,-7.9E-16));
#3565 = PLANE('',#3566);
#3566 = AXIS2_PLACEMENT_3D('',#3567,#3568,#3569);
#3567 = CARTESIAN_POINT('',(-40.98594672538,200.,-70.5));
#3568 = DIRECTION('',(-0.,-0.,-1.));
#3569 = DIRECTION('',(-1.,0.,0.));
#3570 = ADVANCED_FACE('',(#3571),#3699,.F.);
#3571 = FACE_BOUND('',#3572,.F.);
#3572 = EDGE_LOOP('',(#3573,#3580,#3697,#3698));
#3573 = ORIENTED_EDGE('',*,*,#3574,.F.);
#3574 = EDGE_CURVE('',#3575,#1797,#3577,.T.);
#3575 = VERTEX_POINT('',#3576);
#3576 = CARTESIAN_POINT('',(57.58,206.85,-0.8));
#3577 = B_SPLINE_CURVE_WITH_KNOTS('',1,(#3578,#3579),.UNSPECIFIED.,.F.,
  .F.,(2,2),(0.,1.),.PIECEWISE_BEZIER_KNOTS.);
#3578 = CARTESIAN_POINT('',(57.5,206.85,-4.172E-14));
#3579 = CARTESIAN_POINT('',(59.236769795071,206.85,-17.3676979507));
#3580 = ORIENTED_EDGE('',*,*,#3581,.F.);
#3581 = EDGE_CURVE('',#1167,#3575,#3582,.T.);
#3582 = B_SPLINE_CURVE_WITH_KNOTS('',5,(#3583,#3584,#3585,#3586,#3587,
    #3588,#3589,#3590,#3591,#3592,#3593,#3594,#3595,#3596,#3597,#3598,
    #3599,#3600,#3601,#3602,#3603,#3604,#3605,#3606,#3607,#3608,#3609,
    #3610,#3611,#3612,#3613,#3614,#3615,#3616,#3617,#3618,#3619,#3620,
    #3621,#3622,#3623,#3624,#3625,#3626,#3627,#3628,#3629,#3630,#3631,
    #3632,#3633,#3634,#3635,#3636,#3637,#3638,#3639,#3640,#3641,#3642,
    #3643,#3644,#3645,#3646,#3647,#3648,#3649,#3650,#3651,#3652,#3653,
    #3654,#3655,#3656,#3657,#3658,#3659,#3660,#3661,#3662,#3663,#3664,
    #3665,#3666,#3667,#3668,#3669,#3670,#3671,#3672,#3673,#3674,#3675,
    #3676,#3677,#3678,#3679,#3680,#3681,#3682,#3683,#3684,#3685,#3686,
    #3687,#3688,#3689,#3690,#3691,#3692,#3693,#3694,#3695,#3696),
  .UNSPECIFIED.,.F.,.F.,(6,4,4,4,4,4,4,4,4,4,4,4,4,4,4,4,4,4,4,4,4,4,4,4
    ,4,4,4,4,6),(0.,2.900002480881E-02,5.600004814035E-02,
    8.500007349852E-02,0.106000092083,0.135000117957,0.164000144023,
    0.191000168371,0.217000191792,0.246000217776,0.273000241789,
    0.300000265587,0.324000286567,0.348000307395,0.368000324667,
    0.397000349595,0.426000374508,0.453000397786,0.480000421207,
    0.509000446571,0.535000469537,0.5610004927,0.588000516919,
    0.613000539447,0.642000565587,0.668000588961,0.75600065689,
    0.782000679282,1.),.UNSPECIFIED.);
#3583 = CARTESIAN_POINT('',(55.348112739064,203.94999951361,-0.8));
#3584 = CARTESIAN_POINT('',(55.370178486757,203.95584398876,-0.8));
#3585 = CARTESIAN_POINT('',(55.392188647217,203.96189833344,-0.8));
#3586 = CARTESIAN_POINT('',(55.414140558581,203.96816184259,-0.8));
#3587 = CARTESIAN_POINT('',(55.436031573351,203.97463376083,-0.8));
#3588 = CARTESIAN_POINT('',(55.478181199835,203.98753214733,-0.8));
#3589 = CARTESIAN_POINT('',(55.498448272321,203.99393096813,-0.8));
#3590 = CARTESIAN_POINT('',(55.518658150859,204.0005090945,-0.8));
#3591 = CARTESIAN_POINT('',(55.538808722626,204.00726583873,-0.8));
#3592 = CARTESIAN_POINT('',(55.580475137806,204.02164878959,-0.8));
#3593 = CARTESIAN_POINT('',(55.601981547128,204.02930232686,-0.8));
#3594 = CARTESIAN_POINT('',(55.623414512012,204.03716018902,-0.8));
#3595 = CARTESIAN_POINT('',(55.64477144755,204.04522142837,-0.8));
#3596 = CARTESIAN_POINT('',(55.681458239631,204.05946904856,-0.8));
#3597 = CARTESIAN_POINT('',(55.696825478542,204.06555917245,-0.8));
#3598 = CARTESIAN_POINT('',(55.712150528973,204.0717550412,-0.8));
#3599 = CARTESIAN_POINT('',(55.727432421697,204.07805626296,-0.8));
#3600 = CARTESIAN_POINT('',(55.763712829446,204.0933090477,-0.8));
#3601 = CARTESIAN_POINT('',(55.784671325121,204.10235580152,-0.8));
#3602 = CARTESIAN_POINT('',(55.805543141469,204.11160162676,-0.8));
#3603 = CARTESIAN_POINT('',(55.826325761261,204.12104540834,-0.8));
#3604 = CARTESIAN_POINT('',(55.867707615834,204.14032655829,-0.8));
#3605 = CARTESIAN_POINT('',(55.888306850876,204.15016392679,-0.8));
#3606 = CARTESIAN_POINT('',(55.908811897591,204.16019692579,-0.8));
#3607 = CARTESIAN_POINT('',(55.929220282982,204.17042434527,-0.8));
#3608 = CARTESIAN_POINT('',(55.968438191627,204.19054685019,-0.8));
#3609 = CARTESIAN_POINT('',(55.987260914208,204.20041621123,-0.8));
#3610 = CARTESIAN_POINT('',(56.00599574762,204.21045199679,-0.8));
#3611 = CARTESIAN_POINT('',(56.024640733247,204.2206531577,-0.8));
#3612 = CARTESIAN_POINT('',(56.061059973378,204.24100015678,-0.8));
#3613 = CARTESIAN_POINT('',(56.078840901225,204.25113405067,-0.8));
#3614 = CARTESIAN_POINT('',(56.096534982258,204.2614193239,-0.8));
#3615 = CARTESIAN_POINT('',(56.114140501145,204.27185497938,-0.8));
#3616 = CARTESIAN_POINT('',(56.151192009229,204.29424634951,-0.8));
#3617 = CARTESIAN_POINT('',(56.170615967606,204.3062385195,-0.8));
#3618 = CARTESIAN_POINT('',(56.189925277966,204.31841507648,-0.8));
#3619 = CARTESIAN_POINT('',(56.209117611522,204.3307745519,-0.8));
#3620 = CARTESIAN_POINT('',(56.245948340048,204.35499142549,-0.8));
#3621 = CARTESIAN_POINT('',(56.263602619984,204.36682466513,-0.8));
#3622 = CARTESIAN_POINT('',(56.281151650388,204.37881393092,-0.8));
#3623 = CARTESIAN_POINT('',(56.298593596614,204.39095796946,-0.8));
#3624 = CARTESIAN_POINT('',(56.333259695678,204.41555302013,-0.8));
#3625 = CARTESIAN_POINT('',(56.350483848681,204.42800403237,-0.8));
#3626 = CARTESIAN_POINT('',(56.36759729278,204.44060724567,-0.8));
#3627 = CARTESIAN_POINT('',(56.384598238866,204.45336134244,-0.8));
#3628 = CARTESIAN_POINT('',(56.416495305324,204.47773486749,-0.8));
#3629 = CARTESIAN_POINT('',(56.431415407094,204.48932291215,-0.8));
#3630 = CARTESIAN_POINT('',(56.446243986353,204.50102815974,-0.8));
#3631 = CARTESIAN_POINT('',(56.460979818202,204.51284964336,-0.8));
#3632 = CARTESIAN_POINT('',(56.49026356763,204.53672311025,-0.8));
#3633 = CARTESIAN_POINT('',(56.504811485298,204.54877509358,-0.8));
#3634 = CARTESIAN_POINT('',(56.519264236288,204.56094134065,-0.8));
#3635 = CARTESIAN_POINT('',(56.533620626747,204.57322084647,-0.8));
#3636 = CARTESIAN_POINT('',(56.559761855168,204.59593903792,-0.8));
#3637 = CARTESIAN_POINT('',(56.571576496628,204.60634342956,-0.8));
#3638 = CARTESIAN_POINT('',(56.58332272131,204.61682516975,-0.8));
#3639 = CARTESIAN_POINT('',(56.594999855394,204.62738365722,-0.8));
#3640 = CARTESIAN_POINT('',(56.623437930331,204.65343848748,-0.8));
#3641 = CARTESIAN_POINT('',(56.640121964751,204.66901877161,-0.8));
#3642 = CARTESIAN_POINT('',(56.656657305864,204.68475727403,-0.8));
#3643 = CARTESIAN_POINT('',(56.673041959438,204.70065209662,-0.8));
#3644 = CARTESIAN_POINT('',(56.705505975249,204.73275050998,-0.8));
#3645 = CARTESIAN_POINT('',(56.721585337692,204.74895410096,-0.8));
#3646 = CARTESIAN_POINT('',(56.737510096559,204.76531014017,-0.8));
#3647 = CARTESIAN_POINT('',(56.753278331255,204.78181665501,-0.8));
#3648 = CARTESIAN_POINT('',(56.783421446389,204.81397799827,-0.8));
#3649 = CARTESIAN_POINT('',(56.797817422832,204.82961305488,-0.8));
#3650 = CARTESIAN_POINT('',(56.812074568359,204.8453751847,-0.8));
#3651 = CARTESIAN_POINT('',(56.82619139247,204.8612627399,-0.8));
#3652 = CARTESIAN_POINT('',(56.854141475308,204.89328535266,-0.8));
#3653 = CARTESIAN_POINT('',(56.867974734167,204.90942041037,-0.8));
#3654 = CARTESIAN_POINT('',(56.881664749119,204.92567754514,-0.8));
#3655 = CARTESIAN_POINT('',(56.895210088956,204.94205505738,-0.8));
#3656 = CARTESIAN_POINT('',(56.923001154334,204.97626932519,-0.8));
#3657 = CARTESIAN_POINT('',(56.937224437601,204.99412431016,-0.8));
#3658 = CARTESIAN_POINT('',(56.951277466243,205.01211403966,-0.8));
#3659 = CARTESIAN_POINT('',(56.965158545407,205.03023634406,-0.8));
#3660 = CARTESIAN_POINT('',(56.991155482954,205.06485349103,-0.8));
#3661 = CARTESIAN_POINT('',(57.003305401509,205.08132275523,-0.8));
#3662 = CARTESIAN_POINT('',(57.015314585558,205.09789522732,-0.8));
#3663 = CARTESIAN_POINT('',(57.027181870885,205.1145693007,-0.8));
#3664 = CARTESIAN_POINT('',(57.05063037055,205.14811739728,-0.8));
#3665 = CARTESIAN_POINT('',(57.062211584982,205.16499142061,-0.8));
#3666 = CARTESIAN_POINT('',(57.073648627155,205.18196379246,-0.8));
#3667 = CARTESIAN_POINT('',(57.084940388319,205.19903286745,-0.8));
#3668 = CARTESIAN_POINT('',(57.107659856526,205.23402125352,-0.8));
#3669 = CARTESIAN_POINT('',(57.119076088569,205.25194801602,-0.8));
#3670 = CARTESIAN_POINT('',(57.130333273659,205.26997540501,-0.8));
#3671 = CARTESIAN_POINT('',(57.141430234925,205.28810153584,-0.8));
#3672 = CARTESIAN_POINT('',(57.162491378868,205.32319762082,-0.8));
#3673 = CARTESIAN_POINT('',(57.172478582476,205.34015376032,-0.8));
#3674 = CARTESIAN_POINT('',(57.182326531976,205.35719140888,-0.8));
#3675 = CARTESIAN_POINT('',(57.19203434469,205.37430903941,-0.8));
#3676 = CARTESIAN_POINT('',(57.212698672202,205.41145255262,-0.8));
#3677 = CARTESIAN_POINT('',(57.223606459442,205.43150554452,-0.8));
#3678 = CARTESIAN_POINT('',(57.234323185973,205.45166167969,-0.8));
#3679 = CARTESIAN_POINT('',(57.244847559308,205.47191852723,-0.8));
#3680 = CARTESIAN_POINT('',(57.264440406333,205.51052303553,-0.8));
#3681 = CARTESIAN_POINT('',(57.273546863357,205.52885141896,-0.8));
#3682 = CARTESIAN_POINT('',(57.282496806201,205.54725701242,-0.8));
#3683 = CARTESIAN_POINT('',(57.291289367218,205.56573803158,-0.8));
#3684 = CARTESIAN_POINT('',(57.329147632171,205.6470930089,-0.8));
#3685 = CARTESIAN_POINT('',(57.356559073272,205.71073681374,-0.8));
#3686 = CARTESIAN_POINT('',(57.38212553154,205.77515424285,-0.8));
#3687 = CARTESIAN_POINT('',(57.405818634392,205.84027380871,-0.8));
#3688 = CARTESIAN_POINT('',(57.434053718691,205.92544810283,-0.8));
#3689 = CARTESIAN_POINT('',(57.440327652975,205.94492873199,-0.8));
#3690 = CARTESIAN_POINT('',(57.446435316071,205.9644623892,-0.8));
#3691 = CARTESIAN_POINT('',(57.452376115879,205.98404718077,-0.8));
#3692 = CARTESIAN_POINT('',(57.506556843322,206.16830427264,-0.8));
#3693 = CARTESIAN_POINT('',(57.543194811723,206.33639133149,-0.8));
#3694 = CARTESIAN_POINT('',(57.567731426913,206.50681168419,-0.8));
#3695 = CARTESIAN_POINT('',(57.58,206.67840738229,-0.8));
#3696 = CARTESIAN_POINT('',(57.58,206.85,-0.8));
#3697 = ORIENTED_EDGE('',*,*,#1174,.T.);
#3698 = ORIENTED_EDGE('',*,*,#1796,.T.);
#3699 = B_SPLINE_SURFACE_WITH_KNOTS('',8,1,(
    (#3700,#3701)
    ,(#3702,#3703)
    ,(#3704,#3705)
    ,(#3706,#3707)
    ,(#3708,#3709)
    ,(#3710,#3711)
    ,(#3712,#3713)
    ,(#3714,#3715)
    ,(#3716,#3717
    )),.UNSPECIFIED.,.F.,.F.,.F.,(9,9),(2,2),(8.99E-14,1.570796326795),(
    0.,1.),.PIECEWISE_BEZIER_KNOTS.);
#3700 = CARTESIAN_POINT('',(57.5,206.85,-4.172E-14));
#3701 = CARTESIAN_POINT('',(59.236769795071,206.85,-17.3676979507));
#3702 = CARTESIAN_POINT('',(57.5,206.26095137745,-4.198E-14));
#3703 = CARTESIAN_POINT('',(59.236769795071,206.26095137745,
    -17.3676979507));
#3704 = CARTESIAN_POINT('',(57.367817633117,205.67190256948,-4.224E-14)
  );
#3705 = CARTESIAN_POINT('',(59.104587428187,205.67190256948,
    -17.36769795071));
#3706 = CARTESIAN_POINT('',(57.103454197613,205.11746029699,-4.249E-14)
  );
#3707 = CARTESIAN_POINT('',(58.840223992685,205.11746029699,
    -17.3676979507));
#3708 = CARTESIAN_POINT('',(56.71777626734,204.63222373266,-4.271E-14));
#3709 = CARTESIAN_POINT('',(58.454546062411,204.63222373266,
    -17.36769795071));
#3710 = CARTESIAN_POINT('',(56.232539703005,204.24654580238,-4.288E-14)
  );
#3711 = CARTESIAN_POINT('',(57.969309498076,204.24654580238,
    -17.3676979507));
#3712 = CARTESIAN_POINT('',(55.678097430513,203.98218236688,-4.3E-14));
#3713 = CARTESIAN_POINT('',(57.414867225584,203.98218236688,
    -17.36769795071));
#3714 = CARTESIAN_POINT('',(55.089048622548,203.85,-4.305E-14));
#3715 = CARTESIAN_POINT('',(56.825818417619,203.85,-17.3676979507));
#3716 = CARTESIAN_POINT('',(54.5,203.85,-4.305E-14));
#3717 = CARTESIAN_POINT('',(56.236769795071,203.85,-17.3676979507));
#3718 = ADVANCED_FACE('',(#3719),#3871,.F.);
#3719 = FACE_BOUND('',#3720,.F.);
#3720 = EDGE_LOOP('',(#3721,#3729,#3730,#3731,#3738,#3865));
#3721 = ORIENTED_EDGE('',*,*,#3722,.T.);
#3722 = EDGE_CURVE('',#3723,#1159,#3725,.T.);
#3723 = VERTEX_POINT('',#3724);
#3724 = CARTESIAN_POINT('',(53.5,276.1,-0.8));
#3725 = LINE('',#3726,#3727);
#3726 = CARTESIAN_POINT('',(53.5,258.575,-0.8));
#3727 = VECTOR('',#3728,1.);
#3728 = DIRECTION('',(-2.2E-16,-1.,0.));
#3729 = ORIENTED_EDGE('',*,*,#1166,.T.);
#3730 = ORIENTED_EDGE('',*,*,#3581,.T.);
#3731 = ORIENTED_EDGE('',*,*,#3732,.T.);
#3732 = EDGE_CURVE('',#3575,#3733,#3735,.T.);
#3733 = VERTEX_POINT('',#3734);
#3734 = CARTESIAN_POINT('',(57.58,273.15,-0.8));
#3735 = B_SPLINE_CURVE_WITH_KNOTS('',1,(#3736,#3737),.UNSPECIFIED.,.F.,
  .F.,(2,2),(0.,1.),.PIECEWISE_BEZIER_KNOTS.);
#3736 = CARTESIAN_POINT('',(57.58,205.86349253935,-0.8));
#3737 = CARTESIAN_POINT('',(57.58,274.13650746064,-0.8));
#3738 = ORIENTED_EDGE('',*,*,#3739,.F.);
#3739 = EDGE_CURVE('',#3740,#3733,#3742,.T.);
#3740 = VERTEX_POINT('',#3741);
#3741 = CARTESIAN_POINT('',(55.125435592383,276.1,-0.8));
#3742 = B_SPLINE_CURVE_WITH_KNOTS('',5,(#3743,#3744,#3745,#3746,#3747,
    #3748,#3749,#3750,#3751,#3752,#3753,#3754,#3755,#3756,#3757,#3758,
    #3759,#3760,#3761,#3762,#3763,#3764,#3765,#3766,#3767,#3768,#3769,
    #3770,#3771,#3772,#3773,#3774,#3775,#3776,#3777,#3778,#3779,#3780,
    #3781,#3782,#3783,#3784,#3785,#3786,#3787,#3788,#3789,#3790,#3791,
    #3792,#3793,#3794,#3795,#3796,#3797,#3798,#3799,#3800,#3801,#3802,
    #3803,#3804,#3805,#3806,#3807,#3808,#3809,#3810,#3811,#3812,#3813,
    #3814,#3815,#3816,#3817,#3818,#3819,#3820,#3821,#3822,#3823,#3824,
    #3825,#3826,#3827,#3828,#3829,#3830,#3831,#3832,#3833,#3834,#3835,
    #3836,#3837,#3838,#3839,#3840,#3841,#3842,#3843,#3844,#3845,#3846,
    #3847,#3848,#3849,#3850,#3851,#3852,#3853,#3854,#3855,#3856,#3857,
    #3858,#3859,#3860,#3861,#3862,#3863,#3864),.UNSPECIFIED.,.F.,.F.,(6,
    4,4,4,4,4,4,4,4,4,4,4,4,4,4,4,4,4,4,4,4,4,4,4,4,4,4,4,4,4,6),(0.,
    3.600004415804E-02,6.500007986195E-02,9.400011501131E-02,
    0.113000137778,0.137000166289,0.16600020059,0.195000235034,
    0.221000266214,0.250000301333,0.279000336798,0.307000371262,
    0.336000407002,0.362000438985,0.389000472001,0.418000507161,
    0.442000536068,0.468000567183,0.49700060172,0.525000635061,
    0.554000669701,0.582000703379,0.601000726422,0.630000761777,
    0.659000797381,0.676000818362,0.700000847976,0.750000908216,
    0.773000936138,0.798000966199,1.),.UNSPECIFIED.);
#3743 = CARTESIAN_POINT('',(54.58,276.15,-0.8));
#3744 = CARTESIAN_POINT('',(54.613929201109,276.15,-0.8));
#3745 = CARTESIAN_POINT('',(54.647858403332,276.1495203366,-0.8));
#3746 = CARTESIAN_POINT('',(54.681778562077,276.1485610102,-0.8));
#3747 = CARTESIAN_POINT('',(54.715680640007,276.14712227661,-0.8));
#3748 = CARTESIAN_POINT('',(54.776843775056,276.14365988992,-0.8));
#3749 = CARTESIAN_POINT('',(54.804114351307,276.14180436768,-0.8));
#3750 = CARTESIAN_POINT('',(54.831362615969,276.13963834759,-0.8));
#3751 = CARTESIAN_POINT('',(54.858583857752,276.13716220418,-0.8));
#3752 = CARTESIAN_POINT('',(54.912962889524,276.13159063443,-0.8));
#3753 = CARTESIAN_POINT('',(54.940120680221,276.12849520803,-0.8));
#3754 = CARTESIAN_POINT('',(54.967242043232,276.12509062192,-0.8));
#3755 = CARTESIAN_POINT('',(54.99432228921,276.12137746476,-0.8));
#3756 = CARTESIAN_POINT('',(55.039068969802,276.11472196229,-0.8));
#3757 = CARTESIAN_POINT('',(55.056761540908,276.11195533669,-0.8));
#3758 = CARTESIAN_POINT('',(55.074433140671,276.10905675075,-0.8));
#3759 = CARTESIAN_POINT('',(55.09208245744,276.10602641962,-0.8));
#3760 = CARTESIAN_POINT('',(55.131972256649,276.09887067284,-0.8));
#3761 = CARTESIAN_POINT('',(55.154198688991,276.09466693375,-0.8));
#3762 = CARTESIAN_POINT('',(55.176384842548,276.0902538338,-0.8));
#3763 = CARTESIAN_POINT('',(55.198528089917,276.08563189561,-0.8));
#3764 = CARTESIAN_POINT('',(55.247327229461,276.0749651945,-0.8));
#3765 = CARTESIAN_POINT('',(55.2739621781,276.06882461459,-0.8));
#3766 = CARTESIAN_POINT('',(55.300526041128,276.06238096107,-0.8));
#3767 = CARTESIAN_POINT('',(55.327014225586,276.05563534806,-0.8));
#3768 = CARTESIAN_POINT('',(55.379830102331,276.04154264049,-0.8));
#3769 = CARTESIAN_POINT('',(55.406157795304,276.03419554575,-0.8));
#3770 = CARTESIAN_POINT('',(55.432400675236,276.02654892881,-0.8));
#3771 = CARTESIAN_POINT('',(55.458554204669,276.01860411179,-0.8));
#3772 = CARTESIAN_POINT('',(55.507977720022,276.00297350689,-0.8));
#3773 = CARTESIAN_POINT('',(55.531266120849,275.99534594456,-0.8));
#3774 = CARTESIAN_POINT('',(55.554475830656,275.98748086041,-0.8));
#3775 = CARTESIAN_POINT('',(55.577603623683,275.97937934755,-0.8));
#3776 = CARTESIAN_POINT('',(55.626347739544,275.96174384582,-0.8));
#3777 = CARTESIAN_POINT('',(55.651943286566,275.95215243145,-0.8));
#3778 = CARTESIAN_POINT('',(55.677428492183,275.94226993018,-0.8));
#3779 = CARTESIAN_POINT('',(55.702798949939,275.93209805074,-0.8));
#3780 = CARTESIAN_POINT('',(55.753301634968,275.91117915355,-0.8));
#3781 = CARTESIAN_POINT('',(55.778433862894,275.90043213552,-0.8));
#3782 = CARTESIAN_POINT('',(55.803442608557,275.88939935723,-0.8));
#3783 = CARTESIAN_POINT('',(55.828323547884,275.87808272628,-0.8));
#3784 = CARTESIAN_POINT('',(55.87696784411,275.85528571866,-0.8));
#3785 = CARTESIAN_POINT('',(55.900740153964,275.84382444428,-0.8));
#3786 = CARTESIAN_POINT('',(55.924385476988,275.83210223126,-0.8));
#3787 = CARTESIAN_POINT('',(55.947900001911,275.82012096905,-0.8));
#3788 = CARTESIAN_POINT('',(55.995494914623,275.79520720926,-0.8));
#3789 = CARTESIAN_POINT('',(56.01956551938,275.78225602091,-0.8));
#3790 = CARTESIAN_POINT('',(56.043487585018,275.76903125823,-0.8));
#3791 = CARTESIAN_POINT('',(56.067256975352,275.75553520783,-0.8));
#3792 = CARTESIAN_POINT('',(56.112039551207,275.72942925435,-0.8));
#3793 = CARTESIAN_POINT('',(56.133083492566,275.71687210921,-0.8));
#3794 = CARTESIAN_POINT('',(56.153998487279,275.70410053078,-0.8));
#3795 = CARTESIAN_POINT('',(56.174781628512,275.69111629411,-0.8));
#3796 = CARTESIAN_POINT('',(56.216872632583,275.66421867081,-0.8));
#3797 = CARTESIAN_POINT('',(56.238169933134,275.65028875486,-0.8));
#3798 = CARTESIAN_POINT('',(56.259318732588,275.63613354006,-0.8));
#3799 = CARTESIAN_POINT('',(56.28031586119,275.62175514796,-0.8));
#3800 = CARTESIAN_POINT('',(56.32354440345,275.59147495134,-0.8));
#3801 = CARTESIAN_POINT('',(56.345752035594,275.57553919485,-0.8));
#3802 = CARTESIAN_POINT('',(56.367777218647,275.5593512101,-0.8));
#3803 = CARTESIAN_POINT('',(56.389616144399,275.54291379602,-0.8));
#3804 = CARTESIAN_POINT('',(56.429181419143,275.51242242513,-0.8));
#3805 = CARTESIAN_POINT('',(56.446967638198,275.49844615426,-0.8));
#3806 = CARTESIAN_POINT('',(56.464621603309,275.48430266121,-0.8));
#3807 = CARTESIAN_POINT('',(56.482141223797,275.46999362094,-0.8));
#3808 = CARTESIAN_POINT('',(56.518356258575,275.43984180204,-0.8));
#3809 = CARTESIAN_POINT('',(56.537027991946,275.42397057996,-0.8));
#3810 = CARTESIAN_POINT('',(56.555537022644,275.40790926129,-0.8));
#3811 = CARTESIAN_POINT('',(56.573880778224,275.39166007829,-0.8));
#3812 = CARTESIAN_POINT('',(56.612329910725,275.35689423454,-0.8));
#3813 = CARTESIAN_POINT('',(56.63239433052,275.33833227659,-0.8));
#3814 = CARTESIAN_POINT('',(56.65224648472,275.3195426125,-0.8));
#3815 = CARTESIAN_POINT('',(56.67188294084,275.30052849103,-0.8));
#3816 = CARTESIAN_POINT('',(56.710048174445,275.26272127183,-0.8));
#3817 = CARTESIAN_POINT('',(56.728591799255,275.24394316109,-0.8));
#3818 = CARTESIAN_POINT('',(56.746928191988,275.22496190143,-0.8));
#3819 = CARTESIAN_POINT('',(56.76505439709,275.20578055234,-0.8));
#3820 = CARTESIAN_POINT('',(56.80152041019,275.16633184158,-0.8));
#3821 = CARTESIAN_POINT('',(56.819844727157,275.14605015927,-0.8));
#3822 = CARTESIAN_POINT('',(56.837937268258,275.1255606628,-0.8));
#3823 = CARTESIAN_POINT('',(56.855794905252,275.10486689486,-0.8));
#3824 = CARTESIAN_POINT('',(56.890426700717,275.0637985412,-0.8));
#3825 = CARTESIAN_POINT('',(56.90721698711,275.04343755484,-0.8));
#3826 = CARTESIAN_POINT('',(56.923782706798,275.02289276313,-0.8));
#3827 = CARTESIAN_POINT('',(56.940121189637,275.00216747756,-0.8));
#3828 = CARTESIAN_POINT('',(56.967160707164,274.96708129059,-0.8));
#3829 = CARTESIAN_POINT('',(56.977985746873,274.95281595446,-0.8));
#3830 = CARTESIAN_POINT('',(56.988704145991,274.93847011293,-0.8));
#3831 = CARTESIAN_POINT('',(56.999315108958,274.92404483079,-0.8));
#3832 = CARTESIAN_POINT('',(57.02584836501,274.88740404058,-0.8));
#3833 = CARTESIAN_POINT('',(57.041626770285,274.86508433633,-0.8));
#3834 = CARTESIAN_POINT('',(57.057150299268,274.84258590088,-0.8));
#3835 = CARTESIAN_POINT('',(57.072416267905,274.81991262425,-0.8));
#3836 = CARTESIAN_POINT('',(57.102427893718,274.77422429079,-0.8));
#3837 = CARTESIAN_POINT('',(57.117173551279,274.75120923337,-0.8));
#3838 = CARTESIAN_POINT('',(57.131656458002,274.72802723654,-0.8));
#3839 = CARTESIAN_POINT('',(57.145874109755,274.70468230852,-0.8));
#3840 = CARTESIAN_POINT('',(57.168001670559,274.66740042838,-0.8));
#3841 = CARTESIAN_POINT('',(57.176087266518,274.65356774961,-0.8));
#3842 = CARTESIAN_POINT('',(57.184080395607,274.63968129706,-0.8));
#3843 = CARTESIAN_POINT('',(57.191980582868,274.62574189588,-0.8));
#3844 = CARTESIAN_POINT('',(57.210808702937,274.5919976458,-0.8));
#3845 = CARTESIAN_POINT('',(57.221643876472,274.57214104026,-0.8));
#3846 = CARTESIAN_POINT('',(57.232291579454,274.5521829007,-0.8));
#3847 = CARTESIAN_POINT('',(57.242750550922,274.53212559069,-0.8));
#3848 = CARTESIAN_POINT('',(57.274413372906,274.46998380468,-0.8));
#3849 = CARTESIAN_POINT('',(57.29498274729,274.42757604071,-0.8));
#3850 = CARTESIAN_POINT('',(57.314716693247,274.3847698035,-0.8));
#3851 = CARTESIAN_POINT('',(57.333605070368,274.34158708921,-0.8));
#3852 = CARTESIAN_POINT('',(57.359934026935,274.27802336554,-0.8));
#3853 = CARTESIAN_POINT('',(57.368048566898,274.25792151374,-0.8));
#3854 = CARTESIAN_POINT('',(57.375981319667,274.23774691556,-0.8));
#3855 = CARTESIAN_POINT('',(57.383731422452,274.21750176526,-0.8));
#3856 = CARTESIAN_POINT('',(57.399522649447,274.17510838965,-0.8));
#3857 = CARTESIAN_POINT('',(57.407530478075,274.15294776169,-0.8));
#3858 = CARTESIAN_POINT('',(57.415320480862,274.13070922673,-0.8));
#3859 = CARTESIAN_POINT('',(57.422891656801,274.10839564241,-0.8));
#3860 = CARTESIAN_POINT('',(57.489642051373,273.90513405689,-0.8));
#3861 = CARTESIAN_POINT('',(57.534694333944,273.71954143151,-0.8));
#3862 = CARTESIAN_POINT('',(57.56489779414,273.530763867,-0.8));
#3863 = CARTESIAN_POINT('',(57.58,273.34037937151,-0.8));
#3864 = CARTESIAN_POINT('',(57.58,273.15,-0.8));
#3865 = ORIENTED_EDGE('',*,*,#3866,.F.);
#3866 = EDGE_CURVE('',#3723,#3740,#3867,.T.);
#3867 = LINE('',#3868,#3869);
#3868 = CARTESIAN_POINT('',(-28.89396674183,276.1,-0.8));
#3869 = VECTOR('',#3870,1.);
#3870 = DIRECTION('',(1.,0.,0.));
#3871 = PLANE('',#3872);
#3872 = AXIS2_PLACEMENT_3D('',#3873,#3874,#3875);
#3873 = CARTESIAN_POINT('',(2.212066516339,240.,-0.8));
#3874 = DIRECTION('',(0.,0.,1.));
#3875 = DIRECTION('',(1.,0.,0.));
#3876 = ADVANCED_FACE('',(#3877),#3889,.T.);
#3877 = FACE_BOUND('',#3878,.T.);
#3878 = EDGE_LOOP('',(#3879,#3885,#3886,#3887,#3888));
#3879 = ORIENTED_EDGE('',*,*,#3880,.F.);
#3880 = EDGE_CURVE('',#3723,#3108,#3881,.T.);
#3881 = LINE('',#3882,#3883);
#3882 = CARTESIAN_POINT('',(34.841666666667,294.75833333333,
    -19.45833333333));
#3883 = VECTOR('',#3884,1.);
#3884 = DIRECTION('',(-0.57735026919,0.57735026919,-0.57735026919));
#3885 = ORIENTED_EDGE('',*,*,#3722,.T.);
#3886 = ORIENTED_EDGE('',*,*,#1158,.F.);
#3887 = ORIENTED_EDGE('',*,*,#3156,.F.);
#3888 = ORIENTED_EDGE('',*,*,#3107,.F.);
#3889 = PLANE('',#3890);
#3890 = AXIS2_PLACEMENT_3D('',#3891,#3892,#3893);
#3891 = CARTESIAN_POINT('',(53.9,277.15,-0.4));
#3892 = DIRECTION('',(0.707106781187,-1.6E-16,-0.707106781187));
#3893 = DIRECTION('',(-0.707106781187,-1.6E-16,-0.707106781187));
#3894 = ADVANCED_FACE('',(#3895),#3914,.F.);
#3895 = FACE_BOUND('',#3896,.T.);
#3896 = EDGE_LOOP('',(#3897,#3898,#3907,#3913));
#3897 = ORIENTED_EDGE('',*,*,#1134,.F.);
#3898 = ORIENTED_EDGE('',*,*,#3899,.T.);
#3899 = EDGE_CURVE('',#1127,#3900,#3902,.T.);
#3900 = VERTEX_POINT('',#3901);
#3901 = CARTESIAN_POINT('',(-51.97320907139,207.85,-19.2396346966));
#3902 = ELLIPSE('',#3903,4.386580936551,4.);
#3903 = AXIS2_PLACEMENT_3D('',#3904,#3905,#3906);
#3904 = CARTESIAN_POINT('',(-47.77240663057,207.85,-20.50270681099));
#3905 = DIRECTION('',(-0.287939999892,-0.,-0.957648451397));
#3906 = DIRECTION('',(0.957648451397,0.,-0.287939999892));
#3907 = ORIENTED_EDGE('',*,*,#3908,.T.);
#3908 = EDGE_CURVE('',#3900,#1200,#3909,.T.);
#3909 = LINE('',#3910,#3911);
#3910 = CARTESIAN_POINT('',(-51.97320907139,207.85,-19.2396346966));
#3911 = VECTOR('',#3912,1.);
#3912 = DIRECTION('',(0.655654995826,0.,0.755060611109));
#3913 = ORIENTED_EDGE('',*,*,#1199,.F.);
#3914 = CYLINDRICAL_SURFACE('',#3915,4.);
#3915 = AXIS2_PLACEMENT_3D('',#3916,#3917,#3918);
#3916 = CARTESIAN_POINT('',(-48.95296662695,207.85,-21.8622546799));
#3917 = DIRECTION('',(0.655654995826,0.,0.755060611109));
#3918 = DIRECTION('',(0.,-1.,0.));
#3919 = ADVANCED_FACE('',(#3920),#3931,.F.);
#3920 = FACE_BOUND('',#3921,.T.);
#3921 = EDGE_LOOP('',(#3922,#3923,#3924,#3930));
#3922 = ORIENTED_EDGE('',*,*,#1126,.F.);
#3923 = ORIENTED_EDGE('',*,*,#3559,.T.);
#3924 = ORIENTED_EDGE('',*,*,#3925,.T.);
#3925 = EDGE_CURVE('',#3552,#3900,#3926,.T.);
#3926 = LINE('',#3927,#3928);
#3927 = CARTESIAN_POINT('',(-45.22465395195,207.85,-70.5));
#3928 = VECTOR('',#3929,1.);
#3929 = DIRECTION('',(-0.13052619222,0.,0.991444861374));
#3930 = ORIENTED_EDGE('',*,*,#3899,.F.);
#3931 = CYLINDRICAL_SURFACE('',#3932,4.);
#3932 = AXIS2_PLACEMENT_3D('',#3933,#3934,#3935);
#3933 = CARTESIAN_POINT('',(-41.25887450646,207.85,-69.97789523112));
#3934 = DIRECTION('',(-0.13052619222,0.,0.991444861374));
#3935 = DIRECTION('',(0.,-1.,0.));
#3936 = ADVANCED_FACE('',(#3937),#3955,.T.);
#3937 = FACE_BOUND('',#3938,.T.);
#3938 = EDGE_LOOP('',(#3939,#3947,#3953,#3954));
#3939 = ORIENTED_EDGE('',*,*,#3940,.F.);
#3940 = EDGE_CURVE('',#3941,#1200,#3943,.T.);
#3941 = VERTEX_POINT('',#3942);
#3942 = CARTESIAN_POINT('',(-50.02842787628,225.,-17.));
#3943 = LINE('',#3944,#3945);
#3944 = CARTESIAN_POINT('',(-50.02842787628,279.75,-17.));
#3945 = VECTOR('',#3946,1.);
#3946 = DIRECTION('',(0.,-1.,2.2E-16));
#3947 = ORIENTED_EDGE('',*,*,#3948,.T.);
#3948 = EDGE_CURVE('',#3941,#1233,#3949,.T.);
#3949 = LINE('',#3950,#3951);
#3950 = CARTESIAN_POINT('',(-55.25715461777,225.,0.102394553758));
#3951 = VECTOR('',#3952,1.);
#3952 = DIRECTION('',(-0.292371704723,0.,0.956304755963));
#3953 = ORIENTED_EDGE('',*,*,#1232,.T.);
#3954 = ORIENTED_EDGE('',*,*,#1208,.F.);
#3955 = PLANE('',#3956);
#3956 = AXIS2_PLACEMENT_3D('',#3957,#3958,#3959);
#3957 = CARTESIAN_POINT('',(-52.27592074242,216.425,-9.648782073746));
#3958 = DIRECTION('',(0.956304755963,3.3E-16,0.292371704723));
#3959 = DIRECTION('',(-0.292371704723,4.35674478423E-33,0.956304755963)
  );
#3960 = ADVANCED_FACE('',(#3961),#3988,.T.);
#3961 = FACE_BOUND('',#3962,.T.);
#3962 = EDGE_LOOP('',(#3963,#3964,#3965,#3966,#3967,#3975,#3981,#3982));
#3963 = ORIENTED_EDGE('',*,*,#1292,.F.);
#3964 = ORIENTED_EDGE('',*,*,#1274,.T.);
#3965 = ORIENTED_EDGE('',*,*,#1240,.F.);
#3966 = ORIENTED_EDGE('',*,*,#3948,.F.);
#3967 = ORIENTED_EDGE('',*,*,#3968,.F.);
#3968 = EDGE_CURVE('',#3969,#3941,#3971,.T.);
#3969 = VERTEX_POINT('',#3970);
#3970 = CARTESIAN_POINT('',(-51.97320907139,225.,-19.2396346966));
#3971 = LINE('',#3972,#3973);
#3972 = CARTESIAN_POINT('',(-48.99614478519,225.,-15.81120969632));
#3973 = VECTOR('',#3974,1.);
#3974 = DIRECTION('',(0.655654995826,0.,0.755060611109));
#3975 = ORIENTED_EDGE('',*,*,#3976,.F.);
#3976 = EDGE_CURVE('',#3544,#3969,#3977,.T.);
#3977 = LINE('',#3978,#3979);
#3978 = CARTESIAN_POINT('',(-53.17836844459,225.,-10.0855404311));
#3979 = VECTOR('',#3980,1.);
#3980 = DIRECTION('',(-0.13052619222,0.,0.991444861374));
#3981 = ORIENTED_EDGE('',*,*,#3543,.F.);
#3982 = ORIENTED_EDGE('',*,*,#3983,.F.);
#3983 = EDGE_CURVE('',#1293,#3536,#3984,.T.);
#3984 = LINE('',#3985,#3986);
#3985 = CARTESIAN_POINT('',(-55.56509068401,225.,-22.60177546724));
#3986 = VECTOR('',#3987,1.);
#3987 = DIRECTION('',(0.13052619222,0.,-0.991444861374));
#3988 = PLANE('',#3989);
#3989 = AXIS2_PLACEMENT_3D('',#3990,#3991,#3992);
#3990 = CARTESIAN_POINT('',(-62.5,225.,-2.));
#3991 = DIRECTION('',(0.,1.,0.));
#3992 = DIRECTION('',(0.,0.,-1.));
#3993 = ADVANCED_FACE('',(#3994),#4012,.T.);
#3994 = FACE_BOUND('',#3995,.T.);
#3995 = EDGE_LOOP('',(#3996,#3997,#4005,#4011));
#3996 = ORIENTED_EDGE('',*,*,#1316,.F.);
#3997 = ORIENTED_EDGE('',*,*,#3998,.T.);
#3998 = EDGE_CURVE('',#1309,#3999,#4001,.T.);
#3999 = VERTEX_POINT('',#4000);
#4000 = CARTESIAN_POINT('',(-54.22584946107,175.,-2.));
#4001 = LINE('',#4002,#4003);
#4002 = CARTESIAN_POINT('',(-62.5,175.,-2.));
#4003 = VECTOR('',#4004,1.);
#4004 = DIRECTION('',(1.,0.,0.));
#4005 = ORIENTED_EDGE('',*,*,#4006,.F.);
#4006 = EDGE_CURVE('',#2406,#3999,#4007,.T.);
#4007 = LINE('',#4008,#4009);
#4008 = CARTESIAN_POINT('',(-58.29654121756,179.07069175648,
    -6.070691756487));
#4009 = VECTOR('',#4010,1.);
#4010 = DIRECTION('',(-0.57735026919,0.57735026919,-0.57735026919));
#4011 = ORIENTED_EDGE('',*,*,#2413,.T.);
#4012 = PLANE('',#4013);
#4013 = AXIS2_PLACEMENT_3D('',#4014,#4015,#4016);
#4014 = CARTESIAN_POINT('',(-62.5,175.,-2.));
#4015 = DIRECTION('',(0.,-0.707106781187,-0.707106781187));
#4016 = DIRECTION('',(0.,-0.707106781187,0.707106781187));
#4017 = ADVANCED_FACE('',(#4018),#4059,.T.);
#4018 = FACE_BOUND('',#4019,.T.);
#4019 = EDGE_LOOP('',(#4020,#4021,#4022,#4028,#4029,#4037,#4045,#4053));
#4020 = ORIENTED_EDGE('',*,*,#3998,.F.);
#4021 = ORIENTED_EDGE('',*,*,#1308,.F.);
#4022 = ORIENTED_EDGE('',*,*,#4023,.F.);
#4023 = EDGE_CURVE('',#3528,#1301,#4024,.T.);
#4024 = LINE('',#4025,#4026);
#4025 = CARTESIAN_POINT('',(-51.06810977536,175.,-56.75973669902));
#4026 = VECTOR('',#4027,1.);
#4027 = DIRECTION('',(-0.13052619222,0.,0.991444861374));
#4028 = ORIENTED_EDGE('',*,*,#3527,.F.);
#4029 = ORIENTED_EDGE('',*,*,#4030,.F.);
#4030 = EDGE_CURVE('',#4031,#3520,#4033,.T.);
#4031 = VERTEX_POINT('',#4032);
#4032 = CARTESIAN_POINT('',(-51.97320907139,175.,-19.2396346966));
#4033 = LINE('',#4034,#4035);
#4034 = CARTESIAN_POINT('',(-48.68138753593,175.,-44.24350166288));
#4035 = VECTOR('',#4036,1.);
#4036 = DIRECTION('',(0.13052619222,0.,-0.991444861374));
#4037 = ORIENTED_EDGE('',*,*,#4038,.F.);
#4038 = EDGE_CURVE('',#4039,#4031,#4041,.T.);
#4039 = VERTEX_POINT('',#4040);
#4040 = CARTESIAN_POINT('',(-50.02842787628,175.,-17.));
#4041 = LINE('',#4042,#4043);
#4042 = CARTESIAN_POINT('',(-66.19945413361,175.,-35.62275899038));
#4043 = VECTOR('',#4044,1.);
#4044 = DIRECTION('',(-0.655654995826,-0.,-0.755060611109));
#4045 = ORIENTED_EDGE('',*,*,#4046,.F.);
#4046 = EDGE_CURVE('',#4047,#4039,#4049,.T.);
#4047 = VERTEX_POINT('',#4048);
#4048 = CARTESIAN_POINT('',(-54.52341360856,175.,-2.297564147492));
#4049 = LINE('',#4050,#4051);
#4050 = CARTESIAN_POINT('',(-45.54117791997,175.,-31.67713326938));
#4051 = VECTOR('',#4052,1.);
#4052 = DIRECTION('',(0.292371704723,0.,-0.956304755963));
#4053 = ORIENTED_EDGE('',*,*,#4054,.F.);
#4054 = EDGE_CURVE('',#3999,#4047,#4055,.T.);
#4055 = LINE('',#4056,#4057);
#4056 = CARTESIAN_POINT('',(-72.4193870958,175.,-20.19353763473));
#4057 = VECTOR('',#4058,1.);
#4058 = DIRECTION('',(-0.707106781187,-0.,-0.707106781187));
#4059 = PLANE('',#4060);
#4060 = AXIS2_PLACEMENT_3D('',#4061,#4062,#4063);
#4061 = CARTESIAN_POINT('',(-62.5,175.,-71.5));
#4062 = DIRECTION('',(0.,-1.,0.));
#4063 = DIRECTION('',(0.,0.,1.));
#4064 = ADVANCED_FACE('',(#4065),#4071,.T.);
#4065 = FACE_BOUND('',#4066,.T.);
#4066 = EDGE_LOOP('',(#4067,#4068,#4069,#4070));
#4067 = ORIENTED_EDGE('',*,*,#1300,.F.);
#4068 = ORIENTED_EDGE('',*,*,#3983,.T.);
#4069 = ORIENTED_EDGE('',*,*,#3535,.T.);
#4070 = ORIENTED_EDGE('',*,*,#4023,.T.);
#4071 = PLANE('',#4072);
#4072 = AXIS2_PLACEMENT_3D('',#4073,#4074,#4075);
#4073 = CARTESIAN_POINT('',(-52.78087410474,200.,-43.75));
#4074 = DIRECTION('',(-0.991444861374,-0.,-0.13052619222));
#4075 = DIRECTION('',(0.13052619222,0.,-0.991444861374));
#4076 = ADVANCED_FACE('',(#4077),#4103,.F.);
#4077 = FACE_BOUND('',#4078,.T.);
#4078 = EDGE_LOOP('',(#4079,#4087,#4088,#4096));
#4079 = ORIENTED_EDGE('',*,*,#4080,.F.);
#4080 = EDGE_CURVE('',#1342,#4081,#4083,.T.);
#4081 = VERTEX_POINT('',#4082);
#4082 = CARTESIAN_POINT('',(-54.666143079,184.19786550256,
    -10.03944577298));
#4083 = LINE('',#4084,#4085);
#4084 = CARTESIAN_POINT('',(-59.06514495643,184.19786550256,
    -11.3843556147));
#4085 = VECTOR('',#4086,1.);
#4086 = DIRECTION('',(0.956304755963,0.,0.292371704723));
#4087 = ORIENTED_EDGE('',*,*,#1341,.T.);
#4088 = ORIENTED_EDGE('',*,*,#4089,.T.);
#4089 = EDGE_CURVE('',#1344,#4090,#4092,.T.);
#4090 = VERTEX_POINT('',#4091);
#4091 = CARTESIAN_POINT('',(-54.666143079,187.80213449743,
    -10.03944577298));
#4092 = LINE('',#4093,#4094);
#4093 = CARTESIAN_POINT('',(-59.06514495643,187.80213449743,
    -11.3843556147));
#4094 = VECTOR('',#4095,1.);
#4095 = DIRECTION('',(0.956304755963,0.,0.292371704723));
#4096 = ORIENTED_EDGE('',*,*,#4097,.T.);
#4097 = EDGE_CURVE('',#4090,#4081,#4098,.T.);
#4098 = CIRCLE('',#4099,2.2);
#4099 = AXIS2_PLACEMENT_3D('',#4100,#4101,#4102);
#4100 = CARTESIAN_POINT('',(-55.03507762407,186.,-8.832715250201));
#4101 = DIRECTION('',(0.956304755963,-0.,0.292371704723));
#4102 = DIRECTION('',(0.292371704723,0.,-0.956304755963));
#4103 = CYLINDRICAL_SURFACE('',#4104,2.2);
#4104 = AXIS2_PLACEMENT_3D('',#4105,#4106,#4107);
#4105 = CARTESIAN_POINT('',(-59.4340795015,186.,-10.17762509192));
#4106 = DIRECTION('',(-0.956304755963,0.,-0.292371704723));
#4107 = DIRECTION('',(0.292371704723,0.,-0.956304755963));
#4108 = ADVANCED_FACE('',(#4109),#4127,.T.);
#4109 = FACE_BOUND('',#4110,.T.);
#4110 = EDGE_LOOP('',(#4111,#4112,#4113,#4121));
#4111 = ORIENTED_EDGE('',*,*,#1352,.F.);
#4112 = ORIENTED_EDGE('',*,*,#4080,.T.);
#4113 = ORIENTED_EDGE('',*,*,#4114,.T.);
#4114 = EDGE_CURVE('',#4081,#4115,#4117,.T.);
#4115 = VERTEX_POINT('',#4116);
#4116 = CARTESIAN_POINT('',(-53.91366169826,186.,-12.50070146752));
#4117 = LINE('',#4118,#4119);
#4118 = CARTESIAN_POINT('',(-54.666143079,184.19786550256,
    -10.03944577298));
#4119 = VECTOR('',#4120,1.);
#4120 = DIRECTION('',(0.239496879616,0.573576436351,-0.78335899581));
#4121 = ORIENTED_EDGE('',*,*,#4122,.F.);
#4122 = EDGE_CURVE('',#1353,#4115,#4123,.T.);
#4123 = LINE('',#4124,#4125);
#4124 = CARTESIAN_POINT('',(-58.31266357569,186.,-13.84561130925));
#4125 = VECTOR('',#4126,1.);
#4126 = DIRECTION('',(0.956304755963,0.,0.292371704723));
#4127 = PLANE('',#4128);
#4128 = AXIS2_PLACEMENT_3D('',#4129,#4130,#4131);
#4129 = CARTESIAN_POINT('',(-59.06514495643,184.19786550256,
    -11.3843556147));
#4130 = DIRECTION('',(-0.167697520485,0.819152044289,0.548513873991));
#4131 = DIRECTION('',(0.239496879616,0.573576436351,-0.78335899581));
#4132 = ADVANCED_FACE('',(#4133),#4144,.T.);
#4133 = FACE_BOUND('',#4134,.T.);
#4134 = EDGE_LOOP('',(#4135,#4136,#4137,#4143));
#4135 = ORIENTED_EDGE('',*,*,#1360,.F.);
#4136 = ORIENTED_EDGE('',*,*,#4122,.T.);
#4137 = ORIENTED_EDGE('',*,*,#4138,.T.);
#4138 = EDGE_CURVE('',#4115,#4090,#4139,.T.);
#4139 = LINE('',#4140,#4141);
#4140 = CARTESIAN_POINT('',(-53.91366169826,186.,-12.50070146752));
#4141 = VECTOR('',#4142,1.);
#4142 = DIRECTION('',(-0.239496879616,0.573576436351,0.78335899581));
#4143 = ORIENTED_EDGE('',*,*,#4089,.F.);
#4144 = PLANE('',#4145);
#4145 = AXIS2_PLACEMENT_3D('',#4146,#4147,#4148);
#4146 = CARTESIAN_POINT('',(-58.31266357569,186.,-13.84561130925));
#4147 = DIRECTION('',(-0.167697520485,-0.819152044289,0.548513873991));
#4148 = DIRECTION('',(-0.239496879616,0.573576436351,0.78335899581));
#4149 = ADVANCED_FACE('',(#4150),#4156,.F.);
#4150 = FACE_BOUND('',#4151,.T.);
#4151 = EDGE_LOOP('',(#4152,#4153,#4154,#4155));
#4152 = ORIENTED_EDGE('',*,*,#1474,.T.);
#4153 = ORIENTED_EDGE('',*,*,#3082,.T.);
#4154 = ORIENTED_EDGE('',*,*,#3137,.F.);
#4155 = ORIENTED_EDGE('',*,*,#1448,.F.);
#4156 = CYLINDRICAL_SURFACE('',#4157,4.);
#4157 = AXIS2_PLACEMENT_3D('',#4158,#4159,#4160);
#4158 = CARTESIAN_POINT('',(-41.25887450646,272.15,-69.97789523112));
#4159 = DIRECTION('',(-0.13052619222,-4.4E-16,0.991444861374));
#4160 = DIRECTION('',(-0.991444861374,-3.E-17,-0.13052619222));
#4161 = ADVANCED_FACE('',(#4162),#4304,.T.);
#4162 = FACE_BOUND('',#4163,.T.);
#4163 = EDGE_LOOP('',(#4164,#4174,#4182,#4190,#4196,#4197,#4205,#4213,
    #4219,#4220,#4228,#4236,#4242,#4243,#4251,#4257,#4258,#4266,#4274,
    #4282,#4290,#4298));
#4164 = ORIENTED_EDGE('',*,*,#4165,.F.);
#4165 = EDGE_CURVE('',#4166,#4168,#4170,.T.);
#4166 = VERTEX_POINT('',#4167);
#4167 = CARTESIAN_POINT('',(61.499999999994,-39.24999999997,2.5));
#4168 = VERTEX_POINT('',#4169);
#4169 = CARTESIAN_POINT('',(61.499999999994,39.249999999971,2.5));
#4170 = LINE('',#4171,#4172);
#4171 = CARTESIAN_POINT('',(61.499999999995,-39.24999999997,2.5));
#4172 = VECTOR('',#4173,1.);
#4173 = DIRECTION('',(0.,1.,0.));
#4174 = ORIENTED_EDGE('',*,*,#4175,.T.);
#4175 = EDGE_CURVE('',#4166,#4176,#4178,.T.);
#4176 = VERTEX_POINT('',#4177);
#4177 = CARTESIAN_POINT('',(61.499999999996,-39.24999999997,-9.5));
#4178 = LINE('',#4179,#4180);
#4179 = CARTESIAN_POINT('',(61.499999999994,-39.24999999997,2.5));
#4180 = VECTOR('',#4181,1.);
#4181 = DIRECTION('',(-0.,-0.,-1.));
#4182 = ORIENTED_EDGE('',*,*,#4183,.F.);
#4183 = EDGE_CURVE('',#4184,#4176,#4186,.T.);
#4184 = VERTEX_POINT('',#4185);
#4185 = CARTESIAN_POINT('',(61.5,36.05,-9.5));
#4186 = LINE('',#4187,#4188);
#4187 = CARTESIAN_POINT('',(61.5,-20.375,-9.5));
#4188 = VECTOR('',#4189,1.);
#4189 = DIRECTION('',(0.,-1.,2.2E-16));
#4190 = ORIENTED_EDGE('',*,*,#4191,.F.);
#4191 = EDGE_CURVE('',#1946,#4184,#4192,.T.);
#4192 = LINE('',#4193,#4194);
#4193 = CARTESIAN_POINT('',(61.5,36.05,-10.));
#4194 = VECTOR('',#4195,1.);
#4195 = DIRECTION('',(0.,0.,1.));
#4196 = ORIENTED_EDGE('',*,*,#1945,.F.);
#4197 = ORIENTED_EDGE('',*,*,#4198,.T.);
#4198 = EDGE_CURVE('',#1938,#4199,#4201,.T.);
#4199 = VERTEX_POINT('',#4200);
#4200 = CARTESIAN_POINT('',(61.5,43.95,-9.5));
#4201 = LINE('',#4202,#4203);
#4202 = CARTESIAN_POINT('',(61.5,43.95,-10.));
#4203 = VECTOR('',#4204,1.);
#4204 = DIRECTION('',(0.,0.,1.));
#4205 = ORIENTED_EDGE('',*,*,#4206,.F.);
#4206 = EDGE_CURVE('',#4207,#4199,#4209,.T.);
#4207 = VERTEX_POINT('',#4208);
#4208 = CARTESIAN_POINT('',(61.5,116.05,-9.5));
#4209 = LINE('',#4210,#4211);
#4210 = CARTESIAN_POINT('',(61.5,59.625,-9.5));
#4211 = VECTOR('',#4212,1.);
#4212 = DIRECTION('',(0.,-1.,2.2E-16));
#4213 = ORIENTED_EDGE('',*,*,#4214,.F.);
#4214 = EDGE_CURVE('',#1914,#4207,#4215,.T.);
#4215 = LINE('',#4216,#4217);
#4216 = CARTESIAN_POINT('',(61.5,116.05,-10.));
#4217 = VECTOR('',#4218,1.);
#4218 = DIRECTION('',(0.,0.,1.));
#4219 = ORIENTED_EDGE('',*,*,#1913,.F.);
#4220 = ORIENTED_EDGE('',*,*,#4221,.T.);
#4221 = EDGE_CURVE('',#1906,#4222,#4224,.T.);
#4222 = VERTEX_POINT('',#4223);
#4223 = CARTESIAN_POINT('',(61.5,123.95,-9.5));
#4224 = LINE('',#4225,#4226);
#4225 = CARTESIAN_POINT('',(61.5,123.95,-10.));
#4226 = VECTOR('',#4227,1.);
#4227 = DIRECTION('',(0.,0.,1.));
#4228 = ORIENTED_EDGE('',*,*,#4229,.F.);
#4229 = EDGE_CURVE('',#4230,#4222,#4232,.T.);
#4230 = VERTEX_POINT('',#4231);
#4231 = CARTESIAN_POINT('',(61.5,196.05,-9.5));
#4232 = LINE('',#4233,#4234);
#4233 = CARTESIAN_POINT('',(61.5,139.625,-9.5));
#4234 = VECTOR('',#4235,1.);
#4235 = DIRECTION('',(0.,-1.,2.2E-16));
#4236 = ORIENTED_EDGE('',*,*,#4237,.F.);
#4237 = EDGE_CURVE('',#1882,#4230,#4238,.T.);
#4238 = LINE('',#4239,#4240);
#4239 = CARTESIAN_POINT('',(61.5,196.05,-10.));
#4240 = VECTOR('',#4241,1.);
#4241 = DIRECTION('',(0.,0.,1.));
#4242 = ORIENTED_EDGE('',*,*,#1881,.F.);
#4243 = ORIENTED_EDGE('',*,*,#4244,.T.);
#4244 = EDGE_CURVE('',#1874,#4245,#4247,.T.);
#4245 = VERTEX_POINT('',#4246);
#4246 = CARTESIAN_POINT('',(61.5,203.95,-9.5));
#4247 = LINE('',#4248,#4249);
#4248 = CARTESIAN_POINT('',(61.5,203.95,-10.));
#4249 = VECTOR('',#4250,1.);
#4250 = DIRECTION('',(0.,0.,1.));
#4251 = ORIENTED_EDGE('',*,*,#4252,.F.);
#4252 = EDGE_CURVE('',#1500,#4245,#4253,.T.);
#4253 = LINE('',#4254,#4255);
#4254 = CARTESIAN_POINT('',(61.5,219.625,-9.5));
#4255 = VECTOR('',#4256,1.);
#4256 = DIRECTION('',(0.,-1.,2.2E-16));
#4257 = ORIENTED_EDGE('',*,*,#1499,.T.);
#4258 = ORIENTED_EDGE('',*,*,#4259,.F.);
#4259 = EDGE_CURVE('',#4260,#1502,#4262,.T.);
#4260 = VERTEX_POINT('',#4261);
#4261 = CARTESIAN_POINT('',(61.499999999994,200.75000000002,2.5));
#4262 = LINE('',#4263,#4264);
#4263 = CARTESIAN_POINT('',(61.499999999995,200.75000000002,2.5));
#4264 = VECTOR('',#4265,1.);
#4265 = DIRECTION('',(0.,1.,0.));
#4266 = ORIENTED_EDGE('',*,*,#4267,.F.);
#4267 = EDGE_CURVE('',#4268,#4260,#4270,.T.);
#4268 = VERTEX_POINT('',#4269);
#4269 = CARTESIAN_POINT('',(61.499999999994,199.24999999997,2.5));
#4270 = LINE('',#4271,#4272);
#4271 = CARTESIAN_POINT('',(61.5,198.75,2.5));
#4272 = VECTOR('',#4273,1.);
#4273 = DIRECTION('',(0.,1.,0.));
#4274 = ORIENTED_EDGE('',*,*,#4275,.F.);
#4275 = EDGE_CURVE('',#4276,#4268,#4278,.T.);
#4276 = VERTEX_POINT('',#4277);
#4277 = CARTESIAN_POINT('',(61.499999999994,120.75000000002,2.5));
#4278 = LINE('',#4279,#4280);
#4279 = CARTESIAN_POINT('',(61.499999999995,120.75000000002,2.5));
#4280 = VECTOR('',#4281,1.);
#4281 = DIRECTION('',(0.,1.,0.));
#4282 = ORIENTED_EDGE('',*,*,#4283,.F.);
#4283 = EDGE_CURVE('',#4284,#4276,#4286,.T.);
#4284 = VERTEX_POINT('',#4285);
#4285 = CARTESIAN_POINT('',(61.499999999994,119.24999999997,2.5));
#4286 = LINE('',#4287,#4288);
#4287 = CARTESIAN_POINT('',(61.5,118.75,2.5));
#4288 = VECTOR('',#4289,1.);
#4289 = DIRECTION('',(0.,1.,0.));
#4290 = ORIENTED_EDGE('',*,*,#4291,.F.);
#4291 = EDGE_CURVE('',#4292,#4284,#4294,.T.);
#4292 = VERTEX_POINT('',#4293);
#4293 = CARTESIAN_POINT('',(61.499999999994,40.750000000029,2.5));
#4294 = LINE('',#4295,#4296);
#4295 = CARTESIAN_POINT('',(61.499999999995,40.750000000029,2.5));
#4296 = VECTOR('',#4297,1.);
#4297 = DIRECTION('',(0.,1.,0.));
#4298 = ORIENTED_EDGE('',*,*,#4299,.F.);
#4299 = EDGE_CURVE('',#4168,#4292,#4300,.T.);
#4300 = LINE('',#4301,#4302);
#4301 = CARTESIAN_POINT('',(61.5,38.75,2.5));
#4302 = VECTOR('',#4303,1.);
#4303 = DIRECTION('',(0.,1.,0.));
#4304 = PLANE('',#4305);
#4305 = AXIS2_PLACEMENT_3D('',#4306,#4307,#4308);
#4306 = CARTESIAN_POINT('',(61.499999999997,120.,-3.546084337349));
#4307 = DIRECTION('',(1.,2.6E-16,4.1163E-13));
#4308 = DIRECTION('',(-4.1163E-13,1.317059139785E-45,1.));
#4309 = ADVANCED_FACE('',(#4310),#4321,.F.);
#4310 = FACE_BOUND('',#4311,.F.);
#4311 = EDGE_LOOP('',(#4312,#4313,#4319,#4320));
#4312 = ORIENTED_EDGE('',*,*,#1865,.F.);
#4313 = ORIENTED_EDGE('',*,*,#4314,.F.);
#4314 = EDGE_CURVE('',#4245,#1866,#4315,.T.);
#4315 = LINE('',#4316,#4317);
#4316 = CARTESIAN_POINT('',(50.064160627262,203.95,-29.50289477725));
#4317 = VECTOR('',#4318,1.);
#4318 = DIRECTION('',(-0.496322595704,0.,-0.868138169299));
#4319 = ORIENTED_EDGE('',*,*,#4252,.F.);
#4320 = ORIENTED_EDGE('',*,*,#1509,.T.);
#4321 = PLANE('',#4322);
#4322 = AXIS2_PLACEMENT_3D('',#4323,#4324,#4325);
#4323 = CARTESIAN_POINT('',(62.5,199.25,-7.750859064622));
#4324 = DIRECTION('',(-0.868138169299,1.1E-16,0.496322595704));
#4325 = DIRECTION('',(-0.496322595704,-1.9E-16,-0.868138169299));
#4326 = ADVANCED_FACE('',(#4327),#4345,.T.);
#4327 = FACE_BOUND('',#4328,.T.);
#4328 = EDGE_LOOP('',(#4329,#4330,#4331,#4340));
#4329 = ORIENTED_EDGE('',*,*,#1517,.T.);
#4330 = ORIENTED_EDGE('',*,*,#1999,.T.);
#4331 = ORIENTED_EDGE('',*,*,#4332,.F.);
#4332 = EDGE_CURVE('',#4333,#1992,#4335,.T.);
#4333 = VERTEX_POINT('',#4334);
#4334 = CARTESIAN_POINT('',(61.175296203396,279.24999999997,3.));
#4335 = CIRCLE('',#4336,0.175296203422);
#4336 = AXIS2_PLACEMENT_3D('',#4337,#4338,#4339);
#4337 = CARTESIAN_POINT('',(60.999999999972,279.24999999997,3.));
#4338 = DIRECTION('',(0.,0.,1.));
#4339 = DIRECTION('',(1.,0.,0.));
#4340 = ORIENTED_EDGE('',*,*,#4341,.F.);
#4341 = EDGE_CURVE('',#1502,#4333,#4342,.T.);
#4342 = B_SPLINE_CURVE_WITH_KNOTS('',1,(#4343,#4344),.UNSPECIFIED.,.F.,
  .F.,(2,2),(0.,1.),.PIECEWISE_BEZIER_KNOTS.);
#4343 = CARTESIAN_POINT('',(61.499999999994,279.24999999997,2.5));
#4344 = CARTESIAN_POINT('',(61.175296203396,279.24999999997,3.));
#4345 = CONICAL_SURFACE('',#4346,0.500000000021,0.575958653158);
#4346 = AXIS2_PLACEMENT_3D('',#4347,#4348,#4349);
#4347 = CARTESIAN_POINT('',(60.999999999972,279.24999999997,2.5));
#4348 = DIRECTION('',(-0.,-0.,-1.));
#4349 = DIRECTION('',(1.,0.,0.));
#4350 = ADVANCED_FACE('',(#4351),#4401,.T.);
#4351 = FACE_BOUND('',#4352,.T.);
#4352 = EDGE_LOOP('',(#4353,#4363,#4371,#4380,#4386,#4387,#4395));
#4353 = ORIENTED_EDGE('',*,*,#4354,.T.);
#4354 = EDGE_CURVE('',#4355,#4357,#4359,.T.);
#4355 = VERTEX_POINT('',#4356);
#4356 = CARTESIAN_POINT('',(-49.25916979427,-15.,-70.5));
#4357 = VERTEX_POINT('',#4358);
#4358 = CARTESIAN_POINT('',(-45.22465395195,-15.,-70.5));
#4359 = LINE('',#4360,#4361);
#4360 = CARTESIAN_POINT('',(-51.6507988865,-15.,-70.5));
#4361 = VECTOR('',#4362,1.);
#4362 = DIRECTION('',(1.,0.,7.9E-16));
#4363 = ORIENTED_EDGE('',*,*,#4364,.T.);
#4364 = EDGE_CURVE('',#4357,#4365,#4367,.T.);
#4365 = VERTEX_POINT('',#4366);
#4366 = CARTESIAN_POINT('',(-45.22465395195,-32.15,-70.5));
#4367 = LINE('',#4368,#4369);
#4368 = CARTESIAN_POINT('',(-45.22465395195,39.75,-70.5));
#4369 = VECTOR('',#4370,1.);
#4370 = DIRECTION('',(0.,-1.,2.2E-16));
#4371 = ORIENTED_EDGE('',*,*,#4372,.F.);
#4372 = EDGE_CURVE('',#4373,#4365,#4375,.T.);
#4373 = VERTEX_POINT('',#4374);
#4374 = CARTESIAN_POINT('',(-41.19013810963,-36.15,-70.5));
#4375 = ELLIPSE('',#4376,4.034515842321,4.);
#4376 = AXIS2_PLACEMENT_3D('',#4377,#4378,#4379);
#4377 = CARTESIAN_POINT('',(-41.19013810963,-32.15,-70.5));
#4378 = DIRECTION('',(7.9E-16,0.,-1.));
#4379 = DIRECTION('',(-1.,0.,-7.9E-16));
#4380 = ORIENTED_EDGE('',*,*,#4381,.T.);
#4381 = EDGE_CURVE('',#4373,#1533,#4382,.T.);
#4382 = LINE('',#4383,#4384);
#4383 = CARTESIAN_POINT('',(-49.25916979427,-36.15,-70.5));
#4384 = VECTOR('',#4385,1.);
#4385 = DIRECTION('',(1.,0.,0.));
#4386 = ORIENTED_EDGE('',*,*,#1532,.T.);
#4387 = ORIENTED_EDGE('',*,*,#4388,.T.);
#4388 = EDGE_CURVE('',#1535,#4389,#4391,.T.);
#4389 = VERTEX_POINT('',#4390);
#4390 = CARTESIAN_POINT('',(-49.25916979427,-39.75,-70.5));
#4391 = LINE('',#4392,#4393);
#4392 = CARTESIAN_POINT('',(-45.22465395195,-39.75,-70.5));
#4393 = VECTOR('',#4394,1.);
#4394 = DIRECTION('',(-1.,0.,0.));
#4395 = ORIENTED_EDGE('',*,*,#4396,.F.);
#4396 = EDGE_CURVE('',#4355,#4389,#4397,.T.);
#4397 = LINE('',#4398,#4399);
#4398 = CARTESIAN_POINT('',(-49.25916979427,39.75,-70.5));
#4399 = VECTOR('',#4400,1.);
#4400 = DIRECTION('',(0.,-1.,2.2E-16));
#4401 = PLANE('',#4402);
#4402 = AXIS2_PLACEMENT_3D('',#4403,#4404,#4405);
#4403 = CARTESIAN_POINT('',(-40.80159777301,4.2E-15,-70.5));
#4404 = DIRECTION('',(7.9E-16,0.,-1.));
#4405 = DIRECTION('',(-1.,0.,-7.9E-16));
#4406 = ADVANCED_FACE('',(#4407),#4480,.T.);
#4407 = FACE_BOUND('',#4408,.T.);
#4408 = EDGE_LOOP('',(#4409,#4410,#4418,#4426,#4434,#4442,#4450,#4458,
    #4466,#4474,#4479));
#4409 = ORIENTED_EDGE('',*,*,#4381,.F.);
#4410 = ORIENTED_EDGE('',*,*,#4411,.T.);
#4411 = EDGE_CURVE('',#4373,#4412,#4414,.T.);
#4412 = VERTEX_POINT('',#4413);
#4413 = CARTESIAN_POINT('',(-47.77240663057,-36.15,-20.50270681099));
#4414 = LINE('',#4415,#4416);
#4415 = CARTESIAN_POINT('',(-41.25887450646,-36.15,-69.97789523112));
#4416 = VECTOR('',#4417,1.);
#4417 = DIRECTION('',(-0.13052619222,0.,0.991444861374));
#4418 = ORIENTED_EDGE('',*,*,#4419,.T.);
#4419 = EDGE_CURVE('',#4412,#4420,#4422,.T.);
#4420 = VERTEX_POINT('',#4421);
#4421 = CARTESIAN_POINT('',(-45.55536079404,-36.15,-17.94952869926));
#4422 = LINE('',#4423,#4424);
#4423 = CARTESIAN_POINT('',(-48.95296662695,-36.15,-21.8622546799));
#4424 = VECTOR('',#4425,1.);
#4425 = DIRECTION('',(0.655654995826,0.,0.755060611109));
#4426 = ORIENTED_EDGE('',*,*,#4427,.T.);
#4427 = EDGE_CURVE('',#4420,#4428,#4430,.T.);
#4428 = VERTEX_POINT('',#4429);
#4429 = CARTESIAN_POINT('',(-50.78321135588,-36.15,-0.85));
#4430 = LINE('',#4431,#4432);
#4431 = CARTESIAN_POINT('',(-46.20320885242,-36.15,-15.8305131811));
#4432 = VECTOR('',#4433,1.);
#4433 = DIRECTION('',(-0.292371704723,0.,0.956304755963));
#4434 = ORIENTED_EDGE('',*,*,#4435,.F.);
#4435 = EDGE_CURVE('',#4436,#4428,#4438,.T.);
#4436 = VERTEX_POINT('',#4437);
#4437 = CARTESIAN_POINT('',(51.5,-36.15,-0.85));
#4438 = LINE('',#4439,#4440);
#4439 = CARTESIAN_POINT('',(-33.24268515429,-36.15,-0.85));
#4440 = VECTOR('',#4441,1.);
#4441 = DIRECTION('',(-1.,0.,0.));
#4442 = ORIENTED_EDGE('',*,*,#4443,.F.);
#4443 = EDGE_CURVE('',#4444,#4436,#4446,.T.);
#4444 = VERTEX_POINT('',#4445);
#4445 = CARTESIAN_POINT('',(51.5,-36.15,-1.));
#4446 = LINE('',#4447,#4448);
#4447 = CARTESIAN_POINT('',(51.5,-36.15,-13.51736314543));
#4448 = VECTOR('',#4449,1.);
#4449 = DIRECTION('',(0.,0.,1.));
#4450 = ORIENTED_EDGE('',*,*,#4451,.F.);
#4451 = EDGE_CURVE('',#4452,#4444,#4454,.T.);
#4452 = VERTEX_POINT('',#4453);
#4453 = CARTESIAN_POINT('',(53.3,-36.15,-1.));
#4454 = LINE('',#4455,#4456);
#4455 = CARTESIAN_POINT('',(23.407314845708,-36.15,-1.));
#4456 = VECTOR('',#4457,1.);
#4457 = DIRECTION('',(-1.,0.,0.));
#4458 = ORIENTED_EDGE('',*,*,#4459,.F.);
#4459 = EDGE_CURVE('',#4460,#4452,#4462,.T.);
#4460 = VERTEX_POINT('',#4461);
#4461 = CARTESIAN_POINT('',(53.45,-36.15,-0.85));
#4462 = LINE('',#4463,#4464);
#4463 = CARTESIAN_POINT('',(32.394975850139,-36.15,-21.90502414986));
#4464 = VECTOR('',#4465,1.);
#4465 = DIRECTION('',(-0.707106781187,0.,-0.707106781187));
#4466 = ORIENTED_EDGE('',*,*,#4467,.F.);
#4467 = EDGE_CURVE('',#4468,#4460,#4470,.T.);
#4468 = VERTEX_POINT('',#4469);
#4469 = CARTESIAN_POINT('',(54.585,-36.15,-0.85));
#4470 = LINE('',#4471,#4472);
#4471 = CARTESIAN_POINT('',(-33.24268515429,-36.15,-0.85));
#4472 = VECTOR('',#4473,1.);
#4473 = DIRECTION('',(-1.,0.,0.));
#4474 = ORIENTED_EDGE('',*,*,#4475,.T.);
#4475 = EDGE_CURVE('',#4468,#1543,#4476,.T.);
#4476 = B_SPLINE_CURVE_WITH_KNOTS('',1,(#4477,#4478),.UNSPECIFIED.,.F.,
  .F.,(2,2),(0.,1.),.PIECEWISE_BEZIER_KNOTS.);
#4477 = CARTESIAN_POINT('',(54.5,-36.15,-1.605E-14));
#4478 = CARTESIAN_POINT('',(56.236769795071,-36.15,-17.3676979507));
#4479 = ORIENTED_EDGE('',*,*,#1542,.F.);
#4480 = PLANE('',#4481);
#4481 = AXIS2_PLACEMENT_3D('',#4482,#4483,#4484);
#4482 = CARTESIAN_POINT('',(-6.485370308585,-36.15,-26.03472629086));
#4483 = DIRECTION('',(0.,1.,0.));
#4484 = DIRECTION('',(0.,0.,1.));
#4485 = ADVANCED_FACE('',(#4486),#4549,.F.);
#4486 = FACE_BOUND('',#4487,.F.);
#4487 = EDGE_LOOP('',(#4488,#4495,#4522,#4547,#4548));
#4488 = ORIENTED_EDGE('',*,*,#4489,.F.);
#4489 = EDGE_CURVE('',#4490,#1551,#4492,.T.);
#4490 = VERTEX_POINT('',#4491);
#4491 = CARTESIAN_POINT('',(57.58,-33.15,-0.8));
#4492 = B_SPLINE_CURVE_WITH_KNOTS('',1,(#4493,#4494),.UNSPECIFIED.,.F.,
  .F.,(2,2),(0.,1.),.PIECEWISE_BEZIER_KNOTS.);
#4493 = CARTESIAN_POINT('',(57.5,-33.15,-1.472E-14));
#4494 = CARTESIAN_POINT('',(59.236769795071,-33.15,-17.3676979507));
#4495 = ORIENTED_EDGE('',*,*,#4496,.F.);
#4496 = EDGE_CURVE('',#4497,#4490,#4499,.T.);
#4497 = VERTEX_POINT('',#4498);
#4498 = CARTESIAN_POINT('',(55.125435592383,-36.1,-0.8));
#4499 = B_SPLINE_CURVE_WITH_KNOTS('',6,(#4500,#4501,#4502,#4503,#4504,
    #4505,#4506,#4507,#4508,#4509,#4510,#4511,#4512,#4513,#4514,#4515,
    #4516,#4517,#4518,#4519,#4520,#4521),.UNSPECIFIED.,.F.,.F.,(7,5,5,5,
    7),(0.,0.250999942152,0.499999999443,0.749999999916,1.),
  .UNSPECIFIED.);
#4500 = CARTESIAN_POINT('',(54.58,-36.15,-0.8));
#4501 = CARTESIAN_POINT('',(54.777132030787,-36.15,-0.8));
#4502 = CARTESIAN_POINT('',(54.974274637615,-36.13445555612,-0.8));
#4503 = CARTESIAN_POINT('',(55.16987228273,-36.10336369307,-0.8));
#4504 = CARTESIAN_POINT('',(55.362406596569,-36.05693437987,-0.8));
#4505 = CARTESIAN_POINT('',(55.550395026573,-35.99555698434,-0.8));
#4506 = CARTESIAN_POINT('',(55.912959905244,-35.84471002947,-0.8));
#4507 = CARTESIAN_POINT('',(56.087650263221,-35.75546029976,-0.8));
#4508 = CARTESIAN_POINT('',(56.255070726659,-35.65266319828,-0.8));
#4509 = CARTESIAN_POINT('',(56.413930533483,-35.53707592843,-0.8));
#4510 = CARTESIAN_POINT('',(56.563037586156,-35.40960310064,-0.8));
#4511 = CARTESIAN_POINT('',(56.840158421401,-35.13248226539,-0.8));
#4512 = CARTESIAN_POINT('',(56.968099660565,-34.98273269315,-0.8));
#4513 = CARTESIAN_POINT('',(57.084055266925,-34.82315623538,-0.8));
#4514 = CARTESIAN_POINT('',(57.187110401141,-34.65495995623,-0.8));
#4515 = CARTESIAN_POINT('',(57.276499975307,-34.47945098341,-0.8));
#4516 = CARTESIAN_POINT('',(57.426777228998,-34.11664960147,-0.8));
#4517 = CARTESIAN_POINT('',(57.487672838088,-33.92933804695,-0.8));
#4518 = CARTESIAN_POINT('',(57.533734582672,-33.7375343373,-0.8));
#4519 = CARTESIAN_POINT('',(57.56457916261,-33.54270374714,-0.8));
#4520 = CARTESIAN_POINT('',(57.58,-33.34634668956,-0.8));
#4521 = CARTESIAN_POINT('',(57.58,-33.15,-0.8));
#4522 = ORIENTED_EDGE('',*,*,#4523,.T.);
#4523 = EDGE_CURVE('',#4497,#4468,#4524,.T.);
#4524 = B_SPLINE_CURVE_WITH_KNOTS('',6,(#4525,#4526,#4527,#4528,#4529,
    #4530,#4531,#4532,#4533,#4534,#4535,#4536,#4537,#4538,#4539,#4540,
    #4541,#4542,#4543,#4544,#4545,#4546),.UNSPECIFIED.,.F.,.F.,(7,5,5,5,
    7),(0.,0.367087930673,0.543659922207,0.879471590254,1.),
  .UNSPECIFIED.);
#4525 = CARTESIAN_POINT('',(56.592247594954,-35.3,-9.74E-15));
#4526 = CARTESIAN_POINT('',(56.509594786549,-35.38910364055,
    -8.910364055098E-02));
#4527 = CARTESIAN_POINT('',(56.420509331611,-35.47504925307,
    -0.175049253071));
#4528 = CARTESIAN_POINT('',(56.324847248414,-35.55734512674,
    -0.257345126742));
#4529 = CARTESIAN_POINT('',(56.222537470146,-35.6353858942,
    -0.335385894204));
#4530 = CARTESIAN_POINT('',(56.113624594456,-35.70847728421,
    -0.408477284213));
#4531 = CARTESIAN_POINT('',(55.942897997425,-35.80831667273,
    -0.50831667273));
#4532 = CARTESIAN_POINT('',(55.885979064748,-35.83942746707,
    -0.539427467074));
#4533 = CARTESIAN_POINT('',(55.827620362669,-35.86914036298,
    -0.569140362984));
#4534 = CARTESIAN_POINT('',(55.767863674565,-35.89737082153,
    -0.597370821539));
#4535 = CARTESIAN_POINT('',(55.706765144187,-35.92403502841,
    -0.624035028416));
#4536 = CARTESIAN_POINT('',(55.525784992598,-35.996632281,
    -0.696632281001));
#4537 = CARTESIAN_POINT('',(55.402547204094,-36.03827074708,
    -0.738270747085));
#4538 = CARTESIAN_POINT('',(55.275244857031,-36.07338403735,
    -0.773384037352));
#4539 = CARTESIAN_POINT('',(55.144582975759,-36.10149756706,
    -0.80149756706));
#4540 = CARTESIAN_POINT('',(55.011424046279,-36.12228006972,
    -0.822280069721));
#4541 = CARTESIAN_POINT('',(54.828506776415,-36.14042484259,
    -0.840424842595));
#4542 = CARTESIAN_POINT('',(54.780004376377,-36.14426044878,
    -0.844260448781));
#4543 = CARTESIAN_POINT('',(54.731357221476,-36.14713480491,
    -0.847134804919));
#4544 = CARTESIAN_POINT('',(54.682610692742,-36.14904706478,
    -0.849047064788));
#4545 = CARTESIAN_POINT('',(54.633809963625,-36.15,-0.85));
#4546 = CARTESIAN_POINT('',(54.585,-36.15,-0.85));
#4547 = ORIENTED_EDGE('',*,*,#4475,.T.);
#4548 = ORIENTED_EDGE('',*,*,#1550,.T.);
#4549 = B_SPLINE_SURFACE_WITH_KNOTS('',8,1,(
    (#4550,#4551)
    ,(#4552,#4553)
    ,(#4554,#4555)
    ,(#4556,#4557)
    ,(#4558,#4559)
    ,(#4560,#4561)
    ,(#4562,#4563)
    ,(#4564,#4565)
    ,(#4566,#4567
    )),.UNSPECIFIED.,.F.,.F.,.F.,(9,9),(2,2),(8.99E-14,1.570796326795),(
    0.,1.),.PIECEWISE_BEZIER_KNOTS.);
#4550 = CARTESIAN_POINT('',(57.5,-33.15,-1.472E-14));
#4551 = CARTESIAN_POINT('',(59.236769795071,-33.15,-17.3676979507));
#4552 = CARTESIAN_POINT('',(57.5,-33.73904862254,-1.498E-14));
#4553 = CARTESIAN_POINT('',(59.236769795071,-33.73904862254,
    -17.3676979507));
#4554 = CARTESIAN_POINT('',(57.367817633117,-34.32809743051,-1.524E-14)
  );
#4555 = CARTESIAN_POINT('',(59.104587428187,-34.32809743051,
    -17.3676979507));
#4556 = CARTESIAN_POINT('',(57.103454197613,-34.882539703,-1.549E-14));
#4557 = CARTESIAN_POINT('',(58.840223992685,-34.882539703,-17.3676979507
    ));
#4558 = CARTESIAN_POINT('',(56.71777626734,-35.36777626733,-1.571E-14));
#4559 = CARTESIAN_POINT('',(58.454546062411,-35.36777626733,
    -17.36769795071));
#4560 = CARTESIAN_POINT('',(56.232539703005,-35.75345419761,-1.588E-14)
  );
#4561 = CARTESIAN_POINT('',(57.969309498076,-35.75345419761,
    -17.3676979507));
#4562 = CARTESIAN_POINT('',(55.678097430513,-36.01781763311,-1.6E-14));
#4563 = CARTESIAN_POINT('',(57.414867225584,-36.01781763311,
    -17.36769795071));
#4564 = CARTESIAN_POINT('',(55.089048622548,-36.15,-1.605E-14));
#4565 = CARTESIAN_POINT('',(56.825818417619,-36.15,-17.3676979507));
#4566 = CARTESIAN_POINT('',(54.5,-36.15,-1.605E-14));
#4567 = CARTESIAN_POINT('',(56.236769795071,-36.15,-17.3676979507));
#4568 = ADVANCED_FACE('',(#4569),#4585,.F.);
#4569 = FACE_BOUND('',#4570,.F.);
#4570 = EDGE_LOOP('',(#4571,#4578,#4583,#4584));
#4571 = ORIENTED_EDGE('',*,*,#4572,.F.);
#4572 = EDGE_CURVE('',#4573,#1578,#4575,.T.);
#4573 = VERTEX_POINT('',#4574);
#4574 = CARTESIAN_POINT('',(57.58,33.15,-0.8));
#4575 = B_SPLINE_CURVE_WITH_KNOTS('',1,(#4576,#4577),.UNSPECIFIED.,.F.,
  .F.,(2,2),(0.,1.),.PIECEWISE_BEZIER_KNOTS.);
#4576 = CARTESIAN_POINT('',(57.5,33.15,0.));
#4577 = CARTESIAN_POINT('',(59.236769795071,33.15,-17.3676979507));
#4578 = ORIENTED_EDGE('',*,*,#4579,.F.);
#4579 = EDGE_CURVE('',#4490,#4573,#4580,.T.);
#4580 = B_SPLINE_CURVE_WITH_KNOTS('',1,(#4581,#4582),.UNSPECIFIED.,.F.,
  .F.,(2,2),(0.,1.),.PIECEWISE_BEZIER_KNOTS.);
#4581 = CARTESIAN_POINT('',(57.58,-34.13650746064,-0.8));
#4582 = CARTESIAN_POINT('',(57.58,34.136507460649,-0.8));
#4583 = ORIENTED_EDGE('',*,*,#4489,.T.);
#4584 = ORIENTED_EDGE('',*,*,#1577,.T.);
#4585 = B_SPLINE_SURFACE_WITH_KNOTS('',1,1,(
    (#4586,#4587)
    ,(#4588,#4589
    )),.UNSPECIFIED.,.F.,.F.,.F.,(2,2),(2,2),(0.,78.3),(0.,1.),
  .PIECEWISE_BEZIER_KNOTS.);
#4586 = CARTESIAN_POINT('',(57.5,39.15,0.));
#4587 = CARTESIAN_POINT('',(59.236769795071,37.413230204929,
    -17.3676979507));
#4588 = CARTESIAN_POINT('',(57.5,-39.15,0.));
#4589 = CARTESIAN_POINT('',(59.236769795071,-37.41323020492,
    -17.3676979507));
#4590 = ADVANCED_FACE('',(#4591),#4654,.T.);
#4591 = FACE_BOUND('',#4592,.T.);
#4592 = EDGE_LOOP('',(#4593,#4594,#4645,#4653));
#4593 = ORIENTED_EDGE('',*,*,#4572,.F.);
#4594 = ORIENTED_EDGE('',*,*,#4595,.F.);
#4595 = EDGE_CURVE('',#4596,#4573,#4598,.T.);
#4596 = VERTEX_POINT('',#4597);
#4597 = CARTESIAN_POINT('',(55.348114575409,36.05,-0.8));
#4598 = B_SPLINE_CURVE_WITH_KNOTS('',5,(#4599,#4600,#4601,#4602,#4603,
    #4604,#4605,#4606,#4607,#4608,#4609,#4610,#4611,#4612,#4613,#4614,
    #4615,#4616,#4617,#4618,#4619,#4620,#4621,#4622,#4623,#4624,#4625,
    #4626,#4627,#4628,#4629,#4630,#4631,#4632,#4633,#4634,#4635,#4636,
    #4637,#4638,#4639,#4640,#4641,#4642,#4643,#4644),.UNSPECIFIED.,.F.,
  .F.,(6,4,4,4,4,4,4,4,4,4,4,6),(0.,3.800008080507E-02,0.184000273296,
    0.333000459274,0.364000525505,0.450000700301,0.474000751642,
    0.565000936262,0.606001025111,0.71800123537,0.746001295487,1.),
  .UNSPECIFIED.);
#4599 = CARTESIAN_POINT('',(55.348112739064,36.050000486387,-0.8));
#4600 = CARTESIAN_POINT('',(55.377026477382,36.042342208608,-0.8));
#4601 = CARTESIAN_POINT('',(55.405844772523,36.034323584033,-0.8));
#4602 = CARTESIAN_POINT('',(55.434561634978,36.025946199087,-0.8));
#4603 = CARTESIAN_POINT('',(55.463171118482,36.017211788428,-0.8));
#4604 = CARTESIAN_POINT('',(55.601152637411,35.9731992419,-0.8));
#4605 = CARTESIAN_POINT('',(55.708966160492,35.933033552636,-0.8));
#4606 = CARTESIAN_POINT('',(55.814771880785,35.887732409186,-0.8));
#4607 = CARTESIAN_POINT('',(55.91824704048,35.83743400206,-0.8));
#4608 = CARTESIAN_POINT('',(56.121989171095,35.726048205427,-0.8));
#4609 = CARTESIAN_POINT('',(56.222147411696,35.664759878535,-0.8));
#4610 = CARTESIAN_POINT('',(56.319227883377,35.598622416311,-0.8));
#4611 = CARTESIAN_POINT('',(56.412922176897,35.527845926868,-0.8));
#4612 = CARTESIAN_POINT('',(56.521671510258,35.437030202288,-0.8));
#4613 = CARTESIAN_POINT('',(56.540241558562,35.421199285707,-0.8));
#4614 = CARTESIAN_POINT('',(56.558650007756,35.405180105979,-0.8));
#4615 = CARTESIAN_POINT('',(56.576894320947,35.388974870726,-0.8));
#4616 = CARTESIAN_POINT('',(56.645122998538,35.32711949825,-0.8));
#4617 = CARTESIAN_POINT('',(56.69399162217,35.280238609648,-0.8));
#4618 = CARTESIAN_POINT('',(56.741524609778,35.231991468245,-0.8));
#4619 = CARTESIAN_POINT('',(56.787671580123,35.182429212234,-0.8));
#4620 = CARTESIAN_POINT('',(56.844863213601,35.117422550204,-0.8));
#4621 = CARTESIAN_POINT('',(56.857229749135,35.10314105839,-0.8));
#4622 = CARTESIAN_POINT('',(56.869483613669,35.08876251945,-0.8));
#4623 = CARTESIAN_POINT('',(56.881623794986,35.074288121108,-0.8));
#4624 = CARTESIAN_POINT('',(56.939245999405,35.004478076395,-0.8));
#4625 = CARTESIAN_POINT('',(56.983194049865,34.947876210058,-0.8));
#4626 = CARTESIAN_POINT('',(57.025439218099,34.889979177504,-0.8));
#4627 = CARTESIAN_POINT('',(57.065931374149,34.830855681947,-0.8));
#4628 = CARTESIAN_POINT('',(57.122057655868,34.74341907892,-0.8));
#4629 = CARTESIAN_POINT('',(57.13912563055,34.716026317885,-0.8));
#4630 = CARTESIAN_POINT('',(57.15582421082,34.688405686765,-0.8));
#4631 = CARTESIAN_POINT('',(57.172149371574,34.660563843364,-0.8));
#4632 = CARTESIAN_POINT('',(57.231662236163,34.555866004295,-0.8));
#4633 = CARTESIAN_POINT('',(57.272412027028,34.477624094314,-0.8));
#4634 = CARTESIAN_POINT('',(57.310268093153,34.397920030733,-0.8));
#4635 = CARTESIAN_POINT('',(57.345162416779,34.316897021081,-0.8));
#4636 = CARTESIAN_POINT('',(57.385006283712,34.214154831037,-0.8));
#4637 = CARTESIAN_POINT('',(57.392786359859,34.193533210197,-0.8));
#4638 = CARTESIAN_POINT('',(57.400376840909,34.172840721756,-0.8));
#4639 = CARTESIAN_POINT('',(57.407776873456,34.15207969219,-0.8));
#4640 = CARTESIAN_POINT('',(57.480379045596,33.942321116829,-0.8));
#4641 = CARTESIAN_POINT('',(57.530035432259,33.747935956005,-0.8));
#4642 = CARTESIAN_POINT('',(57.563344726268,33.549863229954,-0.8));
#4643 = CARTESIAN_POINT('',(57.58,33.349928361403,-0.8));
#4644 = CARTESIAN_POINT('',(57.58,33.15,-0.8));
#4645 = ORIENTED_EDGE('',*,*,#4646,.T.);
#4646 = EDGE_CURVE('',#4596,#1585,#4647,.T.);
#4647 = B_SPLINE_CURVE_WITH_KNOTS('',4,(#4648,#4649,#4650,#4651,#4652),
  .UNSPECIFIED.,.F.,.F.,(5,5),(0.,1.),.PIECEWISE_BEZIER_KNOTS.);
#4648 = CARTESIAN_POINT('',(55.268114575409,36.05,0.));
#4649 = CARTESIAN_POINT('',(55.622958572512,36.05,-3.548439971034));
#4650 = CARTESIAN_POINT('',(55.977802569616,36.05,-7.096879942068));
#4651 = CARTESIAN_POINT('',(56.332646566719,36.05,-10.6453199131));
#4652 = CARTESIAN_POINT('',(56.687490563822,36.05,-14.19375988413));
#4653 = ORIENTED_EDGE('',*,*,#1584,.T.);
#4654 = B_SPLINE_SURFACE_WITH_KNOTS('',8,1,(
    (#4655,#4656)
    ,(#4657,#4658)
    ,(#4659,#4660)
    ,(#4661,#4662)
    ,(#4663,#4664)
    ,(#4665,#4666)
    ,(#4667,#4668)
    ,(#4669,#4670)
    ,(#4671,#4672
    )),.UNSPECIFIED.,.F.,.F.,.F.,(9,9),(2,2),(8.99E-14,1.570796326795),(
    0.,1.),.PIECEWISE_BEZIER_KNOTS.);
#4655 = CARTESIAN_POINT('',(57.5,33.15,0.));
#4656 = CARTESIAN_POINT('',(59.236769795071,33.15,-17.3676979507));
#4657 = CARTESIAN_POINT('',(57.5,33.739048622548,0.));
#4658 = CARTESIAN_POINT('',(59.236769795071,33.739048622548,
    -17.3676979507));
#4659 = CARTESIAN_POINT('',(57.367817633117,34.328097430512,0.));
#4660 = CARTESIAN_POINT('',(59.104587428187,34.328097430512,
    -17.3676979507));
#4661 = CARTESIAN_POINT('',(57.103454197613,34.882539703005,0.));
#4662 = CARTESIAN_POINT('',(58.840223992685,34.882539703005,
    -17.3676979507));
#4663 = CARTESIAN_POINT('',(56.71777626734,35.367776267339,0.));
#4664 = CARTESIAN_POINT('',(58.454546062411,35.367776267339,
    -17.36769795071));
#4665 = CARTESIAN_POINT('',(56.232539703005,35.753454197615,0.));
#4666 = CARTESIAN_POINT('',(57.969309498076,35.753454197615,
    -17.3676979507));
#4667 = CARTESIAN_POINT('',(55.678097430513,36.017817633116,0.));
#4668 = CARTESIAN_POINT('',(57.414867225584,36.017817633116,
    -17.3676979507));
#4669 = CARTESIAN_POINT('',(55.089048622548,36.15,0.));
#4670 = CARTESIAN_POINT('',(56.825818417619,36.15,-17.3676979507));
#4671 = CARTESIAN_POINT('',(54.5,36.15,0.));
#4672 = CARTESIAN_POINT('',(56.236769795071,36.15,-17.3676979507));
#4673 = ADVANCED_FACE('',(#4674),#4739,.F.);
#4674 = FACE_BOUND('',#4675,.F.);
#4675 = EDGE_LOOP('',(#4676,#4684,#4692,#4700,#4706,#4707,#4715,#4723,
    #4731,#4737,#4738));
#4676 = ORIENTED_EDGE('',*,*,#4677,.F.);
#4677 = EDGE_CURVE('',#4678,#1612,#4680,.T.);
#4678 = VERTEX_POINT('',#4679);
#4679 = CARTESIAN_POINT('',(-42.08662713929,36.05,-70.5));
#4680 = LINE('',#4681,#4682);
#4681 = CARTESIAN_POINT('',(-49.25916979427,36.05,-70.5));
#4682 = VECTOR('',#4683,1.);
#4683 = DIRECTION('',(1.,0.,0.));
#4684 = ORIENTED_EDGE('',*,*,#4685,.T.);
#4685 = EDGE_CURVE('',#4678,#4686,#4688,.T.);
#4686 = VERTEX_POINT('',#4687);
#4687 = CARTESIAN_POINT('',(-48.70584535064,36.05,-20.2220460481));
#4688 = LINE('',#4689,#4690);
#4689 = CARTESIAN_POINT('',(-42.14008997465,36.05,-70.09390944842));
#4690 = VECTOR('',#4691,1.);
#4691 = DIRECTION('',(-0.13052619222,-4.4E-16,0.991444861374));
#4692 = ORIENTED_EDGE('',*,*,#4693,.T.);
#4693 = EDGE_CURVE('',#4686,#4694,#4696,.T.);
#4694 = VERTEX_POINT('',#4695);
#4695 = CARTESIAN_POINT('',(-46.54929804075,36.05,-17.73853880716));
#4696 = LINE('',#4697,#4698);
#4697 = CARTESIAN_POINT('',(-49.62407917779,36.05,-21.27949577254));
#4698 = VECTOR('',#4699,1.);
#4699 = DIRECTION('',(0.655654995826,-3.4E-16,0.755060611109));
#4700 = ORIENTED_EDGE('',*,*,#4701,.T.);
#4701 = EDGE_CURVE('',#4694,#3006,#4702,.T.);
#4702 = LINE('',#4703,#4704);
#4703 = CARTESIAN_POINT('',(-47.05319111174,36.05,-16.09037883647));
#4704 = VECTOR('',#4705,1.);
#4705 = DIRECTION('',(-0.292371704723,-4.2E-16,0.956304755963));
#4706 = ORIENTED_EDGE('',*,*,#3005,.T.);
#4707 = ORIENTED_EDGE('',*,*,#4708,.T.);
#4708 = EDGE_CURVE('',#2998,#4709,#4711,.T.);
#4709 = VERTEX_POINT('',#4710);
#4710 = CARTESIAN_POINT('',(51.5,36.05,-1.));
#4711 = LINE('',#4712,#4713);
#4712 = CARTESIAN_POINT('',(51.5,36.05,-12.70976630075));
#4713 = VECTOR('',#4714,1.);
#4714 = DIRECTION('',(0.,0.,-1.));
#4715 = ORIENTED_EDGE('',*,*,#4716,.T.);
#4716 = EDGE_CURVE('',#4709,#4717,#4719,.T.);
#4717 = VERTEX_POINT('',#4718);
#4718 = CARTESIAN_POINT('',(53.3,36.05,-1.));
#4719 = LINE('',#4720,#4721);
#4720 = CARTESIAN_POINT('',(23.407314845708,36.05,-1.));
#4721 = VECTOR('',#4722,1.);
#4722 = DIRECTION('',(1.,0.,0.));
#4723 = ORIENTED_EDGE('',*,*,#4724,.T.);
#4724 = EDGE_CURVE('',#4717,#4725,#4727,.T.);
#4725 = VERTEX_POINT('',#4726);
#4726 = CARTESIAN_POINT('',(53.5,36.05,-0.8));
#4727 = LINE('',#4728,#4729);
#4728 = CARTESIAN_POINT('',(32.394975850139,36.05,-21.90502414986));
#4729 = VECTOR('',#4730,1.);
#4730 = DIRECTION('',(0.707106781187,0.,0.707106781187));
#4731 = ORIENTED_EDGE('',*,*,#4732,.T.);
#4732 = EDGE_CURVE('',#4725,#4596,#4733,.T.);
#4733 = LINE('',#4734,#4735);
#4734 = CARTESIAN_POINT('',(-2.136651896123,36.05,-0.8));
#4735 = VECTOR('',#4736,1.);
#4736 = DIRECTION('',(1.,0.,0.));
#4737 = ORIENTED_EDGE('',*,*,#4646,.T.);
#4738 = ORIENTED_EDGE('',*,*,#1611,.F.);
#4739 = PLANE('',#4740);
#4740 = AXIS2_PLACEMENT_3D('',#4741,#4742,#4743);
#4741 = CARTESIAN_POINT('',(-6.485370308585,36.05,-26.03472629086));
#4742 = DIRECTION('',(0.,1.,0.));
#4743 = DIRECTION('',(0.,0.,1.));
#4744 = ADVANCED_FACE('',(#4745),#4813,.T.);
#4745 = FACE_BOUND('',#4746,.T.);
#4746 = EDGE_LOOP('',(#4747,#4758,#4764,#4765,#4766,#4775,#4783,#4791,
    #4799,#4807));
#4747 = ORIENTED_EDGE('',*,*,#4748,.F.);
#4748 = EDGE_CURVE('',#4749,#4751,#4753,.T.);
#4749 = VERTEX_POINT('',#4750);
#4750 = CARTESIAN_POINT('',(-42.08662713929,43.95,-70.5));
#4751 = VERTEX_POINT('',#4752);
#4752 = CARTESIAN_POINT('',(-45.22465395195,47.85,-70.5));
#4753 = ELLIPSE('',#4754,4.034515842321,4.);
#4754 = AXIS2_PLACEMENT_3D('',#4755,#4756,#4757);
#4755 = CARTESIAN_POINT('',(-41.19013810963,47.85,-70.5));
#4756 = DIRECTION('',(7.9E-16,0.,-1.));
#4757 = DIRECTION('',(-1.,0.,-7.9E-16));
#4758 = ORIENTED_EDGE('',*,*,#4759,.T.);
#4759 = EDGE_CURVE('',#4749,#1620,#4760,.T.);
#4760 = LINE('',#4761,#4762);
#4761 = CARTESIAN_POINT('',(-49.25916979427,43.95,-70.5));
#4762 = VECTOR('',#4763,1.);
#4763 = DIRECTION('',(1.,0.,0.));
#4764 = ORIENTED_EDGE('',*,*,#1619,.T.);
#4765 = ORIENTED_EDGE('',*,*,#4677,.F.);
#4766 = ORIENTED_EDGE('',*,*,#4767,.F.);
#4767 = EDGE_CURVE('',#4768,#4678,#4770,.T.);
#4768 = VERTEX_POINT('',#4769);
#4769 = CARTESIAN_POINT('',(-45.22465395195,32.15,-70.5));
#4770 = ELLIPSE('',#4771,4.034515842321,4.);
#4771 = AXIS2_PLACEMENT_3D('',#4772,#4773,#4774);
#4772 = CARTESIAN_POINT('',(-41.19013810963,32.15,-70.5));
#4773 = DIRECTION('',(7.9E-16,2.840166546292E-48,-1.));
#4774 = DIRECTION('',(-1.,-3.37E-15,-7.9E-16));
#4775 = ORIENTED_EDGE('',*,*,#4776,.T.);
#4776 = EDGE_CURVE('',#4768,#4777,#4779,.T.);
#4777 = VERTEX_POINT('',#4778);
#4778 = CARTESIAN_POINT('',(-45.22465395195,15.,-70.5));
#4779 = LINE('',#4780,#4781);
#4780 = CARTESIAN_POINT('',(-45.22465395195,39.75,-70.5));
#4781 = VECTOR('',#4782,1.);
#4782 = DIRECTION('',(0.,-1.,2.2E-16));
#4783 = ORIENTED_EDGE('',*,*,#4784,.T.);
#4784 = EDGE_CURVE('',#4777,#4785,#4787,.T.);
#4785 = VERTEX_POINT('',#4786);
#4786 = CARTESIAN_POINT('',(-49.25916979427,15.,-70.5));
#4787 = LINE('',#4788,#4789);
#4788 = CARTESIAN_POINT('',(-51.6507988865,15.,-70.5));
#4789 = VECTOR('',#4790,1.);
#4790 = DIRECTION('',(-1.,-0.,-7.9E-16));
#4791 = ORIENTED_EDGE('',*,*,#4792,.F.);
#4792 = EDGE_CURVE('',#4793,#4785,#4795,.T.);
#4793 = VERTEX_POINT('',#4794);
#4794 = CARTESIAN_POINT('',(-49.25916979427,65.,-70.5));
#4795 = LINE('',#4796,#4797);
#4796 = CARTESIAN_POINT('',(-49.25916979427,39.75,-70.5));
#4797 = VECTOR('',#4798,1.);
#4798 = DIRECTION('',(0.,-1.,2.2E-16));
#4799 = ORIENTED_EDGE('',*,*,#4800,.T.);
#4800 = EDGE_CURVE('',#4793,#4801,#4803,.T.);
#4801 = VERTEX_POINT('',#4802);
#4802 = CARTESIAN_POINT('',(-45.22465395195,65.,-70.5));
#4803 = LINE('',#4804,#4805);
#4804 = CARTESIAN_POINT('',(-51.6507988865,65.,-70.5));
#4805 = VECTOR('',#4806,1.);
#4806 = DIRECTION('',(1.,0.,7.9E-16));
#4807 = ORIENTED_EDGE('',*,*,#4808,.T.);
#4808 = EDGE_CURVE('',#4801,#4751,#4809,.T.);
#4809 = LINE('',#4810,#4811);
#4810 = CARTESIAN_POINT('',(-45.22465395195,119.75,-70.5));
#4811 = VECTOR('',#4812,1.);
#4812 = DIRECTION('',(0.,-1.,2.2E-16));
#4813 = PLANE('',#4814);
#4814 = AXIS2_PLACEMENT_3D('',#4815,#4816,#4817);
#4815 = CARTESIAN_POINT('',(-40.98594672538,40.,-70.5));
#4816 = DIRECTION('',(-0.,-0.,-1.));
#4817 = DIRECTION('',(-1.,0.,0.));
#4818 = ADVANCED_FACE('',(#4819),#4886,.T.);
#4819 = FACE_BOUND('',#4820,.T.);
#4820 = EDGE_LOOP('',(#4821,#4822,#4830,#4838,#4844,#4845,#4853,#4861,
    #4869,#4877,#4885));
#4821 = ORIENTED_EDGE('',*,*,#4759,.F.);
#4822 = ORIENTED_EDGE('',*,*,#4823,.T.);
#4823 = EDGE_CURVE('',#4749,#4824,#4826,.T.);
#4824 = VERTEX_POINT('',#4825);
#4825 = CARTESIAN_POINT('',(-48.70584535064,43.95,-20.2220460481));
#4826 = LINE('',#4827,#4828);
#4827 = CARTESIAN_POINT('',(-42.14008997465,43.95,-70.09390944842));
#4828 = VECTOR('',#4829,1.);
#4829 = DIRECTION('',(-0.13052619222,0.,0.991444861374));
#4830 = ORIENTED_EDGE('',*,*,#4831,.T.);
#4831 = EDGE_CURVE('',#4824,#4832,#4834,.T.);
#4832 = VERTEX_POINT('',#4833);
#4833 = CARTESIAN_POINT('',(-46.54929804075,43.95,-17.73853880716));
#4834 = LINE('',#4835,#4836);
#4835 = CARTESIAN_POINT('',(-49.62407917779,43.95,-21.27949577254));
#4836 = VECTOR('',#4837,1.);
#4837 = DIRECTION('',(0.655654995826,0.,0.755060611109));
#4838 = ORIENTED_EDGE('',*,*,#4839,.T.);
#4839 = EDGE_CURVE('',#4832,#2618,#4840,.T.);
#4840 = LINE('',#4841,#4842);
#4841 = CARTESIAN_POINT('',(-47.05319111174,43.95,-16.09037883647));
#4842 = VECTOR('',#4843,1.);
#4843 = DIRECTION('',(-0.292371704723,0.,0.956304755963));
#4844 = ORIENTED_EDGE('',*,*,#2626,.T.);
#4845 = ORIENTED_EDGE('',*,*,#4846,.T.);
#4846 = EDGE_CURVE('',#2627,#4847,#4849,.T.);
#4847 = VERTEX_POINT('',#4848);
#4848 = CARTESIAN_POINT('',(51.5,43.95,-1.));
#4849 = LINE('',#4850,#4851);
#4850 = CARTESIAN_POINT('',(51.5,43.95,-12.70976630075));
#4851 = VECTOR('',#4852,1.);
#4852 = DIRECTION('',(0.,0.,-1.));
#4853 = ORIENTED_EDGE('',*,*,#4854,.T.);
#4854 = EDGE_CURVE('',#4847,#4855,#4857,.T.);
#4855 = VERTEX_POINT('',#4856);
#4856 = CARTESIAN_POINT('',(53.3,43.95,-1.));
#4857 = LINE('',#4858,#4859);
#4858 = CARTESIAN_POINT('',(23.407314845708,43.95,-1.));
#4859 = VECTOR('',#4860,1.);
#4860 = DIRECTION('',(1.,0.,0.));
#4861 = ORIENTED_EDGE('',*,*,#4862,.T.);
#4862 = EDGE_CURVE('',#4855,#4863,#4865,.T.);
#4863 = VERTEX_POINT('',#4864);
#4864 = CARTESIAN_POINT('',(53.5,43.95,-0.8));
#4865 = LINE('',#4866,#4867);
#4866 = CARTESIAN_POINT('',(32.394975850139,43.95,-21.90502414986));
#4867 = VECTOR('',#4868,1.);
#4868 = DIRECTION('',(0.707106781187,0.,0.707106781187));
#4869 = ORIENTED_EDGE('',*,*,#4870,.T.);
#4870 = EDGE_CURVE('',#4863,#4871,#4873,.T.);
#4871 = VERTEX_POINT('',#4872);
#4872 = CARTESIAN_POINT('',(55.348114575409,43.95,-0.8));
#4873 = LINE('',#4874,#4875);
#4874 = CARTESIAN_POINT('',(-2.136651896123,43.95,-0.8));
#4875 = VECTOR('',#4876,1.);
#4876 = DIRECTION('',(1.,0.,0.));
#4877 = ORIENTED_EDGE('',*,*,#4878,.T.);
#4878 = EDGE_CURVE('',#4871,#1628,#4879,.T.);
#4879 = B_SPLINE_CURVE_WITH_KNOTS('',4,(#4880,#4881,#4882,#4883,#4884),
  .UNSPECIFIED.,.F.,.F.,(5,5),(0.,1.),.PIECEWISE_BEZIER_KNOTS.);
#4880 = CARTESIAN_POINT('',(55.268114575409,43.95,-2.487E-14));
#4881 = CARTESIAN_POINT('',(55.622958572512,43.95,-3.548439971034));
#4882 = CARTESIAN_POINT('',(55.977802569615,43.95,-7.096879942068));
#4883 = CARTESIAN_POINT('',(56.332646566719,43.95,-10.6453199131));
#4884 = CARTESIAN_POINT('',(56.687490563822,43.95,-14.19375988413));
#4885 = ORIENTED_EDGE('',*,*,#1627,.F.);
#4886 = PLANE('',#4887);
#4887 = AXIS2_PLACEMENT_3D('',#4888,#4889,#4890);
#4888 = CARTESIAN_POINT('',(-6.485370308585,43.95,-26.03472629086));
#4889 = DIRECTION('',(0.,1.,0.));
#4890 = DIRECTION('',(0.,0.,1.));
#4891 = ADVANCED_FACE('',(#4892),#4948,.F.);
#4892 = FACE_BOUND('',#4893,.F.);
#4893 = EDGE_LOOP('',(#4894,#4901,#4946,#4947));
#4894 = ORIENTED_EDGE('',*,*,#4895,.F.);
#4895 = EDGE_CURVE('',#4896,#1636,#4898,.T.);
#4896 = VERTEX_POINT('',#4897);
#4897 = CARTESIAN_POINT('',(57.58,46.85,-0.8));
#4898 = B_SPLINE_CURVE_WITH_KNOTS('',1,(#4899,#4900),.UNSPECIFIED.,.F.,
  .F.,(2,2),(0.,1.),.PIECEWISE_BEZIER_KNOTS.);
#4899 = CARTESIAN_POINT('',(57.5,46.85,-2.372E-14));
#4900 = CARTESIAN_POINT('',(59.236769795071,46.85,-17.3676979507));
#4901 = ORIENTED_EDGE('',*,*,#4902,.F.);
#4902 = EDGE_CURVE('',#4871,#4896,#4903,.T.);
#4903 = B_SPLINE_CURVE_WITH_KNOTS('',6,(#4904,#4905,#4906,#4907,#4908,
    #4909,#4910,#4911,#4912,#4913,#4914,#4915,#4916,#4917,#4918,#4919,
    #4920,#4921,#4922,#4923,#4924,#4925,#4926,#4927,#4928,#4929,#4930,
    #4931,#4932,#4933,#4934,#4935,#4936,#4937,#4938,#4939,#4940,#4941,
    #4942,#4943,#4944,#4945),.UNSPECIFIED.,.F.,.F.,(7,5,5,5,5,5,5,5,7),(
    0.,4.200026886577E-02,0.34099787554,0.365998035879,0.493998793183,
    0.510998902454,0.58999940563,0.745000238435,1.),.UNSPECIFIED.);
#4904 = CARTESIAN_POINT('',(55.348112739064,43.949999513613,-0.8));
#4905 = CARTESIAN_POINT('',(55.374743813795,43.957053190505,-0.8));
#4906 = CARTESIAN_POINT('',(55.401297159334,43.964400335469,-0.8));
#4907 = CARTESIAN_POINT('',(55.427768731933,43.972039877442,-0.8));
#4908 = CARTESIAN_POINT('',(55.454154509552,43.979970671683,-0.8));
#4909 = CARTESIAN_POINT('',(55.480450491853,43.988191499768,-0.8));
#4910 = CARTESIAN_POINT('',(55.693184781945,44.057280229694,-0.8));
#4911 = CARTESIAN_POINT('',(55.874974284745,44.132495843405,-0.8));
#4912 = CARTESIAN_POINT('',(56.050563674507,44.221877644396,-0.8));
#4913 = CARTESIAN_POINT('',(56.218594287958,44.324768134322,-0.8));
#4914 = CARTESIAN_POINT('',(56.377795026335,44.440353326736,-0.8));
#4915 = CARTESIAN_POINT('',(56.539478369628,44.57827963318,-0.8));
#4916 = CARTESIAN_POINT('',(56.551884293419,44.589004069764,-0.8));
#4917 = CARTESIAN_POINT('',(56.564219737349,44.599809766965,-0.8));
#4918 = CARTESIAN_POINT('',(56.576484036752,44.610696145109,-0.8));
#4919 = CARTESIAN_POINT('',(56.588676533336,44.621662617286,-0.8));
#4920 = CARTESIAN_POINT('',(56.662851158627,44.689263938247,-0.8));
#4921 = CARTESIAN_POINT('',(56.723006501944,44.74790344186,-0.8));
#4922 = CARTESIAN_POINT('',(56.781174861215,44.808547113482,-0.8));
#4923 = CARTESIAN_POINT('',(56.837273352813,44.87111045877,-0.8));
#4924 = CARTESIAN_POINT('',(56.891223953406,44.935504475755,-0.8));
#4925 = CARTESIAN_POINT('',(56.949823833873,45.010418706555,-0.8));
#4926 = CARTESIAN_POINT('',(56.956654992076,45.019232402549,-0.8));
#4927 = CARTESIAN_POINT('',(56.963446803702,45.028076524388,-0.8));
#4928 = CARTESIAN_POINT('',(56.970199099525,45.036950852387,-0.8));
#4929 = CARTESIAN_POINT('',(56.976911711956,45.045855165606,-0.8));
#4930 = CARTESIAN_POINT('',(57.014593195804,45.096306417296,-0.8));
#4931 = CARTESIAN_POINT('',(57.044741372277,45.138466341849,-0.8));
#4932 = CARTESIAN_POINT('',(57.074012332832,45.181246692784,-0.8));
#4933 = CARTESIAN_POINT('',(57.102390204999,45.224624612651,-0.8));
#4934 = CARTESIAN_POINT('',(57.12985991546,45.268576709276,-0.8));
#4935 = CARTESIAN_POINT('',(57.208493562998,45.40039369923,-0.8));
#4936 = CARTESIAN_POINT('',(57.257029211838,45.489826968544,-0.8));
#4937 = CARTESIAN_POINT('',(57.301906013391,45.581197527697,-0.8));
#4938 = CARTESIAN_POINT('',(57.343028766086,45.674318017328,-0.8));
#4939 = CARTESIAN_POINT('',(57.380315189972,45.768995054732,-0.8));
#4940 = CARTESIAN_POINT('',(57.468612276227,46.023019951304,-0.8));
#4941 = CARTESIAN_POINT('',(57.512959342871,46.184689146706,-0.8));
#4942 = CARTESIAN_POINT('',(57.546427280576,46.349143561277,-0.8));
#4943 = CARTESIAN_POINT('',(57.56880887994,46.515469813752,-0.8));
#4944 = CARTESIAN_POINT('',(57.58,46.682737117892,-0.8));
#4945 = CARTESIAN_POINT('',(57.58,46.85,-0.8));
#4946 = ORIENTED_EDGE('',*,*,#4878,.T.);
#4947 = ORIENTED_EDGE('',*,*,#1635,.T.);
#4948 = B_SPLINE_SURFACE_WITH_KNOTS('',8,1,(
    (#4949,#4950)
    ,(#4951,#4952)
    ,(#4953,#4954)
    ,(#4955,#4956)
    ,(#4957,#4958)
    ,(#4959,#4960)
    ,(#4961,#4962)
    ,(#4963,#4964)
    ,(#4965,#4966
    )),.UNSPECIFIED.,.F.,.F.,.F.,(9,9),(2,2),(8.99E-14,1.570796326795),(
    0.,1.),.PIECEWISE_BEZIER_KNOTS.);
#4949 = CARTESIAN_POINT('',(57.5,46.85,-2.372E-14));
#4950 = CARTESIAN_POINT('',(59.236769795071,46.85,-17.3676979507));
#4951 = CARTESIAN_POINT('',(57.5,46.260951377452,-2.398E-14));
#4952 = CARTESIAN_POINT('',(59.236769795071,46.260951377452,
    -17.3676979507));
#4953 = CARTESIAN_POINT('',(57.367817633117,45.671902569488,-2.424E-14)
  );
#4954 = CARTESIAN_POINT('',(59.104587428187,45.671902569488,
    -17.3676979507));
#4955 = CARTESIAN_POINT('',(57.103454197613,45.117460296995,-2.449E-14)
  );
#4956 = CARTESIAN_POINT('',(58.840223992685,45.117460296995,
    -17.3676979507));
#4957 = CARTESIAN_POINT('',(56.71777626734,44.632223732661,-2.471E-14));
#4958 = CARTESIAN_POINT('',(58.454546062411,44.632223732661,
    -17.36769795071));
#4959 = CARTESIAN_POINT('',(56.232539703005,44.246545802385,-2.488E-14)
  );
#4960 = CARTESIAN_POINT('',(57.969309498076,44.246545802385,
    -17.3676979507));
#4961 = CARTESIAN_POINT('',(55.678097430513,43.982182366884,-2.5E-14));
#4962 = CARTESIAN_POINT('',(57.414867225584,43.982182366884,
    -17.36769795071));
#4963 = CARTESIAN_POINT('',(55.089048622548,43.85,-2.505E-14));
#4964 = CARTESIAN_POINT('',(56.825818417619,43.85,-17.3676979507));
#4965 = CARTESIAN_POINT('',(54.5,43.85,-2.505E-14));
#4966 = CARTESIAN_POINT('',(56.236769795071,43.85,-17.3676979507));
#4967 = ADVANCED_FACE('',(#4968),#4984,.F.);
#4968 = FACE_BOUND('',#4969,.F.);
#4969 = EDGE_LOOP('',(#4970,#4977,#4982,#4983));
#4970 = ORIENTED_EDGE('',*,*,#4971,.F.);
#4971 = EDGE_CURVE('',#4972,#1663,#4974,.T.);
#4972 = VERTEX_POINT('',#4973);
#4973 = CARTESIAN_POINT('',(57.58,113.15,-0.8));
#4974 = B_SPLINE_CURVE_WITH_KNOTS('',1,(#4975,#4976),.UNSPECIFIED.,.F.,
  .F.,(2,2),(0.,1.),.PIECEWISE_BEZIER_KNOTS.);
#4975 = CARTESIAN_POINT('',(57.5,113.15,-9.E-15));
#4976 = CARTESIAN_POINT('',(59.236769795071,113.15,-17.3676979507));
#4977 = ORIENTED_EDGE('',*,*,#4978,.F.);
#4978 = EDGE_CURVE('',#4896,#4972,#4979,.T.);
#4979 = B_SPLINE_CURVE_WITH_KNOTS('',1,(#4980,#4981),.UNSPECIFIED.,.F.,
  .F.,(2,2),(0.,1.),.PIECEWISE_BEZIER_KNOTS.);
#4980 = CARTESIAN_POINT('',(57.58,45.863492539351,-0.8));
#4981 = CARTESIAN_POINT('',(57.58,114.13650746064,-0.8));
#4982 = ORIENTED_EDGE('',*,*,#4895,.T.);
#4983 = ORIENTED_EDGE('',*,*,#1662,.T.);
#4984 = B_SPLINE_SURFACE_WITH_KNOTS('',1,1,(
    (#4985,#4986)
    ,(#4987,#4988
    )),.UNSPECIFIED.,.F.,.F.,.F.,(2,2),(2,2),(0.,78.3),(0.,1.),
  .PIECEWISE_BEZIER_KNOTS.);
#4985 = CARTESIAN_POINT('',(57.5,119.15,-9.E-15));
#4986 = CARTESIAN_POINT('',(59.236769795071,117.41323020492,
    -17.3676979507));
#4987 = CARTESIAN_POINT('',(57.5,40.85,-9.E-15));
#4988 = CARTESIAN_POINT('',(59.236769795071,42.586769795071,
    -17.3676979507));
#4989 = ADVANCED_FACE('',(#4990),#5101,.T.);
#4990 = FACE_BOUND('',#4991,.T.);
#4991 = EDGE_LOOP('',(#4992,#4993,#5092,#5100));
#4992 = ORIENTED_EDGE('',*,*,#4971,.F.);
#4993 = ORIENTED_EDGE('',*,*,#4994,.F.);
#4994 = EDGE_CURVE('',#4995,#4972,#4997,.T.);
#4995 = VERTEX_POINT('',#4996);
#4996 = CARTESIAN_POINT('',(55.348114575409,116.05,-0.8));
#4997 = B_SPLINE_CURVE_WITH_KNOTS('',5,(#4998,#4999,#5000,#5001,#5002,
    #5003,#5004,#5005,#5006,#5007,#5008,#5009,#5010,#5011,#5012,#5013,
    #5014,#5015,#5016,#5017,#5018,#5019,#5020,#5021,#5022,#5023,#5024,
    #5025,#5026,#5027,#5028,#5029,#5030,#5031,#5032,#5033,#5034,#5035,
    #5036,#5037,#5038,#5039,#5040,#5041,#5042,#5043,#5044,#5045,#5046,
    #5047,#5048,#5049,#5050,#5051,#5052,#5053,#5054,#5055,#5056,#5057,
    #5058,#5059,#5060,#5061,#5062,#5063,#5064,#5065,#5066,#5067,#5068,
    #5069,#5070,#5071,#5072,#5073,#5074,#5075,#5076,#5077,#5078,#5079,
    #5080,#5081,#5082,#5083,#5084,#5085,#5086,#5087,#5088,#5089,#5090,
    #5091),.UNSPECIFIED.,.F.,.F.,(6,4,4,4,4,4,4,4,4,4,4,4,4,4,4,4,4,4,4,
    4,4,4,4,6),(0.,2.900004704545E-02,5.800009434309E-02,
    8.600014031797E-02,0.111000181629,0.147000241369,0.186000306286,
    0.204000336329,0.229000377982,0.258000426123,0.280000462511,
    0.295000487243,0.331000546219,0.356000587039,0.385000634238,
    0.408000671646,0.449000738205,0.468000769234,0.550000897431,
    0.570000930657,0.594000970631,0.609000995662,0.756001112037,1.),
  .UNSPECIFIED.);
#4998 = CARTESIAN_POINT('',(55.348112739064,116.05000048638,-0.8));
#4999 = CARTESIAN_POINT('',(55.370178486757,116.04415601123,-0.8));
#5000 = CARTESIAN_POINT('',(55.392188647218,116.03810166655,-0.8));
#5001 = CARTESIAN_POINT('',(55.414140558581,116.0318381574,-0.8));
#5002 = CARTESIAN_POINT('',(55.436031573351,116.02536623916,-0.8));
#5003 = CARTESIAN_POINT('',(55.479686543645,116.012007196,-0.8));
#5004 = CARTESIAN_POINT('',(55.501450499445,116.00512007099,-0.8));
#5005 = CARTESIAN_POINT('',(55.523148292678,115.99802614836,-0.8));
#5006 = CARTESIAN_POINT('',(55.544777306499,115.99072628366,-0.8));
#5007 = CARTESIAN_POINT('',(55.587149207716,115.97597527042,-0.8));
#5008 = CARTESIAN_POINT('',(55.607896933235,115.96853801846,-0.8));
#5009 = CARTESIAN_POINT('',(55.628575776202,115.96091044122,-0.8));
#5010 = CARTESIAN_POINT('',(55.649183411677,115.95309339627,-0.8));
#5011 = CARTESIAN_POINT('',(55.688051565306,115.93793991565,-0.8));
#5012 = CARTESIAN_POINT('',(55.706326993244,115.93064172253,-0.8));
#5013 = CARTESIAN_POINT('',(55.724542170705,115.92319384534,-0.8));
#5014 = CARTESIAN_POINT('',(55.74269546505,115.91559695164,-0.8));
#5015 = CARTESIAN_POINT('',(55.786834551712,115.89669862482,-0.8));
#5016 = CARTESIAN_POINT('',(55.812752165789,115.88523795278,-0.8));
#5017 = CARTESIAN_POINT('',(55.838533253889,115.87347179318,-0.8));
#5018 = CARTESIAN_POINT('',(55.864173024718,115.86140233272,-0.8));
#5019 = CARTESIAN_POINT('',(55.917284928828,115.83563053791,-0.8));
#5020 = CARTESIAN_POINT('',(55.944731706022,115.82187594593,-0.8));
#5021 = CARTESIAN_POINT('',(55.97200104392,115.80777101952,-0.8));
#5022 = CARTESIAN_POINT('',(55.99908699494,115.79331883503,-0.8));
#5023 = CARTESIAN_POINT('',(56.038397549615,115.77169359911,-0.8));
#5024 = CARTESIAN_POINT('',(56.050771094321,115.76479129274,-0.8));
#5025 = CARTESIAN_POINT('',(56.063103747446,115.75781601925,-0.8));
#5026 = CARTESIAN_POINT('',(56.075394935945,115.75076810275,-0.8));
#5027 = CARTESIAN_POINT('',(56.104656805335,115.73375866771,-0.8));
#5028 = CARTESIAN_POINT('',(56.121588436344,115.72372997026,-0.8));
#5029 = CARTESIAN_POINT('',(56.13843745849,115.71356266831,-0.8));
#5030 = CARTESIAN_POINT('',(56.155202361583,115.70325767315,-0.8));
#5031 = CARTESIAN_POINT('',(56.19122962527,115.68070348826,-0.8));
#5032 = CARTESIAN_POINT('',(56.210462397764,115.66840703514,-0.8));
#5033 = CARTESIAN_POINT('',(56.229577633854,115.65592802266,-0.8));
#5034 = CARTESIAN_POINT('',(56.248573028161,115.64326795584,-0.8));
#5035 = CARTESIAN_POINT('',(56.28176396133,115.62068801845,-0.8));
#5036 = CARTESIAN_POINT('',(56.296011338958,115.61084434691,-0.8));
#5037 = CARTESIAN_POINT('',(56.310187442875,115.60089804513,-0.8));
#5038 = CARTESIAN_POINT('',(56.324291289107,115.59084980351,-0.8));
#5039 = CARTESIAN_POINT('',(56.347888231678,115.57378022875,-0.8));
#5040 = CARTESIAN_POINT('',(56.357420516074,115.56681306903,-0.8));
#5041 = CARTESIAN_POINT('',(56.366918448116,115.55979907076,-0.8));
#5042 = CARTESIAN_POINT('',(56.376381721323,115.55273846027,-0.8));
#5043 = CARTESIAN_POINT('',(56.408437975475,115.52857468302,-0.8));
#5044 = CARTESIAN_POINT('',(56.430864532472,115.51125073349,-0.8));
#5045 = CARTESIAN_POINT('',(56.453085495573,115.49366278943,-0.8));
#5046 = CARTESIAN_POINT('',(56.475096735115,115.47581411948,-0.8));
#5047 = CARTESIAN_POINT('',(56.512031325982,115.44513445814,-0.8));
#5048 = CARTESIAN_POINT('',(56.5270653594,115.43243671379,-0.8));
#5049 = CARTESIAN_POINT('',(56.541994941888,115.41961598392,-0.8));
#5050 = CARTESIAN_POINT('',(56.556818735298,115.40667341767,-0.8));
#5051 = CARTESIAN_POINT('',(56.588606774871,115.37845683757,-0.8));
#5052 = CARTESIAN_POINT('',(56.605534004556,115.36314112163,-0.8));
#5053 = CARTESIAN_POINT('',(56.622315050008,115.3476648663,-0.8));
#5054 = CARTESIAN_POINT('',(56.638947887361,115.33202993807,-0.8));
#5055 = CARTESIAN_POINT('',(56.668502967573,115.30371379331,-0.8));
#5056 = CARTESIAN_POINT('',(56.681480931451,115.29109073552,-0.8));
#5057 = CARTESIAN_POINT('',(56.694363428013,115.27837001889,-0.8));
#5058 = CARTESIAN_POINT('',(56.707149479941,115.26555260845,-0.8));
#5059 = CARTESIAN_POINT('',(56.742457012489,115.22962043612,-0.8));
#5060 = CARTESIAN_POINT('',(56.764766370303,115.20629723774,-0.8));
#5061 = CARTESIAN_POINT('',(56.786760743153,115.18267544015,-0.8));
#5062 = CARTESIAN_POINT('',(56.808434829416,115.15876073726,-0.8));
#5063 = CARTESIAN_POINT('',(56.839676758099,115.1233435103,-0.8));
#5064 = CARTESIAN_POINT('',(56.849500147514,115.11206640595,-0.8));
#5065 = CARTESIAN_POINT('',(56.859253136612,115.10072823325,-0.8));
#5066 = CARTESIAN_POINT('',(56.868935220464,115.08932957919,-0.8));
#5067 = CARTESIAN_POINT('',(56.920023574406,115.02841838502,-0.8));
#5068 = CARTESIAN_POINT('',(56.96017131147,114.97785023501,-0.8));
#5069 = CARTESIAN_POINT('',(56.99894906568,114.9262143369,-0.8));
#5070 = CARTESIAN_POINT('',(57.036319467592,114.87356045138,-0.8));
#5071 = CARTESIAN_POINT('',(57.081010840206,114.80686227508,-0.8));
#5072 = CARTESIAN_POINT('',(57.089688071127,114.79372672033,-0.8));
#5073 = CARTESIAN_POINT('',(57.098279015295,114.78053443595,-0.8));
#5074 = CARTESIAN_POINT('',(57.106783179891,114.76728617872,-0.8));
#5075 = CARTESIAN_POINT('',(57.125300364629,114.73801855159,-0.8));
#5076 = CARTESIAN_POINT('',(57.135274989333,114.72197488938,-0.8));
#5077 = CARTESIAN_POINT('',(57.145123121677,114.70585304417,-0.8));
#5078 = CARTESIAN_POINT('',(57.154843948165,114.6896543477,-0.8));
#5079 = CARTESIAN_POINT('',(57.17043213135,114.66320876745,-0.8));
#5080 = CARTESIAN_POINT('',(57.176377548015,114.65300789556,-0.8));
#5081 = CARTESIAN_POINT('',(57.182272732786,114.64277785707,-0.8));
#5082 = CARTESIAN_POINT('',(57.188117495434,114.63251898208,-0.8));
#5083 = CARTESIAN_POINT('',(57.250694303929,114.52141537176,-0.8));
#5084 = CARTESIAN_POINT('',(57.302616685329,114.4178611375,-0.8));
#5085 = CARTESIAN_POINT('',(57.349502168188,114.31188262105,-0.8));
#5086 = CARTESIAN_POINT('',(57.391205767374,114.20380754129,-0.8));
#5087 = CARTESIAN_POINT('',(57.488046755433,113.91167585458,-0.8));
#5088 = CARTESIAN_POINT('',(57.533892159545,113.72453283749,-0.8));
#5089 = CARTESIAN_POINT('',(57.564630386615,113.53412008389,-0.8));
#5090 = CARTESIAN_POINT('',(57.58,113.34205736769,-0.8));
#5091 = CARTESIAN_POINT('',(57.58,113.15,-0.8));
#5092 = ORIENTED_EDGE('',*,*,#5093,.T.);
#5093 = EDGE_CURVE('',#4995,#1670,#5094,.T.);
#5094 = B_SPLINE_CURVE_WITH_KNOTS('',4,(#5095,#5096,#5097,#5098,#5099),
  .UNSPECIFIED.,.F.,.F.,(5,5),(0.,1.),.PIECEWISE_BEZIER_KNOTS.);
#5095 = CARTESIAN_POINT('',(55.268114575409,116.05,-1.066E-14));
#5096 = CARTESIAN_POINT('',(55.622958572512,116.05,-3.548439971034));
#5097 = CARTESIAN_POINT('',(55.977802569616,116.05,-7.096879942068));
#5098 = CARTESIAN_POINT('',(56.332646566719,116.05,-10.6453199131));
#5099 = CARTESIAN_POINT('',(56.687490563823,116.05,-14.19375988413));
#5100 = ORIENTED_EDGE('',*,*,#1669,.T.);
#5101 = B_SPLINE_SURFACE_WITH_KNOTS('',8,1,(
    (#5102,#5103)
    ,(#5104,#5105)
    ,(#5106,#5107)
    ,(#5108,#5109)
    ,(#5110,#5111)
    ,(#5112,#5113)
    ,(#5114,#5115)
    ,(#5116,#5117)
    ,(#5118,#5119
    )),.UNSPECIFIED.,.F.,.F.,.F.,(9,9),(2,2),(8.99E-14,1.570796326795),(
    0.,1.),.PIECEWISE_BEZIER_KNOTS.);
#5102 = CARTESIAN_POINT('',(57.5,113.15,-9.E-15));
#5103 = CARTESIAN_POINT('',(59.236769795071,113.15,-17.3676979507));
#5104 = CARTESIAN_POINT('',(57.5,113.73904862254,-9.E-15));
#5105 = CARTESIAN_POINT('',(59.236769795071,113.73904862254,
    -17.3676979507));
#5106 = CARTESIAN_POINT('',(57.367817633117,114.32809743051,-9.E-15));
#5107 = CARTESIAN_POINT('',(59.104587428187,114.32809743051,
    -17.3676979507));
#5108 = CARTESIAN_POINT('',(57.103454197613,114.882539703,-9.E-15));
#5109 = CARTESIAN_POINT('',(58.840223992685,114.882539703,-17.3676979507
    ));
#5110 = CARTESIAN_POINT('',(56.71777626734,115.36777626733,-9.E-15));
#5111 = CARTESIAN_POINT('',(58.454546062411,115.36777626733,
    -17.36769795071));
#5112 = CARTESIAN_POINT('',(56.232539703005,115.75345419761,-9.E-15));
#5113 = CARTESIAN_POINT('',(57.969309498076,115.75345419761,
    -17.3676979507));
#5114 = CARTESIAN_POINT('',(55.678097430513,116.01781763311,-9.E-15));
#5115 = CARTESIAN_POINT('',(57.414867225584,116.01781763311,
    -17.3676979507));
#5116 = CARTESIAN_POINT('',(55.089048622548,116.15,-9.E-15));
#5117 = CARTESIAN_POINT('',(56.825818417619,116.15,-17.3676979507));
#5118 = CARTESIAN_POINT('',(54.5,116.15,-9.E-15));
#5119 = CARTESIAN_POINT('',(56.236769795071,116.15,-17.3676979507));
#5120 = ADVANCED_FACE('',(#5121),#5186,.F.);
#5121 = FACE_BOUND('',#5122,.F.);
#5122 = EDGE_LOOP('',(#5123,#5131,#5139,#5147,#5153,#5154,#5162,#5170,
    #5178,#5184,#5185));
#5123 = ORIENTED_EDGE('',*,*,#5124,.F.);
#5124 = EDGE_CURVE('',#5125,#1697,#5127,.T.);
#5125 = VERTEX_POINT('',#5126);
#5126 = CARTESIAN_POINT('',(-42.08662713929,116.05,-70.5));
#5127 = LINE('',#5128,#5129);
#5128 = CARTESIAN_POINT('',(-49.25916979427,116.05,-70.5));
#5129 = VECTOR('',#5130,1.);
#5130 = DIRECTION('',(1.,0.,0.));
#5131 = ORIENTED_EDGE('',*,*,#5132,.T.);
#5132 = EDGE_CURVE('',#5125,#5133,#5135,.T.);
#5133 = VERTEX_POINT('',#5134);
#5134 = CARTESIAN_POINT('',(-48.70584535064,116.05,-20.2220460481));
#5135 = LINE('',#5136,#5137);
#5136 = CARTESIAN_POINT('',(-42.14008997465,116.05,-70.09390944842));
#5137 = VECTOR('',#5138,1.);
#5138 = DIRECTION('',(-0.13052619222,-4.4E-16,0.991444861374));
#5139 = ORIENTED_EDGE('',*,*,#5140,.T.);
#5140 = EDGE_CURVE('',#5133,#5141,#5143,.T.);
#5141 = VERTEX_POINT('',#5142);
#5142 = CARTESIAN_POINT('',(-46.54929804075,116.05,-17.73853880716));
#5143 = LINE('',#5144,#5145);
#5144 = CARTESIAN_POINT('',(-49.62407917779,116.05,-21.27949577254));
#5145 = VECTOR('',#5146,1.);
#5146 = DIRECTION('',(0.655654995826,-3.4E-16,0.755060611109));
#5147 = ORIENTED_EDGE('',*,*,#5148,.T.);
#5148 = EDGE_CURVE('',#5141,#2711,#5149,.T.);
#5149 = LINE('',#5150,#5151);
#5150 = CARTESIAN_POINT('',(-47.05319111174,116.05,-16.09037883647));
#5151 = VECTOR('',#5152,1.);
#5152 = DIRECTION('',(-0.292371704723,-4.2E-16,0.956304755963));
#5153 = ORIENTED_EDGE('',*,*,#2710,.T.);
#5154 = ORIENTED_EDGE('',*,*,#5155,.T.);
#5155 = EDGE_CURVE('',#2703,#5156,#5158,.T.);
#5156 = VERTEX_POINT('',#5157);
#5157 = CARTESIAN_POINT('',(51.5,116.05,-1.));
#5158 = LINE('',#5159,#5160);
#5159 = CARTESIAN_POINT('',(51.5,116.05,-12.70976630075));
#5160 = VECTOR('',#5161,1.);
#5161 = DIRECTION('',(0.,0.,-1.));
#5162 = ORIENTED_EDGE('',*,*,#5163,.T.);
#5163 = EDGE_CURVE('',#5156,#5164,#5166,.T.);
#5164 = VERTEX_POINT('',#5165);
#5165 = CARTESIAN_POINT('',(53.3,116.05,-1.));
#5166 = LINE('',#5167,#5168);
#5167 = CARTESIAN_POINT('',(23.407314845708,116.05,-1.));
#5168 = VECTOR('',#5169,1.);
#5169 = DIRECTION('',(1.,0.,0.));
#5170 = ORIENTED_EDGE('',*,*,#5171,.T.);
#5171 = EDGE_CURVE('',#5164,#5172,#5174,.T.);
#5172 = VERTEX_POINT('',#5173);
#5173 = CARTESIAN_POINT('',(53.5,116.05,-0.8));
#5174 = LINE('',#5175,#5176);
#5175 = CARTESIAN_POINT('',(32.394975850139,116.05,-21.90502414986));
#5176 = VECTOR('',#5177,1.);
#5177 = DIRECTION('',(0.707106781187,0.,0.707106781187));
#5178 = ORIENTED_EDGE('',*,*,#5179,.T.);
#5179 = EDGE_CURVE('',#5172,#4995,#5180,.T.);
#5180 = LINE('',#5181,#5182);
#5181 = CARTESIAN_POINT('',(-2.136651896123,116.05,-0.8));
#5182 = VECTOR('',#5183,1.);
#5183 = DIRECTION('',(1.,0.,0.));
#5184 = ORIENTED_EDGE('',*,*,#5093,.T.);
#5185 = ORIENTED_EDGE('',*,*,#1696,.F.);
#5186 = PLANE('',#5187);
#5187 = AXIS2_PLACEMENT_3D('',#5188,#5189,#5190);
#5188 = CARTESIAN_POINT('',(-6.485370308585,116.05,-26.03472629086));
#5189 = DIRECTION('',(0.,1.,0.));
#5190 = DIRECTION('',(0.,0.,1.));
#5191 = ADVANCED_FACE('',(#5192),#5260,.T.);
#5192 = FACE_BOUND('',#5193,.T.);
#5193 = EDGE_LOOP('',(#5194,#5195,#5196,#5205,#5213,#5221,#5229,#5237,
    #5245,#5254));
#5194 = ORIENTED_EDGE('',*,*,#1704,.T.);
#5195 = ORIENTED_EDGE('',*,*,#5124,.F.);
#5196 = ORIENTED_EDGE('',*,*,#5197,.F.);
#5197 = EDGE_CURVE('',#5198,#5125,#5200,.T.);
#5198 = VERTEX_POINT('',#5199);
#5199 = CARTESIAN_POINT('',(-45.22465395195,112.15,-70.5));
#5200 = ELLIPSE('',#5201,4.034515842321,4.);
#5201 = AXIS2_PLACEMENT_3D('',#5202,#5203,#5204);
#5202 = CARTESIAN_POINT('',(-41.19013810963,112.15,-70.5));
#5203 = DIRECTION('',(7.9E-16,2.840166546292E-48,-1.));
#5204 = DIRECTION('',(-1.,-3.37E-15,-7.9E-16));
#5205 = ORIENTED_EDGE('',*,*,#5206,.T.);
#5206 = EDGE_CURVE('',#5198,#5207,#5209,.T.);
#5207 = VERTEX_POINT('',#5208);
#5208 = CARTESIAN_POINT('',(-45.22465395195,95.,-70.5));
#5209 = LINE('',#5210,#5211);
#5210 = CARTESIAN_POINT('',(-45.22465395195,119.75,-70.5));
#5211 = VECTOR('',#5212,1.);
#5212 = DIRECTION('',(0.,-1.,2.2E-16));
#5213 = ORIENTED_EDGE('',*,*,#5214,.T.);
#5214 = EDGE_CURVE('',#5207,#5215,#5217,.T.);
#5215 = VERTEX_POINT('',#5216);
#5216 = CARTESIAN_POINT('',(-49.25916979427,95.,-70.5));
#5217 = LINE('',#5218,#5219);
#5218 = CARTESIAN_POINT('',(-51.6507988865,95.,-70.5));
#5219 = VECTOR('',#5220,1.);
#5220 = DIRECTION('',(-1.,-0.,-7.9E-16));
#5221 = ORIENTED_EDGE('',*,*,#5222,.F.);
#5222 = EDGE_CURVE('',#5223,#5215,#5225,.T.);
#5223 = VERTEX_POINT('',#5224);
#5224 = CARTESIAN_POINT('',(-49.25916979427,145.,-70.5));
#5225 = LINE('',#5226,#5227);
#5226 = CARTESIAN_POINT('',(-49.25916979427,119.75,-70.5));
#5227 = VECTOR('',#5228,1.);
#5228 = DIRECTION('',(0.,-1.,2.2E-16));
#5229 = ORIENTED_EDGE('',*,*,#5230,.T.);
#5230 = EDGE_CURVE('',#5223,#5231,#5233,.T.);
#5231 = VERTEX_POINT('',#5232);
#5232 = CARTESIAN_POINT('',(-45.22465395195,145.,-70.5));
#5233 = LINE('',#5234,#5235);
#5234 = CARTESIAN_POINT('',(-51.6507988865,145.,-70.5));
#5235 = VECTOR('',#5236,1.);
#5236 = DIRECTION('',(1.,0.,7.9E-16));
#5237 = ORIENTED_EDGE('',*,*,#5238,.T.);
#5238 = EDGE_CURVE('',#5231,#5239,#5241,.T.);
#5239 = VERTEX_POINT('',#5240);
#5240 = CARTESIAN_POINT('',(-45.22465395195,127.85,-70.5));
#5241 = LINE('',#5242,#5243);
#5242 = CARTESIAN_POINT('',(-45.22465395195,199.75,-70.5));
#5243 = VECTOR('',#5244,1.);
#5244 = DIRECTION('',(0.,-1.,2.2E-16));
#5245 = ORIENTED_EDGE('',*,*,#5246,.F.);
#5246 = EDGE_CURVE('',#5247,#5239,#5249,.T.);
#5247 = VERTEX_POINT('',#5248);
#5248 = CARTESIAN_POINT('',(-42.08662713929,123.95,-70.5));
#5249 = ELLIPSE('',#5250,4.034515842321,4.);
#5250 = AXIS2_PLACEMENT_3D('',#5251,#5252,#5253);
#5251 = CARTESIAN_POINT('',(-41.19013810963,127.85,-70.5));
#5252 = DIRECTION('',(7.9E-16,0.,-1.));
#5253 = DIRECTION('',(-1.,0.,-7.9E-16));
#5254 = ORIENTED_EDGE('',*,*,#5255,.T.);
#5255 = EDGE_CURVE('',#5247,#1705,#5256,.T.);
#5256 = LINE('',#5257,#5258);
#5257 = CARTESIAN_POINT('',(-49.25916979427,123.95,-70.5));
#5258 = VECTOR('',#5259,1.);
#5259 = DIRECTION('',(1.,0.,0.));
#5260 = PLANE('',#5261);
#5261 = AXIS2_PLACEMENT_3D('',#5262,#5263,#5264);
#5262 = CARTESIAN_POINT('',(-40.98594672538,120.,-70.5));
#5263 = DIRECTION('',(3.5E-16,2.6E-16,-1.));
#5264 = DIRECTION('',(-1.,0.,-3.5E-16));
#5265 = ADVANCED_FACE('',(#5266),#5333,.T.);
#5266 = FACE_BOUND('',#5267,.T.);
#5267 = EDGE_LOOP('',(#5268,#5269,#5277,#5285,#5291,#5292,#5300,#5308,
    #5316,#5324,#5332));
#5268 = ORIENTED_EDGE('',*,*,#5255,.F.);
#5269 = ORIENTED_EDGE('',*,*,#5270,.T.);
#5270 = EDGE_CURVE('',#5247,#5271,#5273,.T.);
#5271 = VERTEX_POINT('',#5272);
#5272 = CARTESIAN_POINT('',(-48.70584535064,123.95,-20.2220460481));
#5273 = LINE('',#5274,#5275);
#5274 = CARTESIAN_POINT('',(-42.14008997465,123.95,-70.09390944842));
#5275 = VECTOR('',#5276,1.);
#5276 = DIRECTION('',(-0.13052619222,0.,0.991444861374));
#5277 = ORIENTED_EDGE('',*,*,#5278,.T.);
#5278 = EDGE_CURVE('',#5271,#5279,#5281,.T.);
#5279 = VERTEX_POINT('',#5280);
#5280 = CARTESIAN_POINT('',(-46.54929804075,123.95,-17.73853880716));
#5281 = LINE('',#5282,#5283);
#5282 = CARTESIAN_POINT('',(-49.62407917779,123.95,-21.27949577254));
#5283 = VECTOR('',#5284,1.);
#5284 = DIRECTION('',(0.655654995826,0.,0.755060611109));
#5285 = ORIENTED_EDGE('',*,*,#5286,.T.);
#5286 = EDGE_CURVE('',#5279,#2296,#5287,.T.);
#5287 = LINE('',#5288,#5289);
#5288 = CARTESIAN_POINT('',(-47.05319111174,123.95,-16.09037883647));
#5289 = VECTOR('',#5290,1.);
#5290 = DIRECTION('',(-0.292371704723,0.,0.956304755963));
#5291 = ORIENTED_EDGE('',*,*,#2304,.T.);
#5292 = ORIENTED_EDGE('',*,*,#5293,.T.);
#5293 = EDGE_CURVE('',#2305,#5294,#5296,.T.);
#5294 = VERTEX_POINT('',#5295);
#5295 = CARTESIAN_POINT('',(51.5,123.95,-1.));
#5296 = LINE('',#5297,#5298);
#5297 = CARTESIAN_POINT('',(51.5,123.95,-12.70976630075));
#5298 = VECTOR('',#5299,1.);
#5299 = DIRECTION('',(0.,0.,-1.));
#5300 = ORIENTED_EDGE('',*,*,#5301,.T.);
#5301 = EDGE_CURVE('',#5294,#5302,#5304,.T.);
#5302 = VERTEX_POINT('',#5303);
#5303 = CARTESIAN_POINT('',(53.3,123.95,-1.));
#5304 = LINE('',#5305,#5306);
#5305 = CARTESIAN_POINT('',(23.407314845708,123.95,-1.));
#5306 = VECTOR('',#5307,1.);
#5307 = DIRECTION('',(1.,0.,0.));
#5308 = ORIENTED_EDGE('',*,*,#5309,.T.);
#5309 = EDGE_CURVE('',#5302,#5310,#5312,.T.);
#5310 = VERTEX_POINT('',#5311);
#5311 = CARTESIAN_POINT('',(53.5,123.95,-0.8));
#5312 = LINE('',#5313,#5314);
#5313 = CARTESIAN_POINT('',(32.394975850139,123.95,-21.90502414986));
#5314 = VECTOR('',#5315,1.);
#5315 = DIRECTION('',(0.707106781187,0.,0.707106781187));
#5316 = ORIENTED_EDGE('',*,*,#5317,.T.);
#5317 = EDGE_CURVE('',#5310,#5318,#5320,.T.);
#5318 = VERTEX_POINT('',#5319);
#5319 = CARTESIAN_POINT('',(55.348114575409,123.95,-0.8));
#5320 = LINE('',#5321,#5322);
#5321 = CARTESIAN_POINT('',(-2.136651896123,123.95,-0.8));
#5322 = VECTOR('',#5323,1.);
#5323 = DIRECTION('',(1.,0.,0.));
#5324 = ORIENTED_EDGE('',*,*,#5325,.T.);
#5325 = EDGE_CURVE('',#5318,#1713,#5326,.T.);
#5326 = B_SPLINE_CURVE_WITH_KNOTS('',4,(#5327,#5328,#5329,#5330,#5331),
  .UNSPECIFIED.,.F.,.F.,(5,5),(0.,1.),.PIECEWISE_BEZIER_KNOTS.);
#5327 = CARTESIAN_POINT('',(55.268114575409,123.95,-3.553E-14));
#5328 = CARTESIAN_POINT('',(55.622958572512,123.95,-3.548439971034));
#5329 = CARTESIAN_POINT('',(55.977802569616,123.95,-7.096879942068));
#5330 = CARTESIAN_POINT('',(56.332646566719,123.95,-10.6453199131));
#5331 = CARTESIAN_POINT('',(56.687490563822,123.95,-14.19375988413));
#5332 = ORIENTED_EDGE('',*,*,#1712,.F.);
#5333 = PLANE('',#5334);
#5334 = AXIS2_PLACEMENT_3D('',#5335,#5336,#5337);
#5335 = CARTESIAN_POINT('',(-6.485370308585,123.95,-26.03472629086));
#5336 = DIRECTION('',(0.,1.,0.));
#5337 = DIRECTION('',(0.,0.,1.));
#5338 = ADVANCED_FACE('',(#5339),#5424,.F.);
#5339 = FACE_BOUND('',#5340,.F.);
#5340 = EDGE_LOOP('',(#5341,#5348,#5422,#5423));
#5341 = ORIENTED_EDGE('',*,*,#5342,.F.);
#5342 = EDGE_CURVE('',#5343,#1721,#5345,.T.);
#5343 = VERTEX_POINT('',#5344);
#5344 = CARTESIAN_POINT('',(57.58,126.85,-0.8));
#5345 = B_SPLINE_CURVE_WITH_KNOTS('',1,(#5346,#5347),.UNSPECIFIED.,.F.,
  .F.,(2,2),(0.,1.),.PIECEWISE_BEZIER_KNOTS.);
#5346 = CARTESIAN_POINT('',(57.5,126.85,-3.272E-14));
#5347 = CARTESIAN_POINT('',(59.236769795071,126.85,-17.3676979507));
#5348 = ORIENTED_EDGE('',*,*,#5349,.F.);
#5349 = EDGE_CURVE('',#5318,#5343,#5350,.T.);
#5350 = B_SPLINE_CURVE_WITH_KNOTS('',4,(#5351,#5352,#5353,#5354,#5355,
    #5356,#5357,#5358,#5359,#5360,#5361,#5362,#5363,#5364,#5365,#5366,
    #5367,#5368,#5369,#5370,#5371,#5372,#5373,#5374,#5375,#5376,#5377,
    #5378,#5379,#5380,#5381,#5382,#5383,#5384,#5385,#5386,#5387,#5388,
    #5389,#5390,#5391,#5392,#5393,#5394,#5395,#5396,#5397,#5398,#5399,
    #5400,#5401,#5402,#5403,#5404,#5405,#5406,#5407,#5408,#5409,#5410,
    #5411,#5412,#5413,#5414,#5415,#5416,#5417,#5418,#5419,#5420,#5421),
  .UNSPECIFIED.,.F.,.F.,(5,3,3,3,3,3,3,3,3,3,3,3,3,3,3,3,3,3,3,3,3,3,3,5
    ),(0.,2.900001528576E-02,6.20000329621E-02,0.105000056441,
    0.131000071095,0.160000087618,0.188000103665,0.217000120256,
    0.243000135034,0.264000146863,0.300000166745,0.3310001836,
    0.34600019169,0.374000206645,0.393000216756,0.440000241358,
    0.473000259035,0.490000268278,0.530000290175,0.551000301954,
    0.585000321188,0.771000012671,0.918999960087,1.),.UNSPECIFIED.);
#5351 = CARTESIAN_POINT('',(55.348112739064,123.94999951361,-0.8));
#5352 = CARTESIAN_POINT('',(55.37569492368,123.95730510755,-0.8));
#5353 = CARTESIAN_POINT('',(55.403184462909,123.96496048403,-0.8));
#5354 = CARTESIAN_POINT('',(55.430574702088,123.97296388044,-0.8));
#5355 = CARTESIAN_POINT('',(55.488906774476,123.99081432605,-0.8));
#5356 = CARTESIAN_POINT('',(55.519817384936,124.00076340801,-0.8));
#5357 = CARTESIAN_POINT('',(55.550581189625,124.01115755988,-0.8));
#5358 = CARTESIAN_POINT('',(55.621071043348,124.03611281952,-0.8));
#5359 = CARTESIAN_POINT('',(55.660687967118,124.05098217447,-0.8));
#5360 = CARTESIAN_POINT('',(55.700018237995,124.06659397003,-0.8));
#5361 = CARTESIAN_POINT('',(55.762636403813,124.09282289885,-0.8));
#5362 = CARTESIAN_POINT('',(55.78611928531,124.10297453179,-0.8));
#5363 = CARTESIAN_POINT('',(55.80948522144,124.11339251643,-0.8));
#5364 = CARTESIAN_POINT('',(55.858656243462,124.13598961505,-0.8));
#5365 = CARTESIAN_POINT('',(55.884431685119,124.14823323546,-0.8));
#5366 = CARTESIAN_POINT('',(55.910049774268,124.16080276775,-0.8));
#5367 = CARTESIAN_POINT('',(55.960081220264,124.18614287193,-0.8));
#5368 = CARTESIAN_POINT('',(55.984505658526,124.19889156568,-0.8));
#5369 = CARTESIAN_POINT('',(56.008772156713,124.21193838301,-0.8));
#5370 = CARTESIAN_POINT('',(56.057839257054,124.23909876115,-0.8));
#5371 = CARTESIAN_POINT('',(56.082627982585,124.25323377881,-0.8));
#5372 = CARTESIAN_POINT('',(56.107235447357,124.26768204221,-0.8));
#5373 = CARTESIAN_POINT('',(56.153549832483,124.29567125489,-0.8));
#5374 = CARTESIAN_POINT('',(56.175293471523,124.30915144566,-0.8));
#5375 = CARTESIAN_POINT('',(56.19688243086,124.32287799717,-0.8));
#5376 = CARTESIAN_POINT('',(56.235621500688,124.34813182576,-0.8));
#5377 = CARTESIAN_POINT('',(56.252826827798,124.35957440155,-0.8));
#5378 = CARTESIAN_POINT('',(56.269926346304,124.37117450018,-0.8));
#5379 = CARTESIAN_POINT('',(56.316046295595,124.40308400726,-0.8));
#5380 = CARTESIAN_POINT('',(56.344857420514,124.42369593426,-0.8));
#5381 = CARTESIAN_POINT('',(56.373340450688,124.44475892182,-0.8));
#5382 = CARTESIAN_POINT('',(56.425720437204,124.48478407321,-0.8));
#5383 = CARTESIAN_POINT('',(56.44970490774,124.50363171098,-0.8));
#5384 = CARTESIAN_POINT('',(56.473431651081,124.52280278101,-0.8));
#5385 = CARTESIAN_POINT('',(56.508247044162,124.55172213395,-0.8));
#5386 = CARTESIAN_POINT('',(56.519538033311,124.56122682531,-0.8));
#5387 = CARTESIAN_POINT('',(56.53076643335,124.57080537563,-0.8));
#5388 = CARTESIAN_POINT('',(56.562773025505,124.59847382974,-0.8));
#5389 = CARTESIAN_POINT('',(56.583393928332,124.61674568453,-0.8));
#5390 = CARTESIAN_POINT('',(56.603789544649,124.63526867418,-0.8));
#5391 = CARTESIAN_POINT('',(56.637639270721,124.66677529695,-0.8));
#5392 = CARTESIAN_POINT('',(56.651217378939,124.67962571035,-0.8));
#5393 = CARTESIAN_POINT('',(56.66468824654,124.69258849837,-0.8));
#5394 = CARTESIAN_POINT('',(56.711104459677,124.73800278128,-0.8));
#5395 = CARTESIAN_POINT('',(56.743493746902,124.77102260613,-0.8));
#5396 = CARTESIAN_POINT('',(56.775197399342,124.80470128161,-0.8));
#5397 = CARTESIAN_POINT('',(56.827960579684,124.86311111023,-0.8));
#5398 = CARTESIAN_POINT('',(56.849377699662,124.887519245,-0.8));
#5399 = CARTESIAN_POINT('',(56.870440327664,124.9122339324,-0.8));
#5400 = CARTESIAN_POINT('',(56.901806491757,124.95013306153,-0.8));
#5401 = CARTESIAN_POINT('',(56.912375195801,124.96309804496,-0.8));
#5402 = CARTESIAN_POINT('',(56.922847223955,124.97614123962,-0.8));
#5403 = CARTESIAN_POINT('',(56.95763228619,125.02013289493,-0.8));
#5404 = CARTESIAN_POINT('',(56.981502865652,125.05143121467,-0.8));
#5405 = CARTESIAN_POINT('',(57.004822248367,125.08314234479,-0.8));
#5406 = CARTESIAN_POINT('',(57.039527799657,125.13210887509,-0.8));
#5407 = CARTESIAN_POINT('',(57.051320809519,125.14907592367,-0.8));
#5408 = CARTESIAN_POINT('',(57.06295750494,125.16615055804,-0.8));
#5409 = CARTESIAN_POINT('',(57.093021366269,125.21114591886,-0.8));
#5410 = CARTESIAN_POINT('',(57.111192743176,125.23923755263,-0.8));
#5411 = CARTESIAN_POINT('',(57.128944400761,125.26759628109,-0.8));
#5412 = CARTESIAN_POINT('',(57.241054843689,125.45276043705,-0.8));
#5413 = CARTESIAN_POINT('',(57.323107316393,125.61701996442,-0.8));
#5414 = CARTESIAN_POINT('',(57.391481966928,125.7874274394,-0.8));
#5415 = CARTESIAN_POINT('',(57.488728753954,126.10133341778,-0.8));
#5416 = CARTESIAN_POINT('',(57.522818197245,126.24321922928,-0.8));
#5417 = CARTESIAN_POINT('',(57.547633987257,126.38701717873,-0.8));
#5418 = CARTESIAN_POINT('',(57.571531302131,126.61106076166,-0.8));
#5419 = CARTESIAN_POINT('',(57.577177097507,126.69060710503,-0.8));
#5420 = CARTESIAN_POINT('',(57.58,126.77030357316,-0.8));
#5421 = CARTESIAN_POINT('',(57.58,126.85,-0.8));
#5422 = ORIENTED_EDGE('',*,*,#5325,.T.);
#5423 = ORIENTED_EDGE('',*,*,#1720,.T.);
#5424 = B_SPLINE_SURFACE_WITH_KNOTS('',8,1,(
    (#5425,#5426)
    ,(#5427,#5428)
    ,(#5429,#5430)
    ,(#5431,#5432)
    ,(#5433,#5434)
    ,(#5435,#5436)
    ,(#5437,#5438)
    ,(#5439,#5440)
    ,(#5441,#5442
    )),.UNSPECIFIED.,.F.,.F.,.F.,(9,9),(2,2),(8.99E-14,1.570796326795),(
    0.,1.),.PIECEWISE_BEZIER_KNOTS.);
#5425 = CARTESIAN_POINT('',(57.5,126.85,-3.272E-14));
#5426 = CARTESIAN_POINT('',(59.236769795071,126.85,-17.3676979507));
#5427 = CARTESIAN_POINT('',(57.5,126.26095137745,-3.298E-14));
#5428 = CARTESIAN_POINT('',(59.236769795071,126.26095137745,
    -17.3676979507));
#5429 = CARTESIAN_POINT('',(57.367817633117,125.67190256948,-3.324E-14)
  );
#5430 = CARTESIAN_POINT('',(59.104587428187,125.67190256948,
    -17.36769795071));
#5431 = CARTESIAN_POINT('',(57.103454197613,125.11746029699,-3.349E-14)
  );
#5432 = CARTESIAN_POINT('',(58.840223992685,125.11746029699,
    -17.3676979507));
#5433 = CARTESIAN_POINT('',(56.71777626734,124.63222373266,-3.371E-14));
#5434 = CARTESIAN_POINT('',(58.454546062411,124.63222373266,
    -17.36769795071));
#5435 = CARTESIAN_POINT('',(56.232539703005,124.24654580238,-3.388E-14)
  );
#5436 = CARTESIAN_POINT('',(57.969309498076,124.24654580238,
    -17.3676979507));
#5437 = CARTESIAN_POINT('',(55.678097430513,123.98218236688,-3.4E-14));
#5438 = CARTESIAN_POINT('',(57.414867225584,123.98218236688,
    -17.36769795071));
#5439 = CARTESIAN_POINT('',(55.089048622548,123.85,-3.405E-14));
#5440 = CARTESIAN_POINT('',(56.825818417619,123.85,-17.3676979507));
#5441 = CARTESIAN_POINT('',(54.5,123.85,-3.405E-14));
#5442 = CARTESIAN_POINT('',(56.236769795071,123.85,-17.3676979507));
#5443 = ADVANCED_FACE('',(#5444),#5460,.F.);
#5444 = FACE_BOUND('',#5445,.F.);
#5445 = EDGE_LOOP('',(#5446,#5453,#5458,#5459));
#5446 = ORIENTED_EDGE('',*,*,#5447,.F.);
#5447 = EDGE_CURVE('',#5448,#1748,#5450,.T.);
#5448 = VERTEX_POINT('',#5449);
#5449 = CARTESIAN_POINT('',(57.58,193.15,-0.8));
#5450 = B_SPLINE_CURVE_WITH_KNOTS('',1,(#5451,#5452),.UNSPECIFIED.,.F.,
  .F.,(2,2),(0.,1.),.PIECEWISE_BEZIER_KNOTS.);
#5451 = CARTESIAN_POINT('',(57.5,193.15,-1.8E-14));
#5452 = CARTESIAN_POINT('',(59.236769795071,193.15,-17.3676979507));
#5453 = ORIENTED_EDGE('',*,*,#5454,.F.);
#5454 = EDGE_CURVE('',#5343,#5448,#5455,.T.);
#5455 = B_SPLINE_CURVE_WITH_KNOTS('',1,(#5456,#5457),.UNSPECIFIED.,.F.,
  .F.,(2,2),(0.,1.),.PIECEWISE_BEZIER_KNOTS.);
#5456 = CARTESIAN_POINT('',(57.58,125.86349253935,-0.8));
#5457 = CARTESIAN_POINT('',(57.58,194.13650746064,-0.8));
#5458 = ORIENTED_EDGE('',*,*,#5342,.T.);
#5459 = ORIENTED_EDGE('',*,*,#1747,.T.);
#5460 = B_SPLINE_SURFACE_WITH_KNOTS('',1,1,(
    (#5461,#5462)
    ,(#5463,#5464
    )),.UNSPECIFIED.,.F.,.F.,.F.,(2,2),(2,2),(0.,78.3),(0.,1.),
  .PIECEWISE_BEZIER_KNOTS.);
#5461 = CARTESIAN_POINT('',(57.5,199.15,-1.8E-14));
#5462 = CARTESIAN_POINT('',(59.236769795071,197.41323020492,
    -17.3676979507));
#5463 = CARTESIAN_POINT('',(57.5,120.85,-1.8E-14));
#5464 = CARTESIAN_POINT('',(59.236769795071,122.58676979507,
    -17.3676979507));
#5465 = ADVANCED_FACE('',(#5466),#5609,.T.);
#5466 = FACE_BOUND('',#5467,.T.);
#5467 = EDGE_LOOP('',(#5468,#5469,#5600,#5608));
#5468 = ORIENTED_EDGE('',*,*,#5447,.F.);
#5469 = ORIENTED_EDGE('',*,*,#5470,.F.);
#5470 = EDGE_CURVE('',#5471,#5448,#5473,.T.);
#5471 = VERTEX_POINT('',#5472);
#5472 = CARTESIAN_POINT('',(55.348114575409,196.05,-0.8));
#5473 = B_SPLINE_CURVE_WITH_KNOTS('',5,(#5474,#5475,#5476,#5477,#5478,
    #5479,#5480,#5481,#5482,#5483,#5484,#5485,#5486,#5487,#5488,#5489,
    #5490,#5491,#5492,#5493,#5494,#5495,#5496,#5497,#5498,#5499,#5500,
    #5501,#5502,#5503,#5504,#5505,#5506,#5507,#5508,#5509,#5510,#5511,
    #5512,#5513,#5514,#5515,#5516,#5517,#5518,#5519,#5520,#5521,#5522,
    #5523,#5524,#5525,#5526,#5527,#5528,#5529,#5530,#5531,#5532,#5533,
    #5534,#5535,#5536,#5537,#5538,#5539,#5540,#5541,#5542,#5543,#5544,
    #5545,#5546,#5547,#5548,#5549,#5550,#5551,#5552,#5553,#5554,#5555,
    #5556,#5557,#5558,#5559,#5560,#5561,#5562,#5563,#5564,#5565,#5566,
    #5567,#5568,#5569,#5570,#5571,#5572,#5573,#5574,#5575,#5576,#5577,
    #5578,#5579,#5580,#5581,#5582,#5583,#5584,#5585,#5586,#5587,#5588,
    #5589,#5590,#5591,#5592,#5593,#5594,#5595,#5596,#5597,#5598,#5599),
  .UNSPECIFIED.,.F.,.F.,(6,4,4,4,4,4,4,4,4,4,4,4,4,4,4,4,4,4,4,4,4,4,4,4
    ,4,4,4,4,4,4,4,6),(0.,2.900002454028E-02,5.60000476218E-02,
    8.500007271144E-02,0.107000091979,0.131000113178,0.153000132739,
    0.182000158598,0.208000181798,0.2350002058,0.260000227891,
    0.283000248065,0.311000272392,0.331000289646,0.360000314463,
    0.389000339144,0.417000362938,0.444000385932,0.473000410758,
    0.502000435795,0.531000461081,0.55300048045,0.570000495508,
    0.603000524832,0.624000543587,0.647000564115,0.696000607047,
    0.71200062108,0.741000646234,0.762000664265,0.782000681296,1.),
  .UNSPECIFIED.);
#5474 = CARTESIAN_POINT('',(55.348112739064,196.05000048638,-0.8));
#5475 = CARTESIAN_POINT('',(55.370178486757,196.04415601123,-0.8));
#5476 = CARTESIAN_POINT('',(55.392188647218,196.03810166655,-0.8));
#5477 = CARTESIAN_POINT('',(55.414140558581,196.0318381574,-0.8));
#5478 = CARTESIAN_POINT('',(55.436031573351,196.02536623916,-0.8));
#5479 = CARTESIAN_POINT('',(55.478181199835,196.01246785266,-0.8));
#5480 = CARTESIAN_POINT('',(55.498448272321,196.00606903187,-0.8));
#5481 = CARTESIAN_POINT('',(55.518658150859,195.9994909055,-0.8));
#5482 = CARTESIAN_POINT('',(55.538808722626,195.99273416126,-0.8));
#5483 = CARTESIAN_POINT('',(55.580475137806,195.97835121041,-0.8));
#5484 = CARTESIAN_POINT('',(55.601981547128,195.97069767313,-0.8));
#5485 = CARTESIAN_POINT('',(55.623414512012,195.96283981097,-0.8));
#5486 = CARTESIAN_POINT('',(55.64477144755,195.95477857162,-0.8));
#5487 = CARTESIAN_POINT('',(55.682191975479,195.94024599903,-0.8));
#5488 = CARTESIAN_POINT('',(55.698288931658,195.9338605751,-0.8));
#5489 = CARTESIAN_POINT('',(55.714339534799,195.92735911537,-0.8));
#5490 = CARTESIAN_POINT('',(55.730342670817,195.9207420711,-0.8));
#5491 = CARTESIAN_POINT('',(55.763702208248,195.90666573348,-0.8));
#5492 = CARTESIAN_POINT('',(55.781049376545,195.8991845583,-0.8));
#5493 = CARTESIAN_POINT('',(55.798337299069,195.89156699089,-0.8));
#5494 = CARTESIAN_POINT('',(55.81556454777,195.88381366048,-0.8));
#5495 = CARTESIAN_POINT('',(55.848464431599,195.86869414721,-0.8));
#5496 = CARTESIAN_POINT('',(55.864146984271,195.8613495446,-0.8));
#5497 = CARTESIAN_POINT('',(55.879776270203,195.85389191294,-0.8));
#5498 = CARTESIAN_POINT('',(55.895351204553,195.84632176987,-0.8));
#5499 = CARTESIAN_POINT('',(55.931328239839,195.82851321623,-0.8));
#5500 = CARTESIAN_POINT('',(55.951689456379,195.81819221013,-0.8));
#5501 = CARTESIAN_POINT('',(55.971951891709,195.80767785202,-0.8));
#5502 = CARTESIAN_POINT('',(55.992113102094,195.79697140995,-0.8));
#5503 = CARTESIAN_POINT('',(56.030153313156,195.77630428479,-0.8));
#5504 = CARTESIAN_POINT('',(56.048052648553,195.7663810296,-0.8));
#5505 = CARTESIAN_POINT('',(56.065866930466,195.75630538026,-0.8));
#5506 = CARTESIAN_POINT('',(56.083594431908,195.74607831354,-0.8));
#5507 = CARTESIAN_POINT('',(56.119550876622,195.72492422407,-0.8));
#5508 = CARTESIAN_POINT('',(56.13777288217,195.71398540863,-0.8));
#5509 = CARTESIAN_POINT('',(56.15589754382,195.70288551623,-0.8));
#5510 = CARTESIAN_POINT('',(56.173922966746,195.69162570728,-0.8));
#5511 = CARTESIAN_POINT('',(56.208443859854,195.66963446149,-0.8));
#5512 = CARTESIAN_POINT('',(56.224953755067,195.65892566811,-0.8));
#5513 = CARTESIAN_POINT('',(56.241375474488,195.64808174345,-0.8));
#5514 = CARTESIAN_POINT('',(56.257707546227,195.63710365946,-0.8));
#5515 = CARTESIAN_POINT('',(56.288890204895,195.61577006484,-0.8));
#5516 = CARTESIAN_POINT('',(56.303754785429,195.60543500802,-0.8));
#5517 = CARTESIAN_POINT('',(56.318541122227,195.5949880174,-0.8));
#5518 = CARTESIAN_POINT('',(56.333248093535,195.58442988553,-0.8));
#5519 = CARTESIAN_POINT('',(56.365680758484,195.56077372711,-0.8));
#5520 = CARTESIAN_POINT('',(56.383367659845,195.54762251596,-0.8));
#5521 = CARTESIAN_POINT('',(56.40093329123,195.53430924896,-0.8));
#5522 = CARTESIAN_POINT('',(56.418375677722,195.52083542294,-0.8));
#5523 = CARTESIAN_POINT('',(56.448062296225,195.49746481966,-0.8));
#5524 = CARTESIAN_POINT('',(56.460367846991,195.4876459326,-0.8));
#5525 = CARTESIAN_POINT('',(56.47260881454,195.47774646848,-0.8));
#5526 = CARTESIAN_POINT('',(56.484784496669,195.46776699518,-0.8));
#5527 = CARTESIAN_POINT('',(56.514453266341,195.44312267709,-0.8));
#5528 = CARTESIAN_POINT('',(56.531873610894,195.42837025831,-0.8));
#5529 = CARTESIAN_POINT('',(56.549153114076,195.41345259293,-0.8));
#5530 = CARTESIAN_POINT('',(56.566289691905,195.39837148009,-0.8));
#5531 = CARTESIAN_POINT('',(56.60027289726,195.36788603713,-0.8));
#5532 = CARTESIAN_POINT('',(56.617119525004,195.35248170681,-0.8));
#5533 = CARTESIAN_POINT('',(56.6338191281,195.33691760641,-0.8));
#5534 = CARTESIAN_POINT('',(56.650369692507,195.32119561301,-0.8));
#5535 = CARTESIAN_POINT('',(56.682603285613,195.2899871873,-0.8));
#5536 = CARTESIAN_POINT('',(56.698296549896,195.27451132642,-0.8));
#5537 = CARTESIAN_POINT('',(56.713847252104,195.25889178339,-0.8));
#5538 = CARTESIAN_POINT('',(56.72925364386,195.24313031434,-0.8));
#5539 = CARTESIAN_POINT('',(56.759229361206,195.21189501512,-0.8));
#5540 = CARTESIAN_POINT('',(56.773808931155,195.1964310159,-0.8));
#5541 = CARTESIAN_POINT('',(56.788251180167,195.18083831321,-0.8));
#5542 = CARTESIAN_POINT('',(56.80255459839,195.16511853716,-0.8));
#5543 = CARTESIAN_POINT('',(56.831929930368,195.13225443405,-0.8));
#5544 = CARTESIAN_POINT('',(56.84698028748,195.11509083842,-0.8));
#5545 = CARTESIAN_POINT('',(56.861866941086,195.09778461077,-0.8));
#5546 = CARTESIAN_POINT('',(56.876588095791,195.08033783832,-0.8));
#5547 = CARTESIAN_POINT('',(56.905695896133,195.04516744641,-0.8));
#5548 = CARTESIAN_POINT('',(56.920082541951,195.02744382672,-0.8));
#5549 = CARTESIAN_POINT('',(56.934300177683,195.00958390473,-0.8));
#5550 = CARTESIAN_POINT('',(56.948347088621,194.99158983442,-0.8));
#5551 = CARTESIAN_POINT('',(56.976096113567,194.95533777022,-0.8));
#5552 = CARTESIAN_POINT('',(56.989798227749,194.93707977609,-0.8));
#5553 = CARTESIAN_POINT('',(57.003326269854,194.91869200662,-0.8));
#5554 = CARTESIAN_POINT('',(57.016678608344,194.90017667945,-0.8));
#5555 = CARTESIAN_POINT('',(57.039848516071,194.86739487088,-0.8));
#5556 = CARTESIAN_POINT('',(57.049741345293,194.85318158238,-0.8));
#5557 = CARTESIAN_POINT('',(57.059531447683,194.83889715946,-0.8));
#5558 = CARTESIAN_POINT('',(57.069218143701,194.82454259362,-0.8));
#5559 = CARTESIAN_POINT('',(57.086205523386,194.79897329397,-0.8));
#5560 = CARTESIAN_POINT('',(57.093548136745,194.78778641678,-0.8));
#5561 = CARTESIAN_POINT('',(57.100828301265,194.77655871657,-0.8));
#5562 = CARTESIAN_POINT('',(57.108045715208,194.7652906587,-0.8));
#5563 = CARTESIAN_POINT('',(57.129087970593,194.7320319915,-0.8));
#5564 = CARTESIAN_POINT('',(57.142738287282,194.70993096266,-0.8));
#5565 = CARTESIAN_POINT('',(57.156148862621,194.68768305437,-0.8));
#5566 = CARTESIAN_POINT('',(57.169317602346,194.66529174097,-0.8));
#5567 = CARTESIAN_POINT('',(57.190467414294,194.62842250646,-0.8));
#5568 = CARTESIAN_POINT('',(57.198593590191,194.61402782283,-0.8));
#5569 = CARTESIAN_POINT('',(57.206620494846,194.59957739818,-0.8));
#5570 = CARTESIAN_POINT('',(57.2145476206,194.58507214642,-0.8));
#5571 = CARTESIAN_POINT('',(57.230946738618,194.55456724401,-0.8));
#5572 = CARTESIAN_POINT('',(57.239398721602,194.5385568365,-0.8));
#5573 = CARTESIAN_POINT('',(57.247729770908,194.52248297581,-0.8));
#5574 = CARTESIAN_POINT('',(57.255939254507,194.50634688136,-0.8));
#5575 = CARTESIAN_POINT('',(57.281256032784,194.4556429191,-0.8));
#5576 = CARTESIAN_POINT('',(57.297930966011,194.42085916847,-0.8));
#5577 = CARTESIAN_POINT('',(57.314045422959,194.38581041788,-0.8));
#5578 = CARTESIAN_POINT('',(57.329593856002,194.35050873331,-0.8));
#5579 = CARTESIAN_POINT('',(57.349461635795,194.30336068581,-0.8));
#5580 = CARTESIAN_POINT('',(57.354291265415,194.2917293495,-0.8));
#5581 = CARTESIAN_POINT('',(57.359059814677,194.28007277624,-0.8));
#5582 = CARTESIAN_POINT('',(57.363767108506,194.26839139399,-0.8));
#5583 = CARTESIAN_POINT('',(57.376833611653,194.23546894012,-0.8));
#5584 = CARTESIAN_POINT('',(57.385052452995,194.21417215809,-0.8));
#5585 = CARTESIAN_POINT('',(57.393068484538,194.19279784588,-0.8));
#5586 = CARTESIAN_POINT('',(57.400880739511,194.17134858133,-0.8));
#5587 = CARTESIAN_POINT('',(57.413997223378,194.13424233895,-0.8));
#5588 = CARTESIAN_POINT('',(57.419398809885,194.11861977534,-0.8));
#5589 = CARTESIAN_POINT('',(57.42469271125,194.10296025561,-0.8));
#5590 = CARTESIAN_POINT('',(57.429878592661,194.08726477013,-0.8));
#5591 = CARTESIAN_POINT('',(57.439791885574,194.05655292713,-0.8));
#5592 = CARTESIAN_POINT('',(57.444529369623,194.0415398208,-0.8));
#5593 = CARTESIAN_POINT('',(57.449168307664,194.02649585443,-0.8));
#5594 = CARTESIAN_POINT('',(57.453708433585,194.01142189102,-0.8));
#5595 = CARTESIAN_POINT('',(57.506556843322,193.83169572735,-0.8));
#5596 = CARTESIAN_POINT('',(57.543194811723,193.6636086685,-0.8));
#5597 = CARTESIAN_POINT('',(57.567731426913,193.4931883158,-0.8));
#5598 = CARTESIAN_POINT('',(57.58,193.3215926177,-0.8));
#5599 = CARTESIAN_POINT('',(57.58,193.15,-0.8));
#5600 = ORIENTED_EDGE('',*,*,#5601,.T.);
#5601 = EDGE_CURVE('',#5471,#1755,#5602,.T.);
#5602 = B_SPLINE_CURVE_WITH_KNOTS('',4,(#5603,#5604,#5605,#5606,#5607),
  .UNSPECIFIED.,.F.,.F.,(5,5),(0.,1.),.PIECEWISE_BEZIER_KNOTS.);
#5603 = CARTESIAN_POINT('',(55.268114575409,196.05,-1.776E-14));
#5604 = CARTESIAN_POINT('',(55.622958572512,196.05,-3.548439971034));
#5605 = CARTESIAN_POINT('',(55.977802569616,196.05,-7.096879942069));
#5606 = CARTESIAN_POINT('',(56.332646566719,196.05,-10.6453199131));
#5607 = CARTESIAN_POINT('',(56.687490563823,196.05,-14.19375988413));
#5608 = ORIENTED_EDGE('',*,*,#1754,.T.);
#5609 = B_SPLINE_SURFACE_WITH_KNOTS('',8,1,(
    (#5610,#5611)
    ,(#5612,#5613)
    ,(#5614,#5615)
    ,(#5616,#5617)
    ,(#5618,#5619)
    ,(#5620,#5621)
    ,(#5622,#5623)
    ,(#5624,#5625)
    ,(#5626,#5627
    )),.UNSPECIFIED.,.F.,.F.,.F.,(9,9),(2,2),(8.99E-14,1.570796326795),(
    0.,1.),.PIECEWISE_BEZIER_KNOTS.);
#5610 = CARTESIAN_POINT('',(57.5,193.15,-1.8E-14));
#5611 = CARTESIAN_POINT('',(59.236769795071,193.15,-17.3676979507));
#5612 = CARTESIAN_POINT('',(57.5,193.73904862254,-1.8E-14));
#5613 = CARTESIAN_POINT('',(59.236769795071,193.73904862254,
    -17.3676979507));
#5614 = CARTESIAN_POINT('',(57.367817633117,194.32809743051,-1.8E-14));
#5615 = CARTESIAN_POINT('',(59.104587428187,194.32809743051,
    -17.3676979507));
#5616 = CARTESIAN_POINT('',(57.103454197613,194.882539703,-1.8E-14));
#5617 = CARTESIAN_POINT('',(58.840223992685,194.882539703,-17.3676979507
    ));
#5618 = CARTESIAN_POINT('',(56.71777626734,195.36777626733,-1.8E-14));
#5619 = CARTESIAN_POINT('',(58.454546062411,195.36777626733,
    -17.36769795071));
#5620 = CARTESIAN_POINT('',(56.232539703005,195.75345419761,-1.8E-14));
#5621 = CARTESIAN_POINT('',(57.969309498076,195.75345419761,
    -17.3676979507));
#5622 = CARTESIAN_POINT('',(55.678097430513,196.01781763311,-1.8E-14));
#5623 = CARTESIAN_POINT('',(57.414867225584,196.01781763311,
    -17.36769795071));
#5624 = CARTESIAN_POINT('',(55.089048622548,196.15,-1.8E-14));
#5625 = CARTESIAN_POINT('',(56.825818417619,196.15,-17.3676979507));
#5626 = CARTESIAN_POINT('',(54.5,196.15,-1.8E-14));
#5627 = CARTESIAN_POINT('',(56.236769795071,196.15,-17.3676979507));
#5628 = ADVANCED_FACE('',(#5629),#5687,.F.);
#5629 = FACE_BOUND('',#5630,.F.);
#5630 = EDGE_LOOP('',(#5631,#5632,#5640,#5648,#5654,#5655,#5663,#5671,
    #5679,#5685,#5686));
#5631 = ORIENTED_EDGE('',*,*,#3502,.F.);
#5632 = ORIENTED_EDGE('',*,*,#5633,.T.);
#5633 = EDGE_CURVE('',#3503,#5634,#5636,.T.);
#5634 = VERTEX_POINT('',#5635);
#5635 = CARTESIAN_POINT('',(-48.70584535064,196.05,-20.2220460481));
#5636 = LINE('',#5637,#5638);
#5637 = CARTESIAN_POINT('',(-42.14008997465,196.05,-70.09390944842));
#5638 = VECTOR('',#5639,1.);
#5639 = DIRECTION('',(-0.13052619222,-4.4E-16,0.991444861374));
#5640 = ORIENTED_EDGE('',*,*,#5641,.T.);
#5641 = EDGE_CURVE('',#5634,#5642,#5644,.T.);
#5642 = VERTEX_POINT('',#5643);
#5643 = CARTESIAN_POINT('',(-46.54929804075,196.05,-17.73853880716));
#5644 = LINE('',#5645,#5646);
#5645 = CARTESIAN_POINT('',(-49.62407917779,196.05,-21.27949577254));
#5646 = VECTOR('',#5647,1.);
#5647 = DIRECTION('',(0.655654995826,-3.4E-16,0.755060611109));
#5648 = ORIENTED_EDGE('',*,*,#5649,.T.);
#5649 = EDGE_CURVE('',#5642,#2389,#5650,.T.);
#5650 = LINE('',#5651,#5652);
#5651 = CARTESIAN_POINT('',(-47.05319111174,196.05,-16.09037883647));
#5652 = VECTOR('',#5653,1.);
#5653 = DIRECTION('',(-0.292371704723,-4.2E-16,0.956304755963));
#5654 = ORIENTED_EDGE('',*,*,#2388,.T.);
#5655 = ORIENTED_EDGE('',*,*,#5656,.T.);
#5656 = EDGE_CURVE('',#2381,#5657,#5659,.T.);
#5657 = VERTEX_POINT('',#5658);
#5658 = CARTESIAN_POINT('',(51.5,196.05,-1.));
#5659 = LINE('',#5660,#5661);
#5660 = CARTESIAN_POINT('',(51.5,196.05,-12.70976630075));
#5661 = VECTOR('',#5662,1.);
#5662 = DIRECTION('',(0.,0.,-1.));
#5663 = ORIENTED_EDGE('',*,*,#5664,.T.);
#5664 = EDGE_CURVE('',#5657,#5665,#5667,.T.);
#5665 = VERTEX_POINT('',#5666);
#5666 = CARTESIAN_POINT('',(53.3,196.05,-1.));
#5667 = LINE('',#5668,#5669);
#5668 = CARTESIAN_POINT('',(23.407314845708,196.05,-1.));
#5669 = VECTOR('',#5670,1.);
#5670 = DIRECTION('',(1.,0.,0.));
#5671 = ORIENTED_EDGE('',*,*,#5672,.T.);
#5672 = EDGE_CURVE('',#5665,#5673,#5675,.T.);
#5673 = VERTEX_POINT('',#5674);
#5674 = CARTESIAN_POINT('',(53.5,196.05,-0.8));
#5675 = LINE('',#5676,#5677);
#5676 = CARTESIAN_POINT('',(32.394975850139,196.05,-21.90502414986));
#5677 = VECTOR('',#5678,1.);
#5678 = DIRECTION('',(0.707106781187,0.,0.707106781187));
#5679 = ORIENTED_EDGE('',*,*,#5680,.T.);
#5680 = EDGE_CURVE('',#5673,#5471,#5681,.T.);
#5681 = LINE('',#5682,#5683);
#5682 = CARTESIAN_POINT('',(-2.136651896123,196.05,-0.8));
#5683 = VECTOR('',#5684,1.);
#5684 = DIRECTION('',(1.,0.,0.));
#5685 = ORIENTED_EDGE('',*,*,#5601,.T.);
#5686 = ORIENTED_EDGE('',*,*,#1781,.F.);
#5687 = PLANE('',#5688);
#5688 = AXIS2_PLACEMENT_3D('',#5689,#5690,#5691);
#5689 = CARTESIAN_POINT('',(-6.485370308585,196.05,-26.03472629086));
#5690 = DIRECTION('',(0.,1.,0.));
#5691 = DIRECTION('',(0.,0.,1.));
#5692 = ADVANCED_FACE('',(#5693),#5703,.F.);
#5693 = FACE_BOUND('',#5694,.F.);
#5694 = EDGE_LOOP('',(#5695,#5700,#5701,#5702));
#5695 = ORIENTED_EDGE('',*,*,#5696,.F.);
#5696 = EDGE_CURVE('',#3733,#1824,#5697,.T.);
#5697 = B_SPLINE_CURVE_WITH_KNOTS('',1,(#5698,#5699),.UNSPECIFIED.,.F.,
  .F.,(2,2),(0.,1.),.PIECEWISE_BEZIER_KNOTS.);
#5698 = CARTESIAN_POINT('',(57.5,273.15,-2.7E-14));
#5699 = CARTESIAN_POINT('',(59.236769795071,273.15,-17.3676979507));
#5700 = ORIENTED_EDGE('',*,*,#3732,.F.);
#5701 = ORIENTED_EDGE('',*,*,#3574,.T.);
#5702 = ORIENTED_EDGE('',*,*,#1823,.T.);
#5703 = B_SPLINE_SURFACE_WITH_KNOTS('',1,1,(
    (#5704,#5705)
    ,(#5706,#5707
    )),.UNSPECIFIED.,.F.,.F.,.F.,(2,2),(2,2),(0.,78.3),(0.,1.),
  .PIECEWISE_BEZIER_KNOTS.);
#5704 = CARTESIAN_POINT('',(57.5,279.15,-2.7E-14));
#5705 = CARTESIAN_POINT('',(59.236769795071,277.41323020492,
    -17.3676979507));
#5706 = CARTESIAN_POINT('',(57.5,200.85,-2.7E-14));
#5707 = CARTESIAN_POINT('',(59.236769795071,202.58676979507,
    -17.3676979507));
#5708 = ADVANCED_FACE('',(#5709),#5740,.T.);
#5709 = FACE_BOUND('',#5710,.T.);
#5710 = EDGE_LOOP('',(#5711,#5712,#5713,#5738,#5739));
#5711 = ORIENTED_EDGE('',*,*,#5696,.F.);
#5712 = ORIENTED_EDGE('',*,*,#3739,.F.);
#5713 = ORIENTED_EDGE('',*,*,#5714,.T.);
#5714 = EDGE_CURVE('',#3740,#3116,#5715,.T.);
#5715 = B_SPLINE_CURVE_WITH_KNOTS('',6,(#5716,#5717,#5718,#5719,#5720,
    #5721,#5722,#5723,#5724,#5725,#5726,#5727,#5728,#5729,#5730,#5731,
    #5732,#5733,#5734,#5735,#5736,#5737),.UNSPECIFIED.,.F.,.F.,(7,5,5,5,
    7),(0.,0.367087930673,0.543659922207,0.879471590255,1.),
  .UNSPECIFIED.);
#5716 = CARTESIAN_POINT('',(56.592247594954,275.3,-2.418E-14));
#5717 = CARTESIAN_POINT('',(56.509594786549,275.38910364055,
    -8.910364055097E-02));
#5718 = CARTESIAN_POINT('',(56.420509331611,275.47504925307,
    -0.175049253072));
#5719 = CARTESIAN_POINT('',(56.324847248415,275.55734512674,
    -0.257345126742));
#5720 = CARTESIAN_POINT('',(56.222537470146,275.6353858942,
    -0.335385894204));
#5721 = CARTESIAN_POINT('',(56.113624594456,275.70847728421,
    -0.408477284213));
#5722 = CARTESIAN_POINT('',(55.942897997425,275.80831667273,
    -0.50831667273));
#5723 = CARTESIAN_POINT('',(55.885979064748,275.83942746707,
    -0.539427467074));
#5724 = CARTESIAN_POINT('',(55.827620362669,275.86914036298,
    -0.569140362984));
#5725 = CARTESIAN_POINT('',(55.767863674565,275.89737082153,
    -0.597370821539));
#5726 = CARTESIAN_POINT('',(55.706765144188,275.92403502841,
    -0.624035028416));
#5727 = CARTESIAN_POINT('',(55.525784992598,275.996632281,
    -0.696632281001));
#5728 = CARTESIAN_POINT('',(55.402547204094,276.03827074708,
    -0.738270747085));
#5729 = CARTESIAN_POINT('',(55.275244857032,276.07338403735,
    -0.773384037352));
#5730 = CARTESIAN_POINT('',(55.144582975759,276.10149756706,
    -0.80149756706));
#5731 = CARTESIAN_POINT('',(55.011424046279,276.12228006972,
    -0.822280069721));
#5732 = CARTESIAN_POINT('',(54.828506776415,276.14042484259,
    -0.840424842595));
#5733 = CARTESIAN_POINT('',(54.780004376377,276.14426044878,
    -0.844260448781));
#5734 = CARTESIAN_POINT('',(54.731357221476,276.14713480491,
    -0.847134804919));
#5735 = CARTESIAN_POINT('',(54.682610692742,276.14904706478,
    -0.849047064788));
#5736 = CARTESIAN_POINT('',(54.633809963625,276.15,-0.85));
#5737 = CARTESIAN_POINT('',(54.585,276.15,-0.85));
#5738 = ORIENTED_EDGE('',*,*,#3123,.T.);
#5739 = ORIENTED_EDGE('',*,*,#1830,.T.);
#5740 = B_SPLINE_SURFACE_WITH_KNOTS('',8,1,(
    (#5741,#5742)
    ,(#5743,#5744)
    ,(#5745,#5746)
    ,(#5747,#5748)
    ,(#5749,#5750)
    ,(#5751,#5752)
    ,(#5753,#5754)
    ,(#5755,#5756)
    ,(#5757,#5758
    )),.UNSPECIFIED.,.F.,.F.,.F.,(9,9),(2,2),(8.99E-14,1.570796326795),(
    0.,1.),.PIECEWISE_BEZIER_KNOTS.);
#5741 = CARTESIAN_POINT('',(57.5,273.15,-2.7E-14));
#5742 = CARTESIAN_POINT('',(59.236769795071,273.15,-17.3676979507));
#5743 = CARTESIAN_POINT('',(57.5,273.73904862254,-2.7E-14));
#5744 = CARTESIAN_POINT('',(59.236769795071,273.73904862254,
    -17.3676979507));
#5745 = CARTESIAN_POINT('',(57.367817633117,274.32809743051,-2.7E-14));
#5746 = CARTESIAN_POINT('',(59.104587428187,274.32809743051,
    -17.3676979507));
#5747 = CARTESIAN_POINT('',(57.103454197613,274.882539703,-2.7E-14));
#5748 = CARTESIAN_POINT('',(58.840223992685,274.882539703,-17.3676979507
    ));
#5749 = CARTESIAN_POINT('',(56.71777626734,275.36777626733,-2.7E-14));
#5750 = CARTESIAN_POINT('',(58.454546062411,275.36777626733,
    -17.36769795071));
#5751 = CARTESIAN_POINT('',(56.232539703005,275.75345419761,-2.7E-14));
#5752 = CARTESIAN_POINT('',(57.969309498076,275.75345419761,
    -17.3676979507));
#5753 = CARTESIAN_POINT('',(55.678097430513,276.01781763311,-2.7E-14));
#5754 = CARTESIAN_POINT('',(57.414867225584,276.01781763311,
    -17.36769795071));
#5755 = CARTESIAN_POINT('',(55.089048622548,276.15,-2.7E-14));
#5756 = CARTESIAN_POINT('',(56.825818417619,276.15,-17.3676979507));
#5757 = CARTESIAN_POINT('',(54.5,276.15,-2.7E-14));
#5758 = CARTESIAN_POINT('',(56.236769795071,276.15,-17.3676979507));
#5759 = ADVANCED_FACE('',(#5760),#5765,.T.);
#5760 = FACE_BOUND('',#5761,.T.);
#5761 = EDGE_LOOP('',(#5762,#5763,#5764));
#5762 = ORIENTED_EDGE('',*,*,#4314,.F.);
#5763 = ORIENTED_EDGE('',*,*,#4244,.F.);
#5764 = ORIENTED_EDGE('',*,*,#1873,.F.);
#5765 = PLANE('',#5766);
#5766 = AXIS2_PLACEMENT_3D('',#5767,#5768,#5769);
#5767 = CARTESIAN_POINT('',(-6.485370308585,203.95,-26.03472629086));
#5768 = DIRECTION('',(0.,1.,0.));
#5769 = DIRECTION('',(0.,0.,1.));
#5770 = ADVANCED_FACE('',(#5771),#5781,.F.);
#5771 = FACE_BOUND('',#5772,.F.);
#5772 = EDGE_LOOP('',(#5773,#5779,#5780));
#5773 = ORIENTED_EDGE('',*,*,#5774,.F.);
#5774 = EDGE_CURVE('',#4230,#1890,#5775,.T.);
#5775 = LINE('',#5776,#5777);
#5776 = CARTESIAN_POINT('',(50.064160627262,196.05,-29.50289477725));
#5777 = VECTOR('',#5778,1.);
#5778 = DIRECTION('',(-0.496322595704,0.,-0.868138169299));
#5779 = ORIENTED_EDGE('',*,*,#4237,.F.);
#5780 = ORIENTED_EDGE('',*,*,#1889,.F.);
#5781 = PLANE('',#5782);
#5782 = AXIS2_PLACEMENT_3D('',#5783,#5784,#5785);
#5783 = CARTESIAN_POINT('',(-6.485370308585,196.05,-26.03472629086));
#5784 = DIRECTION('',(0.,1.,0.));
#5785 = DIRECTION('',(0.,0.,1.));
#5786 = ADVANCED_FACE('',(#5787),#5798,.F.);
#5787 = FACE_BOUND('',#5788,.F.);
#5788 = EDGE_LOOP('',(#5789,#5790,#5796,#5797));
#5789 = ORIENTED_EDGE('',*,*,#1897,.F.);
#5790 = ORIENTED_EDGE('',*,*,#5791,.F.);
#5791 = EDGE_CURVE('',#4222,#1898,#5792,.T.);
#5792 = LINE('',#5793,#5794);
#5793 = CARTESIAN_POINT('',(50.064160627262,123.95,-29.50289477725));
#5794 = VECTOR('',#5795,1.);
#5795 = DIRECTION('',(-0.496322595704,0.,-0.868138169299));
#5796 = ORIENTED_EDGE('',*,*,#4229,.F.);
#5797 = ORIENTED_EDGE('',*,*,#5774,.T.);
#5798 = PLANE('',#5799);
#5799 = AXIS2_PLACEMENT_3D('',#5800,#5801,#5802);
#5800 = CARTESIAN_POINT('',(62.5,119.25,-7.750859064622));
#5801 = DIRECTION('',(-0.868138169299,1.1E-16,0.496322595704));
#5802 = DIRECTION('',(-0.496322595704,-1.9E-16,-0.868138169299));
#5803 = ADVANCED_FACE('',(#5804),#5809,.T.);
#5804 = FACE_BOUND('',#5805,.T.);
#5805 = EDGE_LOOP('',(#5806,#5807,#5808));
#5806 = ORIENTED_EDGE('',*,*,#5791,.F.);
#5807 = ORIENTED_EDGE('',*,*,#4221,.F.);
#5808 = ORIENTED_EDGE('',*,*,#1905,.F.);
#5809 = PLANE('',#5810);
#5810 = AXIS2_PLACEMENT_3D('',#5811,#5812,#5813);
#5811 = CARTESIAN_POINT('',(-6.485370308585,123.95,-26.03472629086));
#5812 = DIRECTION('',(0.,1.,0.));
#5813 = DIRECTION('',(0.,0.,1.));
#5814 = ADVANCED_FACE('',(#5815),#5825,.F.);
#5815 = FACE_BOUND('',#5816,.F.);
#5816 = EDGE_LOOP('',(#5817,#5823,#5824));
#5817 = ORIENTED_EDGE('',*,*,#5818,.F.);
#5818 = EDGE_CURVE('',#4207,#1922,#5819,.T.);
#5819 = LINE('',#5820,#5821);
#5820 = CARTESIAN_POINT('',(50.064160627262,116.05,-29.50289477725));
#5821 = VECTOR('',#5822,1.);
#5822 = DIRECTION('',(-0.496322595704,0.,-0.868138169299));
#5823 = ORIENTED_EDGE('',*,*,#4214,.F.);
#5824 = ORIENTED_EDGE('',*,*,#1921,.F.);
#5825 = PLANE('',#5826);
#5826 = AXIS2_PLACEMENT_3D('',#5827,#5828,#5829);
#5827 = CARTESIAN_POINT('',(-6.485370308585,116.05,-26.03472629086));
#5828 = DIRECTION('',(0.,1.,0.));
#5829 = DIRECTION('',(0.,0.,1.));
#5830 = ADVANCED_FACE('',(#5831),#5842,.F.);
#5831 = FACE_BOUND('',#5832,.F.);
#5832 = EDGE_LOOP('',(#5833,#5834,#5840,#5841));
#5833 = ORIENTED_EDGE('',*,*,#1929,.F.);
#5834 = ORIENTED_EDGE('',*,*,#5835,.F.);
#5835 = EDGE_CURVE('',#4199,#1930,#5836,.T.);
#5836 = LINE('',#5837,#5838);
#5837 = CARTESIAN_POINT('',(50.064160627262,43.95,-29.50289477725));
#5838 = VECTOR('',#5839,1.);
#5839 = DIRECTION('',(-0.496322595704,0.,-0.868138169299));
#5840 = ORIENTED_EDGE('',*,*,#4206,.F.);
#5841 = ORIENTED_EDGE('',*,*,#5818,.T.);
#5842 = PLANE('',#5843);
#5843 = AXIS2_PLACEMENT_3D('',#5844,#5845,#5846);
#5844 = CARTESIAN_POINT('',(62.5,39.25,-7.750859064622));
#5845 = DIRECTION('',(-0.868138169299,1.1E-16,0.496322595704));
#5846 = DIRECTION('',(-0.496322595704,-1.9E-16,-0.868138169299));
#5847 = ADVANCED_FACE('',(#5848),#5853,.T.);
#5848 = FACE_BOUND('',#5849,.T.);
#5849 = EDGE_LOOP('',(#5850,#5851,#5852));
#5850 = ORIENTED_EDGE('',*,*,#5835,.F.);
#5851 = ORIENTED_EDGE('',*,*,#4198,.F.);
#5852 = ORIENTED_EDGE('',*,*,#1937,.F.);
#5853 = PLANE('',#5854);
#5854 = AXIS2_PLACEMENT_3D('',#5855,#5856,#5857);
#5855 = CARTESIAN_POINT('',(-6.485370308585,43.95,-26.03472629086));
#5856 = DIRECTION('',(0.,1.,0.));
#5857 = DIRECTION('',(0.,0.,1.));
#5858 = ADVANCED_FACE('',(#5859),#5869,.F.);
#5859 = FACE_BOUND('',#5860,.F.);
#5860 = EDGE_LOOP('',(#5861,#5867,#5868));
#5861 = ORIENTED_EDGE('',*,*,#5862,.F.);
#5862 = EDGE_CURVE('',#4184,#1954,#5863,.T.);
#5863 = LINE('',#5864,#5865);
#5864 = CARTESIAN_POINT('',(50.064160627262,36.05,-29.50289477725));
#5865 = VECTOR('',#5866,1.);
#5866 = DIRECTION('',(-0.496322595704,0.,-0.868138169299));
#5867 = ORIENTED_EDGE('',*,*,#4191,.F.);
#5868 = ORIENTED_EDGE('',*,*,#1953,.F.);
#5869 = PLANE('',#5870);
#5870 = AXIS2_PLACEMENT_3D('',#5871,#5872,#5873);
#5871 = CARTESIAN_POINT('',(-6.485370308585,36.05,-26.03472629086));
#5872 = DIRECTION('',(0.,1.,0.));
#5873 = DIRECTION('',(0.,0.,1.));
#5874 = ADVANCED_FACE('',(#5875),#5887,.F.);
#5875 = FACE_BOUND('',#5876,.F.);
#5876 = EDGE_LOOP('',(#5877,#5878,#5885,#5886));
#5877 = ORIENTED_EDGE('',*,*,#1961,.F.);
#5878 = ORIENTED_EDGE('',*,*,#5879,.T.);
#5879 = EDGE_CURVE('',#1962,#4176,#5880,.T.);
#5880 = ELLIPSE('',#5881,1.007409302636,0.500000000021);
#5881 = AXIS2_PLACEMENT_3D('',#5882,#5883,#5884);
#5882 = CARTESIAN_POINT('',(60.999999999972,-39.24999999997,
    -10.37457046773));
#5883 = DIRECTION('',(-0.868138169299,1.1E-16,0.496322595704));
#5884 = DIRECTION('',(0.496322595704,-6.E-17,0.868138169299));
#5885 = ORIENTED_EDGE('',*,*,#4183,.F.);
#5886 = ORIENTED_EDGE('',*,*,#5862,.T.);
#5887 = PLANE('',#5888);
#5888 = AXIS2_PLACEMENT_3D('',#5889,#5890,#5891);
#5889 = CARTESIAN_POINT('',(62.5,-40.75,-7.750859064622));
#5890 = DIRECTION('',(-0.868138169299,1.1E-16,0.496322595704));
#5891 = DIRECTION('',(-0.496322595704,-1.9E-16,-0.868138169299));
#5892 = ADVANCED_FACE('',(#5893),#5926,.T.);
#5893 = FACE_BOUND('',#5894,.T.);
#5894 = EDGE_LOOP('',(#5895,#5903,#5909,#5910,#5918,#5924,#5925));
#5895 = ORIENTED_EDGE('',*,*,#5896,.T.);
#5896 = EDGE_CURVE('',#1962,#5897,#5899,.T.);
#5897 = VERTEX_POINT('',#5898);
#5898 = CARTESIAN_POINT('',(60.999999999971,-39.74999999999,2.5));
#5899 = LINE('',#5900,#5901);
#5900 = CARTESIAN_POINT('',(60.999999999971,-39.74999999999,0.));
#5901 = VECTOR('',#5902,1.);
#5902 = DIRECTION('',(0.,0.,1.));
#5903 = ORIENTED_EDGE('',*,*,#5904,.F.);
#5904 = EDGE_CURVE('',#3059,#5897,#5905,.T.);
#5905 = LINE('',#5906,#5907);
#5906 = CARTESIAN_POINT('',(-60.99999999997,-39.74999999999,2.5));
#5907 = VECTOR('',#5908,1.);
#5908 = DIRECTION('',(1.,0.,0.));
#5909 = ORIENTED_EDGE('',*,*,#3058,.T.);
#5910 = ORIENTED_EDGE('',*,*,#5911,.F.);
#5911 = EDGE_CURVE('',#5912,#3050,#5914,.T.);
#5912 = VERTEX_POINT('',#5913);
#5913 = CARTESIAN_POINT('',(-56.3025784152,-39.75,-17.));
#5914 = LINE('',#5915,#5916);
#5915 = CARTESIAN_POINT('',(-56.3025784152,-39.75,-17.));
#5916 = VECTOR('',#5917,1.);
#5917 = DIRECTION('',(-0.292371704723,0.,0.956304755963));
#5918 = ORIENTED_EDGE('',*,*,#5919,.F.);
#5919 = EDGE_CURVE('',#4389,#5912,#5920,.T.);
#5920 = LINE('',#5921,#5922);
#5921 = CARTESIAN_POINT('',(-49.25916979427,-39.75,-70.5));
#5922 = VECTOR('',#5923,1.);
#5923 = DIRECTION('',(-0.13052619222,0.,0.991444861374));
#5924 = ORIENTED_EDGE('',*,*,#4388,.F.);
#5925 = ORIENTED_EDGE('',*,*,#1969,.T.);
#5926 = PLANE('',#5927);
#5927 = AXIS2_PLACEMENT_3D('',#5928,#5929,#5930);
#5928 = CARTESIAN_POINT('',(-6.460604596556,-39.74999999999,
    -24.82778616014));
#5929 = DIRECTION('',(-5.68E-15,-1.,8.594E-14));
#5930 = DIRECTION('',(0.,-8.594E-14,-1.));
#5931 = ADVANCED_FACE('',(#5932,#6024,#6094,#6164,#6234),#6254,.T.);
#5932 = FACE_BOUND('',#5933,.T.);
#5933 = EDGE_LOOP('',(#5934,#5944,#5953,#5961,#5969,#5977,#5985,#5993,
    #6001,#6007,#6008,#6009,#6010,#6011,#6012,#6013,#6014,#6015,#6016,
    #6017));
#5934 = ORIENTED_EDGE('',*,*,#5935,.T.);
#5935 = EDGE_CURVE('',#5936,#5938,#5940,.T.);
#5936 = VERTEX_POINT('',#5937);
#5937 = CARTESIAN_POINT('',(-60.99999999997,-39.42529620339,3.));
#5938 = VERTEX_POINT('',#5939);
#5939 = CARTESIAN_POINT('',(60.999999999972,-39.42529620339,3.));
#5940 = LINE('',#5941,#5942);
#5941 = CARTESIAN_POINT('',(-60.99999999997,-39.42529620339,3.));
#5942 = VECTOR('',#5943,1.);
#5943 = DIRECTION('',(1.,0.,0.));
#5944 = ORIENTED_EDGE('',*,*,#5945,.T.);
#5945 = EDGE_CURVE('',#5938,#5946,#5948,.T.);
#5946 = VERTEX_POINT('',#5947);
#5947 = CARTESIAN_POINT('',(61.175296203396,-39.24999999997,3.));
#5948 = CIRCLE('',#5949,0.175296203422);
#5949 = AXIS2_PLACEMENT_3D('',#5950,#5951,#5952);
#5950 = CARTESIAN_POINT('',(60.999999999972,-39.24999999997,3.));
#5951 = DIRECTION('',(0.,0.,1.));
#5952 = DIRECTION('',(1.,0.,0.));
#5953 = ORIENTED_EDGE('',*,*,#5954,.T.);
#5954 = EDGE_CURVE('',#5946,#5955,#5957,.T.);
#5955 = VERTEX_POINT('',#5956);
#5956 = CARTESIAN_POINT('',(61.175296203396,39.249999999972,3.));
#5957 = LINE('',#5958,#5959);
#5958 = CARTESIAN_POINT('',(61.175296203396,-39.24999999997,3.));
#5959 = VECTOR('',#5960,1.);
#5960 = DIRECTION('',(0.,1.,0.));
#5961 = ORIENTED_EDGE('',*,*,#5962,.T.);
#5962 = EDGE_CURVE('',#5955,#5963,#5965,.T.);
#5963 = VERTEX_POINT('',#5964);
#5964 = CARTESIAN_POINT('',(61.175296203396,40.750000000028,3.));
#5965 = LINE('',#5966,#5967);
#5966 = CARTESIAN_POINT('',(61.175296203401,38.75,3.));
#5967 = VECTOR('',#5968,1.);
#5968 = DIRECTION('',(0.,1.,0.));
#5969 = ORIENTED_EDGE('',*,*,#5970,.T.);
#5970 = EDGE_CURVE('',#5963,#5971,#5973,.T.);
#5971 = VERTEX_POINT('',#5972);
#5972 = CARTESIAN_POINT('',(61.175296203396,119.24999999997,3.));
#5973 = LINE('',#5974,#5975);
#5974 = CARTESIAN_POINT('',(61.175296203396,40.750000000029,3.));
#5975 = VECTOR('',#5976,1.);
#5976 = DIRECTION('',(0.,1.,0.));
#5977 = ORIENTED_EDGE('',*,*,#5978,.T.);
#5978 = EDGE_CURVE('',#5971,#5979,#5981,.T.);
#5979 = VERTEX_POINT('',#5980);
#5980 = CARTESIAN_POINT('',(61.175296203396,120.75000000002,3.));
#5981 = LINE('',#5982,#5983);
#5982 = CARTESIAN_POINT('',(61.175296203401,118.75,3.));
#5983 = VECTOR('',#5984,1.);
#5984 = DIRECTION('',(0.,1.,0.));
#5985 = ORIENTED_EDGE('',*,*,#5986,.T.);
#5986 = EDGE_CURVE('',#5979,#5987,#5989,.T.);
#5987 = VERTEX_POINT('',#5988);
#5988 = CARTESIAN_POINT('',(61.175296203396,199.24999999997,3.));
#5989 = LINE('',#5990,#5991);
#5990 = CARTESIAN_POINT('',(61.175296203396,120.75000000002,3.));
#5991 = VECTOR('',#5992,1.);
#5992 = DIRECTION('',(0.,1.,0.));
#5993 = ORIENTED_EDGE('',*,*,#5994,.T.);
#5994 = EDGE_CURVE('',#5987,#5995,#5997,.T.);
#5995 = VERTEX_POINT('',#5996);
#5996 = CARTESIAN_POINT('',(61.175296203396,200.75000000002,3.));
#5997 = LINE('',#5998,#5999);
#5998 = CARTESIAN_POINT('',(61.175296203401,198.75,3.));
#5999 = VECTOR('',#6000,1.);
#6000 = DIRECTION('',(0.,1.,0.));
#6001 = ORIENTED_EDGE('',*,*,#6002,.T.);
#6002 = EDGE_CURVE('',#5995,#4333,#6003,.T.);
#6003 = LINE('',#6004,#6005);
#6004 = CARTESIAN_POINT('',(61.175296203396,200.75000000002,3.));
#6005 = VECTOR('',#6006,1.);
#6006 = DIRECTION('',(0.,1.,0.));
#6007 = ORIENTED_EDGE('',*,*,#4332,.T.);
#6008 = ORIENTED_EDGE('',*,*,#1991,.T.);
#6009 = ORIENTED_EDGE('',*,*,#2020,.T.);
#6010 = ORIENTED_EDGE('',*,*,#2228,.T.);
#6011 = ORIENTED_EDGE('',*,*,#2214,.T.);
#6012 = ORIENTED_EDGE('',*,*,#2182,.T.);
#6013 = ORIENTED_EDGE('',*,*,#2168,.T.);
#6014 = ORIENTED_EDGE('',*,*,#2136,.T.);
#6015 = ORIENTED_EDGE('',*,*,#2122,.T.);
#6016 = ORIENTED_EDGE('',*,*,#2084,.T.);
#6017 = ORIENTED_EDGE('',*,*,#6018,.T.);
#6018 = EDGE_CURVE('',#2087,#5936,#6019,.T.);
#6019 = CIRCLE('',#6020,0.175296203422);
#6020 = AXIS2_PLACEMENT_3D('',#6021,#6022,#6023);
#6021 = CARTESIAN_POINT('',(-60.99999999997,-39.24999999997,3.));
#6022 = DIRECTION('',(0.,0.,1.));
#6023 = DIRECTION('',(1.,0.,0.));
#6024 = FACE_BOUND('',#6025,.T.);
#6025 = EDGE_LOOP('',(#6026,#6037,#6045,#6054,#6062,#6071,#6079,#6088));
#6026 = ORIENTED_EDGE('',*,*,#6027,.T.);
#6027 = EDGE_CURVE('',#6028,#6030,#6032,.T.);
#6028 = VERTEX_POINT('',#6029);
#6029 = CARTESIAN_POINT('',(51.641666666667,-32.5,3.));
#6030 = VERTEX_POINT('',#6031);
#6031 = CARTESIAN_POINT('',(48.5,-35.64166666666,3.));
#6032 = CIRCLE('',#6033,3.141666666667);
#6033 = AXIS2_PLACEMENT_3D('',#6034,#6035,#6036);
#6034 = CARTESIAN_POINT('',(48.5,-32.5,3.));
#6035 = DIRECTION('',(0.,0.,-1.));
#6036 = DIRECTION('',(1.,0.,0.));
#6037 = ORIENTED_EDGE('',*,*,#6038,.T.);
#6038 = EDGE_CURVE('',#6030,#6039,#6041,.T.);
#6039 = VERTEX_POINT('',#6040);
#6040 = CARTESIAN_POINT('',(-38.5,-35.64166666666,3.));
#6041 = LINE('',#6042,#6043);
#6042 = CARTESIAN_POINT('',(-19.25,-35.64166666666,3.));
#6043 = VECTOR('',#6044,1.);
#6044 = DIRECTION('',(-1.,0.,0.));
#6045 = ORIENTED_EDGE('',*,*,#6046,.T.);
#6046 = EDGE_CURVE('',#6039,#6047,#6049,.T.);
#6047 = VERTEX_POINT('',#6048);
#6048 = CARTESIAN_POINT('',(-41.64166666666,-32.5,3.));
#6049 = CIRCLE('',#6050,3.141666666667);
#6050 = AXIS2_PLACEMENT_3D('',#6051,#6052,#6053);
#6051 = CARTESIAN_POINT('',(-38.5,-32.5,3.));
#6052 = DIRECTION('',(0.,0.,-1.));
#6053 = DIRECTION('',(1.,0.,0.));
#6054 = ORIENTED_EDGE('',*,*,#6055,.T.);
#6055 = EDGE_CURVE('',#6047,#6056,#6058,.T.);
#6056 = VERTEX_POINT('',#6057);
#6057 = CARTESIAN_POINT('',(-41.64166666666,32.5,3.));
#6058 = LINE('',#6059,#6060);
#6059 = CARTESIAN_POINT('',(-41.64166666666,76.25,3.));
#6060 = VECTOR('',#6061,1.);
#6061 = DIRECTION('',(0.,1.,0.));
#6062 = ORIENTED_EDGE('',*,*,#6063,.T.);
#6063 = EDGE_CURVE('',#6056,#6064,#6066,.T.);
#6064 = VERTEX_POINT('',#6065);
#6065 = CARTESIAN_POINT('',(-38.5,35.641666666667,3.));
#6066 = CIRCLE('',#6067,3.141666666667);
#6067 = AXIS2_PLACEMENT_3D('',#6068,#6069,#6070);
#6068 = CARTESIAN_POINT('',(-38.5,32.5,3.));
#6069 = DIRECTION('',(0.,0.,-1.));
#6070 = DIRECTION('',(1.,0.,0.));
#6071 = ORIENTED_EDGE('',*,*,#6072,.T.);
#6072 = EDGE_CURVE('',#6064,#6073,#6075,.T.);
#6073 = VERTEX_POINT('',#6074);
#6074 = CARTESIAN_POINT('',(48.5,35.641666666667,3.));
#6075 = LINE('',#6076,#6077);
#6076 = CARTESIAN_POINT('',(24.25,35.641666666667,3.));
#6077 = VECTOR('',#6078,1.);
#6078 = DIRECTION('',(1.,0.,0.));
#6079 = ORIENTED_EDGE('',*,*,#6080,.T.);
#6080 = EDGE_CURVE('',#6073,#6081,#6083,.T.);
#6081 = VERTEX_POINT('',#6082);
#6082 = CARTESIAN_POINT('',(51.641666666667,32.5,3.));
#6083 = CIRCLE('',#6084,3.141666666667);
#6084 = AXIS2_PLACEMENT_3D('',#6085,#6086,#6087);
#6085 = CARTESIAN_POINT('',(48.5,32.5,3.));
#6086 = DIRECTION('',(0.,0.,-1.));
#6087 = DIRECTION('',(1.,0.,0.));
#6088 = ORIENTED_EDGE('',*,*,#6089,.T.);
#6089 = EDGE_CURVE('',#6081,#6028,#6090,.T.);
#6090 = LINE('',#6091,#6092);
#6091 = CARTESIAN_POINT('',(51.641666666667,43.75,3.));
#6092 = VECTOR('',#6093,1.);
#6093 = DIRECTION('',(0.,-1.,0.));
#6094 = FACE_BOUND('',#6095,.T.);
#6095 = EDGE_LOOP('',(#6096,#6107,#6115,#6124,#6132,#6141,#6149,#6158));
#6096 = ORIENTED_EDGE('',*,*,#6097,.T.);
#6097 = EDGE_CURVE('',#6098,#6100,#6102,.T.);
#6098 = VERTEX_POINT('',#6099);
#6099 = CARTESIAN_POINT('',(51.641666666667,47.5,3.));
#6100 = VERTEX_POINT('',#6101);
#6101 = CARTESIAN_POINT('',(48.5,44.358333333333,3.));
#6102 = CIRCLE('',#6103,3.141666666667);
#6103 = AXIS2_PLACEMENT_3D('',#6104,#6105,#6106);
#6104 = CARTESIAN_POINT('',(48.5,47.5,3.));
#6105 = DIRECTION('',(0.,0.,-1.));
#6106 = DIRECTION('',(1.,0.,0.));
#6107 = ORIENTED_EDGE('',*,*,#6108,.T.);
#6108 = EDGE_CURVE('',#6100,#6109,#6111,.T.);
#6109 = VERTEX_POINT('',#6110);
#6110 = CARTESIAN_POINT('',(-38.5,44.358333333333,3.));
#6111 = LINE('',#6112,#6113);
#6112 = CARTESIAN_POINT('',(-19.25,44.358333333333,3.));
#6113 = VECTOR('',#6114,1.);
#6114 = DIRECTION('',(-1.,0.,0.));
#6115 = ORIENTED_EDGE('',*,*,#6116,.T.);
#6116 = EDGE_CURVE('',#6109,#6117,#6119,.T.);
#6117 = VERTEX_POINT('',#6118);
#6118 = CARTESIAN_POINT('',(-41.64166666666,47.5,3.));
#6119 = CIRCLE('',#6120,3.141666666667);
#6120 = AXIS2_PLACEMENT_3D('',#6121,#6122,#6123);
#6121 = CARTESIAN_POINT('',(-38.5,47.5,3.));
#6122 = DIRECTION('',(0.,0.,-1.));
#6123 = DIRECTION('',(1.,0.,0.));
#6124 = ORIENTED_EDGE('',*,*,#6125,.T.);
#6125 = EDGE_CURVE('',#6117,#6126,#6128,.T.);
#6126 = VERTEX_POINT('',#6127);
#6127 = CARTESIAN_POINT('',(-41.64166666666,112.5,3.));
#6128 = LINE('',#6129,#6130);
#6129 = CARTESIAN_POINT('',(-41.64166666666,116.25,3.));
#6130 = VECTOR('',#6131,1.);
#6131 = DIRECTION('',(0.,1.,0.));
#6132 = ORIENTED_EDGE('',*,*,#6133,.T.);
#6133 = EDGE_CURVE('',#6126,#6134,#6136,.T.);
#6134 = VERTEX_POINT('',#6135);
#6135 = CARTESIAN_POINT('',(-38.5,115.64166666666,3.));
#6136 = CIRCLE('',#6137,3.141666666667);
#6137 = AXIS2_PLACEMENT_3D('',#6138,#6139,#6140);
#6138 = CARTESIAN_POINT('',(-38.5,112.5,3.));
#6139 = DIRECTION('',(0.,0.,-1.));
#6140 = DIRECTION('',(1.,0.,0.));
#6141 = ORIENTED_EDGE('',*,*,#6142,.T.);
#6142 = EDGE_CURVE('',#6134,#6143,#6145,.T.);
#6143 = VERTEX_POINT('',#6144);
#6144 = CARTESIAN_POINT('',(48.5,115.64166666666,3.));
#6145 = LINE('',#6146,#6147);
#6146 = CARTESIAN_POINT('',(24.25,115.64166666666,3.));
#6147 = VECTOR('',#6148,1.);
#6148 = DIRECTION('',(1.,0.,0.));
#6149 = ORIENTED_EDGE('',*,*,#6150,.T.);
#6150 = EDGE_CURVE('',#6143,#6151,#6153,.T.);
#6151 = VERTEX_POINT('',#6152);
#6152 = CARTESIAN_POINT('',(51.641666666667,112.5,3.));
#6153 = CIRCLE('',#6154,3.141666666667);
#6154 = AXIS2_PLACEMENT_3D('',#6155,#6156,#6157);
#6155 = CARTESIAN_POINT('',(48.5,112.5,3.));
#6156 = DIRECTION('',(0.,0.,-1.));
#6157 = DIRECTION('',(1.,0.,0.));
#6158 = ORIENTED_EDGE('',*,*,#6159,.T.);
#6159 = EDGE_CURVE('',#6151,#6098,#6160,.T.);
#6160 = LINE('',#6161,#6162);
#6161 = CARTESIAN_POINT('',(51.641666666667,83.75,3.));
#6162 = VECTOR('',#6163,1.);
#6163 = DIRECTION('',(0.,-1.,0.));
#6164 = FACE_BOUND('',#6165,.T.);
#6165 = EDGE_LOOP('',(#6166,#6177,#6185,#6194,#6202,#6211,#6219,#6228));
#6166 = ORIENTED_EDGE('',*,*,#6167,.T.);
#6167 = EDGE_CURVE('',#6168,#6170,#6172,.T.);
#6168 = VERTEX_POINT('',#6169);
#6169 = CARTESIAN_POINT('',(51.641666666667,127.5,3.));
#6170 = VERTEX_POINT('',#6171);
#6171 = CARTESIAN_POINT('',(48.5,124.35833333333,3.));
#6172 = CIRCLE('',#6173,3.141666666667);
#6173 = AXIS2_PLACEMENT_3D('',#6174,#6175,#6176);
#6174 = CARTESIAN_POINT('',(48.5,127.5,3.));
#6175 = DIRECTION('',(0.,0.,-1.));
#6176 = DIRECTION('',(1.,0.,0.));
#6177 = ORIENTED_EDGE('',*,*,#6178,.T.);
#6178 = EDGE_CURVE('',#6170,#6179,#6181,.T.);
#6179 = VERTEX_POINT('',#6180);
#6180 = CARTESIAN_POINT('',(-38.5,124.35833333333,3.));
#6181 = LINE('',#6182,#6183);
#6182 = CARTESIAN_POINT('',(-19.25,124.35833333333,3.));
#6183 = VECTOR('',#6184,1.);
#6184 = DIRECTION('',(-1.,0.,0.));
#6185 = ORIENTED_EDGE('',*,*,#6186,.T.);
#6186 = EDGE_CURVE('',#6179,#6187,#6189,.T.);
#6187 = VERTEX_POINT('',#6188);
#6188 = CARTESIAN_POINT('',(-41.64166666666,127.5,3.));
#6189 = CIRCLE('',#6190,3.141666666667);
#6190 = AXIS2_PLACEMENT_3D('',#6191,#6192,#6193);
#6191 = CARTESIAN_POINT('',(-38.5,127.5,3.));
#6192 = DIRECTION('',(0.,0.,-1.));
#6193 = DIRECTION('',(1.,0.,0.));
#6194 = ORIENTED_EDGE('',*,*,#6195,.T.);
#6195 = EDGE_CURVE('',#6187,#6196,#6198,.T.);
#6196 = VERTEX_POINT('',#6197);
#6197 = CARTESIAN_POINT('',(-41.64166666666,192.5,3.));
#6198 = LINE('',#6199,#6200);
#6199 = CARTESIAN_POINT('',(-41.64166666666,156.25,3.));
#6200 = VECTOR('',#6201,1.);
#6201 = DIRECTION('',(0.,1.,0.));
#6202 = ORIENTED_EDGE('',*,*,#6203,.T.);
#6203 = EDGE_CURVE('',#6196,#6204,#6206,.T.);
#6204 = VERTEX_POINT('',#6205);
#6205 = CARTESIAN_POINT('',(-38.5,195.64166666666,3.));
#6206 = CIRCLE('',#6207,3.141666666667);
#6207 = AXIS2_PLACEMENT_3D('',#6208,#6209,#6210);
#6208 = CARTESIAN_POINT('',(-38.5,192.5,3.));
#6209 = DIRECTION('',(0.,0.,-1.));
#6210 = DIRECTION('',(1.,0.,0.));
#6211 = ORIENTED_EDGE('',*,*,#6212,.T.);
#6212 = EDGE_CURVE('',#6204,#6213,#6215,.T.);
#6213 = VERTEX_POINT('',#6214);
#6214 = CARTESIAN_POINT('',(48.5,195.64166666666,3.));
#6215 = LINE('',#6216,#6217);
#6216 = CARTESIAN_POINT('',(24.25,195.64166666666,3.));
#6217 = VECTOR('',#6218,1.);
#6218 = DIRECTION('',(1.,0.,0.));
#6219 = ORIENTED_EDGE('',*,*,#6220,.T.);
#6220 = EDGE_CURVE('',#6213,#6221,#6223,.T.);
#6221 = VERTEX_POINT('',#6222);
#6222 = CARTESIAN_POINT('',(51.641666666667,192.5,3.));
#6223 = CIRCLE('',#6224,3.141666666667);
#6224 = AXIS2_PLACEMENT_3D('',#6225,#6226,#6227);
#6225 = CARTESIAN_POINT('',(48.5,192.5,3.));
#6226 = DIRECTION('',(0.,0.,-1.));
#6227 = DIRECTION('',(1.,0.,0.));
#6228 = ORIENTED_EDGE('',*,*,#6229,.T.);
#6229 = EDGE_CURVE('',#6221,#6168,#6230,.T.);
#6230 = LINE('',#6231,#6232);
#6231 = CARTESIAN_POINT('',(51.641666666667,123.75,3.));
#6232 = VECTOR('',#6233,1.);
#6233 = DIRECTION('',(0.,-1.,0.));
#6234 = FACE_BOUND('',#6235,.T.);
#6235 = EDGE_LOOP('',(#6236,#6237,#6238,#6239,#6245,#6246,#6247,#6248));
#6236 = ORIENTED_EDGE('',*,*,#3446,.T.);
#6237 = ORIENTED_EDGE('',*,*,#3423,.T.);
#6238 = ORIENTED_EDGE('',*,*,#3398,.T.);
#6239 = ORIENTED_EDGE('',*,*,#6240,.T.);
#6240 = EDGE_CURVE('',#3392,#3285,#6241,.T.);
#6241 = LINE('',#6242,#6243);
#6242 = CARTESIAN_POINT('',(-41.64166666666,196.25,3.));
#6243 = VECTOR('',#6244,1.);
#6244 = DIRECTION('',(0.,1.,0.));
#6245 = ORIENTED_EDGE('',*,*,#3284,.T.);
#6246 = ORIENTED_EDGE('',*,*,#3261,.T.);
#6247 = ORIENTED_EDGE('',*,*,#3236,.T.);
#6248 = ORIENTED_EDGE('',*,*,#6249,.T.);
#6249 = EDGE_CURVE('',#3230,#3447,#6250,.T.);
#6250 = LINE('',#6251,#6252);
#6251 = CARTESIAN_POINT('',(51.641666666667,163.75,3.));
#6252 = VECTOR('',#6253,1.);
#6253 = DIRECTION('',(0.,-1.,0.));
#6254 = PLANE('',#6255);
#6255 = AXIS2_PLACEMENT_3D('',#6256,#6257,#6258);
#6256 = CARTESIAN_POINT('',(8.8735E-13,120.,3.));
#6257 = DIRECTION('',(0.,0.,1.));
#6258 = DIRECTION('',(1.,0.,0.));
#6259 = ADVANCED_FACE('',(#6260),#6270,.T.);
#6260 = FACE_BOUND('',#6261,.T.);
#6261 = EDGE_LOOP('',(#6262,#6263,#6268,#6269));
#6262 = ORIENTED_EDGE('',*,*,#3066,.T.);
#6263 = ORIENTED_EDGE('',*,*,#6264,.T.);
#6264 = EDGE_CURVE('',#3059,#5936,#6265,.T.);
#6265 = B_SPLINE_CURVE_WITH_KNOTS('',1,(#6266,#6267),.UNSPECIFIED.,.F.,
  .F.,(2,2),(0.,1.),.PIECEWISE_BEZIER_KNOTS.);
#6266 = CARTESIAN_POINT('',(-60.99999999997,-39.74999999999,2.5));
#6267 = CARTESIAN_POINT('',(-60.99999999997,-39.42529620339,3.));
#6268 = ORIENTED_EDGE('',*,*,#6018,.F.);
#6269 = ORIENTED_EDGE('',*,*,#2100,.F.);
#6270 = CONICAL_SURFACE('',#6271,0.500000000021,0.575958653158);
#6271 = AXIS2_PLACEMENT_3D('',#6272,#6273,#6274);
#6272 = CARTESIAN_POINT('',(-60.99999999997,-39.24999999997,2.5));
#6273 = DIRECTION('',(-0.,-0.,-1.));
#6274 = DIRECTION('',(1.,0.,0.));
#6275 = ADVANCED_FACE('',(#6276),#6296,.T.);
#6276 = FACE_BOUND('',#6277,.T.);
#6277 = EDGE_LOOP('',(#6278,#6286,#6293,#6294,#6295));
#6278 = ORIENTED_EDGE('',*,*,#6279,.F.);
#6279 = EDGE_CURVE('',#6280,#4047,#6282,.T.);
#6280 = VERTEX_POINT('',#6281);
#6281 = CARTESIAN_POINT('',(-54.52341360856,192.15,-2.297564147492));
#6282 = LINE('',#6283,#6284);
#6283 = CARTESIAN_POINT('',(-54.52341360856,196.15,-2.297564147492));
#6284 = VECTOR('',#6285,1.);
#6285 = DIRECTION('',(0.,-1.,2.2E-16));
#6286 = ORIENTED_EDGE('',*,*,#6287,.T.);
#6287 = EDGE_CURVE('',#6280,#2397,#6288,.T.);
#6288 = ELLIPSE('',#6289,4.530280202756,4.);
#6289 = AXIS2_PLACEMENT_3D('',#6290,#6291,#6292);
#6290 = CARTESIAN_POINT('',(-51.32002175652,192.15,0.905827704552));
#6291 = DIRECTION('',(0.707106781187,-1.6E-16,-0.707106781187));
#6292 = DIRECTION('',(0.707106781187,-1.2E-15,0.707106781187));
#6293 = ORIENTED_EDGE('',*,*,#2405,.T.);
#6294 = ORIENTED_EDGE('',*,*,#4006,.T.);
#6295 = ORIENTED_EDGE('',*,*,#4054,.T.);
#6296 = PLANE('',#6297);
#6297 = AXIS2_PLACEMENT_3D('',#6298,#6299,#6300);
#6298 = CARTESIAN_POINT('',(-51.72584946107,196.15,0.5));
#6299 = DIRECTION('',(0.707106781187,-1.6E-16,-0.707106781187));
#6300 = DIRECTION('',(-0.707106781187,-1.6E-16,-0.707106781187));
#6301 = ADVANCED_FACE('',(#6302),#6322,.F.);
#6302 = FACE_BOUND('',#6303,.T.);
#6303 = EDGE_LOOP('',(#6304,#6312,#6319,#6320,#6321));
#6304 = ORIENTED_EDGE('',*,*,#6305,.F.);
#6305 = EDGE_CURVE('',#6306,#6280,#6308,.T.);
#6306 = VERTEX_POINT('',#6307);
#6307 = CARTESIAN_POINT('',(-50.02842787628,192.15,-17.));
#6308 = LINE('',#6309,#6310);
#6309 = CARTESIAN_POINT('',(-50.02842787628,192.15,-17.));
#6310 = VECTOR('',#6311,1.);
#6311 = DIRECTION('',(-0.292371704723,-4.2E-16,0.956304755963));
#6312 = ORIENTED_EDGE('',*,*,#6313,.T.);
#6313 = EDGE_CURVE('',#6306,#5642,#6314,.T.);
#6314 = ELLIPSE('',#6315,4.5727381155,4.);
#6315 = AXIS2_PLACEMENT_3D('',#6316,#6317,#6318);
#6316 = CARTESIAN_POINT('',(-45.55536079404,192.15,-17.94952869926));
#6317 = DIRECTION('',(-0.207649918994,4.3E-16,-0.978203205444));
#6318 = DIRECTION('',(-0.978203205444,-9.E-17,0.207649918994));
#6319 = ORIENTED_EDGE('',*,*,#5649,.T.);
#6320 = ORIENTED_EDGE('',*,*,#2396,.T.);
#6321 = ORIENTED_EDGE('',*,*,#6287,.F.);
#6322 = CYLINDRICAL_SURFACE('',#6323,4.);
#6323 = AXIS2_PLACEMENT_3D('',#6324,#6325,#6326);
#6324 = CARTESIAN_POINT('',(-46.20320885242,192.15,-15.8305131811));
#6325 = DIRECTION('',(-0.292371704723,-4.2E-16,0.956304755963));
#6326 = DIRECTION('',(-0.956304755963,-6.E-17,-0.292371704723));
#6327 = ADVANCED_FACE('',(#6328),#6362,.T.);
#6328 = FACE_BOUND('',#6329,.T.);
#6329 = EDGE_LOOP('',(#6330,#6338,#6339,#6340,#6346,#6347,#6348,#6356));
#6330 = ORIENTED_EDGE('',*,*,#6331,.T.);
#6331 = EDGE_CURVE('',#6332,#2372,#6334,.T.);
#6332 = VERTEX_POINT('',#6333);
#6333 = CARTESIAN_POINT('',(51.5,192.,2.5));
#6334 = LINE('',#6335,#6336);
#6335 = CARTESIAN_POINT('',(51.5,192.,2.5));
#6336 = VECTOR('',#6337,1.);
#6337 = DIRECTION('',(-0.,-0.,-1.));
#6338 = ORIENTED_EDGE('',*,*,#2380,.T.);
#6339 = ORIENTED_EDGE('',*,*,#5656,.T.);
#6340 = ORIENTED_EDGE('',*,*,#6341,.T.);
#6341 = EDGE_CURVE('',#5657,#5294,#6342,.T.);
#6342 = LINE('',#6343,#6344);
#6343 = CARTESIAN_POINT('',(51.5,197.15,-1.));
#6344 = VECTOR('',#6345,1.);
#6345 = DIRECTION('',(0.,-1.,2.2E-16));
#6346 = ORIENTED_EDGE('',*,*,#5293,.F.);
#6347 = ORIENTED_EDGE('',*,*,#2312,.T.);
#6348 = ORIENTED_EDGE('',*,*,#6349,.F.);
#6349 = EDGE_CURVE('',#6350,#2313,#6352,.T.);
#6350 = VERTEX_POINT('',#6351);
#6351 = CARTESIAN_POINT('',(51.5,128.,2.5));
#6352 = LINE('',#6353,#6354);
#6353 = CARTESIAN_POINT('',(51.5,128.,0.));
#6354 = VECTOR('',#6355,1.);
#6355 = DIRECTION('',(-0.,-0.,-1.));
#6356 = ORIENTED_EDGE('',*,*,#6357,.T.);
#6357 = EDGE_CURVE('',#6350,#6332,#6358,.T.);
#6358 = LINE('',#6359,#6360);
#6359 = CARTESIAN_POINT('',(51.5,128.,2.5));
#6360 = VECTOR('',#6361,1.);
#6361 = DIRECTION('',(0.,1.,0.));
#6362 = PLANE('',#6363);
#6363 = AXIS2_PLACEMENT_3D('',#6364,#6365,#6366);
#6364 = CARTESIAN_POINT('',(51.5,160.,0.573214285714));
#6365 = DIRECTION('',(-1.,-0.,-0.));
#6366 = DIRECTION('',(0.,0.,-1.));
#6367 = ADVANCED_FACE('',(#6368),#6406,.F.);
#6368 = FACE_BOUND('',#6369,.F.);
#6369 = EDGE_LOOP('',(#6370,#6378,#6397,#6404,#6405));
#6370 = ORIENTED_EDGE('',*,*,#6371,.F.);
#6371 = EDGE_CURVE('',#6372,#2364,#6374,.T.);
#6372 = VERTEX_POINT('',#6373);
#6373 = CARTESIAN_POINT('',(48.5,195.,1.9));
#6374 = LINE('',#6375,#6376);
#6375 = CARTESIAN_POINT('',(48.5,195.,0.));
#6376 = VECTOR('',#6377,1.);
#6377 = DIRECTION('',(-0.,-0.,-1.));
#6378 = ORIENTED_EDGE('',*,*,#6379,.F.);
#6379 = EDGE_CURVE('',#6380,#6372,#6382,.T.);
#6380 = VERTEX_POINT('',#6381);
#6381 = CARTESIAN_POINT('',(51.280061824852,193.1275,2.5));
#6382 = B_SPLINE_CURVE_WITH_KNOTS('',7,(#6383,#6384,#6385,#6386,#6387,
    #6388,#6389,#6390,#6391,#6392,#6393,#6394,#6395,#6396),
  .UNSPECIFIED.,.F.,.F.,(8,6,8),(0.,0.522278745722,1.),.UNSPECIFIED.);
#6383 = CARTESIAN_POINT('',(51.280062633953,193.127498005,2.500000599998
    ));
#6384 = CARTESIAN_POINT('',(51.184384193576,193.36341155499,
    2.429049165105));
#6385 = CARTESIAN_POINT('',(51.065115775139,193.59042961066,
    2.359570967086));
#6386 = CARTESIAN_POINT('',(50.922926995839,193.80631125212,
    2.292329806144));
#6387 = CARTESIAN_POINT('',(50.758626476666,194.00860007066,
    2.228229255092));
#6388 = CARTESIAN_POINT('',(50.573336505461,194.19472529222,
    2.168297225364));
#6389 = CARTESIAN_POINT('',(50.36854531501,194.36203464821,
    2.113674897493));
#6390 = CARTESIAN_POINT('',(49.94303991121,194.64135596713,
    2.021468662962));
#6391 = CARTESIAN_POINT('',(49.725048144853,194.75695075937,
    1.982801291639));
#6392 = CARTESIAN_POINT('',(49.494298065104,194.85239403405,1.9505014697
    ));
#6393 = CARTESIAN_POINT('',(49.253225695463,194.92568624209,
    1.925479166179));
#6394 = CARTESIAN_POINT('',(49.004745765417,194.9752433077,
    1.908487970862));
#6395 = CARTESIAN_POINT('',(48.75230805936,195.,1.9));
#6396 = CARTESIAN_POINT('',(48.5,195.,1.9));
#6397 = ORIENTED_EDGE('',*,*,#6398,.F.);
#6398 = EDGE_CURVE('',#6332,#6380,#6399,.T.);
#6399 = CIRCLE('',#6400,3.);
#6400 = AXIS2_PLACEMENT_3D('',#6401,#6402,#6403);
#6401 = CARTESIAN_POINT('',(48.5,192.,2.5));
#6402 = DIRECTION('',(0.,0.,1.));
#6403 = DIRECTION('',(1.,0.,0.));
#6404 = ORIENTED_EDGE('',*,*,#6331,.T.);
#6405 = ORIENTED_EDGE('',*,*,#2371,.T.);
#6406 = CYLINDRICAL_SURFACE('',#6407,3.);
#6407 = AXIS2_PLACEMENT_3D('',#6408,#6409,#6410);
#6408 = CARTESIAN_POINT('',(48.5,192.,2.5));
#6409 = DIRECTION('',(0.,0.,1.));
#6410 = DIRECTION('',(1.,0.,0.));
#6411 = ADVANCED_FACE('',(#6412),#6430,.T.);
#6412 = FACE_BOUND('',#6413,.T.);
#6413 = EDGE_LOOP('',(#6414,#6415,#6423,#6429));
#6414 = ORIENTED_EDGE('',*,*,#6371,.F.);
#6415 = ORIENTED_EDGE('',*,*,#6416,.T.);
#6416 = EDGE_CURVE('',#6372,#6417,#6419,.T.);
#6417 = VERTEX_POINT('',#6418);
#6418 = CARTESIAN_POINT('',(-38.5,195.,1.9));
#6419 = LINE('',#6420,#6421);
#6420 = CARTESIAN_POINT('',(48.5,195.,1.9));
#6421 = VECTOR('',#6422,1.);
#6422 = DIRECTION('',(-1.,0.,0.));
#6423 = ORIENTED_EDGE('',*,*,#6424,.T.);
#6424 = EDGE_CURVE('',#6417,#2355,#6425,.T.);
#6425 = LINE('',#6426,#6427);
#6426 = CARTESIAN_POINT('',(-38.5,195.,2.5));
#6427 = VECTOR('',#6428,1.);
#6428 = DIRECTION('',(-0.,-0.,-1.));
#6429 = ORIENTED_EDGE('',*,*,#2363,.F.);
#6430 = PLANE('',#6431);
#6431 = AXIS2_PLACEMENT_3D('',#6432,#6433,#6434);
#6432 = CARTESIAN_POINT('',(5.,195.,0.85));
#6433 = DIRECTION('',(-0.,-1.,-0.));
#6434 = DIRECTION('',(0.,0.,-1.));
#6435 = ADVANCED_FACE('',(#6436),#6474,.F.);
#6436 = FACE_BOUND('',#6437,.F.);
#6437 = EDGE_LOOP('',(#6438,#6446,#6455,#6472,#6473));
#6438 = ORIENTED_EDGE('',*,*,#6439,.F.);
#6439 = EDGE_CURVE('',#6440,#2347,#6442,.T.);
#6440 = VERTEX_POINT('',#6441);
#6441 = CARTESIAN_POINT('',(-41.5,192.,2.5));
#6442 = LINE('',#6443,#6444);
#6443 = CARTESIAN_POINT('',(-41.5,192.,0.));
#6444 = VECTOR('',#6445,1.);
#6445 = DIRECTION('',(-0.,-0.,-1.));
#6446 = ORIENTED_EDGE('',*,*,#6447,.F.);
#6447 = EDGE_CURVE('',#6448,#6440,#6450,.T.);
#6448 = VERTEX_POINT('',#6449);
#6449 = CARTESIAN_POINT('',(-41.28006182485,193.1275,2.5));
#6450 = CIRCLE('',#6451,3.);
#6451 = AXIS2_PLACEMENT_3D('',#6452,#6453,#6454);
#6452 = CARTESIAN_POINT('',(-38.5,192.,2.5));
#6453 = DIRECTION('',(0.,0.,1.));
#6454 = DIRECTION('',(1.,0.,0.));
#6455 = ORIENTED_EDGE('',*,*,#6456,.F.);
#6456 = EDGE_CURVE('',#6417,#6448,#6457,.T.);
#6457 = B_SPLINE_CURVE_WITH_KNOTS('',7,(#6458,#6459,#6460,#6461,#6462,
    #6463,#6464,#6465,#6466,#6467,#6468,#6469,#6470,#6471),
  .UNSPECIFIED.,.F.,.F.,(8,6,8),(0.,0.479104158449,1.),.UNSPECIFIED.);
#6458 = CARTESIAN_POINT('',(-38.5,195.,1.9));
#6459 = CARTESIAN_POINT('',(-38.75303871131,195.,1.9));
#6460 = CARTESIAN_POINT('',(-39.00620807547,194.97509971088,
    1.908537203011));
#6461 = CARTESIAN_POINT('',(-39.2553840119,194.92525501158,
    1.925627021186));
#6462 = CARTESIAN_POINT('',(-39.49708874578,194.85154408966,
    1.950791636172));
#6463 = CARTESIAN_POINT('',(-39.72838606568,194.75556792342,
    1.983269250424));
#6464 = CARTESIAN_POINT('',(-39.94682403007,194.63934630737,
    2.022140870017));
#6465 = CARTESIAN_POINT('',(-40.37179970975,194.35937240951,
    2.114543966845));
#6466 = CARTESIAN_POINT('',(-40.57579042929,194.19225768252,
    2.169091720436));
#6467 = CARTESIAN_POINT('',(-40.76036713092,194.00645512566,
    2.228908885638));
#6468 = CARTESIAN_POINT('',(-40.92405671946,193.80459494476,
    2.292864359429));
#6469 = CARTESIAN_POINT('',(-41.06574757932,193.58922666384,
    2.359939117044));
#6470 = CARTESIAN_POINT('',(-41.18463769286,193.36278650386,
    2.429237150386));
#6471 = CARTESIAN_POINT('',(-41.28006263395,193.127498005,2.5000006));
#6472 = ORIENTED_EDGE('',*,*,#6424,.T.);
#6473 = ORIENTED_EDGE('',*,*,#2354,.T.);
#6474 = CYLINDRICAL_SURFACE('',#6475,3.);
#6475 = AXIS2_PLACEMENT_3D('',#6476,#6477,#6478);
#6476 = CARTESIAN_POINT('',(-38.5,192.,2.5));
#6477 = DIRECTION('',(0.,0.,1.));
#6478 = DIRECTION('',(1.,0.,0.));
#6479 = ADVANCED_FACE('',(#6480),#6498,.T.);
#6480 = FACE_BOUND('',#6481,.T.);
#6481 = EDGE_LOOP('',(#6482,#6490,#6496,#6497));
#6482 = ORIENTED_EDGE('',*,*,#6483,.T.);
#6483 = EDGE_CURVE('',#6440,#6484,#6486,.T.);
#6484 = VERTEX_POINT('',#6485);
#6485 = CARTESIAN_POINT('',(-41.5,128.,2.5));
#6486 = LINE('',#6487,#6488);
#6487 = CARTESIAN_POINT('',(-41.5,192.,2.5));
#6488 = VECTOR('',#6489,1.);
#6489 = DIRECTION('',(0.,-1.,0.));
#6490 = ORIENTED_EDGE('',*,*,#6491,.T.);
#6491 = EDGE_CURVE('',#6484,#2338,#6492,.T.);
#6492 = LINE('',#6493,#6494);
#6493 = CARTESIAN_POINT('',(-41.5,128.,2.5));
#6494 = VECTOR('',#6495,1.);
#6495 = DIRECTION('',(-0.,-0.,-1.));
#6496 = ORIENTED_EDGE('',*,*,#2346,.F.);
#6497 = ORIENTED_EDGE('',*,*,#6439,.F.);
#6498 = PLANE('',#6499);
#6499 = AXIS2_PLACEMENT_3D('',#6500,#6501,#6502);
#6500 = CARTESIAN_POINT('',(-41.5,160.,0.85));
#6501 = DIRECTION('',(1.,0.,-4.25E-15));
#6502 = DIRECTION('',(4.25E-15,0.,1.));
#6503 = ADVANCED_FACE('',(#6504),#6542,.F.);
#6504 = FACE_BOUND('',#6505,.F.);
#6505 = EDGE_LOOP('',(#6506,#6514,#6533,#6540,#6541));
#6506 = ORIENTED_EDGE('',*,*,#6507,.F.);
#6507 = EDGE_CURVE('',#6508,#2330,#6510,.T.);
#6508 = VERTEX_POINT('',#6509);
#6509 = CARTESIAN_POINT('',(-38.5,125.,1.9));
#6510 = LINE('',#6511,#6512);
#6511 = CARTESIAN_POINT('',(-38.5,125.,0.));
#6512 = VECTOR('',#6513,1.);
#6513 = DIRECTION('',(-0.,-0.,-1.));
#6514 = ORIENTED_EDGE('',*,*,#6515,.F.);
#6515 = EDGE_CURVE('',#6516,#6508,#6518,.T.);
#6516 = VERTEX_POINT('',#6517);
#6517 = CARTESIAN_POINT('',(-41.28006182485,126.8725,2.5));
#6518 = B_SPLINE_CURVE_WITH_KNOTS('',7,(#6519,#6520,#6521,#6522,#6523,
    #6524,#6525,#6526,#6527,#6528,#6529,#6530,#6531,#6532),
  .UNSPECIFIED.,.F.,.F.,(8,6,8),(0.,0.521676578125,1.),.UNSPECIFIED.);
#6519 = CARTESIAN_POINT('',(-41.28006263395,126.87250199499,
    2.500000599998));
#6520 = CARTESIAN_POINT('',(-41.1844945716,126.63686060319,
    2.429131017183));
#6521 = CARTESIAN_POINT('',(-41.06539091489,126.41009415917,
    2.359731263812));
#6522 = CARTESIAN_POINT('',(-40.92341901801,126.19443600456,
    2.29256254966));
#6523 = CARTESIAN_POINT('',(-40.75938462279,125.99233374337,
    2.228525148187));
#6524 = CARTESIAN_POINT('',(-40.57440536094,125.80634888191,
    2.168643094556));
#6525 = CARTESIAN_POINT('',(-40.36996285991,125.63912406615,
    2.114053173348));
#6526 = CARTESIAN_POINT('',(-39.94468799982,125.35951846422,
    2.021761161295));
#6527 = CARTESIAN_POINT('',(-39.72650176464,125.24365090254,
    1.983004901645));
#6528 = CARTESIAN_POINT('',(-39.49551327869,125.14797575543,
    1.950627714775));
#6529 = CARTESIAN_POINT('',(-39.25416549282,125.07450136992,
    1.925543492269));
#6530 = CARTESIAN_POINT('',(-39.00538248077,125.02481916578,
    1.908509389892));
#6531 = CARTESIAN_POINT('',(-38.75262619787,125.,1.9));
#6532 = CARTESIAN_POINT('',(-38.5,125.,1.9));
#6533 = ORIENTED_EDGE('',*,*,#6534,.F.);
#6534 = EDGE_CURVE('',#6484,#6516,#6535,.T.);
#6535 = CIRCLE('',#6536,3.);
#6536 = AXIS2_PLACEMENT_3D('',#6537,#6538,#6539);
#6537 = CARTESIAN_POINT('',(-38.5,128.,2.5));
#6538 = DIRECTION('',(0.,0.,1.));
#6539 = DIRECTION('',(1.,0.,0.));
#6540 = ORIENTED_EDGE('',*,*,#6491,.T.);
#6541 = ORIENTED_EDGE('',*,*,#2337,.T.);
#6542 = CYLINDRICAL_SURFACE('',#6543,3.);
#6543 = AXIS2_PLACEMENT_3D('',#6544,#6545,#6546);
#6544 = CARTESIAN_POINT('',(-38.5,128.,2.5));
#6545 = DIRECTION('',(0.,0.,1.));
#6546 = DIRECTION('',(1.,0.,0.));
#6547 = ADVANCED_FACE('',(#6548),#6566,.T.);
#6548 = FACE_BOUND('',#6549,.T.);
#6549 = EDGE_LOOP('',(#6550,#6551,#6559,#6565));
#6550 = ORIENTED_EDGE('',*,*,#6507,.F.);
#6551 = ORIENTED_EDGE('',*,*,#6552,.T.);
#6552 = EDGE_CURVE('',#6508,#6553,#6555,.T.);
#6553 = VERTEX_POINT('',#6554);
#6554 = CARTESIAN_POINT('',(48.5,125.,1.9));
#6555 = LINE('',#6556,#6557);
#6556 = CARTESIAN_POINT('',(-38.5,125.,1.9));
#6557 = VECTOR('',#6558,1.);
#6558 = DIRECTION('',(1.,0.,0.));
#6559 = ORIENTED_EDGE('',*,*,#6560,.T.);
#6560 = EDGE_CURVE('',#6553,#2321,#6561,.T.);
#6561 = LINE('',#6562,#6563);
#6562 = CARTESIAN_POINT('',(48.5,125.,2.5));
#6563 = VECTOR('',#6564,1.);
#6564 = DIRECTION('',(-0.,-0.,-1.));
#6565 = ORIENTED_EDGE('',*,*,#2329,.F.);
#6566 = PLANE('',#6567);
#6567 = AXIS2_PLACEMENT_3D('',#6568,#6569,#6570);
#6568 = CARTESIAN_POINT('',(5.,125.,0.85));
#6569 = DIRECTION('',(0.,1.,0.));
#6570 = DIRECTION('',(0.,0.,1.));
#6571 = ADVANCED_FACE('',(#6572),#6607,.F.);
#6572 = FACE_BOUND('',#6573,.F.);
#6573 = EDGE_LOOP('',(#6574,#6575,#6584,#6605,#6606));
#6574 = ORIENTED_EDGE('',*,*,#6349,.F.);
#6575 = ORIENTED_EDGE('',*,*,#6576,.F.);
#6576 = EDGE_CURVE('',#6577,#6350,#6579,.T.);
#6577 = VERTEX_POINT('',#6578);
#6578 = CARTESIAN_POINT('',(51.280061824852,126.8725,2.5));
#6579 = CIRCLE('',#6580,3.);
#6580 = AXIS2_PLACEMENT_3D('',#6581,#6582,#6583);
#6581 = CARTESIAN_POINT('',(48.5,128.,2.5));
#6582 = DIRECTION('',(0.,0.,1.));
#6583 = DIRECTION('',(1.,0.,0.));
#6584 = ORIENTED_EDGE('',*,*,#6585,.F.);
#6585 = EDGE_CURVE('',#6553,#6577,#6586,.T.);
#6586 = B_SPLINE_CURVE_WITH_KNOTS('',5,(#6587,#6588,#6589,#6590,#6591,
    #6592,#6593,#6594,#6595,#6596,#6597,#6598,#6599,#6600,#6601,#6602,
    #6603,#6604),.UNSPECIFIED.,.F.,.F.,(6,4,4,4,6),(0.,0.237302155808,
    0.47860309467,0.736793564644,1.),.UNSPECIFIED.);
#6587 = CARTESIAN_POINT('',(48.5,125.,1.900000000001));
#6588 = CARTESIAN_POINT('',(48.675411343416,125.,1.900000000001));
#6589 = CARTESIAN_POINT('',(48.850841100945,125.01282116023,
    1.904395667558));
#6590 = CARTESIAN_POINT('',(49.024638647844,125.0384644028,
    1.913188359689));
#6591 = CARTESIAN_POINT('',(49.195305139339,125.07653379607,
    1.926193485096));
#6592 = CARTESIAN_POINT('',(49.530499249256,125.177023151,1.960303891955
    ));
#6593 = CARTESIAN_POINT('',(49.694898818864,125.23984976261,
    1.981544590198));
#6594 = CARTESIAN_POINT('',(49.853336726819,125.31414548633,
    2.006512440021));
#6595 = CARTESIAN_POINT('',(50.004785820683,125.3990025666,
    2.034794571459));
#6596 = CARTESIAN_POINT('',(50.302177328295,125.59458758318,
    2.099352038931));
#6597 = CARTESIAN_POINT('',(50.446994315892,125.70671154313,
    2.136048660519));
#6598 = CARTESIAN_POINT('',(50.581967708119,125.82873381405,
    2.175574376015));
#6599 = CARTESIAN_POINT('',(50.706453487984,125.95950495345,
    2.217440440512));
#6600 = CARTESIAN_POINT('',(50.935691828044,126.23911385492,
    2.305854367446));
#6601 = CARTESIAN_POINT('',(51.040008200294,126.38824565241,
    2.352474907767));
#6602 = CARTESIAN_POINT('',(51.132416805088,126.54424019557,
    2.400633806448));
#6603 = CARTESIAN_POINT('',(51.212537781083,126.70600651607,
    2.449926777902));
#6604 = CARTESIAN_POINT('',(51.280062633953,126.87250199499,2.5000006));
#6605 = ORIENTED_EDGE('',*,*,#6560,.T.);
#6606 = ORIENTED_EDGE('',*,*,#2320,.T.);
#6607 = CYLINDRICAL_SURFACE('',#6608,3.);
#6608 = AXIS2_PLACEMENT_3D('',#6609,#6610,#6611);
#6609 = CARTESIAN_POINT('',(48.5,128.,2.5));
#6610 = DIRECTION('',(0.,0.,1.));
#6611 = DIRECTION('',(1.,0.,0.));
#6612 = ADVANCED_FACE('',(#6613),#6641,.F.);
#6613 = FACE_BOUND('',#6614,.T.);
#6614 = EDGE_LOOP('',(#6615,#6616,#6625,#6633,#6640));
#6615 = ORIENTED_EDGE('',*,*,#5286,.F.);
#6616 = ORIENTED_EDGE('',*,*,#6617,.T.);
#6617 = EDGE_CURVE('',#5279,#6618,#6620,.T.);
#6618 = VERTEX_POINT('',#6619);
#6619 = CARTESIAN_POINT('',(-50.02842787628,127.85,-17.));
#6620 = ELLIPSE('',#6621,4.5727381155,4.);
#6621 = AXIS2_PLACEMENT_3D('',#6622,#6623,#6624);
#6622 = CARTESIAN_POINT('',(-45.55536079404,127.85,-17.94952869926));
#6623 = DIRECTION('',(-0.207649918994,0.,-0.978203205444));
#6624 = DIRECTION('',(-0.978203205444,0.,0.207649918994));
#6625 = ORIENTED_EDGE('',*,*,#6626,.T.);
#6626 = EDGE_CURVE('',#6618,#6627,#6629,.T.);
#6627 = VERTEX_POINT('',#6628);
#6628 = CARTESIAN_POINT('',(-54.52341360856,127.85,-2.297564147492));
#6629 = LINE('',#6630,#6631);
#6630 = CARTESIAN_POINT('',(-50.02842787628,127.85,-17.));
#6631 = VECTOR('',#6632,1.);
#6632 = DIRECTION('',(-0.292371704723,0.,0.956304755963));
#6633 = ORIENTED_EDGE('',*,*,#6634,.F.);
#6634 = EDGE_CURVE('',#2288,#6627,#6635,.T.);
#6635 = ELLIPSE('',#6636,4.530280202756,4.);
#6636 = AXIS2_PLACEMENT_3D('',#6637,#6638,#6639);
#6637 = CARTESIAN_POINT('',(-51.32002175652,127.85,0.905827704552));
#6638 = DIRECTION('',(0.707106781187,-1.6E-16,-0.707106781187));
#6639 = DIRECTION('',(0.707106781187,-3.E-16,0.707106781187));
#6640 = ORIENTED_EDGE('',*,*,#2295,.T.);
#6641 = CYLINDRICAL_SURFACE('',#6642,4.);
#6642 = AXIS2_PLACEMENT_3D('',#6643,#6644,#6645);
#6643 = CARTESIAN_POINT('',(-46.20320885242,127.85,-15.8305131811));
#6644 = DIRECTION('',(-0.292371704723,0.,0.956304755963));
#6645 = DIRECTION('',(0.,-1.,0.));
#6646 = ADVANCED_FACE('',(#6647),#6673,.T.);
#6647 = FACE_BOUND('',#6648,.T.);
#6648 = EDGE_LOOP('',(#6649,#6657,#6665,#6671,#6672));
#6649 = ORIENTED_EDGE('',*,*,#6650,.F.);
#6650 = EDGE_CURVE('',#6651,#6627,#6653,.T.);
#6651 = VERTEX_POINT('',#6652);
#6652 = CARTESIAN_POINT('',(-54.52341360856,145.,-2.297564147492));
#6653 = LINE('',#6654,#6655);
#6654 = CARTESIAN_POINT('',(-54.52341360856,196.15,-2.297564147492));
#6655 = VECTOR('',#6656,1.);
#6656 = DIRECTION('',(0.,-1.,2.2E-16));
#6657 = ORIENTED_EDGE('',*,*,#6658,.T.);
#6658 = EDGE_CURVE('',#6651,#6659,#6661,.T.);
#6659 = VERTEX_POINT('',#6660);
#6660 = CARTESIAN_POINT('',(-54.22584946107,145.,-2.));
#6661 = LINE('',#6662,#6663);
#6662 = CARTESIAN_POINT('',(-55.0443870958,145.,-2.818537634731));
#6663 = VECTOR('',#6664,1.);
#6664 = DIRECTION('',(0.707106781187,0.,0.707106781187));
#6665 = ORIENTED_EDGE('',*,*,#6666,.T.);
#6666 = EDGE_CURVE('',#6659,#2280,#6667,.T.);
#6667 = LINE('',#6668,#6669);
#6668 = CARTESIAN_POINT('',(-45.57987455089,153.64597491018,
    6.64597491018));
#6669 = VECTOR('',#6670,1.);
#6670 = DIRECTION('',(0.57735026919,0.57735026919,0.57735026919));
#6671 = ORIENTED_EDGE('',*,*,#2287,.T.);
#6672 = ORIENTED_EDGE('',*,*,#6634,.T.);
#6673 = PLANE('',#6674);
#6674 = AXIS2_PLACEMENT_3D('',#6675,#6676,#6677);
#6675 = CARTESIAN_POINT('',(-51.72584946107,196.15,0.5));
#6676 = DIRECTION('',(0.707106781187,-1.6E-16,-0.707106781187));
#6677 = DIRECTION('',(-0.707106781187,-1.6E-16,-0.707106781187));
#6678 = ADVANCED_FACE('',(#6679),#6690,.T.);
#6679 = FACE_BOUND('',#6680,.T.);
#6680 = EDGE_LOOP('',(#6681,#6682,#6683,#6684));
#6681 = ORIENTED_EDGE('',*,*,#2450,.F.);
#6682 = ORIENTED_EDGE('',*,*,#2279,.T.);
#6683 = ORIENTED_EDGE('',*,*,#6666,.F.);
#6684 = ORIENTED_EDGE('',*,*,#6685,.F.);
#6685 = EDGE_CURVE('',#2451,#6659,#6686,.T.);
#6686 = LINE('',#6687,#6688);
#6687 = CARTESIAN_POINT('',(-62.5,145.,-2.));
#6688 = VECTOR('',#6689,1.);
#6689 = DIRECTION('',(1.,0.,0.));
#6690 = PLANE('',#6691);
#6691 = AXIS2_PLACEMENT_3D('',#6692,#6693,#6694);
#6692 = CARTESIAN_POINT('',(-62.5,147.,-1.8E-14));
#6693 = DIRECTION('',(0.,0.707106781187,-0.707106781187));
#6694 = DIRECTION('',(0.,-0.707106781187,-0.707106781187));
#6695 = ADVANCED_FACE('',(#6696),#6714,.T.);
#6696 = FACE_BOUND('',#6697,.T.);
#6697 = EDGE_LOOP('',(#6698,#6699,#6707,#6713));
#6698 = ORIENTED_EDGE('',*,*,#2482,.F.);
#6699 = ORIENTED_EDGE('',*,*,#6700,.T.);
#6700 = EDGE_CURVE('',#2475,#6701,#6703,.T.);
#6701 = VERTEX_POINT('',#6702);
#6702 = CARTESIAN_POINT('',(-54.22584946107,95.,-2.));
#6703 = LINE('',#6704,#6705);
#6704 = CARTESIAN_POINT('',(-62.5,95.,-2.));
#6705 = VECTOR('',#6706,1.);
#6706 = DIRECTION('',(1.,0.,0.));
#6707 = ORIENTED_EDGE('',*,*,#6708,.F.);
#6708 = EDGE_CURVE('',#2728,#6701,#6709,.T.);
#6709 = LINE('',#6710,#6711);
#6710 = CARTESIAN_POINT('',(-58.29654121756,99.070691756487,
    -6.070691756487));
#6711 = VECTOR('',#6712,1.);
#6712 = DIRECTION('',(-0.57735026919,0.57735026919,-0.57735026919));
#6713 = ORIENTED_EDGE('',*,*,#2735,.T.);
#6714 = PLANE('',#6715);
#6715 = AXIS2_PLACEMENT_3D('',#6716,#6717,#6718);
#6716 = CARTESIAN_POINT('',(-62.5,95.,-2.));
#6717 = DIRECTION('',(0.,-0.707106781187,-0.707106781187));
#6718 = DIRECTION('',(0.,-0.707106781187,0.707106781187));
#6719 = ADVANCED_FACE('',(#6720),#6761,.T.);
#6720 = FACE_BOUND('',#6721,.T.);
#6721 = EDGE_LOOP('',(#6722,#6723,#6724,#6730,#6731,#6739,#6747,#6755));
#6722 = ORIENTED_EDGE('',*,*,#6700,.F.);
#6723 = ORIENTED_EDGE('',*,*,#2474,.F.);
#6724 = ORIENTED_EDGE('',*,*,#6725,.F.);
#6725 = EDGE_CURVE('',#5215,#2467,#6726,.T.);
#6726 = LINE('',#6727,#6728);
#6727 = CARTESIAN_POINT('',(-51.06810977536,95.,-56.75973669902));
#6728 = VECTOR('',#6729,1.);
#6729 = DIRECTION('',(-0.13052619222,0.,0.991444861374));
#6730 = ORIENTED_EDGE('',*,*,#5214,.F.);
#6731 = ORIENTED_EDGE('',*,*,#6732,.F.);
#6732 = EDGE_CURVE('',#6733,#5207,#6735,.T.);
#6733 = VERTEX_POINT('',#6734);
#6734 = CARTESIAN_POINT('',(-51.97320907139,95.,-19.2396346966));
#6735 = LINE('',#6736,#6737);
#6736 = CARTESIAN_POINT('',(-48.68138753593,95.,-44.24350166288));
#6737 = VECTOR('',#6738,1.);
#6738 = DIRECTION('',(0.13052619222,0.,-0.991444861374));
#6739 = ORIENTED_EDGE('',*,*,#6740,.F.);
#6740 = EDGE_CURVE('',#6741,#6733,#6743,.T.);
#6741 = VERTEX_POINT('',#6742);
#6742 = CARTESIAN_POINT('',(-50.02842787628,95.,-17.));
#6743 = LINE('',#6744,#6745);
#6744 = CARTESIAN_POINT('',(-66.19945413361,95.,-35.62275899038));
#6745 = VECTOR('',#6746,1.);
#6746 = DIRECTION('',(-0.655654995826,-0.,-0.755060611109));
#6747 = ORIENTED_EDGE('',*,*,#6748,.F.);
#6748 = EDGE_CURVE('',#6749,#6741,#6751,.T.);
#6749 = VERTEX_POINT('',#6750);
#6750 = CARTESIAN_POINT('',(-54.52341360856,95.,-2.297564147492));
#6751 = LINE('',#6752,#6753);
#6752 = CARTESIAN_POINT('',(-45.54117791997,95.,-31.67713326938));
#6753 = VECTOR('',#6754,1.);
#6754 = DIRECTION('',(0.292371704723,0.,-0.956304755963));
#6755 = ORIENTED_EDGE('',*,*,#6756,.F.);
#6756 = EDGE_CURVE('',#6701,#6749,#6757,.T.);
#6757 = LINE('',#6758,#6759);
#6758 = CARTESIAN_POINT('',(-72.4193870958,95.,-20.19353763473));
#6759 = VECTOR('',#6760,1.);
#6760 = DIRECTION('',(-0.707106781187,-0.,-0.707106781187));
#6761 = PLANE('',#6762);
#6762 = AXIS2_PLACEMENT_3D('',#6763,#6764,#6765);
#6763 = CARTESIAN_POINT('',(-62.5,95.,-71.5));
#6764 = DIRECTION('',(0.,-1.,0.));
#6765 = DIRECTION('',(0.,0.,1.));
#6766 = ADVANCED_FACE('',(#6767),#6778,.T.);
#6767 = FACE_BOUND('',#6768,.T.);
#6768 = EDGE_LOOP('',(#6769,#6775,#6776,#6777));
#6769 = ORIENTED_EDGE('',*,*,#6770,.T.);
#6770 = EDGE_CURVE('',#2459,#5223,#6771,.T.);
#6771 = LINE('',#6772,#6773);
#6772 = CARTESIAN_POINT('',(-55.56509068401,145.,-22.60177546724));
#6773 = VECTOR('',#6774,1.);
#6774 = DIRECTION('',(0.13052619222,0.,-0.991444861374));
#6775 = ORIENTED_EDGE('',*,*,#5222,.T.);
#6776 = ORIENTED_EDGE('',*,*,#6725,.T.);
#6777 = ORIENTED_EDGE('',*,*,#2466,.F.);
#6778 = PLANE('',#6779);
#6779 = AXIS2_PLACEMENT_3D('',#6780,#6781,#6782);
#6780 = CARTESIAN_POINT('',(-52.78087410474,120.,-43.75));
#6781 = DIRECTION('',(-0.991444861374,1.8E-16,-0.13052619222));
#6782 = DIRECTION('',(0.13052619222,3.684146016364E-34,-0.991444861374)
  );
#6783 = ADVANCED_FACE('',(#6784),#6813,.T.);
#6784 = FACE_BOUND('',#6785,.T.);
#6785 = EDGE_LOOP('',(#6786,#6787,#6788,#6789,#6797,#6805,#6811,#6812));
#6786 = ORIENTED_EDGE('',*,*,#2458,.F.);
#6787 = ORIENTED_EDGE('',*,*,#6685,.T.);
#6788 = ORIENTED_EDGE('',*,*,#6658,.F.);
#6789 = ORIENTED_EDGE('',*,*,#6790,.F.);
#6790 = EDGE_CURVE('',#6791,#6651,#6793,.T.);
#6791 = VERTEX_POINT('',#6792);
#6792 = CARTESIAN_POINT('',(-50.02842787628,145.,-17.));
#6793 = LINE('',#6794,#6795);
#6794 = CARTESIAN_POINT('',(-55.25715461777,145.,0.102394553758));
#6795 = VECTOR('',#6796,1.);
#6796 = DIRECTION('',(-0.292371704723,0.,0.956304755963));
#6797 = ORIENTED_EDGE('',*,*,#6798,.F.);
#6798 = EDGE_CURVE('',#6799,#6791,#6801,.T.);
#6799 = VERTEX_POINT('',#6800);
#6800 = CARTESIAN_POINT('',(-51.97320907139,145.,-19.2396346966));
#6801 = LINE('',#6802,#6803);
#6802 = CARTESIAN_POINT('',(-48.99614478519,145.,-15.81120969632));
#6803 = VECTOR('',#6804,1.);
#6804 = DIRECTION('',(0.655654995826,0.,0.755060611109));
#6805 = ORIENTED_EDGE('',*,*,#6806,.F.);
#6806 = EDGE_CURVE('',#5231,#6799,#6807,.T.);
#6807 = LINE('',#6808,#6809);
#6808 = CARTESIAN_POINT('',(-53.17836844459,145.,-10.0855404311));
#6809 = VECTOR('',#6810,1.);
#6810 = DIRECTION('',(-0.13052619222,0.,0.991444861374));
#6811 = ORIENTED_EDGE('',*,*,#5230,.F.);
#6812 = ORIENTED_EDGE('',*,*,#6770,.F.);
#6813 = PLANE('',#6814);
#6814 = AXIS2_PLACEMENT_3D('',#6815,#6816,#6817);
#6815 = CARTESIAN_POINT('',(-62.5,145.,-2.));
#6816 = DIRECTION('',(0.,1.,0.));
#6817 = DIRECTION('',(0.,0.,-1.));
#6818 = ADVANCED_FACE('',(#6819),#6845,.F.);
#6819 = FACE_BOUND('',#6820,.T.);
#6820 = EDGE_LOOP('',(#6821,#6829,#6830,#6838));
#6821 = ORIENTED_EDGE('',*,*,#6822,.F.);
#6822 = EDGE_CURVE('',#2508,#6823,#6825,.T.);
#6823 = VERTEX_POINT('',#6824);
#6824 = CARTESIAN_POINT('',(-54.666143079,132.19786550256,
    -10.03944577298));
#6825 = LINE('',#6826,#6827);
#6826 = CARTESIAN_POINT('',(-59.06514495643,132.19786550256,
    -11.3843556147));
#6827 = VECTOR('',#6828,1.);
#6828 = DIRECTION('',(0.956304755963,0.,0.292371704723));
#6829 = ORIENTED_EDGE('',*,*,#2507,.T.);
#6830 = ORIENTED_EDGE('',*,*,#6831,.T.);
#6831 = EDGE_CURVE('',#2510,#6832,#6834,.T.);
#6832 = VERTEX_POINT('',#6833);
#6833 = CARTESIAN_POINT('',(-54.666143079,135.80213449743,
    -10.03944577298));
#6834 = LINE('',#6835,#6836);
#6835 = CARTESIAN_POINT('',(-59.06514495643,135.80213449743,
    -11.3843556147));
#6836 = VECTOR('',#6837,1.);
#6837 = DIRECTION('',(0.956304755963,0.,0.292371704723));
#6838 = ORIENTED_EDGE('',*,*,#6839,.F.);
#6839 = EDGE_CURVE('',#6823,#6832,#6840,.T.);
#6840 = CIRCLE('',#6841,2.2);
#6841 = AXIS2_PLACEMENT_3D('',#6842,#6843,#6844);
#6842 = CARTESIAN_POINT('',(-55.03507762407,134.,-8.832715250201));
#6843 = DIRECTION('',(-0.956304755963,1.3E-16,-0.292371704723));
#6844 = DIRECTION('',(0.292371704723,4.2E-16,-0.956304755963));
#6845 = CYLINDRICAL_SURFACE('',#6846,2.2);
#6846 = AXIS2_PLACEMENT_3D('',#6847,#6848,#6849);
#6847 = CARTESIAN_POINT('',(-59.4340795015,134.,-10.17762509192));
#6848 = DIRECTION('',(-0.956304755963,0.,-0.292371704723));
#6849 = DIRECTION('',(0.292371704723,0.,-0.956304755963));
#6850 = ADVANCED_FACE('',(#6851),#6869,.T.);
#6851 = FACE_BOUND('',#6852,.T.);
#6852 = EDGE_LOOP('',(#6853,#6854,#6855,#6863));
#6853 = ORIENTED_EDGE('',*,*,#2518,.F.);
#6854 = ORIENTED_EDGE('',*,*,#6822,.T.);
#6855 = ORIENTED_EDGE('',*,*,#6856,.F.);
#6856 = EDGE_CURVE('',#6857,#6823,#6859,.T.);
#6857 = VERTEX_POINT('',#6858);
#6858 = CARTESIAN_POINT('',(-53.91366169826,134.,-12.50070146752));
#6859 = LINE('',#6860,#6861);
#6860 = CARTESIAN_POINT('',(-53.91366169826,134.,-12.50070146752));
#6861 = VECTOR('',#6862,1.);
#6862 = DIRECTION('',(-0.239496879616,-0.573576436351,0.78335899581));
#6863 = ORIENTED_EDGE('',*,*,#6864,.F.);
#6864 = EDGE_CURVE('',#2519,#6857,#6865,.T.);
#6865 = LINE('',#6866,#6867);
#6866 = CARTESIAN_POINT('',(-58.31266357569,134.,-13.84561130925));
#6867 = VECTOR('',#6868,1.);
#6868 = DIRECTION('',(0.956304755963,0.,0.292371704723));
#6869 = PLANE('',#6870);
#6870 = AXIS2_PLACEMENT_3D('',#6871,#6872,#6873);
#6871 = CARTESIAN_POINT('',(-59.06514495643,132.19786550256,
    -11.3843556147));
#6872 = DIRECTION('',(-0.167697520485,0.819152044289,0.548513873991));
#6873 = DIRECTION('',(0.239496879616,0.573576436351,-0.78335899581));
#6874 = ADVANCED_FACE('',(#6875),#6886,.T.);
#6875 = FACE_BOUND('',#6876,.T.);
#6876 = EDGE_LOOP('',(#6877,#6878,#6879,#6885));
#6877 = ORIENTED_EDGE('',*,*,#2526,.F.);
#6878 = ORIENTED_EDGE('',*,*,#6864,.T.);
#6879 = ORIENTED_EDGE('',*,*,#6880,.F.);
#6880 = EDGE_CURVE('',#6832,#6857,#6881,.T.);
#6881 = LINE('',#6882,#6883);
#6882 = CARTESIAN_POINT('',(-54.666143079,135.80213449743,
    -10.03944577298));
#6883 = VECTOR('',#6884,1.);
#6884 = DIRECTION('',(0.239496879616,-0.573576436351,-0.78335899581));
#6885 = ORIENTED_EDGE('',*,*,#6831,.F.);
#6886 = PLANE('',#6887);
#6887 = AXIS2_PLACEMENT_3D('',#6888,#6889,#6890);
#6888 = CARTESIAN_POINT('',(-58.31266357569,134.,-13.84561130925));
#6889 = DIRECTION('',(-0.167697520485,-0.819152044289,0.548513873991));
#6890 = DIRECTION('',(-0.239496879616,0.573576436351,0.78335899581));
#6891 = ADVANCED_FACE('',(#6892),#6918,.F.);
#6892 = FACE_BOUND('',#6893,.T.);
#6893 = EDGE_LOOP('',(#6894,#6902,#6903,#6911));
#6894 = ORIENTED_EDGE('',*,*,#6895,.F.);
#6895 = EDGE_CURVE('',#2535,#6896,#6898,.T.);
#6896 = VERTEX_POINT('',#6897);
#6897 = CARTESIAN_POINT('',(-54.666143079,104.19786550256,
    -10.03944577298));
#6898 = LINE('',#6899,#6900);
#6899 = CARTESIAN_POINT('',(-59.06514495643,104.19786550256,
    -11.3843556147));
#6900 = VECTOR('',#6901,1.);
#6901 = DIRECTION('',(0.956304755963,0.,0.292371704723));
#6902 = ORIENTED_EDGE('',*,*,#2534,.T.);
#6903 = ORIENTED_EDGE('',*,*,#6904,.T.);
#6904 = EDGE_CURVE('',#2537,#6905,#6907,.T.);
#6905 = VERTEX_POINT('',#6906);
#6906 = CARTESIAN_POINT('',(-54.666143079,107.80213449743,
    -10.03944577298));
#6907 = LINE('',#6908,#6909);
#6908 = CARTESIAN_POINT('',(-59.06514495643,107.80213449743,
    -11.3843556147));
#6909 = VECTOR('',#6910,1.);
#6910 = DIRECTION('',(0.956304755963,0.,0.292371704723));
#6911 = ORIENTED_EDGE('',*,*,#6912,.T.);
#6912 = EDGE_CURVE('',#6905,#6896,#6913,.T.);
#6913 = CIRCLE('',#6914,2.2);
#6914 = AXIS2_PLACEMENT_3D('',#6915,#6916,#6917);
#6915 = CARTESIAN_POINT('',(-55.03507762407,106.,-8.832715250201));
#6916 = DIRECTION('',(0.956304755963,-0.,0.292371704723));
#6917 = DIRECTION('',(0.292371704723,0.,-0.956304755963));
#6918 = CYLINDRICAL_SURFACE('',#6919,2.2);
#6919 = AXIS2_PLACEMENT_3D('',#6920,#6921,#6922);
#6920 = CARTESIAN_POINT('',(-59.4340795015,106.,-10.17762509192));
#6921 = DIRECTION('',(-0.956304755963,0.,-0.292371704723));
#6922 = DIRECTION('',(0.292371704723,0.,-0.956304755963));
#6923 = ADVANCED_FACE('',(#6924),#6942,.T.);
#6924 = FACE_BOUND('',#6925,.T.);
#6925 = EDGE_LOOP('',(#6926,#6927,#6928,#6936));
#6926 = ORIENTED_EDGE('',*,*,#2545,.F.);
#6927 = ORIENTED_EDGE('',*,*,#6895,.T.);
#6928 = ORIENTED_EDGE('',*,*,#6929,.T.);
#6929 = EDGE_CURVE('',#6896,#6930,#6932,.T.);
#6930 = VERTEX_POINT('',#6931);
#6931 = CARTESIAN_POINT('',(-53.91366169826,106.,-12.50070146752));
#6932 = LINE('',#6933,#6934);
#6933 = CARTESIAN_POINT('',(-54.666143079,104.19786550256,
    -10.03944577298));
#6934 = VECTOR('',#6935,1.);
#6935 = DIRECTION('',(0.239496879616,0.573576436351,-0.78335899581));
#6936 = ORIENTED_EDGE('',*,*,#6937,.F.);
#6937 = EDGE_CURVE('',#2546,#6930,#6938,.T.);
#6938 = LINE('',#6939,#6940);
#6939 = CARTESIAN_POINT('',(-58.31266357569,106.,-13.84561130925));
#6940 = VECTOR('',#6941,1.);
#6941 = DIRECTION('',(0.956304755963,0.,0.292371704723));
#6942 = PLANE('',#6943);
#6943 = AXIS2_PLACEMENT_3D('',#6944,#6945,#6946);
#6944 = CARTESIAN_POINT('',(-59.06514495643,104.19786550256,
    -11.3843556147));
#6945 = DIRECTION('',(-0.167697520485,0.819152044289,0.548513873991));
#6946 = DIRECTION('',(0.239496879616,0.573576436351,-0.78335899581));
#6947 = ADVANCED_FACE('',(#6948),#6959,.T.);
#6948 = FACE_BOUND('',#6949,.T.);
#6949 = EDGE_LOOP('',(#6950,#6951,#6952,#6958));
#6950 = ORIENTED_EDGE('',*,*,#2553,.F.);
#6951 = ORIENTED_EDGE('',*,*,#6937,.T.);
#6952 = ORIENTED_EDGE('',*,*,#6953,.T.);
#6953 = EDGE_CURVE('',#6930,#6905,#6954,.T.);
#6954 = LINE('',#6955,#6956);
#6955 = CARTESIAN_POINT('',(-53.91366169826,106.,-12.50070146752));
#6956 = VECTOR('',#6957,1.);
#6957 = DIRECTION('',(-0.239496879616,0.573576436351,0.78335899581));
#6958 = ORIENTED_EDGE('',*,*,#6904,.F.);
#6959 = PLANE('',#6960);
#6960 = AXIS2_PLACEMENT_3D('',#6961,#6962,#6963);
#6961 = CARTESIAN_POINT('',(-58.31266357569,106.,-13.84561130925));
#6962 = DIRECTION('',(-0.167697520485,-0.819152044289,0.548513873991));
#6963 = DIRECTION('',(-0.239496879616,0.573576436351,0.78335899581));
#6964 = ADVANCED_FACE('',(#6965),#6985,.T.);
#6965 = FACE_BOUND('',#6966,.T.);
#6966 = EDGE_LOOP('',(#6967,#6975,#6982,#6983,#6984));
#6967 = ORIENTED_EDGE('',*,*,#6968,.F.);
#6968 = EDGE_CURVE('',#6969,#6749,#6971,.T.);
#6969 = VERTEX_POINT('',#6970);
#6970 = CARTESIAN_POINT('',(-54.52341360856,112.15,-2.297564147492));
#6971 = LINE('',#6972,#6973);
#6972 = CARTESIAN_POINT('',(-54.52341360856,116.15,-2.297564147492));
#6973 = VECTOR('',#6974,1.);
#6974 = DIRECTION('',(0.,-1.,2.2E-16));
#6975 = ORIENTED_EDGE('',*,*,#6976,.T.);
#6976 = EDGE_CURVE('',#6969,#2719,#6977,.T.);
#6977 = ELLIPSE('',#6978,4.530280202756,4.);
#6978 = AXIS2_PLACEMENT_3D('',#6979,#6980,#6981);
#6979 = CARTESIAN_POINT('',(-51.32002175652,112.15,0.905827704552));
#6980 = DIRECTION('',(0.707106781187,-1.6E-16,-0.707106781187));
#6981 = DIRECTION('',(0.707106781187,-1.2E-15,0.707106781187));
#6982 = ORIENTED_EDGE('',*,*,#2727,.T.);
#6983 = ORIENTED_EDGE('',*,*,#6708,.T.);
#6984 = ORIENTED_EDGE('',*,*,#6756,.T.);
#6985 = PLANE('',#6986);
#6986 = AXIS2_PLACEMENT_3D('',#6987,#6988,#6989);
#6987 = CARTESIAN_POINT('',(-51.72584946107,116.15,0.5));
#6988 = DIRECTION('',(0.707106781187,-1.6E-16,-0.707106781187));
#6989 = DIRECTION('',(-0.707106781187,-1.6E-16,-0.707106781187));
#6990 = ADVANCED_FACE('',(#6991),#7011,.F.);
#6991 = FACE_BOUND('',#6992,.T.);
#6992 = EDGE_LOOP('',(#6993,#7001,#7008,#7009,#7010));
#6993 = ORIENTED_EDGE('',*,*,#6994,.F.);
#6994 = EDGE_CURVE('',#6995,#6969,#6997,.T.);
#6995 = VERTEX_POINT('',#6996);
#6996 = CARTESIAN_POINT('',(-50.02842787628,112.15,-17.));
#6997 = LINE('',#6998,#6999);
#6998 = CARTESIAN_POINT('',(-50.02842787628,112.15,-17.));
#6999 = VECTOR('',#7000,1.);
#7000 = DIRECTION('',(-0.292371704723,-4.2E-16,0.956304755963));
#7001 = ORIENTED_EDGE('',*,*,#7002,.T.);
#7002 = EDGE_CURVE('',#6995,#5141,#7003,.T.);
#7003 = ELLIPSE('',#7004,4.5727381155,4.);
#7004 = AXIS2_PLACEMENT_3D('',#7005,#7006,#7007);
#7005 = CARTESIAN_POINT('',(-45.55536079404,112.15,-17.94952869926));
#7006 = DIRECTION('',(-0.207649918994,4.3E-16,-0.978203205444));
#7007 = DIRECTION('',(-0.978203205444,-9.E-17,0.207649918994));
#7008 = ORIENTED_EDGE('',*,*,#5148,.T.);
#7009 = ORIENTED_EDGE('',*,*,#2718,.T.);
#7010 = ORIENTED_EDGE('',*,*,#6976,.F.);
#7011 = CYLINDRICAL_SURFACE('',#7012,4.);
#7012 = AXIS2_PLACEMENT_3D('',#7013,#7014,#7015);
#7013 = CARTESIAN_POINT('',(-46.20320885242,112.15,-15.8305131811));
#7014 = DIRECTION('',(-0.292371704723,-4.2E-16,0.956304755963));
#7015 = DIRECTION('',(-0.956304755963,-6.E-17,-0.292371704723));
#7016 = ADVANCED_FACE('',(#7017),#7051,.T.);
#7017 = FACE_BOUND('',#7018,.T.);
#7018 = EDGE_LOOP('',(#7019,#7027,#7028,#7029,#7035,#7036,#7037,#7045));
#7019 = ORIENTED_EDGE('',*,*,#7020,.T.);
#7020 = EDGE_CURVE('',#7021,#2694,#7023,.T.);
#7021 = VERTEX_POINT('',#7022);
#7022 = CARTESIAN_POINT('',(51.5,112.,2.5));
#7023 = LINE('',#7024,#7025);
#7024 = CARTESIAN_POINT('',(51.5,112.,2.5));
#7025 = VECTOR('',#7026,1.);
#7026 = DIRECTION('',(-0.,-0.,-1.));
#7027 = ORIENTED_EDGE('',*,*,#2702,.T.);
#7028 = ORIENTED_EDGE('',*,*,#5155,.T.);
#7029 = ORIENTED_EDGE('',*,*,#7030,.T.);
#7030 = EDGE_CURVE('',#5156,#4847,#7031,.T.);
#7031 = LINE('',#7032,#7033);
#7032 = CARTESIAN_POINT('',(51.5,117.15,-1.));
#7033 = VECTOR('',#7034,1.);
#7034 = DIRECTION('',(0.,-1.,2.2E-16));
#7035 = ORIENTED_EDGE('',*,*,#4846,.F.);
#7036 = ORIENTED_EDGE('',*,*,#2634,.T.);
#7037 = ORIENTED_EDGE('',*,*,#7038,.F.);
#7038 = EDGE_CURVE('',#7039,#2635,#7041,.T.);
#7039 = VERTEX_POINT('',#7040);
#7040 = CARTESIAN_POINT('',(51.5,48.,2.5));
#7041 = LINE('',#7042,#7043);
#7042 = CARTESIAN_POINT('',(51.5,48.,0.));
#7043 = VECTOR('',#7044,1.);
#7044 = DIRECTION('',(-0.,-0.,-1.));
#7045 = ORIENTED_EDGE('',*,*,#7046,.T.);
#7046 = EDGE_CURVE('',#7039,#7021,#7047,.T.);
#7047 = LINE('',#7048,#7049);
#7048 = CARTESIAN_POINT('',(51.5,48.,2.5));
#7049 = VECTOR('',#7050,1.);
#7050 = DIRECTION('',(0.,1.,0.));
#7051 = PLANE('',#7052);
#7052 = AXIS2_PLACEMENT_3D('',#7053,#7054,#7055);
#7053 = CARTESIAN_POINT('',(51.5,80.,0.573214285714));
#7054 = DIRECTION('',(-1.,-0.,-0.));
#7055 = DIRECTION('',(0.,0.,-1.));
#7056 = ADVANCED_FACE('',(#7057),#7095,.F.);
#7057 = FACE_BOUND('',#7058,.F.);
#7058 = EDGE_LOOP('',(#7059,#7067,#7086,#7093,#7094));
#7059 = ORIENTED_EDGE('',*,*,#7060,.F.);
#7060 = EDGE_CURVE('',#7061,#2686,#7063,.T.);
#7061 = VERTEX_POINT('',#7062);
#7062 = CARTESIAN_POINT('',(48.5,115.,1.9));
#7063 = LINE('',#7064,#7065);
#7064 = CARTESIAN_POINT('',(48.5,115.,0.));
#7065 = VECTOR('',#7066,1.);
#7066 = DIRECTION('',(-0.,-0.,-1.));
#7067 = ORIENTED_EDGE('',*,*,#7068,.F.);
#7068 = EDGE_CURVE('',#7069,#7061,#7071,.T.);
#7069 = VERTEX_POINT('',#7070);
#7070 = CARTESIAN_POINT('',(51.280061824852,113.1275,2.5));
#7071 = B_SPLINE_CURVE_WITH_KNOTS('',7,(#7072,#7073,#7074,#7075,#7076,
    #7077,#7078,#7079,#7080,#7081,#7082,#7083,#7084,#7085),
  .UNSPECIFIED.,.F.,.F.,(8,6,8),(0.,0.522278745721,1.),.UNSPECIFIED.);
#7072 = CARTESIAN_POINT('',(51.280062633956,113.127498005,2.500000600001
    ));
#7073 = CARTESIAN_POINT('',(51.184384193579,113.36341155499,
    2.429049165108));
#7074 = CARTESIAN_POINT('',(51.065115775144,113.59042961065,
    2.359570967089));
#7075 = CARTESIAN_POINT('',(50.922926995842,113.80631125212,
    2.292329806145));
#7076 = CARTESIAN_POINT('',(50.758626476672,114.00860007065,
    2.228229255094));
#7077 = CARTESIAN_POINT('',(50.573336505466,114.19472529221,
    2.168297225365));
#7078 = CARTESIAN_POINT('',(50.368545315015,114.3620346482,
    2.113674897495));
#7079 = CARTESIAN_POINT('',(49.943039911215,114.64135596713,
    2.021468662963));
#7080 = CARTESIAN_POINT('',(49.725048144858,114.75695075937,
    1.982801291639));
#7081 = CARTESIAN_POINT('',(49.494298065107,114.85239403405,1.9505014697
    ));
#7082 = CARTESIAN_POINT('',(49.253225695467,114.92568624209,
    1.92547916618));
#7083 = CARTESIAN_POINT('',(49.004745765419,114.9752433077,
    1.908487970862));
#7084 = CARTESIAN_POINT('',(48.752308059361,115.,1.9));
#7085 = CARTESIAN_POINT('',(48.5,115.,1.9));
#7086 = ORIENTED_EDGE('',*,*,#7087,.F.);
#7087 = EDGE_CURVE('',#7021,#7069,#7088,.T.);
#7088 = CIRCLE('',#7089,3.);
#7089 = AXIS2_PLACEMENT_3D('',#7090,#7091,#7092);
#7090 = CARTESIAN_POINT('',(48.5,112.,2.5));
#7091 = DIRECTION('',(0.,0.,1.));
#7092 = DIRECTION('',(1.,0.,0.));
#7093 = ORIENTED_EDGE('',*,*,#7020,.T.);
#7094 = ORIENTED_EDGE('',*,*,#2693,.T.);
#7095 = CYLINDRICAL_SURFACE('',#7096,3.);
#7096 = AXIS2_PLACEMENT_3D('',#7097,#7098,#7099);
#7097 = CARTESIAN_POINT('',(48.5,112.,2.5));
#7098 = DIRECTION('',(0.,0.,1.));
#7099 = DIRECTION('',(1.,0.,0.));
#7100 = ADVANCED_FACE('',(#7101),#7119,.T.);
#7101 = FACE_BOUND('',#7102,.T.);
#7102 = EDGE_LOOP('',(#7103,#7104,#7112,#7118));
#7103 = ORIENTED_EDGE('',*,*,#7060,.F.);
#7104 = ORIENTED_EDGE('',*,*,#7105,.T.);
#7105 = EDGE_CURVE('',#7061,#7106,#7108,.T.);
#7106 = VERTEX_POINT('',#7107);
#7107 = CARTESIAN_POINT('',(-38.5,115.,1.9));
#7108 = LINE('',#7109,#7110);
#7109 = CARTESIAN_POINT('',(48.5,115.,1.9));
#7110 = VECTOR('',#7111,1.);
#7111 = DIRECTION('',(-1.,0.,0.));
#7112 = ORIENTED_EDGE('',*,*,#7113,.T.);
#7113 = EDGE_CURVE('',#7106,#2677,#7114,.T.);
#7114 = LINE('',#7115,#7116);
#7115 = CARTESIAN_POINT('',(-38.5,115.,2.5));
#7116 = VECTOR('',#7117,1.);
#7117 = DIRECTION('',(-0.,-0.,-1.));
#7118 = ORIENTED_EDGE('',*,*,#2685,.F.);
#7119 = PLANE('',#7120);
#7120 = AXIS2_PLACEMENT_3D('',#7121,#7122,#7123);
#7121 = CARTESIAN_POINT('',(5.,115.,0.85));
#7122 = DIRECTION('',(-0.,-1.,-0.));
#7123 = DIRECTION('',(0.,0.,-1.));
#7124 = ADVANCED_FACE('',(#7125),#7163,.F.);
#7125 = FACE_BOUND('',#7126,.F.);
#7126 = EDGE_LOOP('',(#7127,#7135,#7144,#7161,#7162));
#7127 = ORIENTED_EDGE('',*,*,#7128,.F.);
#7128 = EDGE_CURVE('',#7129,#2669,#7131,.T.);
#7129 = VERTEX_POINT('',#7130);
#7130 = CARTESIAN_POINT('',(-41.5,112.,2.5));
#7131 = LINE('',#7132,#7133);
#7132 = CARTESIAN_POINT('',(-41.5,112.,0.));
#7133 = VECTOR('',#7134,1.);
#7134 = DIRECTION('',(-0.,-0.,-1.));
#7135 = ORIENTED_EDGE('',*,*,#7136,.F.);
#7136 = EDGE_CURVE('',#7137,#7129,#7139,.T.);
#7137 = VERTEX_POINT('',#7138);
#7138 = CARTESIAN_POINT('',(-41.28006182485,113.1275,2.5));
#7139 = CIRCLE('',#7140,3.);
#7140 = AXIS2_PLACEMENT_3D('',#7141,#7142,#7143);
#7141 = CARTESIAN_POINT('',(-38.5,112.,2.5));
#7142 = DIRECTION('',(0.,0.,1.));
#7143 = DIRECTION('',(1.,0.,0.));
#7144 = ORIENTED_EDGE('',*,*,#7145,.F.);
#7145 = EDGE_CURVE('',#7106,#7137,#7146,.T.);
#7146 = B_SPLINE_CURVE_WITH_KNOTS('',7,(#7147,#7148,#7149,#7150,#7151,
    #7152,#7153,#7154,#7155,#7156,#7157,#7158,#7159,#7160),
  .UNSPECIFIED.,.F.,.F.,(8,6,8),(0.,0.479104158449,1.),.UNSPECIFIED.);
#7147 = CARTESIAN_POINT('',(-38.5,115.,1.9));
#7148 = CARTESIAN_POINT('',(-38.75303871131,115.,1.9));
#7149 = CARTESIAN_POINT('',(-39.00620807547,114.97509971088,
    1.908537203011));
#7150 = CARTESIAN_POINT('',(-39.2553840119,114.92525501158,
    1.925627021186));
#7151 = CARTESIAN_POINT('',(-39.49708874578,114.85154408966,
    1.950791636172));
#7152 = CARTESIAN_POINT('',(-39.72838606568,114.75556792342,
    1.983269250424));
#7153 = CARTESIAN_POINT('',(-39.94682403007,114.63934630737,
    2.022140870017));
#7154 = CARTESIAN_POINT('',(-40.37179970975,114.35937240951,
    2.114543966845));
#7155 = CARTESIAN_POINT('',(-40.57579042929,114.19225768252,
    2.169091720434));
#7156 = CARTESIAN_POINT('',(-40.76036713092,114.00645512567,
    2.228908885648));
#7157 = CARTESIAN_POINT('',(-40.92405671947,113.80459494475,
    2.292864359416));
#7158 = CARTESIAN_POINT('',(-41.06574757932,113.58922666385,
    2.359939117055));
#7159 = CARTESIAN_POINT('',(-41.18463769286,113.36278650386,
    2.429237150386));
#7160 = CARTESIAN_POINT('',(-41.28006263395,113.127498005,2.5000006));
#7161 = ORIENTED_EDGE('',*,*,#7113,.T.);
#7162 = ORIENTED_EDGE('',*,*,#2676,.T.);
#7163 = CYLINDRICAL_SURFACE('',#7164,3.);
#7164 = AXIS2_PLACEMENT_3D('',#7165,#7166,#7167);
#7165 = CARTESIAN_POINT('',(-38.5,112.,2.5));
#7166 = DIRECTION('',(0.,0.,1.));
#7167 = DIRECTION('',(1.,0.,0.));
#7168 = ADVANCED_FACE('',(#7169),#7187,.T.);
#7169 = FACE_BOUND('',#7170,.T.);
#7170 = EDGE_LOOP('',(#7171,#7179,#7185,#7186));
#7171 = ORIENTED_EDGE('',*,*,#7172,.T.);
#7172 = EDGE_CURVE('',#7129,#7173,#7175,.T.);
#7173 = VERTEX_POINT('',#7174);
#7174 = CARTESIAN_POINT('',(-41.5,48.,2.5));
#7175 = LINE('',#7176,#7177);
#7176 = CARTESIAN_POINT('',(-41.5,112.,2.5));
#7177 = VECTOR('',#7178,1.);
#7178 = DIRECTION('',(0.,-1.,0.));
#7179 = ORIENTED_EDGE('',*,*,#7180,.T.);
#7180 = EDGE_CURVE('',#7173,#2660,#7181,.T.);
#7181 = LINE('',#7182,#7183);
#7182 = CARTESIAN_POINT('',(-41.5,48.,2.5));
#7183 = VECTOR('',#7184,1.);
#7184 = DIRECTION('',(-0.,-0.,-1.));
#7185 = ORIENTED_EDGE('',*,*,#2668,.F.);
#7186 = ORIENTED_EDGE('',*,*,#7128,.F.);
#7187 = PLANE('',#7188);
#7188 = AXIS2_PLACEMENT_3D('',#7189,#7190,#7191);
#7189 = CARTESIAN_POINT('',(-41.5,80.,0.85));
#7190 = DIRECTION('',(1.,0.,-2.12E-15));
#7191 = DIRECTION('',(2.12E-15,0.,1.));
#7192 = ADVANCED_FACE('',(#7193),#7231,.F.);
#7193 = FACE_BOUND('',#7194,.F.);
#7194 = EDGE_LOOP('',(#7195,#7203,#7222,#7229,#7230));
#7195 = ORIENTED_EDGE('',*,*,#7196,.F.);
#7196 = EDGE_CURVE('',#7197,#2652,#7199,.T.);
#7197 = VERTEX_POINT('',#7198);
#7198 = CARTESIAN_POINT('',(-38.5,45.,1.9));
#7199 = LINE('',#7200,#7201);
#7200 = CARTESIAN_POINT('',(-38.5,45.,0.));
#7201 = VECTOR('',#7202,1.);
#7202 = DIRECTION('',(-0.,-0.,-1.));
#7203 = ORIENTED_EDGE('',*,*,#7204,.F.);
#7204 = EDGE_CURVE('',#7205,#7197,#7207,.T.);
#7205 = VERTEX_POINT('',#7206);
#7206 = CARTESIAN_POINT('',(-41.28006182485,46.8725,2.5));
#7207 = B_SPLINE_CURVE_WITH_KNOTS('',7,(#7208,#7209,#7210,#7211,#7212,
    #7213,#7214,#7215,#7216,#7217,#7218,#7219,#7220,#7221),
  .UNSPECIFIED.,.F.,.F.,(8,6,8),(0.,0.521676578124,1.),.UNSPECIFIED.);
#7208 = CARTESIAN_POINT('',(-41.28006263395,46.872501994999,2.5000006));
#7209 = CARTESIAN_POINT('',(-41.1844945716,46.6368606032,2.429131017185)
  );
#7210 = CARTESIAN_POINT('',(-41.06539091489,46.410094159184,
    2.359731263814));
#7211 = CARTESIAN_POINT('',(-40.92341901801,46.194436004571,
    2.292562549661));
#7212 = CARTESIAN_POINT('',(-40.75938462279,45.992333743377,
    2.228525148188));
#7213 = CARTESIAN_POINT('',(-40.57440536094,45.806348881917,
    2.168643094557));
#7214 = CARTESIAN_POINT('',(-40.36996285991,45.639124066156,
    2.114053173349));
#7215 = CARTESIAN_POINT('',(-39.94468799983,45.359518464227,
    2.021761161296));
#7216 = CARTESIAN_POINT('',(-39.72650176464,45.243650902544,
    1.983004901646));
#7217 = CARTESIAN_POINT('',(-39.49551327869,45.147975755432,
    1.950627714773));
#7218 = CARTESIAN_POINT('',(-39.25416549283,45.074501369927,
    1.925543492271));
#7219 = CARTESIAN_POINT('',(-39.00538248077,45.024819165786,
    1.90850938989));
#7220 = CARTESIAN_POINT('',(-38.75262619787,45.,1.9));
#7221 = CARTESIAN_POINT('',(-38.5,45.,1.9));
#7222 = ORIENTED_EDGE('',*,*,#7223,.F.);
#7223 = EDGE_CURVE('',#7173,#7205,#7224,.T.);
#7224 = CIRCLE('',#7225,3.);
#7225 = AXIS2_PLACEMENT_3D('',#7226,#7227,#7228);
#7226 = CARTESIAN_POINT('',(-38.5,48.,2.5));
#7227 = DIRECTION('',(0.,0.,1.));
#7228 = DIRECTION('',(1.,0.,0.));
#7229 = ORIENTED_EDGE('',*,*,#7180,.T.);
#7230 = ORIENTED_EDGE('',*,*,#2659,.T.);
#7231 = CYLINDRICAL_SURFACE('',#7232,3.);
#7232 = AXIS2_PLACEMENT_3D('',#7233,#7234,#7235);
#7233 = CARTESIAN_POINT('',(-38.5,48.,2.5));
#7234 = DIRECTION('',(0.,0.,1.));
#7235 = DIRECTION('',(1.,0.,0.));
#7236 = ADVANCED_FACE('',(#7237),#7255,.T.);
#7237 = FACE_BOUND('',#7238,.T.);
#7238 = EDGE_LOOP('',(#7239,#7240,#7248,#7254));
#7239 = ORIENTED_EDGE('',*,*,#7196,.F.);
#7240 = ORIENTED_EDGE('',*,*,#7241,.T.);
#7241 = EDGE_CURVE('',#7197,#7242,#7244,.T.);
#7242 = VERTEX_POINT('',#7243);
#7243 = CARTESIAN_POINT('',(48.5,45.,1.9));
#7244 = LINE('',#7245,#7246);
#7245 = CARTESIAN_POINT('',(-38.5,45.,1.9));
#7246 = VECTOR('',#7247,1.);
#7247 = DIRECTION('',(1.,0.,0.));
#7248 = ORIENTED_EDGE('',*,*,#7249,.T.);
#7249 = EDGE_CURVE('',#7242,#2643,#7250,.T.);
#7250 = LINE('',#7251,#7252);
#7251 = CARTESIAN_POINT('',(48.5,45.,2.5));
#7252 = VECTOR('',#7253,1.);
#7253 = DIRECTION('',(-0.,-0.,-1.));
#7254 = ORIENTED_EDGE('',*,*,#2651,.F.);
#7255 = PLANE('',#7256);
#7256 = AXIS2_PLACEMENT_3D('',#7257,#7258,#7259);
#7257 = CARTESIAN_POINT('',(5.,45.,0.85));
#7258 = DIRECTION('',(0.,1.,0.));
#7259 = DIRECTION('',(0.,0.,1.));
#7260 = ADVANCED_FACE('',(#7261),#7296,.F.);
#7261 = FACE_BOUND('',#7262,.F.);
#7262 = EDGE_LOOP('',(#7263,#7264,#7273,#7294,#7295));
#7263 = ORIENTED_EDGE('',*,*,#7038,.F.);
#7264 = ORIENTED_EDGE('',*,*,#7265,.F.);
#7265 = EDGE_CURVE('',#7266,#7039,#7268,.T.);
#7266 = VERTEX_POINT('',#7267);
#7267 = CARTESIAN_POINT('',(51.280061824852,46.872499999999,2.5));
#7268 = CIRCLE('',#7269,3.);
#7269 = AXIS2_PLACEMENT_3D('',#7270,#7271,#7272);
#7270 = CARTESIAN_POINT('',(48.5,48.,2.5));
#7271 = DIRECTION('',(0.,0.,1.));
#7272 = DIRECTION('',(1.,0.,0.));
#7273 = ORIENTED_EDGE('',*,*,#7274,.F.);
#7274 = EDGE_CURVE('',#7242,#7266,#7275,.T.);
#7275 = B_SPLINE_CURVE_WITH_KNOTS('',5,(#7276,#7277,#7278,#7279,#7280,
    #7281,#7282,#7283,#7284,#7285,#7286,#7287,#7288,#7289,#7290,#7291,
    #7292,#7293),.UNSPECIFIED.,.F.,.F.,(6,4,4,4,6),(0.,0.237302155807,
    0.478603094669,0.736793564643,1.),.UNSPECIFIED.);
#7276 = CARTESIAN_POINT('',(48.5,45.,1.9));
#7277 = CARTESIAN_POINT('',(48.675411343416,45.,1.9));
#7278 = CARTESIAN_POINT('',(48.850841100945,45.012821160235,
    1.904395667557));
#7279 = CARTESIAN_POINT('',(49.024638647844,45.038464402806,
    1.913188359688));
#7280 = CARTESIAN_POINT('',(49.195305139339,45.07653379607,
    1.926193485096));
#7281 = CARTESIAN_POINT('',(49.530499249256,45.177023151005,
    1.960303891955));
#7282 = CARTESIAN_POINT('',(49.694898818864,45.239849762614,
    1.981544590197));
#7283 = CARTESIAN_POINT('',(49.853336726819,45.314145486338,
    2.006512440021));
#7284 = CARTESIAN_POINT('',(50.004785820683,45.399002566604,
    2.034794571458));
#7285 = CARTESIAN_POINT('',(50.302177328295,45.594587583189,
    2.09935203893));
#7286 = CARTESIAN_POINT('',(50.446994315891,45.706711543133,
    2.136048660518));
#7287 = CARTESIAN_POINT('',(50.581967708119,45.828733814054,
    2.175574376015));
#7288 = CARTESIAN_POINT('',(50.706453487984,45.959504953458,
    2.217440440511));
#7289 = CARTESIAN_POINT('',(50.935691828045,46.23911385493,
    2.305854367446));
#7290 = CARTESIAN_POINT('',(51.040008200296,46.388245652416,
    2.352474907765));
#7291 = CARTESIAN_POINT('',(51.132416805089,46.54424019558,
    2.400633806452));
#7292 = CARTESIAN_POINT('',(51.212537781086,46.706006516077,
    2.449926777902));
#7293 = CARTESIAN_POINT('',(51.280062633956,46.872501995,2.5000006));
#7294 = ORIENTED_EDGE('',*,*,#7249,.T.);
#7295 = ORIENTED_EDGE('',*,*,#2642,.T.);
#7296 = CYLINDRICAL_SURFACE('',#7297,3.);
#7297 = AXIS2_PLACEMENT_3D('',#7298,#7299,#7300);
#7298 = CARTESIAN_POINT('',(48.5,48.,2.5));
#7299 = DIRECTION('',(0.,0.,1.));
#7300 = DIRECTION('',(1.,0.,0.));
#7301 = ADVANCED_FACE('',(#7302),#7330,.F.);
#7302 = FACE_BOUND('',#7303,.T.);
#7303 = EDGE_LOOP('',(#7304,#7305,#7314,#7322,#7329));
#7304 = ORIENTED_EDGE('',*,*,#4839,.F.);
#7305 = ORIENTED_EDGE('',*,*,#7306,.T.);
#7306 = EDGE_CURVE('',#4832,#7307,#7309,.T.);
#7307 = VERTEX_POINT('',#7308);
#7308 = CARTESIAN_POINT('',(-50.02842787628,47.85,-17.));
#7309 = ELLIPSE('',#7310,4.5727381155,4.);
#7310 = AXIS2_PLACEMENT_3D('',#7311,#7312,#7313);
#7311 = CARTESIAN_POINT('',(-45.55536079404,47.85,-17.94952869926));
#7312 = DIRECTION('',(-0.207649918994,0.,-0.978203205444));
#7313 = DIRECTION('',(-0.978203205444,0.,0.207649918994));
#7314 = ORIENTED_EDGE('',*,*,#7315,.T.);
#7315 = EDGE_CURVE('',#7307,#7316,#7318,.T.);
#7316 = VERTEX_POINT('',#7317);
#7317 = CARTESIAN_POINT('',(-54.52341360856,47.85,-2.297564147492));
#7318 = LINE('',#7319,#7320);
#7319 = CARTESIAN_POINT('',(-50.02842787628,47.85,-17.));
#7320 = VECTOR('',#7321,1.);
#7321 = DIRECTION('',(-0.292371704723,0.,0.956304755963));
#7322 = ORIENTED_EDGE('',*,*,#7323,.F.);
#7323 = EDGE_CURVE('',#2610,#7316,#7324,.T.);
#7324 = ELLIPSE('',#7325,4.530280202756,4.);
#7325 = AXIS2_PLACEMENT_3D('',#7326,#7327,#7328);
#7326 = CARTESIAN_POINT('',(-51.32002175652,47.85,0.905827704552));
#7327 = DIRECTION('',(0.707106781187,-1.6E-16,-0.707106781187));
#7328 = DIRECTION('',(0.707106781187,-3.E-16,0.707106781187));
#7329 = ORIENTED_EDGE('',*,*,#2617,.T.);
#7330 = CYLINDRICAL_SURFACE('',#7331,4.);
#7331 = AXIS2_PLACEMENT_3D('',#7332,#7333,#7334);
#7332 = CARTESIAN_POINT('',(-46.20320885242,47.85,-15.8305131811));
#7333 = DIRECTION('',(-0.292371704723,0.,0.956304755963));
#7334 = DIRECTION('',(0.,-1.,0.));
#7335 = ADVANCED_FACE('',(#7336),#7362,.T.);
#7336 = FACE_BOUND('',#7337,.T.);
#7337 = EDGE_LOOP('',(#7338,#7346,#7354,#7360,#7361));
#7338 = ORIENTED_EDGE('',*,*,#7339,.F.);
#7339 = EDGE_CURVE('',#7340,#7316,#7342,.T.);
#7340 = VERTEX_POINT('',#7341);
#7341 = CARTESIAN_POINT('',(-54.52341360856,65.,-2.297564147492));
#7342 = LINE('',#7343,#7344);
#7343 = CARTESIAN_POINT('',(-54.52341360856,116.15,-2.297564147492));
#7344 = VECTOR('',#7345,1.);
#7345 = DIRECTION('',(0.,-1.,2.2E-16));
#7346 = ORIENTED_EDGE('',*,*,#7347,.T.);
#7347 = EDGE_CURVE('',#7340,#7348,#7350,.T.);
#7348 = VERTEX_POINT('',#7349);
#7349 = CARTESIAN_POINT('',(-54.22584946107,65.,-2.));
#7350 = LINE('',#7351,#7352);
#7351 = CARTESIAN_POINT('',(-55.0443870958,65.,-2.818537634731));
#7352 = VECTOR('',#7353,1.);
#7353 = DIRECTION('',(0.707106781187,0.,0.707106781187));
#7354 = ORIENTED_EDGE('',*,*,#7355,.T.);
#7355 = EDGE_CURVE('',#7348,#2602,#7356,.T.);
#7356 = LINE('',#7357,#7358);
#7357 = CARTESIAN_POINT('',(-45.57987455089,73.64597491018,6.64597491018
    ));
#7358 = VECTOR('',#7359,1.);
#7359 = DIRECTION('',(0.57735026919,0.57735026919,0.57735026919));
#7360 = ORIENTED_EDGE('',*,*,#2609,.T.);
#7361 = ORIENTED_EDGE('',*,*,#7323,.T.);
#7362 = PLANE('',#7363);
#7363 = AXIS2_PLACEMENT_3D('',#7364,#7365,#7366);
#7364 = CARTESIAN_POINT('',(-51.72584946107,116.15,0.5));
#7365 = DIRECTION('',(0.707106781187,-1.6E-16,-0.707106781187));
#7366 = DIRECTION('',(-0.707106781187,-1.6E-16,-0.707106781187));
#7367 = ADVANCED_FACE('',(#7368),#7379,.T.);
#7368 = FACE_BOUND('',#7369,.T.);
#7369 = EDGE_LOOP('',(#7370,#7371,#7372,#7373));
#7370 = ORIENTED_EDGE('',*,*,#2772,.F.);
#7371 = ORIENTED_EDGE('',*,*,#2601,.T.);
#7372 = ORIENTED_EDGE('',*,*,#7355,.F.);
#7373 = ORIENTED_EDGE('',*,*,#7374,.F.);
#7374 = EDGE_CURVE('',#2773,#7348,#7375,.T.);
#7375 = LINE('',#7376,#7377);
#7376 = CARTESIAN_POINT('',(-62.5,65.,-2.));
#7377 = VECTOR('',#7378,1.);
#7378 = DIRECTION('',(1.,0.,0.));
#7379 = PLANE('',#7380);
#7380 = AXIS2_PLACEMENT_3D('',#7381,#7382,#7383);
#7381 = CARTESIAN_POINT('',(-62.5,67.,-9.E-15));
#7382 = DIRECTION('',(0.,0.707106781187,-0.707106781187));
#7383 = DIRECTION('',(0.,-0.707106781187,-0.707106781187));
#7384 = ADVANCED_FACE('',(#7385),#7403,.T.);
#7385 = FACE_BOUND('',#7386,.T.);
#7386 = EDGE_LOOP('',(#7387,#7388,#7396,#7402));
#7387 = ORIENTED_EDGE('',*,*,#2804,.F.);
#7388 = ORIENTED_EDGE('',*,*,#7389,.T.);
#7389 = EDGE_CURVE('',#2797,#7390,#7392,.T.);
#7390 = VERTEX_POINT('',#7391);
#7391 = CARTESIAN_POINT('',(-54.22584946107,15.,-2.));
#7392 = LINE('',#7393,#7394);
#7393 = CARTESIAN_POINT('',(-62.5,15.,-2.));
#7394 = VECTOR('',#7395,1.);
#7395 = DIRECTION('',(1.,0.,0.));
#7396 = ORIENTED_EDGE('',*,*,#7397,.F.);
#7397 = EDGE_CURVE('',#3023,#7390,#7398,.T.);
#7398 = LINE('',#7399,#7400);
#7399 = CARTESIAN_POINT('',(-58.29654121756,19.070691756487,
    -6.070691756487));
#7400 = VECTOR('',#7401,1.);
#7401 = DIRECTION('',(-0.57735026919,0.57735026919,-0.57735026919));
#7402 = ORIENTED_EDGE('',*,*,#3030,.T.);
#7403 = PLANE('',#7404);
#7404 = AXIS2_PLACEMENT_3D('',#7405,#7406,#7407);
#7405 = CARTESIAN_POINT('',(-62.5,15.,-2.));
#7406 = DIRECTION('',(0.,-0.707106781187,-0.707106781187));
#7407 = DIRECTION('',(0.,-0.707106781187,0.707106781187));
#7408 = ADVANCED_FACE('',(#7409),#7450,.T.);
#7409 = FACE_BOUND('',#7410,.T.);
#7410 = EDGE_LOOP('',(#7411,#7412,#7413,#7419,#7420,#7428,#7436,#7444));
#7411 = ORIENTED_EDGE('',*,*,#7389,.F.);
#7412 = ORIENTED_EDGE('',*,*,#2796,.F.);
#7413 = ORIENTED_EDGE('',*,*,#7414,.F.);
#7414 = EDGE_CURVE('',#4785,#2789,#7415,.T.);
#7415 = LINE('',#7416,#7417);
#7416 = CARTESIAN_POINT('',(-51.06810977536,15.,-56.75973669902));
#7417 = VECTOR('',#7418,1.);
#7418 = DIRECTION('',(-0.13052619222,0.,0.991444861374));
#7419 = ORIENTED_EDGE('',*,*,#4784,.F.);
#7420 = ORIENTED_EDGE('',*,*,#7421,.F.);
#7421 = EDGE_CURVE('',#7422,#4777,#7424,.T.);
#7422 = VERTEX_POINT('',#7423);
#7423 = CARTESIAN_POINT('',(-51.97320907139,15.,-19.2396346966));
#7424 = LINE('',#7425,#7426);
#7425 = CARTESIAN_POINT('',(-48.68138753593,15.,-44.24350166288));
#7426 = VECTOR('',#7427,1.);
#7427 = DIRECTION('',(0.13052619222,0.,-0.991444861374));
#7428 = ORIENTED_EDGE('',*,*,#7429,.F.);
#7429 = EDGE_CURVE('',#7430,#7422,#7432,.T.);
#7430 = VERTEX_POINT('',#7431);
#7431 = CARTESIAN_POINT('',(-50.02842787628,15.,-17.));
#7432 = LINE('',#7433,#7434);
#7433 = CARTESIAN_POINT('',(-66.19945413361,15.,-35.62275899038));
#7434 = VECTOR('',#7435,1.);
#7435 = DIRECTION('',(-0.655654995826,-0.,-0.755060611109));
#7436 = ORIENTED_EDGE('',*,*,#7437,.F.);
#7437 = EDGE_CURVE('',#7438,#7430,#7440,.T.);
#7438 = VERTEX_POINT('',#7439);
#7439 = CARTESIAN_POINT('',(-54.52341360856,15.,-2.297564147492));
#7440 = LINE('',#7441,#7442);
#7441 = CARTESIAN_POINT('',(-45.54117791997,15.,-31.67713326938));
#7442 = VECTOR('',#7443,1.);
#7443 = DIRECTION('',(0.292371704723,0.,-0.956304755963));
#7444 = ORIENTED_EDGE('',*,*,#7445,.F.);
#7445 = EDGE_CURVE('',#7390,#7438,#7446,.T.);
#7446 = LINE('',#7447,#7448);
#7447 = CARTESIAN_POINT('',(-72.4193870958,15.,-20.19353763473));
#7448 = VECTOR('',#7449,1.);
#7449 = DIRECTION('',(-0.707106781187,-0.,-0.707106781187));
#7450 = PLANE('',#7451);
#7451 = AXIS2_PLACEMENT_3D('',#7452,#7453,#7454);
#7452 = CARTESIAN_POINT('',(-62.5,15.,-71.5));
#7453 = DIRECTION('',(0.,-1.,0.));
#7454 = DIRECTION('',(0.,0.,1.));
#7455 = ADVANCED_FACE('',(#7456),#7467,.T.);
#7456 = FACE_BOUND('',#7457,.T.);
#7457 = EDGE_LOOP('',(#7458,#7464,#7465,#7466));
#7458 = ORIENTED_EDGE('',*,*,#7459,.T.);
#7459 = EDGE_CURVE('',#2781,#4793,#7460,.T.);
#7460 = LINE('',#7461,#7462);
#7461 = CARTESIAN_POINT('',(-55.56509068401,65.,-22.60177546724));
#7462 = VECTOR('',#7463,1.);
#7463 = DIRECTION('',(0.13052619222,0.,-0.991444861374));
#7464 = ORIENTED_EDGE('',*,*,#4792,.T.);
#7465 = ORIENTED_EDGE('',*,*,#7414,.T.);
#7466 = ORIENTED_EDGE('',*,*,#2788,.F.);
#7467 = PLANE('',#7468);
#7468 = AXIS2_PLACEMENT_3D('',#7469,#7470,#7471);
#7469 = CARTESIAN_POINT('',(-52.78087410474,40.,-43.75));
#7470 = DIRECTION('',(-0.991444861374,-0.,-0.13052619222));
#7471 = DIRECTION('',(0.13052619222,0.,-0.991444861374));
#7472 = ADVANCED_FACE('',(#7473),#7502,.T.);
#7473 = FACE_BOUND('',#7474,.T.);
#7474 = EDGE_LOOP('',(#7475,#7476,#7477,#7478,#7486,#7494,#7500,#7501));
#7475 = ORIENTED_EDGE('',*,*,#2780,.F.);
#7476 = ORIENTED_EDGE('',*,*,#7374,.T.);
#7477 = ORIENTED_EDGE('',*,*,#7347,.F.);
#7478 = ORIENTED_EDGE('',*,*,#7479,.F.);
#7479 = EDGE_CURVE('',#7480,#7340,#7482,.T.);
#7480 = VERTEX_POINT('',#7481);
#7481 = CARTESIAN_POINT('',(-50.02842787628,65.,-17.));
#7482 = LINE('',#7483,#7484);
#7483 = CARTESIAN_POINT('',(-55.25715461777,65.,0.102394553758));
#7484 = VECTOR('',#7485,1.);
#7485 = DIRECTION('',(-0.292371704723,0.,0.956304755963));
#7486 = ORIENTED_EDGE('',*,*,#7487,.F.);
#7487 = EDGE_CURVE('',#7488,#7480,#7490,.T.);
#7488 = VERTEX_POINT('',#7489);
#7489 = CARTESIAN_POINT('',(-51.97320907139,65.,-19.2396346966));
#7490 = LINE('',#7491,#7492);
#7491 = CARTESIAN_POINT('',(-48.99614478519,65.,-15.81120969632));
#7492 = VECTOR('',#7493,1.);
#7493 = DIRECTION('',(0.655654995826,0.,0.755060611109));
#7494 = ORIENTED_EDGE('',*,*,#7495,.F.);
#7495 = EDGE_CURVE('',#4801,#7488,#7496,.T.);
#7496 = LINE('',#7497,#7498);
#7497 = CARTESIAN_POINT('',(-53.17836844459,65.,-10.0855404311));
#7498 = VECTOR('',#7499,1.);
#7499 = DIRECTION('',(-0.13052619222,0.,0.991444861374));
#7500 = ORIENTED_EDGE('',*,*,#4800,.F.);
#7501 = ORIENTED_EDGE('',*,*,#7459,.F.);
#7502 = PLANE('',#7503);
#7503 = AXIS2_PLACEMENT_3D('',#7504,#7505,#7506);
#7504 = CARTESIAN_POINT('',(-62.5,65.,-2.));
#7505 = DIRECTION('',(0.,1.,0.));
#7506 = DIRECTION('',(0.,0.,-1.));
#7507 = ADVANCED_FACE('',(#7508),#7534,.F.);
#7508 = FACE_BOUND('',#7509,.T.);
#7509 = EDGE_LOOP('',(#7510,#7518,#7519,#7527));
#7510 = ORIENTED_EDGE('',*,*,#7511,.F.);
#7511 = EDGE_CURVE('',#2830,#7512,#7514,.T.);
#7512 = VERTEX_POINT('',#7513);
#7513 = CARTESIAN_POINT('',(-54.666143079,52.197865502564,
    -10.03944577298));
#7514 = LINE('',#7515,#7516);
#7515 = CARTESIAN_POINT('',(-59.06514495643,52.197865502564,
    -11.3843556147));
#7516 = VECTOR('',#7517,1.);
#7517 = DIRECTION('',(0.956304755963,0.,0.292371704723));
#7518 = ORIENTED_EDGE('',*,*,#2829,.T.);
#7519 = ORIENTED_EDGE('',*,*,#7520,.T.);
#7520 = EDGE_CURVE('',#2832,#7521,#7523,.T.);
#7521 = VERTEX_POINT('',#7522);
#7522 = CARTESIAN_POINT('',(-54.666143079,55.802134497436,
    -10.03944577298));
#7523 = LINE('',#7524,#7525);
#7524 = CARTESIAN_POINT('',(-59.06514495643,55.802134497436,
    -11.3843556147));
#7525 = VECTOR('',#7526,1.);
#7526 = DIRECTION('',(0.956304755963,0.,0.292371704723));
#7527 = ORIENTED_EDGE('',*,*,#7528,.F.);
#7528 = EDGE_CURVE('',#7512,#7521,#7529,.T.);
#7529 = CIRCLE('',#7530,2.2);
#7530 = AXIS2_PLACEMENT_3D('',#7531,#7532,#7533);
#7531 = CARTESIAN_POINT('',(-55.03507762407,54.,-8.832715250201));
#7532 = DIRECTION('',(-0.956304755963,1.3E-16,-0.292371704723));
#7533 = DIRECTION('',(0.292371704723,4.2E-16,-0.956304755963));
#7534 = CYLINDRICAL_SURFACE('',#7535,2.2);
#7535 = AXIS2_PLACEMENT_3D('',#7536,#7537,#7538);
#7536 = CARTESIAN_POINT('',(-59.4340795015,54.,-10.17762509192));
#7537 = DIRECTION('',(-0.956304755963,0.,-0.292371704723));
#7538 = DIRECTION('',(0.292371704723,0.,-0.956304755963));
#7539 = ADVANCED_FACE('',(#7540),#7558,.T.);
#7540 = FACE_BOUND('',#7541,.T.);
#7541 = EDGE_LOOP('',(#7542,#7543,#7544,#7552));
#7542 = ORIENTED_EDGE('',*,*,#2840,.F.);
#7543 = ORIENTED_EDGE('',*,*,#7511,.T.);
#7544 = ORIENTED_EDGE('',*,*,#7545,.F.);
#7545 = EDGE_CURVE('',#7546,#7512,#7548,.T.);
#7546 = VERTEX_POINT('',#7547);
#7547 = CARTESIAN_POINT('',(-53.91366169826,54.,-12.50070146752));
#7548 = LINE('',#7549,#7550);
#7549 = CARTESIAN_POINT('',(-53.91366169826,54.,-12.50070146752));
#7550 = VECTOR('',#7551,1.);
#7551 = DIRECTION('',(-0.239496879616,-0.573576436351,0.78335899581));
#7552 = ORIENTED_EDGE('',*,*,#7553,.F.);
#7553 = EDGE_CURVE('',#2841,#7546,#7554,.T.);
#7554 = LINE('',#7555,#7556);
#7555 = CARTESIAN_POINT('',(-58.31266357569,54.,-13.84561130925));
#7556 = VECTOR('',#7557,1.);
#7557 = DIRECTION('',(0.956304755963,0.,0.292371704723));
#7558 = PLANE('',#7559);
#7559 = AXIS2_PLACEMENT_3D('',#7560,#7561,#7562);
#7560 = CARTESIAN_POINT('',(-59.06514495643,52.197865502564,
    -11.3843556147));
#7561 = DIRECTION('',(-0.167697520485,0.819152044289,0.548513873991));
#7562 = DIRECTION('',(0.239496879616,0.573576436351,-0.78335899581));
#7563 = ADVANCED_FACE('',(#7564),#7575,.T.);
#7564 = FACE_BOUND('',#7565,.T.);
#7565 = EDGE_LOOP('',(#7566,#7567,#7568,#7574));
#7566 = ORIENTED_EDGE('',*,*,#2848,.F.);
#7567 = ORIENTED_EDGE('',*,*,#7553,.T.);
#7568 = ORIENTED_EDGE('',*,*,#7569,.F.);
#7569 = EDGE_CURVE('',#7521,#7546,#7570,.T.);
#7570 = LINE('',#7571,#7572);
#7571 = CARTESIAN_POINT('',(-54.666143079,55.802134497436,
    -10.03944577298));
#7572 = VECTOR('',#7573,1.);
#7573 = DIRECTION('',(0.239496879616,-0.573576436351,-0.78335899581));
#7574 = ORIENTED_EDGE('',*,*,#7520,.F.);
#7575 = PLANE('',#7576);
#7576 = AXIS2_PLACEMENT_3D('',#7577,#7578,#7579);
#7577 = CARTESIAN_POINT('',(-58.31266357569,54.,-13.84561130925));
#7578 = DIRECTION('',(-0.167697520485,-0.819152044289,0.548513873991));
#7579 = DIRECTION('',(-0.239496879616,0.573576436351,0.78335899581));
#7580 = ADVANCED_FACE('',(#7581),#7601,.T.);
#7581 = FACE_BOUND('',#7582,.T.);
#7582 = EDGE_LOOP('',(#7583,#7591,#7598,#7599,#7600));
#7583 = ORIENTED_EDGE('',*,*,#7584,.F.);
#7584 = EDGE_CURVE('',#7585,#7438,#7587,.T.);
#7585 = VERTEX_POINT('',#7586);
#7586 = CARTESIAN_POINT('',(-54.52341360856,32.15,-2.297564147492));
#7587 = LINE('',#7588,#7589);
#7588 = CARTESIAN_POINT('',(-54.52341360856,36.15,-2.297564147492));
#7589 = VECTOR('',#7590,1.);
#7590 = DIRECTION('',(0.,-1.,2.2E-16));
#7591 = ORIENTED_EDGE('',*,*,#7592,.T.);
#7592 = EDGE_CURVE('',#7585,#3014,#7593,.T.);
#7593 = ELLIPSE('',#7594,4.530280202756,4.);
#7594 = AXIS2_PLACEMENT_3D('',#7595,#7596,#7597);
#7595 = CARTESIAN_POINT('',(-51.32002175652,32.15,0.905827704552));
#7596 = DIRECTION('',(0.707106781187,-1.6E-16,-0.707106781187));
#7597 = DIRECTION('',(0.707106781187,-1.2E-15,0.707106781187));
#7598 = ORIENTED_EDGE('',*,*,#3022,.T.);
#7599 = ORIENTED_EDGE('',*,*,#7397,.T.);
#7600 = ORIENTED_EDGE('',*,*,#7445,.T.);
#7601 = PLANE('',#7602);
#7602 = AXIS2_PLACEMENT_3D('',#7603,#7604,#7605);
#7603 = CARTESIAN_POINT('',(-51.72584946107,36.15,0.5));
#7604 = DIRECTION('',(0.707106781187,-1.6E-16,-0.707106781187));
#7605 = DIRECTION('',(-0.707106781187,-1.6E-16,-0.707106781187));
#7606 = ADVANCED_FACE('',(#7607),#7627,.F.);
#7607 = FACE_BOUND('',#7608,.T.);
#7608 = EDGE_LOOP('',(#7609,#7617,#7624,#7625,#7626));
#7609 = ORIENTED_EDGE('',*,*,#7610,.F.);
#7610 = EDGE_CURVE('',#7611,#7585,#7613,.T.);
#7611 = VERTEX_POINT('',#7612);
#7612 = CARTESIAN_POINT('',(-50.02842787628,32.15,-17.));
#7613 = LINE('',#7614,#7615);
#7614 = CARTESIAN_POINT('',(-50.02842787628,32.15,-17.));
#7615 = VECTOR('',#7616,1.);
#7616 = DIRECTION('',(-0.292371704723,-4.2E-16,0.956304755963));
#7617 = ORIENTED_EDGE('',*,*,#7618,.T.);
#7618 = EDGE_CURVE('',#7611,#4694,#7619,.T.);
#7619 = ELLIPSE('',#7620,4.5727381155,4.);
#7620 = AXIS2_PLACEMENT_3D('',#7621,#7622,#7623);
#7621 = CARTESIAN_POINT('',(-45.55536079404,32.15,-17.94952869926));
#7622 = DIRECTION('',(-0.207649918994,4.3E-16,-0.978203205444));
#7623 = DIRECTION('',(-0.978203205444,-9.E-17,0.207649918994));
#7624 = ORIENTED_EDGE('',*,*,#4701,.T.);
#7625 = ORIENTED_EDGE('',*,*,#3013,.T.);
#7626 = ORIENTED_EDGE('',*,*,#7592,.F.);
#7627 = CYLINDRICAL_SURFACE('',#7628,4.);
#7628 = AXIS2_PLACEMENT_3D('',#7629,#7630,#7631);
#7629 = CARTESIAN_POINT('',(-46.20320885242,32.15,-15.8305131811));
#7630 = DIRECTION('',(-0.292371704723,-4.2E-16,0.956304755963));
#7631 = DIRECTION('',(-0.956304755963,-6.E-17,-0.292371704723));
#7632 = ADVANCED_FACE('',(#7633),#7673,.T.);
#7633 = FACE_BOUND('',#7634,.T.);
#7634 = EDGE_LOOP('',(#7635,#7636,#7637,#7643,#7644,#7650,#7651,#7659,
    #7667));
#7635 = ORIENTED_EDGE('',*,*,#2997,.T.);
#7636 = ORIENTED_EDGE('',*,*,#4708,.T.);
#7637 = ORIENTED_EDGE('',*,*,#7638,.T.);
#7638 = EDGE_CURVE('',#4709,#4444,#7639,.T.);
#7639 = LINE('',#7640,#7641);
#7640 = CARTESIAN_POINT('',(51.5,37.15,-1.));
#7641 = VECTOR('',#7642,1.);
#7642 = DIRECTION('',(0.,-1.,2.2E-16));
#7643 = ORIENTED_EDGE('',*,*,#4443,.T.);
#7644 = ORIENTED_EDGE('',*,*,#7645,.T.);
#7645 = EDGE_CURVE('',#4436,#2922,#7646,.T.);
#7646 = LINE('',#7647,#7648);
#7647 = CARTESIAN_POINT('',(51.5,-17.3875,17.9125));
#7648 = VECTOR('',#7649,1.);
#7649 = DIRECTION('',(0.,0.707106781187,0.707106781187));
#7650 = ORIENTED_EDGE('',*,*,#2929,.T.);
#7651 = ORIENTED_EDGE('',*,*,#7652,.F.);
#7652 = EDGE_CURVE('',#7653,#2930,#7655,.T.);
#7653 = VERTEX_POINT('',#7654);
#7654 = CARTESIAN_POINT('',(51.5,-32.,2.5));
#7655 = LINE('',#7656,#7657);
#7656 = CARTESIAN_POINT('',(51.5,-32.,0.));
#7657 = VECTOR('',#7658,1.);
#7658 = DIRECTION('',(-0.,-0.,-1.));
#7659 = ORIENTED_EDGE('',*,*,#7660,.T.);
#7660 = EDGE_CURVE('',#7653,#7661,#7663,.T.);
#7661 = VERTEX_POINT('',#7662);
#7662 = CARTESIAN_POINT('',(51.5,32.,2.5));
#7663 = LINE('',#7664,#7665);
#7664 = CARTESIAN_POINT('',(51.5,-32.,2.5));
#7665 = VECTOR('',#7666,1.);
#7666 = DIRECTION('',(0.,1.,0.));
#7667 = ORIENTED_EDGE('',*,*,#7668,.T.);
#7668 = EDGE_CURVE('',#7661,#2989,#7669,.T.);
#7669 = LINE('',#7670,#7671);
#7670 = CARTESIAN_POINT('',(51.5,32.,2.5));
#7671 = VECTOR('',#7672,1.);
#7672 = DIRECTION('',(-0.,-0.,-1.));
#7673 = PLANE('',#7674);
#7674 = AXIS2_PLACEMENT_3D('',#7675,#7676,#7677);
#7675 = CARTESIAN_POINT('',(51.5,-4.08313683628E-02,0.571530075422));
#7676 = DIRECTION('',(-1.,-0.,-0.));
#7677 = DIRECTION('',(0.,0.,-1.));
#7678 = ADVANCED_FACE('',(#7679),#7717,.F.);
#7679 = FACE_BOUND('',#7680,.F.);
#7680 = EDGE_LOOP('',(#7681,#7690,#7691,#7692,#7700));
#7681 = ORIENTED_EDGE('',*,*,#7682,.F.);
#7682 = EDGE_CURVE('',#7661,#7683,#7685,.T.);
#7683 = VERTEX_POINT('',#7684);
#7684 = CARTESIAN_POINT('',(51.280061824852,33.1275,2.5));
#7685 = CIRCLE('',#7686,3.);
#7686 = AXIS2_PLACEMENT_3D('',#7687,#7688,#7689);
#7687 = CARTESIAN_POINT('',(48.5,32.,2.5));
#7688 = DIRECTION('',(0.,0.,1.));
#7689 = DIRECTION('',(1.,0.,0.));
#7690 = ORIENTED_EDGE('',*,*,#7668,.T.);
#7691 = ORIENTED_EDGE('',*,*,#2988,.T.);
#7692 = ORIENTED_EDGE('',*,*,#7693,.F.);
#7693 = EDGE_CURVE('',#7694,#2981,#7696,.T.);
#7694 = VERTEX_POINT('',#7695);
#7695 = CARTESIAN_POINT('',(48.5,35.,1.9));
#7696 = LINE('',#7697,#7698);
#7697 = CARTESIAN_POINT('',(48.5,35.,0.));
#7698 = VECTOR('',#7699,1.);
#7699 = DIRECTION('',(-0.,-0.,-1.));
#7700 = ORIENTED_EDGE('',*,*,#7701,.F.);
#7701 = EDGE_CURVE('',#7683,#7694,#7702,.T.);
#7702 = B_SPLINE_CURVE_WITH_KNOTS('',7,(#7703,#7704,#7705,#7706,#7707,
    #7708,#7709,#7710,#7711,#7712,#7713,#7714,#7715,#7716),
  .UNSPECIFIED.,.F.,.F.,(8,6,8),(0.,0.522278745721,1.),.UNSPECIFIED.);
#7703 = CARTESIAN_POINT('',(51.280062633956,33.127498005,2.5000006));
#7704 = CARTESIAN_POINT('',(51.184384193579,33.363411554991,
    2.429049165107));
#7705 = CARTESIAN_POINT('',(51.065115775144,33.590429610654,
    2.359570967088));
#7706 = CARTESIAN_POINT('',(50.922926995842,33.806311252121,
    2.292329806145));
#7707 = CARTESIAN_POINT('',(50.758626476672,34.008600070656,
    2.228229255093));
#7708 = CARTESIAN_POINT('',(50.573336505466,34.194725292217,
    2.168297225365));
#7709 = CARTESIAN_POINT('',(50.368545315015,34.362034648207,
    2.113674897494));
#7710 = CARTESIAN_POINT('',(49.943039911215,34.641355967131,
    2.021468662963));
#7711 = CARTESIAN_POINT('',(49.725048144859,34.756950759375,
    1.98280129164));
#7712 = CARTESIAN_POINT('',(49.494298065106,34.852394034057,
    1.950501469695));
#7713 = CARTESIAN_POINT('',(49.253225695468,34.925686242098,
    1.925479166185));
#7714 = CARTESIAN_POINT('',(49.004745765418,34.9752433077,1.908487970857
    ));
#7715 = CARTESIAN_POINT('',(48.752308059362,35.,1.9));
#7716 = CARTESIAN_POINT('',(48.5,35.,1.9));
#7717 = CYLINDRICAL_SURFACE('',#7718,3.);
#7718 = AXIS2_PLACEMENT_3D('',#7719,#7720,#7721);
#7719 = CARTESIAN_POINT('',(48.5,32.,0.));
#7720 = DIRECTION('',(0.,0.,1.));
#7721 = DIRECTION('',(1.,0.,0.));
#7722 = ADVANCED_FACE('',(#7723),#7741,.T.);
#7723 = FACE_BOUND('',#7724,.T.);
#7724 = EDGE_LOOP('',(#7725,#7726,#7734,#7740));
#7725 = ORIENTED_EDGE('',*,*,#7693,.F.);
#7726 = ORIENTED_EDGE('',*,*,#7727,.T.);
#7727 = EDGE_CURVE('',#7694,#7728,#7730,.T.);
#7728 = VERTEX_POINT('',#7729);
#7729 = CARTESIAN_POINT('',(-38.5,35.,1.9));
#7730 = LINE('',#7731,#7732);
#7731 = CARTESIAN_POINT('',(48.5,35.,1.9));
#7732 = VECTOR('',#7733,1.);
#7733 = DIRECTION('',(-1.,0.,0.));
#7734 = ORIENTED_EDGE('',*,*,#7735,.T.);
#7735 = EDGE_CURVE('',#7728,#2972,#7736,.T.);
#7736 = LINE('',#7737,#7738);
#7737 = CARTESIAN_POINT('',(-38.5,35.,2.5));
#7738 = VECTOR('',#7739,1.);
#7739 = DIRECTION('',(-0.,-0.,-1.));
#7740 = ORIENTED_EDGE('',*,*,#2980,.F.);
#7741 = PLANE('',#7742);
#7742 = AXIS2_PLACEMENT_3D('',#7743,#7744,#7745);
#7743 = CARTESIAN_POINT('',(5.,35.,0.85));
#7744 = DIRECTION('',(-0.,-1.,-0.));
#7745 = DIRECTION('',(0.,0.,-1.));
#7746 = ADVANCED_FACE('',(#7747),#7785,.F.);
#7747 = FACE_BOUND('',#7748,.F.);
#7748 = EDGE_LOOP('',(#7749,#7768,#7769,#7770,#7778));
#7749 = ORIENTED_EDGE('',*,*,#7750,.F.);
#7750 = EDGE_CURVE('',#7728,#7751,#7753,.T.);
#7751 = VERTEX_POINT('',#7752);
#7752 = CARTESIAN_POINT('',(-41.28006182485,33.1275,2.5));
#7753 = B_SPLINE_CURVE_WITH_KNOTS('',7,(#7754,#7755,#7756,#7757,#7758,
    #7759,#7760,#7761,#7762,#7763,#7764,#7765,#7766,#7767),
  .UNSPECIFIED.,.F.,.F.,(8,6,8),(0.,0.479104158449,1.),.UNSPECIFIED.);
#7754 = CARTESIAN_POINT('',(-38.5,35.,1.9));
#7755 = CARTESIAN_POINT('',(-38.75303871132,35.,1.9));
#7756 = CARTESIAN_POINT('',(-39.00620807547,34.97509971089,
    1.908537203007));
#7757 = CARTESIAN_POINT('',(-39.2553840119,34.925255011587,
    1.925627021191));
#7758 = CARTESIAN_POINT('',(-39.49708874578,34.851544089661,
    1.950791636167));
#7759 = CARTESIAN_POINT('',(-39.72838606568,34.755567923426,
    1.983269250425));
#7760 = CARTESIAN_POINT('',(-39.94682403007,34.639346307377,
    2.022140870016));
#7761 = CARTESIAN_POINT('',(-40.37179970975,34.359372409513,
    2.114543966844));
#7762 = CARTESIAN_POINT('',(-40.57579042929,34.192257682521,
    2.169091720434));
#7763 = CARTESIAN_POINT('',(-40.76036713092,34.006455125669,
    2.228908885645));
#7764 = CARTESIAN_POINT('',(-40.92405671946,33.804594944754,
    2.292864359419));
#7765 = CARTESIAN_POINT('',(-41.06574757932,33.58922666385,
    2.359939117052));
#7766 = CARTESIAN_POINT('',(-41.18463769286,33.362786503861,
    2.429237150386));
#7767 = CARTESIAN_POINT('',(-41.28006263395,33.127498005,2.5000006));
#7768 = ORIENTED_EDGE('',*,*,#7735,.T.);
#7769 = ORIENTED_EDGE('',*,*,#2971,.T.);
#7770 = ORIENTED_EDGE('',*,*,#7771,.F.);
#7771 = EDGE_CURVE('',#7772,#2964,#7774,.T.);
#7772 = VERTEX_POINT('',#7773);
#7773 = CARTESIAN_POINT('',(-41.5,32.,2.5));
#7774 = LINE('',#7775,#7776);
#7775 = CARTESIAN_POINT('',(-41.5,32.,0.));
#7776 = VECTOR('',#7777,1.);
#7777 = DIRECTION('',(-0.,-0.,-1.));
#7778 = ORIENTED_EDGE('',*,*,#7779,.F.);
#7779 = EDGE_CURVE('',#7751,#7772,#7780,.T.);
#7780 = CIRCLE('',#7781,3.);
#7781 = AXIS2_PLACEMENT_3D('',#7782,#7783,#7784);
#7782 = CARTESIAN_POINT('',(-38.5,32.,2.5));
#7783 = DIRECTION('',(0.,0.,1.));
#7784 = DIRECTION('',(1.,0.,0.));
#7785 = CYLINDRICAL_SURFACE('',#7786,3.);
#7786 = AXIS2_PLACEMENT_3D('',#7787,#7788,#7789);
#7787 = CARTESIAN_POINT('',(-38.5,32.,0.));
#7788 = DIRECTION('',(0.,0.,1.));
#7789 = DIRECTION('',(1.,0.,0.));
#7790 = ADVANCED_FACE('',(#7791),#7809,.T.);
#7791 = FACE_BOUND('',#7792,.T.);
#7792 = EDGE_LOOP('',(#7793,#7794,#7802,#7808));
#7793 = ORIENTED_EDGE('',*,*,#7771,.F.);
#7794 = ORIENTED_EDGE('',*,*,#7795,.T.);
#7795 = EDGE_CURVE('',#7772,#7796,#7798,.T.);
#7796 = VERTEX_POINT('',#7797);
#7797 = CARTESIAN_POINT('',(-41.5,-32.,2.5));
#7798 = LINE('',#7799,#7800);
#7799 = CARTESIAN_POINT('',(-41.5,32.,2.5));
#7800 = VECTOR('',#7801,1.);
#7801 = DIRECTION('',(0.,-1.,0.));
#7802 = ORIENTED_EDGE('',*,*,#7803,.T.);
#7803 = EDGE_CURVE('',#7796,#2955,#7804,.T.);
#7804 = LINE('',#7805,#7806);
#7805 = CARTESIAN_POINT('',(-41.5,-32.,2.5));
#7806 = VECTOR('',#7807,1.);
#7807 = DIRECTION('',(-0.,-0.,-1.));
#7808 = ORIENTED_EDGE('',*,*,#2963,.F.);
#7809 = PLANE('',#7810);
#7810 = AXIS2_PLACEMENT_3D('',#7811,#7812,#7813);
#7811 = CARTESIAN_POINT('',(-41.5,-8.4E-16,0.85));
#7812 = DIRECTION('',(1.,0.,0.));
#7813 = DIRECTION('',(0.,0.,1.));
#7814 = ADVANCED_FACE('',(#7815),#7853,.F.);
#7815 = FACE_BOUND('',#7816,.F.);
#7816 = EDGE_LOOP('',(#7817,#7826,#7827,#7828,#7836));
#7817 = ORIENTED_EDGE('',*,*,#7818,.F.);
#7818 = EDGE_CURVE('',#7796,#7819,#7821,.T.);
#7819 = VERTEX_POINT('',#7820);
#7820 = CARTESIAN_POINT('',(-41.28006182485,-33.1275,2.5));
#7821 = CIRCLE('',#7822,3.);
#7822 = AXIS2_PLACEMENT_3D('',#7823,#7824,#7825);
#7823 = CARTESIAN_POINT('',(-38.5,-32.,2.5));
#7824 = DIRECTION('',(0.,0.,1.));
#7825 = DIRECTION('',(1.,0.,0.));
#7826 = ORIENTED_EDGE('',*,*,#7803,.T.);
#7827 = ORIENTED_EDGE('',*,*,#2954,.T.);
#7828 = ORIENTED_EDGE('',*,*,#7829,.F.);
#7829 = EDGE_CURVE('',#7830,#2947,#7832,.T.);
#7830 = VERTEX_POINT('',#7831);
#7831 = CARTESIAN_POINT('',(-38.5,-35.,1.9));
#7832 = LINE('',#7833,#7834);
#7833 = CARTESIAN_POINT('',(-38.5,-35.,0.));
#7834 = VECTOR('',#7835,1.);
#7835 = DIRECTION('',(-0.,-0.,-1.));
#7836 = ORIENTED_EDGE('',*,*,#7837,.F.);
#7837 = EDGE_CURVE('',#7819,#7830,#7838,.T.);
#7838 = B_SPLINE_CURVE_WITH_KNOTS('',7,(#7839,#7840,#7841,#7842,#7843,
    #7844,#7845,#7846,#7847,#7848,#7849,#7850,#7851,#7852),
  .UNSPECIFIED.,.F.,.F.,(8,6,8),(0.,0.521676578124,1.),.UNSPECIFIED.);
#7839 = CARTESIAN_POINT('',(-41.28006263395,-33.127498005,2.5000006));
#7840 = CARTESIAN_POINT('',(-41.1844945716,-33.36313939679,
    2.429131017185));
#7841 = CARTESIAN_POINT('',(-41.06539091489,-33.58990584081,
    2.359731263814));
#7842 = CARTESIAN_POINT('',(-40.92341901801,-33.80556399542,
    2.292562549661));
#7843 = CARTESIAN_POINT('',(-40.75938462279,-34.00766625662,
    2.228525148188));
#7844 = CARTESIAN_POINT('',(-40.57440536094,-34.19365111808,
    2.168643094557));
#7845 = CARTESIAN_POINT('',(-40.36996285991,-34.36087593384,
    2.114053173349));
#7846 = CARTESIAN_POINT('',(-39.94468799983,-34.64048153577,
    2.021761161295));
#7847 = CARTESIAN_POINT('',(-39.72650176464,-34.75634909745,
    1.983004901646));
#7848 = CARTESIAN_POINT('',(-39.49551327869,-34.85202424456,
    1.95062771477));
#7849 = CARTESIAN_POINT('',(-39.25416549283,-34.92549863007,
    1.925543492274));
#7850 = CARTESIAN_POINT('',(-39.00538248077,-34.97518083421,
    1.908509389887));
#7851 = CARTESIAN_POINT('',(-38.75262619787,-35.,1.9));
#7852 = CARTESIAN_POINT('',(-38.5,-35.,1.9));
#7853 = CYLINDRICAL_SURFACE('',#7854,3.);
#7854 = AXIS2_PLACEMENT_3D('',#7855,#7856,#7857);
#7855 = CARTESIAN_POINT('',(-38.5,-32.,0.));
#7856 = DIRECTION('',(0.,0.,1.));
#7857 = DIRECTION('',(1.,0.,0.));
#7858 = ADVANCED_FACE('',(#7859),#7877,.T.);
#7859 = FACE_BOUND('',#7860,.T.);
#7860 = EDGE_LOOP('',(#7861,#7862,#7870,#7876));
#7861 = ORIENTED_EDGE('',*,*,#7829,.F.);
#7862 = ORIENTED_EDGE('',*,*,#7863,.T.);
#7863 = EDGE_CURVE('',#7830,#7864,#7866,.T.);
#7864 = VERTEX_POINT('',#7865);
#7865 = CARTESIAN_POINT('',(48.5,-35.,1.9));
#7866 = LINE('',#7867,#7868);
#7867 = CARTESIAN_POINT('',(-38.5,-35.,1.9));
#7868 = VECTOR('',#7869,1.);
#7869 = DIRECTION('',(1.,0.,0.));
#7870 = ORIENTED_EDGE('',*,*,#7871,.T.);
#7871 = EDGE_CURVE('',#7864,#2938,#7872,.T.);
#7872 = LINE('',#7873,#7874);
#7873 = CARTESIAN_POINT('',(48.5,-35.,2.5));
#7874 = VECTOR('',#7875,1.);
#7875 = DIRECTION('',(-0.,-0.,-1.));
#7876 = ORIENTED_EDGE('',*,*,#2946,.F.);
#7877 = PLANE('',#7878);
#7878 = AXIS2_PLACEMENT_3D('',#7879,#7880,#7881);
#7879 = CARTESIAN_POINT('',(5.,-35.,0.85));
#7880 = DIRECTION('',(0.,1.,0.));
#7881 = DIRECTION('',(0.,0.,1.));
#7882 = ADVANCED_FACE('',(#7883),#7918,.F.);
#7883 = FACE_BOUND('',#7884,.F.);
#7884 = EDGE_LOOP('',(#7885,#7908,#7909,#7910,#7911));
#7885 = ORIENTED_EDGE('',*,*,#7886,.F.);
#7886 = EDGE_CURVE('',#7864,#7887,#7889,.T.);
#7887 = VERTEX_POINT('',#7888);
#7888 = CARTESIAN_POINT('',(51.280061824852,-33.1275,2.5));
#7889 = B_SPLINE_CURVE_WITH_KNOTS('',5,(#7890,#7891,#7892,#7893,#7894,
    #7895,#7896,#7897,#7898,#7899,#7900,#7901,#7902,#7903,#7904,#7905,
    #7906,#7907),.UNSPECIFIED.,.F.,.F.,(6,4,4,4,6),(0.,0.237302155808,
    0.478603094669,0.736793564643,1.),.UNSPECIFIED.);
#7890 = CARTESIAN_POINT('',(48.5,-35.,1.9));
#7891 = CARTESIAN_POINT('',(48.675411343416,-35.,1.9));
#7892 = CARTESIAN_POINT('',(48.850841100945,-34.98717883976,
    1.904395667557));
#7893 = CARTESIAN_POINT('',(49.024638647844,-34.96153559719,
    1.913188359688));
#7894 = CARTESIAN_POINT('',(49.195305139339,-34.92346620393,
    1.926193485096));
#7895 = CARTESIAN_POINT('',(49.530499249256,-34.82297684899,
    1.960303891955));
#7896 = CARTESIAN_POINT('',(49.694898818864,-34.76015023738,
    1.981544590197));
#7897 = CARTESIAN_POINT('',(49.853336726819,-34.68585451366,
    2.006512440021));
#7898 = CARTESIAN_POINT('',(50.004785820683,-34.60099743339,
    2.034794571458));
#7899 = CARTESIAN_POINT('',(50.302177328295,-34.40541241681,
    2.09935203893));
#7900 = CARTESIAN_POINT('',(50.446994315892,-34.29328845686,
    2.136048660518));
#7901 = CARTESIAN_POINT('',(50.581967708119,-34.17126618594,
    2.175574376015));
#7902 = CARTESIAN_POINT('',(50.706453487984,-34.04049504654,
    2.217440440511));
#7903 = CARTESIAN_POINT('',(50.935691828045,-33.76088614507,
    2.305854367446));
#7904 = CARTESIAN_POINT('',(51.040008200296,-33.61175434758,
    2.352474907765));
#7905 = CARTESIAN_POINT('',(51.132416805089,-33.45575980442,
    2.400633806452));
#7906 = CARTESIAN_POINT('',(51.212537781086,-33.29399348392,
    2.449926777902));
#7907 = CARTESIAN_POINT('',(51.280062633956,-33.127498005,2.5000006));
#7908 = ORIENTED_EDGE('',*,*,#7871,.T.);
#7909 = ORIENTED_EDGE('',*,*,#2937,.T.);
#7910 = ORIENTED_EDGE('',*,*,#7652,.F.);
#7911 = ORIENTED_EDGE('',*,*,#7912,.F.);
#7912 = EDGE_CURVE('',#7887,#7653,#7913,.T.);
#7913 = CIRCLE('',#7914,3.);
#7914 = AXIS2_PLACEMENT_3D('',#7915,#7916,#7917);
#7915 = CARTESIAN_POINT('',(48.5,-32.,2.5));
#7916 = DIRECTION('',(0.,0.,1.));
#7917 = DIRECTION('',(1.,0.,0.));
#7918 = CYLINDRICAL_SURFACE('',#7919,3.);
#7919 = AXIS2_PLACEMENT_3D('',#7920,#7921,#7922);
#7920 = CARTESIAN_POINT('',(48.5,-32.,0.));
#7921 = DIRECTION('',(0.,0.,1.));
#7922 = DIRECTION('',(1.,0.,0.));
#7923 = ADVANCED_FACE('',(#7924),#7936,.T.);
#7924 = FACE_BOUND('',#7925,.T.);
#7925 = EDGE_LOOP('',(#7926,#7927,#7928,#7929));
#7926 = ORIENTED_EDGE('',*,*,#2921,.T.);
#7927 = ORIENTED_EDGE('',*,*,#7645,.F.);
#7928 = ORIENTED_EDGE('',*,*,#4435,.T.);
#7929 = ORIENTED_EDGE('',*,*,#7930,.T.);
#7930 = EDGE_CURVE('',#4428,#2913,#7931,.T.);
#7931 = ELLIPSE('',#7932,5.915325856343,4.);
#7932 = AXIS2_PLACEMENT_3D('',#7933,#7934,#7935);
#7933 = CARTESIAN_POINT('',(-52.00613408172,-32.15,3.15));
#7934 = DIRECTION('',(-4.824218450383E-18,0.707106781187,-0.707106781187
    ));
#7935 = DIRECTION('',(-0.396861694172,0.649038055779,0.649038055779));
#7936 = PLANE('',#7937);
#7937 = AXIS2_PLACEMENT_3D('',#7938,#7939,#7940);
#7938 = CARTESIAN_POINT('',(-60.,-35.2,0.1));
#7939 = DIRECTION('',(0.,0.707106781187,-0.707106781187));
#7940 = DIRECTION('',(0.,-0.707106781187,-0.707106781187));
#7941 = ADVANCED_FACE('',(#7942),#7971,.F.);
#7942 = FACE_BOUND('',#7943,.T.);
#7943 = EDGE_LOOP('',(#7944,#7945,#7954,#7962,#7969,#7970));
#7944 = ORIENTED_EDGE('',*,*,#4427,.F.);
#7945 = ORIENTED_EDGE('',*,*,#7946,.T.);
#7946 = EDGE_CURVE('',#4420,#7947,#7949,.T.);
#7947 = VERTEX_POINT('',#7948);
#7948 = CARTESIAN_POINT('',(-50.02842787628,-32.15,-17.));
#7949 = ELLIPSE('',#7950,4.5727381155,4.);
#7950 = AXIS2_PLACEMENT_3D('',#7951,#7952,#7953);
#7951 = CARTESIAN_POINT('',(-45.55536079404,-32.15,-17.94952869926));
#7952 = DIRECTION('',(-0.207649918994,0.,-0.978203205444));
#7953 = DIRECTION('',(-0.978203205444,0.,0.207649918994));
#7954 = ORIENTED_EDGE('',*,*,#7955,.T.);
#7955 = EDGE_CURVE('',#7947,#7956,#7958,.T.);
#7956 = VERTEX_POINT('',#7957);
#7957 = CARTESIAN_POINT('',(-54.52341360856,-32.15,-2.297564147492));
#7958 = LINE('',#7959,#7960);
#7959 = CARTESIAN_POINT('',(-50.02842787628,-32.15,-17.));
#7960 = VECTOR('',#7961,1.);
#7961 = DIRECTION('',(-0.292371704723,0.,0.956304755963));
#7962 = ORIENTED_EDGE('',*,*,#7963,.F.);
#7963 = EDGE_CURVE('',#2905,#7956,#7964,.T.);
#7964 = ELLIPSE('',#7965,4.530280202756,4.);
#7965 = AXIS2_PLACEMENT_3D('',#7966,#7967,#7968);
#7966 = CARTESIAN_POINT('',(-51.32002175652,-32.15,0.905827704552));
#7967 = DIRECTION('',(0.707106781187,-1.6E-16,-0.707106781187));
#7968 = DIRECTION('',(0.707106781187,-3.E-16,0.707106781187));
#7969 = ORIENTED_EDGE('',*,*,#2912,.T.);
#7970 = ORIENTED_EDGE('',*,*,#7930,.F.);
#7971 = CYLINDRICAL_SURFACE('',#7972,4.);
#7972 = AXIS2_PLACEMENT_3D('',#7973,#7974,#7975);
#7973 = CARTESIAN_POINT('',(-46.20320885242,-32.15,-15.8305131811));
#7974 = DIRECTION('',(-0.292371704723,0.,0.956304755963));
#7975 = DIRECTION('',(0.,-1.,0.));
#7976 = ADVANCED_FACE('',(#7977),#8003,.T.);
#7977 = FACE_BOUND('',#7978,.T.);
#7978 = EDGE_LOOP('',(#7979,#7987,#7995,#8001,#8002));
#7979 = ORIENTED_EDGE('',*,*,#7980,.F.);
#7980 = EDGE_CURVE('',#7981,#7956,#7983,.T.);
#7981 = VERTEX_POINT('',#7982);
#7982 = CARTESIAN_POINT('',(-54.52341360856,-15.,-2.297564147492));
#7983 = LINE('',#7984,#7985);
#7984 = CARTESIAN_POINT('',(-54.52341360856,36.15,-2.297564147492));
#7985 = VECTOR('',#7986,1.);
#7986 = DIRECTION('',(0.,-1.,2.2E-16));
#7987 = ORIENTED_EDGE('',*,*,#7988,.T.);
#7988 = EDGE_CURVE('',#7981,#7989,#7991,.T.);
#7989 = VERTEX_POINT('',#7990);
#7990 = CARTESIAN_POINT('',(-54.22584946107,-15.,-2.));
#7991 = LINE('',#7992,#7993);
#7992 = CARTESIAN_POINT('',(-55.0443870958,-15.,-2.818537634731));
#7993 = VECTOR('',#7994,1.);
#7994 = DIRECTION('',(0.707106781187,0.,0.707106781187));
#7995 = ORIENTED_EDGE('',*,*,#7996,.T.);
#7996 = EDGE_CURVE('',#7989,#2897,#7997,.T.);
#7997 = LINE('',#7998,#7999);
#7998 = CARTESIAN_POINT('',(-45.57987455089,-6.35402508982,6.64597491018
    ));
#7999 = VECTOR('',#8000,1.);
#8000 = DIRECTION('',(0.57735026919,0.57735026919,0.57735026919));
#8001 = ORIENTED_EDGE('',*,*,#2904,.T.);
#8002 = ORIENTED_EDGE('',*,*,#7963,.T.);
#8003 = PLANE('',#8004);
#8004 = AXIS2_PLACEMENT_3D('',#8005,#8006,#8007);
#8005 = CARTESIAN_POINT('',(-51.72584946107,36.15,0.5));
#8006 = DIRECTION('',(0.707106781187,-1.6E-16,-0.707106781187));
#8007 = DIRECTION('',(-0.707106781187,-1.6E-16,-0.707106781187));
#8008 = ADVANCED_FACE('',(#8009),#8027,.T.);
#8009 = FACE_BOUND('',#8010,.T.);
#8010 = EDGE_LOOP('',(#8011,#8019,#8020,#8021));
#8011 = ORIENTED_EDGE('',*,*,#8012,.F.);
#8012 = EDGE_CURVE('',#2889,#8013,#8015,.T.);
#8013 = VERTEX_POINT('',#8014);
#8014 = CARTESIAN_POINT('',(-60.88853863707,-15.,-2.));
#8015 = LINE('',#8016,#8017);
#8016 = CARTESIAN_POINT('',(-61.79289978816,-12.04196796092,
    0.958032039079));
#8017 = VECTOR('',#8018,1.);
#8018 = DIRECTION('',(0.211302932281,-0.691140749345,-0.691140749345));
#8019 = ORIENTED_EDGE('',*,*,#2896,.T.);
#8020 = ORIENTED_EDGE('',*,*,#7996,.F.);
#8021 = ORIENTED_EDGE('',*,*,#8022,.F.);
#8022 = EDGE_CURVE('',#8013,#7989,#8023,.T.);
#8023 = LINE('',#8024,#8025);
#8024 = CARTESIAN_POINT('',(-62.5,-15.,-2.));
#8025 = VECTOR('',#8026,1.);
#8026 = DIRECTION('',(1.,0.,0.));
#8027 = PLANE('',#8028);
#8028 = AXIS2_PLACEMENT_3D('',#8029,#8030,#8031);
#8029 = CARTESIAN_POINT('',(-62.5,-13.,0.));
#8030 = DIRECTION('',(0.,0.707106781187,-0.707106781187));
#8031 = DIRECTION('',(0.,-0.707106781187,-0.707106781187));
#8032 = ADVANCED_FACE('',(#8033,#8053),#8080,.T.);
#8033 = FACE_BOUND('',#8034,.T.);
#8034 = EDGE_LOOP('',(#8035,#8036,#8037,#8045,#8051,#8052));
#8035 = ORIENTED_EDGE('',*,*,#2888,.T.);
#8036 = ORIENTED_EDGE('',*,*,#8012,.T.);
#8037 = ORIENTED_EDGE('',*,*,#8038,.T.);
#8038 = EDGE_CURVE('',#8013,#8039,#8041,.T.);
#8039 = VERTEX_POINT('',#8040);
#8040 = CARTESIAN_POINT('',(-56.3025784152,-15.,-17.));
#8041 = LINE('',#8042,#8043);
#8042 = CARTESIAN_POINT('',(-59.96378875892,-15.,-5.024720560409));
#8043 = VECTOR('',#8044,1.);
#8044 = DIRECTION('',(0.292371704722,0.,-0.956304755963));
#8045 = ORIENTED_EDGE('',*,*,#8046,.T.);
#8046 = EDGE_CURVE('',#8039,#5912,#8047,.T.);
#8047 = LINE('',#8048,#8049);
#8048 = CARTESIAN_POINT('',(-56.3025784152,39.75,-17.));
#8049 = VECTOR('',#8050,1.);
#8050 = DIRECTION('',(0.,-1.,2.2E-16));
#8051 = ORIENTED_EDGE('',*,*,#5911,.T.);
#8052 = ORIENTED_EDGE('',*,*,#3049,.T.);
#8053 = FACE_BOUND('',#8054,.T.);
#8054 = EDGE_LOOP('',(#8055,#8066,#8074));
#8055 = ORIENTED_EDGE('',*,*,#8056,.F.);
#8056 = EDGE_CURVE('',#8057,#8059,#8061,.T.);
#8057 = VERTEX_POINT('',#8058);
#8058 = CARTESIAN_POINT('',(-58.10884020047,-27.80213449743,
    -11.09198390998));
#8059 = VERTEX_POINT('',#8060);
#8060 = CARTESIAN_POINT('',(-58.10884020047,-24.19786550256,
    -11.09198390998));
#8061 = CIRCLE('',#8062,2.2);
#8062 = AXIS2_PLACEMENT_3D('',#8063,#8064,#8065);
#8063 = CARTESIAN_POINT('',(-58.47777474553,-26.,-9.885253387202));
#8064 = DIRECTION('',(-0.956304755963,-0.,-0.292371704723));
#8065 = DIRECTION('',(0.292371704723,0.,-0.956304755963));
#8066 = ORIENTED_EDGE('',*,*,#8067,.T.);
#8067 = EDGE_CURVE('',#8057,#8068,#8070,.T.);
#8068 = VERTEX_POINT('',#8069);
#8069 = CARTESIAN_POINT('',(-57.35635881973,-26.,-13.55323960452));
#8070 = LINE('',#8071,#8072);
#8071 = CARTESIAN_POINT('',(-56.46512446778,-23.86556290685,
    -16.46833581828));
#8072 = VECTOR('',#8073,1.);
#8073 = DIRECTION('',(0.239496879616,0.573576436351,-0.78335899581));
#8074 = ORIENTED_EDGE('',*,*,#8075,.T.);
#8075 = EDGE_CURVE('',#8068,#8059,#8076,.T.);
#8076 = LINE('',#8077,#8078);
#8077 = CARTESIAN_POINT('',(-59.66049771232,-20.48176620509,
    -6.01674087434));
#8078 = VECTOR('',#8079,1.);
#8079 = DIRECTION('',(-0.239496879616,0.573576436351,0.78335899581));
#8080 = PLANE('',#8081);
#8081 = AXIS2_PLACEMENT_3D('',#8082,#8083,#8084);
#8082 = CARTESIAN_POINT('',(-58.90128920759,-4.2E-15,-8.5));
#8083 = DIRECTION('',(-0.956304755963,-0.,-0.292371704722));
#8084 = DIRECTION('',(0.292371704722,0.,-0.956304755963));
#8085 = ADVANCED_FACE('',(#8086),#8092,.F.);
#8086 = FACE_BOUND('',#8087,.F.);
#8087 = EDGE_LOOP('',(#8088,#8089,#8090,#8091));
#8088 = ORIENTED_EDGE('',*,*,#3866,.T.);
#8089 = ORIENTED_EDGE('',*,*,#5714,.T.);
#8090 = ORIENTED_EDGE('',*,*,#3115,.F.);
#8091 = ORIENTED_EDGE('',*,*,#3880,.F.);
#8092 = PLANE('',#8093);
#8093 = AXIS2_PLACEMENT_3D('',#8094,#8095,#8096);
#8094 = CARTESIAN_POINT('',(-60.,275.2,9.999999999997E-02));
#8095 = DIRECTION('',(0.,0.707106781187,0.707106781187));
#8096 = DIRECTION('',(0.,0.707106781187,-0.707106781187));
#8097 = ADVANCED_FACE('',(#8098),#8106,.T.);
#8098 = FACE_BOUND('',#8099,.T.);
#8099 = EDGE_LOOP('',(#8100,#8101,#8102,#8103,#8104,#8105));
#8100 = ORIENTED_EDGE('',*,*,#3455,.F.);
#8101 = ORIENTED_EDGE('',*,*,#6249,.F.);
#8102 = ORIENTED_EDGE('',*,*,#3229,.T.);
#8103 = ORIENTED_EDGE('',*,*,#3214,.T.);
#8104 = ORIENTED_EDGE('',*,*,#3187,.T.);
#8105 = ORIENTED_EDGE('',*,*,#3485,.T.);
#8106 = PLANE('',#8107);
#8107 = AXIS2_PLACEMENT_3D('',#8108,#8109,#8110);
#8108 = CARTESIAN_POINT('',(51.,207.5,1.9));
#8109 = DIRECTION('',(-0.863778900898,0.,0.503871025524));
#8110 = DIRECTION('',(0.,1.,0.));
#8111 = ADVANCED_FACE('',(#8112),#8120,.T.);
#8112 = FACE_BOUND('',#8113,.T.);
#8113 = EDGE_LOOP('',(#8114,#8115,#8116,#8117,#8118,#8119));
#8114 = ORIENTED_EDGE('',*,*,#3293,.F.);
#8115 = ORIENTED_EDGE('',*,*,#6240,.F.);
#8116 = ORIENTED_EDGE('',*,*,#3391,.T.);
#8117 = ORIENTED_EDGE('',*,*,#3376,.T.);
#8118 = ORIENTED_EDGE('',*,*,#3350,.T.);
#8119 = ORIENTED_EDGE('',*,*,#3326,.T.);
#8120 = PLANE('',#8121);
#8121 = AXIS2_PLACEMENT_3D('',#8122,#8123,#8124);
#8122 = CARTESIAN_POINT('',(-41.,272.5,1.9));
#8123 = DIRECTION('',(0.863778900898,0.,0.503871025524));
#8124 = DIRECTION('',(0.,-1.,0.));
#8125 = ADVANCED_FACE('',(#8126),#8145,.F.);
#8126 = FACE_BOUND('',#8127,.T.);
#8127 = EDGE_LOOP('',(#8128,#8136,#8137,#8138));
#8128 = ORIENTED_EDGE('',*,*,#8129,.F.);
#8129 = EDGE_CURVE('',#3511,#8130,#8132,.T.);
#8130 = VERTEX_POINT('',#8131);
#8131 = CARTESIAN_POINT('',(-51.97320907139,192.15,-19.2396346966));
#8132 = LINE('',#8133,#8134);
#8133 = CARTESIAN_POINT('',(-45.22465395195,192.15,-70.5));
#8134 = VECTOR('',#8135,1.);
#8135 = DIRECTION('',(-0.13052619222,-4.4E-16,0.991444861374));
#8136 = ORIENTED_EDGE('',*,*,#3510,.T.);
#8137 = ORIENTED_EDGE('',*,*,#5633,.T.);
#8138 = ORIENTED_EDGE('',*,*,#8139,.F.);
#8139 = EDGE_CURVE('',#8130,#5634,#8140,.T.);
#8140 = ELLIPSE('',#8141,4.386580936551,4.);
#8141 = AXIS2_PLACEMENT_3D('',#8142,#8143,#8144);
#8142 = CARTESIAN_POINT('',(-47.77240663057,192.15,-20.50270681099));
#8143 = DIRECTION('',(-0.287939999892,4.3E-16,-0.957648451397));
#8144 = DIRECTION('',(0.957648451397,1.3E-16,-0.287939999892));
#8145 = CYLINDRICAL_SURFACE('',#8146,4.);
#8146 = AXIS2_PLACEMENT_3D('',#8147,#8148,#8149);
#8147 = CARTESIAN_POINT('',(-41.25887450646,192.15,-69.97789523112));
#8148 = DIRECTION('',(-0.13052619222,-4.4E-16,0.991444861374));
#8149 = DIRECTION('',(-0.991444861374,-3.E-17,-0.13052619222));
#8150 = ADVANCED_FACE('',(#8151),#8162,.T.);
#8151 = FACE_BOUND('',#8152,.T.);
#8152 = EDGE_LOOP('',(#8153,#8154,#8155,#8161));
#8153 = ORIENTED_EDGE('',*,*,#3519,.F.);
#8154 = ORIENTED_EDGE('',*,*,#8129,.T.);
#8155 = ORIENTED_EDGE('',*,*,#8156,.T.);
#8156 = EDGE_CURVE('',#8130,#4031,#8157,.T.);
#8157 = LINE('',#8158,#8159);
#8158 = CARTESIAN_POINT('',(-51.97320907139,199.75,-19.2396346966));
#8159 = VECTOR('',#8160,1.);
#8160 = DIRECTION('',(0.,-1.,2.2E-16));
#8161 = ORIENTED_EDGE('',*,*,#4030,.T.);
#8162 = PLANE('',#8163);
#8163 = AXIS2_PLACEMENT_3D('',#8164,#8165,#8166);
#8164 = CARTESIAN_POINT('',(-51.97320907139,199.75,-19.2396346966));
#8165 = DIRECTION('',(0.991444861374,3.E-17,0.13052619222));
#8166 = DIRECTION('',(0.13052619222,-2.2E-16,-0.991444861374));
#8167 = ADVANCED_FACE('',(#8168),#8179,.T.);
#8168 = FACE_BOUND('',#8169,.T.);
#8169 = EDGE_LOOP('',(#8170,#8171,#8172,#8178));
#8170 = ORIENTED_EDGE('',*,*,#3551,.F.);
#8171 = ORIENTED_EDGE('',*,*,#3976,.T.);
#8172 = ORIENTED_EDGE('',*,*,#8173,.T.);
#8173 = EDGE_CURVE('',#3969,#3900,#8174,.T.);
#8174 = LINE('',#8175,#8176);
#8175 = CARTESIAN_POINT('',(-51.97320907139,279.75,-19.2396346966));
#8176 = VECTOR('',#8177,1.);
#8177 = DIRECTION('',(0.,-1.,2.2E-16));
#8178 = ORIENTED_EDGE('',*,*,#3925,.F.);
#8179 = PLANE('',#8180);
#8180 = AXIS2_PLACEMENT_3D('',#8181,#8182,#8183);
#8181 = CARTESIAN_POINT('',(-48.59893151167,216.425,-44.8698173483));
#8182 = DIRECTION('',(0.991444861374,-3.8E-16,0.13052619222));
#8183 = DIRECTION('',(-0.13052619222,-6.946499274431E-33,0.991444861374)
  );
#8184 = ADVANCED_FACE('',(#8185),#8191,.T.);
#8185 = FACE_BOUND('',#8186,.T.);
#8186 = EDGE_LOOP('',(#8187,#8188,#8189,#8190));
#8187 = ORIENTED_EDGE('',*,*,#8173,.F.);
#8188 = ORIENTED_EDGE('',*,*,#3968,.T.);
#8189 = ORIENTED_EDGE('',*,*,#3940,.T.);
#8190 = ORIENTED_EDGE('',*,*,#3908,.F.);
#8191 = PLANE('',#8192);
#8192 = AXIS2_PLACEMENT_3D('',#8193,#8194,#8195);
#8193 = CARTESIAN_POINT('',(-51.00081847383,216.425,-18.1198173483));
#8194 = DIRECTION('',(0.755060611109,-1.4E-16,-0.655654995826));
#8195 = DIRECTION('',(0.655654995826,9.310831370483E-34,0.755060611109)
  );
#8196 = ADVANCED_FACE('',(#8197,#8208),#8233,.T.);
#8197 = FACE_BOUND('',#8198,.T.);
#8198 = EDGE_LOOP('',(#8199,#8205,#8206,#8207));
#8199 = ORIENTED_EDGE('',*,*,#8200,.F.);
#8200 = EDGE_CURVE('',#6306,#4039,#8201,.T.);
#8201 = LINE('',#8202,#8203);
#8202 = CARTESIAN_POINT('',(-50.02842787628,199.75,-17.));
#8203 = VECTOR('',#8204,1.);
#8204 = DIRECTION('',(0.,-1.,2.2E-16));
#8205 = ORIENTED_EDGE('',*,*,#6305,.T.);
#8206 = ORIENTED_EDGE('',*,*,#6279,.T.);
#8207 = ORIENTED_EDGE('',*,*,#4046,.T.);
#8208 = FACE_BOUND('',#8209,.T.);
#8209 = EDGE_LOOP('',(#8210,#8221,#8228));
#8210 = ORIENTED_EDGE('',*,*,#8211,.F.);
#8211 = EDGE_CURVE('',#8212,#8214,#8216,.T.);
#8212 = VERTEX_POINT('',#8213);
#8213 = CARTESIAN_POINT('',(-51.96853761553,189.76809940372,
    -10.65418697922));
#8214 = VERTEX_POINT('',#8215);
#8215 = CARTESIAN_POINT('',(-51.96853761553,182.23190059627,
    -10.65418697922));
#8216 = CIRCLE('',#8217,4.6);
#8217 = AXIS2_PLACEMENT_3D('',#8218,#8219,#8220);
#8218 = CARTESIAN_POINT('',(-52.73994620976,186.,-8.131023158867));
#8219 = DIRECTION('',(0.956304755963,-0.,0.292371704723));
#8220 = DIRECTION('',(0.292371704723,0.,-0.956304755963));
#8221 = ORIENTED_EDGE('',*,*,#8222,.T.);
#8222 = EDGE_CURVE('',#8212,#8223,#8225,.T.);
#8223 = VERTEX_POINT('',#8224);
#8224 = CARTESIAN_POINT('',(-50.3951674558,186.,-15.800448886));
#8225 = B_SPLINE_CURVE_WITH_KNOTS('',1,(#8226,#8227),.UNSPECIFIED.,.F.,
  .F.,(2,2),(0.,1.),.PIECEWISE_BEZIER_KNOTS.);
#8226 = CARTESIAN_POINT('',(-51.96853761553,189.76809940372,
    -10.65418697922));
#8227 = CARTESIAN_POINT('',(-50.3951674558,186.,-15.800448886));
#8228 = ORIENTED_EDGE('',*,*,#8229,.T.);
#8229 = EDGE_CURVE('',#8223,#8214,#8230,.T.);
#8230 = B_SPLINE_CURVE_WITH_KNOTS('',1,(#8231,#8232),.UNSPECIFIED.,.F.,
  .F.,(2,2),(0.,1.),.PIECEWISE_BEZIER_KNOTS.);
#8231 = CARTESIAN_POINT('',(-50.3951674558,186.,-15.800448886));
#8232 = CARTESIAN_POINT('',(-51.96853761553,182.23190059627,
    -10.65418697922));
#8233 = PLANE('',#8234);
#8234 = AXIS2_PLACEMENT_3D('',#8235,#8236,#8237);
#8235 = CARTESIAN_POINT('',(-55.22584946107,199.75,-2.683E-14));
#8236 = DIRECTION('',(0.956304755963,6.E-17,0.292371704723));
#8237 = DIRECTION('',(0.292371704723,-2.1E-16,-0.956304755963));
#8238 = ADVANCED_FACE('',(#8239),#8250,.T.);
#8239 = FACE_BOUND('',#8240,.T.);
#8240 = EDGE_LOOP('',(#8241,#8242,#8248,#8249));
#8241 = ORIENTED_EDGE('',*,*,#8156,.F.);
#8242 = ORIENTED_EDGE('',*,*,#8243,.T.);
#8243 = EDGE_CURVE('',#8130,#6306,#8244,.T.);
#8244 = LINE('',#8245,#8246);
#8245 = CARTESIAN_POINT('',(-51.97320907139,192.15,-19.2396346966));
#8246 = VECTOR('',#8247,1.);
#8247 = DIRECTION('',(0.655654995826,-3.4E-16,0.755060611109));
#8248 = ORIENTED_EDGE('',*,*,#8200,.T.);
#8249 = ORIENTED_EDGE('',*,*,#4038,.T.);
#8250 = PLANE('',#8251);
#8251 = AXIS2_PLACEMENT_3D('',#8252,#8253,#8254);
#8252 = CARTESIAN_POINT('',(-50.02842787628,199.75,-17.));
#8253 = DIRECTION('',(0.755060611109,-1.5E-16,-0.655654995826));
#8254 = DIRECTION('',(-0.655654995826,-1.7E-16,-0.755060611109));
#8255 = ADVANCED_FACE('',(#8256),#8270,.F.);
#8256 = FACE_BOUND('',#8257,.F.);
#8257 = EDGE_LOOP('',(#8258,#8263,#8264,#8269));
#8258 = ORIENTED_EDGE('',*,*,#8259,.F.);
#8259 = EDGE_CURVE('',#4090,#8212,#8260,.T.);
#8260 = B_SPLINE_CURVE_WITH_KNOTS('',1,(#8261,#8262),.UNSPECIFIED.,.F.,
  .F.,(2,2),(0.,1.),.PIECEWISE_BEZIER_KNOTS.);
#8261 = CARTESIAN_POINT('',(-54.666143079,187.80213449743,
    -10.03944577298));
#8262 = CARTESIAN_POINT('',(-51.63133693259,190.01384501701,-10.73102963
    ));
#8263 = ORIENTED_EDGE('',*,*,#4097,.T.);
#8264 = ORIENTED_EDGE('',*,*,#8265,.T.);
#8265 = EDGE_CURVE('',#4081,#8214,#8266,.T.);
#8266 = B_SPLINE_CURVE_WITH_KNOTS('',1,(#8267,#8268),.UNSPECIFIED.,.F.,
  .F.,(2,2),(0.,1.),.PIECEWISE_BEZIER_KNOTS.);
#8267 = CARTESIAN_POINT('',(-54.666143079,184.19786550256,
    -10.03944577298));
#8268 = CARTESIAN_POINT('',(-51.63133693259,181.98615498298,-10.73102963
    ));
#8269 = ORIENTED_EDGE('',*,*,#8211,.F.);
#8270 = CONICAL_SURFACE('',#8271,2.2,0.785398163397);
#8271 = AXIS2_PLACEMENT_3D('',#8272,#8273,#8274);
#8272 = CARTESIAN_POINT('',(-55.03507762407,186.,-8.832715250201));
#8273 = DIRECTION('',(0.956304755963,0.,0.292371704723));
#8274 = DIRECTION('',(0.292371704723,0.,-0.956304755963));
#8275 = ADVANCED_FACE('',(#8276),#8286,.F.);
#8276 = FACE_BOUND('',#8277,.F.);
#8277 = EDGE_LOOP('',(#8278,#8279,#8280,#8285));
#8278 = ORIENTED_EDGE('',*,*,#8265,.F.);
#8279 = ORIENTED_EDGE('',*,*,#4114,.T.);
#8280 = ORIENTED_EDGE('',*,*,#8281,.T.);
#8281 = EDGE_CURVE('',#4115,#8223,#8282,.T.);
#8282 = B_SPLINE_CURVE_WITH_KNOTS('',1,(#8283,#8284),.UNSPECIFIED.,.F.,
  .F.,(2,2),(0.,1.),.PIECEWISE_BEZIER_KNOTS.);
#8283 = CARTESIAN_POINT('',(-53.91366169826,186.,-12.50070146752));
#8284 = CARTESIAN_POINT('',(-49.95535567549,186.,-16.21291731331));
#8285 = ORIENTED_EDGE('',*,*,#8229,.T.);
#8286 = B_SPLINE_SURFACE_WITH_KNOTS('',1,1,(
    (#8287,#8288)
    ,(#8289,#8290
    )),.UNSPECIFIED.,.F.,.F.,.F.,(2,2),(2,2),(0.,6.997925233036),(0.,1.)
  ,.PIECEWISE_BEZIER_KNOTS.);
#8287 = CARTESIAN_POINT('',(-54.666143079,184.19786550256,
    -10.03944577298));
#8288 = CARTESIAN_POINT('',(-51.63133693259,181.98615498298,-10.73102963
    ));
#8289 = CARTESIAN_POINT('',(-53.91366169826,186.,-12.50070146752));
#8290 = CARTESIAN_POINT('',(-49.95535567549,186.,-16.21291731331));
#8291 = ADVANCED_FACE('',(#8292),#8298,.F.);
#8292 = FACE_BOUND('',#8293,.F.);
#8293 = EDGE_LOOP('',(#8294,#8295,#8296,#8297));
#8294 = ORIENTED_EDGE('',*,*,#8281,.F.);
#8295 = ORIENTED_EDGE('',*,*,#4138,.T.);
#8296 = ORIENTED_EDGE('',*,*,#8259,.T.);
#8297 = ORIENTED_EDGE('',*,*,#8222,.T.);
#8298 = B_SPLINE_SURFACE_WITH_KNOTS('',1,1,(
    (#8299,#8300)
    ,(#8301,#8302
    )),.UNSPECIFIED.,.F.,.F.,.F.,(2,2),(2,2),(0.,6.997925233036),(0.,1.)
  ,.PIECEWISE_BEZIER_KNOTS.);
#8299 = CARTESIAN_POINT('',(-53.91366169826,186.,-12.50070146752));
#8300 = CARTESIAN_POINT('',(-49.95535567549,186.,-16.21291731331));
#8301 = CARTESIAN_POINT('',(-54.666143079,187.80213449743,
    -10.03944577298));
#8302 = CARTESIAN_POINT('',(-51.63133693259,190.01384501701,-10.73102963
    ));
#8303 = ADVANCED_FACE('',(#8304),#8318,.T.);
#8304 = FACE_BOUND('',#8305,.T.);
#8305 = EDGE_LOOP('',(#8306,#8311,#8312,#8317));
#8306 = ORIENTED_EDGE('',*,*,#8307,.F.);
#8307 = EDGE_CURVE('',#4166,#5946,#8308,.T.);
#8308 = B_SPLINE_CURVE_WITH_KNOTS('',1,(#8309,#8310),.UNSPECIFIED.,.F.,
  .F.,(2,2),(0.,1.),.PIECEWISE_BEZIER_KNOTS.);
#8309 = CARTESIAN_POINT('',(61.499999999994,-39.24999999997,2.5));
#8310 = CARTESIAN_POINT('',(61.175296203396,-39.24999999997,3.));
#8311 = ORIENTED_EDGE('',*,*,#4165,.T.);
#8312 = ORIENTED_EDGE('',*,*,#8313,.T.);
#8313 = EDGE_CURVE('',#4168,#5955,#8314,.T.);
#8314 = B_SPLINE_CURVE_WITH_KNOTS('',1,(#8315,#8316),.UNSPECIFIED.,.F.,
  .F.,(2,2),(0.,1.),.PIECEWISE_BEZIER_KNOTS.);
#8315 = CARTESIAN_POINT('',(61.499999999994,39.249999999971,2.5));
#8316 = CARTESIAN_POINT('',(61.175296203396,39.249999999972,3.));
#8317 = ORIENTED_EDGE('',*,*,#5954,.F.);
#8318 = PLANE('',#8319);
#8319 = AXIS2_PLACEMENT_3D('',#8320,#8321,#8322);
#8320 = CARTESIAN_POINT('',(61.337648101695,-1.44E-15,2.75));
#8321 = DIRECTION('',(0.838670567945,0.,0.544639035015));
#8322 = DIRECTION('',(-0.544639035015,0.,0.838670567945));
#8323 = ADVANCED_FACE('',(#8324),#8336,.T.);
#8324 = FACE_BOUND('',#8325,.T.);
#8325 = EDGE_LOOP('',(#8326,#8327,#8334,#8335));
#8326 = ORIENTED_EDGE('',*,*,#4175,.F.);
#8327 = ORIENTED_EDGE('',*,*,#8328,.F.);
#8328 = EDGE_CURVE('',#5897,#4166,#8329,.T.);
#8329 = CIRCLE('',#8330,0.500000000021);
#8330 = AXIS2_PLACEMENT_3D('',#8331,#8332,#8333);
#8331 = CARTESIAN_POINT('',(60.999999999972,-39.24999999997,2.5));
#8332 = DIRECTION('',(0.,0.,1.));
#8333 = DIRECTION('',(1.,0.,0.));
#8334 = ORIENTED_EDGE('',*,*,#5896,.F.);
#8335 = ORIENTED_EDGE('',*,*,#5879,.T.);
#8336 = CYLINDRICAL_SURFACE('',#8337,0.500000000021);
#8337 = AXIS2_PLACEMENT_3D('',#8338,#8339,#8340);
#8338 = CARTESIAN_POINT('',(60.999999999972,-39.24999999997,2.5));
#8339 = DIRECTION('',(0.,0.,1.));
#8340 = DIRECTION('',(1.,0.,0.));
#8341 = ADVANCED_FACE('',(#8342),#8352,.T.);
#8342 = FACE_BOUND('',#8343,.T.);
#8343 = EDGE_LOOP('',(#8344,#8349,#8350,#8351));
#8344 = ORIENTED_EDGE('',*,*,#8345,.F.);
#8345 = EDGE_CURVE('',#4260,#5995,#8346,.T.);
#8346 = B_SPLINE_CURVE_WITH_KNOTS('',1,(#8347,#8348),.UNSPECIFIED.,.F.,
  .F.,(2,2),(0.,1.),.PIECEWISE_BEZIER_KNOTS.);
#8347 = CARTESIAN_POINT('',(61.499999999994,200.75000000002,2.5));
#8348 = CARTESIAN_POINT('',(61.175296203396,200.75000000002,3.));
#8349 = ORIENTED_EDGE('',*,*,#4259,.T.);
#8350 = ORIENTED_EDGE('',*,*,#4341,.T.);
#8351 = ORIENTED_EDGE('',*,*,#6002,.F.);
#8352 = PLANE('',#8353);
#8353 = AXIS2_PLACEMENT_3D('',#8354,#8355,#8356);
#8354 = CARTESIAN_POINT('',(61.337648101695,240.,2.75));
#8355 = DIRECTION('',(0.838670567945,0.,0.544639035015));
#8356 = DIRECTION('',(-0.544639035015,0.,0.838670567945));
#8357 = ADVANCED_FACE('',(#8358),#8368,.T.);
#8358 = FACE_BOUND('',#8359,.T.);
#8359 = EDGE_LOOP('',(#8360,#8365,#8366,#8367));
#8360 = ORIENTED_EDGE('',*,*,#8361,.F.);
#8361 = EDGE_CURVE('',#4268,#5987,#8362,.T.);
#8362 = B_SPLINE_CURVE_WITH_KNOTS('',1,(#8363,#8364),.UNSPECIFIED.,.F.,
  .F.,(2,2),(0.,1.),.PIECEWISE_BEZIER_KNOTS.);
#8363 = CARTESIAN_POINT('',(61.499999999994,199.24999999997,2.5));
#8364 = CARTESIAN_POINT('',(61.175296203396,199.24999999997,3.));
#8365 = ORIENTED_EDGE('',*,*,#4267,.T.);
#8366 = ORIENTED_EDGE('',*,*,#8345,.T.);
#8367 = ORIENTED_EDGE('',*,*,#5994,.F.);
#8368 = B_SPLINE_SURFACE_WITH_KNOTS('',1,1,(
    (#8369,#8370)
    ,(#8371,#8372
    )),.UNSPECIFIED.,.F.,.F.,.F.,(2,2),(2,2),(0.,2.5),(0.,1.),
  .PIECEWISE_BEZIER_KNOTS.);
#8369 = CARTESIAN_POINT('',(61.5,198.75,2.5));
#8370 = CARTESIAN_POINT('',(61.175296203401,199.07470379659,3.));
#8371 = CARTESIAN_POINT('',(61.5,201.25,2.5));
#8372 = CARTESIAN_POINT('',(61.175296203401,200.9252962034,3.));
#8373 = ADVANCED_FACE('',(#8374),#8384,.T.);
#8374 = FACE_BOUND('',#8375,.T.);
#8375 = EDGE_LOOP('',(#8376,#8381,#8382,#8383));
#8376 = ORIENTED_EDGE('',*,*,#8377,.F.);
#8377 = EDGE_CURVE('',#4276,#5979,#8378,.T.);
#8378 = B_SPLINE_CURVE_WITH_KNOTS('',1,(#8379,#8380),.UNSPECIFIED.,.F.,
  .F.,(2,2),(0.,1.),.PIECEWISE_BEZIER_KNOTS.);
#8379 = CARTESIAN_POINT('',(61.499999999994,120.75000000002,2.5));
#8380 = CARTESIAN_POINT('',(61.175296203396,120.75000000002,3.));
#8381 = ORIENTED_EDGE('',*,*,#4275,.T.);
#8382 = ORIENTED_EDGE('',*,*,#8361,.T.);
#8383 = ORIENTED_EDGE('',*,*,#5986,.F.);
#8384 = PLANE('',#8385);
#8385 = AXIS2_PLACEMENT_3D('',#8386,#8387,#8388);
#8386 = CARTESIAN_POINT('',(61.337648101695,160.,2.75));
#8387 = DIRECTION('',(0.838670567945,0.,0.544639035015));
#8388 = DIRECTION('',(-0.544639035015,0.,0.838670567945));
#8389 = ADVANCED_FACE('',(#8390),#8400,.T.);
#8390 = FACE_BOUND('',#8391,.T.);
#8391 = EDGE_LOOP('',(#8392,#8397,#8398,#8399));
#8392 = ORIENTED_EDGE('',*,*,#8393,.F.);
#8393 = EDGE_CURVE('',#4284,#5971,#8394,.T.);
#8394 = B_SPLINE_CURVE_WITH_KNOTS('',1,(#8395,#8396),.UNSPECIFIED.,.F.,
  .F.,(2,2),(0.,1.),.PIECEWISE_BEZIER_KNOTS.);
#8395 = CARTESIAN_POINT('',(61.499999999994,119.24999999997,2.5));
#8396 = CARTESIAN_POINT('',(61.175296203396,119.24999999997,3.));
#8397 = ORIENTED_EDGE('',*,*,#4283,.T.);
#8398 = ORIENTED_EDGE('',*,*,#8377,.T.);
#8399 = ORIENTED_EDGE('',*,*,#5978,.F.);
#8400 = B_SPLINE_SURFACE_WITH_KNOTS('',1,1,(
    (#8401,#8402)
    ,(#8403,#8404
    )),.UNSPECIFIED.,.F.,.F.,.F.,(2,2),(2,2),(0.,2.5),(0.,1.),
  .PIECEWISE_BEZIER_KNOTS.);
#8401 = CARTESIAN_POINT('',(61.5,118.75,2.5));
#8402 = CARTESIAN_POINT('',(61.175296203401,119.07470379659,3.));
#8403 = CARTESIAN_POINT('',(61.5,121.25,2.5));
#8404 = CARTESIAN_POINT('',(61.175296203401,120.9252962034,3.));
#8405 = ADVANCED_FACE('',(#8406),#8416,.T.);
#8406 = FACE_BOUND('',#8407,.T.);
#8407 = EDGE_LOOP('',(#8408,#8413,#8414,#8415));
#8408 = ORIENTED_EDGE('',*,*,#8409,.F.);
#8409 = EDGE_CURVE('',#4292,#5963,#8410,.T.);
#8410 = B_SPLINE_CURVE_WITH_KNOTS('',1,(#8411,#8412),.UNSPECIFIED.,.F.,
  .F.,(2,2),(0.,1.),.PIECEWISE_BEZIER_KNOTS.);
#8411 = CARTESIAN_POINT('',(61.499999999994,40.750000000029,2.5));
#8412 = CARTESIAN_POINT('',(61.175296203396,40.750000000028,3.));
#8413 = ORIENTED_EDGE('',*,*,#4291,.T.);
#8414 = ORIENTED_EDGE('',*,*,#8393,.T.);
#8415 = ORIENTED_EDGE('',*,*,#5970,.F.);
#8416 = PLANE('',#8417);
#8417 = AXIS2_PLACEMENT_3D('',#8418,#8419,#8420);
#8418 = CARTESIAN_POINT('',(61.337648101695,80.,2.75));
#8419 = DIRECTION('',(0.838670567945,0.,0.544639035015));
#8420 = DIRECTION('',(-0.544639035015,0.,0.838670567945));
#8421 = ADVANCED_FACE('',(#8422),#8428,.T.);
#8422 = FACE_BOUND('',#8423,.T.);
#8423 = EDGE_LOOP('',(#8424,#8425,#8426,#8427));
#8424 = ORIENTED_EDGE('',*,*,#8313,.F.);
#8425 = ORIENTED_EDGE('',*,*,#4299,.T.);
#8426 = ORIENTED_EDGE('',*,*,#8409,.T.);
#8427 = ORIENTED_EDGE('',*,*,#5962,.F.);
#8428 = B_SPLINE_SURFACE_WITH_KNOTS('',1,1,(
    (#8429,#8430)
    ,(#8431,#8432
    )),.UNSPECIFIED.,.F.,.F.,.F.,(2,2),(2,2),(0.,2.5),(0.,1.),
  .PIECEWISE_BEZIER_KNOTS.);
#8429 = CARTESIAN_POINT('',(61.5,38.75,2.5));
#8430 = CARTESIAN_POINT('',(61.175296203401,39.074703796599,3.));
#8431 = CARTESIAN_POINT('',(61.5,41.25,2.5));
#8432 = CARTESIAN_POINT('',(61.175296203401,40.925296203401,3.));
#8433 = ADVANCED_FACE('',(#8434),#8468,.T.);
#8434 = FACE_BOUND('',#8435,.T.);
#8435 = EDGE_LOOP('',(#8436,#8437,#8438,#8439,#8447,#8455,#8461,#8462));
#8436 = ORIENTED_EDGE('',*,*,#8038,.F.);
#8437 = ORIENTED_EDGE('',*,*,#8022,.T.);
#8438 = ORIENTED_EDGE('',*,*,#7988,.F.);
#8439 = ORIENTED_EDGE('',*,*,#8440,.F.);
#8440 = EDGE_CURVE('',#8441,#7981,#8443,.T.);
#8441 = VERTEX_POINT('',#8442);
#8442 = CARTESIAN_POINT('',(-50.02842787628,-15.,-17.));
#8443 = LINE('',#8444,#8445);
#8444 = CARTESIAN_POINT('',(-55.25715461777,-15.,0.102394553758));
#8445 = VECTOR('',#8446,1.);
#8446 = DIRECTION('',(-0.292371704723,0.,0.956304755963));
#8447 = ORIENTED_EDGE('',*,*,#8448,.F.);
#8448 = EDGE_CURVE('',#8449,#8441,#8451,.T.);
#8449 = VERTEX_POINT('',#8450);
#8450 = CARTESIAN_POINT('',(-51.97320907139,-15.,-19.2396346966));
#8451 = LINE('',#8452,#8453);
#8452 = CARTESIAN_POINT('',(-48.99614478519,-15.,-15.81120969632));
#8453 = VECTOR('',#8454,1.);
#8454 = DIRECTION('',(0.655654995826,0.,0.755060611109));
#8455 = ORIENTED_EDGE('',*,*,#8456,.F.);
#8456 = EDGE_CURVE('',#4357,#8449,#8457,.T.);
#8457 = LINE('',#8458,#8459);
#8458 = CARTESIAN_POINT('',(-53.17836844459,-15.,-10.0855404311));
#8459 = VECTOR('',#8460,1.);
#8460 = DIRECTION('',(-0.13052619222,0.,0.991444861374));
#8461 = ORIENTED_EDGE('',*,*,#4354,.F.);
#8462 = ORIENTED_EDGE('',*,*,#8463,.F.);
#8463 = EDGE_CURVE('',#8039,#4355,#8464,.T.);
#8464 = LINE('',#8465,#8466);
#8465 = CARTESIAN_POINT('',(-55.56509068401,-15.,-22.60177546724));
#8466 = VECTOR('',#8467,1.);
#8467 = DIRECTION('',(0.13052619222,0.,-0.991444861374));
#8468 = PLANE('',#8469);
#8469 = AXIS2_PLACEMENT_3D('',#8470,#8471,#8472);
#8470 = CARTESIAN_POINT('',(-62.5,-15.,-2.));
#8471 = DIRECTION('',(0.,1.,0.));
#8472 = DIRECTION('',(0.,0.,-1.));
#8473 = ADVANCED_FACE('',(#8474),#8480,.T.);
#8474 = FACE_BOUND('',#8475,.T.);
#8475 = EDGE_LOOP('',(#8476,#8477,#8478,#8479));
#8476 = ORIENTED_EDGE('',*,*,#8046,.F.);
#8477 = ORIENTED_EDGE('',*,*,#8463,.T.);
#8478 = ORIENTED_EDGE('',*,*,#4396,.T.);
#8479 = ORIENTED_EDGE('',*,*,#5919,.T.);
#8480 = PLANE('',#8481);
#8481 = AXIS2_PLACEMENT_3D('',#8482,#8483,#8484);
#8482 = CARTESIAN_POINT('',(-52.78087410474,-1.022E-14,-43.75));
#8483 = DIRECTION('',(-0.991444861374,-0.,-0.13052619222));
#8484 = DIRECTION('',(0.13052619222,0.,-0.991444861374));
#8485 = ADVANCED_FACE('',(#8486),#8505,.F.);
#8486 = FACE_BOUND('',#8487,.T.);
#8487 = EDGE_LOOP('',(#8488,#8489,#8497,#8504));
#8488 = ORIENTED_EDGE('',*,*,#4372,.T.);
#8489 = ORIENTED_EDGE('',*,*,#8490,.T.);
#8490 = EDGE_CURVE('',#4365,#8491,#8493,.T.);
#8491 = VERTEX_POINT('',#8492);
#8492 = CARTESIAN_POINT('',(-51.97320907139,-32.15,-19.2396346966));
#8493 = LINE('',#8494,#8495);
#8494 = CARTESIAN_POINT('',(-45.22465395195,-32.15,-70.5));
#8495 = VECTOR('',#8496,1.);
#8496 = DIRECTION('',(-0.13052619222,0.,0.991444861374));
#8497 = ORIENTED_EDGE('',*,*,#8498,.F.);
#8498 = EDGE_CURVE('',#4412,#8491,#8499,.T.);
#8499 = ELLIPSE('',#8500,4.386580936551,4.);
#8500 = AXIS2_PLACEMENT_3D('',#8501,#8502,#8503);
#8501 = CARTESIAN_POINT('',(-47.77240663057,-32.15,-20.50270681099));
#8502 = DIRECTION('',(-0.287939999892,-0.,-0.957648451397));
#8503 = DIRECTION('',(0.957648451397,0.,-0.287939999892));
#8504 = ORIENTED_EDGE('',*,*,#4411,.F.);
#8505 = CYLINDRICAL_SURFACE('',#8506,4.);
#8506 = AXIS2_PLACEMENT_3D('',#8507,#8508,#8509);
#8507 = CARTESIAN_POINT('',(-41.25887450646,-32.15,-69.97789523112));
#8508 = DIRECTION('',(-0.13052619222,0.,0.991444861374));
#8509 = DIRECTION('',(0.,-1.,0.));
#8510 = ADVANCED_FACE('',(#8511),#8522,.T.);
#8511 = FACE_BOUND('',#8512,.T.);
#8512 = EDGE_LOOP('',(#8513,#8514,#8515,#8521));
#8513 = ORIENTED_EDGE('',*,*,#4364,.F.);
#8514 = ORIENTED_EDGE('',*,*,#8456,.T.);
#8515 = ORIENTED_EDGE('',*,*,#8516,.T.);
#8516 = EDGE_CURVE('',#8449,#8491,#8517,.T.);
#8517 = LINE('',#8518,#8519);
#8518 = CARTESIAN_POINT('',(-51.97320907139,39.75,-19.2396346966));
#8519 = VECTOR('',#8520,1.);
#8520 = DIRECTION('',(0.,-1.,2.2E-16));
#8521 = ORIENTED_EDGE('',*,*,#8490,.F.);
#8522 = PLANE('',#8523);
#8523 = AXIS2_PLACEMENT_3D('',#8524,#8525,#8526);
#8524 = CARTESIAN_POINT('',(-51.97320907139,39.75,-19.2396346966));
#8525 = DIRECTION('',(0.991444861374,3.E-17,0.13052619222));
#8526 = DIRECTION('',(0.13052619222,-2.2E-16,-0.991444861374));
#8527 = ADVANCED_FACE('',(#8528),#8546,.T.);
#8528 = FACE_BOUND('',#8529,.T.);
#8529 = EDGE_LOOP('',(#8530,#8538,#8539,#8540));
#8530 = ORIENTED_EDGE('',*,*,#8531,.T.);
#8531 = EDGE_CURVE('',#8532,#4497,#8534,.T.);
#8532 = VERTEX_POINT('',#8533);
#8533 = CARTESIAN_POINT('',(53.5,-36.1,-0.8));
#8534 = LINE('',#8535,#8536);
#8535 = CARTESIAN_POINT('',(-28.89396674183,-36.1,-0.8));
#8536 = VECTOR('',#8537,1.);
#8537 = DIRECTION('',(1.,0.,0.));
#8538 = ORIENTED_EDGE('',*,*,#4523,.T.);
#8539 = ORIENTED_EDGE('',*,*,#4467,.T.);
#8540 = ORIENTED_EDGE('',*,*,#8541,.F.);
#8541 = EDGE_CURVE('',#8532,#4460,#8542,.T.);
#8542 = LINE('',#8543,#8544);
#8543 = CARTESIAN_POINT('',(47.225,-42.375,-7.075));
#8544 = VECTOR('',#8545,1.);
#8545 = DIRECTION('',(-0.57735026919,-0.57735026919,-0.57735026919));
#8546 = PLANE('',#8547);
#8547 = AXIS2_PLACEMENT_3D('',#8548,#8549,#8550);
#8548 = CARTESIAN_POINT('',(-60.,-35.2,0.1));
#8549 = DIRECTION('',(0.,0.707106781187,-0.707106781187));
#8550 = DIRECTION('',(0.,-0.707106781187,-0.707106781187));
#8551 = ADVANCED_FACE('',(#8552),#8569,.T.);
#8552 = FACE_BOUND('',#8553,.T.);
#8553 = EDGE_LOOP('',(#8554,#8555,#8561,#8562,#8563));
#8554 = ORIENTED_EDGE('',*,*,#4724,.T.);
#8555 = ORIENTED_EDGE('',*,*,#8556,.T.);
#8556 = EDGE_CURVE('',#4725,#8532,#8557,.T.);
#8557 = LINE('',#8558,#8559);
#8558 = CARTESIAN_POINT('',(53.5,18.575,-0.8));
#8559 = VECTOR('',#8560,1.);
#8560 = DIRECTION('',(-2.2E-16,-1.,0.));
#8561 = ORIENTED_EDGE('',*,*,#8541,.T.);
#8562 = ORIENTED_EDGE('',*,*,#4459,.T.);
#8563 = ORIENTED_EDGE('',*,*,#8564,.F.);
#8564 = EDGE_CURVE('',#4717,#4452,#8565,.T.);
#8565 = LINE('',#8566,#8567);
#8566 = CARTESIAN_POINT('',(53.3,37.15,-1.));
#8567 = VECTOR('',#8568,1.);
#8568 = DIRECTION('',(0.,-1.,2.2E-16));
#8569 = PLANE('',#8570);
#8570 = AXIS2_PLACEMENT_3D('',#8571,#8572,#8573);
#8571 = CARTESIAN_POINT('',(53.9,37.15,-0.4));
#8572 = DIRECTION('',(0.707106781187,-1.6E-16,-0.707106781187));
#8573 = DIRECTION('',(-0.707106781187,-1.6E-16,-0.707106781187));
#8574 = ADVANCED_FACE('',(#8575),#8581,.T.);
#8575 = FACE_BOUND('',#8576,.T.);
#8576 = EDGE_LOOP('',(#8577,#8578,#8579,#8580));
#8577 = ORIENTED_EDGE('',*,*,#4716,.T.);
#8578 = ORIENTED_EDGE('',*,*,#8564,.T.);
#8579 = ORIENTED_EDGE('',*,*,#4451,.T.);
#8580 = ORIENTED_EDGE('',*,*,#7638,.F.);
#8581 = PLANE('',#8582);
#8582 = AXIS2_PLACEMENT_3D('',#8583,#8584,#8585);
#8583 = CARTESIAN_POINT('',(53.3,37.15,-1.));
#8584 = DIRECTION('',(-0.,-2.2E-16,-1.));
#8585 = DIRECTION('',(-1.,0.,0.));
#8586 = ADVANCED_FACE('',(#8587),#8598,.F.);
#8587 = FACE_BOUND('',#8588,.T.);
#8588 = EDGE_LOOP('',(#8589,#8590,#8596,#8597));
#8589 = ORIENTED_EDGE('',*,*,#8498,.T.);
#8590 = ORIENTED_EDGE('',*,*,#8591,.T.);
#8591 = EDGE_CURVE('',#8491,#7947,#8592,.T.);
#8592 = LINE('',#8593,#8594);
#8593 = CARTESIAN_POINT('',(-51.97320907139,-32.15,-19.2396346966));
#8594 = VECTOR('',#8595,1.);
#8595 = DIRECTION('',(0.655654995826,0.,0.755060611109));
#8596 = ORIENTED_EDGE('',*,*,#7946,.F.);
#8597 = ORIENTED_EDGE('',*,*,#4419,.F.);
#8598 = CYLINDRICAL_SURFACE('',#8599,4.);
#8599 = AXIS2_PLACEMENT_3D('',#8600,#8601,#8602);
#8600 = CARTESIAN_POINT('',(-48.95296662695,-32.15,-21.8622546799));
#8601 = DIRECTION('',(0.655654995826,0.,0.755060611109));
#8602 = DIRECTION('',(0.,-1.,0.));
#8603 = ADVANCED_FACE('',(#8604),#8612,.F.);
#8604 = FACE_BOUND('',#8605,.F.);
#8605 = EDGE_LOOP('',(#8606,#8607,#8608,#8609,#8610,#8611));
#8606 = ORIENTED_EDGE('',*,*,#8531,.T.);
#8607 = ORIENTED_EDGE('',*,*,#4496,.T.);
#8608 = ORIENTED_EDGE('',*,*,#4579,.T.);
#8609 = ORIENTED_EDGE('',*,*,#4595,.F.);
#8610 = ORIENTED_EDGE('',*,*,#4732,.F.);
#8611 = ORIENTED_EDGE('',*,*,#8556,.T.);
#8612 = PLANE('',#8613);
#8613 = AXIS2_PLACEMENT_3D('',#8614,#8615,#8616);
#8614 = CARTESIAN_POINT('',(2.212066516339,4.2046E-13,-0.8));
#8615 = DIRECTION('',(0.,0.,1.));
#8616 = DIRECTION('',(1.,0.,0.));
#8617 = ADVANCED_FACE('',(#8618),#8637,.F.);
#8618 = FACE_BOUND('',#8619,.T.);
#8619 = EDGE_LOOP('',(#8620,#8628,#8635,#8636));
#8620 = ORIENTED_EDGE('',*,*,#8621,.F.);
#8621 = EDGE_CURVE('',#8622,#7611,#8624,.T.);
#8622 = VERTEX_POINT('',#8623);
#8623 = CARTESIAN_POINT('',(-51.97320907139,32.15,-19.2396346966));
#8624 = LINE('',#8625,#8626);
#8625 = CARTESIAN_POINT('',(-51.97320907139,32.15,-19.2396346966));
#8626 = VECTOR('',#8627,1.);
#8627 = DIRECTION('',(0.655654995826,-3.4E-16,0.755060611109));
#8628 = ORIENTED_EDGE('',*,*,#8629,.T.);
#8629 = EDGE_CURVE('',#8622,#4686,#8630,.T.);
#8630 = ELLIPSE('',#8631,4.386580936551,4.);
#8631 = AXIS2_PLACEMENT_3D('',#8632,#8633,#8634);
#8632 = CARTESIAN_POINT('',(-47.77240663057,32.15,-20.50270681099));
#8633 = DIRECTION('',(-0.287939999892,4.3E-16,-0.957648451397));
#8634 = DIRECTION('',(0.957648451397,1.3E-16,-0.287939999892));
#8635 = ORIENTED_EDGE('',*,*,#4693,.T.);
#8636 = ORIENTED_EDGE('',*,*,#7618,.F.);
#8637 = CYLINDRICAL_SURFACE('',#8638,4.);
#8638 = AXIS2_PLACEMENT_3D('',#8639,#8640,#8641);
#8639 = CARTESIAN_POINT('',(-48.95296662695,32.15,-21.8622546799));
#8640 = DIRECTION('',(0.655654995826,-3.4E-16,0.755060611109));
#8641 = DIRECTION('',(-0.755060611109,1.5E-16,0.655654995826));
#8642 = ADVANCED_FACE('',(#8643),#8654,.F.);
#8643 = FACE_BOUND('',#8644,.T.);
#8644 = EDGE_LOOP('',(#8645,#8651,#8652,#8653));
#8645 = ORIENTED_EDGE('',*,*,#8646,.F.);
#8646 = EDGE_CURVE('',#4768,#8622,#8647,.T.);
#8647 = LINE('',#8648,#8649);
#8648 = CARTESIAN_POINT('',(-45.22465395195,32.15,-70.5));
#8649 = VECTOR('',#8650,1.);
#8650 = DIRECTION('',(-0.13052619222,-4.4E-16,0.991444861374));
#8651 = ORIENTED_EDGE('',*,*,#4767,.T.);
#8652 = ORIENTED_EDGE('',*,*,#4685,.T.);
#8653 = ORIENTED_EDGE('',*,*,#8629,.F.);
#8654 = CYLINDRICAL_SURFACE('',#8655,4.);
#8655 = AXIS2_PLACEMENT_3D('',#8656,#8657,#8658);
#8656 = CARTESIAN_POINT('',(-41.25887450646,32.15,-69.97789523112));
#8657 = DIRECTION('',(-0.13052619222,-4.4E-16,0.991444861374));
#8658 = DIRECTION('',(-0.991444861374,-3.E-17,-0.13052619222));
#8659 = ADVANCED_FACE('',(#8660),#8679,.F.);
#8660 = FACE_BOUND('',#8661,.T.);
#8661 = EDGE_LOOP('',(#8662,#8663,#8664,#8672));
#8662 = ORIENTED_EDGE('',*,*,#4823,.F.);
#8663 = ORIENTED_EDGE('',*,*,#4748,.T.);
#8664 = ORIENTED_EDGE('',*,*,#8665,.T.);
#8665 = EDGE_CURVE('',#4751,#8666,#8668,.T.);
#8666 = VERTEX_POINT('',#8667);
#8667 = CARTESIAN_POINT('',(-51.97320907139,47.85,-19.2396346966));
#8668 = LINE('',#8669,#8670);
#8669 = CARTESIAN_POINT('',(-45.22465395195,47.85,-70.5));
#8670 = VECTOR('',#8671,1.);
#8671 = DIRECTION('',(-0.13052619222,0.,0.991444861374));
#8672 = ORIENTED_EDGE('',*,*,#8673,.F.);
#8673 = EDGE_CURVE('',#4824,#8666,#8674,.T.);
#8674 = ELLIPSE('',#8675,4.386580936551,4.);
#8675 = AXIS2_PLACEMENT_3D('',#8676,#8677,#8678);
#8676 = CARTESIAN_POINT('',(-47.77240663057,47.85,-20.50270681099));
#8677 = DIRECTION('',(-0.287939999892,-0.,-0.957648451397));
#8678 = DIRECTION('',(0.957648451397,0.,-0.287939999892));
#8679 = CYLINDRICAL_SURFACE('',#8680,4.);
#8680 = AXIS2_PLACEMENT_3D('',#8681,#8682,#8683);
#8681 = CARTESIAN_POINT('',(-41.25887450646,47.85,-69.97789523112));
#8682 = DIRECTION('',(-0.13052619222,0.,0.991444861374));
#8683 = DIRECTION('',(0.,-1.,0.));
#8684 = ADVANCED_FACE('',(#8685),#8696,.T.);
#8685 = FACE_BOUND('',#8686,.T.);
#8686 = EDGE_LOOP('',(#8687,#8688,#8689,#8695));
#8687 = ORIENTED_EDGE('',*,*,#4776,.F.);
#8688 = ORIENTED_EDGE('',*,*,#8646,.T.);
#8689 = ORIENTED_EDGE('',*,*,#8690,.T.);
#8690 = EDGE_CURVE('',#8622,#7422,#8691,.T.);
#8691 = LINE('',#8692,#8693);
#8692 = CARTESIAN_POINT('',(-51.97320907139,39.75,-19.2396346966));
#8693 = VECTOR('',#8694,1.);
#8694 = DIRECTION('',(0.,-1.,2.2E-16));
#8695 = ORIENTED_EDGE('',*,*,#7421,.T.);
#8696 = PLANE('',#8697);
#8697 = AXIS2_PLACEMENT_3D('',#8698,#8699,#8700);
#8698 = CARTESIAN_POINT('',(-48.59893151167,23.575,-44.8698173483));
#8699 = DIRECTION('',(0.991444861374,2.7E-16,0.13052619222));
#8700 = DIRECTION('',(-0.13052619222,3.224052040783E-33,0.991444861374)
  );
#8701 = ADVANCED_FACE('',(#8702),#8713,.T.);
#8702 = FACE_BOUND('',#8703,.T.);
#8703 = EDGE_LOOP('',(#8704,#8705,#8706,#8712));
#8704 = ORIENTED_EDGE('',*,*,#4808,.F.);
#8705 = ORIENTED_EDGE('',*,*,#7495,.T.);
#8706 = ORIENTED_EDGE('',*,*,#8707,.T.);
#8707 = EDGE_CURVE('',#7488,#8666,#8708,.T.);
#8708 = LINE('',#8709,#8710);
#8709 = CARTESIAN_POINT('',(-51.97320907139,119.75,-19.2396346966));
#8710 = VECTOR('',#8711,1.);
#8711 = DIRECTION('',(0.,-1.,2.2E-16));
#8712 = ORIENTED_EDGE('',*,*,#8665,.F.);
#8713 = PLANE('',#8714);
#8714 = AXIS2_PLACEMENT_3D('',#8715,#8716,#8717);
#8715 = CARTESIAN_POINT('',(-51.97320907139,119.75,-19.2396346966));
#8716 = DIRECTION('',(0.991444861374,3.E-17,0.13052619222));
#8717 = DIRECTION('',(0.13052619222,-2.2E-16,-0.991444861374));
#8718 = ADVANCED_FACE('',(#8719),#8732,.F.);
#8719 = FACE_BOUND('',#8720,.F.);
#8720 = EDGE_LOOP('',(#8721,#8727,#8728,#8729,#8730,#8731));
#8721 = ORIENTED_EDGE('',*,*,#8722,.T.);
#8722 = EDGE_CURVE('',#5172,#4863,#8723,.T.);
#8723 = LINE('',#8724,#8725);
#8724 = CARTESIAN_POINT('',(53.5,98.575,-0.8));
#8725 = VECTOR('',#8726,1.);
#8726 = DIRECTION('',(-2.2E-16,-1.,0.));
#8727 = ORIENTED_EDGE('',*,*,#4870,.T.);
#8728 = ORIENTED_EDGE('',*,*,#4902,.T.);
#8729 = ORIENTED_EDGE('',*,*,#4978,.T.);
#8730 = ORIENTED_EDGE('',*,*,#4994,.F.);
#8731 = ORIENTED_EDGE('',*,*,#5179,.F.);
#8732 = PLANE('',#8733);
#8733 = AXIS2_PLACEMENT_3D('',#8734,#8735,#8736);
#8734 = CARTESIAN_POINT('',(2.212066516339,80.,-0.8));
#8735 = DIRECTION('',(0.,0.,1.));
#8736 = DIRECTION('',(1.,0.,0.));
#8737 = ADVANCED_FACE('',(#8738),#8749,.T.);
#8738 = FACE_BOUND('',#8739,.T.);
#8739 = EDGE_LOOP('',(#8740,#8741,#8742,#8743));
#8740 = ORIENTED_EDGE('',*,*,#5171,.T.);
#8741 = ORIENTED_EDGE('',*,*,#8722,.T.);
#8742 = ORIENTED_EDGE('',*,*,#4862,.F.);
#8743 = ORIENTED_EDGE('',*,*,#8744,.F.);
#8744 = EDGE_CURVE('',#5164,#4855,#8745,.T.);
#8745 = LINE('',#8746,#8747);
#8746 = CARTESIAN_POINT('',(53.3,117.15,-1.));
#8747 = VECTOR('',#8748,1.);
#8748 = DIRECTION('',(0.,-1.,2.2E-16));
#8749 = PLANE('',#8750);
#8750 = AXIS2_PLACEMENT_3D('',#8751,#8752,#8753);
#8751 = CARTESIAN_POINT('',(53.9,117.15,-0.4));
#8752 = DIRECTION('',(0.707106781187,-1.6E-16,-0.707106781187));
#8753 = DIRECTION('',(-0.707106781187,-1.6E-16,-0.707106781187));
#8754 = ADVANCED_FACE('',(#8755),#8761,.T.);
#8755 = FACE_BOUND('',#8756,.T.);
#8756 = EDGE_LOOP('',(#8757,#8758,#8759,#8760));
#8757 = ORIENTED_EDGE('',*,*,#5163,.T.);
#8758 = ORIENTED_EDGE('',*,*,#8744,.T.);
#8759 = ORIENTED_EDGE('',*,*,#4854,.F.);
#8760 = ORIENTED_EDGE('',*,*,#7030,.F.);
#8761 = PLANE('',#8762);
#8762 = AXIS2_PLACEMENT_3D('',#8763,#8764,#8765);
#8763 = CARTESIAN_POINT('',(53.3,117.15,-1.));
#8764 = DIRECTION('',(-0.,-2.2E-16,-1.));
#8765 = DIRECTION('',(-1.,0.,0.));
#8766 = ADVANCED_FACE('',(#8767),#8778,.F.);
#8767 = FACE_BOUND('',#8768,.T.);
#8768 = EDGE_LOOP('',(#8769,#8770,#8771,#8777));
#8769 = ORIENTED_EDGE('',*,*,#4831,.F.);
#8770 = ORIENTED_EDGE('',*,*,#8673,.T.);
#8771 = ORIENTED_EDGE('',*,*,#8772,.T.);
#8772 = EDGE_CURVE('',#8666,#7307,#8773,.T.);
#8773 = LINE('',#8774,#8775);
#8774 = CARTESIAN_POINT('',(-51.97320907139,47.85,-19.2396346966));
#8775 = VECTOR('',#8776,1.);
#8776 = DIRECTION('',(0.655654995826,0.,0.755060611109));
#8777 = ORIENTED_EDGE('',*,*,#7306,.F.);
#8778 = CYLINDRICAL_SURFACE('',#8779,4.);
#8779 = AXIS2_PLACEMENT_3D('',#8780,#8781,#8782);
#8780 = CARTESIAN_POINT('',(-48.95296662695,47.85,-21.8622546799));
#8781 = DIRECTION('',(0.655654995826,0.,0.755060611109));
#8782 = DIRECTION('',(0.,-1.,0.));
#8783 = ADVANCED_FACE('',(#8784),#8803,.F.);
#8784 = FACE_BOUND('',#8785,.T.);
#8785 = EDGE_LOOP('',(#8786,#8794,#8801,#8802));
#8786 = ORIENTED_EDGE('',*,*,#8787,.F.);
#8787 = EDGE_CURVE('',#8788,#6995,#8790,.T.);
#8788 = VERTEX_POINT('',#8789);
#8789 = CARTESIAN_POINT('',(-51.97320907139,112.15,-19.2396346966));
#8790 = LINE('',#8791,#8792);
#8791 = CARTESIAN_POINT('',(-51.97320907139,112.15,-19.2396346966));
#8792 = VECTOR('',#8793,1.);
#8793 = DIRECTION('',(0.655654995826,-3.4E-16,0.755060611109));
#8794 = ORIENTED_EDGE('',*,*,#8795,.T.);
#8795 = EDGE_CURVE('',#8788,#5133,#8796,.T.);
#8796 = ELLIPSE('',#8797,4.386580936551,4.);
#8797 = AXIS2_PLACEMENT_3D('',#8798,#8799,#8800);
#8798 = CARTESIAN_POINT('',(-47.77240663057,112.15,-20.50270681099));
#8799 = DIRECTION('',(-0.287939999892,4.3E-16,-0.957648451397));
#8800 = DIRECTION('',(0.957648451397,1.3E-16,-0.287939999892));
#8801 = ORIENTED_EDGE('',*,*,#5140,.T.);
#8802 = ORIENTED_EDGE('',*,*,#7002,.F.);
#8803 = CYLINDRICAL_SURFACE('',#8804,4.);
#8804 = AXIS2_PLACEMENT_3D('',#8805,#8806,#8807);
#8805 = CARTESIAN_POINT('',(-48.95296662695,112.15,-21.8622546799));
#8806 = DIRECTION('',(0.655654995826,-3.4E-16,0.755060611109));
#8807 = DIRECTION('',(-0.755060611109,1.5E-16,0.655654995826));
#8808 = ADVANCED_FACE('',(#8809),#8820,.F.);
#8809 = FACE_BOUND('',#8810,.T.);
#8810 = EDGE_LOOP('',(#8811,#8817,#8818,#8819));
#8811 = ORIENTED_EDGE('',*,*,#8812,.F.);
#8812 = EDGE_CURVE('',#5198,#8788,#8813,.T.);
#8813 = LINE('',#8814,#8815);
#8814 = CARTESIAN_POINT('',(-45.22465395195,112.15,-70.5));
#8815 = VECTOR('',#8816,1.);
#8816 = DIRECTION('',(-0.13052619222,-4.4E-16,0.991444861374));
#8817 = ORIENTED_EDGE('',*,*,#5197,.T.);
#8818 = ORIENTED_EDGE('',*,*,#5132,.T.);
#8819 = ORIENTED_EDGE('',*,*,#8795,.F.);
#8820 = CYLINDRICAL_SURFACE('',#8821,4.);
#8821 = AXIS2_PLACEMENT_3D('',#8822,#8823,#8824);
#8822 = CARTESIAN_POINT('',(-41.25887450646,112.15,-69.97789523112));
#8823 = DIRECTION('',(-0.13052619222,-4.4E-16,0.991444861374));
#8824 = DIRECTION('',(-0.991444861374,-3.E-17,-0.13052619222));
#8825 = ADVANCED_FACE('',(#8826),#8837,.T.);
#8826 = FACE_BOUND('',#8827,.T.);
#8827 = EDGE_LOOP('',(#8828,#8829,#8830,#8836));
#8828 = ORIENTED_EDGE('',*,*,#5206,.F.);
#8829 = ORIENTED_EDGE('',*,*,#8812,.T.);
#8830 = ORIENTED_EDGE('',*,*,#8831,.T.);
#8831 = EDGE_CURVE('',#8788,#6733,#8832,.T.);
#8832 = LINE('',#8833,#8834);
#8833 = CARTESIAN_POINT('',(-51.97320907139,119.75,-19.2396346966));
#8834 = VECTOR('',#8835,1.);
#8835 = DIRECTION('',(0.,-1.,2.2E-16));
#8836 = ORIENTED_EDGE('',*,*,#6732,.T.);
#8837 = PLANE('',#8838);
#8838 = AXIS2_PLACEMENT_3D('',#8839,#8840,#8841);
#8839 = CARTESIAN_POINT('',(-51.97320907139,119.75,-19.2396346966));
#8840 = DIRECTION('',(0.991444861374,3.E-17,0.13052619222));
#8841 = DIRECTION('',(0.13052619222,-2.2E-16,-0.991444861374));
#8842 = ADVANCED_FACE('',(#8843),#8861,.T.);
#8843 = FACE_BOUND('',#8844,.T.);
#8844 = EDGE_LOOP('',(#8845,#8846,#8847,#8855));
#8845 = ORIENTED_EDGE('',*,*,#5238,.F.);
#8846 = ORIENTED_EDGE('',*,*,#6806,.T.);
#8847 = ORIENTED_EDGE('',*,*,#8848,.T.);
#8848 = EDGE_CURVE('',#6799,#8849,#8851,.T.);
#8849 = VERTEX_POINT('',#8850);
#8850 = CARTESIAN_POINT('',(-51.97320907139,127.85,-19.2396346966));
#8851 = LINE('',#8852,#8853);
#8852 = CARTESIAN_POINT('',(-51.97320907139,199.75,-19.2396346966));
#8853 = VECTOR('',#8854,1.);
#8854 = DIRECTION('',(0.,-1.,2.2E-16));
#8855 = ORIENTED_EDGE('',*,*,#8856,.F.);
#8856 = EDGE_CURVE('',#5239,#8849,#8857,.T.);
#8857 = LINE('',#8858,#8859);
#8858 = CARTESIAN_POINT('',(-45.22465395195,127.85,-70.5));
#8859 = VECTOR('',#8860,1.);
#8860 = DIRECTION('',(-0.13052619222,0.,0.991444861374));
#8861 = PLANE('',#8862);
#8862 = AXIS2_PLACEMENT_3D('',#8863,#8864,#8865);
#8863 = CARTESIAN_POINT('',(-51.97320907139,199.75,-19.2396346966));
#8864 = DIRECTION('',(0.991444861374,3.E-17,0.13052619222));
#8865 = DIRECTION('',(0.13052619222,-2.2E-16,-0.991444861374));
#8866 = ADVANCED_FACE('',(#8867),#8879,.F.);
#8867 = FACE_BOUND('',#8868,.T.);
#8868 = EDGE_LOOP('',(#8869,#8870,#8871,#8872));
#8869 = ORIENTED_EDGE('',*,*,#5270,.F.);
#8870 = ORIENTED_EDGE('',*,*,#5246,.T.);
#8871 = ORIENTED_EDGE('',*,*,#8856,.T.);
#8872 = ORIENTED_EDGE('',*,*,#8873,.F.);
#8873 = EDGE_CURVE('',#5271,#8849,#8874,.T.);
#8874 = ELLIPSE('',#8875,4.386580936551,4.);
#8875 = AXIS2_PLACEMENT_3D('',#8876,#8877,#8878);
#8876 = CARTESIAN_POINT('',(-47.77240663057,127.85,-20.50270681099));
#8877 = DIRECTION('',(-0.287939999892,-0.,-0.957648451397));
#8878 = DIRECTION('',(0.957648451397,0.,-0.287939999892));
#8879 = CYLINDRICAL_SURFACE('',#8880,4.);
#8880 = AXIS2_PLACEMENT_3D('',#8881,#8882,#8883);
#8881 = CARTESIAN_POINT('',(-41.25887450646,127.85,-69.97789523112));
#8882 = DIRECTION('',(-0.13052619222,0.,0.991444861374));
#8883 = DIRECTION('',(0.,-1.,0.));
#8884 = ADVANCED_FACE('',(#8885),#8898,.F.);
#8885 = FACE_BOUND('',#8886,.F.);
#8886 = EDGE_LOOP('',(#8887,#8893,#8894,#8895,#8896,#8897));
#8887 = ORIENTED_EDGE('',*,*,#8888,.T.);
#8888 = EDGE_CURVE('',#5673,#5310,#8889,.T.);
#8889 = LINE('',#8890,#8891);
#8890 = CARTESIAN_POINT('',(53.5,178.575,-0.8));
#8891 = VECTOR('',#8892,1.);
#8892 = DIRECTION('',(-2.2E-16,-1.,0.));
#8893 = ORIENTED_EDGE('',*,*,#5317,.T.);
#8894 = ORIENTED_EDGE('',*,*,#5349,.T.);
#8895 = ORIENTED_EDGE('',*,*,#5454,.T.);
#8896 = ORIENTED_EDGE('',*,*,#5470,.F.);
#8897 = ORIENTED_EDGE('',*,*,#5680,.F.);
#8898 = PLANE('',#8899);
#8899 = AXIS2_PLACEMENT_3D('',#8900,#8901,#8902);
#8900 = CARTESIAN_POINT('',(2.212066516339,160.,-0.8));
#8901 = DIRECTION('',(0.,0.,1.));
#8902 = DIRECTION('',(1.,0.,0.));
#8903 = ADVANCED_FACE('',(#8904),#8915,.T.);
#8904 = FACE_BOUND('',#8905,.T.);
#8905 = EDGE_LOOP('',(#8906,#8907,#8908,#8909));
#8906 = ORIENTED_EDGE('',*,*,#5672,.T.);
#8907 = ORIENTED_EDGE('',*,*,#8888,.T.);
#8908 = ORIENTED_EDGE('',*,*,#5309,.F.);
#8909 = ORIENTED_EDGE('',*,*,#8910,.F.);
#8910 = EDGE_CURVE('',#5665,#5302,#8911,.T.);
#8911 = LINE('',#8912,#8913);
#8912 = CARTESIAN_POINT('',(53.3,197.15,-1.));
#8913 = VECTOR('',#8914,1.);
#8914 = DIRECTION('',(0.,-1.,2.2E-16));
#8915 = PLANE('',#8916);
#8916 = AXIS2_PLACEMENT_3D('',#8917,#8918,#8919);
#8917 = CARTESIAN_POINT('',(53.9,197.15,-0.4));
#8918 = DIRECTION('',(0.707106781187,-1.6E-16,-0.707106781187));
#8919 = DIRECTION('',(-0.707106781187,-1.6E-16,-0.707106781187));
#8920 = ADVANCED_FACE('',(#8921),#8927,.T.);
#8921 = FACE_BOUND('',#8922,.T.);
#8922 = EDGE_LOOP('',(#8923,#8924,#8925,#8926));
#8923 = ORIENTED_EDGE('',*,*,#5664,.T.);
#8924 = ORIENTED_EDGE('',*,*,#8910,.T.);
#8925 = ORIENTED_EDGE('',*,*,#5301,.F.);
#8926 = ORIENTED_EDGE('',*,*,#6341,.F.);
#8927 = PLANE('',#8928);
#8928 = AXIS2_PLACEMENT_3D('',#8929,#8930,#8931);
#8929 = CARTESIAN_POINT('',(53.3,197.15,-1.));
#8930 = DIRECTION('',(-0.,-2.2E-16,-1.));
#8931 = DIRECTION('',(-1.,0.,0.));
#8932 = ADVANCED_FACE('',(#8933),#8944,.F.);
#8933 = FACE_BOUND('',#8934,.T.);
#8934 = EDGE_LOOP('',(#8935,#8936,#8937,#8943));
#8935 = ORIENTED_EDGE('',*,*,#5278,.F.);
#8936 = ORIENTED_EDGE('',*,*,#8873,.T.);
#8937 = ORIENTED_EDGE('',*,*,#8938,.T.);
#8938 = EDGE_CURVE('',#8849,#6618,#8939,.T.);
#8939 = LINE('',#8940,#8941);
#8940 = CARTESIAN_POINT('',(-51.97320907139,127.85,-19.2396346966));
#8941 = VECTOR('',#8942,1.);
#8942 = DIRECTION('',(0.655654995826,0.,0.755060611109));
#8943 = ORIENTED_EDGE('',*,*,#6617,.F.);
#8944 = CYLINDRICAL_SURFACE('',#8945,4.);
#8945 = AXIS2_PLACEMENT_3D('',#8946,#8947,#8948);
#8946 = CARTESIAN_POINT('',(-48.95296662695,127.85,-21.8622546799));
#8947 = DIRECTION('',(0.655654995826,0.,0.755060611109));
#8948 = DIRECTION('',(0.,-1.,0.));
#8949 = ADVANCED_FACE('',(#8950),#8956,.F.);
#8950 = FACE_BOUND('',#8951,.T.);
#8951 = EDGE_LOOP('',(#8952,#8953,#8954,#8955));
#8952 = ORIENTED_EDGE('',*,*,#8243,.F.);
#8953 = ORIENTED_EDGE('',*,*,#8139,.T.);
#8954 = ORIENTED_EDGE('',*,*,#5641,.T.);
#8955 = ORIENTED_EDGE('',*,*,#6313,.F.);
#8956 = CYLINDRICAL_SURFACE('',#8957,4.);
#8957 = AXIS2_PLACEMENT_3D('',#8958,#8959,#8960);
#8958 = CARTESIAN_POINT('',(-48.95296662695,192.15,-21.8622546799));
#8959 = DIRECTION('',(0.655654995826,-3.4E-16,0.755060611109));
#8960 = DIRECTION('',(-0.755060611109,1.5E-16,0.655654995826));
#8961 = ADVANCED_FACE('',(#8962),#8972,.T.);
#8962 = FACE_BOUND('',#8963,.T.);
#8963 = EDGE_LOOP('',(#8964,#8965,#8970,#8971));
#8964 = ORIENTED_EDGE('',*,*,#5904,.T.);
#8965 = ORIENTED_EDGE('',*,*,#8966,.T.);
#8966 = EDGE_CURVE('',#5897,#5938,#8967,.T.);
#8967 = B_SPLINE_CURVE_WITH_KNOTS('',1,(#8968,#8969),.UNSPECIFIED.,.F.,
  .F.,(2,2),(0.,1.),.PIECEWISE_BEZIER_KNOTS.);
#8968 = CARTESIAN_POINT('',(60.999999999971,-39.74999999999,2.5));
#8969 = CARTESIAN_POINT('',(60.999999999972,-39.42529620339,3.));
#8970 = ORIENTED_EDGE('',*,*,#5935,.F.);
#8971 = ORIENTED_EDGE('',*,*,#6264,.F.);
#8972 = PLANE('',#8973);
#8973 = AXIS2_PLACEMENT_3D('',#8974,#8975,#8976);
#8974 = CARTESIAN_POINT('',(-60.99999999997,-39.42529620339,3.));
#8975 = DIRECTION('',(0.,-0.838670567945,0.544639035015));
#8976 = DIRECTION('',(1.,0.,0.));
#8977 = ADVANCED_FACE('',(#8978),#8984,.T.);
#8978 = FACE_BOUND('',#8979,.T.);
#8979 = EDGE_LOOP('',(#8980,#8981,#8982,#8983));
#8980 = ORIENTED_EDGE('',*,*,#8328,.T.);
#8981 = ORIENTED_EDGE('',*,*,#8307,.T.);
#8982 = ORIENTED_EDGE('',*,*,#5945,.F.);
#8983 = ORIENTED_EDGE('',*,*,#8966,.F.);
#8984 = CONICAL_SURFACE('',#8985,0.500000000021,0.575958653158);
#8985 = AXIS2_PLACEMENT_3D('',#8986,#8987,#8988);
#8986 = CARTESIAN_POINT('',(60.999999999972,-39.24999999997,2.5));
#8987 = DIRECTION('',(-0.,-0.,-1.));
#8988 = DIRECTION('',(1.,0.,0.));
#8989 = ADVANCED_FACE('',(#8990),#9017,.F.);
#8990 = FACE_BOUND('',#8991,.T.);
#8991 = EDGE_LOOP('',(#8992,#8997,#8998,#9005,#9016));
#8992 = ORIENTED_EDGE('',*,*,#8993,.F.);
#8993 = EDGE_CURVE('',#6030,#7864,#8994,.T.);
#8994 = B_SPLINE_CURVE_WITH_KNOTS('',1,(#8995,#8996),.UNSPECIFIED.,.F.,
  .F.,(2,2),(0.,1.),.PIECEWISE_BEZIER_KNOTS.);
#8995 = CARTESIAN_POINT('',(48.5,-35.7,3.1));
#8996 = CARTESIAN_POINT('',(48.5,-35.,1.9));
#8997 = ORIENTED_EDGE('',*,*,#6027,.F.);
#8998 = ORIENTED_EDGE('',*,*,#8999,.T.);
#8999 = EDGE_CURVE('',#6028,#9000,#9002,.T.);
#9000 = VERTEX_POINT('',#9001);
#9001 = CARTESIAN_POINT('',(51.400737920183,-32.5,2.586979291742));
#9002 = B_SPLINE_CURVE_WITH_KNOTS('',1,(#9003,#9004),.UNSPECIFIED.,.F.,
  .F.,(2,2),(0.,1.),.PIECEWISE_BEZIER_KNOTS.);
#9003 = CARTESIAN_POINT('',(51.7,-32.5,3.1));
#9004 = CARTESIAN_POINT('',(51.,-32.5,1.9));
#9005 = ORIENTED_EDGE('',*,*,#9006,.F.);
#9006 = EDGE_CURVE('',#7887,#9000,#9007,.T.);
#9007 = B_SPLINE_CURVE_WITH_KNOTS('',4,(#9008,#9009,#9010,#9011,#9012,
    #9013,#9014,#9015),.UNSPECIFIED.,.F.,.F.,(5,3,5),(0.,0.501610412441,
    1.),.UNSPECIFIED.);
#9008 = CARTESIAN_POINT('',(51.280061824852,-33.1275,2.5));
#9009 = CARTESIAN_POINT('',(51.303764295882,-33.05067474191,
    2.510638487468));
#9010 = CARTESIAN_POINT('',(51.324641462445,-32.97302511134,
    2.521394535132));
#9011 = CARTESIAN_POINT('',(51.342655833689,-32.89470162656,
    2.532247469719));
#9012 = CARTESIAN_POINT('',(51.372815544022,-32.7375164806,
    2.554035128618));
#9013 = CARTESIAN_POINT('',(51.384997811592,-32.65866147457,
    2.564968884246));
#9014 = CARTESIAN_POINT('',(51.394308338784,-32.57943960407,
    2.575957152201));
#9015 = CARTESIAN_POINT('',(51.400737920183,-32.5,2.586979291742));
#9016 = ORIENTED_EDGE('',*,*,#7886,.F.);
#9017 = CONICAL_SURFACE('',#9018,3.2,0.528074448426);
#9018 = AXIS2_PLACEMENT_3D('',#9019,#9020,#9021);
#9019 = CARTESIAN_POINT('',(48.5,-32.5,3.1));
#9020 = DIRECTION('',(0.,0.,1.));
#9021 = DIRECTION('',(1.,0.,0.));
#9022 = ADVANCED_FACE('',(#9023),#9058,.T.);
#9023 = FACE_BOUND('',#9024,.T.);
#9024 = EDGE_LOOP('',(#9025,#9026,#9027,#9034,#9043,#9051));
#9025 = ORIENTED_EDGE('',*,*,#8999,.F.);
#9026 = ORIENTED_EDGE('',*,*,#6089,.F.);
#9027 = ORIENTED_EDGE('',*,*,#9028,.T.);
#9028 = EDGE_CURVE('',#6081,#9029,#9031,.T.);
#9029 = VERTEX_POINT('',#9030);
#9030 = CARTESIAN_POINT('',(51.400737920183,32.5,2.586979291742));
#9031 = B_SPLINE_CURVE_WITH_KNOTS('',1,(#9032,#9033),.UNSPECIFIED.,.F.,
  .F.,(2,2),(0.,1.),.PIECEWISE_BEZIER_KNOTS.);
#9032 = CARTESIAN_POINT('',(51.7,32.5,3.1));
#9033 = CARTESIAN_POINT('',(51.,32.5,1.9));
#9034 = ORIENTED_EDGE('',*,*,#9035,.T.);
#9035 = EDGE_CURVE('',#9029,#9036,#9038,.T.);
#9036 = VERTEX_POINT('',#9037);
#9037 = CARTESIAN_POINT('',(51.420980039777,32.,2.621680068189));
#9038 = HYPERBOLA('',#9039,51.179223296537,12.616774560952);
#9039 = AXIS2_PLACEMENT_3D('',#9040,#9041,#9042);
#9040 = CARTESIAN_POINT('',(77.208707767729,32.,46.829213316107));
#9041 = DIRECTION('',(-0.863778900898,0.,0.503871025524));
#9042 = DIRECTION('',(-0.503871025524,0.,-0.863778900898));
#9043 = ORIENTED_EDGE('',*,*,#9044,.T.);
#9044 = EDGE_CURVE('',#9036,#9045,#9047,.T.);
#9045 = VERTEX_POINT('',#9046);
#9046 = CARTESIAN_POINT('',(51.420980039777,-32.,2.621680068189));
#9047 = LINE('',#9048,#9049);
#9048 = CARTESIAN_POINT('',(51.420980039777,-32.25,2.621680068189));
#9049 = VECTOR('',#9050,1.);
#9050 = DIRECTION('',(0.,-1.,0.));
#9051 = ORIENTED_EDGE('',*,*,#9052,.T.);
#9052 = EDGE_CURVE('',#9045,#9000,#9053,.T.);
#9053 = HYPERBOLA('',#9054,51.179223296537,12.616774560952);
#9054 = AXIS2_PLACEMENT_3D('',#9055,#9056,#9057);
#9055 = CARTESIAN_POINT('',(77.208707767729,-32.,46.829213316107));
#9056 = DIRECTION('',(-0.863778900898,0.,0.503871025524));
#9057 = DIRECTION('',(-0.503871025524,0.,-0.863778900898));
#9058 = PLANE('',#9059);
#9059 = AXIS2_PLACEMENT_3D('',#9060,#9061,#9062);
#9060 = CARTESIAN_POINT('',(51.,-32.5,1.9));
#9061 = DIRECTION('',(-0.863778900898,0.,0.503871025524));
#9062 = DIRECTION('',(0.,1.,0.));
#9063 = ADVANCED_FACE('',(#9064),#9074,.T.);
#9064 = FACE_BOUND('',#9065,.T.);
#9065 = EDGE_LOOP('',(#9066,#9071,#9072,#9073));
#9066 = ORIENTED_EDGE('',*,*,#9067,.F.);
#9067 = EDGE_CURVE('',#6039,#7830,#9068,.T.);
#9068 = B_SPLINE_CURVE_WITH_KNOTS('',1,(#9069,#9070),.UNSPECIFIED.,.F.,
  .F.,(2,2),(0.,1.),.PIECEWISE_BEZIER_KNOTS.);
#9069 = CARTESIAN_POINT('',(-38.5,-35.7,3.1));
#9070 = CARTESIAN_POINT('',(-38.5,-35.,1.9));
#9071 = ORIENTED_EDGE('',*,*,#6038,.F.);
#9072 = ORIENTED_EDGE('',*,*,#8993,.T.);
#9073 = ORIENTED_EDGE('',*,*,#7863,.F.);
#9074 = PLANE('',#9075);
#9075 = AXIS2_PLACEMENT_3D('',#9076,#9077,#9078);
#9076 = CARTESIAN_POINT('',(-38.5,-35.,1.9));
#9077 = DIRECTION('',(0.,0.863778900898,0.503871025524));
#9078 = DIRECTION('',(1.,0.,0.));
#9079 = ADVANCED_FACE('',(#9080),#9099,.F.);
#9080 = FACE_BOUND('',#9081,.T.);
#9081 = EDGE_LOOP('',(#9082,#9083,#9084,#9089,#9090));
#9082 = ORIENTED_EDGE('',*,*,#9028,.F.);
#9083 = ORIENTED_EDGE('',*,*,#6080,.F.);
#9084 = ORIENTED_EDGE('',*,*,#9085,.T.);
#9085 = EDGE_CURVE('',#6073,#7694,#9086,.T.);
#9086 = B_SPLINE_CURVE_WITH_KNOTS('',1,(#9087,#9088),.UNSPECIFIED.,.F.,
  .F.,(2,2),(0.,1.),.PIECEWISE_BEZIER_KNOTS.);
#9087 = CARTESIAN_POINT('',(48.5,35.7,3.1));
#9088 = CARTESIAN_POINT('',(48.5,35.,1.9));
#9089 = ORIENTED_EDGE('',*,*,#7701,.F.);
#9090 = ORIENTED_EDGE('',*,*,#9091,.F.);
#9091 = EDGE_CURVE('',#9029,#7683,#9092,.T.);
#9092 = B_SPLINE_CURVE_WITH_KNOTS('',5,(#9093,#9094,#9095,#9096,#9097,
    #9098),.UNSPECIFIED.,.F.,.F.,(6,6),(0.,1.),
  .PIECEWISE_BEZIER_KNOTS.);
#9093 = CARTESIAN_POINT('',(51.400737920183,32.5,2.586979291742));
#9094 = CARTESIAN_POINT('',(51.390417002957,32.627518344843,
    2.569286290784));
#9095 = CARTESIAN_POINT('',(51.373137117491,32.754503800495,
    2.551676071912));
#9096 = CARTESIAN_POINT('',(51.34892910357,32.880482630322,
    2.534214200789));
#9097 = CARTESIAN_POINT('',(51.317863683249,33.004975326359,
    2.516966779385));
#9098 = CARTESIAN_POINT('',(51.280061824852,33.127500000001,2.5));
#9099 = CONICAL_SURFACE('',#9100,3.2,0.528074448426);
#9100 = AXIS2_PLACEMENT_3D('',#9101,#9102,#9103);
#9101 = CARTESIAN_POINT('',(48.5,32.5,3.1));
#9102 = DIRECTION('',(0.,0.,1.));
#9103 = DIRECTION('',(1.,0.,0.));
#9104 = ADVANCED_FACE('',(#9105),#9125,.F.);
#9105 = FACE_BOUND('',#9106,.T.);
#9106 = EDGE_LOOP('',(#9107,#9114,#9115,#9116,#9117));
#9107 = ORIENTED_EDGE('',*,*,#9108,.F.);
#9108 = EDGE_CURVE('',#6047,#9109,#9111,.T.);
#9109 = VERTEX_POINT('',#9110);
#9110 = CARTESIAN_POINT('',(-41.40073792018,-32.5,2.586979291742));
#9111 = B_SPLINE_CURVE_WITH_KNOTS('',1,(#9112,#9113),.UNSPECIFIED.,.F.,
  .F.,(2,2),(0.,1.),.PIECEWISE_BEZIER_KNOTS.);
#9112 = CARTESIAN_POINT('',(-41.7,-32.5,3.1));
#9113 = CARTESIAN_POINT('',(-41.,-32.5,1.9));
#9114 = ORIENTED_EDGE('',*,*,#6046,.F.);
#9115 = ORIENTED_EDGE('',*,*,#9067,.T.);
#9116 = ORIENTED_EDGE('',*,*,#7837,.F.);
#9117 = ORIENTED_EDGE('',*,*,#9118,.F.);
#9118 = EDGE_CURVE('',#9109,#7819,#9119,.T.);
#9119 = B_SPLINE_CURVE_WITH_KNOTS('',4,(#9120,#9121,#9122,#9123,#9124),
  .UNSPECIFIED.,.F.,.F.,(5,5),(0.,1.),.PIECEWISE_BEZIER_KNOTS.);
#9120 = CARTESIAN_POINT('',(-41.40073792018,-32.5,2.586979291742));
#9121 = CARTESIAN_POINT('',(-41.38783721363,-32.6593924949,
    2.564863794804));
#9122 = CARTESIAN_POINT('',(-41.36333832178,-32.81790896172,
    2.542884588087));
#9123 = CARTESIAN_POINT('',(-41.32731457189,-32.97434278352,
    2.521208664557));
#9124 = CARTESIAN_POINT('',(-41.28006182485,-33.1275,2.5));
#9125 = CONICAL_SURFACE('',#9126,3.2,0.528074448426);
#9126 = AXIS2_PLACEMENT_3D('',#9127,#9128,#9129);
#9127 = CARTESIAN_POINT('',(-38.5,-32.5,3.1));
#9128 = DIRECTION('',(0.,0.,1.));
#9129 = DIRECTION('',(1.,0.,0.));
#9130 = ADVANCED_FACE('',(#9131),#9141,.T.);
#9131 = FACE_BOUND('',#9132,.T.);
#9132 = EDGE_LOOP('',(#9133,#9134,#9135,#9140));
#9133 = ORIENTED_EDGE('',*,*,#9085,.F.);
#9134 = ORIENTED_EDGE('',*,*,#6072,.F.);
#9135 = ORIENTED_EDGE('',*,*,#9136,.T.);
#9136 = EDGE_CURVE('',#6064,#7728,#9137,.T.);
#9137 = B_SPLINE_CURVE_WITH_KNOTS('',1,(#9138,#9139),.UNSPECIFIED.,.F.,
  .F.,(2,2),(0.,1.),.PIECEWISE_BEZIER_KNOTS.);
#9138 = CARTESIAN_POINT('',(-38.5,35.7,3.1));
#9139 = CARTESIAN_POINT('',(-38.5,35.,1.9));
#9140 = ORIENTED_EDGE('',*,*,#7727,.F.);
#9141 = PLANE('',#9142);
#9142 = AXIS2_PLACEMENT_3D('',#9143,#9144,#9145);
#9143 = CARTESIAN_POINT('',(48.5,35.,1.9));
#9144 = DIRECTION('',(0.,-0.863778900898,0.503871025524));
#9145 = DIRECTION('',(-1.,0.,0.));
#9146 = ADVANCED_FACE('',(#9147),#9182,.T.);
#9147 = FACE_BOUND('',#9148,.T.);
#9148 = EDGE_LOOP('',(#9149,#9156,#9157,#9158,#9167,#9175));
#9149 = ORIENTED_EDGE('',*,*,#9150,.F.);
#9150 = EDGE_CURVE('',#6056,#9151,#9153,.T.);
#9151 = VERTEX_POINT('',#9152);
#9152 = CARTESIAN_POINT('',(-41.40073792018,32.5,2.586979291742));
#9153 = B_SPLINE_CURVE_WITH_KNOTS('',1,(#9154,#9155),.UNSPECIFIED.,.F.,
  .F.,(2,2),(0.,1.),.PIECEWISE_BEZIER_KNOTS.);
#9154 = CARTESIAN_POINT('',(-41.7,32.5,3.1));
#9155 = CARTESIAN_POINT('',(-41.,32.5,1.9));
#9156 = ORIENTED_EDGE('',*,*,#6055,.F.);
#9157 = ORIENTED_EDGE('',*,*,#9108,.T.);
#9158 = ORIENTED_EDGE('',*,*,#9159,.T.);
#9159 = EDGE_CURVE('',#9109,#9160,#9162,.T.);
#9160 = VERTEX_POINT('',#9161);
#9161 = CARTESIAN_POINT('',(-41.42098003977,-32.,2.621680068189));
#9162 = HYPERBOLA('',#9163,51.179223296537,12.616774560952);
#9163 = AXIS2_PLACEMENT_3D('',#9164,#9165,#9166);
#9164 = CARTESIAN_POINT('',(-67.20870776772,-32.,46.829213316107));
#9165 = DIRECTION('',(0.863778900898,-0.,0.503871025524));
#9166 = DIRECTION('',(0.503871025524,0.,-0.863778900898));
#9167 = ORIENTED_EDGE('',*,*,#9168,.T.);
#9168 = EDGE_CURVE('',#9160,#9169,#9171,.T.);
#9169 = VERTEX_POINT('',#9170);
#9170 = CARTESIAN_POINT('',(-41.42098003977,32.,2.621680068189));
#9171 = LINE('',#9172,#9173);
#9172 = CARTESIAN_POINT('',(-41.42098003977,32.25,2.621680068189));
#9173 = VECTOR('',#9174,1.);
#9174 = DIRECTION('',(0.,1.,0.));
#9175 = ORIENTED_EDGE('',*,*,#9176,.T.);
#9176 = EDGE_CURVE('',#9169,#9151,#9177,.T.);
#9177 = HYPERBOLA('',#9178,51.179223296537,12.616774560952);
#9178 = AXIS2_PLACEMENT_3D('',#9179,#9180,#9181);
#9179 = CARTESIAN_POINT('',(-67.20870776772,32.,46.829213316107));
#9180 = DIRECTION('',(0.863778900898,-0.,0.503871025524));
#9181 = DIRECTION('',(0.503871025524,0.,-0.863778900898));
#9182 = PLANE('',#9183);
#9183 = AXIS2_PLACEMENT_3D('',#9184,#9185,#9186);
#9184 = CARTESIAN_POINT('',(-41.,32.5,1.9));
#9185 = DIRECTION('',(0.863778900898,0.,0.503871025524));
#9186 = DIRECTION('',(0.,-1.,0.));
#9187 = ADVANCED_FACE('',(#9188),#9202,.F.);
#9188 = FACE_BOUND('',#9189,.T.);
#9189 = EDGE_LOOP('',(#9190,#9191,#9192,#9193,#9201));
#9190 = ORIENTED_EDGE('',*,*,#9136,.F.);
#9191 = ORIENTED_EDGE('',*,*,#6063,.F.);
#9192 = ORIENTED_EDGE('',*,*,#9150,.T.);
#9193 = ORIENTED_EDGE('',*,*,#9194,.F.);
#9194 = EDGE_CURVE('',#7751,#9151,#9195,.T.);
#9195 = B_SPLINE_CURVE_WITH_KNOTS('',4,(#9196,#9197,#9198,#9199,#9200),
  .UNSPECIFIED.,.F.,.F.,(5,5),(0.,1.),.PIECEWISE_BEZIER_KNOTS.);
#9196 = CARTESIAN_POINT('',(-41.28006182485,33.127500000001,2.5));
#9197 = CARTESIAN_POINT('',(-41.32731457202,32.974342783086,
    2.521208664617));
#9198 = CARTESIAN_POINT('',(-41.36333832177,32.817908961734,
    2.542884588087));
#9199 = CARTESIAN_POINT('',(-41.38783721366,32.659392494574,
    2.564863794849));
#9200 = CARTESIAN_POINT('',(-41.40073792018,32.5,2.586979291742));
#9201 = ORIENTED_EDGE('',*,*,#7750,.F.);
#9202 = CONICAL_SURFACE('',#9203,3.2,0.528074448426);
#9203 = AXIS2_PLACEMENT_3D('',#9204,#9205,#9206);
#9204 = CARTESIAN_POINT('',(-38.5,32.5,3.1));
#9205 = DIRECTION('',(0.,0.,1.));
#9206 = DIRECTION('',(1.,0.,0.));
#9207 = ADVANCED_FACE('',(#9208),#9235,.F.);
#9208 = FACE_BOUND('',#9209,.T.);
#9209 = EDGE_LOOP('',(#9210,#9215,#9216,#9223,#9234));
#9210 = ORIENTED_EDGE('',*,*,#9211,.F.);
#9211 = EDGE_CURVE('',#6100,#7242,#9212,.T.);
#9212 = B_SPLINE_CURVE_WITH_KNOTS('',1,(#9213,#9214),.UNSPECIFIED.,.F.,
  .F.,(2,2),(0.,1.),.PIECEWISE_BEZIER_KNOTS.);
#9213 = CARTESIAN_POINT('',(48.5,44.3,3.1));
#9214 = CARTESIAN_POINT('',(48.5,45.,1.9));
#9215 = ORIENTED_EDGE('',*,*,#6097,.F.);
#9216 = ORIENTED_EDGE('',*,*,#9217,.T.);
#9217 = EDGE_CURVE('',#6098,#9218,#9220,.T.);
#9218 = VERTEX_POINT('',#9219);
#9219 = CARTESIAN_POINT('',(51.400737920183,47.5,2.586979291742));
#9220 = B_SPLINE_CURVE_WITH_KNOTS('',1,(#9221,#9222),.UNSPECIFIED.,.F.,
  .F.,(2,2),(0.,1.),.PIECEWISE_BEZIER_KNOTS.);
#9221 = CARTESIAN_POINT('',(51.7,47.5,3.1));
#9222 = CARTESIAN_POINT('',(51.,47.5,1.9));
#9223 = ORIENTED_EDGE('',*,*,#9224,.F.);
#9224 = EDGE_CURVE('',#7266,#9218,#9225,.T.);
#9225 = B_SPLINE_CURVE_WITH_KNOTS('',4,(#9226,#9227,#9228,#9229,#9230,
    #9231,#9232,#9233),.UNSPECIFIED.,.F.,.F.,(5,3,5),(0.,0.501610412435,
    1.),.UNSPECIFIED.);
#9226 = CARTESIAN_POINT('',(51.280061824852,46.8725,2.5));
#9227 = CARTESIAN_POINT('',(51.303764295881,46.949325258084,
    2.510638487468));
#9228 = CARTESIAN_POINT('',(51.324641462444,47.026974888654,
    2.521394535132));
#9229 = CARTESIAN_POINT('',(51.342655833688,47.105298373432,
    2.532247469719));
#9230 = CARTESIAN_POINT('',(51.372815544022,47.26248351939,
    2.554035128618));
#9231 = CARTESIAN_POINT('',(51.384997811592,47.341338525419,
    2.564968884246));
#9232 = CARTESIAN_POINT('',(51.394308338784,47.420560395926,
    2.575957152201));
#9233 = CARTESIAN_POINT('',(51.400737920183,47.5,2.586979291742));
#9234 = ORIENTED_EDGE('',*,*,#7274,.F.);
#9235 = CONICAL_SURFACE('',#9236,3.2,0.528074448426);
#9236 = AXIS2_PLACEMENT_3D('',#9237,#9238,#9239);
#9237 = CARTESIAN_POINT('',(48.5,47.5,3.1));
#9238 = DIRECTION('',(0.,0.,1.));
#9239 = DIRECTION('',(1.,0.,0.));
#9240 = ADVANCED_FACE('',(#9241),#9276,.T.);
#9241 = FACE_BOUND('',#9242,.T.);
#9242 = EDGE_LOOP('',(#9243,#9244,#9245,#9252,#9261,#9269));
#9243 = ORIENTED_EDGE('',*,*,#9217,.F.);
#9244 = ORIENTED_EDGE('',*,*,#6159,.F.);
#9245 = ORIENTED_EDGE('',*,*,#9246,.T.);
#9246 = EDGE_CURVE('',#6151,#9247,#9249,.T.);
#9247 = VERTEX_POINT('',#9248);
#9248 = CARTESIAN_POINT('',(51.400737920183,112.5,2.586979291742));
#9249 = B_SPLINE_CURVE_WITH_KNOTS('',1,(#9250,#9251),.UNSPECIFIED.,.F.,
  .F.,(2,2),(0.,1.),.PIECEWISE_BEZIER_KNOTS.);
#9250 = CARTESIAN_POINT('',(51.7,112.5,3.1));
#9251 = CARTESIAN_POINT('',(51.,112.5,1.9));
#9252 = ORIENTED_EDGE('',*,*,#9253,.T.);
#9253 = EDGE_CURVE('',#9247,#9254,#9256,.T.);
#9254 = VERTEX_POINT('',#9255);
#9255 = CARTESIAN_POINT('',(51.420980039777,112.,2.621680068189));
#9256 = HYPERBOLA('',#9257,51.179223296537,12.616774560952);
#9257 = AXIS2_PLACEMENT_3D('',#9258,#9259,#9260);
#9258 = CARTESIAN_POINT('',(77.208707767729,112.,46.829213316107));
#9259 = DIRECTION('',(-0.863778900898,0.,0.503871025524));
#9260 = DIRECTION('',(-0.503871025524,0.,-0.863778900898));
#9261 = ORIENTED_EDGE('',*,*,#9262,.T.);
#9262 = EDGE_CURVE('',#9254,#9263,#9265,.T.);
#9263 = VERTEX_POINT('',#9264);
#9264 = CARTESIAN_POINT('',(51.420980039777,48.,2.621680068189));
#9265 = LINE('',#9266,#9267);
#9266 = CARTESIAN_POINT('',(51.420980039777,47.75,2.621680068189));
#9267 = VECTOR('',#9268,1.);
#9268 = DIRECTION('',(0.,-1.,0.));
#9269 = ORIENTED_EDGE('',*,*,#9270,.T.);
#9270 = EDGE_CURVE('',#9263,#9218,#9271,.T.);
#9271 = HYPERBOLA('',#9272,51.179223296537,12.616774560952);
#9272 = AXIS2_PLACEMENT_3D('',#9273,#9274,#9275);
#9273 = CARTESIAN_POINT('',(77.208707767729,48.,46.829213316107));
#9274 = DIRECTION('',(-0.863778900898,0.,0.503871025524));
#9275 = DIRECTION('',(-0.503871025524,0.,-0.863778900898));
#9276 = PLANE('',#9277);
#9277 = AXIS2_PLACEMENT_3D('',#9278,#9279,#9280);
#9278 = CARTESIAN_POINT('',(51.,47.5,1.9));
#9279 = DIRECTION('',(-0.863778900898,0.,0.503871025524));
#9280 = DIRECTION('',(0.,1.,0.));
#9281 = ADVANCED_FACE('',(#9282),#9292,.T.);
#9282 = FACE_BOUND('',#9283,.T.);
#9283 = EDGE_LOOP('',(#9284,#9289,#9290,#9291));
#9284 = ORIENTED_EDGE('',*,*,#9285,.F.);
#9285 = EDGE_CURVE('',#6109,#7197,#9286,.T.);
#9286 = B_SPLINE_CURVE_WITH_KNOTS('',1,(#9287,#9288),.UNSPECIFIED.,.F.,
  .F.,(2,2),(0.,1.),.PIECEWISE_BEZIER_KNOTS.);
#9287 = CARTESIAN_POINT('',(-38.5,44.3,3.1));
#9288 = CARTESIAN_POINT('',(-38.5,45.,1.9));
#9289 = ORIENTED_EDGE('',*,*,#6108,.F.);
#9290 = ORIENTED_EDGE('',*,*,#9211,.T.);
#9291 = ORIENTED_EDGE('',*,*,#7241,.F.);
#9292 = PLANE('',#9293);
#9293 = AXIS2_PLACEMENT_3D('',#9294,#9295,#9296);
#9294 = CARTESIAN_POINT('',(-38.5,45.,1.9));
#9295 = DIRECTION('',(0.,0.863778900898,0.503871025524));
#9296 = DIRECTION('',(1.,0.,0.));
#9297 = ADVANCED_FACE('',(#9298),#9317,.F.);
#9298 = FACE_BOUND('',#9299,.T.);
#9299 = EDGE_LOOP('',(#9300,#9301,#9302,#9307,#9308));
#9300 = ORIENTED_EDGE('',*,*,#9246,.F.);
#9301 = ORIENTED_EDGE('',*,*,#6150,.F.);
#9302 = ORIENTED_EDGE('',*,*,#9303,.T.);
#9303 = EDGE_CURVE('',#6143,#7061,#9304,.T.);
#9304 = B_SPLINE_CURVE_WITH_KNOTS('',1,(#9305,#9306),.UNSPECIFIED.,.F.,
  .F.,(2,2),(0.,1.),.PIECEWISE_BEZIER_KNOTS.);
#9305 = CARTESIAN_POINT('',(48.5,115.7,3.1));
#9306 = CARTESIAN_POINT('',(48.5,115.,1.9));
#9307 = ORIENTED_EDGE('',*,*,#7068,.F.);
#9308 = ORIENTED_EDGE('',*,*,#9309,.F.);
#9309 = EDGE_CURVE('',#9247,#7069,#9310,.T.);
#9310 = B_SPLINE_CURVE_WITH_KNOTS('',5,(#9311,#9312,#9313,#9314,#9315,
    #9316),.UNSPECIFIED.,.F.,.F.,(6,6),(0.,1.),
  .PIECEWISE_BEZIER_KNOTS.);
#9311 = CARTESIAN_POINT('',(51.400737920183,112.5,2.586979291742));
#9312 = CARTESIAN_POINT('',(51.390417002957,112.62751834484,
    2.569286290784));
#9313 = CARTESIAN_POINT('',(51.373137117491,112.75450380049,
    2.551676071913));
#9314 = CARTESIAN_POINT('',(51.348929103571,112.88048263032,
    2.534214200787));
#9315 = CARTESIAN_POINT('',(51.317863683248,113.00497532636,
    2.516966779385));
#9316 = CARTESIAN_POINT('',(51.280061824851,113.1275,2.5));
#9317 = CONICAL_SURFACE('',#9318,3.2,0.528074448426);
#9318 = AXIS2_PLACEMENT_3D('',#9319,#9320,#9321);
#9319 = CARTESIAN_POINT('',(48.5,112.5,3.1));
#9320 = DIRECTION('',(0.,0.,1.));
#9321 = DIRECTION('',(1.,0.,0.));
#9322 = ADVANCED_FACE('',(#9323),#9343,.F.);
#9323 = FACE_BOUND('',#9324,.T.);
#9324 = EDGE_LOOP('',(#9325,#9332,#9333,#9334,#9335));
#9325 = ORIENTED_EDGE('',*,*,#9326,.F.);
#9326 = EDGE_CURVE('',#6117,#9327,#9329,.T.);
#9327 = VERTEX_POINT('',#9328);
#9328 = CARTESIAN_POINT('',(-41.40073792018,47.5,2.586979291742));
#9329 = B_SPLINE_CURVE_WITH_KNOTS('',1,(#9330,#9331),.UNSPECIFIED.,.F.,
  .F.,(2,2),(0.,1.),.PIECEWISE_BEZIER_KNOTS.);
#9330 = CARTESIAN_POINT('',(-41.7,47.5,3.1));
#9331 = CARTESIAN_POINT('',(-41.,47.5,1.9));
#9332 = ORIENTED_EDGE('',*,*,#6116,.F.);
#9333 = ORIENTED_EDGE('',*,*,#9285,.T.);
#9334 = ORIENTED_EDGE('',*,*,#7204,.F.);
#9335 = ORIENTED_EDGE('',*,*,#9336,.F.);
#9336 = EDGE_CURVE('',#9327,#7205,#9337,.T.);
#9337 = B_SPLINE_CURVE_WITH_KNOTS('',4,(#9338,#9339,#9340,#9341,#9342),
  .UNSPECIFIED.,.F.,.F.,(5,5),(0.,1.),.PIECEWISE_BEZIER_KNOTS.);
#9338 = CARTESIAN_POINT('',(-41.40073792018,47.5,2.586979291742));
#9339 = CARTESIAN_POINT('',(-41.38783721363,47.3406075051,2.564863794804
    ));
#9340 = CARTESIAN_POINT('',(-41.36333832178,47.182091038271,
    2.542884588087));
#9341 = CARTESIAN_POINT('',(-41.32731457189,47.02565721648,
    2.521208664557));
#9342 = CARTESIAN_POINT('',(-41.28006182485,46.872499999999,2.5));
#9343 = CONICAL_SURFACE('',#9344,3.2,0.528074448426);
#9344 = AXIS2_PLACEMENT_3D('',#9345,#9346,#9347);
#9345 = CARTESIAN_POINT('',(-38.5,47.5,3.1));
#9346 = DIRECTION('',(0.,0.,1.));
#9347 = DIRECTION('',(1.,0.,0.));
#9348 = ADVANCED_FACE('',(#9349),#9359,.T.);
#9349 = FACE_BOUND('',#9350,.T.);
#9350 = EDGE_LOOP('',(#9351,#9352,#9353,#9358));
#9351 = ORIENTED_EDGE('',*,*,#9303,.F.);
#9352 = ORIENTED_EDGE('',*,*,#6142,.F.);
#9353 = ORIENTED_EDGE('',*,*,#9354,.T.);
#9354 = EDGE_CURVE('',#6134,#7106,#9355,.T.);
#9355 = B_SPLINE_CURVE_WITH_KNOTS('',1,(#9356,#9357),.UNSPECIFIED.,.F.,
  .F.,(2,2),(0.,1.),.PIECEWISE_BEZIER_KNOTS.);
#9356 = CARTESIAN_POINT('',(-38.5,115.7,3.1));
#9357 = CARTESIAN_POINT('',(-38.5,115.,1.9));
#9358 = ORIENTED_EDGE('',*,*,#7105,.F.);
#9359 = PLANE('',#9360);
#9360 = AXIS2_PLACEMENT_3D('',#9361,#9362,#9363);
#9361 = CARTESIAN_POINT('',(48.5,115.,1.9));
#9362 = DIRECTION('',(0.,-0.863778900898,0.503871025524));
#9363 = DIRECTION('',(-1.,0.,0.));
#9364 = ADVANCED_FACE('',(#9365),#9400,.T.);
#9365 = FACE_BOUND('',#9366,.T.);
#9366 = EDGE_LOOP('',(#9367,#9374,#9375,#9376,#9385,#9393));
#9367 = ORIENTED_EDGE('',*,*,#9368,.F.);
#9368 = EDGE_CURVE('',#6126,#9369,#9371,.T.);
#9369 = VERTEX_POINT('',#9370);
#9370 = CARTESIAN_POINT('',(-41.40073792018,112.5,2.586979291742));
#9371 = B_SPLINE_CURVE_WITH_KNOTS('',1,(#9372,#9373),.UNSPECIFIED.,.F.,
  .F.,(2,2),(0.,1.),.PIECEWISE_BEZIER_KNOTS.);
#9372 = CARTESIAN_POINT('',(-41.7,112.5,3.1));
#9373 = CARTESIAN_POINT('',(-41.,112.5,1.9));
#9374 = ORIENTED_EDGE('',*,*,#6125,.F.);
#9375 = ORIENTED_EDGE('',*,*,#9326,.T.);
#9376 = ORIENTED_EDGE('',*,*,#9377,.T.);
#9377 = EDGE_CURVE('',#9327,#9378,#9380,.T.);
#9378 = VERTEX_POINT('',#9379);
#9379 = CARTESIAN_POINT('',(-41.42098003977,48.,2.621680068189));
#9380 = HYPERBOLA('',#9381,51.179223296537,12.616774560952);
#9381 = AXIS2_PLACEMENT_3D('',#9382,#9383,#9384);
#9382 = CARTESIAN_POINT('',(-67.20870776772,48.,46.829213316107));
#9383 = DIRECTION('',(0.863778900898,-0.,0.503871025524));
#9384 = DIRECTION('',(0.503871025524,0.,-0.863778900898));
#9385 = ORIENTED_EDGE('',*,*,#9386,.T.);
#9386 = EDGE_CURVE('',#9378,#9387,#9389,.T.);
#9387 = VERTEX_POINT('',#9388);
#9388 = CARTESIAN_POINT('',(-41.42098003977,112.,2.621680068189));
#9389 = LINE('',#9390,#9391);
#9390 = CARTESIAN_POINT('',(-41.42098003977,112.25,2.621680068189));
#9391 = VECTOR('',#9392,1.);
#9392 = DIRECTION('',(0.,1.,0.));
#9393 = ORIENTED_EDGE('',*,*,#9394,.T.);
#9394 = EDGE_CURVE('',#9387,#9369,#9395,.T.);
#9395 = HYPERBOLA('',#9396,51.179223296537,12.616774560952);
#9396 = AXIS2_PLACEMENT_3D('',#9397,#9398,#9399);
#9397 = CARTESIAN_POINT('',(-67.20870776772,112.,46.829213316107));
#9398 = DIRECTION('',(0.863778900898,-0.,0.503871025524));
#9399 = DIRECTION('',(0.503871025524,0.,-0.863778900898));
#9400 = PLANE('',#9401);
#9401 = AXIS2_PLACEMENT_3D('',#9402,#9403,#9404);
#9402 = CARTESIAN_POINT('',(-41.,112.5,1.9));
#9403 = DIRECTION('',(0.863778900898,0.,0.503871025524));
#9404 = DIRECTION('',(0.,-1.,0.));
#9405 = ADVANCED_FACE('',(#9406),#9420,.F.);
#9406 = FACE_BOUND('',#9407,.T.);
#9407 = EDGE_LOOP('',(#9408,#9409,#9410,#9411,#9419));
#9408 = ORIENTED_EDGE('',*,*,#9354,.F.);
#9409 = ORIENTED_EDGE('',*,*,#6133,.F.);
#9410 = ORIENTED_EDGE('',*,*,#9368,.T.);
#9411 = ORIENTED_EDGE('',*,*,#9412,.F.);
#9412 = EDGE_CURVE('',#7137,#9369,#9413,.T.);
#9413 = B_SPLINE_CURVE_WITH_KNOTS('',4,(#9414,#9415,#9416,#9417,#9418),
  .UNSPECIFIED.,.F.,.F.,(5,5),(0.,1.),.PIECEWISE_BEZIER_KNOTS.);
#9414 = CARTESIAN_POINT('',(-41.28006182485,113.1275,2.5));
#9415 = CARTESIAN_POINT('',(-41.32731457202,112.97434278308,
    2.521208664617));
#9416 = CARTESIAN_POINT('',(-41.36333832177,112.81790896173,
    2.542884588086));
#9417 = CARTESIAN_POINT('',(-41.38783721366,112.65939249457,
    2.564863794849));
#9418 = CARTESIAN_POINT('',(-41.40073792018,112.5,2.586979291742));
#9419 = ORIENTED_EDGE('',*,*,#7145,.F.);
#9420 = CONICAL_SURFACE('',#9421,3.2,0.528074448426);
#9421 = AXIS2_PLACEMENT_3D('',#9422,#9423,#9424);
#9422 = CARTESIAN_POINT('',(-38.5,112.5,3.1));
#9423 = DIRECTION('',(0.,0.,1.));
#9424 = DIRECTION('',(1.,0.,0.));
#9425 = ADVANCED_FACE('',(#9426),#9453,.F.);
#9426 = FACE_BOUND('',#9427,.T.);
#9427 = EDGE_LOOP('',(#9428,#9433,#9434,#9441,#9452));
#9428 = ORIENTED_EDGE('',*,*,#9429,.F.);
#9429 = EDGE_CURVE('',#6170,#6553,#9430,.T.);
#9430 = B_SPLINE_CURVE_WITH_KNOTS('',1,(#9431,#9432),.UNSPECIFIED.,.F.,
  .F.,(2,2),(0.,1.),.PIECEWISE_BEZIER_KNOTS.);
#9431 = CARTESIAN_POINT('',(48.5,124.3,3.1));
#9432 = CARTESIAN_POINT('',(48.5,125.,1.9));
#9433 = ORIENTED_EDGE('',*,*,#6167,.F.);
#9434 = ORIENTED_EDGE('',*,*,#9435,.T.);
#9435 = EDGE_CURVE('',#6168,#9436,#9438,.T.);
#9436 = VERTEX_POINT('',#9437);
#9437 = CARTESIAN_POINT('',(51.400737920183,127.5,2.586979291742));
#9438 = B_SPLINE_CURVE_WITH_KNOTS('',1,(#9439,#9440),.UNSPECIFIED.,.F.,
  .F.,(2,2),(0.,1.),.PIECEWISE_BEZIER_KNOTS.);
#9439 = CARTESIAN_POINT('',(51.7,127.5,3.1));
#9440 = CARTESIAN_POINT('',(51.,127.5,1.9));
#9441 = ORIENTED_EDGE('',*,*,#9442,.F.);
#9442 = EDGE_CURVE('',#6577,#9436,#9443,.T.);
#9443 = B_SPLINE_CURVE_WITH_KNOTS('',4,(#9444,#9445,#9446,#9447,#9448,
    #9449,#9450,#9451),.UNSPECIFIED.,.F.,.F.,(5,3,5),(0.,0.501610412433,
    1.),.UNSPECIFIED.);
#9444 = CARTESIAN_POINT('',(51.280061824851,126.87249999999,2.5));
#9445 = CARTESIAN_POINT('',(51.303764295881,126.94932525808,
    2.510638487468));
#9446 = CARTESIAN_POINT('',(51.324641462443,127.02697488865,
    2.521394535131));
#9447 = CARTESIAN_POINT('',(51.342655833688,127.10529837342,
    2.532247469718));
#9448 = CARTESIAN_POINT('',(51.372815544021,127.26248351938,
    2.554035128618));
#9449 = CARTESIAN_POINT('',(51.384997811592,127.34133852541,
    2.564968884248));
#9450 = CARTESIAN_POINT('',(51.394308338783,127.42056039592,
    2.575957152199));
#9451 = CARTESIAN_POINT('',(51.400737920182,127.5,2.586979291741));
#9452 = ORIENTED_EDGE('',*,*,#6585,.F.);
#9453 = CONICAL_SURFACE('',#9454,3.2,0.528074448426);
#9454 = AXIS2_PLACEMENT_3D('',#9455,#9456,#9457);
#9455 = CARTESIAN_POINT('',(48.5,127.5,3.1));
#9456 = DIRECTION('',(0.,0.,1.));
#9457 = DIRECTION('',(1.,0.,0.));
#9458 = ADVANCED_FACE('',(#9459),#9494,.T.);
#9459 = FACE_BOUND('',#9460,.T.);
#9460 = EDGE_LOOP('',(#9461,#9462,#9463,#9470,#9479,#9487));
#9461 = ORIENTED_EDGE('',*,*,#9435,.F.);
#9462 = ORIENTED_EDGE('',*,*,#6229,.F.);
#9463 = ORIENTED_EDGE('',*,*,#9464,.T.);
#9464 = EDGE_CURVE('',#6221,#9465,#9467,.T.);
#9465 = VERTEX_POINT('',#9466);
#9466 = CARTESIAN_POINT('',(51.400737920183,192.5,2.586979291742));
#9467 = B_SPLINE_CURVE_WITH_KNOTS('',1,(#9468,#9469),.UNSPECIFIED.,.F.,
  .F.,(2,2),(0.,1.),.PIECEWISE_BEZIER_KNOTS.);
#9468 = CARTESIAN_POINT('',(51.7,192.5,3.1));
#9469 = CARTESIAN_POINT('',(51.,192.5,1.9));
#9470 = ORIENTED_EDGE('',*,*,#9471,.T.);
#9471 = EDGE_CURVE('',#9465,#9472,#9474,.T.);
#9472 = VERTEX_POINT('',#9473);
#9473 = CARTESIAN_POINT('',(51.420980039777,192.,2.621680068189));
#9474 = HYPERBOLA('',#9475,51.179223296537,12.616774560952);
#9475 = AXIS2_PLACEMENT_3D('',#9476,#9477,#9478);
#9476 = CARTESIAN_POINT('',(77.208707767729,192.,46.829213316107));
#9477 = DIRECTION('',(-0.863778900898,0.,0.503871025524));
#9478 = DIRECTION('',(-0.503871025524,0.,-0.863778900898));
#9479 = ORIENTED_EDGE('',*,*,#9480,.T.);
#9480 = EDGE_CURVE('',#9472,#9481,#9483,.T.);
#9481 = VERTEX_POINT('',#9482);
#9482 = CARTESIAN_POINT('',(51.420980039777,128.,2.621680068189));
#9483 = LINE('',#9484,#9485);
#9484 = CARTESIAN_POINT('',(51.420980039777,127.75,2.621680068189));
#9485 = VECTOR('',#9486,1.);
#9486 = DIRECTION('',(0.,-1.,0.));
#9487 = ORIENTED_EDGE('',*,*,#9488,.T.);
#9488 = EDGE_CURVE('',#9481,#9436,#9489,.T.);
#9489 = HYPERBOLA('',#9490,51.179223296537,12.616774560952);
#9490 = AXIS2_PLACEMENT_3D('',#9491,#9492,#9493);
#9491 = CARTESIAN_POINT('',(77.208707767729,128.,46.829213316107));
#9492 = DIRECTION('',(-0.863778900898,0.,0.503871025524));
#9493 = DIRECTION('',(-0.503871025524,0.,-0.863778900898));
#9494 = PLANE('',#9495);
#9495 = AXIS2_PLACEMENT_3D('',#9496,#9497,#9498);
#9496 = CARTESIAN_POINT('',(51.,127.5,1.9));
#9497 = DIRECTION('',(-0.863778900898,0.,0.503871025524));
#9498 = DIRECTION('',(0.,1.,0.));
#9499 = ADVANCED_FACE('',(#9500),#9510,.T.);
#9500 = FACE_BOUND('',#9501,.T.);
#9501 = EDGE_LOOP('',(#9502,#9507,#9508,#9509));
#9502 = ORIENTED_EDGE('',*,*,#9503,.F.);
#9503 = EDGE_CURVE('',#6179,#6508,#9504,.T.);
#9504 = B_SPLINE_CURVE_WITH_KNOTS('',1,(#9505,#9506),.UNSPECIFIED.,.F.,
  .F.,(2,2),(0.,1.),.PIECEWISE_BEZIER_KNOTS.);
#9505 = CARTESIAN_POINT('',(-38.5,124.3,3.1));
#9506 = CARTESIAN_POINT('',(-38.5,125.,1.9));
#9507 = ORIENTED_EDGE('',*,*,#6178,.F.);
#9508 = ORIENTED_EDGE('',*,*,#9429,.T.);
#9509 = ORIENTED_EDGE('',*,*,#6552,.F.);
#9510 = PLANE('',#9511);
#9511 = AXIS2_PLACEMENT_3D('',#9512,#9513,#9514);
#9512 = CARTESIAN_POINT('',(-38.5,125.,1.9));
#9513 = DIRECTION('',(0.,0.863778900898,0.503871025524));
#9514 = DIRECTION('',(1.,0.,0.));
#9515 = ADVANCED_FACE('',(#9516),#9535,.F.);
#9516 = FACE_BOUND('',#9517,.T.);
#9517 = EDGE_LOOP('',(#9518,#9519,#9520,#9525,#9526));
#9518 = ORIENTED_EDGE('',*,*,#9464,.F.);
#9519 = ORIENTED_EDGE('',*,*,#6220,.F.);
#9520 = ORIENTED_EDGE('',*,*,#9521,.T.);
#9521 = EDGE_CURVE('',#6213,#6372,#9522,.T.);
#9522 = B_SPLINE_CURVE_WITH_KNOTS('',1,(#9523,#9524),.UNSPECIFIED.,.F.,
  .F.,(2,2),(0.,1.),.PIECEWISE_BEZIER_KNOTS.);
#9523 = CARTESIAN_POINT('',(48.5,195.7,3.1));
#9524 = CARTESIAN_POINT('',(48.5,195.,1.9));
#9525 = ORIENTED_EDGE('',*,*,#6379,.F.);
#9526 = ORIENTED_EDGE('',*,*,#9527,.F.);
#9527 = EDGE_CURVE('',#9465,#6380,#9528,.T.);
#9528 = B_SPLINE_CURVE_WITH_KNOTS('',5,(#9529,#9530,#9531,#9532,#9533,
    #9534),.UNSPECIFIED.,.F.,.F.,(6,6),(0.,1.),
  .PIECEWISE_BEZIER_KNOTS.);
#9529 = CARTESIAN_POINT('',(51.400737920183,192.5,2.586979291742));
#9530 = CARTESIAN_POINT('',(51.390417002958,192.62751834484,
    2.569286290783));
#9531 = CARTESIAN_POINT('',(51.373137117491,192.75450380049,
    2.551676071913));
#9532 = CARTESIAN_POINT('',(51.348929103572,192.88048263032,
    2.534214200786));
#9533 = CARTESIAN_POINT('',(51.317863683248,193.00497532636,
    2.516966779385));
#9534 = CARTESIAN_POINT('',(51.280061824851,193.1275,2.5));
#9535 = CONICAL_SURFACE('',#9536,3.2,0.528074448426);
#9536 = AXIS2_PLACEMENT_3D('',#9537,#9538,#9539);
#9537 = CARTESIAN_POINT('',(48.5,192.5,3.1));
#9538 = DIRECTION('',(0.,0.,1.));
#9539 = DIRECTION('',(1.,0.,0.));
#9540 = ADVANCED_FACE('',(#9541),#9561,.F.);
#9541 = FACE_BOUND('',#9542,.T.);
#9542 = EDGE_LOOP('',(#9543,#9550,#9551,#9552,#9553));
#9543 = ORIENTED_EDGE('',*,*,#9544,.F.);
#9544 = EDGE_CURVE('',#6187,#9545,#9547,.T.);
#9545 = VERTEX_POINT('',#9546);
#9546 = CARTESIAN_POINT('',(-41.40073792018,127.5,2.586979291742));
#9547 = B_SPLINE_CURVE_WITH_KNOTS('',1,(#9548,#9549),.UNSPECIFIED.,.F.,
  .F.,(2,2),(0.,1.),.PIECEWISE_BEZIER_KNOTS.);
#9548 = CARTESIAN_POINT('',(-41.7,127.5,3.1));
#9549 = CARTESIAN_POINT('',(-41.,127.5,1.9));
#9550 = ORIENTED_EDGE('',*,*,#6186,.F.);
#9551 = ORIENTED_EDGE('',*,*,#9503,.T.);
#9552 = ORIENTED_EDGE('',*,*,#6515,.F.);
#9553 = ORIENTED_EDGE('',*,*,#9554,.F.);
#9554 = EDGE_CURVE('',#9545,#6516,#9555,.T.);
#9555 = B_SPLINE_CURVE_WITH_KNOTS('',4,(#9556,#9557,#9558,#9559,#9560),
  .UNSPECIFIED.,.F.,.F.,(5,5),(0.,1.),.PIECEWISE_BEZIER_KNOTS.);
#9556 = CARTESIAN_POINT('',(-41.40073792018,127.5,2.586979291743));
#9557 = CARTESIAN_POINT('',(-41.38783721363,127.34060750509,
    2.564863794804));
#9558 = CARTESIAN_POINT('',(-41.36333832178,127.18209103827,
    2.542884588088));
#9559 = CARTESIAN_POINT('',(-41.32731457189,127.02565721647,
    2.521208664557));
#9560 = CARTESIAN_POINT('',(-41.28006182485,126.87249999999,2.5));
#9561 = CONICAL_SURFACE('',#9562,3.2,0.528074448426);
#9562 = AXIS2_PLACEMENT_3D('',#9563,#9564,#9565);
#9563 = CARTESIAN_POINT('',(-38.5,127.5,3.1));
#9564 = DIRECTION('',(0.,0.,1.));
#9565 = DIRECTION('',(1.,0.,0.));
#9566 = ADVANCED_FACE('',(#9567),#9577,.T.);
#9567 = FACE_BOUND('',#9568,.T.);
#9568 = EDGE_LOOP('',(#9569,#9570,#9571,#9576));
#9569 = ORIENTED_EDGE('',*,*,#9521,.F.);
#9570 = ORIENTED_EDGE('',*,*,#6212,.F.);
#9571 = ORIENTED_EDGE('',*,*,#9572,.T.);
#9572 = EDGE_CURVE('',#6204,#6417,#9573,.T.);
#9573 = B_SPLINE_CURVE_WITH_KNOTS('',1,(#9574,#9575),.UNSPECIFIED.,.F.,
  .F.,(2,2),(0.,1.),.PIECEWISE_BEZIER_KNOTS.);
#9574 = CARTESIAN_POINT('',(-38.5,195.7,3.1));
#9575 = CARTESIAN_POINT('',(-38.5,195.,1.9));
#9576 = ORIENTED_EDGE('',*,*,#6416,.F.);
#9577 = PLANE('',#9578);
#9578 = AXIS2_PLACEMENT_3D('',#9579,#9580,#9581);
#9579 = CARTESIAN_POINT('',(48.5,195.,1.9));
#9580 = DIRECTION('',(0.,-0.863778900898,0.503871025524));
#9581 = DIRECTION('',(-1.,0.,0.));
#9582 = ADVANCED_FACE('',(#9583),#9618,.T.);
#9583 = FACE_BOUND('',#9584,.T.);
#9584 = EDGE_LOOP('',(#9585,#9592,#9593,#9594,#9603,#9611));
#9585 = ORIENTED_EDGE('',*,*,#9586,.F.);
#9586 = EDGE_CURVE('',#6196,#9587,#9589,.T.);
#9587 = VERTEX_POINT('',#9588);
#9588 = CARTESIAN_POINT('',(-41.40073792018,192.5,2.586979291742));
#9589 = B_SPLINE_CURVE_WITH_KNOTS('',1,(#9590,#9591),.UNSPECIFIED.,.F.,
  .F.,(2,2),(0.,1.),.PIECEWISE_BEZIER_KNOTS.);
#9590 = CARTESIAN_POINT('',(-41.7,192.5,3.1));
#9591 = CARTESIAN_POINT('',(-41.,192.5,1.9));
#9592 = ORIENTED_EDGE('',*,*,#6195,.F.);
#9593 = ORIENTED_EDGE('',*,*,#9544,.T.);
#9594 = ORIENTED_EDGE('',*,*,#9595,.T.);
#9595 = EDGE_CURVE('',#9545,#9596,#9598,.T.);
#9596 = VERTEX_POINT('',#9597);
#9597 = CARTESIAN_POINT('',(-41.42098003977,128.,2.621680068189));
#9598 = HYPERBOLA('',#9599,51.179223296537,12.616774560952);
#9599 = AXIS2_PLACEMENT_3D('',#9600,#9601,#9602);
#9600 = CARTESIAN_POINT('',(-67.20870776772,128.,46.829213316107));
#9601 = DIRECTION('',(0.863778900898,-0.,0.503871025524));
#9602 = DIRECTION('',(0.503871025524,0.,-0.863778900898));
#9603 = ORIENTED_EDGE('',*,*,#9604,.T.);
#9604 = EDGE_CURVE('',#9596,#9605,#9607,.T.);
#9605 = VERTEX_POINT('',#9606);
#9606 = CARTESIAN_POINT('',(-41.42098003977,192.,2.621680068189));
#9607 = LINE('',#9608,#9609);
#9608 = CARTESIAN_POINT('',(-41.42098003977,192.25,2.621680068189));
#9609 = VECTOR('',#9610,1.);
#9610 = DIRECTION('',(0.,1.,0.));
#9611 = ORIENTED_EDGE('',*,*,#9612,.T.);
#9612 = EDGE_CURVE('',#9605,#9587,#9613,.T.);
#9613 = HYPERBOLA('',#9614,51.179223296537,12.616774560952);
#9614 = AXIS2_PLACEMENT_3D('',#9615,#9616,#9617);
#9615 = CARTESIAN_POINT('',(-67.20870776772,192.,46.829213316107));
#9616 = DIRECTION('',(0.863778900898,-0.,0.503871025524));
#9617 = DIRECTION('',(0.503871025524,0.,-0.863778900898));
#9618 = PLANE('',#9619);
#9619 = AXIS2_PLACEMENT_3D('',#9620,#9621,#9622);
#9620 = CARTESIAN_POINT('',(-41.,192.5,1.9));
#9621 = DIRECTION('',(0.863778900898,0.,0.503871025524));
#9622 = DIRECTION('',(0.,-1.,0.));
#9623 = ADVANCED_FACE('',(#9624),#9638,.F.);
#9624 = FACE_BOUND('',#9625,.T.);
#9625 = EDGE_LOOP('',(#9626,#9627,#9628,#9629,#9637));
#9626 = ORIENTED_EDGE('',*,*,#9572,.F.);
#9627 = ORIENTED_EDGE('',*,*,#6203,.F.);
#9628 = ORIENTED_EDGE('',*,*,#9586,.T.);
#9629 = ORIENTED_EDGE('',*,*,#9630,.F.);
#9630 = EDGE_CURVE('',#6448,#9587,#9631,.T.);
#9631 = B_SPLINE_CURVE_WITH_KNOTS('',4,(#9632,#9633,#9634,#9635,#9636),
  .UNSPECIFIED.,.F.,.F.,(5,5),(0.,1.),.PIECEWISE_BEZIER_KNOTS.);
#9632 = CARTESIAN_POINT('',(-41.28006182485,193.1275,2.499999999999));
#9633 = CARTESIAN_POINT('',(-41.32731457202,192.97434278308,
    2.521208664616));
#9634 = CARTESIAN_POINT('',(-41.36333832177,192.81790896173,
    2.542884588083));
#9635 = CARTESIAN_POINT('',(-41.38783721366,192.65939249457,
    2.564863794851));
#9636 = CARTESIAN_POINT('',(-41.40073792018,192.5,2.586979291744));
#9637 = ORIENTED_EDGE('',*,*,#6456,.F.);
#9638 = CONICAL_SURFACE('',#9639,3.2,0.528074448426);
#9639 = AXIS2_PLACEMENT_3D('',#9640,#9641,#9642);
#9640 = CARTESIAN_POINT('',(-38.5,192.5,3.1));
#9641 = DIRECTION('',(0.,0.,1.));
#9642 = DIRECTION('',(1.,0.,0.));
#9643 = ADVANCED_FACE('',(#9644),#9658,.F.);
#9644 = FACE_BOUND('',#9645,.F.);
#9645 = EDGE_LOOP('',(#9646,#9651,#9652,#9657));
#9646 = ORIENTED_EDGE('',*,*,#9647,.F.);
#9647 = EDGE_CURVE('',#6350,#9481,#9648,.T.);
#9648 = B_SPLINE_CURVE_WITH_KNOTS('',1,(#9649,#9650),.UNSPECIFIED.,.F.,
  .F.,(2,2),(0.,1.),.PIECEWISE_BEZIER_KNOTS.);
#9649 = CARTESIAN_POINT('',(51.5,128.,2.5));
#9650 = CARTESIAN_POINT('',(51.175296203401,128.,3.));
#9651 = ORIENTED_EDGE('',*,*,#6357,.T.);
#9652 = ORIENTED_EDGE('',*,*,#9653,.T.);
#9653 = EDGE_CURVE('',#6332,#9472,#9654,.T.);
#9654 = B_SPLINE_CURVE_WITH_KNOTS('',1,(#9655,#9656),.UNSPECIFIED.,.F.,
  .F.,(2,2),(0.,1.),.PIECEWISE_BEZIER_KNOTS.);
#9655 = CARTESIAN_POINT('',(51.5,192.,2.5));
#9656 = CARTESIAN_POINT('',(51.175296203401,192.,3.));
#9657 = ORIENTED_EDGE('',*,*,#9480,.T.);
#9658 = PLANE('',#9659);
#9659 = AXIS2_PLACEMENT_3D('',#9660,#9661,#9662);
#9660 = CARTESIAN_POINT('',(51.175296203401,128.,3.));
#9661 = DIRECTION('',(0.838670567945,0.,0.544639035015));
#9662 = DIRECTION('',(0.,1.,0.));
#9663 = ADVANCED_FACE('',(#9664),#9670,.F.);
#9664 = FACE_BOUND('',#9665,.F.);
#9665 = EDGE_LOOP('',(#9666,#9667,#9668,#9669));
#9666 = ORIENTED_EDGE('',*,*,#9653,.F.);
#9667 = ORIENTED_EDGE('',*,*,#6398,.T.);
#9668 = ORIENTED_EDGE('',*,*,#9527,.F.);
#9669 = ORIENTED_EDGE('',*,*,#9471,.T.);
#9670 = CONICAL_SURFACE('',#9671,3.,0.575958653158);
#9671 = AXIS2_PLACEMENT_3D('',#9672,#9673,#9674);
#9672 = CARTESIAN_POINT('',(48.5,192.,2.5));
#9673 = DIRECTION('',(-0.,-0.,-1.));
#9674 = DIRECTION('',(1.,0.,0.));
#9675 = ADVANCED_FACE('',(#9676),#9686,.F.);
#9676 = FACE_BOUND('',#9677,.F.);
#9677 = EDGE_LOOP('',(#9678,#9679,#9680,#9685));
#9678 = ORIENTED_EDGE('',*,*,#9630,.F.);
#9679 = ORIENTED_EDGE('',*,*,#6447,.T.);
#9680 = ORIENTED_EDGE('',*,*,#9681,.T.);
#9681 = EDGE_CURVE('',#6440,#9605,#9682,.T.);
#9682 = B_SPLINE_CURVE_WITH_KNOTS('',1,(#9683,#9684),.UNSPECIFIED.,.F.,
  .F.,(2,2),(0.,1.),.PIECEWISE_BEZIER_KNOTS.);
#9683 = CARTESIAN_POINT('',(-41.5,192.,2.5));
#9684 = CARTESIAN_POINT('',(-41.1752962034,192.,3.));
#9685 = ORIENTED_EDGE('',*,*,#9612,.T.);
#9686 = CONICAL_SURFACE('',#9687,3.,0.575958653158);
#9687 = AXIS2_PLACEMENT_3D('',#9688,#9689,#9690);
#9688 = CARTESIAN_POINT('',(-38.5,192.,2.5));
#9689 = DIRECTION('',(-0.,-0.,-1.));
#9690 = DIRECTION('',(1.,0.,0.));
#9691 = ADVANCED_FACE('',(#9692),#9702,.F.);
#9692 = FACE_BOUND('',#9693,.F.);
#9693 = EDGE_LOOP('',(#9694,#9695,#9696,#9701));
#9694 = ORIENTED_EDGE('',*,*,#9681,.F.);
#9695 = ORIENTED_EDGE('',*,*,#6483,.T.);
#9696 = ORIENTED_EDGE('',*,*,#9697,.T.);
#9697 = EDGE_CURVE('',#6484,#9596,#9698,.T.);
#9698 = B_SPLINE_CURVE_WITH_KNOTS('',1,(#9699,#9700),.UNSPECIFIED.,.F.,
  .F.,(2,2),(0.,1.),.PIECEWISE_BEZIER_KNOTS.);
#9699 = CARTESIAN_POINT('',(-41.5,128.,2.5));
#9700 = CARTESIAN_POINT('',(-41.1752962034,128.,3.));
#9701 = ORIENTED_EDGE('',*,*,#9604,.T.);
#9702 = PLANE('',#9703);
#9703 = AXIS2_PLACEMENT_3D('',#9704,#9705,#9706);
#9704 = CARTESIAN_POINT('',(-41.1752962034,192.,3.));
#9705 = DIRECTION('',(-0.838670567945,0.,0.544639035015));
#9706 = DIRECTION('',(0.,-1.,0.));
#9707 = ADVANCED_FACE('',(#9708),#9714,.F.);
#9708 = FACE_BOUND('',#9709,.F.);
#9709 = EDGE_LOOP('',(#9710,#9711,#9712,#9713));
#9710 = ORIENTED_EDGE('',*,*,#9697,.F.);
#9711 = ORIENTED_EDGE('',*,*,#6534,.T.);
#9712 = ORIENTED_EDGE('',*,*,#9554,.F.);
#9713 = ORIENTED_EDGE('',*,*,#9595,.T.);
#9714 = CONICAL_SURFACE('',#9715,3.,0.575958653158);
#9715 = AXIS2_PLACEMENT_3D('',#9716,#9717,#9718);
#9716 = CARTESIAN_POINT('',(-38.5,128.,2.5));
#9717 = DIRECTION('',(-0.,-0.,-1.));
#9718 = DIRECTION('',(1.,0.,0.));
#9719 = ADVANCED_FACE('',(#9720),#9726,.F.);
#9720 = FACE_BOUND('',#9721,.F.);
#9721 = EDGE_LOOP('',(#9722,#9723,#9724,#9725));
#9722 = ORIENTED_EDGE('',*,*,#9442,.F.);
#9723 = ORIENTED_EDGE('',*,*,#6576,.T.);
#9724 = ORIENTED_EDGE('',*,*,#9647,.T.);
#9725 = ORIENTED_EDGE('',*,*,#9488,.T.);
#9726 = CONICAL_SURFACE('',#9727,3.,0.575958653158);
#9727 = AXIS2_PLACEMENT_3D('',#9728,#9729,#9730);
#9728 = CARTESIAN_POINT('',(48.5,128.,2.5));
#9729 = DIRECTION('',(-0.,-0.,-1.));
#9730 = DIRECTION('',(1.,0.,0.));
#9731 = ADVANCED_FACE('',(#9732,#9743),#9768,.T.);
#9732 = FACE_BOUND('',#9733,.T.);
#9733 = EDGE_LOOP('',(#9734,#9740,#9741,#9742));
#9734 = ORIENTED_EDGE('',*,*,#9735,.F.);
#9735 = EDGE_CURVE('',#6791,#6618,#9736,.T.);
#9736 = LINE('',#9737,#9738);
#9737 = CARTESIAN_POINT('',(-50.02842787628,199.75,-17.));
#9738 = VECTOR('',#9739,1.);
#9739 = DIRECTION('',(0.,-1.,2.2E-16));
#9740 = ORIENTED_EDGE('',*,*,#6790,.T.);
#9741 = ORIENTED_EDGE('',*,*,#6650,.T.);
#9742 = ORIENTED_EDGE('',*,*,#6626,.F.);
#9743 = FACE_BOUND('',#9744,.T.);
#9744 = EDGE_LOOP('',(#9745,#9756,#9763));
#9745 = ORIENTED_EDGE('',*,*,#9746,.F.);
#9746 = EDGE_CURVE('',#9747,#9749,#9751,.T.);
#9747 = VERTEX_POINT('',#9748);
#9748 = CARTESIAN_POINT('',(-51.96853761553,137.76809940372,
    -10.65418697922));
#9749 = VERTEX_POINT('',#9750);
#9750 = CARTESIAN_POINT('',(-51.96853761553,130.23190059627,
    -10.65418697922));
#9751 = CIRCLE('',#9752,4.6);
#9752 = AXIS2_PLACEMENT_3D('',#9753,#9754,#9755);
#9753 = CARTESIAN_POINT('',(-52.73994620976,134.,-8.131023158867));
#9754 = DIRECTION('',(0.956304755963,-1.3E-16,0.292371704723));
#9755 = DIRECTION('',(0.292371704723,4.2E-16,-0.956304755963));
#9756 = ORIENTED_EDGE('',*,*,#9757,.F.);
#9757 = EDGE_CURVE('',#9758,#9747,#9760,.T.);
#9758 = VERTEX_POINT('',#9759);
#9759 = CARTESIAN_POINT('',(-50.3951674558,134.,-15.800448886));
#9760 = B_SPLINE_CURVE_WITH_KNOTS('',1,(#9761,#9762),.UNSPECIFIED.,.F.,
  .F.,(2,2),(0.,1.),.PIECEWISE_BEZIER_KNOTS.);
#9761 = CARTESIAN_POINT('',(-50.3951674558,134.,-15.800448886));
#9762 = CARTESIAN_POINT('',(-51.96853761553,137.76809940372,
    -10.65418697922));
#9763 = ORIENTED_EDGE('',*,*,#9764,.F.);
#9764 = EDGE_CURVE('',#9749,#9758,#9765,.T.);
#9765 = B_SPLINE_CURVE_WITH_KNOTS('',1,(#9766,#9767),.UNSPECIFIED.,.F.,
  .F.,(2,2),(0.,1.),.PIECEWISE_BEZIER_KNOTS.);
#9766 = CARTESIAN_POINT('',(-51.96853761553,130.23190059627,
    -10.65418697922));
#9767 = CARTESIAN_POINT('',(-50.3951674558,134.,-15.800448886));
#9768 = PLANE('',#9769);
#9769 = AXIS2_PLACEMENT_3D('',#9770,#9771,#9772);
#9770 = CARTESIAN_POINT('',(-55.22584946107,199.75,-2.683E-14));
#9771 = DIRECTION('',(0.956304755963,6.E-17,0.292371704723));
#9772 = DIRECTION('',(0.292371704723,-2.1E-16,-0.956304755963));
#9773 = ADVANCED_FACE('',(#9774,#9785),#9810,.T.);
#9774 = FACE_BOUND('',#9775,.T.);
#9775 = EDGE_LOOP('',(#9776,#9782,#9783,#9784));
#9776 = ORIENTED_EDGE('',*,*,#9777,.F.);
#9777 = EDGE_CURVE('',#6995,#6741,#9778,.T.);
#9778 = LINE('',#9779,#9780);
#9779 = CARTESIAN_POINT('',(-50.02842787628,119.75,-17.));
#9780 = VECTOR('',#9781,1.);
#9781 = DIRECTION('',(0.,-1.,2.2E-16));
#9782 = ORIENTED_EDGE('',*,*,#6994,.T.);
#9783 = ORIENTED_EDGE('',*,*,#6968,.T.);
#9784 = ORIENTED_EDGE('',*,*,#6748,.T.);
#9785 = FACE_BOUND('',#9786,.T.);
#9786 = EDGE_LOOP('',(#9787,#9798,#9805));
#9787 = ORIENTED_EDGE('',*,*,#9788,.F.);
#9788 = EDGE_CURVE('',#9789,#9791,#9793,.T.);
#9789 = VERTEX_POINT('',#9790);
#9790 = CARTESIAN_POINT('',(-51.96853761553,109.76809940372,
    -10.65418697922));
#9791 = VERTEX_POINT('',#9792);
#9792 = CARTESIAN_POINT('',(-51.96853761553,102.23190059627,
    -10.65418697922));
#9793 = CIRCLE('',#9794,4.6);
#9794 = AXIS2_PLACEMENT_3D('',#9795,#9796,#9797);
#9795 = CARTESIAN_POINT('',(-52.73994620976,106.,-8.131023158867));
#9796 = DIRECTION('',(0.956304755963,-0.,0.292371704723));
#9797 = DIRECTION('',(0.292371704723,0.,-0.956304755963));
#9798 = ORIENTED_EDGE('',*,*,#9799,.T.);
#9799 = EDGE_CURVE('',#9789,#9800,#9802,.T.);
#9800 = VERTEX_POINT('',#9801);
#9801 = CARTESIAN_POINT('',(-50.3951674558,106.,-15.800448886));
#9802 = B_SPLINE_CURVE_WITH_KNOTS('',1,(#9803,#9804),.UNSPECIFIED.,.F.,
  .F.,(2,2),(0.,1.),.PIECEWISE_BEZIER_KNOTS.);
#9803 = CARTESIAN_POINT('',(-51.96853761553,109.76809940372,
    -10.65418697922));
#9804 = CARTESIAN_POINT('',(-50.3951674558,106.,-15.800448886));
#9805 = ORIENTED_EDGE('',*,*,#9806,.T.);
#9806 = EDGE_CURVE('',#9800,#9791,#9807,.T.);
#9807 = B_SPLINE_CURVE_WITH_KNOTS('',1,(#9808,#9809),.UNSPECIFIED.,.F.,
  .F.,(2,2),(0.,1.),.PIECEWISE_BEZIER_KNOTS.);
#9808 = CARTESIAN_POINT('',(-50.3951674558,106.,-15.800448886));
#9809 = CARTESIAN_POINT('',(-51.96853761553,102.23190059627,
    -10.65418697922));
#9810 = PLANE('',#9811);
#9811 = AXIS2_PLACEMENT_3D('',#9812,#9813,#9814);
#9812 = CARTESIAN_POINT('',(-55.22584946107,119.75,-1.783E-14));
#9813 = DIRECTION('',(0.956304755963,6.E-17,0.292371704723));
#9814 = DIRECTION('',(0.292371704723,-2.1E-16,-0.956304755963));
#9815 = ADVANCED_FACE('',(#9816),#9822,.T.);
#9816 = FACE_BOUND('',#9817,.T.);
#9817 = EDGE_LOOP('',(#9818,#9819,#9820,#9821));
#9818 = ORIENTED_EDGE('',*,*,#8831,.F.);
#9819 = ORIENTED_EDGE('',*,*,#8787,.T.);
#9820 = ORIENTED_EDGE('',*,*,#9777,.T.);
#9821 = ORIENTED_EDGE('',*,*,#6740,.T.);
#9822 = PLANE('',#9823);
#9823 = AXIS2_PLACEMENT_3D('',#9824,#9825,#9826);
#9824 = CARTESIAN_POINT('',(-50.02842787628,119.75,-17.));
#9825 = DIRECTION('',(0.755060611109,-1.5E-16,-0.655654995826));
#9826 = DIRECTION('',(-0.655654995826,-1.7E-16,-0.755060611109));
#9827 = ADVANCED_FACE('',(#9828),#9834,.T.);
#9828 = FACE_BOUND('',#9829,.T.);
#9829 = EDGE_LOOP('',(#9830,#9831,#9832,#9833));
#9830 = ORIENTED_EDGE('',*,*,#8848,.F.);
#9831 = ORIENTED_EDGE('',*,*,#6798,.T.);
#9832 = ORIENTED_EDGE('',*,*,#9735,.T.);
#9833 = ORIENTED_EDGE('',*,*,#8938,.F.);
#9834 = PLANE('',#9835);
#9835 = AXIS2_PLACEMENT_3D('',#9836,#9837,#9838);
#9836 = CARTESIAN_POINT('',(-50.02842787628,199.75,-17.));
#9837 = DIRECTION('',(0.755060611109,-1.5E-16,-0.655654995826));
#9838 = DIRECTION('',(-0.655654995826,-1.7E-16,-0.755060611109));
#9839 = ADVANCED_FACE('',(#9840),#9854,.F.);
#9840 = FACE_BOUND('',#9841,.T.);
#9841 = EDGE_LOOP('',(#9842,#9847,#9848,#9853));
#9842 = ORIENTED_EDGE('',*,*,#9843,.F.);
#9843 = EDGE_CURVE('',#6823,#9749,#9844,.T.);
#9844 = B_SPLINE_CURVE_WITH_KNOTS('',1,(#9845,#9846),.UNSPECIFIED.,.F.,
  .F.,(2,2),(0.,1.),.PIECEWISE_BEZIER_KNOTS.);
#9845 = CARTESIAN_POINT('',(-54.666143079,132.19786550256,
    -10.03944577298));
#9846 = CARTESIAN_POINT('',(-51.63133693259,129.98615498298,-10.73102963
    ));
#9847 = ORIENTED_EDGE('',*,*,#6839,.T.);
#9848 = ORIENTED_EDGE('',*,*,#9849,.T.);
#9849 = EDGE_CURVE('',#6832,#9747,#9850,.T.);
#9850 = B_SPLINE_CURVE_WITH_KNOTS('',1,(#9851,#9852),.UNSPECIFIED.,.F.,
  .F.,(2,2),(0.,1.),.PIECEWISE_BEZIER_KNOTS.);
#9851 = CARTESIAN_POINT('',(-54.666143079,135.80213449743,
    -10.03944577298));
#9852 = CARTESIAN_POINT('',(-51.63133693259,138.01384501701,-10.73102963
    ));
#9853 = ORIENTED_EDGE('',*,*,#9746,.T.);
#9854 = CONICAL_SURFACE('',#9855,2.2,0.785398163397);
#9855 = AXIS2_PLACEMENT_3D('',#9856,#9857,#9858);
#9856 = CARTESIAN_POINT('',(-55.03507762407,134.,-8.832715250201));
#9857 = DIRECTION('',(0.956304755963,-1.3E-16,0.292371704723));
#9858 = DIRECTION('',(0.292371704723,4.2E-16,-0.956304755963));
#9859 = ADVANCED_FACE('',(#9860),#9870,.T.);
#9860 = FACE_BOUND('',#9861,.T.);
#9861 = EDGE_LOOP('',(#9862,#9867,#9868,#9869));
#9862 = ORIENTED_EDGE('',*,*,#9863,.F.);
#9863 = EDGE_CURVE('',#6857,#9758,#9864,.T.);
#9864 = B_SPLINE_CURVE_WITH_KNOTS('',1,(#9865,#9866),.UNSPECIFIED.,.F.,
  .F.,(2,2),(0.,1.),.PIECEWISE_BEZIER_KNOTS.);
#9865 = CARTESIAN_POINT('',(-53.91366169826,134.,-12.50070146752));
#9866 = CARTESIAN_POINT('',(-49.95535567549,134.,-16.21291731331));
#9867 = ORIENTED_EDGE('',*,*,#6856,.T.);
#9868 = ORIENTED_EDGE('',*,*,#9843,.T.);
#9869 = ORIENTED_EDGE('',*,*,#9764,.T.);
#9870 = B_SPLINE_SURFACE_WITH_KNOTS('',1,1,(
    (#9871,#9872)
    ,(#9873,#9874
    )),.UNSPECIFIED.,.F.,.F.,.F.,(2,2),(2,2),(0.,6.997925233036),(0.,1.)
  ,.PIECEWISE_BEZIER_KNOTS.);
#9871 = CARTESIAN_POINT('',(-53.91366169826,134.,-12.50070146752));
#9872 = CARTESIAN_POINT('',(-49.95535567549,134.,-16.21291731331));
#9873 = CARTESIAN_POINT('',(-54.666143079,132.19786550256,
    -10.03944577298));
#9874 = CARTESIAN_POINT('',(-51.63133693259,129.98615498298,-10.73102963
    ));
#9875 = ADVANCED_FACE('',(#9876),#9882,.T.);
#9876 = FACE_BOUND('',#9877,.T.);
#9877 = EDGE_LOOP('',(#9878,#9879,#9880,#9881));
#9878 = ORIENTED_EDGE('',*,*,#9849,.F.);
#9879 = ORIENTED_EDGE('',*,*,#6880,.T.);
#9880 = ORIENTED_EDGE('',*,*,#9863,.T.);
#9881 = ORIENTED_EDGE('',*,*,#9757,.T.);
#9882 = B_SPLINE_SURFACE_WITH_KNOTS('',1,1,(
    (#9883,#9884)
    ,(#9885,#9886
    )),.UNSPECIFIED.,.F.,.F.,.F.,(2,2),(2,2),(0.,6.997925233036),(0.,1.)
  ,.PIECEWISE_BEZIER_KNOTS.);
#9883 = CARTESIAN_POINT('',(-54.666143079,135.80213449743,
    -10.03944577298));
#9884 = CARTESIAN_POINT('',(-51.63133693259,138.01384501701,-10.73102963
    ));
#9885 = CARTESIAN_POINT('',(-53.91366169826,134.,-12.50070146752));
#9886 = CARTESIAN_POINT('',(-49.95535567549,134.,-16.21291731331));
#9887 = ADVANCED_FACE('',(#9888),#9902,.F.);
#9888 = FACE_BOUND('',#9889,.F.);
#9889 = EDGE_LOOP('',(#9890,#9895,#9896,#9901));
#9890 = ORIENTED_EDGE('',*,*,#9891,.F.);
#9891 = EDGE_CURVE('',#6905,#9789,#9892,.T.);
#9892 = B_SPLINE_CURVE_WITH_KNOTS('',1,(#9893,#9894),.UNSPECIFIED.,.F.,
  .F.,(2,2),(0.,1.),.PIECEWISE_BEZIER_KNOTS.);
#9893 = CARTESIAN_POINT('',(-54.666143079,107.80213449743,
    -10.03944577298));
#9894 = CARTESIAN_POINT('',(-51.63133693259,110.01384501701,-10.73102963
    ));
#9895 = ORIENTED_EDGE('',*,*,#6912,.T.);
#9896 = ORIENTED_EDGE('',*,*,#9897,.T.);
#9897 = EDGE_CURVE('',#6896,#9791,#9898,.T.);
#9898 = B_SPLINE_CURVE_WITH_KNOTS('',1,(#9899,#9900),.UNSPECIFIED.,.F.,
  .F.,(2,2),(0.,1.),.PIECEWISE_BEZIER_KNOTS.);
#9899 = CARTESIAN_POINT('',(-54.666143079,104.19786550256,
    -10.03944577298));
#9900 = CARTESIAN_POINT('',(-51.63133693259,101.98615498298,-10.73102963
    ));
#9901 = ORIENTED_EDGE('',*,*,#9788,.F.);
#9902 = CONICAL_SURFACE('',#9903,2.2,0.785398163397);
#9903 = AXIS2_PLACEMENT_3D('',#9904,#9905,#9906);
#9904 = CARTESIAN_POINT('',(-55.03507762407,106.,-8.832715250201));
#9905 = DIRECTION('',(0.956304755963,0.,0.292371704723));
#9906 = DIRECTION('',(0.292371704723,0.,-0.956304755963));
#9907 = ADVANCED_FACE('',(#9908),#9918,.F.);
#9908 = FACE_BOUND('',#9909,.F.);
#9909 = EDGE_LOOP('',(#9910,#9911,#9912,#9917));
#9910 = ORIENTED_EDGE('',*,*,#9897,.F.);
#9911 = ORIENTED_EDGE('',*,*,#6929,.T.);
#9912 = ORIENTED_EDGE('',*,*,#9913,.T.);
#9913 = EDGE_CURVE('',#6930,#9800,#9914,.T.);
#9914 = B_SPLINE_CURVE_WITH_KNOTS('',1,(#9915,#9916),.UNSPECIFIED.,.F.,
  .F.,(2,2),(0.,1.),.PIECEWISE_BEZIER_KNOTS.);
#9915 = CARTESIAN_POINT('',(-53.91366169826,106.,-12.50070146752));
#9916 = CARTESIAN_POINT('',(-49.95535567549,106.,-16.21291731331));
#9917 = ORIENTED_EDGE('',*,*,#9806,.T.);
#9918 = B_SPLINE_SURFACE_WITH_KNOTS('',1,1,(
    (#9919,#9920)
    ,(#9921,#9922
    )),.UNSPECIFIED.,.F.,.F.,.F.,(2,2),(2,2),(0.,6.997925233036),(0.,1.)
  ,.PIECEWISE_BEZIER_KNOTS.);
#9919 = CARTESIAN_POINT('',(-54.666143079,104.19786550256,
    -10.03944577298));
#9920 = CARTESIAN_POINT('',(-51.63133693259,101.98615498298,-10.73102963
    ));
#9921 = CARTESIAN_POINT('',(-53.91366169826,106.,-12.50070146752));
#9922 = CARTESIAN_POINT('',(-49.95535567549,106.,-16.21291731331));
#9923 = ADVANCED_FACE('',(#9924),#9930,.F.);
#9924 = FACE_BOUND('',#9925,.F.);
#9925 = EDGE_LOOP('',(#9926,#9927,#9928,#9929));
#9926 = ORIENTED_EDGE('',*,*,#9913,.F.);
#9927 = ORIENTED_EDGE('',*,*,#6953,.T.);
#9928 = ORIENTED_EDGE('',*,*,#9891,.T.);
#9929 = ORIENTED_EDGE('',*,*,#9799,.T.);
#9930 = B_SPLINE_SURFACE_WITH_KNOTS('',1,1,(
    (#9931,#9932)
    ,(#9933,#9934
    )),.UNSPECIFIED.,.F.,.F.,.F.,(2,2),(2,2),(0.,6.997925233036),(0.,1.)
  ,.PIECEWISE_BEZIER_KNOTS.);
#9931 = CARTESIAN_POINT('',(-53.91366169826,106.,-12.50070146752));
#9932 = CARTESIAN_POINT('',(-49.95535567549,106.,-16.21291731331));
#9933 = CARTESIAN_POINT('',(-54.666143079,107.80213449743,
    -10.03944577298));
#9934 = CARTESIAN_POINT('',(-51.63133693259,110.01384501701,-10.73102963
    ));
#9935 = ADVANCED_FACE('',(#9936),#9950,.F.);
#9936 = FACE_BOUND('',#9937,.F.);
#9937 = EDGE_LOOP('',(#9938,#9943,#9944,#9949));
#9938 = ORIENTED_EDGE('',*,*,#9939,.F.);
#9939 = EDGE_CURVE('',#7039,#9263,#9940,.T.);
#9940 = B_SPLINE_CURVE_WITH_KNOTS('',1,(#9941,#9942),.UNSPECIFIED.,.F.,
  .F.,(2,2),(0.,1.),.PIECEWISE_BEZIER_KNOTS.);
#9941 = CARTESIAN_POINT('',(51.5,48.,2.5));
#9942 = CARTESIAN_POINT('',(51.175296203401,48.,3.));
#9943 = ORIENTED_EDGE('',*,*,#7046,.T.);
#9944 = ORIENTED_EDGE('',*,*,#9945,.T.);
#9945 = EDGE_CURVE('',#7021,#9254,#9946,.T.);
#9946 = B_SPLINE_CURVE_WITH_KNOTS('',1,(#9947,#9948),.UNSPECIFIED.,.F.,
  .F.,(2,2),(0.,1.),.PIECEWISE_BEZIER_KNOTS.);
#9947 = CARTESIAN_POINT('',(51.5,112.,2.5));
#9948 = CARTESIAN_POINT('',(51.175296203401,112.,3.));
#9949 = ORIENTED_EDGE('',*,*,#9262,.T.);
#9950 = PLANE('',#9951);
#9951 = AXIS2_PLACEMENT_3D('',#9952,#9953,#9954);
#9952 = CARTESIAN_POINT('',(51.175296203401,48.,3.));
#9953 = DIRECTION('',(0.838670567945,0.,0.544639035015));
#9954 = DIRECTION('',(0.,1.,0.));
#9955 = ADVANCED_FACE('',(#9956),#9962,.F.);
#9956 = FACE_BOUND('',#9957,.F.);
#9957 = EDGE_LOOP('',(#9958,#9959,#9960,#9961));
#9958 = ORIENTED_EDGE('',*,*,#9945,.F.);
#9959 = ORIENTED_EDGE('',*,*,#7087,.T.);
#9960 = ORIENTED_EDGE('',*,*,#9309,.F.);
#9961 = ORIENTED_EDGE('',*,*,#9253,.T.);
#9962 = CONICAL_SURFACE('',#9963,3.,0.575958653158);
#9963 = AXIS2_PLACEMENT_3D('',#9964,#9965,#9966);
#9964 = CARTESIAN_POINT('',(48.5,112.,2.5));
#9965 = DIRECTION('',(-0.,-0.,-1.));
#9966 = DIRECTION('',(1.,0.,0.));
#9967 = ADVANCED_FACE('',(#9968),#9978,.F.);
#9968 = FACE_BOUND('',#9969,.F.);
#9969 = EDGE_LOOP('',(#9970,#9971,#9972,#9977));
#9970 = ORIENTED_EDGE('',*,*,#9412,.F.);
#9971 = ORIENTED_EDGE('',*,*,#7136,.T.);
#9972 = ORIENTED_EDGE('',*,*,#9973,.T.);
#9973 = EDGE_CURVE('',#7129,#9387,#9974,.T.);
#9974 = B_SPLINE_CURVE_WITH_KNOTS('',1,(#9975,#9976),.UNSPECIFIED.,.F.,
  .F.,(2,2),(0.,1.),.PIECEWISE_BEZIER_KNOTS.);
#9975 = CARTESIAN_POINT('',(-41.5,112.,2.5));
#9976 = CARTESIAN_POINT('',(-41.1752962034,112.,3.));
#9977 = ORIENTED_EDGE('',*,*,#9394,.T.);
#9978 = CONICAL_SURFACE('',#9979,3.,0.575958653158);
#9979 = AXIS2_PLACEMENT_3D('',#9980,#9981,#9982);
#9980 = CARTESIAN_POINT('',(-38.5,112.,2.5));
#9981 = DIRECTION('',(-0.,-0.,-1.));
#9982 = DIRECTION('',(1.,0.,0.));
#9983 = ADVANCED_FACE('',(#9984),#9994,.F.);
#9984 = FACE_BOUND('',#9985,.F.);
#9985 = EDGE_LOOP('',(#9986,#9987,#9988,#9993));
#9986 = ORIENTED_EDGE('',*,*,#9973,.F.);
#9987 = ORIENTED_EDGE('',*,*,#7172,.T.);
#9988 = ORIENTED_EDGE('',*,*,#9989,.T.);
#9989 = EDGE_CURVE('',#7173,#9378,#9990,.T.);
#9990 = B_SPLINE_CURVE_WITH_KNOTS('',1,(#9991,#9992),.UNSPECIFIED.,.F.,
  .F.,(2,2),(0.,1.),.PIECEWISE_BEZIER_KNOTS.);
#9991 = CARTESIAN_POINT('',(-41.5,48.,2.5));
#9992 = CARTESIAN_POINT('',(-41.1752962034,48.,3.));
#9993 = ORIENTED_EDGE('',*,*,#9386,.T.);
#9994 = PLANE('',#9995);
#9995 = AXIS2_PLACEMENT_3D('',#9996,#9997,#9998);
#9996 = CARTESIAN_POINT('',(-41.1752962034,112.,3.));
#9997 = DIRECTION('',(-0.838670567945,0.,0.544639035015));
#9998 = DIRECTION('',(0.,-1.,0.));
#9999 = ADVANCED_FACE('',(#10000),#10006,.F.);
#10000 = FACE_BOUND('',#10001,.F.);
#10001 = EDGE_LOOP('',(#10002,#10003,#10004,#10005));
#10002 = ORIENTED_EDGE('',*,*,#9989,.F.);
#10003 = ORIENTED_EDGE('',*,*,#7223,.T.);
#10004 = ORIENTED_EDGE('',*,*,#9336,.F.);
#10005 = ORIENTED_EDGE('',*,*,#9377,.T.);
#10006 = CONICAL_SURFACE('',#10007,3.,0.575958653158);
#10007 = AXIS2_PLACEMENT_3D('',#10008,#10009,#10010);
#10008 = CARTESIAN_POINT('',(-38.5,48.,2.5));
#10009 = DIRECTION('',(-0.,-0.,-1.));
#10010 = DIRECTION('',(1.,0.,0.));
#10011 = ADVANCED_FACE('',(#10012),#10018,.F.);
#10012 = FACE_BOUND('',#10013,.F.);
#10013 = EDGE_LOOP('',(#10014,#10015,#10016,#10017));
#10014 = ORIENTED_EDGE('',*,*,#9224,.F.);
#10015 = ORIENTED_EDGE('',*,*,#7265,.T.);
#10016 = ORIENTED_EDGE('',*,*,#9939,.T.);
#10017 = ORIENTED_EDGE('',*,*,#9270,.T.);
#10018 = CONICAL_SURFACE('',#10019,3.,0.575958653158);
#10019 = AXIS2_PLACEMENT_3D('',#10020,#10021,#10022);
#10020 = CARTESIAN_POINT('',(48.5,48.,2.5));
#10021 = DIRECTION('',(-0.,-0.,-1.));
#10022 = DIRECTION('',(1.,0.,0.));
#10023 = ADVANCED_FACE('',(#10024,#10035),#10060,.T.);
#10024 = FACE_BOUND('',#10025,.T.);
#10025 = EDGE_LOOP('',(#10026,#10032,#10033,#10034));
#10026 = ORIENTED_EDGE('',*,*,#10027,.F.);
#10027 = EDGE_CURVE('',#7480,#7307,#10028,.T.);
#10028 = LINE('',#10029,#10030);
#10029 = CARTESIAN_POINT('',(-50.02842787628,119.75,-17.));
#10030 = VECTOR('',#10031,1.);
#10031 = DIRECTION('',(0.,-1.,2.2E-16));
#10032 = ORIENTED_EDGE('',*,*,#7479,.T.);
#10033 = ORIENTED_EDGE('',*,*,#7339,.T.);
#10034 = ORIENTED_EDGE('',*,*,#7315,.F.);
#10035 = FACE_BOUND('',#10036,.T.);
#10036 = EDGE_LOOP('',(#10037,#10048,#10055));
#10037 = ORIENTED_EDGE('',*,*,#10038,.F.);
#10038 = EDGE_CURVE('',#10039,#10041,#10043,.T.);
#10039 = VERTEX_POINT('',#10040);
#10040 = CARTESIAN_POINT('',(-51.96853761553,57.768099403729,
    -10.65418697922));
#10041 = VERTEX_POINT('',#10042);
#10042 = CARTESIAN_POINT('',(-51.96853761553,50.231900596271,
    -10.65418697922));
#10043 = CIRCLE('',#10044,4.6);
#10044 = AXIS2_PLACEMENT_3D('',#10045,#10046,#10047);
#10045 = CARTESIAN_POINT('',(-52.73994620976,54.,-8.131023158867));
#10046 = DIRECTION('',(0.956304755963,-1.3E-16,0.292371704723));
#10047 = DIRECTION('',(0.292371704723,4.2E-16,-0.956304755963));
#10048 = ORIENTED_EDGE('',*,*,#10049,.F.);
#10049 = EDGE_CURVE('',#10050,#10039,#10052,.T.);
#10050 = VERTEX_POINT('',#10051);
#10051 = CARTESIAN_POINT('',(-50.3951674558,54.,-15.800448886));
#10052 = B_SPLINE_CURVE_WITH_KNOTS('',1,(#10053,#10054),.UNSPECIFIED.,
  .F.,.F.,(2,2),(0.,1.),.PIECEWISE_BEZIER_KNOTS.);
#10053 = CARTESIAN_POINT('',(-50.3951674558,54.,-15.800448886));
#10054 = CARTESIAN_POINT('',(-51.96853761553,57.768099403729,
    -10.65418697922));
#10055 = ORIENTED_EDGE('',*,*,#10056,.F.);
#10056 = EDGE_CURVE('',#10041,#10050,#10057,.T.);
#10057 = B_SPLINE_CURVE_WITH_KNOTS('',1,(#10058,#10059),.UNSPECIFIED.,
  .F.,.F.,(2,2),(0.,1.),.PIECEWISE_BEZIER_KNOTS.);
#10058 = CARTESIAN_POINT('',(-51.96853761553,50.231900596271,
    -10.65418697922));
#10059 = CARTESIAN_POINT('',(-50.3951674558,54.,-15.800448886));
#10060 = PLANE('',#10061);
#10061 = AXIS2_PLACEMENT_3D('',#10062,#10063,#10064);
#10062 = CARTESIAN_POINT('',(-55.22584946107,119.75,-1.783E-14));
#10063 = DIRECTION('',(0.956304755963,6.E-17,0.292371704723));
#10064 = DIRECTION('',(0.292371704723,-2.1E-16,-0.956304755963));
#10065 = ADVANCED_FACE('',(#10066),#10077,.T.);
#10066 = FACE_BOUND('',#10067,.T.);
#10067 = EDGE_LOOP('',(#10068,#10069,#10070,#10071));
#10068 = ORIENTED_EDGE('',*,*,#7610,.T.);
#10069 = ORIENTED_EDGE('',*,*,#7584,.T.);
#10070 = ORIENTED_EDGE('',*,*,#7437,.T.);
#10071 = ORIENTED_EDGE('',*,*,#10072,.F.);
#10072 = EDGE_CURVE('',#7611,#7430,#10073,.T.);
#10073 = LINE('',#10074,#10075);
#10074 = CARTESIAN_POINT('',(-50.02842787628,39.75,-17.));
#10075 = VECTOR('',#10076,1.);
#10076 = DIRECTION('',(0.,-1.,2.2E-16));
#10077 = PLANE('',#10078);
#10078 = AXIS2_PLACEMENT_3D('',#10079,#10080,#10081);
#10079 = CARTESIAN_POINT('',(-52.27592074242,23.575,-9.648782073746));
#10080 = DIRECTION('',(0.956304755963,2.3E-16,0.292371704723));
#10081 = DIRECTION('',(-0.292371704723,1.100691779487E-32,0.956304755963
    ));
#10082 = ADVANCED_FACE('',(#10083),#10089,.T.);
#10083 = FACE_BOUND('',#10084,.T.);
#10084 = EDGE_LOOP('',(#10085,#10086,#10087,#10088));
#10085 = ORIENTED_EDGE('',*,*,#8690,.F.);
#10086 = ORIENTED_EDGE('',*,*,#8621,.T.);
#10087 = ORIENTED_EDGE('',*,*,#10072,.T.);
#10088 = ORIENTED_EDGE('',*,*,#7429,.T.);
#10089 = PLANE('',#10090);
#10090 = AXIS2_PLACEMENT_3D('',#10091,#10092,#10093);
#10091 = CARTESIAN_POINT('',(-51.00081847383,23.575,-18.1198173483));
#10092 = DIRECTION('',(0.755060611109,-1.6E-16,-0.655654995826));
#10093 = DIRECTION('',(0.655654995826,2.373671634094E-33,0.755060611109)
  );
#10094 = ADVANCED_FACE('',(#10095),#10101,.T.);
#10095 = FACE_BOUND('',#10096,.T.);
#10096 = EDGE_LOOP('',(#10097,#10098,#10099,#10100));
#10097 = ORIENTED_EDGE('',*,*,#8707,.F.);
#10098 = ORIENTED_EDGE('',*,*,#7487,.T.);
#10099 = ORIENTED_EDGE('',*,*,#10027,.T.);
#10100 = ORIENTED_EDGE('',*,*,#8772,.F.);
#10101 = PLANE('',#10102);
#10102 = AXIS2_PLACEMENT_3D('',#10103,#10104,#10105);
#10103 = CARTESIAN_POINT('',(-50.02842787628,119.75,-17.));
#10104 = DIRECTION('',(0.755060611109,-1.5E-16,-0.655654995826));
#10105 = DIRECTION('',(-0.655654995826,-1.7E-16,-0.755060611109));
#10106 = ADVANCED_FACE('',(#10107),#10121,.F.);
#10107 = FACE_BOUND('',#10108,.T.);
#10108 = EDGE_LOOP('',(#10109,#10114,#10115,#10120));
#10109 = ORIENTED_EDGE('',*,*,#10110,.F.);
#10110 = EDGE_CURVE('',#7512,#10041,#10111,.T.);
#10111 = B_SPLINE_CURVE_WITH_KNOTS('',1,(#10112,#10113),.UNSPECIFIED.,
  .F.,.F.,(2,2),(0.,1.),.PIECEWISE_BEZIER_KNOTS.);
#10112 = CARTESIAN_POINT('',(-54.666143079,52.197865502564,
    -10.03944577298));
#10113 = CARTESIAN_POINT('',(-51.63133693259,49.986154982984,
    -10.73102963));
#10114 = ORIENTED_EDGE('',*,*,#7528,.T.);
#10115 = ORIENTED_EDGE('',*,*,#10116,.T.);
#10116 = EDGE_CURVE('',#7521,#10039,#10117,.T.);
#10117 = B_SPLINE_CURVE_WITH_KNOTS('',1,(#10118,#10119),.UNSPECIFIED.,
  .F.,.F.,(2,2),(0.,1.),.PIECEWISE_BEZIER_KNOTS.);
#10118 = CARTESIAN_POINT('',(-54.666143079,55.802134497436,
    -10.03944577298));
#10119 = CARTESIAN_POINT('',(-51.63133693259,58.013845017016,
    -10.73102963));
#10120 = ORIENTED_EDGE('',*,*,#10038,.T.);
#10121 = CONICAL_SURFACE('',#10122,2.2,0.785398163397);
#10122 = AXIS2_PLACEMENT_3D('',#10123,#10124,#10125);
#10123 = CARTESIAN_POINT('',(-55.03507762407,54.,-8.832715250201));
#10124 = DIRECTION('',(0.956304755963,-1.3E-16,0.292371704723));
#10125 = DIRECTION('',(0.292371704723,4.2E-16,-0.956304755963));
#10126 = ADVANCED_FACE('',(#10127),#10137,.T.);
#10127 = FACE_BOUND('',#10128,.T.);
#10128 = EDGE_LOOP('',(#10129,#10134,#10135,#10136));
#10129 = ORIENTED_EDGE('',*,*,#10130,.F.);
#10130 = EDGE_CURVE('',#7546,#10050,#10131,.T.);
#10131 = B_SPLINE_CURVE_WITH_KNOTS('',1,(#10132,#10133),.UNSPECIFIED.,
  .F.,.F.,(2,2),(0.,1.),.PIECEWISE_BEZIER_KNOTS.);
#10132 = CARTESIAN_POINT('',(-53.91366169826,54.,-12.50070146752));
#10133 = CARTESIAN_POINT('',(-49.95535567549,54.,-16.21291731331));
#10134 = ORIENTED_EDGE('',*,*,#7545,.T.);
#10135 = ORIENTED_EDGE('',*,*,#10110,.T.);
#10136 = ORIENTED_EDGE('',*,*,#10056,.T.);
#10137 = B_SPLINE_SURFACE_WITH_KNOTS('',1,1,(
    (#10138,#10139)
    ,(#10140,#10141
    )),.UNSPECIFIED.,.F.,.F.,.F.,(2,2),(2,2),(0.,6.997925233036),(0.,1.)
  ,.PIECEWISE_BEZIER_KNOTS.);
#10138 = CARTESIAN_POINT('',(-53.91366169826,54.,-12.50070146752));
#10139 = CARTESIAN_POINT('',(-49.95535567549,54.,-16.21291731331));
#10140 = CARTESIAN_POINT('',(-54.666143079,52.197865502564,
    -10.03944577298));
#10141 = CARTESIAN_POINT('',(-51.63133693259,49.986154982984,
    -10.73102963));
#10142 = ADVANCED_FACE('',(#10143),#10149,.T.);
#10143 = FACE_BOUND('',#10144,.T.);
#10144 = EDGE_LOOP('',(#10145,#10146,#10147,#10148));
#10145 = ORIENTED_EDGE('',*,*,#10116,.F.);
#10146 = ORIENTED_EDGE('',*,*,#7569,.T.);
#10147 = ORIENTED_EDGE('',*,*,#10130,.T.);
#10148 = ORIENTED_EDGE('',*,*,#10049,.T.);
#10149 = B_SPLINE_SURFACE_WITH_KNOTS('',1,1,(
    (#10150,#10151)
    ,(#10152,#10153
    )),.UNSPECIFIED.,.F.,.F.,.F.,(2,2),(2,2),(0.,6.997925233036),(0.,1.)
  ,.PIECEWISE_BEZIER_KNOTS.);
#10150 = CARTESIAN_POINT('',(-54.666143079,55.802134497436,
    -10.03944577298));
#10151 = CARTESIAN_POINT('',(-51.63133693259,58.013845017016,
    -10.73102963));
#10152 = CARTESIAN_POINT('',(-53.91366169826,54.,-12.50070146752));
#10153 = CARTESIAN_POINT('',(-49.95535567549,54.,-16.21291731331));
#10154 = ADVANCED_FACE('',(#10155),#10169,.F.);
#10155 = FACE_BOUND('',#10156,.F.);
#10156 = EDGE_LOOP('',(#10157,#10162,#10163,#10168));
#10157 = ORIENTED_EDGE('',*,*,#10158,.F.);
#10158 = EDGE_CURVE('',#7653,#9045,#10159,.T.);
#10159 = B_SPLINE_CURVE_WITH_KNOTS('',1,(#10160,#10161),.UNSPECIFIED.,
  .F.,.F.,(2,2),(0.,1.),.PIECEWISE_BEZIER_KNOTS.);
#10160 = CARTESIAN_POINT('',(51.5,-32.,2.5));
#10161 = CARTESIAN_POINT('',(51.175296203401,-32.,3.));
#10162 = ORIENTED_EDGE('',*,*,#7660,.T.);
#10163 = ORIENTED_EDGE('',*,*,#10164,.T.);
#10164 = EDGE_CURVE('',#7661,#9036,#10165,.T.);
#10165 = B_SPLINE_CURVE_WITH_KNOTS('',1,(#10166,#10167),.UNSPECIFIED.,
  .F.,.F.,(2,2),(0.,1.),.PIECEWISE_BEZIER_KNOTS.);
#10166 = CARTESIAN_POINT('',(51.5,32.,2.5));
#10167 = CARTESIAN_POINT('',(51.175296203401,32.,3.));
#10168 = ORIENTED_EDGE('',*,*,#9044,.T.);
#10169 = PLANE('',#10170);
#10170 = AXIS2_PLACEMENT_3D('',#10171,#10172,#10173);
#10171 = CARTESIAN_POINT('',(51.175296203401,-32.,3.));
#10172 = DIRECTION('',(0.838670567945,0.,0.544639035015));
#10173 = DIRECTION('',(0.,1.,0.));
#10174 = ADVANCED_FACE('',(#10175),#10181,.F.);
#10175 = FACE_BOUND('',#10176,.F.);
#10176 = EDGE_LOOP('',(#10177,#10178,#10179,#10180));
#10177 = ORIENTED_EDGE('',*,*,#10164,.F.);
#10178 = ORIENTED_EDGE('',*,*,#7682,.T.);
#10179 = ORIENTED_EDGE('',*,*,#9091,.F.);
#10180 = ORIENTED_EDGE('',*,*,#9035,.T.);
#10181 = CONICAL_SURFACE('',#10182,3.,0.575958653158);
#10182 = AXIS2_PLACEMENT_3D('',#10183,#10184,#10185);
#10183 = CARTESIAN_POINT('',(48.5,32.,2.5));
#10184 = DIRECTION('',(-0.,-0.,-1.));
#10185 = DIRECTION('',(1.,0.,0.));
#10186 = ADVANCED_FACE('',(#10187),#10197,.F.);
#10187 = FACE_BOUND('',#10188,.F.);
#10188 = EDGE_LOOP('',(#10189,#10190,#10191,#10196));
#10189 = ORIENTED_EDGE('',*,*,#9194,.F.);
#10190 = ORIENTED_EDGE('',*,*,#7779,.T.);
#10191 = ORIENTED_EDGE('',*,*,#10192,.T.);
#10192 = EDGE_CURVE('',#7772,#9169,#10193,.T.);
#10193 = B_SPLINE_CURVE_WITH_KNOTS('',1,(#10194,#10195),.UNSPECIFIED.,
  .F.,.F.,(2,2),(0.,1.),.PIECEWISE_BEZIER_KNOTS.);
#10194 = CARTESIAN_POINT('',(-41.5,32.,2.5));
#10195 = CARTESIAN_POINT('',(-41.1752962034,32.,3.));
#10196 = ORIENTED_EDGE('',*,*,#9176,.T.);
#10197 = CONICAL_SURFACE('',#10198,3.,0.575958653158);
#10198 = AXIS2_PLACEMENT_3D('',#10199,#10200,#10201);
#10199 = CARTESIAN_POINT('',(-38.5,32.,2.5));
#10200 = DIRECTION('',(-0.,-0.,-1.));
#10201 = DIRECTION('',(1.,0.,0.));
#10202 = ADVANCED_FACE('',(#10203),#10213,.F.);
#10203 = FACE_BOUND('',#10204,.F.);
#10204 = EDGE_LOOP('',(#10205,#10206,#10207,#10212));
#10205 = ORIENTED_EDGE('',*,*,#10192,.F.);
#10206 = ORIENTED_EDGE('',*,*,#7795,.T.);
#10207 = ORIENTED_EDGE('',*,*,#10208,.T.);
#10208 = EDGE_CURVE('',#7796,#9160,#10209,.T.);
#10209 = B_SPLINE_CURVE_WITH_KNOTS('',1,(#10210,#10211),.UNSPECIFIED.,
  .F.,.F.,(2,2),(0.,1.),.PIECEWISE_BEZIER_KNOTS.);
#10210 = CARTESIAN_POINT('',(-41.5,-32.,2.5));
#10211 = CARTESIAN_POINT('',(-41.1752962034,-32.,3.));
#10212 = ORIENTED_EDGE('',*,*,#9168,.T.);
#10213 = PLANE('',#10214);
#10214 = AXIS2_PLACEMENT_3D('',#10215,#10216,#10217);
#10215 = CARTESIAN_POINT('',(-41.1752962034,32.,3.));
#10216 = DIRECTION('',(-0.838670567945,0.,0.544639035015));
#10217 = DIRECTION('',(0.,-1.,0.));
#10218 = ADVANCED_FACE('',(#10219),#10225,.F.);
#10219 = FACE_BOUND('',#10220,.F.);
#10220 = EDGE_LOOP('',(#10221,#10222,#10223,#10224));
#10221 = ORIENTED_EDGE('',*,*,#10208,.F.);
#10222 = ORIENTED_EDGE('',*,*,#7818,.T.);
#10223 = ORIENTED_EDGE('',*,*,#9118,.F.);
#10224 = ORIENTED_EDGE('',*,*,#9159,.T.);
#10225 = CONICAL_SURFACE('',#10226,3.,0.575958653158);
#10226 = AXIS2_PLACEMENT_3D('',#10227,#10228,#10229);
#10227 = CARTESIAN_POINT('',(-38.5,-32.,2.5));
#10228 = DIRECTION('',(-0.,-0.,-1.));
#10229 = DIRECTION('',(1.,0.,0.));
#10230 = ADVANCED_FACE('',(#10231),#10237,.F.);
#10231 = FACE_BOUND('',#10232,.F.);
#10232 = EDGE_LOOP('',(#10233,#10234,#10235,#10236));
#10233 = ORIENTED_EDGE('',*,*,#9006,.F.);
#10234 = ORIENTED_EDGE('',*,*,#7912,.T.);
#10235 = ORIENTED_EDGE('',*,*,#10158,.T.);
#10236 = ORIENTED_EDGE('',*,*,#9052,.T.);
#10237 = CONICAL_SURFACE('',#10238,3.,0.575958653158);
#10238 = AXIS2_PLACEMENT_3D('',#10239,#10240,#10241);
#10239 = CARTESIAN_POINT('',(48.5,-32.,2.5));
#10240 = DIRECTION('',(-0.,-0.,-1.));
#10241 = DIRECTION('',(1.,0.,0.));
#10242 = ADVANCED_FACE('',(#10243,#10254),#10279,.T.);
#10243 = FACE_BOUND('',#10244,.T.);
#10244 = EDGE_LOOP('',(#10245,#10251,#10252,#10253));
#10245 = ORIENTED_EDGE('',*,*,#10246,.F.);
#10246 = EDGE_CURVE('',#8441,#7947,#10247,.T.);
#10247 = LINE('',#10248,#10249);
#10248 = CARTESIAN_POINT('',(-50.02842787628,39.75,-17.));
#10249 = VECTOR('',#10250,1.);
#10250 = DIRECTION('',(0.,-1.,2.2E-16));
#10251 = ORIENTED_EDGE('',*,*,#8440,.T.);
#10252 = ORIENTED_EDGE('',*,*,#7980,.T.);
#10253 = ORIENTED_EDGE('',*,*,#7955,.F.);
#10254 = FACE_BOUND('',#10255,.T.);
#10255 = EDGE_LOOP('',(#10256,#10267,#10274));
#10256 = ORIENTED_EDGE('',*,*,#10257,.F.);
#10257 = EDGE_CURVE('',#10258,#10260,#10262,.T.);
#10258 = VERTEX_POINT('',#10259);
#10259 = CARTESIAN_POINT('',(-51.96853761553,-22.23190059627,
    -10.65418697922));
#10260 = VERTEX_POINT('',#10261);
#10261 = CARTESIAN_POINT('',(-51.96853761553,-29.76809940372,
    -10.65418697922));
#10262 = CIRCLE('',#10263,4.6);
#10263 = AXIS2_PLACEMENT_3D('',#10264,#10265,#10266);
#10264 = CARTESIAN_POINT('',(-52.73994620976,-26.,-8.131023158867));
#10265 = DIRECTION('',(0.956304755963,-1.3E-16,0.292371704723));
#10266 = DIRECTION('',(0.292371704723,4.2E-16,-0.956304755963));
#10267 = ORIENTED_EDGE('',*,*,#10268,.F.);
#10268 = EDGE_CURVE('',#10269,#10258,#10271,.T.);
#10269 = VERTEX_POINT('',#10270);
#10270 = CARTESIAN_POINT('',(-50.3951674558,-26.,-15.800448886));
#10271 = B_SPLINE_CURVE_WITH_KNOTS('',1,(#10272,#10273),.UNSPECIFIED.,
  .F.,.F.,(2,2),(0.,1.),.PIECEWISE_BEZIER_KNOTS.);
#10272 = CARTESIAN_POINT('',(-50.3951674558,-26.,-15.800448886));
#10273 = CARTESIAN_POINT('',(-51.96853761553,-22.23190059627,
    -10.65418697922));
#10274 = ORIENTED_EDGE('',*,*,#10275,.F.);
#10275 = EDGE_CURVE('',#10260,#10269,#10276,.T.);
#10276 = B_SPLINE_CURVE_WITH_KNOTS('',1,(#10277,#10278),.UNSPECIFIED.,
  .F.,.F.,(2,2),(0.,1.),.PIECEWISE_BEZIER_KNOTS.);
#10277 = CARTESIAN_POINT('',(-51.96853761553,-29.76809940372,
    -10.65418697922));
#10278 = CARTESIAN_POINT('',(-50.3951674558,-26.,-15.800448886));
#10279 = PLANE('',#10280);
#10280 = AXIS2_PLACEMENT_3D('',#10281,#10282,#10283);
#10281 = CARTESIAN_POINT('',(-55.22584946107,39.75,-8.83E-15));
#10282 = DIRECTION('',(0.956304755963,6.E-17,0.292371704723));
#10283 = DIRECTION('',(0.292371704723,-2.1E-16,-0.956304755963));
#10284 = ADVANCED_FACE('',(#10285),#10311,.F.);
#10285 = FACE_BOUND('',#10286,.T.);
#10286 = EDGE_LOOP('',(#10287,#10295,#10296,#10304));
#10287 = ORIENTED_EDGE('',*,*,#10288,.F.);
#10288 = EDGE_CURVE('',#8057,#10289,#10291,.T.);
#10289 = VERTEX_POINT('',#10290);
#10290 = CARTESIAN_POINT('',(-54.666143079,-27.80213449743,
    -10.03944577298));
#10291 = LINE('',#10292,#10293);
#10292 = CARTESIAN_POINT('',(-59.06514495643,-27.80213449743,
    -11.3843556147));
#10293 = VECTOR('',#10294,1.);
#10294 = DIRECTION('',(0.956304755963,0.,0.292371704723));
#10295 = ORIENTED_EDGE('',*,*,#8056,.T.);
#10296 = ORIENTED_EDGE('',*,*,#10297,.T.);
#10297 = EDGE_CURVE('',#8059,#10298,#10300,.T.);
#10298 = VERTEX_POINT('',#10299);
#10299 = CARTESIAN_POINT('',(-54.666143079,-24.19786550256,
    -10.03944577298));
#10300 = LINE('',#10301,#10302);
#10301 = CARTESIAN_POINT('',(-59.06514495643,-24.19786550256,
    -11.3843556147));
#10302 = VECTOR('',#10303,1.);
#10303 = DIRECTION('',(0.956304755963,0.,0.292371704723));
#10304 = ORIENTED_EDGE('',*,*,#10305,.F.);
#10305 = EDGE_CURVE('',#10289,#10298,#10306,.T.);
#10306 = CIRCLE('',#10307,2.2);
#10307 = AXIS2_PLACEMENT_3D('',#10308,#10309,#10310);
#10308 = CARTESIAN_POINT('',(-55.03507762407,-26.,-8.832715250201));
#10309 = DIRECTION('',(-0.956304755963,1.3E-16,-0.292371704723));
#10310 = DIRECTION('',(0.292371704723,4.2E-16,-0.956304755963));
#10311 = CYLINDRICAL_SURFACE('',#10312,2.2);
#10312 = AXIS2_PLACEMENT_3D('',#10313,#10314,#10315);
#10313 = CARTESIAN_POINT('',(-59.4340795015,-26.,-10.17762509192));
#10314 = DIRECTION('',(-0.956304755963,0.,-0.292371704723));
#10315 = DIRECTION('',(0.292371704723,0.,-0.956304755963));
#10316 = ADVANCED_FACE('',(#10317),#10335,.T.);
#10317 = FACE_BOUND('',#10318,.T.);
#10318 = EDGE_LOOP('',(#10319,#10320,#10321,#10329));
#10319 = ORIENTED_EDGE('',*,*,#8067,.F.);
#10320 = ORIENTED_EDGE('',*,*,#10288,.T.);
#10321 = ORIENTED_EDGE('',*,*,#10322,.F.);
#10322 = EDGE_CURVE('',#10323,#10289,#10325,.T.);
#10323 = VERTEX_POINT('',#10324);
#10324 = CARTESIAN_POINT('',(-53.91366169826,-26.,-12.50070146752));
#10325 = LINE('',#10326,#10327);
#10326 = CARTESIAN_POINT('',(-53.91366169826,-26.,-12.50070146752));
#10327 = VECTOR('',#10328,1.);
#10328 = DIRECTION('',(-0.239496879616,-0.573576436351,0.78335899581));
#10329 = ORIENTED_EDGE('',*,*,#10330,.F.);
#10330 = EDGE_CURVE('',#8068,#10323,#10331,.T.);
#10331 = LINE('',#10332,#10333);
#10332 = CARTESIAN_POINT('',(-58.31266357569,-26.,-13.84561130925));
#10333 = VECTOR('',#10334,1.);
#10334 = DIRECTION('',(0.956304755963,0.,0.292371704723));
#10335 = PLANE('',#10336);
#10336 = AXIS2_PLACEMENT_3D('',#10337,#10338,#10339);
#10337 = CARTESIAN_POINT('',(-59.06514495643,-27.80213449743,
    -11.3843556147));
#10338 = DIRECTION('',(-0.167697520485,0.819152044289,0.548513873991));
#10339 = DIRECTION('',(0.239496879616,0.573576436351,-0.78335899581));
#10340 = ADVANCED_FACE('',(#10341),#10352,.T.);
#10341 = FACE_BOUND('',#10342,.T.);
#10342 = EDGE_LOOP('',(#10343,#10344,#10345,#10351));
#10343 = ORIENTED_EDGE('',*,*,#8075,.F.);
#10344 = ORIENTED_EDGE('',*,*,#10330,.T.);
#10345 = ORIENTED_EDGE('',*,*,#10346,.F.);
#10346 = EDGE_CURVE('',#10298,#10323,#10347,.T.);
#10347 = LINE('',#10348,#10349);
#10348 = CARTESIAN_POINT('',(-54.666143079,-24.19786550256,
    -10.03944577298));
#10349 = VECTOR('',#10350,1.);
#10350 = DIRECTION('',(0.239496879616,-0.573576436351,-0.78335899581));
#10351 = ORIENTED_EDGE('',*,*,#10297,.F.);
#10352 = PLANE('',#10353);
#10353 = AXIS2_PLACEMENT_3D('',#10354,#10355,#10356);
#10354 = CARTESIAN_POINT('',(-58.31266357569,-26.,-13.84561130925));
#10355 = DIRECTION('',(-0.167697520485,-0.819152044289,0.548513873991));
#10356 = DIRECTION('',(-0.239496879616,0.573576436351,0.78335899581));
#10357 = ADVANCED_FACE('',(#10358),#10364,.T.);
#10358 = FACE_BOUND('',#10359,.T.);
#10359 = EDGE_LOOP('',(#10360,#10361,#10362,#10363));
#10360 = ORIENTED_EDGE('',*,*,#8516,.F.);
#10361 = ORIENTED_EDGE('',*,*,#8448,.T.);
#10362 = ORIENTED_EDGE('',*,*,#10246,.T.);
#10363 = ORIENTED_EDGE('',*,*,#8591,.F.);
#10364 = PLANE('',#10365);
#10365 = AXIS2_PLACEMENT_3D('',#10366,#10367,#10368);
#10366 = CARTESIAN_POINT('',(-50.02842787628,39.75,-17.));
#10367 = DIRECTION('',(0.755060611109,-1.5E-16,-0.655654995826));
#10368 = DIRECTION('',(-0.655654995826,-1.7E-16,-0.755060611109));
#10369 = ADVANCED_FACE('',(#10370),#10384,.F.);
#10370 = FACE_BOUND('',#10371,.T.);
#10371 = EDGE_LOOP('',(#10372,#10377,#10378,#10383));
#10372 = ORIENTED_EDGE('',*,*,#10373,.F.);
#10373 = EDGE_CURVE('',#10289,#10260,#10374,.T.);
#10374 = B_SPLINE_CURVE_WITH_KNOTS('',1,(#10375,#10376),.UNSPECIFIED.,
  .F.,.F.,(2,2),(0.,1.),.PIECEWISE_BEZIER_KNOTS.);
#10375 = CARTESIAN_POINT('',(-54.666143079,-27.80213449743,
    -10.03944577298));
#10376 = CARTESIAN_POINT('',(-51.63133693259,-30.01384501701,
    -10.73102963));
#10377 = ORIENTED_EDGE('',*,*,#10305,.T.);
#10378 = ORIENTED_EDGE('',*,*,#10379,.T.);
#10379 = EDGE_CURVE('',#10298,#10258,#10380,.T.);
#10380 = B_SPLINE_CURVE_WITH_KNOTS('',1,(#10381,#10382),.UNSPECIFIED.,
  .F.,.F.,(2,2),(0.,1.),.PIECEWISE_BEZIER_KNOTS.);
#10381 = CARTESIAN_POINT('',(-54.666143079,-24.19786550256,
    -10.03944577298));
#10382 = CARTESIAN_POINT('',(-51.63133693259,-21.98615498298,
    -10.73102963));
#10383 = ORIENTED_EDGE('',*,*,#10257,.T.);
#10384 = CONICAL_SURFACE('',#10385,2.2,0.785398163397);
#10385 = AXIS2_PLACEMENT_3D('',#10386,#10387,#10388);
#10386 = CARTESIAN_POINT('',(-55.03507762407,-26.,-8.832715250201));
#10387 = DIRECTION('',(0.956304755963,-1.3E-16,0.292371704723));
#10388 = DIRECTION('',(0.292371704723,4.2E-16,-0.956304755963));
#10389 = ADVANCED_FACE('',(#10390),#10400,.T.);
#10390 = FACE_BOUND('',#10391,.T.);
#10391 = EDGE_LOOP('',(#10392,#10393,#10394,#10399));
#10392 = ORIENTED_EDGE('',*,*,#10379,.F.);
#10393 = ORIENTED_EDGE('',*,*,#10346,.T.);
#10394 = ORIENTED_EDGE('',*,*,#10395,.T.);
#10395 = EDGE_CURVE('',#10323,#10269,#10396,.T.);
#10396 = B_SPLINE_CURVE_WITH_KNOTS('',1,(#10397,#10398),.UNSPECIFIED.,
  .F.,.F.,(2,2),(0.,1.),.PIECEWISE_BEZIER_KNOTS.);
#10397 = CARTESIAN_POINT('',(-53.91366169826,-26.,-12.50070146752));
#10398 = CARTESIAN_POINT('',(-49.95535567549,-26.,-16.21291731331));
#10399 = ORIENTED_EDGE('',*,*,#10268,.T.);
#10400 = B_SPLINE_SURFACE_WITH_KNOTS('',1,1,(
    (#10401,#10402)
    ,(#10403,#10404
    )),.UNSPECIFIED.,.F.,.F.,.F.,(2,2),(2,2),(0.,6.997925233036),(0.,1.)
  ,.PIECEWISE_BEZIER_KNOTS.);
#10401 = CARTESIAN_POINT('',(-54.666143079,-24.19786550256,
    -10.03944577298));
#10402 = CARTESIAN_POINT('',(-51.63133693259,-21.98615498298,
    -10.73102963));
#10403 = CARTESIAN_POINT('',(-53.91366169826,-26.,-12.50070146752));
#10404 = CARTESIAN_POINT('',(-49.95535567549,-26.,-16.21291731331));
#10405 = ADVANCED_FACE('',(#10406),#10412,.T.);
#10406 = FACE_BOUND('',#10407,.T.);
#10407 = EDGE_LOOP('',(#10408,#10409,#10410,#10411));
#10408 = ORIENTED_EDGE('',*,*,#10395,.F.);
#10409 = ORIENTED_EDGE('',*,*,#10322,.T.);
#10410 = ORIENTED_EDGE('',*,*,#10373,.T.);
#10411 = ORIENTED_EDGE('',*,*,#10275,.T.);
#10412 = B_SPLINE_SURFACE_WITH_KNOTS('',1,1,(
    (#10413,#10414)
    ,(#10415,#10416
    )),.UNSPECIFIED.,.F.,.F.,.F.,(2,2),(2,2),(0.,6.997925233036),(0.,1.)
  ,.PIECEWISE_BEZIER_KNOTS.);
#10413 = CARTESIAN_POINT('',(-53.91366169826,-26.,-12.50070146752));
#10414 = CARTESIAN_POINT('',(-49.95535567549,-26.,-16.21291731331));
#10415 = CARTESIAN_POINT('',(-54.666143079,-27.80213449743,
    -10.03944577298));
#10416 = CARTESIAN_POINT('',(-51.63133693259,-30.01384501701,
    -10.73102963));
#10417 = ( GEOMETRIC_REPRESENTATION_CONTEXT(3) 
GLOBAL_UNCERTAINTY_ASSIGNED_CONTEXT((#10421)) 
GLOBAL_UNIT_ASSIGNED_CONTEXT((#10418,#10419,#10420)) 
REPRESENTATION_CONTEXT('Context #1',
  '3D Context with UNIT and UNCERTAINTY') );
#10418 = ( LENGTH_UNIT() NAMED_UNIT(*) SI_UNIT(.MILLI.,.METRE.) );
#10419 = ( NAMED_UNIT(*) PLANE_ANGLE_UNIT() SI_UNIT($,.RADIAN.) );
#10420 = ( NAMED_UNIT(*) SI_UNIT($,.STERADIAN.) SOLID_ANGLE_UNIT() );
#10421 = UNCERTAINTY_MEASURE_WITH_UNIT(LENGTH_MEASURE(1.E-03),#10418,
  'distance_accuracy_value','confusion accuracy');
#10422 = PRODUCT_RELATED_PRODUCT_CATEGORY('part',$,(#7));
ENDSEC;
END-ISO-10303-21;
